0.106601,-33419.8,-0.488283,19.5057,1.82241,57118.7,-11334.9,-149.38,30.0377,-221023,-2913.76,581.107,52.6634
0.106611,-33419.8,-0.822437,19.5057,1.8226,57355.9,-11334.3,-149.493,30.0362,-220962,-2915.97,581.078,52.6692
0.106621,-33419.8,-1.15659,19.5057,1.8228,57593.1,-11333.8,-149.606,30.0347,-220900,-2918.18,581.049,52.675
0.106631,-33419.8,-1.49075,19.5057,1.82299,57830.3,-11333.2,-149.72,30.0332,-220839,-2920.38,581.02,52.6808
0.106641,-33419.8,-1.8249,19.5057,1.82319,58067.4,-11332.6,-149.833,30.0317,-220777,-2922.59,580.991,52.6866
0.106651,-33419.8,-2.15905,19.5057,1.82338,58304.4,-11332,-149.946,30.0302,-220715,-2924.8,580.961,52.6924
0.106661,-33419.8,-2.49321,19.5056,1.82358,58541.5,-11331.4,-150.059,30.0287,-220653,-2927.01,580.932,52.6982
0.106671,-33419.8,-2.82736,19.5056,1.82377,58778.5,-11330.9,-150.173,30.0272,-220591,-2929.21,580.903,52.704
0.106681,-33419.8,-3.16152,19.5056,1.82397,59015.4,-11330.3,-150.286,30.0257,-220528,-2931.42,580.874,52.7098
0.106691,-33419.8,-3.49567,19.5055,1.82416,59252.3,-11329.7,-150.399,30.0242,-220466,-2933.62,580.844,52.7157
0.106701,-33419.8,-3.82982,19.5055,1.82436,59489.2,-11329.1,-150.513,30.0227,-220403,-2935.82,580.815,52.7215
0.106711,-33419.8,-4.16398,19.5055,1.82455,59726,-11328.5,-150.626,30.0212,-220340,-2938.03,580.786,52.7273
0.106721,-33419.8,-4.49813,19.5054,1.82475,59962.8,-11327.9,-150.739,30.0197,-220277,-2940.23,580.756,52.7331
0.106731,-33419.8,-4.83229,19.5054,1.82494,60199.5,-11327.3,-150.852,30.0182,-220214,-2942.43,580.727,52.7389
0.106741,-33419.8,-5.16644,19.5053,1.82514,60436.2,-11326.7,-150.966,30.0166,-220151,-2944.63,580.697,52.7447
0.106751,-33419.8,-5.50059,19.5053,1.82533,60672.9,-11326.1,-151.079,30.0151,-220087,-2946.84,580.668,52.7505
0.106761,-33419.8,-5.83475,19.5052,1.82553,60909.5,-11325.5,-151.192,30.0136,-220024,-2949.04,580.638,52.7563
0.106771,-33419.8,-6.1689,19.5052,1.82572,61146,-11324.9,-151.305,30.0121,-219960,-2951.24,580.609,52.7621
0.106781,-33419.8,-6.50306,19.5051,1.82592,61382.6,-11324.3,-151.419,30.0106,-219896,-2953.43,580.579,52.7679
0.106791,-33419.8,-6.83721,19.505,1.82611,61619,-11323.6,-151.532,30.0091,-219832,-2955.63,580.55,52.7737
0.106801,-33419.8,-7.17136,19.505,1.82631,61855.5,-11323,-151.645,30.0076,-219768,-2957.83,580.52,52.7795
0.106811,-33419.8,-7.50552,19.5049,1.8265,62091.9,-11322.4,-151.758,30.006,-219703,-2960.03,580.491,52.7853
0.106821,-33419.8,-7.83967,19.5048,1.8267,62328.2,-11321.8,-151.871,30.0045,-219639,-2962.22,580.461,52.7911
0.106831,-33419.8,-8.17383,19.5047,1.82689,62564.5,-11321.2,-151.985,30.003,-219574,-2964.42,580.431,52.7969
0.106841,-33419.8,-8.50798,19.5046,1.82709,62800.8,-11320.5,-152.098,30.0015,-219509,-2966.62,580.402,52.8027
0.106851,-33419.8,-8.84213,19.5046,1.82728,63037,-11319.9,-152.211,30,-219444,-2968.81,580.372,52.8086
0.106861,-33419.8,-9.17629,19.5045,1.82748,63273.2,-11319.3,-152.324,29.9984,-219379,-2971,580.342,52.8144
0.106871,-33419.8,-9.51044,19.5044,1.82767,63509.4,-11318.6,-152.437,29.9969,-219313,-2973.2,580.313,52.8202
0.106881,-33419.8,-9.8446,19.5043,1.82787,63745.5,-11318,-152.551,29.9954,-219248,-2975.39,580.283,52.826
0.106891,-33419.8,-10.1788,19.5042,1.82806,63981.5,-11317.4,-152.664,29.9939,-219182,-2977.58,580.253,52.8318
0.106901,-33419.8,-10.5129,19.5041,1.82826,64217.5,-11316.7,-152.777,29.9923,-219116,-2979.77,580.223,52.8376
0.106911,-33419.8,-10.8471,19.504,1.82845,64453.5,-11316.1,-152.89,29.9908,-219050,-2981.96,580.194,52.8434
0.106921,-33419.8,-11.1812,19.5039,1.82865,64689.4,-11315.4,-153.003,29.9893,-218984,-2984.15,580.164,52.8492
0.106931,-33419.8,-11.5154,19.5037,1.82884,64925.3,-11314.8,-153.116,29.9878,-218917,-2986.34,580.134,52.855
0.106941,-33419.8,-11.8495,19.5036,1.82904,65161.1,-11314.1,-153.229,29.9862,-218851,-2988.53,580.104,52.8608
0.106951,-33419.8,-12.1837,19.5035,1.82923,65396.9,-11313.5,-153.343,29.9847,-218784,-2990.72,580.074,52.8666
0.106961,-33419.8,-12.5178,19.5034,1.82943,65632.7,-11312.8,-153.456,29.9832,-218717,-2992.91,580.044,52.8724
0.106971,-33419.8,-12.852,19.5033,1.82962,65868.4,-11312.2,-153.569,29.9816,-218650,-2995.09,580.014,52.8782
0.106981,-33419.8,-13.1861,19.5031,1.82982,66104,-11311.5,-153.682,29.9801,-218583,-2997.28,579.984,52.884
0.106991,-33419.8,-13.5203,19.503,1.83001,66339.6,-11310.8,-153.795,29.9785,-218516,-2999.46,579.954,52.8898
0.107001,-33419.8,-13.8544,19.5029,1.83021,66575.2,-11310.2,-153.908,29.977,-218448,-3001.65,579.924,52.8956
0.107011,-33419.8,-14.1886,19.5027,1.8304,66810.8,-11309.5,-154.021,29.9755,-218381,-3003.83,579.894,52.9014
0.107021,-33419.8,-14.5228,19.5026,1.8306,67046.2,-11308.8,-154.134,29.9739,-218313,-3006.02,579.864,52.9072
0.107031,-33419.8,-14.8569,19.5024,1.83079,67281.7,-11308.2,-154.247,29.9724,-218245,-3008.2,579.834,52.913
0.107041,-33419.8,-15.1911,19.5023,1.83099,67517.1,-11307.5,-154.36,29.9708,-218177,-3010.38,579.804,52.9188
0.107051,-33419.8,-15.5252,19.5021,1.83118,67752.4,-11306.8,-154.473,29.9693,-218109,-3012.56,579.774,52.9246
0.107061,-33419.8,-15.8594,19.502,1.83138,67987.7,-11306.1,-154.587,29.9678,-218040,-3014.74,579.744,52.9304
0.107071,-33419.8,-16.1935,19.5018,1.83157,68223,-11305.5,-154.7,29.9662,-217972,-3016.92,579.714,52.9362
0.107081,-33419.8,-16.5277,19.5016,1.83177,68458.2,-11304.8,-154.813,29.9647,-217903,-3019.1,579.684,52.942
0.107091,-33419.8,-16.8618,19.5015,1.83196,68693.4,-11304.1,-154.926,29.9631,-217834,-3021.28,579.653,52.9478
0.107101,-33419.8,-17.196,19.5013,1.83216,68928.5,-11303.4,-155.039,29.9616,-217765,-3023.46,579.623,52.9536
0.107111,-33419.8,-17.5301,19.5011,1.83235,69163.6,-11302.7,-155.152,29.96,-217696,-3025.63,579.593,52.9593
0.107121,-33419.8,-17.8643,19.501,1.83255,69398.6,-11302,-155.265,29.9585,-217627,-3027.81,579.563,52.9651
0.107131,-33419.8,-18.1984,19.5008,1.83274,69633.6,-11301.3,-155.378,29.9569,-217557,-3029.98,579.532,52.9709
0.107141,-33419.8,-18.5326,19.5006,1.83294,69868.6,-11300.6,-155.491,29.9553,-217487,-3032.16,579.502,52.9767
0.107151,-33419.8,-18.8668,19.5004,1.83313,70103.5,-11299.9,-155.604,29.9538,-217417,-3034.33,579.472,52.9825
0.107161,-33419.8,-19.2009,19.5002,1.83333,70338.3,-11299.2,-155.717,29.9522,-217347,-3036.51,579.441,52.9883
0.107171,-33419.8,-19.5351,19.5,1.83352,70573.1,-11298.5,-155.83,29.9507,-217277,-3038.68,579.411,52.9941
0.107181,-33419.8,-19.8692,19.4998,1.83372,70807.9,-11297.8,-155.943,29.9491,-217207,-3040.85,579.381,52.9999
0.107191,-33419.8,-20.2034,19.4996,1.83391,71042.6,-11297.1,-156.056,29.9476,-217136,-3043.02,579.35,53.0057
0.107201,-33419.8,-20.5375,19.4994,1.83411,71277.3,-11296.4,-156.168,29.946,-217066,-3045.19,579.32,53.0115
0.107211,-33419.8,-20.8717,19.4992,1.8343,71511.9,-11295.7,-156.281,29.9444,-216995,-3047.36,579.289,53.0173
0.107221,-33419.8,-21.2058,19.499,1.8345,71746.5,-11295,-156.394,29.9429,-216924,-3049.53,579.259,53.0231
0.107231,-33419.8,-21.54,19.4988,1.83469,71981.1,-11294.2,-156.507,29.9413,-216853,-3051.7,579.228,53.0289
0.107241,-33419.8,-21.8741,19.4986,1.83489,72215.5,-11293.5,-156.62,29.9397,-216782,-3053.87,579.198,53.0347
0.107251,-33419.8,-22.2083,19.4983,1.83508,72450,-11292.8,-156.733,29.9382,-216710,-3056.04,579.167,53.0405
0.107261,-33419.8,-22.5424,19.4981,1.83528,72684.4,-11292.1,-156.846,29.9366,-216639,-3058.2,579.137,53.0462
0.107271,-33419.8,-22.8766,19.4979,1.83547,72918.8,-11291.4,-156.959,29.935,-216567,-3060.37,579.106,53.052
0.107281,-33419.8,-23.2108,19.4977,1.83567,73153.1,-11290.6,-157.072,29.9335,-216495,-3062.53,579.076,53.0578
0.107291,-33419.8,-23.5449,19.4974,1.83586,73387.3,-11289.9,-157.185,29.9319,-216423,-3064.7,579.045,53.0636
0.107301,-33419.8,-23.8791,19.4972,1.83606,73621.5,-11289.2,-157.298,29.9303,-216351,-3066.86,579.014,53.0694
0.107311,-33419.8,-24.2132,19.497,1.83625,73855.7,-11288.4,-157.41,29.9288,-216278,-3069.03,578.984,53.0752
0.107321,-33419.8,-24.5474,19.4967,1.83645,74089.8,-11287.7,-157.523,29.9272,-216206,-3071.19,578.953,53.081
0.107331,-33419.8,-24.8815,19.4965,1.83664,74323.9,-11286.9,-157.636,29.9256,-216133,-3073.35,578.922,53.0868
0.107341,-33419.8,-25.2157,19.4962,1.83684,74557.9,-11286.2,-157.749,29.924,-216060,-3075.51,578.891,53.0926
0.107351,-33419.8,-25.5498,19.496,1.83703,74791.9,-11285.4,-157.862,29.9224,-215987,-3077.67,578.861,53.0984
0.107361,-33419.8,-25.884,19.4957,1.83723,75025.8,-11284.7,-157.975,29.9209,-215914,-3079.83,578.83,53.1041
0.107371,-33419.8,-26.2181,19.4954,1.83742,75259.7,-11283.9,-158.088,29.9193,-215841,-3081.99,578.799,53.1099
0.107381,-33419.8,-26.5523,19.4952,1.83762,75493.6,-11283.2,-158.2,29.9177,-215767,-3084.15,578.768,53.1157
0.107391,-33419.8,-26.8865,19.4949,1.83781,75727.4,-11282.4,-158.313,29.9161,-215694,-3086.3,578.737,53.1215
0.107401,-33419.8,-27.2206,19.4946,1.83801,75961.1,-11281.7,-158.426,29.9145,-215620,-3088.46,578.706,53.1273
0.107411,-33419.8,-27.5548,19.4944,1.8382,76194.8,-11280.9,-158.539,29.913,-215546,-3090.61,578.676,53.1331
0.107421,-33419.8,-27.8889,19.4941,1.8384,76428.5,-11280.2,-158.652,29.9114,-215472,-3092.77,578.645,53.1389
0.107431,-33419.8,-28.2231,19.4938,1.83859,76662.1,-11279.4,-158.764,29.9098,-215397,-3094.92,578.614,53.1447
0.107441,-33419.8,-28.5572,19.4935,1.83879,76895.6,-11278.6,-158.877,29.9082,-215323,-3097.08,578.583,53.1504
0.107451,-33419.8,-28.8914,19.4932,1.83898,77129.2,-11277.8,-158.99,29.9066,-215248,-3099.23,578.552,53.1562
0.107461,-33419.8,-29.2255,19.4929,1.83918,77362.6,-11277.1,-159.103,29.905,-215174,-3101.38,578.521,53.162
0.107471,-33419.8,-29.5597,19.4927,1.83937,77596,-11276.3,-159.215,29.9034,-215099,-3103.53,578.49,53.1678
0.107481,-33419.8,-29.8938,19.4924,1.83957,77829.4,-11275.5,-159.328,29.9018,-215024,-3105.68,578.459,53.1736
0.107491,-33419.8,-30.228,19.4921,1.83976,78062.7,-11274.7,-159.441,29.9002,-214948,-3107.83,578.428,53.1794
0.107501,-33419.8,-30.5621,19.4918,1.83996,78296,-11274,-159.554,29.8986,-214873,-3109.98,578.397,53.1852
0.107511,-33419.8,-30.8963,19.4914,1.84015,78529.2,-11273.2,-159.666,29.897,-214797,-3112.13,578.365,53.1909
0.107521,-33419.8,-31.2305,19.4911,1.84035,78762.4,-11272.4,-159.779,29.8954,-214722,-3114.27,578.334,53.1967
0.107531,-33419.8,-31.5646,19.4908,1.84054,78995.5,-11271.6,-159.892,29.8939,-214646,-3116.42,578.303,53.2025
0.107541,-33419.8,-31.8988,19.4905,1.84074,79228.6,-11270.8,-160.004,29.8923,-214570,-3118.57,578.272,53.2083
0.107551,-33419.8,-32.2329,19.4902,1.84093,79461.6,-11270,-160.117,29.8906,-214494,-3120.71,578.241,53.2141
0.107561,-33419.8,-32.5671,19.4899,1.84113,79694.7,-11269.2,-160.23,29.889,-214417,-3122.86,578.21,53.2199
0.10757,-33419.8,-32.9012,19.4895,1.84132,79927.6,-11268.4,-160.343,29.8874,-214341,-3125,578.178,53.2256
0.10758,-33419.8,-33.2354,19.4892,1.84152,80160.5,-11267.6,-160.455,29.8858,-214264,-3127.14,578.147,53.2314
0.10759,-33419.8,-33.5695,19.4889,1.84171,80393.3,-11266.8,-160.568,29.8842,-214187,-3129.29,578.116,53.2372
0.1076,-33419.8,-33.9037,19.4885,1.84191,80626.1,-11266,-160.68,29.8826,-214110,-3131.43,578.085,53.243
0.10761,-33419.8,-34.2378,19.4882,1.8421,80858.8,-11265.2,-160.793,29.881,-214033,-3133.57,578.053,53.2488
0.10762,-33419.8,-34.572,19.4878,1.8423,81091.5,-11264.4,-160.906,29.8794,-213956,-3135.71,578.022,53.2545
0.10763,-33419.8,-34.9061,19.4875,1.84249,81324.2,-11263.6,-161.018,29.8778,-213879,-3137.85,577.991,53.2603
0.10764,-33419.8,-35.2403,19.4871,1.84269,81556.8,-11262.8,-161.131,29.8762,-213801,-3139.98,577.959,53.2661
0.10765,-33419.8,-35.5745,19.4868,1.84288,81789.3,-11262,-161.244,29.8746,-213723,-3142.12,577.928,53.2719
0.10766,-33419.8,-35.9086,19.4864,1.84308,82021.8,-11261.1,-161.356,29.873,-213645,-3144.26,577.896,53.2777
0.10767,-33419.8,-36.2428,19.4861,1.84327,82254.3,-11260.3,-161.469,29.8714,-213567,-3146.39,577.865,53.2834
0.10768,-33419.8,-36.5769,19.4857,1.84346,82486.7,-11259.5,-161.581,29.8697,-213489,-3148.53,577.833,53.2892
0.10769,-33419.8,-36.9111,19.4853,1.84366,82719,-11258.7,-161.694,29.8681,-213411,-3150.66,577.802,53.295
0.1077,-33419.8,-37.2452,19.485,1.84385,82951.3,-11257.8,-161.807,29.8665,-213332,-3152.8,577.77,53.3008
0.10771,-33419.8,-37.5794,19.4846,1.84405,83183.6,-11257,-161.919,29.8649,-213254,-3154.93,577.739,53.3066
0.10772,-33419.8,-37.9135,19.4842,1.84424,83415.8,-11256.2,-162.032,29.8633,-213175,-3157.06,577.707,53.3123
0.10773,-33419.8,-38.2477,19.4838,1.84444,83647.9,-11255.3,-162.144,29.8616,-213096,-3159.19,577.676,53.3181
0.10774,-33419.8,-38.5818,19.4835,1.84463,83880,-11254.5,-162.257,29.86,-213016,-3161.32,577.644,53.3239
0.10775,-33419.8,-38.916,19.4831,1.84483,84112.1,-11253.7,-162.369,29.8584,-212937,-3163.45,577.613,53.3297
0.10776,-33419.8,-39.2501,19.4827,1.84502,84344.1,-11252.8,-162.482,29.8568,-212858,-3165.58,577.581,53.3354
0.10777,-33419.8,-39.5843,19.4823,1.84522,84576.1,-11252,-162.594,29.8552,-212778,-3167.71,577.549,53.3412
0.10778,-33419.8,-39.9185,19.4819,1.84541,84808,-11251.1,-162.707,29.8535,-212698,-3169.83,577.518,53.347
0.10779,-33419.8,-40.2526,19.4815,1.84561,85039.8,-11250.3,-162.819,29.8519,-212618,-3171.96,577.486,53.3528
0.1078,-33419.8,-40.5868,19.4811,1.8458,85271.6,-11249.4,-162.932,29.8503,-212538,-3174.09,577.454,53.3585
0.10781,-33419.8,-40.9209,19.4807,1.846,85503.4,-11248.6,-163.044,29.8486,-212458,-3176.21,577.422,53.3643
0.10782,-33419.8,-41.2551,19.4803,1.84619,85735.1,-11247.7,-163.157,29.847,-212377,-3178.34,577.391,53.3701
0.10783,-33419.8,-41.5892,19.4798,1.84639,85966.8,-11246.9,-163.269,29.8454,-212297,-3180.46,577.359,53.3759
0.10784,-33419.8,-41.9234,19.4794,1.84658,86198.4,-11246,-163.382,29.8437,-212216,-3182.58,577.327,53.3816
0.10785,-33419.8,-42.2575,19.479,1.84678,86429.9,-11245.1,-163.494,29.8421,-212135,-3184.7,577.295,53.3874
0.10786,-33419.8,-42.5917,19.4786,1.84697,86661.4,-11244.3,-163.606,29.8405,-212054,-3186.82,577.263,53.3932
0.10787,-33419.8,-42.9258,19.4782,1.84717,86892.9,-11243.4,-163.719,29.8388,-211973,-3188.94,577.231,53.3989
0.10788,-33419.8,-43.26,19.4777,1.84736,87124.3,-11242.5,-163.831,29.8372,-211892,-3191.06,577.2,53.4047
0.10789,-33419.8,-43.5942,19.4773,1.84756,87355.6,-11241.7,-163.944,29.8356,-211810,-3193.18,577.168,53.4105
0.1079,-33419.8,-43.9283,19.4769,1.84775,87586.9,-11240.8,-164.056,29.8339,-211729,-3195.3,577.136,53.4163
0.10791,-33419.8,-44.2625,19.4764,1.84794,87818.2,-11239.9,-164.169,29.8323,-211647,-3197.41,577.104,53.422
0.10792,-33419.8,-44.5966,19.476,1.84814,88049.4,-11239,-164.281,29.8306,-211565,-3199.53,577.072,53.4278
0.10793,-33419.8,-44.9308,19.4755,1.84833,88280.5,-11238.2,-164.393,29.829,-211483,-3201.64,577.04,53.4336
0.10794,-33419.8,-45.2649,19.4751,1.84853,88511.6,-11237.3,-164.506,29.8273,-211400,-3203.76,577.008,53.4393
0.10795,-33419.8,-45.5991,19.4746,1.84872,88742.7,-11236.4,-164.618,29.8257,-211318,-3205.87,576.976,53.4451
0.10796,-33419.8,-45.9332,19.4742,1.84892,88973.7,-11235.5,-164.73,29.8241,-211235,-3207.98,576.944,53.4509
0.10797,-33419.8,-46.2674,19.4737,1.84911,89204.6,-11234.6,-164.843,29.8224,-211152,-3210.1,576.911,53.4567
0.10798,-33419.8,-46.6015,19.4732,1.84931,89435.5,-11233.7,-164.955,29.8208,-211069,-3212.21,576.879,53.4624
0.10799,-33419.8,-46.9357,19.4728,1.8495,89666.4,-11232.8,-165.067,29.8191,-210986,-3214.32,576.847,53.4682
0.108,-33419.8,-47.2698,19.4723,1.8497,89897.1,-11231.9,-165.18,29.8175,-210903,-3216.43,576.815,53.474
0.10801,-33419.8,-47.604,19.4718,1.84989,90127.9,-11231,-165.292,29.8158,-210820,-3218.53,576.783,53.4797
0.10802,-33419.8,-47.9382,19.4713,1.85009,90358.6,-11230.1,-165.404,29.8142,-210736,-3220.64,576.751,53.4855
0.10803,-33419.8,-48.2723,19.4709,1.85028,90589.2,-11229.2,-165.516,29.8125,-210653,-3222.75,576.719,53.4913
0.10804,-33419.8,-48.6065,19.4704,1.85048,90819.8,-11228.3,-165.629,29.8108,-210569,-3224.85,576.686,53.497
0.10805,-33419.8,-48.9406,19.4699,1.85067,91050.4,-11227.4,-165.741,29.8092,-210485,-3226.96,576.654,53.5028
0.10806,-33419.8,-49.2748,19.4694,1.85087,91280.8,-11226.5,-165.853,29.8075,-210400,-3229.06,576.622,53.5086
0.10807,-33419.8,-49.6089,19.4689,1.85106,91511.3,-11225.6,-165.966,29.8059,-210316,-3231.17,576.589,53.5143
0.10808,-33419.8,-49.9431,19.4684,1.85125,91741.6,-11224.7,-166.078,29.8042,-210232,-3233.27,576.557,53.5201
0.10809,-33419.8,-50.2772,19.4679,1.85145,91972,-11223.7,-166.19,29.8025,-210147,-3235.37,576.525,53.5259
0.1081,-33419.8,-50.6114,19.4674,1.85164,92202.3,-11222.8,-166.302,29.8009,-210062,-3237.47,576.492,53.5316
0.10811,-33419.8,-50.9455,19.4669,1.85184,92432.5,-11221.9,-166.414,29.7992,-209977,-3239.57,576.46,53.5374
0.10812,-33419.8,-51.2797,19.4664,1.85203,92662.6,-11221,-166.527,29.7976,-209892,-3241.67,576.428,53.5432
0.10813,-33419.8,-51.6138,19.4659,1.85223,92892.8,-11220,-166.639,29.7959,-209807,-3243.77,576.395,53.5489
0.10814,-33419.8,-51.948,19.4654,1.85242,93122.8,-11219.1,-166.751,29.7942,-209721,-3245.87,576.363,53.5547
0.10815,-33419.8,-52.2822,19.4648,1.85262,93352.8,-11218.2,-166.863,29.7926,-209636,-3247.96,576.33,53.5604
0.10816,-33419.8,-52.6163,19.4643,1.85281,93582.8,-11217.2,-166.975,29.7909,-209550,-3250.06,576.298,53.5662
0.10817,-33419.8,-52.9505,19.4638,1.85301,93812.7,-11216.3,-167.087,29.7892,-209464,-3252.15,576.265,53.572
0.10818,-33419.8,-53.2846,19.4632,1.8532,94042.6,-11215.4,-167.2,29.7875,-209378,-3254.25,576.233,53.5777
0.10819,-33419.8,-53.6188,19.4627,1.8534,94272.4,-11214.4,-167.312,29.7859,-209292,-3256.34,576.2,53.5835
0.1082,-33419.8,-53.9529,19.4622,1.85359,94502.1,-11213.5,-167.424,29.7842,-209206,-3258.43,576.168,53.5893
0.10821,-33419.8,-54.2871,19.4616,1.85378,94731.8,-11212.5,-167.536,29.7825,-209119,-3260.52,576.135,53.595
0.10822,-33419.8,-54.6212,19.4611,1.85398,94961.5,-11211.6,-167.648,29.7808,-209032,-3262.61,576.103,53.6008
0.10823,-33419.8,-54.9554,19.4605,1.85417,95191,-11210.6,-167.76,29.7792,-208946,-3264.7,576.07,53.6065
0.10824,-33419.8,-55.2895,19.46,1.85437,95420.6,-11209.7,-167.872,29.7775,-208859,-3266.79,576.037,53.6123
0.10825,-33419.8,-55.6237,19.4594,1.85456,95650.1,-11208.7,-167.984,29.7758,-208772,-3268.88,576.005,53.6181
0.10826,-33419.8,-55.9579,19.4589,1.85476,95879.5,-11207.8,-168.096,29.7741,-208684,-3270.97,575.972,53.6238
0.10827,-33419.8,-56.292,19.4583,1.85495,96108.9,-11206.8,-168.209,29.7725,-208597,-3273.05,575.939,53.6296
0.10828,-33419.8,-56.6262,19.4578,1.85515,96338.2,-11205.8,-168.321,29.7708,-208509,-3275.14,575.906,53.6353
0.10829,-33419.8,-56.9603,19.4572,1.85534,96567.5,-11204.9,-168.433,29.7691,-208421,-3277.22,575.874,53.6411
0.1083,-33419.8,-57.2945,19.4566,1.85554,96796.7,-11203.9,-168.545,29.7674,-208334,-3279.31,575.841,53.6469
0.10831,-33419.8,-57.6286,19.456,1.85573,97025.9,-11202.9,-168.657,29.7657,-208246,-3281.39,575.808,53.6526
0.10832,-33419.8,-57.9628,19.4555,1.85593,97255,-11202,-168.769,29.764,-208157,-3283.47,575.775,53.6584
0.10833,-33419.8,-58.2969,19.4549,1.85612,97484,-11201,-168.881,29.7623,-208069,-3285.55,575.742,53.6641
0.10834,-33419.8,-58.6311,19.4543,1.85631,97713,-11200,-168.993,29.7606,-207980,-3287.63,575.71,53.6699
0.10835,-33419.8,-58.9652,19.4537,1.85651,97942,-11199,-169.105,29.759,-207892,-3289.71,575.677,53.6756
0.10836,-33419.8,-59.2994,19.4531,1.8567,98170.9,-11198.1,-169.217,29.7573,-207803,-3291.79,575.644,53.6814
0.10837,-33419.8,-59.6335,19.4525,1.8569,98399.7,-11197.1,-169.329,29.7556,-207714,-3293.87,575.611,53.6872
0.10838,-33419.8,-59.9677,19.4519,1.85709,98628.5,-11196.1,-169.44,29.7539,-207625,-3295.94,575.578,53.6929
0.10839,-33419.8,-60.3019,19.4513,1.85729,98857.3,-11195.1,-169.552,29.7522,-207535,-3298.02,575.545,53.6987
0.1084,-33419.8,-60.636,19.4507,1.85748,99085.9,-11194.1,-169.664,29.7505,-207446,-3300.09,575.512,53.7044
0.10841,-33419.8,-60.9702,19.4501,1.85768,99314.6,-11193.1,-169.776,29.7488,-207356,-3302.17,575.479,53.7102
0.10842,-33419.8,-61.3043,19.4495,1.85787,99543.1,-11192.1,-169.888,29.7471,-207267,-3304.24,575.446,53.7159
0.10843,-33419.8,-61.6385,19.4489,1.85806,99771.6,-11191.1,-170,29.7454,-207177,-3306.31,575.413,53.7217
0.10844,-33419.8,-61.9726,19.4483,1.85826,100000,-11190.1,-170.112,29.7437,-207086,-3308.38,575.38,53.7274
0.10845,-33419.8,-62.3068,19.4476,1.85845,100229,-11189.1,-170.224,29.742,-206996,-3310.45,575.347,53.7332
0.10846,-33419.8,-62.6409,19.447,1.85865,100457,-11188.1,-170.336,29.7403,-206906,-3312.52,575.314,53.7389
0.10847,-33419.8,-62.9751,19.4464,1.85884,100685,-11187.1,-170.448,29.7386,-206815,-3314.59,575.28,53.7447
0.10848,-33419.8,-63.3092,19.4458,1.85904,100913,-11186.1,-170.559,29.7369,-206725,-3316.66,575.247,53.7505
0.10849,-33419.8,-63.6434,19.4451,1.85923,101142,-11185.1,-170.671,29.7352,-206634,-3318.72,575.214,53.7562
0.1085,-33419.8,-63.9775,19.4445,1.85943,101370,-11184.1,-170.783,29.7335,-206543,-3320.79,575.181,53.762
0.10851,-33419.8,-64.3117,19.4438,1.85962,101598,-11183.1,-170.895,29.7318,-206452,-3322.85,575.148,53.7677
0.10852,-33419.8,-64.6459,19.4432,1.85981,101826,-11182.1,-171.007,29.73,-206360,-3324.92,575.115,53.7735
0.10853,-33419.8,-64.98,19.4426,1.86001,102054,-11181,-171.119,29.7283,-206269,-3326.98,575.081,53.7792
0.10854,-33419.8,-65.3142,19.4419,1.8602,102282,-11180,-171.23,29.7266,-206177,-3329.04,575.048,53.785
0.10855,-33419.8,-65.6483,19.4412,1.8604,102510,-11179,-171.342,29.7249,-206085,-3331.1,575.015,53.7907
0.10856,-33419.8,-65.9825,19.4406,1.86059,102737,-11178,-171.454,29.7232,-205994,-3333.16,574.981,53.7965
0.10857,-33419.8,-66.3166,19.4399,1.86079,102965,-11176.9,-171.566,29.7215,-205901,-3335.22,574.948,53.8022
0.10858,-33419.8,-66.6508,19.4393,1.86098,103193,-11175.9,-171.677,29.7198,-205809,-3337.28,574.915,53.808
0.10859,-33419.8,-66.9849,19.4386,1.86118,103420,-11174.9,-171.789,29.7181,-205717,-3339.34,574.881,53.8137
0.1086,-33419.8,-67.3191,19.4379,1.86137,103648,-11173.8,-171.901,29.7163,-205624,-3341.4,574.848,53.8195
0.10861,-33419.8,-67.6532,19.4372,1.86156,103876,-11172.8,-172.013,29.7146,-205532,-3343.45,574.814,53.8252
0.10862,-33419.8,-67.9874,19.4366,1.86176,104103,-11171.8,-172.124,29.7129,-205439,-3345.51,574.781,53.831
0.10863,-33419.8,-68.3215,19.4359,1.86195,104330,-11170.7,-172.236,29.7112,-205346,-3347.56,574.748,53.8367
0.10864,-33419.8,-68.6557,19.4352,1.86215,104558,-11169.7,-172.348,29.7094,-205252,-3349.61,574.714,53.8425
0.10865,-33419.8,-68.9899,19.4345,1.86234,104785,-11168.6,-172.459,29.7077,-205159,-3351.66,574.681,53.8482
0.10866,-33419.8,-69.324,19.4338,1.86254,105012,-11167.6,-172.571,29.706,-205066,-3353.71,574.647,53.8539
0.10867,-33419.8,-69.6582,19.4331,1.86273,105240,-11166.5,-172.683,29.7043,-204972,-3355.76,574.614,53.8597
0.10868,-33419.8,-69.9923,19.4324,1.86292,105467,-11165.5,-172.794,29.7025,-204878,-3357.81,574.58,53.8654
0.10869,-33419.8,-70.3265,19.4317,1.86312,105694,-11164.4,-172.906,29.7008,-204784,-3359.86,574.546,53.8712
0.1087,-33419.8,-70.6606,19.431,1.86331,105921,-11163.4,-173.018,29.6991,-204690,-3361.91,574.513,53.8769
0.10871,-33419.8,-70.9948,19.4303,1.86351,106148,-11162.3,-173.129,29.6974,-204596,-3363.96,574.479,53.8827
0.10872,-33419.8,-71.3289,19.4296,1.8637,106375,-11161.2,-173.241,29.6956,-204502,-3366,574.445,53.8884
0.10873,-33419.8,-71.6631,19.4289,1.8639,106602,-11160.2,-173.352,29.6939,-204407,-3368.04,574.412,53.8942
0.10874,-33419.8,-71.9972,19.4282,1.86409,106828,-11159.1,-173.464,29.6922,-204312,-3370.09,574.378,53.8999
0.10875,-33419.8,-72.3314,19.4275,1.86428,107055,-11158,-173.576,29.6904,-204218,-3372.13,574.344,53.9057
0.10876,-33419.8,-72.6656,19.4267,1.86448,107282,-11157,-173.687,29.6887,-204122,-3374.17,574.311,53.9114
0.10877,-33419.8,-72.9997,19.426,1.86467,107508,-11155.9,-173.799,29.6869,-204027,-3376.21,574.277,53.9171
0.10878,-33419.8,-73.3339,19.4253,1.86487,107735,-11154.8,-173.91,29.6852,-203932,-3378.25,574.243,53.9229
0.10879,-33419.8,-73.668,19.4245,1.86506,107961,-11153.7,-174.022,29.6835,-203836,-3380.29,574.209,53.9286
0.1088,-33419.8,-74.0022,19.4238,1.86526,108188,-11152.7,-174.133,29.6817,-203741,-3382.33,574.176,53.9344
0.10881,-33419.8,-74.3363,19.4231,1.86545,108414,-11151.6,-174.245,29.68,-203645,-3384.36,574.142,53.9401
0.10882,-33419.8,-74.6705,19.4223,1.86564,108641,-11150.5,-174.356,29.6782,-203549,-3386.4,574.108,53.9458
0.10883,-33419.8,-75.0046,19.4216,1.86584,108867,-11149.4,-174.468,29.6765,-203453,-3388.43,574.074,53.9516
0.10884,-33419.8,-75.3388,19.4208,1.86603,109093,-11148.3,-174.579,29.6748,-203357,-3390.47,574.04,53.9573
0.10885,-33419.8,-75.6729,19.4201,1.86623,109319,-11147.2,-174.691,29.673,-203260,-3392.5,574.006,53.9631
0.10886,-33419.8,-76.0071,19.4193,1.86642,109545,-11146.1,-174.802,29.6713,-203164,-3394.53,573.972,53.9688
0.10887,-33419.8,-76.3412,19.4185,1.86661,109771,-11145,-174.914,29.6695,-203067,-3396.56,573.938,53.9745
0.10888,-33419.8,-76.6754,19.4178,1.86681,109997,-11143.9,-175.025,29.6678,-202970,-3398.59,573.904,53.9803
0.10889,-33419.8,-77.0096,19.417,1.867,110223,-11142.8,-175.136,29.666,-202873,-3400.62,573.87,53.986
0.1089,-33419.8,-77.3437,19.4162,1.8672,110449,-11141.7,-175.248,29.6643,-202776,-3402.65,573.836,53.9918
0.10891,-33419.8,-77.6779,19.4155,1.86739,110675,-11140.6,-175.359,29.6625,-202679,-3404.68,573.802,53.9975
0.10892,-33419.8,-78.012,19.4147,1.86759,110901,-11139.5,-175.471,29.6608,-202581,-3406.7,573.768,54.0032
0.10893,-33419.8,-78.3462,19.4139,1.86778,111127,-11138.4,-175.582,29.659,-202484,-3408.73,573.734,54.009
0.10894,-33419.8,-78.6803,19.4131,1.86797,111352,-11137.3,-175.693,29.6572,-202386,-3410.75,573.7,54.0147
0.10895,-33419.8,-79.0145,19.4123,1.86817,111578,-11136.2,-175.805,29.6555,-202288,-3412.78,573.666,54.0205
0.10896,-33419.8,-79.3486,19.4115,1.86836,111803,-11135.1,-175.916,29.6537,-202190,-3414.8,573.632,54.0262
0.10897,-33419.8,-79.6828,19.4107,1.86856,112029,-11134,-176.027,29.652,-202092,-3416.82,573.598,54.0319
0.10898,-33419.8,-80.0169,19.4099,1.86875,112254,-11132.8,-176.139,29.6502,-201993,-3418.84,573.564,54.0377
0.10899,-33419.8,-80.3511,19.4091,1.86894,112480,-11131.7,-176.25,29.6484,-201895,-3420.86,573.529,54.0434
0.109,-33419.8,-80.6852,19.4083,1.86914,112705,-11130.6,-176.361,29.6467,-201796,-3422.88,573.495,54.0491
0.10901,-33419.8,-81.0194,19.4075,1.86933,112930,-11129.5,-176.473,29.6449,-201697,-3424.89,573.461,54.0549
0.10902,-33419.8,-81.3536,19.4067,1.86953,113155,-11128.3,-176.584,29.6432,-201598,-3426.91,573.427,54.0606
0.10903,-33419.8,-81.6877,19.4059,1.86972,113380,-11127.2,-176.695,29.6414,-201499,-3428.93,573.392,54.0663
0.10904,-33419.8,-82.0219,19.4051,1.86991,113606,-11126.1,-176.806,29.6396,-201400,-3430.94,573.358,54.0721
0.10905,-33419.8,-82.356,19.4043,1.87011,113831,-11124.9,-176.918,29.6378,-201300,-3432.95,573.324,54.0778
0.10906,-33419.8,-82.6902,19.4034,1.8703,114056,-11123.8,-177.029,29.6361,-201201,-3434.97,573.289,54.0835
0.10907,-33419.8,-83.0243,19.4026,1.8705,114280,-11122.6,-177.14,29.6343,-201101,-3436.98,573.255,54.0893
0.10908,-33419.8,-83.3585,19.4018,1.87069,114505,-11121.5,-177.251,29.6325,-201001,-3438.99,573.221,54.095
0.10909,-33419.8,-83.6926,19.4009,1.87088,114730,-11120.3,-177.362,29.6308,-200901,-3441,573.186,54.1007
0.1091,-33419.8,-84.0268,19.4001,1.87108,114955,-11119.2,-177.474,29.629,-200801,-3443.01,573.152,54.1065
0.10911,-33419.8,-84.3609,19.3993,1.87127,115179,-11118,-177.585,29.6272,-200701,-3445.01,573.117,54.1122
0.10912,-33419.8,-84.6951,19.3984,1.87147,115404,-11116.9,-177.696,29.6254,-200600,-3447.02,573.083,54.1179
0.10913,-33419.8,-85.0293,19.3976,1.87166,115629,-11115.7,-177.807,29.6237,-200499,-3449.02,573.049,54.1237
0.10914,-33419.8,-85.3634,19.3967,1.87185,115853,-11114.6,-177.918,29.6219,-200399,-3451.03,573.014,54.1294
0.10915,-33419.8,-85.6976,19.3958,1.87205,116077,-11113.4,-178.029,29.6201,-200298,-3453.03,572.98,54.1351
0.10916,-33419.8,-86.0317,19.395,1.87224,116302,-11112.3,-178.141,29.6183,-200197,-3455.03,572.945,54.1408
0.10917,-33419.8,-86.3659,19.3941,1.87244,116526,-11111.1,-178.252,29.6165,-200095,-3457.03,572.91,54.1466
0.10918,-33419.8,-86.7,19.3933,1.87263,116750,-11109.9,-178.363,29.6148,-199994,-3459.03,572.876,54.1523
0.10919,-33419.8,-87.0342,19.3924,1.87282,116974,-11108.8,-178.474,29.613,-199892,-3461.03,572.841,54.158
0.1092,-33419.8,-87.3683,19.3915,1.87302,117199,-11107.6,-178.585,29.6112,-199790,-3463.03,572.807,54.1638
0.10921,-33419.8,-87.7025,19.3906,1.87321,117423,-11106.4,-178.696,29.6094,-199689,-3465.03,572.772,54.1695
0.10922,-33419.8,-88.0366,19.3898,1.87341,117647,-11105.2,-178.807,29.6076,-199587,-3467.03,572.737,54.1752
0.10923,-33419.8,-88.3708,19.3889,1.8736,117871,-11104.1,-178.918,29.6058,-199484,-3469.02,572.703,54.1809
0.10924,-33419.8,-88.7049,19.388,1.87379,118095,-11102.9,-179.029,29.604,-199382,-3471.01,572.668,54.1867
0.10925,-33419.8,-89.0391,19.3871,1.87399,118318,-11101.7,-179.14,29.6022,-199280,-3473.01,572.633,54.1924
0.10926,-33419.8,-89.3733,19.3862,1.87418,118542,-11100.5,-179.251,29.6004,-199177,-3475,572.599,54.1981
0.10927,-33419.8,-89.7074,19.3853,1.87437,118766,-11099.3,-179.362,29.5987,-199074,-3476.99,572.564,54.2038
0.10928,-33419.8,-90.0416,19.3844,1.87457,118989,-11098.1,-179.473,29.5969,-198971,-3478.98,572.529,54.2096
0.10929,-33419.8,-90.3757,19.3835,1.87476,119213,-11097,-179.584,29.5951,-198868,-3480.97,572.494,54.2153
0.1093,-33419.8,-90.7099,19.3826,1.87496,119437,-11095.8,-179.695,29.5933,-198765,-3482.96,572.459,54.221
0.10931,-33419.8,-91.044,19.3817,1.87515,119660,-11094.6,-179.806,29.5915,-198661,-3484.94,572.425,54.2268
0.10932,-33419.8,-91.3782,19.3808,1.87534,119883,-11093.4,-179.917,29.5897,-198558,-3486.93,572.39,54.2325
0.10933,-33419.8,-91.7123,19.3799,1.87554,120107,-11092.2,-180.028,29.5879,-198454,-3488.91,572.355,54.2382
0.10934,-33419.8,-92.0465,19.379,1.87573,120330,-11091,-180.139,29.5861,-198350,-3490.9,572.32,54.2439
0.10935,-33419.8,-92.3806,19.378,1.87592,120553,-11089.8,-180.249,29.5843,-198246,-3492.88,572.285,54.2496
0.10936,-33419.8,-92.7148,19.3771,1.87612,120776,-11088.6,-180.36,29.5825,-198142,-3494.86,572.25,54.2554
0.10937,-33419.8,-93.049,19.3762,1.87631,121000,-11087.3,-180.471,29.5807,-198038,-3496.84,572.215,54.2611
0.10938,-33419.8,-93.3831,19.3753,1.87651,121223,-11086.1,-180.582,29.5789,-197933,-3498.82,572.18,54.2668
0.10939,-33419.8,-93.7173,19.3743,1.8767,121446,-11084.9,-180.693,29.5771,-197829,-3500.8,572.145,54.2725
0.1094,-33419.8,-94.0514,19.3734,1.87689,121668,-11083.7,-180.804,29.5752,-197724,-3502.78,572.11,54.2783
0.10941,-33419.8,-94.3856,19.3724,1.87709,121891,-11082.5,-180.914,29.5734,-197619,-3504.76,572.075,54.284
0.10942,-33419.8,-94.7197,19.3715,1.87728,122114,-11081.3,-181.025,29.5716,-197514,-3506.73,572.04,54.2897
0.10943,-33419.8,-95.0539,19.3705,1.87747,122337,-11080.1,-181.136,29.5698,-197409,-3508.71,572.005,54.2954
0.10944,-33419.8,-95.388,19.3696,1.87767,122560,-11078.8,-181.247,29.568,-197304,-3510.68,571.97,54.3011
0.10945,-33419.8,-95.7222,19.3686,1.87786,122782,-11077.6,-181.358,29.5662,-197198,-3512.65,571.935,54.3069
0.10946,-33419.8,-96.0563,19.3677,1.87806,123005,-11076.4,-181.468,29.5644,-197092,-3514.62,571.9,54.3126
0.10947,-33419.8,-96.3905,19.3667,1.87825,123227,-11075.1,-181.579,29.5626,-196987,-3516.59,571.865,54.3183
0.10948,-33419.8,-96.7246,19.3658,1.87844,123450,-11073.9,-181.69,29.5607,-196881,-3518.56,571.829,54.324
0.10949,-33419.8,-97.0588,19.3648,1.87864,123672,-11072.7,-181.801,29.5589,-196775,-3520.53,571.794,54.3297
0.1095,-33419.8,-97.393,19.3638,1.87883,123894,-11071.4,-181.911,29.5571,-196668,-3522.5,571.759,54.3354
0.10951,-33419.8,-97.7271,19.3628,1.87902,124116,-11070.2,-182.022,29.5553,-196562,-3524.46,571.724,54.3412
0.10952,-33419.8,-98.0613,19.3619,1.87922,124339,-11069,-182.133,29.5535,-196455,-3526.43,571.688,54.3469
0.10953,-33419.8,-98.3954,19.3609,1.87941,124561,-11067.7,-182.243,29.5516,-196349,-3528.39,571.653,54.3526
0.10954,-33419.8,-98.7296,19.3599,1.8796,124783,-11066.5,-182.354,29.5498,-196242,-3530.35,571.618,54.3583
0.10955,-33419.8,-99.0637,19.3589,1.8798,125005,-11065.2,-182.465,29.548,-196135,-3532.31,571.583,54.364
0.10956,-33419.8,-99.3979,19.3579,1.87999,125227,-11064,-182.575,29.5462,-196028,-3534.28,571.547,54.3698
0.10957,-33419.8,-99.732,19.3569,1.88019,125449,-11062.7,-182.686,29.5443,-195920,-3536.24,571.512,54.3755
0.10958,-33419.8,-100.066,19.3559,1.88038,125670,-11061.5,-182.796,29.5425,-195813,-3538.19,571.477,54.3812
0.10959,-33419.8,-100.4,19.3549,1.88057,125892,-11060.2,-182.907,29.5407,-195705,-3540.15,571.441,54.3869
0.1096,-33419.8,-100.734,19.3539,1.88077,126114,-11058.9,-183.018,29.5389,-195597,-3542.11,571.406,54.3926
0.10961,-33419.8,-101.069,19.3529,1.88096,126336,-11057.7,-183.128,29.537,-195490,-3544.06,571.37,54.3983
0.10962,-33419.8,-101.403,19.3519,1.88115,126557,-11056.4,-183.239,29.5352,-195381,-3546.02,571.335,54.404
0.10963,-33419.8,-101.737,19.3509,1.88135,126779,-11055.1,-183.349,29.5334,-195273,-3547.97,571.299,54.4098
0.10964,-33419.8,-102.071,19.3499,1.88154,127000,-11053.9,-183.46,29.5315,-195165,-3549.92,571.264,54.4155
0.10965,-33419.8,-102.405,19.3488,1.88173,127221,-11052.6,-183.57,29.5297,-195056,-3551.87,571.228,54.4212
0.10966,-33419.8,-102.739,19.3478,1.88193,127443,-11051.3,-183.681,29.5279,-194948,-3553.82,571.193,54.4269
0.10967,-33419.8,-103.074,19.3468,1.88212,127664,-11050.1,-183.791,29.526,-194839,-3555.77,571.157,54.4326
0.10968,-33419.8,-103.408,19.3457,1.88231,127885,-11048.8,-183.902,29.5242,-194730,-3557.72,571.122,54.4383
0.10969,-33419.8,-103.742,19.3447,1.88251,128106,-11047.5,-184.012,29.5223,-194621,-3559.66,571.086,54.444
0.1097,-33419.8,-104.076,19.3437,1.8827,128327,-11046.2,-184.123,29.5205,-194512,-3561.61,571.051,54.4497
0.10971,-33419.8,-104.41,19.3426,1.88289,128548,-11044.9,-184.233,29.5187,-194402,-3563.55,571.015,54.4554
0.10972,-33419.8,-104.744,19.3416,1.88309,128769,-11043.6,-184.344,29.5168,-194293,-3565.5,570.979,54.4612
0.10973,-33419.8,-105.078,19.3405,1.88328,128990,-11042.4,-184.454,29.515,-194183,-3567.44,570.944,54.4669
0.10974,-33419.8,-105.413,19.3395,1.88347,129211,-11041.1,-184.564,29.5131,-194073,-3569.38,570.908,54.4726
0.10975,-33419.8,-105.747,19.3384,1.88367,129432,-11039.8,-184.675,29.5113,-193963,-3571.32,570.872,54.4783
0.10976,-33419.8,-106.081,19.3374,1.88386,129652,-11038.5,-184.785,29.5094,-193853,-3573.26,570.837,54.484
0.10977,-33419.8,-106.415,19.3363,1.88405,129873,-11037.2,-184.896,29.5076,-193743,-3575.2,570.801,54.4897
0.10978,-33419.8,-106.749,19.3352,1.88425,130093,-11035.9,-185.006,29.5057,-193632,-3577.13,570.765,54.4954
0.10979,-33419.8,-107.083,19.3342,1.88444,130314,-11034.6,-185.116,29.5039,-193521,-3579.07,570.729,54.5011
0.1098,-33419.8,-107.418,19.3331,1.88463,130534,-11033.3,-185.227,29.502,-193411,-3581,570.694,54.5068
0.10981,-33419.8,-107.752,19.332,1.88483,130755,-11032,-185.337,29.5002,-193300,-3582.94,570.658,54.5125
0.10982,-33419.8,-108.086,19.3309,1.88502,130975,-11030.7,-185.447,29.4983,-193189,-3584.87,570.622,54.5182
0.10983,-33419.8,-108.42,19.3299,1.88521,131195,-11029.3,-185.557,29.4965,-193078,-3586.8,570.586,54.5239
0.10984,-33419.8,-108.754,19.3288,1.88541,131415,-11028,-185.668,29.4946,-192966,-3588.73,570.55,54.5296
0.10985,-33419.8,-109.088,19.3277,1.8856,131636,-11026.7,-185.778,29.4928,-192855,-3590.66,570.514,54.5354
0.10986,-33419.8,-109.422,19.3266,1.88579,131856,-11025.4,-185.888,29.4909,-192743,-3592.59,570.478,54.5411
0.10987,-33419.8,-109.757,19.3255,1.88599,132076,-11024.1,-185.999,29.489,-192631,-3594.51,570.442,54.5468
0.10988,-33419.8,-110.091,19.3244,1.88618,132296,-11022.8,-186.109,29.4872,-192519,-3596.44,570.406,54.5525
0.10989,-33419.8,-110.425,19.3233,1.88637,132515,-11021.4,-186.219,29.4853,-192407,-3598.36,570.37,54.5582
0.1099,-33419.8,-110.759,19.3222,1.88657,132735,-11020.1,-186.329,29.4835,-192295,-3600.29,570.335,54.5639
0.10991,-33419.8,-111.093,19.3211,1.88676,132955,-11018.8,-186.439,29.4816,-192183,-3602.21,570.299,54.5696
0.10992,-33419.8,-111.427,19.32,1.88695,133175,-11017.5,-186.549,29.4797,-192070,-3604.13,570.263,54.5753
0.10993,-33419.8,-111.762,19.3189,1.88715,133394,-11016.1,-186.66,29.4779,-191957,-3606.05,570.226,54.581
0.10994,-33419.8,-112.096,19.3177,1.88734,133614,-11014.8,-186.77,29.476,-191845,-3607.97,570.19,54.5867
0.10995,-33419.8,-112.43,19.3166,1.88753,133833,-11013.4,-186.88,29.4741,-191732,-3609.89,570.154,54.5924
0.10996,-33419.8,-112.764,19.3155,1.88773,134053,-11012.1,-186.99,29.4723,-191618,-3611.8,570.118,54.5981
0.10997,-33419.8,-113.098,19.3144,1.88792,134272,-11010.8,-187.1,29.4704,-191505,-3613.72,570.082,54.6038
0.10998,-33419.8,-113.432,19.3132,1.88811,134491,-11009.4,-187.21,29.4685,-191392,-3615.63,570.046,54.6095
0.10999,-33419.8,-113.766,19.3121,1.8883,134710,-11008.1,-187.32,29.4666,-191278,-3617.55,570.01,54.6152
0.11,-33419.8,-114.101,19.3109,1.8885,134930,-11006.7,-187.43,29.4648,-191164,-3619.46,569.974,54.6209
0.11001,-33419.8,-114.435,19.3098,1.88869,135149,-11005.4,-187.54,29.4629,-191051,-3621.37,569.937,54.6266
0.11002,-33419.8,-114.769,19.3087,1.88888,135368,-11004,-187.65,29.461,-190937,-3623.28,569.901,54.6323
0.11003,-33419.8,-115.103,19.3075,1.88908,135587,-11002.7,-187.76,29.4591,-190822,-3625.19,569.865,54.638
0.11004,-33419.8,-115.437,19.3064,1.88927,135805,-11001.3,-187.87,29.4573,-190708,-3627.09,569.829,54.6437
0.11005,-33419.8,-115.771,19.3052,1.88946,136024,-11000,-187.98,29.4554,-190594,-3629,569.792,54.6494
0.11006,-33419.8,-116.106,19.304,1.88966,136243,-10998.6,-188.09,29.4535,-190479,-3630.9,569.756,54.6551
0.11007,-33419.8,-116.44,19.3029,1.88985,136462,-10997.2,-188.2,29.4516,-190364,-3632.81,569.72,54.6608
0.11008,-33419.8,-116.774,19.3017,1.89004,136680,-10995.9,-188.31,29.4497,-190249,-3634.71,569.683,54.6665
0.11009,-33419.8,-117.108,19.3005,1.89024,136899,-10994.5,-188.42,29.4479,-190134,-3636.61,569.647,54.6722
0.1101,-33419.8,-117.442,19.2994,1.89043,137117,-10993.1,-188.53,29.446,-190019,-3638.51,569.611,54.6779
0.11011,-33419.8,-117.776,19.2982,1.89062,137336,-10991.8,-188.64,29.4441,-189904,-3640.41,569.574,54.6836
0.11012,-33419.8,-118.11,19.297,1.89081,137554,-10990.4,-188.75,29.4422,-189788,-3642.31,569.538,54.6893
0.11013,-33419.8,-118.445,19.2958,1.89101,137772,-10989,-188.86,29.4403,-189673,-3644.21,569.501,54.695
0.11014,-33419.8,-118.779,19.2946,1.8912,137991,-10987.6,-188.97,29.4384,-189557,-3646.1,569.465,54.7006
0.11015,-33419.8,-119.113,19.2935,1.89139,138209,-10986.2,-189.08,29.4365,-189441,-3648,569.429,54.7063
0.11016,-33419.8,-119.447,19.2923,1.89159,138427,-10984.9,-189.189,29.4346,-189325,-3649.89,569.392,54.712
0.11017,-33419.8,-119.781,19.2911,1.89178,138645,-10983.5,-189.299,29.4327,-189208,-3651.79,569.356,54.7177
0.11018,-33419.8,-120.115,19.2899,1.89197,138863,-10982.1,-189.409,29.4309,-189092,-3653.68,569.319,54.7234
0.11019,-33419.8,-120.45,19.2887,1.89216,139081,-10980.7,-189.519,29.429,-188976,-3655.57,569.283,54.7291
0.1102,-33419.8,-120.784,19.2875,1.89236,139299,-10979.3,-189.629,29.4271,-188859,-3657.46,569.246,54.7348
0.11021,-33419.8,-121.118,19.2863,1.89255,139516,-10977.9,-189.738,29.4252,-188742,-3659.34,569.209,54.7405
0.11022,-33419.8,-121.452,19.285,1.89274,139734,-10976.5,-189.848,29.4233,-188625,-3661.23,569.173,54.7462
0.11023,-33419.8,-121.786,19.2838,1.89294,139952,-10975.1,-189.958,29.4214,-188508,-3663.11,569.136,54.7519
0.11024,-33419.8,-122.12,19.2826,1.89313,140169,-10973.7,-190.068,29.4195,-188391,-3665,569.1,54.7576
0.11025,-33419.8,-122.454,19.2814,1.89332,140387,-10972.3,-190.177,29.4176,-188273,-3666.88,569.063,54.7633
0.11026,-33419.8,-122.789,19.2802,1.89351,140604,-10970.9,-190.287,29.4157,-188156,-3668.76,569.026,54.769
0.11027,-33419.8,-123.123,19.2789,1.89371,140822,-10969.5,-190.397,29.4138,-188038,-3670.65,568.99,54.7746
0.11028,-33419.8,-123.457,19.2777,1.8939,141039,-10968.1,-190.506,29.4119,-187920,-3672.52,568.953,54.7803
0.11029,-33419.8,-123.791,19.2765,1.89409,141256,-10966.7,-190.616,29.41,-187802,-3674.4,568.916,54.786
0.1103,-33419.8,-124.125,19.2752,1.89429,141473,-10965.3,-190.726,29.408,-187684,-3676.28,568.879,54.7917
0.11031,-33419.8,-124.459,19.274,1.89448,141690,-10963.9,-190.835,29.4061,-187566,-3678.16,568.843,54.7974
0.11032,-33419.8,-124.794,19.2727,1.89467,141908,-10962.4,-190.945,29.4042,-187447,-3680.03,568.806,54.8031
0.11033,-33419.8,-125.128,19.2715,1.89486,142125,-10961,-191.055,29.4023,-187329,-3681.9,568.769,54.8088
0.11034,-33419.8,-125.462,19.2702,1.89506,142341,-10959.6,-191.164,29.4004,-187210,-3683.78,568.732,54.8145
0.11035,-33419.8,-125.796,19.269,1.89525,142558,-10958.2,-191.274,29.3985,-187091,-3685.65,568.695,54.8202
0.11036,-33419.8,-126.13,19.2677,1.89544,142775,-10956.7,-191.383,29.3966,-186972,-3687.52,568.658,54.8258
0.11037,-33419.8,-126.464,19.2664,1.89563,142992,-10955.3,-191.493,29.3947,-186853,-3689.39,568.622,54.8315
0.11038,-33419.8,-126.799,19.2652,1.89583,143208,-10953.9,-191.602,29.3928,-186734,-3691.26,568.585,54.8372
0.11039,-33419.8,-127.133,19.2639,1.89602,143425,-10952.5,-191.712,29.3908,-186614,-3693.12,568.548,54.8429
0.1104,-33419.8,-127.467,19.2626,1.89621,143641,-10951,-191.821,29.3889,-186495,-3694.99,568.511,54.8486
0.11041,-33419.8,-127.801,19.2614,1.8964,143858,-10949.6,-191.931,29.387,-186375,-3696.85,568.474,54.8543
0.11042,-33419.8,-128.135,19.2601,1.8966,144074,-10948.1,-192.04,29.3851,-186255,-3698.71,568.437,54.86
0.11043,-33419.8,-128.469,19.2588,1.89679,144291,-10946.7,-192.15,29.3832,-186135,-3700.58,568.4,54.8656
0.11044,-33419.8,-128.803,19.2575,1.89698,144507,-10945.3,-192.259,29.3812,-186015,-3702.44,568.363,54.8713
0.11045,-33419.8,-129.138,19.2562,1.89717,144723,-10943.8,-192.369,29.3793,-185894,-3704.3,568.326,54.877
0.11046,-33419.8,-129.472,19.2549,1.89737,144939,-10942.4,-192.478,29.3774,-185774,-3706.15,568.289,54.8827
0.11047,-33419.8,-129.806,19.2536,1.89756,145155,-10940.9,-192.588,29.3755,-185653,-3708.01,568.252,54.8884
0.11048,-33419.8,-130.14,19.2523,1.89775,145371,-10939.5,-192.697,29.3735,-185533,-3709.87,568.215,54.8941
0.11049,-33419.8,-130.474,19.251,1.89794,145587,-10938,-192.806,29.3716,-185412,-3711.72,568.178,54.8997
0.1105,-33419.8,-130.808,19.2497,1.89814,145803,-10936.5,-192.916,29.3697,-185291,-3713.57,568.14,54.9054
0.11051,-33419.8,-131.143,19.2484,1.89833,146019,-10935.1,-193.025,29.3678,-185169,-3715.43,568.103,54.9111
0.11052,-33419.8,-131.477,19.2471,1.89852,146234,-10933.6,-193.134,29.3658,-185048,-3717.28,568.066,54.9168
0.11053,-33419.8,-131.811,19.2458,1.89871,146450,-10932.2,-193.244,29.3639,-184927,-3719.13,568.029,54.9225
0.11054,-33419.8,-132.145,19.2445,1.89891,146665,-10930.7,-193.353,29.362,-184805,-3720.97,567.992,54.9281
0.11055,-33419.8,-132.479,19.2431,1.8991,146881,-10929.2,-193.462,29.36,-184683,-3722.82,567.955,54.9338
0.11056,-33419.8,-132.813,19.2418,1.89929,147096,-10927.8,-193.572,29.3581,-184561,-3724.67,567.917,54.9395
0.11057,-33419.8,-133.147,19.2405,1.89948,147312,-10926.3,-193.681,29.3562,-184439,-3726.51,567.88,54.9452
0.11058,-33419.8,-133.482,19.2392,1.89968,147527,-10924.8,-193.79,29.3542,-184317,-3728.36,567.843,54.9509
0.11059,-33419.8,-133.816,19.2378,1.89987,147742,-10923.3,-193.899,29.3523,-184195,-3730.2,567.806,54.9565
0.1106,-33419.8,-134.15,19.2365,1.90006,147957,-10921.9,-194.008,29.3503,-184072,-3732.04,567.768,54.9622
0.11061,-33419.8,-134.484,19.2351,1.90025,148172,-10920.4,-194.118,29.3484,-183949,-3733.88,567.731,54.9679
0.11062,-33419.8,-134.818,19.2338,1.90045,148387,-10918.9,-194.227,29.3465,-183827,-3735.72,567.694,54.9736
0.11063,-33419.8,-135.152,19.2324,1.90064,148602,-10917.4,-194.336,29.3445,-183704,-3737.56,567.656,54.9792
0.11064,-33419.8,-135.487,19.2311,1.90083,148817,-10915.9,-194.445,29.3426,-183580,-3739.39,567.619,54.9849
0.11065,-33419.8,-135.821,19.2297,1.90102,149032,-10914.4,-194.554,29.3406,-183457,-3741.23,567.581,54.9906
0.11066,-33419.8,-136.155,19.2284,1.90121,149247,-10912.9,-194.663,29.3387,-183334,-3743.06,567.544,54.9963
0.11067,-33419.8,-136.489,19.227,1.90141,149461,-10911.5,-194.772,29.3367,-183210,-3744.89,567.507,55.0019
0.11068,-33419.8,-136.823,19.2256,1.9016,149676,-10910,-194.882,29.3348,-183087,-3746.72,567.469,55.0076
0.11069,-33419.8,-137.157,19.2243,1.90179,149891,-10908.5,-194.991,29.3328,-182963,-3748.55,567.432,55.0133
0.1107,-33419.8,-137.491,19.2229,1.90198,150105,-10907,-195.1,29.3309,-182839,-3750.38,567.394,55.019
0.11071,-33419.8,-137.826,19.2215,1.90218,150319,-10905.5,-195.209,29.3289,-182715,-3752.21,567.357,55.0246
0.11072,-33419.8,-138.16,19.2201,1.90237,150534,-10904,-195.318,29.327,-182591,-3754.04,567.319,55.0303
0.11073,-33419.8,-138.494,19.2188,1.90256,150748,-10902.4,-195.427,29.325,-182466,-3755.86,567.282,55.036
0.11074,-33419.8,-138.828,19.2174,1.90275,150962,-10900.9,-195.536,29.3231,-182342,-3757.69,567.244,55.0417
0.11075,-33419.8,-139.162,19.216,1.90294,151176,-10899.4,-195.645,29.3211,-182217,-3759.51,567.206,55.0473
0.11076,-33419.8,-139.496,19.2146,1.90314,151390,-10897.9,-195.754,29.3192,-182092,-3761.33,567.169,55.053
0.11077,-33419.8,-139.831,19.2132,1.90333,151604,-10896.4,-195.863,29.3172,-181967,-3763.15,567.131,55.0587
0.11078,-33419.8,-140.165,19.2118,1.90352,151818,-10894.9,-195.972,29.3152,-181842,-3764.97,567.094,55.0644
0.11079,-33419.8,-140.499,19.2104,1.90371,152032,-10893.4,-196.081,29.3133,-181717,-3766.79,567.056,55.07
0.1108,-33419.8,-140.833,19.209,1.90391,152246,-10891.8,-196.19,29.3113,-181591,-3768.6,567.018,55.0757
0.11081,-33419.8,-141.167,19.2076,1.9041,152460,-10890.3,-196.298,29.3094,-181466,-3770.42,566.981,55.0814
0.11082,-33419.8,-141.501,19.2062,1.90429,152673,-10888.8,-196.407,29.3074,-181340,-3772.23,566.943,55.087
0.11083,-33419.8,-141.835,19.2047,1.90448,152887,-10887.3,-196.516,29.3054,-181214,-3774.04,566.905,55.0927
0.11084,-33419.8,-142.17,19.2033,1.90467,153100,-10885.7,-196.625,29.3035,-181088,-3775.85,566.867,55.0984
0.11085,-33419.8,-142.504,19.2019,1.90487,153314,-10884.2,-196.734,29.3015,-180962,-3777.66,566.83,55.104
0.11086,-33419.8,-142.838,19.2005,1.90506,153527,-10882.7,-196.843,29.2995,-180836,-3779.47,566.792,55.1097
0.11087,-33419.8,-143.172,19.199,1.90525,153740,-10881.1,-196.951,29.2976,-180710,-3781.28,566.754,55.1154
0.11088,-33419.8,-143.506,19.1976,1.90544,153954,-10879.6,-197.06,29.2956,-180583,-3783.09,566.716,55.121
0.11089,-33419.8,-143.84,19.1962,1.90563,154167,-10878.1,-197.169,29.2936,-180456,-3784.89,566.678,55.1267
0.1109,-33419.8,-144.175,19.1947,1.90583,154380,-10876.5,-197.278,29.2916,-180329,-3786.7,566.641,55.1324
0.11091,-33419.8,-144.509,19.1933,1.90602,154593,-10875,-197.387,29.2897,-180202,-3788.5,566.603,55.138
0.11092,-33419.8,-144.843,19.1918,1.90621,154806,-10873.4,-197.495,29.2877,-180075,-3790.3,566.565,55.1437
0.11093,-33419.8,-145.177,19.1904,1.9064,155019,-10871.9,-197.604,29.2857,-179948,-3792.1,566.527,55.1494
0.11094,-33419.8,-145.511,19.1889,1.90659,155231,-10870.3,-197.713,29.2837,-179821,-3793.9,566.489,55.155
0.11095,-33419.8,-145.845,19.1875,1.90678,155444,-10868.8,-197.821,29.2818,-179693,-3795.7,566.451,55.1607
0.11096,-33419.8,-146.179,19.186,1.90698,155657,-10867.2,-197.93,29.2798,-179565,-3797.49,566.413,55.1664
0.11097,-33419.8,-146.514,19.1846,1.90717,155869,-10865.7,-198.039,29.2778,-179438,-3799.29,566.375,55.172
0.11098,-33419.8,-146.848,19.1831,1.90736,156082,-10864.1,-198.147,29.2758,-179310,-3801.08,566.337,55.1777
0.11099,-33419.8,-147.182,19.1816,1.90755,156294,-10862.5,-198.256,29.2738,-179182,-3802.87,566.299,55.1834
0.111,-33419.8,-147.516,19.1802,1.90774,156507,-10861,-198.365,29.2719,-179053,-3804.66,566.261,55.189
0.11101,-33419.8,-147.85,19.1787,1.90794,156719,-10859.4,-198.473,29.2699,-178925,-3806.45,566.223,55.1947
0.11102,-33419.8,-148.184,19.1772,1.90813,156931,-10857.8,-198.582,29.2679,-178796,-3808.24,566.185,55.2003
0.11103,-33419.8,-148.519,19.1757,1.90832,157143,-10856.3,-198.69,29.2659,-178668,-3810.03,566.147,55.206
0.11104,-33419.8,-148.853,19.1742,1.90851,157355,-10854.7,-198.799,29.2639,-178539,-3811.81,566.109,55.2117
0.11105,-33419.8,-149.187,19.1727,1.9087,157567,-10853.1,-198.907,29.2619,-178410,-3813.6,566.071,55.2173
0.11106,-33419.8,-149.521,19.1712,1.90889,157779,-10851.5,-199.016,29.2599,-178281,-3815.38,566.032,55.223
0.11107,-33419.8,-149.855,19.1697,1.90909,157991,-10850,-199.124,29.2579,-178151,-3817.16,565.994,55.2286
0.11108,-33419.8,-150.189,19.1682,1.90928,158203,-10848.4,-199.233,29.256,-178022,-3818.94,565.956,55.2343
0.11109,-33419.8,-150.523,19.1667,1.90947,158415,-10846.8,-199.341,29.254,-177892,-3820.72,565.918,55.24
0.1111,-33419.8,-150.858,19.1652,1.90966,158626,-10845.2,-199.45,29.252,-177763,-3822.5,565.88,55.2456
0.11111,-33419.8,-151.192,19.1637,1.90985,158838,-10843.6,-199.558,29.25,-177633,-3824.28,565.841,55.2513
0.11112,-33419.8,-151.526,19.1622,1.91004,159050,-10842,-199.667,29.248,-177503,-3826.05,565.803,55.2569
0.11113,-33419.8,-151.86,19.1607,1.91024,159261,-10840.5,-199.775,29.246,-177373,-3827.83,565.765,55.2626
0.11114,-33419.8,-152.194,19.1592,1.91043,159472,-10838.9,-199.883,29.244,-177243,-3829.6,565.727,55.2683
0.11115,-33419.8,-152.528,19.1577,1.91062,159684,-10837.3,-199.992,29.242,-177112,-3831.37,565.688,55.2739
0.11116,-33419.8,-152.863,19.1561,1.91081,159895,-10835.7,-200.1,29.24,-176982,-3833.14,565.65,55.2796
0.11117,-33419.8,-153.197,19.1546,1.911,160106,-10834.1,-200.208,29.238,-176851,-3834.91,565.612,55.2852
0.11118,-33419.8,-153.531,19.1531,1.91119,160317,-10832.5,-200.317,29.236,-176720,-3836.68,565.573,55.2909
0.11119,-33419.8,-153.865,19.1515,1.91138,160528,-10830.9,-200.425,29.234,-176589,-3838.44,565.535,55.2965
0.1112,-33419.8,-154.199,19.15,1.91158,160739,-10829.3,-200.533,29.232,-176458,-3840.21,565.497,55.3022
0.11121,-33419.8,-154.533,19.1484,1.91177,160950,-10827.6,-200.642,29.23,-176327,-3841.97,565.458,55.3078
0.11122,-33419.8,-154.867,19.1469,1.91196,161161,-10826,-200.75,29.228,-176195,-3843.74,565.42,55.3135
0.11123,-33419.8,-155.202,19.1453,1.91215,161371,-10824.4,-200.858,29.226,-176064,-3845.5,565.381,55.3192
0.11124,-33419.8,-155.536,19.1438,1.91234,161582,-10822.8,-200.966,29.2239,-175932,-3847.26,565.343,55.3248
0.11125,-33419.8,-155.87,19.1422,1.91253,161793,-10821.2,-201.074,29.2219,-175800,-3849.01,565.304,55.3305
0.11126,-33419.8,-156.204,19.1407,1.91272,162003,-10819.6,-201.183,29.2199,-175668,-3850.77,565.266,55.3361
0.11127,-33419.8,-156.538,19.1391,1.91292,162214,-10818,-201.291,29.2179,-175536,-3852.53,565.227,55.3418
0.11128,-33419.8,-156.872,19.1375,1.91311,162424,-10816.3,-201.399,29.2159,-175404,-3854.28,565.189,55.3474
0.11129,-33419.8,-157.207,19.136,1.9133,162634,-10814.7,-201.507,29.2139,-175272,-3856.04,565.15,55.3531
0.1113,-33419.8,-157.541,19.1344,1.91349,162845,-10813.1,-201.615,29.2119,-175139,-3857.79,565.112,55.3587
0.11131,-33419.8,-157.875,19.1328,1.91368,163055,-10811.4,-201.723,29.2098,-175006,-3859.54,565.073,55.3644
0.11132,-33419.8,-158.209,19.1312,1.91387,163265,-10809.8,-201.831,29.2078,-174874,-3861.29,565.035,55.37
0.11133,-33419.8,-158.543,19.1297,1.91406,163475,-10808.2,-201.94,29.2058,-174741,-3863.03,564.996,55.3757
0.11134,-33419.8,-158.877,19.1281,1.91426,163685,-10806.5,-202.048,29.2038,-174608,-3864.78,564.957,55.3813
0.11135,-33419.8,-159.211,19.1265,1.91445,163895,-10804.9,-202.156,29.2018,-174474,-3866.53,564.919,55.387
0.11136,-33419.8,-159.546,19.1249,1.91464,164104,-10803.3,-202.264,29.1997,-174341,-3868.27,564.88,55.3926
0.11137,-33419.8,-159.88,19.1233,1.91483,164314,-10801.6,-202.372,29.1977,-174208,-3870.01,564.841,55.3983
0.11138,-33419.8,-160.214,19.1217,1.91502,164524,-10800,-202.48,29.1957,-174074,-3871.75,564.803,55.4039
0.11139,-33419.8,-160.548,19.1201,1.91521,164733,-10798.3,-202.588,29.1937,-173940,-3873.49,564.764,55.4096
0.1114,-33419.8,-160.882,19.1185,1.9154,164943,-10796.7,-202.696,29.1917,-173806,-3875.23,564.725,55.4152
0.11141,-33419.8,-161.216,19.1169,1.91559,165152,-10795,-202.804,29.1896,-173672,-3876.97,564.686,55.4209
0.11142,-33419.8,-161.551,19.1153,1.91578,165362,-10793.4,-202.911,29.1876,-173538,-3878.71,564.648,55.4265
0.11143,-33419.8,-161.885,19.1136,1.91598,165571,-10791.7,-203.019,29.1856,-173404,-3880.44,564.609,55.4322
0.11144,-33419.8,-162.219,19.112,1.91617,165780,-10790.1,-203.127,29.1835,-173269,-3882.17,564.57,55.4378
0.11145,-33419.8,-162.553,19.1104,1.91636,165989,-10788.4,-203.235,29.1815,-173134,-3883.91,564.531,55.4434
0.11146,-33419.8,-162.887,19.1088,1.91655,166198,-10786.8,-203.343,29.1795,-173000,-3885.64,564.492,55.4491
0.11147,-33419.8,-163.221,19.1071,1.91674,166407,-10785.1,-203.451,29.1774,-172865,-3887.36,564.453,55.4547
0.11148,-33419.8,-163.555,19.1055,1.91693,166616,-10783.4,-203.559,29.1754,-172730,-3889.09,564.415,55.4604
0.11149,-33419.8,-163.89,19.1039,1.91712,166825,-10781.8,-203.667,29.1734,-172595,-3890.82,564.376,55.466
0.1115,-33419.8,-164.224,19.1022,1.91731,167034,-10780.1,-203.774,29.1713,-172459,-3892.54,564.337,55.4717
0.11151,-33419.8,-164.558,19.1006,1.9175,167242,-10778.4,-203.882,29.1693,-172324,-3894.27,564.298,55.4773
0.11152,-33419.8,-164.892,19.0989,1.9177,167451,-10776.7,-203.99,29.1672,-172188,-3895.99,564.259,55.483
0.11153,-33419.8,-165.226,19.0973,1.91789,167660,-10775.1,-204.098,29.1652,-172052,-3897.71,564.22,55.4886
0.11154,-33419.8,-165.56,19.0956,1.91808,167868,-10773.4,-204.205,29.1632,-171917,-3899.43,564.181,55.4942
0.11155,-33419.8,-165.895,19.094,1.91827,168077,-10771.7,-204.313,29.1611,-171780,-3901.15,564.142,55.4999
0.11156,-33419.8,-166.229,19.0923,1.91846,168285,-10770,-204.421,29.1591,-171644,-3902.87,564.103,55.5055
0.11157,-33419.8,-166.563,19.0907,1.91865,168493,-10768.4,-204.528,29.157,-171508,-3904.58,564.064,55.5112
0.11158,-33419.8,-166.897,19.089,1.91884,168701,-10766.7,-204.636,29.155,-171372,-3906.3,564.025,55.5168
0.11159,-33419.8,-167.231,19.0873,1.91903,168909,-10765,-204.744,29.1529,-171235,-3908.01,563.986,55.5224
0.1116,-33419.8,-167.565,19.0856,1.91922,169117,-10763.3,-204.851,29.1509,-171098,-3909.72,563.947,55.5281
0.11161,-33419.8,-167.899,19.084,1.91941,169325,-10761.6,-204.959,29.1488,-170961,-3911.43,563.908,55.5337
0.11162,-33419.8,-168.234,19.0823,1.9196,169533,-10759.9,-205.067,29.1468,-170824,-3913.14,563.869,55.5394
0.11163,-33419.8,-168.568,19.0806,1.91979,169741,-10758.2,-205.174,29.1447,-170687,-3914.85,563.829,55.545
0.11164,-33419.8,-168.902,19.0789,1.91999,169949,-10756.5,-205.282,29.1427,-170550,-3916.55,563.79,55.5506
0.11165,-33419.8,-169.236,19.0772,1.92018,170156,-10754.8,-205.389,29.1406,-170413,-3918.26,563.751,55.5563
0.11166,-33419.8,-169.57,19.0755,1.92037,170364,-10753.1,-205.497,29.1386,-170275,-3919.96,563.712,55.5619
0.11167,-33419.8,-169.904,19.0738,1.92056,170572,-10751.4,-205.604,29.1365,-170137,-3921.66,563.673,55.5676
0.11168,-33419.8,-170.239,19.0721,1.92075,170779,-10749.7,-205.712,29.1345,-170000,-3923.36,563.633,55.5732
0.11169,-33419.8,-170.573,19.0704,1.92094,170986,-10748,-205.819,29.1324,-169862,-3925.06,563.594,55.5788
0.1117,-33419.8,-170.907,19.0687,1.92113,171194,-10746.3,-205.927,29.1304,-169723,-3926.76,563.555,55.5845
0.11171,-33419.8,-171.241,19.067,1.92132,171401,-10744.6,-206.034,29.1283,-169585,-3928.46,563.516,55.5901
0.11172,-33419.8,-171.575,19.0653,1.92151,171608,-10742.8,-206.142,29.1262,-169447,-3930.15,563.476,55.5957
0.11173,-33419.8,-171.909,19.0636,1.9217,171815,-10741.1,-206.249,29.1242,-169308,-3931.84,563.437,55.6014
0.11174,-33419.8,-172.243,19.0619,1.92189,172022,-10739.4,-206.356,29.1221,-169170,-3933.54,563.398,55.607
0.11175,-33419.8,-172.578,19.0601,1.92208,172229,-10737.7,-206.464,29.12,-169031,-3935.23,563.358,55.6126
0.11176,-33419.8,-172.912,19.0584,1.92227,172436,-10736,-206.571,29.118,-168892,-3936.92,563.319,55.6183
0.11177,-33419.8,-173.246,19.0567,1.92246,172643,-10734.2,-206.678,29.1159,-168753,-3938.6,563.28,55.6239
0.11178,-33419.8,-173.58,19.0549,1.92265,172849,-10732.5,-206.786,29.1138,-168614,-3940.29,563.24,55.6295
0.11179,-33419.8,-173.914,19.0532,1.92285,173056,-10730.8,-206.893,29.1118,-168474,-3941.98,563.201,55.6352
0.1118,-33419.8,-174.248,19.0515,1.92304,173262,-10729.1,-207,29.1097,-168335,-3943.66,563.161,55.6408
0.11181,-33419.8,-174.583,19.0497,1.92323,173469,-10727.3,-207.108,29.1076,-168195,-3945.34,563.122,55.6464
0.11182,-33419.8,-174.917,19.048,1.92342,173675,-10725.6,-207.215,29.1056,-168055,-3947.02,563.083,55.6521
0.11183,-33419.8,-175.251,19.0462,1.92361,173882,-10723.8,-207.322,29.1035,-167915,-3948.7,563.043,55.6577
0.11184,-33419.8,-175.585,19.0445,1.9238,174088,-10722.1,-207.429,29.1014,-167775,-3950.38,563.004,55.6633
0.11185,-33419.8,-175.919,19.0427,1.92399,174294,-10720.4,-207.536,29.0993,-167635,-3952.06,562.964,55.6689
0.11186,-33419.8,-176.253,19.041,1.92418,174500,-10718.6,-207.644,29.0973,-167495,-3953.73,562.925,55.6746
0.11187,-33419.8,-176.587,19.0392,1.92437,174706,-10716.9,-207.751,29.0952,-167354,-3955.41,562.885,55.6802
0.11188,-33419.8,-176.922,19.0374,1.92456,174912,-10715.1,-207.858,29.0931,-167214,-3957.08,562.846,55.6858
0.11189,-33419.8,-177.256,19.0357,1.92475,175118,-10713.4,-207.965,29.091,-167073,-3958.75,562.806,55.6915
0.1119,-33419.8,-177.59,19.0339,1.92494,175324,-10711.6,-208.072,29.089,-166932,-3960.42,562.766,55.6971
0.11191,-33419.8,-177.924,19.0321,1.92513,175530,-10709.9,-208.179,29.0869,-166791,-3962.09,562.727,55.7027
0.11192,-33419.8,-178.258,19.0303,1.92532,175735,-10708.1,-208.286,29.0848,-166650,-3963.76,562.687,55.7083
0.11193,-33419.8,-178.592,19.0285,1.92551,175941,-10706.4,-208.393,29.0827,-166509,-3965.42,562.647,55.714
0.11194,-33419.8,-178.927,19.0267,1.9257,176146,-10704.6,-208.5,29.0806,-166367,-3967.09,562.608,55.7196
0.11195,-33419.8,-179.261,19.025,1.92589,176352,-10702.8,-208.607,29.0785,-166226,-3968.75,562.568,55.7252
0.11196,-33419.8,-179.595,19.0232,1.92608,176557,-10701.1,-208.714,29.0765,-166084,-3970.41,562.528,55.7309
0.11197,-33419.8,-179.929,19.0214,1.92627,176762,-10699.3,-208.821,29.0744,-165942,-3972.07,562.489,55.7365
0.11198,-33419.8,-180.263,19.0196,1.92646,176967,-10697.5,-208.928,29.0723,-165800,-3973.73,562.449,55.7421
0.11199,-33419.8,-180.597,19.0178,1.92665,177173,-10695.8,-209.035,29.0702,-165658,-3975.38,562.409,55.7477
0.112,-33419.8,-180.931,19.016,1.92684,177378,-10694,-209.142,29.0681,-165516,-3977.04,562.37,55.7533
0.11201,-33419.8,-181.266,19.0141,1.92703,177583,-10692.2,-209.249,29.066,-165374,-3978.69,562.33,55.759
0.11202,-33419.8,-181.6,19.0123,1.92722,177787,-10690.4,-209.356,29.0639,-165231,-3980.35,562.29,55.7646
0.11203,-33419.8,-181.934,19.0105,1.92741,177992,-10688.7,-209.463,29.0618,-165089,-3982,562.25,55.7702
0.11204,-33419.8,-182.268,19.0087,1.9276,178197,-10686.9,-209.57,29.0597,-164946,-3983.65,562.21,55.7758
0.11205,-33419.8,-182.602,19.0069,1.92779,178402,-10685.1,-209.677,29.0576,-164803,-3985.3,562.171,55.7815
0.11206,-33419.8,-182.936,19.005,1.92798,178606,-10683.3,-209.784,29.0555,-164660,-3986.94,562.131,55.7871
0.11207,-33419.8,-183.271,19.0032,1.92817,178811,-10681.5,-209.89,29.0534,-164517,-3988.59,562.091,55.7927
0.11208,-33419.8,-183.605,19.0014,1.92836,179015,-10679.7,-209.997,29.0513,-164373,-3990.23,562.051,55.7983
0.11209,-33419.8,-183.939,18.9995,1.92855,179219,-10677.9,-210.104,29.0492,-164230,-3991.88,562.011,55.8039
0.1121,-33419.8,-184.273,18.9977,1.92874,179424,-10676.2,-210.211,29.0471,-164086,-3993.52,561.971,55.8096
0.11211,-33419.8,-184.607,18.9959,1.92893,179628,-10674.4,-210.317,29.045,-163942,-3995.16,561.931,55.8152
0.11212,-33419.8,-184.941,18.994,1.92912,179832,-10672.6,-210.424,29.0429,-163799,-3996.8,561.891,55.8208
0.11213,-33419.8,-185.275,18.9922,1.92931,180036,-10670.8,-210.531,29.0408,-163655,-3998.43,561.851,55.8264
0.11214,-33419.8,-185.61,18.9903,1.9295,180240,-10669,-210.638,29.0387,-163510,-4000.07,561.811,55.832
0.11215,-33419.8,-185.944,18.9884,1.92969,180444,-10667.2,-210.744,29.0366,-163366,-4001.7,561.771,55.8377
0.11216,-33419.8,-186.278,18.9866,1.92988,180648,-10665.4,-210.851,29.0345,-163222,-4003.34,561.731,55.8433
0.11217,-33419.8,-186.612,18.9847,1.93007,180852,-10663.5,-210.958,29.0324,-163077,-4004.97,561.691,55.8489
0.11218,-33419.8,-186.946,18.9828,1.93026,181055,-10661.7,-211.064,29.0303,-162933,-4006.6,561.651,55.8545
0.11219,-33419.8,-187.28,18.981,1.93045,181259,-10659.9,-211.171,29.0282,-162788,-4008.23,561.611,55.8601
0.1122,-33419.8,-187.615,18.9791,1.93064,181462,-10658.1,-211.277,29.0261,-162643,-4009.85,561.571,55.8657
0.11221,-33419.8,-187.949,18.9772,1.93083,181666,-10656.3,-211.384,29.0239,-162498,-4011.48,561.531,55.8714
0.11222,-33419.8,-188.283,18.9753,1.93102,181869,-10654.5,-211.49,29.0218,-162352,-4013.1,561.491,55.877
0.11223,-33419.8,-188.617,18.9735,1.93121,182072,-10652.7,-211.597,29.0197,-162207,-4014.73,561.451,55.8826
0.11224,-33419.8,-188.951,18.9716,1.9314,182276,-10650.8,-211.703,29.0176,-162062,-4016.35,561.41,55.8882
0.11225,-33419.8,-189.285,18.9697,1.93159,182479,-10649,-211.81,29.0155,-161916,-4017.97,561.37,55.8938
0.11226,-33419.8,-189.619,18.9678,1.93178,182682,-10647.2,-211.916,29.0134,-161770,-4019.58,561.33,55.8994
0.11227,-33419.8,-189.954,18.9659,1.93197,182885,-10645.4,-212.023,29.0112,-161624,-4021.2,561.29,55.905
0.11228,-33419.8,-190.288,18.964,1.93216,183088,-10643.5,-212.129,29.0091,-161478,-4022.82,561.25,55.9107
0.11229,-33419.8,-190.622,18.9621,1.93235,183290,-10641.7,-212.236,29.007,-161332,-4024.43,561.209,55.9163
0.1123,-33419.8,-190.956,18.9602,1.93254,183493,-10639.9,-212.342,29.0049,-161186,-4026.04,561.169,55.9219
0.11231,-33419.8,-191.29,18.9583,1.93273,183696,-10638,-212.448,29.0027,-161039,-4027.65,561.129,55.9275
0.11232,-33419.8,-191.624,18.9564,1.93292,183898,-10636.2,-212.555,29.0006,-160893,-4029.26,561.089,55.9331
0.11233,-33419.8,-191.959,18.9544,1.93311,184101,-10634.4,-212.661,28.9985,-160746,-4030.87,561.048,55.9387
0.11234,-33419.8,-192.293,18.9525,1.9333,184303,-10632.5,-212.767,28.9964,-160599,-4032.48,561.008,55.9443
0.11235,-33419.8,-192.627,18.9506,1.93349,184506,-10630.7,-212.874,28.9942,-160452,-4034.08,560.968,55.9499
0.11236,-33419.8,-192.961,18.9487,1.93367,184708,-10628.8,-212.98,28.9921,-160305,-4035.69,560.927,55.9555
0.11237,-33419.8,-193.295,18.9467,1.93386,184910,-10627,-213.086,28.99,-160158,-4037.29,560.887,55.9611
0.11238,-33419.8,-193.629,18.9448,1.93405,185112,-10625.1,-213.193,28.9879,-160011,-4038.89,560.847,55.9668
0.11239,-33419.8,-193.963,18.9429,1.93424,185314,-10623.3,-213.299,28.9857,-159863,-4040.49,560.806,55.9724
0.1124,-33419.8,-194.298,18.9409,1.93443,185516,-10621.4,-213.405,28.9836,-159715,-4042.09,560.766,55.978
0.11241,-33419.8,-194.632,18.939,1.93462,185718,-10619.6,-213.511,28.9815,-159568,-4043.68,560.725,55.9836
0.11242,-33419.8,-194.966,18.937,1.93481,185920,-10617.7,-213.617,28.9793,-159420,-4045.28,560.685,55.9892
0.11243,-33419.8,-195.3,18.9351,1.935,186122,-10615.8,-213.723,28.9772,-159272,-4046.87,560.645,55.9948
0.11244,-33419.8,-195.634,18.9331,1.93519,186323,-10614,-213.83,28.975,-159123,-4048.46,560.604,56.0004
0.11245,-33419.8,-195.968,18.9312,1.93538,186525,-10612.1,-213.936,28.9729,-158975,-4050.05,560.564,56.006
0.11246,-33419.8,-196.303,18.9292,1.93557,186726,-10610.3,-214.042,28.9708,-158827,-4051.64,560.523,56.0116
0.11247,-33419.8,-196.637,18.9272,1.93576,186928,-10608.4,-214.148,28.9686,-158678,-4053.23,560.483,56.0172
0.11248,-33419.8,-196.971,18.9253,1.93595,187129,-10606.5,-214.254,28.9665,-158529,-4054.81,560.442,56.0228
0.11249,-33419.8,-197.305,18.9233,1.93614,187330,-10604.6,-214.36,28.9643,-158381,-4056.4,560.401,56.0284
0.1125,-33419.8,-197.639,18.9213,1.93633,187532,-10602.8,-214.466,28.9622,-158232,-4057.98,560.361,56.034
0.11251,-33419.8,-197.973,18.9193,1.93651,187733,-10600.9,-214.572,28.96,-158082,-4059.56,560.32,56.0396
0.11252,-33419.8,-198.307,18.9174,1.9367,187934,-10599,-214.678,28.9579,-157933,-4061.14,560.28,56.0452
0.11253,-33419.8,-198.642,18.9154,1.93689,188135,-10597.1,-214.784,28.9558,-157784,-4062.72,560.239,56.0508
0.11254,-33419.8,-198.976,18.9134,1.93708,188336,-10595.3,-214.89,28.9536,-157634,-4064.3,560.198,56.0564
0.11255,-33419.8,-199.31,18.9114,1.93727,188536,-10593.4,-214.996,28.9515,-157485,-4065.87,560.158,56.062
0.11256,-33419.8,-199.644,18.9094,1.93746,188737,-10591.5,-215.102,28.9493,-157335,-4067.45,560.117,56.0676
0.11257,-33419.8,-199.978,18.9074,1.93765,188938,-10589.6,-215.208,28.9472,-157185,-4069.02,560.076,56.0732
0.11258,-33419.8,-200.312,18.9054,1.93784,189138,-10587.7,-215.314,28.945,-157035,-4070.59,560.036,56.0788
0.11259,-33419.8,-200.647,18.9034,1.93803,189339,-10585.8,-215.419,28.9428,-156885,-4072.16,559.995,56.0844
0.1126,-33419.8,-200.981,18.9014,1.93822,189539,-10583.9,-215.525,28.9407,-156734,-4073.73,559.954,56.09
0.11261,-33419.8,-201.315,18.8994,1.93841,189739,-10582,-215.631,28.9385,-156584,-4075.29,559.914,56.0956
0.11262,-33419.8,-201.649,18.8974,1.93859,189940,-10580.1,-215.737,28.9364,-156433,-4076.86,559.873,56.1012
0.11263,-33419.8,-201.983,18.8954,1.93878,190140,-10578.2,-215.843,28.9342,-156283,-4078.42,559.832,56.1068
0.11264,-33419.8,-202.317,18.8933,1.93897,190340,-10576.3,-215.948,28.9321,-156132,-4079.98,559.791,56.1124
0.11265,-33419.8,-202.651,18.8913,1.93916,190540,-10574.4,-216.054,28.9299,-155981,-4081.54,559.75,56.118
0.11266,-33419.8,-202.986,18.8893,1.93935,190740,-10572.5,-216.16,28.9277,-155830,-4083.1,559.71,56.1236
0.11267,-33419.8,-203.32,18.8872,1.93954,190940,-10570.6,-216.266,28.9256,-155679,-4084.66,559.669,56.1292
0.11268,-33419.8,-203.654,18.8852,1.93973,191139,-10568.7,-216.371,28.9234,-155527,-4086.22,559.628,56.1348
0.11269,-33419.8,-203.988,18.8832,1.93992,191339,-10566.8,-216.477,28.9213,-155376,-4087.77,559.587,56.1404
0.1127,-33419.8,-204.322,18.8811,1.94011,191539,-10564.9,-216.583,28.9191,-155224,-4089.32,559.546,56.146
0.11271,-33419.8,-204.656,18.8791,1.94029,191738,-10562.9,-216.688,28.9169,-155072,-4090.88,559.505,56.1516
0.11272,-33419.8,-204.991,18.877,1.94048,191938,-10561,-216.794,28.9148,-154920,-4092.42,559.464,56.1572
0.11273,-33419.8,-205.325,18.875,1.94067,192137,-10559.1,-216.899,28.9126,-154768,-4093.97,559.424,56.1628
0.11274,-33419.8,-205.659,18.8729,1.94086,192336,-10557.2,-217.005,28.9104,-154616,-4095.52,559.383,56.1684
0.11275,-33419.8,-205.993,18.8709,1.94105,192536,-10555.3,-217.11,28.9082,-154464,-4097.06,559.342,56.174
0.11276,-33419.8,-206.327,18.8688,1.94124,192735,-10553.3,-217.216,28.9061,-154311,-4098.61,559.301,56.1796
0.11277,-33419.8,-206.661,18.8668,1.94143,192934,-10551.4,-217.321,28.9039,-154159,-4100.15,559.26,56.1852
0.11278,-33419.8,-206.995,18.8647,1.94161,193133,-10549.5,-217.427,28.9017,-154006,-4101.69,559.219,56.1908
0.11279,-33419.8,-207.33,18.8626,1.9418,193332,-10547.5,-217.532,28.8996,-153853,-4103.23,559.178,56.1964
0.1128,-33419.8,-207.664,18.8605,1.94199,193531,-10545.6,-217.638,28.8974,-153700,-4104.77,559.137,56.202
0.11281,-33419.8,-207.998,18.8585,1.94218,193729,-10543.7,-217.743,28.8952,-153547,-4106.3,559.096,56.2075
0.11282,-33419.8,-208.332,18.8564,1.94237,193928,-10541.7,-217.849,28.893,-153394,-4107.84,559.055,56.2131
0.11283,-33419.8,-208.666,18.8543,1.94256,194127,-10539.8,-217.954,28.8908,-153241,-4109.37,559.013,56.2187
0.11284,-33419.8,-209,18.8522,1.94275,194325,-10537.9,-218.06,28.8887,-153087,-4110.9,558.972,56.2243
0.11285,-33419.8,-209.335,18.8501,1.94293,194523,-10535.9,-218.165,28.8865,-152934,-4112.43,558.931,56.2299
0.11286,-33419.8,-209.669,18.848,1.94312,194722,-10534,-218.27,28.8843,-152780,-4113.96,558.89,56.2355
0.11287,-33419.8,-210.003,18.8459,1.94331,194920,-10532,-218.376,28.8821,-152626,-4115.49,558.849,56.2411
0.11288,-33419.8,-210.337,18.8438,1.9435,195118,-10530.1,-218.481,28.8799,-152472,-4117.01,558.808,56.2467
0.11289,-33419.8,-210.671,18.8417,1.94369,195316,-10528.1,-218.586,28.8777,-152318,-4118.54,558.767,56.2523
0.1129,-33419.8,-211.005,18.8396,1.94388,195514,-10526.2,-218.691,28.8756,-152164,-4120.06,558.725,56.2578
0.11291,-33419.8,-211.339,18.8375,1.94407,195712,-10524.2,-218.797,28.8734,-152009,-4121.58,558.684,56.2634
0.11292,-33419.8,-211.674,18.8354,1.94425,195910,-10522.3,-218.902,28.8712,-151855,-4123.1,558.643,56.269
0.11293,-33419.8,-212.008,18.8333,1.94444,196108,-10520.3,-219.007,28.869,-151700,-4124.62,558.602,56.2746
0.11294,-33419.8,-212.342,18.8311,1.94463,196306,-10518.3,-219.112,28.8668,-151545,-4126.13,558.56,56.2802
0.11295,-33419.8,-212.676,18.829,1.94482,196503,-10516.4,-219.217,28.8646,-151391,-4127.65,558.519,56.2858
0.11296,-33419.8,-213.01,18.8269,1.94501,196701,-10514.4,-219.322,28.8624,-151236,-4129.16,558.478,56.2914
0.11297,-33419.8,-213.344,18.8248,1.94519,196898,-10512.4,-219.428,28.8602,-151080,-4130.67,558.437,56.2969
0.11298,-33419.8,-213.679,18.8226,1.94538,197096,-10510.5,-219.533,28.858,-150925,-4132.18,558.395,56.3025
0.11299,-33419.8,-214.013,18.8205,1.94557,197293,-10508.5,-219.638,28.8558,-150770,-4133.69,558.354,56.3081
0.113,-33419.8,-214.347,18.8183,1.94576,197490,-10506.5,-219.743,28.8536,-150614,-4135.2,558.313,56.3137
0.11301,-33419.8,-214.681,18.8162,1.94595,197687,-10504.5,-219.848,28.8514,-150458,-4136.7,558.271,56.3193
0.11302,-33419.8,-215.015,18.814,1.94614,197884,-10502.6,-219.953,28.8492,-150303,-4138.21,558.23,56.3249
0.11303,-33419.8,-215.349,18.8119,1.94632,198081,-10500.6,-220.058,28.847,-150147,-4139.71,558.189,56.3304
0.11304,-33419.8,-215.683,18.8097,1.94651,198278,-10498.6,-220.163,28.8448,-149991,-4141.21,558.147,56.336
0.11305,-33419.8,-216.018,18.8076,1.9467,198475,-10496.6,-220.268,28.8426,-149834,-4142.71,558.106,56.3416
0.11306,-33419.8,-216.352,18.8054,1.94689,198672,-10494.6,-220.373,28.8404,-149678,-4144.2,558.064,56.3472
0.11307,-33419.8,-216.686,18.8033,1.94708,198868,-10492.6,-220.478,28.8382,-149522,-4145.7,558.023,56.3528
0.11308,-33419.8,-217.02,18.8011,1.94726,199065,-10490.7,-220.583,28.836,-149365,-4147.19,557.981,56.3584
0.11309,-33419.8,-217.354,18.7989,1.94745,199261,-10488.7,-220.687,28.8338,-149208,-4148.69,557.94,56.3639
0.1131,-33419.8,-217.688,18.7967,1.94764,199458,-10486.7,-220.792,28.8316,-149051,-4150.18,557.898,56.3695
0.11311,-33419.8,-218.023,18.7946,1.94783,199654,-10484.7,-220.897,28.8294,-148894,-4151.67,557.857,56.3751
0.11312,-33419.8,-218.357,18.7924,1.94802,199850,-10482.7,-221.002,28.8272,-148737,-4153.15,557.815,56.3807
0.11313,-33419.8,-218.691,18.7902,1.9482,200047,-10480.7,-221.107,28.825,-148580,-4154.64,557.774,56.3862
0.11314,-33419.8,-219.025,18.788,1.94839,200243,-10478.7,-221.212,28.8228,-148423,-4156.13,557.732,56.3918
0.11315,-33419.8,-219.359,18.7858,1.94858,200439,-10476.7,-221.316,28.8206,-148265,-4157.61,557.691,56.3974
0.11316,-33419.8,-219.693,18.7836,1.94877,200635,-10474.7,-221.421,28.8183,-148108,-4159.09,557.649,56.403
0.11317,-33419.8,-220.027,18.7814,1.94895,200830,-10472.7,-221.526,28.8161,-147950,-4160.57,557.608,56.4086
0.11318,-33419.8,-220.362,18.7792,1.94914,201026,-10470.7,-221.631,28.8139,-147792,-4162.05,557.566,56.4141
0.11319,-33419.8,-220.696,18.777,1.94933,201222,-10468.6,-221.735,28.8117,-147634,-4163.53,557.524,56.4197
0.1132,-33419.8,-221.03,18.7748,1.94952,201418,-10466.6,-221.84,28.8095,-147476,-4165,557.483,56.4253
0.11321,-33419.8,-221.364,18.7726,1.94971,201613,-10464.6,-221.945,28.8073,-147318,-4166.48,557.441,56.4309
0.11322,-33419.8,-221.698,18.7704,1.94989,201808,-10462.6,-222.049,28.805,-147159,-4167.95,557.399,56.4364
0.11323,-33419.8,-222.032,18.7682,1.95008,202004,-10460.6,-222.154,28.8028,-147001,-4169.42,557.358,56.442
0.11324,-33419.8,-222.367,18.7659,1.95027,202199,-10458.6,-222.258,28.8006,-146842,-4170.89,557.316,56.4476
0.11325,-33419.8,-222.701,18.7637,1.95046,202394,-10456.5,-222.363,28.7984,-146683,-4172.36,557.274,56.4531
0.11326,-33419.8,-223.035,18.7615,1.95064,202589,-10454.5,-222.467,28.7962,-146524,-4173.82,557.233,56.4587
0.11327,-33419.8,-223.369,18.7593,1.95083,202784,-10452.5,-222.572,28.7939,-146365,-4175.28,557.191,56.4643
0.11328,-33419.8,-223.703,18.757,1.95102,202979,-10450.5,-222.677,28.7917,-146206,-4176.75,557.149,56.4699
0.11329,-33419.8,-224.037,18.7548,1.95121,203174,-10448.4,-222.781,28.7895,-146047,-4178.21,557.107,56.4754
0.1133,-33419.8,-224.371,18.7525,1.95139,203369,-10446.4,-222.885,28.7872,-145887,-4179.67,557.066,56.481
0.11331,-33419.8,-224.706,18.7503,1.95158,203564,-10444.4,-222.99,28.785,-145728,-4181.13,557.024,56.4866
0.11332,-33419.8,-225.04,18.748,1.95177,203758,-10442.3,-223.094,28.7828,-145568,-4182.58,556.982,56.4921
0.11333,-33419.8,-225.374,18.7458,1.95196,203953,-10440.3,-223.199,28.7806,-145408,-4184.04,556.94,56.4977
0.11334,-33419.8,-225.708,18.7435,1.95214,204147,-10438.2,-223.303,28.7783,-145248,-4185.49,556.898,56.5033
0.11335,-33419.8,-226.042,18.7413,1.95233,204342,-10436.2,-223.407,28.7761,-145088,-4186.94,556.856,56.5089
0.11336,-33419.8,-226.376,18.739,1.95252,204536,-10434.2,-223.512,28.7739,-144928,-4188.39,556.815,56.5144
0.11337,-33419.8,-226.711,18.7368,1.95271,204730,-10432.1,-223.616,28.7716,-144768,-4189.84,556.773,56.52
0.11338,-33419.8,-227.045,18.7345,1.95289,204924,-10430.1,-223.72,28.7694,-144607,-4191.29,556.731,56.5256
0.11339,-33419.8,-227.379,18.7322,1.95308,205118,-10428,-223.825,28.7671,-144447,-4192.73,556.689,56.5311
0.1134,-33419.8,-227.713,18.7299,1.95327,205312,-10426,-223.929,28.7649,-144286,-4194.18,556.647,56.5367
0.11341,-33419.8,-228.047,18.7277,1.95346,205506,-10423.9,-224.033,28.7627,-144125,-4195.62,556.605,56.5423
0.11342,-33419.8,-228.381,18.7254,1.95364,205700,-10421.9,-224.137,28.7604,-143964,-4197.06,556.563,56.5478
0.11343,-33419.8,-228.715,18.7231,1.95383,205894,-10419.8,-224.242,28.7582,-143803,-4198.5,556.521,56.5534
0.11344,-33419.8,-229.05,18.7208,1.95402,206087,-10417.7,-224.346,28.7559,-143642,-4199.93,556.479,56.559
0.11345,-33419.8,-229.384,18.7185,1.9542,206281,-10415.7,-224.45,28.7537,-143481,-4201.37,556.437,56.5645
0.11346,-33419.8,-229.718,18.7162,1.95439,206475,-10413.6,-224.554,28.7514,-143319,-4202.8,556.395,56.5701
0.11347,-33419.8,-230.052,18.7139,1.95458,206668,-10411.5,-224.658,28.7492,-143158,-4204.23,556.353,56.5756
0.11348,-33419.8,-230.386,18.7116,1.95477,206861,-10409.5,-224.762,28.747,-142996,-4205.67,556.311,56.5812
0.11349,-33419.8,-230.72,18.7093,1.95495,207054,-10407.4,-224.866,28.7447,-142834,-4207.09,556.269,56.5868
0.1135,-33419.8,-231.055,18.707,1.95514,207248,-10405.3,-224.97,28.7425,-142672,-4208.52,556.227,56.5923
0.11351,-33419.8,-231.389,18.7047,1.95533,207441,-10403.3,-225.074,28.7402,-142510,-4209.95,556.185,56.5979
0.11352,-33419.8,-231.723,18.7024,1.95551,207634,-10401.2,-225.178,28.738,-142348,-4211.37,556.143,56.6035
0.11353,-33419.8,-232.057,18.7001,1.9557,207827,-10399.1,-225.282,28.7357,-142186,-4212.79,556.101,56.609
0.11354,-33419.8,-232.391,18.6977,1.95589,208019,-10397,-225.386,28.7335,-142023,-4214.21,556.058,56.6146
0.11355,-33419.8,-232.725,18.6954,1.95607,208212,-10395,-225.49,28.7312,-141861,-4215.63,556.016,56.6201
0.11356,-33419.8,-233.059,18.6931,1.95626,208405,-10392.9,-225.594,28.7289,-141698,-4217.05,555.974,56.6257
0.11357,-33419.8,-233.394,18.6908,1.95645,208597,-10390.8,-225.698,28.7267,-141535,-4218.47,555.932,56.6313
0.11358,-33419.8,-233.728,18.6884,1.95664,208790,-10388.7,-225.802,28.7244,-141372,-4219.88,555.89,56.6368
0.11359,-33419.8,-234.062,18.6861,1.95682,208982,-10386.6,-225.906,28.7222,-141209,-4221.29,555.848,56.6424
0.1136,-33419.8,-234.396,18.6837,1.95701,209175,-10384.5,-226.01,28.7199,-141046,-4222.71,555.805,56.6479
0.11361,-33419.8,-234.73,18.6814,1.9572,209367,-10382.4,-226.114,28.7176,-140882,-4224.12,555.763,56.6535
0.11362,-33419.8,-235.064,18.679,1.95738,209559,-10380.3,-226.217,28.7154,-140719,-4225.52,555.721,56.6591
0.11363,-33419.8,-235.399,18.6767,1.95757,209751,-10378.2,-226.321,28.7131,-140555,-4226.93,555.679,56.6646
0.11364,-33419.8,-235.733,18.6743,1.95776,209943,-10376.1,-226.425,28.7109,-140392,-4228.33,555.636,56.6702
0.11365,-33419.8,-236.067,18.672,1.95794,210135,-10374,-226.529,28.7086,-140228,-4229.74,555.594,56.6757
0.11366,-33419.8,-236.401,18.6696,1.95813,210327,-10371.9,-226.632,28.7063,-140064,-4231.14,555.552,56.6813
0.11367,-33419.8,-236.735,18.6672,1.95832,210518,-10369.8,-226.736,28.7041,-139900,-4232.54,555.509,56.6868
0.11368,-33419.8,-237.069,18.6649,1.9585,210710,-10367.7,-226.84,28.7018,-139736,-4233.93,555.467,56.6924
0.11369,-33419.8,-237.403,18.6625,1.95869,210902,-10365.6,-226.943,28.6995,-139571,-4235.33,555.425,56.6979
0.1137,-33419.8,-237.738,18.6601,1.95888,211093,-10363.5,-227.047,28.6973,-139407,-4236.73,555.382,56.7035
0.11371,-33419.8,-238.072,18.6578,1.95906,211285,-10361.4,-227.151,28.695,-139242,-4238.12,555.34,56.7091
0.11372,-33419.8,-238.406,18.6554,1.95925,211476,-10359.3,-227.254,28.6927,-139078,-4239.51,555.298,56.7146
0.11373,-33419.8,-238.74,18.653,1.95944,211667,-10357.2,-227.358,28.6904,-138913,-4240.9,555.255,56.7202
0.11374,-33419.8,-239.074,18.6506,1.95962,211858,-10355.1,-227.461,28.6882,-138748,-4242.29,555.213,56.7257
0.11375,-33419.8,-239.408,18.6482,1.95981,212049,-10352.9,-227.565,28.6859,-138583,-4243.68,555.17,56.7313
0.11376,-33419.8,-239.743,18.6458,1.96,212240,-10350.8,-227.668,28.6836,-138417,-4245.06,555.128,56.7368
0.11377,-33419.8,-240.077,18.6434,1.96018,212431,-10348.7,-227.772,28.6813,-138252,-4246.44,555.086,56.7424
0.11378,-33419.8,-240.411,18.641,1.96037,212622,-10346.6,-227.875,28.6791,-138087,-4247.83,555.043,56.7479
0.11379,-33419.8,-240.745,18.6386,1.96055,212813,-10344.4,-227.979,28.6768,-137921,-4249.2,555.001,56.7535
0.1138,-33419.8,-241.079,18.6362,1.96074,213004,-10342.3,-228.082,28.6745,-137755,-4250.58,554.958,56.759
0.11381,-33419.8,-241.413,18.6338,1.96093,213194,-10340.2,-228.186,28.6722,-137590,-4251.96,554.916,56.7646
0.11382,-33419.8,-241.747,18.6314,1.96111,213385,-10338,-228.289,28.6699,-137424,-4253.33,554.873,56.7701
0.11383,-33419.8,-242.082,18.6289,1.9613,213575,-10335.9,-228.392,28.6677,-137258,-4254.71,554.831,56.7757
0.11384,-33419.8,-242.416,18.6265,1.96149,213765,-10333.8,-228.496,28.6654,-137091,-4256.08,554.788,56.7812
0.11385,-33419.8,-242.75,18.6241,1.96167,213956,-10331.6,-228.599,28.6631,-136925,-4257.45,554.745,56.7868
0.11386,-33419.8,-243.084,18.6217,1.96186,214146,-10329.5,-228.702,28.6608,-136759,-4258.82,554.703,56.7923
0.11387,-33419.8,-243.418,18.6192,1.96204,214336,-10327.4,-228.805,28.6585,-136592,-4260.18,554.66,56.7979
0.11388,-33419.8,-243.752,18.6168,1.96223,214526,-10325.2,-228.909,28.6562,-136425,-4261.55,554.618,56.8034
0.11389,-33419.8,-244.087,18.6144,1.96242,214716,-10323.1,-229.012,28.6539,-136259,-4262.91,554.575,56.8089
0.1139,-33419.8,-244.421,18.6119,1.9626,214906,-10320.9,-229.115,28.6516,-136092,-4264.27,554.532,56.8145
0.11391,-33419.8,-244.755,18.6095,1.96279,215095,-10318.8,-229.218,28.6494,-135924,-4265.63,554.49,56.82
0.11392,-33419.8,-245.089,18.607,1.96297,215285,-10316.6,-229.322,28.6471,-135757,-4266.99,554.447,56.8256
0.11393,-33419.8,-245.423,18.6046,1.96316,215475,-10314.5,-229.425,28.6448,-135590,-4268.35,554.404,56.8311
0.11394,-33419.8,-245.757,18.6021,1.96335,215664,-10312.3,-229.528,28.6425,-135423,-4269.7,554.362,56.8367
0.11395,-33419.8,-246.091,18.5997,1.96353,215853,-10310.1,-229.631,28.6402,-135255,-4271.06,554.319,56.8422
0.11396,-33419.8,-246.426,18.5972,1.96372,216043,-10308,-229.734,28.6379,-135087,-4272.41,554.276,56.8478
0.11397,-33419.8,-246.76,18.5947,1.9639,216232,-10305.8,-229.837,28.6356,-134920,-4273.76,554.234,56.8533
0.11398,-33419.8,-247.094,18.5923,1.96409,216421,-10303.7,-229.94,28.6333,-134752,-4275.11,554.191,56.8588
0.11399,-33419.8,-247.428,18.5898,1.96428,216610,-10301.5,-230.043,28.631,-134584,-4276.45,554.148,56.8644
0.114,-33419.8,-247.762,18.5873,1.96446,216799,-10299.3,-230.146,28.6287,-134415,-4277.8,554.105,56.8699
0.11401,-33419.8,-248.096,18.5848,1.96465,216988,-10297.2,-230.249,28.6264,-134247,-4279.14,554.063,56.8755
0.11402,-33419.8,-248.431,18.5824,1.96483,217177,-10295,-230.352,28.6241,-134079,-4280.48,554.02,56.881
0.11403,-33419.8,-248.765,18.5799,1.96502,217366,-10292.8,-230.455,28.6218,-133910,-4281.82,553.977,56.8865
0.11404,-33419.8,-249.099,18.5774,1.96521,217554,-10290.6,-230.558,28.6195,-133742,-4283.16,553.934,56.8921
0.11405,-33419.8,-249.433,18.5749,1.96539,217743,-10288.5,-230.661,28.6172,-133573,-4284.5,553.891,56.8976
0.11406,-33419.8,-249.767,18.5724,1.96558,217931,-10286.3,-230.764,28.6149,-133404,-4285.83,553.849,56.9032
0.11407,-33419.8,-250.101,18.5699,1.96576,218120,-10284.1,-230.866,28.6125,-133235,-4287.16,553.806,56.9087
0.11408,-33419.8,-250.435,18.5674,1.96595,218308,-10281.9,-230.969,28.6102,-133066,-4288.49,553.763,56.9142
0.11409,-33419.8,-250.77,18.5649,1.96613,218496,-10279.7,-231.072,28.6079,-132896,-4289.82,553.72,56.9198
0.1141,-33419.8,-251.104,18.5624,1.96632,218684,-10277.6,-231.175,28.6056,-132727,-4291.15,553.677,56.9253
0.11411,-33419.8,-251.438,18.5599,1.96651,218872,-10275.4,-231.277,28.6033,-132558,-4292.48,553.634,56.9309
0.11412,-33419.8,-251.772,18.5573,1.96669,219060,-10273.2,-231.38,28.601,-132388,-4293.8,553.591,56.9364
0.11413,-33419.8,-252.106,18.5548,1.96688,219248,-10271,-231.483,28.5987,-132218,-4295.13,553.548,56.9419
0.11414,-33419.8,-252.44,18.5523,1.96706,219436,-10268.8,-231.586,28.5964,-132048,-4296.45,553.505,56.9475
0.11415,-33419.8,-252.775,18.5498,1.96725,219624,-10266.6,-231.688,28.594,-131878,-4297.77,553.462,56.953
0.11416,-33419.8,-253.109,18.5473,1.96743,219811,-10264.4,-231.791,28.5917,-131708,-4299.08,553.419,56.9585
0.11417,-33419.8,-253.443,18.5447,1.96762,219999,-10262.2,-231.894,28.5894,-131538,-4300.4,553.376,56.9641
0.11418,-33419.8,-253.777,18.5422,1.9678,220186,-10260,-231.996,28.5871,-131368,-4301.71,553.333,56.9696
0.11419,-33419.8,-254.111,18.5396,1.96799,220374,-10257.8,-232.099,28.5848,-131197,-4303.03,553.29,56.9751
0.1142,-33419.8,-254.445,18.5371,1.96817,220561,-10255.6,-232.201,28.5824,-131027,-4304.34,553.247,56.9807
0.11421,-33419.8,-254.779,18.5346,1.96836,220748,-10253.4,-232.304,28.5801,-130856,-4305.65,553.204,56.9862
0.11422,-33419.8,-255.114,18.532,1.96855,220936,-10251.2,-232.406,28.5778,-130685,-4306.96,553.161,56.9917
0.11423,-33419.8,-255.448,18.5295,1.96873,221123,-10249,-232.509,28.5755,-130514,-4308.26,553.118,56.9973
0.11424,-33419.8,-255.782,18.5269,1.96892,221310,-10246.8,-232.611,28.5731,-130343,-4309.57,553.075,57.0028
0.11425,-33419.8,-256.116,18.5243,1.9691,221496,-10244.6,-232.714,28.5708,-130172,-4310.87,553.032,57.0083
0.11426,-33419.8,-256.45,18.5218,1.96929,221683,-10242.3,-232.816,28.5685,-130001,-4312.17,552.989,57.0138
0.11427,-33419.8,-256.784,18.5192,1.96947,221870,-10240.1,-232.918,28.5662,-129829,-4313.47,552.946,57.0194
0.11428,-33419.8,-257.119,18.5166,1.96966,222056,-10237.9,-233.021,28.5638,-129658,-4314.77,552.903,57.0249
0.11429,-33419.8,-257.453,18.5141,1.96984,222243,-10235.7,-233.123,28.5615,-129486,-4316.06,552.859,57.0304
0.1143,-33419.8,-257.787,18.5115,1.97003,222429,-10233.5,-233.226,28.5592,-129314,-4317.35,552.816,57.036
0.11431,-33419.8,-258.121,18.5089,1.97021,222616,-10231.2,-233.328,28.5568,-129142,-4318.65,552.773,57.0415
0.11432,-33419.8,-258.455,18.5063,1.9704,222802,-10229,-233.43,28.5545,-128970,-4319.94,552.73,57.047
0.11433,-33419.8,-258.789,18.5037,1.97058,222988,-10226.8,-233.532,28.5522,-128798,-4321.22,552.687,57.0525
0.11434,-33419.8,-259.124,18.5012,1.97077,223174,-10224.5,-233.635,28.5498,-128626,-4322.51,552.643,57.0581
0.11435,-33419.8,-259.458,18.4986,1.97095,223360,-10222.3,-233.737,28.5475,-128453,-4323.8,552.6,57.0636
0.11436,-33419.8,-259.792,18.496,1.97114,223546,-10220.1,-233.839,28.5452,-128281,-4325.08,552.557,57.0691
0.11437,-33419.8,-260.126,18.4934,1.97132,223732,-10217.8,-233.941,28.5428,-128108,-4326.36,552.514,57.0746
0.11438,-33419.8,-260.46,18.4908,1.97151,223918,-10215.6,-234.043,28.5405,-127935,-4327.64,552.471,57.0802
0.11439,-33419.8,-260.794,18.4882,1.97169,224104,-10213.4,-234.146,28.5381,-127763,-4328.92,552.427,57.0857
0.1144,-33419.8,-261.128,18.4856,1.97188,224289,-10211.1,-234.248,28.5358,-127589,-4330.2,552.384,57.0912
0.11441,-33419.8,-261.463,18.4829,1.97206,224475,-10208.9,-234.35,28.5335,-127416,-4331.47,552.341,57.0967
0.11442,-33419.8,-261.797,18.4803,1.97225,224660,-10206.6,-234.452,28.5311,-127243,-4332.75,552.297,57.1023
0.11443,-33419.8,-262.131,18.4777,1.97243,224846,-10204.4,-234.554,28.5288,-127070,-4334.02,552.254,57.1078
0.11444,-33419.8,-262.465,18.4751,1.97262,225031,-10202.1,-234.656,28.5264,-126896,-4335.29,552.211,57.1133
0.11445,-33419.8,-262.799,18.4725,1.9728,225216,-10199.9,-234.758,28.5241,-126723,-4336.55,552.167,57.1188
0.11446,-33419.8,-263.133,18.4698,1.97298,225401,-10197.6,-234.86,28.5217,-126549,-4337.82,552.124,57.1244
0.11447,-33419.8,-263.467,18.4672,1.97317,225586,-10195.4,-234.962,28.5194,-126375,-4339.08,552.081,57.1299
0.11448,-33419.8,-263.802,18.4646,1.97335,225771,-10193.1,-235.064,28.517,-126201,-4340.35,552.037,57.1354
0.11449,-33419.8,-264.136,18.4619,1.97354,225956,-10190.9,-235.166,28.5147,-126027,-4341.61,551.994,57.1409
0.1145,-33419.8,-264.47,18.4593,1.97372,226140,-10188.6,-235.268,28.5123,-125853,-4342.87,551.95,57.1464
0.11451,-33419.8,-264.804,18.4566,1.97391,226325,-10186.3,-235.369,28.51,-125679,-4344.13,551.907,57.152
0.11452,-33419.8,-265.138,18.454,1.97409,226510,-10184.1,-235.471,28.5076,-125504,-4345.38,551.863,57.1575
0.11453,-33419.8,-265.472,18.4513,1.97428,226694,-10181.8,-235.573,28.5053,-125330,-4346.63,551.82,57.163
0.11454,-33419.8,-265.807,18.4487,1.97446,226879,-10179.5,-235.675,28.5029,-125155,-4347.89,551.777,57.1685
0.11455,-33419.8,-266.141,18.446,1.97465,227063,-10177.3,-235.777,28.5005,-124980,-4349.14,551.733,57.174
0.11456,-33419.8,-266.475,18.4433,1.97483,227247,-10175,-235.878,28.4982,-124806,-4350.39,551.69,57.1796
0.11457,-33419.8,-266.809,18.4407,1.97501,227431,-10172.7,-235.98,28.4958,-124630,-4351.63,551.646,57.1851
0.11458,-33419.8,-267.143,18.438,1.9752,227615,-10170.5,-236.082,28.4935,-124455,-4352.88,551.603,57.1906
0.11459,-33419.8,-267.477,18.4353,1.97538,227799,-10168.2,-236.183,28.4911,-124280,-4354.12,551.559,57.1961
0.1146,-33419.8,-267.811,18.4327,1.97557,227983,-10165.9,-236.285,28.4887,-124105,-4355.36,551.516,57.2016
0.11461,-33419.8,-268.146,18.43,1.97575,228167,-10163.6,-236.387,28.4864,-123929,-4356.6,551.472,57.2071
0.11462,-33419.8,-268.48,18.4273,1.97594,228351,-10161.3,-236.488,28.484,-123754,-4357.84,551.428,57.2126
0.11463,-33419.8,-268.814,18.4246,1.97612,228534,-10159.1,-236.59,28.4817,-123578,-4359.08,551.385,57.2182
0.11464,-33419.8,-269.148,18.4219,1.9763,228718,-10156.8,-236.691,28.4793,-123402,-4360.31,551.341,57.2237
0.11465,-33419.8,-269.482,18.4192,1.97649,228901,-10154.5,-236.793,28.4769,-123226,-4361.55,551.298,57.2292
0.11466,-33419.8,-269.816,18.4165,1.97667,229085,-10152.2,-236.895,28.4745,-123050,-4362.78,551.254,57.2347
0.11467,-33419.8,-270.151,18.4138,1.97686,229268,-10149.9,-236.996,28.4722,-122874,-4364.01,551.21,57.2402
0.11468,-33419.8,-270.485,18.4111,1.97704,229451,-10147.6,-237.098,28.4698,-122698,-4365.23,551.167,57.2457
0.11469,-33419.8,-270.819,18.4084,1.97723,229634,-10145.3,-237.199,28.4674,-122521,-4366.46,551.123,57.2512
0.1147,-33419.8,-271.153,18.4057,1.97741,229817,-10143,-237.3,28.4651,-122345,-4367.69,551.079,57.2567
0.11471,-33419.8,-271.487,18.403,1.97759,230000,-10140.7,-237.402,28.4627,-122168,-4368.91,551.036,57.2623
0.11472,-33419.8,-271.821,18.4003,1.97778,230183,-10138.4,-237.503,28.4603,-121991,-4370.13,550.992,57.2678
0.11473,-33419.8,-272.156,18.3976,1.97796,230366,-10136.1,-237.605,28.4579,-121814,-4371.35,550.948,57.2733
0.11474,-33419.8,-272.49,18.3948,1.97815,230548,-10133.8,-237.706,28.4556,-121637,-4372.56,550.905,57.2788
0.11475,-33419.8,-272.824,18.3921,1.97833,230731,-10131.5,-237.807,28.4532,-121460,-4373.78,550.861,57.2843
0.11476,-33419.8,-273.158,18.3894,1.97851,230914,-10129.2,-237.909,28.4508,-121283,-4374.99,550.817,57.2898
0.11477,-33419.8,-273.492,18.3867,1.9787,231096,-10126.9,-238.01,28.4484,-121106,-4376.2,550.773,57.2953
0.11478,-33419.8,-273.826,18.3839,1.97888,231278,-10124.6,-238.111,28.446,-120928,-4377.41,550.73,57.3008
0.11479,-33419.8,-274.16,18.3812,1.97906,231461,-10122.3,-238.212,28.4437,-120751,-4378.62,550.686,57.3063
0.1148,-33419.8,-274.495,18.3784,1.97925,231643,-10119.9,-238.313,28.4413,-120573,-4379.83,550.642,57.3118
0.11481,-33419.8,-274.829,18.3757,1.97943,231825,-10117.6,-238.415,28.4389,-120395,-4381.03,550.598,57.3173
0.11482,-33419.8,-275.163,18.3729,1.97962,232007,-10115.3,-238.516,28.4365,-120217,-4382.24,550.555,57.3228
0.11483,-33419.8,-275.497,18.3702,1.9798,232189,-10113,-238.617,28.4341,-120039,-4383.44,550.511,57.3283
0.11484,-33419.8,-275.831,18.3674,1.97998,232370,-10110.7,-238.718,28.4317,-119861,-4384.64,550.467,57.3339
0.11485,-33419.8,-276.165,18.3647,1.98017,232552,-10108.3,-238.819,28.4294,-119683,-4385.83,550.423,57.3394
0.11486,-33419.8,-276.5,18.3619,1.98035,232734,-10106,-238.92,28.427,-119504,-4387.03,550.379,57.3449
0.11487,-33419.8,-276.834,18.3591,1.98053,232915,-10103.7,-239.021,28.4246,-119326,-4388.22,550.335,57.3504
0.11488,-33419.8,-277.168,18.3564,1.98072,233097,-10101.4,-239.122,28.4222,-119147,-4389.42,550.291,57.3559
0.11489,-33419.8,-277.502,18.3536,1.9809,233278,-10099,-239.223,28.4198,-118969,-4390.61,550.247,57.3614
0.1149,-33419.8,-277.836,18.3508,1.98108,233460,-10096.7,-239.324,28.4174,-118790,-4391.8,550.204,57.3669
0.11491,-33419.8,-278.17,18.348,1.98127,233641,-10094.4,-239.425,28.415,-118611,-4392.98,550.16,57.3724
0.11492,-33419.8,-278.504,18.3453,1.98145,233822,-10092,-239.526,28.4126,-118432,-4394.17,550.116,57.3779
0.11493,-33419.8,-278.839,18.3425,1.98163,234003,-10089.7,-239.627,28.4102,-118253,-4395.35,550.072,57.3834
0.11494,-33419.8,-279.173,18.3397,1.98182,234184,-10087.3,-239.728,28.4078,-118073,-4396.53,550.028,57.3889
0.11495,-33419.8,-279.507,18.3369,1.982,234365,-10085,-239.829,28.4054,-117894,-4397.71,549.984,57.3944
0.11496,-33419.8,-279.841,18.3341,1.98218,234545,-10082.7,-239.929,28.403,-117714,-4398.89,549.94,57.3999
0.11497,-33419.8,-280.175,18.3313,1.98237,234726,-10080.3,-240.03,28.4006,-117535,-4400.07,549.896,57.4054
0.11498,-33419.8,-280.509,18.3285,1.98255,234907,-10078,-240.131,28.3982,-117355,-4401.24,549.852,57.4109
0.11499,-33419.8,-280.844,18.3257,1.98273,235087,-10075.6,-240.232,28.3958,-117175,-4402.41,549.808,57.4164
0.115,-33419.8,-281.178,18.3229,1.98292,235268,-10073.3,-240.333,28.3934,-116995,-4403.58,549.764,57.4219
0.11501,-33419.8,-281.512,18.3201,1.9831,235448,-10070.9,-240.433,28.391,-116815,-4404.75,549.72,57.4274
0.11502,-33419.8,-281.846,18.3173,1.98328,235628,-10068.5,-240.534,28.3886,-116635,-4405.92,549.676,57.4329
0.11503,-33419.8,-282.18,18.3144,1.98347,235808,-10066.2,-240.635,28.3862,-116454,-4407.09,549.632,57.4384
0.11504,-33419.8,-282.514,18.3116,1.98365,235988,-10063.8,-240.735,28.3838,-116274,-4408.25,549.588,57.4439
0.11505,-33419.8,-282.848,18.3088,1.98383,236168,-10061.5,-240.836,28.3814,-116093,-4409.41,549.544,57.4494
0.11506,-33419.8,-283.183,18.306,1.98402,236348,-10059.1,-240.936,28.379,-115913,-4410.57,549.499,57.4548
0.11507,-33419.8,-283.517,18.3031,1.9842,236528,-10056.7,-241.037,28.3766,-115732,-4411.73,549.455,57.4603
0.11508,-33419.8,-283.851,18.3003,1.98438,236708,-10054.4,-241.137,28.3742,-115551,-4412.88,549.411,57.4658
0.11509,-33419.8,-284.185,18.2974,1.98457,236888,-10052,-241.238,28.3717,-115370,-4414.04,549.367,57.4713
0.1151,-33419.8,-284.519,18.2946,1.98475,237067,-10049.6,-241.339,28.3693,-115189,-4415.19,549.323,57.4768
0.11511,-33419.8,-284.853,18.2918,1.98493,237247,-10047.3,-241.439,28.3669,-115008,-4416.34,549.279,57.4823
0.11512,-33419.8,-285.188,18.2889,1.98511,237426,-10044.9,-241.539,28.3645,-114826,-4417.49,549.235,57.4878
0.11513,-33419.8,-285.522,18.2861,1.9853,237605,-10042.5,-241.64,28.3621,-114645,-4418.64,549.19,57.4933
0.115139,-33419.8,-285.856,18.2832,1.98548,237784,-10040.1,-241.74,28.3597,-114463,-4419.79,549.146,57.4988
0.115149,-33419.8,-286.19,18.2803,1.98566,237964,-10037.8,-241.841,28.3573,-114281,-4420.93,549.102,57.5043
0.115159,-33419.8,-286.524,18.2775,1.98585,238143,-10035.4,-241.941,28.3548,-114100,-4422.07,549.058,57.5098
0.115169,-33419.8,-286.858,18.2746,1.98603,238322,-10033,-242.041,28.3524,-113918,-4423.21,549.014,57.5153
0.115179,-33419.8,-287.192,18.2717,1.98621,238500,-10030.6,-242.142,28.35,-113736,-4424.35,548.969,57.5208
0.115189,-33419.8,-287.527,18.2689,1.98639,238679,-10028.2,-242.242,28.3476,-113554,-4425.48,548.925,57.5262
0.115199,-33419.8,-287.861,18.266,1.98658,238858,-10025.9,-242.342,28.3452,-113371,-4426.62,548.881,57.5317
0.115209,-33419.8,-288.195,18.2631,1.98676,239036,-10023.5,-242.442,28.3427,-113189,-4427.75,548.837,57.5372
0.115219,-33419.8,-288.529,18.2602,1.98694,239215,-10021.1,-242.543,28.3403,-113006,-4428.88,548.792,57.5427
0.115229,-33419.8,-288.863,18.2573,1.98712,239393,-10018.7,-242.643,28.3379,-112824,-4430.01,548.748,57.5482
0.115239,-33419.8,-289.197,18.2544,1.98731,239572,-10016.3,-242.743,28.3355,-112641,-4431.14,548.704,57.5537
0.115249,-33419.8,-289.532,18.2516,1.98749,239750,-10013.9,-242.843,28.333,-112458,-4432.26,548.659,57.5592
0.115259,-33419.8,-289.866,18.2487,1.98767,239928,-10011.5,-242.943,28.3306,-112275,-4433.39,548.615,57.5647
0.115269,-33419.8,-290.2,18.2458,1.98785,240106,-10009.1,-243.043,28.3282,-112092,-4434.51,548.571,57.5701
0.115279,-33419.8,-290.534,18.2429,1.98804,240284,-10006.7,-243.143,28.3257,-111909,-4435.63,548.526,57.5756
0.115289,-33419.8,-290.868,18.2399,1.98822,240462,-10004.3,-243.243,28.3233,-111726,-4436.75,548.482,57.5811
0.115299,-33419.8,-291.202,18.237,1.9884,240640,-10001.9,-243.343,28.3209,-111542,-4437.86,548.438,57.5866
0.115309,-33419.8,-291.536,18.2341,1.98858,240818,-9999.47,-243.443,28.3184,-111359,-4438.98,548.393,57.5921
0.115319,-33419.8,-291.871,18.2312,1.98877,240995,-9997.06,-243.543,28.316,-111175,-4440.09,548.349,57.5976
0.115329,-33419.8,-292.205,18.2283,1.98895,241173,-9994.65,-243.643,28.3136,-110992,-4441.2,548.305,57.6031
0.115339,-33419.8,-292.539,18.2254,1.98913,241350,-9992.24,-243.743,28.3111,-110808,-4442.31,548.26,57.6085
0.115349,-33419.8,-292.873,18.2224,1.98931,241527,-9989.83,-243.843,28.3087,-110624,-4443.42,548.216,57.614
0.115359,-33419.8,-293.207,18.2195,1.98949,241705,-9987.41,-243.943,28.3062,-110440,-4444.52,548.171,57.6195
0.115369,-33419.8,-293.541,18.2166,1.98968,241882,-9984.99,-244.043,28.3038,-110256,-4445.62,548.127,57.625
0.115379,-33419.8,-293.876,18.2136,1.98986,242059,-9982.57,-244.143,28.3014,-110071,-4446.73,548.082,57.6305
0.115389,-33419.8,-294.21,18.2107,1.99004,242236,-9980.15,-244.243,28.2989,-109887,-4447.83,548.038,57.6359
0.115399,-33419.8,-294.544,18.2078,1.99022,242413,-9977.73,-244.342,28.2965,-109703,-4448.92,547.993,57.6414
0.115409,-33419.8,-294.878,18.2048,1.99041,242590,-9975.3,-244.442,28.294,-109518,-4450.02,547.949,57.6469
0.115419,-33419.8,-295.212,18.2019,1.99059,242767,-9972.88,-244.542,28.2916,-109333,-4451.11,547.904,57.6524
0.115429,-33419.8,-295.546,18.1989,1.99077,242943,-9970.45,-244.641,28.2891,-109148,-4452.21,547.86,57.6579
0.115439,-33419.8,-295.88,18.1959,1.99095,243120,-9968.02,-244.741,28.2867,-108963,-4453.3,547.815,57.6633
0.115449,-33419.8,-296.215,18.193,1.99113,243296,-9965.59,-244.841,28.2843,-108778,-4454.39,547.771,57.6688
0.115459,-33419.8,-296.549,18.19,1.99132,243473,-9963.15,-244.94,28.2818,-108593,-4455.47,547.726,57.6743
0.115469,-33419.8,-296.883,18.1871,1.9915,243649,-9960.72,-245.04,28.2794,-108408,-4456.56,547.682,57.6798
0.115479,-33419.8,-297.217,18.1841,1.99168,243825,-9958.28,-245.14,28.2769,-108223,-4457.64,547.637,57.6852
0.115489,-33419.8,-297.551,18.1811,1.99186,244001,-9955.84,-245.239,28.2745,-108037,-4458.72,547.593,57.6907
0.115499,-33419.8,-297.885,18.1781,1.99204,244177,-9953.4,-245.339,28.272,-107852,-4459.8,547.548,57.6962
0.115509,-33419.8,-298.22,18.1752,1.99222,244353,-9950.96,-245.438,28.2695,-107666,-4460.88,547.503,57.7017
0.115519,-33419.8,-298.554,18.1722,1.99241,244529,-9948.52,-245.538,28.2671,-107480,-4461.95,547.459,57.7071
0.115529,-33419.8,-298.888,18.1692,1.99259,244705,-9946.07,-245.637,28.2646,-107294,-4463.03,547.414,57.7126
0.115539,-33419.8,-299.222,18.1662,1.99277,244881,-9943.62,-245.737,28.2622,-107108,-4464.1,547.37,57.7181
0.115549,-33419.8,-299.556,18.1632,1.99295,245056,-9941.17,-245.836,28.2597,-106922,-4465.17,547.325,57.7236
0.115559,-33419.8,-299.89,18.1602,1.99313,245232,-9938.72,-245.935,28.2573,-106736,-4466.24,547.28,57.729
0.115569,-33419.8,-300.224,18.1572,1.99331,245407,-9936.27,-246.035,28.2548,-106549,-4467.3,547.236,57.7345
0.115579,-33419.8,-300.559,18.1542,1.9935,245583,-9933.82,-246.134,28.2523,-106363,-4468.37,547.191,57.74
0.115589,-33419.8,-300.893,18.1512,1.99368,245758,-9931.36,-246.233,28.2499,-106176,-4469.43,547.146,57.7455
0.115599,-33419.8,-301.227,18.1482,1.99386,245933,-9928.9,-246.333,28.2474,-105989,-4470.49,547.102,57.7509
0.115609,-33419.8,-301.561,18.1452,1.99404,246108,-9926.44,-246.432,28.245,-105803,-4471.55,547.057,57.7564
0.115619,-33419.8,-301.895,18.1422,1.99422,246283,-9923.98,-246.531,28.2425,-105616,-4472.61,547.012,57.7619
0.115629,-33419.8,-302.229,18.1391,1.9944,246458,-9921.52,-246.63,28.24,-105429,-4473.66,546.968,57.7673
0.115639,-33419.8,-302.564,18.1361,1.99458,246633,-9919.05,-246.73,28.2376,-105242,-4474.71,546.923,57.7728
0.115649,-33419.8,-302.898,18.1331,1.99477,246808,-9916.58,-246.829,28.2351,-105054,-4475.77,546.878,57.7783
0.115659,-33419.8,-303.232,18.1301,1.99495,246982,-9914.12,-246.928,28.2326,-104867,-4476.82,546.833,57.7837
0.115669,-33419.8,-303.566,18.127,1.99513,247157,-9911.64,-247.027,28.2301,-104680,-4477.86,546.788,57.7892
0.115679,-33419.8,-303.9,18.124,1.99531,247331,-9909.17,-247.126,28.2277,-104492,-4478.91,546.744,57.7947
0.115689,-33419.8,-304.234,18.1209,1.99549,247506,-9906.7,-247.225,28.2252,-104304,-4479.95,546.699,57.8001
0.115699,-33419.8,-304.568,18.1179,1.99567,247680,-9904.22,-247.324,28.2227,-104117,-4481,546.654,57.8056
0.115709,-33419.8,-304.903,18.1149,1.99585,247854,-9901.75,-247.423,28.2203,-103929,-4482.04,546.609,57.8111
0.115719,-33419.8,-305.237,18.1118,1.99603,248028,-9899.27,-247.522,28.2178,-103741,-4483.07,546.565,57.8165
0.115729,-33419.8,-305.571,18.1087,1.99621,248202,-9896.79,-247.621,28.2153,-103553,-4484.11,546.52,57.822
0.115739,-33419.8,-305.905,18.1057,1.9964,248376,-9894.3,-247.72,28.2128,-103364,-4485.14,546.475,57.8275
0.115749,-33419.8,-306.239,18.1026,1.99658,248550,-9891.82,-247.819,28.2104,-103176,-4486.18,546.43,57.8329
0.115759,-33419.8,-306.573,18.0996,1.99676,248724,-9889.33,-247.918,28.2079,-102988,-4487.21,546.385,57.8384
0.115769,-33419.8,-306.908,18.0965,1.99694,248897,-9886.84,-248.017,28.2054,-102799,-4488.24,546.34,57.8439
0.115779,-33419.8,-307.242,18.0934,1.99712,249071,-9884.36,-248.116,28.2029,-102610,-4489.26,546.295,57.8493
0.115789,-33419.8,-307.576,18.0904,1.9973,249244,-9881.87,-248.214,28.2004,-102422,-4490.29,546.25,57.8548
0.115799,-33419.8,-307.91,18.0873,1.99748,249418,-9879.37,-248.313,28.198,-102233,-4491.31,546.206,57.8603
0.115809,-33419.8,-308.244,18.0842,1.99766,249591,-9876.88,-248.412,28.1955,-102044,-4492.33,546.161,57.8657
0.115819,-33419.8,-308.578,18.0811,1.99784,249764,-9874.38,-248.511,28.193,-101855,-4493.35,546.116,57.8712
0.115829,-33419.8,-308.912,18.078,1.99802,249937,-9871.88,-248.609,28.1905,-101666,-4494.37,546.071,57.8766
0.115839,-33419.8,-309.247,18.0749,1.9982,250110,-9869.38,-248.708,28.188,-101476,-4495.38,546.026,57.8821
0.115849,-33419.8,-309.581,18.0718,1.99839,250283,-9866.88,-248.807,28.1855,-101287,-4496.4,545.981,57.8876
0.115859,-33419.8,-309.915,18.0687,1.99857,250456,-9864.38,-248.906,28.183,-101097,-4497.41,545.936,57.893
0.115869,-33419.8,-310.249,18.0656,1.99875,250629,-9861.87,-249.004,28.1805,-100908,-4498.42,545.891,57.8985
0.115879,-33419.8,-310.583,18.0625,1.99893,250802,-9859.37,-249.103,28.1781,-100718,-4499.43,545.846,57.9039
0.115889,-33419.8,-310.917,18.0594,1.99911,250974,-9856.86,-249.201,28.1756,-100528,-4500.43,545.801,57.9094
0.115899,-33419.8,-311.252,18.0563,1.99929,251147,-9854.35,-249.3,28.1731,-100338,-4501.44,545.756,57.9149
0.115909,-33419.8,-311.586,18.0532,1.99947,251319,-9851.83,-249.398,28.1706,-100148,-4502.44,545.711,57.9203
0.115919,-33419.8,-311.92,18.0501,1.99965,251492,-9849.32,-249.497,28.1681,-99958.2,-4503.44,545.666,57.9258
0.115929,-33419.8,-312.254,18.047,1.99983,251664,-9846.81,-249.595,28.1656,-99767.9,-4504.44,545.621,57.9312
0.115939,-33419.8,-312.588,18.0438,2.00001,251836,-9844.29,-249.694,28.1631,-99577.6,-4505.44,545.576,57.9367
0.115949,-33419.8,-312.922,18.0407,2.00019,252008,-9841.77,-249.792,28.1606,-99387.1,-4506.43,545.531,57.9421
0.115959,-33419.8,-313.256,18.0376,2.00037,252180,-9839.25,-249.891,28.1581,-99196.5,-4507.42,545.486,57.9476
0.115969,-33419.8,-313.591,18.0345,2.00055,252352,-9836.73,-249.989,28.1556,-99005.8,-4508.41,545.441,57.953
0.115979,-33419.8,-313.925,18.0313,2.00073,252524,-9834.2,-250.087,28.1531,-98815.1,-4509.4,545.396,57.9585
0.115989,-33419.8,-314.259,18.0282,2.00091,252695,-9831.68,-250.186,28.1506,-98624.2,-4510.39,545.351,57.964
0.115999,-33419.8,-314.593,18.025,2.00109,252867,-9829.15,-250.284,28.1481,-98433.2,-4511.38,545.305,57.9694
0.116009,-33419.8,-314.927,18.0219,2.00127,253039,-9826.62,-250.382,28.1456,-98242.1,-4512.36,545.26,57.9749
0.116019,-33419.8,-315.261,18.0187,2.00145,253210,-9824.09,-250.48,28.1431,-98050.9,-4513.34,545.215,57.9803
0.116029,-33419.8,-315.596,18.0156,2.00163,253381,-9821.56,-250.579,28.1406,-97859.6,-4514.32,545.17,57.9858
0.116039,-33419.8,-315.93,18.0124,2.00181,253553,-9819.02,-250.677,28.1381,-97668.2,-4515.3,545.125,57.9912
0.116049,-33419.8,-316.264,18.0093,2.00199,253724,-9816.49,-250.775,28.1356,-97476.7,-4516.27,545.08,57.9967
0.116059,-33419.8,-316.598,18.0061,2.00217,253895,-9813.95,-250.873,28.1331,-97285.1,-4517.25,545.035,58.0021
0.116069,-33419.8,-316.932,18.0029,2.00235,254066,-9811.41,-250.971,28.1305,-97093.3,-4518.22,544.989,58.0076
0.116079,-33419.8,-317.266,17.9998,2.00253,254237,-9808.87,-251.069,28.128,-96901.5,-4519.19,544.944,58.013
0.116089,-33419.8,-317.6,17.9966,2.00271,254408,-9806.32,-251.167,28.1255,-96709.5,-4520.16,544.899,58.0185
0.116099,-33419.8,-317.935,17.9934,2.00289,254578,-9803.78,-251.265,28.123,-96517.5,-4521.12,544.854,58.0239
0.116109,-33419.8,-318.269,17.9902,2.00307,254749,-9801.23,-251.363,28.1205,-96325.4,-4522.08,544.809,58.0294
0.116119,-33419.8,-318.603,17.987,2.00325,254920,-9798.69,-251.461,28.118,-96133.1,-4523.05,544.763,58.0348
0.116129,-33419.8,-318.937,17.9839,2.00343,255090,-9796.14,-251.559,28.1155,-95940.8,-4524.01,544.718,58.0403
0.116139,-33419.8,-319.271,17.9807,2.00361,255260,-9793.59,-251.657,28.113,-95748.3,-4524.97,544.673,58.0457
0.116149,-33419.8,-319.605,17.9775,2.00379,255431,-9791.03,-251.755,28.1104,-95555.7,-4525.92,544.628,58.0512
0.116159,-33419.8,-319.94,17.9743,2.00397,255601,-9788.48,-251.853,28.1079,-95363.1,-4526.88,544.582,58.0566
0.116169,-33419.8,-320.274,17.9711,2.00415,255771,-9785.92,-251.951,28.1054,-95170.3,-4527.83,544.537,58.062
0.116179,-33419.8,-320.608,17.9679,2.00433,255941,-9783.36,-252.049,28.1029,-94977.4,-4528.78,544.492,58.0675
0.116189,-33419.8,-320.942,17.9647,2.00451,256111,-9780.8,-252.147,28.1004,-94784.4,-4529.73,544.447,58.0729
0.116199,-33419.8,-321.276,17.9615,2.00469,256281,-9778.24,-252.244,28.0978,-94591.4,-4530.68,544.401,58.0784
0.116209,-33419.8,-321.61,17.9582,2.00487,256450,-9775.68,-252.342,28.0953,-94398.2,-4531.62,544.356,58.0838
0.116219,-33419.8,-321.944,17.955,2.00505,256620,-9773.11,-252.44,28.0928,-94204.9,-4532.56,544.311,58.0893
0.116229,-33419.8,-322.279,17.9518,2.00523,256790,-9770.55,-252.538,28.0903,-94011.5,-4533.5,544.265,58.0947
0.116239,-33419.8,-322.613,17.9486,2.00541,256959,-9767.98,-252.635,28.0877,-93818,-4534.44,544.22,58.1002
0.116249,-33419.8,-322.947,17.9454,2.00559,257129,-9765.41,-252.733,28.0852,-93624.4,-4535.38,544.175,58.1056
0.116259,-33419.8,-323.281,17.9421,2.00577,257298,-9762.84,-252.83,28.0827,-93430.7,-4536.32,544.129,58.111
0.116269,-33419.8,-323.615,17.9389,2.00595,257467,-9760.26,-252.928,28.0802,-93236.8,-4537.25,544.084,58.1165
0.116279,-33419.8,-323.949,17.9357,2.00613,257636,-9757.69,-253.026,28.0776,-93043,-4538.18,544.039,58.1219
0.116289,-33419.8,-324.284,17.9324,2.00631,257805,-9755.11,-253.123,28.0751,-92849,-4539.11,543.993,58.1274
0.116299,-33419.8,-324.618,17.9292,2.00648,257974,-9752.53,-253.221,28.0726,-92654.8,-4540.04,543.948,58.1328
0.116309,-33419.8,-324.952,17.9259,2.00666,258143,-9749.95,-253.318,28.07,-92460.6,-4540.96,543.902,58.1382
0.116319,-33419.8,-325.286,17.9227,2.00684,258312,-9747.37,-253.416,28.0675,-92266.2,-4541.89,543.857,58.1437
0.116329,-33419.8,-325.62,17.9194,2.00702,258480,-9744.79,-253.513,28.065,-92071.9,-4542.81,543.812,58.1491
0.116339,-33419.8,-325.954,17.9162,2.0072,258649,-9742.2,-253.611,28.0624,-91877.3,-4543.73,543.766,58.1546
0.116349,-33419.8,-326.288,17.9129,2.00738,258818,-9739.61,-253.708,28.0599,-91682.7,-4544.65,543.721,58.16
0.116359,-33419.8,-326.623,17.9096,2.00756,258986,-9737.02,-253.805,28.0574,-91487.9,-4545.56,543.675,58.1654
0.116369,-33419.8,-326.957,17.9064,2.00774,259154,-9734.43,-253.903,28.0548,-91293.1,-4546.47,543.63,58.1709
0.116379,-33419.8,-327.291,17.9031,2.00792,259323,-9731.84,-254,28.0523,-91098.2,-4547.39,543.584,58.1763
0.116389,-33419.8,-327.625,17.8998,2.0081,259491,-9729.25,-254.097,28.0497,-90903.1,-4548.3,543.539,58.1817
0.116399,-33419.8,-327.959,17.8965,2.00828,259659,-9726.65,-254.195,28.0472,-90708,-4549.2,543.493,58.1872
0.116409,-33419.8,-328.293,17.8933,2.00845,259827,-9724.06,-254.292,28.0447,-90512.7,-4550.11,543.448,58.1926
0.116419,-33419.8,-328.628,17.89,2.00863,259995,-9721.46,-254.389,28.0421,-90317.4,-4551.01,543.402,58.198
0.116429,-33419.8,-328.962,17.8867,2.00881,260162,-9718.86,-254.486,28.0396,-90122,-4551.92,543.357,58.2035
0.116439,-33419.8,-329.296,17.8834,2.00899,260330,-9716.25,-254.583,28.037,-89926.4,-4552.82,543.311,58.2089
0.116449,-33419.8,-329.63,17.8801,2.00917,260498,-9713.65,-254.681,28.0345,-89730.7,-4553.71,543.266,58.2143
0.116459,-33419.8,-329.964,17.8768,2.00935,260665,-9711.04,-254.778,28.0319,-89535,-4554.61,543.22,58.2198
0.116469,-33419.8,-330.298,17.8735,2.00953,260833,-9708.44,-254.875,28.0294,-89339.1,-4555.51,543.175,58.2252
0.116479,-33419.8,-330.632,17.8702,2.00971,261000,-9705.83,-254.972,28.0268,-89143.2,-4556.4,543.129,58.2306
0.116489,-33419.8,-330.967,17.8669,2.00988,261167,-9703.22,-255.069,28.0243,-88947.1,-4557.29,543.084,58.2361
0.116499,-33419.8,-331.301,17.8636,2.01006,261334,-9700.61,-255.166,28.0217,-88750.9,-4558.18,543.038,58.2415
0.116509,-33419.8,-331.635,17.8603,2.01024,261501,-9697.99,-255.263,28.0192,-88554.7,-4559.06,542.992,58.2469
0.116519,-33419.8,-331.969,17.857,2.01042,261668,-9695.38,-255.36,28.0166,-88358.3,-4559.95,542.947,58.2524
0.116529,-33419.8,-332.303,17.8536,2.0106,261835,-9692.76,-255.457,28.0141,-88161.8,-4560.83,542.901,58.2578
0.116539,-33419.8,-332.637,17.8503,2.01078,262002,-9690.14,-255.554,28.0115,-87965.3,-4561.71,542.856,58.2632
0.116549,-33419.8,-332.972,17.847,2.01096,262169,-9687.52,-255.651,28.009,-87768.6,-4562.59,542.81,58.2686
0.116559,-33419.8,-333.306,17.8436,2.01113,262335,-9684.9,-255.747,28.0064,-87571.9,-4563.46,542.765,58.2741
0.116569,-33419.8,-333.64,17.8403,2.01131,262502,-9682.27,-255.844,28.0038,-87375,-4564.34,542.719,58.2795
0.116579,-33419.8,-333.974,17.837,2.01149,262668,-9679.65,-255.941,28.0013,-87178.1,-4565.21,542.673,58.2849
0.116589,-33419.8,-334.308,17.8336,2.01167,262835,-9677.02,-256.038,27.9987,-86981,-4566.08,542.628,58.2904
0.116599,-33419.8,-334.642,17.8303,2.01185,263001,-9674.39,-256.134,27.9962,-86783.8,-4566.95,542.582,58.2958
0.116609,-33419.8,-334.976,17.8269,2.01203,263167,-9671.76,-256.231,27.9936,-86586.5,-4567.82,542.536,58.3012
0.116619,-33419.8,-335.311,17.8236,2.0122,263333,-9669.13,-256.328,27.991,-86389.1,-4568.68,542.491,58.3066
0.116629,-33419.8,-335.645,17.8202,2.01238,263499,-9666.5,-256.425,27.9885,-86191.7,-4569.55,542.445,58.312
0.116639,-33419.8,-335.979,17.8169,2.01256,263665,-9663.86,-256.521,27.9859,-85994.1,-4570.41,542.399,58.3175
0.116649,-33419.8,-336.313,17.8135,2.01274,263831,-9661.22,-256.618,27.9833,-85796.5,-4571.27,542.354,58.3229
0.116659,-33419.8,-336.647,17.8102,2.01292,263997,-9658.58,-256.714,27.9808,-85598.7,-4572.12,542.308,58.3283
0.116669,-33419.8,-336.981,17.8068,2.0131,264162,-9655.94,-256.811,27.9782,-85400.8,-4572.98,542.262,58.3337
0.116679,-33419.8,-337.316,17.8034,2.01327,264328,-9653.3,-256.908,27.9756,-85202.8,-4573.83,542.216,58.3392
0.116689,-33419.8,-337.65,17.8,2.01345,264493,-9650.66,-257.004,27.9731,-85004.8,-4574.68,542.171,58.3446
0.116699,-33419.8,-337.984,17.7967,2.01363,264659,-9648.01,-257.1,27.9705,-84806.6,-4575.53,542.125,58.35
0.116709,-33419.8,-338.318,17.7933,2.01381,264824,-9645.37,-257.197,27.9679,-84608.4,-4576.38,542.079,58.3554
0.116719,-33419.8,-338.652,17.7899,2.01398,264989,-9642.72,-257.293,27.9654,-84410,-4577.22,542.033,58.3609
0.116729,-33419.8,-338.986,17.7865,2.01416,265154,-9640.07,-257.39,27.9628,-84211.6,-4578.06,541.988,58.3663
0.116739,-33419.8,-339.32,17.7831,2.01434,265319,-9637.42,-257.486,27.9602,-84013,-4578.91,541.942,58.3717
0.116749,-33419.8,-339.655,17.7797,2.01452,265484,-9634.76,-257.582,27.9576,-83814.4,-4579.75,541.896,58.3771
0.116759,-33419.8,-339.989,17.7763,2.0147,265649,-9632.11,-257.679,27.9551,-83615.6,-4580.58,541.85,58.3825
0.116769,-33419.8,-340.323,17.7729,2.01487,265814,-9629.45,-257.775,27.9525,-83416.7,-4581.42,541.804,58.3879
0.116779,-33419.8,-340.657,17.7695,2.01505,265978,-9626.79,-257.871,27.9499,-83217.8,-4582.25,541.759,58.3934
0.116789,-33419.8,-340.991,17.7661,2.01523,266143,-9624.13,-257.968,27.9473,-83018.7,-4583.08,541.713,58.3988
0.116799,-33419.8,-341.325,17.7627,2.01541,266307,-9621.47,-258.064,27.9447,-82819.6,-4583.91,541.667,58.4042
0.116809,-33419.8,-341.66,17.7593,2.01558,266472,-9618.81,-258.16,27.9422,-82620.3,-4584.74,541.621,58.4096
0.116819,-33419.8,-341.994,17.7559,2.01576,266636,-9616.14,-258.256,27.9396,-82421,-4585.56,541.575,58.415
0.116829,-33419.8,-342.328,17.7524,2.01594,266800,-9613.47,-258.352,27.937,-82221.5,-4586.39,541.529,58.4204
0.116839,-33419.8,-342.662,17.749,2.01612,266964,-9610.8,-258.448,27.9344,-82022,-4587.21,541.484,58.4259
0.116849,-33419.8,-342.996,17.7456,2.01629,267128,-9608.14,-258.544,27.9318,-81822.4,-4588.03,541.438,58.4313
0.116859,-33419.8,-343.33,17.7422,2.01647,267292,-9605.46,-258.641,27.9292,-81622.6,-4588.84,541.392,58.4367
0.116869,-33419.8,-343.664,17.7387,2.01665,267456,-9602.79,-258.737,27.9267,-81422.8,-4589.66,541.346,58.4421
0.116879,-33419.8,-343.999,17.7353,2.01683,267620,-9600.11,-258.833,27.9241,-81222.8,-4590.47,541.3,58.4475
0.116889,-33419.8,-344.333,17.7319,2.017,267783,-9597.44,-258.929,27.9215,-81022.8,-4591.28,541.254,58.4529
0.116899,-33419.8,-344.667,17.7284,2.01718,267947,-9594.76,-259.024,27.9189,-80822.6,-4592.09,541.208,58.4583
0.116909,-33419.8,-345.001,17.725,2.01736,268110,-9592.08,-259.12,27.9163,-80622.4,-4592.9,541.162,58.4638
0.116919,-33419.8,-345.335,17.7215,2.01754,268274,-9589.4,-259.216,27.9137,-80422.1,-4593.7,541.116,58.4692
0.116929,-33419.8,-345.669,17.7181,2.01771,268437,-9586.71,-259.312,27.9111,-80221.6,-4594.51,541.07,58.4746
0.116939,-33419.8,-346.004,17.7146,2.01789,268600,-9584.03,-259.408,27.9085,-80021.1,-4595.31,541.024,58.48
0.116949,-33419.8,-346.338,17.7111,2.01807,268764,-9581.34,-259.504,27.9059,-79820.5,-4596.11,540.979,58.4854
0.116959,-33419.8,-346.672,17.7077,2.01824,268927,-9578.66,-259.6,27.9033,-79619.8,-4596.91,540.933,58.4908
0.116969,-33419.8,-347.006,17.7042,2.01842,269090,-9575.97,-259.695,27.9007,-79419,-4597.7,540.887,58.4962
0.116979,-33419.8,-347.34,17.7007,2.0186,269252,-9573.27,-259.791,27.8981,-79218.1,-4598.49,540.841,58.5016
0.116989,-33419.8,-347.674,17.6973,2.01878,269415,-9570.58,-259.887,27.8955,-79017.1,-4599.28,540.795,58.507
0.116999,-33419.8,-348.008,17.6938,2.01895,269578,-9567.89,-259.983,27.8929,-78816,-4600.07,540.749,58.5124
0.117009,-33419.8,-348.343,17.6903,2.01913,269740,-9565.19,-260.078,27.8903,-78614.7,-4600.86,540.703,58.5178
0.117019,-33419.8,-348.677,17.6868,2.01931,269903,-9562.49,-260.174,27.8877,-78413.4,-4601.65,540.657,58.5233
0.117029,-33419.8,-349.011,17.6833,2.01948,270065,-9559.79,-260.269,27.8851,-78212.1,-4602.43,540.611,58.5287
0.117039,-33419.8,-349.345,17.6798,2.01966,270228,-9557.09,-260.365,27.8825,-78010.5,-4603.21,540.565,58.5341
0.117049,-33419.8,-349.679,17.6763,2.01984,270390,-9554.39,-260.46,27.8799,-77809,-4603.99,540.519,58.5395
0.117059,-33419.8,-350.013,17.6728,2.02001,270552,-9551.68,-260.556,27.8773,-77607.3,-4604.76,540.473,58.5449
0.117069,-33419.8,-350.348,17.6693,2.02019,270714,-9548.98,-260.652,27.8747,-77405.5,-4605.54,540.426,58.5503
0.117079,-33419.8,-350.682,17.6658,2.02037,270876,-9546.27,-260.747,27.8721,-77203.7,-4606.31,540.38,58.5557
0.117089,-33419.8,-351.016,17.6623,2.02054,271038,-9543.56,-260.842,27.8695,-77001.7,-4607.08,540.334,58.5611
0.117099,-33419.8,-351.35,17.6588,2.02072,271200,-9540.85,-260.938,27.8669,-76799.6,-4607.85,540.288,58.5665
0.117109,-33419.8,-351.684,17.6553,2.0209,271361,-9538.14,-261.033,27.8643,-76597.5,-4608.62,540.242,58.5719
0.117119,-33419.8,-352.018,17.6518,2.02107,271523,-9535.43,-261.129,27.8617,-76395.2,-4609.39,540.196,58.5773
0.117129,-33419.8,-352.352,17.6483,2.02125,271684,-9532.71,-261.224,27.8591,-76192.9,-4610.15,540.15,58.5827
0.117139,-33419.8,-352.687,17.6447,2.02143,271846,-9529.99,-261.319,27.8564,-75990.4,-4610.91,540.104,58.5881
0.117149,-33419.8,-353.021,17.6412,2.0216,272007,-9527.27,-261.414,27.8538,-75787.9,-4611.67,540.058,58.5935
0.117159,-33419.8,-353.355,17.6377,2.02178,272168,-9524.55,-261.51,27.8512,-75585.2,-4612.42,540.012,58.5989
0.117169,-33419.8,-353.689,17.6341,2.02195,272329,-9521.83,-261.605,27.8486,-75382.5,-4613.18,539.966,58.6043
0.117179,-33419.8,-354.023,17.6306,2.02213,272490,-9519.11,-261.7,27.846,-75179.7,-4613.93,539.919,58.6097
0.117189,-33419.8,-354.357,17.6271,2.02231,272651,-9516.38,-261.795,27.8434,-74976.7,-4614.68,539.873,58.6151
0.117199,-33419.8,-354.692,17.6235,2.02248,272812,-9513.65,-261.89,27.8407,-74773.8,-4615.43,539.827,58.6205
0.117209,-33419.8,-355.026,17.62,2.02266,272973,-9510.93,-261.986,27.8381,-74570.7,-4616.18,539.781,58.6259
0.117219,-33419.8,-355.36,17.6164,2.02284,273134,-9508.2,-262.081,27.8355,-74367.5,-4616.92,539.735,58.6313
0.117229,-33419.8,-355.694,17.6129,2.02301,273294,-9505.46,-262.176,27.8329,-74164.1,-4617.66,539.689,58.6367
0.117239,-33419.8,-356.028,17.6093,2.02319,273455,-9502.73,-262.271,27.8303,-73960.7,-4618.4,539.643,58.6421
0.117249,-33419.8,-356.362,17.6057,2.02336,273615,-9500,-262.366,27.8276,-73757.2,-4619.14,539.596,58.6475
0.117259,-33419.8,-356.696,17.6022,2.02354,273776,-9497.26,-262.461,27.825,-73553.6,-4619.88,539.55,58.6529
0.117269,-33419.8,-357.031,17.5986,2.02372,273936,-9494.52,-262.556,27.8224,-73349.9,-4620.61,539.504,58.6583
0.117279,-33419.8,-357.365,17.595,2.02389,274096,-9491.78,-262.651,27.8198,-73146.2,-4621.35,539.458,58.6637
0.117289,-33419.8,-357.699,17.5915,2.02407,274256,-9489.04,-262.745,27.8171,-72942.3,-4622.08,539.412,58.6691
0.117299,-33419.8,-358.033,17.5879,2.02424,274416,-9486.3,-262.84,27.8145,-72738.4,-4622.81,539.365,58.6745
0.117309,-33419.8,-358.367,17.5843,2.02442,274576,-9483.55,-262.935,27.8119,-72534.4,-4623.53,539.319,58.6799
0.117319,-33419.8,-358.701,17.5807,2.0246,274736,-9480.81,-263.03,27.8093,-72330.2,-4624.25,539.273,58.6852
0.117329,-33419.8,-359.036,17.5771,2.02477,274895,-9478.06,-263.125,27.8066,-72125.9,-4624.98,539.227,58.6906
0.117339,-33419.8,-359.37,17.5735,2.02495,275055,-9475.31,-263.22,27.804,-71921.6,-4625.7,539.18,58.696
0.117349,-33419.8,-359.704,17.5699,2.02512,275215,-9472.56,-263.314,27.8014,-71717.1,-4626.42,539.134,58.7014
0.117359,-33419.8,-360.038,17.5663,2.0253,275374,-9469.81,-263.409,27.7987,-71512.7,-4627.13,539.088,58.7068
0.117369,-33419.8,-360.372,17.5627,2.02547,275533,-9467.05,-263.504,27.7961,-71308.1,-4627.85,539.042,58.7122
0.117379,-33419.8,-360.706,17.5591,2.02565,275692,-9464.3,-263.598,27.7935,-71103.4,-4628.56,538.995,58.7176
0.117389,-33419.8,-361.04,17.5555,2.02583,275852,-9461.54,-263.693,27.7908,-70898.5,-4629.27,538.949,58.723
0.117399,-33419.8,-361.375,17.5519,2.026,276011,-9458.78,-263.787,27.7882,-70693.6,-4629.98,538.903,58.7284
0.117409,-33419.8,-361.709,17.5483,2.02618,276170,-9456.02,-263.882,27.7855,-70488.6,-4630.68,538.856,58.7338
0.117419,-33419.8,-362.043,17.5447,2.02635,276329,-9453.26,-263.977,27.7829,-70283.6,-4631.39,538.81,58.7392
0.117429,-33419.8,-362.377,17.5411,2.02653,276487,-9450.49,-264.071,27.7803,-70078.4,-4632.09,538.764,58.7445
0.117439,-33419.8,-362.711,17.5374,2.0267,276646,-9447.73,-264.165,27.7776,-69873.2,-4632.79,538.718,58.7499
0.117449,-33419.8,-363.045,17.5338,2.02688,276805,-9444.96,-264.26,27.775,-69667.9,-4633.48,538.671,58.7553
0.117459,-33419.8,-363.38,17.5302,2.02705,276963,-9442.19,-264.354,27.7723,-69462.4,-4634.18,538.625,58.7607
0.117469,-33419.8,-363.714,17.5265,2.02723,277122,-9439.42,-264.449,27.7697,-69256.8,-4634.87,538.579,58.7661
0.117479,-33419.8,-364.048,17.5229,2.0274,277280,-9436.65,-264.543,27.767,-69051.2,-4635.56,538.532,58.7715
0.117489,-33419.8,-364.382,17.5193,2.02758,277438,-9433.88,-264.638,27.7644,-68845.4,-4636.25,538.486,58.7769
0.117499,-33419.8,-364.716,17.5156,2.02775,277596,-9431.1,-264.732,27.7618,-68639.7,-4636.94,538.44,58.7822
0.117509,-33419.8,-365.05,17.512,2.02793,277755,-9428.32,-264.826,27.7591,-68433.7,-4637.63,538.393,58.7876
0.117519,-33419.8,-365.384,17.5083,2.0281,277913,-9425.55,-264.92,27.7565,-68227.8,-4638.31,538.347,58.793
0.117529,-33419.8,-365.719,17.5047,2.02828,278070,-9422.77,-265.015,27.7538,-68021.7,-4638.99,538.3,58.7984
0.117539,-33419.8,-366.053,17.501,2.02845,278228,-9419.99,-265.109,27.7512,-67815.5,-4639.67,538.254,58.8038
0.117549,-33419.8,-366.387,17.4973,2.02863,278386,-9417.2,-265.203,27.7485,-67609.2,-4640.35,538.208,58.8092
0.117559,-33419.8,-366.721,17.4937,2.0288,278544,-9414.42,-265.297,27.7459,-67402.8,-4641.02,538.161,58.8145
0.117569,-33419.8,-367.055,17.49,2.02898,278701,-9411.63,-265.391,27.7432,-67196.4,-4641.69,538.115,58.8199
0.117579,-33419.8,-367.389,17.4863,2.02915,278859,-9408.85,-265.485,27.7405,-66989.8,-4642.37,538.068,58.8253
0.117589,-33419.8,-367.724,17.4827,2.02933,279016,-9406.06,-265.579,27.7379,-66783.2,-4643.04,538.022,58.8307
0.117599,-33419.8,-368.058,17.479,2.0295,279173,-9403.27,-265.673,27.7352,-66576.4,-4643.7,537.976,58.8361
0.117609,-33419.8,-368.392,17.4753,2.02968,279330,-9400.47,-265.767,27.7326,-66369.6,-4644.37,537.929,58.8414
0.117619,-33419.8,-368.726,17.4716,2.02985,279488,-9397.68,-265.861,27.7299,-66162.7,-4645.03,537.883,58.8468
0.117629,-33419.8,-369.06,17.4679,2.03003,279645,-9394.89,-265.955,27.7273,-65955.7,-4645.69,537.836,58.8522
0.117639,-33419.8,-369.394,17.4642,2.0302,279801,-9392.09,-266.049,27.7246,-65748.6,-4646.35,537.79,58.8576
0.117649,-33419.8,-369.728,17.4605,2.03038,279958,-9389.29,-266.143,27.7219,-65541.5,-4647,537.743,58.863
0.117659,-33419.8,-370.063,17.4568,2.03055,280115,-9386.49,-266.237,27.7193,-65334.2,-4647.66,537.697,58.8683
0.117669,-33419.8,-370.397,17.4531,2.03073,280272,-9383.69,-266.331,27.7166,-65126.8,-4648.31,537.65,58.8737
0.117679,-33419.8,-370.731,17.4494,2.0309,280428,-9380.89,-266.425,27.7139,-64919.4,-4648.96,537.604,58.8791
0.117689,-33419.8,-371.065,17.4457,2.03107,280585,-9378.08,-266.518,27.7113,-64711.8,-4649.61,537.557,58.8845
0.117699,-33419.8,-371.399,17.442,2.03125,280741,-9375.27,-266.612,27.7086,-64504.1,-4650.26,537.511,58.8898
0.117709,-33419.8,-371.733,17.4383,2.03142,280897,-9372.47,-266.706,27.706,-64296.5,-4650.9,537.464,58.8952
0.117719,-33419.8,-372.068,17.4346,2.0316,281053,-9369.66,-266.8,27.7033,-64088.6,-4651.54,537.418,58.9006
0.117729,-33419.8,-372.402,17.4309,2.03177,281210,-9366.85,-266.893,27.7006,-63880.8,-4652.18,537.371,58.906
0.117739,-33419.8,-372.736,17.4271,2.03195,281366,-9364.03,-266.987,27.6979,-63672.7,-4652.82,537.325,58.9113
0.117749,-33419.8,-373.07,17.4234,2.03212,281521,-9361.22,-267.081,27.6953,-63464.7,-4653.45,537.278,58.9167
0.117759,-33419.8,-373.404,17.4197,2.03229,281677,-9358.4,-267.174,27.6926,-63256.4,-4654.09,537.232,58.9221
0.117769,-33419.8,-373.738,17.4159,2.03247,281833,-9355.59,-267.268,27.6899,-63048.2,-4654.72,537.185,58.9274
0.117779,-33419.8,-374.072,17.4122,2.03264,281989,-9352.77,-267.361,27.6873,-62839.9,-4655.35,537.139,58.9328
0.117789,-33419.8,-374.407,17.4085,2.03282,282144,-9349.95,-267.455,27.6846,-62631.4,-4655.98,537.092,58.9382
0.117799,-33419.8,-374.741,17.4047,2.03299,282300,-9347.12,-267.548,27.6819,-62422.8,-4656.6,537.046,58.9436
0.117809,-33419.8,-375.075,17.401,2.03316,282455,-9344.3,-267.642,27.6792,-62214.3,-4657.22,536.999,58.9489
0.117819,-33419.8,-375.409,17.3972,2.03334,282610,-9341.48,-267.735,27.6766,-62005.6,-4657.84,536.952,58.9543
0.117829,-33419.8,-375.743,17.3935,2.03351,282766,-9338.65,-267.828,27.6739,-61796.7,-4658.46,536.906,58.9597
0.117839,-33419.8,-376.077,17.3897,2.03369,282921,-9335.82,-267.922,27.6712,-61587.9,-4659.08,536.859,58.965
0.117849,-33419.8,-376.412,17.3859,2.03386,283076,-9332.99,-268.015,27.6685,-61378.9,-4659.69,536.813,58.9704
0.117859,-33419.8,-376.746,17.3822,2.03403,283231,-9330.16,-268.108,27.6658,-61169.8,-4660.31,536.766,58.9758
0.117869,-33419.8,-377.08,17.3784,2.03421,283385,-9327.33,-268.202,27.6632,-60960.7,-4660.92,536.72,58.9811
0.117879,-33419.8,-377.414,17.3746,2.03438,283540,-9324.5,-268.295,27.6605,-60751.4,-4661.53,536.673,58.9865
0.117889,-33419.8,-377.748,17.3709,2.03456,283695,-9321.66,-268.388,27.6578,-60542.1,-4662.13,536.626,58.9919
0.117899,-33419.8,-378.082,17.3671,2.03473,283849,-9318.82,-268.481,27.6551,-60332.7,-4662.74,536.58,58.9972
0.117909,-33419.8,-378.416,17.3633,2.0349,284004,-9315.98,-268.575,27.6524,-60123.2,-4663.34,536.533,59.0026
0.117919,-33419.8,-378.751,17.3595,2.03508,284158,-9313.14,-268.668,27.6497,-59913.6,-4663.94,536.486,59.008
0.117929,-33419.8,-379.085,17.3557,2.03525,284313,-9310.3,-268.761,27.6471,-59703.9,-4664.54,536.44,59.0133
0.117939,-33419.8,-379.419,17.3519,2.03542,284467,-9307.46,-268.854,27.6444,-59494.1,-4665.13,536.393,59.0187
0.117949,-33419.8,-379.753,17.3481,2.0356,284621,-9304.61,-268.947,27.6417,-59284.2,-4665.73,536.346,59.0241
0.117959,-33419.8,-380.087,17.3443,2.03577,284775,-9301.77,-269.04,27.639,-59074.4,-4666.32,536.3,59.0294
0.117969,-33419.8,-380.421,17.3405,2.03594,284929,-9298.92,-269.133,27.6363,-58864.3,-4666.91,536.253,59.0348
0.117979,-33419.8,-380.756,17.3367,2.03612,285083,-9296.07,-269.226,27.6336,-58654.2,-4667.5,536.207,59.0402
0.117989,-33419.8,-381.09,17.3329,2.03629,285236,-9293.22,-269.319,27.6309,-58444,-4668.08,536.16,59.0455
0.117999,-33419.8,-381.424,17.3291,2.03646,285390,-9290.36,-269.412,27.6282,-58233.7,-4668.67,536.113,59.0509
0.118009,-33419.8,-381.758,17.3253,2.03664,285544,-9287.51,-269.505,27.6255,-58023.3,-4669.25,536.066,59.0562
0.118019,-33419.8,-382.092,17.3215,2.03681,285697,-9284.65,-269.597,27.6228,-57812.9,-4669.82,536.02,59.0616
0.118029,-33419.8,-382.426,17.3177,2.03698,285851,-9281.8,-269.69,27.6201,-57602.3,-4670.4,535.973,59.067
0.118039,-33419.8,-382.76,17.3138,2.03716,286004,-9278.94,-269.783,27.6174,-57391.7,-4670.98,535.926,59.0723
0.118049,-33419.8,-383.095,17.31,2.03733,286157,-9276.08,-269.876,27.6147,-57180.9,-4671.55,535.88,59.0777
0.118059,-33419.8,-383.429,17.3062,2.0375,286310,-9273.22,-269.969,27.612,-56970.1,-4672.12,535.833,59.083
0.118069,-33419.8,-383.763,17.3023,2.03768,286463,-9270.35,-270.061,27.6093,-56759.2,-4672.69,535.786,59.0884
0.118079,-33419.8,-384.097,17.2985,2.03785,286616,-9267.49,-270.154,27.6066,-56548.2,-4673.26,535.74,59.0938
0.118089,-33419.8,-384.431,17.2947,2.03802,286769,-9264.62,-270.247,27.6039,-56337.2,-4673.82,535.693,59.0991
0.118099,-33419.8,-384.765,17.2908,2.03819,286922,-9261.75,-270.339,27.6012,-56126,-4674.38,535.646,59.1045
0.118109,-33419.8,-385.1,17.287,2.03837,287075,-9258.88,-270.432,27.5985,-55914.7,-4674.94,535.599,59.1098
0.118119,-33419.8,-385.434,17.2831,2.03854,287227,-9256.01,-270.524,27.5958,-55703.5,-4675.5,535.553,59.1152
0.118129,-33419.8,-385.768,17.2792,2.03871,287380,-9253.14,-270.617,27.5931,-55492,-4676.06,535.506,59.1205
0.118139,-33419.8,-386.102,17.2754,2.03889,287532,-9250.27,-270.709,27.5904,-55280.5,-4676.61,535.459,59.1259
0.118149,-33419.8,-386.436,17.2715,2.03906,287684,-9247.39,-270.802,27.5877,-55068.9,-4677.16,535.412,59.1312
0.118159,-33419.8,-386.77,17.2677,2.03923,287837,-9244.51,-270.894,27.585,-54857.3,-4677.71,535.366,59.1366
0.118169,-33419.8,-387.104,17.2638,2.0394,287989,-9241.63,-270.987,27.5823,-54645.5,-4678.26,535.319,59.1419
0.118179,-33419.8,-387.439,17.2599,2.03958,288141,-9238.75,-271.079,27.5796,-54433.7,-4678.8,535.272,59.1473
0.118189,-33419.8,-387.773,17.256,2.03975,288293,-9235.87,-271.171,27.5769,-54221.7,-4679.35,535.225,59.1527
0.118199,-33419.8,-388.107,17.2522,2.03992,288445,-9232.99,-271.264,27.5741,-54009.7,-4679.89,535.178,59.158
0.118209,-33419.8,-388.441,17.2483,2.04009,288596,-9230.1,-271.356,27.5714,-53797.6,-4680.43,535.132,59.1634
0.118219,-33419.8,-388.775,17.2444,2.04027,288748,-9227.22,-271.448,27.5687,-53585.4,-4680.96,535.085,59.1687
0.118229,-33419.8,-389.109,17.2405,2.04044,288900,-9224.33,-271.541,27.566,-53373.1,-4681.5,535.038,59.1741
0.118239,-33419.8,-389.444,17.2366,2.04061,289051,-9221.44,-271.633,27.5633,-53160.7,-4682.03,534.991,59.1794
0.118249,-33419.8,-389.778,17.2327,2.04078,289203,-9218.55,-271.725,27.5606,-52948.4,-4682.56,534.944,59.1848
0.118259,-33419.8,-390.112,17.2288,2.04096,289354,-9215.66,-271.817,27.5579,-52735.8,-4683.09,534.898,59.1901
0.118269,-33419.8,-390.446,17.2249,2.04113,289505,-9212.76,-271.909,27.5551,-52523.2,-4683.62,534.851,59.1955
0.118279,-33419.8,-390.78,17.221,2.0413,289656,-9209.87,-272.001,27.5524,-52310.5,-4684.14,534.804,59.2008
0.118289,-33419.8,-391.114,17.2171,2.04147,289808,-9206.97,-272.094,27.5497,-52097.7,-4684.66,534.757,59.2062
0.118299,-33419.8,-391.448,17.2132,2.04164,289958,-9204.07,-272.186,27.547,-51884.9,-4685.18,534.71,59.2115
0.118309,-33419.8,-391.783,17.2093,2.04182,290109,-9201.17,-272.278,27.5443,-51671.9,-4685.7,534.663,59.2169
0.118319,-33419.8,-392.117,17.2054,2.04199,290260,-9198.27,-272.37,27.5415,-51458.9,-4686.22,534.617,59.2222
0.118329,-33419.8,-392.451,17.2014,2.04216,290411,-9195.37,-272.462,27.5388,-51245.8,-4686.73,534.57,59.2275
0.118339,-33419.8,-392.785,17.1975,2.04233,290561,-9192.46,-272.553,27.5361,-51032.6,-4687.24,534.523,59.2329
0.118349,-33419.8,-393.119,17.1936,2.0425,290712,-9189.56,-272.645,27.5334,-50819.3,-4687.75,534.476,59.2382
0.118359,-33419.8,-393.453,17.1897,2.04268,290862,-9186.65,-272.737,27.5306,-50605.9,-4688.26,534.429,59.2436
0.118369,-33419.8,-393.788,17.1857,2.04285,291013,-9183.74,-272.829,27.5279,-50392.5,-4688.76,534.382,59.2489
0.118379,-33419.8,-394.122,17.1818,2.04302,291163,-9180.83,-272.921,27.5252,-50179,-4689.26,534.335,59.2543
0.118389,-33419.8,-394.456,17.1778,2.04319,291313,-9177.92,-273.013,27.5224,-49965.3,-4689.77,534.288,59.2596
0.118399,-33419.8,-394.79,17.1739,2.04336,291463,-9175,-273.104,27.5197,-49751.6,-4690.26,534.242,59.265
0.118409,-33419.8,-395.124,17.1699,2.04354,291613,-9172.09,-273.196,27.517,-49537.9,-4690.76,534.195,59.2703
0.118419,-33419.8,-395.458,17.166,2.04371,291763,-9169.17,-273.288,27.5142,-49324,-4691.25,534.148,59.2756
0.118429,-33419.8,-395.792,17.162,2.04388,291913,-9166.25,-273.379,27.5115,-49110,-4691.75,534.101,59.281
0.118439,-33419.8,-396.127,17.1581,2.04405,292063,-9163.33,-273.471,27.5088,-48896,-4692.24,534.054,59.2863
0.118449,-33419.8,-396.461,17.1541,2.04422,292212,-9160.42,-273.563,27.506,-48681.9,-4692.72,534.007,59.2917
0.118459,-33419.8,-396.795,17.1501,2.04439,292362,-9157.49,-273.654,27.5033,-48467.7,-4693.21,533.96,59.297
0.118469,-33419.8,-397.129,17.1462,2.04456,292511,-9154.57,-273.746,27.5006,-48253.4,-4693.69,533.913,59.3023
0.118479,-33419.8,-397.463,17.1422,2.04474,292661,-9151.64,-273.837,27.4978,-48039,-4694.18,533.866,59.3077
0.118489,-33419.8,-397.797,17.1382,2.04491,292810,-9148.71,-273.929,27.4951,-47824.5,-4694.65,533.819,59.313
0.118499,-33419.8,-398.132,17.1342,2.04508,292959,-9145.79,-274.02,27.4924,-47610.1,-4695.13,533.772,59.3184
0.118509,-33419.8,-398.466,17.1303,2.04525,293108,-9142.86,-274.112,27.4896,-47395.4,-4695.61,533.725,59.3237
0.118519,-33419.8,-398.8,17.1263,2.04542,293257,-9139.93,-274.203,27.4869,-47180.8,-4696.08,533.678,59.329
0.118529,-33419.8,-399.134,17.1223,2.04559,293406,-9136.99,-274.294,27.4841,-46966,-4696.55,533.631,59.3344
0.118539,-33419.8,-399.468,17.1183,2.04576,293555,-9134.06,-274.386,27.4814,-46751.1,-4697.02,533.584,59.3397
0.118549,-33419.8,-399.802,17.1143,2.04594,293704,-9131.12,-274.477,27.4786,-46536.2,-4697.48,533.538,59.345
0.118559,-33419.8,-400.137,17.1103,2.04611,293852,-9128.18,-274.568,27.4759,-46321.1,-4697.95,533.491,59.3504
0.118569,-33419.8,-400.471,17.1063,2.04628,294001,-9125.25,-274.66,27.4732,-46106.1,-4698.41,533.444,59.3557
0.118579,-33419.8,-400.805,17.1023,2.04645,294149,-9122.31,-274.751,27.4704,-45890.9,-4698.87,533.397,59.361
0.118589,-33419.8,-401.139,17.0983,2.04662,294298,-9119.36,-274.842,27.4677,-45675.6,-4699.33,533.35,59.3664
0.118599,-33419.8,-401.473,17.0943,2.04679,294446,-9116.42,-274.933,27.4649,-45460.2,-4699.79,533.303,59.3717
0.118609,-33419.8,-401.807,17.0903,2.04696,294594,-9113.48,-275.024,27.4622,-45244.8,-4700.24,533.256,59.377
0.118619,-33419.8,-402.141,17.0862,2.04713,294742,-9110.53,-275.116,27.4594,-45029.3,-4700.69,533.209,59.3824
0.118629,-33419.8,-402.476,17.0822,2.0473,294890,-9107.58,-275.207,27.4567,-44813.8,-4701.14,533.162,59.3877
0.118639,-33419.8,-402.81,17.0782,2.04747,295038,-9104.63,-275.298,27.4539,-44598.1,-4701.59,533.115,59.393
0.118649,-33419.8,-403.144,17.0742,2.04764,295186,-9101.68,-275.389,27.4511,-44382.3,-4702.03,533.068,59.3984
0.118659,-33419.8,-403.478,17.0701,2.04782,295334,-9098.73,-275.48,27.4484,-44166.5,-4702.47,533.021,59.4037
0.118669,-33419.8,-403.812,17.0661,2.04799,295482,-9095.78,-275.571,27.4456,-43950.5,-4702.91,532.974,59.409
0.118679,-33419.8,-404.146,17.0621,2.04816,295629,-9092.82,-275.661,27.4429,-43734.6,-4703.35,532.927,59.4144
0.118689,-33419.8,-404.48,17.058,2.04833,295777,-9089.86,-275.752,27.4401,-43518.5,-4703.79,532.88,59.4197
0.118699,-33419.8,-404.815,17.054,2.0485,295924,-9086.91,-275.843,27.4374,-43302.3,-4704.22,532.832,59.425
0.118709,-33419.8,-405.149,17.0499,2.04867,296071,-9083.95,-275.934,27.4346,-43086.1,-4704.65,532.785,59.4303
0.118719,-33419.8,-405.483,17.0459,2.04884,296219,-9080.99,-276.025,27.4319,-42869.8,-4705.08,532.738,59.4357
0.118729,-33419.8,-405.817,17.0418,2.04901,296366,-9078.02,-276.116,27.4291,-42653.4,-4705.51,532.691,59.441
0.118739,-33419.8,-406.151,17.0377,2.04918,296513,-9075.06,-276.207,27.4263,-42436.9,-4705.94,532.644,59.4463
0.118749,-33419.8,-406.485,17.0337,2.04935,296660,-9072.09,-276.297,27.4236,-42220.4,-4706.36,532.597,59.4516
0.118759,-33419.8,-406.82,17.0296,2.04952,296807,-9069.13,-276.388,27.4208,-42003.8,-4706.78,532.55,59.457
0.118769,-33419.8,-407.154,17.0255,2.04969,296953,-9066.16,-276.479,27.418,-41787,-4707.2,532.503,59.4623
0.118779,-33419.8,-407.488,17.0215,2.04986,297100,-9063.19,-276.569,27.4153,-41570.2,-4707.62,532.456,59.4676
0.118789,-33419.8,-407.822,17.0174,2.05003,297247,-9060.22,-276.66,27.4125,-41353.3,-4708.03,532.409,59.4729
0.118799,-33419.8,-408.156,17.0133,2.0502,297393,-9057.24,-276.75,27.4097,-41136.4,-4708.44,532.362,59.4783
0.118809,-33419.8,-408.49,17.0092,2.05037,297540,-9054.27,-276.841,27.407,-40919.4,-4708.85,532.315,59.4836
0.118819,-33419.8,-408.824,17.0052,2.05054,297686,-9051.29,-276.931,27.4042,-40702.3,-4709.26,532.268,59.4889
0.118829,-33419.8,-409.159,17.0011,2.05071,297832,-9048.32,-277.022,27.4014,-40485.1,-4709.67,532.221,59.4942
0.118839,-33419.8,-409.493,16.997,2.05088,297978,-9045.34,-277.112,27.3987,-40267.8,-4710.07,532.174,59.4996
0.118849,-33419.8,-409.827,16.9929,2.05105,298124,-9042.36,-277.203,27.3959,-40050.5,-4710.47,532.126,59.5049
0.118859,-33419.8,-410.161,16.9888,2.05122,298270,-9039.38,-277.293,27.3931,-39833,-4710.87,532.079,59.5102
0.118869,-33419.8,-410.495,16.9847,2.05139,298416,-9036.39,-277.384,27.3903,-39615.5,-4711.27,532.032,59.5155
0.118879,-33419.8,-410.829,16.9806,2.05156,298562,-9033.41,-277.474,27.3876,-39397.9,-4711.66,531.985,59.5208
0.118889,-33419.8,-411.164,16.9765,2.05173,298708,-9030.42,-277.564,27.3848,-39180.3,-4712.06,531.938,59.5262
0.118899,-33419.8,-411.498,16.9723,2.0519,298853,-9027.44,-277.655,27.382,-38962.5,-4712.45,531.891,59.5315
0.118909,-33419.8,-411.832,16.9682,2.05207,298999,-9024.45,-277.745,27.3792,-38744.7,-4712.84,531.844,59.5368
0.118919,-33419.8,-412.166,16.9641,2.05224,299144,-9021.46,-277.835,27.3765,-38526.8,-4713.22,531.797,59.5421
0.118929,-33419.8,-412.5,16.96,2.05241,299289,-9018.46,-277.925,27.3737,-38308.8,-4713.61,531.75,59.5474
0.118939,-33419.8,-412.834,16.9559,2.05258,299435,-9015.47,-278.015,27.3709,-38090.8,-4713.99,531.702,59.5528
0.118949,-33419.8,-413.168,16.9517,2.05275,299580,-9012.48,-278.105,27.3681,-37872.6,-4714.37,531.655,59.5581
0.118959,-33419.8,-413.503,16.9476,2.05292,299725,-9009.48,-278.195,27.3653,-37654.5,-4714.74,531.608,59.5634
0.118969,-33419.8,-413.837,16.9435,2.05309,299870,-9006.48,-278.286,27.3626,-37436.2,-4715.12,531.561,59.5687
0.118979,-33419.8,-414.171,16.9393,2.05326,300015,-9003.48,-278.376,27.3598,-37217.8,-4715.5,531.514,59.574
0.118989,-33419.8,-414.505,16.9352,2.05343,300160,-9000.48,-278.466,27.357,-36999.3,-4715.87,531.467,59.5793
0.118999,-33419.8,-414.839,16.931,2.05359,300304,-8997.48,-278.556,27.3542,-36780.8,-4716.23,531.42,59.5846
0.119009,-33419.8,-415.173,16.9269,2.05376,300449,-8994.48,-278.646,27.3514,-36562.2,-4716.6,531.372,59.59
0.119019,-33419.8,-415.508,16.9227,2.05393,300594,-8991.47,-278.736,27.3486,-36343.5,-4716.97,531.325,59.5953
0.119029,-33419.8,-415.842,16.9186,2.0541,300738,-8988.47,-278.825,27.3458,-36124.8,-4717.33,531.278,59.6006
0.119039,-33419.8,-416.176,16.9144,2.05427,300882,-8985.46,-278.915,27.3431,-35906,-4717.69,531.231,59.6059
0.119049,-33419.8,-416.51,16.9103,2.05444,301027,-8982.45,-279.005,27.3403,-35687.1,-4718.05,531.184,59.6112
0.119059,-33419.8,-416.844,16.9061,2.05461,301171,-8979.44,-279.095,27.3375,-35468.1,-4718.4,531.137,59.6165
0.119069,-33419.8,-417.178,16.9019,2.05478,301315,-8976.43,-279.185,27.3347,-35249,-4718.75,531.089,59.6218
0.119079,-33419.8,-417.513,16.8977,2.05495,301459,-8973.41,-279.274,27.3319,-35029.8,-4719.11,531.042,59.6271
0.119089,-33419.8,-417.847,16.8936,2.05512,301603,-8970.4,-279.364,27.3291,-34810.7,-4719.46,530.995,59.6325
0.119099,-33419.8,-418.181,16.8894,2.05529,301747,-8967.38,-279.454,27.3263,-34591.3,-4719.8,530.948,59.6378
0.119109,-33419.8,-418.515,16.8852,2.05545,301890,-8964.36,-279.543,27.3235,-34372,-4720.15,530.901,59.6431
0.119119,-33419.8,-418.849,16.881,2.05562,302034,-8961.35,-279.633,27.3207,-34152.6,-4720.49,530.853,59.6484
0.119129,-33419.8,-419.183,16.8768,2.05579,302178,-8958.33,-279.723,27.3179,-33933.1,-4720.83,530.806,59.6537
0.119139,-33419.8,-419.517,16.8726,2.05596,302321,-8955.3,-279.812,27.3151,-33713.4,-4721.17,530.759,59.659
0.119149,-33419.8,-419.852,16.8684,2.05613,302465,-8952.28,-279.902,27.3123,-33493.8,-4721.5,530.712,59.6643
0.119159,-33419.8,-420.186,16.8642,2.0563,302608,-8949.26,-279.991,27.3095,-33274.1,-4721.84,530.665,59.6696
0.119169,-33419.8,-420.52,16.86,2.05647,302751,-8946.23,-280.081,27.3067,-33054.2,-4722.17,530.617,59.6749
0.119179,-33419.8,-420.854,16.8558,2.05664,302894,-8943.2,-280.17,27.3039,-32834.3,-4722.5,530.57,59.6802
0.119189,-33419.8,-421.188,16.8516,2.0568,303037,-8940.17,-280.259,27.3011,-32614.4,-4722.83,530.523,59.6855
0.119199,-33419.8,-421.522,16.8474,2.05697,303180,-8937.14,-280.349,27.2983,-32394.3,-4723.15,530.476,59.6908
0.119209,-33419.8,-421.857,16.8432,2.05714,303323,-8934.11,-280.438,27.2955,-32174.2,-4723.47,530.429,59.6961
0.119219,-33419.8,-422.191,16.839,2.05731,303466,-8931.07,-280.528,27.2927,-31954,-4723.8,530.381,59.7015
0.119229,-33419.8,-422.525,16.8347,2.05748,303609,-8928.04,-280.617,27.2899,-31733.7,-4724.11,530.334,59.7068
0.119239,-33419.8,-422.859,16.8305,2.05765,303751,-8925,-280.706,27.2871,-31513.4,-4724.43,530.287,59.7121
0.119249,-33419.8,-423.193,16.8263,2.05781,303894,-8921.97,-280.795,27.2843,-31293,-4724.74,530.24,59.7174
0.119259,-33419.8,-423.527,16.8221,2.05798,304036,-8918.93,-280.884,27.2815,-31072.4,-4725.06,530.192,59.7227
0.119269,-33419.8,-423.861,16.8178,2.05815,304178,-8915.89,-280.974,27.2787,-30851.9,-4725.36,530.145,59.728
0.119279,-33419.8,-424.196,16.8136,2.05832,304321,-8912.84,-281.063,27.2759,-30631.2,-4725.67,530.098,59.7333
0.119289,-33419.8,-424.53,16.8093,2.05849,304463,-8909.8,-281.152,27.2731,-30410.5,-4725.98,530.051,59.7386
0.119299,-33419.8,-424.864,16.8051,2.05865,304605,-8906.75,-281.241,27.2702,-30189.7,-4726.28,530.003,59.7439
0.119309,-33419.8,-425.198,16.8008,2.05882,304747,-8903.71,-281.33,27.2674,-29968.8,-4726.58,529.956,59.7492
0.119319,-33419.8,-425.532,16.7966,2.05899,304889,-8900.66,-281.419,27.2646,-29747.9,-4726.88,529.909,59.7545
0.119329,-33419.8,-425.866,16.7923,2.05916,305030,-8897.61,-281.508,27.2618,-29526.9,-4727.18,529.862,59.7598
0.119339,-33419.8,-426.201,16.7881,2.05933,305172,-8894.56,-281.597,27.259,-29305.8,-4727.47,529.814,59.7651
0.119349,-33419.8,-426.535,16.7838,2.05949,305314,-8891.51,-281.686,27.2562,-29084.6,-4727.76,529.767,59.7704
0.119359,-33419.8,-426.869,16.7795,2.05966,305455,-8888.46,-281.775,27.2533,-28863.4,-4728.05,529.72,59.7757
0.119369,-33419.8,-427.203,16.7753,2.05983,305597,-8885.4,-281.864,27.2505,-28642,-4728.34,529.672,59.781
0.119379,-33419.8,-427.537,16.771,2.06,305738,-8882.34,-281.952,27.2477,-28420.7,-4728.62,529.625,59.7863
0.119389,-33419.8,-427.871,16.7667,2.06016,305879,-8879.29,-282.041,27.2449,-28199.2,-4728.91,529.578,59.7915
0.119399,-33419.8,-428.205,16.7624,2.06033,306021,-8876.23,-282.13,27.2421,-27977.7,-4729.19,529.531,59.7968
0.119409,-33419.8,-428.54,16.7582,2.0605,306162,-8873.17,-282.219,27.2393,-27756.1,-4729.47,529.483,59.8021
0.119419,-33419.8,-428.874,16.7539,2.06067,306303,-8870.11,-282.307,27.2364,-27534.4,-4729.74,529.436,59.8074
0.119429,-33419.8,-429.208,16.7496,2.06084,306444,-8867.04,-282.396,27.2336,-27312.7,-4730.02,529.389,59.8127
0.119439,-33419.8,-429.542,16.7453,2.061,306584,-8863.98,-282.485,27.2308,-27090.8,-4730.29,529.341,59.818
0.119449,-33419.8,-429.876,16.741,2.06117,306725,-8860.91,-282.573,27.228,-26868.9,-4730.56,529.294,59.8233
0.119459,-33419.8,-430.21,16.7367,2.06134,306866,-8857.84,-282.662,27.2251,-26646.9,-4730.83,529.247,59.8286
0.119469,-33419.8,-430.544,16.7324,2.0615,307006,-8854.77,-282.751,27.2223,-26424.9,-4731.09,529.2,59.8339
0.119479,-33419.8,-430.879,16.7281,2.06167,307147,-8851.7,-282.839,27.2195,-26202.8,-4731.35,529.152,59.8392
0.119489,-33419.8,-431.213,16.7238,2.06184,307287,-8848.63,-282.928,27.2166,-25980.5,-4731.62,529.105,59.8445
0.119499,-33419.8,-431.547,16.7195,2.06201,307428,-8845.56,-283.016,27.2138,-25758.3,-4731.88,529.058,59.8498
0.119509,-33419.8,-431.881,16.7151,2.06217,307568,-8842.49,-283.104,27.211,-25536,-4732.13,529.01,59.8551
0.119519,-33419.8,-432.215,16.7108,2.06234,307708,-8839.41,-283.193,27.2082,-25313.6,-4732.39,528.963,59.8604
0.119529,-33419.8,-432.549,16.7065,2.06251,307848,-8836.33,-283.281,27.2053,-25091.1,-4732.64,528.916,59.8656
0.119539,-33419.8,-432.884,16.7022,2.06267,307988,-8833.25,-283.369,27.2025,-24868.6,-4732.89,528.868,59.8709
0.119549,-33419.8,-433.218,16.6978,2.06284,308128,-8830.17,-283.458,27.1997,-24645.9,-4733.14,528.821,59.8762
0.119559,-33419.8,-433.552,16.6935,2.06301,308268,-8827.09,-283.546,27.1968,-24423.2,-4733.38,528.774,59.8815
0.119569,-33419.8,-433.886,16.6892,2.06318,308407,-8824.01,-283.634,27.194,-24200.4,-4733.62,528.726,59.8868
0.119579,-33419.8,-434.22,16.6848,2.06334,308547,-8820.92,-283.723,27.1911,-23977.6,-4733.87,528.679,59.8921
0.119589,-33419.8,-434.554,16.6805,2.06351,308686,-8817.84,-283.811,27.1883,-23754.7,-4734.1,528.632,59.8974
0.119599,-33419.8,-434.889,16.6761,2.06368,308826,-8814.75,-283.899,27.1855,-23531.7,-4734.34,528.584,59.9027
0.119609,-33419.8,-435.223,16.6718,2.06384,308965,-8811.66,-283.987,27.1826,-23308.6,-4734.57,528.537,59.9079
0.119619,-33419.8,-435.557,16.6674,2.06401,309104,-8808.57,-284.075,27.1798,-23085.6,-4734.81,528.49,59.9132
0.119629,-33419.8,-435.891,16.6631,2.06418,309244,-8805.48,-284.163,27.1769,-22862.3,-4735.04,528.442,59.9185
0.119639,-33419.8,-436.225,16.6587,2.06434,309383,-8802.39,-284.251,27.1741,-22639.1,-4735.26,528.395,59.9238
0.119649,-33419.8,-436.559,16.6544,2.06451,309522,-8799.29,-284.339,27.1713,-22415.7,-4735.49,528.348,59.9291
0.119659,-33419.8,-436.893,16.65,2.06468,309660,-8796.2,-284.427,27.1684,-22192.3,-4735.71,528.3,59.9344
0.119669,-33419.8,-437.228,16.6456,2.06484,309799,-8793.1,-284.515,27.1656,-21968.8,-4735.93,528.253,59.9396
0.119679,-33419.8,-437.562,16.6413,2.06501,309938,-8790,-284.603,27.1627,-21745.3,-4736.15,528.206,59.9449
0.119689,-33419.8,-437.896,16.6369,2.06518,310077,-8786.9,-284.691,27.1599,-21521.6,-4736.37,528.158,59.9502
0.119699,-33419.8,-438.23,16.6325,2.06534,310215,-8783.8,-284.779,27.157,-21298,-4736.58,528.111,59.9555
0.119709,-33419.8,-438.564,16.6281,2.06551,310354,-8780.7,-284.866,27.1542,-21074.2,-4736.79,528.064,59.9608
0.119719,-33419.8,-438.898,16.6237,2.06567,310492,-8777.59,-284.954,27.1513,-20850.4,-4737,528.016,59.966
0.119729,-33419.8,-439.233,16.6193,2.06584,310630,-8774.49,-285.042,27.1485,-20626.5,-4737.21,527.969,59.9713
0.119739,-33419.8,-439.567,16.6149,2.06601,310769,-8771.38,-285.13,27.1456,-20402.5,-4737.42,527.921,59.9766
0.119749,-33419.8,-439.901,16.6105,2.06617,310907,-8768.28,-285.217,27.1428,-20178.5,-4737.62,527.874,59.9819
0.119759,-33419.8,-440.235,16.6061,2.06634,311045,-8765.17,-285.305,27.1399,-19954.3,-4737.82,527.827,59.9872
0.119769,-33419.8,-440.569,16.6017,2.0665,311183,-8762.06,-285.393,27.1371,-19730.2,-4738.02,527.779,59.9924
0.119779,-33419.8,-440.903,16.5973,2.06667,311320,-8758.94,-285.48,27.1342,-19506,-4738.21,527.732,59.9977
0.119789,-33419.8,-441.237,16.5929,2.06684,311458,-8755.83,-285.568,27.1314,-19281.7,-4738.41,527.685,60.003
0.119799,-33419.8,-441.572,16.5885,2.067,311596,-8752.72,-285.655,27.1285,-19057.2,-4738.6,527.637,60.0083
0.119809,-33419.8,-441.906,16.5841,2.06717,311733,-8749.6,-285.743,27.1257,-18832.7,-4738.79,527.59,60.0135
0.119819,-33419.8,-442.24,16.5797,2.06733,311871,-8746.48,-285.83,27.1228,-18608.3,-4738.97,527.542,60.0188
0.119829,-33419.8,-442.574,16.5753,2.0675,312008,-8743.36,-285.918,27.1199,-18383.7,-4739.16,527.495,60.0241
0.119839,-33419.8,-442.908,16.5708,2.06767,312146,-8740.24,-286.005,27.1171,-18159,-4739.34,527.448,60.0294
0.119849,-33419.8,-443.242,16.5664,2.06783,312283,-8737.12,-286.093,27.1142,-17934.2,-4739.52,527.4,60.0346
0.119859,-33419.8,-443.577,16.562,2.068,312420,-8734,-286.18,27.1114,-17709.4,-4739.7,527.353,60.0399
0.119869,-33419.8,-443.911,16.5575,2.06816,312557,-8730.87,-286.267,27.1085,-17484.6,-4739.88,527.305,60.0452
0.119879,-33419.8,-444.245,16.5531,2.06833,312694,-8727.75,-286.355,27.1056,-17259.6,-4740.05,527.258,60.0505
0.119889,-33419.8,-444.579,16.5486,2.06849,312831,-8724.62,-286.442,27.1028,-17034.6,-4740.22,527.211,60.0557
0.119899,-33419.8,-444.913,16.5442,2.06866,312968,-8721.49,-286.529,27.0999,-16809.5,-4740.39,527.163,60.061
0.119909,-33419.8,-445.247,16.5397,2.06882,313105,-8718.36,-286.616,27.097,-16584.4,-4740.56,527.116,60.0663
0.119919,-33419.8,-445.581,16.5353,2.06899,313241,-8715.23,-286.703,27.0942,-16359.2,-4740.72,527.068,60.0716
0.119929,-33419.8,-445.916,16.5308,2.06915,313378,-8712.1,-286.79,27.0913,-16133.9,-4740.89,527.021,60.0768
0.119939,-33419.8,-446.25,16.5264,2.06932,313514,-8708.96,-286.878,27.0884,-15908.6,-4741.04,526.974,60.0821
0.119949,-33419.8,-446.584,16.5219,2.06948,313651,-8705.83,-286.965,27.0856,-15683.2,-4741.2,526.926,60.0874
0.119959,-33419.8,-446.918,16.5174,2.06965,313787,-8702.69,-287.052,27.0827,-15457.7,-4741.36,526.879,60.0926
0.119969,-33419.8,-447.252,16.513,2.06982,313923,-8699.55,-287.139,27.0798,-15232.1,-4741.51,526.831,60.0979
0.119979,-33419.8,-447.586,16.5085,2.06998,314059,-8696.41,-287.226,27.077,-15006.5,-4741.66,526.784,60.1032
0.119989,-33419.8,-447.921,16.504,2.07015,314195,-8693.27,-287.313,27.0741,-14780.8,-4741.81,526.737,60.1084
0.119999,-33419.8,-448.255,16.4995,2.07031,314331,-8690.13,-287.4,27.0712,-14555,-4741.96,526.689,60.1137
0.120009,-33419.8,-448.589,16.4951,2.07048,314467,-8686.99,-287.486,27.0683,-14329.2,-4742.1,526.642,60.119
0.120019,-33419.8,-448.923,16.4906,2.07064,314603,-8683.84,-287.573,27.0655,-14103.3,-4742.25,526.594,60.1242
0.120029,-33419.8,-449.257,16.4861,2.07081,314738,-8680.7,-287.66,27.0626,-13877.4,-4742.38,526.547,60.1295
0.120039,-33419.8,-449.591,16.4816,2.07097,314874,-8677.55,-287.747,27.0597,-13651.3,-4742.52,526.5,60.1348
0.120049,-33419.8,-449.925,16.4771,2.07113,315009,-8674.4,-287.834,27.0568,-13425.2,-4742.66,526.452,60.14
0.120059,-33419.8,-450.26,16.4726,2.0713,315145,-8671.25,-287.92,27.0539,-13199.1,-4742.79,526.405,60.1453
0.120069,-33419.8,-450.594,16.4681,2.07146,315280,-8668.1,-288.007,27.0511,-12972.9,-4742.92,526.357,60.1506
0.120079,-33419.8,-450.928,16.4636,2.07163,315415,-8664.94,-288.094,27.0482,-12746.6,-4743.05,526.31,60.1558
0.120089,-33419.8,-451.262,16.4591,2.07179,315551,-8661.79,-288.18,27.0453,-12520.2,-4743.18,526.263,60.1611
0.120099,-33419.8,-451.596,16.4546,2.07196,315686,-8658.63,-288.267,27.0424,-12293.8,-4743.3,526.215,60.1663
0.120109,-33419.8,-451.93,16.45,2.07212,315821,-8655.48,-288.353,27.0395,-12067.3,-4743.42,526.168,60.1716
0.120119,-33419.8,-452.265,16.4455,2.07229,315956,-8652.32,-288.44,27.0367,-11840.8,-4743.54,526.12,60.1769
0.120129,-33419.8,-452.599,16.441,2.07245,316090,-8649.16,-288.526,27.0338,-11614.1,-4743.66,526.073,60.1821
0.120139,-33419.8,-452.933,16.4365,2.07262,316225,-8646,-288.613,27.0309,-11387.4,-4743.77,526.025,60.1874
0.120149,-33419.8,-453.267,16.4319,2.07278,316360,-8642.83,-288.699,27.028,-11160.6,-4743.89,525.978,60.1926
0.120159,-33419.8,-453.601,16.4274,2.07294,316494,-8639.67,-288.786,27.0251,-10933.8,-4744,525.93,60.1979
0.120169,-33419.8,-453.935,16.4229,2.07311,316629,-8636.51,-288.872,27.0222,-10707,-4744.11,525.883,60.2032
0.120179,-33419.8,-454.269,16.4183,2.07327,316763,-8633.34,-288.958,27.0193,-10480,-4744.21,525.836,60.2084
0.120189,-33419.8,-454.604,16.4138,2.07344,316897,-8630.17,-289.045,27.0164,-10253,-4744.32,525.788,60.2137
0.120199,-33419.8,-454.938,16.4092,2.0736,317032,-8627,-289.131,27.0136,-10025.9,-4744.42,525.741,60.2189
0.120209,-33419.8,-455.272,16.4047,2.07377,317166,-8623.83,-289.217,27.0107,-9798.73,-4744.52,525.693,60.2242
0.120219,-33419.8,-455.606,16.4001,2.07393,317300,-8620.66,-289.303,27.0078,-9571.52,-4744.61,525.646,60.2295
0.120229,-33419.8,-455.94,16.3956,2.07409,317434,-8617.49,-289.39,27.0049,-9344.3,-4744.71,525.598,60.2347
0.120239,-33419.8,-456.274,16.391,2.07426,317568,-8614.31,-289.476,27.002,-9116.91,-4744.8,525.551,60.24
0.120249,-33419.8,-456.609,16.3864,2.07442,317701,-8611.14,-289.562,26.9991,-8889.53,-4744.89,525.503,60.2452
0.120259,-33419.8,-456.943,16.3819,2.07458,317835,-8607.96,-289.648,26.9962,-8662.06,-4744.98,525.456,60.2505
0.120269,-33419.8,-457.277,16.3773,2.07475,317969,-8604.78,-289.734,26.9933,-8434.55,-4745.06,525.409,60.2557
0.120279,-33419.8,-457.611,16.3727,2.07491,318102,-8601.6,-289.82,26.9904,-8206.92,-4745.15,525.361,60.261
0.120289,-33419.8,-457.945,16.3682,2.07508,318236,-8598.42,-289.906,26.9875,-7979.28,-4745.23,525.314,60.2662
0.120299,-33419.8,-458.279,16.3636,2.07524,318369,-8595.24,-289.992,26.9846,-7751.5,-4745.31,525.266,60.2715
0.120309,-33419.8,-458.613,16.359,2.0754,318502,-8592.05,-290.078,26.9817,-7523.72,-4745.38,525.219,60.2767
0.120319,-33419.8,-458.948,16.3544,2.07557,318635,-8588.87,-290.164,26.9788,-7295.88,-4745.46,525.171,60.282
0.120329,-33419.8,-459.282,16.3498,2.07573,318768,-8585.68,-290.25,26.9759,-7067.91,-4745.53,525.124,60.2873
0.120339,-33419.8,-459.616,16.3452,2.07589,318901,-8582.49,-290.335,26.973,-6840,-4745.6,525.076,60.2925
0.120349,-33419.8,-459.95,16.3406,2.07606,319034,-8579.3,-290.421,26.9701,-6611.86,-4745.67,525.029,60.2978
0.120359,-33419.8,-460.284,16.336,2.07622,319167,-8576.11,-290.507,26.9672,-6383.78,-4745.73,524.982,60.303
0.120369,-33419.8,-460.618,16.3314,2.07638,319300,-8572.92,-290.593,26.9643,-6155.62,-4745.79,524.934,60.3083
0.120379,-33419.8,-460.953,16.3268,2.07655,319432,-8569.73,-290.678,26.9614,-5927.44,-4745.85,524.887,60.3135
0.120389,-33419.8,-461.287,16.3222,2.07671,319565,-8566.53,-290.764,26.9585,-5699.08,-4745.91,524.839,60.3188
0.120399,-33419.8,-461.621,16.3176,2.07687,319698,-8563.34,-290.85,26.9556,-5470.7,-4745.97,524.792,60.324
0.120409,-33419.8,-461.955,16.313,2.07704,319830,-8560.14,-290.935,26.9526,-5242.27,-4746.02,524.744,60.3293
0.120419,-33419.8,-462.289,16.3084,2.0772,319962,-8556.94,-291.021,26.9497,-5013.8,-4746.07,524.697,60.3345
0.120429,-33419.8,-462.623,16.3037,2.07736,320094,-8553.74,-291.107,26.9468,-4785.19,-4746.12,524.649,60.3397
0.120439,-33419.8,-462.957,16.2991,2.07753,320227,-8550.54,-291.192,26.9439,-4556.64,-4746.17,524.602,60.345
0.120449,-33419.8,-463.292,16.2945,2.07769,320359,-8547.34,-291.277,26.941,-4327.95,-4746.21,524.555,60.3502
0.120459,-33419.8,-463.626,16.2898,2.07785,320491,-8544.13,-291.363,26.9381,-4099.19,-4746.25,524.507,60.3555
0.120469,-33419.8,-463.96,16.2852,2.07801,320623,-8540.93,-291.448,26.9352,-3870.41,-4746.29,524.46,60.3607
0.120479,-33419.8,-464.294,16.2806,2.07818,320754,-8537.72,-291.534,26.9323,-3641.53,-4746.33,524.412,60.366
0.120489,-33419.8,-464.628,16.2759,2.07834,320886,-8534.51,-291.619,26.9293,-3412.55,-4746.37,524.365,60.3712
0.120499,-33419.8,-464.962,16.2713,2.0785,321018,-8531.3,-291.704,26.9264,-3183.58,-4746.4,524.317,60.3765
0.120509,-33419.8,-465.297,16.2666,2.07867,321149,-8528.1,-291.79,26.9235,-2954.56,-4746.43,524.27,60.3817
0.120519,-33419.8,-465.631,16.262,2.07883,321281,-8524.88,-291.875,26.9206,-2725.39,-4746.46,524.222,60.3869
0.120529,-33419.8,-465.965,16.2573,2.07899,321412,-8521.67,-291.96,26.9177,-2496.25,-4746.48,524.175,60.3922
0.120539,-33419.8,-466.299,16.2526,2.07915,321543,-8518.46,-292.045,26.9148,-2267,-4746.51,524.127,60.3974
0.120549,-33419.8,-466.633,16.248,2.07932,321675,-8515.24,-292.13,26.9118,-2037.7,-4746.53,524.08,60.4027
0.120559,-33419.8,-466.967,16.2433,2.07948,321806,-8512.02,-292.216,26.9089,-1808.31,-4746.55,524.032,60.4079
0.120569,-33419.8,-467.301,16.2386,2.07964,321937,-8508.81,-292.301,26.906,-1578.94,-4746.57,523.985,60.4132
0.120579,-33419.8,-467.636,16.234,2.0798,322068,-8505.58,-292.386,26.9031,-1349.39,-4746.58,523.938,60.4184
0.120589,-33419.8,-467.97,16.2293,2.07996,322199,-8502.37,-292.471,26.9001,-1119.86,-4746.59,523.89,60.4236
0.120599,-33419.8,-468.304,16.2246,2.08013,322329,-8499.14,-292.556,26.8972,-890.25,-4746.6,523.843,60.4289
0.120609,-33419.8,-468.638,16.2199,2.08029,322460,-8495.92,-292.641,26.8943,-660.609,-4746.61,523.795,60.4341
0.120619,-33419.8,-468.972,16.2152,2.08045,322591,-8492.69,-292.726,26.8914,-430.797,-4746.62,523.748,60.4393
0.120629,-33419.8,-469.306,16.2105,2.08061,322721,-8489.47,-292.811,26.8884,-201.016,-4746.62,523.7,60.4446
0.120639,-33419.8,-469.641,16.2059,2.08078,322852,-8486.24,-292.895,26.8855,28.7812,-4746.62,523.653,60.4498
0.120649,-33419.8,-469.975,16.2012,2.08094,322982,-8483.01,-292.98,26.8826,258.719,-4746.62,523.605,60.4551
0.120659,-33419.8,-470.309,16.1965,2.0811,323112,-8479.78,-293.065,26.8796,488.719,-4746.62,523.558,60.4603
0.120669,-33419.8,-470.643,16.1918,2.08126,323242,-8476.55,-293.15,26.8767,718.719,-4746.61,523.51,60.4655
0.120679,-33419.8,-470.977,16.187,2.08142,323372,-8473.32,-293.235,26.8738,948.797,-4746.6,523.463,60.4708
0.120689,-33419.8,-471.311,16.1823,2.08159,323503,-8470.08,-293.319,26.8708,1179.02,-4746.59,523.415,60.476
0.120699,-33419.8,-471.645,16.1776,2.08175,323632,-8466.85,-293.404,26.8679,1409.23,-4746.58,523.368,60.4812
0.120709,-33419.8,-471.98,16.1729,2.08191,323762,-8463.61,-293.489,26.865,1639.5,-4746.56,523.321,60.4865
0.120719,-33419.8,-472.314,16.1682,2.08207,323892,-8460.37,-293.573,26.862,1869.81,-4746.54,523.273,60.4917
0.120729,-33419.8,-472.648,16.1635,2.08223,324022,-8457.13,-293.658,26.8591,2100.23,-4746.53,523.226,60.4969
0.120739,-33419.8,-472.982,16.1587,2.08239,324151,-8453.89,-293.742,26.8562,2330.69,-4746.5,523.178,60.5022
0.120749,-33419.8,-473.316,16.154,2.08256,324281,-8450.65,-293.827,26.8532,2561.2,-4746.48,523.131,60.5074
0.120759,-33419.8,-473.65,16.1493,2.08272,324410,-8447.41,-293.911,26.8503,2791.81,-4746.45,523.083,60.5126
0.120769,-33419.8,-473.985,16.1445,2.08288,324540,-8444.17,-293.996,26.8474,3022.42,-4746.42,523.036,60.5179
0.120779,-33419.8,-474.319,16.1398,2.08304,324669,-8440.92,-294.08,26.8444,3253.12,-4746.39,522.988,60.5231
0.120789,-33419.8,-474.653,16.135,2.0832,324798,-8437.67,-294.165,26.8415,3483.83,-4746.36,522.941,60.5283
0.120799,-33419.8,-474.987,16.1303,2.08336,324927,-8434.42,-294.249,26.8385,3714.69,-4746.32,522.893,60.5335
0.120809,-33419.8,-475.321,16.1255,2.08352,325056,-8431.18,-294.333,26.8356,3945.5,-4746.28,522.846,60.5388
0.120819,-33419.8,-475.655,16.1208,2.08368,325185,-8427.93,-294.417,26.8326,4176.42,-4746.24,522.799,60.544
0.120829,-33419.8,-475.989,16.116,2.08385,325314,-8424.67,-294.502,26.8297,4407.44,-4746.2,522.751,60.5492
0.120839,-33419.8,-476.324,16.1113,2.08401,325443,-8421.42,-294.586,26.8268,4638.47,-4746.15,522.704,60.5545
0.120849,-33419.8,-476.658,16.1065,2.08417,325571,-8418.16,-294.67,26.8238,4869.64,-4746.11,522.656,60.5597
0.120859,-33419.8,-476.992,16.1017,2.08433,325700,-8414.91,-294.754,26.8209,5100.8,-4746.06,522.609,60.5649
0.120869,-33419.8,-477.326,16.097,2.08449,325828,-8411.65,-294.838,26.8179,5331.98,-4746,522.561,60.5701
0.120879,-33419.8,-477.66,16.0922,2.08465,325957,-8408.39,-294.923,26.815,5563.23,-4745.95,522.514,60.5754
0.120889,-33419.8,-477.994,16.0874,2.08481,326085,-8405.13,-295.007,26.812,5794.62,-4745.89,522.466,60.5806
0.120899,-33419.8,-478.329,16.0826,2.08497,326213,-8401.87,-295.091,26.8091,6026.05,-4745.83,522.419,60.5858
0.120909,-33419.8,-478.663,16.0779,2.08513,326342,-8398.61,-295.175,26.8061,6257.48,-4745.77,522.371,60.591
0.120919,-33419.8,-478.997,16.0731,2.08529,326470,-8395.35,-295.259,26.8032,6488.98,-4745.71,522.324,60.5963
0.120929,-33419.8,-479.331,16.0683,2.08545,326598,-8392.08,-295.342,26.8002,6720.58,-4745.64,522.277,60.6015
0.120939,-33419.8,-479.665,16.0635,2.08562,326726,-8388.82,-295.426,26.7973,6952.22,-4745.58,522.229,60.6067
0.120949,-33419.8,-479.999,16.0587,2.08578,326853,-8385.55,-295.51,26.7943,7183.86,-4745.5,522.182,60.6119
0.120959,-33419.8,-480.333,16.0539,2.08594,326981,-8382.28,-295.594,26.7913,7415.69,-4745.43,522.134,60.6171
0.120969,-33419.8,-480.668,16.0491,2.0861,327109,-8379.01,-295.678,26.7884,7647.45,-4745.36,522.087,60.6224
0.120979,-33419.8,-481.002,16.0443,2.08626,327236,-8375.74,-295.762,26.7854,7879.31,-4745.28,522.039,60.6276
0.120989,-33419.8,-481.336,16.0395,2.08642,327364,-8372.46,-295.845,26.7825,8111.25,-4745.2,521.992,60.6328
0.120999,-33419.8,-481.67,16.0346,2.08658,327491,-8369.19,-295.929,26.7795,8343.17,-4745.12,521.944,60.638
0.121009,-33419.8,-482.004,16.0298,2.08674,327619,-8365.92,-296.013,26.7766,8575.3,-4745.03,521.897,60.6432
0.121019,-33419.8,-482.338,16.025,2.0869,327746,-8362.64,-296.096,26.7736,8807.38,-4744.95,521.849,60.6485
0.121029,-33419.8,-482.673,16.0202,2.08706,327873,-8359.36,-296.18,26.7706,9039.5,-4744.86,521.802,60.6537
0.121039,-33419.8,-483.007,16.0154,2.08722,328000,-8356.08,-296.264,26.7677,9271.72,-4744.77,521.755,60.6589
0.121049,-33419.8,-483.341,16.0105,2.08738,328127,-8352.8,-296.347,26.7647,9503.92,-4744.67,521.707,60.6641
0.121059,-33419.8,-483.675,16.0057,2.08754,328254,-8349.52,-296.431,26.7617,9736.23,-4744.57,521.66,60.6693
0.121069,-33419.8,-484.009,16.0008,2.0877,328381,-8346.24,-296.514,26.7588,9968.66,-4744.48,521.612,60.6746
0.121079,-33419.8,-484.343,15.996,2.08786,328508,-8342.96,-296.597,26.7558,10201,-4744.37,521.565,60.6798
0.121089,0,-484.434,15.9912,2.08802,328507,-8339.67,-296.681,26.7528,10361.2,-4744.27,521.517,60.685
0.121099,0,-484.434,15.9863,2.08818,328459,-8336.38,-296.764,26.7499,10494.5,-4744.17,521.47,60.6902
0.121109,0,-484.434,15.9815,2.08834,328412,-8333.1,-296.848,26.7469,10627.7,-4744.06,521.423,60.6954
0.121119,0,-484.434,15.9766,2.0885,328364,-8329.82,-296.931,26.7439,10760.9,-4743.96,521.375,60.7006
0.121129,0,-484.434,15.9718,2.08866,328316,-8326.54,-297.014,26.741,10894,-4743.85,521.328,60.7058
0.121139,0,-484.434,15.9669,2.08882,328269,-8323.25,-297.097,26.738,11027.1,-4743.74,521.28,60.7111
0.121149,0,-484.434,15.9621,2.08898,328221,-8319.97,-297.181,26.735,11160.1,-4743.63,521.233,60.7163
0.121159,0,-484.434,15.9573,2.08914,328173,-8316.69,-297.264,26.7321,11293,-4743.51,521.185,60.7215
0.121169,0,-484.434,15.9524,2.0893,328126,-8313.41,-297.347,26.7291,11426,-4743.4,521.138,60.7267
0.121179,0,-484.434,15.9476,2.08946,328078,-8310.13,-297.43,26.7261,11558.8,-4743.28,521.091,60.7319
0.121189,0,-484.434,15.9427,2.08962,328030,-8306.85,-297.513,26.7231,11691.5,-4743.17,521.043,60.7371
0.121199,0,-484.434,15.9379,2.08978,327982,-8303.57,-297.596,26.7202,11824.3,-4743.05,520.996,60.7423
0.121209,0,-484.434,15.933,2.08993,327934,-8300.29,-297.679,26.7172,11957,-4742.93,520.948,60.7475
0.121219,0,-484.434,15.9282,2.09009,327886,-8297.01,-297.762,26.7142,12089.6,-4742.81,520.901,60.7527
0.121229,0,-484.434,15.9234,2.09025,327838,-8293.73,-297.845,26.7112,12222.2,-4742.69,520.853,60.7579
0.121239,0,-484.434,15.9185,2.09041,327791,-8290.45,-297.928,26.7083,12354.7,-4742.57,520.806,60.7632
0.121249,0,-484.434,15.9137,2.09057,327743,-8287.18,-298.011,26.7053,12487.1,-4742.44,520.759,60.7684
0.121259,0,-484.434,15.9088,2.09073,327695,-8283.9,-298.094,26.7023,12619.5,-4742.32,520.711,60.7736
0.121269,0,-484.434,15.904,2.09089,327647,-8280.62,-298.177,26.6993,12752,-4742.19,520.664,60.7788
0.121279,0,-484.434,15.8991,2.09105,327599,-8277.35,-298.259,26.6963,12884.2,-4742.06,520.616,60.784
0.121289,0,-484.434,15.8943,2.09121,327551,-8274.07,-298.342,26.6933,13016.4,-4741.93,520.569,60.7892
0.121299,0,-484.434,15.8894,2.09137,327503,-8270.8,-298.425,26.6904,13148.6,-4741.8,520.522,60.7944
0.121309,0,-484.434,15.8846,2.09153,327455,-8267.52,-298.507,26.6874,13280.8,-4741.67,520.474,60.7996
0.121319,0,-484.434,15.8798,2.09168,327407,-8264.25,-298.59,26.6844,13412.8,-4741.54,520.427,60.8048
0.121329,0,-484.434,15.8749,2.09184,327359,-8260.98,-298.673,26.6814,13544.9,-4741.4,520.379,60.81
0.121339,0,-484.434,15.8701,2.092,327311,-8257.7,-298.755,26.6784,13676.8,-4741.27,520.332,60.8152
0.121349,0,-484.434,15.8652,2.09216,327262,-8254.43,-298.838,26.6754,13808.7,-4741.13,520.284,60.8204
0.121359,0,-484.434,15.8604,2.09232,327214,-8251.16,-298.92,26.6724,13940.6,-4740.99,520.237,60.8256
0.121369,0,-484.434,15.8555,2.09248,327166,-8247.89,-299.003,26.6695,14072.3,-4740.85,520.19,60.8308
0.121379,0,-484.434,15.8507,2.09264,327118,-8244.62,-299.085,26.6665,14204.1,-4740.71,520.142,60.836
0.121389,0,-484.434,15.8459,2.09279,327070,-8241.35,-299.168,26.6635,14335.7,-4740.57,520.095,60.8412
0.121399,0,-484.434,15.841,2.09295,327022,-8238.08,-299.25,26.6605,14467.4,-4740.42,520.047,60.8464
0.121409,0,-484.434,15.8362,2.09311,326973,-8234.81,-299.332,26.6575,14599,-4740.28,520,60.8516
0.121419,0,-484.434,15.8313,2.09327,326925,-8231.54,-299.415,26.6545,14730.5,-4740.13,519.953,60.8568
0.121429,0,-484.434,15.8265,2.09343,326877,-8228.27,-299.497,26.6515,14861.9,-4739.98,519.905,60.862
0.121439,0,-484.434,15.8216,2.09359,326829,-8225,-299.579,26.6485,14993.4,-4739.83,519.858,60.8672
0.121449,0,-484.434,15.8168,2.09374,326780,-8221.73,-299.661,26.6455,15124.7,-4739.68,519.811,60.8724
0.121459,0,-484.434,15.8119,2.0939,326732,-8218.47,-299.744,26.6425,15256,-4739.53,519.763,60.8776
0.121469,0,-484.434,15.8071,2.09406,326684,-8215.2,-299.826,26.6395,15387.2,-4739.38,519.716,60.8828
0.121479,0,-484.434,15.8023,2.09422,326635,-8211.93,-299.908,26.6365,15518.4,-4739.22,519.668,60.888
0.121489,0,-484.434,15.7974,2.09438,326587,-8208.67,-299.99,26.6335,15649.6,-4739.07,519.621,60.8932
0.121499,0,-484.434,15.7926,2.09453,326539,-8205.4,-300.072,26.6305,15780.7,-4738.91,519.574,60.8984
0.121509,0,-484.434,15.7877,2.09469,326490,-8202.14,-300.154,26.6275,15911.6,-4738.75,519.526,60.9036
0.121519,0,-484.434,15.7829,2.09485,326442,-8198.87,-300.236,26.6245,16042.6,-4738.59,519.479,60.9088
0.121529,0,-484.434,15.778,2.09501,326393,-8195.61,-300.318,26.6215,16173.6,-4738.43,519.431,60.914
0.121539,0,-484.434,15.7732,2.09517,326345,-8192.35,-300.4,26.6185,16304.4,-4738.27,519.384,60.9192
0.121549,0,-484.434,15.7684,2.09532,326296,-8189.08,-300.482,26.6155,16435.2,-4738.1,519.337,60.9244
0.121559,0,-484.434,15.7635,2.09548,326248,-8185.82,-300.564,26.6125,16565.9,-4737.94,519.289,60.9296
0.121569,0,-484.434,15.7587,2.09564,326199,-8182.56,-300.646,26.6095,16696.6,-4737.77,519.242,60.9348
0.121579,0,-484.434,15.7538,2.0958,326151,-8179.3,-300.727,26.6065,16827.3,-4737.61,519.195,60.94
0.121589,0,-484.434,15.749,2.09595,326102,-8176.04,-300.809,26.6035,16957.9,-4737.44,519.147,60.9451
0.121599,0,-484.434,15.7441,2.09611,326054,-8172.78,-300.891,26.6005,17088.4,-4737.27,519.1,60.9503
0.121609,0,-484.434,15.7393,2.09627,326005,-8169.52,-300.973,26.5975,17218.9,-4737.1,519.052,60.9555
0.121619,0,-484.434,15.7344,2.09643,325956,-8166.26,-301.054,26.5944,17349.3,-4736.92,519.005,60.9607
0.121629,0,-484.434,15.7296,2.09658,325908,-8163,-301.136,26.5914,17479.7,-4736.75,518.958,60.9659
0.121639,0,-484.434,15.7248,2.09674,325859,-8159.74,-301.217,26.5884,17609.9,-4736.57,518.91,60.9711
0.121649,0,-484.434,15.7199,2.0969,325810,-8156.48,-301.299,26.5854,17740.3,-4736.4,518.863,60.9763
0.121659,0,-484.434,15.7151,2.09705,325762,-8153.23,-301.381,26.5824,17870.4,-4736.22,518.816,60.9815
0.121669,0,-484.434,15.7102,2.09721,325713,-8149.97,-301.462,26.5794,18000.6,-4736.04,518.768,60.9867
0.121679,0,-484.434,15.7054,2.09737,325664,-8146.71,-301.544,26.5764,18130.7,-4735.86,518.721,60.9918
0.121689,0,-484.434,15.7005,2.09753,325616,-8143.46,-301.625,26.5734,18260.7,-4735.68,518.674,60.997
0.121699,0,-484.434,15.6957,2.09768,325567,-8140.2,-301.707,26.5703,18390.7,-4735.49,518.626,61.0022
0.121709,0,-484.434,15.6909,2.09784,325518,-8136.95,-301.788,26.5673,18520.6,-4735.31,518.579,61.0074
0.121719,0,-484.434,15.686,2.098,325469,-8133.69,-301.869,26.5643,18650.5,-4735.12,518.532,61.0126
0.121729,0,-484.434,15.6812,2.09815,325421,-8130.44,-301.95,26.5613,18780.2,-4734.94,518.484,61.0178
0.121739,0,-484.434,15.6763,2.09831,325372,-8127.18,-302.032,26.5583,18910,-4734.75,518.437,61.023
0.121749,0,-484.434,15.6715,2.09847,325323,-8123.93,-302.113,26.5552,19039.7,-4734.56,518.39,61.0281
0.121759,0,-484.434,15.6666,2.09862,325274,-8120.68,-302.194,26.5522,19169.4,-4734.37,518.342,61.0333
0.121769,0,-484.434,15.6618,2.09878,325225,-8117.43,-302.275,26.5492,19299,-4734.17,518.295,61.0385
0.121779,0,-484.434,15.6569,2.09894,325176,-8114.17,-302.357,26.5462,19428.5,-4733.98,518.247,61.0437
0.121789,0,-484.434,15.6521,2.09909,325127,-8110.92,-302.438,26.5431,19558,-4733.79,518.2,61.0489
0.121799,0,-484.434,15.6473,2.09925,325078,-8107.67,-302.519,26.5401,19687.5,-4733.59,518.153,61.0541
0.121809,0,-484.434,15.6424,2.09941,325029,-8104.42,-302.6,26.5371,19816.8,-4733.39,518.106,61.0592
0.121819,0,-484.434,15.6376,2.09956,324980,-8101.17,-302.681,26.5341,19946.1,-4733.19,518.058,61.0644
0.121829,0,-484.434,15.6327,2.09972,324932,-8097.92,-302.762,26.531,20075.3,-4732.99,518.011,61.0696
0.121839,0,-484.434,15.6279,2.09987,324883,-8094.67,-302.843,26.528,20204.6,-4732.79,517.964,61.0748
0.121849,0,-484.434,15.623,2.10003,324834,-8091.43,-302.924,26.525,20333.7,-4732.59,517.916,61.08
0.121859,0,-484.434,15.6182,2.10019,324784,-8088.18,-303.005,26.522,20462.8,-4732.38,517.869,61.0851
0.121869,0,-484.434,15.6134,2.10034,324735,-8084.93,-303.085,26.5189,20591.9,-4732.18,517.822,61.0903
0.121879,0,-484.434,15.6085,2.1005,324686,-8081.69,-303.166,26.5159,20720.9,-4731.97,517.774,61.0955
0.121889,0,-484.434,15.6037,2.10066,324637,-8078.44,-303.247,26.5129,20849.8,-4731.77,517.727,61.1007
0.121899,0,-484.434,15.5988,2.10081,324588,-8075.19,-303.328,26.5098,20978.7,-4731.56,517.68,61.1059
0.121909,0,-484.434,15.594,2.10097,324539,-8071.95,-303.409,26.5068,21107.5,-4731.35,517.632,61.111
0.121919,0,-484.434,15.5891,2.10112,324490,-8068.7,-303.489,26.5038,21236.3,-4731.14,517.585,61.1162
0.121929,0,-484.434,15.5843,2.10128,324441,-8065.46,-303.57,26.5007,21365,-4730.92,517.538,61.1214
0.121939,0,-484.434,15.5794,2.10143,324392,-8062.21,-303.651,26.4977,21493.7,-4730.71,517.49,61.1266
0.121949,0,-484.434,15.5746,2.10159,324342,-8058.97,-303.731,26.4947,21622.3,-4730.49,517.443,61.1317
0.121959,0,-484.434,15.5698,2.10175,324293,-8055.73,-303.812,26.4916,21750.8,-4730.27,517.396,61.1369
0.121969,0,-484.434,15.5649,2.1019,324244,-8052.49,-303.892,26.4886,21879.3,-4730.06,517.349,61.1421
0.121979,0,-484.434,15.5601,2.10206,324195,-8049.25,-303.973,26.4855,22007.7,-4729.84,517.301,61.1473
0.121989,0,-484.434,15.5552,2.10221,324146,-8046,-304.053,26.4825,22136.2,-4729.62,517.254,61.1524
0.121999,0,-484.434,15.5504,2.10237,324096,-8042.76,-304.134,26.4795,22264.5,-4729.39,517.207,61.1576
0.122009,0,-484.434,15.5455,2.10252,324047,-8039.52,-304.214,26.4764,22392.7,-4729.17,517.159,61.1628
0.122019,0,-484.434,15.5407,2.10268,323998,-8036.28,-304.294,26.4734,22521,-4728.95,517.112,61.1679
0.122029,0,-484.434,15.5359,2.10283,323948,-8033.04,-304.375,26.4703,22649.2,-4728.72,517.065,61.1731
0.122039,0,-484.434,15.531,2.10299,323899,-8029.81,-304.455,26.4673,22777.2,-4728.49,517.018,61.1783
0.122049,0,-484.434,15.5262,2.10315,323850,-8026.57,-304.535,26.4642,22905.3,-4728.26,516.97,61.1835
0.122059,0,-484.434,15.5213,2.1033,323800,-8023.33,-304.615,26.4612,23033.3,-4728.04,516.923,61.1886
0.122069,0,-484.434,15.5165,2.10346,323751,-8020.09,-304.696,26.4582,23161.2,-4727.8,516.876,61.1938
0.122079,0,-484.434,15.5116,2.10361,323701,-8016.85,-304.776,26.4551,23289.2,-4727.57,516.828,61.199
0.122089,0,-484.434,15.5068,2.10377,323652,-8013.62,-304.856,26.4521,23417,-4727.34,516.781,61.2041
0.122099,0,-484.434,15.5019,2.10392,323603,-8010.38,-304.936,26.449,23544.8,-4727.1,516.734,61.2093
0.122109,0,-484.434,15.4971,2.10408,323553,-8007.15,-305.016,26.446,23672.5,-4726.87,516.687,61.2145
0.122119,0,-484.434,15.4923,2.10423,323504,-8003.91,-305.096,26.4429,23800.2,-4726.63,516.639,61.2196
0.122129,0,-484.434,15.4874,2.10439,323454,-8000.68,-305.176,26.4399,23927.8,-4726.39,516.592,61.2248
0.122139,0,-484.434,15.4826,2.10454,323405,-7997.44,-305.256,26.4368,24055.4,-4726.15,516.545,61.23
0.122149,0,-484.434,15.4777,2.1047,323355,-7994.21,-305.336,26.4337,24182.9,-4725.91,516.498,61.2351
0.122159,0,-484.434,15.4729,2.10485,323306,-7990.98,-305.416,26.4307,24310.4,-4725.67,516.45,61.2403
0.122169,0,-484.434,15.468,2.105,323256,-7987.75,-305.496,26.4276,24437.7,-4725.42,516.403,61.2455
0.122179,0,-484.434,15.4632,2.10516,323207,-7984.51,-305.576,26.4246,24565.1,-4725.18,516.356,61.2506
0.122189,0,-484.434,15.4584,2.10531,323157,-7981.28,-305.656,26.4215,24692.4,-4724.93,516.309,61.2558
0.122199,0,-484.434,15.4535,2.10547,323107,-7978.05,-305.736,26.4185,24819.7,-4724.69,516.261,61.2609
0.122209,0,-484.434,15.4487,2.10562,323058,-7974.82,-305.815,26.4154,24946.8,-4724.44,516.214,61.2661
0.122219,0,-484.434,15.4438,2.10578,323008,-7971.59,-305.895,26.4124,25073.9,-4724.19,516.167,61.2713
0.122229,0,-484.434,15.439,2.10593,322959,-7968.36,-305.975,26.4093,25201,-4723.94,516.12,61.2764
0.122239,0,-484.434,15.4341,2.10609,322909,-7965.13,-306.054,26.4062,25328,-4723.68,516.072,61.2816
0.122249,0,-484.434,15.4293,2.10624,322859,-7961.91,-306.134,26.4032,25455,-4723.43,516.025,61.2868
0.122259,0,-484.434,15.4244,2.10639,322810,-7958.68,-306.213,26.4001,25581.9,-4723.17,515.978,61.2919
0.122269,0,-484.434,15.4196,2.10655,322760,-7955.45,-306.293,26.3971,25708.8,-4722.92,515.931,61.2971
0.122279,0,-484.434,15.4148,2.1067,322710,-7952.22,-306.373,26.394,25835.6,-4722.66,515.884,61.3022
0.122289,0,-484.434,15.4099,2.10686,322660,-7949,-306.452,26.3909,25962.3,-4722.4,515.836,61.3074
0.122299,0,-484.434,15.4051,2.10701,322611,-7945.77,-306.532,26.3879,26089,-4722.14,515.789,61.3125
0.122309,0,-484.434,15.4002,2.10717,322561,-7942.54,-306.611,26.3848,26215.6,-4721.88,515.742,61.3177
0.122319,0,-484.434,15.3954,2.10732,322511,-7939.32,-306.69,26.3817,26342.3,-4721.62,515.695,61.3229
0.122329,0,-484.434,15.3905,2.10747,322461,-7936.1,-306.77,26.3787,26468.7,-4721.35,515.648,61.328
0.122339,0,-484.434,15.3857,2.10763,322411,-7932.87,-306.849,26.3756,26595.3,-4721.09,515.6,61.3332
0.122349,0,-484.434,15.3809,2.10778,322362,-7929.65,-306.928,26.3725,26721.7,-4720.82,515.553,61.3383
0.122359,0,-484.434,15.376,2.10793,322312,-7926.42,-307.008,26.3695,26848,-4720.55,515.506,61.3435
0.122369,0,-484.434,15.3712,2.10809,322262,-7923.2,-307.087,26.3664,26974.4,-4720.29,515.459,61.3486
0.122379,0,-484.434,15.3663,2.10824,322212,-7919.98,-307.166,26.3633,27100.6,-4720.01,515.411,61.3538
0.122389,0,-484.434,15.3615,2.1084,322162,-7916.76,-307.245,26.3602,27226.8,-4719.74,515.364,61.359
0.122399,0,-484.434,15.3566,2.10855,322112,-7913.54,-307.324,26.3572,27352.9,-4719.47,515.317,61.3641
0.122409,0,-484.434,15.3518,2.1087,322062,-7910.32,-307.403,26.3541,27479,-4719.19,515.27,61.3693
0.122419,0,-484.434,15.347,2.10886,322012,-7907.1,-307.483,26.351,27605.1,-4718.92,515.223,61.3744
0.122429,0,-484.434,15.3421,2.10901,321962,-7903.88,-307.562,26.3479,27731.1,-4718.64,515.176,61.3796
0.122439,0,-484.434,15.3373,2.10916,321912,-7900.66,-307.641,26.3449,27857,-4718.37,515.128,61.3847
0.122449,0,-484.434,15.3324,2.10932,321862,-7897.44,-307.72,26.3418,27982.9,-4718.09,515.081,61.3899
0.122459,0,-484.434,15.3276,2.10947,321812,-7894.22,-307.799,26.3387,28108.7,-4717.81,515.034,61.395
0.122469,0,-484.434,15.3227,2.10962,321762,-7891,-307.878,26.3356,28234.5,-4717.52,514.987,61.4002
0.122479,0,-484.434,15.3179,2.10978,321712,-7887.79,-307.956,26.3326,28360.2,-4717.24,514.94,61.4053
0.122489,0,-484.434,15.313,2.10993,321662,-7884.57,-308.035,26.3295,28485.8,-4716.96,514.893,61.4105
0.122499,0,-484.434,15.3082,2.11008,321612,-7881.35,-308.114,26.3264,28611.5,-4716.67,514.845,61.4156
0.122509,0,-484.434,15.3034,2.11024,321562,-7878.14,-308.193,26.3233,28737,-4716.38,514.798,61.4208
0.122519,0,-484.434,15.2985,2.11039,321512,-7874.93,-308.272,26.3202,28862.5,-4716.1,514.751,61.4259
0.122529,0,-484.434,15.2937,2.11054,321462,-7871.71,-308.35,26.3171,28988,-4715.81,514.704,61.4311
0.122539,0,-484.434,15.2888,2.11069,321412,-7868.5,-308.429,26.3141,29113.3,-4715.52,514.657,61.4362
0.122549,0,-484.434,15.284,2.11085,321362,-7865.28,-308.508,26.311,29238.7,-4715.23,514.61,61.4413
0.122559,0,-484.434,15.2791,2.111,321312,-7862.07,-308.586,26.3079,29363.9,-4714.93,514.562,61.4465
0.122569,0,-484.434,15.2743,2.11115,321261,-7858.86,-308.665,26.3048,29489.1,-4714.64,514.515,61.4516
0.122579,0,-484.434,15.2695,2.11131,321211,-7855.65,-308.743,26.3017,29614.3,-4714.34,514.468,61.4568
0.122589,0,-484.434,15.2646,2.11146,321161,-7852.44,-308.822,26.2986,29739.4,-4714.05,514.421,61.4619
0.122599,0,-484.434,15.2598,2.11161,321111,-7849.22,-308.9,26.2955,29864.5,-4713.75,514.374,61.4671
0.122609,0,-484.434,15.2549,2.11176,321060,-7846.01,-308.979,26.2925,29989.5,-4713.45,514.327,61.4722
0.122619,0,-484.434,15.2501,2.11192,321010,-7842.8,-309.057,26.2894,30114.5,-4713.15,514.28,61.4774
0.122629,0,-484.434,15.2452,2.11207,320960,-7839.59,-309.136,26.2863,30239.3,-4712.85,514.233,61.4825
0.122639,0,-484.434,15.2404,2.11222,320910,-7836.39,-309.214,26.2832,30364.2,-4712.54,514.185,61.4876
0.122649,0,-484.434,15.2355,2.11237,320859,-7833.18,-309.293,26.2801,30489,-4712.24,514.138,61.4928
0.122659,0,-484.434,15.2307,2.11252,320809,-7829.97,-309.371,26.277,30613.7,-4711.93,514.091,61.4979
0.122669,0,-484.434,15.2259,2.11268,320759,-7826.76,-309.449,26.2739,30738.4,-4711.63,514.044,61.5031
0.122679,0,-484.434,15.221,2.11283,320708,-7823.55,-309.527,26.2708,30863,-4711.32,513.997,61.5082
0.122689,0,-484.434,15.2162,2.11298,320658,-7820.35,-309.606,26.2677,30987.6,-4711.01,513.95,61.5133
0.122699,0,-484.434,15.2113,2.11313,320608,-7817.14,-309.684,26.2646,31112.1,-4710.7,513.903,61.5185
0.122708,0,-484.434,15.2065,2.11329,320557,-7813.94,-309.762,26.2615,31236.5,-4710.39,513.856,61.5236
0.122718,0,-484.434,15.2016,2.11344,320507,-7810.73,-309.84,26.2584,31361,-4710.07,513.809,61.5288
0.122728,0,-484.434,15.1968,2.11359,320457,-7807.53,-309.918,26.2553,31485.3,-4709.76,513.761,61.5339
0.122738,0,-484.434,15.192,2.11374,320406,-7804.32,-309.996,26.2522,31609.6,-4709.45,513.714,61.539
0.122748,0,-484.434,15.1871,2.11389,320356,-7801.12,-310.074,26.2491,31733.9,-4709.13,513.667,61.5442
0.122758,0,-484.434,15.1823,2.11405,320305,-7797.92,-310.152,26.246,31858.1,-4708.81,513.62,61.5493
0.122768,0,-484.434,15.1774,2.1142,320255,-7794.72,-310.23,26.2429,31982.2,-4708.49,513.573,61.5544
0.122778,0,-484.434,15.1726,2.11435,320204,-7791.51,-310.308,26.2398,32106.3,-4708.17,513.526,61.5596
0.122788,0,-484.434,15.1677,2.1145,320154,-7788.31,-310.386,26.2367,32230.3,-4707.85,513.479,61.5647
0.122798,0,-484.434,15.1629,2.11465,320103,-7785.11,-310.464,26.2336,32354.3,-4707.53,513.432,61.5699
0.122808,0,-484.434,15.158,2.1148,320053,-7781.91,-310.542,26.2305,32478.3,-4707.2,513.385,61.575
0.122818,0,-484.434,15.1532,2.11496,320002,-7778.71,-310.619,26.2274,32602.1,-4706.88,513.338,61.5801
0.122828,0,-484.434,15.1484,2.11511,319952,-7775.51,-310.697,26.2243,32725.9,-4706.55,513.291,61.5853
0.122838,0,-484.434,15.1435,2.11526,319901,-7772.31,-310.775,26.2212,32849.7,-4706.22,513.244,61.5904
0.122848,0,-484.434,15.1387,2.11541,319851,-7769.11,-310.853,26.2181,32973.4,-4705.89,513.197,61.5955
0.122858,0,-484.434,15.1338,2.11556,319800,-7765.92,-310.93,26.215,33096.9,-4705.56,513.15,61.6006
0.122868,0,-484.434,15.129,2.11571,319750,-7762.72,-311.008,26.2119,33220.6,-4705.23,513.102,61.6058
0.122878,0,-484.434,15.1241,2.11586,319699,-7759.52,-311.085,26.2087,33344.1,-4704.9,513.055,61.6109
0.122888,0,-484.434,15.1193,2.11601,319648,-7756.33,-311.163,26.2056,33467.6,-4704.57,513.008,61.616
0.122898,0,-484.434,15.1145,2.11617,319598,-7753.13,-311.241,26.2025,33591.1,-4704.23,512.961,61.6212
0.122908,0,-484.434,15.1096,2.11632,319547,-7749.94,-311.318,26.1994,33714.4,-4703.89,512.914,61.6263
0.122918,0,-484.434,15.1048,2.11647,319496,-7746.74,-311.395,26.1963,33837.8,-4703.56,512.867,61.6314
0.122928,0,-484.434,15.0999,2.11662,319446,-7743.55,-311.473,26.1932,33961,-4703.22,512.82,61.6366
0.122938,0,-484.434,15.0951,2.11677,319395,-7740.35,-311.55,26.1901,34084.2,-4702.88,512.773,61.6417
0.122948,0,-484.434,15.0902,2.11692,319344,-7737.16,-311.628,26.187,34207.4,-4702.53,512.726,61.6468
0.122958,0,-484.434,15.0854,2.11707,319294,-7733.97,-311.705,26.1838,34330.5,-4702.19,512.679,61.6519
0.122968,0,-484.434,15.0805,2.11722,319243,-7730.77,-311.782,26.1807,34453.6,-4701.85,512.632,61.6571
0.122978,0,-484.434,15.0757,2.11737,319192,-7727.58,-311.86,26.1776,34576.6,-4701.5,512.585,61.6622
0.122988,0,-484.434,15.0709,2.11752,319141,-7724.39,-311.937,26.1745,34699.5,-4701.16,512.538,61.6673
0.122998,0,-484.434,15.066,2.11767,319090,-7721.2,-312.014,26.1714,34822.4,-4700.81,512.491,61.6724
0.123008,0,-484.434,15.0612,2.11783,319040,-7718.01,-312.091,26.1682,34945.3,-4700.46,512.444,61.6776
0.123018,0,-484.434,15.0563,2.11798,318989,-7714.82,-312.168,26.1651,35068,-4700.11,512.397,61.6827
0.123028,0,-484.434,15.0515,2.11813,318938,-7711.63,-312.246,26.162,35190.7,-4699.76,512.35,61.6878
0.123038,0,-484.434,15.0466,2.11828,318887,-7708.44,-312.323,26.1589,35313.5,-4699.41,512.303,61.6929
0.123048,0,-484.434,15.0418,2.11843,318836,-7705.25,-312.4,26.1558,35436.1,-4699.05,512.256,61.6981
0.123058,0,-484.434,15.037,2.11858,318786,-7702.07,-312.477,26.1526,35558.6,-4698.7,512.209,61.7032
0.123068,0,-484.434,15.0321,2.11873,318735,-7698.88,-312.554,26.1495,35681.2,-4698.34,512.162,61.7083
0.123078,0,-484.434,15.0273,2.11888,318684,-7695.69,-312.631,26.1464,35803.6,-4697.98,512.115,61.7134
0.123088,0,-484.434,15.0224,2.11903,318633,-7692.51,-312.708,26.1432,35926,-4697.63,512.068,61.7186
0.123098,0,-484.434,15.0176,2.11918,318582,-7689.32,-312.785,26.1401,36048.4,-4697.27,512.021,61.7237
0.123108,0,-484.434,15.0127,2.11933,318531,-7686.14,-312.861,26.137,36170.7,-4696.91,511.974,61.7288
0.123118,0,-484.434,15.0079,2.11948,318480,-7682.95,-312.938,26.1339,36292.9,-4696.54,511.927,61.7339
0.123128,0,-484.434,15.003,2.11963,318429,-7679.77,-313.015,26.1307,36415.1,-4696.18,511.88,61.739
0.123138,0,-484.434,14.9982,2.11978,318378,-7676.58,-313.092,26.1276,36537.3,-4695.82,511.833,61.7441
0.123148,0,-484.434,14.9934,2.11993,318327,-7673.4,-313.169,26.1245,36659.4,-4695.45,511.786,61.7493
0.123158,0,-484.434,14.9885,2.12008,318276,-7670.22,-313.245,26.1213,36781.4,-4695.08,511.74,61.7544
0.123168,0,-484.434,14.9837,2.12023,318225,-7667.04,-313.322,26.1182,36903.4,-4694.71,511.693,61.7595
0.123178,0,-484.434,14.9788,2.12038,318174,-7663.85,-313.399,26.1151,37025.3,-4694.34,511.646,61.7646
0.123188,0,-484.434,14.974,2.12053,318123,-7660.67,-313.475,26.1119,37147.1,-4693.97,511.599,61.7697
0.123198,0,-484.434,14.9691,2.12068,318072,-7657.49,-313.552,26.1088,37269,-4693.6,511.552,61.7748
0.123208,0,-484.434,14.9643,2.12083,318021,-7654.31,-313.628,26.1057,37390.8,-4693.23,511.505,61.78
0.123218,0,-484.434,14.9595,2.12098,317970,-7651.13,-313.705,26.1025,37512.4,-4692.85,511.458,61.7851
0.123228,0,-484.434,14.9546,2.12113,317919,-7647.95,-313.781,26.0994,37634.1,-4692.48,511.411,61.7902
0.123238,0,-484.434,14.9498,2.12128,317868,-7644.78,-313.858,26.0963,37755.6,-4692.1,511.364,61.7953
0.123248,0,-484.434,14.9449,2.12143,317817,-7641.6,-313.934,26.0931,37877.2,-4691.72,511.317,61.8004
0.123258,0,-484.434,14.9401,2.12158,317766,-7638.42,-314.011,26.09,37998.7,-4691.34,511.27,61.8055
0.123268,0,-484.434,14.9352,2.12172,317714,-7635.24,-314.087,26.0868,38120.1,-4690.96,511.223,61.8106
0.123278,0,-484.434,14.9304,2.12187,317663,-7632.07,-314.163,26.0837,38241.6,-4690.58,511.177,61.8158
0.123288,0,-484.434,14.9255,2.12202,317612,-7628.89,-314.24,26.0806,38362.9,-4690.2,511.13,61.8209
0.123298,0,-484.434,14.9207,2.12217,317561,-7625.71,-314.316,26.0774,38484.2,-4689.81,511.083,61.826
0.123308,0,-484.434,14.9159,2.12232,317510,-7622.54,-314.392,26.0743,38605.4,-4689.43,511.036,61.8311
0.123318,0,-484.434,14.911,2.12247,317459,-7619.36,-314.468,26.0711,38726.6,-4689.04,510.989,61.8362
0.123328,0,-484.434,14.9062,2.12262,317407,-7616.19,-314.544,26.068,38847.7,-4688.65,510.942,61.8413
0.123338,0,-484.434,14.9013,2.12277,317356,-7613.02,-314.621,26.0648,38968.7,-4688.27,510.895,61.8464
0.123348,0,-484.434,14.8965,2.12292,317305,-7609.84,-314.697,26.0617,39089.8,-4687.88,510.848,61.8515
0.123358,0,-484.434,14.8916,2.12307,317254,-7606.67,-314.773,26.0585,39210.6,-4687.48,510.801,61.8566
0.123368,0,-484.434,14.8868,2.12322,317202,-7603.5,-314.849,26.0554,39331.6,-4687.09,510.755,61.8617
0.123378,0,-484.434,14.882,2.12336,317151,-7600.33,-314.925,26.0522,39452.4,-4686.7,510.708,61.8669
0.123388,0,-484.434,14.8771,2.12351,317100,-7597.16,-315.001,26.0491,39573.2,-4686.3,510.661,61.872
0.123398,0,-484.434,14.8723,2.12366,317049,-7593.99,-315.077,26.0459,39694,-4685.91,510.614,61.8771
0.123408,0,-484.434,14.8674,2.12381,316997,-7590.82,-315.153,26.0428,39814.6,-4685.51,510.567,61.8822
0.123418,0,-484.434,14.8626,2.12396,316946,-7587.65,-315.229,26.0396,39935.3,-4685.11,510.52,61.8873
0.123428,0,-484.434,14.8577,2.12411,316895,-7584.48,-315.304,26.0365,40055.8,-4684.71,510.473,61.8924
0.123438,0,-484.434,14.8529,2.12426,316843,-7581.31,-315.38,26.0333,40176.4,-4684.31,510.427,61.8975
0.123448,0,-484.434,14.848,2.1244,316792,-7578.14,-315.456,26.0302,40296.9,-4683.91,510.38,61.9026
0.123458,0,-484.434,14.8432,2.12455,316741,-7574.98,-315.532,26.027,40417.2,-4683.5,510.333,61.9077
0.123468,0,-484.434,14.8384,2.1247,316689,-7571.81,-315.607,26.0239,40537.6,-4683.1,510.286,61.9128
0.123478,0,-484.434,14.8335,2.12485,316638,-7568.64,-315.683,26.0207,40657.9,-4682.69,510.239,61.9179
0.123488,0,-484.434,14.8287,2.125,316587,-7565.48,-315.759,26.0176,40778.2,-4682.29,510.193,61.923
0.123498,0,-484.434,14.8238,2.12515,316535,-7562.31,-315.834,26.0144,40898.4,-4681.88,510.146,61.9281
0.123508,0,-484.434,14.819,2.12529,316484,-7559.15,-315.91,26.0112,41018.5,-4681.47,510.099,61.9332
0.123518,0,-484.434,14.8141,2.12544,316432,-7555.99,-315.986,26.0081,41138.6,-4681.06,510.052,61.9383
0.123528,0,-484.434,14.8093,2.12559,316381,-7552.82,-316.061,26.0049,41258.7,-4680.65,510.005,61.9434
0.123538,0,-484.434,14.8045,2.12574,316329,-7549.66,-316.137,26.0018,41378.7,-4680.23,509.958,61.9485
0.123548,0,-484.434,14.7996,2.12589,316278,-7546.49,-316.212,25.9986,41498.6,-4679.82,509.912,61.9536
0.123558,0,-484.434,14.7948,2.12603,316226,-7543.33,-316.288,25.9954,41618.5,-4679.4,509.865,61.9587
0.123568,0,-484.434,14.7899,2.12618,316175,-7540.17,-316.363,25.9923,41738.3,-4678.98,509.818,61.9638
0.123578,0,-484.434,14.7851,2.12633,316123,-7537.01,-316.438,25.9891,41858.1,-4678.57,509.771,61.9689
0.123588,0,-484.434,14.7802,2.12648,316072,-7533.85,-316.514,25.9859,41977.8,-4678.15,509.725,61.974
0.123598,0,-484.434,14.7754,2.12663,316020,-7530.69,-316.589,25.9828,42097.4,-4677.73,509.678,61.9791
0.123608,0,-484.434,14.7706,2.12677,315969,-7527.53,-316.664,25.9796,42217.1,-4677.31,509.631,61.9842
0.123618,0,-484.434,14.7657,2.12692,315917,-7524.37,-316.74,25.9764,42336.6,-4676.88,509.584,61.9893
0.123628,0,-484.434,14.7609,2.12707,315866,-7521.21,-316.815,25.9733,42456.1,-4676.46,509.538,61.9944
0.123638,0,-484.434,14.756,2.12722,315814,-7518.06,-316.89,25.9701,42575.6,-4676.03,509.491,61.9995
0.123648,0,-484.434,14.7512,2.12736,315763,-7514.9,-316.965,25.9669,42695,-4675.61,509.444,62.0046
0.123658,0,-484.434,14.7463,2.12751,315711,-7511.74,-317.04,25.9638,42814.3,-4675.18,509.397,62.0097
0.123668,0,-484.434,14.7415,2.12766,315659,-7508.58,-317.115,25.9606,42933.6,-4674.75,509.35,62.0148
0.123678,0,-484.434,14.7366,2.12781,315608,-7505.43,-317.19,25.9574,43052.9,-4674.32,509.304,62.0199
0.123688,0,-484.434,14.7318,2.12795,315556,-7502.27,-317.265,25.9543,43172.1,-4673.89,509.257,62.0249
0.123698,0,-484.434,14.727,2.1281,315504,-7499.12,-317.34,25.9511,43291.1,-4673.46,509.21,62.03
0.123708,0,-484.434,14.7221,2.12825,315453,-7495.96,-317.415,25.9479,43410.3,-4673.02,509.164,62.0351
0.123718,0,-484.434,14.7173,2.1284,315401,-7492.81,-317.49,25.9447,43529.3,-4672.59,509.117,62.0402
0.123728,0,-484.434,14.7124,2.12854,315349,-7489.66,-317.565,25.9416,43648.2,-4672.15,509.07,62.0453
0.123738,0,-484.434,14.7076,2.12869,315298,-7486.5,-317.64,25.9384,43767.2,-4671.72,509.023,62.0504
0.123748,0,-484.434,14.7027,2.12884,315246,-7483.35,-317.715,25.9352,43886,-4671.28,508.977,62.0555
0.123758,0,-484.434,14.6979,2.12898,315194,-7480.2,-317.79,25.932,44004.9,-4670.84,508.93,62.0606
0.123768,0,-484.434,14.6931,2.12913,315143,-7477.05,-317.865,25.9288,44123.6,-4670.4,508.883,62.0657
0.123778,0,-484.434,14.6882,2.12928,315091,-7473.9,-317.939,25.9257,44242.3,-4669.96,508.837,62.0708
0.123788,0,-484.434,14.6834,2.12942,315039,-7470.75,-318.014,25.9225,44361,-4669.52,508.79,62.0759
0.123798,0,-484.434,14.6785,2.12957,314987,-7467.6,-318.089,25.9193,44479.5,-4669.07,508.743,62.0809
0.123808,0,-484.434,14.6737,2.12972,314936,-7464.45,-318.163,25.9161,44598.1,-4668.62,508.697,62.086
0.123818,0,-484.434,14.6688,2.12986,314884,-7461.3,-318.238,25.9129,44716.6,-4668.18,508.65,62.0911
0.123828,0,-484.434,14.664,2.13001,314832,-7458.15,-318.312,25.9098,44835,-4667.73,508.603,62.0962
0.123838,0,-484.434,14.6591,2.13016,314780,-7455,-318.387,25.9066,44953.4,-4667.28,508.556,62.1013
0.123848,0,-484.434,14.6543,2.1303,314728,-7451.86,-318.462,25.9034,45071.8,-4666.83,508.51,62.1064
0.123858,0,-484.434,14.6495,2.13045,314677,-7448.71,-318.536,25.9002,45190,-4666.38,508.463,62.1115
0.123868,0,-484.434,14.6446,2.1306,314625,-7445.56,-318.61,25.897,45308.2,-4665.93,508.417,62.1165
0.123878,0,-484.434,14.6398,2.13074,314573,-7442.42,-318.685,25.8938,45426.5,-4665.48,508.37,62.1216
0.123888,0,-484.434,14.6349,2.13089,314521,-7439.27,-318.759,25.8906,45544.5,-4665.02,508.323,62.1267
0.123898,0,-484.434,14.6301,2.13104,314469,-7436.13,-318.834,25.8875,45662.6,-4664.56,508.277,62.1318
0.123908,0,-484.434,14.6252,2.13118,314417,-7432.98,-318.908,25.8843,45780.7,-4664.11,508.23,62.1369
0.123918,0,-484.434,14.6204,2.13133,314366,-7429.84,-318.982,25.8811,45898.6,-4663.65,508.183,62.142
0.123928,0,-484.434,14.6156,2.13147,314314,-7426.7,-319.057,25.8779,46016.5,-4663.19,508.137,62.147
0.123938,0,-484.434,14.6107,2.13162,314262,-7423.56,-319.131,25.8747,46134.4,-4662.73,508.09,62.1521
0.123948,0,-484.434,14.6059,2.13177,314210,-7420.41,-319.205,25.8715,46252.1,-4662.27,508.043,62.1572
0.123958,0,-484.434,14.601,2.13191,314158,-7417.27,-319.279,25.8683,46369.9,-4661.8,507.997,62.1623
0.123968,0,-484.434,14.5962,2.13206,314106,-7414.13,-319.353,25.8651,46487.6,-4661.34,507.95,62.1674
0.123978,0,-484.434,14.5913,2.13221,314054,-7410.99,-319.428,25.8619,46605.2,-4660.87,507.904,62.1724
0.123988,0,-484.434,14.5865,2.13235,314002,-7407.85,-319.502,25.8587,46722.8,-4660.41,507.857,62.1775
0.123998,0,-484.434,14.5816,2.1325,313950,-7404.71,-319.576,25.8555,46840.4,-4659.94,507.81,62.1826
0.124008,0,-484.434,14.5768,2.13264,313898,-7401.57,-319.65,25.8523,46957.8,-4659.47,507.764,62.1877
0.124018,0,-484.434,14.572,2.13279,313846,-7398.43,-319.724,25.8491,47075.2,-4659,507.717,62.1927
0.124028,0,-484.434,14.5671,2.13293,313794,-7395.3,-319.798,25.8459,47192.6,-4658.53,507.671,62.1978
0.124038,0,-484.434,14.5623,2.13308,313742,-7392.16,-319.872,25.8427,47309.9,-4658.06,507.624,62.2029
0.124048,0,-484.434,14.5574,2.13322,313690,-7389.02,-319.945,25.8396,47427.1,-4657.58,507.578,62.208
0.124058,0,-484.434,14.5526,2.13337,313638,-7385.89,-320.019,25.8363,47544.4,-4657.11,507.531,62.2131
0.124068,0,-484.434,14.5477,2.13352,313586,-7382.75,-320.093,25.8331,47661.6,-4656.63,507.484,62.2181
0.124078,0,-484.434,14.5429,2.13366,313534,-7379.62,-320.167,25.8299,47778.7,-4656.15,507.438,62.2232
0.124088,0,-484.434,14.5381,2.13381,313482,-7376.48,-320.241,25.8267,47895.7,-4655.68,507.391,62.2283
0.124098,0,-484.434,14.5332,2.13395,313430,-7373.35,-320.314,25.8235,48012.7,-4655.2,507.345,62.2334
0.124108,0,-484.434,14.5284,2.1341,313378,-7370.21,-320.388,25.8203,48129.7,-4654.72,507.298,62.2384
0.124118,0,-484.434,14.5235,2.13424,313326,-7367.08,-320.462,25.8171,48246.6,-4654.23,507.252,62.2435
0.124128,0,-484.434,14.5187,2.13439,313274,-7363.95,-320.535,25.8139,48363.4,-4653.75,507.205,62.2486
0.124138,0,-484.434,14.5138,2.13453,313221,-7360.82,-320.609,25.8107,48480.2,-4653.27,507.159,62.2536
0.124148,0,-484.434,14.509,2.13468,313169,-7357.68,-320.683,25.8075,48596.9,-4652.78,507.112,62.2587
0.124158,0,-484.434,14.5041,2.13482,313117,-7354.55,-320.756,25.8043,48713.6,-4652.3,507.065,62.2638
0.124168,0,-484.434,14.4993,2.13497,313065,-7351.42,-320.83,25.8011,48830.2,-4651.81,507.019,62.2689
0.124178,0,-484.434,14.4945,2.13511,313013,-7348.29,-320.903,25.7979,48946.8,-4651.32,506.972,62.2739
0.124188,0,-484.434,14.4896,2.13526,312961,-7345.16,-320.977,25.7947,49063.4,-4650.83,506.926,62.279
0.124198,0,-484.434,14.4848,2.1354,312909,-7342.03,-321.05,25.7915,49179.8,-4650.34,506.879,62.2841
0.124208,0,-484.434,14.4799,2.13555,312856,-7338.91,-321.124,25.7883,49296.2,-4649.85,506.833,62.2891
0.124218,0,-484.434,14.4751,2.13569,312804,-7335.78,-321.197,25.7851,49412.6,-4649.35,506.786,62.2942
0.124228,0,-484.434,14.4702,2.13584,312752,-7332.65,-321.27,25.7818,49528.9,-4648.86,506.74,62.2993
0.124238,0,-484.434,14.4654,2.13598,312700,-7329.52,-321.343,25.7786,49645.1,-4648.36,506.694,62.3043
0.124248,0,-484.434,14.4606,2.13613,312648,-7326.4,-321.417,25.7754,49761.4,-4647.87,506.647,62.3094
0.124258,0,-484.434,14.4557,2.13627,312595,-7323.27,-321.49,25.7722,49877.5,-4647.37,506.601,62.3145
0.124268,0,-484.434,14.4509,2.13642,312543,-7320.15,-321.563,25.769,49993.6,-4646.87,506.554,62.3195
0.124278,0,-484.434,14.446,2.13656,312491,-7317.02,-321.636,25.7658,50109.6,-4646.37,506.508,62.3246
0.124288,0,-484.434,14.4412,2.1367,312439,-7313.9,-321.71,25.7626,50225.7,-4645.87,506.461,62.3297
0.124298,0,-484.434,14.4363,2.13685,312386,-7310.77,-321.783,25.7593,50341.6,-4645.36,506.415,62.3347
0.124308,0,-484.434,14.4315,2.13699,312334,-7307.65,-321.856,25.7561,50457.5,-4644.86,506.368,62.3398
0.124318,0,-484.434,14.4266,2.13714,312282,-7304.53,-321.929,25.7529,50573.3,-4644.35,506.322,62.3449
0.124328,0,-484.434,14.4218,2.13728,312230,-7301.41,-322.002,25.7497,50689.1,-4643.85,506.275,62.3499
0.124338,0,-484.434,14.417,2.13743,312177,-7298.28,-322.075,25.7465,50804.8,-4643.34,506.229,62.355
0.124348,0,-484.434,14.4121,2.13757,312125,-7295.16,-322.148,25.7432,50920.5,-4642.83,506.183,62.36
0.124358,0,-484.434,14.4073,2.13771,312073,-7292.04,-322.221,25.74,51036.1,-4642.32,506.136,62.3651
0.124368,0,-484.434,14.4024,2.13786,312020,-7288.92,-322.294,25.7368,51151.7,-4641.81,506.09,62.3702
0.124378,0,-484.434,14.3976,2.138,311968,-7285.8,-322.366,25.7336,51267.2,-4641.3,506.043,62.3752
0.124388,0,-484.434,14.3927,2.13815,311916,-7282.68,-322.439,25.7303,51382.6,-4640.78,505.997,62.3803
0.124398,0,-484.434,14.3879,2.13829,311863,-7279.56,-322.512,25.7271,51498.1,-4640.27,505.951,62.3853
0.124408,0,-484.434,14.3831,2.13843,311811,-7276.45,-322.585,25.7239,51613.5,-4639.76,505.904,62.3904
0.124418,0,-484.434,14.3782,2.13858,311758,-7273.33,-322.658,25.7207,51728.7,-4639.24,505.858,62.3955
0.124428,0,-484.434,14.3734,2.13872,311706,-7270.21,-322.73,25.7174,51844,-4638.72,505.811,62.4005
0.124438,0,-484.434,14.3685,2.13886,311654,-7267.1,-322.803,25.7142,51959.2,-4638.2,505.765,62.4056
0.124448,0,-484.434,14.3637,2.13901,311601,-7263.98,-322.876,25.711,52074.4,-4637.68,505.719,62.4106
0.124458,0,-484.434,14.3588,2.13915,311549,-7260.87,-322.948,25.7078,52189.4,-4637.16,505.672,62.4157
0.124468,0,-484.434,14.354,2.1393,311496,-7257.75,-323.021,25.7045,52304.4,-4636.64,505.626,62.4208
0.124478,0,-484.434,14.3491,2.13944,311444,-7254.64,-323.093,25.7013,52419.4,-4636.11,505.58,62.4258
0.124488,0,-484.434,14.3443,2.13958,311392,-7251.52,-323.166,25.6981,52534.4,-4635.59,505.533,62.4309
0.124498,0,-484.434,14.3395,2.13973,311339,-7248.41,-323.238,25.6948,52649.3,-4635.06,505.487,62.4359
0.124508,0,-484.434,14.3346,2.13987,311287,-7245.3,-323.311,25.6916,52764.2,-4634.54,505.44,62.441
0.124518,0,-484.434,14.3298,2.14001,311234,-7242.18,-323.383,25.6884,52878.9,-4634.01,505.394,62.446
0.124528,0,-484.434,14.3249,2.14016,311182,-7239.07,-323.456,25.6851,52993.6,-4633.48,505.348,62.4511
0.124538,0,-484.434,14.3201,2.1403,311129,-7235.96,-323.528,25.6819,53108.3,-4632.95,505.302,62.4561
0.124548,0,-484.434,14.3152,2.14044,311077,-7232.85,-323.6,25.6787,53222.9,-4632.42,505.255,62.4612
0.124558,0,-484.434,14.3104,2.14059,311024,-7229.74,-323.673,25.6754,53337.5,-4631.89,505.209,62.4662
0.124568,0,-484.434,14.3056,2.14073,310972,-7226.63,-323.745,25.6722,53452,-4631.35,505.163,62.4713
0.124578,0,-484.434,14.3007,2.14087,310919,-7223.52,-323.817,25.6689,53566.5,-4630.82,505.116,62.4763
0.124588,0,-484.434,14.2959,2.14101,310867,-7220.41,-323.889,25.6657,53680.9,-4630.28,505.07,62.4814
0.124598,0,-484.434,14.291,2.14116,310814,-7217.31,-323.962,25.6625,53795.2,-4629.74,505.024,62.4864
0.124608,0,-484.434,14.2862,2.1413,310762,-7214.2,-324.034,25.6592,53909.5,-4629.2,504.977,62.4915
0.124618,0,-484.434,14.2813,2.14144,310709,-7211.09,-324.106,25.656,54023.8,-4628.66,504.931,62.4965
0.124628,0,-484.434,14.2765,2.14159,310657,-7207.98,-324.178,25.6528,54138,-4628.12,504.885,62.5016
0.124638,0,-484.434,14.2716,2.14173,310604,-7204.88,-324.25,25.6495,54252.1,-4627.58,504.839,62.5066
0.124648,0,-484.434,14.2668,2.14187,310551,-7201.77,-324.322,25.6463,54366.2,-4627.04,504.792,62.5117
0.124658,0,-484.434,14.262,2.14201,310499,-7198.67,-324.394,25.643,54480.2,-4626.49,504.746,62.5167
0.124668,0,-484.434,14.2571,2.14216,310446,-7195.56,-324.466,25.6398,54594.2,-4625.95,504.7,62.5218
0.124678,0,-484.434,14.2523,2.1423,310394,-7192.46,-324.538,25.6365,54708.2,-4625.4,504.654,62.5268
0.124688,0,-484.434,14.2474,2.14244,310341,-7189.36,-324.61,25.6333,54822.1,-4624.86,504.607,62.5319
0.124698,0,-484.434,14.2426,2.14258,310288,-7186.25,-324.682,25.63,54935.9,-4624.31,504.561,62.5369
0.124708,0,-484.434,14.2377,2.14273,310236,-7183.15,-324.753,25.6268,55049.6,-4623.76,504.515,62.542
0.124718,0,-484.434,14.2329,2.14287,310183,-7180.05,-324.825,25.6235,55163.4,-4623.21,504.469,62.547
0.124728,0,-484.434,14.2281,2.14301,310131,-7176.95,-324.897,25.6203,55277.1,-4622.65,504.422,62.5521
0.124738,0,-484.434,14.2232,2.14315,310078,-7173.85,-324.969,25.617,55390.7,-4622.1,504.376,62.5571
0.124748,0,-484.434,14.2184,2.1433,310025,-7170.75,-325.041,25.6138,55504.2,-4621.55,504.33,62.5621
0.124758,0,-484.434,14.2135,2.14344,309973,-7167.65,-325.112,25.6105,55617.7,-4620.99,504.284,62.5672
0.124768,0,-484.434,14.2087,2.14358,309920,-7164.55,-325.184,25.6073,55731.2,-4620.43,504.237,62.5722
0.124778,0,-484.434,14.2038,2.14372,309867,-7161.45,-325.255,25.604,55844.6,-4619.88,504.191,62.5773
0.124788,0,-484.434,14.199,2.14386,309815,-7158.35,-325.327,25.6008,55958,-4619.32,504.145,62.5823
0.124798,0,-484.434,14.1942,2.14401,309762,-7155.26,-325.399,25.5975,56071.3,-4618.76,504.099,62.5874
0.124808,0,-484.434,14.1893,2.14415,309709,-7152.16,-325.47,25.5943,56184.5,-4618.2,504.053,62.5924
0.124818,0,-484.434,14.1845,2.14429,309656,-7149.06,-325.542,25.591,56297.7,-4617.63,504.007,62.5974
0.124828,0,-484.434,14.1796,2.14443,309604,-7145.97,-325.613,25.5878,56410.9,-4617.07,503.96,62.6025
0.124838,0,-484.434,14.1748,2.14457,309551,-7142.87,-325.685,25.5845,56524,-4616.51,503.914,62.6075
0.124848,0,-484.434,14.1699,2.14471,309498,-7139.78,-325.756,25.5813,56637,-4615.94,503.868,62.6126
0.124858,0,-484.434,14.1651,2.14486,309446,-7136.68,-325.827,25.578,56750,-4615.37,503.822,62.6176
0.124868,0,-484.434,14.1602,2.145,309393,-7133.59,-325.899,25.5747,56863,-4614.81,503.776,62.6226
0.124878,0,-484.434,14.1554,2.14514,309340,-7130.5,-325.97,25.5715,56975.8,-4614.24,503.73,62.6277
0.124888,0,-484.434,14.1506,2.14528,309287,-7127.4,-326.041,25.5682,57088.7,-4613.67,503.684,62.6327
0.124898,0,-484.434,14.1457,2.14542,309234,-7124.31,-326.112,25.565,57201.4,-4613.09,503.637,62.6377
0.124908,0,-484.434,14.1409,2.14556,309182,-7121.22,-326.184,25.5617,57314.1,-4612.52,503.591,62.6428
0.124918,0,-484.434,14.136,2.1457,309129,-7118.13,-326.255,25.5584,57426.8,-4611.95,503.545,62.6478
0.124928,0,-484.434,14.1312,2.14585,309076,-7115.04,-326.326,25.5552,57539.4,-4611.37,503.499,62.6529
0.124938,0,-484.434,14.1263,2.14599,309023,-7111.95,-326.397,25.5519,57652.1,-4610.8,503.453,62.6579
0.124948,0,-484.434,14.1215,2.14613,308970,-7108.86,-326.468,25.5486,57764.6,-4610.22,503.407,62.6629
0.124958,0,-484.434,14.1167,2.14627,308918,-7105.77,-326.539,25.5454,57877,-4609.64,503.361,62.668
0.124968,0,-484.434,14.1118,2.14641,308865,-7102.68,-326.61,25.5421,57989.4,-4609.06,503.315,62.673
0.124978,0,-484.434,14.107,2.14655,308812,-7099.59,-326.681,25.5388,58101.8,-4608.48,503.269,62.678
0.124988,0,-484.434,14.1021,2.14669,308759,-7096.5,-326.752,25.5356,58214.1,-4607.9,503.223,62.6831
0.124998,0,-484.434,14.0973,2.14683,308706,-7093.42,-326.823,25.5323,58326.4,-4607.32,503.176,62.6881
0.125008,0,-484.434,14.0924,2.14698,308653,-7090.33,-326.894,25.529,58438.6,-4606.74,503.13,62.6931
0.125018,0,-484.434,14.0876,2.14712,308601,-7087.24,-326.965,25.5258,58550.8,-4606.15,503.084,62.6981
0.125028,0,-484.434,14.0827,2.14726,308548,-7084.16,-327.036,25.5225,58662.8,-4605.56,503.038,62.7032
0.125038,0,-484.434,14.0779,2.1474,308495,-7081.07,-327.107,25.5192,58774.9,-4604.98,502.992,62.7082
0.125048,0,-484.434,14.0731,2.14754,308442,-7077.99,-327.178,25.516,58886.9,-4604.39,502.946,62.7132
0.125058,0,-484.434,14.0682,2.14768,308389,-7074.91,-327.248,25.5127,58998.8,-4603.8,502.9,62.7183
0.125068,0,-484.434,14.0634,2.14782,308336,-7071.82,-327.319,25.5094,59110.7,-4603.21,502.854,62.7233
0.125078,0,-484.434,14.0585,2.14796,308283,-7068.74,-327.39,25.5061,59222.5,-4602.62,502.808,62.7283
0.125088,0,-484.434,14.0537,2.1481,308230,-7065.66,-327.46,25.5029,59334.3,-4602.02,502.762,62.7334
0.125098,0,-484.434,14.0488,2.14824,308177,-7062.58,-327.531,25.4996,59446.1,-4601.43,502.716,62.7384
0.125108,0,-484.434,14.044,2.14838,308124,-7059.5,-327.602,25.4963,59557.7,-4600.83,502.67,62.7434
0.125118,0,-484.434,14.0392,2.14852,308072,-7056.42,-327.672,25.493,59669.4,-4600.24,502.624,62.7484
0.125128,0,-484.434,14.0343,2.14866,308019,-7053.34,-327.743,25.4898,59780.9,-4599.64,502.578,62.7535
0.125138,0,-484.434,14.0295,2.1488,307966,-7050.26,-327.813,25.4865,59892.4,-4599.04,502.532,62.7585
0.125148,0,-484.434,14.0246,2.14894,307913,-7047.18,-327.884,25.4832,60004,-4598.45,502.486,62.7635
0.125158,0,-484.434,14.0198,2.14908,307860,-7044.1,-327.954,25.4799,60115.4,-4597.84,502.44,62.7685
0.125168,0,-484.434,14.0149,2.14922,307807,-7041.02,-328.025,25.4767,60226.7,-4597.24,502.394,62.7736
0.125178,0,-484.434,14.0101,2.14936,307754,-7037.94,-328.095,25.4734,60338,-4596.64,502.348,62.7786
0.125188,0,-484.434,14.0052,2.1495,307701,-7034.87,-328.165,25.4701,60449.3,-4596.04,502.302,62.7836
0.125198,0,-484.434,14.0004,2.14964,307648,-7031.79,-328.236,25.4668,60560.5,-4595.43,502.256,62.7886
0.125208,0,-484.434,13.9956,2.14978,307595,-7028.71,-328.306,25.4635,60671.7,-4594.83,502.21,62.7937
0.125218,0,-484.434,13.9907,2.14992,307542,-7025.64,-328.376,25.4602,60782.8,-4594.22,502.164,62.7987
0.125228,0,-484.434,13.9859,2.15006,307489,-7022.56,-328.447,25.457,60893.9,-4593.61,502.118,62.8037
0.125238,0,-484.434,13.981,2.1502,307436,-7019.49,-328.517,25.4537,61004.8,-4593,502.073,62.8087
0.125248,0,-484.434,13.9762,2.15034,307383,-7016.42,-328.587,25.4504,61115.8,-4592.39,502.027,62.8137
0.125258,0,-484.434,13.9713,2.15048,307330,-7013.34,-328.657,25.4471,61226.7,-4591.78,501.981,62.8188
0.125268,0,-484.434,13.9665,2.15062,307277,-7010.27,-328.727,25.4438,61337.5,-4591.17,501.935,62.8238
0.125278,0,-484.434,13.9617,2.15076,307224,-7007.2,-328.797,25.4405,61448.4,-4590.55,501.889,62.8288
0.125288,0,-484.434,13.9568,2.1509,307171,-7004.13,-328.867,25.4372,61559.1,-4589.94,501.843,62.8338
0.125298,0,-484.434,13.952,2.15104,307117,-7001.06,-328.937,25.4339,61669.8,-4589.32,501.797,62.8388
0.125308,0,-484.434,13.9471,2.15118,307064,-6997.99,-329.007,25.4307,61780.4,-4588.7,501.751,62.8438
0.125318,0,-484.434,13.9423,2.15132,307011,-6994.92,-329.077,25.4274,61891,-4588.08,501.705,62.8489
0.125328,0,-484.434,13.9374,2.15146,306958,-6991.85,-329.147,25.4241,62001.5,-4587.47,501.659,62.8539
0.125338,0,-484.434,13.9326,2.1516,306905,-6988.78,-329.217,25.4208,62112,-4586.84,501.614,62.8589
0.125348,0,-484.434,13.9277,2.15174,306852,-6985.71,-329.287,25.4175,62222.4,-4586.22,501.568,62.8639
0.125358,0,-484.434,13.9229,2.15188,306799,-6982.64,-329.357,25.4142,62332.8,-4585.6,501.522,62.8689
0.125368,0,-484.434,13.9181,2.15202,306746,-6979.57,-329.426,25.4109,62443.1,-4584.98,501.476,62.8739
0.125378,0,-484.434,13.9132,2.15216,306693,-6976.51,-329.496,25.4076,62553.4,-4584.35,501.43,62.879
0.125388,0,-484.434,13.9084,2.15229,306640,-6973.44,-329.566,25.4043,62663.6,-4583.73,501.384,62.884
0.125398,0,-484.434,13.9035,2.15243,306587,-6970.38,-329.636,25.401,62773.8,-4583.1,501.339,62.889
0.125408,0,-484.434,13.8987,2.15257,306533,-6967.31,-329.705,25.3977,62883.9,-4582.47,501.293,62.894
0.125418,0,-484.434,13.8938,2.15271,306480,-6964.24,-329.775,25.3944,62994,-4581.84,501.247,62.899
0.125428,0,-484.434,13.889,2.15285,306427,-6961.18,-329.845,25.3911,63104.1,-4581.21,501.201,62.904
0.125438,0,-484.434,13.8842,2.15299,306374,-6958.12,-329.914,25.3878,63214,-4580.58,501.155,62.909
0.125448,0,-484.434,13.8793,2.15313,306321,-6955.05,-329.984,25.3845,63323.9,-4579.95,501.109,62.9141
0.125458,0,-484.434,13.8745,2.15327,306268,-6951.99,-330.053,25.3812,63433.7,-4579.31,501.064,62.9191
0.125468,0,-484.434,13.8696,2.15341,306214,-6948.93,-330.123,25.3779,63543.6,-4578.68,501.018,62.9241
0.125478,0,-484.434,13.8648,2.15354,306161,-6945.87,-330.192,25.3746,63653.4,-4578.04,500.972,62.9291
0.125488,0,-484.434,13.8599,2.15368,306108,-6942.81,-330.262,25.3713,63763,-4577.41,500.926,62.9341
0.125498,0,-484.434,13.8551,2.15382,306055,-6939.75,-330.331,25.368,63872.7,-4576.77,500.881,62.9391
0.125508,0,-484.434,13.8502,2.15396,306002,-6936.69,-330.4,25.3647,63982.3,-4576.13,500.835,62.9441
0.125518,0,-484.434,13.8454,2.1541,305949,-6933.63,-330.47,25.3614,64091.9,-4575.49,500.789,62.9491
0.125528,0,-484.434,13.8406,2.15424,305895,-6930.57,-330.539,25.3581,64201.3,-4574.85,500.743,62.9541
0.125538,0,-484.434,13.8357,2.15438,305842,-6927.51,-330.608,25.3548,64310.7,-4574.2,500.698,62.9591
0.125548,0,-484.434,13.8309,2.15451,305789,-6924.45,-330.678,25.3515,64420.2,-4573.56,500.652,62.9641
0.125558,0,-484.434,13.826,2.15465,305736,-6921.4,-330.747,25.3482,64529.5,-4572.92,500.606,62.9691
0.125568,0,-484.434,13.8212,2.15479,305683,-6918.34,-330.816,25.3449,64638.8,-4572.27,500.56,62.9741
0.125578,0,-484.434,13.8163,2.15493,305629,-6915.28,-330.885,25.3416,64748.1,-4571.62,500.515,62.9792
0.125588,0,-484.434,13.8115,2.15507,305576,-6912.23,-330.954,25.3383,64857.2,-4570.98,500.469,62.9842
0.125598,0,-484.434,13.8067,2.1552,305523,-6909.17,-331.023,25.335,64966.4,-4570.33,500.423,62.9892
0.125608,0,-484.434,13.8018,2.15534,305470,-6906.12,-331.092,25.3316,65075.4,-4569.68,500.378,62.9942
0.125618,0,-484.434,13.797,2.15548,305416,-6903.06,-331.162,25.3283,65184.5,-4569.03,500.332,62.9992
0.125628,0,-484.434,13.7921,2.15562,305363,-6900.01,-331.231,25.325,65293.4,-4568.37,500.286,63.0042
0.125638,0,-484.434,13.7873,2.15576,305310,-6896.96,-331.3,25.3217,65402.4,-4567.72,500.241,63.0092
0.125648,0,-484.434,13.7824,2.15589,305257,-6893.9,-331.368,25.3184,65511.3,-4567.07,500.195,63.0142
0.125658,0,-484.434,13.7776,2.15603,305203,-6890.85,-331.437,25.3151,65620.1,-4566.41,500.149,63.0192
0.125668,0,-484.434,13.7727,2.15617,305150,-6887.8,-331.506,25.3118,65728.8,-4565.75,500.104,63.0242
0.125678,0,-484.434,13.7679,2.15631,305097,-6884.75,-331.575,25.3084,65837.6,-4565.1,500.058,63.0292
0.125688,0,-484.434,13.7631,2.15644,305043,-6881.7,-331.644,25.3051,65946.2,-4564.44,500.012,63.0342
0.125698,0,-484.434,13.7582,2.15658,304990,-6878.65,-331.713,25.3018,66054.9,-4563.78,499.967,63.0392
0.125708,0,-484.434,13.7534,2.15672,304937,-6875.6,-331.781,25.2985,66163.4,-4563.12,499.921,63.0442
0.125718,0,-484.434,13.7485,2.15686,304884,-6872.55,-331.85,25.2952,66272,-4562.45,499.875,63.0492
0.125728,0,-484.434,13.7437,2.15699,304830,-6869.5,-331.919,25.2919,66380.4,-4561.79,499.83,63.0542
0.125738,0,-484.434,13.7388,2.15713,304777,-6866.46,-331.988,25.2885,66488.8,-4561.12,499.784,63.0592
0.125748,0,-484.434,13.734,2.15727,304724,-6863.41,-332.056,25.2852,66597.2,-4560.46,499.739,63.0642
0.125758,0,-484.434,13.7292,2.15741,304670,-6860.36,-332.125,25.2819,66705.5,-4559.79,499.693,63.0692
0.125768,0,-484.434,13.7243,2.15754,304617,-6857.32,-332.193,25.2786,66813.7,-4559.13,499.647,63.0742
0.125778,0,-484.434,13.7195,2.15768,304564,-6854.27,-332.262,25.2753,66922,-4558.46,499.602,63.0792
0.125788,0,-484.434,13.7146,2.15782,304510,-6851.23,-332.331,25.2719,67030.1,-4557.79,499.556,63.0842
0.125798,0,-484.434,13.7098,2.15796,304457,-6848.18,-332.399,25.2686,67138.2,-4557.12,499.511,63.0892
0.125808,0,-484.434,13.7049,2.15809,304404,-6845.14,-332.467,25.2653,67246.3,-4556.45,499.465,63.0942
0.125818,0,-484.434,13.7001,2.15823,304350,-6842.09,-332.536,25.262,67354.2,-4555.77,499.42,63.0991
0.125828,0,-484.434,13.6952,2.15837,304297,-6839.05,-332.604,25.2586,67462.2,-4555.1,499.374,63.1041
0.125838,0,-484.434,13.6904,2.1585,304243,-6836.01,-332.673,25.2553,67570.1,-4554.42,499.328,63.1091
0.125848,0,-484.434,13.6856,2.15864,304190,-6832.97,-332.741,25.252,67677.9,-4553.75,499.283,63.1141
0.125858,0,-484.434,13.6807,2.15878,304137,-6829.93,-332.809,25.2487,67785.7,-4553.07,499.237,63.1191
0.125868,0,-484.434,13.6759,2.15891,304083,-6826.89,-332.878,25.2453,67893.5,-4552.39,499.192,63.1241
0.125878,0,-484.434,13.671,2.15905,304030,-6823.85,-332.946,25.242,68001.2,-4551.71,499.146,63.1291
0.125888,0,-484.434,13.6662,2.15919,303977,-6820.81,-333.014,25.2387,68108.8,-4551.03,499.101,63.1341
0.125898,0,-484.434,13.6613,2.15932,303923,-6817.77,-333.082,25.2353,68216.4,-4550.35,499.055,63.1391
0.125908,0,-484.434,13.6565,2.15946,303870,-6814.73,-333.15,25.232,68323.9,-4549.67,499.01,63.1441
0.125918,0,-484.434,13.6517,2.1596,303816,-6811.69,-333.219,25.2287,68431.4,-4548.98,498.964,63.1491
0.125928,0,-484.434,13.6468,2.15973,303763,-6808.65,-333.287,25.2253,68538.8,-4548.3,498.919,63.1541
0.125938,0,-484.434,13.642,2.15987,303710,-6805.62,-333.355,25.222,68646.2,-4547.61,498.873,63.159
0.125948,0,-484.434,13.6371,2.16001,303656,-6802.58,-333.423,25.2187,68753.5,-4546.93,498.828,63.164
0.125958,0,-484.434,13.6323,2.16014,303603,-6799.54,-333.491,25.2153,68860.8,-4546.24,498.783,63.169
0.125968,0,-484.434,13.6274,2.16028,303549,-6796.51,-333.559,25.212,68968.1,-4545.55,498.737,63.174
0.125978,0,-484.434,13.6226,2.16042,303496,-6793.47,-333.627,25.2087,69075.2,-4544.86,498.692,63.179
0.125988,0,-484.434,13.6178,2.16055,303442,-6790.44,-333.694,25.2053,69182.3,-4544.17,498.646,63.184
0.125998,0,-484.434,13.6129,2.16069,303389,-6787.41,-333.762,25.202,69289.4,-4543.48,498.601,63.189
0.126008,0,-484.434,13.6081,2.16082,303335,-6784.37,-333.83,25.1987,69396.4,-4542.78,498.555,63.194
0.126018,0,-484.434,13.6032,2.16096,303282,-6781.34,-333.898,25.1953,69503.4,-4542.09,498.51,63.1989
0.126028,0,-484.434,13.5984,2.1611,303229,-6778.31,-333.966,25.192,69610.3,-4541.39,498.464,63.2039
0.126038,0,-484.434,13.5935,2.16123,303175,-6775.28,-334.034,25.1886,69717.2,-4540.7,498.419,63.2089
0.126048,0,-484.434,13.5887,2.16137,303122,-6772.24,-334.101,25.1853,69824,-4540,498.374,63.2139
0.126058,0,-484.434,13.5838,2.1615,303068,-6769.21,-334.169,25.182,69930.8,-4539.3,498.328,63.2189
0.126068,0,-484.434,13.579,2.16164,303015,-6766.18,-334.237,25.1786,70037.5,-4538.6,498.283,63.2239
0.126078,0,-484.434,13.5742,2.16177,302961,-6763.15,-334.304,25.1753,70144.1,-4537.9,498.238,63.2288
0.126088,0,-484.434,13.5693,2.16191,302908,-6760.13,-334.372,25.1719,70250.7,-4537.2,498.192,63.2338
0.126098,0,-484.434,13.5645,2.16205,302854,-6757.1,-334.439,25.1686,70357.3,-4536.49,498.147,63.2388
0.126108,0,-484.434,13.5596,2.16218,302801,-6754.07,-334.507,25.1652,70463.8,-4535.79,498.101,63.2438
0.126118,0,-484.434,13.5548,2.16232,302747,-6751.04,-334.575,25.1619,70570.3,-4535.08,498.056,63.2488
0.126128,0,-484.434,13.5499,2.16245,302694,-6748.01,-334.642,25.1585,70676.7,-4534.38,498.011,63.2537
0.126138,0,-484.434,13.5451,2.16259,302640,-6744.99,-334.71,25.1552,70783.1,-4533.67,497.965,63.2587
0.126148,0,-484.434,13.5403,2.16272,302587,-6741.96,-334.777,25.1519,70889.4,-4532.96,497.92,63.2637
0.126158,0,-484.434,13.5354,2.16286,302533,-6738.94,-334.844,25.1485,70995.6,-4532.25,497.875,63.2687
0.126168,0,-484.434,13.5306,2.16299,302480,-6735.91,-334.912,25.1452,71101.8,-4531.54,497.829,63.2737
0.126178,0,-484.434,13.5257,2.16313,302426,-6732.89,-334.979,25.1418,71208,-4530.83,497.784,63.2786
0.126188,0,-484.434,13.5209,2.16326,302373,-6729.87,-335.046,25.1385,71314.1,-4530.12,497.739,63.2836
0.126198,0,-484.434,13.516,2.1634,302319,-6726.84,-335.114,25.1351,71420.1,-4529.41,497.694,63.2886
0.126208,0,-484.434,13.5112,2.16354,302266,-6723.82,-335.181,25.1318,71526.1,-4528.69,497.648,63.2936
0.126218,0,-484.434,13.5063,2.16367,302212,-6720.8,-335.248,25.1284,71632,-4527.98,497.603,63.2985
0.126228,0,-484.434,13.5015,2.16381,302159,-6717.78,-335.315,25.1251,71737.9,-4527.26,497.558,63.3035
0.126238,0,-484.434,13.4967,2.16394,302105,-6714.76,-335.382,25.1217,71843.8,-4526.54,497.512,63.3085
0.126248,0,-484.434,13.4918,2.16408,302051,-6711.74,-335.449,25.1183,71949.5,-4525.82,497.467,63.3135
0.126258,0,-484.434,13.487,2.16421,301998,-6708.71,-335.517,25.115,72055.3,-4525.1,497.422,63.3184
0.126268,0,-484.434,13.4821,2.16434,301944,-6705.7,-335.584,25.1116,72161,-4524.38,497.377,63.3234
0.126278,0,-484.434,13.4773,2.16448,301891,-6702.68,-335.651,25.1083,72266.7,-4523.66,497.331,63.3284
0.126288,0,-484.434,13.4724,2.16461,301837,-6699.66,-335.718,25.1049,72372.2,-4522.94,497.286,63.3334
0.126298,0,-484.434,13.4676,2.16475,301784,-6696.64,-335.785,25.1016,72477.8,-4522.21,497.241,63.3383
0.126308,0,-484.434,13.4628,2.16488,301730,-6693.62,-335.852,25.0982,72583.2,-4521.49,497.196,63.3433
0.126318,0,-484.434,13.4579,2.16502,301676,-6690.61,-335.919,25.0948,72688.7,-4520.76,497.151,63.3483
0.126328,0,-484.434,13.4531,2.16515,301623,-6687.59,-335.985,25.0915,72794.1,-4520.03,497.105,63.3533
0.126338,0,-484.434,13.4482,2.16529,301569,-6684.58,-336.052,25.0881,72899.4,-4519.31,497.06,63.3582
0.126348,0,-484.434,13.4434,2.16542,301516,-6681.56,-336.119,25.0848,73004.7,-4518.58,497.015,63.3632
0.126358,0,-484.434,13.4385,2.16556,301462,-6678.55,-336.186,25.0814,73109.9,-4517.85,496.97,63.3682
0.126368,0,-484.434,13.4337,2.16569,301409,-6675.53,-336.253,25.078,73215.1,-4517.11,496.925,63.3731
0.126378,0,-484.434,13.4288,2.16582,301355,-6672.52,-336.319,25.0747,73320.2,-4516.38,496.88,63.3781
0.126388,0,-484.434,13.424,2.16596,301301,-6669.51,-336.386,25.0713,73425.3,-4515.65,496.834,63.3831
0.126398,0,-484.434,13.4192,2.16609,301248,-6666.49,-336.453,25.068,73530.3,-4514.91,496.789,63.388
0.126408,0,-484.434,13.4143,2.16623,301194,-6663.48,-336.519,25.0646,73635.3,-4514.18,496.744,63.393
0.126418,0,-484.434,13.4095,2.16636,301141,-6660.47,-336.586,25.0612,73740.2,-4513.44,496.699,63.398
0.126428,0,-484.434,13.4046,2.1665,301087,-6657.46,-336.653,25.0579,73845.1,-4512.7,496.654,63.4029
0.126438,0,-484.434,13.3998,2.16663,301033,-6654.45,-336.719,25.0545,73949.9,-4511.96,496.609,63.4079
0.126448,0,-484.434,13.3949,2.16676,300980,-6651.44,-336.786,25.0511,74054.7,-4511.22,496.564,63.4129
0.126458,0,-484.434,13.3901,2.1669,300926,-6648.43,-336.852,25.0478,74159.4,-4510.48,496.519,63.4178
0.126468,0,-484.434,13.3853,2.16703,300872,-6645.42,-336.919,25.0444,74264.1,-4509.74,496.473,63.4228
0.126478,0,-484.434,13.3804,2.16717,300819,-6642.41,-336.985,25.041,74368.7,-4509,496.428,63.4278
0.126488,0,-484.434,13.3756,2.1673,300765,-6639.41,-337.051,25.0376,74473.2,-4508.25,496.383,63.4327
0.126498,0,-484.434,13.3707,2.16743,300712,-6636.4,-337.118,25.0343,74577.8,-4507.51,496.338,63.4377
0.126508,0,-484.434,13.3659,2.16757,300658,-6633.39,-337.184,25.0309,74682.3,-4506.76,496.293,63.4427
0.126518,0,-484.434,13.361,2.1677,300604,-6630.39,-337.25,25.0275,74786.7,-4506.02,496.248,63.4476
0.126528,0,-484.434,13.3562,2.16783,300551,-6627.38,-337.317,25.0242,74891,-4505.27,496.203,63.4526
0.126538,0,-484.434,13.3513,2.16797,300497,-6624.38,-337.383,25.0208,74995.3,-4504.52,496.158,63.4576
0.126548,0,-484.434,13.3465,2.1681,300443,-6621.37,-337.449,25.0174,75099.6,-4503.77,496.113,63.4625
0.126558,0,-484.434,13.3417,2.16823,300390,-6618.37,-337.515,25.014,75203.8,-4503.02,496.068,63.4675
0.126568,0,-484.434,13.3368,2.16837,300336,-6615.37,-337.582,25.0107,75307.9,-4502.26,496.023,63.4724
0.126578,0,-484.434,13.332,2.1685,300282,-6612.36,-337.648,25.0073,75412.1,-4501.51,495.978,63.4774
0.126588,0,-484.434,13.3271,2.16863,300229,-6609.36,-337.714,25.0039,75516.1,-4500.75,495.933,63.4823
0.126598,0,-484.434,13.3223,2.16877,300175,-6606.36,-337.78,25.0005,75620.1,-4500,495.888,63.4873
0.126608,0,-484.434,13.3174,2.1689,300121,-6603.36,-337.846,24.9971,75724.1,-4499.24,495.843,63.4923
0.126618,0,-484.434,13.3126,2.16903,300068,-6600.36,-337.912,24.9938,75828,-4498.49,495.798,63.4972
0.126628,0,-484.434,13.3078,2.16917,300014,-6597.36,-337.978,24.9904,75931.9,-4497.73,495.753,63.5022
0.126638,0,-484.434,13.3029,2.1693,299960,-6594.36,-338.044,24.987,76035.7,-4496.97,495.708,63.5071
0.126648,0,-484.434,13.2981,2.16943,299907,-6591.36,-338.11,24.9836,76139.4,-4496.21,495.663,63.5121
0.126658,0,-484.434,13.2932,2.16957,299853,-6588.36,-338.176,24.9802,76243.2,-4495.44,495.618,63.5171
0.126668,0,-484.434,13.2884,2.1697,299799,-6585.36,-338.242,24.9769,76346.8,-4494.68,495.573,63.522
0.126678,0,-484.434,13.2835,2.16983,299746,-6582.37,-338.307,24.9735,76450.4,-4493.92,495.528,63.527
0.126688,0,-484.434,13.2787,2.16996,299692,-6579.37,-338.373,24.9701,76553.9,-4493.15,495.483,63.5319
0.126698,0,-484.434,13.2738,2.1701,299638,-6576.37,-338.439,24.9667,76657.4,-4492.39,495.438,63.5369
0.126708,0,-484.434,13.269,2.17023,299585,-6573.38,-338.505,24.9633,76760.9,-4491.62,495.393,63.5418
0.126718,0,-484.434,13.2642,2.17036,299531,-6570.38,-338.57,24.9599,76864.3,-4490.85,495.348,63.5468
0.126728,0,-484.434,13.2593,2.17049,299477,-6567.39,-338.636,24.9566,76967.6,-4490.08,495.304,63.5517
0.126738,0,-484.434,13.2545,2.17063,299423,-6564.39,-338.702,24.9532,77070.9,-4489.31,495.259,63.5567
0.126748,0,-484.434,13.2496,2.17076,299370,-6561.4,-338.767,24.9498,77174.2,-4488.54,495.214,63.5616
0.126758,0,-484.434,13.2448,2.17089,299316,-6558.41,-338.833,24.9464,77277.4,-4487.77,495.169,63.5666
0.126768,0,-484.434,13.2399,2.17102,299262,-6555.41,-338.898,24.943,77380.5,-4487,495.124,63.5715
0.126778,0,-484.434,13.2351,2.17116,299209,-6552.42,-338.964,24.9396,77483.6,-4486.22,495.079,63.5765
0.126788,0,-484.434,13.2303,2.17129,299155,-6549.43,-339.03,24.9362,77586.7,-4485.45,495.034,63.5814
0.126798,0,-484.434,13.2254,2.17142,299101,-6546.44,-339.095,24.9328,77689.7,-4484.67,494.989,63.5864
0.126808,0,-484.434,13.2206,2.17155,299048,-6543.45,-339.16,24.9294,77792.6,-4483.89,494.945,63.5914
0.126818,0,-484.434,13.2157,2.17169,298994,-6540.46,-339.226,24.9261,77895.5,-4483.11,494.9,63.5963
0.126828,0,-484.434,13.2109,2.17182,298940,-6537.47,-339.291,24.9227,77998.4,-4482.34,494.855,63.6012
0.126838,0,-484.434,13.206,2.17195,298886,-6534.48,-339.357,24.9193,78101.2,-4481.56,494.81,63.6062
0.126848,0,-484.434,13.2012,2.17208,298833,-6531.49,-339.422,24.9159,78203.9,-4480.77,494.765,63.6111
0.126858,0,-484.434,13.1963,2.17221,298779,-6528.51,-339.487,24.9125,78306.6,-4479.99,494.721,63.6161
0.126868,0,-484.434,13.1915,2.17235,298725,-6525.52,-339.552,24.9091,78409.2,-4479.21,494.676,63.621
0.126878,0,-484.434,13.1867,2.17248,298671,-6522.53,-339.618,24.9057,78511.8,-4478.42,494.631,63.626
0.126888,0,-484.434,13.1818,2.17261,298618,-6519.55,-339.683,24.9023,78614.4,-4477.64,494.586,63.6309
0.126898,0,-484.434,13.177,2.17274,298564,-6516.56,-339.748,24.8989,78716.8,-4476.85,494.541,63.6359
0.126908,0,-484.434,13.1721,2.17287,298510,-6513.58,-339.813,24.8955,78819.3,-4476.06,494.497,63.6408
0.126918,0,-484.434,13.1673,2.173,298456,-6510.59,-339.878,24.8921,78921.7,-4475.28,494.452,63.6458
0.126928,0,-484.434,13.1624,2.17314,298403,-6507.61,-339.943,24.8887,79024,-4474.49,494.407,63.6507
0.126938,0,-484.434,13.1576,2.17327,298349,-6504.62,-340.008,24.8853,79126.3,-4473.7,494.362,63.6557
0.126948,0,-484.434,13.1528,2.1734,298295,-6501.64,-340.073,24.8819,79228.5,-4472.9,494.318,63.6606
0.126958,0,-484.434,13.1479,2.17353,298241,-6498.66,-340.138,24.8785,79330.7,-4472.11,494.273,63.6655
0.126968,0,-484.434,13.1431,2.17366,298188,-6495.68,-340.203,24.8751,79432.8,-4471.32,494.228,63.6705
0.126978,0,-484.434,13.1382,2.17379,298134,-6492.7,-340.268,24.8717,79534.9,-4470.52,494.184,63.6754
0.126988,0,-484.434,13.1334,2.17393,298080,-6489.71,-340.333,24.8683,79637,-4469.73,494.139,63.6804
0.126998,0,-484.434,13.1285,2.17406,298026,-6486.73,-340.398,24.8649,79739,-4468.93,494.094,63.6853
0.127008,0,-484.434,13.1237,2.17419,297973,-6483.76,-340.463,24.8615,79840.9,-4468.13,494.05,63.6902
0.127018,0,-484.434,13.1188,2.17432,297919,-6480.78,-340.528,24.8581,79942.8,-4467.33,494.005,63.6952
0.127028,0,-484.434,13.114,2.17445,297865,-6477.8,-340.593,24.8547,80044.7,-4466.53,493.96,63.7001
0.127038,0,-484.434,13.1092,2.17458,297811,-6474.82,-340.657,24.8513,80146.4,-4465.73,493.916,63.7051
0.127048,0,-484.434,13.1043,2.17471,297758,-6471.84,-340.722,24.8479,80248.1,-4464.93,493.871,63.71
0.127058,0,-484.434,13.0995,2.17484,297704,-6468.86,-340.787,24.8445,80349.9,-4464.13,493.826,63.7149
0.127068,0,-484.434,13.0946,2.17497,297650,-6465.89,-340.851,24.841,80451.5,-4463.32,493.782,63.7199
0.127078,0,-484.434,13.0898,2.17511,297596,-6462.91,-340.916,24.8376,80553,-4462.52,493.737,63.7248
0.127088,0,-484.434,13.0849,2.17524,297542,-6459.94,-340.981,24.8342,80654.6,-4461.71,493.692,63.7298
0.127098,0,-484.434,13.0801,2.17537,297489,-6456.96,-341.045,24.8308,80756,-4460.9,493.648,63.7347
0.127108,0,-484.434,13.0753,2.1755,297435,-6453.99,-341.11,24.8274,80857.5,-4460.1,493.603,63.7396
0.127118,0,-484.434,13.0704,2.17563,297381,-6451.02,-341.174,24.824,80958.9,-4459.29,493.559,63.7446
0.127128,0,-484.434,13.0656,2.17576,297327,-6448.04,-341.239,24.8206,81060.2,-4458.48,493.514,63.7495
0.127138,0,-484.434,13.0607,2.17589,297274,-6445.07,-341.303,24.8172,81161.5,-4457.67,493.469,63.7544
0.127148,0,-484.434,13.0559,2.17602,297220,-6442.1,-341.368,24.8138,81262.8,-4456.86,493.425,63.7594
0.127158,0,-484.434,13.051,2.17615,297166,-6439.13,-341.432,24.8103,81363.9,-4456.04,493.38,63.7643
0.127168,0,-484.434,13.0462,2.17628,297112,-6436.15,-341.496,24.8069,81465,-4455.23,493.336,63.7692
0.127178,0,-484.434,13.0414,2.17641,297058,-6433.18,-341.561,24.8035,81566.1,-4454.41,493.291,63.7742
0.127188,0,-484.434,13.0365,2.17654,297005,-6430.21,-341.625,24.8001,81667.2,-4453.6,493.247,63.7791
0.127198,0,-484.434,13.0317,2.17667,296951,-6427.24,-341.689,24.7967,81768.2,-4452.78,493.202,63.784
0.127208,0,-484.434,13.0268,2.1768,296897,-6424.28,-341.754,24.7933,81869,-4451.96,493.158,63.789
0.127218,0,-484.434,13.022,2.17693,296843,-6421.31,-341.818,24.7898,81969.9,-4451.14,493.113,63.7939
0.127228,0,-484.434,13.0171,2.17706,296790,-6418.34,-341.882,24.7864,82070.8,-4450.32,493.069,63.7988
0.127238,0,-484.434,13.0123,2.17719,296736,-6415.37,-341.946,24.783,82171.5,-4449.5,493.024,63.8038
0.127248,0,-484.434,13.0074,2.17732,296682,-6412.41,-342.01,24.7796,82272.3,-4448.68,492.98,63.8087
0.127258,0,-484.434,13.0026,2.17745,296628,-6409.44,-342.074,24.7762,82372.9,-4447.86,492.935,63.8136
0.127268,0,-484.434,12.9978,2.17758,296574,-6406.47,-342.138,24.7727,82473.6,-4447.03,492.891,63.8185
0.127278,0,-484.434,12.9929,2.17771,296521,-6403.51,-342.202,24.7693,82574.1,-4446.21,492.846,63.8235
0.127288,0,-484.434,12.9881,2.17784,296467,-6400.54,-342.267,24.7659,82674.7,-4445.38,492.802,63.8284
0.127298,0,-484.434,12.9832,2.17797,296413,-6397.58,-342.331,24.7625,82775.2,-4444.55,492.757,63.8333
0.127308,0,-484.434,12.9784,2.1781,296359,-6394.62,-342.394,24.7591,82875.6,-4443.73,492.713,63.8383
0.127318,0,-484.434,12.9735,2.17823,296305,-6391.65,-342.458,24.7556,82976,-4442.9,492.669,63.8432
0.127328,0,-484.434,12.9687,2.17836,296252,-6388.69,-342.522,24.7522,83076.3,-4442.07,492.624,63.8481
0.127338,0,-484.434,12.9639,2.17849,296198,-6385.73,-342.586,24.7488,83176.6,-4441.24,492.58,63.853
0.127348,0,-484.434,12.959,2.17862,296144,-6382.77,-342.65,24.7454,83276.9,-4440.4,492.535,63.858
0.127358,0,-484.434,12.9542,2.17875,296090,-6379.81,-342.714,24.7419,83377,-4439.57,492.491,63.8629
0.127368,0,-484.434,12.9493,2.17888,296036,-6376.85,-342.778,24.7385,83477.1,-4438.74,492.447,63.8678
0.127378,0,-484.434,12.9445,2.17901,295982,-6373.89,-342.841,24.7351,83577.2,-4437.9,492.402,63.8727
0.127388,0,-484.434,12.9396,2.17914,295929,-6370.93,-342.905,24.7316,83677.2,-4437.06,492.358,63.8777
0.127398,0,-484.434,12.9348,2.17927,295875,-6367.97,-342.969,24.7282,83777.2,-4436.23,492.313,63.8826
0.127408,0,-484.434,12.9299,2.1794,295821,-6365.01,-343.032,24.7248,83877.2,-4435.39,492.269,63.8875
0.127418,0,-484.434,12.9251,2.17953,295767,-6362.05,-343.096,24.7214,83977,-4434.55,492.225,63.8924
0.127428,0,-484.434,12.9203,2.17966,295713,-6359.1,-343.16,24.7179,84076.9,-4433.71,492.18,63.8974
0.127438,0,-484.434,12.9154,2.17979,295660,-6356.14,-343.223,24.7145,84176.7,-4432.87,492.136,63.9023
0.127448,0,-484.434,12.9106,2.17991,295606,-6353.19,-343.287,24.7111,84276.4,-4432.03,492.092,63.9072
0.127458,0,-484.434,12.9057,2.18004,295552,-6350.23,-343.35,24.7076,84376.1,-4431.18,492.047,63.9121
0.127468,0,-484.434,12.9009,2.18017,295498,-6347.27,-343.414,24.7042,84475.7,-4430.34,492.003,63.917
0.127478,0,-484.434,12.896,2.1803,295444,-6344.32,-343.477,24.7008,84575.3,-4429.5,491.959,63.922
0.127488,0,-484.434,12.8912,2.18043,295391,-6341.37,-343.541,24.6973,84674.8,-4428.65,491.915,63.9269
0.127498,0,-484.434,12.8864,2.18056,295337,-6338.41,-343.604,24.6939,84774.3,-4427.8,491.87,63.9318
0.127508,0,-484.434,12.8815,2.18069,295283,-6335.46,-343.667,24.6904,84873.7,-4426.95,491.826,63.9367
0.127518,0,-484.434,12.8767,2.18082,295229,-6332.51,-343.731,24.687,84973.1,-4426.1,491.782,63.9416
0.127528,0,-484.434,12.8718,2.18095,295175,-6329.56,-343.794,24.6836,85072.4,-4425.25,491.737,63.9465
0.127538,0,-484.434,12.867,2.18107,295121,-6326.61,-343.857,24.6801,85171.7,-4424.4,491.693,63.9515
0.127548,0,-484.434,12.8621,2.1812,295068,-6323.66,-343.92,24.6767,85270.9,-4423.55,491.649,63.9564
0.127558,0,-484.434,12.8573,2.18133,295014,-6320.7,-343.984,24.6733,85370.1,-4422.7,491.605,63.9613
0.127568,0,-484.434,12.8524,2.18146,294960,-6317.76,-344.047,24.6698,85469.3,-4421.84,491.561,63.9662
0.127578,0,-484.434,12.8476,2.18159,294906,-6314.81,-344.11,24.6664,85568.4,-4420.99,491.516,63.9711
0.127588,0,-484.434,12.8428,2.18172,294852,-6311.86,-344.173,24.6629,85667.3,-4420.13,491.472,63.976
0.127598,0,-484.434,12.8379,2.18185,294799,-6308.91,-344.236,24.6595,85766.4,-4419.28,491.428,63.981
0.127608,0,-484.434,12.8331,2.18197,294745,-6305.96,-344.299,24.656,85865.3,-4418.42,491.384,63.9859
0.127618,0,-484.434,12.8282,2.1821,294691,-6303.02,-344.362,24.6526,85964.2,-4417.56,491.34,63.9908
0.127628,0,-484.434,12.8234,2.18223,294637,-6300.07,-344.425,24.6492,86063,-4416.7,491.295,63.9957
0.127638,0,-484.434,12.8185,2.18236,294583,-6297.12,-344.488,24.6457,86161.8,-4415.84,491.251,64.0006
0.127648,0,-484.434,12.8137,2.18249,294529,-6294.18,-344.551,24.6423,86260.5,-4414.97,491.207,64.0055
0.127658,0,-484.434,12.8089,2.18261,294476,-6291.23,-344.614,24.6388,86359.2,-4414.11,491.163,64.0104
0.127668,0,-484.434,12.804,2.18274,294422,-6288.29,-344.677,24.6354,86457.9,-4413.25,491.119,64.0154
0.127678,0,-484.434,12.7992,2.18287,294368,-6285.35,-344.74,24.6319,86556.5,-4412.38,491.075,64.0203
0.127688,0,-484.434,12.7943,2.183,294314,-6282.4,-344.803,24.6285,86655,-4411.52,491.031,64.0252
0.127698,0,-484.434,12.7895,2.18313,294260,-6279.46,-344.865,24.625,86753.4,-4410.65,490.987,64.0301
0.127708,0,-484.434,12.7846,2.18325,294206,-6276.52,-344.928,24.6216,86851.9,-4409.78,490.942,64.035
0.127718,0,-484.434,12.7798,2.18338,294153,-6273.58,-344.991,24.6181,86950.3,-4408.91,490.898,64.0399
0.127728,0,-484.434,12.7749,2.18351,294099,-6270.64,-345.054,24.6147,87048.6,-4408.04,490.854,64.0448
0.127738,0,-484.434,12.7701,2.18364,294045,-6267.7,-345.116,24.6112,87146.9,-4407.17,490.81,64.0497
0.127748,0,-484.434,12.7653,2.18377,293991,-6264.76,-345.179,24.6078,87245.2,-4406.3,490.766,64.0546
0.127758,0,-484.434,12.7604,2.18389,293937,-6261.82,-345.242,24.6043,87343.3,-4405.43,490.722,64.0595
0.127768,0,-484.434,12.7556,2.18402,293884,-6258.88,-345.304,24.6009,87441.4,-4404.55,490.678,64.0644
0.127778,0,-484.434,12.7507,2.18415,293830,-6255.94,-345.367,24.5974,87539.6,-4403.68,490.634,64.0693
0.127788,0,-484.434,12.7459,2.18428,293776,-6253,-345.429,24.594,87637.6,-4402.8,490.59,64.0742
0.127798,0,-484.434,12.741,2.1844,293722,-6250.07,-345.492,24.5905,87735.6,-4401.93,490.546,64.0792
0.127808,0,-484.434,12.7362,2.18453,293668,-6247.13,-345.554,24.5871,87833.5,-4401.05,490.502,64.0841
0.127818,0,-484.434,12.7314,2.18466,293614,-6244.19,-345.617,24.5836,87931.4,-4400.17,490.458,64.089
0.127828,0,-484.434,12.7265,2.18478,293561,-6241.26,-345.679,24.5801,88029.2,-4399.29,490.414,64.0939
0.127838,0,-484.434,12.7217,2.18491,293507,-6238.32,-345.742,24.5767,88127.1,-4398.41,490.37,64.0988
0.127848,0,-484.434,12.7168,2.18504,293453,-6235.39,-345.804,24.5732,88224.8,-4397.53,490.326,64.1037
0.127858,0,-484.434,12.712,2.18517,293399,-6232.46,-345.866,24.5698,88322.4,-4396.65,490.282,64.1086
0.127868,0,-484.434,12.7071,2.18529,293345,-6229.52,-345.929,24.5663,88420.1,-4395.76,490.238,64.1135
0.127878,0,-484.434,12.7023,2.18542,293292,-6226.59,-345.991,24.5629,88517.7,-4394.88,490.194,64.1184
0.127888,0,-484.434,12.6974,2.18555,293238,-6223.66,-346.053,24.5594,88615.3,-4393.99,490.15,64.1233
0.127898,0,-484.434,12.6926,2.18567,293184,-6220.72,-346.115,24.5559,88712.7,-4393.1,490.106,64.1282
0.127908,0,-484.434,12.6878,2.1858,293130,-6217.79,-346.178,24.5525,88810.2,-4392.22,490.062,64.1331
0.127918,0,-484.434,12.6829,2.18593,293076,-6214.86,-346.24,24.549,88907.6,-4391.33,490.018,64.138
0.127928,0,-484.434,12.6781,2.18605,293022,-6211.93,-346.302,24.5455,89004.9,-4390.44,489.975,64.1429
0.127938,0,-484.434,12.6732,2.18618,292969,-6209,-346.364,24.5421,89102.3,-4389.55,489.931,64.1478
0.127948,0,-484.434,12.6684,2.18631,292915,-6206.07,-346.426,24.5386,89199.5,-4388.66,489.887,64.1527
0.127958,0,-484.434,12.6635,2.18643,292861,-6203.15,-346.488,24.5352,89296.7,-4387.77,489.843,64.1576
0.127968,0,-484.434,12.6587,2.18656,292807,-6200.22,-346.55,24.5317,89393.8,-4386.87,489.799,64.1625
0.127978,0,-484.434,12.6539,2.18669,292753,-6197.29,-346.612,24.5282,89490.9,-4385.98,489.755,64.1674
0.127988,0,-484.434,12.649,2.18681,292700,-6194.36,-346.674,24.5248,89588,-4385.08,489.711,64.1723
0.127998,0,-484.434,12.6442,2.18694,292646,-6191.44,-346.736,24.5213,89685,-4384.19,489.667,64.1772
0.128008,0,-484.434,12.6393,2.18707,292592,-6188.51,-346.798,24.5178,89781.9,-4383.29,489.624,64.1821
0.128018,0,-484.434,12.6345,2.18719,292538,-6185.59,-346.86,24.5144,89878.8,-4382.39,489.58,64.187
0.128028,0,-484.434,12.6296,2.18732,292484,-6182.66,-346.922,24.5109,89975.7,-4381.49,489.536,64.1919
0.128038,0,-484.434,12.6248,2.18745,292431,-6179.74,-346.983,24.5074,90072.5,-4380.59,489.492,64.1968
0.128048,0,-484.434,12.6199,2.18757,292377,-6176.81,-347.045,24.504,90169.3,-4379.69,489.448,64.2017
0.128058,0,-484.434,12.6151,2.1877,292323,-6173.89,-347.107,24.5005,90266,-4378.79,489.405,64.2066
0.128068,0,-484.434,12.6103,2.18782,292269,-6170.97,-347.169,24.497,90362.6,-4377.89,489.361,64.2115
0.128078,0,-484.434,12.6054,2.18795,292215,-6168.05,-347.23,24.4935,90459.2,-4376.98,489.317,64.2163
0.128088,0,-484.434,12.6006,2.18808,292162,-6165.12,-347.292,24.4901,90555.8,-4376.08,489.273,64.2212
0.128098,0,-484.434,12.5957,2.1882,292108,-6162.2,-347.353,24.4866,90652.3,-4375.17,489.23,64.2261
0.128108,0,-484.434,12.5909,2.18833,292054,-6159.28,-347.415,24.4831,90748.8,-4374.27,489.186,64.231
0.128118,0,-484.434,12.586,2.18845,292000,-6156.36,-347.477,24.4796,90845.1,-4373.36,489.142,64.2359
0.128128,0,-484.434,12.5812,2.18858,291946,-6153.44,-347.538,24.4762,90941.5,-4372.45,489.098,64.2408
0.128138,0,-484.434,12.5764,2.18871,291893,-6150.52,-347.6,24.4727,91037.8,-4371.54,489.055,64.2457
0.128148,0,-484.434,12.5715,2.18883,291839,-6147.61,-347.661,24.4692,91134.1,-4370.63,489.011,64.2506
0.128158,0,-484.434,12.5667,2.18896,291785,-6144.69,-347.723,24.4657,91230.3,-4369.72,488.967,64.2555
0.128168,0,-484.434,12.5618,2.18908,291731,-6141.77,-347.784,24.4623,91326.5,-4368.8,488.924,64.2604
0.128178,0,-484.434,12.557,2.18921,291677,-6138.85,-347.846,24.4588,91422.6,-4367.89,488.88,64.2653
0.128188,0,-484.434,12.5521,2.18933,291624,-6135.94,-347.907,24.4553,91518.6,-4366.97,488.836,64.2701
0.128198,0,-484.434,12.5473,2.18946,291570,-6133.02,-347.968,24.4518,91614.7,-4366.06,488.793,64.275
0.128208,0,-484.434,12.5424,2.18959,291516,-6130.11,-348.03,24.4483,91710.7,-4365.14,488.749,64.2799
0.128218,0,-484.434,12.5376,2.18971,291462,-6127.19,-348.091,24.4449,91806.6,-4364.23,488.705,64.2848
0.128228,0,-484.434,12.5328,2.18984,291408,-6124.28,-348.152,24.4414,91902.4,-4363.31,488.662,64.2897
0.128238,0,-484.434,12.5279,2.18996,291355,-6121.37,-348.213,24.4379,91998.3,-4362.39,488.618,64.2946
0.128248,0,-484.434,12.5231,2.19009,291301,-6118.45,-348.274,24.4344,92094,-4361.47,488.574,64.2995
0.128258,0,-484.434,12.5182,2.19021,291247,-6115.54,-348.336,24.4309,92189.7,-4360.55,488.531,64.3044
0.128268,0,-484.434,12.5134,2.19034,291193,-6112.63,-348.397,24.4275,92285.4,-4359.62,488.487,64.3092
0.128278,0,-484.434,12.5085,2.19046,291140,-6109.72,-348.458,24.424,92381,-4358.7,488.444,64.3141
0.128288,0,-484.434,12.5037,2.19059,291086,-6106.81,-348.519,24.4205,92476.6,-4357.78,488.4,64.319
0.128298,0,-484.434,12.4989,2.19071,291032,-6103.9,-348.58,24.417,92572.1,-4356.85,488.356,64.3239
0.128308,0,-484.434,12.494,2.19084,290978,-6100.99,-348.641,24.4135,92667.7,-4355.93,488.313,64.3288
0.128318,0,-484.434,12.4892,2.19096,290924,-6098.08,-348.702,24.41,92763,-4355,488.269,64.3336
0.128328,0,-484.434,12.4843,2.19109,290871,-6095.17,-348.763,24.4065,92858.4,-4354.07,488.226,64.3385
0.128338,0,-484.434,12.4795,2.19121,290817,-6092.26,-348.824,24.403,92953.8,-4353.14,488.182,64.3434
0.128348,0,-484.434,12.4746,2.19134,290763,-6089.35,-348.885,24.3996,93049,-4352.21,488.139,64.3483
0.128358,0,-484.434,12.4698,2.19146,290709,-6086.45,-348.946,24.3961,93144.3,-4351.28,488.095,64.3532
0.128368,0,-484.434,12.465,2.19159,290656,-6083.54,-349.007,24.3926,93239.5,-4350.35,488.052,64.3581
0.128378,0,-484.434,12.4601,2.19171,290602,-6080.64,-349.067,24.3891,93334.6,-4349.42,488.008,64.3629
0.128388,0,-484.434,12.4553,2.19183,290548,-6077.73,-349.128,24.3856,93429.7,-4348.48,487.965,64.3678
0.128398,0,-484.434,12.4504,2.19196,290494,-6074.82,-349.189,24.3821,93524.7,-4347.55,487.921,64.3727
0.128408,0,-484.434,12.4456,2.19208,290441,-6071.92,-349.25,24.3786,93619.7,-4346.61,487.878,64.3776
0.128418,0,-484.434,12.4407,2.19221,290387,-6069.02,-349.31,24.3751,93714.6,-4345.68,487.834,64.3825
0.128428,0,-484.434,12.4359,2.19233,290333,-6066.11,-349.371,24.3716,93809.6,-4344.74,487.791,64.3873
0.128438,0,-484.434,12.431,2.19246,290279,-6063.21,-349.432,24.3681,93904.4,-4343.8,487.747,64.3922
0.128448,0,-484.434,12.4262,2.19258,290226,-6060.31,-349.492,24.3646,93999.2,-4342.86,487.704,64.3971
0.128458,0,-484.434,12.4214,2.19271,290172,-6057.41,-349.553,24.3611,94093.9,-4341.92,487.661,64.402
0.128468,0,-484.434,12.4165,2.19283,290118,-6054.51,-349.613,24.3576,94188.6,-4340.98,487.617,64.4068
0.128478,0,-484.434,12.4117,2.19295,290064,-6051.6,-349.674,24.3542,94283.3,-4340.04,487.574,64.4117
0.128488,0,-484.434,12.4068,2.19308,290011,-6048.71,-349.734,24.3507,94377.8,-4339.09,487.53,64.4166
0.128498,0,-484.434,12.402,2.1932,289957,-6045.81,-349.795,24.3472,94472.4,-4338.15,487.487,64.4215
0.128508,0,-484.434,12.3971,2.19333,289903,-6042.91,-349.855,24.3437,94566.9,-4337.2,487.444,64.4263
0.128518,0,-484.434,12.3923,2.19345,289849,-6040.01,-349.916,24.3402,94661.3,-4336.26,487.4,64.4312
0.128528,0,-484.434,12.3875,2.19357,289796,-6037.11,-349.976,24.3367,94755.8,-4335.31,487.357,64.4361
0.128538,0,-484.434,12.3826,2.1937,289742,-6034.21,-350.036,24.3332,94850.1,-4334.36,487.314,64.441
0.128548,0,-484.434,12.3778,2.19382,289688,-6031.32,-350.097,24.3297,94944.4,-4333.41,487.27,64.4458
0.128558,0,-484.434,12.3729,2.19394,289634,-6028.42,-350.157,24.3262,95038.6,-4332.46,487.227,64.4507
0.128568,0,-484.434,12.3681,2.19407,289581,-6025.52,-350.217,24.3227,95132.9,-4331.51,487.184,64.4556
0.128578,0,-484.434,12.3632,2.19419,289527,-6022.63,-350.277,24.3192,95227,-4330.56,487.14,64.4605
0.128588,0,-484.434,12.3584,2.19432,289473,-6019.73,-350.338,24.3157,95321.1,-4329.61,487.097,64.4653
0.128598,0,-484.434,12.3535,2.19444,289420,-6016.84,-350.398,24.3121,95415.2,-4328.66,487.054,64.4702
0.128608,0,-484.434,12.3487,2.19456,289366,-6013.95,-350.458,24.3086,95509.2,-4327.7,487.011,64.4751
0.128618,0,-484.434,12.3439,2.19469,289312,-6011.05,-350.518,24.3051,95603.2,-4326.75,486.967,64.4799
0.128628,0,-484.434,12.339,2.19481,289258,-6008.16,-350.578,24.3016,95697.1,-4325.79,486.924,64.4848
0.128638,0,-484.434,12.3342,2.19493,289205,-6005.27,-350.638,24.2981,95791,-4324.83,486.881,64.4897
0.128648,0,-484.434,12.3293,2.19506,289151,-6002.38,-350.698,24.2946,95884.8,-4323.87,486.837,64.4945
0.128658,0,-484.434,12.3245,2.19518,289097,-5999.49,-350.758,24.2911,95978.5,-4322.91,486.794,64.4994
0.128668,0,-484.434,12.3196,2.1953,289044,-5996.6,-350.818,24.2876,96072.3,-4321.95,486.751,64.5043
0.128678,0,-484.434,12.3148,2.19543,288990,-5993.71,-350.878,24.2841,96165.9,-4320.99,486.708,64.5091
0.128688,0,-484.434,12.31,2.19555,288936,-5990.82,-350.938,24.2806,96259.5,-4320.03,486.665,64.514
0.128698,0,-484.434,12.3051,2.19567,288882,-5987.93,-350.998,24.2771,96353.1,-4319.07,486.621,64.5189
0.128708,0,-484.434,12.3003,2.1958,288829,-5985.04,-351.058,24.2736,96446.6,-4318.1,486.578,64.5237
0.128718,0,-484.434,12.2954,2.19592,288775,-5982.15,-351.118,24.2701,96540.1,-4317.14,486.535,64.5286
0.128728,0,-484.434,12.2906,2.19604,288721,-5979.27,-351.177,24.2665,96633.5,-4316.17,486.492,64.5335
0.128738,0,-484.434,12.2857,2.19616,288668,-5976.38,-351.237,24.263,96726.9,-4315.21,486.449,64.5383
0.128748,0,-484.434,12.2809,2.19629,288614,-5973.49,-351.297,24.2595,96820.3,-4314.24,486.406,64.5432
0.128758,0,-484.434,12.276,2.19641,288560,-5970.61,-351.357,24.256,96913.6,-4313.27,486.362,64.5481
0.128768,0,-484.434,12.2712,2.19653,288507,-5967.72,-351.416,24.2525,97006.8,-4312.3,486.319,64.5529
0.128778,0,-484.434,12.2664,2.19666,288453,-5964.84,-351.476,24.249,97100,-4311.33,486.276,64.5578
0.128788,0,-484.434,12.2615,2.19678,288399,-5961.96,-351.536,24.2455,97193.1,-4310.36,486.233,64.5627
0.128798,0,-484.434,12.2567,2.1969,288346,-5959.07,-351.595,24.2419,97286.2,-4309.39,486.19,64.5675
0.128808,0,-484.434,12.2518,2.19702,288292,-5956.19,-351.655,24.2384,97379.2,-4308.41,486.147,64.5724
0.128818,0,-484.434,12.247,2.19715,288238,-5953.31,-351.714,24.2349,97472.2,-4307.44,486.104,64.5772
0.128828,0,-484.434,12.2421,2.19727,288185,-5950.43,-351.774,24.2314,97565.1,-4306.46,486.061,64.5821
0.128838,0,-484.434,12.2373,2.19739,288131,-5947.54,-351.833,24.2279,97658.1,-4305.49,486.018,64.587
0.128848,0,-484.434,12.2325,2.19751,288077,-5944.66,-351.893,24.2244,97750.9,-4304.51,485.975,64.5918
0.128858,0,-484.434,12.2276,2.19763,288024,-5941.78,-351.952,24.2208,97843.7,-4303.54,485.932,64.5967
0.128868,0,-484.434,12.2228,2.19776,287970,-5938.9,-352.012,24.2173,97936.5,-4302.56,485.889,64.6015
0.128878,0,-484.434,12.2179,2.19788,287916,-5936.02,-352.071,24.2138,98029.2,-4301.58,485.846,64.6064
0.128888,0,-484.434,12.2131,2.198,287863,-5933.15,-352.13,24.2103,98121.8,-4300.6,485.803,64.6113
0.128898,0,-484.434,12.2082,2.19812,287809,-5930.27,-352.19,24.2068,98214.4,-4299.61,485.76,64.6161
0.128908,0,-484.434,12.2034,2.19825,287755,-5927.39,-352.249,24.2032,98307,-4298.63,485.717,64.621
0.128918,0,-484.434,12.1985,2.19837,287702,-5924.51,-352.308,24.1997,98399.5,-4297.65,485.674,64.6258
0.128928,0,-484.434,12.1937,2.19849,287648,-5921.64,-352.367,24.1962,98491.9,-4296.66,485.631,64.6307
0.128938,0,-484.434,12.1889,2.19861,287594,-5918.76,-352.427,24.1927,98584.4,-4295.68,485.588,64.6356
0.128948,0,-484.434,12.184,2.19873,287541,-5915.89,-352.486,24.1891,98676.7,-4294.69,485.545,64.6404
0.128958,0,-484.434,12.1792,2.19885,287487,-5913.01,-352.545,24.1856,98769,-4293.7,485.502,64.6453
0.128968,0,-484.434,12.1743,2.19898,287434,-5910.14,-352.604,24.1821,98861.3,-4292.72,485.459,64.6501
0.128978,0,-484.434,12.1695,2.1991,287380,-5907.26,-352.663,24.1786,98953.5,-4291.73,485.416,64.655
0.128988,0,-484.434,12.1646,2.19922,287326,-5904.39,-352.722,24.175,99045.7,-4290.74,485.373,64.6598
0.128998,0,-484.434,12.1598,2.19934,287273,-5901.52,-352.781,24.1715,99137.8,-4289.75,485.33,64.6647
0.129008,0,-484.434,12.155,2.19946,287219,-5898.65,-352.84,24.168,99229.9,-4288.76,485.287,64.6695
0.129018,0,-484.434,12.1501,2.19958,287166,-5895.77,-352.899,24.1645,99321.9,-4287.76,485.245,64.6744
0.129028,0,-484.434,12.1453,2.19971,287112,-5892.9,-352.958,24.1609,99413.9,-4286.77,485.202,64.6792
0.129038,0,-484.434,12.1404,2.19983,287058,-5890.03,-353.017,24.1574,99505.8,-4285.77,485.159,64.6841
0.129048,0,-484.434,12.1356,2.19995,287005,-5887.16,-353.076,24.1539,99597.7,-4284.78,485.116,64.6889
0.129058,0,-484.434,12.1307,2.20007,286951,-5884.29,-353.135,24.1503,99689.5,-4283.78,485.073,64.6938
0.129068,0,-484.434,12.1259,2.20019,286898,-5881.42,-353.193,24.1468,99781.3,-4282.79,485.03,64.6986
0.129078,0,-484.434,12.121,2.20031,286844,-5878.56,-353.252,24.1433,99873.1,-4281.79,484.987,64.7035
0.129088,0,-484.434,12.1162,2.20043,286790,-5875.69,-353.311,24.1397,99964.7,-4280.79,484.945,64.7083
0.129098,0,-484.434,12.1114,2.20055,286737,-5872.82,-353.37,24.1362,100056,-4279.79,484.902,64.7132
0.129108,0,-484.434,12.1065,2.20068,286683,-5869.95,-353.428,24.1327,100148,-4278.79,484.859,64.718
0.129118,0,-484.434,12.1017,2.2008,286630,-5867.09,-353.487,24.1291,100240,-4277.79,484.816,64.7229
0.129128,0,-484.434,12.0968,2.20092,286576,-5864.22,-353.546,24.1256,100331,-4276.78,484.774,64.7277
0.129138,0,-484.434,12.092,2.20104,286523,-5861.36,-353.604,24.1221,100422,-4275.78,484.731,64.7326
0.129148,0,-484.434,12.0871,2.20116,286469,-5858.49,-353.663,24.1185,100514,-4274.78,484.688,64.7374
0.129158,0,-484.434,12.0823,2.20128,286415,-5855.63,-353.722,24.115,100605,-4273.77,484.645,64.7423
0.129168,0,-484.434,12.0775,2.2014,286362,-5852.77,-353.78,24.1115,100697,-4272.76,484.603,64.7471
0.129178,0,-484.434,12.0726,2.20152,286308,-5849.9,-353.839,24.1079,100788,-4271.76,484.56,64.752
0.129188,0,-484.434,12.0678,2.20164,286255,-5847.04,-353.897,24.1044,100879,-4270.75,484.517,64.7568
0.129198,0,-484.434,12.0629,2.20176,286201,-5844.18,-353.956,24.1008,100970,-4269.74,484.474,64.7616
0.129208,0,-484.434,12.0581,2.20188,286148,-5841.32,-354.014,24.0973,101061,-4268.73,484.432,64.7665
0.129218,0,-484.434,12.0532,2.202,286094,-5838.46,-354.072,24.0938,101152,-4267.72,484.389,64.7713
0.129228,0,-484.434,12.0484,2.20213,286041,-5835.6,-354.131,24.0902,101243,-4266.71,484.346,64.7762
0.129238,0,-484.434,12.0435,2.20225,285987,-5832.74,-354.189,24.0867,101334,-4265.69,484.304,64.781
0.129248,0,-484.434,12.0387,2.20237,285934,-5829.88,-354.247,24.0831,101425,-4264.68,484.261,64.7859
0.129258,0,-484.434,12.0339,2.20249,285880,-5827.02,-354.306,24.0796,101516,-4263.67,484.218,64.7907
0.129268,0,-484.434,12.029,2.20261,285827,-5824.16,-354.364,24.076,101607,-4262.65,484.176,64.7956
0.129278,0,-484.434,12.0242,2.20273,285773,-5821.3,-354.422,24.0725,101698,-4261.63,484.133,64.8004
0.129288,0,-484.434,12.0193,2.20285,285720,-5818.44,-354.48,24.069,101788,-4260.62,484.091,64.8052
0.129298,0,-484.434,12.0145,2.20297,285666,-5815.59,-354.538,24.0654,101879,-4259.6,484.048,64.8101
0.129308,0,-484.434,12.0096,2.20309,285613,-5812.73,-354.597,24.0619,101970,-4258.58,484.005,64.8149
0.129318,0,-484.434,12.0048,2.20321,285559,-5809.88,-354.655,24.0583,102060,-4257.56,483.963,64.8198
0.129328,0,-484.434,12,2.20333,285506,-5807.02,-354.713,24.0548,102151,-4256.54,483.92,64.8246
0.129338,0,-484.434,11.9951,2.20345,285452,-5804.17,-354.771,24.0512,102241,-4255.52,483.878,64.8294
0.129348,0,-484.434,11.9903,2.20357,285399,-5801.31,-354.829,24.0477,102332,-4254.49,483.835,64.8343
0.129358,0,-484.434,11.9854,2.20369,285345,-5798.46,-354.887,24.0441,102422,-4253.47,483.793,64.8391
0.129368,0,-484.434,11.9806,2.20381,285292,-5795.61,-354.945,24.0406,102512,-4252.44,483.75,64.8439
0.129378,0,-484.434,11.9757,2.20393,285238,-5792.76,-355.003,24.037,102603,-4251.42,483.708,64.8488
0.129388,0,-484.434,11.9709,2.20405,285185,-5789.9,-355.061,24.0335,102693,-4250.39,483.665,64.8536
0.129398,0,-484.434,11.9661,2.20417,285131,-5787.05,-355.118,24.0299,102783,-4249.37,483.623,64.8585
0.129408,0,-484.434,11.9612,2.20429,285078,-5784.2,-355.176,24.0264,102873,-4248.34,483.58,64.8633
0.129418,0,-484.434,11.9564,2.20441,285024,-5781.35,-355.234,24.0228,102963,-4247.31,483.538,64.8681
0.129428,0,-484.434,11.9515,2.20452,284971,-5778.5,-355.292,24.0193,103054,-4246.28,483.495,64.873
0.129438,0,-484.434,11.9467,2.20464,284917,-5775.65,-355.35,24.0157,103144,-4245.25,483.453,64.8778
0.129448,0,-484.434,11.9418,2.20476,284864,-5772.8,-355.408,24.0122,103234,-4244.22,483.41,64.8826
0.129458,0,-484.434,11.937,2.20488,284810,-5769.96,-355.465,24.0086,103323,-4243.18,483.368,64.8875
0.129468,0,-484.434,11.9321,2.205,284757,-5767.11,-355.523,24.0051,103413,-4242.15,483.325,64.8923
0.129478,0,-484.434,11.9273,2.20512,284704,-5764.26,-355.58,24.0015,103503,-4241.11,483.283,64.8971
0.129488,0,-484.434,11.9225,2.20524,284650,-5761.42,-355.638,23.9979,103593,-4240.08,483.241,64.902
0.129498,0,-484.434,11.9176,2.20536,284597,-5758.57,-355.696,23.9944,103683,-4239.04,483.198,64.9068
0.129508,0,-484.434,11.9128,2.20548,284543,-5755.72,-355.753,23.9908,103772,-4238.01,483.156,64.9116
0.129518,0,-484.434,11.9079,2.2056,284490,-5752.88,-355.811,23.9873,103862,-4236.97,483.113,64.9165
0.129528,0,-484.434,11.9031,2.20572,284437,-5750.04,-355.868,23.9837,103951,-4235.93,483.071,64.9213
0.129538,0,-484.434,11.8982,2.20584,284383,-5747.19,-355.926,23.9802,104041,-4234.89,483.029,64.9261
0.129548,0,-484.434,11.8934,2.20596,284330,-5744.35,-355.983,23.9766,104130,-4233.85,482.986,64.9309
0.129558,0,-484.434,11.8886,2.20607,284276,-5741.5,-356.041,23.973,104220,-4232.81,482.944,64.9358
0.129568,0,-484.434,11.8837,2.20619,284223,-5738.66,-356.098,23.9695,104309,-4231.77,482.902,64.9406
0.129578,0,-484.434,11.8789,2.20631,284170,-5735.82,-356.155,23.9659,104399,-4230.72,482.86,64.9454
0.129588,0,-484.434,11.874,2.20643,284116,-5732.98,-356.213,23.9623,104488,-4229.68,482.817,64.9503
0.129598,0,-484.434,11.8692,2.20655,284063,-5730.14,-356.27,23.9588,104577,-4228.63,482.775,64.9551
0.129608,0,-484.434,11.8643,2.20667,284009,-5727.3,-356.327,23.9552,104666,-4227.59,482.733,64.9599
0.129618,0,-484.434,11.8595,2.20679,283956,-5724.46,-356.385,23.9517,104756,-4226.54,482.69,64.9648
0.129628,0,-484.434,11.8546,2.20691,283903,-5721.62,-356.442,23.9481,104845,-4225.49,482.648,64.9696
0.129638,0,-484.434,11.8498,2.20702,283849,-5718.78,-356.499,23.9445,104934,-4224.44,482.606,64.9744
0.129648,0,-484.434,11.845,2.20714,283796,-5715.95,-356.556,23.941,105023,-4223.39,482.564,64.9792
0.129658,0,-484.434,11.8401,2.20726,283743,-5713.11,-356.613,23.9374,105112,-4222.34,482.521,64.9841
0.129668,0,-484.434,11.8353,2.20738,283689,-5710.27,-356.671,23.9338,105201,-4221.29,482.479,64.9889
0.129678,0,-484.434,11.8304,2.2075,283636,-5707.44,-356.728,23.9303,105289,-4220.24,482.437,64.9937
0.129688,0,-484.434,11.8256,2.20762,283583,-5704.6,-356.785,23.9267,105378,-4219.19,482.395,64.9985
0.129698,0,-484.434,11.8207,2.20773,283529,-5701.77,-356.842,23.9231,105467,-4218.13,482.353,65.0033
0.129708,0,-484.434,11.8159,2.20785,283476,-5698.93,-356.899,23.9196,105556,-4217.08,482.31,65.0082
0.129718,0,-484.434,11.8111,2.20797,283423,-5696.1,-356.956,23.916,105644,-4216.02,482.268,65.013
0.129728,0,-484.434,11.8062,2.20809,283369,-5693.26,-357.013,23.9124,105733,-4214.96,482.226,65.0178
0.129738,0,-484.434,11.8014,2.20821,283316,-5690.43,-357.069,23.9089,105822,-4213.91,482.184,65.0226
0.129748,0,-484.434,11.7965,2.20832,283263,-5687.6,-357.126,23.9053,105910,-4212.85,482.142,65.0275
0.129758,0,-484.434,11.7917,2.20844,283209,-5684.77,-357.183,23.9017,105999,-4211.79,482.1,65.0323
0.129768,0,-484.434,11.7868,2.20856,283156,-5681.93,-357.24,23.8981,106087,-4210.73,482.058,65.0371
0.129778,0,-484.434,11.782,2.20868,283103,-5679.1,-357.297,23.8946,106175,-4209.67,482.016,65.0419
0.129788,0,-484.434,11.7771,2.2088,283050,-5676.27,-357.354,23.891,106264,-4208.6,481.974,65.0467
0.129798,0,-484.434,11.7723,2.20891,282996,-5673.44,-357.41,23.8874,106352,-4207.54,481.931,65.0516
0.129808,0,-484.434,11.7675,2.20903,282943,-5670.61,-357.467,23.8838,106440,-4206.48,481.889,65.0564
0.129818,0,-484.434,11.7626,2.20915,282890,-5667.78,-357.524,23.8803,106529,-4205.41,481.847,65.0612
0.129828,0,-484.434,11.7578,2.20927,282836,-5664.96,-357.58,23.8767,106617,-4204.35,481.805,65.066
0.129838,0,-484.434,11.7529,2.20938,282783,-5662.13,-357.637,23.8731,106705,-4203.28,481.763,65.0708
0.129848,0,-484.434,11.7481,2.2095,282730,-5659.3,-357.694,23.8695,106793,-4202.21,481.721,65.0757
0.129858,0,-484.434,11.7432,2.20962,282677,-5656.47,-357.75,23.866,106881,-4201.15,481.679,65.0805
0.129868,0,-484.434,11.7384,2.20974,282623,-5653.65,-357.807,23.8624,106969,-4200.08,481.637,65.0853
0.129878,0,-484.434,11.7336,2.20985,282570,-5650.82,-357.863,23.8588,107057,-4199.01,481.595,65.0901
0.129888,0,-484.434,11.7287,2.20997,282517,-5648,-357.92,23.8552,107145,-4197.94,481.553,65.0949
0.129898,0,-484.434,11.7239,2.21009,282464,-5645.17,-357.976,23.8516,107232,-4196.86,481.511,65.0997
0.129908,0,-484.434,11.719,2.2102,282411,-5642.35,-358.033,23.8481,107320,-4195.79,481.469,65.1045
0.129918,0,-484.434,11.7142,2.21032,282357,-5639.53,-358.089,23.8445,107408,-4194.72,481.427,65.1094
0.129928,0,-484.434,11.7093,2.21044,282304,-5636.7,-358.145,23.8409,107496,-4193.64,481.385,65.1142
0.129938,0,-484.434,11.7045,2.21056,282251,-5633.88,-358.202,23.8373,107583,-4192.57,481.343,65.119
0.129948,0,-484.434,11.6996,2.21067,282198,-5631.06,-358.258,23.8337,107671,-4191.49,481.302,65.1238
0.129958,0,-484.434,11.6948,2.21079,282144,-5628.24,-358.314,23.8302,107758,-4190.42,481.26,65.1286
0.129968,0,-484.434,11.69,2.21091,282091,-5625.42,-358.371,23.8266,107846,-4189.34,481.218,65.1334
0.129978,0,-484.434,11.6851,2.21102,282038,-5622.6,-358.427,23.823,107933,-4188.26,481.176,65.1382
0.129988,0,-484.434,11.6803,2.21114,281985,-5619.78,-358.483,23.8194,108021,-4187.18,481.134,65.1431
0.129998,0,-484.434,11.6754,2.21126,281932,-5616.96,-358.539,23.8158,108108,-4186.1,481.092,65.1479
0.130008,0,-484.434,11.6706,2.21137,281879,-5614.14,-358.595,23.8122,108195,-4185.02,481.05,65.1527
0.130018,0,-484.434,11.6657,2.21149,281825,-5611.32,-358.651,23.8087,108283,-4183.93,481.008,65.1575
0.130028,0,-484.434,11.6609,2.21161,281772,-5608.5,-358.708,23.8051,108370,-4182.85,480.967,65.1623
0.130038,0,-484.434,11.6561,2.21172,281719,-5605.69,-358.764,23.8015,108457,-4181.77,480.925,65.1671
0.130048,0,-484.434,11.6512,2.21184,281666,-5602.87,-358.82,23.7979,108544,-4180.68,480.883,65.1719
0.130058,0,-484.434,11.6464,2.21196,281613,-5600.05,-358.876,23.7943,108631,-4179.6,480.841,65.1767
0.130068,0,-484.434,11.6415,2.21207,281560,-5597.24,-358.932,23.7907,108718,-4178.51,480.799,65.1815
0.130078,0,-484.434,11.6367,2.21219,281507,-5594.42,-358.988,23.7871,108805,-4177.42,480.758,65.1863
0.130088,0,-484.434,11.6318,2.21231,281453,-5591.61,-359.044,23.7835,108892,-4176.34,480.716,65.1911
0.130098,0,-484.434,11.627,2.21242,281400,-5588.79,-359.099,23.7799,108979,-4175.25,480.674,65.1959
0.130108,0,-484.434,11.6221,2.21254,281347,-5585.98,-359.155,23.7763,109066,-4174.16,480.632,65.2008
0.130118,0,-484.434,11.6173,2.21265,281294,-5583.17,-359.211,23.7728,109153,-4173.06,480.591,65.2056
0.130128,0,-484.434,11.6125,2.21277,281241,-5580.36,-359.267,23.7692,109239,-4171.97,480.549,65.2104
0.130138,0,-484.434,11.6076,2.21289,281188,-5577.54,-359.323,23.7656,109326,-4170.88,480.507,65.2152
0.130148,0,-484.434,11.6028,2.213,281135,-5574.73,-359.378,23.762,109413,-4169.79,480.466,65.22
0.130158,0,-484.434,11.5979,2.21312,281082,-5571.92,-359.434,23.7584,109499,-4168.69,480.424,65.2248
0.130168,0,-484.434,11.5931,2.21324,281029,-5569.11,-359.49,23.7548,109586,-4167.6,480.382,65.2296
0.130178,0,-484.434,11.5882,2.21335,280976,-5566.3,-359.546,23.7512,109672,-4166.5,480.341,65.2344
0.130188,0,-484.434,11.5834,2.21347,280922,-5563.49,-359.601,23.7476,109759,-4165.4,480.299,65.2392
0.130198,0,-484.434,11.5786,2.21358,280869,-5560.68,-359.657,23.744,109845,-4164.31,480.257,65.244
0.130208,0,-484.434,11.5737,2.2137,280816,-5557.88,-359.712,23.7404,109932,-4163.21,480.216,65.2488
0.130218,0,-484.434,11.5689,2.21381,280763,-5555.07,-359.768,23.7368,110018,-4162.11,480.174,65.2536
0.130228,0,-484.434,11.564,2.21393,280710,-5552.26,-359.823,23.7332,110104,-4161.01,480.132,65.2584
0.130238,0,-484.434,11.5592,2.21405,280657,-5549.46,-359.879,23.7296,110190,-4159.91,480.091,65.2632
0.130248,0,-484.434,11.5543,2.21416,280604,-5546.65,-359.934,23.726,110277,-4158.8,480.049,65.268
0.130258,0,-484.434,11.5495,2.21428,280551,-5543.84,-359.99,23.7224,110363,-4157.7,480.008,65.2728
0.130268,0,-484.434,11.5446,2.21439,280498,-5541.04,-360.045,23.7188,110449,-4156.6,479.966,65.2776
0.130277,0,-484.434,11.5398,2.21451,280445,-5538.23,-360.101,23.7152,110535,-4155.49,479.924,65.2824
0.130287,0,-484.434,11.535,2.21462,280392,-5535.43,-360.156,23.7116,110621,-4154.39,479.883,65.2872
0.130297,0,-484.434,11.5301,2.21474,280339,-5532.63,-360.211,23.708,110707,-4153.28,479.841,65.292
0.130307,0,-484.434,11.5253,2.21485,280286,-5529.82,-360.267,23.7044,110793,-4152.17,479.8,65.2968
0.130317,0,-484.434,11.5204,2.21497,280233,-5527.02,-360.322,23.7008,110878,-4151.06,479.758,65.3016
0.130327,0,-484.434,11.5156,2.21508,280180,-5524.22,-360.377,23.6972,110964,-4149.96,479.717,65.3064
0.130337,0,-484.434,11.5107,2.2152,280127,-5521.42,-360.432,23.6936,111050,-4148.84,479.675,65.3112
0.130347,0,-484.434,11.5059,2.21531,280074,-5518.62,-360.488,23.69,111136,-4147.73,479.634,65.316
0.130357,0,-484.434,11.5011,2.21543,280021,-5515.82,-360.543,23.6864,111221,-4146.62,479.592,65.3208
0.130367,0,-484.434,11.4962,2.21554,279968,-5513.02,-360.598,23.6828,111307,-4145.51,479.551,65.3256
0.130377,0,-484.434,11.4914,2.21566,279915,-5510.22,-360.653,23.6792,111393,-4144.4,479.51,65.3304
0.130387,0,-484.434,11.4865,2.21577,279862,-5507.42,-360.708,23.6756,111478,-4143.28,479.468,65.3352
0.130397,0,-484.434,11.4817,2.21589,279809,-5504.62,-360.763,23.672,111564,-4142.17,479.427,65.34
0.130407,0,-484.434,11.4768,2.216,279757,-5501.83,-360.818,23.6684,111649,-4141.05,479.385,65.3448
0.130417,0,-484.434,11.472,2.21612,279704,-5499.03,-360.873,23.6647,111734,-4139.93,479.344,65.3496
0.130427,0,-484.434,11.4671,2.21623,279651,-5496.23,-360.928,23.6611,111820,-4138.82,479.302,65.3543
0.130437,0,-484.434,11.4623,2.21635,279598,-5493.44,-360.983,23.6575,111905,-4137.7,479.261,65.3591
0.130447,0,-484.434,11.4575,2.21646,279545,-5490.64,-361.038,23.6539,111990,-4136.58,479.22,65.3639
0.130457,0,-484.434,11.4526,2.21658,279492,-5487.85,-361.093,23.6503,112075,-4135.46,479.178,65.3687
0.130467,0,-484.434,11.4478,2.21669,279439,-5485.05,-361.148,23.6467,112161,-4134.34,479.137,65.3735
0.130477,0,-484.434,11.4429,2.21681,279386,-5482.26,-361.203,23.6431,112246,-4133.22,479.096,65.3783
0.130487,0,-484.434,11.4381,2.21692,279333,-5479.47,-361.257,23.6395,112331,-4132.09,479.054,65.3831
0.130497,0,-484.434,11.4332,2.21703,279280,-5476.67,-361.312,23.6359,112416,-4130.97,479.013,65.3879
0.130507,0,-484.434,11.4284,2.21715,279228,-5473.88,-361.367,23.6322,112501,-4129.85,478.972,65.3927
0.130517,0,-484.434,11.4236,2.21726,279175,-5471.09,-361.422,23.6286,112586,-4128.72,478.93,65.3975
0.130527,0,-484.434,11.4187,2.21738,279122,-5468.3,-361.476,23.625,112670,-4127.59,478.889,65.4023
0.130537,0,-484.434,11.4139,2.21749,279069,-5465.51,-361.531,23.6214,112755,-4126.47,478.848,65.4071
0.130547,0,-484.434,11.409,2.2176,279016,-5462.72,-361.586,23.6178,112840,-4125.34,478.807,65.4118
0.130557,0,-484.434,11.4042,2.21772,278963,-5459.93,-361.64,23.6142,112925,-4124.21,478.765,65.4166
0.130567,0,-484.434,11.3993,2.21783,278911,-5457.14,-361.695,23.6106,113009,-4123.08,478.724,65.4214
0.130577,0,-484.434,11.3945,2.21795,278858,-5454.35,-361.749,23.6069,113094,-4121.95,478.683,65.4262
0.130587,0,-484.434,11.3897,2.21806,278805,-5451.56,-361.804,23.6033,113179,-4120.82,478.642,65.431
0.130597,0,-484.434,11.3848,2.21817,278752,-5448.77,-361.858,23.5997,113263,-4119.69,478.601,65.4358
0.130607,0,-484.434,11.38,2.21829,278699,-5445.99,-361.913,23.5961,113348,-4118.55,478.559,65.4406
0.130617,0,-484.434,11.3751,2.2184,278646,-5443.2,-361.967,23.5925,113432,-4117.42,478.518,65.4453
0.130627,0,-484.434,11.3703,2.21852,278594,-5440.42,-362.022,23.5888,113516,-4116.29,478.477,65.4501
0.130637,0,-484.434,11.3654,2.21863,278541,-5437.63,-362.076,23.5852,113601,-4115.15,478.436,65.4549
0.130647,0,-484.434,11.3606,2.21874,278488,-5434.85,-362.13,23.5816,113685,-4114.02,478.395,65.4597
0.130657,0,-484.434,11.3557,2.21886,278435,-5432.06,-362.185,23.578,113769,-4112.88,478.354,65.4645
0.130667,0,-484.434,11.3509,2.21897,278383,-5429.28,-362.239,23.5744,113854,-4111.74,478.313,65.4693
0.130677,0,-484.434,11.3461,2.21908,278330,-5426.49,-362.293,23.5707,113938,-4110.6,478.271,65.474
0.130687,0,-484.434,11.3412,2.2192,278277,-5423.71,-362.348,23.5671,114022,-4109.46,478.23,65.4788
0.130697,0,-484.434,11.3364,2.21931,278224,-5420.93,-362.402,23.5635,114106,-4108.32,478.189,65.4836
0.130707,0,-484.434,11.3315,2.21942,278172,-5418.15,-362.456,23.5599,114190,-4107.18,478.148,65.4884
0.130717,0,-484.434,11.3267,2.21954,278119,-5415.37,-362.51,23.5562,114274,-4106.04,478.107,65.4932
0.130727,0,-484.434,11.3218,2.21965,278066,-5412.59,-362.564,23.5526,114358,-4104.89,478.066,65.498
0.130737,0,-484.434,11.317,2.21976,278014,-5409.81,-362.618,23.549,114442,-4103.75,478.025,65.5027
0.130747,0,-484.434,11.3122,2.21988,277961,-5407.03,-362.672,23.5454,114526,-4102.61,477.984,65.5075
0.130757,0,-484.434,11.3073,2.21999,277908,-5404.25,-362.726,23.5417,114609,-4101.46,477.943,65.5123
0.130767,0,-484.434,11.3025,2.2201,277855,-5401.47,-362.78,23.5381,114693,-4100.31,477.902,65.5171
0.130777,0,-484.434,11.2976,2.22022,277803,-5398.69,-362.835,23.5345,114777,-4099.17,477.861,65.5219
0.130787,0,-484.434,11.2928,2.22033,277750,-5395.91,-362.888,23.5308,114861,-4098.02,477.82,65.5266
0.130797,0,-484.434,11.2879,2.22044,277697,-5393.14,-362.942,23.5272,114944,-4096.87,477.779,65.5314
0.130807,0,-484.434,11.2831,2.22055,277645,-5390.36,-362.996,23.5236,115028,-4095.72,477.738,65.5362
0.130817,0,-484.434,11.2782,2.22067,277592,-5387.58,-363.05,23.52,115111,-4094.57,477.697,65.541
0.130827,0,-484.434,11.2734,2.22078,277540,-5384.81,-363.104,23.5163,115195,-4093.42,477.656,65.5457
0.130837,0,-484.434,11.2686,2.22089,277487,-5382.04,-363.158,23.5127,115278,-4092.27,477.615,65.5505
0.130847,0,-484.434,11.2637,2.22101,277434,-5379.26,-363.212,23.5091,115362,-4091.11,477.574,65.5553
0.130857,0,-484.434,11.2589,2.22112,277382,-5376.49,-363.265,23.5054,115445,-4089.96,477.533,65.5601
0.130867,0,-484.434,11.254,2.22123,277329,-5373.71,-363.319,23.5018,115528,-4088.8,477.493,65.5648
0.130877,0,-484.434,11.2492,2.22134,277276,-5370.94,-363.373,23.4982,115611,-4087.65,477.452,65.5696
0.130887,0,-484.434,11.2443,2.22146,277224,-5368.17,-363.427,23.4945,115695,-4086.49,477.411,65.5744
0.130897,0,-484.434,11.2395,2.22157,277171,-5365.4,-363.48,23.4909,115778,-4085.33,477.37,65.5792
0.130907,0,-484.434,11.2347,2.22168,277119,-5362.63,-363.534,23.4873,115861,-4084.18,477.329,65.5839
0.130917,0,-484.434,11.2298,2.22179,277066,-5359.86,-363.587,23.4836,115944,-4083.02,477.288,65.5887
0.130927,0,-484.434,11.225,2.2219,277013,-5357.09,-363.641,23.48,116027,-4081.86,477.247,65.5935
0.130937,0,-484.434,11.2201,2.22202,276961,-5354.32,-363.695,23.4764,116110,-4080.7,477.207,65.5983
0.130947,0,-484.434,11.2153,2.22213,276908,-5351.55,-363.748,23.4727,116193,-4079.54,477.166,65.603
0.130957,0,-484.434,11.2104,2.22224,276856,-5348.78,-363.802,23.4691,116276,-4078.37,477.125,65.6078
0.130967,0,-484.434,11.2056,2.22235,276803,-5346.01,-363.855,23.4654,116358,-4077.21,477.084,65.6126
0.130977,0,-484.434,11.2007,2.22247,276751,-5343.24,-363.909,23.4618,116441,-4076.05,477.044,65.6173
0.130987,0,-484.434,11.1959,2.22258,276698,-5340.48,-363.962,23.4582,116524,-4074.88,477.003,65.6221
0.130997,0,-484.434,11.1911,2.22269,276646,-5337.71,-364.015,23.4545,116607,-4073.72,476.962,65.6269
0.131007,0,-484.434,11.1862,2.2228,276593,-5334.94,-364.069,23.4509,116689,-4072.55,476.921,65.6317
0.131017,0,-484.434,11.1814,2.22291,276541,-5332.18,-364.122,23.4472,116772,-4071.38,476.881,65.6364
0.131027,0,-484.434,11.1765,2.22302,276488,-5329.41,-364.175,23.4436,116854,-4070.22,476.84,65.6412
0.131037,0,-484.434,11.1717,2.22314,276436,-5326.65,-364.229,23.44,116937,-4069.05,476.799,65.646
0.131047,0,-484.434,11.1668,2.22325,276383,-5323.89,-364.282,23.4363,117019,-4067.88,476.759,65.6507
0.131057,0,-484.434,11.162,2.22336,276331,-5321.12,-364.335,23.4327,117102,-4066.71,476.718,65.6555
0.131067,0,-484.434,11.1572,2.22347,276278,-5318.36,-364.388,23.429,117184,-4065.54,476.677,65.6603
0.131077,0,-484.434,11.1523,2.22358,276226,-5315.6,-364.441,23.4254,117266,-4064.36,476.637,65.665
0.131087,0,-484.434,11.1475,2.22369,276173,-5312.84,-364.495,23.4217,117349,-4063.19,476.596,65.6698
0.131097,0,-484.434,11.1426,2.22381,276121,-5310.08,-364.548,23.4181,117431,-4062.02,476.555,65.6746
0.131107,0,-484.434,11.1378,2.22392,276069,-5307.31,-364.601,23.4144,117513,-4060.84,476.515,65.6793
0.131117,0,-484.434,11.1329,2.22403,276016,-5304.56,-364.654,23.4108,117595,-4059.67,476.474,65.6841
0.131127,0,-484.434,11.1281,2.22414,275964,-5301.8,-364.707,23.4072,117677,-4058.49,476.434,65.6889
0.131137,0,-484.434,11.1232,2.22425,275911,-5299.04,-364.76,23.4035,117759,-4057.31,476.393,65.6936
0.131147,0,-484.434,11.1184,2.22436,275859,-5296.28,-364.813,23.3999,117841,-4056.14,476.352,65.6984
0.131157,0,-484.434,11.1136,2.22447,275806,-5293.52,-364.866,23.3962,117923,-4054.96,476.312,65.7031
0.131167,0,-484.434,11.1087,2.22458,275754,-5290.76,-364.919,23.3926,118005,-4053.78,476.271,65.7079
0.131177,0,-484.434,11.1039,2.2247,275702,-5288.01,-364.971,23.3889,118087,-4052.6,476.231,65.7127
0.131187,0,-484.434,11.099,2.22481,275649,-5285.25,-365.024,23.3853,118169,-4051.42,476.19,65.7174
0.131197,0,-484.434,11.0942,2.22492,275597,-5282.49,-365.077,23.3816,118251,-4050.23,476.15,65.7222
0.131207,0,-484.434,11.0893,2.22503,275545,-5279.74,-365.13,23.378,118332,-4049.05,476.109,65.727
0.131217,0,-484.434,11.0845,2.22514,275492,-5276.98,-365.183,23.3743,118414,-4047.87,476.069,65.7317
0.131227,0,-484.434,11.0797,2.22525,275440,-5274.23,-365.236,23.3707,118496,-4046.68,476.028,65.7365
0.131237,0,-484.434,11.0748,2.22536,275388,-5271.48,-365.288,23.367,118577,-4045.5,475.988,65.7412
0.131247,0,-484.434,11.07,2.22547,275335,-5268.72,-365.341,23.3634,118659,-4044.31,475.947,65.746
0.131257,0,-484.434,11.0651,2.22558,275283,-5265.97,-365.394,23.3597,118740,-4043.13,475.907,65.7508
0.131267,0,-484.434,11.0603,2.22569,275231,-5263.22,-365.446,23.356,118822,-4041.94,475.867,65.7555
0.131277,0,-484.434,11.0554,2.2258,275178,-5260.47,-365.499,23.3524,118903,-4040.75,475.826,65.7603
0.131287,0,-484.434,11.0506,2.22591,275126,-5257.71,-365.552,23.3487,118985,-4039.56,475.786,65.765
0.131297,0,-484.434,11.0457,2.22602,275074,-5254.96,-365.604,23.3451,119066,-4038.37,475.745,65.7698
0.131307,0,-484.434,11.0409,2.22613,275022,-5252.21,-365.657,23.3414,119147,-4037.18,475.705,65.7746
0.131317,0,-484.434,11.0361,2.22625,274969,-5249.46,-365.709,23.3378,119228,-4035.99,475.665,65.7793
0.131327,0,-484.434,11.0312,2.22636,274917,-5246.71,-365.762,23.3341,119310,-4034.8,475.624,65.7841
0.131337,0,-484.434,11.0264,2.22647,274865,-5243.97,-365.814,23.3305,119391,-4033.6,475.584,65.7888
0.131347,0,-484.434,11.0215,2.22658,274813,-5241.22,-365.866,23.3268,119472,-4032.41,475.544,65.7936
0.131357,0,-484.434,11.0167,2.22669,274760,-5238.47,-365.919,23.3231,119553,-4031.21,475.503,65.7983
0.131367,0,-484.434,11.0118,2.2268,274708,-5235.72,-365.971,23.3195,119634,-4030.02,475.463,65.8031
0.131377,0,-484.434,11.007,2.22691,274656,-5232.98,-366.023,23.3158,119715,-4028.82,475.423,65.8078
0.131387,0,-484.434,11.0022,2.22702,274604,-5230.23,-366.076,23.3122,119796,-4027.62,475.382,65.8126
0.131397,0,-484.434,10.9973,2.22713,274552,-5227.49,-366.128,23.3085,119876,-4026.42,475.342,65.8173
0.131407,0,-484.434,10.9925,2.22724,274499,-5224.74,-366.18,23.3048,119957,-4025.23,475.302,65.8221
0.131417,0,-484.434,10.9876,2.22735,274447,-5222,-366.233,23.3012,120038,-4024.03,475.262,65.8268
0.131427,0,-484.434,10.9828,2.22746,274395,-5219.25,-366.285,23.2975,120119,-4022.83,475.221,65.8316
0.131437,0,-484.434,10.9779,2.22757,274343,-5216.51,-366.337,23.2938,120199,-4021.62,475.181,65.8363
0.131447,0,-484.434,10.9731,2.22768,274291,-5213.77,-366.389,23.2902,120280,-4020.42,475.141,65.8411
0.131457,0,-484.434,10.9682,2.22779,274239,-5211.02,-366.441,23.2865,120361,-4019.22,475.101,65.8459
0.131467,0,-484.434,10.9634,2.22789,274187,-5208.28,-366.493,23.2829,120441,-4018.01,475.061,65.8506
0.131477,0,-484.434,10.9586,2.228,274134,-5205.54,-366.545,23.2792,120522,-4016.81,475.021,65.8554
0.131487,0,-484.434,10.9537,2.22811,274082,-5202.8,-366.597,23.2755,120602,-4015.6,474.98,65.8601
0.131497,0,-484.434,10.9489,2.22822,274030,-5200.06,-366.649,23.2719,120683,-4014.4,474.94,65.8649
0.131507,0,-484.434,10.944,2.22833,273978,-5197.32,-366.701,23.2682,120763,-4013.19,474.9,65.8696
0.131517,0,-484.434,10.9392,2.22844,273926,-5194.58,-366.753,23.2645,120843,-4011.98,474.86,65.8744
0.131527,0,-484.434,10.9343,2.22855,273874,-5191.84,-366.805,23.2609,120923,-4010.77,474.82,65.8791
0.131537,0,-484.434,10.9295,2.22866,273822,-5189.1,-366.857,23.2572,121004,-4009.56,474.78,65.8839
0.131547,0,-484.434,10.9247,2.22877,273770,-5186.37,-366.909,23.2535,121084,-4008.35,474.74,65.8886
0.131557,0,-484.434,10.9198,2.22888,273718,-5183.63,-366.961,23.2498,121164,-4007.14,474.7,65.8933
0.131567,0,-484.434,10.915,2.22899,273666,-5180.89,-367.013,23.2462,121244,-4005.93,474.66,65.8981
0.131577,0,-484.434,10.9101,2.2291,273614,-5178.16,-367.065,23.2425,121324,-4004.72,474.619,65.9028
0.131587,0,-484.434,10.9053,2.22921,273562,-5175.42,-367.116,23.2388,121404,-4003.51,474.579,65.9076
0.131597,0,-484.434,10.9004,2.22932,273510,-5172.69,-367.168,23.2352,121484,-4002.29,474.539,65.9123
0.131607,0,-484.434,10.8956,2.22942,273458,-5169.95,-367.22,23.2315,121564,-4001.08,474.499,65.9171
0.131617,0,-484.434,10.8907,2.22953,273406,-5167.22,-367.271,23.2278,121644,-3999.86,474.459,65.9218
0.131627,0,-484.434,10.8859,2.22964,273354,-5164.49,-367.323,23.2241,121724,-3998.64,474.419,65.9266
0.131637,0,-484.434,10.8811,2.22975,273302,-5161.75,-367.375,23.2205,121803,-3997.43,474.379,65.9313
0.131647,0,-484.434,10.8762,2.22986,273250,-5159.02,-367.426,23.2168,121883,-3996.21,474.339,65.9361
0.131657,0,-484.434,10.8714,2.22997,273198,-5156.29,-367.478,23.2131,121963,-3994.99,474.3,65.9408
0.131667,0,-484.434,10.8665,2.23008,273146,-5153.56,-367.529,23.2094,122042,-3993.77,474.26,65.9455
0.131677,0,-484.434,10.8617,2.23019,273094,-5150.83,-367.581,23.2058,122122,-3992.55,474.22,65.9503
0.131687,0,-484.434,10.8568,2.23029,273042,-5148.1,-367.632,23.2021,122201,-3991.33,474.18,65.955
0.131697,0,-484.434,10.852,2.2304,272990,-5145.37,-367.684,23.1984,122281,-3990.1,474.14,65.9598
0.131707,0,-484.434,10.8472,2.23051,272938,-5142.64,-367.735,23.1947,122360,-3988.88,474.1,65.9645
0.131717,0,-484.434,10.8423,2.23062,272886,-5139.91,-367.787,23.1911,122440,-3987.66,474.06,65.9692
0.131727,0,-484.434,10.8375,2.23073,272834,-5137.18,-367.838,23.1874,122519,-3986.43,474.02,65.974
0.131737,0,-484.434,10.8326,2.23084,272782,-5134.45,-367.889,23.1837,122598,-3985.21,473.98,65.9787
0.131747,0,-484.434,10.8278,2.23095,272730,-5131.73,-367.941,23.18,122678,-3983.98,473.941,65.9835
0.131757,0,-484.434,10.8229,2.23105,272679,-5129,-367.992,23.1763,122757,-3982.75,473.901,65.9882
0.131767,0,-484.434,10.8181,2.23116,272627,-5126.27,-368.043,23.1727,122836,-3981.53,473.861,65.9929
0.131777,0,-484.434,10.8132,2.23127,272575,-5123.55,-368.095,23.169,122915,-3980.3,473.821,65.9977
0.131787,0,-484.434,10.8084,2.23138,272523,-5120.82,-368.146,23.1653,122994,-3979.07,473.781,66.0024
0.131797,0,-484.434,10.8036,2.23149,272471,-5118.1,-368.197,23.1616,123073,-3977.84,473.742,66.0071
0.131807,0,-484.434,10.7987,2.23159,272419,-5115.37,-368.248,23.1579,123152,-3976.61,473.702,66.0119
0.131817,0,-484.434,10.7939,2.2317,272368,-5112.65,-368.299,23.1543,123231,-3975.38,473.662,66.0166
0.131827,0,-484.434,10.789,2.23181,272316,-5109.93,-368.35,23.1506,123310,-3974.14,473.622,66.0214
0.131837,0,-484.434,10.7842,2.23192,272264,-5107.2,-368.401,23.1469,123389,-3972.91,473.583,66.0261
0.131847,0,-484.434,10.7793,2.23203,272212,-5104.48,-368.452,23.1432,123468,-3971.68,473.543,66.0308
0.131857,0,-484.434,10.7745,2.23213,272160,-5101.76,-368.503,23.1395,123547,-3970.44,473.503,66.0356
0.131867,0,-484.434,10.7697,2.23224,272109,-5099.04,-368.554,23.1358,123625,-3969.21,473.463,66.0403
0.131877,0,-484.434,10.7648,2.23235,272057,-5096.32,-368.605,23.1322,123704,-3967.97,473.424,66.0451
0.131887,0,-484.434,10.76,2.23246,272005,-5093.6,-368.656,23.1285,123783,-3966.73,473.384,66.0498
0.131897,0,-484.434,10.7551,2.23256,271953,-5090.88,-368.707,23.1248,123861,-3965.49,473.344,66.0545
0.131907,0,-484.434,10.7503,2.23267,271902,-5088.16,-368.758,23.1211,123940,-3964.25,473.305,66.0592
0.131917,0,-484.434,10.7454,2.23278,271850,-5085.44,-368.809,23.1174,124018,-3963.01,473.265,66.064
0.131927,0,-484.434,10.7406,2.23289,271798,-5082.72,-368.86,23.1137,124097,-3961.77,473.226,66.0687
0.131937,0,-484.434,10.7358,2.23299,271746,-5080.01,-368.911,23.11,124175,-3960.53,473.186,66.0734
0.131947,0,-484.434,10.7309,2.2331,271695,-5077.29,-368.961,23.1063,124253,-3959.29,473.146,66.0782
0.131957,0,-484.434,10.7261,2.23321,271643,-5074.57,-369.012,23.1026,124332,-3958.05,473.107,66.0829
0.131967,0,-484.434,10.7212,2.23332,271591,-5071.86,-369.063,23.099,124410,-3956.8,473.067,66.0876
0.131977,0,-484.434,10.7164,2.23342,271540,-5069.14,-369.114,23.0953,124488,-3955.56,473.028,66.0924
0.131987,0,-484.434,10.7115,2.23353,271488,-5066.43,-369.164,23.0916,124566,-3954.32,472.988,66.0971
0.131997,0,-484.434,10.7067,2.23364,271436,-5063.71,-369.215,23.0879,124645,-3953.07,472.949,66.1018
0.132007,0,-484.434,10.7018,2.23374,271385,-5061,-369.266,23.0842,124723,-3951.82,472.909,66.1065
0.132017,0,-484.434,10.697,2.23385,271333,-5058.29,-369.316,23.0805,124801,-3950.58,472.87,66.1113
0.132027,0,-484.434,10.6922,2.23396,271282,-5055.57,-369.367,23.0768,124879,-3949.33,472.83,66.116
0.132037,0,-484.434,10.6873,2.23406,271230,-5052.86,-369.417,23.0731,124957,-3948.08,472.791,66.1207
0.132047,0,-484.434,10.6825,2.23417,271178,-5050.15,-369.468,23.0694,125035,-3946.83,472.751,66.1255
0.132057,0,-484.434,10.6776,2.23428,271127,-5047.44,-369.518,23.0657,125112,-3945.58,472.712,66.1302
0.132067,0,-484.434,10.6728,2.23438,271075,-5044.73,-369.569,23.062,125190,-3944.33,472.672,66.1349
0.132077,0,-484.434,10.6679,2.23449,271024,-5042.02,-369.619,23.0583,125268,-3943.07,472.633,66.1397
0.132087,0,-484.434,10.6631,2.2346,270972,-5039.31,-369.669,23.0546,125346,-3941.82,472.593,66.1444
0.132097,0,-484.434,10.6583,2.2347,270921,-5036.6,-369.72,23.0509,125423,-3940.57,472.554,66.1491
0.132107,0,-484.434,10.6534,2.23481,270869,-5033.89,-369.77,23.0472,125501,-3939.31,472.515,66.1538
0.132117,0,-484.434,10.6486,2.23492,270818,-5031.18,-369.821,23.0435,125579,-3938.06,472.475,66.1585
0.132127,0,-484.434,10.6437,2.23502,270766,-5028.47,-369.871,23.0398,125656,-3936.8,472.436,66.1633
0.132137,0,-484.434,10.6389,2.23513,270714,-5025.77,-369.921,23.0361,125734,-3935.55,472.396,66.168
0.132147,0,-484.434,10.634,2.23524,270663,-5023.06,-369.971,23.0324,125811,-3934.29,472.357,66.1727
0.132157,0,-484.434,10.6292,2.23534,270612,-5020.35,-370.021,23.0287,125889,-3933.03,472.318,66.1774
0.132167,0,-484.434,10.6243,2.23545,270560,-5017.65,-370.072,23.025,125966,-3931.77,472.278,66.1822
0.132177,0,-484.434,10.6195,2.23556,270509,-5014.94,-370.122,23.0213,126043,-3930.51,472.239,66.1869
0.132187,0,-484.434,10.6147,2.23566,270457,-5012.24,-370.172,23.0176,126121,-3929.25,472.2,66.1916
0.132197,0,-484.434,10.6098,2.23577,270406,-5009.54,-370.222,23.0139,126198,-3927.99,472.161,66.1963
0.132207,0,-484.434,10.605,2.23587,270354,-5006.83,-370.272,23.0102,126275,-3926.73,472.121,66.201
0.132217,0,-484.434,10.6001,2.23598,270303,-5004.13,-370.322,23.0065,126352,-3925.46,472.082,66.2058
0.132227,0,-484.434,10.5953,2.23609,270251,-5001.43,-370.372,23.0028,126429,-3924.2,472.043,66.2105
0.132237,0,-484.434,10.5904,2.23619,270200,-4998.73,-370.422,22.9991,126506,-3922.93,472.004,66.2152
0.132247,0,-484.434,10.5856,2.2363,270149,-4996.02,-370.472,22.9954,126583,-3921.67,471.964,66.2199
0.132257,0,-484.434,10.5808,2.2364,270097,-4993.32,-370.522,22.9917,126660,-3920.4,471.925,66.2247
0.132267,0,-484.434,10.5759,2.23651,270046,-4990.62,-370.572,22.988,126737,-3919.14,471.886,66.2294
0.132277,0,-484.434,10.5711,2.23662,269994,-4987.92,-370.622,22.9843,126814,-3917.87,471.847,66.2341
0.132287,0,-484.434,10.5662,2.23672,269943,-4985.22,-370.672,22.9806,126891,-3916.6,471.808,66.2388
0.132297,0,-484.434,10.5614,2.23683,269892,-4982.53,-370.722,22.9769,126968,-3915.33,471.768,66.2435
0.132307,0,-484.434,10.5565,2.23693,269840,-4979.83,-370.771,22.9732,127044,-3914.06,471.729,66.2482
0.132317,0,-484.434,10.5517,2.23704,269789,-4977.13,-370.821,22.9695,127121,-3912.79,471.69,66.253
0.132327,0,-484.434,10.5468,2.23714,269738,-4974.43,-370.871,22.9658,127198,-3911.52,471.651,66.2577
0.132337,0,-484.434,10.542,2.23725,269687,-4971.73,-370.921,22.9621,127274,-3910.25,471.612,66.2624
0.132347,0,-484.434,10.5372,2.23735,269635,-4969.04,-370.97,22.9583,127351,-3908.97,471.573,66.2671
0.132357,0,-484.434,10.5323,2.23746,269584,-4966.34,-371.02,22.9546,127428,-3907.7,471.534,66.2718
0.132367,0,-484.434,10.5275,2.23756,269533,-4963.65,-371.07,22.9509,127504,-3906.43,471.495,66.2765
0.132377,0,-484.434,10.5226,2.23767,269481,-4960.95,-371.119,22.9472,127580,-3905.15,471.456,66.2812
0.132387,0,-484.434,10.5178,2.23777,269430,-4958.26,-371.169,22.9435,127657,-3903.87,471.417,66.286
0.132397,0,-484.434,10.5129,2.23788,269379,-4955.56,-371.218,22.9398,127733,-3902.6,471.378,66.2907
0.132407,0,-484.434,10.5081,2.23799,269328,-4952.87,-371.268,22.9361,127810,-3901.32,471.339,66.2954
0.132417,0,-484.434,10.5033,2.23809,269277,-4950.18,-371.317,22.9324,127886,-3900.04,471.3,66.3001
0.132427,0,-484.434,10.4984,2.2382,269225,-4947.49,-371.367,22.9287,127962,-3898.76,471.261,66.3048
0.132437,0,-484.434,10.4936,2.2383,269174,-4944.79,-371.416,22.9249,128038,-3897.48,471.222,66.3095
0.132447,0,-484.434,10.4887,2.2384,269123,-4942.1,-371.466,22.9212,128114,-3896.2,471.183,66.3143
0.132457,0,-484.434,10.4839,2.23851,269072,-4939.41,-371.515,22.9175,128190,-3894.92,471.144,66.319
0.132467,0,-484.434,10.479,2.23861,269021,-4936.72,-371.565,22.9138,128266,-3893.64,471.105,66.3237
0.132477,0,-484.434,10.4742,2.23872,268969,-4934.03,-371.614,22.9101,128342,-3892.36,471.066,66.3284
0.132487,0,-484.434,10.4693,2.23882,268918,-4931.34,-371.663,22.9064,128418,-3891.07,471.027,66.3331
0.132497,0,-484.434,10.4645,2.23893,268867,-4928.66,-371.713,22.9026,128494,-3889.79,470.988,66.3378
0.132507,0,-484.434,10.4597,2.23903,268816,-4925.97,-371.762,22.8989,128570,-3888.5,470.949,66.3425
0.132517,0,-484.434,10.4548,2.23914,268765,-4923.28,-371.811,22.8952,128646,-3887.22,470.91,66.3472
0.132527,0,-484.434,10.45,2.23924,268714,-4920.59,-371.86,22.8915,128722,-3885.93,470.871,66.3519
0.132537,0,-484.434,10.4451,2.23935,268663,-4917.91,-371.91,22.8878,128797,-3884.64,470.832,66.3566
0.132547,0,-484.434,10.4403,2.23945,268612,-4915.22,-371.959,22.8841,128873,-3883.36,470.794,66.3613
0.132557,0,-484.434,10.4354,2.23956,268561,-4912.53,-372.008,22.8803,128949,-3882.07,470.755,66.3661
0.132567,0,-484.434,10.4306,2.23966,268510,-4909.85,-372.057,22.8766,129024,-3880.78,470.716,66.3708
0.132577,0,-484.434,10.4258,2.23976,268458,-4907.17,-372.106,22.8729,129100,-3879.49,470.677,66.3755
0.132587,0,-484.434,10.4209,2.23987,268407,-4904.48,-372.155,22.8692,129175,-3878.19,470.639,66.3802
0.132597,0,-484.434,10.4161,2.23997,268356,-4901.8,-372.204,22.8655,129251,-3876.9,470.6,66.3849
0.132607,0,-484.434,10.4112,2.24008,268305,-4899.12,-372.253,22.8617,129326,-3875.61,470.561,66.3896
0.132617,0,-484.434,10.4064,2.24018,268254,-4896.43,-372.302,22.858,129402,-3874.32,470.522,66.3943
0.132627,0,-484.434,10.4015,2.24028,268203,-4893.75,-372.351,22.8543,129477,-3873.02,470.483,66.399
0.132637,0,-484.434,10.3967,2.24039,268152,-4891.07,-372.4,22.8506,129552,-3871.73,470.445,66.4037
0.132647,0,-484.434,10.3918,2.24049,268102,-4888.39,-372.449,22.8468,129627,-3870.43,470.406,66.4084
0.132657,0,-484.434,10.387,2.2406,268050,-4885.71,-372.498,22.8431,129703,-3869.14,470.367,66.4131
0.132667,0,-484.434,10.3822,2.2407,268000,-4883.03,-372.547,22.8394,129778,-3867.84,470.329,66.4178
0.132677,0,-484.434,10.3773,2.2408,267949,-4880.35,-372.595,22.8357,129853,-3866.54,470.29,66.4225
0.132687,0,-484.434,10.3725,2.24091,267898,-4877.67,-372.644,22.8319,129928,-3865.24,470.251,66.4272
0.132697,0,-484.434,10.3676,2.24101,267847,-4874.99,-372.693,22.8282,130003,-3863.94,470.213,66.4319
0.132707,0,-484.434,10.3628,2.24112,267796,-4872.31,-372.742,22.8245,130078,-3862.64,470.174,66.4366
0.132717,0,-484.434,10.3579,2.24122,267745,-4869.64,-372.79,22.8208,130153,-3861.34,470.135,66.4413
0.132727,0,-484.434,10.3531,2.24132,267694,-4866.96,-372.839,22.817,130228,-3860.04,470.097,66.446
0.132737,0,-484.434,10.3483,2.24143,267643,-4864.28,-372.888,22.8133,130302,-3858.74,470.058,66.4507
0.132747,0,-484.434,10.3434,2.24153,267592,-4861.61,-372.936,22.8096,130377,-3857.43,470.02,66.4554
0.132757,0,-484.434,10.3386,2.24163,267542,-4858.93,-372.985,22.8058,130452,-3856.13,469.981,66.4601
0.132767,0,-484.434,10.3337,2.24174,267491,-4856.26,-373.033,22.8021,130527,-3854.82,469.943,66.4648
0.132777,0,-484.434,10.3289,2.24184,267440,-4853.58,-373.082,22.7984,130601,-3853.52,469.904,66.4695
0.132787,0,-484.434,10.324,2.24194,267389,-4850.91,-373.13,22.7946,130676,-3852.21,469.866,66.4742
0.132797,0,-484.434,10.3192,2.24205,267338,-4848.24,-373.179,22.7909,130751,-3850.91,469.827,66.4789
0.132807,0,-484.434,10.3143,2.24215,267287,-4845.56,-373.227,22.7872,130825,-3849.6,469.789,66.4836
0.132817,0,-484.434,10.3095,2.24225,267237,-4842.89,-373.276,22.7834,130900,-3848.29,469.75,66.4883
0.132827,0,-484.434,10.3047,2.24236,267186,-4840.22,-373.324,22.7797,130974,-3846.98,469.712,66.493
0.132837,0,-484.434,10.2998,2.24246,267135,-4837.55,-373.373,22.776,131048,-3845.67,469.673,66.4977
0.132847,0,-484.434,10.295,2.24256,267084,-4834.88,-373.421,22.7722,131123,-3844.36,469.635,66.5024
0.132857,0,-484.434,10.2901,2.24266,267034,-4832.21,-373.469,22.7685,131197,-3843.05,469.596,66.5071
0.132867,0,-484.434,10.2853,2.24277,266983,-4829.54,-373.518,22.7648,131271,-3841.74,469.558,66.5118
0.132877,0,-484.434,10.2804,2.24287,266932,-4826.87,-373.566,22.761,131346,-3840.42,469.519,66.5165
0.132887,0,-484.434,10.2756,2.24297,266882,-4824.2,-373.614,22.7573,131420,-3839.11,469.481,66.5212
0.132897,0,-484.434,10.2708,2.24308,266831,-4821.53,-373.662,22.7536,131494,-3837.8,469.443,66.5259
0.132907,0,-484.434,10.2659,2.24318,266780,-4818.86,-373.711,22.7498,131568,-3836.48,469.404,66.5306
0.132917,0,-484.434,10.2611,2.24328,266730,-4816.2,-373.759,22.7461,131642,-3835.16,469.366,66.5353
0.132927,0,-484.434,10.2562,2.24338,266679,-4813.53,-373.807,22.7424,131716,-3833.85,469.328,66.54
0.132937,0,-484.434,10.2514,2.24349,266628,-4810.86,-373.855,22.7386,131790,-3832.53,469.289,66.5447
0.132947,0,-484.434,10.2465,2.24359,266578,-4808.2,-373.903,22.7349,131864,-3831.21,469.251,66.5493
0.132957,0,-484.434,10.2417,2.24369,266527,-4805.53,-373.951,22.7311,131938,-3829.89,469.213,66.554
0.132967,0,-484.434,10.2369,2.24379,266476,-4802.87,-373.999,22.7274,132012,-3828.57,469.174,66.5587
0.132977,0,-484.434,10.232,2.2439,266426,-4800.2,-374.047,22.7237,132085,-3827.25,469.136,66.5634
0.132987,0,-484.434,10.2272,2.244,266375,-4797.54,-374.095,22.7199,132159,-3825.93,469.098,66.5681
0.132997,0,-484.434,10.2223,2.2441,266325,-4794.88,-374.143,22.7162,132233,-3824.61,469.06,66.5728
0.133007,0,-484.434,10.2175,2.2442,266274,-4792.21,-374.191,22.7124,132306,-3823.29,469.021,66.5775
0.133017,0,-484.434,10.2126,2.2443,266224,-4789.55,-374.239,22.7087,132380,-3821.97,468.983,66.5822
0.133027,0,-484.434,10.2078,2.24441,266173,-4786.89,-374.287,22.705,132454,-3820.64,468.945,66.5869
0.133037,0,-484.434,10.2029,2.24451,266122,-4784.23,-374.335,22.7012,132527,-3819.32,468.907,66.5916
0.133047,0,-484.434,10.1981,2.24461,266072,-4781.57,-374.383,22.6975,132601,-3817.99,468.869,66.5963
0.133057,0,-484.434,10.1933,2.24471,266021,-4778.91,-374.43,22.6937,132674,-3816.66,468.83,66.601
0.133067,0,-484.434,10.1884,2.24481,265971,-4776.25,-374.478,22.69,132747,-3815.34,468.792,66.6056
0.133077,0,-484.434,10.1836,2.24492,265920,-4773.59,-374.526,22.6862,132821,-3814.01,468.754,66.6103
0.133087,0,-484.434,10.1787,2.24502,265870,-4770.93,-374.574,22.6825,132894,-3812.68,468.716,66.615
0.133097,0,-484.434,10.1739,2.24512,265820,-4768.27,-374.621,22.6787,132967,-3811.35,468.678,66.6197
0.133107,0,-484.434,10.169,2.24522,265769,-4765.62,-374.669,22.675,133041,-3810.02,468.64,66.6244
0.133117,0,-484.434,10.1642,2.24532,265719,-4762.96,-374.717,22.6713,133114,-3808.69,468.602,66.6291
0.133127,0,-484.434,10.1594,2.24542,265668,-4760.3,-374.764,22.6675,133187,-3807.36,468.564,66.6338
0.133137,0,-484.434,10.1545,2.24553,265618,-4757.65,-374.812,22.6638,133260,-3806.03,468.525,66.6384
0.133147,0,-484.434,10.1497,2.24563,265568,-4754.99,-374.859,22.66,133333,-3804.7,468.487,66.6431
0.133157,0,-484.434,10.1448,2.24573,265517,-4752.33,-374.907,22.6563,133406,-3803.36,468.449,66.6478
0.133167,0,-484.434,10.14,2.24583,265467,-4749.68,-374.954,22.6525,133479,-3802.03,468.411,66.6525
0.133177,0,-484.434,10.1351,2.24593,265416,-4747.03,-375.002,22.6488,133552,-3800.69,468.373,66.6572
0.133187,0,-484.434,10.1303,2.24603,265366,-4744.37,-375.049,22.645,133625,-3799.36,468.335,66.6619
0.133197,0,-484.434,10.1254,2.24613,265316,-4741.72,-375.097,22.6413,133697,-3798.02,468.297,66.6665
0.133207,0,-484.434,10.1206,2.24624,265265,-4739.07,-375.144,22.6375,133770,-3796.68,468.259,66.6712
0.133217,0,-484.434,10.1158,2.24634,265215,-4736.42,-375.191,22.6338,133843,-3795.35,468.221,66.6759
0.133227,0,-484.434,10.1109,2.24644,265165,-4733.76,-375.239,22.63,133916,-3794.01,468.184,66.6806
0.133237,0,-484.434,10.1061,2.24654,265114,-4731.11,-375.286,22.6263,133988,-3792.67,468.146,66.6853
0.133247,0,-484.434,10.1012,2.24664,265064,-4728.46,-375.333,22.6225,134061,-3791.33,468.108,66.69
0.133257,0,-484.434,10.0964,2.24674,265014,-4725.81,-375.381,22.6187,134133,-3789.99,468.07,66.6946
0.133267,0,-484.434,10.0915,2.24684,264964,-4723.16,-375.428,22.615,134206,-3788.65,468.032,66.6993
0.133277,0,-484.434,10.0867,2.24694,264913,-4720.51,-375.475,22.6112,134278,-3787.3,467.994,66.704
0.133287,0,-484.434,10.0819,2.24704,264863,-4717.86,-375.522,22.6075,134351,-3785.96,467.956,66.7087
0.133297,0,-484.434,10.077,2.24714,264813,-4715.22,-375.569,22.6037,134423,-3784.62,467.918,66.7134
0.133307,0,-484.434,10.0722,2.24725,264763,-4712.57,-375.617,22.6,134496,-3783.27,467.88,66.718
0.133317,0,-484.434,10.0673,2.24735,264713,-4709.92,-375.664,22.5962,134568,-3781.93,467.843,66.7227
0.133327,0,-484.434,10.0625,2.24745,264662,-4707.28,-375.711,22.5925,134640,-3780.58,467.805,66.7274
0.133337,0,-484.434,10.0576,2.24755,264612,-4704.63,-375.758,22.5887,134712,-3779.23,467.767,66.7321
0.133347,0,-484.434,10.0528,2.24765,264562,-4701.98,-375.805,22.5849,134784,-3777.89,467.729,66.7367
0.133357,0,-484.434,10.0479,2.24775,264512,-4699.34,-375.852,22.5812,134857,-3776.54,467.692,66.7414
0.133367,0,-484.434,10.0431,2.24785,264462,-4696.69,-375.899,22.5774,134929,-3775.19,467.654,66.7461
0.133377,0,-484.434,10.0383,2.24795,264412,-4694.05,-375.946,22.5737,135001,-3773.84,467.616,66.7508
0.133387,0,-484.434,10.0334,2.24805,264362,-4691.41,-375.993,22.5699,135073,-3772.49,467.578,66.7554
0.133397,0,-484.434,10.0286,2.24815,264312,-4688.76,-376.04,22.5662,135145,-3771.14,467.541,66.7601
0.133407,0,-484.434,10.0237,2.24825,264261,-4686.12,-376.087,22.5624,135217,-3769.79,467.503,66.7648
0.133417,0,-484.434,10.0189,2.24835,264211,-4683.48,-376.133,22.5586,135288,-3768.44,467.465,66.7695
0.133427,0,-484.434,10.014,2.24845,264161,-4680.84,-376.18,22.5549,135360,-3767.08,467.428,66.7742
0.133437,0,-484.434,10.0092,2.24855,264111,-4678.2,-376.227,22.5511,135432,-3765.73,467.39,66.7788
0.133447,0,-484.434,10.0044,2.24865,264061,-4675.56,-376.274,22.5473,135504,-3764.37,467.352,66.7835
0.133457,0,-484.434,9.99951,2.24875,264011,-4672.92,-376.32,22.5436,135575,-3763.02,467.315,66.7882
0.133467,0,-484.434,9.99467,2.24885,263961,-4670.28,-376.367,22.5398,135647,-3761.66,467.277,66.7929
0.133477,0,-484.434,9.98982,2.24895,263911,-4667.64,-376.414,22.5361,135719,-3760.31,467.239,66.7975
0.133487,0,-484.434,9.98498,2.24905,263861,-4665,-376.46,22.5323,135790,-3758.95,467.202,66.8022
0.133497,0,-484.434,9.98013,2.24915,263811,-4662.36,-376.507,22.5285,135862,-3757.59,467.164,66.8069
0.133507,0,-484.434,9.97529,2.24925,263761,-4659.72,-376.554,22.5248,135933,-3756.23,467.127,66.8115
0.133517,0,-484.434,9.97045,2.24935,263711,-4657.09,-376.6,22.521,136005,-3754.87,467.089,66.8162
0.133527,0,-484.434,9.9656,2.24945,263662,-4654.45,-376.647,22.5172,136076,-3753.51,467.052,66.8209
0.133537,0,-484.434,9.96076,2.24955,263612,-4651.81,-376.693,22.5135,136147,-3752.15,467.014,66.8255
0.133547,0,-484.434,9.95592,2.24965,263562,-4649.18,-376.74,22.5097,136219,-3750.79,466.977,66.8302
0.133557,0,-484.434,9.95107,2.24975,263512,-4646.54,-376.786,22.5059,136290,-3749.43,466.939,66.8349
0.133567,0,-484.434,9.94623,2.24985,263462,-4643.91,-376.833,22.5022,136361,-3748.06,466.902,66.8395
0.133577,0,-484.434,9.94139,2.24995,263412,-4641.28,-376.879,22.4984,136432,-3746.7,466.864,66.8442
0.133587,0,-484.434,9.93654,2.25005,263362,-4638.64,-376.926,22.4946,136503,-3745.34,466.827,66.8489
0.133597,0,-484.434,9.9317,2.25015,263312,-4636.01,-376.972,22.4909,136574,-3743.97,466.789,66.8536
0.133607,0,-484.434,9.92685,2.25024,263263,-4633.38,-377.018,22.4871,136646,-3742.6,466.752,66.8582
0.133617,0,-484.434,9.92201,2.25034,263213,-4630.74,-377.065,22.4833,136717,-3741.24,466.714,66.8629
0.133627,0,-484.434,9.91717,2.25044,263163,-4628.11,-377.111,22.4795,136787,-3739.87,466.677,66.8676
0.133637,0,-484.434,9.91232,2.25054,263113,-4625.48,-377.157,22.4758,136858,-3738.5,466.639,66.8722
0.133647,0,-484.434,9.90748,2.25064,263063,-4622.85,-377.203,22.472,136929,-3737.13,466.602,66.8769
0.133657,0,-484.434,9.90264,2.25074,263014,-4620.22,-377.25,22.4682,137000,-3735.76,466.565,66.8816
0.133667,0,-484.434,9.89779,2.25084,262964,-4617.59,-377.296,22.4644,137071,-3734.4,466.527,66.8862
0.133677,0,-484.434,9.89295,2.25094,262914,-4614.96,-377.342,22.4607,137142,-3733.02,466.49,66.8909
0.133687,0,-484.434,9.8881,2.25104,262864,-4612.33,-377.388,22.4569,137212,-3731.65,466.453,66.8956
0.133697,0,-484.434,9.88326,2.25114,262815,-4609.71,-377.434,22.4531,137283,-3730.28,466.416,66.9002
0.133707,0,-484.434,9.87842,2.25123,262765,-4607.08,-377.48,22.4494,137354,-3728.91,466.378,66.9049
0.133717,0,-484.434,9.87357,2.25133,262715,-4604.45,-377.526,22.4456,137424,-3727.53,466.341,66.9095
0.133727,0,-484.434,9.86873,2.25143,262666,-4601.82,-377.572,22.4418,137495,-3726.16,466.304,66.9142
0.133737,0,-484.434,9.86389,2.25153,262616,-4599.2,-377.618,22.438,137565,-3724.78,466.266,66.9189
0.133747,0,-484.434,9.85904,2.25163,262566,-4596.57,-377.664,22.4343,137636,-3723.41,466.229,66.9235
0.133757,0,-484.434,9.8542,2.25173,262517,-4593.95,-377.71,22.4305,137706,-3722.03,466.192,66.9282
0.133767,0,-484.434,9.84935,2.25183,262467,-4591.32,-377.756,22.4267,137776,-3720.65,466.155,66.9329
0.133777,0,-484.434,9.84451,2.25192,262418,-4588.7,-377.802,22.4229,137847,-3719.28,466.118,66.9375
0.133787,0,-484.434,9.83967,2.25202,262368,-4586.08,-377.848,22.4191,137917,-3717.9,466.08,66.9422
0.133797,0,-484.434,9.83482,2.25212,262318,-4583.45,-377.894,22.4154,137987,-3716.52,466.043,66.9468
0.133807,0,-484.434,9.82998,2.25222,262269,-4580.83,-377.94,22.4116,138057,-3715.14,466.006,66.9515
0.133817,0,-484.434,9.82514,2.25232,262219,-4578.21,-377.985,22.4078,138127,-3713.76,465.969,66.9562
0.133827,0,-484.434,9.82029,2.25242,262170,-4575.59,-378.031,22.404,138197,-3712.38,465.932,66.9608
0.133837,0,-484.434,9.81545,2.25251,262120,-4572.97,-378.077,22.4002,138268,-3710.99,465.895,66.9655
0.133847,0,-484.434,9.8106,2.25261,262071,-4570.34,-378.123,22.3965,138337,-3709.61,465.858,66.9701
0.133857,0,-484.434,9.80576,2.25271,262021,-4567.72,-378.168,22.3927,138407,-3708.23,465.82,66.9748
0.133867,0,-484.434,9.80092,2.25281,261972,-4565.1,-378.214,22.3889,138477,-3706.84,465.783,66.9795
0.133877,0,-484.434,9.79607,2.25291,261922,-4562.49,-378.26,22.3851,138547,-3705.46,465.746,66.9841
0.133887,0,-484.434,9.79123,2.253,261873,-4559.87,-378.305,22.3813,138617,-3704.07,465.709,66.9888
0.133897,0,-484.434,9.78639,2.2531,261823,-4557.25,-378.351,22.3776,138687,-3702.69,465.672,66.9934
0.133907,0,-484.434,9.78154,2.2532,261774,-4554.63,-378.396,22.3738,138757,-3701.3,465.635,66.9981
0.133917,0,-484.434,9.7767,2.2533,261724,-4552.01,-378.442,22.37,138826,-3699.91,465.598,67.0027
0.133927,0,-484.434,9.77186,2.2534,261675,-4549.4,-378.487,22.3662,138896,-3698.52,465.561,67.0074
0.133937,0,-484.434,9.76701,2.25349,261626,-4546.78,-378.533,22.3624,138966,-3697.13,465.524,67.012
0.133947,0,-484.434,9.76217,2.25359,261576,-4544.17,-378.578,22.3586,139035,-3695.74,465.487,67.0167
0.133957,0,-484.434,9.75732,2.25369,261527,-4541.55,-378.624,22.3548,139105,-3694.35,465.45,67.0214
0.133967,0,-484.434,9.75248,2.25379,261478,-4538.94,-378.669,22.3511,139174,-3692.96,465.414,67.026
0.133977,0,-484.434,9.74764,2.25388,261428,-4536.32,-378.714,22.3473,139244,-3691.57,465.377,67.0307
0.133987,0,-484.434,9.74279,2.25398,261379,-4533.71,-378.76,22.3435,139313,-3690.18,465.34,67.0353
0.133997,0,-484.434,9.73795,2.25408,261330,-4531.1,-378.805,22.3397,139382,-3688.78,465.303,67.04
0.134007,0,-484.434,9.73311,2.25418,261280,-4528.48,-378.85,22.3359,139452,-3687.39,465.266,67.0446
0.134017,0,-484.434,9.72826,2.25427,261231,-4525.87,-378.896,22.3321,139521,-3686,465.229,67.0493
0.134027,0,-484.434,9.72342,2.25437,261182,-4523.26,-378.941,22.3283,139590,-3684.6,465.192,67.0539
0.134037,0,-484.434,9.71857,2.25447,261132,-4520.65,-378.986,22.3245,139659,-3683.2,465.155,67.0586
0.134047,0,-484.434,9.71373,2.25456,261083,-4518.04,-379.031,22.3207,139729,-3681.81,465.119,67.0632
0.134057,0,-484.434,9.70889,2.25466,261034,-4515.43,-379.077,22.317,139798,-3680.41,465.082,67.0679
0.134067,0,-484.434,9.70404,2.25476,260985,-4512.82,-379.122,22.3132,139867,-3679.01,465.045,67.0725
0.134077,0,-484.434,9.6992,2.25486,260936,-4510.21,-379.167,22.3094,139936,-3677.61,465.008,67.0772
0.134087,0,-484.434,9.69436,2.25495,260886,-4507.6,-379.212,22.3056,140005,-3676.21,464.971,67.0818
0.134097,0,-484.434,9.68951,2.25505,260837,-4504.99,-379.257,22.3018,140074,-3674.81,464.935,67.0865
0.134107,0,-484.434,9.68467,2.25515,260788,-4502.38,-379.302,22.298,140143,-3673.41,464.898,67.0911
0.134117,0,-484.434,9.67982,2.25524,260739,-4499.77,-379.347,22.2942,140211,-3672.01,464.861,67.0958
0.134127,0,-484.434,9.67498,2.25534,260690,-4497.17,-379.392,22.2904,140280,-3670.61,464.824,67.1004
0.134137,0,-484.434,9.67014,2.25544,260641,-4494.56,-379.437,22.2866,140349,-3669.21,464.788,67.1051
0.134147,0,-484.434,9.66529,2.25553,260591,-4491.96,-379.482,22.2828,140418,-3667.8,464.751,67.1097
0.134157,0,-484.434,9.66045,2.25563,260542,-4489.35,-379.527,22.279,140486,-3666.4,464.714,67.1144
0.134167,0,-484.434,9.65561,2.25573,260493,-4486.75,-379.572,22.2752,140555,-3664.99,464.678,67.119
0.134177,0,-484.434,9.65076,2.25582,260444,-4484.14,-379.616,22.2714,140624,-3663.59,464.641,67.1237
0.134187,0,-484.434,9.64592,2.25592,260395,-4481.54,-379.661,22.2676,140692,-3662.18,464.605,67.1283
0.134197,0,-484.434,9.64108,2.25602,260346,-4478.93,-379.706,22.2638,140761,-3660.77,464.568,67.133
0.134207,0,-484.434,9.63623,2.25611,260297,-4476.33,-379.751,22.26,140829,-3659.37,464.531,67.1376
0.134217,0,-484.434,9.63139,2.25621,260248,-4473.73,-379.795,22.2562,140898,-3657.96,464.495,67.1423
0.134227,0,-484.434,9.62654,2.25631,260199,-4471.13,-379.84,22.2524,140966,-3656.55,464.458,67.1469
0.134237,0,-484.434,9.6217,2.2564,260150,-4468.53,-379.885,22.2486,141034,-3655.14,464.422,67.1515
0.134247,0,-484.434,9.61686,2.2565,260101,-4465.93,-379.93,22.2449,141102,-3653.73,464.385,67.1562
0.134257,0,-484.434,9.61201,2.25659,260052,-4463.32,-379.974,22.2411,141171,-3652.32,464.349,67.1608
0.134267,0,-484.434,9.60717,2.25669,260003,-4460.73,-380.019,22.2373,141239,-3650.91,464.312,67.1655
0.134277,0,-484.434,9.60233,2.25679,259954,-4458.12,-380.063,22.2334,141307,-3649.49,464.276,67.1701
0.134287,0,-484.434,9.59748,2.25688,259905,-4455.53,-380.108,22.2296,141375,-3648.08,464.239,67.1748
0.134297,0,-484.434,9.59264,2.25698,259857,-4452.93,-380.153,22.2258,141443,-3646.67,464.203,67.1794
0.134307,0,-484.434,9.5878,2.25707,259808,-4450.33,-380.197,22.222,141511,-3645.25,464.166,67.1841
0.134317,0,-484.434,9.58295,2.25717,259759,-4447.73,-380.242,22.2182,141579,-3643.84,464.13,67.1887
0.134327,0,-484.434,9.57811,2.25727,259710,-4445.14,-380.286,22.2144,141647,-3642.42,464.093,67.1933
0.134337,0,-484.434,9.57326,2.25736,259661,-4442.54,-380.33,22.2106,141715,-3641,464.057,67.198
0.134347,0,-484.434,9.56842,2.25746,259612,-4439.94,-380.375,22.2068,141783,-3639.59,464.02,67.2026
0.134357,0,-484.434,9.56358,2.25755,259563,-4437.35,-380.419,22.203,141851,-3638.17,463.984,67.2072
0.134367,0,-484.434,9.55873,2.25765,259515,-4434.75,-380.464,22.1992,141919,-3636.75,463.948,67.2119
0.134377,0,-484.434,9.55389,2.25774,259466,-4432.16,-380.508,22.1954,141986,-3635.33,463.911,67.2165
0.134387,0,-484.434,9.54905,2.25784,259417,-4429.56,-380.552,22.1916,142054,-3633.91,463.875,67.2212
0.134397,0,-484.434,9.5442,2.25793,259368,-4426.97,-380.596,22.1878,142122,-3632.49,463.839,67.2258
0.134407,0,-484.434,9.53936,2.25803,259320,-4424.38,-380.641,22.184,142189,-3631.07,463.802,67.2304
0.134417,0,-484.434,9.53451,2.25813,259271,-4421.78,-380.685,22.1802,142257,-3629.65,463.766,67.2351
0.134427,0,-484.434,9.52967,2.25822,259222,-4419.19,-380.729,22.1764,142325,-3628.22,463.73,67.2397
0.134437,0,-484.434,9.52483,2.25832,259173,-4416.6,-380.773,22.1726,142392,-3626.8,463.694,67.2444
0.134447,0,-484.434,9.51998,2.25841,259125,-4414.01,-380.818,22.1688,142460,-3625.38,463.657,67.249
0.134457,0,-484.434,9.51514,2.25851,259076,-4411.42,-380.862,22.165,142527,-3623.95,463.621,67.2536
0.134467,0,-484.434,9.5103,2.2586,259027,-4408.83,-380.906,22.1612,142594,-3622.53,463.585,67.2583
0.134477,0,-484.434,9.50545,2.2587,258979,-4406.24,-380.95,22.1573,142662,-3621.1,463.549,67.2629
0.134487,0,-484.434,9.50061,2.25879,258930,-4403.65,-380.994,22.1535,142729,-3619.67,463.512,67.2675
0.134497,0,-484.434,9.49576,2.25889,258882,-4401.06,-381.038,22.1497,142796,-3618.24,463.476,67.2722
0.134507,0,-484.434,9.49092,2.25898,258833,-4398.47,-381.082,22.1459,142863,-3616.82,463.44,67.2768
0.134517,0,-484.434,9.48608,2.25908,258784,-4395.89,-381.126,22.1421,142930,-3615.39,463.404,67.2814
0.134527,0,-484.434,9.48123,2.25917,258736,-4393.3,-381.17,22.1383,142998,-3613.96,463.368,67.2861
0.134537,0,-484.434,9.47639,2.25927,258687,-4390.71,-381.214,22.1345,143065,-3612.53,463.332,67.2907
0.134547,0,-484.434,9.47155,2.25936,258639,-4388.12,-381.258,22.1307,143132,-3611.1,463.296,67.2953
0.134557,0,-484.434,9.4667,2.25946,258590,-4385.54,-381.301,22.1269,143199,-3609.67,463.259,67.3
0.134567,0,-484.434,9.46186,2.25955,258542,-4382.95,-381.345,22.123,143266,-3608.23,463.223,67.3046
0.134577,0,-484.434,9.45702,2.25964,258493,-4380.37,-381.389,22.1192,143333,-3606.8,463.187,67.3092
0.134587,0,-484.434,9.45217,2.25974,258445,-4377.78,-381.433,22.1154,143399,-3605.37,463.151,67.3139
0.134597,0,-484.434,9.44733,2.25983,258396,-4375.2,-381.477,22.1116,143466,-3603.93,463.115,67.3185
0.134607,0,-484.434,9.44248,2.25993,258348,-4372.62,-381.52,22.1078,143533,-3602.5,463.079,67.3231
0.134617,0,-484.434,9.43764,2.26002,258299,-4370.03,-381.564,22.104,143600,-3601.06,463.043,67.3278
0.134627,0,-484.434,9.4328,2.26012,258251,-4367.45,-381.608,22.1002,143666,-3599.63,463.007,67.3324
0.134637,0,-484.434,9.42795,2.26021,258202,-4364.87,-381.651,22.0963,143733,-3598.19,462.971,67.337
0.134647,0,-484.434,9.42311,2.26031,258154,-4362.29,-381.695,22.0925,143800,-3596.75,462.935,67.3417
0.134657,0,-484.434,9.41827,2.2604,258106,-4359.71,-381.739,22.0887,143866,-3595.31,462.899,67.3463
0.134667,0,-484.434,9.41342,2.26049,258057,-4357.13,-381.782,22.0849,143933,-3593.88,462.863,67.3509
0.134677,0,-484.434,9.40858,2.26059,258009,-4354.55,-381.826,22.0811,143999,-3592.44,462.827,67.3555
0.134687,0,-484.434,9.40373,2.26068,257961,-4351.97,-381.869,22.0773,144066,-3591,462.791,67.3602
0.134697,0,-484.434,9.39889,2.26078,257912,-4349.39,-381.913,22.0734,144132,-3589.56,462.756,67.3648
0.134707,0,-484.434,9.39405,2.26087,257864,-4346.81,-381.956,22.0696,144198,-3588.11,462.72,67.3694
0.134717,0,-484.434,9.3892,2.26096,257816,-4344.23,-382,22.0658,144265,-3586.67,462.684,67.3741
0.134727,0,-484.434,9.38436,2.26106,257767,-4341.65,-382.043,22.062,144331,-3585.23,462.648,67.3787
0.134737,0,-484.434,9.37952,2.26115,257719,-4339.08,-382.086,22.0582,144397,-3583.79,462.612,67.3833
0.134747,0,-484.434,9.37467,2.26125,257671,-4336.5,-382.13,22.0543,144463,-3582.34,462.576,67.3879
0.134757,0,-484.434,9.36983,2.26134,257623,-4333.92,-382.173,22.0505,144529,-3580.9,462.54,67.3926
0.134767,0,-484.434,9.36498,2.26143,257574,-4331.35,-382.216,22.0467,144596,-3579.45,462.505,67.3972
0.134777,0,-484.434,9.36014,2.26153,257526,-4328.77,-382.26,22.0429,144662,-3578.01,462.469,67.4018
0.134787,0,-484.434,9.3553,2.26162,257478,-4326.2,-382.303,22.039,144728,-3576.56,462.433,67.4064
0.134797,0,-484.434,9.35045,2.26171,257430,-4323.62,-382.346,22.0352,144794,-3575.11,462.397,67.411
0.134807,0,-484.434,9.34561,2.26181,257382,-4321.05,-382.39,22.0314,144860,-3573.66,462.362,67.4157
0.134817,0,-484.434,9.34077,2.2619,257333,-4318.48,-382.433,22.0276,144925,-3572.22,462.326,67.4203
0.134827,0,-484.434,9.33592,2.26199,257285,-4315.9,-382.476,22.0237,144991,-3570.77,462.29,67.4249
0.134837,0,-484.434,9.33108,2.26209,257237,-4313.33,-382.519,22.0199,145057,-3569.32,462.254,67.4295
0.134847,0,-484.434,9.32623,2.26218,257189,-4310.76,-382.562,22.0161,145123,-3567.86,462.219,67.4342
0.134857,0,-484.434,9.32139,2.26227,257141,-4308.19,-382.605,22.0123,145189,-3566.41,462.183,67.4388
0.134867,0,-484.434,9.31655,2.26237,257093,-4305.62,-382.648,22.0084,145254,-3564.96,462.147,67.4434
0.134877,0,-484.434,9.3117,2.26246,257045,-4303.05,-382.691,22.0046,145320,-3563.51,462.112,67.448
0.134887,0,-484.434,9.30686,2.26255,256997,-4300.48,-382.734,22.0008,145385,-3562.06,462.076,67.4527
0.134897,0,-484.434,9.30202,2.26265,256949,-4297.91,-382.777,21.997,145451,-3560.6,462.041,67.4573
0.134907,0,-484.434,9.29717,2.26274,256901,-4295.34,-382.82,21.9931,145517,-3559.15,462.005,67.4619
0.134917,0,-484.434,9.29233,2.26283,256853,-4292.77,-382.863,21.9893,145582,-3557.69,461.969,67.4665
0.134927,0,-484.434,9.28749,2.26292,256805,-4290.2,-382.906,21.9855,145647,-3556.23,461.934,67.4711
0.134937,0,-484.434,9.28264,2.26302,256757,-4287.64,-382.949,21.9816,145713,-3554.78,461.898,67.4758
0.134947,0,-484.434,9.2778,2.26311,256709,-4285.07,-382.992,21.9778,145778,-3553.32,461.863,67.4804
0.134957,0,-484.434,9.27295,2.2632,256661,-4282.5,-383.035,21.974,145843,-3551.86,461.827,67.485
0.134967,0,-484.434,9.26811,2.2633,256613,-4279.94,-383.078,21.9702,145909,-3550.41,461.792,67.4896
0.134977,0,-484.434,9.26327,2.26339,256565,-4277.37,-383.12,21.9663,145974,-3548.95,461.756,67.4942
0.134987,0,-484.434,9.25842,2.26348,256517,-4274.81,-383.163,21.9625,146039,-3547.49,461.721,67.4988
0.134997,0,-484.434,9.25358,2.26357,256469,-4272.24,-383.206,21.9587,146104,-3546.03,461.685,67.5035
0.135007,0,-484.434,9.24874,2.26367,256421,-4269.68,-383.249,21.9548,146169,-3544.56,461.65,67.5081
0.135017,0,-484.434,9.24389,2.26376,256374,-4267.11,-383.291,21.951,146234,-3543.1,461.614,67.5127
0.135027,0,-484.434,9.23905,2.26385,256326,-4264.55,-383.334,21.9472,146299,-3541.64,461.579,67.5173
0.135037,0,-484.434,9.23421,2.26394,256278,-4261.99,-383.376,21.9433,146364,-3540.18,461.544,67.5219
0.135047,0,-484.434,9.22936,2.26404,256230,-4259.43,-383.419,21.9395,146429,-3538.71,461.508,67.5265
0.135057,0,-484.434,9.22452,2.26413,256182,-4256.86,-383.462,21.9357,146494,-3537.25,461.473,67.5312
0.135067,0,-484.434,9.21967,2.26422,256135,-4254.3,-383.504,21.9318,146559,-3535.78,461.438,67.5358
0.135077,0,-484.434,9.21483,2.26431,256087,-4251.74,-383.547,21.928,146624,-3534.32,461.402,67.5404
0.135087,0,-484.434,9.20999,2.2644,256039,-4249.18,-383.589,21.9242,146689,-3532.85,461.367,67.545
0.135097,0,-484.434,9.20514,2.2645,255991,-4246.62,-383.632,21.9203,146753,-3531.38,461.332,67.5496
0.135107,0,-484.434,9.2003,2.26459,255944,-4244.06,-383.674,21.9165,146818,-3529.92,461.296,67.5542
0.135117,0,-484.434,9.19546,2.26468,255896,-4241.5,-383.717,21.9126,146883,-3528.45,461.261,67.5588
0.135127,0,-484.434,9.19061,2.26477,255848,-4238.94,-383.759,21.9088,146947,-3526.98,461.226,67.5635
0.135137,0,-484.434,9.18577,2.26486,255801,-4236.39,-383.801,21.905,147012,-3525.51,461.19,67.5681
0.135147,0,-484.434,9.18092,2.26496,255753,-4233.83,-383.844,21.9011,147076,-3524.04,461.155,67.5727
0.135157,0,-484.434,9.17608,2.26505,255705,-4231.27,-383.886,21.8973,147141,-3522.57,461.12,67.5773
0.135167,0,-484.434,9.17124,2.26514,255658,-4228.72,-383.928,21.8935,147205,-3521.1,461.085,67.5819
0.135177,0,-484.434,9.16639,2.26523,255610,-4226.16,-383.971,21.8896,147270,-3519.62,461.049,67.5865
0.135187,0,-484.434,9.16155,2.26532,255563,-4223.6,-384.013,21.8858,147334,-3518.15,461.014,67.5911
0.135197,0,-484.434,9.15671,2.26541,255515,-4221.05,-384.055,21.8819,147398,-3516.68,460.979,67.5957
0.135207,0,-484.434,9.15186,2.26551,255467,-4218.5,-384.097,21.8781,147462,-3515.2,460.944,67.6003
0.135217,0,-484.434,9.14702,2.2656,255420,-4215.94,-384.139,21.8743,147527,-3513.73,460.909,67.6049
0.135227,0,-484.434,9.14217,2.26569,255372,-4213.39,-384.182,21.8704,147591,-3512.25,460.874,67.6096
0.135237,0,-484.434,9.13733,2.26578,255325,-4210.83,-384.224,21.8666,147655,-3510.78,460.839,67.6142
0.135247,0,-484.434,9.13249,2.26587,255277,-4208.28,-384.266,21.8627,147719,-3509.3,460.803,67.6188
0.135257,0,-484.434,9.12764,2.26596,255230,-4205.73,-384.308,21.8589,147783,-3507.82,460.768,67.6234
0.135267,0,-484.434,9.1228,2.26605,255182,-4203.18,-384.35,21.855,147847,-3506.35,460.733,67.628
0.135277,0,-484.434,9.11796,2.26614,255135,-4200.63,-384.392,21.8512,147911,-3504.87,460.698,67.6326
0.135287,0,-484.434,9.11311,2.26624,255088,-4198.08,-384.434,21.8474,147975,-3503.39,460.663,67.6372
0.135297,0,-484.434,9.10827,2.26633,255040,-4195.53,-384.476,21.8435,148039,-3501.91,460.628,67.6418
0.135307,0,-484.434,9.10343,2.26642,254993,-4192.98,-384.518,21.8397,148103,-3500.43,460.593,67.6464
0.135317,0,-484.434,9.09858,2.26651,254945,-4190.43,-384.56,21.8358,148167,-3498.95,460.558,67.651
0.135327,0,-484.434,9.09374,2.2666,254898,-4187.88,-384.602,21.832,148230,-3497.47,460.523,67.6556
0.135337,0,-484.434,9.08889,2.26669,254851,-4185.33,-384.643,21.8281,148294,-3495.98,460.488,67.6602
0.135347,0,-484.434,9.08405,2.26678,254803,-4182.78,-384.685,21.8243,148358,-3494.5,460.453,67.6648
0.135357,0,-484.434,9.07921,2.26687,254756,-4180.23,-384.727,21.8204,148422,-3493.02,460.418,67.6695
0.135367,0,-484.434,9.07436,2.26696,254709,-4177.69,-384.769,21.8166,148485,-3491.53,460.383,67.6741
0.135377,0,-484.434,9.06952,2.26705,254661,-4175.14,-384.811,21.8127,148549,-3490.05,460.349,67.6787
0.135387,0,-484.434,9.06468,2.26714,254614,-4172.59,-384.852,21.8089,148612,-3488.56,460.314,67.6833
0.135397,0,-484.434,9.05983,2.26724,254567,-4170.05,-384.894,21.805,148676,-3487.07,460.279,67.6879
0.135407,0,-484.434,9.05499,2.26733,254520,-4167.5,-384.936,21.8012,148739,-3485.59,460.244,67.6925
0.135417,0,-484.434,9.05014,2.26742,254472,-4164.96,-384.977,21.7973,148803,-3484.1,460.209,67.6971
0.135427,0,-484.434,9.0453,2.26751,254425,-4162.41,-385.019,21.7935,148866,-3482.61,460.174,67.7017
0.135437,0,-484.434,9.04046,2.2676,254378,-4159.87,-385.061,21.7896,148929,-3481.12,460.14,67.7063
0.135447,0,-484.434,9.03561,2.26769,254331,-4157.33,-385.102,21.7858,148992,-3479.63,460.105,67.7109
0.135457,0,-484.434,9.03077,2.26778,254284,-4154.79,-385.144,21.7819,149056,-3478.14,460.07,67.7155
0.135467,0,-484.434,9.02593,2.26787,254237,-4152.24,-385.185,21.7781,149119,-3476.65,460.035,67.7201
0.135477,0,-484.434,9.02108,2.26796,254189,-4149.7,-385.227,21.7742,149182,-3475.16,460,67.7247
0.135487,0,-484.434,9.01624,2.26805,254142,-4147.16,-385.268,21.7704,149245,-3473.67,459.966,67.7293
0.135497,0,-484.434,9.01139,2.26814,254095,-4144.62,-385.31,21.7665,149308,-3472.18,459.931,67.7339
0.135507,0,-484.434,9.00655,2.26823,254048,-4142.08,-385.351,21.7627,149371,-3470.68,459.896,67.7385
0.135517,0,-484.434,9.00171,2.26832,254001,-4139.54,-385.393,21.7588,149434,-3469.19,459.862,67.7431
0.135527,0,-484.434,8.99686,2.26841,253954,-4137,-385.434,21.755,149497,-3467.7,459.827,67.7477
0.135537,0,-484.434,8.99202,2.2685,253907,-4134.46,-385.475,21.7511,149560,-3466.2,459.792,67.7523
0.135547,0,-484.434,8.98718,2.26859,253860,-4131.92,-385.517,21.7473,149623,-3464.71,459.757,67.7569
0.135557,0,-484.434,8.98233,2.26868,253813,-4129.38,-385.558,21.7434,149686,-3463.21,459.723,67.7615
0.135567,0,-484.434,8.97749,2.26877,253766,-4126.85,-385.599,21.7396,149748,-3461.71,459.688,67.7661
0.135577,0,-484.434,8.97264,2.26886,253719,-4124.31,-385.64,21.7357,149811,-3460.21,459.654,67.7707
0.135587,0,-484.434,8.9678,2.26895,253672,-4121.77,-385.682,21.7318,149874,-3458.72,459.619,67.7753
0.135597,0,-484.434,8.96296,2.26904,253625,-4119.24,-385.723,21.728,149937,-3457.22,459.585,67.7798
0.135607,0,-484.434,8.95811,2.26913,253578,-4116.7,-385.764,21.7241,149999,-3455.72,459.55,67.7844
0.135617,0,-484.434,8.95327,2.26922,253531,-4114.17,-385.805,21.7203,150062,-3454.22,459.515,67.789
0.135627,0,-484.434,8.94843,2.26931,253484,-4111.63,-385.846,21.7164,150124,-3452.72,459.481,67.7936
0.135637,0,-484.434,8.94358,2.2694,253438,-4109.1,-385.887,21.7125,150187,-3451.21,459.446,67.7982
0.135647,0,-484.434,8.93874,2.26948,253391,-4106.56,-385.928,21.7087,150249,-3449.71,459.412,67.8028
0.135657,0,-484.434,8.9339,2.26957,253344,-4104.03,-385.969,21.7048,150312,-3448.21,459.377,67.8074
0.135667,0,-484.434,8.92905,2.26966,253297,-4101.5,-386.011,21.701,150374,-3446.71,459.343,67.812
0.135677,0,-484.434,8.92421,2.26975,253250,-4098.96,-386.051,21.6971,150436,-3445.2,459.308,67.8166
0.135687,0,-484.434,8.91936,2.26984,253203,-4096.43,-386.092,21.6933,150499,-3443.7,459.274,67.8212
0.135697,0,-484.434,8.91452,2.26993,253157,-4093.9,-386.133,21.6894,150561,-3442.19,459.24,67.8258
0.135707,0,-484.434,8.90968,2.27002,253110,-4091.37,-386.174,21.6855,150623,-3440.69,459.205,67.8304
0.135717,0,-484.434,8.90483,2.27011,253063,-4088.84,-386.215,21.6817,150685,-3439.18,459.171,67.835
0.135727,0,-484.434,8.89999,2.2702,253016,-4086.31,-386.256,21.6778,150747,-3437.68,459.136,67.8396
0.135737,0,-484.434,8.89515,2.27029,252970,-4083.78,-386.297,21.6739,150809,-3436.17,459.102,67.8441
0.135747,0,-484.434,8.8903,2.27038,252923,-4081.25,-386.338,21.6701,150871,-3434.66,459.068,67.8487
0.135757,0,-484.434,8.88546,2.27047,252876,-4078.72,-386.379,21.6662,150934,-3433.15,459.033,67.8533
0.135767,0,-484.434,8.88062,2.27055,252830,-4076.19,-386.419,21.6623,150995,-3431.64,458.999,67.8579
0.135777,0,-484.434,8.87577,2.27064,252783,-4073.67,-386.46,21.6585,151057,-3430.13,458.965,67.8625
0.135787,0,-484.434,8.87093,2.27073,252736,-4071.14,-386.501,21.6546,151119,-3428.62,458.93,67.8671
0.135797,0,-484.434,8.86608,2.27082,252690,-4068.61,-386.542,21.6508,151181,-3427.11,458.896,67.8717
0.135807,0,-484.434,8.86124,2.27091,252643,-4066.09,-386.582,21.6469,151243,-3425.6,458.862,67.8763
0.135817,0,-484.434,8.8564,2.271,252597,-4063.56,-386.623,21.643,151305,-3424.09,458.828,67.8809
0.135827,0,-484.434,8.85155,2.27109,252550,-4061.03,-386.663,21.6392,151366,-3422.57,458.793,67.8855
0.135837,0,-484.434,8.84671,2.27117,252504,-4058.51,-386.704,21.6353,151428,-3421.06,458.759,67.89
0.135847,0,-484.434,8.84187,2.27126,252457,-4055.98,-386.745,21.6314,151490,-3419.54,458.725,67.8946
0.135857,0,-484.434,8.83702,2.27135,252410,-4053.46,-386.785,21.6276,151551,-3418.03,458.691,67.8992
0.135867,0,-484.434,8.83218,2.27144,252364,-4050.94,-386.826,21.6237,151613,-3416.51,458.657,67.9038
0.135877,0,-484.434,8.82733,2.27153,252317,-4048.41,-386.866,21.6198,151674,-3415,458.622,67.9084
0.135887,0,-484.434,8.82249,2.27162,252271,-4045.89,-386.907,21.616,151736,-3413.48,458.588,67.913
0.135897,0,-484.434,8.81765,2.2717,252225,-4043.37,-386.947,21.6121,151797,-3411.96,458.554,67.9176
0.135907,0,-484.434,8.8128,2.27179,252178,-4040.85,-386.987,21.6082,151859,-3410.44,458.52,67.9221
0.135917,0,-484.434,8.80796,2.27188,252132,-4038.33,-387.028,21.6043,151920,-3408.93,458.486,67.9267
0.135927,0,-484.434,8.80312,2.27197,252085,-4035.81,-387.068,21.6005,151981,-3407.41,458.452,67.9313
0.135937,0,-484.434,8.79827,2.27206,252039,-4033.29,-387.109,21.5966,152042,-3405.89,458.418,67.9359
0.135947,0,-484.434,8.79343,2.27214,251993,-4030.77,-387.149,21.5927,152104,-3404.37,458.384,67.9405
0.135957,0,-484.434,8.78858,2.27223,251946,-4028.25,-387.189,21.5889,152165,-3402.84,458.35,67.9451
0.135967,0,-484.434,8.78374,2.27232,251900,-4025.73,-387.229,21.585,152226,-3401.32,458.316,67.9497
0.135977,0,-484.434,8.7789,2.27241,251854,-4023.21,-387.27,21.5811,152287,-3399.8,458.282,67.9542
0.135987,0,-484.434,8.77405,2.2725,251807,-4020.69,-387.31,21.5772,152348,-3398.28,458.248,67.9588
0.135997,0,-484.434,8.76921,2.27258,251761,-4018.17,-387.35,21.5734,152409,-3396.75,458.214,67.9634
0.136007,0,-484.434,8.76437,2.27267,251715,-4015.66,-387.39,21.5695,152470,-3395.23,458.18,67.968
0.136017,0,-484.434,8.75952,2.27276,251669,-4013.14,-387.43,21.5656,152531,-3393.7,458.146,67.9726
0.136027,0,-484.434,8.75468,2.27285,251622,-4010.62,-387.471,21.5617,152592,-3392.18,458.112,67.9772
0.136037,0,-484.434,8.74984,2.27293,251576,-4008.11,-387.511,21.5579,152653,-3390.65,458.078,67.9817
0.136047,0,-484.434,8.74499,2.27302,251530,-4005.59,-387.551,21.554,152714,-3389.13,458.044,67.9863
0.136057,0,-484.434,8.74015,2.27311,251484,-4003.08,-387.591,21.5501,152774,-3387.6,458.01,67.9909
0.136067,0,-484.434,8.7353,2.2732,251438,-4000.56,-387.631,21.5462,152835,-3386.07,457.976,67.9955
0.136077,0,-484.434,8.73046,2.27328,251391,-3998.05,-387.671,21.5424,152896,-3384.54,457.943,68
0.136087,0,-484.434,8.72562,2.27337,251345,-3995.54,-387.711,21.5385,152957,-3383.01,457.909,68.0046
0.136097,0,-484.434,8.72077,2.27346,251299,-3993.02,-387.751,21.5346,153017,-3381.48,457.875,68.0092
0.136107,0,-484.434,8.71593,2.27354,251253,-3990.51,-387.79,21.5307,153078,-3379.95,457.841,68.0138
0.136117,0,-484.434,8.71109,2.27363,251207,-3988,-387.83,21.5269,153138,-3378.42,457.807,68.0184
0.136127,0,-484.434,8.70624,2.27372,251161,-3985.49,-387.87,21.523,153199,-3376.89,457.774,68.0229
0.136137,0,-484.434,8.7014,2.27381,251115,-3982.98,-387.91,21.5191,153259,-3375.36,457.74,68.0275
0.136147,0,-484.434,8.69655,2.27389,251069,-3980.47,-387.95,21.5152,153320,-3373.83,457.706,68.0321
0.136157,0,-484.434,8.69171,2.27398,251023,-3977.96,-387.99,21.5113,153380,-3372.29,457.672,68.0367
0.136167,0,-484.434,8.68687,2.27407,250977,-3975.45,-388.029,21.5075,153440,-3370.76,457.639,68.0412
0.136177,0,-484.434,8.68202,2.27415,250931,-3972.94,-388.069,21.5036,153501,-3369.23,457.605,68.0458
0.136187,0,-484.434,8.67718,2.27424,250885,-3970.43,-388.109,21.4997,153561,-3367.69,457.571,68.0504
0.136197,0,-484.434,8.67234,2.27433,250839,-3967.92,-388.149,21.4958,153621,-3366.16,457.538,68.055
0.136207,0,-484.434,8.66749,2.27441,250793,-3965.41,-388.188,21.4919,153681,-3364.62,457.504,68.0596
0.136217,0,-484.434,8.66265,2.2745,250747,-3962.91,-388.228,21.4881,153741,-3363.08,457.47,68.0641
0.136227,0,-484.434,8.6578,2.27459,250701,-3960.4,-388.267,21.4842,153801,-3361.54,457.437,68.0687
0.136237,0,-484.434,8.65296,2.27467,250655,-3957.89,-388.307,21.4803,153862,-3360.01,457.403,68.0733
0.136247,0,-484.434,8.64812,2.27476,250610,-3955.39,-388.347,21.4764,153922,-3358.47,457.37,68.0779
0.136257,0,-484.434,8.64327,2.27485,250564,-3952.88,-388.386,21.4725,153981,-3356.93,457.336,68.0824
0.136267,0,-484.434,8.63843,2.27493,250518,-3950.37,-388.426,21.4686,154041,-3355.39,457.302,68.087
0.136277,0,-484.434,8.63359,2.27502,250472,-3947.87,-388.465,21.4648,154101,-3353.85,457.269,68.0916
0.136287,0,-484.434,8.62874,2.27511,250426,-3945.37,-388.505,21.4609,154161,-3352.31,457.235,68.0961
0.136297,0,-484.434,8.6239,2.27519,250381,-3942.86,-388.544,21.457,154221,-3350.76,457.202,68.1007
0.136307,0,-484.434,8.61905,2.27528,250335,-3940.36,-388.583,21.4531,154281,-3349.22,457.168,68.1053
0.136317,0,-484.434,8.61421,2.27536,250289,-3937.86,-388.623,21.4492,154340,-3347.68,457.135,68.1099
0.136327,0,-484.434,8.60937,2.27545,250243,-3935.35,-388.662,21.4453,154400,-3346.14,457.101,68.1144
0.136337,0,-484.434,8.60452,2.27554,250198,-3932.85,-388.702,21.4414,154460,-3344.59,457.068,68.119
0.136347,0,-484.434,8.59968,2.27562,250152,-3930.35,-388.741,21.4375,154519,-3343.05,457.035,68.1236
0.136357,0,-484.434,8.59484,2.27571,250106,-3927.85,-388.78,21.4337,154579,-3341.5,457.001,68.1281
0.136367,0,-484.434,8.58999,2.27579,250061,-3925.35,-388.819,21.4298,154639,-3339.96,456.968,68.1327
0.136377,0,-484.434,8.58515,2.27588,250015,-3922.85,-388.859,21.4259,154698,-3338.41,456.934,68.1373
0.136387,0,-484.434,8.58031,2.27597,249969,-3920.35,-388.898,21.422,154757,-3336.86,456.901,68.1418
0.136397,0,-484.434,8.57546,2.27605,249924,-3917.85,-388.937,21.4181,154817,-3335.31,456.868,68.1464
0.136407,0,-484.434,8.57062,2.27614,249878,-3915.35,-388.976,21.4142,154876,-3333.77,456.834,68.151
0.136417,0,-484.434,8.56577,2.27622,249833,-3912.85,-389.015,21.4103,154936,-3332.22,456.801,68.1556
0.136427,0,-484.434,8.56093,2.27631,249787,-3910.36,-389.054,21.4064,154995,-3330.67,456.768,68.1601
0.136437,0,-484.434,8.55609,2.27639,249742,-3907.86,-389.094,21.4025,155054,-3329.12,456.734,68.1647
0.136447,0,-484.434,8.55124,2.27648,249696,-3905.36,-389.133,21.3987,155113,-3327.57,456.701,68.1693
0.136457,0,-484.434,8.5464,2.27657,249651,-3902.87,-389.172,21.3948,155172,-3326.02,456.668,68.1738
0.136467,0,-484.434,8.54156,2.27665,249605,-3900.37,-389.211,21.3909,155232,-3324.46,456.634,68.1784
0.136477,0,-484.434,8.53671,2.27674,249560,-3897.87,-389.25,21.387,155291,-3322.91,456.601,68.183
0.136487,0,-484.434,8.53187,2.27682,249514,-3895.38,-389.289,21.3831,155350,-3321.36,456.568,68.1875
0.136497,0,-484.434,8.52703,2.27691,249469,-3892.88,-389.327,21.3792,155409,-3319.8,456.535,68.1921
0.136507,0,-484.434,8.52218,2.27699,249424,-3890.39,-389.366,21.3753,155468,-3318.25,456.502,68.1967
0.136517,0,-484.434,8.51734,2.27708,249378,-3887.9,-389.405,21.3714,155526,-3316.7,456.469,68.2012
0.136527,0,-484.434,8.51249,2.27716,249333,-3885.4,-389.444,21.3675,155585,-3315.14,456.435,68.2058
0.136537,0,-484.434,8.50765,2.27725,249287,-3882.91,-389.483,21.3636,155644,-3313.59,456.402,68.2103
0.136547,0,-484.434,8.50281,2.27733,249242,-3880.42,-389.522,21.3597,155703,-3312.03,456.369,68.2149
0.136557,0,-484.434,8.49796,2.27742,249197,-3877.93,-389.561,21.3558,155762,-3310.47,456.336,68.2195
0.136567,0,-484.434,8.49312,2.2775,249151,-3875.43,-389.599,21.3519,155821,-3308.91,456.303,68.224
0.136577,0,-484.434,8.48828,2.27759,249106,-3872.94,-389.638,21.348,155879,-3307.36,456.27,68.2286
0.136587,0,-484.434,8.48343,2.27767,249061,-3870.45,-389.677,21.3441,155938,-3305.8,456.237,68.2332
0.136597,0,-484.434,8.47859,2.27776,249016,-3867.96,-389.715,21.3402,155996,-3304.24,456.204,68.2377
0.136607,0,-484.434,8.47374,2.27784,248970,-3865.47,-389.754,21.3363,156055,-3302.68,456.171,68.2423
0.136617,0,-484.434,8.4689,2.27793,248925,-3862.98,-389.793,21.3324,156114,-3301.12,456.138,68.2468
0.136627,0,-484.434,8.46406,2.27801,248880,-3860.5,-389.831,21.3285,156172,-3299.56,456.105,68.2514
0.136637,0,-484.434,8.45921,2.2781,248835,-3858.01,-389.87,21.3246,156230,-3297.99,456.072,68.256
0.136647,0,-484.434,8.45437,2.27818,248790,-3855.52,-389.909,21.3208,156289,-3296.43,456.039,68.2605
0.136657,0,-484.434,8.44953,2.27826,248745,-3853.03,-389.947,21.3169,156347,-3294.87,456.006,68.2651
0.136667,0,-484.434,8.44468,2.27835,248700,-3850.55,-389.986,21.313,156406,-3293.3,455.973,68.2697
0.136677,0,-484.434,8.43984,2.27843,248654,-3848.06,-390.024,21.3091,156464,-3291.74,455.94,68.2742
0.136687,0,-484.434,8.43499,2.27852,248609,-3845.57,-390.063,21.3052,156522,-3290.18,455.907,68.2788
0.136697,0,-484.434,8.43015,2.2786,248564,-3843.09,-390.101,21.3013,156580,-3288.61,455.874,68.2833
0.136707,0,-484.434,8.42531,2.27869,248519,-3840.6,-390.139,21.2973,156638,-3287.04,455.841,68.2879
0.136717,0,-484.434,8.42046,2.27877,248474,-3838.12,-390.178,21.2934,156697,-3285.48,455.808,68.2925
0.136727,0,-484.434,8.41562,2.27885,248429,-3835.63,-390.216,21.2895,156755,-3283.91,455.776,68.297
0.136737,0,-484.434,8.41078,2.27894,248384,-3833.15,-390.254,21.2856,156813,-3282.34,455.743,68.3016
0.136747,0,-484.434,8.40593,2.27902,248339,-3830.67,-390.293,21.2817,156871,-3280.78,455.71,68.3061
0.136757,0,-484.434,8.40109,2.27911,248294,-3828.18,-390.331,21.2778,156929,-3279.21,455.677,68.3107
0.136767,0,-484.434,8.39625,2.27919,248249,-3825.7,-390.369,21.2739,156987,-3277.64,455.644,68.3152
0.136777,0,-484.434,8.3914,2.27927,248204,-3823.22,-390.408,21.27,157044,-3276.07,455.612,68.3198
0.136787,0,-484.434,8.38656,2.27936,248159,-3820.74,-390.446,21.2661,157102,-3274.5,455.579,68.3243
0.136797,0,-484.434,8.38171,2.27944,248115,-3818.26,-390.484,21.2622,157160,-3272.93,455.546,68.3289
0.136807,0,-484.434,8.37687,2.27953,248070,-3815.78,-390.522,21.2583,157218,-3271.35,455.513,68.3335
0.136817,0,-484.434,8.37203,2.27961,248025,-3813.3,-390.56,21.2544,157276,-3269.78,455.481,68.338
0.136827,0,-484.434,8.36718,2.27969,247980,-3810.82,-390.598,21.2505,157333,-3268.21,455.448,68.3426
0.136837,0,-484.434,8.36234,2.27978,247935,-3808.34,-390.637,21.2466,157391,-3266.64,455.415,68.3471
0.136847,0,-484.434,8.3575,2.27986,247890,-3805.86,-390.675,21.2427,157448,-3265.06,455.383,68.3517
0.136857,0,-484.434,8.35265,2.27994,247846,-3803.38,-390.713,21.2388,157506,-3263.49,455.35,68.3562
0.136867,0,-484.434,8.34781,2.28003,247801,-3800.9,-390.751,21.2349,157564,-3261.91,455.317,68.3608
0.136877,0,-484.434,8.34296,2.28011,247756,-3798.42,-390.789,21.231,157621,-3260.34,455.285,68.3653
0.136887,0,-484.434,8.33812,2.28019,247711,-3795.95,-390.827,21.2271,157678,-3258.76,455.252,68.3699
0.136897,0,-484.434,8.33328,2.28028,247667,-3793.47,-390.865,21.2232,157736,-3257.18,455.22,68.3744
0.136907,0,-484.434,8.32843,2.28036,247622,-3791,-390.902,21.2192,157793,-3255.61,455.187,68.379
0.136917,0,-484.434,8.32359,2.28045,247577,-3788.52,-390.94,21.2153,157851,-3254.03,455.154,68.3836
0.136927,0,-484.434,8.31875,2.28053,247533,-3786.04,-390.978,21.2114,157908,-3252.45,455.122,68.3881
0.136937,0,-484.434,8.3139,2.28061,247488,-3783.57,-391.016,21.2075,157965,-3250.87,455.089,68.3927
0.136947,0,-484.434,8.30906,2.28069,247443,-3781.1,-391.054,21.2036,158022,-3249.29,455.057,68.3972
0.136957,0,-484.434,8.30421,2.28078,247399,-3778.62,-391.092,21.1997,158080,-3247.71,455.025,68.4018
0.136967,0,-484.434,8.29937,2.28086,247354,-3776.15,-391.129,21.1958,158137,-3246.13,454.992,68.4063
0.136977,0,-484.434,8.29453,2.28094,247310,-3773.67,-391.167,21.1919,158194,-3244.55,454.96,68.4109
0.136987,0,-484.434,8.28968,2.28103,247265,-3771.2,-391.205,21.188,158251,-3242.97,454.927,68.4154
0.136997,0,-484.434,8.28484,2.28111,247221,-3768.73,-391.243,21.184,158308,-3241.38,454.895,68.4199
0.137007,0,-484.434,8.28,2.28119,247176,-3766.26,-391.28,21.1801,158365,-3239.8,454.862,68.4245
0.137017,0,-484.434,8.27515,2.28127,247132,-3763.79,-391.318,21.1762,158422,-3238.22,454.83,68.429
0.137027,0,-484.434,8.27031,2.28136,247087,-3761.32,-391.356,21.1723,158479,-3236.63,454.798,68.4336
0.137037,0,-484.434,8.26546,2.28144,247043,-3758.85,-391.393,21.1684,158535,-3235.05,454.765,68.4381
0.137047,0,-484.434,8.26062,2.28152,246998,-3756.38,-391.431,21.1645,158592,-3233.46,454.733,68.4427
0.137057,0,-484.434,8.25578,2.28161,246954,-3753.91,-391.468,21.1606,158649,-3231.88,454.701,68.4472
0.137067,0,-484.434,8.25093,2.28169,246910,-3751.44,-391.506,21.1566,158706,-3230.29,454.668,68.4518
0.137077,0,-484.434,8.24609,2.28177,246865,-3748.97,-391.543,21.1527,158762,-3228.7,454.636,68.4563
0.137087,0,-484.434,8.24125,2.28185,246821,-3746.5,-391.581,21.1488,158819,-3227.11,454.604,68.4609
0.137097,0,-484.434,8.2364,2.28194,246776,-3744.03,-391.618,21.1449,158876,-3225.53,454.571,68.4654
0.137107,0,-484.434,8.23156,2.28202,246732,-3741.57,-391.656,21.141,158932,-3223.94,454.539,68.47
0.137117,0,-484.434,8.22672,2.2821,246688,-3739.1,-391.693,21.1371,158989,-3222.35,454.507,68.4745
0.137127,0,-484.434,8.22187,2.28218,246644,-3736.63,-391.73,21.1332,159045,-3220.76,454.475,68.4791
0.137137,0,-484.434,8.21703,2.28226,246599,-3734.17,-391.768,21.1292,159102,-3219.17,454.443,68.4836
0.137147,0,-484.434,8.21218,2.28235,246555,-3731.7,-391.805,21.1253,159158,-3217.58,454.41,68.4882
0.137157,0,-484.434,8.20734,2.28243,246511,-3729.24,-391.842,21.1214,159215,-3215.98,454.378,68.4927
0.137167,0,-484.434,8.2025,2.28251,246467,-3726.77,-391.88,21.1175,159271,-3214.39,454.346,68.4972
0.137177,0,-484.434,8.19765,2.28259,246422,-3724.31,-391.917,21.1136,159327,-3212.8,454.314,68.5018
0.137187,0,-484.434,8.19281,2.28267,246378,-3721.84,-391.954,21.1096,159383,-3211.21,454.282,68.5063
0.137197,0,-484.434,8.18797,2.28276,246334,-3719.38,-391.991,21.1057,159440,-3209.61,454.25,68.5109
0.137207,0,-484.434,8.18312,2.28284,246290,-3716.92,-392.028,21.1018,159496,-3208.02,454.218,68.5154
0.137217,0,-484.434,8.17828,2.28292,246246,-3714.46,-392.066,21.0979,159552,-3206.42,454.186,68.5199
0.137227,0,-484.434,8.17344,2.283,246202,-3711.99,-392.103,21.094,159608,-3204.83,454.154,68.5245
0.137237,0,-484.434,8.16859,2.28308,246158,-3709.53,-392.14,21.09,159664,-3203.23,454.121,68.529
0.137247,0,-484.434,8.16375,2.28316,246114,-3707.07,-392.177,21.0861,159720,-3201.63,454.089,68.5336
0.137257,0,-484.434,8.1589,2.28325,246070,-3704.61,-392.214,21.0822,159776,-3200.04,454.057,68.5381
0.137267,0,-484.434,8.15406,2.28333,246026,-3702.15,-392.251,21.0783,159832,-3198.44,454.025,68.5426
0.137277,0,-484.434,8.14922,2.28341,245982,-3699.69,-392.288,21.0744,159888,-3196.84,453.994,68.5472
0.137287,0,-484.434,8.14437,2.28349,245938,-3697.23,-392.325,21.0704,159944,-3195.24,453.962,68.5517
0.137297,0,-484.434,8.13953,2.28357,245894,-3694.77,-392.362,21.0665,160000,-3193.64,453.93,68.5563
0.137307,0,-484.434,8.13469,2.28365,245850,-3692.31,-392.399,21.0626,160055,-3192.04,453.898,68.5608
0.137317,0,-484.434,8.12984,2.28374,245806,-3689.86,-392.436,21.0587,160111,-3190.44,453.866,68.5653
0.137327,0,-484.434,8.125,2.28382,245762,-3687.4,-392.473,21.0547,160167,-3188.84,453.834,68.5699
0.137337,0,-484.434,8.12015,2.2839,245718,-3684.94,-392.51,21.0508,160223,-3187.24,453.802,68.5744
0.137347,0,-484.434,8.11531,2.28398,245674,-3682.49,-392.546,21.0469,160278,-3185.64,453.77,68.579
0.137357,0,-484.434,8.11047,2.28406,245630,-3680.03,-392.583,21.043,160334,-3184.03,453.738,68.5835
0.137367,0,-484.434,8.10562,2.28414,245586,-3677.57,-392.62,21.039,160389,-3182.43,453.706,68.588
0.137377,0,-484.434,8.10078,2.28422,245542,-3675.12,-392.657,21.0351,160445,-3180.83,453.675,68.5926
0.137387,0,-484.434,8.09594,2.2843,245499,-3672.66,-392.694,21.0312,160500,-3179.22,453.643,68.5971
0.137397,0,-484.434,8.09109,2.28438,245455,-3670.21,-392.73,21.0272,160556,-3177.62,453.611,68.6017
0.137407,0,-484.434,8.08625,2.28446,245411,-3667.76,-392.767,21.0233,160611,-3176.01,453.579,68.6062
0.137417,0,-484.434,8.08141,2.28455,245367,-3665.3,-392.804,21.0194,160666,-3174.4,453.548,68.6107
0.137427,0,-484.434,8.07656,2.28463,245324,-3662.85,-392.84,21.0155,160722,-3172.8,453.516,68.6153
0.137437,0,-484.434,8.07172,2.28471,245280,-3660.4,-392.877,21.0115,160777,-3171.19,453.484,68.6198
0.137447,0,-484.434,8.06687,2.28479,245236,-3657.94,-392.913,21.0076,160832,-3169.58,453.452,68.6243
0.137457,0,-484.434,8.06203,2.28487,245193,-3655.49,-392.95,21.0037,160887,-3167.97,453.421,68.6289
0.137467,0,-484.434,8.05719,2.28495,245149,-3653.04,-392.986,20.9997,160943,-3166.36,453.389,68.6334
0.137477,0,-484.434,8.05234,2.28503,245105,-3650.59,-393.023,20.9958,160998,-3164.76,453.357,68.6379
0.137487,0,-484.434,8.0475,2.28511,245062,-3648.14,-393.059,20.9919,161053,-3163.15,453.326,68.6424
0.137497,0,-484.434,8.04266,2.28519,245018,-3645.69,-393.096,20.988,161108,-3161.54,453.294,68.647
0.137507,0,-484.434,8.03781,2.28527,244975,-3643.24,-393.132,20.984,161163,-3159.92,453.263,68.6515
0.137517,0,-484.434,8.03297,2.28535,244931,-3640.79,-393.169,20.9801,161218,-3158.31,453.231,68.656
0.137527,0,-484.434,8.02812,2.28543,244887,-3638.34,-393.205,20.9762,161273,-3156.7,453.199,68.6606
0.137537,0,-484.434,8.02328,2.28551,244844,-3635.89,-393.241,20.9722,161328,-3155.09,453.168,68.6651
0.137547,0,-484.434,8.01844,2.28559,244800,-3633.44,-393.278,20.9683,161383,-3153.47,453.136,68.6696
0.137557,0,-484.434,8.01359,2.28567,244757,-3631,-393.314,20.9644,161437,-3151.86,453.105,68.6742
0.137567,0,-484.434,8.00875,2.28575,244713,-3628.55,-393.35,20.9604,161492,-3150.25,453.073,68.6787
0.137577,0,-484.434,8.00391,2.28583,244670,-3626.1,-393.387,20.9565,161547,-3148.63,453.042,68.6832
0.137587,0,-484.434,7.99906,2.28591,244627,-3623.66,-393.423,20.9526,161601,-3147.01,453.01,68.6878
0.137597,0,-484.434,7.99422,2.28599,244583,-3621.21,-393.459,20.9486,161656,-3145.4,452.979,68.6923
0.137607,0,-484.434,7.98938,2.28607,244540,-3618.77,-393.495,20.9447,161711,-3143.78,452.947,68.6968
0.137617,0,-484.434,7.98453,2.28615,244496,-3616.32,-393.532,20.9408,161765,-3142.17,452.916,68.7014
0.137627,0,-484.434,7.97969,2.28623,244453,-3613.88,-393.568,20.9368,161820,-3140.55,452.885,68.7059
0.137637,0,-484.434,7.97484,2.28631,244410,-3611.43,-393.604,20.9329,161874,-3138.93,452.853,68.7104
0.137647,0,-484.434,7.97,2.28639,244367,-3608.99,-393.64,20.929,161929,-3137.31,452.822,68.715
0.137657,0,-484.434,7.96516,2.28647,244323,-3606.55,-393.676,20.925,161983,-3135.69,452.79,68.7195
0.137667,0,-484.434,7.96031,2.28655,244280,-3604.1,-393.712,20.9211,162038,-3134.07,452.759,68.724
0.137677,0,-484.434,7.95547,2.28663,244237,-3601.66,-393.748,20.9171,162092,-3132.45,452.728,68.7285
0.137687,0,-484.434,7.95063,2.28671,244193,-3599.22,-393.784,20.9132,162146,-3130.83,452.696,68.7331
0.137697,0,-484.434,7.94578,2.28679,244150,-3596.78,-393.82,20.9093,162200,-3129.21,452.665,68.7376
0.137707,0,-484.434,7.94094,2.28687,244107,-3594.34,-393.856,20.9053,162255,-3127.59,452.634,68.7421
0.137717,0,-484.434,7.93609,2.28695,244064,-3591.9,-393.892,20.9014,162309,-3125.96,452.603,68.7466
0.137727,0,-484.434,7.93125,2.28703,244021,-3589.46,-393.928,20.8974,162363,-3124.34,452.571,68.7512
0.137737,0,-484.434,7.92641,2.28711,243978,-3587.02,-393.964,20.8935,162417,-3122.72,452.54,68.7557
0.137747,0,-484.434,7.92156,2.28719,243934,-3584.58,-394,20.8896,162471,-3121.09,452.509,68.7602
0.137757,0,-484.434,7.91672,2.28727,243891,-3582.14,-394.035,20.8856,162525,-3119.47,452.478,68.7647
0.137767,0,-484.434,7.91188,2.28734,243848,-3579.7,-394.071,20.8817,162579,-3117.84,452.447,68.7693
0.137777,0,-484.434,7.90703,2.28742,243805,-3577.26,-394.107,20.8777,162633,-3116.22,452.415,68.7738
0.137787,0,-484.434,7.90219,2.2875,243762,-3574.82,-394.143,20.8738,162687,-3114.59,452.384,68.7783
0.137797,0,-484.434,7.89734,2.28758,243719,-3572.39,-394.178,20.8699,162741,-3112.96,452.353,68.7828
0.137807,0,-484.434,7.8925,2.28766,243676,-3569.95,-394.214,20.8659,162795,-3111.34,452.322,68.7874
0.137817,0,-484.434,7.88766,2.28774,243633,-3567.52,-394.25,20.862,162849,-3109.71,452.291,68.7919
0.137827,0,-484.434,7.88281,2.28782,243590,-3565.08,-394.286,20.858,162902,-3108.08,452.26,68.7964
0.137837,0,-484.434,7.87797,2.2879,243547,-3562.64,-394.321,20.8541,162956,-3106.45,452.229,68.8009
0.137846,0,-484.434,7.87313,2.28798,243504,-3560.21,-394.357,20.8502,163010,-3104.82,452.198,68.8055
0.137856,0,-484.434,7.86828,2.28805,243462,-3557.77,-394.392,20.8462,163063,-3103.19,452.167,68.81
0.137866,0,-484.434,7.86344,2.28813,243419,-3555.34,-394.428,20.8423,163117,-3101.56,452.136,68.8145
0.137876,0,-484.434,7.85859,2.28821,243376,-3552.91,-394.463,20.8383,163171,-3099.93,452.105,68.819
0.137886,0,-484.434,7.85375,2.28829,243333,-3550.47,-394.499,20.8344,163224,-3098.3,452.074,68.8235
0.137896,0,-484.434,7.84891,2.28837,243290,-3548.04,-394.534,20.8304,163278,-3096.66,452.043,68.8281
0.137906,0,-484.434,7.84406,2.28845,243247,-3545.61,-394.57,20.8265,163331,-3095.03,452.012,68.8326
0.137916,0,-484.434,7.83922,2.28853,243205,-3543.18,-394.605,20.8225,163384,-3093.4,451.981,68.8371
0.137926,0,-484.434,7.83438,2.2886,243162,-3540.74,-394.641,20.8186,163438,-3091.76,451.95,68.8416
0.137936,0,-484.434,7.82953,2.28868,243119,-3538.31,-394.676,20.8146,163491,-3090.13,451.919,68.8461
0.137946,0,-484.434,7.82469,2.28876,243076,-3535.88,-394.712,20.8107,163544,-3088.49,451.888,68.8507
0.137956,0,-484.434,7.81985,2.28884,243034,-3533.45,-394.747,20.8068,163598,-3086.86,451.857,68.8552
0.137966,0,-484.434,7.815,2.28892,242991,-3531.02,-394.782,20.8028,163651,-3085.22,451.826,68.8597
0.137976,0,-484.434,7.81016,2.28899,242948,-3528.59,-394.818,20.7989,163704,-3083.59,451.795,68.8642
0.137986,0,-484.434,7.80531,2.28907,242906,-3526.17,-394.853,20.7949,163757,-3081.95,451.765,68.8687
0.137996,0,-484.434,7.80047,2.28915,242863,-3523.74,-394.888,20.791,163810,-3080.31,451.734,68.8732
0.138006,0,-484.434,7.79563,2.28923,242820,-3521.31,-394.923,20.787,163863,-3078.67,451.703,68.8778
0.138016,0,-484.434,7.79078,2.28931,242778,-3518.88,-394.958,20.7831,163916,-3077.03,451.672,68.8823
0.138026,0,-484.434,7.78594,2.28938,242735,-3516.45,-394.994,20.7791,163969,-3075.4,451.642,68.8868
0.138036,0,-484.434,7.7811,2.28946,242693,-3514.03,-395.029,20.7752,164022,-3073.76,451.611,68.8913
0.138046,0,-484.434,7.77625,2.28954,242650,-3511.6,-395.064,20.7712,164075,-3072.12,451.58,68.8958
0.138056,0,-484.434,7.77141,2.28962,242608,-3509.17,-395.099,20.7673,164128,-3070.48,451.549,68.9003
0.138066,0,-484.434,7.76656,2.2897,242565,-3506.75,-395.134,20.7633,164181,-3068.83,451.519,68.9049
0.138076,0,-484.434,7.76172,2.28977,242523,-3504.32,-395.169,20.7594,164234,-3067.19,451.488,68.9094
0.138086,0,-484.434,7.75688,2.28985,242480,-3501.9,-395.204,20.7554,164286,-3065.55,451.457,68.9139
0.138096,0,-484.434,7.75203,2.28993,242438,-3499.47,-395.239,20.7515,164339,-3063.91,451.427,68.9184
0.138106,0,-484.434,7.74719,2.29001,242395,-3497.05,-395.274,20.7475,164392,-3062.26,451.396,68.9229
0.138116,0,-484.434,7.74235,2.29008,242353,-3494.63,-395.309,20.7435,164444,-3060.62,451.365,68.9274
0.138126,0,-484.434,7.7375,2.29016,242311,-3492.2,-395.344,20.7396,164497,-3058.98,451.335,68.932
0.138136,0,-484.434,7.73266,2.29024,242268,-3489.78,-395.379,20.7356,164550,-3057.33,451.304,68.9365
0.138146,0,-484.434,7.72781,2.29032,242226,-3487.36,-395.414,20.7317,164602,-3055.68,451.274,68.941
0.138156,0,-484.434,7.72297,2.29039,242184,-3484.94,-395.449,20.7277,164655,-3054.04,451.243,68.9455
0.138166,0,-484.434,7.71813,2.29047,242141,-3482.52,-395.483,20.7238,164707,-3052.39,451.213,68.95
0.138176,0,-484.434,7.71328,2.29055,242099,-3480.1,-395.518,20.7198,164759,-3050.74,451.182,68.9545
0.138186,0,-484.434,7.70844,2.29062,242057,-3477.68,-395.553,20.7159,164812,-3049.1,451.152,68.959
0.138196,0,-484.434,7.7036,2.2907,242015,-3475.26,-395.588,20.7119,164864,-3047.45,451.121,68.9635
0.138206,0,-484.434,7.69875,2.29078,241972,-3472.84,-395.623,20.708,164916,-3045.8,451.091,68.968
0.138216,0,-484.434,7.69391,2.29085,241930,-3470.42,-395.657,20.704,164969,-3044.15,451.06,68.9725
0.138226,0,-484.434,7.68907,2.29093,241888,-3468,-395.692,20.7,165021,-3042.5,451.03,68.9771
0.138236,0,-484.434,7.68422,2.29101,241846,-3465.58,-395.727,20.6961,165073,-3040.85,450.999,68.9816
0.138246,0,-484.434,7.67938,2.29109,241804,-3463.16,-395.761,20.6921,165125,-3039.2,450.969,68.9861
0.138256,0,-484.434,7.67453,2.29116,241762,-3460.74,-395.796,20.6882,165177,-3037.55,450.939,68.9906
0.138266,0,-484.434,7.66969,2.29124,241720,-3458.33,-395.83,20.6842,165229,-3035.9,450.908,68.9951
0.138276,0,-484.434,7.66485,2.29132,241677,-3455.91,-395.865,20.6803,165281,-3034.25,450.878,68.9996
0.138286,0,-484.434,7.66,2.29139,241635,-3453.49,-395.9,20.6763,165333,-3032.59,450.848,69.0041
0.138296,0,-484.434,7.65516,2.29147,241593,-3451.08,-395.934,20.6723,165385,-3030.94,450.817,69.0086
0.138306,0,-484.434,7.65032,2.29155,241551,-3448.66,-395.969,20.6684,165437,-3029.28,450.787,69.0131
0.138316,0,-484.434,7.64547,2.29162,241509,-3446.25,-396.003,20.6644,165489,-3027.63,450.757,69.0176
0.138326,0,-484.434,7.64063,2.2917,241467,-3443.83,-396.037,20.6605,165541,-3025.98,450.726,69.0221
0.138336,0,-484.434,7.63579,2.29177,241425,-3441.42,-396.072,20.6565,165593,-3024.32,450.696,69.0267
0.138346,0,-484.434,7.63094,2.29185,241384,-3439.01,-396.106,20.6525,165644,-3022.66,450.666,69.0312
0.138356,0,-484.434,7.6261,2.29193,241342,-3436.59,-396.141,20.6486,165696,-3021.01,450.636,69.0357
0.138366,0,-484.434,7.62125,2.292,241300,-3434.18,-396.175,20.6446,165748,-3019.35,450.606,69.0402
0.138376,0,-484.434,7.61641,2.29208,241258,-3431.77,-396.209,20.6406,165799,-3017.69,450.575,69.0447
0.138386,0,-484.434,7.61157,2.29216,241216,-3429.35,-396.244,20.6367,165851,-3016.03,450.545,69.0492
0.138396,0,-484.434,7.60672,2.29223,241174,-3426.94,-396.278,20.6327,165903,-3014.38,450.515,69.0537
0.138406,0,-484.434,7.60188,2.29231,241132,-3424.53,-396.312,20.6288,165954,-3012.72,450.485,69.0582
0.138416,0,-484.434,7.59704,2.29238,241091,-3422.12,-396.346,20.6248,166006,-3011.06,450.455,69.0627
0.138426,0,-484.434,7.59219,2.29246,241049,-3419.71,-396.381,20.6208,166057,-3009.4,450.425,69.0672
0.138436,0,-484.434,7.58735,2.29254,241007,-3417.3,-396.415,20.6169,166108,-3007.74,450.395,69.0717
0.138446,0,-484.434,7.5825,2.29261,240965,-3414.89,-396.449,20.6129,166160,-3006.08,450.365,69.0762
0.138456,0,-484.434,7.57766,2.29269,240924,-3412.48,-396.483,20.6089,166211,-3004.41,450.334,69.0807
0.138466,0,-484.434,7.57282,2.29276,240882,-3410.07,-396.517,20.605,166262,-3002.75,450.304,69.0852
0.138476,0,-484.434,7.56797,2.29284,240840,-3407.66,-396.551,20.601,166314,-3001.09,450.274,69.0897
0.138486,0,-484.434,7.56313,2.29291,240799,-3405.26,-396.585,20.597,166365,-2999.43,450.244,69.0942
0.138496,0,-484.434,7.55829,2.29299,240757,-3402.85,-396.619,20.5931,166416,-2997.76,450.214,69.0987
0.138506,0,-484.434,7.55344,2.29307,240715,-3400.44,-396.653,20.5891,166467,-2996.1,450.185,69.1032
0.138516,0,-484.434,7.5486,2.29314,240674,-3398.04,-396.687,20.5851,166518,-2994.43,450.155,69.1077
0.138526,0,-484.434,7.54375,2.29322,240632,-3395.63,-396.721,20.5812,166569,-2992.77,450.125,69.1122
0.138536,0,-484.434,7.53891,2.29329,240591,-3393.22,-396.755,20.5772,166620,-2991.1,450.095,69.1167
0.138546,0,-484.434,7.53407,2.29337,240549,-3390.82,-396.789,20.5732,166671,-2989.44,450.065,69.1212
0.138556,0,-484.434,7.52922,2.29344,240508,-3388.41,-396.823,20.5693,166722,-2987.77,450.035,69.1257
0.138566,0,-484.434,7.52438,2.29352,240466,-3386.01,-396.857,20.5653,166773,-2986.1,450.005,69.1302
0.138576,0,-484.434,7.51954,2.29359,240425,-3383.6,-396.891,20.5613,166824,-2984.43,449.975,69.1347
0.138586,0,-484.434,7.51469,2.29367,240383,-3381.2,-396.925,20.5574,166875,-2982.77,449.945,69.1392
0.138596,0,-484.434,7.50985,2.29374,240342,-3378.8,-396.958,20.5534,166926,-2981.1,449.916,69.1437
0.138606,0,-484.434,7.505,2.29382,240300,-3376.39,-396.992,20.5494,166977,-2979.43,449.886,69.1482
0.138616,0,-484.434,7.50016,2.29389,240259,-3373.99,-397.026,20.5455,167027,-2977.76,449.856,69.1527
0.138626,0,-484.434,7.49532,2.29397,240218,-3371.59,-397.06,20.5415,167078,-2976.09,449.826,69.1572
0.138636,0,-484.434,7.49047,2.29404,240176,-3369.19,-397.093,20.5375,167129,-2974.42,449.796,69.1617
0.138646,0,-484.434,7.48563,2.29412,240135,-3366.79,-397.127,20.5335,167179,-2972.75,449.767,69.1662
0.138656,0,-484.434,7.48079,2.29419,240094,-3364.39,-397.161,20.5296,167230,-2971.07,449.737,69.1707
0.138666,0,-484.434,7.47594,2.29427,240052,-3361.99,-397.194,20.5256,167280,-2969.4,449.707,69.1752
0.138676,0,-484.434,7.4711,2.29434,240011,-3359.59,-397.228,20.5216,167331,-2967.73,449.678,69.1797
0.138686,0,-484.434,7.46626,2.29442,239970,-3357.19,-397.262,20.5177,167381,-2966.06,449.648,69.1842
0.138696,0,-484.434,7.46141,2.29449,239929,-3354.79,-397.295,20.5137,167432,-2964.38,449.618,69.1887
0.138706,0,-484.434,7.45657,2.29457,239888,-3352.39,-397.329,20.5097,167482,-2962.71,449.589,69.1932
0.138716,0,-484.434,7.45172,2.29464,239846,-3349.99,-397.362,20.5057,167532,-2961.03,449.559,69.1977
0.138726,0,-484.434,7.44688,2.29472,239805,-3347.59,-397.396,20.5018,167583,-2959.36,449.529,69.2022
0.138736,0,-484.434,7.44204,2.29479,239764,-3345.19,-397.429,20.4978,167633,-2957.68,449.5,69.2067
0.138746,0,-484.434,7.43719,2.29486,239723,-3342.8,-397.462,20.4938,167683,-2956.01,449.47,69.2112
0.138756,0,-484.434,7.43235,2.29494,239682,-3340.4,-397.496,20.4898,167733,-2954.33,449.441,69.2157
0.138766,0,-484.434,7.42751,2.29501,239641,-3338.01,-397.529,20.4859,167784,-2952.65,449.411,69.2202
0.138776,0,-484.434,7.42266,2.29509,239600,-3335.61,-397.563,20.4819,167834,-2950.97,449.382,69.2247
0.138786,0,-484.434,7.41782,2.29516,239559,-3333.21,-397.596,20.4779,167884,-2949.29,449.352,69.2292
0.138796,0,-484.434,7.41297,2.29524,239518,-3330.82,-397.629,20.4739,167934,-2947.62,449.323,69.2337
0.138806,0,-484.434,7.40813,2.29531,239477,-3328.42,-397.663,20.47,167984,-2945.94,449.293,69.2381
0.138816,0,-484.434,7.40329,2.29538,239436,-3326.03,-397.696,20.466,168034,-2944.26,449.264,69.2426
0.138826,0,-484.434,7.39844,2.29546,239395,-3323.64,-397.729,20.462,168084,-2942.58,449.234,69.2471
0.138836,0,-484.434,7.3936,2.29553,239354,-3321.24,-397.762,20.458,168134,-2940.9,449.205,69.2516
0.138846,0,-484.434,7.38876,2.29561,239313,-3318.85,-397.796,20.4541,168183,-2939.21,449.176,69.2561
0.138856,0,-484.434,7.38391,2.29568,239272,-3316.46,-397.829,20.4501,168233,-2937.53,449.146,69.2606
0.138866,0,-484.434,7.37907,2.29575,239231,-3314.06,-397.862,20.4461,168283,-2935.85,449.117,69.2651
0.138876,0,-484.434,7.37423,2.29583,239190,-3311.67,-397.895,20.4421,168333,-2934.17,449.087,69.2696
0.138886,0,-484.434,7.36938,2.2959,239150,-3309.28,-397.928,20.4381,168382,-2932.48,449.058,69.2741
0.138896,0,-484.434,7.36454,2.29597,239109,-3306.89,-397.961,20.4342,168432,-2930.8,449.029,69.2786
0.138906,0,-484.434,7.35969,2.29605,239068,-3304.5,-397.994,20.4302,168482,-2929.12,449,69.2831
0.138916,0,-484.434,7.35485,2.29612,239027,-3302.11,-398.027,20.4262,168531,-2927.43,448.97,69.2876
0.138926,0,-484.434,7.35001,2.29619,238986,-3299.72,-398.06,20.4222,168581,-2925.75,448.941,69.2921
0.138936,0,-484.434,7.34516,2.29627,238946,-3297.33,-398.093,20.4182,168630,-2924.06,448.912,69.2965
0.138946,0,-484.434,7.34032,2.29634,238905,-3294.94,-398.126,20.4143,168680,-2922.37,448.883,69.301
0.138956,0,-484.434,7.33548,2.29642,238864,-3292.55,-398.159,20.4103,168729,-2920.69,448.853,69.3055
0.138966,0,-484.434,7.33063,2.29649,238824,-3290.16,-398.192,20.4063,168779,-2919,448.824,69.31
0.138976,0,-484.434,7.32579,2.29656,238783,-3287.78,-398.225,20.4023,168828,-2917.31,448.795,69.3145
0.138986,0,-484.434,7.32094,2.29663,238742,-3285.39,-398.258,20.3983,168877,-2915.62,448.766,69.319
0.138996,0,-484.434,7.3161,2.29671,238702,-3283,-398.291,20.3943,168927,-2913.93,448.737,69.3235
0.139006,0,-484.434,7.31126,2.29678,238661,-3280.62,-398.323,20.3904,168976,-2912.25,448.708,69.3279
0.139016,0,-484.434,7.30641,2.29685,238621,-3278.23,-398.356,20.3864,169025,-2910.55,448.678,69.3324
0.139026,0,-484.434,7.30157,2.29693,238580,-3275.84,-398.389,20.3824,169074,-2908.87,448.649,69.3369
0.139036,0,-484.434,7.29673,2.297,238540,-3273.46,-398.422,20.3784,169123,-2907.17,448.62,69.3414
0.139046,0,-484.434,7.29188,2.29707,238499,-3271.07,-398.454,20.3744,169172,-2905.48,448.591,69.3459
0.139056,0,-484.434,7.28704,2.29715,238459,-3268.69,-398.487,20.3704,169222,-2903.79,448.562,69.3504
0.139066,0,-484.434,7.2822,2.29722,238418,-3266.31,-398.52,20.3665,169271,-2902.1,448.533,69.3549
0.139076,0,-484.434,7.27735,2.29729,238378,-3263.92,-398.552,20.3625,169320,-2900.41,448.504,69.3593
0.139086,0,-484.434,7.27251,2.29736,238337,-3261.54,-398.585,20.3585,169368,-2898.71,448.475,69.3638
0.139096,0,-484.434,7.26766,2.29744,238297,-3259.16,-398.618,20.3545,169417,-2897.02,448.446,69.3683
0.139106,0,-484.434,7.26282,2.29751,238257,-3256.77,-398.65,20.3505,169466,-2895.32,448.417,69.3728
0.139116,0,-484.434,7.25798,2.29758,238216,-3254.39,-398.683,20.3465,169515,-2893.63,448.388,69.3773
0.139126,0,-484.434,7.25313,2.29766,238176,-3252.01,-398.715,20.3425,169564,-2891.94,448.359,69.3818
0.139136,0,-484.434,7.24829,2.29773,238136,-3249.63,-398.748,20.3386,169613,-2890.24,448.33,69.3863
0.139146,0,-484.434,7.24345,2.2978,238095,-3247.25,-398.78,20.3346,169661,-2888.54,448.302,69.3907
0.139156,0,-484.434,7.2386,2.29787,238055,-3244.87,-398.813,20.3306,169710,-2886.85,448.273,69.3952
0.139166,0,-484.434,7.23376,2.29794,238015,-3242.49,-398.845,20.3266,169759,-2885.15,448.244,69.3997
0.139176,0,-484.434,7.22891,2.29802,237975,-3240.11,-398.878,20.3226,169807,-2883.45,448.215,69.4042
0.139186,0,-484.434,7.22407,2.29809,237934,-3237.73,-398.91,20.3186,169856,-2881.75,448.186,69.4087
0.139196,0,-484.434,7.21923,2.29816,237894,-3235.35,-398.942,20.3146,169904,-2880.06,448.157,69.4132
0.139206,0,-484.434,7.21438,2.29823,237854,-3232.97,-398.975,20.3106,169953,-2878.36,448.129,69.4176
0.139216,0,-484.434,7.20954,2.29831,237814,-3230.59,-399.007,20.3066,170001,-2876.66,448.1,69.4221
0.139226,0,-484.434,7.2047,2.29838,237774,-3228.22,-399.039,20.3027,170050,-2874.96,448.071,69.4266
0.139236,0,-484.434,7.19985,2.29845,237734,-3225.84,-399.072,20.2987,170098,-2873.26,448.042,69.4311
0.139246,0,-484.434,7.19501,2.29852,237694,-3223.46,-399.104,20.2947,170146,-2871.55,448.014,69.4356
0.139256,0,-484.434,7.19016,2.29859,237654,-3221.08,-399.136,20.2907,170195,-2869.85,447.985,69.44
0.139266,0,-484.434,7.18532,2.29867,237614,-3218.71,-399.168,20.2867,170243,-2868.15,447.956,69.4445
0.139276,0,-484.434,7.18048,2.29874,237574,-3216.33,-399.2,20.2827,170291,-2866.45,447.928,69.449
0.139286,0,-484.434,7.17563,2.29881,237534,-3213.96,-399.232,20.2787,170339,-2864.75,447.899,69.4535
0.139296,0,-484.434,7.17079,2.29888,237494,-3211.58,-399.265,20.2747,170388,-2863.04,447.87,69.4579
0.139306,0,-484.434,7.16595,2.29895,237454,-3209.21,-399.297,20.2707,170436,-2861.34,447.842,69.4624
0.139316,0,-484.434,7.1611,2.29902,237414,-3206.83,-399.329,20.2667,170484,-2859.63,447.813,69.4669
0.139326,0,-484.434,7.15626,2.2991,237374,-3204.46,-399.361,20.2627,170532,-2857.93,447.784,69.4714
0.139336,0,-484.434,7.15141,2.29917,237334,-3202.09,-399.393,20.2587,170580,-2856.22,447.756,69.4759
0.139346,0,-484.434,7.14657,2.29924,237294,-3199.72,-399.425,20.2547,170628,-2854.52,447.727,69.4803
0.139356,0,-484.434,7.14173,2.29931,237254,-3197.34,-399.457,20.2508,170676,-2852.81,447.699,69.4848
0.139366,0,-484.434,7.13688,2.29938,237215,-3194.97,-399.489,20.2468,170724,-2851.11,447.67,69.4893
0.139376,0,-484.434,7.13204,2.29945,237175,-3192.6,-399.521,20.2428,170772,-2849.4,447.642,69.4938
0.139386,0,-484.434,7.1272,2.29952,237135,-3190.23,-399.553,20.2388,170819,-2847.69,447.613,69.4983
0.139396,0,-484.434,7.12235,2.2996,237095,-3187.86,-399.585,20.2348,170867,-2845.98,447.585,69.5027
0.139406,0,-484.434,7.11751,2.29967,237056,-3185.49,-399.616,20.2308,170915,-2844.27,447.556,69.5072
0.139416,0,-484.434,7.11267,2.29974,237016,-3183.12,-399.648,20.2268,170963,-2842.56,447.528,69.5117
0.139426,0,-484.434,7.10782,2.29981,236976,-3180.75,-399.68,20.2228,171010,-2840.85,447.5,69.5162
0.139436,0,-484.434,7.10298,2.29988,236936,-3178.38,-399.712,20.2188,171058,-2839.15,447.471,69.5206
0.139446,0,-484.434,7.09813,2.29995,236897,-3176.01,-399.744,20.2148,171106,-2837.43,447.443,69.5251
0.139456,0,-484.434,7.09329,2.30002,236857,-3173.64,-399.775,20.2108,171153,-2835.72,447.414,69.5296
0.139466,0,-484.434,7.08845,2.30009,236818,-3171.27,-399.807,20.2068,171201,-2834.01,447.386,69.5341
0.139476,0,-484.434,7.0836,2.30016,236778,-3168.91,-399.839,20.2028,171248,-2832.3,447.358,69.5385
0.139486,0,-484.434,7.07876,2.30023,236738,-3166.54,-399.87,20.1988,171296,-2830.59,447.329,69.543
0.139496,0,-484.434,7.07392,2.30031,236699,-3164.17,-399.902,20.1948,171343,-2828.87,447.301,69.5475
0.139506,0,-484.434,7.06907,2.30038,236659,-3161.8,-399.934,20.1908,171390,-2827.16,447.273,69.5519
0.139516,0,-484.434,7.06423,2.30045,236620,-3159.44,-399.965,20.1868,171438,-2825.45,447.245,69.5564
0.139526,0,-484.434,7.05939,2.30052,236580,-3157.07,-399.997,20.1828,171485,-2823.73,447.216,69.5609
0.139536,0,-484.434,7.05454,2.30059,236541,-3154.71,-400.028,20.1788,171532,-2822.02,447.188,69.5654
0.139546,0,-484.434,7.0497,2.30066,236502,-3152.34,-400.06,20.1748,171579,-2820.3,447.16,69.5698
0.139556,0,-484.434,7.04485,2.30073,236462,-3149.98,-400.091,20.1708,171627,-2818.59,447.132,69.5743
0.139566,0,-484.434,7.04001,2.3008,236423,-3147.61,-400.123,20.1668,171674,-2816.87,447.104,69.5788
0.139576,0,-484.434,7.03517,2.30087,236383,-3145.25,-400.154,20.1628,171721,-2815.15,447.075,69.5832
0.139586,0,-484.434,7.03032,2.30094,236344,-3142.89,-400.186,20.1588,171768,-2813.44,447.047,69.5877
0.139596,0,-484.434,7.02548,2.30101,236305,-3140.52,-400.217,20.1548,171815,-2811.72,447.019,69.5922
0.139606,0,-484.434,7.02064,2.30108,236266,-3138.16,-400.249,20.1508,171862,-2810,446.991,69.5966
0.139616,0,-484.434,7.01579,2.30115,236226,-3135.8,-400.28,20.1468,171909,-2808.28,446.963,69.6011
0.139626,0,-484.434,7.01095,2.30122,236187,-3133.44,-400.311,20.1428,171956,-2806.56,446.935,69.6056
0.139636,0,-484.434,7.0061,2.30129,236148,-3131.08,-400.343,20.1388,172003,-2804.84,446.907,69.6101
0.139646,0,-484.434,7.00126,2.30136,236109,-3128.72,-400.374,20.1348,172050,-2803.12,446.879,69.6145
0.139656,0,-484.434,6.99642,2.30143,236069,-3126.35,-400.405,20.1308,172097,-2801.4,446.851,69.619
0.139666,0,-484.434,6.99157,2.3015,236030,-3123.99,-400.437,20.1268,172143,-2799.68,446.823,69.6235
0.139676,0,-484.434,6.98673,2.30157,235991,-3121.63,-400.468,20.1228,172190,-2797.96,446.795,69.6279
0.139686,0,-484.434,6.98189,2.30164,235952,-3119.27,-400.499,20.1188,172237,-2796.24,446.767,69.6324
0.139696,0,-484.434,6.97704,2.30171,235913,-3116.92,-400.53,20.1147,172283,-2794.52,446.739,69.6369
0.139706,0,-484.434,6.9722,2.30178,235874,-3114.56,-400.561,20.1107,172330,-2792.79,446.711,69.6414
0.139716,0,-484.434,6.96735,2.30185,235835,-3112.2,-400.592,20.1067,172377,-2791.07,446.683,69.6458
0.139726,0,-484.434,6.96251,2.30192,235796,-3109.84,-400.624,20.1027,172423,-2789.35,446.655,69.6503
0.139736,0,-484.434,6.95767,2.30199,235757,-3107.48,-400.655,20.0987,172470,-2787.62,446.627,69.6547
0.139746,0,-484.434,6.95282,2.30206,235718,-3105.13,-400.686,20.0947,172516,-2785.9,446.599,69.6592
0.139756,0,-484.434,6.94798,2.30213,235679,-3102.77,-400.717,20.0907,172563,-2784.17,446.572,69.6637
0.139766,0,-484.434,6.94314,2.3022,235640,-3100.41,-400.748,20.0867,172609,-2782.45,446.544,69.6681
0.139776,0,-484.434,6.93829,2.30227,235601,-3098.06,-400.779,20.0827,172655,-2780.72,446.516,69.6726
0.139786,0,-484.434,6.93345,2.30234,235562,-3095.7,-400.81,20.0787,172702,-2778.99,446.488,69.6771
0.139796,0,-484.434,6.92861,2.30241,235523,-3093.35,-400.841,20.0747,172748,-2777.27,446.46,69.6815
0.139806,0,-484.434,6.92376,2.30247,235484,-3090.99,-400.872,20.0707,172794,-2775.54,446.433,69.686
0.139816,0,-484.434,6.91892,2.30254,235445,-3088.64,-400.902,20.0667,172841,-2773.81,446.405,69.6905
0.139826,0,-484.434,6.91407,2.30261,235406,-3086.28,-400.933,20.0627,172887,-2772.08,446.377,69.6949
0.139836,0,-484.434,6.90923,2.30268,235368,-3083.93,-400.964,20.0586,172933,-2770.35,446.349,69.6994
0.139846,0,-484.434,6.90439,2.30275,235329,-3081.58,-400.995,20.0546,172979,-2768.62,446.322,69.7038
0.139856,0,-484.434,6.89954,2.30282,235290,-3079.22,-401.026,20.0506,173025,-2766.89,446.294,69.7083
0.139866,0,-484.434,6.8947,2.30289,235251,-3076.87,-401.057,20.0466,173071,-2765.16,446.266,69.7128
0.139876,0,-484.434,6.88986,2.30296,235213,-3074.52,-401.087,20.0426,173117,-2763.43,446.239,69.7172
0.139886,0,-484.434,6.88501,2.30303,235174,-3072.17,-401.118,20.0386,173163,-2761.7,446.211,69.7217
0.139896,0,-484.434,6.88017,2.3031,235135,-3069.82,-401.149,20.0346,173209,-2759.97,446.183,69.7262
0.139906,0,-484.434,6.87532,2.30316,235097,-3067.47,-401.179,20.0306,173255,-2758.24,446.156,69.7306
0.139916,0,-484.434,6.87048,2.30323,235058,-3065.12,-401.21,20.0266,173301,-2756.51,446.128,69.7351
0.139926,0,-484.434,6.86564,2.3033,235019,-3062.77,-401.241,20.0225,173347,-2754.77,446.101,69.7395
0.139936,0,-484.434,6.86079,2.30337,234981,-3060.42,-401.271,20.0185,173392,-2753.04,446.073,69.744
0.139946,0,-484.434,6.85595,2.30344,234942,-3058.07,-401.302,20.0145,173438,-2751.31,446.046,69.7485
0.139956,0,-484.434,6.85111,2.30351,234904,-3055.72,-401.333,20.0105,173484,-2749.57,446.018,69.7529
0.139966,0,-484.434,6.84626,2.30358,234865,-3053.37,-401.363,20.0065,173530,-2747.84,445.991,69.7574
0.139976,0,-484.434,6.84142,2.30364,234827,-3051.02,-401.394,20.0025,173575,-2746.1,445.963,69.7619
0.139986,0,-484.434,6.83657,2.30371,234788,-3048.67,-401.424,19.9985,173621,-2744.37,445.936,69.7663
0.139996,0,-484.434,6.83173,2.30378,234750,-3046.33,-401.454,19.9945,173666,-2742.63,445.908,69.7708
0.140006,0,-484.434,6.82689,2.30385,234712,-3043.98,-401.485,19.9904,173712,-2740.89,445.881,69.7752
0.140016,0,-484.434,6.82204,2.30392,234673,-3041.63,-401.515,19.9864,173757,-2739.16,445.854,69.7797
0.140026,0,-484.434,6.8172,2.30399,234635,-3039.29,-401.546,19.9824,173803,-2737.42,445.826,69.7841
0.140036,0,-484.434,6.81236,2.30405,234596,-3036.94,-401.576,19.9784,173848,-2735.68,445.799,69.7886
0.140046,0,-484.434,6.80751,2.30412,234558,-3034.59,-401.606,19.9744,173894,-2733.94,445.772,69.7931
0.140056,0,-484.434,6.80267,2.30419,234520,-3032.25,-401.637,19.9704,173939,-2732.2,445.744,69.7975
0.140066,0,-484.434,6.79782,2.30426,234481,-3029.91,-401.667,19.9663,173984,-2730.46,445.717,69.802
0.140076,0,-484.434,6.79298,2.30433,234443,-3027.56,-401.697,19.9623,174030,-2728.72,445.69,69.8064
0.140086,0,-484.434,6.78814,2.30439,234405,-3025.22,-401.728,19.9583,174075,-2726.98,445.662,69.8109
0.140096,0,-484.434,6.78329,2.30446,234367,-3022.87,-401.758,19.9543,174120,-2725.24,445.635,69.8153
0.140106,0,-484.434,6.77845,2.30453,234328,-3020.53,-401.788,19.9503,174165,-2723.5,445.608,69.8198
0.140116,0,-484.434,6.77361,2.3046,234290,-3018.19,-401.818,19.9463,174210,-2721.76,445.581,69.8242
0.140126,0,-484.434,6.76876,2.30467,234252,-3015.84,-401.849,19.9422,174255,-2720.02,445.553,69.8287
0.140136,0,-484.434,6.76392,2.30473,234214,-3013.5,-401.879,19.9382,174300,-2718.28,445.526,69.8332
0.140146,0,-484.434,6.75908,2.3048,234176,-3011.16,-401.909,19.9342,174345,-2716.53,445.499,69.8376
0.140156,0,-484.434,6.75423,2.30487,234138,-3008.82,-401.939,19.9302,174390,-2714.79,445.472,69.8421
0.140166,0,-484.434,6.74939,2.30494,234100,-3006.48,-401.969,19.9262,174435,-2713.04,445.445,69.8465
0.140176,0,-484.434,6.74454,2.305,234062,-3004.14,-401.999,19.9221,174480,-2711.3,445.418,69.851
0.140186,0,-484.434,6.7397,2.30507,234024,-3001.8,-402.029,19.9181,174525,-2709.56,445.391,69.8554
0.140196,0,-484.434,6.73486,2.30514,233986,-2999.46,-402.059,19.9141,174570,-2707.81,445.363,69.8599
0.140206,0,-484.434,6.73001,2.3052,233948,-2997.12,-402.089,19.9101,174615,-2706.06,445.336,69.8643
0.140216,0,-484.434,6.72517,2.30527,233910,-2994.78,-402.119,19.9061,174660,-2704.32,445.309,69.8688
0.140226,0,-484.434,6.72033,2.30534,233872,-2992.44,-402.149,19.902,174704,-2702.57,445.282,69.8733
0.140236,0,-484.434,6.71548,2.30541,233834,-2990.1,-402.179,19.898,174749,-2700.82,445.255,69.8777
0.140246,0,-484.434,6.71064,2.30547,233796,-2987.77,-402.209,19.894,174794,-2699.08,445.228,69.8822
0.140256,0,-484.434,6.7058,2.30554,233758,-2985.43,-402.239,19.89,174838,-2697.33,445.201,69.8866
0.140266,0,-484.434,6.70095,2.30561,233720,-2983.09,-402.268,19.886,174883,-2695.58,445.174,69.8911
0.140276,0,-484.434,6.69611,2.30567,233683,-2980.75,-402.298,19.8819,174927,-2693.83,445.147,69.8955
0.140286,0,-484.434,6.69126,2.30574,233645,-2978.42,-402.328,19.8779,174972,-2692.08,445.12,69.9
0.140296,0,-484.434,6.68642,2.30581,233607,-2976.08,-402.358,19.8739,175016,-2690.33,445.094,69.9044
0.140306,0,-484.434,6.68158,2.30588,233569,-2973.75,-402.387,19.8699,175061,-2688.58,445.067,69.9089
0.140316,0,-484.434,6.67673,2.30594,233531,-2971.41,-402.417,19.8658,175105,-2686.83,445.04,69.9133
0.140326,0,-484.434,6.67189,2.30601,233494,-2969.08,-402.447,19.8618,175149,-2685.08,445.013,69.9178
0.140336,0,-484.434,6.66705,2.30608,233456,-2966.74,-402.477,19.8578,175194,-2683.33,444.986,69.9222
0.140346,0,-484.434,6.6622,2.30614,233418,-2964.41,-402.506,19.8538,175238,-2681.58,444.959,69.9267
0.140356,0,-484.434,6.65736,2.30621,233381,-2962.07,-402.536,19.8497,175282,-2679.83,444.932,69.9311
0.140366,0,-484.434,6.65251,2.30628,233343,-2959.74,-402.565,19.8457,175327,-2678.07,444.906,69.9356
0.140376,0,-484.434,6.64767,2.30634,233306,-2957.41,-402.595,19.8417,175371,-2676.32,444.879,69.94
0.140386,0,-484.434,6.64283,2.30641,233268,-2955.08,-402.625,19.8377,175415,-2674.57,444.852,69.9445
0.140396,0,-484.434,6.63798,2.30647,233230,-2952.74,-402.654,19.8336,175459,-2672.81,444.825,69.9489
0.140406,0,-484.434,6.63314,2.30654,233193,-2950.41,-402.684,19.8296,175503,-2671.06,444.799,69.9534
0.140416,0,-484.434,6.6283,2.30661,233155,-2948.08,-402.713,19.8256,175547,-2669.3,444.772,69.9578
0.140426,0,-484.434,6.62345,2.30667,233118,-2945.75,-402.743,19.8216,175591,-2667.55,444.745,69.9622
0.140436,0,-484.434,6.61861,2.30674,233081,-2943.42,-402.772,19.8175,175635,-2665.79,444.719,69.9667
0.140446,0,-484.434,6.61376,2.30681,233043,-2941.09,-402.801,19.8135,175679,-2664.03,444.692,69.9711
0.140456,0,-484.434,6.60892,2.30687,233006,-2938.76,-402.831,19.8095,175723,-2662.28,444.665,69.9756
0.140466,0,-484.434,6.60408,2.30694,232968,-2936.43,-402.86,19.8054,175767,-2660.52,444.639,69.98
0.140476,0,-484.434,6.59923,2.307,232931,-2934.1,-402.89,19.8014,175810,-2658.76,444.612,69.9845
0.140486,0,-484.434,6.59439,2.30707,232894,-2931.77,-402.919,19.7974,175854,-2657,444.586,69.9889
0.140496,0,-484.434,6.58955,2.30714,232856,-2929.44,-402.948,19.7934,175898,-2655.25,444.559,69.9934
0.140506,0,-484.434,6.5847,2.3072,232819,-2927.11,-402.978,19.7893,175942,-2653.49,444.532,69.9978
0.140516,0,-484.434,6.57986,2.30727,232782,-2924.79,-403.007,19.7853,175985,-2651.73,444.506,70.0023
0.140526,0,-484.434,6.57502,2.30733,232744,-2922.46,-403.036,19.7813,176029,-2649.97,444.479,70.0067
0.140536,0,-484.434,6.57017,2.3074,232707,-2920.13,-403.065,19.7772,176073,-2648.21,444.453,70.0112
0.140546,0,-484.434,6.56533,2.30746,232670,-2917.81,-403.094,19.7732,176116,-2646.45,444.427,70.0156
0.140556,0,-484.434,6.56048,2.30753,232633,-2915.48,-403.124,19.7692,176160,-2644.69,444.4,70.0201
0.140566,0,-484.434,6.55564,2.3076,232596,-2913.15,-403.153,19.7651,176203,-2642.92,444.374,70.0245
0.140576,0,-484.434,6.5508,2.30766,232558,-2910.83,-403.182,19.7611,176247,-2641.16,444.347,70.029
0.140586,0,-484.434,6.54595,2.30773,232521,-2908.5,-403.211,19.7571,176290,-2639.4,444.321,70.0334
0.140596,0,-484.434,6.54111,2.30779,232484,-2906.18,-403.24,19.753,176333,-2637.64,444.294,70.0378
0.140606,0,-484.434,6.53627,2.30786,232447,-2903.85,-403.269,19.749,176377,-2635.87,444.268,70.0423
0.140616,0,-484.434,6.53142,2.30792,232410,-2901.53,-403.298,19.745,176420,-2634.11,444.242,70.0467
0.140626,0,-484.434,6.52658,2.30799,232373,-2899.21,-403.327,19.7409,176463,-2632.35,444.215,70.0512
0.140636,0,-484.434,6.52173,2.30805,232336,-2896.88,-403.356,19.7369,176507,-2630.58,444.189,70.0556
0.140646,0,-484.434,6.51689,2.30812,232299,-2894.56,-403.385,19.7329,176550,-2628.82,444.163,70.06
0.140656,0,-484.434,6.51205,2.30818,232262,-2892.24,-403.414,19.7288,176593,-2627.05,444.137,70.0645
0.140666,0,-484.434,6.5072,2.30825,232225,-2889.92,-403.443,19.7248,176636,-2625.28,444.11,70.0689
0.140676,0,-484.434,6.50236,2.30831,232188,-2887.59,-403.472,19.7208,176679,-2623.52,444.084,70.0734
0.140686,0,-484.434,6.49752,2.30838,232151,-2885.27,-403.501,19.7167,176722,-2621.75,444.058,70.0778
0.140696,0,-484.434,6.49267,2.30844,232115,-2882.95,-403.529,19.7127,176765,-2619.98,444.032,70.0822
0.140706,0,-484.434,6.48783,2.30851,232078,-2880.63,-403.558,19.7087,176808,-2618.22,444.005,70.0867
0.140716,0,-484.434,6.48298,2.30857,232041,-2878.31,-403.587,19.7046,176851,-2616.45,443.979,70.0911
0.140726,0,-484.434,6.47814,2.30864,232004,-2875.99,-403.616,19.7006,176894,-2614.68,443.953,70.0956
0.140736,0,-484.434,6.4733,2.3087,231967,-2873.67,-403.645,19.6966,176937,-2612.91,443.927,70.1
0.140746,0,-484.434,6.46845,2.30877,231931,-2871.35,-403.673,19.6925,176980,-2611.14,443.901,70.1044
0.140756,0,-484.434,6.46361,2.30883,231894,-2869.03,-403.702,19.6885,177022,-2609.37,443.875,70.1089
0.140766,0,-484.434,6.45877,2.3089,231857,-2866.72,-403.731,19.6844,177065,-2607.6,443.849,70.1133
0.140776,0,-484.434,6.45392,2.30896,231820,-2864.4,-403.759,19.6804,177108,-2605.83,443.823,70.1178
0.140786,0,-484.434,6.44908,2.30903,231784,-2862.08,-403.788,19.6764,177151,-2604.06,443.797,70.1222
0.140796,0,-484.434,6.44424,2.30909,231747,-2859.76,-403.816,19.6723,177193,-2602.29,443.771,70.1266
0.140806,0,-484.434,6.43939,2.30916,231711,-2857.44,-403.845,19.6683,177236,-2600.52,443.744,70.1311
0.140816,0,-484.434,6.43455,2.30922,231674,-2855.13,-403.874,19.6643,177279,-2598.74,443.718,70.1355
0.140826,0,-484.434,6.4297,2.30928,231637,-2852.81,-403.902,19.6602,177321,-2596.97,443.692,70.14
0.140836,0,-484.434,6.42486,2.30935,231601,-2850.5,-403.931,19.6562,177364,-2595.2,443.667,70.1444
0.140846,0,-484.434,6.42002,2.30941,231564,-2848.18,-403.959,19.6521,177406,-2593.42,443.641,70.1488
0.140856,0,-484.434,6.41517,2.30948,231528,-2845.87,-403.988,19.6481,177448,-2591.65,443.615,70.1533
0.140866,0,-484.434,6.41033,2.30954,231491,-2843.55,-404.016,19.6441,177491,-2589.88,443.589,70.1577
0.140876,0,-484.434,6.40549,2.3096,231455,-2841.24,-404.044,19.64,177533,-2588.1,443.563,70.1621
0.140886,0,-484.434,6.40064,2.30967,231418,-2838.92,-404.073,19.636,177576,-2586.33,443.537,70.1666
0.140896,0,-484.434,6.3958,2.30973,231382,-2836.61,-404.101,19.6319,177618,-2584.55,443.511,70.171
0.140906,0,-484.434,6.39095,2.3098,231346,-2834.3,-404.13,19.6279,177660,-2582.77,443.485,70.1754
0.140916,0,-484.434,6.38611,2.30986,231309,-2831.98,-404.158,19.6239,177702,-2581,443.46,70.1799
0.140926,0,-484.434,6.38127,2.30992,231273,-2829.67,-404.186,19.6198,177745,-2579.22,443.434,70.1843
0.140936,0,-484.434,6.37642,2.30999,231237,-2827.36,-404.214,19.6158,177787,-2577.44,443.408,70.1887
0.140946,0,-484.434,6.37158,2.31005,231200,-2825.04,-404.243,19.6117,177829,-2575.67,443.382,70.1932
0.140956,0,-484.434,6.36674,2.31012,231164,-2822.73,-404.271,19.6077,177871,-2573.89,443.356,70.1976
0.140966,0,-484.434,6.36189,2.31018,231128,-2820.42,-404.299,19.6036,177913,-2572.11,443.331,70.202
0.140976,0,-484.434,6.35705,2.31024,231092,-2818.11,-404.327,19.5996,177955,-2570.33,443.305,70.2065
0.140986,0,-484.434,6.35221,2.31031,231055,-2815.8,-404.356,19.5956,177997,-2568.55,443.279,70.2109
0.140996,0,-484.434,6.34736,2.31037,231019,-2813.49,-404.384,19.5915,178039,-2566.77,443.254,70.2153
0.141006,0,-484.434,6.34252,2.31043,230983,-2811.18,-404.412,19.5875,178081,-2564.99,443.228,70.2198
0.141016,0,-484.434,6.33767,2.3105,230947,-2808.87,-404.44,19.5834,178123,-2563.21,443.202,70.2242
0.141026,0,-484.434,6.33283,2.31056,230911,-2806.56,-404.468,19.5794,178164,-2561.43,443.177,70.2286
0.141036,0,-484.434,6.32799,2.31062,230875,-2804.25,-404.496,19.5753,178206,-2559.65,443.151,70.2331
0.141046,0,-484.434,6.32314,2.31069,230839,-2801.95,-404.524,19.5713,178248,-2557.86,443.126,70.2375
0.141056,0,-484.434,6.3183,2.31075,230803,-2799.64,-404.552,19.5672,178290,-2556.08,443.1,70.2419
0.141066,0,-484.434,6.31346,2.31081,230767,-2797.33,-404.58,19.5632,178331,-2554.3,443.074,70.2464
0.141076,0,-484.434,6.30861,2.31088,230731,-2795.02,-404.608,19.5592,178373,-2552.51,443.049,70.2508
0.141086,0,-484.434,6.30377,2.31094,230695,-2792.72,-404.636,19.5551,178415,-2550.73,443.023,70.2552
0.141096,0,-484.434,6.29892,2.311,230659,-2790.41,-404.664,19.5511,178456,-2548.95,442.998,70.2597
0.141106,0,-484.434,6.29408,2.31106,230623,-2788.1,-404.692,19.547,178498,-2547.16,442.972,70.2641
0.141116,0,-484.434,6.28924,2.31113,230587,-2785.8,-404.72,19.543,178539,-2545.38,442.947,70.2685
0.141126,0,-484.434,6.28439,2.31119,230551,-2783.49,-404.747,19.5389,178581,-2543.59,442.922,70.273
0.141136,0,-484.434,6.27955,2.31125,230515,-2781.19,-404.775,19.5349,178622,-2541.81,442.896,70.2774
0.141146,0,-484.434,6.27471,2.31132,230479,-2778.88,-404.803,19.5308,178664,-2540.02,442.871,70.2818
0.141156,0,-484.434,6.26986,2.31138,230444,-2776.58,-404.831,19.5268,178705,-2538.23,442.845,70.2862
0.141166,0,-484.434,6.26502,2.31144,230408,-2774.28,-404.859,19.5227,178746,-2536.45,442.82,70.2907
0.141176,0,-484.434,6.26017,2.3115,230372,-2771.97,-404.886,19.5187,178788,-2534.66,442.795,70.2951
0.141186,0,-484.434,6.25533,2.31157,230336,-2769.67,-404.914,19.5146,178829,-2532.87,442.769,70.2995
0.141196,0,-484.434,6.25049,2.31163,230301,-2767.37,-404.942,19.5106,178870,-2531.08,442.744,70.3039
0.141206,0,-484.434,6.24564,2.31169,230265,-2765.06,-404.969,19.5065,178911,-2529.29,442.719,70.3084
0.141216,0,-484.434,6.2408,2.31175,230229,-2762.76,-404.997,19.5025,178952,-2527.51,442.693,70.3128
0.141226,0,-484.434,6.23596,2.31182,230194,-2760.46,-405.025,19.4984,178994,-2525.72,442.668,70.3172
0.141236,0,-484.434,6.23111,2.31188,230158,-2758.16,-405.052,19.4944,179035,-2523.93,442.643,70.3216
0.141246,0,-484.434,6.22627,2.31194,230122,-2755.86,-405.08,19.4903,179076,-2522.14,442.618,70.3261
0.141256,0,-484.434,6.22143,2.312,230087,-2753.56,-405.107,19.4863,179117,-2520.34,442.592,70.3305
0.141266,0,-484.434,6.21658,2.31207,230051,-2751.26,-405.135,19.4822,179158,-2518.55,442.567,70.3349
0.141276,0,-484.434,6.21174,2.31213,230016,-2748.96,-405.162,19.4782,179198,-2516.76,442.542,70.3393
0.141286,0,-484.434,6.20689,2.31219,229980,-2746.66,-405.19,19.4741,179239,-2514.97,442.517,70.3438
0.141296,0,-484.434,6.20205,2.31225,229945,-2744.36,-405.217,19.4701,179280,-2513.18,442.492,70.3482
0.141306,0,-484.434,6.19721,2.31231,229909,-2742.06,-405.245,19.466,179321,-2511.39,442.467,70.3526
0.141316,0,-484.434,6.19236,2.31238,229874,-2739.76,-405.272,19.462,179362,-2509.59,442.442,70.357
0.141326,0,-484.434,6.18752,2.31244,229838,-2737.46,-405.299,19.4579,179403,-2507.8,442.416,70.3615
0.141336,0,-484.434,6.18268,2.3125,229803,-2735.16,-405.327,19.4539,179443,-2506,442.391,70.3659
0.141346,0,-484.434,6.17783,2.31256,229768,-2732.86,-405.354,19.4498,179484,-2504.21,442.366,70.3703
0.141356,0,-484.434,6.17299,2.31262,229732,-2730.57,-405.381,19.4458,179525,-2502.41,442.341,70.3747
0.141366,0,-484.434,6.16814,2.31268,229697,-2728.27,-405.409,19.4417,179565,-2500.62,442.316,70.3792
0.141376,0,-484.434,6.1633,2.31275,229662,-2725.97,-405.436,19.4376,179606,-2498.82,442.291,70.3836
0.141386,0,-484.434,6.15846,2.31281,229627,-2723.68,-405.463,19.4336,179646,-2497.03,442.266,70.388
0.141396,0,-484.434,6.15361,2.31287,229591,-2721.38,-405.49,19.4295,179687,-2495.23,442.241,70.3924
0.141406,0,-484.434,6.14877,2.31293,229556,-2719.09,-405.518,19.4255,179727,-2493.43,442.216,70.3969
0.141416,0,-484.434,6.14393,2.31299,229521,-2716.79,-405.545,19.4214,179768,-2491.64,442.192,70.4013
0.141426,0,-484.434,6.13908,2.31305,229486,-2714.5,-405.572,19.4174,179808,-2489.84,442.167,70.4057
0.141436,0,-484.434,6.13424,2.31312,229451,-2712.2,-405.599,19.4133,179849,-2488.04,442.142,70.4101
0.141446,0,-484.434,6.1294,2.31318,229415,-2709.91,-405.626,19.4093,179889,-2486.24,442.117,70.4146
0.141456,0,-484.434,6.12455,2.31324,229380,-2707.62,-405.653,19.4052,179929,-2484.45,442.092,70.419
0.141466,0,-484.434,6.11971,2.3133,229345,-2705.32,-405.68,19.4011,179969,-2482.65,442.067,70.4234
0.141476,0,-484.434,6.11486,2.31336,229310,-2703.03,-405.707,19.3971,180010,-2480.85,442.042,70.4278
0.141486,0,-484.434,6.11002,2.31342,229275,-2700.74,-405.734,19.393,180050,-2479.05,442.018,70.4322
0.141496,0,-484.434,6.10518,2.31348,229240,-2698.44,-405.762,19.389,180090,-2477.25,441.993,70.4367
0.141506,0,-484.434,6.10033,2.31354,229205,-2696.15,-405.788,19.3849,180130,-2475.45,441.968,70.4411
0.141516,0,-484.434,6.09549,2.3136,229170,-2693.86,-405.815,19.3809,180170,-2473.64,441.943,70.4455
0.141526,0,-484.434,6.09065,2.31367,229135,-2691.57,-405.842,19.3768,180210,-2471.84,441.919,70.4499
0.141536,0,-484.434,6.0858,2.31373,229100,-2689.28,-405.869,19.3727,180250,-2470.04,441.894,70.4543
0.141546,0,-484.434,6.08096,2.31379,229066,-2686.99,-405.896,19.3687,180290,-2468.24,441.869,70.4587
0.141556,0,-484.434,6.07611,2.31385,229031,-2684.7,-405.923,19.3646,180330,-2466.43,441.844,70.4632
0.141566,0,-484.434,6.07127,2.31391,228996,-2682.41,-405.95,19.3606,180370,-2464.63,441.82,70.4676
0.141576,0,-484.434,6.06643,2.31397,228961,-2680.12,-405.977,19.3565,180410,-2462.83,441.795,70.472
0.141586,0,-484.434,6.06158,2.31403,228926,-2677.83,-406.003,19.3524,180450,-2461.02,441.771,70.4764
0.141596,0,-484.434,6.05674,2.31409,228892,-2675.54,-406.03,19.3484,180490,-2459.22,441.746,70.4808
0.141606,0,-484.434,6.0519,2.31415,228857,-2673.25,-406.057,19.3443,180529,-2457.41,441.721,70.4852
0.141616,0,-484.434,6.04705,2.31421,228822,-2670.96,-406.084,19.3403,180569,-2455.61,441.697,70.4897
0.141626,0,-484.434,6.04221,2.31427,228787,-2668.68,-406.11,19.3362,180609,-2453.8,441.672,70.4941
0.141636,0,-484.434,6.03736,2.31433,228753,-2666.39,-406.137,19.3321,180648,-2452,441.648,70.4985
0.141646,0,-484.434,6.03252,2.31439,228718,-2664.1,-406.164,19.3281,180688,-2450.19,441.623,70.5029
0.141656,0,-484.434,6.02768,2.31445,228683,-2661.81,-406.19,19.324,180728,-2448.38,441.599,70.5073
0.141666,0,-484.434,6.02283,2.31451,228649,-2659.53,-406.217,19.32,180767,-2446.58,441.574,70.5117
0.141676,0,-484.434,6.01799,2.31457,228614,-2657.24,-406.243,19.3159,180807,-2444.77,441.55,70.5162
0.141686,0,-484.434,6.01315,2.31463,228580,-2654.96,-406.27,19.3118,180846,-2442.96,441.525,70.5206
0.141696,0,-484.434,6.0083,2.31469,228545,-2652.67,-406.297,19.3078,180886,-2441.15,441.501,70.525
0.141706,0,-484.434,6.00346,2.31475,228511,-2650.39,-406.323,19.3037,180925,-2439.34,441.477,70.5294
0.141716,0,-484.434,5.99862,2.31481,228476,-2648.1,-406.349,19.2996,180964,-2437.53,441.452,70.5338
0.141726,0,-484.434,5.99377,2.31487,228442,-2645.82,-406.376,19.2956,181004,-2435.72,441.428,70.5383
0.141736,0,-484.434,5.98893,2.31493,228407,-2643.53,-406.402,19.2915,181043,-2433.91,441.404,70.5427
0.141746,0,-484.434,5.98408,2.31499,228373,-2641.25,-406.429,19.2874,181082,-2432.1,441.379,70.5471
0.141756,0,-484.434,5.97924,2.31505,228338,-2638.97,-406.455,19.2834,181122,-2430.29,441.355,70.5515
0.141766,0,-484.434,5.9744,2.31511,228304,-2636.68,-406.482,19.2793,181161,-2428.48,441.331,70.5559
0.141776,0,-484.434,5.96955,2.31517,228270,-2634.4,-406.508,19.2753,181200,-2426.67,441.306,70.5603
0.141786,0,-484.434,5.96471,2.31523,228236,-2632.12,-406.534,19.2712,181239,-2424.86,441.282,70.5647
0.141796,0,-484.434,5.95987,2.31529,228201,-2629.84,-406.561,19.2671,181278,-2423.05,441.258,70.5691
0.141806,0,-484.434,5.95502,2.31535,228167,-2627.56,-406.587,19.2631,181317,-2421.23,441.234,70.5736
0.141816,0,-484.434,5.95018,2.31541,228133,-2625.27,-406.613,19.259,181356,-2419.42,441.209,70.578
0.141826,0,-484.434,5.94533,2.31547,228098,-2622.99,-406.639,19.2549,181395,-2417.61,441.185,70.5824
0.141836,0,-484.434,5.94049,2.31553,228064,-2620.71,-406.666,19.2509,181434,-2415.79,441.161,70.5868
0.141846,0,-484.434,5.93565,2.31559,228030,-2618.43,-406.692,19.2468,181473,-2413.98,441.137,70.5912
0.141856,0,-484.434,5.9308,2.31565,227996,-2616.15,-406.718,19.2427,181512,-2412.16,441.113,70.5956
0.141866,0,-484.434,5.92596,2.31571,227962,-2613.87,-406.744,19.2387,181551,-2410.35,441.089,70.6
0.141876,0,-484.434,5.92112,2.31577,227928,-2611.59,-406.77,19.2346,181590,-2408.53,441.065,70.6044
0.141886,0,-484.434,5.91627,2.31583,227894,-2609.32,-406.796,19.2305,181628,-2406.72,441.04,70.6088
0.141896,0,-484.434,5.91143,2.31589,227860,-2607.04,-406.822,19.2265,181667,-2404.9,441.016,70.6132
0.141906,0,-484.434,5.90658,2.31594,227826,-2604.76,-406.849,19.2224,181706,-2403.09,440.992,70.6177
0.141916,0,-484.434,5.90174,2.316,227792,-2602.48,-406.874,19.2183,181745,-2401.27,440.968,70.6221
0.141926,0,-484.434,5.8969,2.31606,227758,-2600.2,-406.901,19.2143,181783,-2399.45,440.944,70.6265
0.141936,0,-484.434,5.89205,2.31612,227724,-2597.93,-406.927,19.2102,181822,-2397.63,440.92,70.6309
0.141946,0,-484.434,5.88721,2.31618,227690,-2595.65,-406.952,19.2061,181860,-2395.81,440.896,70.6353
0.141956,0,-484.434,5.88237,2.31624,227656,-2593.37,-406.978,19.202,181899,-2394,440.872,70.6397
0.141966,0,-484.434,5.87752,2.3163,227622,-2591.1,-407.004,19.198,181937,-2392.18,440.849,70.6441
0.141976,0,-484.434,5.87268,2.31636,227588,-2588.82,-407.03,19.1939,181976,-2390.36,440.825,70.6485
0.141986,0,-484.434,5.86784,2.31642,227554,-2586.55,-407.056,19.1898,182014,-2388.54,440.801,70.6529
0.141996,0,-484.434,5.86299,2.31647,227520,-2584.27,-407.082,19.1858,182053,-2386.72,440.777,70.6573
0.142006,0,-484.434,5.85815,2.31653,227487,-2582,-407.108,19.1817,182091,-2384.9,440.753,70.6618
0.142016,0,-484.434,5.8533,2.31659,227453,-2579.72,-407.134,19.1776,182129,-2383.08,440.729,70.6662
0.142026,0,-484.434,5.84846,2.31665,227419,-2577.45,-407.159,19.1735,182168,-2381.26,440.705,70.6706
0.142036,0,-484.434,5.84362,2.31671,227386,-2575.17,-407.185,19.1695,182206,-2379.43,440.682,70.675
0.142046,0,-484.434,5.83877,2.31677,227352,-2572.9,-407.211,19.1654,182244,-2377.61,440.658,70.6794
0.142056,0,-484.434,5.83393,2.31682,227318,-2570.63,-407.237,19.1613,182282,-2375.79,440.634,70.6838
0.142066,0,-484.434,5.82909,2.31688,227285,-2568.36,-407.262,19.1573,182320,-2373.97,440.61,70.6882
0.142076,0,-484.434,5.82424,2.31694,227251,-2566.08,-407.288,19.1532,182358,-2372.14,440.587,70.6926
0.142086,0,-484.434,5.8194,2.317,227217,-2563.81,-407.314,19.1491,182397,-2370.32,440.563,70.697
0.142096,0,-484.434,5.81456,2.31706,227184,-2561.54,-407.339,19.145,182435,-2368.5,440.539,70.7014
0.142106,0,-484.434,5.80971,2.31712,227150,-2559.27,-407.365,19.141,182473,-2366.67,440.516,70.7058
0.142116,0,-484.434,5.80487,2.31717,227117,-2557,-407.39,19.1369,182511,-2364.85,440.492,70.7102
0.142126,0,-484.434,5.80002,2.31723,227083,-2554.73,-407.416,19.1328,182549,-2363.02,440.468,70.7146
0.142136,0,-484.434,5.79518,2.31729,227050,-2552.46,-407.441,19.1287,182586,-2361.2,440.445,70.719
0.142146,0,-484.434,5.79034,2.31735,227016,-2550.19,-407.467,19.1247,182624,-2359.37,440.421,70.7234
0.142156,0,-484.434,5.78549,2.31741,226983,-2547.92,-407.492,19.1206,182662,-2357.54,440.397,70.7278
0.142166,0,-484.434,5.78065,2.31746,226950,-2545.65,-407.518,19.1165,182700,-2355.72,440.374,70.7322
0.142176,0,-484.434,5.77581,2.31752,226916,-2543.38,-407.543,19.1124,182738,-2353.89,440.35,70.7366
0.142186,0,-484.434,5.77096,2.31758,226883,-2541.11,-407.569,19.1084,182775,-2352.06,440.327,70.741
0.142196,0,-484.434,5.76612,2.31764,226849,-2538.84,-407.594,19.1043,182813,-2350.24,440.303,70.7454
0.142206,0,-484.434,5.76127,2.31769,226816,-2536.57,-407.62,19.1002,182851,-2348.41,440.28,70.7498
0.142216,0,-484.434,5.75643,2.31775,226783,-2534.3,-407.645,19.0961,182888,-2346.58,440.256,70.7542
0.142226,0,-484.434,5.75159,2.31781,226750,-2532.04,-407.67,19.0921,182926,-2344.75,440.233,70.7587
0.142236,0,-484.434,5.74674,2.31787,226716,-2529.77,-407.696,19.088,182964,-2342.92,440.209,70.7631
0.142246,0,-484.434,5.7419,2.31792,226683,-2527.5,-407.721,19.0839,183001,-2341.09,440.186,70.7675
0.142256,0,-484.434,5.73706,2.31798,226650,-2525.24,-407.746,19.0798,183039,-2339.26,440.163,70.7719
0.142266,0,-484.434,5.73221,2.31804,226617,-2522.97,-407.771,19.0758,183076,-2337.43,440.139,70.7763
0.142276,0,-484.434,5.72737,2.3181,226584,-2520.71,-407.797,19.0717,183113,-2335.6,440.116,70.7807
0.142286,0,-484.434,5.72252,2.31815,226551,-2518.44,-407.822,19.0676,183151,-2333.77,440.093,70.7851
0.142296,0,-484.434,5.71768,2.31821,226518,-2516.18,-407.847,19.0635,183188,-2331.94,440.069,70.7895
0.142306,0,-484.434,5.71284,2.31827,226485,-2513.91,-407.872,19.0594,183225,-2330.11,440.046,70.7939
0.142316,0,-484.434,5.70799,2.31833,226452,-2511.65,-407.897,19.0554,183263,-2328.27,440.023,70.7983
0.142326,0,-484.434,5.70315,2.31838,226419,-2509.38,-407.922,19.0513,183300,-2326.44,439.999,70.8027
0.142336,0,-484.434,5.69831,2.31844,226386,-2507.12,-407.947,19.0472,183337,-2324.61,439.976,70.8071
0.142346,0,-484.434,5.69346,2.3185,226353,-2504.86,-407.972,19.0431,183374,-2322.78,439.953,70.8115
0.142356,0,-484.434,5.68862,2.31855,226320,-2502.59,-407.997,19.039,183411,-2320.94,439.93,70.8159
0.142366,0,-484.434,5.68377,2.31861,226287,-2500.33,-408.022,19.035,183448,-2319.11,439.906,70.8203
0.142376,0,-484.434,5.67893,2.31867,226254,-2498.07,-408.047,19.0309,183486,-2317.27,439.883,70.8247
0.142386,0,-484.434,5.67409,2.31872,226221,-2495.8,-408.072,19.0268,183523,-2315.44,439.86,70.8291
0.142396,0,-484.434,5.66924,2.31878,226188,-2493.54,-408.097,19.0227,183560,-2313.6,439.837,70.8335
0.142406,0,-484.434,5.6644,2.31884,226155,-2491.28,-408.122,19.0186,183597,-2311.77,439.814,70.8379
0.142416,0,-484.434,5.65956,2.31889,226123,-2489.02,-408.147,19.0146,183633,-2309.93,439.791,70.8423
0.142426,0,-484.434,5.65471,2.31895,226090,-2486.76,-408.172,19.0105,183670,-2308.1,439.768,70.8467
0.142436,0,-484.434,5.64987,2.31901,226057,-2484.5,-408.197,19.0064,183707,-2306.26,439.745,70.8511
0.142446,0,-484.434,5.64503,2.31906,226024,-2482.24,-408.222,19.0023,183744,-2304.42,439.721,70.8555
0.142456,0,-484.434,5.64018,2.31912,225992,-2479.98,-408.247,18.9982,183781,-2302.58,439.699,70.8599
0.142466,0,-484.434,5.63534,2.31918,225959,-2477.72,-408.271,18.9942,183818,-2300.75,439.675,70.8643
0.142476,0,-484.434,5.63049,2.31923,225926,-2475.46,-408.296,18.9901,183854,-2298.91,439.652,70.8686
0.142486,0,-484.434,5.62565,2.31929,225894,-2473.2,-408.321,18.986,183891,-2297.07,439.63,70.873
0.142496,0,-484.434,5.62081,2.31934,225861,-2470.94,-408.346,18.9819,183928,-2295.23,439.607,70.8774
0.142506,0,-484.434,5.61596,2.3194,225829,-2468.69,-408.37,18.9778,183964,-2293.39,439.584,70.8818
0.142516,0,-484.434,5.61112,2.31946,225796,-2466.43,-408.395,18.9737,184001,-2291.55,439.561,70.8862
0.142526,0,-484.434,5.60628,2.31951,225764,-2464.17,-408.42,18.9697,184037,-2289.71,439.538,70.8906
0.142536,0,-484.434,5.60143,2.31957,225731,-2461.91,-408.444,18.9656,184074,-2287.87,439.515,70.895
0.142546,0,-484.434,5.59659,2.31963,225699,-2459.66,-408.469,18.9615,184110,-2286.03,439.492,70.8994
0.142556,0,-484.434,5.59174,2.31968,225666,-2457.4,-408.493,18.9574,184147,-2284.19,439.469,70.9038
0.142566,0,-484.434,5.5869,2.31974,225634,-2455.14,-408.518,18.9533,184183,-2282.35,439.446,70.9082
0.142576,0,-484.434,5.58206,2.31979,225602,-2452.89,-408.542,18.9492,184220,-2280.51,439.424,70.9126
0.142586,0,-484.434,5.57721,2.31985,225569,-2450.63,-408.567,18.9451,184256,-2278.67,439.401,70.917
0.142596,0,-484.434,5.57237,2.3199,225537,-2448.38,-408.591,18.9411,184292,-2276.82,439.378,70.9214
0.142606,0,-484.434,5.56753,2.31996,225504,-2446.12,-408.616,18.937,184329,-2274.98,439.355,70.9258
0.142616,0,-484.434,5.56268,2.32002,225472,-2443.87,-408.64,18.9329,184365,-2273.14,439.332,70.9302
0.142626,0,-484.434,5.55784,2.32007,225440,-2441.61,-408.665,18.9288,184401,-2271.29,439.31,70.9346
0.142636,0,-484.434,5.55299,2.32013,225408,-2439.36,-408.689,18.9247,184437,-2269.45,439.287,70.939
0.142646,0,-484.434,5.54815,2.32018,225375,-2437.1,-408.714,18.9206,184473,-2267.6,439.264,70.9434
0.142656,0,-484.434,5.54331,2.32024,225343,-2434.85,-408.738,18.9165,184509,-2265.76,439.242,70.9477
0.142666,0,-484.434,5.53846,2.32029,225311,-2432.6,-408.762,18.9124,184545,-2263.92,439.219,70.9521
0.142676,0,-484.434,5.53362,2.32035,225279,-2430.35,-408.787,18.9084,184581,-2262.07,439.196,70.9565
0.142686,0,-484.434,5.52878,2.3204,225247,-2428.09,-408.811,18.9043,184617,-2260.22,439.174,70.9609
0.142696,0,-484.434,5.52393,2.32046,225215,-2425.84,-408.835,18.9002,184653,-2258.38,439.151,70.9653
0.142706,0,-484.434,5.51909,2.32051,225183,-2423.59,-408.859,18.8961,184689,-2256.53,439.129,70.9697
0.142716,0,-484.434,5.51425,2.32057,225151,-2421.34,-408.884,18.892,184725,-2254.69,439.106,70.9741
0.142726,0,-484.434,5.5094,2.32062,225119,-2419.09,-408.908,18.8879,184761,-2252.84,439.084,70.9785
0.142736,0,-484.434,5.50456,2.32068,225087,-2416.84,-408.932,18.8838,184797,-2250.99,439.061,70.9829
0.142746,0,-484.434,5.49971,2.32073,225055,-2414.59,-408.956,18.8797,184833,-2249.14,439.039,70.9873
0.142756,0,-484.434,5.49487,2.32079,225023,-2412.34,-408.98,18.8756,184868,-2247.29,439.016,70.9917
0.142766,0,-484.434,5.49003,2.32084,224991,-2410.09,-409.004,18.8716,184904,-2245.45,438.994,70.9961
0.142776,0,-484.434,5.48518,2.3209,224959,-2407.84,-409.028,18.8675,184940,-2243.6,438.971,71.0005
0.142786,0,-484.434,5.48034,2.32095,224927,-2405.59,-409.053,18.8634,184975,-2241.75,438.949,71.0048
0.142796,0,-484.434,5.4755,2.32101,224895,-2403.34,-409.077,18.8593,185011,-2239.9,438.926,71.0092
0.142806,0,-484.434,5.47065,2.32106,224863,-2401.09,-409.101,18.8552,185047,-2238.05,438.904,71.0136
0.142816,0,-484.434,5.46581,2.32112,224832,-2398.84,-409.125,18.8511,185082,-2236.2,438.882,71.018
0.142826,0,-484.434,5.46097,2.32117,224800,-2396.59,-409.149,18.847,185118,-2234.35,438.859,71.0224
0.142836,0,-484.434,5.45612,2.32123,224768,-2394.35,-409.173,18.8429,185153,-2232.49,438.837,71.0268
0.142846,0,-484.434,5.45128,2.32128,224736,-2392.1,-409.196,18.8388,185189,-2230.64,438.815,71.0312
0.142856,0,-484.434,5.44643,2.32134,224705,-2389.85,-409.22,18.8347,185224,-2228.79,438.792,71.0355
0.142866,0,-484.434,5.44159,2.32139,224673,-2387.61,-409.244,18.8306,185259,-2226.94,438.77,71.0399
0.142876,0,-484.434,5.43675,2.32145,224641,-2385.36,-409.268,18.8266,185295,-2225.09,438.748,71.0443
0.142886,0,-484.434,5.4319,2.3215,224610,-2383.11,-409.292,18.8225,185330,-2223.23,438.726,71.0487
0.142896,0,-484.434,5.42706,2.32155,224578,-2380.87,-409.316,18.8184,185365,-2221.38,438.703,71.0531
0.142906,0,-484.434,5.42222,2.32161,224547,-2378.62,-409.34,18.8143,185400,-2219.53,438.681,71.0575
0.142916,0,-484.434,5.41737,2.32166,224515,-2376.38,-409.363,18.8102,185436,-2217.67,438.659,71.0619
0.142926,0,-484.434,5.41253,2.32172,224484,-2374.13,-409.387,18.8061,185471,-2215.82,438.637,71.0663
0.142936,0,-484.434,5.40768,2.32177,224452,-2371.89,-409.411,18.802,185506,-2213.96,438.615,71.0706
0.142946,0,-484.434,5.40284,2.32182,224421,-2369.65,-409.435,18.7979,185541,-2212.11,438.592,71.075
0.142956,0,-484.434,5.398,2.32188,224389,-2367.4,-409.458,18.7938,185576,-2210.25,438.57,71.0794
0.142966,0,-484.434,5.39315,2.32193,224358,-2365.16,-409.482,18.7897,185611,-2208.4,438.548,71.0838
0.142976,0,-484.434,5.38831,2.32199,224326,-2362.92,-409.505,18.7856,185646,-2206.54,438.526,71.0882
0.142986,0,-484.434,5.38347,2.32204,224295,-2360.67,-409.529,18.7815,185681,-2204.69,438.504,71.0926
0.142996,0,-484.434,5.37862,2.32209,224264,-2358.43,-409.553,18.7774,185716,-2202.83,438.482,71.097
0.143006,0,-484.434,5.37378,2.32215,224232,-2356.19,-409.576,18.7733,185751,-2200.97,438.46,71.1013
0.143016,0,-484.434,5.36893,2.3222,224201,-2353.95,-409.6,18.7692,185786,-2199.11,438.438,71.1057
0.143026,0,-484.434,5.36409,2.32226,224170,-2351.7,-409.623,18.7651,185821,-2197.26,438.416,71.1101
0.143036,0,-484.434,5.35925,2.32231,224139,-2349.46,-409.647,18.761,185855,-2195.4,438.394,71.1145
0.143046,0,-484.434,5.3544,2.32236,224107,-2347.22,-409.67,18.7569,185890,-2193.54,438.372,71.1189
0.143056,0,-484.434,5.34956,2.32242,224076,-2344.98,-409.694,18.7528,185925,-2191.68,438.35,71.1233
0.143066,0,-484.434,5.34472,2.32247,224045,-2342.74,-409.717,18.7487,185960,-2189.82,438.328,71.1277
0.143076,0,-484.434,5.33987,2.32252,224014,-2340.5,-409.741,18.7447,185994,-2187.96,438.307,71.1321
0.143086,0,-484.434,5.33503,2.32258,223983,-2338.26,-409.764,18.7406,186029,-2186.1,438.285,71.1364
0.143096,0,-484.434,5.33018,2.32263,223952,-2336.02,-409.787,18.7365,186063,-2184.24,438.263,71.1408
0.143106,0,-484.434,5.32534,2.32268,223921,-2333.78,-409.811,18.7324,186098,-2182.38,438.241,71.1452
0.143116,0,-484.434,5.3205,2.32274,223890,-2331.54,-409.834,18.7283,186132,-2180.52,438.219,71.1496
0.143126,0,-484.434,5.31565,2.32279,223859,-2329.31,-409.857,18.7242,186167,-2178.66,438.197,71.154
0.143136,0,-484.434,5.31081,2.32284,223828,-2327.07,-409.881,18.7201,186201,-2176.8,438.176,71.1583
0.143146,0,-484.434,5.30597,2.3229,223797,-2324.83,-409.904,18.716,186236,-2174.94,438.154,71.1627
0.143156,0,-484.434,5.30112,2.32295,223766,-2322.59,-409.927,18.7119,186270,-2173.07,438.132,71.1671
0.143166,0,-484.434,5.29628,2.323,223735,-2320.35,-409.95,18.7078,186304,-2171.21,438.11,71.1715
0.143176,0,-484.434,5.29144,2.32305,223704,-2318.12,-409.974,18.7037,186339,-2169.35,438.089,71.1758
0.143186,0,-484.434,5.28659,2.32311,223673,-2315.88,-409.997,18.6996,186373,-2167.48,438.067,71.1802
0.143196,0,-484.434,5.28175,2.32316,223642,-2313.65,-410.02,18.6955,186407,-2165.62,438.045,71.1846
0.143206,0,-484.434,5.2769,2.32321,223611,-2311.41,-410.043,18.6914,186442,-2163.76,438.024,71.189
0.143216,0,-484.434,5.27206,2.32327,223581,-2309.17,-410.066,18.6873,186476,-2161.89,438.002,71.1934
0.143226,0,-484.434,5.26722,2.32332,223550,-2306.94,-410.089,18.6832,186510,-2160.03,437.981,71.1977
0.143236,0,-484.434,5.26237,2.32337,223519,-2304.7,-410.112,18.6791,186544,-2158.16,437.959,71.2021
0.143246,0,-484.434,5.25753,2.32342,223488,-2302.47,-410.135,18.675,186578,-2156.3,437.937,71.2065
0.143256,0,-484.434,5.25269,2.32348,223458,-2300.23,-410.158,18.6709,186612,-2154.43,437.916,71.2109
0.143266,0,-484.434,5.24784,2.32353,223427,-2298,-410.181,18.6668,186646,-2152.57,437.894,71.2153
0.143276,0,-484.434,5.243,2.32358,223396,-2295.77,-410.204,18.6627,186680,-2150.7,437.873,71.2196
0.143286,0,-484.434,5.23815,2.32363,223366,-2293.53,-410.227,18.6586,186714,-2148.83,437.851,71.224
0.143296,0,-484.434,5.23331,2.32369,223335,-2291.3,-410.25,18.6545,186748,-2146.97,437.83,71.2284
0.143306,0,-484.434,5.22847,2.32374,223305,-2289.07,-410.273,18.6503,186782,-2145.1,437.808,71.2328
0.143316,0,-484.434,5.22362,2.32379,223274,-2286.83,-410.296,18.6462,186816,-2143.23,437.787,71.2372
0.143326,0,-484.434,5.21878,2.32384,223244,-2284.6,-410.319,18.6421,186849,-2141.36,437.765,71.2415
0.143336,0,-484.434,5.21394,2.32389,223213,-2282.37,-410.342,18.638,186883,-2139.49,437.744,71.2459
0.143346,0,-484.434,5.20909,2.32395,223183,-2280.14,-410.364,18.6339,186917,-2137.63,437.723,71.2503
0.143356,0,-484.434,5.20425,2.324,223152,-2277.91,-410.387,18.6298,186951,-2135.76,437.701,71.2547
0.143366,0,-484.434,5.19941,2.32405,223122,-2275.68,-410.41,18.6257,186984,-2133.89,437.68,71.2591
0.143376,0,-484.434,5.19456,2.3241,223091,-2273.44,-410.433,18.6216,187018,-2132.02,437.659,71.2634
0.143386,0,-484.434,5.18972,2.32415,223061,-2271.21,-410.455,18.6175,187051,-2130.15,437.637,71.2678
0.143396,0,-484.434,5.18487,2.32421,223031,-2268.98,-410.478,18.6134,187085,-2128.28,437.616,71.2722
0.143406,0,-484.434,5.18003,2.32426,223000,-2266.75,-410.501,18.6093,187118,-2126.41,437.595,71.2766
0.143416,0,-484.434,5.17519,2.32431,222970,-2264.52,-410.523,18.6052,187152,-2124.54,437.573,71.281
0.143426,0,-484.434,5.17034,2.32436,222940,-2262.3,-410.546,18.6011,187185,-2122.66,437.552,71.2853
0.143436,0,-484.434,5.1655,2.32441,222910,-2260.07,-410.569,18.597,187219,-2120.79,437.531,71.2897
0.143446,0,-484.434,5.16066,2.32447,222880,-2257.84,-410.591,18.5929,187252,-2118.92,437.51,71.2941
0.143456,0,-484.434,5.15581,2.32452,222849,-2255.61,-410.614,18.5888,187286,-2117.05,437.489,71.2984
0.143466,0,-484.434,5.15097,2.32457,222819,-2253.38,-410.636,18.5847,187319,-2115.17,437.468,71.3028
0.143476,0,-484.434,5.14612,2.32462,222789,-2251.15,-410.659,18.5806,187352,-2113.3,437.446,71.3072
0.143486,0,-484.434,5.14128,2.32467,222759,-2248.93,-410.681,18.5765,187386,-2111.43,437.425,71.3116
0.143496,0,-484.434,5.13644,2.32472,222729,-2246.7,-410.704,18.5724,187419,-2109.55,437.404,71.3159
0.143506,0,-484.434,5.13159,2.32477,222699,-2244.47,-410.726,18.5682,187452,-2107.68,437.383,71.3203
0.143516,0,-484.434,5.12675,2.32483,222669,-2242.25,-410.749,18.5641,187485,-2105.81,437.362,71.3247
0.143526,0,-484.434,5.12191,2.32488,222639,-2240.02,-410.771,18.56,187518,-2103.93,437.341,71.329
0.143536,0,-484.434,5.11706,2.32493,222609,-2237.79,-410.793,18.5559,187551,-2102.06,437.32,71.3334
0.143546,0,-484.434,5.11222,2.32498,222579,-2235.57,-410.816,18.5518,187584,-2100.18,437.299,71.3378
0.143556,0,-484.434,5.10738,2.32503,222549,-2233.34,-410.838,18.5477,187617,-2098.3,437.278,71.3422
0.143566,0,-484.434,5.10253,2.32508,222519,-2231.12,-410.86,18.5436,187650,-2096.43,437.257,71.3465
0.143576,0,-484.434,5.09769,2.32513,222489,-2228.89,-410.883,18.5395,187683,-2094.55,437.236,71.3509
0.143586,0,-484.434,5.09284,2.32518,222459,-2226.67,-410.905,18.5354,187716,-2092.68,437.215,71.3553
0.143596,0,-484.434,5.088,2.32523,222430,-2224.44,-410.927,18.5313,187749,-2090.8,437.194,71.3596
0.143606,0,-484.434,5.08316,2.32528,222400,-2222.22,-410.949,18.5272,187782,-2088.92,437.173,71.364
0.143616,0,-484.434,5.07831,2.32534,222370,-2220,-410.972,18.5231,187815,-2087.04,437.152,71.3684
0.143626,0,-484.434,5.07347,2.32539,222340,-2217.77,-410.994,18.5189,187847,-2085.16,437.132,71.3728
0.143636,0,-484.434,5.06863,2.32544,222311,-2215.55,-411.016,18.5148,187880,-2083.29,437.111,71.3771
0.143646,0,-484.434,5.06378,2.32549,222281,-2213.33,-411.038,18.5107,187913,-2081.41,437.09,71.3815
0.143656,0,-484.434,5.05894,2.32554,222251,-2211.11,-411.06,18.5066,187946,-2079.53,437.069,71.3859
0.143666,0,-484.434,5.05409,2.32559,222222,-2208.88,-411.082,18.5025,187978,-2077.65,437.048,71.3903
0.143676,0,-484.434,5.04925,2.32564,222192,-2206.66,-411.105,18.4984,188011,-2075.77,437.028,71.3946
0.143686,0,-484.434,5.04441,2.32569,222162,-2204.44,-411.127,18.4943,188044,-2073.89,437.007,71.399
0.143696,0,-484.434,5.03956,2.32574,222133,-2202.22,-411.149,18.4902,188076,-2072.01,436.986,71.4034
0.143706,0,-484.434,5.03472,2.32579,222103,-2200,-411.171,18.4861,188109,-2070.13,436.965,71.4077
0.143716,0,-484.434,5.02988,2.32584,222074,-2197.78,-411.193,18.4819,188141,-2068.25,436.945,71.4121
0.143726,0,-484.434,5.02503,2.32589,222044,-2195.56,-411.215,18.4778,188173,-2066.37,436.924,71.4165
0.143736,0,-484.434,5.02019,2.32594,222015,-2193.34,-411.237,18.4737,188206,-2064.49,436.903,71.4209
0.143746,0,-484.434,5.01534,2.32599,221985,-2191.12,-411.258,18.4696,188238,-2062.6,436.883,71.4252
0.143756,0,-484.434,5.0105,2.32604,221956,-2188.9,-411.28,18.4655,188271,-2060.72,436.862,71.4296
0.143766,0,-484.434,5.00566,2.32609,221927,-2186.68,-411.302,18.4614,188303,-2058.84,436.842,71.434
0.143776,0,-484.434,5.00081,2.32614,221897,-2184.46,-411.324,18.4573,188335,-2056.96,436.821,71.4383
0.143786,0,-484.434,4.99597,2.32619,221868,-2182.24,-411.346,18.4532,188367,-2055.07,436.8,71.4427
0.143796,0,-484.434,4.99113,2.32624,221839,-2180.02,-411.368,18.449,188400,-2053.19,436.78,71.4471
0.143806,0,-484.434,4.98628,2.32629,221809,-2177.81,-411.389,18.4449,188432,-2051.3,436.759,71.4514
0.143816,0,-484.434,4.98144,2.32634,221780,-2175.59,-411.411,18.4408,188464,-2049.42,436.739,71.4558
0.143826,0,-484.434,4.97659,2.32639,221751,-2173.37,-411.433,18.4367,188496,-2047.54,436.718,71.4602
0.143836,0,-484.434,4.97175,2.32644,221722,-2171.15,-411.455,18.4326,188528,-2045.65,436.698,71.4645
0.143846,0,-484.434,4.96691,2.32649,221692,-2168.94,-411.476,18.4285,188560,-2043.77,436.677,71.4689
0.143856,0,-484.434,4.96206,2.32654,221663,-2166.72,-411.498,18.4244,188592,-2041.88,436.657,71.4733
0.143866,0,-484.434,4.95722,2.32659,221634,-2164.5,-411.52,18.4202,188624,-2039.99,436.637,71.4776
0.143876,0,-484.434,4.95238,2.32664,221605,-2162.29,-411.541,18.4161,188656,-2038.11,436.616,71.482
0.143886,0,-484.434,4.94753,2.32669,221576,-2160.07,-411.563,18.412,188688,-2036.22,436.596,71.4864
0.143896,0,-484.434,4.94269,2.32674,221547,-2157.86,-411.585,18.4079,188720,-2034.33,436.576,71.4907
0.143906,0,-484.434,4.93785,2.32679,221518,-2155.64,-411.606,18.4038,188752,-2032.45,436.555,71.4951
0.143916,0,-484.434,4.933,2.32684,221489,-2153.43,-411.628,18.3997,188783,-2030.56,436.535,71.4995
0.143926,0,-484.434,4.92816,2.32689,221460,-2151.21,-411.649,18.3955,188815,-2028.67,436.515,71.5038
0.143936,0,-484.434,4.92331,2.32694,221431,-2149,-411.671,18.3914,188847,-2026.78,436.494,71.5082
0.143946,0,-484.434,4.91847,2.32698,221402,-2146.78,-411.692,18.3873,188879,-2024.9,436.474,71.5125
0.143956,0,-484.434,4.91363,2.32703,221373,-2144.57,-411.714,18.3832,188910,-2023.01,436.454,71.5169
0.143966,0,-484.434,4.90878,2.32708,221344,-2142.36,-411.735,18.3791,188942,-2021.12,436.434,71.5213
0.143976,0,-484.434,4.90394,2.32713,221316,-2140.15,-411.756,18.375,188974,-2019.23,436.413,71.5256
0.143986,0,-484.434,4.8991,2.32718,221287,-2137.93,-411.778,18.3708,189005,-2017.34,436.393,71.53
0.143996,0,-484.434,4.89425,2.32723,221258,-2135.72,-411.799,18.3667,189037,-2015.45,436.373,71.5344
0.144006,0,-484.434,4.88941,2.32728,221229,-2133.51,-411.821,18.3626,189068,-2013.56,436.353,71.5387
0.144016,0,-484.434,4.88457,2.32733,221200,-2131.3,-411.842,18.3585,189100,-2011.67,436.333,71.5431
0.144026,0,-484.434,4.87972,2.32738,221172,-2129.08,-411.863,18.3544,189131,-2009.78,436.313,71.5475
0.144036,0,-484.434,4.87488,2.32743,221143,-2126.87,-411.884,18.3503,189162,-2007.89,436.293,71.5518
0.144046,0,-484.434,4.87003,2.32747,221114,-2124.66,-411.906,18.3461,189194,-2006,436.272,71.5562
0.144056,0,-484.434,4.86519,2.32752,221086,-2122.45,-411.927,18.342,189225,-2004.1,436.252,71.5605
0.144066,0,-484.434,4.86035,2.32757,221057,-2120.24,-411.948,18.3379,189256,-2002.21,436.232,71.5649
0.144076,0,-484.434,4.8555,2.32762,221029,-2118.03,-411.969,18.3338,189288,-2000.32,436.212,71.5693
0.144086,0,-484.434,4.85066,2.32767,221000,-2115.82,-411.991,18.3297,189319,-1998.43,436.192,71.5736
0.144096,0,-484.434,4.84582,2.32772,220971,-2113.61,-412.012,18.3255,189350,-1996.53,436.172,71.578
0.144106,0,-484.434,4.84097,2.32777,220943,-2111.4,-412.033,18.3214,189381,-1994.64,436.152,71.5824
0.144116,0,-484.434,4.83613,2.32781,220914,-2109.19,-412.054,18.3173,189412,-1992.75,436.133,71.5867
0.144126,0,-484.434,4.83128,2.32786,220886,-2106.98,-412.075,18.3132,189444,-1990.85,436.113,71.5911
0.144136,0,-484.434,4.82644,2.32791,220858,-2104.78,-412.096,18.3091,189475,-1988.96,436.093,71.5955
0.144146,0,-484.434,4.8216,2.32796,220829,-2102.57,-412.117,18.3049,189506,-1987.06,436.073,71.5998
0.144156,0,-484.434,4.81675,2.32801,220801,-2100.36,-412.138,18.3008,189537,-1985.17,436.053,71.6042
0.144166,0,-484.434,4.81191,2.32805,220772,-2098.15,-412.159,18.2967,189568,-1983.27,436.033,71.6086
0.144176,0,-484.434,4.80707,2.3281,220744,-2095.94,-412.18,18.2926,189599,-1981.38,436.013,71.6129
0.144186,0,-484.434,4.80222,2.32815,220716,-2093.74,-412.201,18.2884,189629,-1979.48,435.994,71.6173
0.144196,0,-484.434,4.79738,2.3282,220688,-2091.53,-412.222,18.2843,189660,-1977.58,435.974,71.6216
0.144206,0,-484.434,4.79253,2.32825,220659,-2089.32,-412.243,18.2802,189691,-1975.69,435.954,71.626
0.144216,0,-484.434,4.78769,2.32829,220631,-2087.12,-412.264,18.2761,189722,-1973.79,435.934,71.6303
0.144226,0,-484.434,4.78285,2.32834,220603,-2084.91,-412.285,18.272,189753,-1971.89,435.914,71.6347
0.144236,0,-484.434,4.778,2.32839,220575,-2082.71,-412.305,18.2678,189783,-1970,435.895,71.6391
0.144246,0,-484.434,4.77316,2.32844,220547,-2080.5,-412.326,18.2637,189814,-1968.1,435.875,71.6434
0.144256,0,-484.434,4.76832,2.32849,220519,-2078.3,-412.347,18.2596,189845,-1966.2,435.855,71.6478
0.144266,0,-484.434,4.76347,2.32853,220490,-2076.09,-412.368,18.2555,189875,-1964.3,435.836,71.6521
0.144276,0,-484.434,4.75863,2.32858,220462,-2073.89,-412.389,18.2513,189906,-1962.4,435.816,71.6565
0.144286,0,-484.434,4.75379,2.32863,220434,-2071.68,-412.409,18.2472,189937,-1960.5,435.797,71.6608
0.144296,0,-484.434,4.74894,2.32868,220406,-2069.48,-412.43,18.2431,189967,-1958.61,435.777,71.6652
0.144306,0,-484.434,4.7441,2.32872,220378,-2067.28,-412.451,18.239,189998,-1956.71,435.757,71.6695
0.144316,0,-484.434,4.73925,2.32877,220350,-2065.07,-412.471,18.2348,190028,-1954.81,435.738,71.6739
0.144326,0,-484.434,4.73441,2.32882,220323,-2062.87,-412.492,18.2307,190058,-1952.91,435.718,71.6783
0.144336,0,-484.434,4.72957,2.32887,220295,-2060.67,-412.512,18.2266,190089,-1951.01,435.699,71.6826
0.144346,0,-484.434,4.72472,2.32891,220267,-2058.46,-412.533,18.2225,190119,-1949.1,435.679,71.687
0.144356,0,-484.434,4.71988,2.32896,220239,-2056.26,-412.554,18.2183,190150,-1947.2,435.66,71.6913
0.144366,0,-484.434,4.71504,2.32901,220211,-2054.06,-412.574,18.2142,190180,-1945.3,435.64,71.6957
0.144376,0,-484.434,4.71019,2.32905,220183,-2051.86,-412.595,18.2101,190210,-1943.4,435.621,71.7
0.144386,0,-484.434,4.70535,2.3291,220155,-2049.66,-412.615,18.206,190240,-1941.5,435.602,71.7044
0.144396,0,-484.434,4.7005,2.32915,220128,-2047.46,-412.636,18.2018,190271,-1939.6,435.582,71.7088
0.144406,0,-484.434,4.69566,2.3292,220100,-2045.25,-412.656,18.1977,190301,-1937.69,435.563,71.7131
0.144416,0,-484.434,4.69082,2.32924,220072,-2043.05,-412.677,18.1936,190331,-1935.79,435.543,71.7175
0.144426,0,-484.434,4.68597,2.32929,220045,-2040.85,-412.697,18.1895,190361,-1933.89,435.524,71.7218
0.144436,0,-484.434,4.68113,2.32934,220017,-2038.65,-412.717,18.1853,190391,-1931.98,435.505,71.7262
0.144446,0,-484.434,4.67629,2.32938,219989,-2036.45,-412.738,18.1812,190421,-1930.08,435.485,71.7305
0.144456,0,-484.434,4.67144,2.32943,219962,-2034.25,-412.758,18.1771,190451,-1928.18,435.466,71.7349
0.144466,0,-484.434,4.6666,2.32948,219934,-2032.06,-412.778,18.1729,190481,-1926.27,435.447,71.7393
0.144476,0,-484.434,4.66175,2.32952,219907,-2029.86,-412.799,18.1688,190511,-1924.37,435.428,71.7436
0.144486,0,-484.434,4.65691,2.32957,219879,-2027.66,-412.819,18.1647,190541,-1922.46,435.408,71.748
0.144496,0,-484.434,4.65207,2.32962,219852,-2025.46,-412.839,18.1606,190571,-1920.56,435.389,71.7523
0.144506,0,-484.434,4.64722,2.32966,219824,-2023.26,-412.86,18.1564,190601,-1918.65,435.37,71.7567
0.144516,0,-484.434,4.64238,2.32971,219797,-2021.06,-412.88,18.1523,190630,-1916.74,435.351,71.761
0.144526,0,-484.434,4.63754,2.32976,219769,-2018.87,-412.9,18.1482,190660,-1914.84,435.332,71.7654
0.144536,0,-484.434,4.63269,2.3298,219742,-2016.67,-412.92,18.144,190690,-1912.93,435.312,71.7697
0.144546,0,-484.434,4.62785,2.32985,219715,-2014.47,-412.94,18.1399,190720,-1911.03,435.293,71.7741
0.144556,0,-484.434,4.623,2.32989,219687,-2012.27,-412.961,18.1358,190749,-1909.12,435.274,71.7785
0.144566,0,-484.434,4.61816,2.32994,219660,-2010.08,-412.981,18.1317,190779,-1907.21,435.255,71.7828
0.144576,0,-484.434,4.61332,2.32999,219633,-2007.88,-413.001,18.1275,190808,-1905.3,435.236,71.7872
0.144586,0,-484.434,4.60847,2.33003,219606,-2005.69,-413.021,18.1234,190838,-1903.4,435.217,71.7915
0.144596,0,-484.434,4.60363,2.33008,219578,-2003.49,-413.041,18.1193,190868,-1901.49,435.198,71.7959
0.144606,0,-484.434,4.59879,2.33012,219551,-2001.3,-413.061,18.1151,190897,-1899.58,435.179,71.8002
0.144616,0,-484.434,4.59394,2.33017,219524,-1999.1,-413.081,18.111,190926,-1897.67,435.16,71.8046
0.144626,0,-484.434,4.5891,2.33022,219497,-1996.91,-413.101,18.1069,190956,-1895.76,435.141,71.8089
0.144636,0,-484.434,4.58426,2.33026,219470,-1994.71,-413.121,18.1027,190985,-1893.85,435.122,71.8133
0.144646,0,-484.434,4.57941,2.33031,219443,-1992.52,-413.141,18.0986,191015,-1891.94,435.103,71.8176
0.144656,0,-484.434,4.57457,2.33035,219416,-1990.32,-413.161,18.0945,191044,-1890.03,435.084,71.822
0.144666,0,-484.434,4.56973,2.3304,219389,-1988.13,-413.18,18.0904,191073,-1888.12,435.065,71.8263
0.144676,0,-484.434,4.56488,2.33045,219362,-1985.94,-413.2,18.0862,191103,-1886.21,435.046,71.8307
0.144686,0,-484.434,4.56004,2.33049,219335,-1983.74,-413.22,18.0821,191132,-1884.3,435.028,71.835
0.144696,0,-484.434,4.55519,2.33054,219308,-1981.55,-413.24,18.078,191161,-1882.39,435.009,71.8393
0.144706,0,-484.434,4.55035,2.33058,219281,-1979.36,-413.26,18.0738,191190,-1880.48,434.99,71.8437
0.144716,0,-484.434,4.54551,2.33063,219254,-1977.16,-413.28,18.0697,191219,-1878.57,434.971,71.848
0.144726,0,-484.434,4.54066,2.33067,219227,-1974.97,-413.299,18.0656,191248,-1876.65,434.952,71.8524
0.144736,0,-484.434,4.53582,2.33072,219200,-1972.78,-413.319,18.0614,191277,-1874.74,434.934,71.8567
0.144746,0,-484.434,4.53098,2.33076,219173,-1970.59,-413.339,18.0573,191307,-1872.83,434.915,71.8611
0.144756,0,-484.434,4.52613,2.33081,219146,-1968.4,-413.358,18.0532,191336,-1870.91,434.896,71.8654
0.144766,0,-484.434,4.52129,2.33085,219120,-1966.21,-413.378,18.049,191364,-1869,434.878,71.8698
0.144776,0,-484.434,4.51644,2.3309,219093,-1964.02,-413.398,18.0449,191393,-1867.09,434.859,71.8741
0.144786,0,-484.434,4.5116,2.33094,219066,-1961.83,-413.417,18.0408,191422,-1865.17,434.84,71.8785
0.144796,0,-484.434,4.50676,2.33099,219040,-1959.64,-413.437,18.0366,191451,-1863.26,434.822,71.8828
0.144806,0,-484.434,4.50191,2.33103,219013,-1957.45,-413.457,18.0325,191480,-1861.35,434.803,71.8872
0.144816,0,-484.434,4.49707,2.33108,218986,-1955.26,-413.476,18.0284,191509,-1859.43,434.784,71.8915
0.144826,0,-484.434,4.49223,2.33112,218960,-1953.07,-413.496,18.0242,191538,-1857.52,434.766,71.8959
0.144836,0,-484.434,4.48738,2.33117,218933,-1950.88,-413.515,18.0201,191566,-1855.6,434.747,71.9002
0.144846,0,-484.434,4.48254,2.33121,218906,-1948.69,-413.535,18.0159,191595,-1853.68,434.729,71.9046
0.144856,0,-484.434,4.47769,2.33126,218880,-1946.5,-413.554,18.0118,191624,-1851.77,434.71,71.9089
0.144866,0,-484.434,4.47285,2.3313,218853,-1944.31,-413.574,18.0077,191652,-1849.85,434.692,71.9133
0.144876,0,-484.434,4.46801,2.33135,218827,-1942.12,-413.593,18.0035,191681,-1847.94,434.673,71.9176
0.144886,0,-484.434,4.46316,2.33139,218800,-1939.93,-413.613,17.9994,191710,-1846.02,434.655,71.922
0.144896,0,-484.434,4.45832,2.33144,218774,-1937.75,-413.632,17.9953,191738,-1844.1,434.636,71.9263
0.144906,0,-484.434,4.45348,2.33148,218748,-1935.56,-413.651,17.9911,191767,-1842.19,434.618,71.9307
0.144916,0,-484.434,4.44863,2.33153,218721,-1933.37,-413.671,17.987,191795,-1840.27,434.599,71.935
0.144926,0,-484.434,4.44379,2.33157,218695,-1931.19,-413.69,17.9829,191824,-1838.35,434.581,71.9394
0.144936,0,-484.434,4.43894,2.33162,218669,-1929,-413.709,17.9787,191852,-1836.43,434.563,71.9437
0.144946,0,-484.434,4.4341,2.33166,218642,-1926.81,-413.728,17.9746,191880,-1834.51,434.544,71.9481
0.144956,0,-484.434,4.42926,2.3317,218616,-1924.63,-413.748,17.9704,191909,-1832.6,434.526,71.9524
0.144966,0,-484.434,4.42441,2.33175,218590,-1922.44,-413.767,17.9663,191937,-1830.68,434.508,71.9568
0.144976,0,-484.434,4.41957,2.33179,218564,-1920.26,-413.786,17.9622,191965,-1828.76,434.489,71.9611
0.144986,0,-484.434,4.41473,2.33184,218537,-1918.07,-413.805,17.958,191993,-1826.84,434.471,71.9655
0.144996,0,-484.434,4.40988,2.33188,218511,-1915.89,-413.825,17.9539,192022,-1824.92,434.453,71.9698
0.145006,0,-484.434,4.40504,2.33193,218485,-1913.7,-413.844,17.9498,192050,-1823,434.435,71.9741
0.145016,0,-484.434,4.4002,2.33197,218459,-1911.52,-413.863,17.9456,192078,-1821.08,434.416,71.9785
0.145026,0,-484.434,4.39535,2.33201,218433,-1909.33,-413.882,17.9415,192106,-1819.16,434.398,71.9828
0.145036,0,-484.434,4.39051,2.33206,218407,-1907.15,-413.901,17.9373,192134,-1817.24,434.38,71.9872
0.145046,0,-484.434,4.38566,2.3321,218381,-1904.96,-413.92,17.9332,192162,-1815.31,434.362,71.9915
0.145056,0,-484.434,4.38082,2.33215,218355,-1902.78,-413.939,17.9291,192190,-1813.39,434.344,71.9958
0.145066,0,-484.434,4.37598,2.33219,218329,-1900.6,-413.958,17.9249,192218,-1811.47,434.326,72.0002
0.145076,0,-484.434,4.37113,2.33223,218303,-1898.42,-413.977,17.9208,192246,-1809.55,434.308,72.0045
0.145086,0,-484.434,4.36629,2.33228,218277,-1896.23,-413.996,17.9166,192274,-1807.63,434.289,72.0089
0.145096,0,-484.434,4.36145,2.33232,218251,-1894.05,-414.015,17.9125,192302,-1805.7,434.271,72.0132
0.145106,0,-484.434,4.3566,2.33236,218225,-1891.87,-414.034,17.9084,192330,-1803.78,434.253,72.0175
0.145116,0,-484.434,4.35176,2.33241,218199,-1889.69,-414.053,17.9042,192358,-1801.86,434.235,72.0219
0.145126,0,-484.434,4.34691,2.33245,218174,-1887.5,-414.072,17.9001,192385,-1799.93,434.217,72.0262
0.145136,0,-484.434,4.34207,2.33249,218148,-1885.32,-414.091,17.8959,192413,-1798.01,434.199,72.0306
0.145146,0,-484.434,4.33723,2.33254,218122,-1883.14,-414.109,17.8918,192441,-1796.09,434.181,72.0349
0.145156,0,-484.434,4.33238,2.33258,218096,-1880.96,-414.128,17.8877,192469,-1794.16,434.163,72.0393
0.145166,0,-484.434,4.32754,2.33262,218071,-1878.78,-414.147,17.8835,192496,-1792.24,434.145,72.0436
0.145176,0,-484.434,4.3227,2.33267,218045,-1876.6,-414.166,17.8794,192524,-1790.31,434.127,72.0479
0.145186,0,-484.434,4.31785,2.33271,218019,-1874.42,-414.185,17.8752,192552,-1788.39,434.11,72.0523
0.145196,0,-484.434,4.31301,2.33275,217994,-1872.24,-414.203,17.8711,192579,-1786.46,434.092,72.0566
0.145206,0,-484.434,4.30816,2.3328,217968,-1870.06,-414.222,17.867,192607,-1784.54,434.074,72.061
0.145216,0,-484.434,4.30332,2.33284,217943,-1867.88,-414.241,17.8628,192634,-1782.61,434.056,72.0653
0.145226,0,-484.434,4.29848,2.33288,217917,-1865.7,-414.259,17.8587,192661,-1780.68,434.038,72.0696
0.145236,0,-484.434,4.29363,2.33293,217891,-1863.52,-414.278,17.8545,192689,-1778.76,434.02,72.074
0.145246,0,-484.434,4.28879,2.33297,217866,-1861.35,-414.297,17.8504,192716,-1776.83,434.003,72.0783
0.145256,0,-484.434,4.28395,2.33301,217840,-1859.17,-414.315,17.8462,192744,-1774.9,433.985,72.0827
0.145266,0,-484.434,4.2791,2.33305,217815,-1856.99,-414.334,17.8421,192771,-1772.98,433.967,72.087
0.145276,0,-484.434,4.27426,2.3331,217790,-1854.81,-414.352,17.838,192798,-1771.05,433.949,72.0913
0.145286,0,-484.434,4.26942,2.33314,217764,-1852.63,-414.371,17.8338,192826,-1769.12,433.932,72.0957
0.145296,0,-484.434,4.26457,2.33318,217739,-1850.46,-414.389,17.8297,192853,-1767.19,433.914,72.1
0.145306,0,-484.434,4.25973,2.33323,217714,-1848.28,-414.408,17.8255,192880,-1765.27,433.896,72.1044
0.145316,0,-484.434,4.25488,2.33327,217688,-1846.1,-414.426,17.8214,192907,-1763.34,433.879,72.1087
0.145326,0,-484.434,4.25004,2.33331,217663,-1843.93,-414.445,17.8172,192934,-1761.41,433.861,72.1131
0.145336,0,-484.434,4.2452,2.33335,217638,-1841.75,-414.463,17.8131,192961,-1759.48,433.844,72.1174
0.145346,0,-484.434,4.24035,2.3334,217613,-1839.58,-414.482,17.8089,192988,-1757.55,433.826,72.1217
0.145356,0,-484.434,4.23551,2.33344,217587,-1837.4,-414.5,17.8048,193015,-1755.62,433.808,72.1261
0.145366,0,-484.434,4.23067,2.33348,217562,-1835.22,-414.518,17.8007,193042,-1753.69,433.791,72.1304
0.145376,0,-484.434,4.22582,2.33352,217537,-1833.05,-414.537,17.7965,193069,-1751.76,433.773,72.1348
0.145386,0,-484.434,4.22098,2.33356,217512,-1830.87,-414.555,17.7924,193096,-1749.83,433.756,72.1391
0.145396,0,-484.434,4.21614,2.33361,217487,-1828.7,-414.573,17.7882,193123,-1747.9,433.738,72.1434
0.145406,0,-484.434,4.21129,2.33365,217462,-1826.53,-414.592,17.7841,193150,-1745.97,433.721,72.1478
0.145415,0,-484.434,4.20645,2.33369,217437,-1824.35,-414.61,17.7799,193177,-1744.03,433.703,72.1521
0.145425,0,-484.434,4.2016,2.33373,217412,-1822.18,-414.628,17.7758,193204,-1742.1,433.686,72.1564
0.145435,0,-484.434,4.19676,2.33377,217387,-1820,-414.646,17.7716,193231,-1740.17,433.669,72.1608
0.145445,0,-484.434,4.19192,2.33382,217362,-1817.83,-414.664,17.7675,193257,-1738.24,433.651,72.1651
0.145455,0,-484.434,4.18707,2.33386,217337,-1815.66,-414.683,17.7633,193284,-1736.31,433.634,72.1694
0.145465,0,-484.434,4.18223,2.3339,217312,-1813.48,-414.701,17.7592,193311,-1734.37,433.616,72.1738
0.145475,0,-484.434,4.17739,2.33394,217287,-1811.31,-414.719,17.755,193337,-1732.44,433.599,72.1781
0.145485,0,-484.434,4.17254,2.33398,217262,-1809.14,-414.737,17.7509,193364,-1730.51,433.582,72.1824
0.145495,0,-484.434,4.1677,2.33403,217237,-1806.97,-414.755,17.7467,193390,-1728.57,433.565,72.1868
0.145505,0,-484.434,4.16285,2.33407,217213,-1804.79,-414.773,17.7426,193417,-1726.64,433.547,72.1911
0.145515,0,-484.434,4.15801,2.33411,217188,-1802.62,-414.791,17.7385,193444,-1724.71,433.53,72.1954
0.145525,0,-484.434,4.15317,2.33415,217163,-1800.45,-414.809,17.7343,193470,-1722.77,433.513,72.1998
0.145535,0,-484.434,4.14832,2.33419,217138,-1798.28,-414.827,17.7302,193496,-1720.84,433.496,72.2041
0.145545,0,-484.434,4.14348,2.33423,217114,-1796.11,-414.845,17.726,193523,-1718.9,433.478,72.2084
0.145555,0,-484.434,4.13864,2.33427,217089,-1793.94,-414.863,17.7219,193549,-1716.97,433.461,72.2128
0.145565,0,-484.434,4.13379,2.33432,217064,-1791.77,-414.881,17.7177,193576,-1715.03,433.444,72.2171
0.145575,0,-484.434,4.12895,2.33436,217040,-1789.6,-414.899,17.7136,193602,-1713.1,433.427,72.2214
0.145585,0,-484.434,4.1241,2.3344,217015,-1787.43,-414.917,17.7094,193628,-1711.16,433.41,72.2258
0.145595,0,-484.434,4.11926,2.33444,216991,-1785.26,-414.935,17.7053,193654,-1709.22,433.393,72.2301
0.145605,0,-484.434,4.11442,2.33448,216966,-1783.09,-414.953,17.7011,193681,-1707.29,433.376,72.2344
0.145615,0,-484.434,4.10957,2.33452,216942,-1780.92,-414.97,17.697,193707,-1705.35,433.358,72.2388
0.145625,0,-484.434,4.10473,2.33456,216917,-1778.75,-414.988,17.6928,193733,-1703.41,433.341,72.2431
0.145635,0,-484.434,4.09989,2.3346,216893,-1776.58,-415.006,17.6887,193759,-1701.48,433.324,72.2474
0.145645,0,-484.434,4.09504,2.33465,216868,-1774.41,-415.024,17.6845,193785,-1699.54,433.307,72.2518
0.145655,0,-484.434,4.0902,2.33469,216844,-1772.24,-415.041,17.6804,193811,-1697.6,433.29,72.2561
0.145665,0,-484.434,4.08535,2.33473,216820,-1770.08,-415.059,17.6762,193837,-1695.66,433.274,72.2604
0.145675,0,-484.434,4.08051,2.33477,216795,-1767.91,-415.077,17.6721,193863,-1693.73,433.257,72.2648
0.145685,0,-484.434,4.07567,2.33481,216771,-1765.74,-415.094,17.6679,193889,-1691.79,433.24,72.2691
0.145695,0,-484.434,4.07082,2.33485,216747,-1763.57,-415.112,17.6638,193915,-1689.85,433.223,72.2734
0.145705,0,-484.434,4.06598,2.33489,216723,-1761.41,-415.13,17.6596,193941,-1687.91,433.206,72.2778
0.145715,0,-484.434,4.06114,2.33493,216698,-1759.24,-415.147,17.6555,193967,-1685.97,433.189,72.2821
0.145725,0,-484.434,4.05629,2.33497,216674,-1757.07,-415.165,17.6513,193993,-1684.03,433.172,72.2864
0.145735,0,-484.434,4.05145,2.33501,216650,-1754.91,-415.182,17.6472,194018,-1682.09,433.155,72.2908
0.145745,0,-484.434,4.04661,2.33505,216626,-1752.74,-415.2,17.643,194044,-1680.15,433.138,72.2951
0.145755,0,-484.434,4.04176,2.33509,216602,-1750.57,-415.217,17.6389,194070,-1678.21,433.122,72.2994
0.145765,0,-484.434,4.03692,2.33513,216578,-1748.41,-415.235,17.6347,194096,-1676.27,433.105,72.3038
0.145775,0,-484.434,4.03207,2.33517,216554,-1746.24,-415.252,17.6305,194121,-1674.33,433.088,72.3081
0.145785,0,-484.434,4.02723,2.33521,216529,-1744.08,-415.27,17.6264,194147,-1672.39,433.071,72.3124
0.145795,0,-484.434,4.02239,2.33525,216506,-1741.91,-415.287,17.6222,194173,-1670.45,433.055,72.3168
0.145805,0,-484.434,4.01754,2.33529,216482,-1739.75,-415.305,17.6181,194198,-1668.5,433.038,72.3211
0.145815,0,-484.434,4.0127,2.33533,216458,-1737.58,-415.322,17.6139,194224,-1666.56,433.021,72.3254
0.145825,0,-484.434,4.00786,2.33537,216434,-1735.42,-415.34,17.6098,194249,-1664.62,433.005,72.3298
0.145835,0,-484.434,4.00301,2.33541,216410,-1733.26,-415.357,17.6056,194275,-1662.68,432.988,72.3341
0.145845,0,-484.434,3.99817,2.33545,216386,-1731.09,-415.374,17.6015,194300,-1660.74,432.971,72.3384
0.145855,0,-484.434,3.99332,2.33549,216362,-1728.93,-415.391,17.5973,194325,-1658.79,432.955,72.3428
0.145865,0,-484.434,3.98848,2.33553,216338,-1726.77,-415.409,17.5932,194351,-1656.85,432.938,72.3471
0.145875,0,-484.434,3.98364,2.33557,216314,-1724.6,-415.426,17.589,194376,-1654.91,432.922,72.3514
0.145885,0,-484.434,3.97879,2.33561,216291,-1722.44,-415.443,17.5849,194401,-1652.96,432.905,72.3558
0.145895,0,-484.434,3.97395,2.33565,216267,-1720.28,-415.461,17.5807,194427,-1651.02,432.889,72.3601
0.145905,0,-484.434,3.96911,2.33569,216243,-1718.12,-415.478,17.5765,194452,-1649.08,432.872,72.3644
0.145915,0,-484.434,3.96426,2.33573,216220,-1715.95,-415.495,17.5724,194477,-1647.13,432.856,72.3687
0.145925,0,-484.434,3.95942,2.33577,216196,-1713.79,-415.512,17.5682,194502,-1645.19,432.839,72.3731
0.145935,0,-484.434,3.95458,2.33581,216172,-1711.63,-415.529,17.5641,194527,-1643.24,432.823,72.3774
0.145945,0,-484.434,3.94973,2.33585,216149,-1709.47,-415.546,17.5599,194553,-1641.3,432.806,72.3817
0.145955,0,-484.434,3.94489,2.33589,216125,-1707.31,-415.563,17.5558,194578,-1639.35,432.79,72.386
0.145965,0,-484.434,3.94004,2.33593,216102,-1705.15,-415.58,17.5516,194603,-1637.4,432.774,72.3904
0.145975,0,-484.434,3.9352,2.33597,216078,-1702.99,-415.597,17.5475,194628,-1635.46,432.757,72.3947
0.145985,0,-484.434,3.93036,2.33601,216055,-1700.83,-415.614,17.5433,194653,-1633.51,432.741,72.399
0.145995,0,-484.434,3.92551,2.33605,216031,-1698.67,-415.631,17.5391,194678,-1631.57,432.725,72.4033
0.146005,0,-484.434,3.92067,2.33609,216008,-1696.51,-415.648,17.535,194703,-1629.62,432.708,72.4077
0.146015,0,-484.434,3.91583,2.33613,215984,-1694.35,-415.665,17.5308,194728,-1627.67,432.692,72.412
0.146025,0,-484.434,3.91098,2.33617,215961,-1692.19,-415.682,17.5267,194752,-1625.73,432.676,72.4163
0.146035,0,-484.434,3.90614,2.33621,215938,-1690.03,-415.699,17.5225,194777,-1623.78,432.66,72.4206
0.146045,0,-484.434,3.90129,2.33624,215914,-1687.87,-415.716,17.5184,194802,-1621.83,432.643,72.425
0.146055,0,-484.434,3.89645,2.33628,215891,-1685.71,-415.733,17.5142,194827,-1619.88,432.627,72.4293
0.146065,0,-484.434,3.89161,2.33632,215868,-1683.55,-415.75,17.51,194851,-1617.93,432.611,72.4336
0.146075,0,-484.434,3.88676,2.33636,215844,-1681.39,-415.767,17.5059,194876,-1615.99,432.595,72.4379
0.146085,0,-484.434,3.88192,2.3364,215821,-1679.24,-415.783,17.5017,194901,-1614.04,432.579,72.4423
0.146095,0,-484.434,3.87708,2.33644,215798,-1677.08,-415.8,17.4976,194925,-1612.09,432.562,72.4466
0.146105,0,-484.434,3.87223,2.33648,215775,-1674.92,-415.817,17.4934,194950,-1610.14,432.546,72.4509
0.146115,0,-484.434,3.86739,2.33652,215752,-1672.76,-415.834,17.4893,194975,-1608.19,432.53,72.4552
0.146125,0,-484.434,3.86255,2.33655,215729,-1670.61,-415.85,17.4851,194999,-1606.24,432.514,72.4596
0.146135,0,-484.434,3.8577,2.33659,215706,-1668.45,-415.867,17.4809,195024,-1604.29,432.498,72.4639
0.146145,0,-484.434,3.85286,2.33663,215682,-1666.29,-415.884,17.4768,195048,-1602.34,432.482,72.4682
0.146155,0,-484.434,3.84801,2.33667,215659,-1664.14,-415.9,17.4726,195073,-1600.39,432.466,72.4725
0.146165,0,-484.434,3.84317,2.33671,215636,-1661.98,-415.917,17.4685,195097,-1598.44,432.45,72.4769
0.146175,0,-484.434,3.83833,2.33675,215614,-1659.82,-415.934,17.4643,195121,-1596.49,432.434,72.4812
0.146185,0,-484.434,3.83348,2.33679,215591,-1657.67,-415.95,17.4601,195146,-1594.54,432.418,72.4855
0.146195,0,-484.434,3.82864,2.33682,215568,-1655.51,-415.967,17.456,195170,-1592.59,432.402,72.4899
0.146205,0,-484.434,3.8238,2.33686,215545,-1653.36,-415.983,17.4518,195194,-1590.63,432.386,72.4942
0.146215,0,-484.434,3.81895,2.3369,215522,-1651.2,-416,17.4477,195218,-1588.68,432.37,72.4985
0.146225,0,-484.434,3.81411,2.33694,215499,-1649.05,-416.016,17.4435,195243,-1586.73,432.354,72.5028
0.146235,0,-484.434,3.80926,2.33698,215476,-1646.89,-416.033,17.4393,195267,-1584.78,432.339,72.5072
0.146245,0,-484.434,3.80442,2.33701,215453,-1644.74,-416.049,17.4352,195291,-1582.83,432.323,72.5115
0.146255,0,-484.434,3.79958,2.33705,215431,-1642.58,-416.066,17.431,195315,-1580.87,432.307,72.5158
0.146265,0,-484.434,3.79473,2.33709,215408,-1640.43,-416.082,17.4269,195339,-1578.92,432.291,72.5201
0.146275,0,-484.434,3.78989,2.33713,215385,-1638.28,-416.098,17.4227,195363,-1576.97,432.275,72.5245
0.146285,0,-484.434,3.78505,2.33717,215363,-1636.12,-416.115,17.4185,195387,-1575.01,432.26,72.5288
0.146295,0,-484.434,3.7802,2.3372,215340,-1633.97,-416.131,17.4144,195411,-1573.06,432.244,72.5331
0.146305,0,-484.434,3.77536,2.33724,215317,-1631.82,-416.148,17.4102,195435,-1571.11,432.228,72.5374
0.146315,0,-484.434,3.77051,2.33728,215295,-1629.66,-416.164,17.4061,195459,-1569.15,432.213,72.5418
0.146325,0,-484.434,3.76567,2.33732,215272,-1627.51,-416.18,17.4019,195483,-1567.2,432.197,72.5461
0.146335,0,-484.434,3.76083,2.33736,215250,-1625.36,-416.196,17.3977,195507,-1565.24,432.181,72.5504
0.146345,0,-484.434,3.75598,2.33739,215227,-1623.21,-416.213,17.3936,195531,-1563.29,432.166,72.5547
0.146355,0,-484.434,3.75114,2.33743,215205,-1621.05,-416.229,17.3894,195554,-1561.33,432.15,72.559
0.146365,0,-484.434,3.7463,2.33747,215182,-1618.9,-416.245,17.3853,195578,-1559.38,432.134,72.5634
0.146375,0,-484.434,3.74145,2.33751,215160,-1616.75,-416.261,17.3811,195602,-1557.42,432.119,72.5677
0.146385,0,-484.434,3.73661,2.33754,215138,-1614.6,-416.277,17.3769,195626,-1555.47,432.103,72.572
0.146395,0,-484.434,3.73176,2.33758,215115,-1612.45,-416.293,17.3728,195649,-1553.51,432.088,72.5763
0.146405,0,-484.434,3.72692,2.33762,215093,-1610.3,-416.31,17.3686,195673,-1551.55,432.072,72.5806
0.146415,0,-484.434,3.72208,2.33765,215071,-1608.15,-416.326,17.3644,195697,-1549.6,432.057,72.5849
0.146425,0,-484.434,3.71723,2.33769,215048,-1606,-416.342,17.3603,195720,-1547.64,432.041,72.5893
0.146435,0,-484.434,3.71239,2.33773,215026,-1603.85,-416.358,17.3561,195744,-1545.68,432.026,72.5936
0.146445,0,-484.434,3.70755,2.33777,215004,-1601.7,-416.374,17.3519,195767,-1543.73,432.01,72.5979
0.146455,0,-484.434,3.7027,2.3378,214982,-1599.55,-416.39,17.3478,195791,-1541.77,431.995,72.6022
0.146465,0,-484.434,3.69786,2.33784,214959,-1597.4,-416.406,17.3436,195814,-1539.81,431.979,72.6065
0.146475,0,-484.434,3.69302,2.33788,214937,-1595.25,-416.422,17.3395,195837,-1537.85,431.964,72.6109
0.146485,0,-484.434,3.68817,2.33791,214915,-1593.1,-416.438,17.3353,195861,-1535.89,431.949,72.6152
0.146495,0,-484.434,3.68333,2.33795,214893,-1590.95,-416.454,17.3311,195884,-1533.94,431.933,72.6195
0.146505,0,-484.434,3.67848,2.33799,214871,-1588.8,-416.47,17.327,195908,-1531.98,431.918,72.6238
0.146515,0,-484.434,3.67364,2.33802,214849,-1586.65,-416.485,17.3228,195931,-1530.02,431.903,72.6281
0.146525,0,-484.434,3.6688,2.33806,214827,-1584.51,-416.501,17.3186,195954,-1528.06,431.887,72.6324
0.146535,0,-484.434,3.66395,2.3381,214805,-1582.36,-416.517,17.3145,195977,-1526.1,431.872,72.6368
0.146545,0,-484.434,3.65911,2.33813,214783,-1580.21,-416.533,17.3103,196000,-1524.14,431.857,72.6411
0.146555,0,-484.434,3.65427,2.33817,214761,-1578.06,-416.549,17.3061,196024,-1522.18,431.842,72.6454
0.146565,0,-484.434,3.64942,2.33821,214739,-1575.92,-416.565,17.302,196047,-1520.22,431.826,72.6497
0.146575,0,-484.434,3.64458,2.33824,214717,-1573.77,-416.58,17.2978,196070,-1518.26,431.811,72.654
0.146585,0,-484.434,3.63974,2.33828,214695,-1571.62,-416.596,17.2936,196093,-1516.3,431.796,72.6584
0.146595,0,-484.434,3.63489,2.33832,214674,-1569.48,-416.612,17.2895,196116,-1514.34,431.781,72.6627
0.146605,0,-484.434,3.63005,2.33835,214652,-1567.33,-416.627,17.2853,196139,-1512.38,431.766,72.667
0.146615,0,-484.434,3.6252,2.33839,214630,-1565.18,-416.643,17.2811,196162,-1510.42,431.751,72.6713
0.146625,0,-484.434,3.62036,2.33843,214608,-1563.04,-416.659,17.277,196185,-1508.45,431.736,72.6756
0.146635,0,-484.434,3.61552,2.33846,214587,-1560.89,-416.674,17.2728,196208,-1506.49,431.72,72.6799
0.146645,0,-484.434,3.61067,2.3385,214565,-1558.75,-416.69,17.2686,196230,-1504.53,431.705,72.6843
0.146655,0,-484.434,3.60583,2.33853,214543,-1556.6,-416.705,17.2645,196253,-1502.57,431.69,72.6886
0.146665,0,-484.434,3.60099,2.33857,214522,-1554.46,-416.721,17.2603,196276,-1500.61,431.675,72.6929
0.146675,0,-484.434,3.59614,2.33861,214500,-1552.31,-416.736,17.2561,196299,-1498.64,431.66,72.6972
0.146685,0,-484.434,3.5913,2.33864,214479,-1550.17,-416.752,17.252,196322,-1496.68,431.645,72.7015
0.146695,0,-484.434,3.58645,2.33868,214457,-1548.02,-416.768,17.2478,196344,-1494.72,431.63,72.7059
0.146705,0,-484.434,3.58161,2.33871,214436,-1545.88,-416.783,17.2436,196367,-1492.75,431.616,72.7102
0.146715,0,-484.434,3.57677,2.33875,214414,-1543.73,-416.798,17.2395,196390,-1490.79,431.601,72.7145
0.146725,0,-484.434,3.57192,2.33878,214393,-1541.59,-416.814,17.2353,196412,-1488.83,431.586,72.7188
0.146735,0,-484.434,3.56708,2.33882,214371,-1539.45,-416.829,17.2311,196435,-1486.86,431.571,72.7231
0.146745,0,-484.434,3.56224,2.33886,214350,-1537.3,-416.845,17.227,196457,-1484.9,431.556,72.7274
0.146755,0,-484.434,3.55739,2.33889,214328,-1535.16,-416.86,17.2228,196480,-1482.93,431.541,72.7318
0.146765,0,-484.434,3.55255,2.33893,214307,-1533.02,-416.875,17.2186,196502,-1480.97,431.526,72.7361
0.146775,0,-484.434,3.5477,2.33896,214286,-1530.88,-416.891,17.2145,196525,-1479,431.512,72.7404
0.146785,0,-484.434,3.54286,2.339,214264,-1528.73,-416.906,17.2103,196547,-1477.04,431.497,72.7447
0.146795,0,-484.434,3.53802,2.33903,214243,-1526.59,-416.921,17.2061,196570,-1475.07,431.482,72.749
0.146805,0,-484.434,3.53317,2.33907,214222,-1524.45,-416.936,17.2019,196592,-1473.11,431.467,72.7534
0.146815,0,-484.434,3.52833,2.3391,214201,-1522.31,-416.952,17.1978,196614,-1471.14,431.453,72.7577
0.146825,0,-484.434,3.52349,2.33914,214180,-1520.17,-416.967,17.1936,196637,-1469.18,431.438,72.762
0.146835,0,-484.434,3.51864,2.33917,214158,-1518.02,-416.982,17.1894,196659,-1467.21,431.423,72.7663
0.146845,0,-484.434,3.5138,2.33921,214137,-1515.88,-416.997,17.1853,196681,-1465.24,431.409,72.7706
0.146855,33419.8,-484.291,3.50896,2.33924,214055,-1513.74,-417.012,17.1811,196643,-1463.28,431.394,72.7749
0.146865,33419.8,-483.956,3.50412,2.33928,213889,-1511.6,-417.028,17.1769,196526,-1461.31,431.379,72.7792
0.146875,33419.8,-483.622,3.49928,2.33931,213724,-1509.46,-417.043,17.1728,196409,-1459.35,431.365,72.7835
0.146885,33419.8,-483.288,3.49444,2.33935,213559,-1507.33,-417.058,17.1686,196292,-1457.38,431.35,72.7879
0.146895,33419.8,-482.954,3.48961,2.33939,213394,-1505.19,-417.073,17.1644,196174,-1455.42,431.335,72.7922
0.146905,33419.8,-482.62,3.48479,2.33942,213229,-1503.06,-417.088,17.1602,196057,-1453.46,431.321,72.7965
0.146915,33419.8,-482.286,3.47996,2.33945,213064,-1500.93,-417.103,17.1561,195940,-1451.5,431.306,72.8008
0.146925,33419.8,-481.951,3.47514,2.33949,212899,-1498.8,-417.118,17.1519,195822,-1449.54,431.292,72.8051
0.146935,33419.8,-481.617,3.47032,2.33952,212734,-1496.67,-417.133,17.1477,195704,-1447.59,431.277,72.8094
0.146945,33419.8,-481.283,3.46551,2.33956,212569,-1494.55,-417.148,17.1436,195587,-1445.63,431.263,72.8137
0.146955,33419.8,-480.949,3.4607,2.33959,212405,-1492.42,-417.163,17.1394,195469,-1443.67,431.249,72.818
0.146965,33419.8,-480.615,3.45589,2.33963,212240,-1490.3,-417.178,17.1352,195351,-1441.72,431.234,72.8223
0.146975,33419.8,-480.281,3.45109,2.33966,212075,-1488.18,-417.193,17.131,195234,-1439.77,431.22,72.8267
0.146985,33419.8,-479.947,3.44629,2.3397,211911,-1486.06,-417.207,17.1269,195116,-1437.82,431.205,72.831
0.146995,33419.8,-479.612,3.44149,2.33973,211746,-1483.94,-417.222,17.1227,194998,-1435.87,431.191,72.8353
0.147005,33419.8,-479.278,3.4367,2.33977,211581,-1481.82,-417.237,17.1185,194880,-1433.92,431.177,72.8396
0.147015,33419.8,-478.944,3.43191,2.3398,211417,-1479.71,-417.252,17.1144,194762,-1431.97,431.162,72.8439
0.147025,33419.8,-478.61,3.42712,2.33983,211253,-1477.6,-417.267,17.1102,194644,-1430.02,431.148,72.8482
0.147035,33419.8,-478.276,3.42234,2.33987,211088,-1475.48,-417.281,17.106,194526,-1428.08,431.134,72.8525
0.147045,33419.8,-477.942,3.41756,2.3399,210924,-1473.37,-417.296,17.1018,194408,-1426.13,431.119,72.8568
0.147055,33419.8,-477.607,3.41278,2.33994,210759,-1471.27,-417.311,17.0977,194290,-1424.19,431.105,72.8611
0.147065,33419.8,-477.273,3.408,2.33997,210595,-1469.16,-417.326,17.0935,194171,-1422.25,431.091,72.8654
0.147075,33419.8,-476.939,3.40323,2.34001,210431,-1467.06,-417.34,17.0893,194053,-1420.31,431.077,72.8698
0.147085,33419.8,-476.605,3.39847,2.34004,210267,-1464.95,-417.355,17.0851,193935,-1418.37,431.062,72.8741
0.147095,33419.8,-476.271,3.3937,2.34007,210103,-1462.85,-417.37,17.081,193816,-1416.43,431.048,72.8784
0.147105,33419.8,-475.937,3.38894,2.34011,209939,-1460.75,-417.384,17.0768,193698,-1414.49,431.034,72.8827
0.147115,33419.8,-475.603,3.38419,2.34014,209775,-1458.65,-417.399,17.0726,193580,-1412.55,431.02,72.887
0.147125,33419.8,-475.268,3.37943,2.34017,209611,-1456.56,-417.413,17.0685,193461,-1410.62,431.006,72.8913
0.147135,33419.8,-474.934,3.37468,2.34021,209447,-1454.46,-417.428,17.0643,193342,-1408.69,430.992,72.8956
0.147145,33419.8,-474.6,3.36994,2.34024,209283,-1452.37,-417.442,17.0601,193224,-1406.75,430.978,72.8999
0.147155,33419.8,-474.266,3.36519,2.34028,209119,-1450.28,-417.457,17.0559,193105,-1404.82,430.964,72.9042
0.147165,33419.8,-473.932,3.36045,2.34031,208955,-1448.18,-417.471,17.0518,192986,-1402.89,430.95,72.9086
0.147175,33419.8,-473.598,3.35571,2.34034,208791,-1446.1,-417.486,17.0476,192868,-1400.96,430.936,72.9129
0.147185,33419.8,-473.263,3.35098,2.34038,208628,-1444.01,-417.5,17.0434,192749,-1399.04,430.922,72.9172
0.147195,33419.8,-472.929,3.34625,2.34041,208464,-1441.92,-417.515,17.0392,192630,-1397.11,430.908,72.9215
0.147205,33419.8,-472.595,3.34152,2.34044,208300,-1439.84,-417.529,17.0351,192511,-1395.18,430.894,72.9258
0.147215,33419.8,-472.261,3.3368,2.34048,208137,-1437.76,-417.544,17.0309,192392,-1393.26,430.88,72.9301
0.147225,33419.8,-471.927,3.33208,2.34051,207973,-1435.68,-417.558,17.0267,192273,-1391.34,430.866,72.9344
0.147235,33419.8,-471.593,3.32736,2.34054,207810,-1433.6,-417.572,17.0225,192154,-1389.41,430.852,72.9387
0.147245,33419.8,-471.259,3.32265,2.34058,207646,-1431.52,-417.587,17.0184,192035,-1387.49,430.838,72.943
0.147255,33419.8,-470.924,3.31794,2.34061,207483,-1429.45,-417.601,17.0142,191916,-1385.57,430.824,72.9473
0.147265,33419.8,-470.59,3.31323,2.34064,207320,-1427.37,-417.615,17.01,191796,-1383.66,430.81,72.9517
0.147275,33419.8,-470.256,3.30853,2.34068,207156,-1425.3,-417.629,17.0058,191677,-1381.74,430.797,72.956
0.147285,33419.8,-469.922,3.30383,2.34071,206993,-1423.23,-417.644,17.0016,191558,-1379.82,430.783,72.9603
0.147295,33419.8,-469.588,3.29913,2.34074,206830,-1421.16,-417.658,16.9975,191438,-1377.91,430.769,72.9646
0.147305,33419.8,-469.254,3.29444,2.34078,206667,-1419.1,-417.672,16.9933,191319,-1375.99,430.755,72.9689
0.147315,33419.8,-468.919,3.28975,2.34081,206503,-1417.03,-417.686,16.9891,191200,-1374.08,430.741,72.9732
0.147325,33419.8,-468.585,3.28506,2.34084,206340,-1414.97,-417.7,16.9849,191080,-1372.17,430.728,72.9775
0.147335,33419.8,-468.251,3.28038,2.34087,206177,-1412.9,-417.715,16.9808,190960,-1370.26,430.714,72.9818
0.147345,33419.8,-467.917,3.2757,2.34091,206014,-1410.84,-417.729,16.9766,190841,-1368.35,430.7,72.9861
0.147355,33419.8,-467.583,3.27102,2.34094,205851,-1408.78,-417.743,16.9724,190721,-1366.44,430.687,72.9905
0.147365,33419.8,-467.249,3.26635,2.34097,205688,-1406.73,-417.757,16.9682,190601,-1364.54,430.673,72.9948
0.147375,33419.8,-466.915,3.26168,2.341,205526,-1404.67,-417.771,16.9641,190482,-1362.63,430.659,72.9991
0.147385,33419.8,-466.58,3.25701,2.34104,205363,-1402.62,-417.785,16.9599,190362,-1360.73,430.646,73.0034
0.147395,33419.8,-466.246,3.25234,2.34107,205200,-1400.56,-417.799,16.9557,190242,-1358.83,430.632,73.0077
0.147405,33419.8,-465.912,3.24768,2.3411,205037,-1398.51,-417.813,16.9515,190122,-1356.92,430.619,73.012
0.147415,33419.8,-465.578,3.24303,2.34113,204875,-1396.46,-417.827,16.9473,190002,-1355.02,430.605,73.0163
0.147425,33419.8,-465.244,3.23837,2.34117,204712,-1394.42,-417.841,16.9432,189882,-1353.13,430.591,73.0206
0.147435,33419.8,-464.91,3.23372,2.3412,204549,-1392.37,-417.855,16.939,189762,-1351.23,430.578,73.0249
0.147445,33419.8,-464.575,3.22908,2.34123,204387,-1390.33,-417.869,16.9348,189642,-1349.33,430.564,73.0292
0.147455,33419.8,-464.241,3.22443,2.34126,204224,-1388.28,-417.883,16.9306,189522,-1347.43,430.551,73.0335
0.147465,33419.8,-463.907,3.21979,2.3413,204062,-1386.24,-417.896,16.9264,189402,-1345.54,430.537,73.0378
0.147475,33419.8,-463.573,3.21516,2.34133,203899,-1384.2,-417.91,16.9223,189282,-1343.65,430.524,73.0421
0.147485,33419.8,-463.239,3.21052,2.34136,203737,-1382.16,-417.924,16.9181,189161,-1341.76,430.511,73.0464
0.147495,33419.8,-462.905,3.20589,2.34139,203575,-1380.13,-417.938,16.9139,189041,-1339.86,430.497,73.0507
0.147505,33419.8,-462.57,3.20127,2.34142,203412,-1378.09,-417.952,16.9097,188920,-1337.97,430.484,73.055
0.147515,33419.8,-462.236,3.19664,2.34146,203250,-1376.06,-417.966,16.9056,188800,-1336.09,430.47,73.0593
0.147525,33419.8,-461.902,3.19202,2.34149,203088,-1374.03,-417.979,16.9014,188680,-1334.2,430.457,73.0636
0.147535,33419.8,-461.568,3.18741,2.34152,202926,-1372,-417.993,16.8972,188559,-1332.31,430.444,73.0679
0.147545,33419.8,-461.234,3.18279,2.34155,202764,-1369.97,-418.007,16.893,188439,-1330.43,430.43,73.0722
0.147555,33419.8,-460.9,3.17818,2.34158,202602,-1367.94,-418.02,16.8888,188318,-1328.55,430.417,73.0765
0.147565,33419.8,-460.566,3.17358,2.34162,202440,-1365.92,-418.034,16.8847,188197,-1326.66,430.404,73.0808
0.147575,33419.8,-460.231,3.16897,2.34165,202278,-1363.9,-418.048,16.8805,188077,-1324.78,430.391,73.0851
0.147585,33419.8,-459.897,3.16437,2.34168,202116,-1361.87,-418.061,16.8763,187956,-1322.9,430.377,73.0894
0.147595,33419.8,-459.563,3.15978,2.34171,201954,-1359.85,-418.075,16.8721,187835,-1321.02,430.364,73.0937
0.147605,33419.8,-459.229,3.15518,2.34174,201792,-1357.84,-418.089,16.8679,187714,-1319.15,430.351,73.098
0.147615,33419.8,-458.895,3.15059,2.34177,201630,-1355.82,-418.102,16.8637,187593,-1317.27,430.338,73.1023
0.147625,33419.8,-458.561,3.14601,2.34181,201468,-1353.8,-418.116,16.8596,187472,-1315.39,430.325,73.1066
0.147635,33419.8,-458.227,3.14142,2.34184,201306,-1351.79,-418.129,16.8554,187351,-1313.52,430.312,73.1109
0.147645,33419.8,-457.892,3.13684,2.34187,201145,-1349.78,-418.143,16.8512,187230,-1311.65,430.298,73.1152
0.147655,33419.8,-457.558,3.13227,2.3419,200983,-1347.77,-418.156,16.847,187109,-1309.78,430.285,73.1196
0.147665,33419.8,-457.224,3.12769,2.34193,200822,-1345.76,-418.17,16.8428,186988,-1307.91,430.272,73.1239
0.147675,33419.8,-456.89,3.12312,2.34196,200660,-1343.75,-418.183,16.8387,186867,-1306.04,430.259,73.1282
0.147685,33419.8,-456.556,3.11856,2.34199,200498,-1341.75,-418.196,16.8345,186746,-1304.17,430.246,73.1325
0.147695,33419.8,-456.222,3.11399,2.34202,200337,-1339.74,-418.21,16.8303,186624,-1302.3,430.233,73.1368
0.147705,33419.8,-455.887,3.10943,2.34206,200176,-1337.74,-418.223,16.8261,186503,-1300.44,430.22,73.1411
0.147715,33419.8,-455.553,3.10488,2.34209,200014,-1335.74,-418.237,16.8219,186382,-1298.57,430.207,73.1454
0.147725,33419.8,-455.219,3.10032,2.34212,199853,-1333.74,-418.25,16.8177,186260,-1296.71,430.194,73.1497
0.147735,33419.8,-454.885,3.09577,2.34215,199692,-1331.74,-418.263,16.8136,186139,-1294.85,430.181,73.154
0.147745,33419.8,-454.551,3.09123,2.34218,199530,-1329.75,-418.277,16.8094,186017,-1292.99,430.168,73.1583
0.147755,33419.8,-454.217,3.08668,2.34221,199369,-1327.75,-418.29,16.8052,185896,-1291.13,430.155,73.1626
0.147765,33419.8,-453.883,3.08214,2.34224,199208,-1325.76,-418.303,16.801,185774,-1289.27,430.142,73.1669
0.147775,33419.8,-453.548,3.07761,2.34227,199047,-1323.77,-418.316,16.7968,185653,-1287.41,430.129,73.1712
0.147785,33419.8,-453.214,3.07307,2.3423,198886,-1321.78,-418.33,16.7927,185531,-1285.56,430.117,73.1755
0.147795,33419.8,-452.88,3.06854,2.34233,198724,-1319.79,-418.343,16.7885,185409,-1283.7,430.104,73.1798
0.147805,33419.8,-452.546,3.06402,2.34236,198564,-1317.81,-418.356,16.7843,185288,-1281.85,430.091,73.1841
0.147815,33419.8,-452.212,3.05949,2.34239,198403,-1315.82,-418.369,16.7801,185166,-1280,430.078,73.1884
0.147825,33419.8,-451.878,3.05497,2.34243,198242,-1313.84,-418.382,16.7759,185044,-1278.15,430.065,73.1927
0.147835,33419.8,-451.543,3.05046,2.34246,198081,-1311.86,-418.396,16.7717,184922,-1276.3,430.053,73.197
0.147845,33419.8,-451.209,3.04594,2.34249,197920,-1309.88,-418.409,16.7675,184800,-1274.45,430.04,73.2013
0.147855,33419.8,-450.875,3.04143,2.34252,197759,-1307.9,-418.422,16.7634,184678,-1272.6,430.027,73.2056
0.147865,33419.8,-450.541,3.03693,2.34255,197598,-1305.92,-418.435,16.7592,184556,-1270.76,430.014,73.2099
0.147875,33419.8,-450.207,3.03242,2.34258,197438,-1303.95,-418.448,16.755,184434,-1268.91,430.002,73.2142
0.147885,33419.8,-449.873,3.02793,2.34261,197277,-1301.97,-418.461,16.7508,184312,-1267.07,429.989,73.2185
0.147895,33419.8,-449.539,3.02343,2.34264,197116,-1300,-418.474,16.7466,184190,-1265.23,429.976,73.2228
0.147905,33419.8,-449.204,3.01894,2.34267,196956,-1298.03,-418.487,16.7424,184067,-1263.39,429.964,73.2271
0.147915,33419.8,-448.87,3.01445,2.3427,196795,-1296.06,-418.5,16.7383,183945,-1261.54,429.951,73.2314
0.147925,33419.8,-448.536,3.00996,2.34273,196635,-1294.1,-418.513,16.7341,183823,-1259.71,429.939,73.2357
0.147935,33419.8,-448.202,3.00548,2.34276,196474,-1292.13,-418.526,16.7299,183701,-1257.87,429.926,73.24
0.147945,33419.8,-447.868,3.001,2.34279,196314,-1290.17,-418.539,16.7257,183578,-1256.03,429.913,73.2443
0.147955,33419.8,-447.534,2.99652,2.34282,196153,-1288.21,-418.551,16.7215,183456,-1254.2,429.901,73.2486
0.147965,33419.8,-447.199,2.99205,2.34285,195993,-1286.25,-418.564,16.7173,183333,-1252.36,429.888,73.2529
0.147975,33419.8,-446.865,2.98758,2.34288,195833,-1284.29,-418.577,16.7131,183211,-1250.53,429.876,73.2572
0.147985,33419.8,-446.531,2.98311,2.34291,195672,-1282.33,-418.59,16.709,183088,-1248.7,429.863,73.2615
0.147995,33419.8,-446.197,2.97865,2.34294,195512,-1280.37,-418.603,16.7048,182966,-1246.87,429.851,73.2658
0.148005,33419.8,-445.863,2.97419,2.34297,195352,-1278.42,-418.616,16.7006,182843,-1245.04,429.838,73.2701
0.148015,33419.8,-445.529,2.96973,2.343,195192,-1276.47,-418.628,16.6964,182720,-1243.21,429.826,73.2744
0.148025,33419.8,-445.194,2.96528,2.34303,195032,-1274.52,-418.641,16.6922,182597,-1241.39,429.813,73.2787
0.148035,33419.8,-444.86,2.96083,2.34306,194872,-1272.57,-418.654,16.688,182475,-1239.56,429.801,73.283
0.148045,33419.8,-444.526,2.95638,2.34309,194712,-1270.62,-418.667,16.6838,182352,-1237.74,429.789,73.2873
0.148055,33419.8,-444.192,2.95194,2.34312,194552,-1268.67,-418.679,16.6797,182229,-1235.92,429.776,73.2916
0.148065,33419.8,-443.858,2.9475,2.34315,194392,-1266.73,-418.692,16.6755,182106,-1234.09,429.764,73.2959
0.148075,33419.8,-443.524,2.94306,2.34318,194232,-1264.79,-418.705,16.6713,181983,-1232.27,429.752,73.3002
0.148085,33419.8,-443.19,2.93863,2.3432,194072,-1262.85,-418.717,16.6671,181860,-1230.46,429.739,73.3045
0.148095,33419.8,-442.855,2.9342,2.34323,193912,-1260.91,-418.73,16.6629,181737,-1228.64,429.727,73.3088
0.148105,33419.8,-442.521,2.92977,2.34326,193752,-1258.97,-418.742,16.6587,181614,-1226.82,429.715,73.3131
0.148115,33419.8,-442.187,2.92535,2.34329,193592,-1257.03,-418.755,16.6545,181491,-1225.01,429.702,73.3174
0.148125,33419.8,-441.853,2.92093,2.34332,193433,-1255.1,-418.768,16.6503,181368,-1223.19,429.69,73.3217
0.148135,33419.8,-441.519,2.91652,2.34335,193273,-1253.16,-418.78,16.6462,181244,-1221.38,429.678,73.326
0.148145,33419.8,-441.185,2.9121,2.34338,193113,-1251.23,-418.793,16.642,181121,-1219.57,429.666,73.3302
0.148155,33419.8,-440.85,2.90769,2.34341,192954,-1249.3,-418.805,16.6378,180998,-1217.76,429.654,73.3345
0.148165,33419.8,-440.516,2.90329,2.34344,192794,-1247.37,-418.818,16.6336,180875,-1215.95,429.641,73.3388
0.148175,33419.8,-440.182,2.89888,2.34347,192635,-1245.45,-418.83,16.6294,180751,-1214.14,429.629,73.3431
0.148185,33419.8,-439.848,2.89448,2.3435,192475,-1243.52,-418.843,16.6252,180628,-1212.33,429.617,73.3474
0.148195,33419.8,-439.514,2.89009,2.34353,192316,-1241.6,-418.855,16.621,180504,-1210.53,429.605,73.3517
0.148205,33419.8,-439.18,2.8857,2.34355,192157,-1239.67,-418.867,16.6168,180381,-1208.72,429.593,73.356
0.148215,33419.8,-438.846,2.88131,2.34358,191997,-1237.75,-418.88,16.6126,180257,-1206.92,429.581,73.3603
0.148225,33419.8,-438.511,2.87692,2.34361,191838,-1235.83,-418.892,16.6085,180134,-1205.12,429.569,73.3646
0.148235,33419.8,-438.177,2.87254,2.34364,191679,-1233.92,-418.905,16.6043,180010,-1203.32,429.557,73.3689
0.148245,33419.8,-437.843,2.86816,2.34367,191519,-1232,-418.917,16.6001,179886,-1201.52,429.545,73.3732
0.148255,33419.8,-437.509,2.86378,2.3437,191360,-1230.09,-418.929,16.5959,179763,-1199.72,429.533,73.3775
0.148265,33419.8,-437.175,2.85941,2.34373,191201,-1228.18,-418.941,16.5917,179639,-1197.92,429.521,73.3818
0.148275,33419.8,-436.841,2.85504,2.34375,191042,-1226.26,-418.954,16.5875,179515,-1196.13,429.509,73.3861
0.148285,33419.8,-436.507,2.85067,2.34378,190883,-1224.35,-418.966,16.5833,179391,-1194.33,429.497,73.3904
0.148295,33419.8,-436.172,2.84631,2.34381,190724,-1222.45,-418.978,16.5791,179267,-1192.54,429.485,73.3947
0.148305,33419.8,-435.838,2.84195,2.34384,190565,-1220.54,-418.99,16.5749,179143,-1190.75,429.473,73.399
0.148315,33419.8,-435.504,2.83759,2.34387,190406,-1218.64,-419.003,16.5708,179019,-1188.96,429.461,73.4033
0.148325,33419.8,-435.17,2.83324,2.3439,190247,-1216.73,-419.015,16.5666,178895,-1187.17,429.449,73.4076
0.148335,33419.8,-434.836,2.82889,2.34393,190088,-1214.83,-419.027,16.5624,178771,-1185.38,429.437,73.4119
0.148345,33419.8,-434.502,2.82455,2.34395,189929,-1212.93,-419.039,16.5582,178647,-1183.59,429.426,73.4162
0.148355,33419.8,-434.167,2.8202,2.34398,189770,-1211.03,-419.051,16.554,178523,-1181.81,429.414,73.4204
0.148365,33419.8,-433.833,2.81586,2.34401,189612,-1209.14,-419.063,16.5498,178399,-1180.02,429.402,73.4247
0.148375,33419.8,-433.499,2.81153,2.34404,189453,-1207.24,-419.075,16.5456,178275,-1178.24,429.39,73.429
0.148385,33419.8,-433.165,2.80719,2.34407,189294,-1205.35,-419.087,16.5414,178150,-1176.46,429.378,73.4333
0.148395,33419.8,-432.831,2.80287,2.34409,189136,-1203.46,-419.099,16.5372,178026,-1174.68,429.367,73.4376
0.148405,33419.8,-432.497,2.79854,2.34412,188977,-1201.57,-419.112,16.533,177902,-1172.9,429.355,73.4419
0.148415,33419.8,-432.163,2.79422,2.34415,188818,-1199.68,-419.124,16.5289,177777,-1171.12,429.343,73.4462
0.148425,33419.8,-431.828,2.7899,2.34418,188660,-1197.79,-419.135,16.5247,177653,-1169.35,429.331,73.4505
0.148435,33419.8,-431.494,2.78558,2.34421,188501,-1195.9,-419.147,16.5205,177528,-1167.57,429.32,73.4548
0.148445,33419.8,-431.16,2.78127,2.34423,188343,-1194.02,-419.159,16.5163,177404,-1165.79,429.308,73.4591
0.148455,33419.8,-430.826,2.77696,2.34426,188184,-1192.14,-419.171,16.5121,177279,-1164.02,429.296,73.4634
0.148465,33419.8,-430.492,2.77265,2.34429,188026,-1190.26,-419.183,16.5079,177155,-1162.25,429.285,73.4677
0.148475,33419.8,-430.158,2.76835,2.34432,187868,-1188.38,-419.195,16.5037,177030,-1160.48,429.273,73.472
0.148485,33419.8,-429.823,2.76405,2.34434,187709,-1186.5,-419.207,16.4995,176905,-1158.71,429.262,73.4763
0.148495,33419.8,-429.489,2.75976,2.34437,187551,-1184.62,-419.219,16.4953,176781,-1156.94,429.25,73.4806
0.148505,33419.8,-429.155,2.75546,2.3444,187393,-1182.75,-419.231,16.4911,176656,-1155.17,429.238,73.4849
0.148515,33419.8,-428.821,2.75117,2.34443,187235,-1180.88,-419.243,16.4869,176531,-1153.41,429.227,73.4892
0.148525,33419.8,-428.487,2.74689,2.34446,187077,-1179.01,-419.254,16.4827,176406,-1151.64,429.215,73.4935
0.148535,33419.8,-428.153,2.7426,2.34448,186918,-1177.14,-419.266,16.4785,176281,-1149.88,429.204,73.4978
0.148545,33419.8,-427.818,2.73833,2.34451,186760,-1175.27,-419.278,16.4744,176157,-1148.12,429.192,73.5021
0.148555,33419.8,-427.484,2.73405,2.34454,186602,-1173.4,-419.29,16.4702,176032,-1146.36,429.181,73.5064
0.148565,33419.8,-427.15,2.72978,2.34456,186444,-1171.54,-419.301,16.466,175907,-1144.6,429.169,73.5107
0.148575,33419.8,-426.816,2.72551,2.34459,186286,-1169.67,-419.313,16.4618,175782,-1142.84,429.158,73.5149
0.148585,33419.8,-426.482,2.72124,2.34462,186128,-1167.81,-419.325,16.4576,175656,-1141.08,429.147,73.5192
0.148595,33419.8,-426.148,2.71698,2.34465,185971,-1165.95,-419.336,16.4534,175531,-1139.33,429.135,73.5235
0.148605,33419.8,-425.814,2.71272,2.34467,185813,-1164.09,-419.348,16.4492,175406,-1137.57,429.124,73.5278
0.148615,33419.8,-425.479,2.70846,2.3447,185655,-1162.24,-419.36,16.445,175281,-1135.82,429.112,73.5321
0.148625,33419.8,-425.145,2.70421,2.34473,185497,-1160.38,-419.371,16.4408,175156,-1134.07,429.101,73.5364
0.148635,33419.8,-424.811,2.69996,2.34475,185339,-1158.53,-419.383,16.4366,175030,-1132.32,429.09,73.5407
0.148645,33419.8,-424.477,2.69572,2.34478,185182,-1156.67,-419.394,16.4324,174905,-1130.57,429.078,73.545
0.148655,33419.8,-424.143,2.69147,2.34481,185024,-1154.82,-419.406,16.4282,174780,-1128.82,429.067,73.5492
0.148665,33419.8,-423.809,2.68723,2.34484,184866,-1152.97,-419.417,16.424,174654,-1127.07,429.056,73.5535
0.148675,33419.8,-423.474,2.683,2.34486,184709,-1151.13,-419.429,16.4198,174529,-1125.33,429.045,73.5578
0.148685,33419.8,-423.14,2.67877,2.34489,184551,-1149.28,-419.441,16.4156,174404,-1123.58,429.033,73.5621
0.148695,33419.8,-422.806,2.67454,2.34492,184394,-1147.44,-419.452,16.4114,174278,-1121.84,429.022,73.5664
0.148705,33419.8,-422.472,2.67031,2.34494,184236,-1145.59,-419.464,16.4073,174152,-1120.1,429.011,73.5707
0.148715,33419.8,-422.138,2.66609,2.34497,184079,-1143.75,-419.475,16.4031,174027,-1118.36,429,73.575
0.148725,33419.8,-421.804,2.66187,2.345,183921,-1141.91,-419.486,16.3989,173901,-1116.62,428.989,73.5793
0.148735,33419.8,-421.47,2.65765,2.34502,183764,-1140.07,-419.498,16.3947,173776,-1114.88,428.977,73.5835
0.148745,33419.8,-421.135,2.65344,2.34505,183607,-1138.24,-419.509,16.3905,173650,-1113.14,428.966,73.5878
0.148755,33419.8,-420.801,2.64923,2.34508,183449,-1136.4,-419.52,16.3863,173524,-1111.41,428.955,73.5921
0.148765,33419.8,-420.467,2.64503,2.3451,183292,-1134.57,-419.532,16.3821,173398,-1109.67,428.944,73.5964
0.148775,33419.8,-420.133,2.64082,2.34513,183135,-1132.74,-419.543,16.3779,173273,-1107.94,428.933,73.6007
0.148785,33419.8,-419.799,2.63662,2.34515,182978,-1130.91,-419.555,16.3737,173147,-1106.21,428.922,73.605
0.148795,33419.8,-419.465,2.63243,2.34518,182820,-1129.08,-419.566,16.3695,173021,-1104.48,428.911,73.6093
0.148805,33419.8,-419.13,2.62824,2.34521,182663,-1127.25,-419.577,16.3653,172895,-1102.75,428.9,73.6136
0.148815,33419.8,-418.796,2.62405,2.34523,182506,-1125.42,-419.588,16.3611,172769,-1101.02,428.889,73.6179
0.148825,33419.8,-418.462,2.61986,2.34526,182349,-1123.6,-419.6,16.3569,172643,-1099.29,428.878,73.6221
0.148835,33419.8,-418.128,2.61568,2.34529,182192,-1121.78,-419.611,16.3527,172517,-1097.57,428.867,73.6264
0.148845,33419.8,-417.794,2.6115,2.34531,182035,-1119.96,-419.622,16.3485,172391,-1095.84,428.856,73.6307
0.148855,33419.8,-417.46,2.60732,2.34534,181878,-1118.14,-419.633,16.3443,172265,-1094.12,428.845,73.635
0.148865,33419.8,-417.126,2.60315,2.34536,181721,-1116.32,-419.644,16.3401,172138,-1092.4,428.834,73.6393
0.148875,33419.8,-416.791,2.59898,2.34539,181564,-1114.5,-419.656,16.3359,172012,-1090.68,428.823,73.6436
0.148885,33419.8,-416.457,2.59482,2.34542,181408,-1112.69,-419.667,16.3317,171886,-1088.96,428.812,73.6479
0.148895,33419.8,-416.123,2.59066,2.34544,181251,-1110.88,-419.678,16.3275,171760,-1087.24,428.801,73.6522
0.148905,33419.8,-415.789,2.5865,2.34547,181094,-1109.06,-419.689,16.3233,171633,-1085.52,428.79,73.6564
0.148915,33419.8,-415.455,2.58234,2.34549,180937,-1107.25,-419.7,16.3191,171507,-1083.81,428.78,73.6607
0.148925,33419.8,-415.121,2.57819,2.34552,180781,-1105.45,-419.711,16.3149,171381,-1082.09,428.769,73.665
0.148935,33419.8,-414.786,2.57404,2.34555,180624,-1103.64,-419.722,16.3107,171254,-1080.38,428.758,73.6693
0.148945,33419.8,-414.452,2.56989,2.34557,180467,-1101.83,-419.733,16.3066,171128,-1078.67,428.747,73.6736
0.148955,33419.8,-414.118,2.56575,2.3456,180311,-1100.03,-419.744,16.3024,171001,-1076.96,428.736,73.6779
0.148965,33419.8,-413.784,2.56161,2.34562,180154,-1098.23,-419.755,16.2982,170875,-1075.25,428.726,73.6822
0.148975,33419.8,-413.45,2.55748,2.34565,179998,-1096.43,-419.766,16.294,170748,-1073.54,428.715,73.6865
0.148985,33419.8,-413.116,2.55334,2.34567,179841,-1094.63,-419.777,16.2898,170622,-1071.84,428.704,73.6907
0.148995,33419.8,-412.782,2.54922,2.3457,179685,-1092.83,-419.788,16.2856,170495,-1070.13,428.693,73.695
0.149005,33419.8,-412.447,2.54509,2.34572,179528,-1091.04,-419.799,16.2814,170368,-1068.43,428.683,73.6993
0.149015,33419.8,-412.113,2.54097,2.34575,179372,-1089.24,-419.81,16.2772,170241,-1066.72,428.672,73.7036
0.149025,33419.8,-411.779,2.53685,2.34578,179216,-1087.45,-419.821,16.273,170115,-1065.02,428.661,73.7079
0.149035,33419.8,-411.445,2.53273,2.3458,179059,-1085.66,-419.831,16.2688,169988,-1063.32,428.651,73.7122
0.149045,33419.8,-411.111,2.52862,2.34583,178903,-1083.87,-419.842,16.2646,169861,-1061.62,428.64,73.7165
0.149055,33419.8,-410.777,2.52451,2.34585,178747,-1082.08,-419.853,16.2604,169734,-1059.92,428.629,73.7208
0.149065,33419.8,-410.442,2.52041,2.34588,178591,-1080.29,-419.864,16.2562,169607,-1058.23,428.619,73.725
0.149075,33419.8,-410.108,2.5163,2.3459,178434,-1078.51,-419.875,16.252,169480,-1056.53,428.608,73.7293
0.149085,33419.8,-409.774,2.51221,2.34593,178278,-1076.73,-419.886,16.2478,169353,-1054.84,428.598,73.7336
0.149095,33419.8,-409.44,2.50811,2.34595,178122,-1074.94,-419.896,16.2436,169226,-1053.15,428.587,73.7379
0.149105,33419.8,-409.106,2.50402,2.34598,177966,-1073.16,-419.907,16.2394,169099,-1051.45,428.577,73.7422
0.149115,33419.8,-408.772,2.49993,2.346,177810,-1071.38,-419.918,16.2352,168972,-1049.76,428.566,73.7465
0.149125,33419.8,-408.438,2.49584,2.34603,177654,-1069.61,-419.928,16.231,168845,-1048.08,428.556,73.7508
0.149135,33419.8,-408.103,2.49176,2.34605,177498,-1067.83,-419.939,16.2268,168718,-1046.39,428.545,73.7551
0.149145,33419.8,-407.769,2.48768,2.34608,177342,-1066.06,-419.95,16.2226,168591,-1044.7,428.535,73.7593
0.149155,33419.8,-407.435,2.48361,2.3461,177186,-1064.29,-419.961,16.2184,168463,-1043.02,428.524,73.7636
0.149165,33419.8,-407.101,2.47953,2.34613,177030,-1062.52,-419.971,16.2142,168336,-1041.33,428.514,73.7679
0.149175,33419.8,-406.767,2.47547,2.34615,176875,-1060.75,-419.982,16.21,168209,-1039.65,428.504,73.7722
0.149185,33419.8,-406.433,2.4714,2.34618,176719,-1058.98,-419.992,16.2058,168081,-1037.97,428.493,73.7765
0.149195,33419.8,-406.098,2.46734,2.3462,176563,-1057.21,-420.003,16.2016,167954,-1036.29,428.483,73.7808
0.149205,33419.8,-405.764,2.46328,2.34623,176407,-1055.45,-420.013,16.1974,167827,-1034.61,428.473,73.7851
0.149215,33419.8,-405.43,2.45922,2.34625,176252,-1053.68,-420.024,16.1932,167699,-1032.93,428.462,73.7894
0.149225,33419.8,-405.096,2.45517,2.34627,176096,-1051.92,-420.035,16.189,167572,-1031.26,428.452,73.7936
0.149235,33419.8,-404.762,2.45112,2.3463,175940,-1050.16,-420.045,16.1848,167444,-1029.58,428.442,73.7979
0.149245,33419.8,-404.428,2.44708,2.34632,175785,-1048.4,-420.056,16.1806,167317,-1027.91,428.431,73.8022
0.149255,33419.8,-404.094,2.44304,2.34635,175629,-1046.65,-420.066,16.1764,167189,-1026.24,428.421,73.8065
0.149265,33419.8,-403.759,2.439,2.34637,175474,-1044.89,-420.076,16.1722,167061,-1024.57,428.411,73.8108
0.149275,33419.8,-403.425,2.43496,2.3464,175318,-1043.14,-420.087,16.168,166934,-1022.9,428.4,73.8151
0.149285,33419.8,-403.091,2.43093,2.34642,175163,-1041.39,-420.097,16.1638,166806,-1021.23,428.39,73.8194
0.149295,33419.8,-402.757,2.4269,2.34645,175007,-1039.64,-420.108,16.1596,166678,-1019.56,428.38,73.8237
0.149305,33419.8,-402.423,2.42288,2.34647,174852,-1037.89,-420.118,16.1554,166550,-1017.89,428.37,73.8279
0.149315,33419.8,-402.089,2.41885,2.34649,174697,-1036.14,-420.128,16.1512,166423,-1016.23,428.36,73.8322
0.149325,33419.8,-401.754,2.41483,2.34652,174541,-1034.39,-420.139,16.147,166295,-1014.57,428.349,73.8365
0.149335,33419.8,-401.42,2.41082,2.34654,174386,-1032.65,-420.149,16.1428,166167,-1012.9,428.339,73.8408
0.149345,33419.8,-401.086,2.40681,2.34657,174231,-1030.91,-420.16,16.1386,166039,-1011.24,428.329,73.8451
0.149355,33419.8,-400.752,2.4028,2.34659,174076,-1029.16,-420.17,16.1344,165911,-1009.58,428.319,73.8493
0.149365,33419.8,-400.418,2.39879,2.34661,173920,-1027.42,-420.18,16.1302,165783,-1007.93,428.309,73.8536
0.149375,33419.8,-400.084,2.39479,2.34664,173765,-1025.69,-420.19,16.126,165655,-1006.27,428.299,73.8579
0.149385,33419.8,-399.75,2.39079,2.34666,173610,-1023.95,-420.201,16.1218,165527,-1004.61,428.289,73.8622
0.149395,33419.8,-399.415,2.3868,2.34669,173455,-1022.22,-420.211,16.1176,165399,-1002.96,428.279,73.8665
0.149405,33419.8,-399.081,2.38281,2.34671,173300,-1020.48,-420.221,16.1134,165271,-1001.3,428.269,73.8707
0.149415,33419.8,-398.747,2.37882,2.34673,173145,-1018.75,-420.231,16.1092,165143,-999.653,428.259,73.875
0.149425,33419.8,-398.413,2.37483,2.34676,172990,-1017.02,-420.241,16.105,165014,-998.003,428.249,73.8793
0.149435,33419.8,-398.079,2.37085,2.34678,172835,-1015.29,-420.252,16.1008,164886,-996.353,428.239,73.8836
0.149445,33419.8,-397.745,2.36687,2.3468,172680,-1013.56,-420.262,16.0966,164758,-994.705,428.229,73.8879
0.149455,33419.8,-397.41,2.3629,2.34683,172525,-1011.84,-420.272,16.0924,164630,-993.059,428.219,73.8921
0.149465,33419.8,-397.076,2.35892,2.34685,172370,-1010.11,-420.282,16.0881,164501,-991.413,428.209,73.8964
0.149475,33419.8,-396.742,2.35496,2.34688,172216,-1008.39,-420.292,16.0839,164373,-989.769,428.199,73.9007
0.149485,33419.8,-396.408,2.35099,2.3469,172061,-1006.67,-420.302,16.0797,164244,-988.126,428.189,73.905
0.149495,33419.8,-396.074,2.34703,2.34692,171906,-1004.95,-420.312,16.0755,164116,-986.484,428.179,73.9093
0.149505,33419.8,-395.74,2.34307,2.34695,171751,-1003.23,-420.322,16.0713,163988,-984.844,428.17,73.9135
0.149515,33419.8,-395.406,2.33911,2.34697,171597,-1001.51,-420.332,16.0671,163859,-983.205,428.16,73.9178
0.149525,33419.8,-395.071,2.33516,2.34699,171442,-999.8,-420.342,16.0629,163731,-981.568,428.15,73.9221
0.149535,33419.8,-394.737,2.33121,2.34702,171287,-998.086,-420.352,16.0587,163602,-979.931,428.14,73.9264
0.149545,33419.8,-394.403,2.32727,2.34704,171133,-996.374,-420.362,16.0545,163473,-978.296,428.13,73.9307
0.149555,33419.8,-394.069,2.32333,2.34706,170978,-994.664,-420.372,16.0503,163345,-976.662,428.121,73.9349
0.149565,33419.8,-393.735,2.31939,2.34709,170824,-992.955,-420.382,16.0461,163216,-975.029,428.111,73.9392
0.149575,33419.8,-393.401,2.31545,2.34711,170669,-991.248,-420.392,16.0419,163087,-973.398,428.101,73.9435
0.149585,33419.8,-393.066,2.31152,2.34713,170515,-989.542,-420.402,16.0377,162959,-971.768,428.091,73.9478
0.149595,33419.8,-392.732,2.30759,2.34716,170360,-987.838,-420.412,16.0335,162830,-970.139,428.082,73.9521
0.149605,33419.8,-392.398,2.30367,2.34718,170206,-986.136,-420.422,16.0293,162701,-968.512,428.072,73.9563
0.149615,33419.8,-392.064,2.29975,2.3472,170051,-984.435,-420.432,16.0251,162572,-966.886,428.062,73.9606
0.149625,33419.8,-391.73,2.29583,2.34722,169897,-982.735,-420.441,16.0209,162443,-965.261,428.053,73.9649
0.149635,33419.8,-391.396,2.29191,2.34725,169743,-981.037,-420.451,16.0167,162314,-963.637,428.043,73.9692
0.149645,33419.8,-391.062,2.288,2.34727,169588,-979.341,-420.461,16.0125,162185,-962.015,428.033,73.9735
0.149655,33419.8,-390.727,2.28409,2.34729,169434,-977.646,-420.471,16.0083,162056,-960.394,428.024,73.9777
0.149665,33419.8,-390.393,2.28019,2.34732,169280,-975.953,-420.48,16.0041,161927,-958.774,428.014,73.982
0.149675,33419.8,-390.059,2.27629,2.34734,169126,-974.261,-420.49,15.9999,161798,-957.156,428.005,73.9863
0.149685,33419.8,-389.725,2.27239,2.34736,168972,-972.57,-420.5,15.9957,161669,-955.539,427.995,73.9906
0.149695,33419.8,-389.391,2.26849,2.34738,168818,-970.882,-420.51,15.9915,161540,-953.923,427.986,73.9949
0.149705,33419.8,-389.057,2.2646,2.34741,168663,-969.194,-420.519,15.9873,161411,-952.308,427.976,73.9991
0.149715,33419.8,-388.722,2.26071,2.34743,168509,-967.509,-420.529,15.983,161282,-950.695,427.966,74.0034
0.149725,33419.8,-388.388,2.25683,2.34745,168355,-965.825,-420.539,15.9788,161153,-949.083,427.957,74.0077
0.149735,33419.8,-388.054,2.25295,2.34747,168201,-964.142,-420.548,15.9746,161023,-947.473,427.947,74.012
0.149745,33419.8,-387.72,2.24907,2.3475,168047,-962.461,-420.558,15.9704,160894,-945.863,427.938,74.0163
0.149755,33419.8,-387.386,2.24519,2.34752,167894,-960.782,-420.568,15.9662,160765,-944.255,427.929,74.0205
0.149765,33419.8,-387.052,2.24132,2.34754,167740,-959.104,-420.577,15.962,160635,-942.648,427.919,74.0248
0.149775,33419.8,-386.718,2.23745,2.34756,167586,-957.427,-420.587,15.9578,160506,-941.043,427.91,74.0291
0.149785,33419.8,-386.383,2.23359,2.34759,167432,-955.753,-420.596,15.9536,160377,-939.439,427.9,74.0334
0.149795,33419.8,-386.049,2.22973,2.34761,167278,-954.079,-420.606,15.9494,160247,-937.836,427.891,74.0377
0.149805,33419.8,-385.715,2.22587,2.34763,167124,-952.407,-420.615,15.9452,160118,-936.234,427.882,74.0419
0.149815,33419.8,-385.381,2.22201,2.34765,166971,-950.737,-420.625,15.941,159988,-934.634,427.872,74.0462
0.149825,33419.8,-385.047,2.21816,2.34768,166817,-949.068,-420.635,15.9368,159859,-933.035,427.863,74.0505
0.149835,33419.8,-384.713,2.21431,2.3477,166663,-947.401,-420.644,15.9326,159729,-931.437,427.854,74.0548
0.149845,33419.8,-384.378,2.21047,2.34772,166510,-945.736,-420.653,15.9284,159600,-929.841,427.844,74.0591
0.149855,33419.8,-384.044,2.20663,2.34774,166356,-944.071,-420.663,15.9242,159470,-928.245,427.835,74.0633
0.149865,33419.8,-383.71,2.20279,2.34776,166202,-942.409,-420.672,15.92,159340,-926.652,427.826,74.0676
0.149875,33419.8,-383.376,2.19895,2.34779,166049,-940.748,-420.682,15.9157,159211,-925.059,427.816,74.0719
0.149885,33419.8,-383.042,2.19512,2.34781,165895,-939.088,-420.691,15.9115,159081,-923.468,427.807,74.0762
0.149895,33419.8,-382.708,2.19129,2.34783,165742,-937.43,-420.701,15.9073,158951,-921.878,427.798,74.0805
0.149905,33419.8,-382.374,2.18747,2.34785,165588,-935.774,-420.71,15.9031,158821,-920.289,427.789,74.0847
0.149915,33419.8,-382.039,2.18365,2.34787,165435,-934.119,-420.719,15.8989,158692,-918.702,427.78,74.089
0.149925,33419.8,-381.705,2.17983,2.3479,165281,-932.466,-420.729,15.8947,158562,-917.116,427.77,74.0933
0.149935,33419.8,-381.371,2.17601,2.34792,165128,-930.814,-420.738,15.8905,158432,-915.531,427.761,74.0976
0.149945,33419.8,-381.037,2.1722,2.34794,164975,-929.164,-420.747,15.8863,158302,-913.948,427.752,74.1019
0.149955,33419.8,-380.703,2.16839,2.34796,164821,-927.515,-420.756,15.8821,158172,-912.365,427.743,74.1061
0.149965,33419.8,-380.369,2.16459,2.34798,164668,-925.868,-420.766,15.8779,158042,-910.784,427.734,74.1104
0.149975,33419.8,-380.034,2.16079,2.348,164515,-924.222,-420.775,15.8737,157912,-909.205,427.725,74.1147
0.149985,33419.8,-379.7,2.15699,2.34803,164361,-922.578,-420.784,15.8695,157782,-907.627,427.716,74.119
0.149995,33419.8,-379.366,2.15319,2.34805,164208,-920.935,-420.793,15.8653,157652,-906.05,427.707,74.1233
0.150005,33419.8,-379.032,2.1494,2.34807,164055,-919.294,-420.803,15.8611,157522,-904.474,427.698,74.1275
0.150015,33419.8,-378.698,2.14561,2.34809,163902,-917.654,-420.812,15.8568,157392,-902.9,427.688,74.1318
0.150025,33419.8,-378.364,2.14183,2.34811,163749,-916.016,-420.821,15.8526,157261,-901.327,427.679,74.1361
0.150035,33419.8,-378.03,2.13805,2.34813,163596,-914.38,-420.83,15.8484,157131,-899.755,427.67,74.1404
0.150045,33419.8,-377.695,2.13427,2.34815,163443,-912.745,-420.839,15.8442,157001,-898.184,427.661,74.1447
0.150055,33419.8,-377.361,2.1305,2.34818,163290,-911.111,-420.848,15.84,156871,-896.615,427.652,74.1489
0.150065,33419.8,-377.027,2.12672,2.3482,163137,-909.479,-420.857,15.8358,156740,-895.047,427.643,74.1532
0.150075,33419.8,-376.693,2.12296,2.34822,162984,-907.849,-420.867,15.8316,156610,-893.481,427.635,74.1575
0.150085,33419.8,-376.359,2.11919,2.34824,162831,-906.22,-420.876,15.8274,156480,-891.916,427.626,74.1618
0.150095,33419.8,-376.025,2.11543,2.34826,162678,-904.593,-420.885,15.8232,156349,-890.352,427.617,74.1661
0.150105,33419.8,-375.69,2.11167,2.34828,162525,-902.967,-420.894,15.819,156219,-888.789,427.608,74.1703
0.150115,33419.8,-375.356,2.10792,2.3483,162372,-901.343,-420.903,15.8148,156089,-887.228,427.599,74.1746
0.150125,33419.8,-375.022,2.10417,2.34832,162219,-899.72,-420.912,15.8105,155958,-885.668,427.59,74.1789
0.150135,33419.8,-374.688,2.10042,2.34834,162067,-898.099,-420.921,15.8063,155828,-884.109,427.581,74.1831
0.150145,33419.8,-374.354,2.09667,2.34837,161914,-896.479,-420.93,15.8021,155697,-882.552,427.572,74.1874
0.150155,33419.8,-374.02,2.09293,2.34839,161761,-894.861,-420.939,15.7979,155566,-880.995,427.564,74.1917
0.150165,33419.8,-373.686,2.08919,2.34841,161608,-893.244,-420.948,15.7937,155436,-879.441,427.555,74.196
0.150175,33419.8,-373.351,2.08546,2.34843,161456,-891.629,-420.957,15.7895,155305,-877.887,427.546,74.2002
0.150185,33419.8,-373.017,2.08173,2.34845,161303,-890.016,-420.965,15.7853,155175,-876.335,427.537,74.2045
0.150195,33419.8,-372.683,2.078,2.34847,161150,-888.404,-420.974,15.7811,155044,-874.784,427.529,74.2088
0.150205,33419.8,-372.349,2.07427,2.34849,160998,-886.793,-420.983,15.7769,154913,-873.234,427.52,74.2131
0.150215,33419.8,-372.015,2.07055,2.34851,160845,-885.184,-420.992,15.7727,154782,-871.686,427.511,74.2173
0.150225,33419.8,-371.681,2.06683,2.34853,160693,-883.577,-421.001,15.7685,154652,-870.139,427.502,74.2216
0.150235,33419.8,-371.346,2.06312,2.34855,160540,-881.971,-421.01,15.7642,154521,-868.594,427.494,74.2259
0.150245,33419.8,-371.012,2.05941,2.34857,160388,-880.366,-421.019,15.76,154390,-867.049,427.485,74.2301
0.150255,33419.8,-370.678,2.0557,2.34859,160235,-878.763,-421.027,15.7558,154259,-865.506,427.476,74.2344
0.150265,33419.8,-370.344,2.052,2.34861,160083,-877.162,-421.036,15.7516,154128,-863.964,427.468,74.2387
0.150275,33419.8,-370.01,2.0483,2.34864,159931,-875.562,-421.045,15.7474,153997,-862.424,427.459,74.243
0.150285,33419.8,-369.676,2.0446,2.34866,159778,-873.964,-421.054,15.7432,153866,-860.885,427.45,74.2472
0.150295,33419.8,-369.342,2.0409,2.34868,159626,-872.367,-421.062,15.739,153735,-859.347,427.442,74.2515
0.150305,33419.8,-369.007,2.03721,2.3487,159474,-870.772,-421.071,15.7348,153604,-857.811,427.433,74.2558
0.150315,33419.8,-368.673,2.03352,2.34872,159321,-869.178,-421.08,15.7306,153473,-856.276,427.425,74.26
0.150325,33419.8,-368.339,2.02984,2.34874,159169,-867.586,-421.088,15.7263,153342,-854.742,427.416,74.2643
0.150335,33419.8,-368.005,2.02616,2.34876,159017,-865.995,-421.097,15.7221,153211,-853.209,427.408,74.2686
0.150345,33419.8,-367.671,2.02248,2.34878,158865,-864.406,-421.106,15.7179,153080,-851.678,427.399,74.2729
0.150355,33419.8,-367.337,2.01881,2.3488,158712,-862.818,-421.114,15.7137,152949,-850.148,427.391,74.2771
0.150365,33419.8,-367.002,2.01513,2.34882,158560,-861.232,-421.123,15.7095,152818,-848.619,427.382,74.2814
0.150375,33419.8,-366.668,2.01147,2.34884,158408,-859.647,-421.132,15.7053,152686,-847.092,427.374,74.2857
0.150385,33419.8,-366.334,2.0078,2.34886,158256,-858.064,-421.14,15.7011,152555,-845.566,427.365,74.29
0.150395,33419.8,-366,2.00414,2.34888,158104,-856.483,-421.149,15.6969,152424,-844.041,427.357,74.2942
0.150405,33419.8,-365.666,2.00048,2.3489,157952,-854.903,-421.157,15.6927,152293,-842.518,427.348,74.2985
0.150415,33419.8,-365.332,1.99683,2.34892,157800,-853.324,-421.166,15.6884,152161,-840.996,427.34,74.3028
0.150425,33419.8,-364.998,1.99318,2.34894,157648,-851.747,-421.174,15.6842,152030,-839.475,427.331,74.307
0.150435,33419.8,-364.663,1.98953,2.34896,157496,-850.171,-421.183,15.68,151899,-837.956,427.323,74.3113
0.150445,33419.8,-364.329,1.98588,2.34898,157344,-848.598,-421.191,15.6758,151767,-836.437,427.315,74.3156
0.150455,33419.8,-363.995,1.98224,2.349,157192,-847.025,-421.2,15.6716,151636,-834.921,427.306,74.3199
0.150465,33419.8,-363.661,1.97861,2.34902,157041,-845.454,-421.208,15.6674,151504,-833.405,427.298,74.3241
0.150475,33419.8,-363.327,1.97497,2.34904,156889,-843.884,-421.217,15.6632,151373,-831.891,427.29,74.3284
0.150485,33419.8,-362.993,1.97134,2.34906,156737,-842.317,-421.225,15.659,151241,-830.378,427.281,74.3327
0.150495,33419.8,-362.658,1.96771,2.34908,156585,-840.75,-421.234,15.6548,151110,-828.867,427.273,74.337
0.150505,33419.8,-362.324,1.96409,2.3491,156433,-839.185,-421.242,15.6505,150978,-827.356,427.265,74.3412
0.150515,33419.8,-361.99,1.96047,2.34912,156282,-837.622,-421.25,15.6463,150846,-825.847,427.256,74.3455
0.150525,33419.8,-361.656,1.95685,2.34914,156130,-836.06,-421.259,15.6421,150715,-824.34,427.248,74.3498
0.150535,33419.8,-361.322,1.95323,2.34916,155978,-834.5,-421.267,15.6379,150583,-822.834,427.24,74.354
0.150545,33419.8,-360.988,1.94962,2.34917,155827,-832.941,-421.276,15.6337,150451,-821.329,427.232,74.3583
0.150555,33419.8,-360.654,1.94602,2.34919,155675,-831.384,-421.284,15.6295,150320,-819.825,427.224,74.3626
0.150565,33419.8,-360.319,1.94241,2.34921,155523,-829.828,-421.292,15.6253,150188,-818.323,427.215,74.3669
0.150575,33419.8,-359.985,1.93881,2.34923,155372,-828.274,-421.3,15.621,150056,-816.821,427.207,74.3711
0.150585,33419.8,-359.651,1.93521,2.34925,155220,-826.721,-421.309,15.6168,149924,-815.322,427.199,74.3754
0.150595,33419.8,-359.317,1.93162,2.34927,155069,-825.17,-421.317,15.6126,149792,-813.823,427.191,74.3797
0.150605,33419.8,-358.983,1.92803,2.34929,154917,-823.62,-421.325,15.6084,149661,-812.326,427.183,74.3839
0.150615,33419.8,-358.649,1.92444,2.34931,154766,-822.072,-421.333,15.6042,149529,-810.831,427.175,74.3882
0.150625,33419.8,-358.314,1.92086,2.34933,154615,-820.525,-421.342,15.6,149397,-809.336,427.167,74.3925
0.150635,33419.8,-357.98,1.91727,2.34935,154463,-818.98,-421.35,15.5958,149265,-807.843,427.158,74.3968
0.150645,33419.8,-357.646,1.9137,2.34937,154312,-817.436,-421.358,15.5916,149133,-806.351,427.15,74.401
0.150655,33419.8,-357.312,1.91012,2.34939,154160,-815.894,-421.366,15.5873,149001,-804.861,427.142,74.4053
0.150665,33419.8,-356.978,1.90655,2.34941,154009,-814.353,-421.374,15.5831,148869,-803.372,427.134,74.4096
0.150675,33419.8,-356.644,1.90298,2.34943,153858,-812.814,-421.382,15.5789,148737,-801.884,427.126,74.4139
0.150685,33419.8,-356.31,1.89942,2.34944,153707,-811.277,-421.391,15.5747,148605,-800.397,427.118,74.4181
0.150695,33419.8,-355.975,1.89586,2.34946,153555,-809.741,-421.399,15.5705,148472,-798.912,427.11,74.4224
0.150705,33419.8,-355.641,1.8923,2.34948,153404,-808.206,-421.407,15.5663,148340,-797.428,427.102,74.4267
0.150715,33419.8,-355.307,1.88875,2.3495,153253,-806.673,-421.415,15.5621,148208,-795.946,427.094,74.4309
0.150725,33419.8,-354.973,1.8852,2.34952,153102,-805.141,-421.423,15.5578,148076,-794.464,427.086,74.4352
0.150735,33419.8,-354.639,1.88165,2.34954,152951,-803.611,-421.431,15.5536,147944,-792.985,427.078,74.4395
0.150745,33419.8,-354.305,1.8781,2.34956,152800,-802.083,-421.439,15.5494,147811,-791.506,427.07,74.4438
0.150755,33419.8,-353.97,1.87456,2.34958,152648,-800.555,-421.447,15.5452,147679,-790.029,427.063,74.448
0.150765,33419.8,-353.636,1.87103,2.3496,152497,-799.03,-421.455,15.541,147547,-788.553,427.055,74.4523
0.150775,33419.8,-353.302,1.86749,2.34961,152346,-797.506,-421.463,15.5368,147414,-787.078,427.047,74.4566
0.150785,33419.8,-352.968,1.86396,2.34963,152195,-795.984,-421.471,15.5326,147282,-785.605,427.039,74.4609
0.150795,33419.8,-352.634,1.86043,2.34965,152044,-794.463,-421.479,15.5283,147150,-784.133,427.031,74.4651
0.150805,33419.8,-352.3,1.85691,2.34967,151894,-792.943,-421.487,15.5241,147017,-782.662,427.023,74.4694
0.150815,33419.8,-351.966,1.85339,2.34969,151743,-791.425,-421.495,15.5199,146885,-781.193,427.016,74.4737
0.150825,33419.8,-351.631,1.84987,2.34971,151592,-789.909,-421.503,15.5157,146752,-779.725,427.008,74.4779
0.150835,33419.8,-351.297,1.84636,2.34973,151441,-788.394,-421.511,15.5115,146620,-778.258,427,74.4822
0.150845,33419.8,-350.963,1.84284,2.34974,151290,-786.88,-421.518,15.5073,146487,-776.793,426.992,74.4865
0.150855,33419.8,-350.629,1.83934,2.34976,151139,-785.368,-421.526,15.5031,146355,-775.329,426.984,74.4908
0.150865,33419.8,-350.295,1.83583,2.34978,150988,-783.858,-421.534,15.4988,146222,-773.866,426.977,74.495
0.150875,33419.8,-349.961,1.83233,2.3498,150838,-782.349,-421.542,15.4946,146090,-772.405,426.969,74.4993
0.150885,33419.8,-349.626,1.82883,2.34982,150687,-780.841,-421.55,15.4904,145957,-770.945,426.961,74.5036
0.150895,33419.8,-349.292,1.82534,2.34984,150536,-779.336,-421.558,15.4862,145824,-769.486,426.953,74.5079
0.150905,33419.8,-348.958,1.82185,2.34985,150385,-777.831,-421.565,15.482,145692,-768.029,426.946,74.5121
0.150915,33419.8,-348.624,1.81836,2.34987,150235,-776.328,-421.573,15.4778,145559,-766.573,426.938,74.5164
0.150925,33419.8,-348.29,1.81488,2.34989,150084,-774.827,-421.581,15.4735,145426,-765.118,426.931,74.5207
0.150935,33419.8,-347.956,1.8114,2.34991,149934,-773.327,-421.589,15.4693,145293,-763.664,426.923,74.5249
0.150945,33419.8,-347.622,1.80792,2.34993,149783,-771.829,-421.596,15.4651,145161,-762.212,426.915,74.5292
0.150955,33419.8,-347.287,1.80445,2.34994,149632,-770.332,-421.604,15.4609,145028,-760.762,426.908,74.5335
0.150965,33419.8,-346.953,1.80098,2.34996,149482,-768.836,-421.612,15.4567,144895,-759.312,426.9,74.5378
0.150975,33419.8,-346.619,1.79751,2.34998,149331,-767.343,-421.619,15.4525,144762,-757.864,426.892,74.542
0.150985,33419.8,-346.285,1.79404,2.35,149181,-765.85,-421.627,15.4482,144629,-756.417,426.885,74.5463
0.150995,33419.8,-345.951,1.79058,2.35002,149030,-764.359,-421.635,15.444,144496,-754.972,426.877,74.5506
0.151005,33419.8,-345.617,1.78713,2.35003,148880,-762.87,-421.642,15.4398,144363,-753.528,426.87,74.5548
0.151015,33419.8,-345.282,1.78367,2.35005,148729,-761.382,-421.65,15.4356,144230,-752.085,426.862,74.5591
0.151025,33419.8,-344.948,1.78022,2.35007,148579,-759.896,-421.658,15.4314,144097,-750.644,426.855,74.5634
0.151035,33419.8,-344.614,1.77677,2.35009,148429,-758.411,-421.665,15.4272,143964,-749.203,426.847,74.5676
0.151045,33419.8,-344.28,1.77333,2.35011,148278,-756.928,-421.673,15.423,143831,-747.765,426.84,74.5719
0.151055,33419.8,-343.946,1.76989,2.35012,148128,-755.446,-421.68,15.4187,143698,-746.327,426.832,74.5762
0.151065,33419.8,-343.612,1.76645,2.35014,147978,-753.965,-421.688,15.4145,143565,-744.891,426.825,74.5804
0.151075,33419.8,-343.278,1.76302,2.35016,147828,-752.487,-421.695,15.4103,143432,-743.456,426.817,74.5847
0.151085,33419.8,-342.943,1.75959,2.35018,147677,-751.009,-421.703,15.4061,143299,-742.023,426.81,74.589
0.151095,33419.8,-342.609,1.75616,2.35019,147527,-749.533,-421.71,15.4019,143166,-740.591,426.802,74.5932
0.151105,33419.8,-342.275,1.75274,2.35021,147377,-748.059,-421.718,15.3976,143032,-739.16,426.795,74.5975
0.151115,33419.8,-341.941,1.74932,2.35023,147227,-746.586,-421.725,15.3934,142899,-737.731,426.788,74.6018
0.151125,33419.8,-341.607,1.7459,2.35025,147077,-745.115,-421.733,15.3892,142766,-736.302,426.78,74.606
0.151135,33419.8,-341.273,1.74248,2.35026,146926,-743.645,-421.74,15.385,142633,-734.876,426.773,74.6103
0.151145,33419.8,-340.938,1.73907,2.35028,146776,-742.177,-421.748,15.3808,142499,-733.45,426.766,74.6146
0.151155,33419.8,-340.604,1.73567,2.3503,146626,-740.71,-421.755,15.3766,142366,-732.026,426.758,74.6188
0.151165,33419.8,-340.27,1.73226,2.35032,146476,-739.245,-421.763,15.3723,142233,-730.603,426.751,74.6231
0.151175,33419.8,-339.936,1.72886,2.35033,146326,-737.781,-421.77,15.3681,142099,-729.182,426.744,74.6274
0.151185,33419.8,-339.602,1.72546,2.35035,146176,-736.319,-421.777,15.3639,141966,-727.761,426.736,74.6316
0.151195,33419.8,-339.268,1.72207,2.35037,146026,-734.858,-421.785,15.3597,141832,-726.343,426.729,74.6359
0.151205,33419.8,-338.934,1.71868,2.35038,145876,-733.398,-421.792,15.3555,141699,-724.925,426.722,74.6402
0.151215,33419.8,-338.599,1.71529,2.3504,145726,-731.94,-421.799,15.3513,141565,-723.509,426.715,74.6444
0.151225,33419.8,-338.265,1.71191,2.35042,145576,-730.484,-421.807,15.347,141432,-722.094,426.707,74.6487
0.151235,33419.8,-337.931,1.70853,2.35044,145427,-729.029,-421.814,15.3428,141298,-720.681,426.7,74.6529
0.151245,33419.8,-337.597,1.70515,2.35045,145277,-727.576,-421.821,15.3386,141165,-719.269,426.693,74.6572
0.151255,33419.8,-337.263,1.70178,2.35047,145127,-726.124,-421.828,15.3344,141031,-717.858,426.686,74.6615
0.151265,33419.8,-336.929,1.69841,2.35049,144977,-724.674,-421.836,15.3302,140898,-716.449,426.679,74.6657
0.151275,33419.8,-336.594,1.69504,2.3505,144827,-723.225,-421.843,15.3259,140764,-715.04,426.672,74.67
0.151285,33419.8,-336.26,1.69168,2.35052,144678,-721.778,-421.85,15.3217,140630,-713.634,426.664,74.6743
0.151295,33419.8,-335.926,1.68832,2.35054,144528,-720.332,-421.857,15.3175,140497,-712.228,426.657,74.6785
0.151305,33419.8,-335.592,1.68496,2.35055,144378,-718.888,-421.864,15.3133,140363,-710.824,426.65,74.6828
0.151315,33419.8,-335.258,1.6816,2.35057,144228,-717.445,-421.872,15.3091,140229,-709.421,426.643,74.6871
0.151325,33419.8,-334.924,1.67825,2.35059,144079,-716.003,-421.879,15.3049,140096,-708.02,426.636,74.6913
0.151335,33419.8,-334.59,1.67491,2.35061,143929,-714.563,-421.886,15.3006,139962,-706.62,426.629,74.6956
0.151345,33419.8,-334.255,1.67156,2.35062,143779,-713.125,-421.893,15.2964,139828,-705.221,426.622,74.6999
0.151355,33419.8,-333.921,1.66822,2.35064,143630,-711.688,-421.9,15.2922,139694,-703.824,426.615,74.7041
0.151365,33419.8,-333.587,1.66489,2.35066,143480,-710.253,-421.907,15.288,139560,-702.427,426.608,74.7084
0.151375,33419.8,-333.253,1.66155,2.35067,143331,-708.819,-421.915,15.2838,139426,-701.033,426.601,74.7127
0.151385,33419.8,-332.919,1.65822,2.35069,143181,-707.387,-421.922,15.2795,139293,-699.639,426.594,74.7169
0.151395,33419.8,-332.585,1.65489,2.3507,143032,-705.956,-421.929,15.2753,139159,-698.247,426.587,74.7212
0.151405,33419.8,-332.25,1.65157,2.35072,142882,-704.526,-421.936,15.2711,139025,-696.857,426.58,74.7254
0.151415,33419.8,-331.916,1.64825,2.35074,142733,-703.099,-421.943,15.2669,138891,-695.467,426.573,74.7297
0.151425,33419.8,-331.582,1.64493,2.35075,142583,-701.672,-421.95,15.2627,138757,-694.079,426.566,74.734
0.151435,33419.8,-331.248,1.64162,2.35077,142434,-700.247,-421.957,15.2584,138623,-692.692,426.559,74.7382
0.151445,33419.8,-330.914,1.63831,2.35079,142285,-698.824,-421.964,15.2542,138489,-691.307,426.552,74.7425
0.151455,33419.8,-330.58,1.635,2.3508,142135,-697.402,-421.971,15.25,138355,-689.923,426.545,74.7468
0.151465,33419.8,-330.246,1.6317,2.35082,141986,-695.982,-421.978,15.2458,138221,-688.54,426.538,74.751
0.151475,33419.8,-329.911,1.6284,2.35084,141836,-694.563,-421.985,15.2416,138086,-687.159,426.531,74.7553
0.151485,33419.8,-329.577,1.6251,2.35085,141687,-693.145,-421.992,15.2373,137952,-685.779,426.524,74.7596
0.151495,33419.8,-329.243,1.62181,2.35087,141538,-691.729,-421.999,15.2331,137818,-684.4,426.518,74.7638
0.151505,33419.8,-328.909,1.61852,2.35088,141389,-690.315,-422.005,15.2289,137684,-683.023,426.511,74.7681
0.151515,33419.8,-328.575,1.61523,2.3509,141239,-688.902,-422.012,15.2247,137550,-681.647,426.504,74.7724
0.151525,33419.8,-328.241,1.61195,2.35092,141090,-687.49,-422.019,15.2205,137416,-680.272,426.497,74.7766
0.151535,33419.8,-327.906,1.60867,2.35093,140941,-686.08,-422.026,15.2162,137281,-678.899,426.49,74.7809
0.151545,33419.8,-327.572,1.60539,2.35095,140792,-684.672,-422.033,15.212,137147,-677.527,426.484,74.7852
0.151555,33419.8,-327.238,1.60212,2.35097,140643,-683.265,-422.04,15.2078,137013,-676.156,426.477,74.7894
0.151565,33419.8,-326.904,1.59884,2.35098,140494,-681.859,-422.047,15.2036,136879,-674.787,426.47,74.7937
0.151575,33419.8,-326.57,1.59558,2.351,140345,-680.455,-422.053,15.1994,136744,-673.419,426.463,74.798
0.151585,33419.8,-326.236,1.59231,2.35101,140195,-679.053,-422.06,15.1951,136610,-672.052,426.457,74.8022
0.151595,33419.8,-325.902,1.58905,2.35103,140046,-677.652,-422.067,15.1909,136475,-670.687,426.45,74.8065
0.151605,33419.8,-325.567,1.5858,2.35105,139897,-676.252,-422.074,15.1867,136341,-669.323,426.443,74.8107
0.151615,33419.8,-325.233,1.58254,2.35106,139748,-674.854,-422.081,15.1825,136207,-667.961,426.436,74.815
0.151625,33419.8,-324.899,1.57929,2.35108,139599,-673.458,-422.087,15.1783,136072,-666.599,426.43,74.8193
0.151635,33419.8,-324.565,1.57605,2.35109,139450,-672.063,-422.094,15.174,135938,-665.24,426.423,74.8235
0.151645,33419.8,-324.231,1.5728,2.35111,139301,-670.669,-422.101,15.1698,135803,-663.881,426.416,74.8278
0.151655,33419.8,-323.897,1.56956,2.35112,139153,-669.277,-422.107,15.1656,135669,-662.524,426.41,74.8321
0.151665,33419.8,-323.562,1.56633,2.35114,139004,-667.887,-422.114,15.1614,135534,-661.168,426.403,74.8363
0.151675,33419.8,-323.228,1.56309,2.35116,138855,-666.497,-422.121,15.1572,135400,-659.814,426.397,74.8406
0.151685,33419.8,-322.894,1.55986,2.35117,138706,-665.11,-422.127,15.1529,135265,-658.461,426.39,74.8449
0.151695,33419.8,-322.56,1.55664,2.35119,138557,-663.724,-422.134,15.1487,135130,-657.109,426.383,74.8491
0.151705,33419.8,-322.226,1.55341,2.3512,138408,-662.339,-422.141,15.1445,134996,-655.758,426.377,74.8534
0.151715,33419.8,-321.892,1.55019,2.35122,138260,-660.956,-422.147,15.1403,134861,-654.409,426.37,74.8577
0.151725,33419.8,-321.558,1.54697,2.35123,138111,-659.574,-422.154,15.136,134726,-653.061,426.364,74.8619
0.151735,33419.8,-321.223,1.54376,2.35125,137962,-658.194,-422.16,15.1318,134592,-651.715,426.357,74.8662
0.151745,33419.8,-320.889,1.54055,2.35126,137813,-656.815,-422.167,15.1276,134457,-650.37,426.351,74.8705
0.151755,33419.8,-320.555,1.53734,2.35128,137665,-655.438,-422.174,15.1234,134322,-649.026,426.344,74.8747
0.151765,33419.8,-320.221,1.53414,2.35129,137516,-654.062,-422.18,15.1192,134187,-647.684,426.338,74.879
0.151775,33419.8,-319.887,1.53094,2.35131,137367,-652.688,-422.187,15.1149,134053,-646.343,426.331,74.8832
0.151785,33419.8,-319.553,1.52774,2.35133,137219,-651.315,-422.193,15.1107,133918,-645.003,426.325,74.8875
0.151795,33419.8,-319.218,1.52455,2.35134,137070,-649.944,-422.2,15.1065,133783,-643.665,426.318,74.8918
0.151805,33419.8,-318.884,1.52136,2.35136,136921,-648.574,-422.206,15.1023,133648,-642.328,426.312,74.896
0.151815,33419.8,-318.55,1.51817,2.35137,136773,-647.206,-422.213,15.098,133513,-640.992,426.306,74.9003
0.151825,33419.8,-318.216,1.51499,2.35139,136624,-645.839,-422.219,15.0938,133378,-639.658,426.299,74.9046
0.151835,33419.8,-317.882,1.51181,2.3514,136476,-644.474,-422.226,15.0896,133244,-638.325,426.293,74.9088
0.151845,33419.8,-317.548,1.50863,2.35142,136327,-643.11,-422.232,15.0854,133109,-636.993,426.286,74.9131
0.151855,33419.8,-317.214,1.50546,2.35143,136179,-641.748,-422.238,15.0812,132974,-635.663,426.28,74.9174
0.151865,33419.8,-316.879,1.50229,2.35145,136030,-640.387,-422.245,15.0769,132839,-634.334,426.274,74.9216
0.151875,33419.8,-316.545,1.49912,2.35146,135882,-639.027,-422.251,15.0727,132704,-633.007,426.267,74.9259
0.151885,33419.8,-316.211,1.49596,2.35148,135733,-637.67,-422.258,15.0685,132569,-631.681,426.261,74.9302
0.151895,33419.8,-315.877,1.4928,2.35149,135585,-636.313,-422.264,15.0643,132434,-630.356,426.255,74.9344
0.151905,33419.8,-315.543,1.48964,2.35151,135437,-634.958,-422.27,15.06,132298,-629.032,426.248,74.9387
0.151915,33419.8,-315.209,1.48649,2.35152,135288,-633.605,-422.277,15.0558,132163,-627.71,426.242,74.943
0.151925,33419.8,-314.874,1.48334,2.35154,135140,-632.253,-422.283,15.0516,132028,-626.389,426.236,74.9472
0.151935,33419.8,-314.54,1.48019,2.35155,134992,-630.902,-422.289,15.0474,131893,-625.07,426.23,74.9515
0.151945,33419.8,-314.206,1.47705,2.35157,134843,-629.553,-422.296,15.0432,131758,-623.752,426.223,74.9557
0.151955,33419.8,-313.872,1.47391,2.35158,134695,-628.206,-422.302,15.0389,131623,-622.435,426.217,74.96
0.151965,33419.8,-313.538,1.47077,2.35159,134547,-626.86,-422.308,15.0347,131488,-621.12,426.211,74.9643
0.151975,33419.8,-313.204,1.46764,2.35161,134399,-625.515,-422.314,15.0305,131352,-619.806,426.205,74.9685
0.151985,33419.8,-312.87,1.46451,2.35162,134250,-624.172,-422.321,15.0263,131217,-618.493,426.199,74.9728
0.151995,33419.8,-312.535,1.46138,2.35164,134102,-622.831,-422.327,15.022,131082,-617.182,426.192,74.9771
0.152005,33419.8,-312.201,1.45826,2.35165,133954,-621.491,-422.333,15.0178,130947,-615.872,426.186,74.9813
0.152015,33419.8,-311.867,1.45514,2.35167,133806,-620.152,-422.339,15.0136,130811,-614.563,426.18,74.9856
0.152025,33419.8,-311.533,1.45202,2.35168,133658,-618.815,-422.346,15.0094,130676,-613.256,426.174,74.9899
0.152035,33419.8,-311.199,1.44891,2.3517,133510,-617.479,-422.352,15.0051,130541,-611.95,426.168,74.9941
0.152045,33419.8,-310.865,1.4458,2.35171,133361,-616.145,-422.358,15.0009,130405,-610.645,426.162,74.9984
0.152055,33419.8,-310.53,1.44269,2.35173,133213,-614.812,-422.364,14.9967,130270,-609.342,426.156,75.0027
0.152065,33419.8,-310.196,1.43959,2.35174,133065,-613.481,-422.37,14.9925,130135,-608.04,426.149,75.0069
0.152075,33419.8,-309.862,1.43649,2.35175,132917,-612.151,-422.376,14.9882,129999,-606.74,426.143,75.0112
0.152085,33419.8,-309.528,1.43339,2.35177,132769,-610.823,-422.382,14.984,129864,-605.441,426.137,75.0155
0.152095,33419.8,-309.194,1.4303,2.35178,132621,-609.496,-422.389,14.9798,129728,-604.143,426.131,75.0197
0.152105,33419.8,-308.86,1.42721,2.3518,132473,-608.171,-422.395,14.9756,129593,-602.846,426.125,75.024
0.152115,33419.8,-308.526,1.42412,2.35181,132325,-606.847,-422.401,14.9714,129457,-601.551,426.119,75.0283
0.152125,33419.8,-308.191,1.42104,2.35183,132177,-605.525,-422.407,14.9671,129322,-600.258,426.113,75.0325
0.152135,33419.8,-307.857,1.41796,2.35184,132030,-604.204,-422.413,14.9629,129186,-598.965,426.107,75.0368
0.152145,33419.8,-307.523,1.41489,2.35185,131882,-602.884,-422.419,14.9587,129051,-597.674,426.101,75.041
0.152155,33419.8,-307.189,1.41181,2.35187,131734,-601.567,-422.425,14.9545,128915,-596.385,426.095,75.0453
0.152165,33419.8,-306.855,1.40874,2.35188,131586,-600.25,-422.431,14.9502,128779,-595.096,426.089,75.0496
0.152175,33419.8,-306.521,1.40568,2.3519,131438,-598.935,-422.437,14.946,128644,-593.809,426.083,75.0538
0.152185,33419.8,-306.186,1.40261,2.35191,131290,-597.622,-422.443,14.9418,128508,-592.524,426.077,75.0581
0.152195,33419.8,-305.852,1.39955,2.35193,131142,-596.31,-422.449,14.9376,128372,-591.24,426.072,75.0623
0.152205,33419.8,-305.518,1.3965,2.35194,130995,-594.999,-422.455,14.9333,128237,-589.957,426.066,75.0666
0.152215,33419.8,-305.184,1.39344,2.35195,130847,-593.69,-422.461,14.9291,128101,-588.675,426.06,75.0708
0.152225,33419.8,-304.85,1.39039,2.35197,130699,-592.383,-422.467,14.9249,127965,-587.395,426.054,75.0751
0.152235,33419.8,-304.516,1.38735,2.35198,130551,-591.077,-422.473,14.9207,127829,-586.116,426.048,75.0794
0.152245,33419.8,-304.181,1.3843,2.35199,130404,-589.772,-422.478,14.9164,127694,-584.839,426.042,75.0836
0.152255,33419.8,-303.847,1.38126,2.35201,130256,-588.469,-422.484,14.9122,127558,-583.563,426.036,75.0879
0.152265,33419.8,-303.513,1.37823,2.35202,130108,-587.167,-422.49,14.908,127422,-582.288,426.031,75.0921
0.152275,33419.8,-303.179,1.3752,2.35204,129961,-585.867,-422.496,14.9038,127286,-581.015,426.025,75.0964
0.152285,33419.8,-302.845,1.37217,2.35205,129813,-584.568,-422.502,14.8995,127150,-579.743,426.019,75.1006
0.152295,33419.8,-302.511,1.36914,2.35206,129666,-583.271,-422.508,14.8953,127015,-578.472,426.013,75.1049
0.152305,33419.8,-302.177,1.36612,2.35208,129518,-581.975,-422.514,14.8911,126879,-577.203,426.007,75.1092
0.152315,33419.8,-301.842,1.3631,2.35209,129370,-580.681,-422.519,14.8869,126743,-575.935,426.002,75.1134
0.152325,33419.8,-301.508,1.36008,2.3521,129223,-579.388,-422.525,14.8826,126607,-574.668,425.996,75.1177
0.152335,33419.8,-301.174,1.35707,2.35212,129075,-578.097,-422.531,14.8784,126471,-573.403,425.99,75.1219
0.152345,33419.8,-300.84,1.35406,2.35213,128928,-576.807,-422.537,14.8742,126335,-572.139,425.984,75.1262
0.152355,33419.8,-300.506,1.35105,2.35215,128780,-575.519,-422.543,14.87,126199,-570.877,425.979,75.1304
0.152365,33419.8,-300.172,1.34805,2.35216,128633,-574.232,-422.548,14.8657,126063,-569.615,425.973,75.1347
0.152375,33419.8,-299.837,1.34505,2.35217,128485,-572.946,-422.554,14.8615,125927,-568.355,425.967,75.139
0.152385,33419.8,-299.503,1.34205,2.35219,128338,-571.662,-422.56,14.8573,125791,-567.097,425.962,75.1432
0.152395,33419.8,-299.169,1.33906,2.3522,128191,-570.38,-422.565,14.8531,125655,-565.84,425.956,75.1475
0.152405,33419.8,-298.835,1.33607,2.35221,128043,-569.099,-422.571,14.8488,125519,-564.584,425.95,75.1517
0.152415,33419.8,-298.501,1.33308,2.35223,127896,-567.82,-422.577,14.8446,125383,-563.33,425.945,75.156
0.152425,33419.8,-298.167,1.3301,2.35224,127748,-566.541,-422.583,14.8404,125246,-562.077,425.939,75.1602
0.152435,33419.8,-297.833,1.32712,2.35225,127601,-565.265,-422.588,14.8362,125110,-560.825,425.933,75.1645
0.152445,33419.8,-297.498,1.32414,2.35227,127454,-563.99,-422.594,14.8319,124974,-559.575,425.928,75.1688
0.152455,33419.8,-297.164,1.32117,2.35228,127306,-562.716,-422.599,14.8277,124838,-558.326,425.922,75.173
0.152465,33419.8,-296.83,1.3182,2.35229,127159,-561.444,-422.605,14.8235,124702,-557.079,425.917,75.1773
0.152475,33419.8,-296.496,1.31524,2.3523,127012,-560.173,-422.611,14.8193,124566,-555.833,425.911,75.1815
0.152485,33419.8,-296.162,1.31227,2.35232,126865,-558.904,-422.616,14.815,124429,-554.588,425.905,75.1858
0.152495,33419.8,-295.828,1.30931,2.35233,126717,-557.636,-422.622,14.8108,124293,-553.344,425.9,75.19
0.152505,33419.8,-295.493,1.30636,2.35234,126570,-556.37,-422.627,14.8066,124157,-552.102,425.894,75.1943
0.152515,33419.8,-295.159,1.3034,2.35236,126423,-555.105,-422.633,14.8023,124021,-550.861,425.889,75.1986
0.152525,33419.8,-294.825,1.30045,2.35237,126276,-553.842,-422.638,14.7981,123884,-549.622,425.883,75.2028
0.152535,33419.8,-294.491,1.29751,2.35238,126129,-552.58,-422.644,14.7939,123748,-548.384,425.878,75.2071
0.152545,33419.8,-294.157,1.29457,2.3524,125982,-551.32,-422.65,14.7897,123612,-547.148,425.872,75.2113
0.152555,33419.8,-293.823,1.29163,2.35241,125834,-550.061,-422.655,14.7854,123475,-545.912,425.867,75.2156
0.152565,33419.8,-293.489,1.28869,2.35242,125687,-548.803,-422.661,14.7812,123339,-544.678,425.861,75.2198
0.152575,33419.8,-293.154,1.28576,2.35244,125540,-547.547,-422.666,14.777,123202,-543.446,425.856,75.2241
0.152585,33419.8,-292.82,1.28283,2.35245,125393,-546.293,-422.672,14.7728,123066,-542.215,425.851,75.2284
0.152595,33419.8,-292.486,1.2799,2.35246,125246,-545.04,-422.677,14.7685,122930,-540.985,425.845,75.2326
0.152605,33419.8,-292.152,1.27698,2.35247,125099,-543.788,-422.682,14.7643,122793,-539.756,425.84,75.2369
0.152615,33419.8,-291.818,1.27406,2.35249,124952,-542.538,-422.688,14.7601,122657,-538.529,425.834,75.2411
0.152625,33419.8,-291.484,1.27114,2.3525,124805,-541.289,-422.693,14.7559,122520,-537.304,425.829,75.2454
0.152635,33419.8,-291.15,1.26823,2.35251,124658,-540.042,-422.699,14.7516,122384,-536.079,425.824,75.2496
0.152645,33419.8,-290.815,1.26532,2.35252,124511,-538.797,-422.704,14.7474,122247,-534.856,425.818,75.2539
0.152655,33419.8,-290.481,1.26241,2.35254,124364,-537.553,-422.709,14.7432,122111,-533.635,425.813,75.2582
0.152665,33419.8,-290.147,1.25951,2.35255,124217,-536.31,-422.715,14.7389,121974,-532.414,425.808,75.2624
0.152675,33419.8,-289.813,1.25661,2.35256,124070,-535.068,-422.72,14.7347,121837,-531.195,425.802,75.2667
0.152685,33419.8,-289.479,1.25372,2.35257,123924,-533.829,-422.726,14.7305,121701,-529.978,425.797,75.2709
0.152695,33419.8,-289.145,1.25082,2.35259,123777,-532.59,-422.731,14.7263,121564,-528.762,425.792,75.2752
0.152705,33419.8,-288.81,1.24793,2.3526,123630,-531.353,-422.736,14.722,121428,-527.547,425.786,75.2794
0.152715,33419.8,-288.476,1.24505,2.35261,123483,-530.118,-422.742,14.7178,121291,-526.334,425.781,75.2837
0.152725,33419.8,-288.142,1.24217,2.35262,123336,-528.884,-422.747,14.7136,121154,-525.121,425.776,75.288
0.152735,33419.8,-287.808,1.23929,2.35264,123189,-527.652,-422.752,14.7094,121017,-523.911,425.771,75.2922
0.152745,33419.8,-287.474,1.23641,2.35265,123043,-526.421,-422.757,14.7051,120881,-522.701,425.765,75.2965
0.152755,33419.8,-287.14,1.23354,2.35266,122896,-525.191,-422.763,14.7009,120744,-521.493,425.76,75.3007
0.152765,33419.8,-286.805,1.23067,2.35267,122749,-523.963,-422.768,14.6967,120607,-520.287,425.755,75.305
0.152775,33419.8,-286.471,1.2278,2.35269,122602,-522.736,-422.773,14.6924,120471,-519.082,425.75,75.3092
0.152785,33419.8,-286.137,1.22494,2.3527,122456,-521.511,-422.778,14.6882,120334,-517.878,425.745,75.3135
0.152795,33419.8,-285.803,1.22208,2.35271,122309,-520.288,-422.783,14.684,120197,-516.675,425.74,75.3178
0.152805,33419.8,-285.469,1.21922,2.35272,122162,-519.065,-422.789,14.6798,120060,-515.474,425.734,75.322
0.152815,33419.8,-285.135,1.21637,2.35274,122016,-517.845,-422.794,14.6755,119923,-514.274,425.729,75.3263
0.152825,33419.8,-284.801,1.21352,2.35275,121869,-516.625,-422.799,14.6713,119786,-513.076,425.724,75.3305
0.152835,33419.8,-284.466,1.21068,2.35276,121722,-515.408,-422.804,14.6671,119650,-511.879,425.719,75.3348
0.152845,33419.8,-284.132,1.20783,2.35277,121576,-514.191,-422.809,14.6629,119513,-510.683,425.714,75.3391
0.152855,33419.8,-283.798,1.20499,2.35278,121429,-512.977,-422.815,14.6586,119376,-509.489,425.709,75.3433
0.152865,33419.8,-283.464,1.20216,2.3528,121283,-511.763,-422.82,14.6544,119239,-508.296,425.704,75.3476
0.152875,33419.8,-283.13,1.19933,2.35281,121136,-510.551,-422.825,14.6502,119102,-507.105,425.699,75.3518
0.152885,33419.8,-282.796,1.1965,2.35282,120990,-509.341,-422.83,14.6459,118965,-505.914,425.693,75.3561
0.152895,33419.8,-282.461,1.19367,2.35283,120843,-508.132,-422.835,14.6417,118828,-504.725,425.688,75.3603
0.152905,33419.8,-282.127,1.19085,2.35284,120697,-506.924,-422.84,14.6375,118691,-503.538,425.683,75.3646
0.152915,33419.8,-281.793,1.18803,2.35286,120550,-505.718,-422.845,14.6333,118554,-502.352,425.678,75.3689
0.152925,33419.8,-281.459,1.18521,2.35287,120404,-504.513,-422.85,14.629,118417,-501.167,425.673,75.3731
0.152935,33419.8,-281.125,1.1824,2.35288,120257,-503.31,-422.855,14.6248,118280,-499.984,425.668,75.3774
0.152945,33419.8,-280.791,1.17959,2.35289,120111,-502.109,-422.86,14.6206,118143,-498.802,425.663,75.3816
0.152955,33419.8,-280.457,1.17679,2.3529,119964,-500.908,-422.865,14.6163,118006,-497.621,425.658,75.3859
0.152965,33419.8,-280.122,1.17398,2.35291,119818,-499.71,-422.87,14.6121,117869,-496.442,425.653,75.3901
0.152975,33419.8,-279.788,1.17118,2.35293,119671,-498.512,-422.875,14.6079,117732,-495.264,425.648,75.3944
0.152984,33419.8,-279.454,1.16839,2.35294,119525,-497.317,-422.88,14.6037,117595,-494.088,425.643,75.3987
0.152994,33419.8,-279.12,1.1656,2.35295,119379,-496.122,-422.885,14.5994,117457,-492.913,425.639,75.4029
0.153004,33419.8,-278.786,1.16281,2.35296,119232,-494.929,-422.89,14.5952,117320,-491.739,425.634,75.4072
0.153014,33419.8,-278.452,1.16002,2.35297,119086,-493.738,-422.895,14.591,117183,-490.567,425.629,75.4114
0.153024,33419.8,-278.117,1.15724,2.35298,118940,-492.548,-422.9,14.5867,117046,-489.396,425.624,75.4157
0.153034,33419.8,-277.783,1.15446,2.353,118793,-491.359,-422.905,14.5825,116909,-488.226,425.619,75.4199
0.153044,33419.8,-277.449,1.15168,2.35301,118647,-490.172,-422.91,14.5783,116771,-487.058,425.614,75.4242
0.153054,33419.8,-277.115,1.14891,2.35302,118501,-488.987,-422.915,14.574,116634,-485.891,425.609,75.4285
0.153064,33419.8,-276.781,1.14614,2.35303,118355,-487.803,-422.92,14.5698,116497,-484.726,425.604,75.4327
0.153074,33419.8,-276.447,1.14338,2.35304,118208,-486.62,-422.924,14.5656,116360,-483.561,425.599,75.437
0.153084,33419.8,-276.113,1.14061,2.35305,118062,-485.439,-422.929,14.5614,116222,-482.399,425.595,75.4412
0.153094,33419.8,-275.778,1.13785,2.35306,117916,-484.259,-422.934,14.5571,116085,-481.237,425.59,75.4455
0.153104,33419.8,-275.444,1.1351,2.35308,117770,-483.081,-422.939,14.5529,115948,-480.077,425.585,75.4497
0.153114,33419.8,-275.11,1.13235,2.35309,117624,-481.904,-422.944,14.5487,115810,-478.919,425.58,75.454
0.153124,33419.8,-274.776,1.1296,2.3531,117478,-480.729,-422.949,14.5444,115673,-477.761,425.575,75.4583
0.153134,33419.8,-274.442,1.12685,2.35311,117331,-479.555,-422.953,14.5402,115536,-476.605,425.571,75.4625
0.153144,33419.8,-274.108,1.12411,2.35312,117185,-478.382,-422.958,14.536,115398,-475.451,425.566,75.4668
0.153154,33419.8,-273.773,1.12137,2.35313,117039,-477.211,-422.963,14.5318,115261,-474.298,425.561,75.471
0.153164,33419.8,-273.439,1.11863,2.35314,116893,-476.042,-422.968,14.5275,115124,-473.146,425.556,75.4753
0.153174,33419.8,-273.105,1.1159,2.35315,116747,-474.874,-422.973,14.5233,114986,-471.996,425.552,75.4795
0.153184,33419.8,-272.771,1.11317,2.35317,116601,-473.707,-422.977,14.5191,114849,-470.847,425.547,75.4838
0.153194,33419.8,-272.437,1.11045,2.35318,116455,-472.542,-422.982,14.5148,114711,-469.699,425.542,75.4881
0.153204,33419.8,-272.103,1.10772,2.35319,116309,-471.378,-422.987,14.5106,114574,-468.553,425.538,75.4923
0.153214,33419.8,-271.769,1.10501,2.3532,116163,-470.216,-422.991,14.5064,114436,-467.408,425.533,75.4966
0.153224,33419.8,-271.434,1.10229,2.35321,116017,-469.055,-422.996,14.5021,114299,-466.264,425.528,75.5008
0.153234,33419.8,-271.1,1.09958,2.35322,115871,-467.896,-423.001,14.4979,114161,-465.122,425.524,75.5051
0.153244,33419.8,-270.766,1.09687,2.35323,115725,-466.738,-423.005,14.4937,114024,-463.981,425.519,75.5093
0.153254,33419.8,-270.432,1.09416,2.35324,115579,-465.582,-423.01,14.4895,113886,-462.842,425.514,75.5136
0.153264,33419.8,-270.098,1.09146,2.35325,115433,-464.427,-423.015,14.4852,113748,-461.704,425.51,75.5179
0.153274,33419.8,-269.764,1.08876,2.35327,115287,-463.274,-423.019,14.481,113611,-460.567,425.505,75.5221
0.153284,33419.8,-269.429,1.08607,2.35328,115141,-462.122,-423.024,14.4768,113473,-459.432,425.5,75.5264
0.153294,33419.8,-269.095,1.08337,2.35329,114995,-460.971,-423.029,14.4725,113336,-458.298,425.496,75.5306
0.153304,33419.8,-268.761,1.08068,2.3533,114850,-459.822,-423.033,14.4683,113198,-457.166,425.491,75.5349
0.153314,33419.8,-268.427,1.078,2.35331,114704,-458.674,-423.038,14.4641,113060,-456.034,425.487,75.5391
0.153324,33419.8,-268.093,1.07532,2.35332,114558,-457.528,-423.042,14.4598,112923,-454.905,425.482,75.5434
0.153334,33419.8,-267.759,1.07264,2.35333,114412,-456.384,-423.047,14.4556,112785,-453.776,425.478,75.5477
0.153344,33419.8,-267.425,1.06996,2.35334,114266,-455.24,-423.052,14.4514,112647,-452.649,425.473,75.5519
0.153354,33419.8,-267.09,1.06729,2.35335,114120,-454.098,-423.056,14.4472,112510,-451.524,425.469,75.5562
0.153364,33419.8,-266.756,1.06462,2.35336,113975,-452.958,-423.061,14.4429,112372,-450.399,425.464,75.5604
0.153374,33419.8,-266.422,1.06196,2.35337,113829,-451.819,-423.065,14.4387,112234,-449.276,425.46,75.5647
0.153384,33419.8,-266.088,1.05929,2.35338,113683,-450.682,-423.07,14.4345,112096,-448.155,425.455,75.5689
0.153394,33419.8,-265.754,1.05663,2.35339,113537,-449.546,-423.074,14.4302,111959,-447.035,425.451,75.5732
0.153404,33419.8,-265.42,1.05398,2.3534,113392,-448.411,-423.079,14.426,111821,-445.916,425.446,75.5775
0.153414,33419.8,-265.085,1.05133,2.35341,113246,-447.278,-423.083,14.4218,111683,-444.799,425.442,75.5817
0.153424,33419.8,-264.751,1.04868,2.35343,113100,-446.147,-423.088,14.4175,111545,-443.683,425.437,75.586
0.153434,33419.8,-264.417,1.04603,2.35344,112955,-445.017,-423.092,14.4133,111407,-442.568,425.433,75.5902
0.153444,33419.8,-264.083,1.04339,2.35345,112809,-443.888,-423.096,14.4091,111269,-441.455,425.428,75.5945
0.153454,33419.8,-263.749,1.04075,2.35346,112663,-442.761,-423.101,14.4048,111132,-440.343,425.424,75.5987
0.153464,33419.8,-263.415,1.03812,2.35347,112518,-441.635,-423.105,14.4006,110994,-439.232,425.42,75.603
0.153474,33419.8,-263.081,1.03548,2.35348,112372,-440.511,-423.11,14.3964,110856,-438.123,425.415,75.6073
0.153484,33419.8,-262.746,1.03286,2.35349,112227,-439.388,-423.114,14.3921,110718,-437.016,425.411,75.6115
0.153494,33419.8,-262.412,1.03023,2.3535,112081,-438.267,-423.118,14.3879,110580,-435.909,425.407,75.6158
0.153504,33419.8,-262.078,1.02761,2.35351,111935,-437.147,-423.123,14.3837,110442,-434.804,425.402,75.62
0.153514,33419.8,-261.744,1.02499,2.35352,111790,-436.028,-423.127,14.3795,110304,-433.701,425.398,75.6243
0.153524,33419.8,-261.41,1.02237,2.35353,111644,-434.911,-423.132,14.3752,110166,-432.599,425.393,75.6285
0.153534,33419.8,-261.076,1.01976,2.35354,111499,-433.796,-423.136,14.371,110028,-431.498,425.389,75.6328
0.153544,33419.8,-260.741,1.01715,2.35355,111353,-432.681,-423.14,14.3668,109890,-430.398,425.385,75.6371
0.153554,33419.8,-260.407,1.01455,2.35356,111208,-431.569,-423.145,14.3625,109752,-429.3,425.381,75.6413
0.153564,33419.8,-260.073,1.01195,2.35357,111062,-430.458,-423.149,14.3583,109614,-428.204,425.376,75.6456
0.153574,33419.8,-259.739,1.00935,2.35358,110917,-429.348,-423.153,14.3541,109476,-427.108,425.372,75.6498
0.153584,33419.8,-259.405,1.00675,2.35359,110771,-428.24,-423.158,14.3498,109338,-426.014,425.368,75.6541
0.153594,33419.8,-259.071,1.00416,2.3536,110626,-427.133,-423.162,14.3456,109200,-424.922,425.363,75.6583
0.153604,33419.8,-258.737,1.00157,2.35361,110480,-426.027,-423.166,14.3414,109062,-423.831,425.359,75.6626
0.153614,33419.8,-258.402,0.998985,2.35362,110335,-424.923,-423.17,14.3371,108924,-422.741,425.355,75.6669
0.153624,33419.8,-258.068,0.996403,2.35363,110190,-423.821,-423.175,14.3329,108786,-421.652,425.351,75.6711
0.153634,33419.8,-257.734,0.993824,2.35364,110044,-422.72,-423.179,14.3287,108648,-420.565,425.347,75.6754
0.153644,33419.8,-257.4,0.991249,2.35365,109899,-421.62,-423.183,14.3244,108509,-419.48,425.342,75.6796
0.153654,33419.8,-257.066,0.988677,2.35366,109754,-420.522,-423.187,14.3202,108371,-418.396,425.338,75.6839
0.153664,33419.8,-256.732,0.986108,2.35367,109608,-419.425,-423.191,14.316,108233,-417.313,425.334,75.6881
0.153674,33419.8,-256.397,0.983543,2.35368,109463,-418.33,-423.196,14.3118,108095,-416.231,425.33,75.6924
0.153684,33419.8,-256.063,0.980981,2.35369,109318,-417.236,-423.2,14.3075,107957,-415.151,425.326,75.6966
0.153694,33419.8,-255.729,0.978423,2.3537,109172,-416.144,-423.204,14.3033,107818,-414.072,425.322,75.7009
0.153704,33419.8,-255.395,0.975867,2.35371,109027,-415.053,-423.208,14.2991,107680,-412.995,425.317,75.7051
0.153714,33419.8,-255.061,0.973315,2.35372,108882,-413.964,-423.212,14.2948,107542,-411.919,425.313,75.7094
0.153724,33419.8,-254.727,0.970767,2.35373,108736,-412.876,-423.216,14.2906,107404,-410.844,425.309,75.7136
0.153734,33419.8,-254.393,0.968221,2.35374,108591,-411.789,-423.22,14.2864,107265,-409.771,425.305,75.7179
0.153744,33419.8,-254.058,0.96568,2.35375,108446,-410.705,-423.225,14.2821,107127,-408.699,425.301,75.7221
0.153754,33419.8,-253.724,0.963141,2.35376,108301,-409.621,-423.229,14.2779,106989,-407.629,425.297,75.7264
0.153764,33419.8,-253.39,0.960606,2.35377,108156,-408.539,-423.233,14.2737,106851,-406.56,425.293,75.7306
0.153774,33419.8,-253.056,0.958074,2.35378,108010,-407.458,-423.237,14.2694,106712,-405.492,425.289,75.7349
0.153784,33419.8,-252.722,0.955545,2.35379,107865,-406.379,-423.241,14.2652,106574,-404.426,425.285,75.7391
0.153794,33419.8,-252.388,0.95302,2.3538,107720,-405.301,-423.245,14.261,106436,-403.361,425.281,75.7434
0.153804,33419.8,-252.053,0.950498,2.35381,107575,-404.225,-423.249,14.2567,106297,-402.298,425.277,75.7476
0.153814,33419.8,-251.719,0.94798,2.35381,107430,-403.15,-423.253,14.2525,106159,-401.235,425.273,75.7519
0.153824,33419.8,-251.385,0.945464,2.35382,107285,-402.076,-423.257,14.2483,106020,-400.175,425.269,75.7561
0.153834,33419.8,-251.051,0.942953,2.35383,107139,-401.004,-423.261,14.244,105882,-399.115,425.265,75.7604
0.153844,33419.8,-250.717,0.940444,2.35384,106994,-399.934,-423.265,14.2398,105744,-398.057,425.261,75.7646
0.153854,33419.8,-250.383,0.937939,2.35385,106849,-398.865,-423.269,14.2356,105605,-397.001,425.257,75.7689
0.153864,33419.8,-250.049,0.935437,2.35386,106704,-397.797,-423.273,14.2313,105467,-395.945,425.253,75.7731
0.153874,33419.8,-249.714,0.932939,2.35387,106559,-396.731,-423.277,14.2271,105328,-394.892,425.249,75.7774
0.153884,33419.8,-249.38,0.930444,2.35388,106414,-395.666,-423.281,14.2229,105190,-393.839,425.245,75.7816
0.153894,33419.8,-249.046,0.927952,2.35389,106269,-394.603,-423.285,14.2186,105051,-392.788,425.241,75.7859
0.153904,33419.8,-248.712,0.925463,2.3539,106124,-393.541,-423.289,14.2144,104913,-391.738,425.237,75.7901
0.153914,33419.8,-248.378,0.922978,2.35391,105979,-392.481,-423.293,14.2102,104774,-390.69,425.233,75.7944
0.153924,33419.8,-248.044,0.920496,2.35392,105834,-391.422,-423.297,14.2059,104636,-389.643,425.229,75.7986
0.153934,33419.8,-247.709,0.918018,2.35393,105689,-390.364,-423.301,14.2017,104497,-388.598,425.225,75.8029
0.153944,33419.8,-247.375,0.915543,2.35394,105544,-389.308,-423.305,14.1975,104359,-387.554,425.221,75.8071
0.153954,33419.8,-247.041,0.913071,2.35394,105399,-388.254,-423.309,14.1932,104220,-386.511,425.217,75.8114
0.153964,33419.8,-246.707,0.910603,2.35395,105254,-387.201,-423.312,14.189,104082,-385.469,425.214,75.8156
0.153974,33419.8,-246.373,0.908138,2.35396,105109,-386.149,-423.316,14.1848,103943,-384.429,425.21,75.8199
0.153984,33419.8,-246.039,0.905676,2.35397,104964,-385.099,-423.32,14.1805,103804,-383.391,425.206,75.8241
0.153994,33419.8,-245.705,0.903217,2.35398,104819,-384.05,-423.324,14.1763,103666,-382.354,425.202,75.8284
0.154004,33419.8,-245.37,0.900762,2.35399,104675,-383.003,-423.328,14.1721,103527,-381.318,425.198,75.8326
0.154014,33419.8,-245.036,0.898311,2.354,104530,-381.957,-423.332,14.1678,103388,-380.283,425.194,75.8369
0.154024,33419.8,-244.702,0.895862,2.35401,104385,-380.912,-423.335,14.1636,103250,-379.25,425.191,75.8411
0.154034,33419.8,-244.368,0.893417,2.35402,104240,-379.869,-423.339,14.1594,103111,-378.219,425.187,75.8454
0.154044,33419.8,-244.034,0.890976,2.35403,104095,-378.828,-423.343,14.1551,102972,-377.188,425.183,75.8496
0.154054,33419.8,-243.7,0.888537,2.35403,103950,-377.788,-423.347,14.1509,102834,-376.159,425.179,75.8539
0.154064,33419.8,-243.365,0.886102,2.35404,103805,-376.749,-423.351,14.1467,102695,-375.132,425.176,75.8581
0.154074,33419.8,-243.031,0.883671,2.35405,103661,-375.712,-423.354,14.1424,102556,-374.106,425.172,75.8624
0.154084,33419.8,-242.697,0.881242,2.35406,103516,-374.676,-423.358,14.1382,102418,-373.081,425.168,75.8666
0.154094,33419.8,-242.363,0.878817,2.35407,103371,-373.642,-423.362,14.134,102279,-372.058,425.164,75.8709
0.154104,33419.8,-242.029,0.876396,2.35408,103226,-372.609,-423.365,14.1297,102140,-371.036,425.161,75.8751
0.154114,33419.8,-241.695,0.873977,2.35409,103082,-371.578,-423.369,14.1255,102001,-370.015,425.157,75.8794
0.154124,33419.8,-241.361,0.871562,2.3541,102937,-370.548,-423.373,14.1213,101863,-368.996,425.153,75.8836
0.154134,33419.8,-241.026,0.869151,2.3541,102792,-369.519,-423.377,14.117,101724,-367.978,425.15,75.8879
0.154144,33419.8,-240.692,0.866742,2.35411,102647,-368.492,-423.38,14.1128,101585,-366.962,425.146,75.8921
0.154154,33419.8,-240.358,0.864338,2.35412,102503,-367.466,-423.384,14.1086,101446,-365.947,425.142,75.8964
0.154164,33419.8,-240.024,0.861936,2.35413,102358,-366.442,-423.388,14.1043,101307,-364.933,425.139,75.9006
0.154174,33419.8,-239.69,0.859538,2.35414,102213,-365.419,-423.391,14.1001,101169,-363.921,425.135,75.9049
0.154184,33419.8,-239.356,0.857143,2.35415,102069,-364.398,-423.395,14.0959,101030,-362.91,425.131,75.9091
0.154194,33419.8,-239.021,0.854751,2.35416,101924,-363.378,-423.399,14.0916,100891,-361.901,425.128,75.9134
0.154204,33419.8,-238.687,0.852363,2.35417,101779,-362.36,-423.402,14.0874,100752,-360.892,425.124,75.9176
0.154214,33419.8,-238.353,0.849978,2.35417,101635,-361.343,-423.406,14.0832,100613,-359.886,425.12,75.9219
0.154224,33419.8,-238.019,0.847597,2.35418,101490,-360.328,-423.409,14.0789,100474,-358.88,425.117,75.9261
0.154234,33419.8,-237.685,0.845218,2.35419,101345,-359.314,-423.413,14.0747,100335,-357.877,425.113,75.9304
0.154244,33419.8,-237.351,0.842844,2.3542,101201,-358.301,-423.417,14.0705,100196,-356.874,425.11,75.9346
0.154254,33419.8,-237.017,0.840472,2.35421,101056,-357.29,-423.42,14.0662,100057,-355.873,425.106,75.9389
0.154264,33419.8,-236.682,0.838104,2.35422,100912,-356.28,-423.424,14.062,99918.4,-354.873,425.103,75.9431
0.154274,33419.8,-236.348,0.835739,2.35422,100767,-355.272,-423.427,14.0578,99779.4,-353.875,425.099,75.9474
0.154284,33419.8,-236.014,0.833378,2.35423,100623,-354.265,-423.431,14.0535,99640.4,-352.878,425.096,75.9516
0.154294,33419.8,-235.68,0.831019,2.35424,100478,-353.26,-423.435,14.0493,99501.5,-351.882,425.092,75.9559
0.154304,33419.8,-235.346,0.828665,2.35425,100334,-352.256,-423.438,14.0451,99362.5,-350.888,425.088,75.9601
0.154314,33419.8,-235.012,0.826313,2.35426,100189,-351.253,-423.442,14.0408,99223.4,-349.895,425.085,75.9644
0.154324,33419.8,-234.677,0.823965,2.35427,100045,-350.252,-423.445,14.0366,99084.4,-348.904,425.081,75.9686
0.154334,33419.8,-234.343,0.82162,2.35427,99900,-349.253,-423.449,14.0324,98945.4,-347.914,425.078,75.9729
0.154344,33419.8,-234.009,0.819279,2.35428,99755.6,-348.254,-423.452,14.0281,98806.3,-346.925,425.075,75.9771
0.154354,33419.8,-233.675,0.816941,2.35429,99611.1,-347.258,-423.456,14.0239,98667.3,-345.938,425.071,75.9814
0.154364,33419.8,-233.341,0.814606,2.3543,99466.6,-346.263,-423.459,14.0197,98528.2,-344.952,425.068,75.9856
0.154374,33419.8,-233.007,0.812274,2.35431,99322.2,-345.269,-423.462,14.0154,98389.1,-343.968,425.064,75.9899
0.154384,33419.8,-232.673,0.809946,2.35431,99177.8,-344.276,-423.466,14.0112,98250,-342.985,425.061,75.9941
0.154394,33419.8,-232.338,0.807622,2.35432,99033.4,-343.285,-423.469,14.0069,98110.9,-342.003,425.057,75.9984
0.154404,33419.8,-232.004,0.8053,2.35433,98888.9,-342.296,-423.473,14.0027,97971.8,-341.023,425.054,76.0026
0.154414,33419.8,-231.67,0.802982,2.35434,98744.5,-341.308,-423.476,13.9985,97832.7,-340.044,425.051,76.0069
0.154424,33419.8,-231.336,0.800667,2.35435,98600.1,-340.321,-423.48,13.9942,97693.6,-339.066,425.047,76.0111
0.154434,33419.8,-231.002,0.798356,2.35436,98455.8,-339.336,-423.483,13.99,97554.4,-338.09,425.044,76.0154
0.154444,33419.8,-230.668,0.796048,2.35436,98311.4,-338.353,-423.486,13.9858,97415.2,-337.115,425.04,76.0196
0.154454,33419.8,-230.333,0.793743,2.35437,98167,-337.37,-423.49,13.9815,97276.1,-336.142,425.037,76.0238
0.154464,33419.8,-229.999,0.791442,2.35438,98022.7,-336.389,-423.493,13.9773,97136.9,-335.17,425.034,76.0281
0.154474,33419.8,-229.665,0.789144,2.35439,97878.4,-335.41,-423.496,13.9731,96997.7,-334.2,425.03,76.0323
0.154484,33419.8,-229.331,0.786849,2.35439,97734.1,-334.432,-423.5,13.9688,96858.5,-333.23,425.027,76.0366
0.154494,33419.8,-228.997,0.784558,2.3544,97589.8,-333.456,-423.503,13.9646,96719.3,-332.263,425.024,76.0408
0.154504,33419.8,-228.663,0.78227,2.35441,97445.4,-332.481,-423.506,13.9604,96580,-331.296,425.02,76.0451
0.154514,33419.8,-228.329,0.779985,2.35442,97301.2,-331.507,-423.51,13.9561,96440.8,-330.331,425.017,76.0493
0.154524,33419.8,-227.994,0.777704,2.35443,97156.9,-330.535,-423.513,13.9519,96301.5,-329.368,425.014,76.0536
0.154534,33419.8,-227.66,0.775426,2.35443,97012.6,-329.564,-423.516,13.9477,96162.3,-328.406,425.01,76.0578
0.154544,33419.8,-227.326,0.773151,2.35444,96868.4,-328.595,-423.52,13.9434,96023,-327.445,425.007,76.0621
0.154554,33419.8,-226.992,0.77088,2.35445,96724.1,-327.627,-423.523,13.9392,95883.7,-326.485,425.004,76.0663
0.154564,33419.8,-226.658,0.768612,2.35446,96579.9,-326.661,-423.526,13.935,95744.4,-325.527,425.001,76.0706
0.154574,33419.8,-226.324,0.766347,2.35446,96435.7,-325.696,-423.529,13.9307,95605.1,-324.571,424.997,76.0748
0.154584,33419.8,-225.989,0.764086,2.35447,96291.5,-324.732,-423.533,13.9265,95465.8,-323.615,424.994,76.0791
0.154594,33419.8,-225.655,0.761828,2.35448,96147.3,-323.77,-423.536,13.9222,95326.5,-322.662,424.991,76.0833
0.154604,33419.8,-225.321,0.759574,2.35449,96003.1,-322.809,-423.539,13.918,95187.1,-321.709,424.988,76.0876
0.154614,33419.8,-224.987,0.757322,2.3545,95858.9,-321.85,-423.542,13.9138,95047.8,-320.758,424.984,76.0918
0.154624,33419.8,-224.653,0.755075,2.3545,95714.7,-320.893,-423.546,13.9095,94908.4,-319.809,424.981,76.0961
0.154634,33419.8,-224.319,0.75283,2.35451,95570.6,-319.936,-423.549,13.9053,94769.1,-318.86,424.978,76.1003
0.154644,33419.8,-223.985,0.750589,2.35452,95426.4,-318.981,-423.552,13.9011,94629.7,-317.913,424.975,76.1046
0.154654,33419.8,-223.65,0.748351,2.35453,95282.3,-318.028,-423.555,13.8968,94490.3,-316.968,424.972,76.1088
0.154664,33419.8,-223.316,0.746116,2.35453,95138.1,-317.076,-423.558,13.8926,94350.9,-316.024,424.969,76.1131
0.154674,33419.8,-222.982,0.743885,2.35454,94994,-316.125,-423.562,13.8884,94211.5,-315.081,424.965,76.1173
0.154684,33419.8,-222.648,0.741657,2.35455,94849.9,-315.176,-423.565,13.8841,94072.1,-314.14,424.962,76.1216
0.154694,33419.8,-222.314,0.739433,2.35455,94705.9,-314.229,-423.568,13.8799,93932.6,-313.2,424.959,76.1258
0.154704,33419.8,-221.98,0.737212,2.35456,94561.8,-313.282,-423.571,13.8757,93793.2,-312.261,424.956,76.1301
0.154714,33419.8,-221.645,0.734994,2.35457,94417.7,-312.338,-423.574,13.8714,93653.7,-311.324,424.953,76.1343
0.154724,33419.8,-221.311,0.732779,2.35458,94273.6,-311.394,-423.577,13.8672,93514.3,-310.389,424.95,76.1386
0.154734,33419.8,-220.977,0.730568,2.35458,94129.6,-310.453,-423.58,13.863,93374.8,-309.454,424.947,76.1428
0.154744,33419.8,-220.643,0.72836,2.35459,93985.5,-309.512,-423.583,13.8587,93235.3,-308.521,424.944,76.1471
0.154754,33419.8,-220.309,0.726156,2.3546,93841.5,-308.573,-423.587,13.8545,93095.8,-307.59,424.94,76.1513
0.154764,33419.8,-219.975,0.723955,2.35461,93697.5,-307.635,-423.59,13.8502,92956.3,-306.66,424.937,76.1556
0.154774,33419.8,-219.641,0.721757,2.35461,93553.5,-306.699,-423.593,13.846,92816.8,-305.731,424.934,76.1598
0.154784,33419.8,-219.306,0.719562,2.35462,93409.5,-305.765,-423.596,13.8418,92677.2,-304.804,424.931,76.1641
0.154794,33419.8,-218.972,0.717371,2.35463,93265.5,-304.831,-423.599,13.8375,92537.7,-303.878,424.928,76.1683
0.154804,33419.8,-218.638,0.715184,2.35464,93121.5,-303.9,-423.602,13.8333,92398.2,-302.953,424.925,76.1726
0.154814,33419.8,-218.304,0.712999,2.35464,92977.5,-302.969,-423.605,13.8291,92258.6,-302.03,424.922,76.1768
0.154824,33419.8,-217.97,0.710818,2.35465,92833.6,-302.04,-423.608,13.8248,92119,-301.108,424.919,76.1811
0.154834,33419.8,-217.636,0.70864,2.35466,92689.6,-301.113,-423.611,13.8206,91979.4,-300.188,424.916,76.1853
0.154844,33419.8,-217.301,0.706466,2.35466,92545.7,-300.187,-423.614,13.8164,91839.9,-299.269,424.913,76.1896
0.154854,33419.8,-216.967,0.704295,2.35467,92401.7,-299.262,-423.617,13.8121,91700.3,-298.351,424.91,76.1938
0.154864,33419.8,-216.633,0.702127,2.35468,92257.8,-298.339,-423.62,13.8079,91560.6,-297.435,424.907,76.1981
0.154874,33419.8,-216.299,0.699963,2.35468,92113.9,-297.417,-423.623,13.8036,91421,-296.52,424.904,76.2023
0.154884,33419.8,-215.965,0.697802,2.35469,91970,-296.497,-423.626,13.7994,91281.4,-295.607,424.901,76.2066
0.154894,33419.8,-215.631,0.695644,2.3547,91826.1,-295.578,-423.629,13.7952,91141.8,-294.695,424.898,76.2108
0.154904,33419.8,-215.297,0.69349,2.35471,91682.2,-294.661,-423.632,13.7909,91002.1,-293.784,424.895,76.2151
0.154914,33419.8,-214.962,0.691339,2.35471,91538.4,-293.745,-423.635,13.7867,90862.5,-292.875,424.892,76.2193
0.154924,33419.8,-214.628,0.689191,2.35472,91394.5,-292.83,-423.638,13.7825,90722.8,-291.967,424.89,76.2236
0.154934,33419.8,-214.294,0.687047,2.35473,91250.6,-291.917,-423.641,13.7782,90583.1,-291.061,424.887,76.2278
0.154944,33419.8,-213.96,0.684906,2.35473,91106.8,-291.005,-423.644,13.774,90443.4,-290.156,424.884,76.2321
0.154954,33419.8,-213.626,0.682768,2.35474,90963,-290.095,-423.646,13.7698,90303.7,-289.252,424.881,76.2363
0.154964,33419.8,-213.292,0.680634,2.35475,90819.2,-289.186,-423.649,13.7655,90164,-288.35,424.878,76.2406
0.154974,33419.8,-212.957,0.678503,2.35475,90675.3,-288.279,-423.652,13.7613,90024.3,-287.449,424.875,76.2448
0.154984,33419.8,-212.623,0.676375,2.35476,90531.5,-287.373,-423.655,13.757,89884.6,-286.55,424.872,76.2491
0.154994,33419.8,-212.289,0.674251,2.35477,90387.8,-286.469,-423.658,13.7528,89744.8,-285.652,424.869,76.2533
0.155004,33419.8,-211.955,0.67213,2.35477,90244,-285.565,-423.661,13.7486,89605.1,-284.755,424.867,76.2576
0.155014,33419.8,-211.621,0.670012,2.35478,90100.2,-284.664,-423.664,13.7443,89465.3,-283.86,424.864,76.2618
0.155024,33419.8,-211.287,0.667898,2.35479,89956.4,-283.764,-423.667,13.7401,89325.6,-282.966,424.861,76.2661
0.155034,33419.8,-210.953,0.665787,2.35479,89812.7,-282.865,-423.669,13.7359,89185.8,-282.074,424.858,76.2703
0.155044,33419.8,-210.618,0.66368,2.3548,89668.9,-281.968,-423.672,13.7316,89046,-281.183,424.855,76.2746
0.155054,33419.8,-210.284,0.661575,2.35481,89525.2,-281.072,-423.675,13.7274,88906.2,-280.293,424.852,76.2788
0.155064,33419.8,-209.95,0.659474,2.35481,89381.5,-280.177,-423.678,13.7232,88766.4,-279.405,424.85,76.2831
0.155074,33419.8,-209.616,0.657377,2.35482,89237.7,-279.284,-423.681,13.7189,88626.6,-278.518,424.847,76.2873
0.155084,33419.8,-209.282,0.655283,2.35483,89094,-278.393,-423.683,13.7147,88486.8,-277.632,424.844,76.2916
0.155094,33419.8,-208.948,0.653192,2.35483,88950.3,-277.503,-423.686,13.7104,88346.9,-276.748,424.841,76.2958
0.155104,33419.8,-208.613,0.651104,2.35484,88806.6,-276.614,-423.689,13.7062,88207.1,-275.866,424.838,76.3001
0.155114,33419.8,-208.279,0.64902,2.35485,88662.9,-275.727,-423.692,13.702,88067.2,-274.984,424.836,76.3043
0.155124,33419.8,-207.945,0.646939,2.35485,88519.3,-274.841,-423.694,13.6977,87927.4,-274.105,424.833,76.3086
0.155134,33419.8,-207.611,0.644862,2.35486,88375.6,-273.957,-423.697,13.6935,87787.5,-273.226,424.83,76.3128
0.155144,33419.8,-207.277,0.642788,2.35487,88232,-273.074,-423.7,13.6893,87647.6,-272.349,424.828,76.3171
0.155154,33419.8,-206.943,0.640717,2.35487,88088.3,-272.192,-423.703,13.685,87507.8,-271.473,424.825,76.3213
0.155164,33419.8,-206.609,0.638649,2.35488,87944.7,-271.312,-423.705,13.6808,87367.9,-270.599,424.822,76.3256
0.155174,33419.8,-206.274,0.636585,2.35488,87801,-270.434,-423.708,13.6765,87228,-269.726,424.819,76.3298
0.155184,33419.8,-205.94,0.634524,2.35489,87657.4,-269.556,-423.711,13.6723,87088.1,-268.855,424.817,76.3341
0.155194,33419.8,-205.606,0.632467,2.3549,87513.8,-268.681,-423.713,13.6681,86948.1,-267.985,424.814,76.3383
0.155204,33419.8,-205.272,0.630413,2.3549,87370.2,-267.806,-423.716,13.6638,86808.2,-267.116,424.811,76.3426
0.155214,33419.8,-204.938,0.628362,2.35491,87226.6,-266.934,-423.719,13.6596,86668.2,-266.249,424.809,76.3468
0.155224,33419.8,-204.604,0.626315,2.35492,87083.1,-266.062,-423.721,13.6554,86528.3,-265.383,424.806,76.3511
0.155234,33419.8,-204.269,0.62427,2.35492,86939.5,-265.192,-423.724,13.6511,86388.4,-264.518,424.803,76.3553
0.155244,33419.8,-203.935,0.62223,2.35493,86795.9,-264.324,-423.727,13.6469,86248.4,-263.655,424.801,76.3596
0.155254,33419.8,-203.601,0.620192,2.35494,86652.3,-263.456,-423.729,13.6426,86108.4,-262.794,424.798,76.3638
0.155264,33419.8,-203.267,0.618158,2.35494,86508.8,-262.591,-423.732,13.6384,85968.4,-261.933,424.795,76.3681
0.155274,33419.8,-202.933,0.616127,2.35495,86365.3,-261.727,-423.735,13.6342,85828.4,-261.075,424.793,76.3723
0.155284,33419.8,-202.599,0.6141,2.35495,86221.7,-260.864,-423.737,13.6299,85688.4,-260.217,424.79,76.3766
0.155294,33419.8,-202.265,0.612076,2.35496,86078.2,-260.002,-423.74,13.6257,85548.4,-259.361,424.788,76.3808
0.155304,33419.8,-201.93,0.610055,2.35497,85934.7,-259.142,-423.742,13.6215,85408.4,-258.506,424.785,76.3851
0.155314,33419.8,-201.596,0.608038,2.35497,85791.2,-258.284,-423.745,13.6172,85268.4,-257.653,424.782,76.3893
0.155324,33419.8,-201.262,0.606024,2.35498,85647.7,-257.427,-423.748,13.613,85128.3,-256.801,424.78,76.3936
0.155334,33419.8,-200.928,0.604013,2.35498,85504.2,-256.571,-423.75,13.6087,84988.3,-255.951,424.777,76.3978
0.155344,33419.8,-200.594,0.602006,2.35499,85360.7,-255.717,-423.753,13.6045,84848.2,-255.102,424.775,76.4021
0.155354,33419.8,-200.26,0.600002,2.355,85217.3,-254.864,-423.755,13.6003,84708.2,-254.254,424.772,76.4063
0.155364,33419.8,-199.925,0.598001,2.355,85073.8,-254.013,-423.758,13.596,84568.1,-253.408,424.77,76.4106
0.155374,33419.8,-199.591,0.596004,2.35501,84930.3,-253.163,-423.76,13.5918,84428,-252.563,424.767,76.4148
0.155384,33419.8,-199.257,0.59401,2.35501,84786.9,-252.314,-423.763,13.5876,84287.9,-251.719,424.765,76.4191
0.155394,33419.8,-198.923,0.592019,2.35502,84643.5,-251.467,-423.766,13.5833,84147.8,-250.877,424.762,76.4233
0.155404,33419.8,-198.589,0.590032,2.35503,84500,-250.622,-423.768,13.5791,84007.7,-250.037,424.76,76.4276
0.155414,33419.8,-198.255,0.588048,2.35503,84356.6,-249.778,-423.77,13.5748,83867.6,-249.197,424.757,76.4318
0.155424,33419.8,-197.921,0.586067,2.35504,84213.2,-248.935,-423.773,13.5706,83727.5,-248.36,424.755,76.4361
0.155434,33419.8,-197.586,0.58409,2.35504,84069.8,-248.094,-423.775,13.5664,83587.3,-247.523,424.752,76.4403
0.155444,33419.8,-197.252,0.582116,2.35505,83926.4,-247.254,-423.778,13.5621,83447.2,-246.688,424.75,76.4446
0.155454,33419.8,-196.918,0.580146,2.35506,83783,-246.415,-423.78,13.5579,83307.1,-245.854,424.747,76.4488
0.155464,33419.8,-196.584,0.578178,2.35506,83639.7,-245.578,-423.783,13.5537,83166.9,-245.022,424.745,76.4531
0.155474,33419.8,-196.25,0.576214,2.35507,83496.3,-244.743,-423.785,13.5494,83026.7,-244.191,424.742,76.4573
0.155484,33419.8,-195.916,0.574254,2.35507,83352.9,-243.908,-423.788,13.5452,82886.6,-243.362,424.74,76.4616
0.155494,33419.8,-195.581,0.572297,2.35508,83209.6,-243.076,-423.79,13.5409,82746.4,-242.534,424.737,76.4658
0.155504,33419.8,-195.247,0.570343,2.35508,83066.2,-242.245,-423.793,13.5367,82606.2,-241.707,424.735,76.4701
0.155514,33419.8,-194.913,0.568392,2.35509,82922.9,-241.415,-423.795,13.5325,82466,-240.882,424.733,76.4743
0.155524,33419.8,-194.579,0.566445,2.3551,82779.5,-240.586,-423.797,13.5282,82325.8,-240.058,424.73,76.4786
0.155534,33419.8,-194.245,0.564501,2.3551,82636.2,-239.759,-423.8,13.524,82185.6,-239.236,424.728,76.4828
0.155544,33419.8,-193.911,0.562561,2.35511,82492.9,-238.934,-423.802,13.5198,82045.4,-238.414,424.725,76.4871
0.155554,33419.8,-193.577,0.560624,2.35511,82349.6,-238.11,-423.805,13.5155,81905.1,-237.595,424.723,76.4913
0.155564,33419.8,-193.242,0.55869,2.35512,82206.3,-237.287,-423.807,13.5113,81764.9,-236.777,424.721,76.4956
0.155574,33419.8,-192.908,0.556759,2.35512,82063,-236.466,-423.809,13.507,81624.6,-235.96,424.718,76.4998
0.155584,33419.8,-192.574,0.554832,2.35513,81919.7,-235.646,-423.812,13.5028,81484.4,-235.144,424.716,76.5041
0.155594,33419.8,-192.24,0.552908,2.35513,81776.5,-234.828,-423.814,13.4986,81344.1,-234.33,424.714,76.5083
0.155604,33419.8,-191.906,0.550988,2.35514,81633.2,-234.011,-423.816,13.4943,81203.9,-233.518,424.711,76.5126
0.155614,33419.8,-191.572,0.549071,2.35515,81489.9,-233.195,-423.819,13.4901,81063.6,-232.706,424.709,76.5168
0.155624,33419.8,-191.237,0.547157,2.35515,81346.7,-232.381,-423.821,13.4858,80923.3,-231.897,424.707,76.521
0.155634,33419.8,-190.903,0.545246,2.35516,81203.4,-231.568,-423.823,13.4816,80783,-231.088,424.704,76.5253
0.155644,33419.8,-190.569,0.543339,2.35516,81060.2,-230.757,-423.826,13.4774,80642.7,-230.281,424.702,76.5295
0.155654,33419.8,-190.235,0.541435,2.35517,80917,-229.948,-423.828,13.4731,80502.4,-229.475,424.7,76.5338
0.155664,33419.8,-189.901,0.539535,2.35517,80773.8,-229.139,-423.83,13.4689,80362.1,-228.671,424.697,76.538
0.155674,33419.8,-189.567,0.537638,2.35518,80630.6,-228.332,-423.833,13.4647,80221.8,-227.868,424.695,76.5423
0.155684,33419.8,-189.233,0.535744,2.35518,80487.3,-227.527,-423.835,13.4604,80081.4,-227.067,424.693,76.5465
0.155694,33419.8,-188.898,0.533854,2.35519,80344.1,-226.723,-423.837,13.4562,79941.1,-226.267,424.69,76.5508
0.155704,33419.8,-188.564,0.531967,2.35519,80201,-225.92,-423.839,13.4519,79800.8,-225.468,424.688,76.555
0.155714,33419.8,-188.23,0.530083,2.3552,80057.8,-225.119,-423.842,13.4477,79660.4,-224.671,424.686,76.5593
0.155724,33419.8,-187.896,0.528203,2.3552,79914.6,-224.319,-423.844,13.4435,79520,-223.875,424.684,76.5635
0.155734,33419.8,-187.562,0.526326,2.35521,79771.4,-223.521,-423.846,13.4392,79379.7,-223.081,424.682,76.5678
0.155744,33419.8,-187.228,0.524452,2.35522,79628.3,-222.724,-423.848,13.435,79239.3,-222.288,424.679,76.572
0.155754,33419.8,-186.893,0.522582,2.35522,79485.1,-221.928,-423.851,13.4308,79098.9,-221.496,424.677,76.5763
0.155764,33419.8,-186.559,0.520715,2.35523,79342,-221.134,-423.853,13.4265,78958.5,-220.706,424.675,76.5805
0.155774,33419.8,-186.225,0.518851,2.35523,79198.8,-220.342,-423.855,13.4223,78818.1,-219.918,424.673,76.5848
0.155784,33419.8,-185.891,0.51699,2.35524,79055.7,-219.551,-423.857,13.418,78677.7,-219.13,424.671,76.589
0.155794,33419.8,-185.557,0.515134,2.35524,78912.6,-218.761,-423.859,13.4138,78537.3,-218.344,424.668,76.5933
0.155804,33419.8,-185.223,0.51328,2.35525,78769.5,-217.973,-423.862,13.4096,78396.9,-217.56,424.666,76.5975
0.155814,33419.8,-184.889,0.51143,2.35525,78626.4,-217.186,-423.864,13.4053,78256.5,-216.776,424.664,76.6018
0.155824,33419.8,-184.554,0.509583,2.35526,78483.3,-216.4,-423.866,13.4011,78116,-215.995,424.662,76.606
0.155834,33419.8,-184.22,0.507739,2.35526,78340.2,-215.616,-423.868,13.3968,77975.6,-215.214,424.66,76.6103
0.155844,33419.8,-183.886,0.505899,2.35527,78197.1,-214.834,-423.87,13.3926,77835.1,-214.435,424.658,76.6145
0.155854,33419.8,-183.552,0.504062,2.35527,78054,-214.052,-423.872,13.3884,77694.7,-213.658,424.655,76.6188
0.155864,33419.8,-183.218,0.502228,2.35528,77910.9,-213.273,-423.875,13.3841,77554.2,-212.882,424.653,76.623
0.155874,33419.8,-182.884,0.500398,2.35528,77767.9,-212.494,-423.877,13.3799,77413.8,-212.107,424.651,76.6273
0.155884,33419.8,-182.549,0.498571,2.35529,77624.8,-211.718,-423.879,13.3756,77273.3,-211.334,424.649,76.6315
0.155894,33419.8,-182.215,0.496747,2.35529,77481.8,-210.942,-423.881,13.3714,77132.8,-210.562,424.647,76.6358
0.155904,33419.8,-181.881,0.494927,2.3553,77338.7,-210.168,-423.883,13.3672,76992.3,-209.791,424.645,76.64
0.155914,33419.8,-181.547,0.49311,2.3553,77195.7,-209.396,-423.885,13.3629,76851.8,-209.022,424.643,76.6443
0.155924,33419.8,-181.213,0.491297,2.35531,77052.6,-208.624,-423.887,13.3587,76711.3,-208.254,424.641,76.6485
0.155934,33419.8,-180.879,0.489486,2.35531,76909.6,-207.855,-423.889,13.3545,76570.8,-207.488,424.639,76.6528
0.155944,33419.8,-180.545,0.48768,2.35532,76766.6,-207.087,-423.891,13.3502,76430.3,-206.723,424.636,76.657
0.155954,33419.8,-180.21,0.485876,2.35532,76623.6,-206.32,-423.893,13.346,76289.7,-205.96,424.634,76.6613
0.155964,33419.8,-179.876,0.484076,2.35533,76480.6,-205.554,-423.896,13.3417,76149.2,-205.198,424.632,76.6655
0.155974,33419.8,-179.542,0.482279,2.35533,76337.6,-204.79,-423.898,13.3375,76008.7,-204.437,424.63,76.6698
0.155984,33419.8,-179.208,0.480485,2.35534,76194.6,-204.028,-423.9,13.3333,75868.1,-203.678,424.628,76.674
0.155994,33419.8,-178.874,0.478695,2.35534,76051.6,-203.267,-423.902,13.329,75727.6,-202.92,424.626,76.6783
0.156004,33419.8,-178.54,0.476908,2.35535,75908.7,-202.507,-423.904,13.3248,75587,-202.163,424.624,76.6825
0.156014,33419.8,-178.205,0.475125,2.35535,75765.7,-201.749,-423.906,13.3205,75446.4,-201.408,424.622,76.6868
0.156024,33419.8,-177.871,0.473345,2.35535,75622.7,-200.992,-423.908,13.3163,75305.9,-200.654,424.62,76.691
0.156034,33419.8,-177.537,0.471568,2.35536,75479.8,-200.236,-423.91,13.3121,75165.3,-199.902,424.618,76.6953
0.156044,33419.8,-177.203,0.469795,2.35536,75336.8,-199.482,-423.912,13.3078,75024.7,-199.151,424.616,76.6995
0.156054,33419.8,-176.869,0.468024,2.35537,75193.9,-198.73,-423.914,13.3036,74884.1,-198.402,424.614,76.7038
0.156064,33419.8,-176.535,0.466258,2.35537,75050.9,-197.979,-423.916,13.2993,74743.5,-197.654,424.612,76.708
0.156074,33419.8,-176.201,0.464494,2.35538,74908,-197.229,-423.918,13.2951,74602.9,-196.907,424.61,76.7123
0.156084,33419.8,-175.866,0.462734,2.35538,74765.1,-196.481,-423.92,13.2909,74462.3,-196.162,424.608,76.7165
0.156094,33419.8,-175.532,0.460977,2.35539,74622.2,-195.734,-423.922,13.2866,74321.6,-195.418,424.606,76.7208
0.156104,33419.8,-175.198,0.459224,2.35539,74479.3,-194.988,-423.923,13.2824,74181,-194.676,424.604,76.725
0.156114,33419.8,-174.864,0.457474,2.3554,74336.3,-194.244,-423.926,13.2782,74040.4,-193.935,424.602,76.7293
0.156124,33419.8,-174.53,0.455727,2.3554,74193.5,-193.502,-423.927,13.2739,73899.8,-193.195,424.6,76.7335
0.156134,33419.8,-174.196,0.453984,2.35541,74050.6,-192.761,-423.929,13.2697,73759.1,-192.457,424.599,76.7378
0.156144,33419.8,-173.861,0.452244,2.35541,73907.7,-192.021,-423.931,13.2654,73618.5,-191.72,424.597,76.742
0.156154,33419.8,-173.527,0.450507,2.35541,73764.8,-191.283,-423.933,13.2612,73477.8,-190.985,424.595,76.7463
0.156164,33419.8,-173.193,0.448774,2.35542,73621.9,-190.546,-423.935,13.257,73337.1,-190.251,424.593,76.7505
0.156174,33419.8,-172.859,0.447044,2.35542,73479.1,-189.811,-423.937,13.2527,73196.5,-189.518,424.591,76.7548
0.156184,33419.8,-172.525,0.445317,2.35543,73336.2,-189.077,-423.939,13.2485,73055.8,-188.787,424.589,76.759
0.156194,33419.8,-172.191,0.443593,2.35543,73193.4,-188.344,-423.941,13.2442,72915.1,-188.057,424.587,76.7633
0.156204,33419.8,-171.857,0.441873,2.35544,73050.5,-187.613,-423.943,13.24,72774.4,-187.329,424.585,76.7675
0.156214,33419.8,-171.522,0.440157,2.35544,72907.7,-186.883,-423.945,13.2358,72633.7,-186.602,424.583,76.7718
0.156224,33419.8,-171.188,0.438443,2.35545,72764.9,-186.155,-423.946,13.2315,72493,-185.876,424.582,76.776
0.156234,33419.8,-170.854,0.436733,2.35545,72622,-185.428,-423.948,13.2273,72352.3,-185.152,424.58,76.7803
0.156244,33419.8,-170.52,0.435027,2.35545,72479.2,-184.703,-423.95,13.223,72211.6,-184.43,424.578,76.7845
0.156254,33419.8,-170.186,0.433324,2.35546,72336.4,-183.979,-423.952,13.2188,72070.8,-183.708,424.576,76.7888
0.156264,33419.8,-169.852,0.431624,2.35546,72193.6,-183.256,-423.954,13.2146,71930.1,-182.988,424.574,76.793
0.156274,33419.8,-169.517,0.429927,2.35547,72050.8,-182.535,-423.956,13.2103,71789.4,-182.27,424.572,76.7973
0.156284,33419.8,-169.183,0.428234,2.35547,71908,-181.815,-423.957,13.2061,71648.6,-181.553,424.571,76.8015
0.156294,33419.8,-168.849,0.426544,2.35548,71765.2,-181.097,-423.959,13.2018,71507.9,-180.837,424.569,76.8057
0.156304,33419.8,-168.515,0.424857,2.35548,71622.4,-180.38,-423.961,13.1976,71367.1,-180.123,424.567,76.81
0.156314,33419.8,-168.181,0.423174,2.35548,71479.6,-179.665,-423.963,13.1934,71226.4,-179.41,424.565,76.8142
0.156324,33419.8,-167.847,0.421494,2.35549,71336.9,-178.951,-423.965,13.1891,71085.6,-178.699,424.563,76.8185
0.156334,33419.8,-167.513,0.419817,2.35549,71194.1,-178.238,-423.966,13.1849,70944.8,-177.988,424.562,76.8227
0.156344,33419.8,-167.178,0.418144,2.3555,71051.3,-177.527,-423.968,13.1806,70804.1,-177.28,424.56,76.827
0.156354,33419.8,-166.844,0.416474,2.3555,70908.6,-176.817,-423.97,13.1764,70663.3,-176.573,424.558,76.8312
0.156364,33419.8,-166.51,0.414808,2.35551,70765.8,-176.109,-423.972,13.1722,70522.5,-175.867,424.556,76.8354
0.156374,33419.8,-166.176,0.413144,2.35551,70623.1,-175.402,-423.973,13.1679,70381.7,-175.162,424.555,76.8397
0.156384,33419.8,-165.842,0.411485,2.35551,70480.3,-174.697,-423.975,13.1637,70240.9,-174.459,424.553,76.8439
0.156394,33419.8,-165.508,0.409828,2.35552,70337.6,-173.993,-423.977,13.1594,70100.1,-173.758,424.551,76.8482
0.156404,33419.8,-165.173,0.408175,2.35552,70194.9,-173.29,-423.979,13.1552,69959.3,-173.057,424.549,76.8524
0.156414,33419.8,-164.839,0.406525,2.35553,70052.2,-172.589,-423.98,13.151,69818.5,-172.359,424.548,76.8566
0.156424,33419.8,-164.505,0.404879,2.35553,69909.5,-171.89,-423.982,13.1467,69677.6,-171.661,424.546,76.8609
0.156434,33419.8,-164.171,0.403235,2.35553,69766.7,-171.191,-423.984,13.1425,69536.8,-170.965,424.544,76.8651
0.156444,33419.8,-163.837,0.401596,2.35554,69624,-170.494,-423.986,13.1382,69396,-170.271,424.542,76.8694
0.156454,33419.8,-163.503,0.399959,2.35554,69481.4,-169.799,-423.987,13.134,69255.1,-169.578,424.541,76.8736
0.156464,33419.8,-163.169,0.398326,2.35555,69338.7,-169.105,-423.989,13.1298,69114.3,-168.886,424.539,76.8779
0.156474,33419.8,-162.834,0.396696,2.35555,69196,-168.412,-423.991,13.1255,68973.4,-168.195,424.537,76.8821
0.156484,33419.8,-162.5,0.39507,2.35555,69053.3,-167.721,-423.992,13.1213,68832.6,-167.507,424.536,76.8863
0.156494,33419.8,-162.166,0.393447,2.35556,68910.6,-167.031,-423.994,13.117,68691.7,-166.819,424.534,76.8906
0.156504,33419.8,-161.832,0.391827,2.35556,68768,-166.343,-423.996,13.1128,68550.9,-166.133,424.532,76.8948
0.156514,33419.8,-161.498,0.39021,2.35557,68625.3,-165.656,-423.997,13.1086,68410,-165.448,424.531,76.8991
0.156524,33419.8,-161.164,0.388597,2.35557,68482.6,-164.971,-423.999,13.1043,68269.1,-164.765,424.529,76.9033
0.156534,33419.8,-160.829,0.386988,2.35557,68340,-164.287,-424.001,13.1001,68128.2,-164.083,424.527,76.9075
0.156544,33419.8,-160.495,0.385381,2.35558,68197.3,-163.604,-424.002,13.0958,67987.3,-163.402,424.526,76.9118
0.156554,33419.8,-160.161,0.383778,2.35558,68054.7,-162.923,-424.004,13.0916,67846.4,-162.723,424.524,76.916
0.156564,33419.8,-159.827,0.382178,2.35559,67912.1,-162.243,-424.006,13.0874,67705.5,-162.046,424.522,76.9203
0.156574,33419.8,-159.493,0.380582,2.35559,67769.4,-161.565,-424.007,13.0831,67564.6,-161.369,424.521,76.9245
0.156584,33419.8,-159.159,0.378989,2.35559,67626.8,-160.888,-424.009,13.0789,67423.7,-160.695,424.519,76.9288
0.156594,33419.8,-158.825,0.377399,2.3556,67484.2,-160.213,-424.01,13.0746,67282.8,-160.021,424.518,76.933
0.156604,33419.8,-158.49,0.375813,2.3556,67341.6,-159.539,-424.012,13.0704,67141.8,-159.349,424.516,76.9372
0.156614,33419.8,-158.156,0.37423,2.3556,67199,-158.866,-424.014,13.0662,67000.9,-158.678,424.514,76.9415
0.156624,33419.8,-157.822,0.37265,2.35561,67056.4,-158.195,-424.015,13.0619,66860,-158.009,424.513,76.9457
0.156634,33419.8,-157.488,0.371074,2.35561,66913.8,-157.525,-424.017,13.0577,66719.1,-157.342,424.511,76.95
0.156644,33419.8,-157.154,0.369501,2.35562,66771.2,-156.857,-424.018,13.0534,66578.1,-156.675,424.51,76.9542
0.156654,33419.8,-156.82,0.367931,2.35562,66628.6,-156.19,-424.02,13.0492,66437.1,-156.01,424.508,76.9585
0.156664,33419.8,-156.485,0.366365,2.35562,66486,-155.524,-424.021,13.045,66296.2,-155.347,424.507,76.9627
0.156674,33419.8,-156.151,0.364802,2.35563,66343.4,-154.86,-424.023,13.0407,66155.2,-154.684,424.505,76.9669
0.156684,33419.8,-155.817,0.363242,2.35563,66200.9,-154.198,-424.024,13.0365,66014.3,-154.024,424.504,76.9712
0.156694,33419.8,-155.483,0.361686,2.35563,66058.3,-153.536,-424.026,13.0322,65873.3,-153.364,424.502,76.9754
0.156704,33419.8,-155.149,0.360133,2.35564,65915.7,-152.877,-424.028,13.028,65732.3,-152.706,424.5,76.9797
0.156714,33419.8,-154.815,0.358583,2.35564,65773.2,-152.218,-424.029,13.0238,65591.3,-152.05,424.499,76.9839
0.156724,33419.8,-154.48,0.357037,2.35564,65630.6,-151.561,-424.031,13.0195,65450.4,-151.395,424.497,76.9881
0.156734,33419.8,-154.146,0.355494,2.35565,65488.1,-150.906,-424.032,13.0153,65309.4,-150.741,424.496,76.9924
0.156744,33419.8,-153.812,0.353955,2.35565,65345.5,-150.252,-424.034,13.011,65168.4,-150.089,424.494,76.9966
0.156754,33419.8,-153.478,0.352418,2.35566,65203,-149.599,-424.035,13.0068,65027.4,-149.438,424.493,77.0009
0.156764,33419.8,-153.144,0.350885,2.35566,65060.5,-148.948,-424.037,13.0026,64886.4,-148.788,424.491,77.0051
0.156774,33419.8,-152.81,0.349356,2.35566,64917.9,-148.298,-424.038,12.9983,64745.3,-148.14,424.49,77.0094
0.156784,33419.8,-152.476,0.34783,2.35567,64775.4,-147.65,-424.04,12.9941,64604.3,-147.494,424.488,77.0136
0.156794,33419.8,-152.141,0.346307,2.35567,64632.9,-147.003,-424.041,12.9898,64463.3,-146.848,424.487,77.0178
0.156804,33419.8,-151.807,0.344787,2.35567,64490.4,-146.357,-424.042,12.9856,64322.3,-146.204,424.486,77.0221
0.156814,33419.8,-151.473,0.343271,2.35568,64347.9,-145.713,-424.044,12.9814,64181.2,-145.562,424.484,77.0263
0.156824,33419.8,-151.139,0.341758,2.35568,64205.4,-145.07,-424.045,12.9771,64040.2,-144.921,424.483,77.0306
0.156834,33419.8,-150.805,0.340249,2.35568,64062.9,-144.429,-424.047,12.9729,63899.2,-144.281,424.481,77.0348
0.156844,33419.8,-150.471,0.338742,2.35569,63920.4,-143.789,-424.048,12.9686,63758.1,-143.643,424.48,77.039
0.156854,33419.8,-150.137,0.33724,2.35569,63777.9,-143.151,-424.05,12.9644,63617.1,-143.006,424.478,77.0433
0.156864,33419.8,-149.802,0.33574,2.35569,63635.4,-142.514,-424.051,12.9602,63476,-142.371,424.477,77.0475
0.156874,33419.8,-149.468,0.334244,2.3557,63492.9,-141.878,-424.053,12.9559,63334.9,-141.737,424.475,77.0518
0.156884,33419.8,-149.134,0.332751,2.3557,63350.5,-141.244,-424.054,12.9517,63193.9,-141.104,424.474,77.056
0.156894,33419.8,-148.8,0.331262,2.3557,63208,-140.611,-424.055,12.9474,63052.8,-140.473,424.473,77.0603
0.156904,33419.8,-148.466,0.329775,2.35571,63065.5,-139.98,-424.057,12.9432,62911.8,-139.844,424.471,77.0645
0.156914,33419.8,-148.132,0.328293,2.35571,62923.1,-139.35,-424.058,12.939,62770.7,-139.215,424.47,77.0687
0.156924,33419.8,-147.797,0.326813,2.35571,62780.6,-138.722,-424.06,12.9347,62629.6,-138.588,424.468,77.073
0.156934,33419.8,-147.463,0.325337,2.35572,62638.2,-138.095,-424.061,12.9305,62488.5,-137.963,424.467,77.0772
0.156944,33419.8,-147.129,0.323864,2.35572,62495.7,-137.469,-424.062,12.9262,62347.4,-137.339,424.466,77.0815
0.156954,33419.8,-146.795,0.322395,2.35572,62353.3,-136.845,-424.064,12.922,62206.3,-136.716,424.464,77.0857
0.156964,33419.8,-146.461,0.320929,2.35573,62210.9,-136.222,-424.065,12.9178,62065.2,-136.095,424.463,77.09
0.156974,33419.8,-146.127,0.319466,2.35573,62068.4,-135.601,-424.066,12.9135,61924.1,-135.475,424.462,77.0942
0.156984,33419.8,-145.792,0.318007,2.35573,61926,-134.981,-424.068,12.9093,61783,-134.856,424.46,77.0984
0.156994,33419.8,-145.458,0.316551,2.35574,61783.6,-134.363,-424.069,12.905,61641.9,-134.239,424.459,77.1027
0.157004,33419.8,-145.124,0.315098,2.35574,61641.2,-133.746,-424.071,12.9008,61500.7,-133.624,424.458,77.1069
0.157014,33419.8,-144.79,0.313649,2.35574,61498.8,-133.13,-424.072,12.8965,61359.6,-133.01,424.456,77.1112
0.157024,33419.8,-144.456,0.312203,2.35574,61356.3,-132.516,-424.073,12.8923,61218.5,-132.397,424.455,77.1154
0.157034,33419.8,-144.122,0.31076,2.35575,61213.9,-131.903,-424.074,12.8881,61077.4,-131.785,424.454,77.1196
0.157044,33419.8,-143.788,0.30932,2.35575,61071.5,-131.292,-424.076,12.8838,60936.2,-131.175,424.452,77.1239
0.157054,33419.8,-143.453,0.307884,2.35575,60929.1,-130.682,-424.077,12.8796,60795.1,-130.567,424.451,77.1281
0.157064,33419.8,-143.119,0.306452,2.35576,60786.7,-130.073,-424.079,12.8753,60653.9,-129.96,424.45,77.1324
0.157074,33419.8,-142.785,0.305022,2.35576,60644.4,-129.466,-424.08,12.8711,60512.8,-129.354,424.448,77.1366
0.157084,33419.8,-142.451,0.303596,2.35576,60502,-128.861,-424.081,12.8669,60371.6,-128.749,424.447,77.1409
0.157094,33419.8,-142.117,0.302174,2.35577,60359.6,-128.256,-424.082,12.8626,60230.5,-128.147,424.446,77.1451
0.157104,33419.8,-141.783,0.300754,2.35577,60217.2,-127.654,-424.084,12.8584,60089.3,-127.545,424.444,77.1493
0.157114,33419.8,-141.448,0.299338,2.35577,60074.8,-127.052,-424.085,12.8541,59948.1,-126.945,424.443,77.1536
0.157124,33419.8,-141.114,0.297926,2.35578,59932.5,-126.452,-424.086,12.8499,59807,-126.346,424.442,77.1578
0.157134,33419.8,-140.78,0.296517,2.35578,59790.1,-125.854,-424.087,12.8457,59665.8,-125.749,424.441,77.1621
0.157144,33419.8,-140.446,0.295111,2.35578,59647.8,-125.257,-424.089,12.8414,59524.6,-125.153,424.439,77.1663
0.157154,33419.8,-140.112,0.293708,2.35578,59505.4,-124.661,-424.09,12.8372,59383.4,-124.559,424.438,77.1705
0.157164,33419.8,-139.778,0.292309,2.35579,59363.1,-124.067,-424.091,12.8329,59242.2,-123.966,424.437,77.1748
0.157174,33419.8,-139.444,0.290913,2.35579,59220.7,-123.474,-424.092,12.8287,59101,-123.374,424.436,77.179
0.157184,33419.8,-139.109,0.28952,2.35579,59078.4,-122.882,-424.094,12.8245,58959.8,-122.784,424.434,77.1833
0.157194,33419.8,-138.775,0.288131,2.3558,58936,-122.292,-424.095,12.8202,58818.6,-122.195,424.433,77.1875
0.157204,33419.8,-138.441,0.286745,2.3558,58793.7,-121.704,-424.096,12.816,58677.4,-121.607,424.432,77.1918
0.157214,33419.8,-138.107,0.285363,2.3558,58651.4,-121.117,-424.097,12.8117,58536.2,-121.021,424.431,77.196
0.157224,33419.8,-137.773,0.283983,2.3558,58509,-120.531,-424.099,12.8075,58395,-120.437,424.43,77.2002
0.157234,33419.8,-137.439,0.282607,2.35581,58366.7,-119.947,-424.1,12.8032,58253.8,-119.854,424.428,77.2045
0.157244,33419.8,-137.104,0.281235,2.35581,58224.4,-119.364,-424.101,12.799,58112.6,-119.272,424.427,77.2087
0.157254,33419.8,-136.77,0.279866,2.35581,58082.1,-118.782,-424.102,12.7948,57971.3,-118.692,424.426,77.213
0.157264,33419.8,-136.436,0.2785,2.35582,57939.8,-118.202,-424.103,12.7905,57830.1,-118.113,424.425,77.2172
0.157274,33419.8,-136.102,0.277137,2.35582,57797.5,-117.624,-424.104,12.7863,57688.9,-117.535,424.424,77.2215
0.157284,33419.8,-135.768,0.275778,2.35582,57655.2,-117.046,-424.106,12.782,57547.6,-116.959,424.422,77.2257
0.157294,33419.8,-135.434,0.274422,2.35582,57512.9,-116.471,-424.107,12.7778,57406.4,-116.384,424.421,77.2299
0.157304,33419.8,-135.1,0.27307,2.35583,57370.6,-115.896,-424.108,12.7736,57265.2,-115.811,424.42,77.2342
0.157314,33419.8,-134.765,0.271721,2.35583,57228.3,-115.323,-424.109,12.7693,57123.9,-115.239,424.419,77.2384
0.157324,33419.8,-134.431,0.270375,2.35583,57086,-114.752,-424.11,12.7651,56982.7,-114.669,424.418,77.2427
0.157334,33419.8,-134.097,0.269033,2.35583,56943.7,-114.182,-424.111,12.7608,56841.4,-114.1,424.417,77.2469
0.157344,33419.8,-133.763,0.267693,2.35584,56801.5,-113.613,-424.113,12.7566,56700.1,-113.532,424.416,77.2511
0.157354,33419.8,-133.429,0.266358,2.35584,56659.2,-113.046,-424.114,12.7524,56558.9,-112.966,424.414,77.2554
0.157364,33419.8,-133.095,0.265025,2.35584,56516.9,-112.48,-424.115,12.7481,56417.6,-112.401,424.413,77.2596
0.157374,33419.8,-132.76,0.263696,2.35585,56374.6,-111.916,-424.116,12.7439,56276.3,-111.838,424.412,77.2639
0.157384,33419.8,-132.426,0.26237,2.35585,56232.4,-111.353,-424.117,12.7396,56135.1,-111.276,424.411,77.2681
0.157394,33419.8,-132.092,0.261048,2.35585,56090.1,-110.791,-424.118,12.7354,55993.8,-110.715,424.41,77.2724
0.157404,33419.8,-131.758,0.259729,2.35585,55947.9,-110.231,-424.119,12.7311,55852.5,-110.156,424.409,77.2766
0.157414,33419.8,-131.424,0.258413,2.35586,55805.6,-109.672,-424.12,12.7269,55711.2,-109.598,424.408,77.2808
0.157424,33419.8,-131.09,0.257101,2.35586,55663.4,-109.115,-424.121,12.7227,55569.9,-109.042,424.407,77.2851
0.157434,33419.8,-130.756,0.255792,2.35586,55521.1,-108.559,-424.123,12.7184,55428.6,-108.487,424.406,77.2893
0.157444,33419.8,-130.421,0.254486,2.35586,55378.9,-108.005,-424.124,12.7142,55287.3,-107.933,424.404,77.2936
0.157454,33419.8,-130.087,0.253184,2.35587,55236.7,-107.452,-424.125,12.7099,55146,-107.381,424.403,77.2978
0.157464,33419.8,-129.753,0.251884,2.35587,55094.4,-106.9,-424.126,12.7057,55004.7,-106.831,424.402,77.302
0.157474,33419.8,-129.419,0.250589,2.35587,54952.2,-106.35,-424.127,12.7015,54863.4,-106.281,424.401,77.3063
0.157484,33419.8,-129.085,0.249296,2.35587,54810,-105.801,-424.128,12.6972,54722.1,-105.734,424.4,77.3105
0.157494,33419.8,-128.751,0.248007,2.35588,54667.8,-105.254,-424.129,12.693,54580.8,-105.187,424.399,77.3148
0.157504,33419.8,-128.416,0.246722,2.35588,54525.5,-104.708,-424.13,12.6887,54439.5,-104.642,424.398,77.319
0.157514,33419.8,-128.082,0.245439,2.35588,54383.3,-104.164,-424.131,12.6845,54298.1,-104.098,424.397,77.3233
0.157524,33419.8,-127.748,0.24416,2.35588,54241.1,-103.621,-424.132,12.6803,54156.8,-103.556,424.396,77.3275
0.157534,33419.8,-127.414,0.242885,2.35589,54098.9,-103.079,-424.133,12.676,54015.5,-103.016,424.395,77.3317
0.157544,33419.8,-127.08,0.241613,2.35589,53956.7,-102.539,-424.134,12.6718,53874.1,-102.476,424.394,77.336
0.157554,33419.8,-126.746,0.240344,2.35589,53814.5,-102,-424.135,12.6675,53732.8,-101.938,424.393,77.3402
0.157564,33419.8,-126.412,0.239078,2.35589,53672.3,-101.463,-424.136,12.6633,53591.5,-101.402,424.392,77.3445
0.157574,33419.8,-126.077,0.237816,2.3559,53530.1,-100.927,-424.137,12.6591,53450.1,-100.866,424.391,77.3487
0.157584,33419.8,-125.743,0.236557,2.3559,53387.9,-100.392,-424.138,12.6548,53308.8,-100.333,424.39,77.353
0.157594,33419.8,-125.409,0.235301,2.3559,53245.7,-99.8592,-424.139,12.6506,53167.4,-99.8005,424.389,77.3572
0.157604,33419.8,-125.075,0.234049,2.3559,53103.5,-99.3275,-424.14,12.6463,53026.1,-99.2696,424.388,77.3614
0.157614,33419.8,-124.741,0.2328,2.35591,52961.3,-98.7972,-424.141,12.6421,52884.7,-98.7401,424.387,77.3657
0.157624,33419.8,-124.407,0.231554,2.35591,52819.2,-98.2684,-424.142,12.6378,52743.3,-98.212,424.386,77.3699
0.157634,33419.8,-124.072,0.230312,2.35591,52677,-97.741,-424.143,12.6336,52602,-97.6853,424.385,77.3742
0.157644,33419.8,-123.738,0.229073,2.35591,52534.8,-97.215,-424.144,12.6294,52460.6,-97.1601,424.384,77.3784
0.157654,33419.8,-123.404,0.227838,2.35591,52392.6,-96.6905,-424.145,12.6251,52319.2,-96.6363,424.383,77.3826
0.157664,33419.8,-123.07,0.226606,2.35592,52250.5,-96.1673,-424.146,12.6209,52177.9,-96.1139,424.382,77.3869
0.157674,33419.8,-122.736,0.225377,2.35592,52108.3,-95.6456,-424.147,12.6166,52036.5,-95.5928,424.381,77.3911
0.157684,33419.8,-122.402,0.224151,2.35592,51966.2,-95.1253,-424.148,12.6124,51895.1,-95.0732,424.38,77.3954
0.157694,33419.8,-122.068,0.222929,2.35592,51824,-94.6064,-424.149,12.6082,51753.7,-94.5551,424.379,77.3996
0.157704,33419.8,-121.733,0.22171,2.35593,51681.9,-94.089,-424.15,12.6039,51612.3,-94.0383,424.378,77.4039
0.157714,33419.8,-121.399,0.220495,2.35593,51539.7,-93.5729,-424.151,12.5997,51471,-93.523,424.377,77.4081
0.157724,33419.8,-121.065,0.219282,2.35593,51397.6,-93.0583,-424.152,12.5954,51329.6,-93.009,424.376,77.4123
0.157734,33419.8,-120.731,0.218074,2.35593,51255.4,-92.5451,-424.153,12.5912,51188.2,-92.4965,424.375,77.4166
0.157744,33419.8,-120.397,0.216868,2.35593,51113.3,-92.0333,-424.154,12.5869,51046.8,-91.9854,424.375,77.4208
0.157754,33419.8,-120.063,0.215666,2.35594,50971.1,-91.523,-424.155,12.5827,50905.4,-91.4757,424.374,77.4251
0.157764,33419.8,-119.728,0.214467,2.35594,50829,-91.014,-424.155,12.5785,50764,-90.9674,424.373,77.4293
0.157774,33419.8,-119.394,0.213272,2.35594,50686.9,-90.5065,-424.156,12.5742,50622.6,-90.4606,424.372,77.4335
0.157784,33419.8,-119.06,0.21208,2.35594,50544.8,-90.0004,-424.157,12.57,50481.1,-89.9551,424.371,77.4378
0.157794,33419.8,-118.726,0.210891,2.35594,50402.6,-89.4957,-424.158,12.5657,50339.7,-89.4511,424.37,77.442
0.157804,33419.8,-118.392,0.209705,2.35595,50260.5,-88.9925,-424.159,12.5615,50198.3,-88.9485,424.369,77.4463
0.157814,33419.8,-118.058,0.208523,2.35595,50118.4,-88.4907,-424.16,12.5573,50056.9,-88.4472,424.368,77.4505
0.157824,33419.8,-117.724,0.207345,2.35595,49976.3,-87.9903,-424.161,12.553,49915.5,-87.9474,424.367,77.4548
0.157834,33419.8,-117.389,0.206169,2.35595,49834.2,-87.4913,-424.162,12.5488,49774.1,-87.4491,424.366,77.459
0.157844,33419.8,-117.055,0.204997,2.35596,49692.1,-86.9937,-424.163,12.5445,49632.6,-86.9521,424.366,77.4632
0.157854,33419.8,-116.721,0.203828,2.35596,49549.9,-86.4976,-424.163,12.5403,49491.2,-86.4565,424.365,77.4675
0.157864,33419.8,-116.387,0.202663,2.35596,49407.8,-86.0028,-424.164,12.536,49349.8,-85.9624,424.364,77.4717
0.157874,33419.8,-116.053,0.201501,2.35596,49265.7,-85.5095,-424.165,12.5318,49208.3,-85.4697,424.363,77.476
0.157884,33419.8,-115.719,0.200342,2.35596,49123.6,-85.0177,-424.166,12.5276,49066.9,-84.9784,424.362,77.4802
0.157894,33419.8,-115.384,0.199187,2.35597,48981.5,-84.5272,-424.167,12.5233,48925.4,-84.4885,424.361,77.4845
0.157904,33419.8,-115.05,0.198035,2.35597,48839.4,-84.0382,-424.168,12.5191,48784,-84,424.36,77.4887
0.157914,33419.8,-114.716,0.196886,2.35597,48697.4,-83.5506,-424.168,12.5148,48642.5,-83.5129,424.36,77.4929
0.157924,33419.8,-114.382,0.195741,2.35597,48555.3,-83.0643,-424.169,12.5106,48501.1,-83.0273,424.359,77.4972
0.157934,33419.8,-114.048,0.194599,2.35597,48413.2,-82.5796,-424.17,12.5064,48359.6,-82.543,424.358,77.5014
0.157944,33419.8,-113.714,0.19346,2.35598,48271.1,-82.0962,-424.171,12.5021,48218.2,-82.0602,424.357,77.5057
0.157954,33419.8,-113.38,0.192325,2.35598,48129,-81.6143,-424.172,12.4979,48076.7,-81.5788,424.356,77.5099
0.157964,33419.8,-113.045,0.191193,2.35598,47986.9,-81.1338,-424.173,12.4936,47935.2,-81.0988,424.355,77.5141
0.157974,33419.8,-112.711,0.190064,2.35598,47844.9,-80.6547,-424.173,12.4894,47793.8,-80.6202,424.355,77.5184
0.157984,33419.8,-112.377,0.188939,2.35598,47702.8,-80.177,-424.174,12.4851,47652.3,-80.143,424.354,77.5226
0.157994,33419.8,-112.043,0.187817,2.35598,47560.7,-79.7007,-424.175,12.4809,47510.9,-79.6673,424.353,77.5269
0.158004,33419.8,-111.709,0.186698,2.35599,47418.7,-79.2259,-424.176,12.4767,47369.4,-79.193,424.352,77.5311
0.158014,33419.8,-111.375,0.185583,2.35599,47276.6,-78.7525,-424.177,12.4724,47227.9,-78.72,424.351,77.5354
0.158024,33419.8,-111.04,0.184471,2.35599,47134.5,-78.2805,-424.177,12.4682,47086.4,-78.2485,424.351,77.5396
0.158034,33419.8,-110.706,0.183363,2.35599,46992.5,-77.8099,-424.178,12.4639,46944.9,-77.7784,424.35,77.5438
0.158044,33419.8,-110.372,0.182257,2.35599,46850.4,-77.3408,-424.179,12.4597,46803.5,-77.3097,424.349,77.5481
0.158054,33419.8,-110.038,0.181155,2.356,46708.4,-76.873,-424.18,12.4554,46662,-76.8425,424.348,77.5523
0.158064,33419.8,-109.704,0.180057,2.356,46566.3,-76.4067,-424.181,12.4512,46520.5,-76.3766,424.348,77.5566
0.158074,33419.8,-109.37,0.178962,2.356,46424.3,-75.9418,-424.181,12.447,46379,-75.9122,424.347,77.5608
0.158084,33419.8,-109.036,0.17787,2.356,46282.2,-75.4784,-424.182,12.4427,46237.5,-75.4492,424.346,77.565
0.158094,33419.8,-108.701,0.176781,2.356,46140.2,-75.0163,-424.183,12.4385,46096,-74.9876,424.345,77.5693
0.158104,33419.8,-108.367,0.175696,2.356,45998.1,-74.5557,-424.184,12.4342,45954.5,-74.5274,424.345,77.5735
0.158114,33419.8,-108.033,0.174614,2.35601,45856.1,-74.0965,-424.184,12.43,45813,-74.0686,424.344,77.5778
0.158124,33419.8,-107.699,0.173536,2.35601,45714.1,-73.6387,-424.185,12.4258,45671.5,-73.6112,424.343,77.582
0.158134,33419.8,-107.365,0.17246,2.35601,45572,-73.1823,-424.186,12.4215,45530,-73.1553,424.342,77.5863
0.158144,33419.8,-107.031,0.171389,2.35601,45430,-72.7273,-424.186,12.4173,45388.5,-72.7008,424.342,77.5905
0.158154,33419.8,-106.696,0.17032,2.35601,45288,-72.2738,-424.187,12.413,45247,-72.2476,424.341,77.5947
0.158164,33419.8,-106.362,0.169255,2.35601,45146,-71.8217,-424.188,12.4088,45105.5,-71.7959,424.34,77.599
0.158174,33419.8,-106.028,0.168193,2.35602,45003.9,-71.371,-424.189,12.4045,44963.9,-71.3456,424.34,77.6032
0.158184,33419.8,-105.694,0.167135,2.35602,44861.9,-70.9218,-424.189,12.4003,44822.4,-70.8968,424.339,77.6075
0.158194,33419.8,-105.36,0.16608,2.35602,44719.9,-70.4739,-424.19,12.3961,44680.9,-70.4493,424.338,77.6117
0.158204,33419.8,-105.026,0.165028,2.35602,44577.9,-70.0275,-424.191,12.3918,44539.4,-70.0033,424.337,77.616
0.158214,33419.8,-104.692,0.163979,2.35602,44435.9,-69.5825,-424.191,12.3876,44397.8,-69.5586,424.337,77.6202
0.158224,33419.8,-104.357,0.162934,2.35602,44293.9,-69.1389,-424.192,12.3833,44256.3,-69.1154,424.336,77.6244
0.158234,33419.8,-104.023,0.161892,2.35603,44151.8,-68.6967,-424.193,12.3791,44114.8,-68.6736,424.335,77.6287
0.158244,33419.8,-103.689,0.160854,2.35603,44009.8,-68.256,-424.193,12.3749,43973.2,-68.2332,424.335,77.6329
0.158254,33419.8,-103.355,0.159819,2.35603,43867.8,-67.8166,-424.194,12.3706,43831.7,-67.7943,424.334,77.6372
0.158264,33419.8,-103.021,0.158787,2.35603,43725.8,-67.3787,-424.195,12.3664,43690.2,-67.3567,424.333,77.6414
0.158274,33419.8,-102.687,0.157759,2.35603,43583.8,-66.9422,-424.195,12.3621,43548.6,-66.9206,424.333,77.6456
0.158284,33419.8,-102.352,0.156734,2.35603,43441.8,-66.5071,-424.196,12.3579,43407.1,-66.4859,424.332,77.6499
0.158294,33419.8,-102.018,0.155712,2.35604,43299.8,-66.0735,-424.197,12.3536,43265.6,-66.0526,424.331,77.6541
0.158304,33419.8,-101.684,0.154694,2.35604,43157.9,-65.6413,-424.198,12.3494,43124,-65.6207,424.331,77.6584
0.158314,33419.8,-101.35,0.153679,2.35604,43015.9,-65.2104,-424.198,12.3452,42982.5,-65.1902,424.33,77.6626
0.158324,33419.8,-101.016,0.152667,2.35604,42873.9,-64.7811,-424.199,12.3409,42840.9,-64.7611,424.329,77.6669
0.158334,33419.8,-100.682,0.151659,2.35604,42731.9,-64.3531,-424.2,12.3367,42699.4,-64.3335,424.329,77.6711
0.158344,33419.8,-100.348,0.150654,2.35604,42589.9,-63.9265,-424.2,12.3324,42557.8,-63.9073,424.328,77.6753
0.158354,33419.8,-100.013,0.149652,2.35605,42447.9,-63.5014,-424.201,12.3282,42416.3,-63.4825,424.327,77.6796
0.158364,33419.8,-99.6792,0.148654,2.35605,42305.9,-63.0777,-424.201,12.3239,42274.7,-63.0591,424.327,77.6838
0.158374,33419.8,-99.3451,0.147659,2.35605,42164,-62.6554,-424.202,12.3197,42133.1,-62.6371,424.326,77.6881
0.158384,33419.8,-99.0109,0.146667,2.35605,42022,-62.2345,-424.203,12.3155,41991.6,-62.2165,424.325,77.6923
0.158394,33419.8,-98.6768,0.145679,2.35605,41880,-61.8151,-424.203,12.3112,41850,-61.7974,424.325,77.6965
0.158404,33419.8,-98.3426,0.144694,2.35605,41738,-61.397,-424.204,12.307,41708.4,-61.3796,424.324,77.7008
0.158414,33419.8,-98.0085,0.143712,2.35605,41596.1,-60.9804,-424.204,12.3027,41566.9,-60.9633,424.324,77.705
0.158424,33419.8,-97.6743,0.142734,2.35606,41454.1,-60.5652,-424.205,12.2985,41425.3,-60.5484,424.323,77.7093
0.158434,33419.8,-97.3402,0.141759,2.35606,41312.1,-60.1514,-424.206,12.2943,41283.7,-60.1349,424.322,77.7135
0.158444,33419.8,-97.006,0.140787,2.35606,41170.2,-59.7391,-424.206,12.29,41142.1,-59.7228,424.322,77.7178
0.158454,33419.8,-96.6719,0.139819,2.35606,41028.2,-59.3281,-424.207,12.2858,41000.6,-59.3122,424.321,77.722
0.158464,33419.8,-96.3377,0.138854,2.35606,40886.3,-58.9186,-424.208,12.2815,40859,-58.9029,424.321,77.7262
0.158474,33419.8,-96.0035,0.137892,2.35606,40744.3,-58.5105,-424.208,12.2773,40717.4,-58.4951,424.32,77.7305
0.158484,33419.8,-95.6694,0.136934,2.35606,40602.3,-58.1039,-424.209,12.273,40575.8,-58.0887,424.319,77.7347
0.158494,33419.8,-95.3352,0.135979,2.35607,40460.4,-57.6986,-424.209,12.2688,40434.2,-57.6837,424.319,77.739
0.158504,33419.8,-95.0011,0.135028,2.35607,40318.4,-57.2947,-424.21,12.2646,40292.7,-57.2801,424.318,77.7432
0.158514,33419.8,-94.6669,0.13408,2.35607,40176.5,-56.8923,-424.21,12.2603,40151.1,-56.8779,424.318,77.7475
0.158524,33419.8,-94.3328,0.133135,2.35607,40034.5,-56.4913,-424.211,12.2561,40009.5,-56.4772,424.317,77.7517
0.158534,33419.8,-93.9986,0.132193,2.35607,39892.6,-56.0918,-424.211,12.2518,39867.9,-56.0778,424.317,77.7559
0.158544,33419.8,-93.6645,0.131255,2.35607,39750.6,-55.6936,-424.212,12.2476,39726.3,-55.6799,424.316,77.7602
0.158554,33419.8,-93.3303,0.13032,2.35607,39608.7,-55.2968,-424.213,12.2434,39584.7,-55.2834,424.315,77.7644
0.158564,33419.8,-92.9962,0.129389,2.35607,39466.8,-54.9015,-424.213,12.2391,39443.1,-54.8883,424.315,77.7687
0.158574,33419.8,-92.662,0.12846,2.35608,39324.8,-54.5076,-424.214,12.2349,39301.5,-54.4947,424.314,77.7729
0.158584,33419.8,-92.3279,0.127536,2.35608,39182.9,-54.1151,-424.214,12.2306,39159.9,-54.1024,424.314,77.7771
0.158594,33419.8,-91.9937,0.126614,2.35608,39040.9,-53.724,-424.215,12.2264,39018.3,-53.7116,424.313,77.7814
0.158604,33419.8,-91.6595,0.125696,2.35608,38899,-53.3344,-424.215,12.2221,38876.7,-53.3222,424.313,77.7856
0.158614,33419.8,-91.3254,0.124781,2.35608,38757.1,-52.9462,-424.216,12.2179,38735.1,-52.9342,424.312,77.7899
0.158624,33419.8,-90.9912,0.12387,2.35608,38615.2,-52.5594,-424.216,12.2137,38593.5,-52.5476,424.312,77.7941
0.158634,33419.8,-90.6571,0.122962,2.35608,38473.2,-52.174,-424.217,12.2094,38451.9,-52.1624,424.311,77.7984
0.158644,33419.8,-90.3229,0.122057,2.35608,38331.3,-51.79,-424.217,12.2052,38310.2,-51.7786,424.311,77.8026
0.158654,33419.8,-89.9888,0.121155,2.35609,38189.4,-51.4075,-424.218,12.2009,38168.6,-51.3963,424.31,77.8068
0.158664,33419.8,-89.6546,0.120257,2.35609,38047.5,-51.0263,-424.218,12.1967,38027,-51.0153,424.31,77.8111
0.158674,33419.8,-89.3205,0.119362,2.35609,37905.5,-50.6466,-424.219,12.1924,37885.4,-50.6358,424.309,77.8153
0.158684,33419.8,-88.9863,0.118471,2.35609,37763.6,-50.2683,-424.219,12.1882,37743.8,-50.2577,424.309,77.8196
0.158694,33419.8,-88.6522,0.117583,2.35609,37621.7,-49.8914,-424.22,12.184,37602.1,-49.8811,424.308,77.8238
0.158704,33419.8,-88.318,0.116698,2.35609,37479.8,-49.516,-424.22,12.1797,37460.5,-49.5058,424.308,77.828
0.158714,33419.8,-87.9838,0.115817,2.35609,37337.9,-49.1419,-424.221,12.1755,37318.9,-49.132,424.307,77.8323
0.158724,33419.8,-87.6497,0.114939,2.35609,37196,-48.7693,-424.221,12.1712,37177.3,-48.7595,424.307,77.8365
0.158734,33419.8,-87.3155,0.114064,2.3561,37054,-48.3981,-424.222,12.167,37035.7,-48.3885,424.306,77.8408
0.158744,33419.8,-86.9814,0.113193,2.3561,36912.1,-48.0283,-424.222,12.1628,36894,-48.0189,424.306,77.845
0.158754,33419.8,-86.6472,0.112325,2.3561,36770.2,-47.66,-424.223,12.1585,36752.4,-47.6507,424.305,77.8493
0.158764,33419.8,-86.3131,0.11146,2.3561,36628.3,-47.293,-424.223,12.1543,36610.8,-47.284,424.305,77.8535
0.158774,33419.8,-85.9789,0.110599,2.3561,36486.4,-46.9275,-424.224,12.15,36469.1,-46.9186,424.304,77.8577
0.158784,33419.8,-85.6448,0.109741,2.3561,36344.5,-46.5634,-424.224,12.1458,36327.5,-46.5547,424.304,77.862
0.158794,33419.8,-85.3106,0.108886,2.3561,36202.6,-46.2007,-424.225,12.1415,36185.8,-46.1922,424.303,77.8662
0.158804,33419.8,-84.9765,0.108035,2.3561,36060.7,-45.8394,-424.225,12.1373,36044.2,-45.831,424.303,77.8705
0.158814,33419.8,-84.6423,0.107187,2.3561,35918.8,-45.4796,-424.226,12.1331,35902.6,-45.4714,424.302,77.8747
0.158824,33419.8,-84.3082,0.106342,2.35611,35776.9,-45.1212,-424.226,12.1288,35760.9,-45.1131,424.302,77.879
0.158834,33419.8,-83.974,0.105501,2.35611,35635,-44.7641,-424.227,12.1246,35619.3,-44.7562,424.302,77.8832
0.158844,33419.8,-83.6398,0.104663,2.35611,35493.1,-44.4085,-424.227,12.1203,35477.6,-44.4008,424.301,77.8874
0.158854,33419.8,-83.3057,0.103828,2.35611,35351.2,-44.0544,-424.227,12.1161,35336,-44.0468,424.301,77.8917
0.158864,33419.8,-82.9715,0.102997,2.35611,35209.3,-43.7016,-424.228,12.1119,35194.3,-43.6942,424.3,77.8959
0.158874,33419.8,-82.6374,0.102169,2.35611,35067.5,-43.3503,-424.228,12.1076,35052.7,-43.343,424.3,77.9002
0.158884,33419.8,-82.3032,0.101344,2.35611,34925.6,-43.0004,-424.229,12.1034,34911,-42.9932,424.299,77.9044
0.158894,33419.8,-81.9691,0.100523,2.35611,34783.7,-42.6519,-424.229,12.0991,34769.4,-42.6449,424.299,77.9086
0.158904,33419.8,-81.6349,0.0997052,2.35611,34641.8,-42.3048,-424.23,12.0949,34627.7,-42.2979,424.298,77.9129
0.158914,33419.8,-81.3008,0.0988907,2.35611,34499.9,-41.9591,-424.23,12.0906,34486.1,-41.9524,424.298,77.9171
0.158924,33419.8,-80.9666,0.0980794,2.35612,34358,-41.6149,-424.23,12.0864,34344.4,-41.6083,424.298,77.9214
0.158934,33419.8,-80.6325,0.0972715,2.35612,34216.1,-41.272,-424.231,12.0822,34202.8,-41.2656,424.297,77.9256
0.158944,33419.8,-80.2983,0.096467,2.35612,34074.3,-40.9306,-424.231,12.0779,34061.1,-40.9243,424.297,77.9299
0.158954,33419.8,-79.9641,0.0956658,2.35612,33932.4,-40.5906,-424.232,12.0737,33919.4,-40.5845,424.296,77.9341
0.158964,33419.8,-79.63,0.0948679,2.35612,33790.5,-40.2521,-424.232,12.0694,33777.8,-40.246,424.296,77.9383
0.158974,33419.8,-79.2958,0.0940734,2.35612,33648.6,-39.9149,-424.233,12.0652,33636.1,-39.909,424.296,77.9426
0.158984,33419.8,-78.9617,0.0932822,2.35612,33506.8,-39.5792,-424.233,12.0609,33494.5,-39.5734,424.295,77.9468
0.158994,33419.8,-78.6275,0.0924944,2.35612,33364.9,-39.2449,-424.233,12.0567,33352.8,-39.2392,424.295,77.9511
0.159004,33419.8,-78.2934,0.0917099,2.35612,33223,-38.912,-424.234,12.0525,33211.1,-38.9064,424.294,77.9553
0.159014,33419.8,-77.9592,0.0909287,2.35612,33081.1,-38.5805,-424.234,12.0482,33069.5,-38.5751,424.294,77.9595
0.159024,33419.8,-77.6251,0.0901509,2.35612,32939.3,-38.2504,-424.235,12.044,32927.8,-38.2451,424.294,77.9638
0.159034,33419.8,-77.2909,0.0893764,2.35613,32797.4,-37.9218,-424.235,12.0397,32786.1,-37.9166,424.293,77.968
0.159044,33419.8,-76.9568,0.0886053,2.35613,32655.5,-37.5946,-424.235,12.0355,32644.4,-37.5895,424.293,77.9723
0.159054,33419.8,-76.6226,0.0878375,2.35613,32513.7,-37.2688,-424.236,12.0313,32502.8,-37.2638,424.292,77.9765
0.159064,33419.8,-76.2885,0.087073,2.35613,32371.8,-36.9444,-424.236,12.027,32361.1,-36.9395,424.292,77.9808
0.159074,33419.8,-75.9543,0.0863119,2.35613,32229.9,-36.6214,-424.236,12.0228,32219.4,-36.6167,424.292,77.985
0.159084,33419.8,-75.6201,0.0855541,2.35613,32088.1,-36.2999,-424.237,12.0185,32077.7,-36.2952,424.291,77.9892
0.159094,33419.8,-75.286,0.0847997,2.35613,31946.2,-35.9798,-424.237,12.0143,31936.1,-35.9752,424.291,77.9935
0.159104,33419.8,-74.9518,0.0840486,2.35613,31804.4,-35.661,-424.237,12.01,31794.4,-35.6566,424.291,77.9977
0.159114,33419.8,-74.6177,0.0833009,2.35613,31662.5,-35.3438,-424.238,12.0058,31652.7,-35.3394,424.29,78.002
0.159124,33419.8,-74.2835,0.0825565,2.35613,31520.6,-35.0279,-424.238,12.0016,31511,-35.0236,424.29,78.0062
0.159134,33419.8,-73.9494,0.0818154,2.35613,31378.8,-34.7134,-424.238,11.9973,31369.3,-34.7092,424.29,78.0105
0.159144,33419.8,-73.6152,0.0810777,2.35613,31236.9,-34.4004,-424.239,11.9931,31227.6,-34.3963,424.289,78.0147
0.159154,33419.8,-73.2811,0.0803433,2.35614,31095.1,-34.0888,-424.239,11.9888,31086,-34.0848,424.289,78.0189
0.159164,33419.8,-72.9469,0.0796122,2.35614,30953.2,-33.7786,-424.24,11.9846,30944.3,-33.7747,424.289,78.0232
0.159174,33419.8,-72.6128,0.0788845,2.35614,30811.4,-33.4698,-424.24,11.9804,30802.6,-33.466,424.288,78.0274
0.159184,33419.8,-72.2786,0.0781602,2.35614,30669.5,-33.1624,-424.24,11.9761,30660.9,-33.1587,424.288,78.0317
0.159194,33419.8,-71.9445,0.0774392,2.35614,30527.7,-32.8565,-424.24,11.9719,30519.2,-32.8528,424.288,78.0359
0.159204,33419.8,-71.6103,0.0767215,2.35614,30385.8,-32.552,-424.241,11.9676,30377.5,-32.5484,424.287,78.0401
0.159214,33419.8,-71.2761,0.0760071,2.35614,30244,-32.2488,-424.241,11.9634,30235.8,-32.2454,424.287,78.0444
0.159224,33419.8,-70.942,0.0752961,2.35614,30102.1,-31.9471,-424.242,11.9591,30094.1,-31.9437,424.287,78.0486
0.159234,33419.8,-70.6078,0.0745885,2.35614,29960.3,-31.6469,-424.242,11.9549,29952.4,-31.6436,424.286,78.0529
0.159244,33419.8,-70.2737,0.0738842,2.35614,29818.5,-31.348,-424.242,11.9507,29810.7,-31.3448,424.286,78.0571
0.159254,33419.8,-69.9395,0.0731832,2.35614,29676.6,-31.0506,-424.242,11.9464,29669,-31.0474,424.286,78.0614
0.159264,33419.8,-69.6054,0.0724856,2.35614,29534.8,-30.7546,-424.243,11.9422,29527.3,-30.7515,424.285,78.0656
0.159274,33419.8,-69.2712,0.0717913,2.35614,29392.9,-30.46,-424.243,11.9379,29385.6,-30.4569,424.285,78.0698
0.159284,33419.8,-68.9371,0.0711003,2.35615,29251.1,-30.1668,-424.243,11.9337,29243.9,-30.1638,424.285,78.0741
0.159294,33419.8,-68.6029,0.0704127,2.35615,29109.3,-29.875,-424.244,11.9294,29102.2,-29.8721,424.284,78.0783
0.159304,33419.8,-68.2688,0.0697284,2.35615,28967.4,-29.5847,-424.244,11.9252,28960.5,-29.5819,424.284,78.0826
0.159314,33419.8,-67.9346,0.0690475,2.35615,28825.6,-29.2958,-424.244,11.921,28818.8,-29.293,424.284,78.0868
0.159324,33419.8,-67.6005,0.0683699,2.35615,28683.7,-29.0082,-424.245,11.9167,28677.1,-29.0056,424.284,78.091
0.159334,33419.8,-67.2663,0.0676957,2.35615,28541.9,-28.7221,-424.245,11.9125,28535.4,-28.7195,424.283,78.0953
0.159344,33419.8,-66.9321,0.0670248,2.35615,28400.1,-28.4375,-424.245,11.9082,28393.7,-28.4349,424.283,78.0995
0.159354,33419.8,-66.598,0.0663572,2.35615,28258.2,-28.1542,-424.245,11.904,28252,-28.1517,424.283,78.1038
0.159364,33419.8,-66.2638,0.065693,2.35615,28116.4,-27.8724,-424.246,11.8997,28110.3,-27.87,424.282,78.108
0.159374,33419.8,-65.9297,0.0650321,2.35615,27974.6,-27.592,-424.246,11.8955,27968.6,-27.5896,424.282,78.1123
0.159384,33419.8,-65.5955,0.0643746,2.35615,27832.8,-27.313,-424.246,11.8913,27826.9,-27.3107,424.282,78.1165
0.159394,33419.8,-65.2614,0.0637204,2.35615,27690.9,-27.0354,-424.246,11.887,27685.2,-27.0331,424.282,78.1207
0.159404,33419.8,-64.9272,0.0630695,2.35615,27549.1,-26.7592,-424.247,11.8828,27543.5,-26.757,424.281,78.125
0.159414,33419.8,-64.5931,0.062422,2.35615,27407.3,-26.4845,-424.247,11.8785,27401.8,-26.4824,424.281,78.1292
0.159424,33419.8,-64.2589,0.0617778,2.35615,27265.4,-26.2112,-424.247,11.8743,27260,-26.2091,424.281,78.1335
0.159434,33419.8,-63.9248,0.061137,2.35616,27123.6,-25.9392,-424.248,11.87,27118.3,-25.9372,424.281,78.1377
0.159444,33419.8,-63.5906,0.0604995,2.35616,26981.8,-25.6688,-424.248,11.8658,26976.6,-25.6668,424.28,78.142
0.159454,33419.8,-63.2565,0.0598654,2.35616,26840,-25.3997,-424.248,11.8616,26834.9,-25.3978,424.28,78.1462
0.159464,33419.8,-62.9223,0.0592346,2.35616,26698.2,-25.132,-424.248,11.8573,26693.2,-25.1302,424.28,78.1504
0.159474,33419.8,-62.5881,0.0586071,2.35616,26556.3,-24.8658,-424.249,11.8531,26551.5,-24.864,424.28,78.1547
0.159484,33419.8,-62.254,0.057983,2.35616,26414.5,-24.601,-424.249,11.8488,26409.8,-24.5992,424.279,78.1589
0.159494,33419.8,-61.9198,0.0573622,2.35616,26272.7,-24.3376,-424.249,11.8446,26268,-24.3358,424.279,78.1632
0.159504,33419.8,-61.5857,0.0567447,2.35616,26130.9,-24.0756,-424.249,11.8403,26126.3,-24.0739,424.279,78.1674
0.159514,33419.8,-61.2515,0.0561306,2.35616,25989.1,-23.815,-424.25,11.8361,25984.6,-23.8134,424.279,78.1716
0.159524,33419.8,-60.9174,0.0555198,2.35616,25847.2,-23.5559,-424.25,11.8319,25842.9,-23.5543,424.278,78.1759
0.159534,33419.8,-60.5832,0.0549124,2.35616,25705.4,-23.2981,-424.25,11.8276,25701.2,-23.2966,424.278,78.1801
0.159544,33419.8,-60.2491,0.0543083,2.35616,25563.6,-23.0418,-424.25,11.8234,25559.4,-23.0403,424.278,78.1844
0.159554,33419.8,-59.9149,0.0537076,2.35616,25421.8,-22.7869,-424.251,11.8191,25417.7,-22.7855,424.278,78.1886
0.159564,33419.8,-59.5808,0.0531102,2.35616,25280,-22.5335,-424.251,11.8149,25276,-22.532,424.277,78.1929
0.159574,33419.8,-59.2466,0.0525161,2.35616,25138.2,-22.2814,-424.251,11.8106,25134.3,-22.28,424.277,78.1971
0.159584,33419.8,-58.9124,0.0519254,2.35616,24996.3,-22.0308,-424.251,11.8064,24992.5,-22.0294,424.277,78.2013
0.159594,33419.8,-58.5783,0.0513381,2.35616,24854.5,-21.7815,-424.251,11.8022,24850.8,-21.7802,424.277,78.2056
0.159604,33419.8,-58.2441,0.050754,2.35616,24712.7,-21.5337,-424.252,11.7979,24709.1,-21.5325,424.277,78.2098
0.159614,33419.8,-57.91,0.0501733,2.35617,24570.9,-21.2874,-424.252,11.7937,24567.3,-21.2861,424.276,78.2141
0.159624,33419.8,-57.5758,0.049596,2.35617,24429.1,-21.0424,-424.252,11.7894,24425.6,-21.0412,424.276,78.2183
0.159634,33419.8,-57.2417,0.049022,2.35617,24287.3,-20.7988,-424.252,11.7852,24283.9,-20.7977,424.276,78.2225
0.159644,33419.8,-56.9075,0.0484513,2.35617,24145.5,-20.5567,-424.252,11.7809,24142.2,-20.5556,424.276,78.2268
0.159654,33419.8,-56.5734,0.047884,2.35617,24003.7,-20.316,-424.253,11.7767,24000.4,-20.3149,424.276,78.231
0.159664,33419.8,-56.2392,0.04732,2.35617,23861.9,-20.0767,-424.253,11.7725,23858.7,-20.0756,424.275,78.2353
0.159674,33419.8,-55.9051,0.0467593,2.35617,23720.1,-19.8388,-424.253,11.7682,23717,-19.8378,424.275,78.2395
0.159684,33419.8,-55.5709,0.046202,2.35617,23578.2,-19.6024,-424.253,11.764,23575.2,-19.6014,424.275,78.2438
0.159694,33419.8,-55.2368,0.0456481,2.35617,23436.4,-19.3673,-424.253,11.7597,23433.5,-19.3663,424.275,78.248
0.159704,33419.8,-54.9026,0.0450974,2.35617,23294.6,-19.1337,-424.254,11.7555,23291.8,-19.1327,424.274,78.2522
0.159714,33419.8,-54.5684,0.0445501,2.35617,23152.8,-18.9015,-424.254,11.7512,23150,-18.9006,424.274,78.2565
0.159724,33419.8,-54.2343,0.0440062,2.35617,23011,-18.6707,-424.254,11.747,23008.3,-18.6698,424.274,78.2607
0.159734,33419.8,-53.9001,0.0434656,2.35617,22869.2,-18.4413,-424.254,11.7428,22866.6,-18.4405,424.274,78.265
0.159744,33419.8,-53.566,0.0429283,2.35617,22727.4,-18.2134,-424.254,11.7385,22724.8,-18.2125,424.274,78.2692
0.159754,33419.8,-53.2318,0.0423944,2.35617,22585.6,-17.9868,-424.255,11.7343,22583.1,-17.986,424.274,78.2735
0.159764,33419.8,-52.8977,0.0418638,2.35617,22443.8,-17.7617,-424.255,11.73,22441.3,-17.7609,424.273,78.2777
0.159774,33419.8,-52.5635,0.0413366,2.35617,22302,-17.538,-424.255,11.7258,22299.6,-17.5373,424.273,78.2819
0.159784,33419.8,-52.2294,0.0408127,2.35617,22160.2,-17.3157,-424.255,11.7215,22157.9,-17.315,424.273,78.2862
0.159794,33419.8,-51.8952,0.0402922,2.35617,22018.4,-17.0949,-424.255,11.7173,22016.1,-17.0942,424.273,78.2904
0.159804,33419.8,-51.5611,0.039775,2.35617,21876.6,-16.8754,-424.255,11.7131,21874.4,-16.8747,424.273,78.2947
0.159814,33419.8,-51.2269,0.0392611,2.35617,21734.8,-16.6574,-424.256,11.7088,21732.6,-16.6567,424.273,78.2989
0.159824,33419.8,-50.8928,0.0387505,2.35617,21593,-16.4408,-424.256,11.7046,21590.9,-16.4401,424.272,78.3031
0.159834,33419.8,-50.5586,0.0382434,2.35618,21451.2,-16.2256,-424.256,11.7003,21449.2,-16.225,424.272,78.3074
0.159844,33419.8,-50.2244,0.0377395,2.35618,21309.4,-16.0118,-424.256,11.6961,21307.4,-16.0112,424.272,78.3116
0.159854,33419.8,-49.8903,0.037239,2.35618,21167.6,-15.7995,-424.256,11.6918,21165.7,-15.7989,424.272,78.3159
0.159864,33419.8,-49.5561,0.0367418,2.35618,21025.8,-15.5885,-424.256,11.6876,21023.9,-15.588,424.272,78.3201
0.159874,33419.8,-49.222,0.036248,2.35618,20884,-15.379,-424.257,11.6834,20882.2,-15.3785,424.272,78.3244
0.159884,33419.8,-48.8878,0.0357575,2.35618,20742.3,-15.1709,-424.257,11.6791,20740.4,-15.1704,424.271,78.3286
0.159894,33419.8,-48.5537,0.0352704,2.35618,20600.5,-14.9642,-424.257,11.6749,20598.7,-14.9637,424.271,78.3328
0.159904,33419.8,-48.2195,0.0347866,2.35618,20458.7,-14.7589,-424.257,11.6706,20457,-14.7584,424.271,78.3371
0.159914,33419.8,-47.8854,0.0343061,2.35618,20316.9,-14.5551,-424.257,11.6664,20315.2,-14.5546,424.271,78.3413
0.159924,33419.8,-47.5512,0.033829,2.35618,20175.1,-14.3527,-424.257,11.6621,20173.5,-14.3522,424.271,78.3456
0.159934,33419.8,-47.2171,0.0333552,2.35618,20033.3,-14.1516,-424.257,11.6579,20031.7,-14.1512,424.271,78.3498
0.159944,33419.8,-46.8829,0.0328848,2.35618,19891.5,-13.952,-424.258,11.6537,19890,-13.9516,424.271,78.354
0.159954,33419.8,-46.5488,0.0324177,2.35618,19749.7,-13.7539,-424.258,11.6494,19748.2,-13.7535,424.27,78.3583
0.159964,33419.8,-46.2146,0.0319539,2.35618,19607.9,-13.5571,-424.258,11.6452,19606.5,-13.5567,424.27,78.3625
0.159974,33419.8,-45.8804,0.0314935,2.35618,19466.1,-13.3618,-424.258,11.6409,19464.7,-13.3614,424.27,78.3668
0.159984,33419.8,-45.5463,0.0310364,2.35618,19324.3,-13.1678,-424.258,11.6367,19323,-13.1675,424.27,78.371
0.159994,33419.8,-45.2121,0.0305827,2.35618,19182.5,-12.9753,-424.258,11.6324,19181.2,-12.975,424.27,78.3753
0.160004,33419.8,-44.878,0.0301323,2.35618,19040.8,-12.7842,-424.258,11.6282,19039.5,-12.7839,424.27,78.3795
0.160014,33419.8,-44.5438,0.0296853,2.35618,18899,-12.5946,-424.259,11.624,18897.7,-12.5942,424.27,78.3837
0.160024,33419.8,-44.2097,0.0292416,2.35618,18757.2,-12.4063,-424.259,11.6197,18756,-12.406,424.27,78.388
0.160034,33419.8,-43.8755,0.0288012,2.35618,18615.4,-12.2195,-424.259,11.6155,18614.2,-12.2192,424.269,78.3922
0.160044,33419.8,-43.5414,0.0283642,2.35618,18473.6,-12.034,-424.259,11.6112,18472.5,-12.0337,424.269,78.3965
0.160054,33419.8,-43.2072,0.0279305,2.35618,18331.8,-11.85,-424.259,11.607,18330.7,-11.8498,424.269,78.4007
0.160064,33419.8,-42.8731,0.0275001,2.35618,18190,-11.6675,-424.259,11.6027,18189,-11.6672,424.269,78.405
0.160074,33419.8,-42.5389,0.0270731,2.35618,18048.2,-11.4863,-424.259,11.5985,18047.2,-11.486,424.269,78.4092
0.160084,33419.8,-42.2048,0.0266495,2.35618,17906.5,-11.3065,-424.259,11.5943,17905.5,-11.3063,424.269,78.4134
0.160094,33419.8,-41.8706,0.0262291,2.35618,17764.7,-11.1282,-424.259,11.59,17763.7,-11.128,424.269,78.4177
0.160104,33419.8,-41.5364,0.0258122,2.35618,17622.9,-10.9513,-424.26,11.5858,17622,-10.9511,424.269,78.4219
0.160114,33419.8,-41.2023,0.0253985,2.35618,17481.1,-10.7758,-424.26,11.5815,17480.2,-10.7756,424.269,78.4262
0.160124,33419.8,-40.8681,0.0249882,2.35618,17339.3,-10.6017,-424.26,11.5773,17338.4,-10.6015,424.268,78.4304
0.160134,33419.8,-40.534,0.0245813,2.35618,17197.5,-10.4291,-424.26,11.573,17196.7,-10.4288,424.268,78.4346
0.160144,33419.8,-40.1998,0.0241777,2.35618,17055.8,-10.2578,-424.26,11.5688,17054.9,-10.2576,424.268,78.4389
0.160154,33419.8,-39.8657,0.0237774,2.35618,16914,-10.088,-424.26,11.5646,16913.2,-10.0878,424.268,78.4431
0.160164,33419.8,-39.5315,0.0233805,2.35619,16772.2,-9.91957,-424.26,11.5603,16771.4,-9.9194,424.268,78.4474
0.160174,33419.8,-39.1974,0.0229869,2.35619,16630.4,-9.75259,-424.26,11.5561,16629.7,-9.75241,424.268,78.4516
0.160184,33419.8,-38.8632,0.0225966,2.35619,16488.6,-9.58701,-424.26,11.5518,16487.9,-9.58685,424.268,78.4559
0.160194,33419.8,-38.5291,0.0222097,2.35619,16346.8,-9.42286,-424.26,11.5476,16346.1,-9.4227,424.268,78.4601
0.160204,33419.8,-38.1949,0.0218261,2.35619,16205.1,-9.26012,-424.261,11.5433,16204.4,-9.25996,424.268,78.4643
0.160214,33419.8,-37.8607,0.0214459,2.35619,16063.3,-9.0988,-424.261,11.5391,16062.6,-9.09865,424.267,78.4686
0.160224,33419.8,-37.5266,0.021069,2.35619,15921.5,-8.9389,-424.261,11.5349,15920.9,-8.93876,424.267,78.4728
0.160234,33419.8,-37.1924,0.0206955,2.35619,15779.7,-8.78041,-424.261,11.5306,15779.1,-8.78028,424.267,78.4771
0.160244,33419.8,-36.8583,0.0203253,2.35619,15637.9,-8.62334,-424.261,11.5264,15637.4,-8.62321,424.267,78.4813
0.160254,33419.8,-36.5241,0.0199584,2.35619,15496.2,-8.46769,-424.261,11.5221,15495.6,-8.46757,424.267,78.4855
0.160264,33419.8,-36.19,0.0195949,2.35619,15354.4,-8.31346,-424.261,11.5179,15353.8,-8.31334,424.267,78.4898
0.160274,33419.8,-35.8558,0.0192347,2.35619,15212.6,-8.16064,-424.261,11.5136,15212.1,-8.16054,424.267,78.494
0.160284,33419.8,-35.5217,0.0188779,2.35619,15070.8,-8.00925,-424.261,11.5094,15070.3,-8.00914,424.267,78.4983
0.160294,33419.8,-35.1875,0.0185244,2.35619,14929,-7.85927,-424.261,11.5052,14928.6,-7.85917,424.267,78.5025
0.160304,33419.8,-34.8534,0.0181742,2.35619,14787.3,-7.71071,-424.261,11.5009,14786.8,-7.71061,424.267,78.5068
0.160314,33419.8,-34.5192,0.0178274,2.35619,14645.5,-7.56356,-424.261,11.4967,14645,-7.56347,424.267,78.511
0.160324,33419.8,-34.1851,0.0174839,2.35619,14503.7,-7.41784,-424.262,11.4924,14503.3,-7.41775,424.267,78.5152
0.160334,33419.8,-33.8509,0.0171438,2.35619,14361.9,-7.27353,-424.262,11.4882,14361.5,-7.27344,424.266,78.5195
0.160344,33419.8,-33.5167,0.016807,2.35619,14220.1,-7.13063,-424.262,11.4839,14219.8,-7.13056,424.266,78.5237
0.160354,33419.8,-33.1826,0.0164735,2.35619,14078.4,-6.98916,-424.262,11.4797,14078,-6.98909,424.266,78.528
0.160364,33419.8,-32.8484,0.0161434,2.35619,13936.6,-6.8491,-424.262,11.4755,13936.2,-6.84903,424.266,78.5322
0.160374,33419.8,-32.5143,0.0158166,2.35619,13794.8,-6.71047,-424.262,11.4712,13794.5,-6.7104,424.266,78.5365
0.160384,33419.8,-32.1801,0.0154932,2.35619,13653,-6.57324,-424.262,11.467,13652.7,-6.57318,424.266,78.5407
0.160394,33419.8,-31.846,0.0151731,2.35619,13511.3,-6.43744,-424.262,11.4627,13510.9,-6.43738,424.266,78.5449
0.160404,33419.8,-31.5118,0.0148564,2.35619,13369.5,-6.30306,-424.262,11.4585,13369.2,-6.303,424.266,78.5492
0.160414,33419.8,-31.1777,0.014543,2.35619,13227.7,-6.17009,-424.262,11.4542,13227.4,-6.17003,424.266,78.5534
0.160424,33419.8,-30.8435,0.0142329,2.35619,13085.9,-6.03854,-424.262,11.45,13085.7,-6.03848,424.266,78.5577
0.160434,33419.8,-30.5094,0.0139262,2.35619,12944.2,-5.9084,-424.262,11.4458,12943.9,-5.90835,424.266,78.5619
0.160444,33419.8,-30.1752,0.0136228,2.35619,12802.4,-5.77969,-424.262,11.4415,12802.1,-5.77964,424.266,78.5661
0.160454,33419.8,-29.841,0.0133228,2.35619,12660.6,-5.65239,-424.262,11.4373,12660.4,-5.65235,424.266,78.5704
0.160464,33419.8,-29.5069,0.0130261,2.35619,12518.8,-5.52651,-424.262,11.433,12518.6,-5.52647,424.266,78.5746
0.160474,33419.8,-29.1727,0.0127327,2.35619,12377.1,-5.40205,-424.263,11.4288,12376.8,-5.40201,424.266,78.5789
0.160484,33419.8,-28.8386,0.0124427,2.35619,12235.3,-5.279,-424.263,11.4245,12235.1,-5.27896,424.266,78.5831
0.160494,33419.8,-28.5044,0.012156,2.35619,12093.5,-5.15737,-424.263,11.4203,12093.3,-5.15734,424.266,78.5874
0.160504,33419.8,-28.1703,0.0118727,2.35619,11951.7,-5.03716,-424.263,11.4161,11951.5,-5.03713,424.266,78.5916
0.160514,33419.8,-27.8361,0.0115927,2.35619,11810,-4.91837,-424.263,11.4118,11809.8,-4.91834,424.265,78.5958
0.160524,33419.8,-27.502,0.011316,2.35619,11668.2,-4.80099,-424.263,11.4076,11668,-4.80096,424.265,78.6001
0.160534,33419.8,-27.1678,0.0110427,2.35619,11526.4,-4.68504,-424.263,11.4033,11526.2,-4.68501,424.265,78.6043
0.160544,33419.8,-26.8337,0.0107727,2.35619,11384.6,-4.5705,-424.263,11.3991,11384.5,-4.57047,424.265,78.6086
0.160554,33419.8,-26.4995,0.0105061,2.35619,11242.9,-4.45737,-424.263,11.3948,11242.7,-4.45735,424.265,78.6128
0.160563,33419.8,-26.1654,0.0102428,2.35619,11101.1,-4.34567,-424.263,11.3906,11100.9,-4.34565,424.265,78.6171
0.160573,33419.8,-25.8312,0.00998286,2.35619,10959.3,-4.23538,-424.263,11.3864,10959.2,-4.23536,424.265,78.6213
0.160583,33419.8,-25.497,0.00972626,2.35619,10817.5,-4.12651,-424.263,11.3821,10817.4,-4.12649,424.265,78.6255
0.160593,33419.8,-25.1629,0.00947299,2.35619,10675.8,-4.01906,-424.263,11.3779,10675.6,-4.01904,424.265,78.6298
0.160603,33419.8,-24.8287,0.00922307,2.35619,10534,-3.91302,-424.263,11.3736,10533.9,-3.91301,424.265,78.634
0.160613,33419.8,-24.4946,0.00897648,2.35619,10392.2,-3.80841,-424.263,11.3694,10392.1,-3.80839,424.265,78.6383
0.160623,33419.8,-24.1604,0.00873324,2.35619,10250.5,-3.70521,-424.263,11.3651,10250.4,-3.70519,424.265,78.6425
0.160633,33419.8,-23.8263,0.00849334,2.35619,10108.7,-3.60342,-424.263,11.3609,10108.6,-3.60341,424.265,78.6467
0.160643,33419.8,-23.4921,0.00825678,2.35619,9966.91,-3.50306,-424.263,11.3567,9966.82,-3.50305,424.265,78.651
0.160653,33419.8,-23.158,0.00802356,2.35619,9825.14,-3.40411,-424.263,11.3524,9825.05,-3.4041,424.265,78.6552
0.160663,33419.8,-22.8238,0.00779368,2.35619,9683.37,-3.30658,-424.263,11.3482,9683.28,-3.30657,424.265,78.6595
0.160673,33419.8,-22.4897,0.00756714,2.35619,9541.6,-3.21047,-424.263,11.3439,9541.52,-3.21046,424.265,78.6637
0.160683,33419.8,-22.1555,0.00734394,2.35619,9399.82,-3.11578,-424.263,11.3397,9399.75,-3.11577,424.265,78.668
0.160693,33419.8,-21.8214,0.00712409,2.35619,9258.05,-3.0225,-424.263,11.3354,9257.98,-3.02249,424.265,78.6722
0.160703,33419.8,-21.4872,0.00690757,2.35619,9116.28,-2.93064,-424.263,11.3312,9116.21,-2.93063,424.265,78.6764
0.160713,33419.8,-21.153,0.0066944,2.35619,8974.51,-2.8402,-424.263,11.327,8974.45,-2.84019,424.265,78.6807
0.160723,33419.8,-20.8189,0.00648457,2.35619,8832.74,-2.75117,-424.263,11.3227,8832.68,-2.75117,424.265,78.6849
0.160733,33419.8,-20.4847,0.00627808,2.35619,8690.96,-2.66357,-424.264,11.3185,8690.91,-2.66356,424.265,78.6892
0.160743,33419.8,-20.1506,0.00607493,2.35619,8549.19,-2.57738,-424.264,11.3142,8549.14,-2.57737,424.265,78.6934
0.160753,33419.8,-19.8164,0.00587512,2.35619,8407.42,-2.4926,-424.264,11.31,8407.38,-2.4926,424.264,78.6976
0.160763,33419.8,-19.4823,0.00567865,2.35619,8265.65,-2.40925,-424.264,11.3057,8265.61,-2.40925,424.264,78.7019
0.160773,33419.8,-19.1481,0.00548553,2.35619,8123.88,-2.32731,-424.264,11.3015,8123.84,-2.32731,424.264,78.7061
0.160783,33419.8,-18.814,0.00529574,2.35619,7982.11,-2.24679,-424.264,11.2973,7982.07,-2.24679,424.264,78.7104
0.160793,33419.8,-18.4798,0.0051093,2.35619,7840.34,-2.16769,-424.264,11.293,7840.3,-2.16769,424.264,78.7146
0.160803,33419.8,-18.1457,0.00492619,2.35619,7698.57,-2.09001,-424.264,11.2888,7698.53,-2.09,424.264,78.7189
0.160813,33419.8,-17.8115,0.00474643,2.35619,7556.8,-2.01374,-424.264,11.2845,7556.77,-2.01374,424.264,78.7231
0.160823,33419.8,-17.4774,0.00457001,2.35619,7415.03,-1.93889,-424.264,11.2803,7415,-1.93889,424.264,78.7273
0.160833,33419.8,-17.1432,0.00439693,2.35619,7273.26,-1.86546,-424.264,11.276,7273.23,-1.86546,424.264,78.7316
0.160843,33419.8,-16.809,0.00422719,2.35619,7131.49,-1.79345,-424.264,11.2718,7131.46,-1.79344,424.264,78.7358
0.160853,33419.8,-16.4749,0.00406079,2.35619,6989.71,-1.72285,-424.264,11.2676,6989.69,-1.72285,424.264,78.7401
0.160863,33419.8,-16.1407,0.00389774,2.35619,6847.94,-1.65367,-424.264,11.2633,6847.92,-1.65367,424.264,78.7443
0.160873,33419.8,-15.8066,0.00373802,2.35619,6706.17,-1.58591,-424.264,11.2591,6706.16,-1.58591,424.264,78.7486
0.160883,33419.8,-15.4724,0.00358165,2.35619,6564.4,-1.51956,-424.264,11.2548,6564.39,-1.51956,424.264,78.7528
0.160893,33419.8,-15.1383,0.00342861,2.35619,6422.63,-1.45464,-424.264,11.2506,6422.62,-1.45464,424.264,78.757
0.160903,33419.8,-14.8041,0.00327892,2.35619,6280.86,-1.39113,-424.264,11.2463,6280.85,-1.39113,424.264,78.7613
0.160913,33419.8,-14.47,0.00313257,2.35619,6139.09,-1.32904,-424.264,11.2421,6139.08,-1.32904,424.264,78.7655
0.160923,33419.8,-14.1358,0.00298956,2.35619,5997.32,-1.26836,-424.264,11.2379,5997.31,-1.26836,424.264,78.7698
0.160933,33419.8,-13.8017,0.00284989,2.35619,5855.55,-1.20911,-424.264,11.2336,5855.54,-1.20911,424.264,78.774
0.160943,33419.8,-13.4675,0.00271356,2.35619,5713.78,-1.15127,-424.264,11.2294,5713.77,-1.15127,424.264,78.7782
0.160953,33419.8,-13.1333,0.00258058,2.35619,5572.01,-1.09485,-424.264,11.2251,5572,-1.09485,424.264,78.7825
0.160963,33419.8,-12.7992,0.00245093,2.35619,5430.24,-1.03984,-424.264,11.2209,5430.23,-1.03984,424.264,78.7867
0.160973,33419.8,-12.465,0.00232463,2.35619,5288.47,-0.986256,-424.264,11.2166,5288.46,-0.986256,424.264,78.791
0.160983,33419.8,-12.1309,0.00220166,2.35619,5146.7,-0.934087,-424.264,11.2124,5146.7,-0.934087,424.264,78.7952
0.160993,33419.8,-11.7967,0.00208204,2.35619,5004.93,-0.883336,-424.264,11.2081,5004.93,-0.883335,424.264,78.7995
0.161003,33419.8,-11.4626,0.00196576,2.35619,4863.16,-0.834002,-424.264,11.2039,4863.16,-0.834001,424.264,78.8037
0.161013,33419.8,-11.1284,0.00185282,2.35619,4721.39,-0.786085,-424.264,11.1997,4721.39,-0.786085,424.264,78.8079
0.161023,33419.8,-10.7943,0.00174322,2.35619,4579.62,-0.739586,-424.264,11.1954,4579.62,-0.739586,424.264,78.8122
0.161033,33419.8,-10.4601,0.00163696,2.35619,4437.85,-0.694505,-424.264,11.1912,4437.85,-0.694505,424.264,78.8164
0.161043,33419.8,-10.126,0.00153405,2.35619,4296.08,-0.650841,-424.264,11.1869,4296.08,-0.650841,424.264,78.8207
0.161053,33419.8,-9.79181,0.00143447,2.35619,4154.31,-0.608594,-424.264,11.1827,4154.31,-0.608594,424.264,78.8249
0.161063,33419.8,-9.45765,0.00133824,2.35619,4012.54,-0.567766,-424.264,11.1784,4012.54,-0.567766,424.264,78.8291
0.161073,33419.8,-9.1235,0.00124534,2.35619,3870.77,-0.528354,-424.264,11.1742,3870.77,-0.528354,424.264,78.8334
0.161083,33419.8,-8.78935,0.00115579,2.35619,3729,-0.49036,-424.264,11.17,3729,-0.49036,424.264,78.8376
0.161093,33419.8,-8.45519,0.00106958,2.35619,3587.23,-0.453784,-424.264,11.1657,3587.23,-0.453784,424.264,78.8419
0.161103,33419.8,-8.12104,0.000986709,2.35619,3445.47,-0.418625,-424.264,11.1615,3445.46,-0.418625,424.264,78.8461
0.161113,33419.8,-7.78688,0.00090718,2.35619,3303.7,-0.384884,-424.264,11.1572,3303.7,-0.384884,424.264,78.8504
0.161123,33419.8,-7.45273,0.000830992,2.35619,3161.93,-0.35256,-424.264,11.153,3161.93,-0.35256,424.264,78.8546
0.161133,33419.8,-7.11858,0.000758145,2.35619,3020.16,-0.321654,-424.264,11.1487,3020.16,-0.321654,424.264,78.8588
0.161143,33419.8,-6.78442,0.000688639,2.35619,2878.39,-0.292165,-424.264,11.1445,2878.39,-0.292165,424.264,78.8631
0.161153,33419.8,-6.45027,0.000622474,2.35619,2736.62,-0.264094,-424.264,11.1403,2736.62,-0.264094,424.264,78.8673
0.161163,33419.8,-6.11611,0.000559651,2.35619,2594.85,-0.23744,-424.264,11.136,2594.85,-0.23744,424.264,78.8716
0.161173,33419.8,-5.78196,0.000500168,2.35619,2453.08,-0.212203,-424.264,11.1318,2453.08,-0.212203,424.264,78.8758
0.161183,33419.8,-5.44781,0.000444027,2.35619,2311.31,-0.188385,-424.264,11.1275,2311.31,-0.188385,424.264,78.8801
0.161193,33419.8,-5.11365,0.000391227,2.35619,2169.54,-0.165983,-424.264,11.1233,2169.54,-0.165983,424.264,78.8843
0.161203,33419.8,-4.7795,0.000341767,2.35619,2027.77,-0.145,-424.264,11.119,2027.77,-0.145,424.264,78.8885
0.161213,33419.8,-4.44534,0.000295649,2.35619,1886,-0.125433,-424.264,11.1148,1886,-0.125433,424.264,78.8928
0.161223,33419.8,-4.11119,0.000252872,2.35619,1744.23,-0.107285,-424.264,11.1106,1744.23,-0.107285,424.264,78.897
0.161233,33419.8,-3.77704,0.000213436,2.35619,1602.46,-0.0905533,-424.264,11.1063,1602.46,-0.0905533,424.264,78.9013
0.161243,33419.8,-3.44288,0.000177341,2.35619,1460.69,-0.0752396,-424.264,11.1021,1460.69,-0.0752396,424.264,78.9055
0.161253,33419.8,-3.10873,0.000144588,2.35619,1318.92,-0.0613434,-424.264,11.0978,1318.92,-0.0613434,424.264,78.9097
0.161263,33419.8,-2.77457,0.000115175,2.35619,1177.15,-0.0488647,-424.264,11.0936,1177.15,-0.0488647,424.264,78.914
0.161273,33419.8,-2.44042,8.91036e-05,2.35619,1035.38,-0.0378034,-424.264,11.0893,1035.38,-0.0378034,424.264,78.9182
0.161283,33419.8,-2.10627,6.63731e-05,2.35619,893.613,-0.0281597,-424.264,11.0851,893.613,-0.0281597,424.264,78.9225
0.161293,33419.8,-1.77211,4.69838e-05,2.35619,751.843,-0.0199335,-424.264,11.0809,751.843,-0.0199335,424.264,78.9267
0.161303,33419.8,-1.43796,3.09356e-05,2.35619,610.074,-0.0131249,-424.264,11.0766,610.074,-0.0131249,424.264,78.931
0.161313,33419.8,-1.1038,1.82285e-05,2.35619,468.304,-0.00773368,-424.264,11.0724,468.304,-0.00773368,424.264,78.9352
0.161323,33419.8,-0.76965,8.86242e-06,2.35619,326.535,-0.00376001,-424.264,11.0681,326.535,-0.00376001,424.264,78.9394
0.161333,33419.8,-0.435496,2.83749e-06,2.35619,184.765,-0.00120384,-424.264,11.0639,184.765,-0.00120384,424.264,78.9437
0.161343,33419.8,-0.101342,1.53654e-07,2.35619,42.9957,-6.51898e-05,-424.264,11.0596,42.9957,-6.51898e-05,424.264,78.9479
0.161353,0,0,0,2.35619,0,-0,-424.264,11.0554,-0,-0,424.264,78.9522
