0.230634,0,0,0,1.5708,0,-0,-9.77524e-05,90.0096,-0,-0,600,70.0142
0.230644,0,0,0,1.5708,0,-0,-9.77524e-05,90.0096,-0,-0,600,70.0202
0.230654,0,0,0,1.5708,0,-0,-9.77524e-05,90.0096,-0,-0,600,70.0262
0.230664,0,0,0,1.5708,0,-0,-9.77524e-05,90.0096,-0,-0,600,70.0322
0.230674,0,0,0,1.5708,0,-0,-9.77524e-05,90.0096,-0,-0,600,70.0382
0.230684,0,0,0,1.5708,0,-0,-9.77524e-05,90.0096,-0,-0,600,70.0442
0.230694,0,0,0,1.5708,0,-0,-9.77524e-05,90.0096,-0,-0,600,70.0502
0.230704,0,0,0,1.5708,0,-0,-9.77524e-05,90.0096,-0,-0,600,70.0562
0.230714,0,0,0,1.5708,0,-0,-9.77524e-05,90.0096,-0,-0,600,70.0622
0.230724,0,0,0,1.5708,0,-0,-9.77524e-05,90.0096,-0,-0,600,70.0682
0.230734,0,0,0,1.5708,0,-0,-9.77524e-05,90.0096,-0,-0,600,70.0742
0.230744,0,0,0,1.5708,0,-0,-9.77524e-05,90.0096,-0,-0,600,70.0801
0.230754,0,0,0,1.5708,0,-0,-9.77524e-05,90.0096,-0,-0,600,70.0861
0.230764,0,0,0,1.5708,0,-0,-9.77524e-05,90.0096,-0,-0,600,70.0921
0.230774,0,0,0,1.5708,0,-0,-9.77524e-05,90.0096,-0,-0,600,70.0981
0.230784,0,0,0,1.5708,0,-0,-9.77524e-05,90.0096,-0,-0,600,70.1041
0.230794,0,0,0,1.5708,0,-0,-9.77524e-05,90.0096,-0,-0,600,70.1101
0.230804,0,0,0,1.5708,0,-0,-9.77524e-05,90.0096,-0,-0,600,70.1161
0.230814,0,0,0,1.5708,0,-0,-9.77524e-05,90.0096,-0,-0,600,70.1221
0.230824,0,0,0,1.5708,0,-0,-9.77524e-05,90.0096,-0,-0,600,70.1281
0.230834,0,0,0,1.5708,0,-0,-9.77524e-05,90.0096,-0,-0,600,70.1341
0.230844,0,0,0,1.5708,0,-0,-9.77524e-05,90.0096,-0,-0,600,70.1401
0.230854,0,0,0,1.5708,0,-0,-9.77524e-05,90.0096,-0,-0,600,70.1461
0.230864,0,0,0,1.5708,0,-0,-9.77524e-05,90.0096,-0,-0,600,70.1521
0.230874,0,0,0,1.5708,0,-0,-9.77524e-05,90.0096,-0,-0,600,70.1581
0.230884,0,0,0,1.5708,0,-0,-9.77524e-05,90.0096,-0,-0,600,70.1641
0.230894,0,0,0,1.5708,0,-0,-9.77524e-05,90.0096,-0,-0,600,70.1701
0.230904,0,0,0,1.5708,0,-0,-9.77524e-05,90.0096,-0,-0,600,70.1761
0.230914,0,0,0,1.5708,0,-0,-9.77524e-05,90.0096,-0,-0,600,70.1821
0.230924,0,0,0,1.5708,0,-0,-9.77524e-05,90.0096,-0,-0,600,70.1881
0.230934,0,0,0,1.5708,0,-0,-9.77524e-05,90.0096,-0,-0,600,70.1941
0.230944,0,0,0,1.5708,0,-0,-9.77524e-05,90.0096,-0,-0,600,70.2001
0.230954,0,0,0,1.5708,0,-0,-9.77524e-05,90.0096,-0,-0,600,70.2061
0.230964,0,0,0,1.5708,0,-0,-9.77524e-05,90.0096,-0,-0,600,70.2121
0.230974,0,0,0,1.5708,0,-0,-9.77524e-05,90.0096,-0,-0,600,70.2181
0.230984,0,0,0,1.5708,0,-0,-9.77524e-05,90.0096,-0,-0,600,70.2241
0.230994,0,0,0,1.5708,0,-0,-9.77524e-05,90.0096,-0,-0,600,70.2301
0.231004,0,0,0,1.5708,0,-0,-9.77524e-05,90.0096,-0,-0,600,70.2361
0.231014,0,0,0,1.5708,0,-0,-9.77524e-05,90.0096,-0,-0,600,70.2421
0.231024,0,0,0,1.5708,0,-0,-9.77524e-05,90.0096,-0,-0,600,70.2481
0.231034,0,0,0,1.5708,0,-0,-9.77524e-05,90.0096,-0,-0,600,70.2541
0.231044,0,0,0,1.5708,0,-0,-9.77524e-05,90.0096,-0,-0,600,70.26
0.231054,0,0,0,1.5708,0,-0,-9.77524e-05,90.0096,-0,-0,600,70.266
0.231064,0,0,0,1.5708,0,-0,-9.77524e-05,90.0096,-0,-0,600,70.272
0.231074,0,0,0,1.5708,0,-0,-9.77524e-05,90.0096,-0,-0,600,70.278
0.231084,0,0,0,1.5708,0,-0,-9.77524e-05,90.0096,-0,-0,600,70.284
0.231094,0,0,0,1.5708,0,-0,-9.77524e-05,90.0096,-0,-0,600,70.29
0.231104,0,0,0,1.5708,0,-0,-9.77524e-05,90.0096,-0,-0,600,70.296
0.231114,0,0,0,1.5708,0,-0,-9.77524e-05,90.0096,-0,-0,600,70.302
0.231124,0,0,0,1.5708,0,-0,-9.77524e-05,90.0096,-0,-0,600,70.308
0.231134,0,0,0,1.5708,0,-0,-9.77524e-05,90.0096,-0,-0,600,70.314
0.231144,0,0,0,1.5708,0,-0,-9.77524e-05,90.0096,-0,-0,600,70.32
0.231154,0,0,0,1.5708,0,-0,-9.77524e-05,90.0096,-0,-0,600,70.326
0.231164,0,0,0,1.5708,0,-0,-9.77524e-05,90.0096,-0,-0,600,70.332
0.231174,0,0,0,1.5708,0,-0,-9.77524e-05,90.0096,-0,-0,600,70.338
0.231184,0,0,0,1.5708,0,-0,-9.77524e-05,90.0096,-0,-0,600,70.344
0.231194,0,0,0,1.5708,0,-0,-9.77524e-05,90.0096,-0,-0,600,70.35
0.231204,0,0,0,1.5708,0,-0,-9.77524e-05,90.0096,-0,-0,600,70.356
0.231214,0,0,0,1.5708,0,-0,-9.77524e-05,90.0096,-0,-0,600,70.362
0.231224,0,0,0,1.5708,0,-0,-9.77524e-05,90.0096,-0,-0,600,70.368
0.231234,0,0,0,1.5708,0,-0,-9.77524e-05,90.0096,-0,-0,600,70.374
0.231244,0,0,0,1.5708,0,-0,-9.77524e-05,90.0096,-0,-0,600,70.38
0.231254,0,0,0,1.5708,0,-0,-9.77524e-05,90.0096,-0,-0,600,70.386
0.231264,0,0,0,1.5708,0,-0,-9.77524e-05,90.0096,-0,-0,600,70.392
0.231274,0,0,0,1.5708,0,-0,-9.77524e-05,90.0096,-0,-0,600,70.398
0.231284,0,0,0,1.5708,0,-0,-9.77524e-05,90.0096,-0,-0,600,70.404
0.231294,0,0,0,1.5708,0,-0,-9.77524e-05,90.0096,-0,-0,600,70.41
0.231304,0,0,0,1.5708,0,-0,-9.77524e-05,90.0096,-0,-0,600,70.416
0.231314,0,0,0,1.5708,0,-0,-9.77524e-05,90.0096,-0,-0,600,70.422
0.231324,0,0,0,1.5708,0,-0,-9.77524e-05,90.0096,-0,-0,600,70.428
0.231334,0,0,0,1.5708,0,-0,-9.77524e-05,90.0096,-0,-0,600,70.434
0.231344,0,0,0,1.5708,0,-0,-9.77524e-05,90.0096,-0,-0,600,70.4399
0.231354,0,0,0,1.5708,0,-0,-9.77524e-05,90.0096,-0,-0,600,70.4459
0.231364,0,0,0,1.5708,0,-0,-9.77524e-05,90.0096,-0,-0,600,70.4519
0.231374,0,0,0,1.5708,0,-0,-9.77524e-05,90.0096,-0,-0,600,70.4579
0.231384,0,0,0,1.5708,0,-0,-9.77524e-05,90.0096,-0,-0,600,70.4639
0.231394,0,0,0,1.5708,0,-0,-9.77524e-05,90.0096,-0,-0,600,70.4699
0.231404,0,0,0,1.5708,0,-0,-9.77524e-05,90.0096,-0,-0,600,70.4759
0.231414,0,0,0,1.5708,0,-0,-9.77524e-05,90.0096,-0,-0,600,70.4819
0.231424,0,0,0,1.5708,0,-0,-9.77524e-05,90.0096,-0,-0,600,70.4879
0.231434,0,0,0,1.5708,0,-0,-9.77524e-05,90.0096,-0,-0,600,70.4939
0.231444,0,0,0,1.5708,0,-0,-9.77524e-05,90.0096,-0,-0,600,70.4999
0.231454,0,0,0,1.5708,0,-0,-9.77524e-05,90.0096,-0,-0,600,70.5059
0.231464,0,0,0,1.5708,0,-0,-9.77524e-05,90.0096,-0,-0,600,70.5119
0.231474,0,0,0,1.5708,0,-0,-9.77524e-05,90.0096,-0,-0,600,70.5179
0.231484,0,0,0,1.5708,0,-0,-9.77524e-05,90.0096,-0,-0,600,70.5239
0.231494,0,0,0,1.5708,0,-0,-9.77524e-05,90.0096,-0,-0,600,70.5299
0.231504,0,0,0,1.5708,0,-0,-9.77524e-05,90.0096,-0,-0,600,70.5359
0.231514,0,0,0,1.5708,0,-0,-9.77524e-05,90.0096,-0,-0,600,70.5419
0.231524,0,0,0,1.5708,0,-0,-9.77524e-05,90.0096,-0,-0,600,70.5479
0.231534,0,0,0,1.5708,0,-0,-9.77524e-05,90.0096,-0,-0,600,70.5539
0.231544,0,0,0,1.5708,0,-0,-9.77524e-05,90.0096,-0,-0,600,70.5599
0.231554,0,0,0,1.5708,0,-0,-9.77524e-05,90.0096,-0,-0,600,70.5659
0.231564,0,0,0,1.5708,0,-0,-9.77524e-05,90.0096,-0,-0,600,70.5719
0.231574,0,0,0,1.5708,0,-0,-9.77524e-05,90.0096,-0,-0,600,70.5779
0.231584,0,0,0,1.5708,0,-0,-9.77524e-05,90.0096,-0,-0,600,70.5839
0.231594,0,0,0,1.5708,0,-0,-9.77524e-05,90.0096,-0,-0,600,70.5899
0.231604,0,0,0,1.5708,0,-0,-9.77524e-05,90.0096,-0,-0,600,70.5959
0.231614,0,0,0,1.5708,0,-0,-9.77524e-05,90.0096,-0,-0,600,70.6019
0.231624,0,0,0,1.5708,0,-0,-9.77524e-05,90.0096,-0,-0,600,70.6079
0.231634,0,0,0,1.5708,0,-0,-9.77524e-05,90.0096,-0,-0,600,70.6139
0.231644,0,0,0,1.5708,0,-0,-9.77524e-05,90.0096,-0,-0,600,70.6199
0.231654,0,0,0,1.5708,0,-0,-9.77524e-05,90.0096,-0,-0,600,70.6258
0.231664,0,0,0,1.5708,0,-0,-9.77524e-05,90.0096,-0,-0,600,70.6318
0.231674,0,0,0,1.5708,0,-0,-9.77524e-05,90.0096,-0,-0,600,70.6378
0.231684,0,0,0,1.5708,0,-0,-9.77524e-05,90.0096,-0,-0,600,70.6438
0.231694,0,0,0,1.5708,0,-0,-9.77524e-05,90.0096,-0,-0,600,70.6498
0.231704,0,0,0,1.5708,0,-0,-9.77524e-05,90.0096,-0,-0,600,70.6558
0.231714,0,0,0,1.5708,0,-0,-9.77524e-05,90.0096,-0,-0,600,70.6618
0.231724,0,0,0,1.5708,0,-0,-9.77524e-05,90.0096,-0,-0,600,70.6678
0.231734,0,0,0,1.5708,0,-0,-9.77524e-05,90.0096,-0,-0,600,70.6738
0.231744,0,0,0,1.5708,0,-0,-9.77524e-05,90.0096,-0,-0,600,70.6798
0.231754,0,0,0,1.5708,0,-0,-9.77524e-05,90.0096,-0,-0,600,70.6858
0.231764,0,0,0,1.5708,0,-0,-9.77524e-05,90.0096,-0,-0,600,70.6918
0.231774,0,0,0,1.5708,0,-0,-9.77524e-05,90.0096,-0,-0,600,70.6978
0.231784,0,0,0,1.5708,0,-0,-9.77524e-05,90.0096,-0,-0,600,70.7038
0.231794,0,0,0,1.5708,0,-0,-9.77524e-05,90.0096,-0,-0,600,70.7098
0.231804,0,0,0,1.5708,0,-0,-9.77524e-05,90.0096,-0,-0,600,70.7158
0.231814,0,0,0,1.5708,0,-0,-9.77524e-05,90.0096,-0,-0,600,70.7218
0.231824,0,0,0,1.5708,0,-0,-9.77524e-05,90.0096,-0,-0,600,70.7278
0.231834,0,0,0,1.5708,0,-0,-9.77524e-05,90.0096,-0,-0,600,70.7338
0.231844,0,0,0,1.5708,0,-0,-9.77524e-05,90.0096,-0,-0,600,70.7398
0.231854,0,0,0,1.5708,0,-0,-9.77524e-05,90.0096,-0,-0,600,70.7458
0.231864,0,0,0,1.5708,0,-0,-9.77524e-05,90.0096,-0,-0,600,70.7518
0.231874,0,0,0,1.5708,0,-0,-9.77524e-05,90.0096,-0,-0,600,70.7578
0.231884,0,0,0,1.5708,0,-0,-9.77524e-05,90.0096,-0,-0,600,70.7638
0.231894,0,0,0,1.5708,0,-0,-9.77524e-05,90.0096,-0,-0,600,70.7698
0.231904,0,0,0,1.5708,0,-0,-9.77524e-05,90.0096,-0,-0,600,70.7758
0.231914,0,0,0,1.5708,0,-0,-9.77524e-05,90.0096,-0,-0,600,70.7818
0.231924,0,0,0,1.5708,0,-0,-9.77524e-05,90.0096,-0,-0,600,70.7878
0.231934,0,0,0,1.5708,0,-0,-9.77524e-05,90.0096,-0,-0,600,70.7938
0.231944,0,0,0,1.5708,0,-0,-9.77524e-05,90.0096,-0,-0,600,70.7998
0.231954,0,0,0,1.5708,0,-0,-9.77524e-05,90.0096,-0,-0,600,70.8057
0.231964,0,0,0,1.5708,0,-0,-9.77524e-05,90.0096,-0,-0,600,70.8117
0.231974,0,0,0,1.5708,0,-0,-9.77524e-05,90.0096,-0,-0,600,70.8177
0.231984,0,0,0,1.5708,0,-0,-9.77524e-05,90.0096,-0,-0,600,70.8237
0.231994,0,0,0,1.5708,0,-0,-9.77524e-05,90.0096,-0,-0,600,70.8297
0.232004,0,0,0,1.5708,0,-0,-9.77524e-05,90.0096,-0,-0,600,70.8357
0.232014,0,0,0,1.5708,0,-0,-9.77524e-05,90.0096,-0,-0,600,70.8417
0.232024,0,0,0,1.5708,0,-0,-9.77524e-05,90.0096,-0,-0,600,70.8477
0.232034,0,0,0,1.5708,0,-0,-9.77524e-05,90.0096,-0,-0,600,70.8537
0.232044,0,0,0,1.5708,0,-0,-9.77524e-05,90.0096,-0,-0,600,70.8597
0.232054,0,0,0,1.5708,0,-0,-9.77524e-05,90.0096,-0,-0,600,70.8657
0.232064,0,0,0,1.5708,0,-0,-9.77524e-05,90.0096,-0,-0,600,70.8717
0.232074,0,0,0,1.5708,0,-0,-9.77524e-05,90.0096,-0,-0,600,70.8777
0.232084,0,0,0,1.5708,0,-0,-9.77524e-05,90.0096,-0,-0,600,70.8837
0.232094,0,0,0,1.5708,0,-0,-9.77524e-05,90.0096,-0,-0,600,70.8897
0.232104,0,0,0,1.5708,0,-0,-9.77524e-05,90.0096,-0,-0,600,70.8957
0.232114,0,0,0,1.5708,0,-0,-9.77524e-05,90.0096,-0,-0,600,70.9017
0.232124,0,0,0,1.5708,0,-0,-9.77524e-05,90.0096,-0,-0,600,70.9077
0.232134,0,0,0,1.5708,0,-0,-9.77524e-05,90.0096,-0,-0,600,70.9137
0.232144,0,0,0,1.5708,0,-0,-9.77524e-05,90.0096,-0,-0,600,70.9197
0.232154,0,0,0,1.5708,0,-0,-9.77524e-05,90.0096,-0,-0,600,70.9257
0.232164,0,0,0,1.5708,0,-0,-9.77524e-05,90.0096,-0,-0,600,70.9317
0.232174,0,0,0,1.5708,0,-0,-9.77524e-05,90.0096,-0,-0,600,70.9377
0.232184,0,0,0,1.5708,0,-0,-9.77524e-05,90.0096,-0,-0,600,70.9437
0.232194,0,0,0,1.5708,0,-0,-9.77524e-05,90.0096,-0,-0,600,70.9497
0.232204,0,0,0,1.5708,0,-0,-9.77524e-05,90.0096,-0,-0,600,70.9557
0.232214,0,0,0,1.5708,0,-0,-9.77524e-05,90.0096,-0,-0,600,70.9617
0.232224,0,0,0,1.5708,0,-0,-9.77524e-05,90.0096,-0,-0,600,70.9677
0.232234,0,0,0,1.5708,0,-0,-9.77524e-05,90.0096,-0,-0,600,70.9737
0.232244,0,0,0,1.5708,0,-0,-9.77524e-05,90.0096,-0,-0,600,70.9797
0.232254,0,0,0,1.5708,0,-0,-9.77524e-05,90.0096,-0,-0,600,70.9856
0.232264,0,0,0,1.5708,0,-0,-9.77524e-05,90.0096,-0,-0,600,70.9916
0.232274,0,0,0,1.5708,0,-0,-9.77524e-05,90.0096,-0,-0,600,70.9976
0.232284,0,0,0,1.5708,0,-0,-9.77524e-05,90.0096,-0,-0,600,71.0036
0.232294,0,0,0,1.5708,0,-0,-9.77524e-05,90.0096,-0,-0,600,71.0096
0.232304,0,0,0,1.5708,0,-0,-9.77524e-05,90.0096,-0,-0,600,71.0156
0.232314,0,0,0,1.5708,0,-0,-9.77524e-05,90.0096,-0,-0,600,71.0216
0.232324,0,0,0,1.5708,0,-0,-9.77524e-05,90.0096,-0,-0,600,71.0276
0.232334,0,0,0,1.5708,0,-0,-9.77524e-05,90.0096,-0,-0,600,71.0336
0.232344,0,0,0,1.5708,0,-0,-9.77524e-05,90.0096,-0,-0,600,71.0396
0.232354,0,0,0,1.5708,0,-0,-9.77524e-05,90.0096,-0,-0,600,71.0456
0.232364,0,0,0,1.5708,0,-0,-9.77524e-05,90.0096,-0,-0,600,71.0516
0.232374,0,0,0,1.5708,0,-0,-9.77524e-05,90.0096,-0,-0,600,71.0576
0.232384,0,0,0,1.5708,0,-0,-9.77524e-05,90.0096,-0,-0,600,71.0636
0.232394,0,0,0,1.5708,0,-0,-9.77524e-05,90.0096,-0,-0,600,71.0696
0.232404,0,0,0,1.5708,0,-0,-9.77524e-05,90.0096,-0,-0,600,71.0756
0.232414,0,0,0,1.5708,0,-0,-9.77524e-05,90.0096,-0,-0,600,71.0816
0.232424,0,0,0,1.5708,0,-0,-9.77524e-05,90.0096,-0,-0,600,71.0876
0.232434,0,0,0,1.5708,0,-0,-9.77524e-05,90.0096,-0,-0,600,71.0936
0.232444,0,0,0,1.5708,0,-0,-9.77524e-05,90.0096,-0,-0,600,71.0996
0.232454,0,0,0,1.5708,0,-0,-9.77524e-05,90.0096,-0,-0,600,71.1056
0.232464,0,0,0,1.5708,0,-0,-9.77524e-05,90.0096,-0,-0,600,71.1116
0.232474,0,0,0,1.5708,0,-0,-9.77524e-05,90.0096,-0,-0,600,71.1176
0.232484,0,0,0,1.5708,0,-0,-9.77524e-05,90.0096,-0,-0,600,71.1236
0.232494,0,0,0,1.5708,0,-0,-9.77524e-05,90.0096,-0,-0,600,71.1296
0.232504,0,0,0,1.5708,0,-0,-9.77524e-05,90.0096,-0,-0,600,71.1356
0.232514,0,0,0,1.5708,0,-0,-9.77524e-05,90.0096,-0,-0,600,71.1416
0.232524,0,0,0,1.5708,0,-0,-9.77524e-05,90.0096,-0,-0,600,71.1476
0.232534,0,0,0,1.5708,0,-0,-9.77524e-05,90.0096,-0,-0,600,71.1536
0.232544,0,0,0,1.5708,0,-0,-9.77524e-05,90.0096,-0,-0,600,71.1596
0.232554,0,0,0,1.5708,0,-0,-9.77524e-05,90.0096,-0,-0,600,71.1656
0.232564,0,0,0,1.5708,0,-0,-9.77524e-05,90.0096,-0,-0,600,71.1715
0.232574,0,0,0,1.5708,0,-0,-9.77524e-05,90.0096,-0,-0,600,71.1775
0.232584,0,0,0,1.5708,0,-0,-9.77524e-05,90.0096,-0,-0,600,71.1835
0.232594,0,0,0,1.5708,0,-0,-9.77524e-05,90.0096,-0,-0,600,71.1895
0.232604,0,0,0,1.5708,0,-0,-9.77524e-05,90.0096,-0,-0,600,71.1955
0.232614,0,0,0,1.5708,0,-0,-9.77524e-05,90.0096,-0,-0,600,71.2015
0.232624,0,0,0,1.5708,0,-0,-9.77524e-05,90.0096,-0,-0,600,71.2075
0.232634,0,0,0,1.5708,0,-0,-9.77524e-05,90.0096,-0,-0,600,71.2135
0.232644,0,0,0,1.5708,0,-0,-9.77524e-05,90.0096,-0,-0,600,71.2195
0.232654,0,0,0,1.5708,0,-0,-9.77524e-05,90.0096,-0,-0,600,71.2255
0.232664,0,0,0,1.5708,0,-0,-9.77524e-05,90.0096,-0,-0,600,71.2315
0.232674,0,0,0,1.5708,0,-0,-9.77524e-05,90.0096,-0,-0,600,71.2375
0.232684,0,0,0,1.5708,0,-0,-9.77524e-05,90.0096,-0,-0,600,71.2435
0.232694,0,0,0,1.5708,0,-0,-9.77524e-05,90.0096,-0,-0,600,71.2495
0.232704,0,0,0,1.5708,0,-0,-9.77524e-05,90.0096,-0,-0,600,71.2555
0.232714,0,0,0,1.5708,0,-0,-9.77524e-05,90.0096,-0,-0,600,71.2615
0.232724,0,0,0,1.5708,0,-0,-9.77524e-05,90.0096,-0,-0,600,71.2675
0.232734,0,0,0,1.5708,0,-0,-9.77524e-05,90.0096,-0,-0,600,71.2735
0.232744,0,0,0,1.5708,0,-0,-9.77524e-05,90.0096,-0,-0,600,71.2795
0.232754,0,0,0,1.5708,0,-0,-9.77524e-05,90.0096,-0,-0,600,71.2855
0.232764,0,0,0,1.5708,0,-0,-9.77524e-05,90.0096,-0,-0,600,71.2915
0.232774,0,0,0,1.5708,0,-0,-9.77524e-05,90.0096,-0,-0,600,71.2975
0.232784,0,0,0,1.5708,0,-0,-9.77524e-05,90.0096,-0,-0,600,71.3035
0.232794,0,0,0,1.5708,0,-0,-9.77524e-05,90.0096,-0,-0,600,71.3095
0.232804,0,0,0,1.5708,0,-0,-9.77524e-05,90.0096,-0,-0,600,71.3155
0.232814,0,0,0,1.5708,0,-0,-9.77524e-05,90.0096,-0,-0,600,71.3215
0.232824,0,0,0,1.5708,0,-0,-9.77524e-05,90.0096,-0,-0,600,71.3275
0.232834,0,0,0,1.5708,0,-0,-9.77524e-05,90.0096,-0,-0,600,71.3335
0.232844,0,0,0,1.5708,0,-0,-9.77524e-05,90.0096,-0,-0,600,71.3395
0.232854,0,0,0,1.5708,0,-0,-9.77524e-05,90.0096,-0,-0,600,71.3455
0.232864,0,0,0,1.5708,0,-0,-9.77524e-05,90.0096,-0,-0,600,71.3514
0.232874,0,0,0,1.5708,0,-0,-9.77524e-05,90.0096,-0,-0,600,71.3574
0.232884,0,0,0,1.5708,0,-0,-9.77524e-05,90.0096,-0,-0,600,71.3634
0.232894,0,0,0,1.5708,0,-0,-9.77524e-05,90.0096,-0,-0,600,71.3694
0.232904,0,0,0,1.5708,0,-0,-9.77524e-05,90.0096,-0,-0,600,71.3754
0.232914,0,0,0,1.5708,0,-0,-9.77524e-05,90.0096,-0,-0,600,71.3814
0.232924,0,0,0,1.5708,0,-0,-9.77524e-05,90.0096,-0,-0,600,71.3874
0.232934,0,0,0,1.5708,0,-0,-9.77524e-05,90.0096,-0,-0,600,71.3934
0.232944,0,0,0,1.5708,0,-0,-9.77524e-05,90.0096,-0,-0,600,71.3994
0.232954,0,0,0,1.5708,0,-0,-9.77524e-05,90.0096,-0,-0,600,71.4054
0.232964,0,0,0,1.5708,0,-0,-9.77524e-05,90.0096,-0,-0,600,71.4114
0.232974,0,0,0,1.5708,0,-0,-9.77524e-05,90.0096,-0,-0,600,71.4174
0.232984,0,0,0,1.5708,0,-0,-9.77524e-05,90.0096,-0,-0,600,71.4234
0.232994,0,0,0,1.5708,0,-0,-9.77524e-05,90.0096,-0,-0,600,71.4294
0.233004,0,0,0,1.5708,0,-0,-9.77524e-05,90.0096,-0,-0,600,71.4354
0.233014,0,0,0,1.5708,0,-0,-9.77524e-05,90.0096,-0,-0,600,71.4414
0.233024,0,0,0,1.5708,0,-0,-9.77524e-05,90.0096,-0,-0,600,71.4474
0.233034,0,0,0,1.5708,0,-0,-9.77524e-05,90.0096,-0,-0,600,71.4534
0.233044,0,0,0,1.5708,0,-0,-9.77524e-05,90.0096,-0,-0,600,71.4594
0.233054,0,0,0,1.5708,0,-0,-9.77524e-05,90.0096,-0,-0,600,71.4654
0.233064,0,0,0,1.5708,0,-0,-9.77524e-05,90.0096,-0,-0,600,71.4714
0.233074,0,0,0,1.5708,0,-0,-9.77524e-05,90.0096,-0,-0,600,71.4774
0.233084,0,0,0,1.5708,0,-0,-9.77524e-05,90.0096,-0,-0,600,71.4834
0.233094,0,0,0,1.5708,0,-0,-9.77524e-05,90.0096,-0,-0,600,71.4894
0.233104,0,0,0,1.5708,0,-0,-9.77524e-05,90.0096,-0,-0,600,71.4954
0.233114,0,0,0,1.5708,0,-0,-9.77524e-05,90.0096,-0,-0,600,71.5014
0.233124,0,0,0,1.5708,0,-0,-9.77524e-05,90.0096,-0,-0,600,71.5074
0.233134,0,0,0,1.5708,0,-0,-9.77524e-05,90.0096,-0,-0,600,71.5134
0.233144,0,0,0,1.5708,0,-0,-9.77524e-05,90.0096,-0,-0,600,71.5194
0.233154,0,0,0,1.5708,0,-0,-9.77524e-05,90.0096,-0,-0,600,71.5254
0.233164,0,0,0,1.5708,0,-0,-9.77524e-05,90.0096,-0,-0,600,71.5313
0.233174,0,0,0,1.5708,0,-0,-9.77524e-05,90.0096,-0,-0,600,71.5373
0.233184,0,0,0,1.5708,0,-0,-9.77524e-05,90.0096,-0,-0,600,71.5433
0.233194,0,0,0,1.5708,0,-0,-9.77524e-05,90.0096,-0,-0,600,71.5493
0.233204,0,0,0,1.5708,0,-0,-9.77524e-05,90.0096,-0,-0,600,71.5553
0.233214,0,0,0,1.5708,0,-0,-9.77524e-05,90.0096,-0,-0,600,71.5613
0.233224,0,0,0,1.5708,0,-0,-9.77524e-05,90.0096,-0,-0,600,71.5673
0.233234,0,0,0,1.5708,0,-0,-9.77524e-05,90.0096,-0,-0,600,71.5733
0.233244,0,0,0,1.5708,0,-0,-9.77524e-05,90.0096,-0,-0,600,71.5793
0.233254,0,0,0,1.5708,0,-0,-9.77524e-05,90.0096,-0,-0,600,71.5853
0.233264,0,0,0,1.5708,0,-0,-9.77524e-05,90.0096,-0,-0,600,71.5913
0.233274,0,0,0,1.5708,0,-0,-9.77524e-05,90.0096,-0,-0,600,71.5973
0.233284,0,0,0,1.5708,0,-0,-9.77524e-05,90.0096,-0,-0,600,71.6033
0.233294,0,0,0,1.5708,0,-0,-9.77524e-05,90.0096,-0,-0,600,71.6093
0.233304,0,0,0,1.5708,0,-0,-9.77524e-05,90.0096,-0,-0,600,71.6153
0.233314,0,0,0,1.5708,0,-0,-9.77524e-05,90.0096,-0,-0,600,71.6213
0.233324,0,0,0,1.5708,0,-0,-9.77524e-05,90.0096,-0,-0,600,71.6273
0.233334,0,0,0,1.5708,0,-0,-9.77524e-05,90.0096,-0,-0,600,71.6333
0.233344,0,0,0,1.5708,0,-0,-9.77524e-05,90.0096,-0,-0,600,71.6393
0.233354,0,0,0,1.5708,0,-0,-9.77524e-05,90.0096,-0,-0,600,71.6453
0.233364,0,0,0,1.5708,0,-0,-9.77524e-05,90.0096,-0,-0,600,71.6513
0.233374,0,0,0,1.5708,0,-0,-9.77524e-05,90.0096,-0,-0,600,71.6573
0.233384,0,0,0,1.5708,0,-0,-9.77524e-05,90.0096,-0,-0,600,71.6633
0.233394,0,0,0,1.5708,0,-0,-9.77524e-05,90.0096,-0,-0,600,71.6693
0.233404,0,0,0,1.5708,0,-0,-9.77524e-05,90.0096,-0,-0,600,71.6753
0.233414,0,0,0,1.5708,0,-0,-9.77524e-05,90.0096,-0,-0,600,71.6813
0.233424,0,0,0,1.5708,0,-0,-9.77524e-05,90.0096,-0,-0,600,71.6873
0.233434,0,0,0,1.5708,0,-0,-9.77524e-05,90.0096,-0,-0,600,71.6933
0.233444,0,0,0,1.5708,0,-0,-9.77524e-05,90.0096,-0,-0,600,71.6993
0.233454,0,0,0,1.5708,0,-0,-9.77524e-05,90.0096,-0,-0,600,71.7053
0.233464,0,0,0,1.5708,0,-0,-9.77524e-05,90.0096,-0,-0,600,71.7113
0.233474,0,0,0,1.5708,0,-0,-9.77524e-05,90.0096,-0,-0,600,71.7172
0.233484,0,0,0,1.5708,0,-0,-9.77524e-05,90.0096,-0,-0,600,71.7232
0.233494,0,0,0,1.5708,0,-0,-9.77524e-05,90.0096,-0,-0,600,71.7292
0.233504,0,0,0,1.5708,0,-0,-9.77524e-05,90.0096,-0,-0,600,71.7352
0.233514,0,0,0,1.5708,0,-0,-9.77524e-05,90.0096,-0,-0,600,71.7412
0.233524,0,0,0,1.5708,0,-0,-9.77524e-05,90.0096,-0,-0,600,71.7472
0.233534,0,0,0,1.5708,0,-0,-9.77524e-05,90.0096,-0,-0,600,71.7532
0.233544,0,0,0,1.5708,0,-0,-9.77524e-05,90.0096,-0,-0,600,71.7592
0.233554,0,0,0,1.5708,0,-0,-9.77524e-05,90.0096,-0,-0,600,71.7652
0.233564,0,0,0,1.5708,0,-0,-9.77524e-05,90.0096,-0,-0,600,71.7712
0.233574,0,0,0,1.5708,0,-0,-9.77524e-05,90.0096,-0,-0,600,71.7772
0.233584,0,0,0,1.5708,0,-0,-9.77524e-05,90.0096,-0,-0,600,71.7832
0.233594,0,0,0,1.5708,0,-0,-9.77524e-05,90.0096,-0,-0,600,71.7892
0.233604,0,0,0,1.5708,0,-0,-9.77524e-05,90.0096,-0,-0,600,71.7952
0.233614,0,0,0,1.5708,0,-0,-9.77524e-05,90.0096,-0,-0,600,71.8012
0.233624,0,0,0,1.5708,0,-0,-9.77524e-05,90.0096,-0,-0,600,71.8072
0.233634,0,0,0,1.5708,0,-0,-9.77524e-05,90.0096,-0,-0,600,71.8132
0.233644,0,0,0,1.5708,0,-0,-9.77524e-05,90.0096,-0,-0,600,71.8192
0.233654,0,0,0,1.5708,0,-0,-9.77524e-05,90.0096,-0,-0,600,71.8252
0.233664,0,0,0,1.5708,0,-0,-9.77524e-05,90.0096,-0,-0,600,71.8312
0.233674,0,0,0,1.5708,0,-0,-9.77524e-05,90.0096,-0,-0,600,71.8372
0.233684,0,0,0,1.5708,0,-0,-9.77524e-05,90.0096,-0,-0,600,71.8432
0.233694,0,0,0,1.5708,0,-0,-9.77524e-05,90.0096,-0,-0,600,71.8492
0.233704,0,0,0,1.5708,0,-0,-9.77524e-05,90.0096,-0,-0,600,71.8552
0.233714,0,0,0,1.5708,0,-0,-9.77524e-05,90.0096,-0,-0,600,71.8612
0.233724,0,0,0,1.5708,0,-0,-9.77524e-05,90.0096,-0,-0,600,71.8672
0.233734,0,0,0,1.5708,0,-0,-9.77524e-05,90.0096,-0,-0,600,71.8732
0.233744,0,0,0,1.5708,0,-0,-9.77524e-05,90.0096,-0,-0,600,71.8792
0.233754,0,0,0,1.5708,0,-0,-9.77524e-05,90.0096,-0,-0,600,71.8852
0.233764,0,0,0,1.5708,0,-0,-9.77524e-05,90.0096,-0,-0,600,71.8912
0.233774,0,0,0,1.5708,0,-0,-9.77524e-05,90.0096,-0,-0,600,71.8971
0.233784,0,0,0,1.5708,0,-0,-9.77524e-05,90.0096,-0,-0,600,71.9031
0.233794,0,0,0,1.5708,0,-0,-9.77524e-05,90.0096,-0,-0,600,71.9091
0.233804,0,0,0,1.5708,0,-0,-9.77524e-05,90.0096,-0,-0,600,71.9151
0.233814,0,0,0,1.5708,0,-0,-9.77524e-05,90.0096,-0,-0,600,71.9211
0.233824,0,0,0,1.5708,0,-0,-9.77524e-05,90.0096,-0,-0,600,71.9271
0.233834,0,0,0,1.5708,0,-0,-9.77524e-05,90.0096,-0,-0,600,71.9331
0.233844,0,0,0,1.5708,0,-0,-9.77524e-05,90.0096,-0,-0,600,71.9391
0.233854,0,0,0,1.5708,0,-0,-9.77524e-05,90.0096,-0,-0,600,71.9451
0.233864,0,0,0,1.5708,0,-0,-9.77524e-05,90.0096,-0,-0,600,71.9511
0.233874,0,0,0,1.5708,0,-0,-9.77524e-05,90.0096,-0,-0,600,71.9571
0.233884,0,0,0,1.5708,0,-0,-9.77524e-05,90.0096,-0,-0,600,71.9631
0.233894,0,0,0,1.5708,0,-0,-9.77524e-05,90.0096,-0,-0,600,71.9691
0.233904,0,0,0,1.5708,0,-0,-9.77524e-05,90.0096,-0,-0,600,71.9751
0.233914,0,0,0,1.5708,0,-0,-9.77524e-05,90.0096,-0,-0,600,71.9811
0.233924,0,0,0,1.5708,0,-0,-9.77524e-05,90.0096,-0,-0,600,71.9871
0.233934,0,0,0,1.5708,0,-0,-9.77524e-05,90.0096,-0,-0,600,71.9931
0.233944,0,0,0,1.5708,0,-0,-9.77524e-05,90.0096,-0,-0,600,71.9991
0.233954,0,0,0,1.5708,0,-0,-9.77524e-05,90.0096,-0,-0,600,72.0051
0.233964,0,0,0,1.5708,0,-0,-9.77524e-05,90.0096,-0,-0,600,72.0111
0.233974,0,0,0,1.5708,0,-0,-9.77524e-05,90.0096,-0,-0,600,72.0171
0.233984,0,0,0,1.5708,0,-0,-9.77524e-05,90.0096,-0,-0,600,72.0231
0.233994,0,0,0,1.5708,0,-0,-9.77524e-05,90.0096,-0,-0,600,72.0291
0.234004,0,0,0,1.5708,0,-0,-9.77524e-05,90.0096,-0,-0,600,72.0351
0.234014,0,0,0,1.5708,0,-0,-9.77524e-05,90.0096,-0,-0,600,72.0411
0.234024,0,0,0,1.5708,0,-0,-9.77524e-05,90.0096,-0,-0,600,72.0471
0.234034,0,0,0,1.5708,0,-0,-9.77524e-05,90.0096,-0,-0,600,72.0531
0.234044,0,0,0,1.5708,0,-0,-9.77524e-05,90.0096,-0,-0,600,72.0591
0.234054,0,0,0,1.5708,0,-0,-9.77524e-05,90.0096,-0,-0,600,72.0651
0.234064,0,0,0,1.5708,0,-0,-9.77524e-05,90.0096,-0,-0,600,72.0711
0.234074,0,0,0,1.5708,0,-0,-9.77524e-05,90.0096,-0,-0,600,72.077
0.234084,0,0,0,1.5708,0,-0,-9.77524e-05,90.0096,-0,-0,600,72.083
0.234094,0,0,0,1.5708,0,-0,-9.77524e-05,90.0096,-0,-0,600,72.089
0.234104,0,0,0,1.5708,0,-0,-9.77524e-05,90.0096,-0,-0,600,72.095
0.234114,0,0,0,1.5708,0,-0,-9.77524e-05,90.0096,-0,-0,600,72.101
0.234124,0,0,0,1.5708,0,-0,-9.77524e-05,90.0096,-0,-0,600,72.107
0.234134,0,0,0,1.5708,0,-0,-9.77524e-05,90.0096,-0,-0,600,72.113
0.234144,0,0,0,1.5708,0,-0,-9.77524e-05,90.0096,-0,-0,600,72.119
0.234154,0,0,0,1.5708,0,-0,-9.77524e-05,90.0096,-0,-0,600,72.125
0.234164,0,0,0,1.5708,0,-0,-9.77524e-05,90.0096,-0,-0,600,72.131
0.234174,0,0,0,1.5708,0,-0,-9.77524e-05,90.0096,-0,-0,600,72.137
0.234184,0,0,0,1.5708,0,-0,-9.77524e-05,90.0096,-0,-0,600,72.143
0.234194,0,0,0,1.5708,0,-0,-9.77524e-05,90.0096,-0,-0,600,72.149
0.234204,0,0,0,1.5708,0,-0,-9.77524e-05,90.0096,-0,-0,600,72.155
0.234214,0,0,0,1.5708,0,-0,-9.77524e-05,90.0096,-0,-0,600,72.161
0.234224,0,0,0,1.5708,0,-0,-9.77524e-05,90.0096,-0,-0,600,72.167
0.234234,0,0,0,1.5708,0,-0,-9.77524e-05,90.0096,-0,-0,600,72.173
0.234244,0,0,0,1.5708,0,-0,-9.77524e-05,90.0096,-0,-0,600,72.179
0.234254,0,0,0,1.5708,0,-0,-9.77524e-05,90.0096,-0,-0,600,72.185
0.234264,0,0,0,1.5708,0,-0,-9.77524e-05,90.0096,-0,-0,600,72.191
0.234274,0,0,0,1.5708,0,-0,-9.77524e-05,90.0096,-0,-0,600,72.197
0.234284,0,0,0,1.5708,0,-0,-9.77524e-05,90.0096,-0,-0,600,72.203
0.234294,0,0,0,1.5708,0,-0,-9.77524e-05,90.0096,-0,-0,600,72.209
0.234304,0,0,0,1.5708,0,-0,-9.77524e-05,90.0096,-0,-0,600,72.215
0.234314,0,0,0,1.5708,0,-0,-9.77524e-05,90.0096,-0,-0,600,72.221
0.234324,0,0,0,1.5708,0,-0,-9.77524e-05,90.0096,-0,-0,600,72.227
0.234334,0,0,0,1.5708,0,-0,-9.77524e-05,90.0096,-0,-0,600,72.233
0.234344,0,0,0,1.5708,0,-0,-9.77524e-05,90.0096,-0,-0,600,72.239
0.234354,0,0,0,1.5708,0,-0,-9.77524e-05,90.0096,-0,-0,600,72.245
0.234364,0,0,0,1.5708,0,-0,-9.77524e-05,90.0096,-0,-0,600,72.251
0.234374,0,0,0,1.5708,0,-0,-9.77524e-05,90.0096,-0,-0,600,72.257
0.234384,0,0,0,1.5708,0,-0,-9.77524e-05,90.0096,-0,-0,600,72.2629
0.234394,0,0,0,1.5708,0,-0,-9.77524e-05,90.0096,-0,-0,600,72.2689
0.234404,0,0,0,1.5708,0,-0,-9.77524e-05,90.0096,-0,-0,600,72.2749
0.234414,0,0,0,1.5708,0,-0,-9.77524e-05,90.0096,-0,-0,600,72.2809
0.234424,0,0,0,1.5708,0,-0,-9.77524e-05,90.0096,-0,-0,600,72.2869
0.234434,0,0,0,1.5708,0,-0,-9.77524e-05,90.0096,-0,-0,600,72.2929
0.234444,0,0,0,1.5708,0,-0,-9.77524e-05,90.0096,-0,-0,600,72.2989
0.234454,0,0,0,1.5708,0,-0,-9.77524e-05,90.0096,-0,-0,600,72.3049
0.234464,0,0,0,1.5708,0,-0,-9.77524e-05,90.0096,-0,-0,600,72.3109
0.234474,0,0,0,1.5708,0,-0,-9.77524e-05,90.0096,-0,-0,600,72.3169
0.234484,0,0,0,1.5708,0,-0,-9.77524e-05,90.0096,-0,-0,600,72.3229
0.234494,0,0,0,1.5708,0,-0,-9.77524e-05,90.0096,-0,-0,600,72.3289
0.234504,0,0,0,1.5708,0,-0,-9.77524e-05,90.0096,-0,-0,600,72.3349
0.234514,0,0,0,1.5708,0,-0,-9.77524e-05,90.0096,-0,-0,600,72.3409
0.234524,0,0,0,1.5708,0,-0,-9.77524e-05,90.0096,-0,-0,600,72.3469
0.234534,0,0,0,1.5708,0,-0,-9.77524e-05,90.0096,-0,-0,600,72.3529
0.234544,0,0,0,1.5708,0,-0,-9.77524e-05,90.0096,-0,-0,600,72.3589
0.234554,0,0,0,1.5708,0,-0,-9.77524e-05,90.0096,-0,-0,600,72.3649
0.234564,0,0,0,1.5708,0,-0,-9.77524e-05,90.0096,-0,-0,600,72.3709
0.234574,0,0,0,1.5708,0,-0,-9.77524e-05,90.0096,-0,-0,600,72.3769
0.234584,0,0,0,1.5708,0,-0,-9.77524e-05,90.0096,-0,-0,600,72.3829
0.234594,0,0,0,1.5708,0,-0,-9.77524e-05,90.0096,-0,-0,600,72.3889
0.234604,0,0,0,1.5708,0,-0,-9.77524e-05,90.0096,-0,-0,600,72.3949
0.234614,0,0,0,1.5708,0,-0,-9.77524e-05,90.0096,-0,-0,600,72.4009
0.234624,0,0,0,1.5708,0,-0,-9.77524e-05,90.0096,-0,-0,600,72.4069
0.234634,0,0,0,1.5708,0,-0,-9.77524e-05,90.0096,-0,-0,600,72.4129
0.234644,0,0,0,1.5708,0,-0,-9.77524e-05,90.0096,-0,-0,600,72.4189
0.234654,0,0,0,1.5708,0,-0,-9.77524e-05,90.0096,-0,-0,600,72.4249
0.234664,0,0,0,1.5708,0,-0,-9.77524e-05,90.0096,-0,-0,600,72.4309
0.234674,0,0,0,1.5708,0,-0,-9.77524e-05,90.0096,-0,-0,600,72.4369
0.234684,0,0,0,1.5708,0,-0,-9.77524e-05,90.0096,-0,-0,600,72.4428
0.234694,0,0,0,1.5708,0,-0,-9.77524e-05,90.0096,-0,-0,600,72.4488
0.234704,0,0,0,1.5708,0,-0,-9.77524e-05,90.0096,-0,-0,600,72.4548
0.234714,0,0,0,1.5708,0,-0,-9.77524e-05,90.0096,-0,-0,600,72.4608
0.234724,0,0,0,1.5708,0,-0,-9.77524e-05,90.0096,-0,-0,600,72.4668
0.234734,0,0,0,1.5708,0,-0,-9.77524e-05,90.0096,-0,-0,600,72.4728
0.234744,0,0,0,1.5708,0,-0,-9.77524e-05,90.0096,-0,-0,600,72.4788
0.234754,0,0,0,1.5708,0,-0,-9.77524e-05,90.0096,-0,-0,600,72.4848
0.234764,0,0,0,1.5708,0,-0,-9.77524e-05,90.0096,-0,-0,600,72.4908
0.234774,0,0,0,1.5708,0,-0,-9.77524e-05,90.0096,-0,-0,600,72.4968
0.234784,0,0,0,1.5708,0,-0,-9.77524e-05,90.0096,-0,-0,600,72.5028
0.234794,0,0,0,1.5708,0,-0,-9.77524e-05,90.0096,-0,-0,600,72.5088
0.234804,0,0,0,1.5708,0,-0,-9.77524e-05,90.0096,-0,-0,600,72.5148
0.234814,0,0,0,1.5708,0,-0,-9.77524e-05,90.0096,-0,-0,600,72.5208
0.234824,0,0,0,1.5708,0,-0,-9.77524e-05,90.0096,-0,-0,600,72.5268
0.234834,0,0,0,1.5708,0,-0,-9.77524e-05,90.0096,-0,-0,600,72.5328
0.234844,0,0,0,1.5708,0,-0,-9.77524e-05,90.0096,-0,-0,600,72.5388
0.234854,0,0,0,1.5708,0,-0,-9.77524e-05,90.0096,-0,-0,600,72.5448
0.234864,0,0,0,1.5708,0,-0,-9.77524e-05,90.0096,-0,-0,600,72.5508
0.234874,0,0,0,1.5708,0,-0,-9.77524e-05,90.0096,-0,-0,600,72.5568
0.234884,0,0,0,1.5708,0,-0,-9.77524e-05,90.0096,-0,-0,600,72.5628
0.234894,0,0,0,1.5708,0,-0,-9.77524e-05,90.0096,-0,-0,600,72.5688
0.234904,0,0,0,1.5708,0,-0,-9.77524e-05,90.0096,-0,-0,600,72.5748
0.234914,0,0,0,1.5708,0,-0,-9.77524e-05,90.0096,-0,-0,600,72.5808
0.234924,0,0,0,1.5708,0,-0,-9.77524e-05,90.0096,-0,-0,600,72.5868
0.234934,0,0,0,1.5708,0,-0,-9.77524e-05,90.0096,-0,-0,600,72.5928
0.234944,0,0,0,1.5708,0,-0,-9.77524e-05,90.0096,-0,-0,600,72.5988
0.234954,0,0,0,1.5708,0,-0,-9.77524e-05,90.0096,-0,-0,600,72.6048
0.234964,0,0,0,1.5708,0,-0,-9.77524e-05,90.0096,-0,-0,600,72.6108
0.234974,0,0,0,1.5708,0,-0,-9.77524e-05,90.0096,-0,-0,600,72.6168
0.234984,0,0,0,1.5708,0,-0,-9.77524e-05,90.0096,-0,-0,600,72.6227
0.234994,0,0,0,1.5708,0,-0,-9.77524e-05,90.0096,-0,-0,600,72.6287
0.235004,0,0,0,1.5708,0,-0,-9.77524e-05,90.0096,-0,-0,600,72.6347
0.235014,0,0,0,1.5708,0,-0,-9.77524e-05,90.0096,-0,-0,600,72.6407
0.235024,0,0,0,1.5708,0,-0,-9.77524e-05,90.0096,-0,-0,600,72.6467
0.235034,0,0,0,1.5708,0,-0,-9.77524e-05,90.0096,-0,-0,600,72.6527
0.235044,0,0,0,1.5708,0,-0,-9.77524e-05,90.0096,-0,-0,600,72.6587
0.235054,0,0,0,1.5708,0,-0,-9.77524e-05,90.0096,-0,-0,600,72.6647
0.235064,0,0,0,1.5708,0,-0,-9.77524e-05,90.0096,-0,-0,600,72.6707
0.235074,0,0,0,1.5708,0,-0,-9.77524e-05,90.0096,-0,-0,600,72.6767
0.235084,0,0,0,1.5708,0,-0,-9.77524e-05,90.0096,-0,-0,600,72.6827
0.235094,0,0,0,1.5708,0,-0,-9.77524e-05,90.0096,-0,-0,600,72.6887
0.235104,0,0,0,1.5708,0,-0,-9.77524e-05,90.0096,-0,-0,600,72.6947
0.235114,0,0,0,1.5708,0,-0,-9.77524e-05,90.0096,-0,-0,600,72.7007
0.235124,0,0,0,1.5708,0,-0,-9.77524e-05,90.0096,-0,-0,600,72.7067
0.235134,0,0,0,1.5708,0,-0,-9.77524e-05,90.0096,-0,-0,600,72.7127
0.235144,0,0,0,1.5708,0,-0,-9.77524e-05,90.0096,-0,-0,600,72.7187
0.235154,0,0,0,1.5708,0,-0,-9.77524e-05,90.0096,-0,-0,600,72.7247
0.235164,0,0,0,1.5708,0,-0,-9.77524e-05,90.0096,-0,-0,600,72.7307
0.235174,0,0,0,1.5708,0,-0,-9.77524e-05,90.0096,-0,-0,600,72.7367
0.235184,0,0,0,1.5708,0,-0,-9.77524e-05,90.0096,-0,-0,600,72.7427
0.235194,0,0,0,1.5708,0,-0,-9.77524e-05,90.0096,-0,-0,600,72.7487
0.235204,0,0,0,1.5708,0,-0,-9.77524e-05,90.0096,-0,-0,600,72.7547
0.235214,0,0,0,1.5708,0,-0,-9.77524e-05,90.0096,-0,-0,600,72.7607
0.235224,0,0,0,1.5708,0,-0,-9.77524e-05,90.0096,-0,-0,600,72.7667
0.235234,0,0,0,1.5708,0,-0,-9.77524e-05,90.0096,-0,-0,600,72.7727
0.235244,0,0,0,1.5708,0,-0,-9.77524e-05,90.0096,-0,-0,600,72.7787
0.235254,0,0,0,1.5708,0,-0,-9.77524e-05,90.0096,-0,-0,600,72.7847
0.235264,0,0,0,1.5708,0,-0,-9.77524e-05,90.0096,-0,-0,600,72.7907
0.235274,0,0,0,1.5708,0,-0,-9.77524e-05,90.0096,-0,-0,600,72.7967
0.235284,0,0,0,1.5708,0,-0,-9.77524e-05,90.0096,-0,-0,600,72.8027
0.235294,0,0,0,1.5708,0,-0,-9.77524e-05,90.0096,-0,-0,600,72.8086
0.235304,0,0,0,1.5708,0,-0,-9.77524e-05,90.0096,-0,-0,600,72.8146
0.235314,0,0,0,1.5708,0,-0,-9.77524e-05,90.0096,-0,-0,600,72.8206
0.235324,0,0,0,1.5708,0,-0,-9.77524e-05,90.0096,-0,-0,600,72.8266
0.235334,0,0,0,1.5708,0,-0,-9.77524e-05,90.0096,-0,-0,600,72.8326
0.235344,0,0,0,1.5708,0,-0,-9.77524e-05,90.0096,-0,-0,600,72.8386
0.235354,0,0,0,1.5708,0,-0,-9.77524e-05,90.0096,-0,-0,600,72.8446
0.235364,0,0,0,1.5708,0,-0,-9.77524e-05,90.0096,-0,-0,600,72.8506
0.235374,0,0,0,1.5708,0,-0,-9.77524e-05,90.0096,-0,-0,600,72.8566
0.235384,0,0,0,1.5708,0,-0,-9.77524e-05,90.0096,-0,-0,600,72.8626
0.235394,0,0,0,1.5708,0,-0,-9.77524e-05,90.0096,-0,-0,600,72.8686
0.235404,0,0,0,1.5708,0,-0,-9.77524e-05,90.0096,-0,-0,600,72.8746
0.235414,0,0,0,1.5708,0,-0,-9.77524e-05,90.0096,-0,-0,600,72.8806
0.235424,0,0,0,1.5708,0,-0,-9.77524e-05,90.0096,-0,-0,600,72.8866
0.235434,0,0,0,1.5708,0,-0,-9.77524e-05,90.0096,-0,-0,600,72.8926
0.235444,0,0,0,1.5708,0,-0,-9.77524e-05,90.0096,-0,-0,600,72.8986
0.235454,0,0,0,1.5708,0,-0,-9.77524e-05,90.0096,-0,-0,600,72.9046
0.235464,0,0,0,1.5708,0,-0,-9.77524e-05,90.0096,-0,-0,600,72.9106
0.235474,0,0,0,1.5708,0,-0,-9.77524e-05,90.0096,-0,-0,600,72.9166
0.235484,0,0,0,1.5708,0,-0,-9.77524e-05,90.0096,-0,-0,600,72.9226
0.235494,0,0,0,1.5708,0,-0,-9.77524e-05,90.0096,-0,-0,600,72.9286
0.235504,0,0,0,1.5708,0,-0,-9.77524e-05,90.0096,-0,-0,600,72.9346
0.235514,0,0,0,1.5708,0,-0,-9.77524e-05,90.0096,-0,-0,600,72.9406
0.235524,0,0,0,1.5708,0,-0,-9.77524e-05,90.0096,-0,-0,600,72.9466
0.235534,0,0,0,1.5708,0,-0,-9.77524e-05,90.0096,-0,-0,600,72.9526
0.235544,0,0,0,1.5708,0,-0,-9.77524e-05,90.0096,-0,-0,600,72.9586
0.235554,0,0,0,1.5708,0,-0,-9.77524e-05,90.0096,-0,-0,600,72.9646
0.235564,0,0,0,1.5708,0,-0,-9.77524e-05,90.0096,-0,-0,600,72.9706
0.235574,0,0,0,1.5708,0,-0,-9.77524e-05,90.0096,-0,-0,600,72.9766
0.235584,0,0,0,1.5708,0,-0,-9.77524e-05,90.0096,-0,-0,600,72.9826
0.235594,0,0,0,1.5708,0,-0,-9.77524e-05,90.0096,-0,-0,600,72.9885
0.235604,0,0,0,1.5708,0,-0,-9.77524e-05,90.0096,-0,-0,600,72.9945
0.235614,0,0,0,1.5708,0,-0,-9.77524e-05,90.0096,-0,-0,600,73.0005
0.235624,0,0,0,1.5708,0,-0,-9.77524e-05,90.0096,-0,-0,600,73.0065
0.235634,0,0,0,1.5708,0,-0,-9.77524e-05,90.0096,-0,-0,600,73.0125
0.235644,0,0,0,1.5708,0,-0,-9.77524e-05,90.0096,-0,-0,600,73.0185
0.235654,0,0,0,1.5708,0,-0,-9.77524e-05,90.0096,-0,-0,600,73.0245
0.235664,0,0,0,1.5708,0,-0,-9.77524e-05,90.0096,-0,-0,600,73.0305
0.235674,0,0,0,1.5708,0,-0,-9.77524e-05,90.0096,-0,-0,600,73.0365
0.235684,0,0,0,1.5708,0,-0,-9.77524e-05,90.0096,-0,-0,600,73.0425
0.235694,0,0,0,1.5708,0,-0,-9.77524e-05,90.0096,-0,-0,600,73.0485
0.235704,0,0,0,1.5708,0,-0,-9.77524e-05,90.0096,-0,-0,600,73.0545
0.235714,0,0,0,1.5708,0,-0,-9.77524e-05,90.0096,-0,-0,600,73.0605
0.235724,0,0,0,1.5708,0,-0,-9.77524e-05,90.0096,-0,-0,600,73.0665
0.235734,0,0,0,1.5708,0,-0,-9.77524e-05,90.0096,-0,-0,600,73.0725
0.235744,0,0,0,1.5708,0,-0,-9.77524e-05,90.0096,-0,-0,600,73.0785
0.235754,0,0,0,1.5708,0,-0,-9.77524e-05,90.0096,-0,-0,600,73.0845
0.235764,0,0,0,1.5708,0,-0,-9.77524e-05,90.0096,-0,-0,600,73.0905
0.235774,0,0,0,1.5708,0,-0,-9.77524e-05,90.0096,-0,-0,600,73.0965
0.235784,0,0,0,1.5708,0,-0,-9.77524e-05,90.0096,-0,-0,600,73.1025
0.235794,0,0,0,1.5708,0,-0,-9.77524e-05,90.0096,-0,-0,600,73.1085
0.235804,0,0,0,1.5708,0,-0,-9.77524e-05,90.0096,-0,-0,600,73.1145
0.235814,0,0,0,1.5708,0,-0,-9.77524e-05,90.0096,-0,-0,600,73.1205
0.235824,0,0,0,1.5708,0,-0,-9.77524e-05,90.0096,-0,-0,600,73.1265
0.235834,0,0,0,1.5708,0,-0,-9.77524e-05,90.0096,-0,-0,600,73.1325
0.235844,0,0,0,1.5708,0,-0,-9.77524e-05,90.0096,-0,-0,600,73.1385
0.235854,0,0,0,1.5708,0,-0,-9.77524e-05,90.0096,-0,-0,600,73.1445
0.235864,0,0,0,1.5708,0,-0,-9.77524e-05,90.0096,-0,-0,600,73.1505
0.235874,0,0,0,1.5708,0,-0,-9.77524e-05,90.0096,-0,-0,600,73.1565
0.235884,0,0,0,1.5708,0,-0,-9.77524e-05,90.0096,-0,-0,600,73.1625
0.235894,0,0,0,1.5708,0,-0,-9.77524e-05,90.0096,-0,-0,600,73.1684
0.235904,0,0,0,1.5708,0,-0,-9.77524e-05,90.0096,-0,-0,600,73.1744
0.235914,0,0,0,1.5708,0,-0,-9.77524e-05,90.0096,-0,-0,600,73.1804
0.235924,0,0,0,1.5708,0,-0,-9.77524e-05,90.0096,-0,-0,600,73.1864
0.235934,0,0,0,1.5708,0,-0,-9.77524e-05,90.0096,-0,-0,600,73.1924
0.235944,0,0,0,1.5708,0,-0,-9.77524e-05,90.0096,-0,-0,600,73.1984
0.235954,0,0,0,1.5708,0,-0,-9.77524e-05,90.0096,-0,-0,600,73.2044
0.235964,0,0,0,1.5708,0,-0,-9.77524e-05,90.0096,-0,-0,600,73.2104
0.235974,0,0,0,1.5708,0,-0,-9.77524e-05,90.0096,-0,-0,600,73.2164
0.235984,0,0,0,1.5708,0,-0,-9.77524e-05,90.0096,-0,-0,600,73.2224
0.235994,0,0,0,1.5708,0,-0,-9.77524e-05,90.0096,-0,-0,600,73.2284
0.236004,0,0,0,1.5708,0,-0,-9.77524e-05,90.0096,-0,-0,600,73.2344
0.236014,0,0,0,1.5708,0,-0,-9.77524e-05,90.0096,-0,-0,600,73.2404
0.236024,0,0,0,1.5708,0,-0,-9.77524e-05,90.0096,-0,-0,600,73.2464
0.236034,0,0,0,1.5708,0,-0,-9.77524e-05,90.0096,-0,-0,600,73.2524
0.236044,0,0,0,1.5708,0,-0,-9.77524e-05,90.0096,-0,-0,600,73.2584
0.236054,0,0,0,1.5708,0,-0,-9.77524e-05,90.0096,-0,-0,600,73.2644
0.236064,0,0,0,1.5708,0,-0,-9.77524e-05,90.0096,-0,-0,600,73.2704
0.236074,0,0,0,1.5708,0,-0,-9.77524e-05,90.0096,-0,-0,600,73.2764
0.236084,0,0,0,1.5708,0,-0,-9.77524e-05,90.0096,-0,-0,600,73.2824
0.236094,0,0,0,1.5708,0,-0,-9.77524e-05,90.0096,-0,-0,600,73.2884
0.236104,0,0,0,1.5708,0,-0,-9.77524e-05,90.0096,-0,-0,600,73.2944
0.236114,0,0,0,1.5708,0,-0,-9.77524e-05,90.0096,-0,-0,600,73.3004
0.236124,0,0,0,1.5708,0,-0,-9.77524e-05,90.0096,-0,-0,600,73.3064
0.236134,0,0,0,1.5708,0,-0,-9.77524e-05,90.0096,-0,-0,600,73.3124
0.236144,0,0,0,1.5708,0,-0,-9.77524e-05,90.0096,-0,-0,600,73.3184
0.236154,0,0,0,1.5708,0,-0,-9.77524e-05,90.0096,-0,-0,600,73.3244
0.236164,0,0,0,1.5708,0,-0,-9.77524e-05,90.0096,-0,-0,600,73.3304
0.236174,0,0,0,1.5708,0,-0,-9.77524e-05,90.0096,-0,-0,600,73.3364
0.236184,0,0,0,1.5708,0,-0,-9.77524e-05,90.0096,-0,-0,600,73.3424
0.236194,0,0,0,1.5708,0,-0,-9.77524e-05,90.0096,-0,-0,600,73.3484
0.236204,0,0,0,1.5708,0,-0,-9.77524e-05,90.0096,-0,-0,600,73.3543
0.236214,0,0,0,1.5708,0,-0,-9.77524e-05,90.0096,-0,-0,600,73.3603
0.236224,0,0,0,1.5708,0,-0,-9.77524e-05,90.0096,-0,-0,600,73.3663
0.236234,0,0,0,1.5708,0,-0,-9.77524e-05,90.0096,-0,-0,600,73.3723
0.236244,0,0,0,1.5708,0,-0,-9.77524e-05,90.0096,-0,-0,600,73.3783
0.236253,0,0,0,1.5708,0,-0,-9.77524e-05,90.0096,-0,-0,600,73.3843
0.236263,0,0,0,1.5708,0,-0,-9.77524e-05,90.0096,-0,-0,600,73.3903
0.236273,0,0,0,1.5708,0,-0,-9.77524e-05,90.0096,-0,-0,600,73.3963
0.236283,0,0,0,1.5708,0,-0,-9.77524e-05,90.0096,-0,-0,600,73.4023
0.236293,0,0,0,1.5708,0,-0,-9.77524e-05,90.0096,-0,-0,600,73.4083
0.236303,0,0,0,1.5708,0,-0,-9.77524e-05,90.0096,-0,-0,600,73.4143
0.236313,0,0,0,1.5708,0,-0,-9.77524e-05,90.0096,-0,-0,600,73.4203
0.236323,0,0,0,1.5708,0,-0,-9.77524e-05,90.0096,-0,-0,600,73.4263
0.236333,0,0,0,1.5708,0,-0,-9.77524e-05,90.0096,-0,-0,600,73.4323
0.236343,0,0,0,1.5708,0,-0,-9.77524e-05,90.0096,-0,-0,600,73.4383
0.236353,0,0,0,1.5708,0,-0,-9.77524e-05,90.0096,-0,-0,600,73.4443
0.236363,0,0,0,1.5708,0,-0,-9.77524e-05,90.0096,-0,-0,600,73.4503
0.236373,0,0,0,1.5708,0,-0,-9.77524e-05,90.0096,-0,-0,600,73.4563
0.236383,0,0,0,1.5708,0,-0,-9.77524e-05,90.0096,-0,-0,600,73.4623
0.236393,0,0,0,1.5708,0,-0,-9.77524e-05,90.0096,-0,-0,600,73.4683
0.236403,0,0,0,1.5708,0,-0,-9.77524e-05,90.0096,-0,-0,600,73.4743
0.236413,0,0,0,1.5708,0,-0,-9.77524e-05,90.0096,-0,-0,600,73.4803
0.236423,0,0,0,1.5708,0,-0,-9.77524e-05,90.0096,-0,-0,600,73.4863
0.236433,0,0,0,1.5708,0,-0,-9.77524e-05,90.0096,-0,-0,600,73.4923
0.236443,0,0,0,1.5708,0,-0,-9.77524e-05,90.0096,-0,-0,600,73.4983
0.236453,0,0,0,1.5708,0,-0,-9.77524e-05,90.0096,-0,-0,600,73.5043
0.236463,0,0,0,1.5708,0,-0,-9.77524e-05,90.0096,-0,-0,600,73.5103
0.236473,0,0,0,1.5708,0,-0,-9.77524e-05,90.0096,-0,-0,600,73.5163
0.236483,0,0,0,1.5708,0,-0,-9.77524e-05,90.0096,-0,-0,600,73.5223
0.236493,0,0,0,1.5708,0,-0,-9.77524e-05,90.0096,-0,-0,600,73.5283
0.236503,0,0,0,1.5708,0,-0,-9.77524e-05,90.0096,-0,-0,600,73.5342
0.236513,0,0,0,1.5708,0,-0,-9.77524e-05,90.0096,-0,-0,600,73.5402
0.236523,0,0,0,1.5708,0,-0,-9.77524e-05,90.0096,-0,-0,600,73.5462
0.236533,0,0,0,1.5708,0,-0,-9.77524e-05,90.0096,-0,-0,600,73.5522
0.236543,0,0,0,1.5708,0,-0,-9.77524e-05,90.0096,-0,-0,600,73.5582
0.236553,0,0,0,1.5708,0,-0,-9.77524e-05,90.0096,-0,-0,600,73.5642
0.236563,0,0,0,1.5708,0,-0,-9.77524e-05,90.0096,-0,-0,600,73.5702
0.236573,0,0,0,1.5708,0,-0,-9.77524e-05,90.0096,-0,-0,600,73.5762
0.236583,0,0,0,1.5708,0,-0,-9.77524e-05,90.0096,-0,-0,600,73.5822
0.236593,0,0,0,1.5708,0,-0,-9.77524e-05,90.0096,-0,-0,600,73.5882
0.236603,0,0,0,1.5708,0,-0,-9.77524e-05,90.0096,-0,-0,600,73.5942
0.236613,0,0,0,1.5708,0,-0,-9.77524e-05,90.0096,-0,-0,600,73.6002
0.236623,0,0,0,1.5708,0,-0,-9.77524e-05,90.0096,-0,-0,600,73.6062
0.236633,0,0,0,1.5708,0,-0,-9.77524e-05,90.0096,-0,-0,600,73.6122
0.236643,0,0,0,1.5708,0,-0,-9.77524e-05,90.0096,-0,-0,600,73.6182
0.236653,0,0,0,1.5708,0,-0,-9.77524e-05,90.0096,-0,-0,600,73.6242
0.236663,0,0,0,1.5708,0,-0,-9.77524e-05,90.0096,-0,-0,600,73.6302
0.236673,0,0,0,1.5708,0,-0,-9.77524e-05,90.0096,-0,-0,600,73.6362
0.236683,0,0,0,1.5708,0,-0,-9.77524e-05,90.0096,-0,-0,600,73.6422
0.236693,0,0,0,1.5708,0,-0,-9.77524e-05,90.0096,-0,-0,600,73.6482
0.236703,0,0,0,1.5708,0,-0,-9.77524e-05,90.0096,-0,-0,600,73.6542
0.236713,0,0,0,1.5708,0,-0,-9.77524e-05,90.0096,-0,-0,600,73.6602
0.236723,0,0,0,1.5708,0,-0,-9.77524e-05,90.0096,-0,-0,600,73.6662
0.236733,0,0,0,1.5708,0,-0,-9.77524e-05,90.0096,-0,-0,600,73.6722
0.236743,0,0,0,1.5708,0,-0,-9.77524e-05,90.0096,-0,-0,600,73.6782
0.236753,0,0,0,1.5708,0,-0,-9.77524e-05,90.0096,-0,-0,600,73.6842
0.236763,0,0,0,1.5708,0,-0,-9.77524e-05,90.0096,-0,-0,600,73.6902
0.236773,0,0,0,1.5708,0,-0,-9.77524e-05,90.0096,-0,-0,600,73.6962
0.236783,0,0,0,1.5708,0,-0,-9.77524e-05,90.0096,-0,-0,600,73.7022
0.236793,0,0,0,1.5708,0,-0,-9.77524e-05,90.0096,-0,-0,600,73.7082
0.236803,0,0,0,1.5708,0,-0,-9.77524e-05,90.0096,-0,-0,600,73.7141
0.236813,0,0,0,1.5708,0,-0,-9.77524e-05,90.0096,-0,-0,600,73.7201
0.236823,0,0,0,1.5708,0,-0,-9.77524e-05,90.0096,-0,-0,600,73.7261
0.236833,0,0,0,1.5708,0,-0,-9.77524e-05,90.0096,-0,-0,600,73.7321
0.236843,0,0,0,1.5708,0,-0,-9.77524e-05,90.0096,-0,-0,600,73.7381
0.236853,0,0,0,1.5708,0,-0,-9.77524e-05,90.0096,-0,-0,600,73.7441
0.236863,0,0,0,1.5708,0,-0,-9.77524e-05,90.0096,-0,-0,600,73.7501
0.236873,0,0,0,1.5708,0,-0,-9.77524e-05,90.0096,-0,-0,600,73.7561
0.236883,0,0,0,1.5708,0,-0,-9.77524e-05,90.0096,-0,-0,600,73.7621
0.236893,0,0,0,1.5708,0,-0,-9.77524e-05,90.0096,-0,-0,600,73.7681
0.236903,0,0,0,1.5708,0,-0,-9.77524e-05,90.0096,-0,-0,600,73.7741
0.236913,0,0,0,1.5708,0,-0,-9.77524e-05,90.0096,-0,-0,600,73.7801
0.236923,0,0,0,1.5708,0,-0,-9.77524e-05,90.0096,-0,-0,600,73.7861
0.236933,0,0,0,1.5708,0,-0,-9.77524e-05,90.0096,-0,-0,600,73.7921
0.236943,0,0,0,1.5708,0,-0,-9.77524e-05,90.0096,-0,-0,600,73.7981
0.236953,0,0,0,1.5708,0,-0,-9.77524e-05,90.0096,-0,-0,600,73.8041
0.236963,0,0,0,1.5708,0,-0,-9.77524e-05,90.0096,-0,-0,600,73.8101
0.236973,0,0,0,1.5708,0,-0,-9.77524e-05,90.0096,-0,-0,600,73.8161
0.236983,0,0,0,1.5708,0,-0,-9.77524e-05,90.0096,-0,-0,600,73.8221
0.236993,0,0,0,1.5708,0,-0,-9.77524e-05,90.0096,-0,-0,600,73.8281
0.237003,0,0,0,1.5708,0,-0,-9.77524e-05,90.0096,-0,-0,600,73.8341
0.237013,0,0,0,1.5708,0,-0,-9.77524e-05,90.0096,-0,-0,600,73.8401
0.237023,0,0,0,1.5708,0,-0,-9.77524e-05,90.0096,-0,-0,600,73.8461
0.237033,0,0,0,1.5708,0,-0,-9.77524e-05,90.0096,-0,-0,600,73.8521
0.237043,0,0,0,1.5708,0,-0,-9.77524e-05,90.0096,-0,-0,600,73.8581
0.237053,0,0,0,1.5708,0,-0,-9.77524e-05,90.0096,-0,-0,600,73.8641
0.237063,0,0,0,1.5708,0,-0,-9.77524e-05,90.0096,-0,-0,600,73.8701
0.237073,0,0,0,1.5708,0,-0,-9.77524e-05,90.0096,-0,-0,600,73.8761
0.237083,0,0,0,1.5708,0,-0,-9.77524e-05,90.0096,-0,-0,600,73.8821
0.237093,0,0,0,1.5708,0,-0,-9.77524e-05,90.0096,-0,-0,600,73.8881
0.237103,0,0,0,1.5708,0,-0,-9.77524e-05,90.0096,-0,-0,600,73.8941
0.237113,0,0,0,1.5708,0,-0,-9.77524e-05,90.0096,-0,-0,600,73.9
0.237123,0,0,0,1.5708,0,-0,-9.77524e-05,90.0096,-0,-0,600,73.906
0.237133,0,0,0,1.5708,0,-0,-9.77524e-05,90.0096,-0,-0,600,73.912
0.237143,0,0,0,1.5708,0,-0,-9.77524e-05,90.0096,-0,-0,600,73.918
0.237153,0,0,0,1.5708,0,-0,-9.77524e-05,90.0096,-0,-0,600,73.924
0.237163,0,0,0,1.5708,0,-0,-9.77524e-05,90.0096,-0,-0,600,73.93
0.237173,0,0,0,1.5708,0,-0,-9.77524e-05,90.0096,-0,-0,600,73.936
0.237183,0,0,0,1.5708,0,-0,-9.77524e-05,90.0096,-0,-0,600,73.942
0.237193,0,0,0,1.5708,0,-0,-9.77524e-05,90.0096,-0,-0,600,73.948
0.237203,0,0,0,1.5708,0,-0,-9.77524e-05,90.0096,-0,-0,600,73.954
0.237213,0,0,0,1.5708,0,-0,-9.77524e-05,90.0096,-0,-0,600,73.96
0.237223,0,0,0,1.5708,0,-0,-9.77524e-05,90.0096,-0,-0,600,73.966
0.237233,0,0,0,1.5708,0,-0,-9.77524e-05,90.0096,-0,-0,600,73.972
0.237243,0,0,0,1.5708,0,-0,-9.77524e-05,90.0096,-0,-0,600,73.978
0.237253,0,0,0,1.5708,0,-0,-9.77524e-05,90.0096,-0,-0,600,73.984
0.237263,0,0,0,1.5708,0,-0,-9.77524e-05,90.0096,-0,-0,600,73.99
0.237273,0,0,0,1.5708,0,-0,-9.77524e-05,90.0096,-0,-0,600,73.996
0.237283,0,0,0,1.5708,0,-0,-9.77524e-05,90.0096,-0,-0,600,74.002
0.237293,0,0,0,1.5708,0,-0,-9.77524e-05,90.0096,-0,-0,600,74.008
0.237303,0,0,0,1.5708,0,-0,-9.77524e-05,90.0096,-0,-0,600,74.014
0.237313,0,0,0,1.5708,0,-0,-9.77524e-05,90.0096,-0,-0,600,74.02
0.237323,0,0,0,1.5708,0,-0,-9.77524e-05,90.0096,-0,-0,600,74.026
0.237333,0,0,0,1.5708,0,-0,-9.77524e-05,90.0096,-0,-0,600,74.032
0.237343,0,0,0,1.5708,0,-0,-9.77524e-05,90.0096,-0,-0,600,74.038
0.237353,0,0,0,1.5708,0,-0,-9.77524e-05,90.0096,-0,-0,600,74.044
0.237363,0,0,0,1.5708,0,-0,-9.77524e-05,90.0096,-0,-0,600,74.05
0.237373,0,0,0,1.5708,0,-0,-9.77524e-05,90.0096,-0,-0,600,74.056
0.237383,0,0,0,1.5708,0,-0,-9.77524e-05,90.0096,-0,-0,600,74.062
0.237393,0,0,0,1.5708,0,-0,-9.77524e-05,90.0096,-0,-0,600,74.068
0.237403,0,0,0,1.5708,0,-0,-9.77524e-05,90.0096,-0,-0,600,74.074
0.237413,0,0,0,1.5708,0,-0,-9.77524e-05,90.0096,-0,-0,600,74.0799
0.237423,0,0,0,1.5708,0,-0,-9.77524e-05,90.0096,-0,-0,600,74.0859
0.237433,0,0,0,1.5708,0,-0,-9.77524e-05,90.0096,-0,-0,600,74.0919
0.237443,0,0,0,1.5708,0,-0,-9.77524e-05,90.0096,-0,-0,600,74.0979
0.237453,0,0,0,1.5708,0,-0,-9.77524e-05,90.0096,-0,-0,600,74.1039
0.237463,0,0,0,1.5708,0,-0,-9.77524e-05,90.0096,-0,-0,600,74.1099
0.237473,0,0,0,1.5708,0,-0,-9.77524e-05,90.0096,-0,-0,600,74.1159
0.237483,0,0,0,1.5708,0,-0,-9.77524e-05,90.0096,-0,-0,600,74.1219
0.237493,0,0,0,1.5708,0,-0,-9.77524e-05,90.0096,-0,-0,600,74.1279
0.237503,0,0,0,1.5708,0,-0,-9.77524e-05,90.0096,-0,-0,600,74.1339
0.237513,0,0,0,1.5708,0,-0,-9.77524e-05,90.0096,-0,-0,600,74.1399
0.237523,0,0,0,1.5708,0,-0,-9.77524e-05,90.0096,-0,-0,600,74.1459
0.237533,0,0,0,1.5708,0,-0,-9.77524e-05,90.0096,-0,-0,600,74.1519
0.237543,0,0,0,1.5708,0,-0,-9.77524e-05,90.0096,-0,-0,600,74.1579
0.237553,0,0,0,1.5708,0,-0,-9.77524e-05,90.0096,-0,-0,600,74.1639
0.237563,0,0,0,1.5708,0,-0,-9.77524e-05,90.0096,-0,-0,600,74.1699
0.237573,0,0,0,1.5708,0,-0,-9.77524e-05,90.0096,-0,-0,600,74.1759
0.237583,0,0,0,1.5708,0,-0,-9.77524e-05,90.0096,-0,-0,600,74.1819
0.237593,0,0,0,1.5708,0,-0,-9.77524e-05,90.0096,-0,-0,600,74.1879
0.237603,0,0,0,1.5708,0,-0,-9.77524e-05,90.0096,-0,-0,600,74.1939
0.237613,0,0,0,1.5708,0,-0,-9.77524e-05,90.0096,-0,-0,600,74.1999
0.237623,0,0,0,1.5708,0,-0,-9.77524e-05,90.0096,-0,-0,600,74.2059
0.237633,0,0,0,1.5708,0,-0,-9.77524e-05,90.0096,-0,-0,600,74.2119
0.237643,0,0,0,1.5708,0,-0,-9.77524e-05,90.0096,-0,-0,600,74.2179
0.237653,0,0,0,1.5708,0,-0,-9.77524e-05,90.0096,-0,-0,600,74.2239
0.237663,0,0,0,1.5708,0,-0,-9.77524e-05,90.0096,-0,-0,600,74.2299
0.237673,0,0,0,1.5708,0,-0,-9.77524e-05,90.0096,-0,-0,600,74.2359
0.237683,0,0,0,1.5708,0,-0,-9.77524e-05,90.0096,-0,-0,600,74.2419
0.237693,0,0,0,1.5708,0,-0,-9.77524e-05,90.0096,-0,-0,600,74.2479
0.237703,0,0,0,1.5708,0,-0,-9.77524e-05,90.0096,-0,-0,600,74.2539
0.237713,0,0,0,1.5708,0,-0,-9.77524e-05,90.0096,-0,-0,600,74.2598
0.237723,0,0,0,1.5708,0,-0,-9.77524e-05,90.0096,-0,-0,600,74.2658
0.237733,0,0,0,1.5708,0,-0,-9.77524e-05,90.0096,-0,-0,600,74.2718
0.237743,0,0,0,1.5708,0,-0,-9.77524e-05,90.0096,-0,-0,600,74.2778
0.237753,0,0,0,1.5708,0,-0,-9.77524e-05,90.0096,-0,-0,600,74.2838
0.237763,0,0,0,1.5708,0,-0,-9.77524e-05,90.0096,-0,-0,600,74.2898
0.237773,0,0,0,1.5708,0,-0,-9.77524e-05,90.0096,-0,-0,600,74.2958
0.237783,0,0,0,1.5708,0,-0,-9.77524e-05,90.0096,-0,-0,600,74.3018
0.237793,0,0,0,1.5708,0,-0,-9.77524e-05,90.0096,-0,-0,600,74.3078
0.237803,0,0,0,1.5708,0,-0,-9.77524e-05,90.0096,-0,-0,600,74.3138
0.237813,0,0,0,1.5708,0,-0,-9.77524e-05,90.0096,-0,-0,600,74.3198
0.237823,0,0,0,1.5708,0,-0,-9.77524e-05,90.0096,-0,-0,600,74.3258
0.237833,0,0,0,1.5708,0,-0,-9.77524e-05,90.0096,-0,-0,600,74.3318
0.237843,0,0,0,1.5708,0,-0,-9.77524e-05,90.0096,-0,-0,600,74.3378
0.237853,0,0,0,1.5708,0,-0,-9.77524e-05,90.0096,-0,-0,600,74.3438
0.237863,0,0,0,1.5708,0,-0,-9.77524e-05,90.0096,-0,-0,600,74.3498
0.237873,0,0,0,1.5708,0,-0,-9.77524e-05,90.0096,-0,-0,600,74.3558
0.237883,0,0,0,1.5708,0,-0,-9.77524e-05,90.0096,-0,-0,600,74.3618
0.237893,0,0,0,1.5708,0,-0,-9.77524e-05,90.0096,-0,-0,600,74.3678
0.237903,0,0,0,1.5708,0,-0,-9.77524e-05,90.0096,-0,-0,600,74.3738
0.237913,0,0,0,1.5708,0,-0,-9.77524e-05,90.0096,-0,-0,600,74.3798
0.237923,0,0,0,1.5708,0,-0,-9.77524e-05,90.0096,-0,-0,600,74.3858
0.237933,0,0,0,1.5708,0,-0,-9.77524e-05,90.0096,-0,-0,600,74.3918
0.237943,0,0,0,1.5708,0,-0,-9.77524e-05,90.0096,-0,-0,600,74.3978
0.237953,0,0,0,1.5708,0,-0,-9.77524e-05,90.0096,-0,-0,600,74.4038
0.237963,0,0,0,1.5708,0,-0,-9.77524e-05,90.0096,-0,-0,600,74.4098
0.237973,0,0,0,1.5708,0,-0,-9.77524e-05,90.0096,-0,-0,600,74.4158
0.237983,0,0,0,1.5708,0,-0,-9.77524e-05,90.0096,-0,-0,600,74.4218
0.237993,0,0,0,1.5708,0,-0,-9.77524e-05,90.0096,-0,-0,600,74.4278
0.238003,0,0,0,1.5708,0,-0,-9.77524e-05,90.0096,-0,-0,600,74.4338
0.238013,0,0,0,1.5708,0,-0,-9.77524e-05,90.0096,-0,-0,600,74.4398
0.238023,0,0,0,1.5708,0,-0,-9.77524e-05,90.0096,-0,-0,600,74.4457
0.238033,0,0,0,1.5708,0,-0,-9.77524e-05,90.0096,-0,-0,600,74.4517
0.238043,0,0,0,1.5708,0,-0,-9.77524e-05,90.0096,-0,-0,600,74.4577
0.238053,0,0,0,1.5708,0,-0,-9.77524e-05,90.0096,-0,-0,600,74.4637
0.238063,0,0,0,1.5708,0,-0,-9.77524e-05,90.0096,-0,-0,600,74.4697
0.238073,0,0,0,1.5708,0,-0,-9.77524e-05,90.0096,-0,-0,600,74.4757
0.238083,0,0,0,1.5708,0,-0,-9.77524e-05,90.0096,-0,-0,600,74.4817
0.238093,0,0,0,1.5708,0,-0,-9.77524e-05,90.0096,-0,-0,600,74.4877
0.238103,0,0,0,1.5708,0,-0,-9.77524e-05,90.0096,-0,-0,600,74.4937
0.238113,0,0,0,1.5708,0,-0,-9.77524e-05,90.0096,-0,-0,600,74.4997
0.238123,0,0,0,1.5708,0,-0,-9.77524e-05,90.0096,-0,-0,600,74.5057
0.238133,0,0,0,1.5708,0,-0,-9.77524e-05,90.0096,-0,-0,600,74.5117
0.238143,0,0,0,1.5708,0,-0,-9.77524e-05,90.0096,-0,-0,600,74.5177
0.238153,0,0,0,1.5708,0,-0,-9.77524e-05,90.0096,-0,-0,600,74.5237
0.238163,0,0,0,1.5708,0,-0,-9.77524e-05,90.0096,-0,-0,600,74.5297
0.238173,0,0,0,1.5708,0,-0,-9.77524e-05,90.0096,-0,-0,600,74.5357
0.238183,0,0,0,1.5708,0,-0,-9.77524e-05,90.0096,-0,-0,600,74.5417
0.238193,0,0,0,1.5708,0,-0,-9.77524e-05,90.0096,-0,-0,600,74.5477
0.238203,0,0,0,1.5708,0,-0,-9.77524e-05,90.0096,-0,-0,600,74.5537
0.238213,0,0,0,1.5708,0,-0,-9.77524e-05,90.0096,-0,-0,600,74.5597
0.238223,0,0,0,1.5708,0,-0,-9.77524e-05,90.0096,-0,-0,600,74.5657
0.238233,0,0,0,1.5708,0,-0,-9.77524e-05,90.0096,-0,-0,600,74.5717
0.238243,0,0,0,1.5708,0,-0,-9.77524e-05,90.0096,-0,-0,600,74.5777
0.238253,0,0,0,1.5708,0,-0,-9.77524e-05,90.0096,-0,-0,600,74.5837
0.238263,0,0,0,1.5708,0,-0,-9.77524e-05,90.0096,-0,-0,600,74.5897
0.238273,0,0,0,1.5708,0,-0,-9.77524e-05,90.0096,-0,-0,600,74.5957
0.238283,0,0,0,1.5708,0,-0,-9.77524e-05,90.0096,-0,-0,600,74.6017
0.238293,0,0,0,1.5708,0,-0,-9.77524e-05,90.0096,-0,-0,600,74.6077
0.238303,0,0,0,1.5708,0,-0,-9.77524e-05,90.0096,-0,-0,600,74.6137
0.238313,0,0,0,1.5708,0,-0,-9.77524e-05,90.0096,-0,-0,600,74.6197
0.238323,0,0,0,1.5708,0,-0,-9.77524e-05,90.0096,-0,-0,600,74.6256
0.238333,0,0,0,1.5708,0,-0,-9.77524e-05,90.0096,-0,-0,600,74.6316
0.238343,0,0,0,1.5708,0,-0,-9.77524e-05,90.0096,-0,-0,600,74.6376
0.238353,0,0,0,1.5708,0,-0,-9.77524e-05,90.0096,-0,-0,600,74.6436
0.238363,0,0,0,1.5708,0,-0,-9.77524e-05,90.0096,-0,-0,600,74.6496
0.238373,0,0,0,1.5708,0,-0,-9.77524e-05,90.0096,-0,-0,600,74.6556
0.238383,0,0,0,1.5708,0,-0,-9.77524e-05,90.0096,-0,-0,600,74.6616
0.238393,0,0,0,1.5708,0,-0,-9.77524e-05,90.0096,-0,-0,600,74.6676
0.238403,0,0,0,1.5708,0,-0,-9.77524e-05,90.0096,-0,-0,600,74.6736
0.238413,0,0,0,1.5708,0,-0,-9.77524e-05,90.0096,-0,-0,600,74.6796
0.238423,0,0,0,1.5708,0,-0,-9.77524e-05,90.0096,-0,-0,600,74.6856
0.238433,0,0,0,1.5708,0,-0,-9.77524e-05,90.0096,-0,-0,600,74.6916
0.238443,0,0,0,1.5708,0,-0,-9.77524e-05,90.0096,-0,-0,600,74.6976
0.238453,0,0,0,1.5708,0,-0,-9.77524e-05,90.0096,-0,-0,600,74.7036
0.238463,0,0,0,1.5708,0,-0,-9.77524e-05,90.0096,-0,-0,600,74.7096
0.238473,0,0,0,1.5708,0,-0,-9.77524e-05,90.0096,-0,-0,600,74.7156
0.238483,0,0,0,1.5708,0,-0,-9.77524e-05,90.0096,-0,-0,600,74.7216
0.238493,0,0,0,1.5708,0,-0,-9.77524e-05,90.0096,-0,-0,600,74.7276
0.238503,0,0,0,1.5708,0,-0,-9.77524e-05,90.0096,-0,-0,600,74.7336
0.238513,0,0,0,1.5708,0,-0,-9.77524e-05,90.0096,-0,-0,600,74.7396
0.238523,0,0,0,1.5708,0,-0,-9.77524e-05,90.0096,-0,-0,600,74.7456
0.238533,0,0,0,1.5708,0,-0,-9.77524e-05,90.0096,-0,-0,600,74.7516
0.238543,0,0,0,1.5708,0,-0,-9.77524e-05,90.0096,-0,-0,600,74.7576
0.238553,0,0,0,1.5708,0,-0,-9.77524e-05,90.0096,-0,-0,600,74.7636
0.238563,0,0,0,1.5708,0,-0,-9.77524e-05,90.0096,-0,-0,600,74.7696
0.238573,0,0,0,1.5708,0,-0,-9.77524e-05,90.0096,-0,-0,600,74.7756
0.238583,0,0,0,1.5708,0,-0,-9.77524e-05,90.0096,-0,-0,600,74.7816
0.238593,0,0,0,1.5708,0,-0,-9.77524e-05,90.0096,-0,-0,600,74.7876
0.238603,0,0,0,1.5708,0,-0,-9.77524e-05,90.0096,-0,-0,600,74.7936
0.238613,0,0,0,1.5708,0,-0,-9.77524e-05,90.0096,-0,-0,600,74.7996
0.238623,0,0,0,1.5708,0,-0,-9.77524e-05,90.0096,-0,-0,600,74.8055
0.238633,0,0,0,1.5708,0,-0,-9.77524e-05,90.0096,-0,-0,600,74.8115
0.238643,0,0,0,1.5708,0,-0,-9.77524e-05,90.0096,-0,-0,600,74.8175
0.238653,0,0,0,1.5708,0,-0,-9.77524e-05,90.0096,-0,-0,600,74.8235
0.238663,0,0,0,1.5708,0,-0,-9.77524e-05,90.0096,-0,-0,600,74.8295
0.238673,0,0,0,1.5708,0,-0,-9.77524e-05,90.0096,-0,-0,600,74.8355
0.238683,0,0,0,1.5708,0,-0,-9.77524e-05,90.0096,-0,-0,600,74.8415
0.238693,0,0,0,1.5708,0,-0,-9.77524e-05,90.0096,-0,-0,600,74.8475
0.238703,0,0,0,1.5708,0,-0,-9.77524e-05,90.0096,-0,-0,600,74.8535
0.238713,0,0,0,1.5708,0,-0,-9.77524e-05,90.0096,-0,-0,600,74.8595
0.238723,0,0,0,1.5708,0,-0,-9.77524e-05,90.0096,-0,-0,600,74.8655
0.238733,0,0,0,1.5708,0,-0,-9.77524e-05,90.0096,-0,-0,600,74.8715
0.238743,0,0,0,1.5708,0,-0,-9.77524e-05,90.0096,-0,-0,600,74.8775
0.238753,0,0,0,1.5708,0,-0,-9.77524e-05,90.0096,-0,-0,600,74.8835
0.238763,0,0,0,1.5708,0,-0,-9.77524e-05,90.0096,-0,-0,600,74.8895
0.238773,0,0,0,1.5708,0,-0,-9.77524e-05,90.0096,-0,-0,600,74.8955
0.238783,0,0,0,1.5708,0,-0,-9.77524e-05,90.0096,-0,-0,600,74.9015
0.238793,0,0,0,1.5708,0,-0,-9.77524e-05,90.0096,-0,-0,600,74.9075
0.238803,0,0,0,1.5708,0,-0,-9.77524e-05,90.0096,-0,-0,600,74.9135
0.238813,0,0,0,1.5708,0,-0,-9.77524e-05,90.0096,-0,-0,600,74.9195
0.238823,0,0,0,1.5708,0,-0,-9.77524e-05,90.0096,-0,-0,600,74.9255
0.238833,0,0,0,1.5708,0,-0,-9.77524e-05,90.0096,-0,-0,600,74.9315
0.238843,0,0,0,1.5708,0,-0,-9.77524e-05,90.0096,-0,-0,600,74.9375
0.238853,0,0,0,1.5708,0,-0,-9.77524e-05,90.0096,-0,-0,600,74.9435
0.238863,0,0,0,1.5708,0,-0,-9.77524e-05,90.0096,-0,-0,600,74.9495
0.238873,0,0,0,1.5708,0,-0,-9.77524e-05,90.0096,-0,-0,600,74.9555
0.238883,0,0,0,1.5708,0,-0,-9.77524e-05,90.0096,-0,-0,600,74.9615
0.238893,0,0,0,1.5708,0,-0,-9.77524e-05,90.0096,-0,-0,600,74.9675
0.238903,0,0,0,1.5708,0,-0,-9.77524e-05,90.0096,-0,-0,600,74.9735
0.238913,0,0,0,1.5708,0,-0,-9.77524e-05,90.0096,-0,-0,600,74.9795
0.238923,0,0,0,1.5708,0,-0,-9.77524e-05,90.0096,-0,-0,600,74.9855
0.238933,0,0,0,1.5708,0,-0,-9.77524e-05,90.0096,-0,-0,600,74.9914
0.238943,0,0,0,1.5708,0,-0,-9.77524e-05,90.0096,-0,-0,600,74.9974
0.238953,0,0,0,1.5708,0,-0,-9.77524e-05,90.0096,-0,-0,600,75.0034
0.238963,0,0,0,1.5708,0,-0,-9.77524e-05,90.0096,-0,-0,600,75.0094
0.238973,0,0,0,1.5708,0,-0,-9.77524e-05,90.0096,-0,-0,600,75.0154
0.238983,0,0,0,1.5708,0,-0,-9.77524e-05,90.0096,-0,-0,600,75.0214
0.238993,0,0,0,1.5708,0,-0,-9.77524e-05,90.0096,-0,-0,600,75.0274
0.239003,0,0,0,1.5708,0,-0,-9.77524e-05,90.0096,-0,-0,600,75.0334
0.239013,0,0,0,1.5708,0,-0,-9.77524e-05,90.0096,-0,-0,600,75.0394
0.239023,0,0,0,1.5708,0,-0,-9.77524e-05,90.0096,-0,-0,600,75.0454
0.239033,0,0,0,1.5708,0,-0,-9.77524e-05,90.0096,-0,-0,600,75.0514
0.239043,0,0,0,1.5708,0,-0,-9.77524e-05,90.0096,-0,-0,600,75.0574
0.239053,0,0,0,1.5708,0,-0,-9.77524e-05,90.0096,-0,-0,600,75.0634
0.239063,0,0,0,1.5708,0,-0,-9.77524e-05,90.0096,-0,-0,600,75.0694
0.239073,0,0,0,1.5708,0,-0,-9.77524e-05,90.0096,-0,-0,600,75.0754
0.239083,0,0,0,1.5708,0,-0,-9.77524e-05,90.0096,-0,-0,600,75.0814
0.239093,0,0,0,1.5708,0,-0,-9.77524e-05,90.0096,-0,-0,600,75.0874
0.239103,0,0,0,1.5708,0,-0,-9.77524e-05,90.0096,-0,-0,600,75.0934
0.239113,0,0,0,1.5708,0,-0,-9.77524e-05,90.0096,-0,-0,600,75.0994
0.239123,0,0,0,1.5708,0,-0,-9.77524e-05,90.0096,-0,-0,600,75.1054
0.239133,0,0,0,1.5708,0,-0,-9.77524e-05,90.0096,-0,-0,600,75.1114
0.239143,0,0,0,1.5708,0,-0,-9.77524e-05,90.0096,-0,-0,600,75.1174
0.239153,0,0,0,1.5708,0,-0,-9.77524e-05,90.0096,-0,-0,600,75.1234
0.239163,0,0,0,1.5708,0,-0,-9.77524e-05,90.0096,-0,-0,600,75.1294
0.239173,0,0,0,1.5708,0,-0,-9.77524e-05,90.0096,-0,-0,600,75.1354
0.239183,0,0,0,1.5708,0,-0,-9.77524e-05,90.0096,-0,-0,600,75.1414
0.239193,0,0,0,1.5708,0,-0,-9.77524e-05,90.0096,-0,-0,600,75.1474
0.239203,0,0,0,1.5708,0,-0,-9.77524e-05,90.0096,-0,-0,600,75.1534
0.239213,0,0,0,1.5708,0,-0,-9.77524e-05,90.0096,-0,-0,600,75.1594
0.239223,0,0,0,1.5708,0,-0,-9.77524e-05,90.0096,-0,-0,600,75.1654
0.239233,0,0,0,1.5708,0,-0,-9.77524e-05,90.0096,-0,-0,600,75.1713
0.239243,0,0,0,1.5708,0,-0,-9.77524e-05,90.0096,-0,-0,600,75.1773
0.239253,0,0,0,1.5708,0,-0,-9.77524e-05,90.0096,-0,-0,600,75.1833
0.239263,0,0,0,1.5708,0,-0,-9.77524e-05,90.0096,-0,-0,600,75.1893
0.239273,0,0,0,1.5708,0,-0,-9.77524e-05,90.0096,-0,-0,600,75.1953
0.239283,0,0,0,1.5708,0,-0,-9.77524e-05,90.0096,-0,-0,600,75.2013
0.239293,0,0,0,1.5708,0,-0,-9.77524e-05,90.0096,-0,-0,600,75.2073
0.239303,0,0,0,1.5708,0,-0,-9.77524e-05,90.0096,-0,-0,600,75.2133
0.239313,0,0,0,1.5708,0,-0,-9.77524e-05,90.0096,-0,-0,600,75.2193
0.239323,0,0,0,1.5708,0,-0,-9.77524e-05,90.0096,-0,-0,600,75.2253
0.239333,0,0,0,1.5708,0,-0,-9.77524e-05,90.0096,-0,-0,600,75.2313
0.239343,0,0,0,1.5708,0,-0,-9.77524e-05,90.0096,-0,-0,600,75.2373
0.239353,0,0,0,1.5708,0,-0,-9.77524e-05,90.0096,-0,-0,600,75.2433
0.239363,0,0,0,1.5708,0,-0,-9.77524e-05,90.0096,-0,-0,600,75.2493
0.239373,0,0,0,1.5708,0,-0,-9.77524e-05,90.0096,-0,-0,600,75.2553
0.239383,0,0,0,1.5708,0,-0,-9.77524e-05,90.0096,-0,-0,600,75.2613
0.239393,0,0,0,1.5708,0,-0,-9.77524e-05,90.0096,-0,-0,600,75.2673
0.239403,0,0,0,1.5708,0,-0,-9.77524e-05,90.0096,-0,-0,600,75.2733
0.239413,0,0,0,1.5708,0,-0,-9.77524e-05,90.0096,-0,-0,600,75.2793
0.239423,0,0,0,1.5708,0,-0,-9.77524e-05,90.0096,-0,-0,600,75.2853
0.239433,0,0,0,1.5708,0,-0,-9.77524e-05,90.0096,-0,-0,600,75.2913
0.239443,0,0,0,1.5708,0,-0,-9.77524e-05,90.0096,-0,-0,600,75.2973
0.239453,0,0,0,1.5708,0,-0,-9.77524e-05,90.0096,-0,-0,600,75.3033
0.239463,0,0,0,1.5708,0,-0,-9.77524e-05,90.0096,-0,-0,600,75.3093
0.239473,0,0,0,1.5708,0,-0,-9.77524e-05,90.0096,-0,-0,600,75.3153
0.239483,0,0,0,1.5708,0,-0,-9.77524e-05,90.0096,-0,-0,600,75.3213
0.239493,0,0,0,1.5708,0,-0,-9.77524e-05,90.0096,-0,-0,600,75.3273
0.239503,0,0,0,1.5708,0,-0,-9.77524e-05,90.0096,-0,-0,600,75.3333
0.239513,0,0,0,1.5708,0,-0,-9.77524e-05,90.0096,-0,-0,600,75.3393
0.239523,0,0,0,1.5708,0,-0,-9.77524e-05,90.0096,-0,-0,600,75.3453
0.239533,0,0,0,1.5708,0,-0,-9.77524e-05,90.0096,-0,-0,600,75.3512
0.239543,0,0,0,1.5708,0,-0,-9.77524e-05,90.0096,-0,-0,600,75.3572
0.239553,0,0,0,1.5708,0,-0,-9.77524e-05,90.0096,-0,-0,600,75.3632
0.239563,0,0,0,1.5708,0,-0,-9.77524e-05,90.0096,-0,-0,600,75.3692
0.239573,0,0,0,1.5708,0,-0,-9.77524e-05,90.0096,-0,-0,600,75.3752
0.239583,0,0,0,1.5708,0,-0,-9.77524e-05,90.0096,-0,-0,600,75.3812
0.239593,0,0,0,1.5708,0,-0,-9.77524e-05,90.0096,-0,-0,600,75.3872
0.239603,0,0,0,1.5708,0,-0,-9.77524e-05,90.0096,-0,-0,600,75.3932
0.239613,0,0,0,1.5708,0,-0,-9.77524e-05,90.0096,-0,-0,600,75.3992
0.239623,0,0,0,1.5708,0,-0,-9.77524e-05,90.0096,-0,-0,600,75.4052
0.239633,0,0,0,1.5708,0,-0,-9.77524e-05,90.0096,-0,-0,600,75.4112
0.239643,0,0,0,1.5708,0,-0,-9.77524e-05,90.0096,-0,-0,600,75.4172
0.239653,0,0,0,1.5708,0,-0,-9.77524e-05,90.0096,-0,-0,600,75.4232
0.239663,0,0,0,1.5708,0,-0,-9.77524e-05,90.0096,-0,-0,600,75.4292
0.239673,0,0,0,1.5708,0,-0,-9.77524e-05,90.0096,-0,-0,600,75.4352
0.239683,0,0,0,1.5708,0,-0,-9.77524e-05,90.0096,-0,-0,600,75.4412
0.239693,0,0,0,1.5708,0,-0,-9.77524e-05,90.0096,-0,-0,600,75.4472
0.239703,0,0,0,1.5708,0,-0,-9.77524e-05,90.0096,-0,-0,600,75.4532
0.239713,0,0,0,1.5708,0,-0,-9.77524e-05,90.0096,-0,-0,600,75.4592
0.239723,0,0,0,1.5708,0,-0,-9.77524e-05,90.0096,-0,-0,600,75.4652
0.239733,0,0,0,1.5708,0,-0,-9.77524e-05,90.0096,-0,-0,600,75.4712
0.239743,0,0,0,1.5708,0,-0,-9.77524e-05,90.0096,-0,-0,600,75.4772
0.239753,0,0,0,1.5708,0,-0,-9.77524e-05,90.0096,-0,-0,600,75.4832
0.239763,0,0,0,1.5708,0,-0,-9.77524e-05,90.0096,-0,-0,600,75.4892
0.239773,0,0,0,1.5708,0,-0,-9.77524e-05,90.0096,-0,-0,600,75.4952
0.239783,0,0,0,1.5708,0,-0,-9.77524e-05,90.0096,-0,-0,600,75.5012
0.239793,0,0,0,1.5708,0,-0,-9.77524e-05,90.0096,-0,-0,600,75.5072
0.239803,0,0,0,1.5708,0,-0,-9.77524e-05,90.0096,-0,-0,600,75.5132
0.239813,0,0,0,1.5708,0,-0,-9.77524e-05,90.0096,-0,-0,600,75.5192
0.239823,0,0,0,1.5708,0,-0,-9.77524e-05,90.0096,-0,-0,600,75.5252
0.239833,0,0,0,1.5708,0,-0,-9.77524e-05,90.0096,-0,-0,600,75.5312
0.239843,0,0,0,1.5708,0,-0,-9.77524e-05,90.0096,-0,-0,600,75.5371
0.239853,0,0,0,1.5708,0,-0,-9.77524e-05,90.0096,-0,-0,600,75.5431
0.239863,0,0,0,1.5708,0,-0,-9.77524e-05,90.0096,-0,-0,600,75.5491
0.239873,0,0,0,1.5708,0,-0,-9.77524e-05,90.0096,-0,-0,600,75.5551
0.239883,0,0,0,1.5708,0,-0,-9.77524e-05,90.0096,-0,-0,600,75.5611
0.239893,0,0,0,1.5708,0,-0,-9.77524e-05,90.0096,-0,-0,600,75.5671
0.239903,0,0,0,1.5708,0,-0,-9.77524e-05,90.0096,-0,-0,600,75.5731
0.239913,0,0,0,1.5708,0,-0,-9.77524e-05,90.0096,-0,-0,600,75.5791
0.239923,0,0,0,1.5708,0,-0,-9.77524e-05,90.0096,-0,-0,600,75.5851
0.239933,0,0,0,1.5708,0,-0,-9.77524e-05,90.0096,-0,-0,600,75.5911
0.239943,0,0,0,1.5708,0,-0,-9.77524e-05,90.0096,-0,-0,600,75.5971
0.239953,0,0,0,1.5708,0,-0,-9.77524e-05,90.0096,-0,-0,600,75.6031
0.239963,0,0,0,1.5708,0,-0,-9.77524e-05,90.0096,-0,-0,600,75.6091
0.239973,0,0,0,1.5708,0,-0,-9.77524e-05,90.0096,-0,-0,600,75.6151
0.239983,0,0,0,1.5708,0,-0,-9.77524e-05,90.0096,-0,-0,600,75.6211
0.239993,0,0,0,1.5708,0,-0,-9.77524e-05,90.0096,-0,-0,600,75.6271
0.240003,0,0,0,1.5708,0,-0,-9.77524e-05,90.0096,-0,-0,600,75.6331
0.240013,0,0,0,1.5708,0,-0,-9.77524e-05,90.0096,-0,-0,600,75.6391
0.240023,0,0,0,1.5708,0,-0,-9.77524e-05,90.0096,-0,-0,600,75.6451
0.240033,0,0,0,1.5708,0,-0,-9.77524e-05,90.0096,-0,-0,600,75.6511
0.240043,0,0,0,1.5708,0,-0,-9.77524e-05,90.0096,-0,-0,600,75.6571
0.240053,0,0,0,1.5708,0,-0,-9.77524e-05,90.0096,-0,-0,600,75.6631
0.240063,0,0,0,1.5708,0,-0,-9.77524e-05,90.0096,-0,-0,600,75.6691
0.240073,0,0,0,1.5708,0,-0,-9.77524e-05,90.0096,-0,-0,600,75.6751
0.240083,0,0,0,1.5708,0,-0,-9.77524e-05,90.0096,-0,-0,600,75.6811
0.240093,0,0,0,1.5708,0,-0,-9.77524e-05,90.0096,-0,-0,600,75.6871
0.240103,0,0,0,1.5708,0,-0,-9.77524e-05,90.0096,-0,-0,600,75.6931
0.240113,0,0,0,1.5708,0,-0,-9.77524e-05,90.0096,-0,-0,600,75.6991
0.240123,0,0,0,1.5708,0,-0,-9.77524e-05,90.0096,-0,-0,600,75.7051
0.240133,0,0,0,1.5708,0,-0,-9.77524e-05,90.0096,-0,-0,600,75.7111
0.240143,0,0,0,1.5708,0,-0,-9.77524e-05,90.0096,-0,-0,600,75.717
0.240153,0,0,0,1.5708,0,-0,-9.77524e-05,90.0096,-0,-0,600,75.723
0.240163,0,0,0,1.5708,0,-0,-9.77524e-05,90.0096,-0,-0,600,75.729
0.240173,0,0,0,1.5708,0,-0,-9.77524e-05,90.0096,-0,-0,600,75.735
0.240183,0,0,0,1.5708,0,-0,-9.77524e-05,90.0096,-0,-0,600,75.741
0.240193,0,0,0,1.5708,0,-0,-9.77524e-05,90.0096,-0,-0,600,75.747
0.240203,0,0,0,1.5708,0,-0,-9.77524e-05,90.0096,-0,-0,600,75.753
0.240213,0,0,0,1.5708,0,-0,-9.77524e-05,90.0096,-0,-0,600,75.759
0.240223,0,0,0,1.5708,0,-0,-9.77524e-05,90.0096,-0,-0,600,75.765
0.240233,0,0,0,1.5708,0,-0,-9.77524e-05,90.0096,-0,-0,600,75.771
0.240243,0,0,0,1.5708,0,-0,-9.77524e-05,90.0096,-0,-0,600,75.777
0.240253,0,0,0,1.5708,0,-0,-9.77524e-05,90.0096,-0,-0,600,75.783
0.240263,0,0,0,1.5708,0,-0,-9.77524e-05,90.0096,-0,-0,600,75.789
0.240273,0,0,0,1.5708,0,-0,-9.77524e-05,90.0096,-0,-0,600,75.795
0.240283,0,0,0,1.5708,0,-0,-9.77524e-05,90.0096,-0,-0,600,75.801
0.240293,0,0,0,1.5708,0,-0,-9.77524e-05,90.0096,-0,-0,600,75.807
0.240303,0,0,0,1.5708,0,-0,-9.77524e-05,90.0096,-0,-0,600,75.813
0.240313,0,0,0,1.5708,0,-0,-9.77524e-05,90.0096,-0,-0,600,75.819
0.240323,0,0,0,1.5708,0,-0,-9.77524e-05,90.0096,-0,-0,600,75.825
0.240333,0,0,0,1.5708,0,-0,-9.77524e-05,90.0096,-0,-0,600,75.831
0.240343,0,0,0,1.5708,0,-0,-9.77524e-05,90.0096,-0,-0,600,75.837
0.240353,0,0,0,1.5708,0,-0,-9.77524e-05,90.0096,-0,-0,600,75.843
0.240363,0,0,0,1.5708,0,-0,-9.77524e-05,90.0096,-0,-0,600,75.849
0.240373,0,0,0,1.5708,0,-0,-9.77524e-05,90.0096,-0,-0,600,75.855
0.240383,0,0,0,1.5708,0,-0,-9.77524e-05,90.0096,-0,-0,600,75.861
0.240393,0,0,0,1.5708,0,-0,-9.77524e-05,90.0096,-0,-0,600,75.867
0.240403,0,0,0,1.5708,0,-0,-9.77524e-05,90.0096,-0,-0,600,75.873
0.240413,0,0,0,1.5708,0,-0,-9.77524e-05,90.0096,-0,-0,600,75.879
0.240423,0,0,0,1.5708,0,-0,-9.77524e-05,90.0096,-0,-0,600,75.885
0.240433,0,0,0,1.5708,0,-0,-9.77524e-05,90.0096,-0,-0,600,75.891
0.240443,0,0,0,1.5708,0,-0,-9.77524e-05,90.0096,-0,-0,600,75.8969
0.240453,0,0,0,1.5708,0,-0,-9.77524e-05,90.0096,-0,-0,600,75.9029
0.240463,0,0,0,1.5708,0,-0,-9.77524e-05,90.0096,-0,-0,600,75.9089
0.240473,0,0,0,1.5708,0,-0,-9.77524e-05,90.0096,-0,-0,600,75.9149
0.240483,0,0,0,1.5708,0,-0,-9.77524e-05,90.0096,-0,-0,600,75.9209
0.240493,0,0,0,1.5708,0,-0,-9.77524e-05,90.0096,-0,-0,600,75.9269
0.240503,0,0,0,1.5708,0,-0,-9.77524e-05,90.0096,-0,-0,600,75.9329
0.240513,0,0,0,1.5708,0,-0,-9.77524e-05,90.0096,-0,-0,600,75.9389
0.240523,0,0,0,1.5708,0,-0,-9.77524e-05,90.0096,-0,-0,600,75.9449
0.240533,0,0,0,1.5708,0,-0,-9.77524e-05,90.0096,-0,-0,600,75.9509
0.240543,0,0,0,1.5708,0,-0,-9.77524e-05,90.0096,-0,-0,600,75.9569
0.240553,0,0,0,1.5708,0,-0,-9.77524e-05,90.0096,-0,-0,600,75.9629
0.240563,0,0,0,1.5708,0,-0,-9.77524e-05,90.0096,-0,-0,600,75.9689
0.240573,0,0,0,1.5708,0,-0,-9.77524e-05,90.0096,-0,-0,600,75.9749
0.240583,0,0,0,1.5708,0,-0,-9.77524e-05,90.0096,-0,-0,600,75.9809
0.240593,0,0,0,1.5708,0,-0,-9.77524e-05,90.0096,-0,-0,600,75.9869
0.240603,0,0,0,1.5708,0,-0,-9.77524e-05,90.0096,-0,-0,600,75.9929
0.240613,0,0,0,1.5708,0,-0,-9.77524e-05,90.0096,-0,-0,600,75.9989
0.240623,0,0,0,1.5708,0,-0,-9.77524e-05,90.0096,-0,-0,600,76.0049
0.240633,0,0,0,1.5708,0,-0,-9.77524e-05,90.0096,-0,-0,600,76.0109
0.240643,0,0,0,1.5708,0,-0,-9.77524e-05,90.0096,-0,-0,600,76.0169
0.240653,0,0,0,1.5708,0,-0,-9.77524e-05,90.0096,-0,-0,600,76.0229
0.240663,0,0,0,1.5708,0,-0,-9.77524e-05,90.0096,-0,-0,600,76.0289
0.240673,0,0,0,1.5708,0,-0,-9.77524e-05,90.0096,-0,-0,600,76.0349
0.240683,0,0,0,1.5708,0,-0,-9.77524e-05,90.0096,-0,-0,600,76.0409
0.240693,0,0,0,1.5708,0,-0,-9.77524e-05,90.0096,-0,-0,600,76.0469
0.240703,0,0,0,1.5708,0,-0,-9.77524e-05,90.0096,-0,-0,600,76.0529
0.240713,0,0,0,1.5708,0,-0,-9.77524e-05,90.0096,-0,-0,600,76.0589
0.240723,0,0,0,1.5708,0,-0,-9.77524e-05,90.0096,-0,-0,600,76.0649
0.240733,0,0,0,1.5708,0,-0,-9.77524e-05,90.0096,-0,-0,600,76.0709
0.240743,0,0,0,1.5708,0,-0,-9.77524e-05,90.0096,-0,-0,600,76.0769
0.240753,0,0,0,1.5708,0,-0,-9.77524e-05,90.0096,-0,-0,600,76.0828
0.240763,0,0,0,1.5708,0,-0,-9.77524e-05,90.0096,-0,-0,600,76.0888
0.240773,0,0,0,1.5708,0,-0,-9.77524e-05,90.0096,-0,-0,600,76.0948
0.240783,0,0,0,1.5708,0,-0,-9.77524e-05,90.0096,-0,-0,600,76.1008
0.240793,0,0,0,1.5708,0,-0,-9.77524e-05,90.0096,-0,-0,600,76.1068
0.240803,0,0,0,1.5708,0,-0,-9.77524e-05,90.0096,-0,-0,600,76.1128
0.240813,0,0,0,1.5708,0,-0,-9.77524e-05,90.0096,-0,-0,600,76.1188
0.240823,0,0,0,1.5708,0,-0,-9.77524e-05,90.0096,-0,-0,600,76.1248
0.240833,0,0,0,1.5708,0,-0,-9.77524e-05,90.0096,-0,-0,600,76.1308
0.240843,0,0,0,1.5708,0,-0,-9.77524e-05,90.0096,-0,-0,600,76.1368
0.240853,0,0,0,1.5708,0,-0,-9.77524e-05,90.0096,-0,-0,600,76.1428
0.240863,0,0,0,1.5708,0,-0,-9.77524e-05,90.0096,-0,-0,600,76.1488
0.240873,0,0,0,1.5708,0,-0,-9.77524e-05,90.0096,-0,-0,600,76.1548
0.240883,0,0,0,1.5708,0,-0,-9.77524e-05,90.0096,-0,-0,600,76.1608
0.240893,0,0,0,1.5708,0,-0,-9.77524e-05,90.0096,-0,-0,600,76.1668
0.240903,0,0,0,1.5708,0,-0,-9.77524e-05,90.0096,-0,-0,600,76.1728
0.240913,0,0,0,1.5708,0,-0,-9.77524e-05,90.0096,-0,-0,600,76.1788
0.240923,0,0,0,1.5708,0,-0,-9.77524e-05,90.0096,-0,-0,600,76.1848
0.240933,0,0,0,1.5708,0,-0,-9.77524e-05,90.0096,-0,-0,600,76.1908
0.240943,0,0,0,1.5708,0,-0,-9.77524e-05,90.0096,-0,-0,600,76.1968
0.240953,0,0,0,1.5708,0,-0,-9.77524e-05,90.0096,-0,-0,600,76.2028
0.240963,0,0,0,1.5708,0,-0,-9.77524e-05,90.0096,-0,-0,600,76.2088
0.240973,0,0,0,1.5708,0,-0,-9.77524e-05,90.0096,-0,-0,600,76.2148
0.240983,0,0,0,1.5708,0,-0,-9.77524e-05,90.0096,-0,-0,600,76.2208
0.240993,0,0,0,1.5708,0,-0,-9.77524e-05,90.0096,-0,-0,600,76.2268
0.241003,0,0,0,1.5708,0,-0,-9.77524e-05,90.0096,-0,-0,600,76.2328
0.241013,0,0,0,1.5708,0,-0,-9.77524e-05,90.0096,-0,-0,600,76.2388
0.241023,0,0,0,1.5708,0,-0,-9.77524e-05,90.0096,-0,-0,600,76.2448
0.241033,0,0,0,1.5708,0,-0,-9.77524e-05,90.0096,-0,-0,600,76.2508
0.241043,0,0,0,1.5708,0,-0,-9.77524e-05,90.0096,-0,-0,600,76.2568
0.241053,0,0,0,1.5708,0,-0,-9.77524e-05,90.0096,-0,-0,600,76.2627
0.241063,0,0,0,1.5708,0,-0,-9.77524e-05,90.0096,-0,-0,600,76.2687
0.241073,0,0,0,1.5708,0,-0,-9.77524e-05,90.0096,-0,-0,600,76.2747
0.241083,0,0,0,1.5708,0,-0,-9.77524e-05,90.0096,-0,-0,600,76.2807
0.241093,0,0,0,1.5708,0,-0,-9.77524e-05,90.0096,-0,-0,600,76.2867
0.241103,0,0,0,1.5708,0,-0,-9.77524e-05,90.0096,-0,-0,600,76.2927
0.241113,0,0,0,1.5708,0,-0,-9.77524e-05,90.0096,-0,-0,600,76.2987
0.241123,0,0,0,1.5708,0,-0,-9.77524e-05,90.0096,-0,-0,600,76.3047
0.241133,0,0,0,1.5708,0,-0,-9.77524e-05,90.0096,-0,-0,600,76.3107
0.241143,0,0,0,1.5708,0,-0,-9.77524e-05,90.0096,-0,-0,600,76.3167
0.241153,0,0,0,1.5708,0,-0,-9.77524e-05,90.0096,-0,-0,600,76.3227
0.241163,0,0,0,1.5708,0,-0,-9.77524e-05,90.0096,-0,-0,600,76.3287
0.241173,0,0,0,1.5708,0,-0,-9.77524e-05,90.0096,-0,-0,600,76.3347
0.241183,0,0,0,1.5708,0,-0,-9.77524e-05,90.0096,-0,-0,600,76.3407
0.241193,0,0,0,1.5708,0,-0,-9.77524e-05,90.0096,-0,-0,600,76.3467
0.241203,0,0,0,1.5708,0,-0,-9.77524e-05,90.0096,-0,-0,600,76.3527
0.241213,0,0,0,1.5708,0,-0,-9.77524e-05,90.0096,-0,-0,600,76.3587
0.241223,0,0,0,1.5708,0,-0,-9.77524e-05,90.0096,-0,-0,600,76.3647
0.241233,0,0,0,1.5708,0,-0,-9.77524e-05,90.0096,-0,-0,600,76.3707
0.241243,0,0,0,1.5708,0,-0,-9.77524e-05,90.0096,-0,-0,600,76.3767
0.241253,0,0,0,1.5708,0,-0,-9.77524e-05,90.0096,-0,-0,600,76.3827
0.241263,0,0,0,1.5708,0,-0,-9.77524e-05,90.0096,-0,-0,600,76.3887
0.241273,0,0,0,1.5708,0,-0,-9.77524e-05,90.0096,-0,-0,600,76.3947
0.241283,0,0,0,1.5708,0,-0,-9.77524e-05,90.0096,-0,-0,600,76.4007
0.241293,0,0,0,1.5708,0,-0,-9.77524e-05,90.0096,-0,-0,600,76.4067
0.241303,0,0,0,1.5708,0,-0,-9.77524e-05,90.0096,-0,-0,600,76.4127
0.241313,0,0,0,1.5708,0,-0,-9.77524e-05,90.0096,-0,-0,600,76.4187
0.241323,0,0,0,1.5708,0,-0,-9.77524e-05,90.0096,-0,-0,600,76.4247
0.241333,0,0,0,1.5708,0,-0,-9.77524e-05,90.0096,-0,-0,600,76.4307
0.241343,0,0,0,1.5708,0,-0,-9.77524e-05,90.0096,-0,-0,600,76.4367
0.241353,0,0,0,1.5708,0,-0,-9.77524e-05,90.0096,-0,-0,600,76.4426
0.241363,0,0,0,1.5708,0,-0,-9.77524e-05,90.0096,-0,-0,600,76.4486
0.241373,0,0,0,1.5708,0,-0,-9.77524e-05,90.0096,-0,-0,600,76.4546
0.241383,0,0,0,1.5708,0,-0,-9.77524e-05,90.0096,-0,-0,600,76.4606
0.241393,0,0,0,1.5708,0,-0,-9.77524e-05,90.0096,-0,-0,600,76.4666
0.241403,0,0,0,1.5708,0,-0,-9.77524e-05,90.0096,-0,-0,600,76.4726
0.241413,0,0,0,1.5708,0,-0,-9.77524e-05,90.0096,-0,-0,600,76.4786
0.241423,0,0,0,1.5708,0,-0,-9.77524e-05,90.0096,-0,-0,600,76.4846
0.241433,0,0,0,1.5708,0,-0,-9.77524e-05,90.0096,-0,-0,600,76.4906
0.241443,0,0,0,1.5708,0,-0,-9.77524e-05,90.0096,-0,-0,600,76.4966
0.241453,0,0,0,1.5708,0,-0,-9.77524e-05,90.0096,-0,-0,600,76.5026
0.241463,0,0,0,1.5708,0,-0,-9.77524e-05,90.0096,-0,-0,600,76.5086
0.241473,0,0,0,1.5708,0,-0,-9.77524e-05,90.0096,-0,-0,600,76.5146
0.241483,0,0,0,1.5708,0,-0,-9.77524e-05,90.0096,-0,-0,600,76.5206
0.241493,0,0,0,1.5708,0,-0,-9.77524e-05,90.0096,-0,-0,600,76.5266
0.241503,0,0,0,1.5708,0,-0,-9.77524e-05,90.0096,-0,-0,600,76.5326
0.241513,0,0,0,1.5708,0,-0,-9.77524e-05,90.0096,-0,-0,600,76.5386
0.241523,0,0,0,1.5708,0,-0,-9.77524e-05,90.0096,-0,-0,600,76.5446
0.241533,0,0,0,1.5708,0,-0,-9.77524e-05,90.0096,-0,-0,600,76.5506
0.241543,0,0,0,1.5708,0,-0,-9.77524e-05,90.0096,-0,-0,600,76.5566
0.241553,0,0,0,1.5708,0,-0,-9.77524e-05,90.0096,-0,-0,600,76.5626
0.241563,0,0,0,1.5708,0,-0,-9.77524e-05,90.0096,-0,-0,600,76.5686
0.241573,0,0,0,1.5708,0,-0,-9.77524e-05,90.0096,-0,-0,600,76.5746
0.241583,0,0,0,1.5708,0,-0,-9.77524e-05,90.0096,-0,-0,600,76.5806
0.241593,0,0,0,1.5708,0,-0,-9.77524e-05,90.0096,-0,-0,600,76.5866
0.241603,0,0,0,1.5708,0,-0,-9.77524e-05,90.0096,-0,-0,600,76.5926
0.241613,0,0,0,1.5708,0,-0,-9.77524e-05,90.0096,-0,-0,600,76.5986
0.241623,0,0,0,1.5708,0,-0,-9.77524e-05,90.0096,-0,-0,600,76.6046
0.241633,0,0,0,1.5708,0,-0,-9.77524e-05,90.0096,-0,-0,600,76.6106
0.241643,0,0,0,1.5708,0,-0,-9.77524e-05,90.0096,-0,-0,600,76.6166
0.241653,0,0,0,1.5708,0,-0,-9.77524e-05,90.0096,-0,-0,600,76.6226
0.241663,0,0,0,1.5708,0,-0,-9.77524e-05,90.0096,-0,-0,600,76.6285
0.241673,0,0,0,1.5708,0,-0,-9.77524e-05,90.0096,-0,-0,600,76.6345
0.241683,0,0,0,1.5708,0,-0,-9.77524e-05,90.0096,-0,-0,600,76.6405
0.241693,0,0,0,1.5708,0,-0,-9.77524e-05,90.0096,-0,-0,600,76.6465
0.241703,0,0,0,1.5708,0,-0,-9.77524e-05,90.0096,-0,-0,600,76.6525
0.241713,0,0,0,1.5708,0,-0,-9.77524e-05,90.0096,-0,-0,600,76.6585
0.241723,0,0,0,1.5708,0,-0,-9.77524e-05,90.0096,-0,-0,600,76.6645
0.241733,0,0,0,1.5708,0,-0,-9.77524e-05,90.0096,-0,-0,600,76.6705
0.241743,0,0,0,1.5708,0,-0,-9.77524e-05,90.0096,-0,-0,600,76.6765
0.241753,0,0,0,1.5708,0,-0,-9.77524e-05,90.0096,-0,-0,600,76.6825
0.241763,0,0,0,1.5708,0,-0,-9.77524e-05,90.0096,-0,-0,600,76.6885
0.241773,0,0,0,1.5708,0,-0,-9.77524e-05,90.0096,-0,-0,600,76.6945
0.241783,0,0,0,1.5708,0,-0,-9.77524e-05,90.0096,-0,-0,600,76.7005
0.241793,0,0,0,1.5708,0,-0,-9.77524e-05,90.0096,-0,-0,600,76.7065
0.241803,0,0,0,1.5708,0,-0,-9.77524e-05,90.0096,-0,-0,600,76.7125
0.241813,0,0,0,1.5708,0,-0,-9.77524e-05,90.0096,-0,-0,600,76.7185
0.241823,0,0,0,1.5708,0,-0,-9.77524e-05,90.0096,-0,-0,600,76.7245
0.241833,0,0,0,1.5708,0,-0,-9.77524e-05,90.0096,-0,-0,600,76.7305
0.241843,0,0,0,1.5708,0,-0,-9.77524e-05,90.0096,-0,-0,600,76.7365
0.241853,0,0,0,1.5708,0,-0,-9.77524e-05,90.0096,-0,-0,600,76.7425
0.241863,0,0,0,1.5708,0,-0,-9.77524e-05,90.0096,-0,-0,600,76.7485
0.241873,0,0,0,1.5708,0,-0,-9.77524e-05,90.0096,-0,-0,600,76.7545
0.241883,0,0,0,1.5708,0,-0,-9.77524e-05,90.0096,-0,-0,600,76.7605
0.241893,0,0,0,1.5708,0,-0,-9.77524e-05,90.0096,-0,-0,600,76.7665
0.241903,0,0,0,1.5708,0,-0,-9.77524e-05,90.0096,-0,-0,600,76.7725
0.241913,0,0,0,1.5708,0,-0,-9.77524e-05,90.0096,-0,-0,600,76.7785
0.241923,0,0,0,1.5708,0,-0,-9.77524e-05,90.0096,-0,-0,600,76.7845
0.241933,0,0,0,1.5708,0,-0,-9.77524e-05,90.0096,-0,-0,600,76.7905
0.241943,0,0,0,1.5708,0,-0,-9.77524e-05,90.0096,-0,-0,600,76.7965
0.241953,0,0,0,1.5708,0,-0,-9.77524e-05,90.0096,-0,-0,600,76.8025
0.241963,0,0,0,1.5708,0,-0,-9.77524e-05,90.0096,-0,-0,600,76.8084
0.241973,0,0,0,1.5708,0,-0,-9.77524e-05,90.0096,-0,-0,600,76.8144
0.241983,0,0,0,1.5708,0,-0,-9.77524e-05,90.0096,-0,-0,600,76.8204
0.241993,0,0,0,1.5708,0,-0,-9.77524e-05,90.0096,-0,-0,600,76.8264
0.242003,0,0,0,1.5708,0,-0,-9.77524e-05,90.0096,-0,-0,600,76.8324
0.242013,0,0,0,1.5708,0,-0,-9.77524e-05,90.0096,-0,-0,600,76.8384
0.242023,0,0,0,1.5708,0,-0,-9.77524e-05,90.0096,-0,-0,600,76.8444
0.242033,0,0,0,1.5708,0,-0,-9.77524e-05,90.0096,-0,-0,600,76.8504
0.242043,0,0,0,1.5708,0,-0,-9.77524e-05,90.0096,-0,-0,600,76.8564
0.242053,0,0,0,1.5708,0,-0,-9.77524e-05,90.0096,-0,-0,600,76.8624
0.242063,0,0,0,1.5708,0,-0,-9.77524e-05,90.0096,-0,-0,600,76.8684
0.242073,0,0,0,1.5708,0,-0,-9.77524e-05,90.0096,-0,-0,600,76.8744
0.242083,0,0,0,1.5708,0,-0,-9.77524e-05,90.0096,-0,-0,600,76.8804
0.242093,0,0,0,1.5708,0,-0,-9.77524e-05,90.0096,-0,-0,600,76.8864
0.242103,0,0,0,1.5708,0,-0,-9.77524e-05,90.0096,-0,-0,600,76.8924
0.242113,0,0,0,1.5708,0,-0,-9.77524e-05,90.0096,-0,-0,600,76.8984
0.242123,0,0,0,1.5708,0,-0,-9.77524e-05,90.0096,-0,-0,600,76.9044
0.242133,0,0,0,1.5708,0,-0,-9.77524e-05,90.0096,-0,-0,600,76.9104
0.242143,0,0,0,1.5708,0,-0,-9.77524e-05,90.0096,-0,-0,600,76.9164
0.242153,0,0,0,1.5708,0,-0,-9.77524e-05,90.0096,-0,-0,600,76.9224
0.242163,0,0,0,1.5708,0,-0,-9.77524e-05,90.0096,-0,-0,600,76.9284
0.242173,0,0,0,1.5708,0,-0,-9.77524e-05,90.0096,-0,-0,600,76.9344
0.242183,0,0,0,1.5708,0,-0,-9.77524e-05,90.0096,-0,-0,600,76.9404
0.242193,0,0,0,1.5708,0,-0,-9.77524e-05,90.0096,-0,-0,600,76.9464
0.242203,0,0,0,1.5708,0,-0,-9.77524e-05,90.0096,-0,-0,600,76.9524
0.242213,0,0,0,1.5708,0,-0,-9.77524e-05,90.0096,-0,-0,600,76.9584
0.242223,0,0,0,1.5708,0,-0,-9.77524e-05,90.0096,-0,-0,600,76.9644
0.242233,0,0,0,1.5708,0,-0,-9.77524e-05,90.0096,-0,-0,600,76.9704
0.242243,0,0,0,1.5708,0,-0,-9.77524e-05,90.0096,-0,-0,600,76.9764
0.242253,0,0,0,1.5708,0,-0,-9.77524e-05,90.0096,-0,-0,600,76.9824
0.242263,0,0,0,1.5708,0,-0,-9.77524e-05,90.0096,-0,-0,600,76.9883
0.242273,0,0,0,1.5708,0,-0,-9.77524e-05,90.0096,-0,-0,600,76.9943
0.242283,0,0,0,1.5708,0,-0,-9.77524e-05,90.0096,-0,-0,600,77.0003
0.242293,0,0,0,1.5708,0,-0,-9.77524e-05,90.0096,-0,-0,600,77.0063
0.242303,0,0,0,1.5708,0,-0,-9.77524e-05,90.0096,-0,-0,600,77.0123
0.242313,0,0,0,1.5708,0,-0,-9.77524e-05,90.0096,-0,-0,600,77.0183
0.242323,0,0,0,1.5708,0,-0,-9.77524e-05,90.0096,-0,-0,600,77.0243
0.242333,0,0,0,1.5708,0,-0,-9.77524e-05,90.0096,-0,-0,600,77.0303
0.242343,0,0,0,1.5708,0,-0,-9.77524e-05,90.0096,-0,-0,600,77.0363
0.242353,0,0,0,1.5708,0,-0,-9.77524e-05,90.0096,-0,-0,600,77.0423
0.242363,0,0,0,1.5708,0,-0,-9.77524e-05,90.0096,-0,-0,600,77.0483
0.242373,0,0,0,1.5708,0,-0,-9.77524e-05,90.0096,-0,-0,600,77.0543
0.242383,0,0,0,1.5708,0,-0,-9.77524e-05,90.0096,-0,-0,600,77.0603
0.242393,0,0,0,1.5708,0,-0,-9.77524e-05,90.0096,-0,-0,600,77.0663
0.242403,0,0,0,1.5708,0,-0,-9.77524e-05,90.0096,-0,-0,600,77.0723
0.242413,0,0,0,1.5708,0,-0,-9.77524e-05,90.0096,-0,-0,600,77.0783
0.242423,0,0,0,1.5708,0,-0,-9.77524e-05,90.0096,-0,-0,600,77.0843
0.242433,0,0,0,1.5708,0,-0,-9.77524e-05,90.0096,-0,-0,600,77.0903
0.242443,0,0,0,1.5708,0,-0,-9.77524e-05,90.0096,-0,-0,600,77.0963
0.242453,0,0,0,1.5708,0,-0,-9.77524e-05,90.0096,-0,-0,600,77.1023
0.242463,0,0,0,1.5708,0,-0,-9.77524e-05,90.0096,-0,-0,600,77.1083
0.242473,0,0,0,1.5708,0,-0,-9.77524e-05,90.0096,-0,-0,600,77.1143
0.242483,0,0,0,1.5708,0,-0,-9.77524e-05,90.0096,-0,-0,600,77.1203
0.242493,0,0,0,1.5708,0,-0,-9.77524e-05,90.0096,-0,-0,600,77.1263
0.242503,0,0,0,1.5708,0,-0,-9.77524e-05,90.0096,-0,-0,600,77.1323
0.242513,0,0,0,1.5708,0,-0,-9.77524e-05,90.0096,-0,-0,600,77.1383
0.242523,0,0,0,1.5708,0,-0,-9.77524e-05,90.0096,-0,-0,600,77.1443
0.242533,0,0,0,1.5708,0,-0,-9.77524e-05,90.0096,-0,-0,600,77.1503
0.242543,0,0,0,1.5708,0,-0,-9.77524e-05,90.0096,-0,-0,600,77.1563
0.242553,0,0,0,1.5708,0,-0,-9.77524e-05,90.0096,-0,-0,600,77.1623
0.242563,0,0,0,1.5708,0,-0,-9.77524e-05,90.0096,-0,-0,600,77.1683
0.242573,0,0,0,1.5708,0,-0,-9.77524e-05,90.0096,-0,-0,600,77.1742
0.242583,0,0,0,1.5708,0,-0,-9.77524e-05,90.0096,-0,-0,600,77.1802
0.242593,0,0,0,1.5708,0,-0,-9.77524e-05,90.0096,-0,-0,600,77.1862
0.242603,0,0,0,1.5708,0,-0,-9.77524e-05,90.0096,-0,-0,600,77.1922
0.242613,0,0,0,1.5708,0,-0,-9.77524e-05,90.0096,-0,-0,600,77.1982
0.242623,0,0,0,1.5708,0,-0,-9.77524e-05,90.0096,-0,-0,600,77.2042
0.242633,0,0,0,1.5708,0,-0,-9.77524e-05,90.0096,-0,-0,600,77.2102
0.242643,0,0,0,1.5708,0,-0,-9.77524e-05,90.0096,-0,-0,600,77.2162
0.242653,0,0,0,1.5708,0,-0,-9.77524e-05,90.0096,-0,-0,600,77.2222
0.242663,0,0,0,1.5708,0,-0,-9.77524e-05,90.0096,-0,-0,600,77.2282
0.242673,0,0,0,1.5708,0,-0,-9.77524e-05,90.0096,-0,-0,600,77.2342
0.242683,0,0,0,1.5708,0,-0,-9.77524e-05,90.0096,-0,-0,600,77.2402
0.242693,0,0,0,1.5708,0,-0,-9.77524e-05,90.0096,-0,-0,600,77.2462
0.242703,0,0,0,1.5708,0,-0,-9.77524e-05,90.0096,-0,-0,600,77.2522
0.242713,0,0,0,1.5708,0,-0,-9.77524e-05,90.0096,-0,-0,600,77.2582
0.242723,0,0,0,1.5708,0,-0,-9.77524e-05,90.0096,-0,-0,600,77.2642
0.242733,0,0,0,1.5708,0,-0,-9.77524e-05,90.0096,-0,-0,600,77.2702
0.242743,0,0,0,1.5708,0,-0,-9.77524e-05,90.0096,-0,-0,600,77.2762
0.242753,0,0,0,1.5708,0,-0,-9.77524e-05,90.0096,-0,-0,600,77.2822
0.242763,0,0,0,1.5708,0,-0,-9.77524e-05,90.0096,-0,-0,600,77.2882
0.242773,0,0,0,1.5708,0,-0,-9.77524e-05,90.0096,-0,-0,600,77.2942
0.242783,0,0,0,1.5708,0,-0,-9.77524e-05,90.0096,-0,-0,600,77.3002
0.242793,0,0,0,1.5708,0,-0,-9.77524e-05,90.0096,-0,-0,600,77.3062
0.242803,0,0,0,1.5708,0,-0,-9.77524e-05,90.0096,-0,-0,600,77.3122
0.242813,0,0,0,1.5708,0,-0,-9.77524e-05,90.0096,-0,-0,600,77.3182
0.242823,0,0,0,1.5708,0,-0,-9.77524e-05,90.0096,-0,-0,600,77.3242
0.242833,0,0,0,1.5708,0,-0,-9.77524e-05,90.0096,-0,-0,600,77.3302
0.242843,0,0,0,1.5708,0,-0,-9.77524e-05,90.0096,-0,-0,600,77.3362
0.242853,0,0,0,1.5708,0,-0,-9.77524e-05,90.0096,-0,-0,600,77.3422
0.242863,0,0,0,1.5708,0,-0,-9.77524e-05,90.0096,-0,-0,600,77.3482
0.242873,0,0,0,1.5708,0,-0,-9.77524e-05,90.0096,-0,-0,600,77.3541
0.242883,0,0,0,1.5708,0,-0,-9.77524e-05,90.0096,-0,-0,600,77.3601
0.242893,0,0,0,1.5708,0,-0,-9.77524e-05,90.0096,-0,-0,600,77.3661
0.242903,0,0,0,1.5708,0,-0,-9.77524e-05,90.0096,-0,-0,600,77.3721
0.242913,0,0,0,1.5708,0,-0,-9.77524e-05,90.0096,-0,-0,600,77.3781
0.242923,0,0,0,1.5708,0,-0,-9.77524e-05,90.0096,-0,-0,600,77.3841
0.242933,0,0,0,1.5708,0,-0,-9.77524e-05,90.0096,-0,-0,600,77.3901
0.242943,0,0,0,1.5708,0,-0,-9.77524e-05,90.0096,-0,-0,600,77.3961
0.242953,0,0,0,1.5708,0,-0,-9.77524e-05,90.0096,-0,-0,600,77.4021
0.242963,0,0,0,1.5708,0,-0,-9.77524e-05,90.0096,-0,-0,600,77.4081
0.242973,0,0,0,1.5708,0,-0,-9.77524e-05,90.0096,-0,-0,600,77.4141
0.242983,0,0,0,1.5708,0,-0,-9.77524e-05,90.0096,-0,-0,600,77.4201
0.242993,0,0,0,1.5708,0,-0,-9.77524e-05,90.0096,-0,-0,600,77.4261
0.243003,0,0,0,1.5708,0,-0,-9.77524e-05,90.0096,-0,-0,600,77.4321
0.243013,0,0,0,1.5708,0,-0,-9.77524e-05,90.0096,-0,-0,600,77.4381
0.243023,0,0,0,1.5708,0,-0,-9.77524e-05,90.0096,-0,-0,600,77.4441
0.243033,0,0,0,1.5708,0,-0,-9.77524e-05,90.0096,-0,-0,600,77.4501
0.243043,0,0,0,1.5708,0,-0,-9.77524e-05,90.0096,-0,-0,600,77.4561
0.243053,0,0,0,1.5708,0,-0,-9.77524e-05,90.0096,-0,-0,600,77.4621
0.243063,0,0,0,1.5708,0,-0,-9.77524e-05,90.0096,-0,-0,600,77.4681
0.243073,0,0,0,1.5708,0,-0,-9.77524e-05,90.0096,-0,-0,600,77.4741
0.243083,0,0,0,1.5708,0,-0,-9.77524e-05,90.0096,-0,-0,600,77.4801
0.243093,0,0,0,1.5708,0,-0,-9.77524e-05,90.0096,-0,-0,600,77.4861
0.243103,0,0,0,1.5708,0,-0,-9.77524e-05,90.0096,-0,-0,600,77.4921
0.243113,0,0,0,1.5708,0,-0,-9.77524e-05,90.0096,-0,-0,600,77.4981
0.243123,0,0,0,1.5708,0,-0,-9.77524e-05,90.0096,-0,-0,600,77.5041
0.243133,0,0,0,1.5708,0,-0,-9.77524e-05,90.0096,-0,-0,600,77.5101
0.243143,0,0,0,1.5708,0,-0,-9.77524e-05,90.0096,-0,-0,600,77.5161
0.243153,0,0,0,1.5708,0,-0,-9.77524e-05,90.0096,-0,-0,600,77.5221
0.243163,0,0,0,1.5708,0,-0,-9.77524e-05,90.0096,-0,-0,600,77.5281
0.243173,0,0,0,1.5708,0,-0,-9.77524e-05,90.0096,-0,-0,600,77.534
0.243183,0,0,0,1.5708,0,-0,-9.77524e-05,90.0096,-0,-0,600,77.54
0.243193,0,0,0,1.5708,0,-0,-9.77524e-05,90.0096,-0,-0,600,77.546
0.243203,0,0,0,1.5708,0,-0,-9.77524e-05,90.0096,-0,-0,600,77.552
0.243213,0,0,0,1.5708,0,-0,-9.77524e-05,90.0096,-0,-0,600,77.558
0.243223,0,0,0,1.5708,0,-0,-9.77524e-05,90.0096,-0,-0,600,77.564
0.243233,0,0,0,1.5708,0,-0,-9.77524e-05,90.0096,-0,-0,600,77.57
0.243243,0,0,0,1.5708,0,-0,-9.77524e-05,90.0096,-0,-0,600,77.576
0.243253,0,0,0,1.5708,0,-0,-9.77524e-05,90.0096,-0,-0,600,77.582
0.243263,0,0,0,1.5708,0,-0,-9.77524e-05,90.0096,-0,-0,600,77.588
0.243273,0,0,0,1.5708,0,-0,-9.77524e-05,90.0096,-0,-0,600,77.594
0.243283,0,0,0,1.5708,0,-0,-9.77524e-05,90.0096,-0,-0,600,77.6
0.243293,0,0,0,1.5708,0,-0,-9.77524e-05,90.0096,-0,-0,600,77.606
0.243303,0,0,0,1.5708,0,-0,-9.77524e-05,90.0096,-0,-0,600,77.612
0.243313,0,0,0,1.5708,0,-0,-9.77524e-05,90.0096,-0,-0,600,77.618
0.243323,0,0,0,1.5708,0,-0,-9.77524e-05,90.0096,-0,-0,600,77.624
0.243333,0,0,0,1.5708,0,-0,-9.77524e-05,90.0096,-0,-0,600,77.63
0.243343,0,0,0,1.5708,0,-0,-9.77524e-05,90.0096,-0,-0,600,77.636
0.243353,0,0,0,1.5708,0,-0,-9.77524e-05,90.0096,-0,-0,600,77.642
0.243363,0,0,0,1.5708,0,-0,-9.77524e-05,90.0096,-0,-0,600,77.648
0.243373,0,0,0,1.5708,0,-0,-9.77524e-05,90.0096,-0,-0,600,77.654
0.243383,0,0,0,1.5708,0,-0,-9.77524e-05,90.0096,-0,-0,600,77.66
0.243393,0,0,0,1.5708,0,-0,-9.77524e-05,90.0096,-0,-0,600,77.666
0.243403,0,0,0,1.5708,0,-0,-9.77524e-05,90.0096,-0,-0,600,77.672
0.243413,0,0,0,1.5708,0,-0,-9.77524e-05,90.0096,-0,-0,600,77.678
0.243423,0,0,0,1.5708,0,-0,-9.77524e-05,90.0096,-0,-0,600,77.684
0.243433,0,0,0,1.5708,0,-0,-9.77524e-05,90.0096,-0,-0,600,77.69
0.243443,0,0,0,1.5708,0,-0,-9.77524e-05,90.0096,-0,-0,600,77.696
0.243453,0,0,0,1.5708,0,-0,-9.77524e-05,90.0096,-0,-0,600,77.702
0.243463,0,0,0,1.5708,0,-0,-9.77524e-05,90.0096,-0,-0,600,77.708
0.243473,0,0,0,1.5708,0,-0,-9.77524e-05,90.0096,-0,-0,600,77.714
0.243483,0,0,0,1.5708,0,-0,-9.77524e-05,90.0096,-0,-0,600,77.7199
0.243493,0,0,0,1.5708,0,-0,-9.77524e-05,90.0096,-0,-0,600,77.7259
0.243503,0,0,0,1.5708,0,-0,-9.77524e-05,90.0096,-0,-0,600,77.7319
0.243513,0,0,0,1.5708,0,-0,-9.77524e-05,90.0096,-0,-0,600,77.7379
0.243523,0,0,0,1.5708,0,-0,-9.77524e-05,90.0096,-0,-0,600,77.7439
0.243533,0,0,0,1.5708,0,-0,-9.77524e-05,90.0096,-0,-0,600,77.7499
0.243543,0,0,0,1.5708,0,-0,-9.77524e-05,90.0096,-0,-0,600,77.7559
0.243553,0,0,0,1.5708,0,-0,-9.77524e-05,90.0096,-0,-0,600,77.7619
0.243563,0,0,0,1.5708,0,-0,-9.77524e-05,90.0096,-0,-0,600,77.7679
0.243573,0,0,0,1.5708,0,-0,-9.77524e-05,90.0096,-0,-0,600,77.7739
0.243583,0,0,0,1.5708,0,-0,-9.77524e-05,90.0096,-0,-0,600,77.7799
0.243593,0,0,0,1.5708,0,-0,-9.77524e-05,90.0096,-0,-0,600,77.7859
0.243603,0,0,0,1.5708,0,-0,-9.77524e-05,90.0096,-0,-0,600,77.7919
0.243613,0,0,0,1.5708,0,-0,-9.77524e-05,90.0096,-0,-0,600,77.7979
0.243623,0,0,0,1.5708,0,-0,-9.77524e-05,90.0096,-0,-0,600,77.8039
0.243633,0,0,0,1.5708,0,-0,-9.77524e-05,90.0096,-0,-0,600,77.8099
0.243643,0,0,0,1.5708,0,-0,-9.77524e-05,90.0096,-0,-0,600,77.8159
0.243653,0,0,0,1.5708,0,-0,-9.77524e-05,90.0096,-0,-0,600,77.8219
0.243663,0,0,0,1.5708,0,-0,-9.77524e-05,90.0096,-0,-0,600,77.8279
0.243673,0,0,0,1.5708,0,-0,-9.77524e-05,90.0096,-0,-0,600,77.8339
0.243683,0,0,0,1.5708,0,-0,-9.77524e-05,90.0096,-0,-0,600,77.8399
0.243693,0,0,0,1.5708,0,-0,-9.77524e-05,90.0096,-0,-0,600,77.8459
0.243703,0,0,0,1.5708,0,-0,-9.77524e-05,90.0096,-0,-0,600,77.8519
0.243713,0,0,0,1.5708,0,-0,-9.77524e-05,90.0096,-0,-0,600,77.8579
0.243723,0,0,0,1.5708,0,-0,-9.77524e-05,90.0096,-0,-0,600,77.8639
0.243733,0,0,0,1.5708,0,-0,-9.77524e-05,90.0096,-0,-0,600,77.8699
0.243743,0,0,0,1.5708,0,-0,-9.77524e-05,90.0096,-0,-0,600,77.8759
0.243753,0,0,0,1.5708,0,-0,-9.77524e-05,90.0096,-0,-0,600,77.8819
0.243763,0,0,0,1.5708,0,-0,-9.77524e-05,90.0096,-0,-0,600,77.8879
0.243773,0,0,0,1.5708,0,-0,-9.77524e-05,90.0096,-0,-0,600,77.8939
0.243783,0,0,0,1.5708,0,-0,-9.77524e-05,90.0096,-0,-0,600,77.8998
0.243793,0,0,0,1.5708,0,-0,-9.77524e-05,90.0096,-0,-0,600,77.9058
0.243803,0,0,0,1.5708,0,-0,-9.77524e-05,90.0096,-0,-0,600,77.9118
0.243813,0,0,0,1.5708,0,-0,-9.77524e-05,90.0096,-0,-0,600,77.9178
0.243823,0,0,0,1.5708,0,-0,-9.77524e-05,90.0096,-0,-0,600,77.9238
0.243832,0,0,0,1.5708,0,-0,-9.77524e-05,90.0096,-0,-0,600,77.9298
0.243842,0,0,0,1.5708,0,-0,-9.77524e-05,90.0096,-0,-0,600,77.9358
0.243852,0,0,0,1.5708,0,-0,-9.77524e-05,90.0096,-0,-0,600,77.9418
0.243862,0,0,0,1.5708,0,-0,-9.77524e-05,90.0096,-0,-0,600,77.9478
0.243872,0,0,0,1.5708,0,-0,-9.77524e-05,90.0096,-0,-0,600,77.9538
0.243882,0,0,0,1.5708,0,-0,-9.77524e-05,90.0096,-0,-0,600,77.9598
0.243892,0,0,0,1.5708,0,-0,-9.77524e-05,90.0096,-0,-0,600,77.9658
0.243902,0,0,0,1.5708,0,-0,-9.77524e-05,90.0096,-0,-0,600,77.9718
0.243912,0,0,0,1.5708,0,-0,-9.77524e-05,90.0096,-0,-0,600,77.9778
0.243922,0,0,0,1.5708,0,-0,-9.77524e-05,90.0096,-0,-0,600,77.9838
0.243932,0,0,0,1.5708,0,-0,-9.77524e-05,90.0096,-0,-0,600,77.9898
0.243942,0,0,0,1.5708,0,-0,-9.77524e-05,90.0096,-0,-0,600,77.9958
0.243952,0,0,0,1.5708,0,-0,-9.77524e-05,90.0096,-0,-0,600,78.0018
0.243962,0,0,0,1.5708,0,-0,-9.77524e-05,90.0096,-0,-0,600,78.0078
0.243972,0,0,0,1.5708,0,-0,-9.77524e-05,90.0096,-0,-0,600,78.0138
0.243982,0,0,0,1.5708,0,-0,-9.77524e-05,90.0096,-0,-0,600,78.0198
0.243992,0,0,0,1.5708,0,-0,-9.77524e-05,90.0096,-0,-0,600,78.0258
0.244002,0,0,0,1.5708,0,-0,-9.77524e-05,90.0096,-0,-0,600,78.0318
0.244012,0,0,0,1.5708,0,-0,-9.77524e-05,90.0096,-0,-0,600,78.0378
0.244022,0,0,0,1.5708,0,-0,-9.77524e-05,90.0096,-0,-0,600,78.0438
0.244032,0,0,0,1.5708,0,-0,-9.77524e-05,90.0096,-0,-0,600,78.0498
0.244042,0,0,0,1.5708,0,-0,-9.77524e-05,90.0096,-0,-0,600,78.0558
0.244052,0,0,0,1.5708,0,-0,-9.77524e-05,90.0096,-0,-0,600,78.0618
0.244062,0,0,0,1.5708,0,-0,-9.77524e-05,90.0096,-0,-0,600,78.0678
0.244072,0,0,0,1.5708,0,-0,-9.77524e-05,90.0096,-0,-0,600,78.0738
0.244082,0,0,0,1.5708,0,-0,-9.77524e-05,90.0096,-0,-0,600,78.0798
0.244092,0,0,0,1.5708,0,-0,-9.77524e-05,90.0096,-0,-0,600,78.0857
0.244102,0,0,0,1.5708,0,-0,-9.77524e-05,90.0096,-0,-0,600,78.0917
0.244112,0,0,0,1.5708,0,-0,-9.77524e-05,90.0096,-0,-0,600,78.0977
0.244122,0,0,0,1.5708,0,-0,-9.77524e-05,90.0096,-0,-0,600,78.1037
0.244132,0,0,0,1.5708,0,-0,-9.77524e-05,90.0096,-0,-0,600,78.1097
0.244142,0,0,0,1.5708,0,-0,-9.77524e-05,90.0096,-0,-0,600,78.1157
0.244152,0,0,0,1.5708,0,-0,-9.77524e-05,90.0096,-0,-0,600,78.1217
0.244162,0,0,0,1.5708,0,-0,-9.77524e-05,90.0096,-0,-0,600,78.1277
0.244172,0,0,0,1.5708,0,-0,-9.77524e-05,90.0096,-0,-0,600,78.1337
0.244182,0,0,0,1.5708,0,-0,-9.77524e-05,90.0096,-0,-0,600,78.1397
0.244192,0,0,0,1.5708,0,-0,-9.77524e-05,90.0096,-0,-0,600,78.1457
0.244202,0,0,0,1.5708,0,-0,-9.77524e-05,90.0096,-0,-0,600,78.1517
0.244212,0,0,0,1.5708,0,-0,-9.77524e-05,90.0096,-0,-0,600,78.1577
0.244222,0,0,0,1.5708,0,-0,-9.77524e-05,90.0096,-0,-0,600,78.1637
0.244232,0,0,0,1.5708,0,-0,-9.77524e-05,90.0096,-0,-0,600,78.1697
0.244242,0,0,0,1.5708,0,-0,-9.77524e-05,90.0096,-0,-0,600,78.1757
0.244252,0,0,0,1.5708,0,-0,-9.77524e-05,90.0096,-0,-0,600,78.1817
0.244262,0,0,0,1.5708,0,-0,-9.77524e-05,90.0096,-0,-0,600,78.1877
0.244272,0,0,0,1.5708,0,-0,-9.77524e-05,90.0096,-0,-0,600,78.1937
0.244282,0,0,0,1.5708,0,-0,-9.77524e-05,90.0096,-0,-0,600,78.1997
0.244292,0,0,0,1.5708,0,-0,-9.77524e-05,90.0096,-0,-0,600,78.2057
0.244302,0,0,0,1.5708,0,-0,-9.77524e-05,90.0096,-0,-0,600,78.2117
0.244312,0,0,0,1.5708,0,-0,-9.77524e-05,90.0096,-0,-0,600,78.2177
0.244322,0,0,0,1.5708,0,-0,-9.77524e-05,90.0096,-0,-0,600,78.2237
0.244332,0,0,0,1.5708,0,-0,-9.77524e-05,90.0096,-0,-0,600,78.2297
0.244342,0,0,0,1.5708,0,-0,-9.77524e-05,90.0096,-0,-0,600,78.2357
0.244352,0,0,0,1.5708,0,-0,-9.77524e-05,90.0096,-0,-0,600,78.2417
0.244362,0,0,0,1.5708,0,-0,-9.77524e-05,90.0096,-0,-0,600,78.2477
0.244372,0,0,0,1.5708,0,-0,-9.77524e-05,90.0096,-0,-0,600,78.2537
0.244382,0,0,0,1.5708,0,-0,-9.77524e-05,90.0096,-0,-0,600,78.2597
0.244392,0,0,0,1.5708,0,-0,-9.77524e-05,90.0096,-0,-0,600,78.2656
0.244402,0,0,0,1.5708,0,-0,-9.77524e-05,90.0096,-0,-0,600,78.2716
0.244412,0,0,0,1.5708,0,-0,-9.77524e-05,90.0096,-0,-0,600,78.2776
0.244422,0,0,0,1.5708,0,-0,-9.77524e-05,90.0096,-0,-0,600,78.2836
0.244432,0,0,0,1.5708,0,-0,-9.77524e-05,90.0096,-0,-0,600,78.2896
0.244442,0,0,0,1.5708,0,-0,-9.77524e-05,90.0096,-0,-0,600,78.2956
0.244452,0,0,0,1.5708,0,-0,-9.77524e-05,90.0096,-0,-0,600,78.3016
0.244462,0,0,0,1.5708,0,-0,-9.77524e-05,90.0096,-0,-0,600,78.3076
0.244472,0,0,0,1.5708,0,-0,-9.77524e-05,90.0096,-0,-0,600,78.3136
0.244482,0,0,0,1.5708,0,-0,-9.77524e-05,90.0096,-0,-0,600,78.3196
0.244492,0,0,0,1.5708,0,-0,-9.77524e-05,90.0096,-0,-0,600,78.3256
0.244502,0,0,0,1.5708,0,-0,-9.77524e-05,90.0096,-0,-0,600,78.3316
0.244512,0,0,0,1.5708,0,-0,-9.77524e-05,90.0096,-0,-0,600,78.3376
0.244522,0,0,0,1.5708,0,-0,-9.77524e-05,90.0096,-0,-0,600,78.3436
0.244532,0,0,0,1.5708,0,-0,-9.77524e-05,90.0096,-0,-0,600,78.3496
0.244542,0,0,0,1.5708,0,-0,-9.77524e-05,90.0096,-0,-0,600,78.3556
0.244552,0,0,0,1.5708,0,-0,-9.77524e-05,90.0096,-0,-0,600,78.3616
0.244562,0,0,0,1.5708,0,-0,-9.77524e-05,90.0096,-0,-0,600,78.3676
0.244572,0,0,0,1.5708,0,-0,-9.77524e-05,90.0096,-0,-0,600,78.3736
0.244582,0,0,0,1.5708,0,-0,-9.77524e-05,90.0096,-0,-0,600,78.3796
0.244592,0,0,0,1.5708,0,-0,-9.77524e-05,90.0096,-0,-0,600,78.3856
0.244602,0,0,0,1.5708,0,-0,-9.77524e-05,90.0096,-0,-0,600,78.3916
0.244612,0,0,0,1.5708,0,-0,-9.77524e-05,90.0096,-0,-0,600,78.3976
0.244622,0,0,0,1.5708,0,-0,-9.77524e-05,90.0096,-0,-0,600,78.4036
0.244632,0,0,0,1.5708,0,-0,-9.77524e-05,90.0096,-0,-0,600,78.4096
0.244642,0,0,0,1.5708,0,-0,-9.77524e-05,90.0096,-0,-0,600,78.4156
0.244652,0,0,0,1.5708,0,-0,-9.77524e-05,90.0096,-0,-0,600,78.4216
0.244662,0,0,0,1.5708,0,-0,-9.77524e-05,90.0096,-0,-0,600,78.4276
0.244672,0,0,0,1.5708,0,-0,-9.77524e-05,90.0096,-0,-0,600,78.4336
0.244682,0,0,0,1.5708,0,-0,-9.77524e-05,90.0096,-0,-0,600,78.4396
0.244692,0,0,0,1.5708,0,-0,-9.77524e-05,90.0096,-0,-0,600,78.4455
0.244702,0,0,0,1.5708,0,-0,-9.77524e-05,90.0096,-0,-0,600,78.4515
0.244712,0,0,0,1.5708,0,-0,-9.77524e-05,90.0096,-0,-0,600,78.4575
0.244722,0,0,0,1.5708,0,-0,-9.77524e-05,90.0096,-0,-0,600,78.4635
0.244732,0,0,0,1.5708,0,-0,-9.77524e-05,90.0096,-0,-0,600,78.4695
0.244742,0,0,0,1.5708,0,-0,-9.77524e-05,90.0096,-0,-0,600,78.4755
0.244752,0,0,0,1.5708,0,-0,-9.77524e-05,90.0096,-0,-0,600,78.4815
0.244762,0,0,0,1.5708,0,-0,-9.77524e-05,90.0096,-0,-0,600,78.4875
0.244772,0,0,0,1.5708,0,-0,-9.77524e-05,90.0096,-0,-0,600,78.4935
0.244782,0,0,0,1.5708,0,-0,-9.77524e-05,90.0096,-0,-0,600,78.4995
0.244792,0,0,0,1.5708,0,-0,-9.77524e-05,90.0096,-0,-0,600,78.5055
0.244802,0,0,0,1.5708,0,-0,-9.77524e-05,90.0096,-0,-0,600,78.5115
0.244812,0,0,0,1.5708,0,-0,-9.77524e-05,90.0096,-0,-0,600,78.5175
0.244822,0,0,0,1.5708,0,-0,-9.77524e-05,90.0096,-0,-0,600,78.5235
0.244832,0,0,0,1.5708,0,-0,-9.77524e-05,90.0096,-0,-0,600,78.5295
0.244842,0,0,0,1.5708,0,-0,-9.77524e-05,90.0096,-0,-0,600,78.5355
0.244852,0,0,0,1.5708,0,-0,-9.77524e-05,90.0096,-0,-0,600,78.5415
0.244862,0,0,0,1.5708,0,-0,-9.77524e-05,90.0096,-0,-0,600,78.5475
0.244872,0,0,0,1.5708,0,-0,-9.77524e-05,90.0096,-0,-0,600,78.5535
0.244882,0,0,0,1.5708,0,-0,-9.77524e-05,90.0096,-0,-0,600,78.5595
0.244892,0,0,0,1.5708,0,-0,-9.77524e-05,90.0096,-0,-0,600,78.5655
0.244902,0,0,0,1.5708,0,-0,-9.77524e-05,90.0096,-0,-0,600,78.5715
0.244912,0,0,0,1.5708,0,-0,-9.77524e-05,90.0096,-0,-0,600,78.5775
0.244922,0,0,0,1.5708,0,-0,-9.77524e-05,90.0096,-0,-0,600,78.5835
0.244932,0,0,0,1.5708,0,-0,-9.77524e-05,90.0096,-0,-0,600,78.5895
0.244942,0,0,0,1.5708,0,-0,-9.77524e-05,90.0096,-0,-0,600,78.5955
0.244952,0,0,0,1.5708,0,-0,-9.77524e-05,90.0096,-0,-0,600,78.6015
0.244962,0,0,0,1.5708,0,-0,-9.77524e-05,90.0096,-0,-0,600,78.6075
0.244972,0,0,0,1.5708,0,-0,-9.77524e-05,90.0096,-0,-0,600,78.6135
0.244982,0,0,0,1.5708,0,-0,-9.77524e-05,90.0096,-0,-0,600,78.6195
0.244992,0,0,0,1.5708,0,-0,-9.77524e-05,90.0096,-0,-0,600,78.6255
0.245002,0,0,0,1.5708,0,-0,-9.77524e-05,90.0096,-0,-0,600,78.6314
0.245012,0,0,0,1.5708,0,-0,-9.77524e-05,90.0096,-0,-0,600,78.6374
0.245022,0,0,0,1.5708,0,-0,-9.77524e-05,90.0096,-0,-0,600,78.6434
0.245032,0,0,0,1.5708,0,-0,-9.77524e-05,90.0096,-0,-0,600,78.6494
0.245042,0,0,0,1.5708,0,-0,-9.77524e-05,90.0096,-0,-0,600,78.6554
0.245052,0,0,0,1.5708,0,-0,-9.77524e-05,90.0096,-0,-0,600,78.6614
0.245062,0,0,0,1.5708,0,-0,-9.77524e-05,90.0096,-0,-0,600,78.6674
0.245072,0,0,0,1.5708,0,-0,-9.77524e-05,90.0096,-0,-0,600,78.6734
0.245082,0,0,0,1.5708,0,-0,-9.77524e-05,90.0096,-0,-0,600,78.6794
0.245092,0,0,0,1.5708,0,-0,-9.77524e-05,90.0096,-0,-0,600,78.6854
0.245102,0,0,0,1.5708,0,-0,-9.77524e-05,90.0096,-0,-0,600,78.6914
0.245112,0,0,0,1.5708,0,-0,-9.77524e-05,90.0096,-0,-0,600,78.6974
0.245122,0,0,0,1.5708,0,-0,-9.77524e-05,90.0096,-0,-0,600,78.7034
0.245132,0,0,0,1.5708,0,-0,-9.77524e-05,90.0096,-0,-0,600,78.7094
0.245142,0,0,0,1.5708,0,-0,-9.77524e-05,90.0096,-0,-0,600,78.7154
0.245152,0,0,0,1.5708,0,-0,-9.77524e-05,90.0096,-0,-0,600,78.7214
0.245162,0,0,0,1.5708,0,-0,-9.77524e-05,90.0096,-0,-0,600,78.7274
0.245172,0,0,0,1.5708,0,-0,-9.77524e-05,90.0096,-0,-0,600,78.7334
0.245182,0,0,0,1.5708,0,-0,-9.77524e-05,90.0096,-0,-0,600,78.7394
0.245192,0,0,0,1.5708,0,-0,-9.77524e-05,90.0096,-0,-0,600,78.7454
0.245202,0,0,0,1.5708,0,-0,-9.77524e-05,90.0096,-0,-0,600,78.7514
0.245212,0,0,0,1.5708,0,-0,-9.77524e-05,90.0096,-0,-0,600,78.7574
0.245222,0,0,0,1.5708,0,-0,-9.77524e-05,90.0096,-0,-0,600,78.7634
0.245232,0,0,0,1.5708,0,-0,-9.77524e-05,90.0096,-0,-0,600,78.7694
0.245242,0,0,0,1.5708,0,-0,-9.77524e-05,90.0096,-0,-0,600,78.7754
0.245252,0,0,0,1.5708,0,-0,-9.77524e-05,90.0096,-0,-0,600,78.7814
0.245262,0,0,0,1.5708,0,-0,-9.77524e-05,90.0096,-0,-0,600,78.7874
0.245272,0,0,0,1.5708,0,-0,-9.77524e-05,90.0096,-0,-0,600,78.7934
0.245282,0,0,0,1.5708,0,-0,-9.77524e-05,90.0096,-0,-0,600,78.7994
0.245292,0,0,0,1.5708,0,-0,-9.77524e-05,90.0096,-0,-0,600,78.8054
0.245302,0,0,0,1.5708,0,-0,-9.77524e-05,90.0096,-0,-0,600,78.8113
0.245312,0,0,0,1.5708,0,-0,-9.77524e-05,90.0096,-0,-0,600,78.8173
0.245322,0,0,0,1.5708,0,-0,-9.77524e-05,90.0096,-0,-0,600,78.8233
0.245332,0,0,0,1.5708,0,-0,-9.77524e-05,90.0096,-0,-0,600,78.8293
0.245342,0,0,0,1.5708,0,-0,-9.77524e-05,90.0096,-0,-0,600,78.8353
0.245352,0,0,0,1.5708,0,-0,-9.77524e-05,90.0096,-0,-0,600,78.8413
0.245362,0,0,0,1.5708,0,-0,-9.77524e-05,90.0096,-0,-0,600,78.8473
0.245372,0,0,0,1.5708,0,-0,-9.77524e-05,90.0096,-0,-0,600,78.8533
0.245382,0,0,0,1.5708,0,-0,-9.77524e-05,90.0096,-0,-0,600,78.8593
0.245392,0,0,0,1.5708,0,-0,-9.77524e-05,90.0096,-0,-0,600,78.8653
0.245402,0,0,0,1.5708,0,-0,-9.77524e-05,90.0096,-0,-0,600,78.8713
0.245412,0,0,0,1.5708,0,-0,-9.77524e-05,90.0096,-0,-0,600,78.8773
0.245422,0,0,0,1.5708,0,-0,-9.77524e-05,90.0096,-0,-0,600,78.8833
0.245432,0,0,0,1.5708,0,-0,-9.77524e-05,90.0096,-0,-0,600,78.8893
0.245442,0,0,0,1.5708,0,-0,-9.77524e-05,90.0096,-0,-0,600,78.8953
0.245452,0,0,0,1.5708,0,-0,-9.77524e-05,90.0096,-0,-0,600,78.9013
0.245462,0,0,0,1.5708,0,-0,-9.77524e-05,90.0096,-0,-0,600,78.9073
0.245472,0,0,0,1.5708,0,-0,-9.77524e-05,90.0096,-0,-0,600,78.9133
0.245482,0,0,0,1.5708,0,-0,-9.77524e-05,90.0096,-0,-0,600,78.9193
0.245492,0,0,0,1.5708,0,-0,-9.77524e-05,90.0096,-0,-0,600,78.9253
0.245502,0,0,0,1.5708,0,-0,-9.77524e-05,90.0096,-0,-0,600,78.9313
0.245512,0,0,0,1.5708,0,-0,-9.77524e-05,90.0096,-0,-0,600,78.9373
0.245522,0,0,0,1.5708,0,-0,-9.77524e-05,90.0096,-0,-0,600,78.9433
0.245532,0,0,0,1.5708,0,-0,-9.77524e-05,90.0096,-0,-0,600,78.9493
0.245542,0,0,0,1.5708,0,-0,-9.77524e-05,90.0096,-0,-0,600,78.9553
0.245552,0,0,0,1.5708,0,-0,-9.77524e-05,90.0096,-0,-0,600,78.9613
0.245562,0,0,0,1.5708,0,-0,-9.77524e-05,90.0096,-0,-0,600,78.9673
0.245572,0,0,0,1.5708,0,-0,-9.77524e-05,90.0096,-0,-0,600,78.9733
0.245582,0,0,0,1.5708,0,-0,-9.77524e-05,90.0096,-0,-0,600,78.9793
0.245592,0,0,0,1.5708,0,-0,-9.77524e-05,90.0096,-0,-0,600,78.9853
0.245602,0,0,0,1.5708,0,-0,-9.77524e-05,90.0096,-0,-0,600,78.9912
0.245612,0,0,0,1.5708,0,-0,-9.77524e-05,90.0096,-0,-0,600,78.9972
0.245622,0,0,0,1.5708,0,-0,-9.77524e-05,90.0096,-0,-0,600,79.0032
0.245632,0,0,0,1.5708,0,-0,-9.77524e-05,90.0096,-0,-0,600,79.0092
0.245642,0,0,0,1.5708,0,-0,-9.77524e-05,90.0096,-0,-0,600,79.0152
0.245652,0,0,0,1.5708,0,-0,-9.77524e-05,90.0096,-0,-0,600,79.0212
0.245662,0,0,0,1.5708,0,-0,-9.77524e-05,90.0096,-0,-0,600,79.0272
0.245672,0,0,0,1.5708,0,-0,-9.77524e-05,90.0096,-0,-0,600,79.0332
0.245682,0,0,0,1.5708,0,-0,-9.77524e-05,90.0096,-0,-0,600,79.0392
0.245692,0,0,0,1.5708,0,-0,-9.77524e-05,90.0096,-0,-0,600,79.0452
0.245702,0,0,0,1.5708,0,-0,-9.77524e-05,90.0096,-0,-0,600,79.0512
0.245712,0,0,0,1.5708,0,-0,-9.77524e-05,90.0096,-0,-0,600,79.0572
0.245722,0,0,0,1.5708,0,-0,-9.77524e-05,90.0096,-0,-0,600,79.0632
0.245732,0,0,0,1.5708,0,-0,-9.77524e-05,90.0096,-0,-0,600,79.0692
0.245742,0,0,0,1.5708,0,-0,-9.77524e-05,90.0096,-0,-0,600,79.0752
0.245752,0,0,0,1.5708,0,-0,-9.77524e-05,90.0096,-0,-0,600,79.0812
0.245762,0,0,0,1.5708,0,-0,-9.77524e-05,90.0096,-0,-0,600,79.0872
0.245772,0,0,0,1.5708,0,-0,-9.77524e-05,90.0096,-0,-0,600,79.0932
0.245782,0,0,0,1.5708,0,-0,-9.77524e-05,90.0096,-0,-0,600,79.0992
0.245792,0,0,0,1.5708,0,-0,-9.77524e-05,90.0096,-0,-0,600,79.1052
0.245802,0,0,0,1.5708,0,-0,-9.77524e-05,90.0096,-0,-0,600,79.1112
0.245812,0,0,0,1.5708,0,-0,-9.77524e-05,90.0096,-0,-0,600,79.1172
0.245822,0,0,0,1.5708,0,-0,-9.77524e-05,90.0096,-0,-0,600,79.1232
0.245832,0,0,0,1.5708,0,-0,-9.77524e-05,90.0096,-0,-0,600,79.1292
0.245842,0,0,0,1.5708,0,-0,-9.77524e-05,90.0096,-0,-0,600,79.1352
0.245852,0,0,0,1.5708,0,-0,-9.77524e-05,90.0096,-0,-0,600,79.1412
0.245862,0,0,0,1.5708,0,-0,-9.77524e-05,90.0096,-0,-0,600,79.1472
0.245872,0,0,0,1.5708,0,-0,-9.77524e-05,90.0096,-0,-0,600,79.1532
0.245882,0,0,0,1.5708,0,-0,-9.77524e-05,90.0096,-0,-0,600,79.1592
0.245892,0,0,0,1.5708,0,-0,-9.77524e-05,90.0096,-0,-0,600,79.1652
0.245902,0,0,0,1.5708,0,-0,-9.77524e-05,90.0096,-0,-0,600,79.1712
0.245912,0,0,0,1.5708,0,-0,-9.77524e-05,90.0096,-0,-0,600,79.1771
0.245922,0,0,0,1.5708,0,-0,-9.77524e-05,90.0096,-0,-0,600,79.1831
0.245932,0,0,0,1.5708,0,-0,-9.77524e-05,90.0096,-0,-0,600,79.1891
0.245942,0,0,0,1.5708,0,-0,-9.77524e-05,90.0096,-0,-0,600,79.1951
0.245952,0,0,0,1.5708,0,-0,-9.77524e-05,90.0096,-0,-0,600,79.2011
0.245962,0,0,0,1.5708,0,-0,-9.77524e-05,90.0096,-0,-0,600,79.2071
0.245972,0,0,0,1.5708,0,-0,-9.77524e-05,90.0096,-0,-0,600,79.2131
0.245982,0,0,0,1.5708,0,-0,-9.77524e-05,90.0096,-0,-0,600,79.2191
0.245992,0,0,0,1.5708,0,-0,-9.77524e-05,90.0096,-0,-0,600,79.2251
0.246002,0,0,0,1.5708,0,-0,-9.77524e-05,90.0096,-0,-0,600,79.2311
0.246012,0,0,0,1.5708,0,-0,-9.77524e-05,90.0096,-0,-0,600,79.2371
0.246022,0,0,0,1.5708,0,-0,-9.77524e-05,90.0096,-0,-0,600,79.2431
0.246032,0,0,0,1.5708,0,-0,-9.77524e-05,90.0096,-0,-0,600,79.2491
0.246042,0,0,0,1.5708,0,-0,-9.77524e-05,90.0096,-0,-0,600,79.2551
0.246052,0,0,0,1.5708,0,-0,-9.77524e-05,90.0096,-0,-0,600,79.2611
0.246062,0,0,0,1.5708,0,-0,-9.77524e-05,90.0096,-0,-0,600,79.2671
0.246072,0,0,0,1.5708,0,-0,-9.77524e-05,90.0096,-0,-0,600,79.2731
0.246082,0,0,0,1.5708,0,-0,-9.77524e-05,90.0096,-0,-0,600,79.2791
0.246092,0,0,0,1.5708,0,-0,-9.77524e-05,90.0096,-0,-0,600,79.2851
0.246102,0,0,0,1.5708,0,-0,-9.77524e-05,90.0096,-0,-0,600,79.2911
0.246112,0,0,0,1.5708,0,-0,-9.77524e-05,90.0096,-0,-0,600,79.2971
0.246122,0,0,0,1.5708,0,-0,-9.77524e-05,90.0096,-0,-0,600,79.3031
0.246132,0,0,0,1.5708,0,-0,-9.77524e-05,90.0096,-0,-0,600,79.3091
0.246142,0,0,0,1.5708,0,-0,-9.77524e-05,90.0096,-0,-0,600,79.3151
0.246152,0,0,0,1.5708,0,-0,-9.77524e-05,90.0096,-0,-0,600,79.3211
0.246162,0,0,0,1.5708,0,-0,-9.77524e-05,90.0096,-0,-0,600,79.3271
0.246172,0,0,0,1.5708,0,-0,-9.77524e-05,90.0096,-0,-0,600,79.3331
0.246182,0,0,0,1.5708,0,-0,-9.77524e-05,90.0096,-0,-0,600,79.3391
0.246192,0,0,0,1.5708,0,-0,-9.77524e-05,90.0096,-0,-0,600,79.3451
0.246202,0,0,0,1.5708,0,-0,-9.77524e-05,90.0096,-0,-0,600,79.3511
0.246212,0,0,0,1.5708,0,-0,-9.77524e-05,90.0096,-0,-0,600,79.357
0.246222,0,0,0,1.5708,0,-0,-9.77524e-05,90.0096,-0,-0,600,79.363
0.246232,0,0,0,1.5708,0,-0,-9.77524e-05,90.0096,-0,-0,600,79.369
0.246242,0,0,0,1.5708,0,-0,-9.77524e-05,90.0096,-0,-0,600,79.375
0.246252,0,0,0,1.5708,0,-0,-9.77524e-05,90.0096,-0,-0,600,79.381
0.246262,0,0,0,1.5708,0,-0,-9.77524e-05,90.0096,-0,-0,600,79.387
0.246272,0,0,0,1.5708,0,-0,-9.77524e-05,90.0096,-0,-0,600,79.393
0.246282,0,0,0,1.5708,0,-0,-9.77524e-05,90.0096,-0,-0,600,79.399
0.246292,0,0,0,1.5708,0,-0,-9.77524e-05,90.0096,-0,-0,600,79.405
0.246302,0,0,0,1.5708,0,-0,-9.77524e-05,90.0096,-0,-0,600,79.411
0.246312,0,0,0,1.5708,0,-0,-9.77524e-05,90.0096,-0,-0,600,79.417
0.246322,0,0,0,1.5708,0,-0,-9.77524e-05,90.0096,-0,-0,600,79.423
0.246332,0,0,0,1.5708,0,-0,-9.77524e-05,90.0096,-0,-0,600,79.429
0.246342,0,0,0,1.5708,0,-0,-9.77524e-05,90.0096,-0,-0,600,79.435
0.246352,0,0,0,1.5708,0,-0,-9.77524e-05,90.0096,-0,-0,600,79.441
0.246362,0,0,0,1.5708,0,-0,-9.77524e-05,90.0096,-0,-0,600,79.447
0.246372,0,0,0,1.5708,0,-0,-9.77524e-05,90.0096,-0,-0,600,79.453
0.246382,0,0,0,1.5708,0,-0,-9.77524e-05,90.0096,-0,-0,600,79.459
0.246392,0,0,0,1.5708,0,-0,-9.77524e-05,90.0096,-0,-0,600,79.465
0.246402,0,0,0,1.5708,0,-0,-9.77524e-05,90.0096,-0,-0,600,79.471
0.246412,0,0,0,1.5708,0,-0,-9.77524e-05,90.0096,-0,-0,600,79.477
0.246422,0,0,0,1.5708,0,-0,-9.77524e-05,90.0096,-0,-0,600,79.483
0.246432,0,0,0,1.5708,0,-0,-9.77524e-05,90.0096,-0,-0,600,79.489
0.246442,0,0,0,1.5708,0,-0,-9.77524e-05,90.0096,-0,-0,600,79.495
0.246452,0,0,0,1.5708,0,-0,-9.77524e-05,90.0096,-0,-0,600,79.501
0.246462,0,0,0,1.5708,0,-0,-9.77524e-05,90.0096,-0,-0,600,79.507
0.246472,0,0,0,1.5708,0,-0,-9.77524e-05,90.0096,-0,-0,600,79.513
0.246482,0,0,0,1.5708,0,-0,-9.77524e-05,90.0096,-0,-0,600,79.519
0.246492,0,0,0,1.5708,0,-0,-9.77524e-05,90.0096,-0,-0,600,79.525
0.246502,0,0,0,1.5708,0,-0,-9.77524e-05,90.0096,-0,-0,600,79.531
0.246512,0,0,0,1.5708,0,-0,-9.77524e-05,90.0096,-0,-0,600,79.5369
0.246522,0,0,0,1.5708,0,-0,-9.77524e-05,90.0096,-0,-0,600,79.5429
0.246532,0,0,0,1.5708,0,-0,-9.77524e-05,90.0096,-0,-0,600,79.5489
0.246542,0,0,0,1.5708,0,-0,-9.77524e-05,90.0096,-0,-0,600,79.5549
0.246552,0,0,0,1.5708,0,-0,-9.77524e-05,90.0096,-0,-0,600,79.5609
0.246562,0,0,0,1.5708,0,-0,-9.77524e-05,90.0096,-0,-0,600,79.5669
0.246572,0,0,0,1.5708,0,-0,-9.77524e-05,90.0096,-0,-0,600,79.5729
0.246582,0,0,0,1.5708,0,-0,-9.77524e-05,90.0096,-0,-0,600,79.5789
0.246592,0,0,0,1.5708,0,-0,-9.77524e-05,90.0096,-0,-0,600,79.5849
0.246602,0,0,0,1.5708,0,-0,-9.77524e-05,90.0096,-0,-0,600,79.5909
0.246612,0,0,0,1.5708,0,-0,-9.77524e-05,90.0096,-0,-0,600,79.5969
0.246622,0,0,0,1.5708,0,-0,-9.77524e-05,90.0096,-0,-0,600,79.6029
0.246632,0,0,0,1.5708,0,-0,-9.77524e-05,90.0096,-0,-0,600,79.6089
0.246642,0,0,0,1.5708,0,-0,-9.77524e-05,90.0096,-0,-0,600,79.6149
0.246652,0,0,0,1.5708,0,-0,-9.77524e-05,90.0096,-0,-0,600,79.6209
0.246662,0,0,0,1.5708,0,-0,-9.77524e-05,90.0096,-0,-0,600,79.6269
0.246672,0,0,0,1.5708,0,-0,-9.77524e-05,90.0096,-0,-0,600,79.6329
0.246682,0,0,0,1.5708,0,-0,-9.77524e-05,90.0096,-0,-0,600,79.6389
0.246692,0,0,0,1.5708,0,-0,-9.77524e-05,90.0096,-0,-0,600,79.6449
0.246702,0,0,0,1.5708,0,-0,-9.77524e-05,90.0096,-0,-0,600,79.6509
0.246712,0,0,0,1.5708,0,-0,-9.77524e-05,90.0096,-0,-0,600,79.6569
0.246722,0,0,0,1.5708,0,-0,-9.77524e-05,90.0096,-0,-0,600,79.6629
0.246732,0,0,0,1.5708,0,-0,-9.77524e-05,90.0096,-0,-0,600,79.6689
0.246742,0,0,0,1.5708,0,-0,-9.77524e-05,90.0096,-0,-0,600,79.6749
0.246752,0,0,0,1.5708,0,-0,-9.77524e-05,90.0096,-0,-0,600,79.6809
0.246762,0,0,0,1.5708,0,-0,-9.77524e-05,90.0096,-0,-0,600,79.6869
0.246772,0,0,0,1.5708,0,-0,-9.77524e-05,90.0096,-0,-0,600,79.6929
0.246782,0,0,0,1.5708,0,-0,-9.77524e-05,90.0096,-0,-0,600,79.6989
0.246792,0,0,0,1.5708,0,-0,-9.77524e-05,90.0096,-0,-0,600,79.7049
0.246802,0,0,0,1.5708,0,-0,-9.77524e-05,90.0096,-0,-0,600,79.7109
0.246812,0,0,0,1.5708,0,-0,-9.77524e-05,90.0096,-0,-0,600,79.7169
0.246822,0,0,0,1.5708,0,-0,-9.77524e-05,90.0096,-0,-0,600,79.7228
0.246832,0,0,0,1.5708,0,-0,-9.77524e-05,90.0096,-0,-0,600,79.7288
0.246842,0,0,0,1.5708,0,-0,-9.77524e-05,90.0096,-0,-0,600,79.7348
0.246852,0,0,0,1.5708,0,-0,-9.77524e-05,90.0096,-0,-0,600,79.7408
0.246862,0,0,0,1.5708,0,-0,-9.77524e-05,90.0096,-0,-0,600,79.7468
0.246872,0,0,0,1.5708,0,-0,-9.77524e-05,90.0096,-0,-0,600,79.7528
0.246882,0,0,0,1.5708,0,-0,-9.77524e-05,90.0096,-0,-0,600,79.7588
0.246892,0,0,0,1.5708,0,-0,-9.77524e-05,90.0096,-0,-0,600,79.7648
0.246902,0,0,0,1.5708,0,-0,-9.77524e-05,90.0096,-0,-0,600,79.7708
0.246912,0,0,0,1.5708,0,-0,-9.77524e-05,90.0096,-0,-0,600,79.7768
0.246922,0,0,0,1.5708,0,-0,-9.77524e-05,90.0096,-0,-0,600,79.7828
0.246932,0,0,0,1.5708,0,-0,-9.77524e-05,90.0096,-0,-0,600,79.7888
0.246942,0,0,0,1.5708,0,-0,-9.77524e-05,90.0096,-0,-0,600,79.7948
0.246952,0,0,0,1.5708,0,-0,-9.77524e-05,90.0096,-0,-0,600,79.8008
0.246962,0,0,0,1.5708,0,-0,-9.77524e-05,90.0096,-0,-0,600,79.8068
0.246972,0,0,0,1.5708,0,-0,-9.77524e-05,90.0096,-0,-0,600,79.8128
0.246982,0,0,0,1.5708,0,-0,-9.77524e-05,90.0096,-0,-0,600,79.8188
0.246992,0,0,0,1.5708,0,-0,-9.77524e-05,90.0096,-0,-0,600,79.8248
0.247002,0,0,0,1.5708,0,-0,-9.77524e-05,90.0096,-0,-0,600,79.8308
0.247012,0,0,0,1.5708,0,-0,-9.77524e-05,90.0096,-0,-0,600,79.8368
0.247022,0,0,0,1.5708,0,-0,-9.77524e-05,90.0096,-0,-0,600,79.8428
0.247032,0,0,0,1.5708,0,-0,-9.77524e-05,90.0096,-0,-0,600,79.8488
0.247042,0,0,0,1.5708,0,-0,-9.77524e-05,90.0096,-0,-0,600,79.8548
0.247052,0,0,0,1.5708,0,-0,-9.77524e-05,90.0096,-0,-0,600,79.8608
0.247062,0,0,0,1.5708,0,-0,-9.77524e-05,90.0096,-0,-0,600,79.8668
0.247072,0,0,0,1.5708,0,-0,-9.77524e-05,90.0096,-0,-0,600,79.8728
0.247082,0,0,0,1.5708,0,-0,-9.77524e-05,90.0096,-0,-0,600,79.8788
0.247092,0,0,0,1.5708,0,-0,-9.77524e-05,90.0096,-0,-0,600,79.8848
0.247102,0,0,0,1.5708,0,-0,-9.77524e-05,90.0096,-0,-0,600,79.8908
0.247112,0,0,0,1.5708,0,-0,-9.77524e-05,90.0096,-0,-0,600,79.8968
0.247122,0,0,0,1.5708,0,-0,-9.77524e-05,90.0096,-0,-0,600,79.9027
0.247132,0,0,0,1.5708,0,-0,-9.77524e-05,90.0096,-0,-0,600,79.9087
0.247142,0,0,0,1.5708,0,-0,-9.77524e-05,90.0096,-0,-0,600,79.9147
0.247152,0,0,0,1.5708,0,-0,-9.77524e-05,90.0096,-0,-0,600,79.9207
0.247162,0,0,0,1.5708,0,-0,-9.77524e-05,90.0096,-0,-0,600,79.9267
0.247172,0,0,0,1.5708,0,-0,-9.77524e-05,90.0096,-0,-0,600,79.9327
0.247182,0,0,0,1.5708,0,-0,-9.77524e-05,90.0096,-0,-0,600,79.9387
0.247192,0,0,0,1.5708,0,-0,-9.77524e-05,90.0096,-0,-0,600,79.9447
0.247202,0,0,0,1.5708,0,-0,-9.77524e-05,90.0096,-0,-0,600,79.9507
0.247212,0,0,0,1.5708,0,-0,-9.77524e-05,90.0096,-0,-0,600,79.9567
0.247222,0,0,0,1.5708,0,-0,-9.77524e-05,90.0096,-0,-0,600,79.9627
0.247232,0,0,0,1.5708,0,-0,-9.77524e-05,90.0096,-0,-0,600,79.9687
0.247242,0,0,0,1.5708,0,-0,-9.77524e-05,90.0096,-0,-0,600,79.9747
0.247252,0,0,0,1.5708,0,-0,-9.77524e-05,90.0096,-0,-0,600,79.9807
0.247262,0,0,0,1.5708,0,-0,-9.77524e-05,90.0096,-0,-0,600,79.9867
0.247272,0,0,0,1.5708,0,-0,-9.77524e-05,90.0096,-0,-0,600,79.9927
0.247282,0,0,0,1.5708,0,-0,-9.77524e-05,90.0096,-0,-0,600,79.9987
0.247292,0,0,0,1.5708,0,-0,-9.77524e-05,90.0096,-0,-0,600,80.0047
0.247302,0,0,0,1.5708,0,-0,-9.77524e-05,90.0096,-0,-0,600,80.0107
0.247312,0,0,0,1.5708,0,-0,-9.77524e-05,90.0096,-0,-0,600,80.0167
0.247322,0,0,0,1.5708,0,-0,-9.77524e-05,90.0096,-0,-0,600,80.0227
0.247332,0,0,0,1.5708,0,-0,-9.77524e-05,90.0096,-0,-0,600,80.0287
0.247342,0,0,0,1.5708,0,-0,-9.77524e-05,90.0096,-0,-0,600,80.0347
0.247352,0,0,0,1.5708,0,-0,-9.77524e-05,90.0096,-0,-0,600,80.0407
0.247362,0,0,0,1.5708,0,-0,-9.77524e-05,90.0096,-0,-0,600,80.0467
0.247372,0,0,0,1.5708,0,-0,-9.77524e-05,90.0096,-0,-0,600,80.0527
0.247382,0,0,0,1.5708,0,-0,-9.77524e-05,90.0096,-0,-0,600,80.0587
0.247392,0,0,0,1.5708,0,-0,-9.77524e-05,90.0096,-0,-0,600,80.0647
0.247402,0,0,0,1.5708,0,-0,-9.77524e-05,90.0096,-0,-0,600,80.0707
0.247412,0,0,0,1.5708,0,-0,-9.77524e-05,90.0096,-0,-0,600,80.0767
0.247422,0,0,0,1.5708,0,-0,-9.77524e-05,90.0096,-0,-0,600,80.0826
0.247432,0,0,0,1.5708,0,-0,-9.77524e-05,90.0096,-0,-0,600,80.0886
0.247442,0,0,0,1.5708,0,-0,-9.77524e-05,90.0096,-0,-0,600,80.0946
0.247452,0,0,0,1.5708,0,-0,-9.77524e-05,90.0096,-0,-0,600,80.1006
0.247462,0,0,0,1.5708,0,-0,-9.77524e-05,90.0096,-0,-0,600,80.1066
0.247472,0,0,0,1.5708,0,-0,-9.77524e-05,90.0096,-0,-0,600,80.1126
0.247482,0,0,0,1.5708,0,-0,-9.77524e-05,90.0096,-0,-0,600,80.1186
0.247492,0,0,0,1.5708,0,-0,-9.77524e-05,90.0096,-0,-0,600,80.1246
0.247502,0,0,0,1.5708,0,-0,-9.77524e-05,90.0096,-0,-0,600,80.1306
0.247512,0,0,0,1.5708,0,-0,-9.77524e-05,90.0096,-0,-0,600,80.1366
0.247522,0,0,0,1.5708,0,-0,-9.77524e-05,90.0096,-0,-0,600,80.1426
0.247532,0,0,0,1.5708,0,-0,-9.77524e-05,90.0096,-0,-0,600,80.1486
0.247542,0,0,0,1.5708,0,-0,-9.77524e-05,90.0096,-0,-0,600,80.1546
0.247552,0,0,0,1.5708,0,-0,-9.77524e-05,90.0096,-0,-0,600,80.1606
0.247562,0,0,0,1.5708,0,-0,-9.77524e-05,90.0096,-0,-0,600,80.1666
0.247572,0,0,0,1.5708,0,-0,-9.77524e-05,90.0096,-0,-0,600,80.1726
0.247582,0,0,0,1.5708,0,-0,-9.77524e-05,90.0096,-0,-0,600,80.1786
0.247592,0,0,0,1.5708,0,-0,-9.77524e-05,90.0096,-0,-0,600,80.1846
0.247602,0,0,0,1.5708,0,-0,-9.77524e-05,90.0096,-0,-0,600,80.1906
0.247612,0,0,0,1.5708,0,-0,-9.77524e-05,90.0096,-0,-0,600,80.1966
0.247622,0,0,0,1.5708,0,-0,-9.77524e-05,90.0096,-0,-0,600,80.2026
0.247632,0,0,0,1.5708,0,-0,-9.77524e-05,90.0096,-0,-0,600,80.2086
0.247642,0,0,0,1.5708,0,-0,-9.77524e-05,90.0096,-0,-0,600,80.2146
0.247652,0,0,0,1.5708,0,-0,-9.77524e-05,90.0096,-0,-0,600,80.2206
0.247662,0,0,0,1.5708,0,-0,-9.77524e-05,90.0096,-0,-0,600,80.2266
0.247672,0,0,0,1.5708,0,-0,-9.77524e-05,90.0096,-0,-0,600,80.2326
0.247682,0,0,0,1.5708,0,-0,-9.77524e-05,90.0096,-0,-0,600,80.2386
0.247692,0,0,0,1.5708,0,-0,-9.77524e-05,90.0096,-0,-0,600,80.2446
0.247702,0,0,0,1.5708,0,-0,-9.77524e-05,90.0096,-0,-0,600,80.2506
0.247712,0,0,0,1.5708,0,-0,-9.77524e-05,90.0096,-0,-0,600,80.2566
0.247722,0,0,0,1.5708,0,-0,-9.77524e-05,90.0096,-0,-0,600,80.2626
0.247732,0,0,0,1.5708,0,-0,-9.77524e-05,90.0096,-0,-0,600,80.2685
0.247742,0,0,0,1.5708,0,-0,-9.77524e-05,90.0096,-0,-0,600,80.2745
0.247752,0,0,0,1.5708,0,-0,-9.77524e-05,90.0096,-0,-0,600,80.2805
0.247762,0,0,0,1.5708,0,-0,-9.77524e-05,90.0096,-0,-0,600,80.2865
0.247772,0,0,0,1.5708,0,-0,-9.77524e-05,90.0096,-0,-0,600,80.2925
0.247782,0,0,0,1.5708,0,-0,-9.77524e-05,90.0096,-0,-0,600,80.2985
0.247792,0,0,0,1.5708,0,-0,-9.77524e-05,90.0096,-0,-0,600,80.3045
0.247802,0,0,0,1.5708,0,-0,-9.77524e-05,90.0096,-0,-0,600,80.3105
0.247812,0,0,0,1.5708,0,-0,-9.77524e-05,90.0096,-0,-0,600,80.3165
0.247822,0,0,0,1.5708,0,-0,-9.77524e-05,90.0096,-0,-0,600,80.3225
0.247832,0,0,0,1.5708,0,-0,-9.77524e-05,90.0096,-0,-0,600,80.3285
0.247842,0,0,0,1.5708,0,-0,-9.77524e-05,90.0096,-0,-0,600,80.3345
0.247852,0,0,0,1.5708,0,-0,-9.77524e-05,90.0096,-0,-0,600,80.3405
0.247862,0,0,0,1.5708,0,-0,-9.77524e-05,90.0096,-0,-0,600,80.3465
0.247872,0,0,0,1.5708,0,-0,-9.77524e-05,90.0096,-0,-0,600,80.3525
0.247882,0,0,0,1.5708,0,-0,-9.77524e-05,90.0096,-0,-0,600,80.3585
0.247892,0,0,0,1.5708,0,-0,-9.77524e-05,90.0096,-0,-0,600,80.3645
0.247902,0,0,0,1.5708,0,-0,-9.77524e-05,90.0096,-0,-0,600,80.3705
0.247912,0,0,0,1.5708,0,-0,-9.77524e-05,90.0096,-0,-0,600,80.3765
0.247922,0,0,0,1.5708,0,-0,-9.77524e-05,90.0096,-0,-0,600,80.3825
0.247932,0,0,0,1.5708,0,-0,-9.77524e-05,90.0096,-0,-0,600,80.3885
0.247942,0,0,0,1.5708,0,-0,-9.77524e-05,90.0096,-0,-0,600,80.3945
0.247952,0,0,0,1.5708,0,-0,-9.77524e-05,90.0096,-0,-0,600,80.4005
0.247962,0,0,0,1.5708,0,-0,-9.77524e-05,90.0096,-0,-0,600,80.4065
0.247972,0,0,0,1.5708,0,-0,-9.77524e-05,90.0096,-0,-0,600,80.4125
0.247982,0,0,0,1.5708,0,-0,-9.77524e-05,90.0096,-0,-0,600,80.4185
0.247992,0,0,0,1.5708,0,-0,-9.77524e-05,90.0096,-0,-0,600,80.4245
0.248002,0,0,0,1.5708,0,-0,-9.77524e-05,90.0096,-0,-0,600,80.4305
0.248012,0,0,0,1.5708,0,-0,-9.77524e-05,90.0096,-0,-0,600,80.4365
0.248022,0,0,0,1.5708,0,-0,-9.77524e-05,90.0096,-0,-0,600,80.4425
0.248032,0,0,0,1.5708,0,-0,-9.77524e-05,90.0096,-0,-0,600,80.4484
0.248042,0,0,0,1.5708,0,-0,-9.77524e-05,90.0096,-0,-0,600,80.4544
0.248052,0,0,0,1.5708,0,-0,-9.77524e-05,90.0096,-0,-0,600,80.4604
0.248062,0,0,0,1.5708,0,-0,-9.77524e-05,90.0096,-0,-0,600,80.4664
0.248072,0,0,0,1.5708,0,-0,-9.77524e-05,90.0096,-0,-0,600,80.4724
0.248082,0,0,0,1.5708,0,-0,-9.77524e-05,90.0096,-0,-0,600,80.4784
0.248092,0,0,0,1.5708,0,-0,-9.77524e-05,90.0096,-0,-0,600,80.4844
0.248102,0,0,0,1.5708,0,-0,-9.77524e-05,90.0096,-0,-0,600,80.4904
0.248112,0,0,0,1.5708,0,-0,-9.77524e-05,90.0096,-0,-0,600,80.4964
0.248122,0,0,0,1.5708,0,-0,-9.77524e-05,90.0096,-0,-0,600,80.5024
0.248132,0,0,0,1.5708,0,-0,-9.77524e-05,90.0096,-0,-0,600,80.5084
0.248142,0,0,0,1.5708,0,-0,-9.77524e-05,90.0096,-0,-0,600,80.5144
0.248152,0,0,0,1.5708,0,-0,-9.77524e-05,90.0096,-0,-0,600,80.5204
0.248162,0,0,0,1.5708,0,-0,-9.77524e-05,90.0096,-0,-0,600,80.5264
0.248172,0,0,0,1.5708,0,-0,-9.77524e-05,90.0096,-0,-0,600,80.5324
0.248182,0,0,0,1.5708,0,-0,-9.77524e-05,90.0096,-0,-0,600,80.5384
0.248192,0,0,0,1.5708,0,-0,-9.77524e-05,90.0096,-0,-0,600,80.5444
0.248202,0,0,0,1.5708,0,-0,-9.77524e-05,90.0096,-0,-0,600,80.5504
0.248212,0,0,0,1.5708,0,-0,-9.77524e-05,90.0096,-0,-0,600,80.5564
0.248222,0,0,0,1.5708,0,-0,-9.77524e-05,90.0096,-0,-0,600,80.5624
0.248232,0,0,0,1.5708,0,-0,-9.77524e-05,90.0096,-0,-0,600,80.5684
0.248242,0,0,0,1.5708,0,-0,-9.77524e-05,90.0096,-0,-0,600,80.5744
0.248252,0,0,0,1.5708,0,-0,-9.77524e-05,90.0096,-0,-0,600,80.5804
0.248262,0,0,0,1.5708,0,-0,-9.77524e-05,90.0096,-0,-0,600,80.5864
0.248272,0,0,0,1.5708,0,-0,-9.77524e-05,90.0096,-0,-0,600,80.5924
0.248282,0,0,0,1.5708,0,-0,-9.77524e-05,90.0096,-0,-0,600,80.5984
0.248292,0,0,0,1.5708,0,-0,-9.77524e-05,90.0096,-0,-0,600,80.6044
0.248302,0,0,0,1.5708,0,-0,-9.77524e-05,90.0096,-0,-0,600,80.6104
0.248312,0,0,0,1.5708,0,-0,-9.77524e-05,90.0096,-0,-0,600,80.6164
0.248322,0,0,0,1.5708,0,-0,-9.77524e-05,90.0096,-0,-0,600,80.6224
0.248332,0,0,0,1.5708,0,-0,-9.77524e-05,90.0096,-0,-0,600,80.6283
0.248342,0,0,0,1.5708,0,-0,-9.77524e-05,90.0096,-0,-0,600,80.6343
0.248352,0,0,0,1.5708,0,-0,-9.77524e-05,90.0096,-0,-0,600,80.6403
0.248362,0,0,0,1.5708,0,-0,-9.77524e-05,90.0096,-0,-0,600,80.6463
0.248372,0,0,0,1.5708,0,-0,-9.77524e-05,90.0096,-0,-0,600,80.6523
0.248382,0,0,0,1.5708,0,-0,-9.77524e-05,90.0096,-0,-0,600,80.6583
0.248392,0,0,0,1.5708,0,-0,-9.77524e-05,90.0096,-0,-0,600,80.6643
0.248402,0,0,0,1.5708,0,-0,-9.77524e-05,90.0096,-0,-0,600,80.6703
0.248412,0,0,0,1.5708,0,-0,-9.77524e-05,90.0096,-0,-0,600,80.6763
0.248422,0,0,0,1.5708,0,-0,-9.77524e-05,90.0096,-0,-0,600,80.6823
0.248432,0,0,0,1.5708,0,-0,-9.77524e-05,90.0096,-0,-0,600,80.6883
0.248442,0,0,0,1.5708,0,-0,-9.77524e-05,90.0096,-0,-0,600,80.6943
0.248452,0,0,0,1.5708,0,-0,-9.77524e-05,90.0096,-0,-0,600,80.7003
0.248462,0,0,0,1.5708,0,-0,-9.77524e-05,90.0096,-0,-0,600,80.7063
0.248472,0,0,0,1.5708,0,-0,-9.77524e-05,90.0096,-0,-0,600,80.7123
0.248482,0,0,0,1.5708,0,-0,-9.77524e-05,90.0096,-0,-0,600,80.7183
0.248492,0,0,0,1.5708,0,-0,-9.77524e-05,90.0096,-0,-0,600,80.7243
0.248502,0,0,0,1.5708,0,-0,-9.77524e-05,90.0096,-0,-0,600,80.7303
0.248512,0,0,0,1.5708,0,-0,-9.77524e-05,90.0096,-0,-0,600,80.7363
0.248522,0,0,0,1.5708,0,-0,-9.77524e-05,90.0096,-0,-0,600,80.7423
0.248532,0,0,0,1.5708,0,-0,-9.77524e-05,90.0096,-0,-0,600,80.7483
0.248542,0,0,0,1.5708,0,-0,-9.77524e-05,90.0096,-0,-0,600,80.7543
0.248552,0,0,0,1.5708,0,-0,-9.77524e-05,90.0096,-0,-0,600,80.7603
0.248562,0,0,0,1.5708,0,-0,-9.77524e-05,90.0096,-0,-0,600,80.7663
0.248572,0,0,0,1.5708,0,-0,-9.77524e-05,90.0096,-0,-0,600,80.7723
0.248582,0,0,0,1.5708,0,-0,-9.77524e-05,90.0096,-0,-0,600,80.7783
0.248592,0,0,0,1.5708,0,-0,-9.77524e-05,90.0096,-0,-0,600,80.7843
0.248602,0,0,0,1.5708,0,-0,-9.77524e-05,90.0096,-0,-0,600,80.7903
0.248612,0,0,0,1.5708,0,-0,-9.77524e-05,90.0096,-0,-0,600,80.7963
0.248622,0,0,0,1.5708,0,-0,-9.77524e-05,90.0096,-0,-0,600,80.8023
0.248632,0,0,0,1.5708,0,-0,-9.77524e-05,90.0096,-0,-0,600,80.8083
0.248642,0,0,0,1.5708,0,-0,-9.77524e-05,90.0096,-0,-0,600,80.8142
0.248652,0,0,0,1.5708,0,-0,-9.77524e-05,90.0096,-0,-0,600,80.8202
0.248662,0,0,0,1.5708,0,-0,-9.77524e-05,90.0096,-0,-0,600,80.8262
0.248672,0,0,0,1.5708,0,-0,-9.77524e-05,90.0096,-0,-0,600,80.8322
0.248682,0,0,0,1.5708,0,-0,-9.77524e-05,90.0096,-0,-0,600,80.8382
0.248692,0,0,0,1.5708,0,-0,-9.77524e-05,90.0096,-0,-0,600,80.8442
0.248702,0,0,0,1.5708,0,-0,-9.77524e-05,90.0096,-0,-0,600,80.8502
0.248712,0,0,0,1.5708,0,-0,-9.77524e-05,90.0096,-0,-0,600,80.8562
0.248722,0,0,0,1.5708,0,-0,-9.77524e-05,90.0096,-0,-0,600,80.8622
0.248732,0,0,0,1.5708,0,-0,-9.77524e-05,90.0096,-0,-0,600,80.8682
0.248742,0,0,0,1.5708,0,-0,-9.77524e-05,90.0096,-0,-0,600,80.8742
0.248752,0,0,0,1.5708,0,-0,-9.77524e-05,90.0096,-0,-0,600,80.8802
0.248762,0,0,0,1.5708,0,-0,-9.77524e-05,90.0096,-0,-0,600,80.8862
0.248772,0,0,0,1.5708,0,-0,-9.77524e-05,90.0096,-0,-0,600,80.8922
0.248782,0,0,0,1.5708,0,-0,-9.77524e-05,90.0096,-0,-0,600,80.8982
0.248792,0,0,0,1.5708,0,-0,-9.77524e-05,90.0096,-0,-0,600,80.9042
0.248802,0,0,0,1.5708,0,-0,-9.77524e-05,90.0096,-0,-0,600,80.9102
0.248812,0,0,0,1.5708,0,-0,-9.77524e-05,90.0096,-0,-0,600,80.9162
0.248822,0,0,0,1.5708,0,-0,-9.77524e-05,90.0096,-0,-0,600,80.9222
0.248832,0,0,0,1.5708,0,-0,-9.77524e-05,90.0096,-0,-0,600,80.9282
0.248842,0,0,0,1.5708,0,-0,-9.77524e-05,90.0096,-0,-0,600,80.9342
0.248852,0,0,0,1.5708,0,-0,-9.77524e-05,90.0096,-0,-0,600,80.9402
0.248862,0,0,0,1.5708,0,-0,-9.77524e-05,90.0096,-0,-0,600,80.9462
0.248872,0,0,0,1.5708,0,-0,-9.77524e-05,90.0096,-0,-0,600,80.9522
0.248882,0,0,0,1.5708,0,-0,-9.77524e-05,90.0096,-0,-0,600,80.9582
0.248892,0,0,0,1.5708,0,-0,-9.77524e-05,90.0096,-0,-0,600,80.9642
0.248902,0,0,0,1.5708,0,-0,-9.77524e-05,90.0096,-0,-0,600,80.9702
0.248912,0,0,0,1.5708,0,-0,-9.77524e-05,90.0096,-0,-0,600,80.9762
0.248922,0,0,0,1.5708,0,-0,-9.77524e-05,90.0096,-0,-0,600,80.9822
0.248932,0,0,0,1.5708,0,-0,-9.77524e-05,90.0096,-0,-0,600,80.9882
0.248942,0,0,0,1.5708,0,-0,-9.77524e-05,90.0096,-0,-0,600,80.9941
0.248952,0,0,0,1.5708,0,-0,-9.77524e-05,90.0096,-0,-0,600,81.0001
0.248962,0,0,0,1.5708,0,-0,-9.77524e-05,90.0096,-0,-0,600,81.0061
0.248972,0,0,0,1.5708,0,-0,-9.77524e-05,90.0096,-0,-0,600,81.0121
0.248982,0,0,0,1.5708,0,-0,-9.77524e-05,90.0096,-0,-0,600,81.0181
0.248992,0,0,0,1.5708,0,-0,-9.77524e-05,90.0096,-0,-0,600,81.0241
0.249002,0,0,0,1.5708,0,-0,-9.77524e-05,90.0096,-0,-0,600,81.0301
0.249012,0,0,0,1.5708,0,-0,-9.77524e-05,90.0096,-0,-0,600,81.0361
0.249022,0,0,0,1.5708,0,-0,-9.77524e-05,90.0096,-0,-0,600,81.0421
0.249032,0,0,0,1.5708,0,-0,-9.77524e-05,90.0096,-0,-0,600,81.0481
0.249042,0,0,0,1.5708,0,-0,-9.77524e-05,90.0096,-0,-0,600,81.0541
0.249052,0,0,0,1.5708,0,-0,-9.77524e-05,90.0096,-0,-0,600,81.0601
0.249062,0,0,0,1.5708,0,-0,-9.77524e-05,90.0096,-0,-0,600,81.0661
0.249072,0,0,0,1.5708,0,-0,-9.77524e-05,90.0096,-0,-0,600,81.0721
0.249082,0,0,0,1.5708,0,-0,-9.77524e-05,90.0096,-0,-0,600,81.0781
0.249092,0,0,0,1.5708,0,-0,-9.77524e-05,90.0096,-0,-0,600,81.0841
0.249102,0,0,0,1.5708,0,-0,-9.77524e-05,90.0096,-0,-0,600,81.0901
0.249112,0,0,0,1.5708,0,-0,-9.77524e-05,90.0096,-0,-0,600,81.0961
0.249122,0,0,0,1.5708,0,-0,-9.77524e-05,90.0096,-0,-0,600,81.1021
0.249132,0,0,0,1.5708,0,-0,-9.77524e-05,90.0096,-0,-0,600,81.1081
0.249142,0,0,0,1.5708,0,-0,-9.77524e-05,90.0096,-0,-0,600,81.1141
0.249152,0,0,0,1.5708,0,-0,-9.77524e-05,90.0096,-0,-0,600,81.1201
0.249162,0,0,0,1.5708,0,-0,-9.77524e-05,90.0096,-0,-0,600,81.1261
0.249172,0,0,0,1.5708,0,-0,-9.77524e-05,90.0096,-0,-0,600,81.1321
0.249182,0,0,0,1.5708,0,-0,-9.77524e-05,90.0096,-0,-0,600,81.1381
0.249192,0,0,0,1.5708,0,-0,-9.77524e-05,90.0096,-0,-0,600,81.1441
0.249202,0,0,0,1.5708,0,-0,-9.77524e-05,90.0096,-0,-0,600,81.1501
0.249212,0,0,0,1.5708,0,-0,-9.77524e-05,90.0096,-0,-0,600,81.1561
0.249222,0,0,0,1.5708,0,-0,-9.77524e-05,90.0096,-0,-0,600,81.1621
0.249232,0,0,0,1.5708,0,-0,-9.77524e-05,90.0096,-0,-0,600,81.1681
0.249242,0,0,0,1.5708,0,-0,-9.77524e-05,90.0096,-0,-0,600,81.174
0.249252,0,0,0,1.5708,0,-0,-9.77524e-05,90.0096,-0,-0,600,81.18
0.249262,0,0,0,1.5708,0,-0,-9.77524e-05,90.0096,-0,-0,600,81.186
0.249272,0,0,0,1.5708,0,-0,-9.77524e-05,90.0096,-0,-0,600,81.192
0.249282,0,0,0,1.5708,0,-0,-9.77524e-05,90.0096,-0,-0,600,81.198
0.249292,0,0,0,1.5708,0,-0,-9.77524e-05,90.0096,-0,-0,600,81.204
0.249302,0,0,0,1.5708,0,-0,-9.77524e-05,90.0096,-0,-0,600,81.21
0.249312,0,0,0,1.5708,0,-0,-9.77524e-05,90.0096,-0,-0,600,81.216
0.249322,0,0,0,1.5708,0,-0,-9.77524e-05,90.0096,-0,-0,600,81.222
0.249332,0,0,0,1.5708,0,-0,-9.77524e-05,90.0096,-0,-0,600,81.228
0.249342,0,0,0,1.5708,0,-0,-9.77524e-05,90.0096,-0,-0,600,81.234
0.249352,0,0,0,1.5708,0,-0,-9.77524e-05,90.0096,-0,-0,600,81.24
0.249362,0,0,0,1.5708,0,-0,-9.77524e-05,90.0096,-0,-0,600,81.246
0.249372,0,0,0,1.5708,0,-0,-9.77524e-05,90.0096,-0,-0,600,81.252
0.249382,0,0,0,1.5708,0,-0,-9.77524e-05,90.0096,-0,-0,600,81.258
0.249392,0,0,0,1.5708,0,-0,-9.77524e-05,90.0096,-0,-0,600,81.264
0.249402,0,0,0,1.5708,0,-0,-9.77524e-05,90.0096,-0,-0,600,81.27
0.249412,0,0,0,1.5708,0,-0,-9.77524e-05,90.0096,-0,-0,600,81.276
0.249422,0,0,0,1.5708,0,-0,-9.77524e-05,90.0096,-0,-0,600,81.282
0.249432,0,0,0,1.5708,0,-0,-9.77524e-05,90.0096,-0,-0,600,81.288
0.249442,0,0,0,1.5708,0,-0,-9.77524e-05,90.0096,-0,-0,600,81.294
0.249452,0,0,0,1.5708,0,-0,-9.77524e-05,90.0096,-0,-0,600,81.3
0.249462,0,0,0,1.5708,0,-0,-9.77524e-05,90.0096,-0,-0,600,81.306
0.249472,0,0,0,1.5708,0,-0,-9.77524e-05,90.0096,-0,-0,600,81.312
0.249482,0,0,0,1.5708,0,-0,-9.77524e-05,90.0096,-0,-0,600,81.318
0.249492,0,0,0,1.5708,0,-0,-9.77524e-05,90.0096,-0,-0,600,81.324
0.249502,0,0,0,1.5708,0,-0,-9.77524e-05,90.0096,-0,-0,600,81.33
0.249512,0,0,0,1.5708,0,-0,-9.77524e-05,90.0096,-0,-0,600,81.336
0.249522,0,0,0,1.5708,0,-0,-9.77524e-05,90.0096,-0,-0,600,81.342
0.249532,0,0,0,1.5708,0,-0,-9.77524e-05,90.0096,-0,-0,600,81.348
0.249542,0,0,0,1.5708,0,-0,-9.77524e-05,90.0096,-0,-0,600,81.354
0.249552,0,0,0,1.5708,0,-0,-9.77524e-05,90.0096,-0,-0,600,81.3599
0.249562,0,0,0,1.5708,0,-0,-9.77524e-05,90.0096,-0,-0,600,81.3659
0.249572,0,0,0,1.5708,0,-0,-9.77524e-05,90.0096,-0,-0,600,81.3719
0.249582,0,0,0,1.5708,0,-0,-9.77524e-05,90.0096,-0,-0,600,81.3779
0.249592,0,0,0,1.5708,0,-0,-9.77524e-05,90.0096,-0,-0,600,81.3839
0.249602,0,0,0,1.5708,0,-0,-9.77524e-05,90.0096,-0,-0,600,81.3899
0.249612,0,0,0,1.5708,0,-0,-9.77524e-05,90.0096,-0,-0,600,81.3959
0.249622,0,0,0,1.5708,0,-0,-9.77524e-05,90.0096,-0,-0,600,81.4019
0.249632,0,0,0,1.5708,0,-0,-9.77524e-05,90.0096,-0,-0,600,81.4079
0.249642,0,0,0,1.5708,0,-0,-9.77524e-05,90.0096,-0,-0,600,81.4139
0.249652,0,0,0,1.5708,0,-0,-9.77524e-05,90.0096,-0,-0,600,81.4199
0.249662,0,0,0,1.5708,0,-0,-9.77524e-05,90.0096,-0,-0,600,81.4259
0.249672,0,0,0,1.5708,0,-0,-9.77524e-05,90.0096,-0,-0,600,81.4319
0.249682,0,0,0,1.5708,0,-0,-9.77524e-05,90.0096,-0,-0,600,81.4379
0.249692,0,0,0,1.5708,0,-0,-9.77524e-05,90.0096,-0,-0,600,81.4439
0.249702,0,0,0,1.5708,0,-0,-9.77524e-05,90.0096,-0,-0,600,81.4499
0.249712,0,0,0,1.5708,0,-0,-9.77524e-05,90.0096,-0,-0,600,81.4559
0.249722,0,0,0,1.5708,0,-0,-9.77524e-05,90.0096,-0,-0,600,81.4619
0.249732,0,0,0,1.5708,0,-0,-9.77524e-05,90.0096,-0,-0,600,81.4679
0.249742,0,0,0,1.5708,0,-0,-9.77524e-05,90.0096,-0,-0,600,81.4739
0.249752,0,0,0,1.5708,0,-0,-9.77524e-05,90.0096,-0,-0,600,81.4799
0.249762,0,0,0,1.5708,0,-0,-9.77524e-05,90.0096,-0,-0,600,81.4859
0.249772,0,0,0,1.5708,0,-0,-9.77524e-05,90.0096,-0,-0,600,81.4919
0.249782,0,0,0,1.5708,0,-0,-9.77524e-05,90.0096,-0,-0,600,81.4979
0.249792,0,0,0,1.5708,0,-0,-9.77524e-05,90.0096,-0,-0,600,81.5039
0.249802,0,0,0,1.5708,0,-0,-9.77524e-05,90.0096,-0,-0,600,81.5099
0.249812,0,0,0,1.5708,0,-0,-9.77524e-05,90.0096,-0,-0,600,81.5159
0.249822,0,0,0,1.5708,0,-0,-9.77524e-05,90.0096,-0,-0,600,81.5219
0.249832,0,0,0,1.5708,0,-0,-9.77524e-05,90.0096,-0,-0,600,81.5279
0.249842,0,0,0,1.5708,0,-0,-9.77524e-05,90.0096,-0,-0,600,81.5339
0.249852,0,0,0,1.5708,0,-0,-9.77524e-05,90.0096,-0,-0,600,81.5398
0.249862,0,0,0,1.5708,0,-0,-9.77524e-05,90.0096,-0,-0,600,81.5458
0.249872,0,0,0,1.5708,0,-0,-9.77524e-05,90.0096,-0,-0,600,81.5518
0.249882,0,0,0,1.5708,0,-0,-9.77524e-05,90.0096,-0,-0,600,81.5578
0.249892,0,0,0,1.5708,0,-0,-9.77524e-05,90.0096,-0,-0,600,81.5638
0.249902,0,0,0,1.5708,0,-0,-9.77524e-05,90.0096,-0,-0,600,81.5698
0.249912,0,0,0,1.5708,0,-0,-9.77524e-05,90.0096,-0,-0,600,81.5758
0.249922,0,0,0,1.5708,0,-0,-9.77524e-05,90.0096,-0,-0,600,81.5818
0.249932,0,0,0,1.5708,0,-0,-9.77524e-05,90.0096,-0,-0,600,81.5878
0.249942,0,0,0,1.5708,0,-0,-9.77524e-05,90.0096,-0,-0,600,81.5938
0.249952,0,0,0,1.5708,0,-0,-9.77524e-05,90.0096,-0,-0,600,81.5998
0.249962,0,0,0,1.5708,0,-0,-9.77524e-05,90.0096,-0,-0,600,81.6058
0.249972,0,0,0,1.5708,0,-0,-9.77524e-05,90.0096,-0,-0,600,81.6118
0.249982,0,0,0,1.5708,0,-0,-9.77524e-05,90.0096,-0,-0,600,81.6178
0.249992,0,0,0,1.5708,0,-0,-9.77524e-05,90.0096,-0,-0,600,81.6238
0.250002,0,0,0,1.5708,0,-0,-9.77524e-05,90.0096,-0,-0,600,81.6298
0.250012,0,0,0,1.5708,0,-0,-9.77524e-05,90.0096,-0,-0,600,81.6358
0.250022,0,0,0,1.5708,0,-0,-9.77524e-05,90.0096,-0,-0,600,81.6418
0.250032,0,0,0,1.5708,0,-0,-9.77524e-05,90.0096,-0,-0,600,81.6478
0.250042,0,0,0,1.5708,0,-0,-9.77524e-05,90.0096,-0,-0,600,81.6538
0.250052,0,0,0,1.5708,0,-0,-9.77524e-05,90.0096,-0,-0,600,81.6598
0.250062,0,0,0,1.5708,0,-0,-9.77524e-05,90.0096,-0,-0,600,81.6658
0.250072,0,0,0,1.5708,0,-0,-9.77524e-05,90.0096,-0,-0,600,81.6718
0.250082,0,0,0,1.5708,0,-0,-9.77524e-05,90.0096,-0,-0,600,81.6778
0.250092,0,0,0,1.5708,0,-0,-9.77524e-05,90.0096,-0,-0,600,81.6838
0.250102,0,0,0,1.5708,0,-0,-9.77524e-05,90.0096,-0,-0,600,81.6898
0.250112,0,0,0,1.5708,0,-0,-9.77524e-05,90.0096,-0,-0,600,81.6958
0.250122,0,0,0,1.5708,0,-0,-9.77524e-05,90.0096,-0,-0,600,81.7018
0.250132,0,0,0,1.5708,0,-0,-9.77524e-05,90.0096,-0,-0,600,81.7078
0.250142,0,0,0,1.5708,0,-0,-9.77524e-05,90.0096,-0,-0,600,81.7138
0.250152,0,0,0,1.5708,0,-0,-9.77524e-05,90.0096,-0,-0,600,81.7197
0.250162,0,0,0,1.5708,0,-0,-9.77524e-05,90.0096,-0,-0,600,81.7257
0.250172,0,0,0,1.5708,0,-0,-9.77524e-05,90.0096,-0,-0,600,81.7317
0.250182,0,0,0,1.5708,0,-0,-9.77524e-05,90.0096,-0,-0,600,81.7377
0.250192,0,0,0,1.5708,0,-0,-9.77524e-05,90.0096,-0,-0,600,81.7437
0.250202,0,0,0,1.5708,0,-0,-9.77524e-05,90.0096,-0,-0,600,81.7497
0.250212,0,0,0,1.5708,0,-0,-9.77524e-05,90.0096,-0,-0,600,81.7557
0.250222,0,0,0,1.5708,0,-0,-9.77524e-05,90.0096,-0,-0,600,81.7617
0.250232,0,0,0,1.5708,0,-0,-9.77524e-05,90.0096,-0,-0,600,81.7677
0.250242,0,0,0,1.5708,0,-0,-9.77524e-05,90.0096,-0,-0,600,81.7737
0.250252,0,0,0,1.5708,0,-0,-9.77524e-05,90.0096,-0,-0,600,81.7797
0.250262,0,0,0,1.5708,0,-0,-9.77524e-05,90.0096,-0,-0,600,81.7857
0.250272,0,0,0,1.5708,0,-0,-9.77524e-05,90.0096,-0,-0,600,81.7917
0.250282,0,0,0,1.5708,0,-0,-9.77524e-05,90.0096,-0,-0,600,81.7977
0.250292,0,0,0,1.5708,0,-0,-9.77524e-05,90.0096,-0,-0,600,81.8037
0.250302,0,0,0,1.5708,0,-0,-9.77524e-05,90.0096,-0,-0,600,81.8097
0.250312,0,0,0,1.5708,0,-0,-9.77524e-05,90.0096,-0,-0,600,81.8157
0.250322,0,0,0,1.5708,0,-0,-9.77524e-05,90.0096,-0,-0,600,81.8217
0.250332,0,0,0,1.5708,0,-0,-9.77524e-05,90.0096,-0,-0,600,81.8277
0.250342,0,0,0,1.5708,0,-0,-9.77524e-05,90.0096,-0,-0,600,81.8337
0.250352,0,0,0,1.5708,0,-0,-9.77524e-05,90.0096,-0,-0,600,81.8397
0.250362,0,0,0,1.5708,0,-0,-9.77524e-05,90.0096,-0,-0,600,81.8457
0.250372,0,0,0,1.5708,0,-0,-9.77524e-05,90.0096,-0,-0,600,81.8517
0.250382,0,0,0,1.5708,0,-0,-9.77524e-05,90.0096,-0,-0,600,81.8577
0.250392,0,0,0,1.5708,0,-0,-9.77524e-05,90.0096,-0,-0,600,81.8637
0.250402,0,0,0,1.5708,0,-0,-9.77524e-05,90.0096,-0,-0,600,81.8697
0.250412,0,0,0,1.5708,0,-0,-9.77524e-05,90.0096,-0,-0,600,81.8757
0.250422,0,0,0,1.5708,0,-0,-9.77524e-05,90.0096,-0,-0,600,81.8817
0.250432,0,0,0,1.5708,0,-0,-9.77524e-05,90.0096,-0,-0,600,81.8877
0.250442,0,0,0,1.5708,0,-0,-9.77524e-05,90.0096,-0,-0,600,81.8937
0.250452,0,0,0,1.5708,0,-0,-9.77524e-05,90.0096,-0,-0,600,81.8997
0.250462,0,0,0,1.5708,0,-0,-9.77524e-05,90.0096,-0,-0,600,81.9056
0.250472,0,0,0,1.5708,0,-0,-9.77524e-05,90.0096,-0,-0,600,81.9116
0.250482,0,0,0,1.5708,0,-0,-9.77524e-05,90.0096,-0,-0,600,81.9176
0.250492,0,0,0,1.5708,0,-0,-9.77524e-05,90.0096,-0,-0,600,81.9236
0.250502,0,0,0,1.5708,0,-0,-9.77524e-05,90.0096,-0,-0,600,81.9296
0.250512,0,0,0,1.5708,0,-0,-9.77524e-05,90.0096,-0,-0,600,81.9356
0.250522,0,0,0,1.5708,0,-0,-9.77524e-05,90.0096,-0,-0,600,81.9416
0.250532,0,0,0,1.5708,0,-0,-9.77524e-05,90.0096,-0,-0,600,81.9476
0.250542,0,0,0,1.5708,0,-0,-9.77524e-05,90.0096,-0,-0,600,81.9536
0.250552,0,0,0,1.5708,0,-0,-9.77524e-05,90.0096,-0,-0,600,81.9596
0.250562,0,0,0,1.5708,0,-0,-9.77524e-05,90.0096,-0,-0,600,81.9656
0.250572,0,0,0,1.5708,0,-0,-9.77524e-05,90.0096,-0,-0,600,81.9716
0.250582,0,0,0,1.5708,0,-0,-9.77524e-05,90.0096,-0,-0,600,81.9776
0.250592,0,0,0,1.5708,0,-0,-9.77524e-05,90.0096,-0,-0,600,81.9836
0.250603,0,0,0,1.5708,0,-0,-9.77524e-05,90.0096,-0,-0,600,81.9896
0.250613,0,0,0,1.5708,0,-0,-9.77524e-05,90.0096,-0,-0,600,81.9956
0.250623,0,0,0,1.5708,0,-0,-9.77524e-05,90.0096,-0,-0,600,82.0016
0.250633,0,0,0,1.5708,0,-0,-9.77524e-05,90.0096,-0,-0,600,82.0076
0.250643,0,0,0,1.5708,0,-0,-9.77524e-05,90.0096,-0,-0,600,82.0136
0.250653,0,0,0,1.5708,0,-0,-9.77524e-05,90.0096,-0,-0,600,82.0196
0.250663,0,0,0,1.5708,0,-0,-9.77524e-05,90.0096,-0,-0,600,82.0256
0.250673,0,0,0,1.5708,0,-0,-9.77524e-05,90.0096,-0,-0,600,82.0316
0.250683,0,0,0,1.5708,0,-0,-9.77524e-05,90.0096,-0,-0,600,82.0376
0.250693,0,0,0,1.5708,0,-0,-9.77524e-05,90.0096,-0,-0,600,82.0436
0.250703,0,0,0,1.5708,0,-0,-9.77524e-05,90.0096,-0,-0,600,82.0496
0.250713,0,0,0,1.5708,0,-0,-9.77524e-05,90.0096,-0,-0,600,82.0556
0.250723,0,0,0,1.5708,0,-0,-9.77524e-05,90.0096,-0,-0,600,82.0616
0.250733,0,0,0,1.5708,0,-0,-9.77524e-05,90.0096,-0,-0,600,82.0676
0.250743,0,0,0,1.5708,0,-0,-9.77524e-05,90.0096,-0,-0,600,82.0736
0.250753,0,0,0,1.5708,0,-0,-9.77524e-05,90.0096,-0,-0,600,82.0796
0.250763,0,0,0,1.5708,0,-0,-9.77524e-05,90.0096,-0,-0,600,82.0855
0.250773,0,0,0,1.5708,0,-0,-9.77524e-05,90.0096,-0,-0,600,82.0915
0.250783,0,0,0,1.5708,0,-0,-9.77524e-05,90.0096,-0,-0,600,82.0975
0.250793,0,0,0,1.5708,0,-0,-9.77524e-05,90.0096,-0,-0,600,82.1035
0.250803,0,0,0,1.5708,0,-0,-9.77524e-05,90.0096,-0,-0,600,82.1095
0.250813,0,0,0,1.5708,0,-0,-9.77524e-05,90.0096,-0,-0,600,82.1155
0.250823,0,0,0,1.5708,0,-0,-9.77524e-05,90.0096,-0,-0,600,82.1215
0.250833,0,0,0,1.5708,0,-0,-9.77524e-05,90.0096,-0,-0,600,82.1275
0.250843,0,0,0,1.5708,0,-0,-9.77524e-05,90.0096,-0,-0,600,82.1335
0.250853,0,0,0,1.5708,0,-0,-9.77524e-05,90.0096,-0,-0,600,82.1395
0.250863,0,0,0,1.5708,0,-0,-9.77524e-05,90.0096,-0,-0,600,82.1455
0.250873,0,0,0,1.5708,0,-0,-9.77524e-05,90.0096,-0,-0,600,82.1515
0.250883,0,0,0,1.5708,0,-0,-9.77524e-05,90.0096,-0,-0,600,82.1575
0.250893,0,0,0,1.5708,0,-0,-9.77524e-05,90.0096,-0,-0,600,82.1635
0.250903,0,0,0,1.5708,0,-0,-9.77524e-05,90.0096,-0,-0,600,82.1695
0.250913,0,0,0,1.5708,0,-0,-9.77524e-05,90.0096,-0,-0,600,82.1755
0.250923,0,0,0,1.5708,0,-0,-9.77524e-05,90.0096,-0,-0,600,82.1815
0.250933,0,0,0,1.5708,0,-0,-9.77524e-05,90.0096,-0,-0,600,82.1875
0.250943,0,0,0,1.5708,0,-0,-9.77524e-05,90.0096,-0,-0,600,82.1935
0.250953,0,0,0,1.5708,0,-0,-9.77524e-05,90.0096,-0,-0,600,82.1995
0.250963,0,0,0,1.5708,0,-0,-9.77524e-05,90.0096,-0,-0,600,82.2055
0.250973,0,0,0,1.5708,0,-0,-9.77524e-05,90.0096,-0,-0,600,82.2115
0.250983,0,0,0,1.5708,0,-0,-9.77524e-05,90.0096,-0,-0,600,82.2175
0.250993,0,0,0,1.5708,0,-0,-9.77524e-05,90.0096,-0,-0,600,82.2235
0.251003,0,0,0,1.5708,0,-0,-9.77524e-05,90.0096,-0,-0,600,82.2295
0.251013,0,0,0,1.5708,0,-0,-9.77524e-05,90.0096,-0,-0,600,82.2355
0.251023,0,0,0,1.5708,0,-0,-9.77524e-05,90.0096,-0,-0,600,82.2415
0.251033,0,0,0,1.5708,0,-0,-9.77524e-05,90.0096,-0,-0,600,82.2475
0.251043,0,0,0,1.5708,0,-0,-9.77524e-05,90.0096,-0,-0,600,82.2535
0.251053,0,0,0,1.5708,0,-0,-9.77524e-05,90.0096,-0,-0,600,82.2595
0.251063,0,0,0,1.5708,0,-0,-9.77524e-05,90.0096,-0,-0,600,82.2654
0.251073,0,0,0,1.5708,0,-0,-9.77524e-05,90.0096,-0,-0,600,82.2714
0.251083,0,0,0,1.5708,0,-0,-9.77524e-05,90.0096,-0,-0,600,82.2774
0.251093,0,0,0,1.5708,0,-0,-9.77524e-05,90.0096,-0,-0,600,82.2834
0.251103,0,0,0,1.5708,0,-0,-9.77524e-05,90.0096,-0,-0,600,82.2894
0.251113,0,0,0,1.5708,0,-0,-9.77524e-05,90.0096,-0,-0,600,82.2954
0.251123,0,0,0,1.5708,0,-0,-9.77524e-05,90.0096,-0,-0,600,82.3014
0.251133,0,0,0,1.5708,0,-0,-9.77524e-05,90.0096,-0,-0,600,82.3074
0.251143,0,0,0,1.5708,0,-0,-9.77524e-05,90.0096,-0,-0,600,82.3134
0.251153,0,0,0,1.5708,0,-0,-9.77524e-05,90.0096,-0,-0,600,82.3194
0.251163,0,0,0,1.5708,0,-0,-9.77524e-05,90.0096,-0,-0,600,82.3254
0.251173,0,0,0,1.5708,0,-0,-9.77524e-05,90.0096,-0,-0,600,82.3314
0.251183,0,0,0,1.5708,0,-0,-9.77524e-05,90.0096,-0,-0,600,82.3374
0.251193,0,0,0,1.5708,0,-0,-9.77524e-05,90.0096,-0,-0,600,82.3434
0.251203,0,0,0,1.5708,0,-0,-9.77524e-05,90.0096,-0,-0,600,82.3494
0.251213,0,0,0,1.5708,0,-0,-9.77524e-05,90.0096,-0,-0,600,82.3554
0.251223,0,0,0,1.5708,0,-0,-9.77524e-05,90.0096,-0,-0,600,82.3614
0.251233,0,0,0,1.5708,0,-0,-9.77524e-05,90.0096,-0,-0,600,82.3674
0.251243,0,0,0,1.5708,0,-0,-9.77524e-05,90.0096,-0,-0,600,82.3734
0.251253,0,0,0,1.5708,0,-0,-9.77524e-05,90.0096,-0,-0,600,82.3794
0.251263,0,0,0,1.5708,0,-0,-9.77524e-05,90.0096,-0,-0,600,82.3854
0.251273,0,0,0,1.5708,0,-0,-9.77524e-05,90.0096,-0,-0,600,82.3914
0.251283,0,0,0,1.5708,0,-0,-9.77524e-05,90.0096,-0,-0,600,82.3974
0.251293,0,0,0,1.5708,0,-0,-9.77524e-05,90.0096,-0,-0,600,82.4034
0.251303,0,0,0,1.5708,0,-0,-9.77524e-05,90.0096,-0,-0,600,82.4094
0.251313,0,0,0,1.5708,0,-0,-9.77524e-05,90.0096,-0,-0,600,82.4154
0.251323,0,0,0,1.5708,0,-0,-9.77524e-05,90.0096,-0,-0,600,82.4214
0.251334,0,0,0,1.5708,0,-0,-9.77524e-05,90.0096,-0,-0,600,82.4274
0.251344,0,0,0,1.5708,0,-0,-9.77524e-05,90.0096,-0,-0,600,82.4334
0.251354,0,0,0,1.5708,0,-0,-9.77524e-05,90.0096,-0,-0,600,82.4394
0.251364,0,0,0,1.5708,0,-0,-9.77524e-05,90.0096,-0,-0,600,82.4454
0.251374,0,0,0,1.5708,0,-0,-9.77524e-05,90.0096,-0,-0,600,82.4513
0.251384,0,0,0,1.5708,0,-0,-9.77524e-05,90.0096,-0,-0,600,82.4573
0.251394,0,0,0,1.5708,0,-0,-9.77524e-05,90.0096,-0,-0,600,82.4633
0.251404,0,0,0,1.5708,0,-0,-9.77524e-05,90.0096,-0,-0,600,82.4693
0.251414,0,0,0,1.5708,0,-0,-9.77524e-05,90.0096,-0,-0,600,82.4753
0.251424,0,0,0,1.5708,0,-0,-9.77524e-05,90.0096,-0,-0,600,82.4813
0.251434,0,0,0,1.5708,0,-0,-9.77524e-05,90.0096,-0,-0,600,82.4873
0.251444,0,0,0,1.5708,0,-0,-9.77524e-05,90.0096,-0,-0,600,82.4933
0.251454,0,0,0,1.5708,0,-0,-9.77524e-05,90.0096,-0,-0,600,82.4993
0.251464,0,0,0,1.5708,0,-0,-9.77524e-05,90.0096,-0,-0,600,82.5053
0.251474,0,0,0,1.5708,0,-0,-9.77524e-05,90.0096,-0,-0,600,82.5113
0.251484,0,0,0,1.5708,0,-0,-9.77524e-05,90.0096,-0,-0,600,82.5173
0.251494,0,0,0,1.5708,0,-0,-9.77524e-05,90.0096,-0,-0,600,82.5233
0.251504,0,0,0,1.5708,0,-0,-9.77524e-05,90.0096,-0,-0,600,82.5293
0.251514,0,0,0,1.5708,0,-0,-9.77524e-05,90.0096,-0,-0,600,82.5353
0.251524,0,0,0,1.5708,0,-0,-9.77524e-05,90.0096,-0,-0,600,82.5413
0.251534,0,0,0,1.5708,0,-0,-9.77524e-05,90.0096,-0,-0,600,82.5473
0.251544,0,0,0,1.5708,0,-0,-9.77524e-05,90.0096,-0,-0,600,82.5533
0.251554,0,0,0,1.5708,0,-0,-9.77524e-05,90.0096,-0,-0,600,82.5593
0.251564,0,0,0,1.5708,0,-0,-9.77524e-05,90.0096,-0,-0,600,82.5653
0.251574,0,0,0,1.5708,0,-0,-9.77524e-05,90.0096,-0,-0,600,82.5713
0.251584,0,0,0,1.5708,0,-0,-9.77524e-05,90.0096,-0,-0,600,82.5773
0.251594,0,0,0,1.5708,0,-0,-9.77524e-05,90.0096,-0,-0,600,82.5833
0.251604,0,0,0,1.5708,0,-0,-9.77524e-05,90.0096,-0,-0,600,82.5893
0.251614,0,0,0,1.5708,0,-0,-9.77524e-05,90.0096,-0,-0,600,82.5953
0.251624,0,0,0,1.5708,0,-0,-9.77524e-05,90.0096,-0,-0,600,82.6013
0.251634,0,0,0,1.5708,0,-0,-9.77524e-05,90.0096,-0,-0,600,82.6073
0.251644,0,0,0,1.5708,0,-0,-9.77524e-05,90.0096,-0,-0,600,82.6133
0.251654,0,0,0,1.5708,0,-0,-9.77524e-05,90.0096,-0,-0,600,82.6193
0.251664,0,0,0,1.5708,0,-0,-9.77524e-05,90.0096,-0,-0,600,82.6253
0.251674,0,0,0,1.5708,0,-0,-9.77524e-05,90.0096,-0,-0,600,82.6312
0.251684,0,0,0,1.5708,0,-0,-9.77524e-05,90.0096,-0,-0,600,82.6372
0.251694,0,0,0,1.5708,0,-0,-9.77524e-05,90.0096,-0,-0,600,82.6432
0.251704,0,0,0,1.5708,0,-0,-9.77524e-05,90.0096,-0,-0,600,82.6492
0.251714,0,0,0,1.5708,0,-0,-9.77524e-05,90.0096,-0,-0,600,82.6552
0.251724,0,0,0,1.5708,0,-0,-9.77524e-05,90.0096,-0,-0,600,82.6612
0.251734,0,0,0,1.5708,0,-0,-9.77524e-05,90.0096,-0,-0,600,82.6672
0.251744,0,0,0,1.5708,0,-0,-9.77524e-05,90.0096,-0,-0,600,82.6732
0.251754,0,0,0,1.5708,0,-0,-9.77524e-05,90.0096,-0,-0,600,82.6792
0.251764,0,0,0,1.5708,0,-0,-9.77524e-05,90.0096,-0,-0,600,82.6852
0.251774,0,0,0,1.5708,0,-0,-9.77524e-05,90.0096,-0,-0,600,82.6912
0.251784,0,0,0,1.5708,0,-0,-9.77524e-05,90.0096,-0,-0,600,82.6972
0.251794,0,0,0,1.5708,0,-0,-9.77524e-05,90.0096,-0,-0,600,82.7032
0.251804,0,0,0,1.5708,0,-0,-9.77524e-05,90.0096,-0,-0,600,82.7092
0.251814,0,0,0,1.5708,0,-0,-9.77524e-05,90.0096,-0,-0,600,82.7152
0.251824,0,0,0,1.5708,0,-0,-9.77524e-05,90.0096,-0,-0,600,82.7212
0.251834,0,0,0,1.5708,0,-0,-9.77524e-05,90.0096,-0,-0,600,82.7272
0.251844,0,0,0,1.5708,0,-0,-9.77524e-05,90.0096,-0,-0,600,82.7332
0.251854,0,0,0,1.5708,0,-0,-9.77524e-05,90.0096,-0,-0,600,82.7392
0.251864,0,0,0,1.5708,0,-0,-9.77524e-05,90.0096,-0,-0,600,82.7452
0.251874,0,0,0,1.5708,0,-0,-9.77524e-05,90.0096,-0,-0,600,82.7512
0.251884,0,0,0,1.5708,0,-0,-9.77524e-05,90.0096,-0,-0,600,82.7572
0.251894,0,0,0,1.5708,0,-0,-9.77524e-05,90.0096,-0,-0,600,82.7632
0.251904,0,0,0,1.5708,0,-0,-9.77524e-05,90.0096,-0,-0,600,82.7692
0.251914,0,0,0,1.5708,0,-0,-9.77524e-05,90.0096,-0,-0,600,82.7752
0.251924,0,0,0,1.5708,0,-0,-9.77524e-05,90.0096,-0,-0,600,82.7812
0.251934,0,0,0,1.5708,0,-0,-9.77524e-05,90.0096,-0,-0,600,82.7872
0.251944,0,0,0,1.5708,0,-0,-9.77524e-05,90.0096,-0,-0,600,82.7932
0.251954,0,0,0,1.5708,0,-0,-9.77524e-05,90.0096,-0,-0,600,82.7992
0.251964,0,0,0,1.5708,0,-0,-9.77524e-05,90.0096,-0,-0,600,82.8052
0.251974,0,0,0,1.5708,0,-0,-9.77524e-05,90.0096,-0,-0,600,82.8111
0.251984,0,0,0,1.5708,0,-0,-9.77524e-05,90.0096,-0,-0,600,82.8171
0.251994,0,0,0,1.5708,0,-0,-9.77524e-05,90.0096,-0,-0,600,82.8231
0.252004,0,0,0,1.5708,0,-0,-9.77524e-05,90.0096,-0,-0,600,82.8291
0.252014,0,0,0,1.5708,0,-0,-9.77524e-05,90.0096,-0,-0,600,82.8351
0.252024,0,0,0,1.5708,0,-0,-9.77524e-05,90.0096,-0,-0,600,82.8411
0.252034,0,0,0,1.5708,0,-0,-9.77524e-05,90.0096,-0,-0,600,82.8471
0.252044,0,0,0,1.5708,0,-0,-9.77524e-05,90.0096,-0,-0,600,82.8531
0.252054,0,0,0,1.5708,0,-0,-9.77524e-05,90.0096,-0,-0,600,82.8591
0.252064,0,0,0,1.5708,0,-0,-9.77524e-05,90.0096,-0,-0,600,82.8651
0.252075,0,0,0,1.5708,0,-0,-9.77524e-05,90.0096,-0,-0,600,82.8711
0.252085,0,0,0,1.5708,0,-0,-9.77524e-05,90.0096,-0,-0,600,82.8771
0.252095,0,0,0,1.5708,0,-0,-9.77524e-05,90.0096,-0,-0,600,82.8831
0.252105,0,0,0,1.5708,0,-0,-9.77524e-05,90.0096,-0,-0,600,82.8891
0.252115,0,0,0,1.5708,0,-0,-9.77524e-05,90.0096,-0,-0,600,82.8951
0.252125,0,0,0,1.5708,0,-0,-9.77524e-05,90.0096,-0,-0,600,82.9011
0.252135,0,0,0,1.5708,0,-0,-9.77524e-05,90.0096,-0,-0,600,82.9071
0.252145,0,0,0,1.5708,0,-0,-9.77524e-05,90.0096,-0,-0,600,82.9131
0.252155,0,0,0,1.5708,0,-0,-9.77524e-05,90.0096,-0,-0,600,82.9191
0.252165,0,0,0,1.5708,0,-0,-9.77524e-05,90.0096,-0,-0,600,82.9251
0.252175,0,0,0,1.5708,0,-0,-9.77524e-05,90.0096,-0,-0,600,82.9311
0.252185,0,0,0,1.5708,0,-0,-9.77524e-05,90.0096,-0,-0,600,82.9371
0.252195,0,0,0,1.5708,0,-0,-9.77524e-05,90.0096,-0,-0,600,82.9431
0.252205,0,0,0,1.5708,0,-0,-9.77524e-05,90.0096,-0,-0,600,82.9491
0.252215,0,0,0,1.5708,0,-0,-9.77524e-05,90.0096,-0,-0,600,82.9551
0.252225,0,0,0,1.5708,0,-0,-9.77524e-05,90.0096,-0,-0,600,82.9611
0.252235,0,0,0,1.5708,0,-0,-9.77524e-05,90.0096,-0,-0,600,82.9671
0.252245,0,0,0,1.5708,0,-0,-9.77524e-05,90.0096,-0,-0,600,82.9731
0.252255,0,0,0,1.5708,0,-0,-9.77524e-05,90.0096,-0,-0,600,82.9791
0.252265,0,0,0,1.5708,0,-0,-9.77524e-05,90.0096,-0,-0,600,82.9851
0.252275,0,0,0,1.5708,0,-0,-9.77524e-05,90.0096,-0,-0,600,82.9911
0.252285,0,0,0,1.5708,0,-0,-9.77524e-05,90.0096,-0,-0,600,82.997
0.252295,0,0,0,1.5708,0,-0,-9.77524e-05,90.0096,-0,-0,600,83.003
0.252305,0,0,0,1.5708,0,-0,-9.77524e-05,90.0096,-0,-0,600,83.009
0.252315,0,0,0,1.5708,0,-0,-9.77524e-05,90.0096,-0,-0,600,83.015
0.252325,0,0,0,1.5708,0,-0,-9.77524e-05,90.0096,-0,-0,600,83.021
0.252335,0,0,0,1.5708,0,-0,-9.77524e-05,90.0096,-0,-0,600,83.027
0.252345,0,0,0,1.5708,0,-0,-9.77524e-05,90.0096,-0,-0,600,83.033
0.252355,0,0,0,1.5708,0,-0,-9.77524e-05,90.0096,-0,-0,600,83.039
0.252365,0,0,0,1.5708,0,-0,-9.77524e-05,90.0096,-0,-0,600,83.045
0.252375,0,0,0,1.5708,0,-0,-9.77524e-05,90.0096,-0,-0,600,83.051
0.252385,0,0,0,1.5708,0,-0,-9.77524e-05,90.0096,-0,-0,600,83.057
0.252395,0,0,0,1.5708,0,-0,-9.77524e-05,90.0096,-0,-0,600,83.063
0.252405,0,0,0,1.5708,0,-0,-9.77524e-05,90.0096,-0,-0,600,83.069
0.252415,0,0,0,1.5708,0,-0,-9.77524e-05,90.0096,-0,-0,600,83.075
0.252425,0,0,0,1.5708,0,-0,-9.77524e-05,90.0096,-0,-0,600,83.081
0.252435,0,0,0,1.5708,0,-0,-9.77524e-05,90.0096,-0,-0,600,83.087
0.252445,0,0,0,1.5708,0,-0,-9.77524e-05,90.0096,-0,-0,600,83.093
0.252455,0,0,0,1.5708,0,-0,-9.77524e-05,90.0096,-0,-0,600,83.099
0.252465,0,0,0,1.5708,0,-0,-9.77524e-05,90.0096,-0,-0,600,83.105
0.252475,0,0,0,1.5708,0,-0,-9.77524e-05,90.0096,-0,-0,600,83.111
0.252485,0,0,0,1.5708,0,-0,-9.77524e-05,90.0096,-0,-0,600,83.117
0.252495,0,0,0,1.5708,0,-0,-9.77524e-05,90.0096,-0,-0,600,83.123
0.252505,0,0,0,1.5708,0,-0,-9.77524e-05,90.0096,-0,-0,600,83.129
0.252515,0,0,0,1.5708,0,-0,-9.77524e-05,90.0096,-0,-0,600,83.135
0.252525,0,0,0,1.5708,0,-0,-9.77524e-05,90.0096,-0,-0,600,83.141
0.252535,0,0,0,1.5708,0,-0,-9.77524e-05,90.0096,-0,-0,600,83.147
0.252545,0,0,0,1.5708,0,-0,-9.77524e-05,90.0096,-0,-0,600,83.153
0.252555,0,0,0,1.5708,0,-0,-9.77524e-05,90.0096,-0,-0,600,83.159
0.252565,0,0,0,1.5708,0,-0,-9.77524e-05,90.0096,-0,-0,600,83.165
0.252575,0,0,0,1.5708,0,-0,-9.77524e-05,90.0096,-0,-0,600,83.171
0.252585,0,0,0,1.5708,0,-0,-9.77524e-05,90.0096,-0,-0,600,83.1769
0.252595,0,0,0,1.5708,0,-0,-9.77524e-05,90.0096,-0,-0,600,83.1829
0.252605,0,0,0,1.5708,0,-0,-9.77524e-05,90.0096,-0,-0,600,83.1889
0.252615,0,0,0,1.5708,0,-0,-9.77524e-05,90.0096,-0,-0,600,83.1949
0.252625,0,0,0,1.5708,0,-0,-9.77524e-05,90.0096,-0,-0,600,83.2009
0.252635,0,0,0,1.5708,0,-0,-9.77524e-05,90.0096,-0,-0,600,83.2069
0.252645,0,0,0,1.5708,0,-0,-9.77524e-05,90.0096,-0,-0,600,83.2129
0.252655,0,0,0,1.5708,0,-0,-9.77524e-05,90.0096,-0,-0,600,83.2189
0.252665,0,0,0,1.5708,0,-0,-9.77524e-05,90.0096,-0,-0,600,83.2249
0.252675,0,0,0,1.5708,0,-0,-9.77524e-05,90.0096,-0,-0,600,83.2309
0.252685,0,0,0,1.5708,0,-0,-9.77524e-05,90.0096,-0,-0,600,83.2369
0.252695,0,0,0,1.5708,0,-0,-9.77524e-05,90.0096,-0,-0,600,83.2429
0.252705,0,0,0,1.5708,0,-0,-9.77524e-05,90.0096,-0,-0,600,83.2489
0.252715,0,0,0,1.5708,0,-0,-9.77524e-05,90.0096,-0,-0,600,83.2549
0.252725,0,0,0,1.5708,0,-0,-9.77524e-05,90.0096,-0,-0,600,83.2609
0.252735,0,0,0,1.5708,0,-0,-9.77524e-05,90.0096,-0,-0,600,83.2669
0.252745,0,0,0,1.5708,0,-0,-9.77524e-05,90.0096,-0,-0,600,83.2729
0.252755,0,0,0,1.5708,0,-0,-9.77524e-05,90.0096,-0,-0,600,83.2789
0.252765,0,0,0,1.5708,0,-0,-9.77524e-05,90.0096,-0,-0,600,83.2849
0.252775,0,0,0,1.5708,0,-0,-9.77524e-05,90.0096,-0,-0,600,83.2909
0.252785,0,0,0,1.5708,0,-0,-9.77524e-05,90.0096,-0,-0,600,83.2969
0.252795,0,0,0,1.5708,0,-0,-9.77524e-05,90.0096,-0,-0,600,83.3029
0.252806,0,0,0,1.5708,0,-0,-9.77524e-05,90.0096,-0,-0,600,83.3089
0.252816,0,0,0,1.5708,0,-0,-9.77524e-05,90.0096,-0,-0,600,83.3149
0.252826,0,0,0,1.5708,0,-0,-9.77524e-05,90.0096,-0,-0,600,83.3209
0.252836,0,0,0,1.5708,0,-0,-9.77524e-05,90.0096,-0,-0,600,83.3269
0.252846,0,0,0,1.5708,0,-0,-9.77524e-05,90.0096,-0,-0,600,83.3329
0.252856,0,0,0,1.5708,0,-0,-9.77524e-05,90.0096,-0,-0,600,83.3389
0.252866,0,0,0,1.5708,0,-0,-9.77524e-05,90.0096,-0,-0,600,83.3449
0.252876,0,0,0,1.5708,0,-0,-9.77524e-05,90.0096,-0,-0,600,83.3509
0.252886,0,0,0,1.5708,0,-0,-9.77524e-05,90.0096,-0,-0,600,83.3568
0.252896,0,0,0,1.5708,0,-0,-9.77524e-05,90.0096,-0,-0,600,83.3628
0.252906,0,0,0,1.5708,0,-0,-9.77524e-05,90.0096,-0,-0,600,83.3688
0.252916,0,0,0,1.5708,0,-0,-9.77524e-05,90.0096,-0,-0,600,83.3748
0.252926,0,0,0,1.5708,0,-0,-9.77524e-05,90.0096,-0,-0,600,83.3808
0.252936,0,0,0,1.5708,0,-0,-9.77524e-05,90.0096,-0,-0,600,83.3868
0.252946,0,0,0,1.5708,0,-0,-9.77524e-05,90.0096,-0,-0,600,83.3928
0.252956,0,0,0,1.5708,0,-0,-9.77524e-05,90.0096,-0,-0,600,83.3988
0.252966,0,0,0,1.5708,0,-0,-9.77524e-05,90.0096,-0,-0,600,83.4048
0.252976,0,0,0,1.5708,0,-0,-9.77524e-05,90.0096,-0,-0,600,83.4108
0.252986,0,0,0,1.5708,0,-0,-9.77524e-05,90.0096,-0,-0,600,83.4168
0.252996,0,0,0,1.5708,0,-0,-9.77524e-05,90.0096,-0,-0,600,83.4228
0.253006,0,0,0,1.5708,0,-0,-9.77524e-05,90.0096,-0,-0,600,83.4288
0.253016,0,0,0,1.5708,0,-0,-9.77524e-05,90.0096,-0,-0,600,83.4348
0.253026,0,0,0,1.5708,0,-0,-9.77524e-05,90.0096,-0,-0,600,83.4408
0.253036,0,0,0,1.5708,0,-0,-9.77524e-05,90.0096,-0,-0,600,83.4468
0.253046,0,0,0,1.5708,0,-0,-9.77524e-05,90.0096,-0,-0,600,83.4528
0.253056,0,0,0,1.5708,0,-0,-9.77524e-05,90.0096,-0,-0,600,83.4588
0.253066,0,0,0,1.5708,0,-0,-9.77524e-05,90.0096,-0,-0,600,83.4648
0.253076,0,0,0,1.5708,0,-0,-9.77524e-05,90.0096,-0,-0,600,83.4708
0.253086,0,0,0,1.5708,0,-0,-9.77524e-05,90.0096,-0,-0,600,83.4768
0.253096,0,0,0,1.5708,0,-0,-9.77524e-05,90.0096,-0,-0,600,83.4828
0.253106,0,0,0,1.5708,0,-0,-9.77524e-05,90.0096,-0,-0,600,83.4888
0.253116,0,0,0,1.5708,0,-0,-9.77524e-05,90.0096,-0,-0,600,83.4948
0.253126,0,0,0,1.5708,0,-0,-9.77524e-05,90.0096,-0,-0,600,83.5008
0.253136,0,0,0,1.5708,0,-0,-9.77524e-05,90.0096,-0,-0,600,83.5068
0.253146,0,0,0,1.5708,0,-0,-9.77524e-05,90.0096,-0,-0,600,83.5128
0.253156,0,0,0,1.5708,0,-0,-9.77524e-05,90.0096,-0,-0,600,83.5188
0.253166,0,0,0,1.5708,0,-0,-9.77524e-05,90.0096,-0,-0,600,83.5248
0.253176,0,0,0,1.5708,0,-0,-9.77524e-05,90.0096,-0,-0,600,83.5308
0.253186,0,0,0,1.5708,0,-0,-9.77524e-05,90.0096,-0,-0,600,83.5368
0.253196,0,0,0,1.5708,0,-0,-9.77524e-05,90.0096,-0,-0,600,83.5427
0.253206,0,0,0,1.5708,0,-0,-9.77524e-05,90.0096,-0,-0,600,83.5487
0.253216,0,0,0,1.5708,0,-0,-9.77524e-05,90.0096,-0,-0,600,83.5547
0.253226,0,0,0,1.5708,0,-0,-9.77524e-05,90.0096,-0,-0,600,83.5607
0.253236,0,0,0,1.5708,0,-0,-9.77524e-05,90.0096,-0,-0,600,83.5667
0.253246,0,0,0,1.5708,0,-0,-9.77524e-05,90.0096,-0,-0,600,83.5727
0.253256,0,0,0,1.5708,0,-0,-9.77524e-05,90.0096,-0,-0,600,83.5787
0.253266,0,0,0,1.5708,0,-0,-9.77524e-05,90.0096,-0,-0,600,83.5847
0.253276,0,0,0,1.5708,0,-0,-9.77524e-05,90.0096,-0,-0,600,83.5907
0.253286,0,0,0,1.5708,0,-0,-9.77524e-05,90.0096,-0,-0,600,83.5967
0.253296,0,0,0,1.5708,0,-0,-9.77524e-05,90.0096,-0,-0,600,83.6027
0.253306,0,0,0,1.5708,0,-0,-9.77524e-05,90.0096,-0,-0,600,83.6087
0.253316,0,0,0,1.5708,0,-0,-9.77524e-05,90.0096,-0,-0,600,83.6147
0.253326,0,0,0,1.5708,0,-0,-9.77524e-05,90.0096,-0,-0,600,83.6207
0.253336,0,0,0,1.5708,0,-0,-9.77524e-05,90.0096,-0,-0,600,83.6267
0.253346,0,0,0,1.5708,0,-0,-9.77524e-05,90.0096,-0,-0,600,83.6327
0.253356,0,0,0,1.5708,0,-0,-9.77524e-05,90.0096,-0,-0,600,83.6387
0.253366,0,0,0,1.5708,0,-0,-9.77524e-05,90.0096,-0,-0,600,83.6447
0.253376,0,0,0,1.5708,0,-0,-9.77524e-05,90.0096,-0,-0,600,83.6507
0.253386,0,0,0,1.5708,0,-0,-9.77524e-05,90.0096,-0,-0,600,83.6567
0.253396,0,0,0,1.5708,0,-0,-9.77524e-05,90.0096,-0,-0,600,83.6627
0.253406,0,0,0,1.5708,0,-0,-9.77524e-05,90.0096,-0,-0,600,83.6687
0.253416,0,0,0,1.5708,0,-0,-9.77524e-05,90.0096,-0,-0,600,83.6747
0.253426,0,0,0,1.5708,0,-0,-9.77524e-05,90.0096,-0,-0,600,83.6807
0.253436,0,0,0,1.5708,0,-0,-9.77524e-05,90.0096,-0,-0,600,83.6867
0.253446,0,0,0,1.5708,0,-0,-9.77524e-05,90.0096,-0,-0,600,83.6927
0.253456,0,0,0,1.5708,0,-0,-9.77524e-05,90.0096,-0,-0,600,83.6987
0.253466,0,0,0,1.5708,0,-0,-9.77524e-05,90.0096,-0,-0,600,83.7047
0.253476,0,0,0,1.5708,0,-0,-9.77524e-05,90.0096,-0,-0,600,83.7107
0.253486,0,0,0,1.5708,0,-0,-9.77524e-05,90.0096,-0,-0,600,83.7167
0.253496,0,0,0,1.5708,0,-0,-9.77524e-05,90.0096,-0,-0,600,83.7226
0.253506,0,0,0,1.5708,0,-0,-9.77524e-05,90.0096,-0,-0,600,83.7286
0.253516,0,0,0,1.5708,0,-0,-9.77524e-05,90.0096,-0,-0,600,83.7346
0.253526,0,0,0,1.5708,0,-0,-9.77524e-05,90.0096,-0,-0,600,83.7406
0.253536,0,0,0,1.5708,0,-0,-9.77524e-05,90.0096,-0,-0,600,83.7466
0.253547,0,0,0,1.5708,0,-0,-9.77524e-05,90.0096,-0,-0,600,83.7526
0.253557,0,0,0,1.5708,0,-0,-9.77524e-05,90.0096,-0,-0,600,83.7586
0.253567,0,0,0,1.5708,0,-0,-9.77524e-05,90.0096,-0,-0,600,83.7646
0.253577,0,0,0,1.5708,0,-0,-9.77524e-05,90.0096,-0,-0,600,83.7706
0.253587,0,0,0,1.5708,0,-0,-9.77524e-05,90.0096,-0,-0,600,83.7766
0.253597,0,0,0,1.5708,0,-0,-9.77524e-05,90.0096,-0,-0,600,83.7826
0.253607,0,0,0,1.5708,0,-0,-9.77524e-05,90.0096,-0,-0,600,83.7886
0.253617,0,0,0,1.5708,0,-0,-9.77524e-05,90.0096,-0,-0,600,83.7946
0.253627,0,0,0,1.5708,0,-0,-9.77524e-05,90.0096,-0,-0,600,83.8006
0.253637,0,0,0,1.5708,0,-0,-9.77524e-05,90.0096,-0,-0,600,83.8066
0.253647,0,0,0,1.5708,0,-0,-9.77524e-05,90.0096,-0,-0,600,83.8126
0.253657,0,0,0,1.5708,0,-0,-9.77524e-05,90.0096,-0,-0,600,83.8186
0.253667,0,0,0,1.5708,0,-0,-9.77524e-05,90.0096,-0,-0,600,83.8246
0.253677,0,0,0,1.5708,0,-0,-9.77524e-05,90.0096,-0,-0,600,83.8306
0.253687,0,0,0,1.5708,0,-0,-9.77524e-05,90.0096,-0,-0,600,83.8366
0.253697,0,0,0,1.5708,0,-0,-9.77524e-05,90.0096,-0,-0,600,83.8426
0.253707,0,0,0,1.5708,0,-0,-9.77524e-05,90.0096,-0,-0,600,83.8486
0.253717,0,0,0,1.5708,0,-0,-9.77524e-05,90.0096,-0,-0,600,83.8546
0.253727,0,0,0,1.5708,0,-0,-9.77524e-05,90.0096,-0,-0,600,83.8606
0.253737,0,0,0,1.5708,0,-0,-9.77524e-05,90.0096,-0,-0,600,83.8666
0.253747,0,0,0,1.5708,0,-0,-9.77524e-05,90.0096,-0,-0,600,83.8726
0.253757,0,0,0,1.5708,0,-0,-9.77524e-05,90.0096,-0,-0,600,83.8786
0.253767,0,0,0,1.5708,0,-0,-9.77524e-05,90.0096,-0,-0,600,83.8846
0.253777,0,0,0,1.5708,0,-0,-9.77524e-05,90.0096,-0,-0,600,83.8906
0.253787,0,0,0,1.5708,0,-0,-9.77524e-05,90.0096,-0,-0,600,83.8966
0.253797,0,0,0,1.5708,0,-0,-9.77524e-05,90.0096,-0,-0,600,83.9025
0.253807,0,0,0,1.5708,0,-0,-9.77524e-05,90.0096,-0,-0,600,83.9085
0.253817,0,0,0,1.5708,0,-0,-9.77524e-05,90.0096,-0,-0,600,83.9145
0.253827,0,0,0,1.5708,0,-0,-9.77524e-05,90.0096,-0,-0,600,83.9205
0.253837,0,0,0,1.5708,0,-0,-9.77524e-05,90.0096,-0,-0,600,83.9265
0.253847,0,0,0,1.5708,0,-0,-9.77524e-05,90.0096,-0,-0,600,83.9325
0.253857,0,0,0,1.5708,0,-0,-9.77524e-05,90.0096,-0,-0,600,83.9385
0.253867,0,0,0,1.5708,0,-0,-9.77524e-05,90.0096,-0,-0,600,83.9445
0.253877,0,0,0,1.5708,0,-0,-9.77524e-05,90.0096,-0,-0,600,83.9505
0.253887,0,0,0,1.5708,0,-0,-9.77524e-05,90.0096,-0,-0,600,83.9565
0.253897,0,0,0,1.5708,0,-0,-9.77524e-05,90.0096,-0,-0,600,83.9625
0.253907,0,0,0,1.5708,0,-0,-9.77524e-05,90.0096,-0,-0,600,83.9685
0.253917,0,0,0,1.5708,0,-0,-9.77524e-05,90.0096,-0,-0,600,83.9745
0.253927,0,0,0,1.5708,0,-0,-9.77524e-05,90.0096,-0,-0,600,83.9805
0.253937,0,0,0,1.5708,0,-0,-9.77524e-05,90.0096,-0,-0,600,83.9865
0.253947,0,0,0,1.5708,0,-0,-9.77524e-05,90.0096,-0,-0,600,83.9925
0.253957,0,0,0,1.5708,0,-0,-9.77524e-05,90.0096,-0,-0,600,83.9985
0.253967,0,0,0,1.5708,0,-0,-9.77524e-05,90.0096,-0,-0,600,84.0045
0.253977,0,0,0,1.5708,0,-0,-9.77524e-05,90.0096,-0,-0,600,84.0105
0.253987,0,0,0,1.5708,0,-0,-9.77524e-05,90.0096,-0,-0,600,84.0165
0.253997,0,0,0,1.5708,0,-0,-9.77524e-05,90.0096,-0,-0,600,84.0225
0.254007,0,0,0,1.5708,0,-0,-9.77524e-05,90.0096,-0,-0,600,84.0285
0.254017,0,0,0,1.5708,0,-0,-9.77524e-05,90.0096,-0,-0,600,84.0345
0.254027,0,0,0,1.5708,0,-0,-9.77524e-05,90.0096,-0,-0,600,84.0405
0.254037,0,0,0,1.5708,0,-0,-9.77524e-05,90.0096,-0,-0,600,84.0465
0.254047,0,0,0,1.5708,0,-0,-9.77524e-05,90.0096,-0,-0,600,84.0525
0.254057,0,0,0,1.5708,0,-0,-9.77524e-05,90.0096,-0,-0,600,84.0585
0.254067,0,0,0,1.5708,0,-0,-9.77524e-05,90.0096,-0,-0,600,84.0645
0.254077,0,0,0,1.5708,0,-0,-9.77524e-05,90.0096,-0,-0,600,84.0705
0.254087,0,0,0,1.5708,0,-0,-9.77524e-05,90.0096,-0,-0,600,84.0765
0.254097,0,0,0,1.5708,0,-0,-9.77524e-05,90.0096,-0,-0,600,84.0825
0.254107,0,0,0,1.5708,0,-0,-9.77524e-05,90.0096,-0,-0,600,84.0884
0.254117,0,0,0,1.5708,0,-0,-9.77524e-05,90.0096,-0,-0,600,84.0944
0.254127,0,0,0,1.5708,0,-0,-9.77524e-05,90.0096,-0,-0,600,84.1004
0.254137,0,0,0,1.5708,0,-0,-9.77524e-05,90.0096,-0,-0,600,84.1064
0.254147,0,0,0,1.5708,0,-0,-9.77524e-05,90.0096,-0,-0,600,84.1124
0.254157,0,0,0,1.5708,0,-0,-9.77524e-05,90.0096,-0,-0,600,84.1184
0.254167,0,0,0,1.5708,0,-0,-9.77524e-05,90.0096,-0,-0,600,84.1244
0.254177,0,0,0,1.5708,0,-0,-9.77524e-05,90.0096,-0,-0,600,84.1304
0.254187,0,0,0,1.5708,0,-0,-9.77524e-05,90.0096,-0,-0,600,84.1364
0.254197,0,0,0,1.5708,0,-0,-9.77524e-05,90.0096,-0,-0,600,84.1424
0.254207,0,0,0,1.5708,0,-0,-9.77524e-05,90.0096,-0,-0,600,84.1484
0.254217,0,0,0,1.5708,0,-0,-9.77524e-05,90.0096,-0,-0,600,84.1544
0.254227,0,0,0,1.5708,0,-0,-9.77524e-05,90.0096,-0,-0,600,84.1604
0.254237,0,0,0,1.5708,0,-0,-9.77524e-05,90.0096,-0,-0,600,84.1664
0.254247,0,0,0,1.5708,0,-0,-9.77524e-05,90.0096,-0,-0,600,84.1724
0.254257,0,0,0,1.5708,0,-0,-9.77524e-05,90.0096,-0,-0,600,84.1784
0.254267,0,0,0,1.5708,0,-0,-9.77524e-05,90.0096,-0,-0,600,84.1844
0.254277,0,0,0,1.5708,0,-0,-9.77524e-05,90.0096,-0,-0,600,84.1904
0.254288,0,0,0,1.5708,0,-0,-9.77524e-05,90.0096,-0,-0,600,84.1964
0.254298,0,0,0,1.5708,0,-0,-9.77524e-05,90.0096,-0,-0,600,84.2024
0.254308,0,0,0,1.5708,0,-0,-9.77524e-05,90.0096,-0,-0,600,84.2084
0.254318,0,0,0,1.5708,0,-0,-9.77524e-05,90.0096,-0,-0,600,84.2144
0.254328,0,0,0,1.5708,0,-0,-9.77524e-05,90.0096,-0,-0,600,84.2204
0.254338,0,0,0,1.5708,0,-0,-9.77524e-05,90.0096,-0,-0,600,84.2264
0.254348,0,0,0,1.5708,0,-0,-9.77524e-05,90.0096,-0,-0,600,84.2324
0.254358,0,0,0,1.5708,0,-0,-9.77524e-05,90.0096,-0,-0,600,84.2384
0.254368,0,0,0,1.5708,0,-0,-9.77524e-05,90.0096,-0,-0,600,84.2444
0.254378,0,0,0,1.5708,0,-0,-9.77524e-05,90.0096,-0,-0,600,84.2504
0.254388,0,0,0,1.5708,0,-0,-9.77524e-05,90.0096,-0,-0,600,84.2564
0.254398,0,0,0,1.5708,0,-0,-9.77524e-05,90.0096,-0,-0,600,84.2624
0.254408,0,0,0,1.5708,0,-0,-9.77524e-05,90.0096,-0,-0,600,84.2683
0.254418,0,0,0,1.5708,0,-0,-9.77524e-05,90.0096,-0,-0,600,84.2743
0.254428,0,0,0,1.5708,0,-0,-9.77524e-05,90.0096,-0,-0,600,84.2803
0.254438,0,0,0,1.5708,0,-0,-9.77524e-05,90.0096,-0,-0,600,84.2863
0.254448,0,0,0,1.5708,0,-0,-9.77524e-05,90.0096,-0,-0,600,84.2923
0.254458,0,0,0,1.5708,0,-0,-9.77524e-05,90.0096,-0,-0,600,84.2983
0.254468,0,0,0,1.5708,0,-0,-9.77524e-05,90.0096,-0,-0,600,84.3043
0.254478,0,0,0,1.5708,0,-0,-9.77524e-05,90.0096,-0,-0,600,84.3103
0.254488,0,0,0,1.5708,0,-0,-9.77524e-05,90.0096,-0,-0,600,84.3163
0.254498,0,0,0,1.5708,0,-0,-9.77524e-05,90.0096,-0,-0,600,84.3223
0.254508,0,0,0,1.5708,0,-0,-9.77524e-05,90.0096,-0,-0,600,84.3283
0.254518,0,0,0,1.5708,0,-0,-9.77524e-05,90.0096,-0,-0,600,84.3343
0.254528,0,0,0,1.5708,0,-0,-9.77524e-05,90.0096,-0,-0,600,84.3403
0.254538,0,0,0,1.5708,0,-0,-9.77524e-05,90.0096,-0,-0,600,84.3463
0.254548,0,0,0,1.5708,0,-0,-9.77524e-05,90.0096,-0,-0,600,84.3523
0.254558,0,0,0,1.5708,0,-0,-9.77524e-05,90.0096,-0,-0,600,84.3583
0.254568,0,0,0,1.5708,0,-0,-9.77524e-05,90.0096,-0,-0,600,84.3643
0.254578,0,0,0,1.5708,0,-0,-9.77524e-05,90.0096,-0,-0,600,84.3703
0.254588,0,0,0,1.5708,0,-0,-9.77524e-05,90.0096,-0,-0,600,84.3763
0.254598,0,0,0,1.5708,0,-0,-9.77524e-05,90.0096,-0,-0,600,84.3823
0.254608,0,0,0,1.5708,0,-0,-9.77524e-05,90.0096,-0,-0,600,84.3883
0.254618,0,0,0,1.5708,0,-0,-9.77524e-05,90.0096,-0,-0,600,84.3943
0.254628,0,0,0,1.5708,0,-0,-9.77524e-05,90.0096,-0,-0,600,84.4003
0.254638,0,0,0,1.5708,0,-0,-9.77524e-05,90.0096,-0,-0,600,84.4063
0.254648,0,0,0,1.5708,0,-0,-9.77524e-05,90.0096,-0,-0,600,84.4123
0.254658,0,0,0,1.5708,0,-0,-9.77524e-05,90.0096,-0,-0,600,84.4183
0.254668,0,0,0,1.5708,0,-0,-9.77524e-05,90.0096,-0,-0,600,84.4243
0.254678,0,0,0,1.5708,0,-0,-9.77524e-05,90.0096,-0,-0,600,84.4303
0.254688,0,0,0,1.5708,0,-0,-9.77524e-05,90.0096,-0,-0,600,84.4363
0.254698,0,0,0,1.5708,0,-0,-9.77524e-05,90.0096,-0,-0,600,84.4423
0.254708,0,0,0,1.5708,0,-0,-9.77524e-05,90.0096,-0,-0,600,84.4482
0.254718,0,0,0,1.5708,0,-0,-9.77524e-05,90.0096,-0,-0,600,84.4542
0.254728,0,0,0,1.5708,0,-0,-9.77524e-05,90.0096,-0,-0,600,84.4602
0.254738,0,0,0,1.5708,0,-0,-9.77524e-05,90.0096,-0,-0,600,84.4662
0.254748,0,0,0,1.5708,0,-0,-9.77524e-05,90.0096,-0,-0,600,84.4722
0.254758,0,0,0,1.5708,0,-0,-9.77524e-05,90.0096,-0,-0,600,84.4782
0.254768,0,0,0,1.5708,0,-0,-9.77524e-05,90.0096,-0,-0,600,84.4842
0.254778,0,0,0,1.5708,0,-0,-9.77524e-05,90.0096,-0,-0,600,84.4902
0.254788,0,0,0,1.5708,0,-0,-9.77524e-05,90.0096,-0,-0,600,84.4962
0.254798,0,0,0,1.5708,0,-0,-9.77524e-05,90.0096,-0,-0,600,84.5022
0.254808,0,0,0,1.5708,0,-0,-9.77524e-05,90.0096,-0,-0,600,84.5082
0.254818,0,0,0,1.5708,0,-0,-9.77524e-05,90.0096,-0,-0,600,84.5142
0.254828,0,0,0,1.5708,0,-0,-9.77524e-05,90.0096,-0,-0,600,84.5202
0.254838,0,0,0,1.5708,0,-0,-9.77524e-05,90.0096,-0,-0,600,84.5262
0.254848,0,0,0,1.5708,0,-0,-9.77524e-05,90.0096,-0,-0,600,84.5322
0.254858,0,0,0,1.5708,0,-0,-9.77524e-05,90.0096,-0,-0,600,84.5382
0.254868,0,0,0,1.5708,0,-0,-9.77524e-05,90.0096,-0,-0,600,84.5442
0.254878,0,0,0,1.5708,0,-0,-9.77524e-05,90.0096,-0,-0,600,84.5502
0.254888,0,0,0,1.5708,0,-0,-9.77524e-05,90.0096,-0,-0,600,84.5562
0.254898,0,0,0,1.5708,0,-0,-9.77524e-05,90.0096,-0,-0,600,84.5622
0.254908,0,0,0,1.5708,0,-0,-9.77524e-05,90.0096,-0,-0,600,84.5682
0.254918,0,0,0,1.5708,0,-0,-9.77524e-05,90.0096,-0,-0,600,84.5742
0.254928,0,0,0,1.5708,0,-0,-9.77524e-05,90.0096,-0,-0,600,84.5802
0.254938,0,0,0,1.5708,0,-0,-9.77524e-05,90.0096,-0,-0,600,84.5862
0.254948,0,0,0,1.5708,0,-0,-9.77524e-05,90.0096,-0,-0,600,84.5922
0.254958,0,0,0,1.5708,0,-0,-9.77524e-05,90.0096,-0,-0,600,84.5982
0.254968,0,0,0,1.5708,0,-0,-9.77524e-05,90.0096,-0,-0,600,84.6042
0.254978,0,0,0,1.5708,0,-0,-9.77524e-05,90.0096,-0,-0,600,84.6102
0.254988,0,0,0,1.5708,0,-0,-9.77524e-05,90.0096,-0,-0,600,84.6162
0.254998,0,0,0,1.5708,0,-0,-9.77524e-05,90.0096,-0,-0,600,84.6222
0.255008,0,0,0,1.5708,0,-0,-9.77524e-05,90.0096,-0,-0,600,84.6282
0.255019,0,0,0,1.5708,0,-0,-9.77524e-05,90.0096,-0,-0,600,84.6341
0.255029,0,0,0,1.5708,0,-0,-9.77524e-05,90.0096,-0,-0,600,84.6401
0.255039,0,0,0,1.5708,0,-0,-9.77524e-05,90.0096,-0,-0,600,84.6461
0.255049,0,0,0,1.5708,0,-0,-9.77524e-05,90.0096,-0,-0,600,84.6521
0.255059,0,0,0,1.5708,0,-0,-9.77524e-05,90.0096,-0,-0,600,84.6581
0.255069,0,0,0,1.5708,0,-0,-9.77524e-05,90.0096,-0,-0,600,84.6641
0.255079,0,0,0,1.5708,0,-0,-9.77524e-05,90.0096,-0,-0,600,84.6701
0.255089,0,0,0,1.5708,0,-0,-9.77524e-05,90.0096,-0,-0,600,84.6761
0.255099,0,0,0,1.5708,0,-0,-9.77524e-05,90.0096,-0,-0,600,84.6821
0.255109,0,0,0,1.5708,0,-0,-9.77524e-05,90.0096,-0,-0,600,84.6881
0.255119,0,0,0,1.5708,0,-0,-9.77524e-05,90.0096,-0,-0,600,84.6941
0.255129,0,0,0,1.5708,0,-0,-9.77524e-05,90.0096,-0,-0,600,84.7001
0.255139,0,0,0,1.5708,0,-0,-9.77524e-05,90.0096,-0,-0,600,84.7061
0.255149,0,0,0,1.5708,0,-0,-9.77524e-05,90.0096,-0,-0,600,84.7121
0.255159,0,0,0,1.5708,0,-0,-9.77524e-05,90.0096,-0,-0,600,84.7181
0.255169,0,0,0,1.5708,0,-0,-9.77524e-05,90.0096,-0,-0,600,84.7241
0.255179,0,0,0,1.5708,0,-0,-9.77524e-05,90.0096,-0,-0,600,84.7301
0.255189,0,0,0,1.5708,0,-0,-9.77524e-05,90.0096,-0,-0,600,84.7361
0.255199,0,0,0,1.5708,0,-0,-9.77524e-05,90.0096,-0,-0,600,84.7421
0.255209,0,0,0,1.5708,0,-0,-9.77524e-05,90.0096,-0,-0,600,84.7481
0.255219,0,0,0,1.5708,0,-0,-9.77524e-05,90.0096,-0,-0,600,84.7541
0.255229,0,0,0,1.5708,0,-0,-9.77524e-05,90.0096,-0,-0,600,84.7601
0.255239,0,0,0,1.5708,0,-0,-9.77524e-05,90.0096,-0,-0,600,84.7661
0.255249,0,0,0,1.5708,0,-0,-9.77524e-05,90.0096,-0,-0,600,84.7721
0.255259,0,0,0,1.5708,0,-0,-9.77524e-05,90.0096,-0,-0,600,84.7781
0.255269,0,0,0,1.5708,0,-0,-9.77524e-05,90.0096,-0,-0,600,84.7841
0.255279,0,0,0,1.5708,0,-0,-9.77524e-05,90.0096,-0,-0,600,84.7901
0.255289,0,0,0,1.5708,0,-0,-9.77524e-05,90.0096,-0,-0,600,84.7961
0.255299,0,0,0,1.5708,0,-0,-9.77524e-05,90.0096,-0,-0,600,84.8021
0.255309,0,0,0,1.5708,0,-0,-9.77524e-05,90.0096,-0,-0,600,84.8081
0.255319,0,0,0,1.5708,0,-0,-9.77524e-05,90.0096,-0,-0,600,84.814
0.255329,0,0,0,1.5708,0,-0,-9.77524e-05,90.0096,-0,-0,600,84.82
0.255339,0,0,0,1.5708,0,-0,-9.77524e-05,90.0096,-0,-0,600,84.826
0.255349,0,0,0,1.5708,0,-0,-9.77524e-05,90.0096,-0,-0,600,84.832
0.255359,0,0,0,1.5708,0,-0,-9.77524e-05,90.0096,-0,-0,600,84.838
0.255369,0,0,0,1.5708,0,-0,-9.77524e-05,90.0096,-0,-0,600,84.844
0.255379,0,0,0,1.5708,0,-0,-9.77524e-05,90.0096,-0,-0,600,84.85
0.255389,0,0,0,1.5708,0,-0,-9.77524e-05,90.0096,-0,-0,600,84.856
0.255399,0,0,0,1.5708,0,-0,-9.77524e-05,90.0096,-0,-0,600,84.862
0.255409,0,0,0,1.5708,0,-0,-9.77524e-05,90.0096,-0,-0,600,84.868
0.255419,0,0,0,1.5708,0,-0,-9.77524e-05,90.0096,-0,-0,600,84.874
0.255429,0,0,0,1.5708,0,-0,-9.77524e-05,90.0096,-0,-0,600,84.88
0.255439,0,0,0,1.5708,0,-0,-9.77524e-05,90.0096,-0,-0,600,84.886
0.255449,0,0,0,1.5708,0,-0,-9.77524e-05,90.0096,-0,-0,600,84.892
0.255459,0,0,0,1.5708,0,-0,-9.77524e-05,90.0096,-0,-0,600,84.898
0.255469,0,0,0,1.5708,0,-0,-9.77524e-05,90.0096,-0,-0,600,84.904
0.255479,0,0,0,1.5708,0,-0,-9.77524e-05,90.0096,-0,-0,600,84.91
0.255489,0,0,0,1.5708,0,-0,-9.77524e-05,90.0096,-0,-0,600,84.916
0.255499,0,0,0,1.5708,0,-0,-9.77524e-05,90.0096,-0,-0,600,84.922
0.255509,0,0,0,1.5708,0,-0,-9.77524e-05,90.0096,-0,-0,600,84.928
0.255519,0,0,0,1.5708,0,-0,-9.77524e-05,90.0096,-0,-0,600,84.934
0.255529,0,0,0,1.5708,0,-0,-9.77524e-05,90.0096,-0,-0,600,84.94
0.255539,0,0,0,1.5708,0,-0,-9.77524e-05,90.0096,-0,-0,600,84.946
0.255549,0,0,0,1.5708,0,-0,-9.77524e-05,90.0096,-0,-0,600,84.952
0.255559,0,0,0,1.5708,0,-0,-9.77524e-05,90.0096,-0,-0,600,84.958
0.255569,0,0,0,1.5708,0,-0,-9.77524e-05,90.0096,-0,-0,600,84.964
0.255579,0,0,0,1.5708,0,-0,-9.77524e-05,90.0096,-0,-0,600,84.97
0.255589,0,0,0,1.5708,0,-0,-9.77524e-05,90.0096,-0,-0,600,84.976
0.255599,0,0,0,1.5708,0,-0,-9.77524e-05,90.0096,-0,-0,600,84.982
0.255609,0,0,0,1.5708,0,-0,-9.77524e-05,90.0096,-0,-0,600,84.988
0.255619,0,0,0,1.5708,0,-0,-9.77524e-05,90.0096,-0,-0,600,84.9939
0.255629,0,0,0,1.5708,0,-0,-9.77524e-05,90.0096,-0,-0,600,84.9999
0.255639,0,0,0,1.5708,0,-0,-9.77524e-05,90.0096,-0,-0,600,85.0059
0.255649,0,0,0,1.5708,0,-0,-9.77524e-05,90.0096,-0,-0,600,85.0119
0.255659,0,0,0,1.5708,0,-0,-9.77524e-05,90.0096,-0,-0,600,85.0179
0.255669,0,0,0,1.5708,0,-0,-9.77524e-05,90.0096,-0,-0,600,85.0239
0.255679,0,0,0,1.5708,0,-0,-9.77524e-05,90.0096,-0,-0,600,85.0299
0.255689,0,0,0,1.5708,0,-0,-9.77524e-05,90.0096,-0,-0,600,85.0359
0.255699,0,0,0,1.5708,0,-0,-9.77524e-05,90.0096,-0,-0,600,85.0419
0.255709,0,0,0,1.5708,0,-0,-9.77524e-05,90.0096,-0,-0,600,85.0479
0.255719,0,0,0,1.5708,0,-0,-9.77524e-05,90.0096,-0,-0,600,85.0539
0.255729,0,0,0,1.5708,0,-0,-9.77524e-05,90.0096,-0,-0,600,85.0599
0.255739,0,0,0,1.5708,0,-0,-9.77524e-05,90.0096,-0,-0,600,85.0659
0.255749,0,0,0,1.5708,0,-0,-9.77524e-05,90.0096,-0,-0,600,85.0719
0.25576,0,0,0,1.5708,0,-0,-9.77524e-05,90.0096,-0,-0,600,85.0779
0.25577,0,0,0,1.5708,0,-0,-9.77524e-05,90.0096,-0,-0,600,85.0839
0.25578,0,0,0,1.5708,0,-0,-9.77524e-05,90.0096,-0,-0,600,85.0899
0.25579,0,0,0,1.5708,0,-0,-9.77524e-05,90.0096,-0,-0,600,85.0959
0.2558,0,0,0,1.5708,0,-0,-9.77524e-05,90.0096,-0,-0,600,85.1019
0.25581,0,0,0,1.5708,0,-0,-9.77524e-05,90.0096,-0,-0,600,85.1079
0.25582,0,0,0,1.5708,0,-0,-9.77524e-05,90.0096,-0,-0,600,85.1139
0.25583,0,0,0,1.5708,0,-0,-9.77524e-05,90.0096,-0,-0,600,85.1199
0.25584,0,0,0,1.5708,0,-0,-9.77524e-05,90.0096,-0,-0,600,85.1259
0.25585,0,0,0,1.5708,0,-0,-9.77524e-05,90.0096,-0,-0,600,85.1319
0.25586,0,0,0,1.5708,0,-0,-9.77524e-05,90.0096,-0,-0,600,85.1379
0.25587,0,0,0,1.5708,0,-0,-9.77524e-05,90.0096,-0,-0,600,85.1439
0.25588,0,0,0,1.5708,0,-0,-9.77524e-05,90.0096,-0,-0,600,85.1499
0.25589,0,0,0,1.5708,0,-0,-9.77524e-05,90.0096,-0,-0,600,85.1559
0.2559,0,0,0,1.5708,0,-0,-9.77524e-05,90.0096,-0,-0,600,85.1619
0.25591,0,0,0,1.5708,0,-0,-9.77524e-05,90.0096,-0,-0,600,85.1679
0.25592,0,0,0,1.5708,0,-0,-9.77524e-05,90.0096,-0,-0,600,85.1739
0.25593,0,0,0,1.5708,0,-0,-9.77524e-05,90.0096,-0,-0,600,85.1798
0.25594,0,0,0,1.5708,0,-0,-9.77524e-05,90.0096,-0,-0,600,85.1858
0.25595,0,0,0,1.5708,0,-0,-9.77524e-05,90.0096,-0,-0,600,85.1918
0.25596,0,0,0,1.5708,0,-0,-9.77524e-05,90.0096,-0,-0,600,85.1978
0.25597,0,0,0,1.5708,0,-0,-9.77524e-05,90.0096,-0,-0,600,85.2038
0.25598,0,0,0,1.5708,0,-0,-9.77524e-05,90.0096,-0,-0,600,85.2098
0.25599,0,0,0,1.5708,0,-0,-9.77524e-05,90.0096,-0,-0,600,85.2158
0.256,0,0,0,1.5708,0,-0,-9.77524e-05,90.0096,-0,-0,600,85.2218
0.25601,0,0,0,1.5708,0,-0,-9.77524e-05,90.0096,-0,-0,600,85.2278
0.25602,0,0,0,1.5708,0,-0,-9.77524e-05,90.0096,-0,-0,600,85.2338
0.25603,0,0,0,1.5708,0,-0,-9.77524e-05,90.0096,-0,-0,600,85.2398
0.25604,0,0,0,1.5708,0,-0,-9.77524e-05,90.0096,-0,-0,600,85.2458
0.25605,0,0,0,1.5708,0,-0,-9.77524e-05,90.0096,-0,-0,600,85.2518
0.25606,0,0,0,1.5708,0,-0,-9.77524e-05,90.0096,-0,-0,600,85.2578
0.25607,0,0,0,1.5708,0,-0,-9.77524e-05,90.0096,-0,-0,600,85.2638
0.25608,0,0,0,1.5708,0,-0,-9.77524e-05,90.0096,-0,-0,600,85.2698
0.25609,0,0,0,1.5708,0,-0,-9.77524e-05,90.0096,-0,-0,600,85.2758
0.2561,0,0,0,1.5708,0,-0,-9.77524e-05,90.0096,-0,-0,600,85.2818
0.25611,0,0,0,1.5708,0,-0,-9.77524e-05,90.0096,-0,-0,600,85.2878
0.25612,0,0,0,1.5708,0,-0,-9.77524e-05,90.0096,-0,-0,600,85.2938
0.25613,0,0,0,1.5708,0,-0,-9.77524e-05,90.0096,-0,-0,600,85.2998
0.25614,0,0,0,1.5708,0,-0,-9.77524e-05,90.0096,-0,-0,600,85.3058
0.25615,0,0,0,1.5708,0,-0,-9.77524e-05,90.0096,-0,-0,600,85.3118
0.25616,0,0,0,1.5708,0,-0,-9.77524e-05,90.0096,-0,-0,600,85.3178
0.25617,0,0,0,1.5708,0,-0,-9.77524e-05,90.0096,-0,-0,600,85.3238
0.25618,0,0,0,1.5708,0,-0,-9.77524e-05,90.0096,-0,-0,600,85.3298
0.25619,0,0,0,1.5708,0,-0,-9.77524e-05,90.0096,-0,-0,600,85.3358
0.2562,0,0,0,1.5708,0,-0,-9.77524e-05,90.0096,-0,-0,600,85.3418
0.25621,0,0,0,1.5708,0,-0,-9.77524e-05,90.0096,-0,-0,600,85.3478
0.25622,0,0,0,1.5708,0,-0,-9.77524e-05,90.0096,-0,-0,600,85.3538
0.25623,0,0,0,1.5708,0,-0,-9.77524e-05,90.0096,-0,-0,600,85.3597
0.25624,0,0,0,1.5708,0,-0,-9.77524e-05,90.0096,-0,-0,600,85.3657
0.25625,0,0,0,1.5708,0,-0,-9.77524e-05,90.0096,-0,-0,600,85.3717
0.25626,0,0,0,1.5708,0,-0,-9.77524e-05,90.0096,-0,-0,600,85.3777
0.25627,0,0,0,1.5708,0,-0,-9.77524e-05,90.0096,-0,-0,600,85.3837
0.25628,0,0,0,1.5708,0,-0,-9.77524e-05,90.0096,-0,-0,600,85.3897
0.25629,0,0,0,1.5708,0,-0,-9.77524e-05,90.0096,-0,-0,600,85.3957
0.2563,0,0,0,1.5708,0,-0,-9.77524e-05,90.0096,-0,-0,600,85.4017
0.25631,0,0,0,1.5708,0,-0,-9.77524e-05,90.0096,-0,-0,600,85.4077
0.25632,0,0,0,1.5708,0,-0,-9.77524e-05,90.0096,-0,-0,600,85.4137
0.25633,0,0,0,1.5708,0,-0,-9.77524e-05,90.0096,-0,-0,600,85.4197
0.25634,0,0,0,1.5708,0,-0,-9.77524e-05,90.0096,-0,-0,600,85.4257
0.25635,0,0,0,1.5708,0,-0,-9.77524e-05,90.0096,-0,-0,600,85.4317
0.25636,0,0,0,1.5708,0,-0,-9.77524e-05,90.0096,-0,-0,600,85.4377
0.25637,0,0,0,1.5708,0,-0,-9.77524e-05,90.0096,-0,-0,600,85.4437
0.25638,0,0,0,1.5708,0,-0,-9.77524e-05,90.0096,-0,-0,600,85.4497
0.25639,0,0,0,1.5708,0,-0,-9.77524e-05,90.0096,-0,-0,600,85.4557
0.2564,0,0,0,1.5708,0,-0,-9.77524e-05,90.0096,-0,-0,600,85.4617
0.25641,0,0,0,1.5708,0,-0,-9.77524e-05,90.0096,-0,-0,600,85.4677
0.25642,0,0,0,1.5708,0,-0,-9.77524e-05,90.0096,-0,-0,600,85.4737
0.25643,0,0,0,1.5708,0,-0,-9.77524e-05,90.0096,-0,-0,600,85.4797
0.25644,0,0,0,1.5708,0,-0,-9.77524e-05,90.0096,-0,-0,600,85.4857
0.25645,0,0,0,1.5708,0,-0,-9.77524e-05,90.0096,-0,-0,600,85.4917
0.25646,0,0,0,1.5708,0,-0,-9.77524e-05,90.0096,-0,-0,600,85.4977
0.25647,0,0,0,1.5708,0,-0,-9.77524e-05,90.0096,-0,-0,600,85.5037
0.25648,0,0,0,1.5708,0,-0,-9.77524e-05,90.0096,-0,-0,600,85.5097
0.25649,0,0,0,1.5708,0,-0,-9.77524e-05,90.0096,-0,-0,600,85.5157
0.256501,0,0,0,1.5708,0,-0,-9.77524e-05,90.0096,-0,-0,600,85.5217
0.256511,0,0,0,1.5708,0,-0,-9.77524e-05,90.0096,-0,-0,600,85.5277
0.256521,0,0,0,1.5708,0,-0,-9.77524e-05,90.0096,-0,-0,600,85.5337
0.256531,0,0,0,1.5708,0,-0,-9.77524e-05,90.0096,-0,-0,600,85.5396
0.256541,0,0,0,1.5708,0,-0,-9.77524e-05,90.0096,-0,-0,600,85.5456
0.256551,0,0,0,1.5708,0,-0,-9.77524e-05,90.0096,-0,-0,600,85.5516
0.256561,0,0,0,1.5708,0,-0,-9.77524e-05,90.0096,-0,-0,600,85.5576
0.256571,0,0,0,1.5708,0,-0,-9.77524e-05,90.0096,-0,-0,600,85.5636
0.256581,0,0,0,1.5708,0,-0,-9.77524e-05,90.0096,-0,-0,600,85.5696
0.256591,0,0,0,1.5708,0,-0,-9.77524e-05,90.0096,-0,-0,600,85.5756
0.256601,0,0,0,1.5708,0,-0,-9.77524e-05,90.0096,-0,-0,600,85.5816
0.256611,0,0,0,1.5708,0,-0,-9.77524e-05,90.0096,-0,-0,600,85.5876
0.256621,0,0,0,1.5708,0,-0,-9.77524e-05,90.0096,-0,-0,600,85.5936
0.256631,0,0,0,1.5708,0,-0,-9.77524e-05,90.0096,-0,-0,600,85.5996
0.256641,0,0,0,1.5708,0,-0,-9.77524e-05,90.0096,-0,-0,600,85.6056
0.256651,0,0,0,1.5708,0,-0,-9.77524e-05,90.0096,-0,-0,600,85.6116
0.256661,0,0,0,1.5708,0,-0,-9.77524e-05,90.0096,-0,-0,600,85.6176
0.256671,0,0,0,1.5708,0,-0,-9.77524e-05,90.0096,-0,-0,600,85.6236
0.256681,0,0,0,1.5708,0,-0,-9.77524e-05,90.0096,-0,-0,600,85.6296
0.256691,0,0,0,1.5708,0,-0,-9.77524e-05,90.0096,-0,-0,600,85.6356
0.256701,0,0,0,1.5708,0,-0,-9.77524e-05,90.0096,-0,-0,600,85.6416
0.256711,0,0,0,1.5708,0,-0,-9.77524e-05,90.0096,-0,-0,600,85.6476
0.256721,0,0,0,1.5708,0,-0,-9.77524e-05,90.0096,-0,-0,600,85.6536
0.256731,0,0,0,1.5708,0,-0,-9.77524e-05,90.0096,-0,-0,600,85.6596
0.256741,0,0,0,1.5708,0,-0,-9.77524e-05,90.0096,-0,-0,600,85.6656
0.256751,0,0,0,1.5708,0,-0,-9.77524e-05,90.0096,-0,-0,600,85.6716
0.256761,0,0,0,1.5708,0,-0,-9.77524e-05,90.0096,-0,-0,600,85.6776
0.256771,0,0,0,1.5708,0,-0,-9.77524e-05,90.0096,-0,-0,600,85.6836
0.256781,0,0,0,1.5708,0,-0,-9.77524e-05,90.0096,-0,-0,600,85.6896
0.256791,0,0,0,1.5708,0,-0,-9.77524e-05,90.0096,-0,-0,600,85.6956
0.256801,0,0,0,1.5708,0,-0,-9.77524e-05,90.0096,-0,-0,600,85.7016
0.256811,0,0,0,1.5708,0,-0,-9.77524e-05,90.0096,-0,-0,600,85.7076
0.256821,0,0,0,1.5708,0,-0,-9.77524e-05,90.0096,-0,-0,600,85.7136
0.256831,0,0,0,1.5708,0,-0,-9.77524e-05,90.0096,-0,-0,600,85.7196
0.256841,0,0,0,1.5708,0,-0,-9.77524e-05,90.0096,-0,-0,600,85.7255
0.256851,0,0,0,1.5708,0,-0,-9.77524e-05,90.0096,-0,-0,600,85.7315
0.256861,0,0,0,1.5708,0,-0,-9.77524e-05,90.0096,-0,-0,600,85.7375
0.256871,0,0,0,1.5708,0,-0,-9.77524e-05,90.0096,-0,-0,600,85.7435
0.256881,0,0,0,1.5708,0,-0,-9.77524e-05,90.0096,-0,-0,600,85.7495
0.256891,0,0,0,1.5708,0,-0,-9.77524e-05,90.0096,-0,-0,600,85.7555
0.256901,0,0,0,1.5708,0,-0,-9.77524e-05,90.0096,-0,-0,600,85.7615
0.256911,0,0,0,1.5708,0,-0,-9.77524e-05,90.0096,-0,-0,600,85.7675
0.256921,0,0,0,1.5708,0,-0,-9.77524e-05,90.0096,-0,-0,600,85.7735
0.256931,0,0,0,1.5708,0,-0,-9.77524e-05,90.0096,-0,-0,600,85.7795
0.256941,0,0,0,1.5708,0,-0,-9.77524e-05,90.0096,-0,-0,600,85.7855
0.256951,0,0,0,1.5708,0,-0,-9.77524e-05,90.0096,-0,-0,600,85.7915
0.256961,0,0,0,1.5708,0,-0,-9.77524e-05,90.0096,-0,-0,600,85.7975
0.256971,0,0,0,1.5708,0,-0,-9.77524e-05,90.0096,-0,-0,600,85.8035
0.256981,0,0,0,1.5708,0,-0,-9.77524e-05,90.0096,-0,-0,600,85.8095
0.256991,0,0,0,1.5708,0,-0,-9.77524e-05,90.0096,-0,-0,600,85.8155
0.257001,0,0,0,1.5708,0,-0,-9.77524e-05,90.0096,-0,-0,600,85.8215
0.257011,0,0,0,1.5708,0,-0,-9.77524e-05,90.0096,-0,-0,600,85.8275
0.257021,0,0,0,1.5708,0,-0,-9.77524e-05,90.0096,-0,-0,600,85.8335
0.257031,0,0,0,1.5708,0,-0,-9.77524e-05,90.0096,-0,-0,600,85.8395
0.257041,0,0,0,1.5708,0,-0,-9.77524e-05,90.0096,-0,-0,600,85.8455
0.257051,0,0,0,1.5708,0,-0,-9.77524e-05,90.0096,-0,-0,600,85.8515
0.257061,0,0,0,1.5708,0,-0,-9.77524e-05,90.0096,-0,-0,600,85.8575
0.257071,0,0,0,1.5708,0,-0,-9.77524e-05,90.0096,-0,-0,600,85.8635
0.257081,0,0,0,1.5708,0,-0,-9.77524e-05,90.0096,-0,-0,600,85.8695
0.257091,0,0,0,1.5708,0,-0,-9.77524e-05,90.0096,-0,-0,600,85.8755
0.257101,0,0,0,1.5708,0,-0,-9.77524e-05,90.0096,-0,-0,600,85.8815
0.257111,0,0,0,1.5708,0,-0,-9.77524e-05,90.0096,-0,-0,600,85.8875
0.257121,0,0,0,1.5708,0,-0,-9.77524e-05,90.0096,-0,-0,600,85.8935
0.257131,0,0,0,1.5708,0,-0,-9.77524e-05,90.0096,-0,-0,600,85.8995
0.257141,0,0,0,1.5708,0,-0,-9.77524e-05,90.0096,-0,-0,600,85.9054
0.257151,0,0,0,1.5708,0,-0,-9.77524e-05,90.0096,-0,-0,600,85.9114
0.257161,0,0,0,1.5708,0,-0,-9.77524e-05,90.0096,-0,-0,600,85.9174
0.257171,0,0,0,1.5708,0,-0,-9.77524e-05,90.0096,-0,-0,600,85.9234
0.257181,0,0,0,1.5708,0,-0,-9.77524e-05,90.0096,-0,-0,600,85.9294
0.257191,0,0,0,1.5708,0,-0,-9.77524e-05,90.0096,-0,-0,600,85.9354
0.257201,0,0,0,1.5708,0,-0,-9.77524e-05,90.0096,-0,-0,600,85.9414
0.257211,0,0,0,1.5708,0,-0,-9.77524e-05,90.0096,-0,-0,600,85.9474
0.257221,0,0,0,1.5708,0,-0,-9.77524e-05,90.0096,-0,-0,600,85.9534
0.257232,0,0,0,1.5708,0,-0,-9.77524e-05,90.0096,-0,-0,600,85.9594
0.257242,0,0,0,1.5708,0,-0,-9.77524e-05,90.0096,-0,-0,600,85.9654
0.257252,0,0,0,1.5708,0,-0,-9.77524e-05,90.0096,-0,-0,600,85.9714
0.257262,0,0,0,1.5708,0,-0,-9.77524e-05,90.0096,-0,-0,600,85.9774
0.257272,0,0,0,1.5708,0,-0,-9.77524e-05,90.0096,-0,-0,600,85.9834
0.257282,0,0,0,1.5708,0,-0,-9.77524e-05,90.0096,-0,-0,600,85.9894
0.257292,0,0,0,1.5708,0,-0,-9.77524e-05,90.0096,-0,-0,600,85.9954
0.257302,0,0,0,1.5708,0,-0,-9.77524e-05,90.0096,-0,-0,600,86.0014
0.257312,0,0,0,1.5708,0,-0,-9.77524e-05,90.0096,-0,-0,600,86.0074
0.257322,0,0,0,1.5708,0,-0,-9.77524e-05,90.0096,-0,-0,600,86.0134
0.257332,0,0,0,1.5708,0,-0,-9.77524e-05,90.0096,-0,-0,600,86.0194
0.257342,0,0,0,1.5708,0,-0,-9.77524e-05,90.0096,-0,-0,600,86.0254
0.257352,0,0,0,1.5708,0,-0,-9.77524e-05,90.0096,-0,-0,600,86.0314
0.257362,0,0,0,1.5708,0,-0,-9.77524e-05,90.0096,-0,-0,600,86.0374
0.257372,0,0,0,1.5708,0,-0,-9.77524e-05,90.0096,-0,-0,600,86.0434
0.257382,0,0,0,1.5708,0,-0,-9.77524e-05,90.0096,-0,-0,600,86.0494
0.257392,0,0,0,1.5708,0,-0,-9.77524e-05,90.0096,-0,-0,600,86.0554
0.257402,0,0,0,1.5708,0,-0,-9.77524e-05,90.0096,-0,-0,600,86.0614
0.257412,0,0,0,1.5708,0,-0,-9.77524e-05,90.0096,-0,-0,600,86.0674
0.257422,0,0,0,1.5708,0,-0,-9.77524e-05,90.0096,-0,-0,600,86.0734
0.257432,0,0,0,1.5708,0,-0,-9.77524e-05,90.0096,-0,-0,600,86.0794
0.257442,0,0,0,1.5708,0,-0,-9.77524e-05,90.0096,-0,-0,600,86.0854
0.257452,0,0,0,1.5708,0,-0,-9.77524e-05,90.0096,-0,-0,600,86.0913
0.257462,0,0,0,1.5708,0,-0,-9.77524e-05,90.0096,-0,-0,600,86.0973
0.257472,0,0,0,1.5708,0,-0,-9.77524e-05,90.0096,-0,-0,600,86.1033
0.257482,0,0,0,1.5708,0,-0,-9.77524e-05,90.0096,-0,-0,600,86.1093
0.257492,0,0,0,1.5708,0,-0,-9.77524e-05,90.0096,-0,-0,600,86.1153
0.257502,0,0,0,1.5708,0,-0,-9.77524e-05,90.0096,-0,-0,600,86.1213
0.257512,0,0,0,1.5708,0,-0,-9.77524e-05,90.0096,-0,-0,600,86.1273
0.257522,0,0,0,1.5708,0,-0,-9.77524e-05,90.0096,-0,-0,600,86.1333
0.257532,0,0,0,1.5708,0,-0,-9.77524e-05,90.0096,-0,-0,600,86.1393
0.257542,0,0,0,1.5708,0,-0,-9.77524e-05,90.0096,-0,-0,600,86.1453
0.257552,0,0,0,1.5708,0,-0,-9.77524e-05,90.0096,-0,-0,600,86.1513
0.257562,0,0,0,1.5708,0,-0,-9.77524e-05,90.0096,-0,-0,600,86.1573
0.257572,0,0,0,1.5708,0,-0,-9.77524e-05,90.0096,-0,-0,600,86.1633
0.257582,0,0,0,1.5708,0,-0,-9.77524e-05,90.0096,-0,-0,600,86.1693
0.257592,0,0,0,1.5708,0,-0,-9.77524e-05,90.0096,-0,-0,600,86.1753
0.257602,0,0,0,1.5708,0,-0,-9.77524e-05,90.0096,-0,-0,600,86.1813
0.257612,0,0,0,1.5708,0,-0,-9.77524e-05,90.0096,-0,-0,600,86.1873
0.257622,0,0,0,1.5708,0,-0,-9.77524e-05,90.0096,-0,-0,600,86.1933
0.257632,0,0,0,1.5708,0,-0,-9.77524e-05,90.0096,-0,-0,600,86.1993
0.257642,0,0,0,1.5708,0,-0,-9.77524e-05,90.0096,-0,-0,600,86.2053
0.257652,0,0,0,1.5708,0,-0,-9.77524e-05,90.0096,-0,-0,600,86.2113
0.257662,0,0,0,1.5708,0,-0,-9.77524e-05,90.0096,-0,-0,600,86.2173
0.257672,0,0,0,1.5708,0,-0,-9.77524e-05,90.0096,-0,-0,600,86.2233
0.257682,0,0,0,1.5708,0,-0,-9.77524e-05,90.0096,-0,-0,600,86.2293
0.257692,0,0,0,1.5708,0,-0,-9.77524e-05,90.0096,-0,-0,600,86.2353
0.257702,0,0,0,1.5708,0,-0,-9.77524e-05,90.0096,-0,-0,600,86.2413
0.257712,0,0,0,1.5708,0,-0,-9.77524e-05,90.0096,-0,-0,600,86.2473
0.257722,0,0,0,1.5708,0,-0,-9.77524e-05,90.0096,-0,-0,600,86.2533
0.257732,0,0,0,1.5708,0,-0,-9.77524e-05,90.0096,-0,-0,600,86.2593
0.257742,0,0,0,1.5708,0,-0,-9.77524e-05,90.0096,-0,-0,600,86.2653
0.257752,0,0,0,1.5708,0,-0,-9.77524e-05,90.0096,-0,-0,600,86.2712
0.257762,0,0,0,1.5708,0,-0,-9.77524e-05,90.0096,-0,-0,600,86.2772
0.257772,0,0,0,1.5708,0,-0,-9.77524e-05,90.0096,-0,-0,600,86.2832
0.257782,0,0,0,1.5708,0,-0,-9.77524e-05,90.0096,-0,-0,600,86.2892
0.257792,0,0,0,1.5708,0,-0,-9.77524e-05,90.0096,-0,-0,600,86.2952
0.257802,0,0,0,1.5708,0,-0,-9.77524e-05,90.0096,-0,-0,600,86.3012
0.257812,0,0,0,1.5708,0,-0,-9.77524e-05,90.0096,-0,-0,600,86.3072
0.257822,0,0,0,1.5708,0,-0,-9.77524e-05,90.0096,-0,-0,600,86.3132
0.257832,0,0,0,1.5708,0,-0,-9.77524e-05,90.0096,-0,-0,600,86.3192
0.257842,0,0,0,1.5708,0,-0,-9.77524e-05,90.0096,-0,-0,600,86.3252
0.257852,0,0,0,1.5708,0,-0,-9.77524e-05,90.0096,-0,-0,600,86.3312
0.257862,0,0,0,1.5708,0,-0,-9.77524e-05,90.0096,-0,-0,600,86.3372
0.257872,0,0,0,1.5708,0,-0,-9.77524e-05,90.0096,-0,-0,600,86.3432
0.257882,0,0,0,1.5708,0,-0,-9.77524e-05,90.0096,-0,-0,600,86.3492
0.257892,0,0,0,1.5708,0,-0,-9.77524e-05,90.0096,-0,-0,600,86.3552
0.257902,0,0,0,1.5708,0,-0,-9.77524e-05,90.0096,-0,-0,600,86.3612
0.257912,0,0,0,1.5708,0,-0,-9.77524e-05,90.0096,-0,-0,600,86.3672
0.257922,0,0,0,1.5708,0,-0,-9.77524e-05,90.0096,-0,-0,600,86.3732
0.257932,0,0,0,1.5708,0,-0,-9.77524e-05,90.0096,-0,-0,600,86.3792
0.257942,0,0,0,1.5708,0,-0,-9.77524e-05,90.0096,-0,-0,600,86.3852
0.257952,0,0,0,1.5708,0,-0,-9.77524e-05,90.0096,-0,-0,600,86.3912
0.257962,0,0,0,1.5708,0,-0,-9.77524e-05,90.0096,-0,-0,600,86.3972
0.257973,0,0,0,1.5708,0,-0,-9.77524e-05,90.0096,-0,-0,600,86.4032
0.257983,0,0,0,1.5708,0,-0,-9.77524e-05,90.0096,-0,-0,600,86.4092
0.257993,0,0,0,1.5708,0,-0,-9.77524e-05,90.0096,-0,-0,600,86.4152
0.258003,0,0,0,1.5708,0,-0,-9.77524e-05,90.0096,-0,-0,600,86.4212
0.258013,0,0,0,1.5708,0,-0,-9.77524e-05,90.0096,-0,-0,600,86.4272
0.258023,0,0,0,1.5708,0,-0,-9.77524e-05,90.0096,-0,-0,600,86.4332
0.258033,0,0,0,1.5708,0,-0,-9.77524e-05,90.0096,-0,-0,600,86.4392
0.258043,0,0,0,1.5708,0,-0,-9.77524e-05,90.0096,-0,-0,600,86.4452
0.258053,0,0,0,1.5708,0,-0,-9.77524e-05,90.0096,-0,-0,600,86.4511
0.258063,0,0,0,1.5708,0,-0,-9.77524e-05,90.0096,-0,-0,600,86.4571
0.258073,0,0,0,1.5708,0,-0,-9.77524e-05,90.0096,-0,-0,600,86.4631
0.258083,0,0,0,1.5708,0,-0,-9.77524e-05,90.0096,-0,-0,600,86.4691
0.258093,0,0,0,1.5708,0,-0,-9.77524e-05,90.0096,-0,-0,600,86.4751
0.258103,0,0,0,1.5708,0,-0,-9.77524e-05,90.0096,-0,-0,600,86.4811
0.258113,0,0,0,1.5708,0,-0,-9.77524e-05,90.0096,-0,-0,600,86.4871
0.258123,0,0,0,1.5708,0,-0,-9.77524e-05,90.0096,-0,-0,600,86.4931
0.258133,0,0,0,1.5708,0,-0,-9.77524e-05,90.0096,-0,-0,600,86.4991
0.258143,0,0,0,1.5708,0,-0,-9.77524e-05,90.0096,-0,-0,600,86.5051
0.258153,0,0,0,1.5708,0,-0,-9.77524e-05,90.0096,-0,-0,600,86.5111
0.258163,0,0,0,1.5708,0,-0,-9.77524e-05,90.0096,-0,-0,600,86.5171
0.258173,0,0,0,1.5708,0,-0,-9.77524e-05,90.0096,-0,-0,600,86.5231
0.258183,0,0,0,1.5708,0,-0,-9.77524e-05,90.0096,-0,-0,600,86.5291
0.258193,0,0,0,1.5708,0,-0,-9.77524e-05,90.0096,-0,-0,600,86.5351
0.258203,0,0,0,1.5708,0,-0,-9.77524e-05,90.0096,-0,-0,600,86.5411
0.258213,0,0,0,1.5708,0,-0,-9.77524e-05,90.0096,-0,-0,600,86.5471
0.258223,0,0,0,1.5708,0,-0,-9.77524e-05,90.0096,-0,-0,600,86.5531
0.258233,0,0,0,1.5708,0,-0,-9.77524e-05,90.0096,-0,-0,600,86.5591
0.258243,0,0,0,1.5708,0,-0,-9.77524e-05,90.0096,-0,-0,600,86.5651
0.258253,0,0,0,1.5708,0,-0,-9.77524e-05,90.0096,-0,-0,600,86.5711
0.258263,0,0,0,1.5708,0,-0,-9.77524e-05,90.0096,-0,-0,600,86.5771
0.258273,0,0,0,1.5708,0,-0,-9.77524e-05,90.0096,-0,-0,600,86.5831
0.258283,0,0,0,1.5708,0,-0,-9.77524e-05,90.0096,-0,-0,600,86.5891
0.258293,0,0,0,1.5708,0,-0,-9.77524e-05,90.0096,-0,-0,600,86.5951
0.258303,0,0,0,1.5708,0,-0,-9.77524e-05,90.0096,-0,-0,600,86.6011
0.258313,0,0,0,1.5708,0,-0,-9.77524e-05,90.0096,-0,-0,600,86.6071
0.258323,0,0,0,1.5708,0,-0,-9.77524e-05,90.0096,-0,-0,600,86.6131
0.258333,0,0,0,1.5708,0,-0,-9.77524e-05,90.0096,-0,-0,600,86.6191
0.258343,0,0,0,1.5708,0,-0,-9.77524e-05,90.0096,-0,-0,600,86.6251
0.258353,0,0,0,1.5708,0,-0,-9.77524e-05,90.0096,-0,-0,600,86.6311
0.258363,0,0,0,1.5708,0,-0,-9.77524e-05,90.0096,-0,-0,600,86.637
0.258373,0,0,0,1.5708,0,-0,-9.77524e-05,90.0096,-0,-0,600,86.643
0.258383,0,0,0,1.5708,0,-0,-9.77524e-05,90.0096,-0,-0,600,86.649
0.258393,0,0,0,1.5708,0,-0,-9.77524e-05,90.0096,-0,-0,600,86.655
0.258403,0,0,0,1.5708,0,-0,-9.77524e-05,90.0096,-0,-0,600,86.661
0.258413,0,0,0,1.5708,0,-0,-9.77524e-05,90.0096,-0,-0,600,86.667
0.258423,0,0,0,1.5708,0,-0,-9.77524e-05,90.0096,-0,-0,600,86.673
0.258433,0,0,0,1.5708,0,-0,-9.77524e-05,90.0096,-0,-0,600,86.679
0.258443,0,0,0,1.5708,0,-0,-9.77524e-05,90.0096,-0,-0,600,86.685
0.258453,0,0,0,1.5708,0,-0,-9.77524e-05,90.0096,-0,-0,600,86.691
0.258463,0,0,0,1.5708,0,-0,-9.77524e-05,90.0096,-0,-0,600,86.697
0.258473,0,0,0,1.5708,0,-0,-9.77524e-05,90.0096,-0,-0,600,86.703
0.258483,0,0,0,1.5708,0,-0,-9.77524e-05,90.0096,-0,-0,600,86.709
0.258493,0,0,0,1.5708,0,-0,-9.77524e-05,90.0096,-0,-0,600,86.715
0.258503,0,0,0,1.5708,0,-0,-9.77524e-05,90.0096,-0,-0,600,86.721
0.258513,0,0,0,1.5708,0,-0,-9.77524e-05,90.0096,-0,-0,600,86.727
0.258523,0,0,0,1.5708,0,-0,-9.77524e-05,90.0096,-0,-0,600,86.733
0.258533,0,0,0,1.5708,0,-0,-9.77524e-05,90.0096,-0,-0,600,86.739
0.258543,0,0,0,1.5708,0,-0,-9.77524e-05,90.0096,-0,-0,600,86.745
0.258553,0,0,0,1.5708,0,-0,-9.77524e-05,90.0096,-0,-0,600,86.751
0.258563,0,0,0,1.5708,0,-0,-9.77524e-05,90.0096,-0,-0,600,86.757
0.258573,0,0,0,1.5708,0,-0,-9.77524e-05,90.0096,-0,-0,600,86.763
0.258583,0,0,0,1.5708,0,-0,-9.77524e-05,90.0096,-0,-0,600,86.769
0.258593,0,0,0,1.5708,0,-0,-9.77524e-05,90.0096,-0,-0,600,86.775
0.258603,0,0,0,1.5708,0,-0,-9.77524e-05,90.0096,-0,-0,600,86.781
0.258613,0,0,0,1.5708,0,-0,-9.77524e-05,90.0096,-0,-0,600,86.787
0.258623,0,0,0,1.5708,0,-0,-9.77524e-05,90.0096,-0,-0,600,86.793
0.258633,0,0,0,1.5708,0,-0,-9.77524e-05,90.0096,-0,-0,600,86.799
0.258643,0,0,0,1.5708,0,-0,-9.77524e-05,90.0096,-0,-0,600,86.805
0.258653,0,0,0,1.5708,0,-0,-9.77524e-05,90.0096,-0,-0,600,86.811
0.258663,0,0,0,1.5708,0,-0,-9.77524e-05,90.0096,-0,-0,600,86.8169
0.258673,0,0,0,1.5708,0,-0,-9.77524e-05,90.0096,-0,-0,600,86.8229
0.258683,0,0,0,1.5708,0,-0,-9.77524e-05,90.0096,-0,-0,600,86.8289
0.258693,0,0,0,1.5708,0,-0,-9.77524e-05,90.0096,-0,-0,600,86.8349
0.258704,0,0,0,1.5708,0,-0,-9.77524e-05,90.0096,-0,-0,600,86.8409
0.258714,0,0,0,1.5708,0,-0,-9.77524e-05,90.0096,-0,-0,600,86.8469
0.258724,0,0,0,1.5708,0,-0,-9.77524e-05,90.0096,-0,-0,600,86.8529
0.258734,0,0,0,1.5708,0,-0,-9.77524e-05,90.0096,-0,-0,600,86.8589
0.258744,0,0,0,1.5708,0,-0,-9.77524e-05,90.0096,-0,-0,600,86.8649
0.258754,0,0,0,1.5708,0,-0,-9.77524e-05,90.0096,-0,-0,600,86.8709
0.258764,0,0,0,1.5708,0,-0,-9.77524e-05,90.0096,-0,-0,600,86.8769
0.258774,0,0,0,1.5708,0,-0,-9.77524e-05,90.0096,-0,-0,600,86.8829
0.258784,0,0,0,1.5708,0,-0,-9.77524e-05,90.0096,-0,-0,600,86.8889
0.258794,0,0,0,1.5708,0,-0,-9.77524e-05,90.0096,-0,-0,600,86.8949
0.258804,0,0,0,1.5708,0,-0,-9.77524e-05,90.0096,-0,-0,600,86.9009
0.258814,0,0,0,1.5708,0,-0,-9.77524e-05,90.0096,-0,-0,600,86.9069
0.258824,0,0,0,1.5708,0,-0,-9.77524e-05,90.0096,-0,-0,600,86.9129
0.258834,0,0,0,1.5708,0,-0,-9.77524e-05,90.0096,-0,-0,600,86.9189
0.258844,0,0,0,1.5708,0,-0,-9.77524e-05,90.0096,-0,-0,600,86.9249
0.258854,0,0,0,1.5708,0,-0,-9.77524e-05,90.0096,-0,-0,600,86.9309
0.258864,0,0,0,1.5708,0,-0,-9.77524e-05,90.0096,-0,-0,600,86.9369
0.258874,0,0,0,1.5708,0,-0,-9.77524e-05,90.0096,-0,-0,600,86.9429
0.258884,0,0,0,1.5708,0,-0,-9.77524e-05,90.0096,-0,-0,600,86.9489
0.258894,0,0,0,1.5708,0,-0,-9.77524e-05,90.0096,-0,-0,600,86.9549
0.258904,0,0,0,1.5708,0,-0,-9.77524e-05,90.0096,-0,-0,600,86.9609
0.258914,0,0,0,1.5708,0,-0,-9.77524e-05,90.0096,-0,-0,600,86.9669
0.258924,0,0,0,1.5708,0,-0,-9.77524e-05,90.0096,-0,-0,600,86.9729
0.258934,0,0,0,1.5708,0,-0,-9.77524e-05,90.0096,-0,-0,600,86.9789
0.258944,0,0,0,1.5708,0,-0,-9.77524e-05,90.0096,-0,-0,600,86.9849
0.258954,0,0,0,1.5708,0,-0,-9.77524e-05,90.0096,-0,-0,600,86.9909
0.258964,0,0,0,1.5708,0,-0,-9.77524e-05,90.0096,-0,-0,600,86.9968
0.258974,0,0,0,1.5708,0,-0,-9.77524e-05,90.0096,-0,-0,600,87.0028
0.258984,0,0,0,1.5708,0,-0,-9.77524e-05,90.0096,-0,-0,600,87.0088
0.258994,0,0,0,1.5708,0,-0,-9.77524e-05,90.0096,-0,-0,600,87.0148
0.259004,0,0,0,1.5708,0,-0,-9.77524e-05,90.0096,-0,-0,600,87.0208
0.259014,0,0,0,1.5708,0,-0,-9.77524e-05,90.0096,-0,-0,600,87.0268
0.259024,0,0,0,1.5708,0,-0,-9.77524e-05,90.0096,-0,-0,600,87.0328
0.259034,0,0,0,1.5708,0,-0,-9.77524e-05,90.0096,-0,-0,600,87.0388
0.259044,0,0,0,1.5708,0,-0,-9.77524e-05,90.0096,-0,-0,600,87.0448
0.259054,0,0,0,1.5708,0,-0,-9.77524e-05,90.0096,-0,-0,600,87.0508
0.259064,0,0,0,1.5708,0,-0,-9.77524e-05,90.0096,-0,-0,600,87.0568
0.259074,0,0,0,1.5708,0,-0,-9.77524e-05,90.0096,-0,-0,600,87.0628
0.259084,0,0,0,1.5708,0,-0,-9.77524e-05,90.0096,-0,-0,600,87.0688
0.259094,0,0,0,1.5708,0,-0,-9.77524e-05,90.0096,-0,-0,600,87.0748
0.259104,0,0,0,1.5708,0,-0,-9.77524e-05,90.0096,-0,-0,600,87.0808
0.259114,0,0,0,1.5708,0,-0,-9.77524e-05,90.0096,-0,-0,600,87.0868
0.259124,0,0,0,1.5708,0,-0,-9.77524e-05,90.0096,-0,-0,600,87.0928
0.259134,0,0,0,1.5708,0,-0,-9.77524e-05,90.0096,-0,-0,600,87.0988
0.259144,0,0,0,1.5708,0,-0,-9.77524e-05,90.0096,-0,-0,600,87.1048
0.259154,0,0,0,1.5708,0,-0,-9.77524e-05,90.0096,-0,-0,600,87.1108
0.259164,0,0,0,1.5708,0,-0,-9.77524e-05,90.0096,-0,-0,600,87.1168
0.259174,0,0,0,1.5708,0,-0,-9.77524e-05,90.0096,-0,-0,600,87.1228
0.259184,0,0,0,1.5708,0,-0,-9.77524e-05,90.0096,-0,-0,600,87.1288
0.259194,0,0,0,1.5708,0,-0,-9.77524e-05,90.0096,-0,-0,600,87.1348
0.259204,0,0,0,1.5708,0,-0,-9.77524e-05,90.0096,-0,-0,600,87.1408
0.259214,0,0,0,1.5708,0,-0,-9.77524e-05,90.0096,-0,-0,600,87.1468
0.259224,0,0,0,1.5708,0,-0,-9.77524e-05,90.0096,-0,-0,600,87.1528
0.259234,0,0,0,1.5708,0,-0,-9.77524e-05,90.0096,-0,-0,600,87.1588
0.259244,0,0,0,1.5708,0,-0,-9.77524e-05,90.0096,-0,-0,600,87.1648
0.259254,0,0,0,1.5708,0,-0,-9.77524e-05,90.0096,-0,-0,600,87.1708
0.259264,0,0,0,1.5708,0,-0,-9.77524e-05,90.0096,-0,-0,600,87.1768
0.259274,0,0,0,1.5708,0,-0,-9.77524e-05,90.0096,-0,-0,600,87.1827
0.259284,0,0,0,1.5708,0,-0,-9.77524e-05,90.0096,-0,-0,600,87.1887
0.259294,0,0,0,1.5708,0,-0,-9.77524e-05,90.0096,-0,-0,600,87.1947
0.259304,0,0,0,1.5708,0,-0,-9.77524e-05,90.0096,-0,-0,600,87.2007
0.259314,0,0,0,1.5708,0,-0,-9.77524e-05,90.0096,-0,-0,600,87.2067
0.259324,0,0,0,1.5708,0,-0,-9.77524e-05,90.0096,-0,-0,600,87.2127
0.259334,0,0,0,1.5708,0,-0,-9.77524e-05,90.0096,-0,-0,600,87.2187
0.259344,0,0,0,1.5708,0,-0,-9.77524e-05,90.0096,-0,-0,600,87.2247
0.259354,0,0,0,1.5708,0,-0,-9.77524e-05,90.0096,-0,-0,600,87.2307
0.259364,0,0,0,1.5708,0,-0,-9.77524e-05,90.0096,-0,-0,600,87.2367
0.259374,0,0,0,1.5708,0,-0,-9.77524e-05,90.0096,-0,-0,600,87.2427
0.259384,0,0,0,1.5708,0,-0,-9.77524e-05,90.0096,-0,-0,600,87.2487
0.259394,0,0,0,1.5708,0,-0,-9.77524e-05,90.0096,-0,-0,600,87.2547
0.259404,0,0,0,1.5708,0,-0,-9.77524e-05,90.0096,-0,-0,600,87.2607
0.259414,0,0,0,1.5708,0,-0,-9.77524e-05,90.0096,-0,-0,600,87.2667
0.259424,0,0,0,1.5708,0,-0,-9.77524e-05,90.0096,-0,-0,600,87.2727
0.259434,0,0,0,1.5708,0,-0,-9.77524e-05,90.0096,-0,-0,600,87.2787
0.259445,0,0,0,1.5708,0,-0,-9.77524e-05,90.0096,-0,-0,600,87.2847
0.259455,0,0,0,1.5708,0,-0,-9.77524e-05,90.0096,-0,-0,600,87.2907
0.259465,0,0,0,1.5708,0,-0,-9.77524e-05,90.0096,-0,-0,600,87.2967
0.259475,0,0,0,1.5708,0,-0,-9.77524e-05,90.0096,-0,-0,600,87.3027
0.259485,0,0,0,1.5708,0,-0,-9.77524e-05,90.0096,-0,-0,600,87.3087
0.259495,0,0,0,1.5708,0,-0,-9.77524e-05,90.0096,-0,-0,600,87.3147
0.259505,0,0,0,1.5708,0,-0,-9.77524e-05,90.0096,-0,-0,600,87.3207
0.259515,0,0,0,1.5708,0,-0,-9.77524e-05,90.0096,-0,-0,600,87.3267
0.259525,0,0,0,1.5708,0,-0,-9.77524e-05,90.0096,-0,-0,600,87.3327
0.259535,0,0,0,1.5708,0,-0,-9.77524e-05,90.0096,-0,-0,600,87.3387
0.259545,0,0,0,1.5708,0,-0,-9.77524e-05,90.0096,-0,-0,600,87.3447
0.259555,0,0,0,1.5708,0,-0,-9.77524e-05,90.0096,-0,-0,600,87.3507
0.259565,0,0,0,1.5708,0,-0,-9.77524e-05,90.0096,-0,-0,600,87.3567
0.259575,0,0,0,1.5708,0,-0,-9.77524e-05,90.0096,-0,-0,600,87.3626
0.259585,0,0,0,1.5708,0,-0,-9.77524e-05,90.0096,-0,-0,600,87.3686
0.259595,0,0,0,1.5708,0,-0,-9.77524e-05,90.0096,-0,-0,600,87.3746
0.259605,0,0,0,1.5708,0,-0,-9.77524e-05,90.0096,-0,-0,600,87.3806
0.259615,0,0,0,1.5708,0,-0,-9.77524e-05,90.0096,-0,-0,600,87.3866
0.259625,0,0,0,1.5708,0,-0,-9.77524e-05,90.0096,-0,-0,600,87.3926
0.259635,0,0,0,1.5708,0,-0,-9.77524e-05,90.0096,-0,-0,600,87.3986
0.259645,0,0,0,1.5708,0,-0,-9.77524e-05,90.0096,-0,-0,600,87.4046
0.259655,0,0,0,1.5708,0,-0,-9.77524e-05,90.0096,-0,-0,600,87.4106
0.259665,0,0,0,1.5708,0,-0,-9.77524e-05,90.0096,-0,-0,600,87.4166
0.259675,0,0,0,1.5708,0,-0,-9.77524e-05,90.0096,-0,-0,600,87.4226
0.259685,0,0,0,1.5708,0,-0,-9.77524e-05,90.0096,-0,-0,600,87.4286
0.259695,0,0,0,1.5708,0,-0,-9.77524e-05,90.0096,-0,-0,600,87.4346
0.259705,0,0,0,1.5708,0,-0,-9.77524e-05,90.0096,-0,-0,600,87.4406
0.259715,0,0,0,1.5708,0,-0,-9.77524e-05,90.0096,-0,-0,600,87.4466
0.259725,0,0,0,1.5708,0,-0,-9.77524e-05,90.0096,-0,-0,600,87.4526
0.259735,0,0,0,1.5708,0,-0,-9.77524e-05,90.0096,-0,-0,600,87.4586
0.259745,0,0,0,1.5708,0,-0,-9.77524e-05,90.0096,-0,-0,600,87.4646
0.259755,0,0,0,1.5708,0,-0,-9.77524e-05,90.0096,-0,-0,600,87.4706
0.259765,0,0,0,1.5708,0,-0,-9.77524e-05,90.0096,-0,-0,600,87.4766
0.259775,0,0,0,1.5708,0,-0,-9.77524e-05,90.0096,-0,-0,600,87.4826
0.259785,0,0,0,1.5708,0,-0,-9.77524e-05,90.0096,-0,-0,600,87.4886
0.259795,0,0,0,1.5708,0,-0,-9.77524e-05,90.0096,-0,-0,600,87.4946
0.259805,0,0,0,1.5708,0,-0,-9.77524e-05,90.0096,-0,-0,600,87.5006
0.259815,0,0,0,1.5708,0,-0,-9.77524e-05,90.0096,-0,-0,600,87.5066
0.259825,0,0,0,1.5708,0,-0,-9.77524e-05,90.0096,-0,-0,600,87.5126
0.259835,0,0,0,1.5708,0,-0,-9.77524e-05,90.0096,-0,-0,600,87.5186
0.259845,0,0,0,1.5708,0,-0,-9.77524e-05,90.0096,-0,-0,600,87.5246
0.259855,0,0,0,1.5708,0,-0,-9.77524e-05,90.0096,-0,-0,600,87.5306
0.259865,0,0,0,1.5708,0,-0,-9.77524e-05,90.0096,-0,-0,600,87.5366
0.259875,0,0,0,1.5708,0,-0,-9.77524e-05,90.0096,-0,-0,600,87.5425
0.259885,0,0,0,1.5708,0,-0,-9.77524e-05,90.0096,-0,-0,600,87.5485
0.259895,0,0,0,1.5708,0,-0,-9.77524e-05,90.0096,-0,-0,600,87.5545
0.259905,0,0,0,1.5708,0,-0,-9.77524e-05,90.0096,-0,-0,600,87.5605
0.259915,0,0,0,1.5708,0,-0,-9.77524e-05,90.0096,-0,-0,600,87.5665
0.259925,0,0,0,1.5708,0,-0,-9.77524e-05,90.0096,-0,-0,600,87.5725
0.259935,0,0,0,1.5708,0,-0,-9.77524e-05,90.0096,-0,-0,600,87.5785
0.259945,0,0,0,1.5708,0,-0,-9.77524e-05,90.0096,-0,-0,600,87.5845
0.259955,0,0,0,1.5708,0,-0,-9.77524e-05,90.0096,-0,-0,600,87.5905
0.259965,0,0,0,1.5708,0,-0,-9.77524e-05,90.0096,-0,-0,600,87.5965
0.259975,0,0,0,1.5708,0,-0,-9.77524e-05,90.0096,-0,-0,600,87.6025
0.259985,0,0,0,1.5708,0,-0,-9.77524e-05,90.0096,-0,-0,600,87.6085
0.259995,0,0,0,1.5708,0,-0,-9.77524e-05,90.0096,-0,-0,600,87.6145
0.260005,0,0,0,1.5708,0,-0,-9.77524e-05,90.0096,-0,-0,600,87.6205
0.260015,0,0,0,1.5708,0,-0,-9.77524e-05,90.0096,-0,-0,600,87.6265
0.260025,0,0,0,1.5708,0,-0,-9.77524e-05,90.0096,-0,-0,600,87.6325
0.260035,0,0,0,1.5708,0,-0,-9.77524e-05,90.0096,-0,-0,600,87.6385
0.260045,0,0,0,1.5708,0,-0,-9.77524e-05,90.0096,-0,-0,600,87.6445
0.260055,0,0,0,1.5708,0,-0,-9.77524e-05,90.0096,-0,-0,600,87.6505
0.260065,0,0,0,1.5708,0,-0,-9.77524e-05,90.0096,-0,-0,600,87.6565
0.260075,0,0,0,1.5708,0,-0,-9.77524e-05,90.0096,-0,-0,600,87.6625
0.260085,0,0,0,1.5708,0,-0,-9.77524e-05,90.0096,-0,-0,600,87.6685
0.260095,0,0,0,1.5708,0,-0,-9.77524e-05,90.0096,-0,-0,600,87.6745
0.260105,0,0,0,1.5708,0,-0,-9.77524e-05,90.0096,-0,-0,600,87.6805
0.260115,0,0,0,1.5708,0,-0,-9.77524e-05,90.0096,-0,-0,600,87.6865
0.260125,0,0,0,1.5708,0,-0,-9.77524e-05,90.0096,-0,-0,600,87.6925
0.260135,0,0,0,1.5708,0,-0,-9.77524e-05,90.0096,-0,-0,600,87.6985
0.260145,0,0,0,1.5708,0,-0,-9.77524e-05,90.0096,-0,-0,600,87.7045
0.260155,0,0,0,1.5708,0,-0,-9.77524e-05,90.0096,-0,-0,600,87.7105
0.260165,0,0,0,1.5708,0,-0,-9.77524e-05,90.0096,-0,-0,600,87.7165
0.260175,0,0,0,1.5708,0,-0,-9.77524e-05,90.0096,-0,-0,600,87.7225
0.260186,0,0,0,1.5708,0,-0,-9.77524e-05,90.0096,-0,-0,600,87.7284
0.260196,0,0,0,1.5708,0,-0,-9.77524e-05,90.0096,-0,-0,600,87.7344
0.260206,0,0,0,1.5708,0,-0,-9.77524e-05,90.0096,-0,-0,600,87.7404
0.260216,0,0,0,1.5708,0,-0,-9.77524e-05,90.0096,-0,-0,600,87.7464
0.260226,0,0,0,1.5708,0,-0,-9.77524e-05,90.0096,-0,-0,600,87.7524
0.260236,0,0,0,1.5708,0,-0,-9.77524e-05,90.0096,-0,-0,600,87.7584
0.260246,0,0,0,1.5708,0,-0,-9.77524e-05,90.0096,-0,-0,600,87.7644
0.260256,0,0,0,1.5708,0,-0,-9.77524e-05,90.0096,-0,-0,600,87.7704
0.260266,0,0,0,1.5708,0,-0,-9.77524e-05,90.0096,-0,-0,600,87.7764
0.260276,0,0,0,1.5708,0,-0,-9.77524e-05,90.0096,-0,-0,600,87.7824
0.260286,0,0,0,1.5708,0,-0,-9.77524e-05,90.0096,-0,-0,600,87.7884
0.260296,0,0,0,1.5708,0,-0,-9.77524e-05,90.0096,-0,-0,600,87.7944
0.260306,0,0,0,1.5708,0,-0,-9.77524e-05,90.0096,-0,-0,600,87.8004
0.260316,0,0,0,1.5708,0,-0,-9.77524e-05,90.0096,-0,-0,600,87.8064
0.260326,0,0,0,1.5708,0,-0,-9.77524e-05,90.0096,-0,-0,600,87.8124
0.260336,0,0,0,1.5708,0,-0,-9.77524e-05,90.0096,-0,-0,600,87.8184
0.260346,0,0,0,1.5708,0,-0,-9.77524e-05,90.0096,-0,-0,600,87.8244
0.260356,0,0,0,1.5708,0,-0,-9.77524e-05,90.0096,-0,-0,600,87.8304
0.260366,0,0,0,1.5708,0,-0,-9.77524e-05,90.0096,-0,-0,600,87.8364
0.260376,0,0,0,1.5708,0,-0,-9.77524e-05,90.0096,-0,-0,600,87.8424
0.260386,0,0,0,1.5708,0,-0,-9.77524e-05,90.0096,-0,-0,600,87.8484
0.260396,0,0,0,1.5708,0,-0,-9.77524e-05,90.0096,-0,-0,600,87.8544
0.260406,0,0,0,1.5708,0,-0,-9.77524e-05,90.0096,-0,-0,600,87.8604
0.260416,0,0,0,1.5708,0,-0,-9.77524e-05,90.0096,-0,-0,600,87.8664
0.260426,0,0,0,1.5708,0,-0,-9.77524e-05,90.0096,-0,-0,600,87.8724
0.260436,0,0,0,1.5708,0,-0,-9.77524e-05,90.0096,-0,-0,600,87.8784
0.260446,0,0,0,1.5708,0,-0,-9.77524e-05,90.0096,-0,-0,600,87.8844
0.260456,0,0,0,1.5708,0,-0,-9.77524e-05,90.0096,-0,-0,600,87.8904
0.260466,0,0,0,1.5708,0,-0,-9.77524e-05,90.0096,-0,-0,600,87.8964
0.260476,0,0,0,1.5708,0,-0,-9.77524e-05,90.0096,-0,-0,600,87.9024
0.260486,0,0,0,1.5708,0,-0,-9.77524e-05,90.0096,-0,-0,600,87.9083
0.260496,0,0,0,1.5708,0,-0,-9.77524e-05,90.0096,-0,-0,600,87.9143
0.260506,0,0,0,1.5708,0,-0,-9.77524e-05,90.0096,-0,-0,600,87.9203
0.260516,0,0,0,1.5708,0,-0,-9.77524e-05,90.0096,-0,-0,600,87.9263
0.260526,0,0,0,1.5708,0,-0,-9.77524e-05,90.0096,-0,-0,600,87.9323
0.260536,0,0,0,1.5708,0,-0,-9.77524e-05,90.0096,-0,-0,600,87.9383
0.260546,0,0,0,1.5708,0,-0,-9.77524e-05,90.0096,-0,-0,600,87.9443
0.260556,0,0,0,1.5708,0,-0,-9.77524e-05,90.0096,-0,-0,600,87.9503
0.260566,0,0,0,1.5708,0,-0,-9.77524e-05,90.0096,-0,-0,600,87.9563
0.260576,0,0,0,1.5708,0,-0,-9.77524e-05,90.0096,-0,-0,600,87.9623
0.260586,0,0,0,1.5708,0,-0,-9.77524e-05,90.0096,-0,-0,600,87.9683
0.260596,0,0,0,1.5708,0,-0,-9.77524e-05,90.0096,-0,-0,600,87.9743
0.260606,0,0,0,1.5708,0,-0,-9.77524e-05,90.0096,-0,-0,600,87.9803
0.260616,0,0,0,1.5708,0,-0,-9.77524e-05,90.0096,-0,-0,600,87.9863
0.260626,0,0,0,1.5708,0,-0,-9.77524e-05,90.0096,-0,-0,600,87.9923
0.260636,0,0,0,1.5708,0,-0,-9.77524e-05,90.0096,-0,-0,600,87.9983
0.260646,0,0,0,1.5708,0,-0,-9.77524e-05,90.0096,-0,-0,600,88.0043
0.260656,0,0,0,1.5708,0,-0,-9.77524e-05,90.0096,-0,-0,600,88.0103
0.260666,0,0,0,1.5708,0,-0,-9.77524e-05,90.0096,-0,-0,600,88.0163
0.260676,0,0,0,1.5708,0,-0,-9.77524e-05,90.0096,-0,-0,600,88.0223
0.260686,0,0,0,1.5708,0,-0,-9.77524e-05,90.0096,-0,-0,600,88.0283
0.260696,0,0,0,1.5708,0,-0,-9.77524e-05,90.0096,-0,-0,600,88.0343
0.260706,0,0,0,1.5708,0,-0,-9.77524e-05,90.0096,-0,-0,600,88.0403
0.260716,0,0,0,1.5708,0,-0,-9.77524e-05,90.0096,-0,-0,600,88.0463
0.260726,0,0,0,1.5708,0,-0,-9.77524e-05,90.0096,-0,-0,600,88.0523
0.260736,0,0,0,1.5708,0,-0,-9.77524e-05,90.0096,-0,-0,600,88.0583
0.260746,0,0,0,1.5708,0,-0,-9.77524e-05,90.0096,-0,-0,600,88.0643
0.260756,0,0,0,1.5708,0,-0,-9.77524e-05,90.0096,-0,-0,600,88.0703
0.260766,0,0,0,1.5708,0,-0,-9.77524e-05,90.0096,-0,-0,600,88.0763
0.260776,0,0,0,1.5708,0,-0,-9.77524e-05,90.0096,-0,-0,600,88.0823
0.260786,0,0,0,1.5708,0,-0,-9.77524e-05,90.0096,-0,-0,600,88.0882
0.260796,0,0,0,1.5708,0,-0,-9.77524e-05,90.0096,-0,-0,600,88.0942
0.260806,0,0,0,1.5708,0,-0,-9.77524e-05,90.0096,-0,-0,600,88.1002
0.260816,0,0,0,1.5708,0,-0,-9.77524e-05,90.0096,-0,-0,600,88.1062
0.260826,0,0,0,1.5708,0,-0,-9.77524e-05,90.0096,-0,-0,600,88.1122
0.260836,0,0,0,1.5708,0,-0,-9.77524e-05,90.0096,-0,-0,600,88.1182
0.260846,0,0,0,1.5708,0,-0,-9.77524e-05,90.0096,-0,-0,600,88.1242
0.260856,0,0,0,1.5708,0,-0,-9.77524e-05,90.0096,-0,-0,600,88.1302
0.260866,0,0,0,1.5708,0,-0,-9.77524e-05,90.0096,-0,-0,600,88.1362
0.260876,0,0,0,1.5708,0,-0,-9.77524e-05,90.0096,-0,-0,600,88.1422
0.260886,0,0,0,1.5708,0,-0,-9.77524e-05,90.0096,-0,-0,600,88.1482
0.260896,0,0,0,1.5708,0,-0,-9.77524e-05,90.0096,-0,-0,600,88.1542
0.260906,0,0,0,1.5708,0,-0,-9.77524e-05,90.0096,-0,-0,600,88.1602
0.260917,0,0,0,1.5708,0,-0,-9.77524e-05,90.0096,-0,-0,600,88.1662
0.260927,0,0,0,1.5708,0,-0,-9.77524e-05,90.0096,-0,-0,600,88.1722
0.260937,0,0,0,1.5708,0,-0,-9.77524e-05,90.0096,-0,-0,600,88.1782
0.260947,0,0,0,1.5708,0,-0,-9.77524e-05,90.0096,-0,-0,600,88.1842
0.260957,0,0,0,1.5708,0,-0,-9.77524e-05,90.0096,-0,-0,600,88.1902
0.260967,0,0,0,1.5708,0,-0,-9.77524e-05,90.0096,-0,-0,600,88.1962
0.260977,0,0,0,1.5708,0,-0,-9.77524e-05,90.0096,-0,-0,600,88.2022
0.260987,0,0,0,1.5708,0,-0,-9.77524e-05,90.0096,-0,-0,600,88.2082
0.260997,0,0,0,1.5708,0,-0,-9.77524e-05,90.0096,-0,-0,600,88.2142
0.261007,0,0,0,1.5708,0,-0,-9.77524e-05,90.0096,-0,-0,600,88.2202
0.261017,0,0,0,1.5708,0,-0,-9.77524e-05,90.0096,-0,-0,600,88.2262
0.261027,0,0,0,1.5708,0,-0,-9.77524e-05,90.0096,-0,-0,600,88.2322
0.261037,0,0,0,1.5708,0,-0,-9.77524e-05,90.0096,-0,-0,600,88.2382
0.261047,0,0,0,1.5708,0,-0,-9.77524e-05,90.0096,-0,-0,600,88.2442
0.261057,0,0,0,1.5708,0,-0,-9.77524e-05,90.0096,-0,-0,600,88.2502
0.261067,0,0,0,1.5708,0,-0,-9.77524e-05,90.0096,-0,-0,600,88.2562
0.261077,0,0,0,1.5708,0,-0,-9.77524e-05,90.0096,-0,-0,600,88.2622
0.261087,0,0,0,1.5708,0,-0,-9.77524e-05,90.0096,-0,-0,600,88.2682
0.261097,0,0,0,1.5708,0,-0,-9.77524e-05,90.0096,-0,-0,600,88.2741
0.261107,0,0,0,1.5708,0,-0,-9.77524e-05,90.0096,-0,-0,600,88.2801
0.261117,0,0,0,1.5708,0,-0,-9.77524e-05,90.0096,-0,-0,600,88.2861
0.261127,0,0,0,1.5708,0,-0,-9.77524e-05,90.0096,-0,-0,600,88.2921
0.261137,0,0,0,1.5708,0,-0,-9.77524e-05,90.0096,-0,-0,600,88.2981
0.261147,0,0,0,1.5708,0,-0,-9.77524e-05,90.0096,-0,-0,600,88.3041
0.261157,0,0,0,1.5708,0,-0,-9.77524e-05,90.0096,-0,-0,600,88.3101
0.261167,0,0,0,1.5708,0,-0,-9.77524e-05,90.0096,-0,-0,600,88.3161
0.261177,0,0,0,1.5708,0,-0,-9.77524e-05,90.0096,-0,-0,600,88.3221
0.261187,0,0,0,1.5708,0,-0,-9.77524e-05,90.0096,-0,-0,600,88.3281
0.261197,0,0,0,1.5708,0,-0,-9.77524e-05,90.0096,-0,-0,600,88.3341
0.261207,0,0,0,1.5708,0,-0,-9.77524e-05,90.0096,-0,-0,600,88.3401
0.261217,0,0,0,1.5708,0,-0,-9.77524e-05,90.0096,-0,-0,600,88.3461
0.261227,0,0,0,1.5708,0,-0,-9.77524e-05,90.0096,-0,-0,600,88.3521
0.261237,0,0,0,1.5708,0,-0,-9.77524e-05,90.0096,-0,-0,600,88.3581
0.261247,0,0,0,1.5708,0,-0,-9.77524e-05,90.0096,-0,-0,600,88.3641
0.261257,0,0,0,1.5708,0,-0,-9.77524e-05,90.0096,-0,-0,600,88.3701
0.261267,0,0,0,1.5708,0,-0,-9.77524e-05,90.0096,-0,-0,600,88.3761
0.261277,0,0,0,1.5708,0,-0,-9.77524e-05,90.0096,-0,-0,600,88.3821
0.261287,0,0,0,1.5708,0,-0,-9.77524e-05,90.0096,-0,-0,600,88.3881
0.261297,0,0,0,1.5708,0,-0,-9.77524e-05,90.0096,-0,-0,600,88.3941
0.261307,0,0,0,1.5708,0,-0,-9.77524e-05,90.0096,-0,-0,600,88.4001
0.261317,0,0,0,1.5708,0,-0,-9.77524e-05,90.0096,-0,-0,600,88.4061
0.261327,0,0,0,1.5708,0,-0,-9.77524e-05,90.0096,-0,-0,600,88.4121
0.261337,0,0,0,1.5708,0,-0,-9.77524e-05,90.0096,-0,-0,600,88.4181
0.261347,0,0,0,1.5708,0,-0,-9.77524e-05,90.0096,-0,-0,600,88.4241
0.261357,0,0,0,1.5708,0,-0,-9.77524e-05,90.0096,-0,-0,600,88.4301
0.261367,0,0,0,1.5708,0,-0,-9.77524e-05,90.0096,-0,-0,600,88.4361
0.261377,0,0,0,1.5708,0,-0,-9.77524e-05,90.0096,-0,-0,600,88.4421
0.261387,0,0,0,1.5708,0,-0,-9.77524e-05,90.0096,-0,-0,600,88.4481
0.261397,0,0,0,1.5708,0,-0,-9.77524e-05,90.0096,-0,-0,600,88.454
0.261407,0,0,0,1.5708,0,-0,-9.77524e-05,90.0096,-0,-0,600,88.46
0.261417,0,0,0,1.5708,0,-0,-9.77524e-05,90.0096,-0,-0,600,88.466
0.261427,0,0,0,1.5708,0,-0,-9.77524e-05,90.0096,-0,-0,600,88.472
0.261437,0,0,0,1.5708,0,-0,-9.77524e-05,90.0096,-0,-0,600,88.478
0.261447,0,0,0,1.5708,0,-0,-9.77524e-05,90.0096,-0,-0,600,88.484
0.261457,0,0,0,1.5708,0,-0,-9.77524e-05,90.0096,-0,-0,600,88.49
0.261467,0,0,0,1.5708,0,-0,-9.77524e-05,90.0096,-0,-0,600,88.496
0.261477,0,0,0,1.5708,0,-0,-9.77524e-05,90.0096,-0,-0,600,88.502
0.261487,0,0,0,1.5708,0,-0,-9.77524e-05,90.0096,-0,-0,600,88.508
0.261497,0,0,0,1.5708,0,-0,-9.77524e-05,90.0096,-0,-0,600,88.514
0.261507,0,0,0,1.5708,0,-0,-9.77524e-05,90.0096,-0,-0,600,88.52
0.261517,0,0,0,1.5708,0,-0,-9.77524e-05,90.0096,-0,-0,600,88.526
0.261527,0,0,0,1.5708,0,-0,-9.77524e-05,90.0096,-0,-0,600,88.532
0.261537,0,0,0,1.5708,0,-0,-9.77524e-05,90.0096,-0,-0,600,88.538
0.261547,0,0,0,1.5708,0,-0,-9.77524e-05,90.0096,-0,-0,600,88.544
0.261557,0,0,0,1.5708,0,-0,-9.77524e-05,90.0096,-0,-0,600,88.55
0.261567,0,0,0,1.5708,0,-0,-9.77524e-05,90.0096,-0,-0,600,88.556
0.261577,0,0,0,1.5708,0,-0,-9.77524e-05,90.0096,-0,-0,600,88.562
0.261587,0,0,0,1.5708,0,-0,-9.77524e-05,90.0096,-0,-0,600,88.568
0.261597,0,0,0,1.5708,0,-0,-9.77524e-05,90.0096,-0,-0,600,88.574
0.261607,0,0,0,1.5708,0,-0,-9.77524e-05,90.0096,-0,-0,600,88.58
0.261617,0,0,0,1.5708,0,-0,-9.77524e-05,90.0096,-0,-0,600,88.586
0.261627,0,0,0,1.5708,0,-0,-9.77524e-05,90.0096,-0,-0,600,88.592
0.261637,0,0,0,1.5708,0,-0,-9.77524e-05,90.0096,-0,-0,600,88.598
0.261647,0,0,0,1.5708,0,-0,-9.77524e-05,90.0096,-0,-0,600,88.604
0.261658,0,0,0,1.5708,0,-0,-9.77524e-05,90.0096,-0,-0,600,88.61
0.261668,0,0,0,1.5708,0,-0,-9.77524e-05,90.0096,-0,-0,600,88.616
0.261678,0,0,0,1.5708,0,-0,-9.77524e-05,90.0096,-0,-0,600,88.622
0.261688,0,0,0,1.5708,0,-0,-9.77524e-05,90.0096,-0,-0,600,88.628
0.261698,0,0,0,1.5708,0,-0,-9.77524e-05,90.0096,-0,-0,600,88.6339
0.261708,0,0,0,1.5708,0,-0,-9.77524e-05,90.0096,-0,-0,600,88.6399
0.261718,0,0,0,1.5708,0,-0,-9.77524e-05,90.0096,-0,-0,600,88.6459
0.261728,0,0,0,1.5708,0,-0,-9.77524e-05,90.0096,-0,-0,600,88.6519
0.261738,0,0,0,1.5708,0,-0,-9.77524e-05,90.0096,-0,-0,600,88.6579
0.261748,0,0,0,1.5708,0,-0,-9.77524e-05,90.0096,-0,-0,600,88.6639
0.261758,0,0,0,1.5708,0,-0,-9.77524e-05,90.0096,-0,-0,600,88.6699
0.261768,0,0,0,1.5708,0,-0,-9.77524e-05,90.0096,-0,-0,600,88.6759
0.261778,0,0,0,1.5708,0,-0,-9.77524e-05,90.0096,-0,-0,600,88.6819
0.261788,0,0,0,1.5708,0,-0,-9.77524e-05,90.0096,-0,-0,600,88.6879
0.261798,0,0,0,1.5708,0,-0,-9.77524e-05,90.0096,-0,-0,600,88.6939
0.261808,0,0,0,1.5708,0,-0,-9.77524e-05,90.0096,-0,-0,600,88.6999
0.261818,0,0,0,1.5708,0,-0,-9.77524e-05,90.0096,-0,-0,600,88.7059
0.261828,0,0,0,1.5708,0,-0,-9.77524e-05,90.0096,-0,-0,600,88.7119
0.261838,0,0,0,1.5708,0,-0,-9.77524e-05,90.0096,-0,-0,600,88.7179
0.261848,0,0,0,1.5708,0,-0,-9.77524e-05,90.0096,-0,-0,600,88.7239
0.261858,0,0,0,1.5708,0,-0,-9.77524e-05,90.0096,-0,-0,600,88.7299
0.261868,0,0,0,1.5708,0,-0,-9.77524e-05,90.0096,-0,-0,600,88.7359
0.261878,0,0,0,1.5708,0,-0,-9.77524e-05,90.0096,-0,-0,600,88.7419
0.261888,0,0,0,1.5708,0,-0,-9.77524e-05,90.0096,-0,-0,600,88.7479
0.261898,0,0,0,1.5708,0,-0,-9.77524e-05,90.0096,-0,-0,600,88.7539
0.261908,0,0,0,1.5708,0,-0,-9.77524e-05,90.0096,-0,-0,600,88.7599
0.261918,0,0,0,1.5708,0,-0,-9.77524e-05,90.0096,-0,-0,600,88.7659
0.261928,0,0,0,1.5708,0,-0,-9.77524e-05,90.0096,-0,-0,600,88.7719
0.261938,0,0,0,1.5708,0,-0,-9.77524e-05,90.0096,-0,-0,600,88.7779
0.261948,0,0,0,1.5708,0,-0,-9.77524e-05,90.0096,-0,-0,600,88.7839
0.261958,0,0,0,1.5708,0,-0,-9.77524e-05,90.0096,-0,-0,600,88.7899
0.261968,0,0,0,1.5708,0,-0,-9.77524e-05,90.0096,-0,-0,600,88.7959
0.261978,0,0,0,1.5708,0,-0,-9.77524e-05,90.0096,-0,-0,600,88.8019
0.261988,0,0,0,1.5708,0,-0,-9.77524e-05,90.0096,-0,-0,600,88.8079
0.261998,0,0,0,1.5708,0,-0,-9.77524e-05,90.0096,-0,-0,600,88.8139
0.262008,0,0,0,1.5708,0,-0,-9.77524e-05,90.0096,-0,-0,600,88.8198
0.262018,0,0,0,1.5708,0,-0,-9.77524e-05,90.0096,-0,-0,600,88.8258
0.262028,0,0,0,1.5708,0,-0,-9.77524e-05,90.0096,-0,-0,600,88.8318
0.262038,0,0,0,1.5708,0,-0,-9.77524e-05,90.0096,-0,-0,600,88.8378
0.262048,0,0,0,1.5708,0,-0,-9.77524e-05,90.0096,-0,-0,600,88.8438
0.262058,0,0,0,1.5708,0,-0,-9.77524e-05,90.0096,-0,-0,600,88.8498
0.262068,0,0,0,1.5708,0,-0,-9.77524e-05,90.0096,-0,-0,600,88.8558
0.262078,0,0,0,1.5708,0,-0,-9.77524e-05,90.0096,-0,-0,600,88.8618
0.262088,0,0,0,1.5708,0,-0,-9.77524e-05,90.0096,-0,-0,600,88.8678
0.262098,0,0,0,1.5708,0,-0,-9.77524e-05,90.0096,-0,-0,600,88.8738
0.262108,0,0,0,1.5708,0,-0,-9.77524e-05,90.0096,-0,-0,600,88.8798
0.262118,0,0,0,1.5708,0,-0,-9.77524e-05,90.0096,-0,-0,600,88.8858
0.262128,0,0,0,1.5708,0,-0,-9.77524e-05,90.0096,-0,-0,600,88.8918
0.262138,0,0,0,1.5708,0,-0,-9.77524e-05,90.0096,-0,-0,600,88.8978
0.262148,0,0,0,1.5708,0,-0,-9.77524e-05,90.0096,-0,-0,600,88.9038
0.262158,0,0,0,1.5708,0,-0,-9.77524e-05,90.0096,-0,-0,600,88.9098
0.262168,0,0,0,1.5708,0,-0,-9.77524e-05,90.0096,-0,-0,600,88.9158
0.262178,0,0,0,1.5708,0,-0,-9.77524e-05,90.0096,-0,-0,600,88.9218
0.262188,0,0,0,1.5708,0,-0,-9.77524e-05,90.0096,-0,-0,600,88.9278
0.262198,0,0,0,1.5708,0,-0,-9.77524e-05,90.0096,-0,-0,600,88.9338
0.262208,0,0,0,1.5708,0,-0,-9.77524e-05,90.0096,-0,-0,600,88.9398
0.262218,0,0,0,1.5708,0,-0,-9.77524e-05,90.0096,-0,-0,600,88.9458
0.262228,0,0,0,1.5708,0,-0,-9.77524e-05,90.0096,-0,-0,600,88.9518
0.262238,0,0,0,1.5708,0,-0,-9.77524e-05,90.0096,-0,-0,600,88.9578
0.262248,0,0,0,1.5708,0,-0,-9.77524e-05,90.0096,-0,-0,600,88.9638
0.262258,0,0,0,1.5708,0,-0,-9.77524e-05,90.0096,-0,-0,600,88.9698
0.262268,0,0,0,1.5708,0,-0,-9.77524e-05,90.0096,-0,-0,600,88.9758
0.262278,0,0,0,1.5708,0,-0,-9.77524e-05,90.0096,-0,-0,600,88.9818
0.262288,0,0,0,1.5708,0,-0,-9.77524e-05,90.0096,-0,-0,600,88.9878
0.262298,0,0,0,1.5708,0,-0,-9.77524e-05,90.0096,-0,-0,600,88.9938
0.262308,0,0,0,1.5708,0,-0,-9.77524e-05,90.0096,-0,-0,600,88.9997
0.262318,0,0,0,1.5708,0,-0,-9.77524e-05,90.0096,-0,-0,600,89.0057
0.262328,0,0,0,1.5708,0,-0,-9.77524e-05,90.0096,-0,-0,600,89.0117
0.262338,0,0,0,1.5708,0,-0,-9.77524e-05,90.0096,-0,-0,600,89.0177
0.262348,0,0,0,1.5708,0,-0,-9.77524e-05,90.0096,-0,-0,600,89.0237
0.262358,0,0,0,1.5708,0,-0,-9.77524e-05,90.0096,-0,-0,600,89.0297
0.262368,0,0,0,1.5708,0,-0,-9.77524e-05,90.0096,-0,-0,600,89.0357
0.262378,0,0,0,1.5708,0,-0,-9.77524e-05,90.0096,-0,-0,600,89.0417
0.262388,0,0,0,1.5708,0,-0,-9.77524e-05,90.0096,-0,-0,600,89.0477
0.262399,0,0,0,1.5708,0,-0,-9.77524e-05,90.0096,-0,-0,600,89.0537
0.262409,0,0,0,1.5708,0,-0,-9.77524e-05,90.0096,-0,-0,600,89.0597
0.262419,0,0,0,1.5708,0,-0,-9.77524e-05,90.0096,-0,-0,600,89.0657
0.262429,0,0,0,1.5708,0,-0,-9.77524e-05,90.0096,-0,-0,600,89.0717
0.262439,0,0,0,1.5708,0,-0,-9.77524e-05,90.0096,-0,-0,600,89.0777
0.262449,0,0,0,1.5708,0,-0,-9.77524e-05,90.0096,-0,-0,600,89.0837
0.262459,0,0,0,1.5708,0,-0,-9.77524e-05,90.0096,-0,-0,600,89.0897
0.262469,0,0,0,1.5708,0,-0,-9.77524e-05,90.0096,-0,-0,600,89.0957
0.262479,0,0,0,1.5708,0,-0,-9.77524e-05,90.0096,-0,-0,600,89.1017
0.262489,0,0,0,1.5708,0,-0,-9.77524e-05,90.0096,-0,-0,600,89.1077
0.262499,0,0,0,1.5708,0,-0,-9.77524e-05,90.0096,-0,-0,600,89.1137
0.262509,0,0,0,1.5708,0,-0,-9.77524e-05,90.0096,-0,-0,600,89.1197
0.262519,0,0,0,1.5708,0,-0,-9.77524e-05,90.0096,-0,-0,600,89.1257
0.262529,0,0,0,1.5708,0,-0,-9.77524e-05,90.0096,-0,-0,600,89.1317
0.262539,0,0,0,1.5708,0,-0,-9.77524e-05,90.0096,-0,-0,600,89.1377
0.262549,0,0,0,1.5708,0,-0,-9.77524e-05,90.0096,-0,-0,600,89.1437
0.262559,0,0,0,1.5708,0,-0,-9.77524e-05,90.0096,-0,-0,600,89.1497
0.262569,0,0,0,1.5708,0,-0,-9.77524e-05,90.0096,-0,-0,600,89.1557
0.262579,0,0,0,1.5708,0,-0,-9.77524e-05,90.0096,-0,-0,600,89.1617
0.262589,0,0,0,1.5708,0,-0,-9.77524e-05,90.0096,-0,-0,600,89.1677
0.262599,0,0,0,1.5708,0,-0,-9.77524e-05,90.0096,-0,-0,600,89.1737
0.262609,0,0,0,1.5708,0,-0,-9.77524e-05,90.0096,-0,-0,600,89.1796
0.262619,0,0,0,1.5708,0,-0,-9.77524e-05,90.0096,-0,-0,600,89.1856
0.262629,0,0,0,1.5708,0,-0,-9.77524e-05,90.0096,-0,-0,600,89.1916
0.262639,0,0,0,1.5708,0,-0,-9.77524e-05,90.0096,-0,-0,600,89.1976
0.262649,0,0,0,1.5708,0,-0,-9.77524e-05,90.0096,-0,-0,600,89.2036
0.262659,0,0,0,1.5708,0,-0,-9.77524e-05,90.0096,-0,-0,600,89.2096
0.262669,0,0,0,1.5708,0,-0,-9.77524e-05,90.0096,-0,-0,600,89.2156
0.262679,0,0,0,1.5708,0,-0,-9.77524e-05,90.0096,-0,-0,600,89.2216
0.262689,0,0,0,1.5708,0,-0,-9.77524e-05,90.0096,-0,-0,600,89.2276
0.262699,0,0,0,1.5708,0,-0,-9.77524e-05,90.0096,-0,-0,600,89.2336
0.262709,0,0,0,1.5708,0,-0,-9.77524e-05,90.0096,-0,-0,600,89.2396
0.262719,0,0,0,1.5708,0,-0,-9.77524e-05,90.0096,-0,-0,600,89.2456
0.262729,0,0,0,1.5708,0,-0,-9.77524e-05,90.0096,-0,-0,600,89.2516
0.262739,0,0,0,1.5708,0,-0,-9.77524e-05,90.0096,-0,-0,600,89.2576
0.262749,0,0,0,1.5708,0,-0,-9.77524e-05,90.0096,-0,-0,600,89.2636
0.262759,0,0,0,1.5708,0,-0,-9.77524e-05,90.0096,-0,-0,600,89.2696
0.262769,0,0,0,1.5708,0,-0,-9.77524e-05,90.0096,-0,-0,600,89.2756
0.262779,0,0,0,1.5708,0,-0,-9.77524e-05,90.0096,-0,-0,600,89.2816
0.262789,0,0,0,1.5708,0,-0,-9.77524e-05,90.0096,-0,-0,600,89.2876
0.262799,0,0,0,1.5708,0,-0,-9.77524e-05,90.0096,-0,-0,600,89.2936
0.262809,0,0,0,1.5708,0,-0,-9.77524e-05,90.0096,-0,-0,600,89.2996
0.262819,0,0,0,1.5708,0,-0,-9.77524e-05,90.0096,-0,-0,600,89.3056
0.262829,0,0,0,1.5708,0,-0,-9.77524e-05,90.0096,-0,-0,600,89.3116
0.262839,0,0,0,1.5708,0,-0,-9.77524e-05,90.0096,-0,-0,600,89.3176
0.262849,0,0,0,1.5708,0,-0,-9.77524e-05,90.0096,-0,-0,600,89.3236
0.262859,0,0,0,1.5708,0,-0,-9.77524e-05,90.0096,-0,-0,600,89.3296
0.262869,0,0,0,1.5708,0,-0,-9.77524e-05,90.0096,-0,-0,600,89.3356
0.262879,0,0,0,1.5708,0,-0,-9.77524e-05,90.0096,-0,-0,600,89.3416
0.262889,0,0,0,1.5708,0,-0,-9.77524e-05,90.0096,-0,-0,600,89.3476
0.262899,0,0,0,1.5708,0,-0,-9.77524e-05,90.0096,-0,-0,600,89.3536
0.262909,0,0,0,1.5708,0,-0,-9.77524e-05,90.0096,-0,-0,600,89.3596
0.262919,0,0,0,1.5708,0,-0,-9.77524e-05,90.0096,-0,-0,600,89.3655
0.262929,0,0,0,1.5708,0,-0,-9.77524e-05,90.0096,-0,-0,600,89.3715
0.262939,0,0,0,1.5708,0,-0,-9.77524e-05,90.0096,-0,-0,600,89.3775
0.262949,0,0,0,1.5708,0,-0,-9.77524e-05,90.0096,-0,-0,600,89.3835
0.262959,0,0,0,1.5708,0,-0,-9.77524e-05,90.0096,-0,-0,600,89.3895
0.262969,0,0,0,1.5708,0,-0,-9.77524e-05,90.0096,-0,-0,600,89.3955
0.262979,0,0,0,1.5708,0,-0,-9.77524e-05,90.0096,-0,-0,600,89.4015
0.262989,0,0,0,1.5708,0,-0,-9.77524e-05,90.0096,-0,-0,600,89.4075
0.262999,0,0,0,1.5708,0,-0,-9.77524e-05,90.0096,-0,-0,600,89.4135
0.263009,0,0,0,1.5708,0,-0,-9.77524e-05,90.0096,-0,-0,600,89.4195
0.263019,0,0,0,1.5708,0,-0,-9.77524e-05,90.0096,-0,-0,600,89.4255
0.263029,0,0,0,1.5708,0,-0,-9.77524e-05,90.0096,-0,-0,600,89.4315
0.263039,0,0,0,1.5708,0,-0,-9.77524e-05,90.0096,-0,-0,600,89.4375
0.263049,0,0,0,1.5708,0,-0,-9.77524e-05,90.0096,-0,-0,600,89.4435
0.263059,0,0,0,1.5708,0,-0,-9.77524e-05,90.0096,-0,-0,600,89.4495
0.263069,0,0,0,1.5708,0,-0,-9.77524e-05,90.0096,-0,-0,600,89.4555
0.263079,0,0,0,1.5708,0,-0,-9.77524e-05,90.0096,-0,-0,600,89.4615
0.263089,0,0,0,1.5708,0,-0,-9.77524e-05,90.0096,-0,-0,600,89.4675
0.263099,0,0,0,1.5708,0,-0,-9.77524e-05,90.0096,-0,-0,600,89.4735
0.263109,0,0,0,1.5708,0,-0,-9.77524e-05,90.0096,-0,-0,600,89.4795
0.263119,0,0,0,1.5708,0,-0,-9.77524e-05,90.0096,-0,-0,600,89.4855
0.26313,0,0,0,1.5708,0,-0,-9.77524e-05,90.0096,-0,-0,600,89.4915
0.26314,0,0,0,1.5708,0,-0,-9.77524e-05,90.0096,-0,-0,600,89.4975
0.26315,0,0,0,1.5708,0,-0,-9.77524e-05,90.0096,-0,-0,600,89.5035
0.26316,0,0,0,1.5708,0,-0,-9.77524e-05,90.0096,-0,-0,600,89.5095
0.26317,0,0,0,1.5708,0,-0,-9.77524e-05,90.0096,-0,-0,600,89.5155
0.26318,0,0,0,1.5708,0,-0,-9.77524e-05,90.0096,-0,-0,600,89.5215
0.26319,0,0,0,1.5708,0,-0,-9.77524e-05,90.0096,-0,-0,600,89.5275
0.2632,0,0,0,1.5708,0,-0,-9.77524e-05,90.0096,-0,-0,600,89.5335
0.26321,0,0,0,1.5708,0,-0,-9.77524e-05,90.0096,-0,-0,600,89.5395
0.26322,0,0,0,1.5708,0,-0,-9.77524e-05,90.0096,-0,-0,600,89.5454
0.26323,0,0,0,1.5708,0,-0,-9.77524e-05,90.0096,-0,-0,600,89.5514
0.26324,0,0,0,1.5708,0,-0,-9.77524e-05,90.0096,-0,-0,600,89.5574
0.26325,0,0,0,1.5708,0,-0,-9.77524e-05,90.0096,-0,-0,600,89.5634
0.26326,0,0,0,1.5708,0,-0,-9.77524e-05,90.0096,-0,-0,600,89.5694
0.26327,0,0,0,1.5708,0,-0,-9.77524e-05,90.0096,-0,-0,600,89.5754
0.26328,0,0,0,1.5708,0,-0,-9.77524e-05,90.0096,-0,-0,600,89.5814
0.26329,0,0,0,1.5708,0,-0,-9.77524e-05,90.0096,-0,-0,600,89.5874
0.2633,0,0,0,1.5708,0,-0,-9.77524e-05,90.0096,-0,-0,600,89.5934
0.26331,0,0,0,1.5708,0,-0,-9.77524e-05,90.0096,-0,-0,600,89.5994
0.26332,0,0,0,1.5708,0,-0,-9.77524e-05,90.0096,-0,-0,600,89.6054
0.26333,0,0,0,1.5708,0,-0,-9.77524e-05,90.0096,-0,-0,600,89.6114
0.26334,0,0,0,1.5708,0,-0,-9.77524e-05,90.0096,-0,-0,600,89.6174
0.26335,0,0,0,1.5708,0,-0,-9.77524e-05,90.0096,-0,-0,600,89.6234
0.26336,0,0,0,1.5708,0,-0,-9.77524e-05,90.0096,-0,-0,600,89.6294
0.26337,0,0,0,1.5708,0,-0,-9.77524e-05,90.0096,-0,-0,600,89.6354
0.26338,0,0,0,1.5708,0,-0,-9.77524e-05,90.0096,-0,-0,600,89.6414
0.26339,0,0,0,1.5708,0,-0,-9.77524e-05,90.0096,-0,-0,600,89.6474
0.2634,0,0,0,1.5708,0,-0,-9.77524e-05,90.0096,-0,-0,600,89.6534
0.26341,0,0,0,1.5708,0,-0,-9.77524e-05,90.0096,-0,-0,600,89.6594
0.26342,0,0,0,1.5708,0,-0,-9.77524e-05,90.0096,-0,-0,600,89.6654
0.26343,0,0,0,1.5708,0,-0,-9.77524e-05,90.0096,-0,-0,600,89.6714
0.26344,0,0,0,1.5708,0,-0,-9.77524e-05,90.0096,-0,-0,600,89.6774
0.26345,0,0,0,1.5708,0,-0,-9.77524e-05,90.0096,-0,-0,600,89.6834
0.26346,0,0,0,1.5708,0,-0,-9.77524e-05,90.0096,-0,-0,600,89.6894
0.26347,0,0,0,1.5708,0,-0,-9.77524e-05,90.0096,-0,-0,600,89.6954
0.26348,0,0,0,1.5708,0,-0,-9.77524e-05,90.0096,-0,-0,600,89.7014
0.26349,0,0,0,1.5708,0,-0,-9.77524e-05,90.0096,-0,-0,600,89.7074
0.2635,0,0,0,1.5708,0,-0,-9.77524e-05,90.0096,-0,-0,600,89.7134
0.26351,0,0,0,1.5708,0,-0,-9.77524e-05,90.0096,-0,-0,600,89.7194
0.26352,0,0,0,1.5708,0,-0,-9.77524e-05,90.0096,-0,-0,600,89.7253
0.26353,0,0,0,1.5708,0,-0,-9.77524e-05,90.0096,-0,-0,600,89.7313
0.26354,0,0,0,1.5708,0,-0,-9.77524e-05,90.0096,-0,-0,600,89.7373
0.26355,0,0,0,1.5708,0,-0,-9.77524e-05,90.0096,-0,-0,600,89.7433
0.26356,0,0,0,1.5708,0,-0,-9.77524e-05,90.0096,-0,-0,600,89.7493
0.26357,0,0,0,1.5708,0,-0,-9.77524e-05,90.0096,-0,-0,600,89.7553
0.26358,0,0,0,1.5708,0,-0,-9.77524e-05,90.0096,-0,-0,600,89.7613
0.26359,0,0,0,1.5708,0,-0,-9.77524e-05,90.0096,-0,-0,600,89.7673
0.2636,0,0,0,1.5708,0,-0,-9.77524e-05,90.0096,-0,-0,600,89.7733
0.26361,0,0,0,1.5708,0,-0,-9.77524e-05,90.0096,-0,-0,600,89.7793
0.26362,0,0,0,1.5708,0,-0,-9.77524e-05,90.0096,-0,-0,600,89.7853
0.26363,0,0,0,1.5708,0,-0,-9.77524e-05,90.0096,-0,-0,600,89.7913
0.26364,0,0,0,1.5708,0,-0,-9.77524e-05,90.0096,-0,-0,600,89.7973
0.26365,0,0,0,1.5708,0,-0,-9.77524e-05,90.0096,-0,-0,600,89.8033
0.26366,0,0,0,1.5708,0,-0,-9.77524e-05,90.0096,-0,-0,600,89.8093
0.26367,0,0,0,1.5708,0,-0,-9.77524e-05,90.0096,-0,-0,600,89.8153
0.26368,0,0,0,1.5708,0,-0,-9.77524e-05,90.0096,-0,-0,600,89.8213
0.26369,0,0,0,1.5708,0,-0,-9.77524e-05,90.0096,-0,-0,600,89.8273
0.2637,0,0,0,1.5708,0,-0,-9.77524e-05,90.0096,-0,-0,600,89.8333
0.26371,0,0,0,1.5708,0,-0,-9.77524e-05,90.0096,-0,-0,600,89.8393
0.26372,0,0,0,1.5708,0,-0,-9.77524e-05,90.0096,-0,-0,600,89.8453
0.26373,0,0,0,1.5708,0,-0,-9.77524e-05,90.0096,-0,-0,600,89.8513
0.26374,0,0,0,1.5708,0,-0,-9.77524e-05,90.0096,-0,-0,600,89.8573
0.26375,0,0,0,1.5708,0,-0,-9.77524e-05,90.0096,-0,-0,600,89.8633
0.26376,0,0,0,1.5708,0,-0,-9.77524e-05,90.0096,-0,-0,600,89.8693
0.26377,0,0,0,1.5708,0,-0,-9.77524e-05,90.0096,-0,-0,600,89.8753
0.26378,0,0,0,1.5708,0,-0,-9.77524e-05,90.0096,-0,-0,600,89.8813
0.26379,0,0,0,1.5708,0,-0,-9.77524e-05,90.0096,-0,-0,600,89.8873
0.2638,0,0,0,1.5708,0,-0,-9.77524e-05,90.0096,-0,-0,600,89.8933
0.26381,0,0,0,1.5708,0,-0,-9.77524e-05,90.0096,-0,-0,600,89.8993
0.26382,0,0,0,1.5708,0,-0,-9.77524e-05,90.0096,-0,-0,600,89.9053
0.26383,0,0,0,1.5708,0,-0,-9.77524e-05,90.0096,-0,-0,600,89.9112
0.26384,0,0,0,1.5708,0,-0,-9.77524e-05,90.0096,-0,-0,600,89.9172
0.26385,0,0,0,1.5708,0,-0,-9.77524e-05,90.0096,-0,-0,600,89.9232
0.26386,0,0,0,1.5708,0,-0,-9.77524e-05,90.0096,-0,-0,600,89.9292
0.263871,0,0,0,1.5708,0,-0,-9.77524e-05,90.0096,-0,-0,600,89.9352
0.263881,0,0,0,1.5708,0,-0,-9.77524e-05,90.0096,-0,-0,600,89.9412
0.263891,0,0,0,1.5708,0,-0,-9.77524e-05,90.0096,-0,-0,600,89.9472
0.263901,0,0,0,1.5708,0,-0,-9.77524e-05,90.0096,-0,-0,600,89.9532
0.263911,0,0,0,1.5708,0,-0,-9.77524e-05,90.0096,-0,-0,600,89.9592
0.263921,0,0,0,1.5708,0,-0,-9.77524e-05,90.0096,-0,-0,600,89.9652
0.263931,0,0,0,1.5708,0,-0,-9.77524e-05,90.0096,-0,-0,600,89.9712
0.263941,0,0,0,1.5708,0,-0,-9.77524e-05,90.0096,-0,-0,600,89.9772
0.263951,0,0,0,1.5708,0,-0,-9.77524e-05,90.0096,-0,-0,600,89.9832
0.263961,0,0,0,1.5708,0,-0,-9.77524e-05,90.0096,-0,-0,600,89.9892
