0.00167,43388.1,0.575379,3.81511e-06,0.785398,-244.112,-0.00161861,424.264,0.712764,244.112,0.00161861,424.264,0.712764
0.00168,43388.1,1.00926,1.17383e-05,0.785398,-428.192,-0.00498012,424.264,0.717007,428.192,0.00498012,424.264,0.717007
0.00169,43388.1,1.44314,2.40002e-05,0.785398,-612.271,-0.0101824,424.264,0.721249,612.271,0.0101824,424.264,0.721249
0.0017,43388.1,1.87702,4.06009e-05,0.785398,-796.35,-0.0172255,424.264,0.725492,796.35,0.0172255,424.264,0.725492
0.00171,43388.1,2.31089,6.15403e-05,0.785398,-980.43,-0.0261094,424.264,0.729735,980.43,0.0261094,424.264,0.729735
0.00172,43388.1,2.74477,8.68186e-05,0.785398,-1164.51,-0.036834,424.264,0.733977,1164.51,0.036834,424.264,0.733977
0.00173,43388.1,3.17865,0.000116436,0.785398,-1348.59,-0.0493994,424.264,0.73822,1348.59,0.0493994,424.264,0.73822
0.00174,43388.1,3.61253,0.000150391,0.785398,-1532.67,-0.0638057,424.264,0.742463,1532.67,0.0638057,424.264,0.742463
0.00175,43388.1,4.04641,0.000188686,0.785398,-1716.75,-0.0800527,424.264,0.746705,1716.75,0.0800527,424.264,0.746705
0.00176,43388.1,4.48029,0.000231319,0.785398,-1900.83,-0.0981405,424.264,0.750948,1900.83,0.0981405,424.264,0.750948
0.00177,43388.1,4.91417,0.000278291,0.785398,-2084.91,-0.118069,424.264,0.755191,2084.91,0.118069,424.264,0.755191
0.00178,43388.1,5.34805,0.000329602,0.785398,-2268.98,-0.139838,424.264,0.759433,2268.98,0.139838,424.264,0.759433
0.00179,43388.1,5.78193,0.000385252,0.785398,-2453.06,-0.163449,424.264,0.763676,2453.06,0.163449,424.264,0.763676
0.0018,43388.1,6.21581,0.00044524,0.785398,-2637.14,-0.188899,424.264,0.767919,2637.14,0.188899,424.264,0.767919
0.00181,43388.1,6.64968,0.000509567,0.785398,-2821.22,-0.216191,424.264,0.772161,2821.22,0.216191,424.264,0.772161
0.00182,43388.1,7.08356,0.000578233,0.785398,-3005.3,-0.245324,424.264,0.776404,3005.3,0.245324,424.264,0.776404
0.00183,43388.1,7.51744,0.000651238,0.785398,-3189.38,-0.276297,424.264,0.780647,3189.38,0.276297,424.264,0.780647
0.00184,43388.1,7.95132,0.000728582,0.785398,-3373.46,-0.309111,424.264,0.784889,3373.46,0.309111,424.264,0.784889
0.00185,43388.1,8.3852,0.000810264,0.785398,-3557.54,-0.343766,424.264,0.789132,3557.54,0.343766,424.264,0.789132
0.00186,43388.1,8.81908,0.000896285,0.785398,-3741.62,-0.380262,424.264,0.793374,3741.62,0.380261,424.264,0.793374
0.00187,43388.1,9.25296,0.000986645,0.785398,-3925.7,-0.418598,424.264,0.797617,3925.7,0.418598,424.264,0.797617
0.00188,43388.1,9.68684,0.00108134,0.785398,-4109.78,-0.458775,424.264,0.80186,4109.78,0.458775,424.264,0.80186
0.00189,43388.1,10.1207,0.00118038,0.785398,-4293.86,-0.500793,424.264,0.806102,4293.86,0.500793,424.264,0.806102
0.0019,43388.1,10.5546,0.00128376,0.785398,-4477.94,-0.544652,424.264,0.810345,4477.93,0.544652,424.264,0.810345
0.00191,43388.1,10.9885,0.00139147,0.785398,-4662.02,-0.590352,424.264,0.814588,4662.01,0.590351,424.264,0.814588
0.00192,43388.1,11.4224,0.00150353,0.785398,-4846.1,-0.637892,424.264,0.81883,4846.09,0.637892,424.264,0.81883
0.00193,43388.1,11.8562,0.00161992,0.785398,-5030.17,-0.687273,424.264,0.823073,5030.17,0.687273,424.264,0.823073
0.00194,43388.1,12.2901,0.00174065,0.785398,-5214.25,-0.738495,424.264,0.827316,5214.25,0.738495,424.264,0.827316
0.00195,43388.1,12.724,0.00186572,0.785398,-5398.34,-0.791558,424.264,0.831558,5398.33,0.791558,424.264,0.831558
0.00196,43388.1,13.1579,0.00199513,0.785398,-5582.42,-0.846463,424.264,0.835801,5582.41,0.846462,424.264,0.835801
0.00197,43388.1,13.5918,0.00212888,0.785398,-5766.5,-0.903208,424.264,0.840044,5766.49,0.903207,424.264,0.840044
0.00198,43388.1,14.0256,0.00226697,0.785398,-5950.58,-0.961793,424.264,0.844286,5950.57,0.961793,424.264,0.844286
0.00199,43388.1,14.4595,0.0024094,0.785398,-6134.66,-1.02222,424.264,0.848529,6134.66,1.02222,424.264,0.848529
0.002,43388.1,14.8934,0.00255616,0.785398,-6318.75,-1.08449,424.264,0.852772,6318.74,1.08449,424.264,0.852772
0.00201,43388.1,15.3273,0.00270727,0.785398,-6502.83,-1.1486,424.264,0.857014,6502.82,1.1486,424.264,0.857014
0.00202,43388.1,15.7612,0.00286271,0.785399,-6686.91,-1.21455,424.264,0.861257,6686.9,1.21454,424.264,0.861257
0.00203,43388.1,16.1951,0.00302249,0.785399,-6870.99,-1.28234,424.264,0.8655,6870.98,1.28233,424.264,0.8655
0.00204,43388.1,16.629,0.00318661,0.785399,-7055.07,-1.35197,424.264,0.869742,7055.06,1.35196,424.264,0.869742
0.00205,43388.1,17.0628,0.00335507,0.785399,-7239.16,-1.42344,424.264,0.873985,7239.14,1.42344,424.264,0.873985
0.00206,43388.1,17.4967,0.00352787,0.785399,-7423.24,-1.49675,424.264,0.878228,7423.22,1.49675,424.264,0.878228
0.00207,43388.1,17.9306,0.00370501,0.785399,-7607.32,-1.5719,424.264,0.88247,7607.3,1.5719,424.264,0.88247
0.00208,43388.1,18.3645,0.00388649,0.785399,-7791.4,-1.6489,424.264,0.886713,7791.38,1.6489,424.264,0.886713
0.00209,43388.1,18.7984,0.0040723,0.785399,-7975.48,-1.72773,424.264,0.890956,7975.46,1.72773,424.264,0.890956
0.0021,43388.1,19.2323,0.00426246,0.785399,-8159.57,-1.80841,424.264,0.895198,8159.54,1.80841,424.264,0.895198
0.00211,43388.1,19.6661,0.00445695,0.785399,-8343.65,-1.89093,424.264,0.899441,8343.62,1.89092,424.264,0.899441
0.00212,43388.1,20.1,0.00465578,0.785399,-8527.73,-1.97528,424.264,0.903684,8527.7,1.97528,424.264,0.903684
0.00213,43388.1,20.5339,0.00485895,0.785399,-8711.82,-2.06148,424.264,0.907926,8711.78,2.06148,424.264,0.907926
0.00214,43388.1,20.9678,0.00506646,0.785399,-8895.9,-2.14952,424.264,0.912169,8895.86,2.14952,424.264,0.912169
0.00215,43388.1,21.4017,0.00527831,0.785399,-9079.98,-2.2394,424.264,0.916412,9079.94,2.2394,424.264,0.916412
0.00216,43388.1,21.8356,0.0054945,0.785399,-9264.06,-2.33112,424.264,0.920654,9264.02,2.33112,424.264,0.920654
0.00217,43388.1,22.2694,0.00571503,0.785399,-9448.15,-2.42468,424.264,0.924897,9448.1,2.42468,424.264,0.924897
0.00218,43388.1,22.7033,0.00593989,0.785399,-9632.23,-2.52009,424.264,0.92914,9632.18,2.52008,424.264,0.92914
0.00219,43388.1,23.1372,0.0061691,0.785399,-9816.31,-2.61733,424.264,0.933382,9816.26,2.61732,424.265,0.933382
0.0022,43388.1,23.5711,0.00640264,0.785399,-10000.4,-2.71641,424.264,0.937625,10000.3,2.71641,424.265,0.937625
0.00221,43388.1,24.005,0.00664052,0.785399,-10184.5,-2.81734,424.264,0.941868,10184.4,2.81733,424.265,0.941868
0.00222,43388.1,24.4389,0.00688274,0.785399,-10368.6,-2.92011,424.263,0.94611,10368.5,2.9201,424.265,0.94611
0.00223,43388.1,24.8727,0.0071293,0.7854,-10552.6,-3.02471,424.263,0.950353,10552.6,3.0247,424.265,0.950353
0.00224,43388.1,25.3066,0.0073802,0.7854,-10736.7,-3.13116,424.263,0.954596,10736.7,3.13115,424.265,0.954596
0.00225,43388.1,25.7405,0.00763544,0.7854,-10920.8,-3.23945,424.263,0.958838,10920.7,3.23944,424.265,0.958838
0.00226,43388.1,26.1744,0.00789502,0.7854,-11104.9,-3.34958,424.263,0.963081,11104.8,3.34957,424.265,0.963081
0.00227,43388.1,26.6083,0.00815893,0.7854,-11289,-3.46155,424.263,0.967323,11288.9,3.46154,424.265,0.967323
0.00228,43388.1,27.0422,0.00842719,0.7854,-11473.1,-3.57536,424.263,0.971566,11473,3.57535,424.265,0.971566
0.00229,43388.1,27.4761,0.00869978,0.7854,-11657.2,-3.69101,424.263,0.975809,11657,3.691,424.265,0.975809
0.0023,43388.1,27.9099,0.00897671,0.7854,-11841.2,-3.8085,424.263,0.980051,11841.1,3.80849,424.265,0.980051
0.00231,43388.1,28.3438,0.00925798,0.7854,-12025.3,-3.92784,424.263,0.984294,12025.2,3.92782,424.265,0.984294
0.00232,43388.1,28.7777,0.00954359,0.7854,-12209.4,-4.04901,424.263,0.988537,12209.3,4.049,424.265,0.988537
0.00233,43388.1,29.2116,0.00983354,0.7854,-12393.5,-4.17203,424.263,0.992779,12393.4,4.17201,424.265,0.992779
0.00234,43388.1,29.6455,0.0101278,0.785401,-12577.6,-4.29688,424.263,0.997022,12577.4,4.29686,424.265,0.997022
0.00235,43388.1,30.0794,0.0104265,0.785401,-12761.7,-4.42358,424.263,1.00126,12761.5,4.42356,424.265,1.00126
0.00236,43388.1,30.5132,0.0107294,0.785401,-12945.8,-4.55212,424.263,1.00551,12945.6,4.5521,424.265,1.00551
0.00237,43388.1,30.9471,0.0110367,0.785401,-13129.8,-4.6825,424.263,1.00975,13129.7,4.68247,424.265,1.00975
0.00238,43388.1,31.381,0.0113484,0.785401,-13313.9,-4.81472,424.263,1.01399,13313.7,4.81469,424.265,1.01399
0.00239,43388.1,31.8149,0.0116643,0.785401,-13498,-4.94878,424.263,1.01824,13497.8,4.94875,424.265,1.01824
0.0024,43388.1,32.2488,0.0119847,0.785401,-13682.1,-5.08468,424.263,1.02248,13681.9,5.08465,424.265,1.02248
0.00241,43388.1,32.6827,0.0123093,0.785401,-13866.2,-5.22242,424.263,1.02672,13866,5.22239,424.265,1.02672
0.00242,43388.1,33.1165,0.0126383,0.785401,-14050.3,-5.36201,424.263,1.03096,14050,5.36197,424.265,1.03096
0.00243,43388.1,33.5504,0.0129717,0.785402,-14234.4,-5.50343,424.263,1.03521,14234.1,5.50339,424.266,1.03521
0.00244,43388.1,33.9843,0.0133093,0.785402,-14418.4,-5.6467,424.263,1.03945,14418.2,5.64666,424.266,1.03945
0.00245,43388.1,34.4182,0.0136514,0.785402,-14602.5,-5.7918,424.263,1.04369,14602.3,5.79176,424.266,1.04369
0.00246,43388.1,34.8521,0.0139977,0.785402,-14786.6,-5.93875,424.262,1.04793,14786.3,5.9387,424.266,1.04793
0.00247,43388.1,35.286,0.0143484,0.785402,-14970.7,-6.08754,424.262,1.05218,14970.4,6.08749,424.266,1.05218
0.00248,43388.1,35.7198,0.0147034,0.785402,-15154.8,-6.23817,424.262,1.05642,15154.5,6.23811,424.266,1.05642
0.00249,43388.1,36.1537,0.0150628,0.785402,-15338.9,-6.39063,424.262,1.06066,15338.6,6.39058,424.266,1.06066
0.0025,43388.1,36.5876,0.0154265,0.785403,-15523,-6.54495,424.262,1.0649,15522.6,6.54489,424.266,1.0649
0.00251,43388.1,37.0215,0.0157946,0.785403,-15707.1,-6.7011,424.262,1.06915,15706.7,6.70104,424.266,1.06915
0.00252,43388.1,37.4554,0.016167,0.785403,-15891.2,-6.85909,424.262,1.07339,15890.8,6.85902,424.266,1.07339
0.00253,43388.1,37.8893,0.0165437,0.785403,-16075.2,-7.01892,424.262,1.07763,16074.9,7.01885,424.266,1.07763
0.00254,43388.1,38.3232,0.0169247,0.785403,-16259.3,-7.1806,424.262,1.08188,16258.9,7.18052,424.266,1.08188
0.00255,43388.1,38.757,0.0173101,0.785403,-16443.4,-7.34411,424.262,1.08612,16443,7.34404,424.266,1.08612
0.00256,43388.1,39.1909,0.0176999,0.785403,-16627.5,-7.50947,424.262,1.09036,16627.1,7.50939,424.266,1.09036
0.00257,43388.1,39.6248,0.018094,0.785404,-16811.6,-7.67666,424.262,1.0946,16811.1,7.67658,424.266,1.0946
0.00258,43388.1,40.0587,0.0184924,0.785404,-16995.7,-7.8457,424.262,1.09885,16995.2,7.84561,424.266,1.09885
0.00259,43388.1,40.4926,0.0188952,0.785404,-17179.8,-8.01658,424.262,1.10309,17179.3,8.01649,424.267,1.10309
0.0026,43388.1,40.9265,0.0193023,0.785404,-17363.9,-8.1893,424.261,1.10733,17363.4,8.1892,424.267,1.10733
0.00261,43388.1,41.3603,0.0197137,0.785404,-17548,-8.36386,424.261,1.11157,17547.4,8.36376,424.267,1.11157
0.00262,43388.1,41.7942,0.0201295,0.785405,-17732.1,-8.54026,424.261,1.11582,17731.5,8.54015,424.267,1.11582
0.00263,43388.1,42.2281,0.0205496,0.785405,-17916.2,-8.71851,424.261,1.12006,17915.6,8.71839,424.267,1.12006
0.00264,43388.1,42.662,0.020974,0.785405,-18100.3,-8.89859,424.261,1.1243,18099.6,8.89847,424.267,1.1243
0.00265,43388.1,43.0959,0.0214028,0.785405,-18284.4,-9.08051,424.261,1.12854,18283.7,9.08038,424.267,1.12854
0.00266,43388.1,43.5298,0.021836,0.785406,-18468.5,-9.26428,424.261,1.13279,18467.8,9.26414,424.267,1.13279
0.00267,43388.1,43.9636,0.0222734,0.785406,-18652.5,-9.44989,424.261,1.13703,18651.8,9.44974,424.267,1.13703
0.00268,43388.1,44.3975,0.0227152,0.785406,-18836.6,-9.63733,424.261,1.14127,18835.9,9.63718,424.267,1.14127
0.00269,43388.1,44.8314,0.0231614,0.785406,-19020.7,-9.82662,424.261,1.14552,19020,9.82646,424.267,1.14552
0.0027,43388.1,45.2653,0.0236119,0.785406,-19204.8,-10.0178,424.261,1.14976,19204,10.0176,424.268,1.14976
0.00271,43388.1,45.6992,0.0240667,0.785407,-19388.9,-10.2107,424.26,1.154,19388.1,10.2105,424.268,1.154
0.00272,43388.1,46.1331,0.0245259,0.785407,-19573,-10.4055,424.26,1.15824,19572.2,10.4054,424.268,1.15824
0.00273,43388.1,46.5669,0.0249894,0.785407,-19757.1,-10.6022,424.26,1.16249,19756.2,10.602,424.268,1.16249
0.00274,43388.1,47.0008,0.0254572,0.785407,-19941.2,-10.8007,424.26,1.16673,19940.3,10.8005,424.268,1.16673
0.00275,43388.1,47.4347,0.0259294,0.785408,-20125.3,-11.001,424.26,1.17097,20124.4,11.0008,424.268,1.17097
0.00276,43388.1,47.8686,0.0264059,0.785408,-20309.4,-11.2032,424.26,1.17521,20308.4,11.203,424.268,1.17521
0.00277,43388.1,48.3025,0.0268868,0.785408,-20493.5,-11.4072,424.26,1.17946,20492.5,11.407,424.268,1.17946
0.00278,43388.1,48.7364,0.027372,0.785408,-20677.6,-11.6131,424.26,1.1837,20676.6,11.6128,424.268,1.1837
0.00279,43388.1,49.1702,0.0278615,0.785409,-20861.7,-11.8208,424.26,1.18794,20860.6,11.8205,424.269,1.18794
0.0028,43388.1,49.6041,0.0283554,0.785409,-21045.8,-12.0303,424.259,1.19218,21044.7,12.03,424.269,1.19218
0.00281,43388.1,50.038,0.0288536,0.785409,-21229.9,-12.2417,424.259,1.19643,21228.7,12.2414,424.269,1.19643
0.00282,43388.1,50.4719,0.0293561,0.78541,-21414,-12.4549,424.259,1.20067,21412.8,12.4546,424.269,1.20067
0.00283,43388.1,50.9058,0.029863,0.78541,-21598.1,-12.67,424.259,1.20491,21596.9,12.6697,424.269,1.20491
0.00284,43388.1,51.3397,0.0303743,0.78541,-21782.2,-12.8869,424.259,1.20915,21780.9,12.8866,424.269,1.20915
0.00285,43388.1,51.7736,0.0308898,0.78541,-21966.3,-13.1056,424.259,1.2134,21965,13.1053,424.269,1.2134
0.00286,43388.1,52.2074,0.0314097,0.785411,-22150.4,-13.3262,424.259,1.21764,22149,13.3259,424.269,1.21764
0.00287,43388.1,52.6413,0.031934,0.785411,-22334.5,-13.5486,424.259,1.22188,22333.1,13.5483,424.27,1.22188
0.00288,43388.1,53.0752,0.0324626,0.785411,-22518.6,-13.7729,424.258,1.22612,22517.2,13.7725,424.27,1.22613
0.00289,43388.1,53.5091,0.0329955,0.785412,-22702.8,-13.999,424.258,1.23037,22701.2,13.9986,424.27,1.23037
0.0029,43388.1,53.943,0.0335328,0.785412,-22886.9,-14.2269,424.258,1.23461,22885.3,14.2266,424.27,1.23461
0.00291,43388.1,54.3769,0.0340744,0.785412,-23071,-14.4567,424.258,1.23885,23069.3,14.4563,424.27,1.23885
0.00292,43388.1,54.8107,0.0346203,0.785413,-23255.1,-14.6884,424.258,1.24309,23253.4,14.6879,424.27,1.2431
0.00293,43388.1,55.2446,0.0351706,0.785413,-23439.2,-14.9218,424.258,1.24734,23437.4,14.9214,424.27,1.24734
0.00294,43388.1,55.6785,0.0357252,0.785413,-23623.3,-15.1572,424.258,1.25158,23621.5,15.1567,424.271,1.25158
0.00295,43388.1,56.1124,0.0362842,0.785414,-23807.4,-15.3943,424.257,1.25582,23805.5,15.3938,424.271,1.25582
0.00296,43388.1,56.5463,0.0368475,0.785414,-23991.5,-15.6333,424.257,1.26006,23989.6,15.6328,424.271,1.26007
0.00297,43388.1,56.9802,0.0374151,0.785415,-24175.6,-15.8741,424.257,1.26431,24173.6,15.8736,424.271,1.26431
0.00298,43388.1,57.414,0.0379871,0.785415,-24359.7,-16.1168,424.257,1.26855,24357.7,16.1163,424.271,1.26855
0.00299,43388.1,57.8479,0.0385634,0.785415,-24543.9,-16.3613,424.257,1.27279,24541.7,16.3608,424.271,1.27279
0.003,43388.1,58.2818,0.0391441,0.785416,-24728,-16.6077,424.257,1.27703,24725.8,16.6071,424.272,1.27704
0.00301,43388.1,58.7157,0.039729,0.785416,-24912.1,-16.8559,424.256,1.28128,24909.8,16.8553,424.272,1.28128
0.00302,43388.1,59.1496,0.0403184,0.785416,-25096.2,-17.106,424.256,1.28552,25093.9,17.1053,424.272,1.28552
0.00303,43388.1,59.5835,0.040912,0.785417,-25280.3,-17.3578,424.256,1.28976,25277.9,17.3572,424.272,1.28977
0.00304,43388.1,60.0174,0.0415101,0.785417,-25464.4,-17.6116,424.256,1.294,25462,17.6109,424.272,1.29401
0.00305001,43388.1,60.4512,0.0421124,0.785418,-25648.5,-17.8671,424.256,1.29825,25646,17.8664,424.272,1.29825
0.00306001,43388.1,60.8851,0.0427191,0.785418,-25832.7,-18.1245,424.256,1.30249,25830.1,18.1238,424.273,1.30249
0.00307001,43388.1,61.319,0.0433301,0.785419,-26016.8,-18.3838,424.255,1.30673,26014.1,18.383,424.273,1.30674
0.00308001,43388.1,61.7529,0.0439455,0.785419,-26200.9,-18.6449,424.255,1.31097,26198.2,18.6441,424.273,1.31098
0.00309001,43388.1,62.1868,0.0445652,0.785419,-26385,-18.9078,424.255,1.31522,26382.2,18.907,424.273,1.31522
0.00310001,43388.1,62.6207,0.0451892,0.78542,-26569.1,-19.1726,424.255,1.31946,26566.2,19.1717,424.273,1.31947
0.00311001,43388.1,63.0545,0.0458176,0.78542,-26753.3,-19.4392,424.255,1.3237,26750.3,19.4383,424.273,1.32371
0.00312001,43388.1,63.4884,0.0464503,0.785421,-26937.4,-19.7076,424.254,1.32795,26934.3,19.7068,424.274,1.32795
0.00313001,43388.1,63.9223,0.0470874,0.785421,-27121.5,-19.9779,424.254,1.33219,27118.4,19.977,424.274,1.33219
0.00314001,43388.1,64.3562,0.0477288,0.785422,-27305.6,-20.2501,424.254,1.33643,27302.4,20.2491,424.274,1.33644
0.00315001,43388.1,64.7901,0.0483745,0.785422,-27489.8,-20.5241,424.254,1.34067,27486.4,20.5231,424.274,1.34068
0.00316001,43388.1,65.224,0.0490246,0.785423,-27673.9,-20.7999,424.254,1.34492,27670.5,20.7989,424.275,1.34492
0.00317001,43388.1,65.6578,0.049679,0.785423,-27858,-21.0775,424.253,1.34916,27854.5,21.0765,424.275,1.34916
0.00318001,43388.1,66.0917,0.0503378,0.785424,-28042.1,-21.357,424.253,1.3534,28038.6,21.356,424.275,1.35341
0.00319001,43388.1,66.5256,0.0510009,0.785424,-28226.3,-21.6384,424.253,1.35764,28222.6,21.6373,424.275,1.35765
0.00320001,43388.1,66.9595,0.0516683,0.785425,-28410.4,-21.9216,424.253,1.36189,28406.6,21.9204,424.275,1.36189
0.00321001,43388.1,67.3934,0.05234,0.785425,-28594.5,-22.2066,424.253,1.36613,28590.7,22.2054,424.276,1.36614
0.00322001,43388.1,67.8273,0.0530162,0.785426,-28778.7,-22.4935,424.252,1.37037,28774.7,22.4922,424.276,1.37038
0.00323001,43388.1,68.2611,0.0536966,0.785426,-28962.8,-22.7822,424.252,1.37461,28958.7,22.7809,424.276,1.37462
0.00324001,43388.1,68.695,0.0543814,0.785427,-29146.9,-23.0727,424.252,1.37886,29142.7,23.0714,424.276,1.37886
0.00325001,43388.1,69.1289,0.0550705,0.785427,-29331.1,-23.3651,424.252,1.3831,29326.8,23.3638,424.277,1.38311
0.00326001,43388.1,69.5628,0.055764,0.785428,-29515.2,-23.6594,424.251,1.38734,29510.8,23.6579,424.277,1.38735
0.00327001,43388.1,69.9967,0.0564618,0.785429,-29699.3,-23.9554,424.251,1.39158,29694.8,23.954,424.277,1.39159
0.00328001,43388.1,70.4306,0.0571639,0.785429,-29883.5,-24.2533,424.251,1.39583,29878.8,24.2518,424.277,1.39584
0.00329001,43388.1,70.8644,0.0578704,0.78543,-30067.6,-24.5531,424.251,1.40007,30062.9,24.5516,424.277,1.40008
0.00330001,43388.1,71.2983,0.0585812,0.78543,-30251.7,-24.8547,424.25,1.40431,30246.9,24.8531,424.278,1.40432
0.00331001,43388.1,71.7322,0.0592964,0.785431,-30435.9,-25.1581,424.25,1.40855,30430.9,25.1565,424.278,1.40856
0.00332001,43388.1,72.1661,0.0600159,0.785431,-30620,-25.4634,424.25,1.4128,30614.9,25.4617,424.278,1.41281
0.00333001,43388.1,72.6,0.0607397,0.785432,-30804.2,-25.7706,424.25,1.41704,30799,25.7688,424.278,1.41705
0.00334001,43388.1,73.0339,0.0614679,0.785433,-30988.3,-26.0795,424.249,1.42128,30983,26.0777,424.279,1.42129
0.00335001,43388.1,73.4678,0.0622004,0.785433,-31172.5,-26.3903,424.249,1.42552,31167,26.3885,424.279,1.42553
0.00336001,43388.1,73.9016,0.0629373,0.785434,-31356.6,-26.703,424.249,1.42977,31351,26.7011,424.279,1.42978
0.00337001,43388.1,74.3355,0.0636785,0.785435,-31540.8,-27.0175,424.249,1.43401,31535,27.0155,424.28,1.43402
0.00338001,43388.1,74.7694,0.064424,0.785435,-31724.9,-27.3338,424.248,1.43825,31719,27.3318,424.28,1.43826
0.00339001,43388.1,75.2033,0.0651738,0.785436,-31909.1,-27.652,424.248,1.44249,31903,27.6499,424.28,1.44251
0.00340001,43388.1,75.6372,0.0659281,0.785437,-32093.2,-27.972,424.248,1.44674,32087.1,27.9698,424.28,1.44675
0.00341001,43388.1,76.0711,0.0666866,0.785437,-32277.4,-28.2938,424.248,1.45098,32271.1,28.2916,424.281,1.45099
0.00342001,43388.1,76.5049,0.0674495,0.785438,-32461.5,-28.6175,424.247,1.45522,32455.1,28.6153,424.281,1.45523
0.00343001,43388.1,76.9388,0.0682167,0.785438,-32645.7,-28.9431,424.247,1.45946,32639.1,28.9407,424.281,1.45948
0.00344001,43388.1,77.3727,0.0689883,0.785439,-32829.8,-29.2704,424.247,1.46371,32823.1,29.268,424.281,1.46372
0.00345001,43388.1,77.8066,0.0697642,0.78544,-33014,-29.5997,424.246,1.46795,33007.1,29.5972,424.282,1.46796
0.00346001,43388.1,78.2405,0.0705444,0.785441,-33198.1,-29.9307,424.246,1.47219,33191.1,29.9282,424.282,1.47221
0.00347001,43388.1,78.6744,0.071329,0.785441,-33382.3,-30.2636,424.246,1.47643,33375.1,30.261,424.282,1.47645
0.00348001,43388.1,79.1082,0.0721179,0.785442,-33566.5,-30.5984,424.245,1.48068,33559.1,30.5957,424.283,1.48069
0.00349001,43388.1,79.5421,0.0729112,0.785443,-33750.6,-30.935,424.245,1.48492,33743.1,30.9322,424.283,1.48493
0.00350001,43388.1,79.976,0.0737088,0.785443,-33934.8,-31.2734,424.245,1.48916,33927.1,31.2706,424.283,1.48918
0.00351001,43388.1,80.4099,0.0745107,0.785444,-34119,-31.6137,424.245,1.4934,34111.1,31.6108,424.284,1.49342
0.00352001,43388.1,80.8438,0.075317,0.785445,-34303.1,-31.9558,424.244,1.49765,34295.1,31.9528,424.284,1.49766
0.00353001,43388.1,81.2777,0.0761276,0.785446,-34487.3,-32.2997,424.244,1.50189,34479.1,32.2967,424.284,1.5019
0.00354001,43388.1,81.7115,0.0769425,0.785446,-34671.5,-32.6455,424.244,1.50613,34663.1,32.6424,424.285,1.50615
0.00355001,43388.1,82.1454,0.0777618,0.785447,-34855.6,-32.9932,424.243,1.51037,34847.1,32.9899,424.285,1.51039
0.00356001,43388.1,82.5793,0.0785855,0.785448,-35039.8,-33.3427,424.243,1.51461,35031.1,33.3393,424.285,1.51463
0.00357001,43388.1,83.0132,0.0794134,0.785449,-35224,-33.694,424.243,1.51886,35215.1,33.6906,424.286,1.51888
0.00358001,43388.1,83.4471,0.0802457,0.78545,-35408.2,-34.0471,424.242,1.5231,35399.1,34.0436,424.286,1.52312
0.00359001,43388.1,83.881,0.0810824,0.78545,-35592.3,-34.4021,424.242,1.52734,35583,34.3985,424.286,1.52736
0.00360001,43388.1,84.3149,0.0819234,0.785451,-35776.5,-34.759,424.242,1.53158,35767,34.7553,424.287,1.53161
0.00361001,43388.1,84.7487,0.0827687,0.785452,-35960.7,-35.1177,424.241,1.53583,35951,35.1139,424.287,1.53585
0.00362001,43388.1,85.1826,0.0836184,0.785453,-36144.9,-35.4782,424.241,1.54007,36135,35.4743,424.287,1.54009
0.00363001,43388.1,85.6165,0.0844724,0.785454,-36329.1,-35.8406,424.24,1.54431,36319,35.8366,424.288,1.54433
0.00364001,43388.1,86.0504,0.0853307,0.785455,-36513.2,-36.2048,424.24,1.54855,36502.9,36.2007,424.288,1.54858
0.00365001,43388.1,86.4843,0.0861934,0.785455,-36697.4,-36.5709,424.24,1.5528,36686.9,36.5667,424.288,1.55282
0.00366001,43388.1,86.9182,0.0870604,0.785456,-36881.6,-36.9388,424.239,1.55704,36870.9,36.9345,424.289,1.55706
0.00367001,43388.1,87.352,0.0879318,0.785457,-37065.8,-37.3085,424.239,1.56128,37054.9,37.3041,424.289,1.56131
0.00368001,43388.1,87.7859,0.0888075,0.785458,-37250,-37.6801,424.239,1.56552,37238.8,37.6756,424.289,1.56555
0.00369001,43388.1,88.2198,0.0896875,0.785459,-37434.2,-38.0535,424.238,1.56977,37422.8,38.0489,424.29,1.56979
0.00370001,43388.1,88.6537,0.0905719,0.78546,-37618.4,-38.4288,424.238,1.57401,37606.8,38.424,424.29,1.57403
0.00371001,43388.1,89.0876,0.0914606,0.785461,-37802.6,-38.8059,424.237,1.57825,37790.7,38.801,424.291,1.57828
0.00372001,43388.1,89.5215,0.0923536,0.785462,-37986.8,-39.1848,424.237,1.58249,37974.7,39.1798,424.291,1.58252
0.00373001,43388.1,89.9553,0.093251,0.785463,-38171,-39.5656,424.237,1.58674,38158.7,39.5605,424.291,1.58676
0.00374001,43388.1,90.3892,0.0941528,0.785464,-38355.2,-39.9482,424.236,1.59098,38342.6,39.943,424.292,1.59101
0.00375001,43388.1,90.8231,0.0950588,0.785465,-38539.4,-40.3327,424.236,1.59522,38526.6,40.3274,424.292,1.59525
0.00376001,43388.1,91.257,0.0959692,0.785465,-38723.6,-40.719,424.236,1.59946,38710.6,40.7136,424.293,1.59949
0.00377001,43388.1,91.6909,0.096884,0.785466,-38907.8,-41.1072,424.235,1.60371,38894.5,41.1016,424.293,1.60373
0.00378001,43388.1,92.1248,0.0978031,0.785467,-39092,-41.4972,424.235,1.60795,39078.5,41.4915,424.293,1.60798
0.00379001,43388.1,92.5587,0.0987265,0.785468,-39276.2,-41.889,424.234,1.61219,39262.4,41.8832,424.294,1.61222
0.00380001,43388.1,92.9925,0.0996543,0.785469,-39460.4,-42.2827,424.234,1.61643,39446.4,42.2767,424.294,1.61646
0.00381001,43388.1,93.4264,0.100586,0.78547,-39644.6,-42.6783,424.233,1.62067,39630.3,42.6721,424.295,1.62071
0.00382001,43388.1,93.8603,0.101523,0.785471,-39828.8,-43.0756,424.233,1.62492,39814.3,43.0693,424.295,1.62495
0.00383001,43388.1,94.2942,0.102464,0.785472,-40013.1,-43.4748,424.233,1.62916,39998.2,43.4684,424.296,1.62919
0.00384001,43388.1,94.7281,0.103409,0.785473,-40197.3,-43.8759,424.232,1.6334,40182.2,43.8693,424.296,1.63343
0.00385001,43388.1,95.162,0.104358,0.785474,-40381.5,-44.2788,424.232,1.63764,40366.1,44.272,424.296,1.63768
0.00386001,43388.1,95.5958,0.105312,0.785476,-40565.7,-44.6835,424.231,1.64189,40550,44.6766,424.297,1.64192
0.00387001,43388.1,96.0297,0.10627,0.785477,-40749.9,-45.0901,424.231,1.64613,40734,45.083,424.297,1.64616
0.00388001,43388.1,96.4636,0.107233,0.785478,-40934.2,-45.4985,424.23,1.65037,40917.9,45.4913,424.298,1.65041
0.00389001,43388.1,96.8975,0.108199,0.785479,-41118.4,-45.9088,424.23,1.65461,41101.8,45.9014,424.298,1.65465
0.00390001,43388.1,97.3314,0.109171,0.78548,-41302.6,-46.3209,424.229,1.65886,41285.8,46.3133,424.299,1.65889
0.00391001,43388.1,97.7653,0.110146,0.785481,-41486.9,-46.7349,424.229,1.6631,41469.7,46.7271,424.299,1.66314
0.00392001,43388.1,98.1991,0.111126,0.785482,-41671.1,-47.1507,424.228,1.66734,41653.6,47.1427,424.3,1.66738
0.00393001,43388.1,98.633,0.11211,0.785483,-41855.3,-47.5683,424.228,1.67158,41837.6,47.5602,424.3,1.67162
0.00394001,43388.1,99.0669,0.113099,0.785484,-42039.6,-47.9878,424.228,1.67582,42021.5,47.9795,424.301,1.67586
0.00395001,43388.1,99.5008,0.114091,0.785485,-42223.8,-48.4091,424.227,1.68007,42205.4,48.4006,424.301,1.68011
0.00396001,43388.1,99.9347,0.115089,0.785487,-42408.1,-48.8322,424.227,1.68431,42389.3,48.8236,424.302,1.68435
0.00397001,43388.1,100.369,0.11609,0.785488,-42592.3,-49.2573,424.226,1.68855,42573.2,49.2484,424.302,1.68859
0.00398001,43388.1,100.802,0.117096,0.785489,-42776.6,-49.6841,424.226,1.69279,42757.2,49.6751,424.303,1.69284
0.00399001,43388.1,101.236,0.118106,0.78549,-42960.8,-50.1128,424.225,1.69704,42941.1,50.1036,424.303,1.69708
0.00400001,43388.1,101.67,0.119121,0.785491,-43145.1,-50.5433,424.225,1.70128,43125,50.5339,424.304,1.70132
0.00401001,43388.1,102.104,0.12014,0.785492,-43329.3,-50.9757,424.224,1.70552,43308.9,50.9661,424.304,1.70557
0.00402001,43388.1,102.538,0.121163,0.785494,-43513.6,-51.4099,424.224,1.70976,43492.8,51.4001,424.305,1.70981
0.00403001,43388.1,102.972,0.12219,0.785495,-43697.8,-51.846,424.223,1.714,43676.7,51.836,424.305,1.71405
0.00404001,43388.1,103.406,0.123222,0.785496,-43882.1,-52.2839,424.223,1.71825,43860.6,52.2736,424.306,1.71829
0.00405001,43388.1,103.84,0.124258,0.785497,-44066.3,-52.7236,424.222,1.72249,44044.5,52.7132,424.306,1.72254
0.00406001,43388.1,104.274,0.125299,0.785499,-44250.6,-53.1652,424.221,1.72673,44228.4,53.1545,424.307,1.72678
0.00407001,43388.1,104.707,0.126344,0.7855,-44434.9,-53.6086,424.221,1.73097,44412.3,53.5977,424.307,1.73102
0.00408001,43388.1,105.141,0.127393,0.785501,-44619.1,-54.0539,424.22,1.73522,44596.2,54.0428,424.308,1.73527
0.00409001,43388.1,105.575,0.128447,0.785502,-44803.4,-54.501,424.22,1.73946,44780.1,54.4897,424.308,1.73951
0.00410001,43388.1,106.009,0.129505,0.785504,-44987.7,-54.95,424.219,1.7437,44964,54.9384,424.309,1.74375
0.00411001,43388.1,106.443,0.130567,0.785505,-45172,-55.4008,424.219,1.74794,45147.9,55.389,424.309,1.748
0.00412001,43388.1,106.877,0.131634,0.785506,-45356.2,-55.8534,424.218,1.75218,45331.7,55.8414,424.31,1.75224
0.00413001,43388.1,107.311,0.132705,0.785508,-45540.5,-56.3079,424.218,1.75643,45515.6,56.2956,424.311,1.75648
0.00414001,43388.1,107.745,0.13378,0.785509,-45724.8,-56.7643,424.217,1.76067,45699.5,56.7517,424.311,1.76073
0.00415001,43388.1,108.178,0.134859,0.78551,-45909.1,-57.2224,424.217,1.76491,45883.4,57.2096,424.312,1.76497
0.00416001,43388.1,108.612,0.135943,0.785512,-46093.4,-57.6824,424.216,1.76915,46067.2,57.6694,424.312,1.76921
0.00417001,43388.1,109.046,0.137032,0.785513,-46277.7,-58.1443,424.215,1.7734,46251.1,58.131,424.313,1.77346
0.00418001,43388.1,109.48,0.138124,0.785514,-46462,-58.608,424.215,1.77764,46435,58.5944,424.313,1.7777
0.00419001,43388.1,109.914,0.139221,0.785516,-46646.3,-59.0736,424.214,1.78188,46618.9,59.0597,424.314,1.78194
0.00420001,43388.1,110.348,0.140323,0.785517,-46830.6,-59.5409,424.214,1.78612,46802.7,59.5268,424.315,1.78618
0.00421001,43388.1,110.782,0.141428,0.785519,-47014.9,-60.0102,424.213,1.79036,46986.6,59.9957,424.315,1.79043
0.00422001,43388.1,111.216,0.142538,0.78552,-47199.2,-60.4812,424.212,1.79461,47170.4,60.4665,424.316,1.79467
0.00423001,43388.1,111.65,0.143653,0.785521,-47383.5,-60.9542,424.212,1.79885,47354.3,60.9391,424.316,1.79891
0.00424001,43388.1,112.083,0.144771,0.785523,-47567.8,-61.4289,424.211,1.80309,47538.2,61.4136,424.317,1.80316
0.00425001,43388.1,112.517,0.145894,0.785524,-47752.1,-61.9055,424.211,1.80733,47722,61.8899,424.318,1.8074
0.00426001,43388.1,112.951,0.147022,0.785526,-47936.4,-62.384,424.21,1.81157,47905.9,62.3681,424.318,1.81164
0.00427001,43388.1,113.385,0.148153,0.785527,-48120.7,-62.8643,424.209,1.81582,48089.7,62.848,424.319,1.81589
0.00428001,43388.1,113.819,0.149289,0.785529,-48305.1,-63.3464,424.209,1.82006,48273.5,63.3299,424.319,1.82013
0.00429001,43388.1,114.253,0.15043,0.78553,-48489.4,-63.8304,424.208,1.8243,48457.4,63.8135,424.32,1.82437
0.00430001,43388.1,114.687,0.151574,0.785532,-48673.7,-64.3162,424.207,1.82854,48641.2,64.299,424.321,1.82862
0.00431001,43388.1,115.121,0.152724,0.785533,-48858,-64.8039,424.207,1.83279,48825,64.7863,424.321,1.83286
0.00432001,43388.1,115.555,0.153877,0.785535,-49042.4,-65.2934,424.206,1.83703,49008.9,65.2755,424.322,1.8371
0.00433001,43388.1,115.988,0.155035,0.785536,-49226.7,-65.7847,424.205,1.84127,49192.7,65.7665,424.323,1.84135
0.00434001,43388.1,116.422,0.156197,0.785538,-49411,-66.2779,424.205,1.84551,49376.5,66.2594,424.323,1.84559
0.00435001,43388.1,116.856,0.157363,0.785539,-49595.4,-66.7729,424.204,1.84975,49560.4,66.7541,424.324,1.84983
0.00436002,43388.1,117.29,0.158534,0.785541,-49779.7,-67.2698,424.203,1.854,49744.2,67.2506,424.325,1.85408
0.00437002,43388.1,117.724,0.159709,0.785543,-49964.1,-67.7685,424.203,1.85824,49928,67.749,424.325,1.85832
0.00438002,43388.1,118.158,0.160888,0.785544,-50148.4,-68.2691,424.202,1.86248,50111.8,68.2492,424.326,1.86256
0.00439002,43388.1,118.592,0.162072,0.785546,-50332.8,-68.7715,424.201,1.86672,50295.6,68.7512,424.327,1.86681
0.00440002,43388.1,119.026,0.16326,0.785547,-50517.1,-69.2758,424.201,1.87096,50479.4,69.2551,424.327,1.87105
0.00441002,43388.1,119.459,0.164453,0.785549,-50701.5,-69.7819,424.2,1.87521,50663.2,69.7608,424.328,1.87529
0.00442002,43388.1,119.893,0.165649,0.785551,-50885.8,-70.2898,424.199,1.87945,50847,70.2684,424.329,1.87954
0.00443002,43388.1,120.327,0.16685,0.785552,-51070.2,-70.7996,424.199,1.88369,51030.8,70.7777,424.329,1.88378
0.00444002,43388.1,120.761,0.168056,0.785554,-51254.6,-71.3112,424.198,1.88793,51214.6,71.289,424.33,1.88802
0.00445002,43388.1,121.195,0.169266,0.785556,-51438.9,-71.8247,424.197,1.89217,51398.4,71.802,424.331,1.89227
0.00446002,43388.1,121.629,0.17048,0.785558,-51623.3,-72.34,424.196,1.89642,51582.2,72.317,424.332,1.89651
0.00447002,43388.1,122.063,0.171698,0.785559,-51807.7,-72.8572,424.196,1.90066,51766,72.8337,424.332,1.90075
0.00448002,43388.1,122.497,0.172921,0.785561,-51992.1,-73.3762,424.195,1.9049,51949.8,73.3523,424.333,1.905
0.00449002,43388.1,122.931,0.174148,0.785563,-52176.4,-73.897,424.194,1.90914,52133.6,73.8727,424.334,1.90924
0.00450002,43388.1,123.364,0.17538,0.785564,-52360.8,-74.4197,424.194,1.91338,52317.3,74.395,424.335,1.91348
0.00451002,43388.1,123.798,0.176616,0.785566,-52545.2,-74.9442,424.193,1.91763,52501.1,74.9191,424.335,1.91773
0.00452002,43388.1,124.232,0.177856,0.785568,-52729.6,-75.4706,424.192,1.92187,52684.9,75.445,424.336,1.92197
0.00453002,43388.1,124.666,0.1791,0.78557,-52914,-75.9988,424.191,1.92611,52868.6,75.9728,424.337,1.92621
0.00454002,43388.1,125.1,0.180349,0.785572,-53098.4,-76.5289,424.191,1.93035,53052.4,76.5024,424.338,1.93046
0.00455002,43388.1,125.534,0.181602,0.785573,-53282.8,-77.0608,424.19,1.93459,53236.2,77.0338,424.338,1.9347
0.00456002,43388.1,125.968,0.18286,0.785575,-53467.2,-77.5946,424.189,1.93883,53419.9,77.5671,424.339,1.93894
0.00457002,43388.1,126.402,0.184122,0.785577,-53651.6,-78.1302,424.188,1.94308,53603.7,78.1022,424.34,1.94319
0.00458002,43388.1,126.835,0.185388,0.785579,-53836,-78.6676,424.187,1.94732,53787.4,78.6392,424.341,1.94743
0.00459002,43388.1,127.269,0.186658,0.785581,-54020.5,-79.2069,424.187,1.95156,53971.2,79.178,424.341,1.95167
0.00460002,43388.1,127.703,0.187933,0.785583,-54204.9,-79.748,424.186,1.9558,54154.9,79.7186,424.342,1.95592
0.00461002,43388.1,128.137,0.189212,0.785584,-54389.3,-80.291,424.185,1.96004,54338.7,80.2611,424.343,1.96016
0.00462002,43388.1,128.571,0.190496,0.785586,-54573.7,-80.8358,424.184,1.96429,54522.4,80.8054,424.344,1.9644
0.00463002,43388.1,129.005,0.191784,0.785588,-54758.2,-81.3825,424.183,1.96853,54706.1,81.3515,424.345,1.96865
0.00464002,43388.1,129.439,0.193076,0.78559,-54942.6,-81.931,424.183,1.97277,54889.9,81.8995,424.346,1.97289
0.00465002,43388.1,129.873,0.194373,0.785592,-55127,-82.4813,424.182,1.97701,55073.6,82.4494,424.346,1.97713
0.00466002,43388.1,130.307,0.195674,0.785594,-55311.5,-83.0335,424.181,1.98125,55257.3,83.001,424.347,1.98138
0.00467002,43388.1,130.74,0.196979,0.785596,-55495.9,-83.5876,424.18,1.98549,55441,83.5545,424.348,1.98562
0.00468002,43388.1,131.174,0.198288,0.785598,-55680.4,-84.1435,424.179,1.98974,55624.7,84.1098,424.349,1.98986
0.00469002,43388.1,131.608,0.199602,0.7856,-55864.8,-84.7012,424.178,1.99398,55808.5,84.667,424.35,1.99411
0.00470002,43388.1,132.042,0.200921,0.785602,-56049.3,-85.2608,424.178,1.99822,55992.2,85.226,424.351,1.99835
0.00471002,43388.1,132.476,0.202243,0.785604,-56233.7,-85.8222,424.177,2.00246,56175.9,85.7869,424.351,2.00259
0.00472002,43388.1,132.91,0.20357,0.785606,-56418.2,-86.3855,424.176,2.0067,56359.6,86.3495,424.352,2.00684
0.00473002,43388.1,133.344,0.204901,0.785608,-56602.6,-86.9506,424.175,2.01095,56543.3,86.9141,424.353,2.01108
0.00474002,43388.1,133.778,0.206237,0.78561,-56787.1,-87.5175,424.174,2.01519,56727,87.4804,424.354,2.01532
0.00475002,43388.1,134.212,0.207577,0.785612,-56971.6,-88.0863,424.173,2.01943,56910.6,88.0486,424.355,2.01957
0.00476002,43388.1,134.645,0.208921,0.785614,-57156.1,-88.657,424.172,2.02367,57094.3,88.6186,424.356,2.02381
0.00477002,43388.1,135.079,0.21027,0.785616,-57340.5,-89.2294,424.171,2.02791,57278,89.1905,424.357,2.02806
0.00478002,43388.1,135.513,0.211623,0.785618,-57525,-89.8038,424.171,2.03215,57461.7,89.7642,424.358,2.0323
0.00479002,43388.1,135.947,0.21298,0.785621,-57709.5,-90.3799,424.17,2.0364,57645.4,90.3397,424.358,2.03654
0.00480002,43388.1,136.381,0.214342,0.785623,-57894,-90.958,424.169,2.04064,57829,90.9171,424.359,2.04079
0.00481002,43388.1,136.815,0.215708,0.785625,-58078.5,-91.5378,424.168,2.04488,58012.7,91.4963,424.36,2.04503
0.00482002,43388.1,137.249,0.217078,0.785627,-58263,-92.1195,424.167,2.04912,58196.4,92.0774,424.361,2.04927
0.00483002,43388.1,137.683,0.218453,0.785629,-58447.5,-92.7031,424.166,2.05336,58380,92.6603,424.362,2.05352
0.00484002,43388.1,138.116,0.219832,0.785631,-58632,-93.2885,424.165,2.0576,58563.7,93.245,424.363,2.05776
0.00485002,43388.1,138.55,0.221215,0.785634,-58816.5,-93.8758,424.164,2.06185,58747.3,93.8316,424.364,2.062
0.00486002,43388.1,138.984,0.222603,0.785636,-59001.1,-94.4648,424.163,2.06609,58931,94.42,424.365,2.06625
0.00487002,43388.1,139.418,0.223995,0.785638,-59185.6,-95.0558,424.162,2.07033,59114.6,95.0102,424.366,2.07049
0.00488002,43388.1,139.852,0.225391,0.78564,-59370.1,-95.6486,424.161,2.07457,59298.2,95.6023,424.367,2.07474
0.00489002,43388.1,140.286,0.226792,0.785643,-59554.6,-96.2432,424.16,2.07881,59481.9,96.1962,424.368,2.07898
0.00490002,43388.1,140.72,0.228197,0.785645,-59739.2,-96.8397,424.159,2.08305,59665.5,96.7919,424.369,2.08322
0.00491002,43388.1,141.154,0.229606,0.785647,-59923.7,-97.438,424.158,2.0873,59849.1,97.3895,424.37,2.08747
0.00492002,43388.1,141.588,0.23102,0.785649,-60108.2,-98.0382,424.157,2.09154,60032.8,97.9889,424.371,2.09171
0.00493002,43388.1,142.021,0.232438,0.785652,-60292.8,-98.6402,424.156,2.09578,60216.4,98.5901,424.372,2.09595
0.00494002,43388.1,142.455,0.233861,0.785654,-60477.3,-99.244,424.155,2.10002,60400,99.1932,424.373,2.1002
0.00495002,43388.1,142.889,0.235287,0.785656,-60661.9,-99.8497,424.154,2.10426,60583.6,99.7982,424.374,2.10444
0.00496002,43388.1,143.323,0.236718,0.785659,-60846.4,-100.457,424.153,2.1085,60767.2,100.405,424.375,2.10868
0.00497002,43388.1,143.757,0.238154,0.785661,-61031,-101.067,424.152,2.11275,60950.8,101.013,424.376,2.11293
0.00498002,43388.1,144.191,0.239594,0.785664,-61215.6,-101.678,424.151,2.11699,61134.4,101.624,424.377,2.11717
0.00499002,43388.1,144.625,0.241038,0.785666,-61400.2,-102.291,424.15,2.12123,61318,102.236,424.378,2.12142
0.00500002,43388.1,145.059,0.242486,0.785668,-61584.7,-102.906,424.149,2.12547,61501.6,102.85,424.379,2.12566
0.00501002,43388.1,145.493,0.243939,0.785671,-61769.3,-103.523,424.148,2.12971,61685.2,103.466,424.38,2.1299
0.00502002,43388.1,145.926,0.245396,0.785673,-61953.9,-104.141,424.147,2.13395,61868.7,104.084,424.381,2.13415
0.00503002,43388.1,146.36,0.246857,0.785676,-62138.5,-104.762,424.146,2.13819,62052.3,104.704,424.382,2.13839
0.00504002,43388.1,146.794,0.248323,0.785678,-62323.1,-105.384,424.145,2.14244,62235.9,105.325,424.383,2.14264
0.00505002,43388.1,147.228,0.249793,0.785681,-62507.7,-106.008,424.144,2.14668,62419.4,105.948,424.384,2.14688
0.00506002,43388.1,147.662,0.251268,0.785683,-62692.3,-106.634,424.143,2.15092,62603,106.573,424.385,2.15112
0.00507002,43388.1,148.096,0.252747,0.785686,-62876.9,-107.262,424.142,2.15516,62786.5,107.2,424.386,2.15537
0.00508002,43388.1,148.53,0.25423,0.785688,-63061.5,-107.892,424.141,2.1594,62970.1,107.829,424.387,2.15961
0.00509002,43388.1,148.964,0.255717,0.785691,-63246.1,-108.523,424.14,2.16364,63153.6,108.46,424.388,2.16385
0.00510002,43388.1,149.397,0.257209,0.785693,-63430.7,-109.157,424.139,2.16788,63337.2,109.092,424.389,2.1681
0.00511002,43388.1,149.831,0.258705,0.785696,-63615.4,-109.792,424.138,2.17213,63520.7,109.727,424.39,2.17234
0.00512002,43388.1,150.265,0.260206,0.785699,-63800,-110.429,424.137,2.17637,63704.2,110.363,424.392,2.17659
0.00513002,43388.1,150.699,0.26171,0.785701,-63984.6,-111.068,424.135,2.18061,63887.8,111.001,424.393,2.18083
0.00514002,43388.1,151.133,0.26322,0.785704,-64169.3,-111.709,424.134,2.18485,64071.3,111.64,424.394,2.18507
0.00515002,43388.1,151.567,0.264733,0.785706,-64353.9,-112.351,424.133,2.18909,64254.8,112.282,424.395,2.18932
0.00516002,43388.1,152.001,0.266251,0.785709,-64538.6,-112.996,424.132,2.19333,64438.3,112.926,424.396,2.19356
0.00517002,43388.1,152.435,0.267773,0.785712,-64723.2,-113.642,424.131,2.19757,64621.8,113.571,424.397,2.19781
0.00518002,43388.1,152.869,0.2693,0.785714,-64907.9,-114.29,424.13,2.20181,64805.3,114.218,424.398,2.20205
0.00519002,43388.1,153.302,0.270831,0.785717,-65092.6,-114.94,424.129,2.20606,64988.8,114.867,424.399,2.20629
0.00520002,43388.1,153.736,0.272366,0.78572,-65277.2,-115.592,424.128,2.2103,65172.3,115.518,424.401,2.21054
0.00521002,43388.1,154.17,0.273905,0.785723,-65461.9,-116.246,424.126,2.21454,65355.8,116.17,424.402,2.21478
0.00522002,43388.1,154.604,0.275449,0.785725,-65646.6,-116.901,424.125,2.21878,65539.3,116.825,424.403,2.21903
0.00523002,43388.1,155.038,0.276997,0.785728,-65831.3,-117.559,424.124,2.22302,65722.8,117.481,424.404,2.22327
0.00524002,43388.1,155.472,0.27855,0.785731,-66016,-118.218,424.123,2.22726,65906.2,118.139,424.405,2.22751
0.00525002,43388.1,155.906,0.280107,0.785734,-66200.7,-118.879,424.122,2.2315,66089.7,118.799,424.406,2.23176
0.00526002,43388.1,156.34,0.281668,0.785737,-66385.4,-119.542,424.121,2.23574,66273.2,119.461,424.408,2.236
0.00527002,43388.1,156.773,0.283234,0.785739,-66570.1,-120.207,424.119,2.23999,66456.6,120.125,424.409,2.24025
0.00528002,43388.1,157.207,0.284804,0.785742,-66754.8,-120.873,424.118,2.24423,66640.1,120.79,424.41,2.24449
0.00529002,43388.1,157.641,0.286378,0.785745,-66939.5,-121.542,424.117,2.24847,66823.5,121.458,424.411,2.24873
0.00530002,43388.1,158.075,0.287956,0.785748,-67124.2,-122.212,424.116,2.25271,67007,122.127,424.412,2.25298
0.00531002,43388.1,158.509,0.289539,0.785751,-67308.9,-122.884,424.114,2.25695,67190.4,122.798,424.414,2.25722
0.00532002,43388.1,158.943,0.291127,0.785754,-67493.7,-123.558,424.113,2.26119,67373.8,123.471,424.415,2.26147
0.00533002,43388.1,159.377,0.292718,0.785757,-67678.4,-124.234,424.112,2.26543,67557.2,124.145,424.416,2.26571
0.00534002,43388.1,159.811,0.294314,0.78576,-67863.1,-124.912,424.111,2.26967,67740.7,124.822,424.417,2.26995
0.00535002,43388.1,160.245,0.295915,0.785762,-68047.9,-125.592,424.109,2.27392,67924.1,125.5,424.419,2.2742
0.00536002,43388.1,160.678,0.297519,0.785765,-68232.7,-126.273,424.108,2.27816,68107.5,126.18,424.42,2.27844
0.00537002,43388.1,161.112,0.299128,0.785768,-68417.4,-126.956,424.107,2.2824,68290.9,126.862,424.421,2.28269
0.00538002,43388.1,161.546,0.300741,0.785771,-68602.2,-127.641,424.106,2.28664,68474.3,127.546,424.422,2.28693
0.00539002,43388.1,161.98,0.302359,0.785774,-68787,-128.328,424.104,2.29088,68657.7,128.232,424.424,2.29118
0.00540002,43388.1,162.414,0.303981,0.785778,-68971.7,-129.017,424.103,2.29512,68841,128.919,424.425,2.29542
0.00541002,43388.1,162.848,0.305607,0.785781,-69156.5,-129.708,424.102,2.29936,69024.4,129.609,424.426,2.29966
0.00542002,43388.1,163.282,0.307238,0.785784,-69341.3,-130.4,424.101,2.3036,69207.8,130.3,424.428,2.30391
0.00543002,43388.1,163.716,0.308873,0.785787,-69526.1,-131.095,424.099,2.30784,69391.2,130.993,424.429,2.30815
0.00544002,43388.1,164.15,0.310512,0.78579,-69710.9,-131.791,424.098,2.31208,69574.5,131.688,424.43,2.3124
0.00545002,43388.1,164.583,0.312156,0.785793,-69895.7,-132.489,424.097,2.31633,69757.9,132.384,424.431,2.31664
0.00546002,43388.1,165.017,0.313804,0.785796,-70080.5,-133.189,424.095,2.32057,69941.3,133.083,424.433,2.32089
0.00547002,43388.1,165.451,0.315456,0.785799,-70265.3,-133.89,424.094,2.32481,70124.6,133.783,424.434,2.32513
0.00548002,43388.1,165.885,0.317113,0.785802,-70450.2,-134.594,424.093,2.32905,70307.9,134.485,424.436,2.32937
0.00549002,43388.1,166.319,0.318774,0.785806,-70635,-135.299,424.091,2.33329,70491.3,135.189,424.437,2.33362
0.00550002,43388.1,166.753,0.320439,0.785809,-70819.8,-136.007,424.09,2.33753,70674.6,135.895,424.438,2.33786
0.00551002,43388.1,167.187,0.322109,0.785812,-71004.6,-136.716,424.089,2.34177,70857.9,136.603,424.44,2.34211
0.00552002,43388.1,167.621,0.323783,0.785815,-71189.5,-137.427,424.087,2.34601,71041.2,137.312,424.441,2.34635
0.00553002,43388.1,168.054,0.325462,0.785818,-71374.4,-138.14,424.086,2.35025,71224.5,138.024,424.442,2.3506
0.00554002,43388.1,168.488,0.327144,0.785822,-71559.2,-138.854,424.084,2.35449,71407.9,138.737,424.444,2.35484
0.00555002,43388.1,168.922,0.328831,0.785825,-71744.1,-139.571,424.083,2.35873,71591.1,139.452,424.445,2.35909
0.00556002,43388.1,169.356,0.330523,0.785828,-71928.9,-140.289,424.082,2.36298,71774.4,140.169,424.446,2.36333
0.00557002,43388.1,169.79,0.332219,0.785832,-72113.8,-141.009,424.08,2.36722,71957.7,140.887,424.448,2.36757
0.00558002,43388.1,170.224,0.333919,0.785835,-72298.7,-141.732,424.079,2.37146,72141,141.608,424.449,2.37182
0.00559002,43388.1,170.658,0.335623,0.785838,-72483.6,-142.455,424.077,2.3757,72324.3,142.33,424.451,2.37606
0.00560002,43388.1,171.092,0.337332,0.785842,-72668.5,-143.181,424.076,2.37994,72507.6,143.054,424.452,2.38031
0.00561002,43388.1,171.526,0.339045,0.785845,-72853.4,-143.909,424.074,2.38418,72690.8,143.78,424.454,2.38455
0.00562002,43388.1,171.959,0.340762,0.785848,-73038.3,-144.638,424.073,2.38842,72874.1,144.508,424.455,2.3888
0.00563002,43388.1,172.393,0.342484,0.785852,-73223.2,-145.37,424.072,2.39266,73057.3,145.238,424.456,2.39304
0.00564002,43388.1,172.827,0.34421,0.785855,-73408.1,-146.103,424.07,2.3969,73240.6,145.969,424.458,2.39729
0.00565002,43388.1,173.261,0.345941,0.785859,-73593.1,-146.838,424.069,2.40114,73423.8,146.703,424.459,2.40153
0.00566002,43388.1,173.695,0.347675,0.785862,-73778,-147.575,424.067,2.40538,73607,147.438,424.461,2.40578
0.00567003,43388.1,174.129,0.349415,0.785866,-73962.9,-148.313,424.066,2.40962,73790.3,148.175,424.462,2.41002
0.00568003,43388.1,174.563,0.351158,0.785869,-74147.9,-149.054,424.064,2.41386,73973.5,148.914,424.464,2.41426
0.00569003,43388.1,174.997,0.352906,0.785873,-74332.8,-149.796,424.063,2.41811,74156.7,149.654,424.465,2.41851
0.00570003,43388.1,175.43,0.354658,0.785876,-74517.8,-150.541,424.061,2.42235,74339.9,150.397,424.467,2.42275
0.00571003,43388.1,175.864,0.356415,0.78588,-74702.7,-151.287,424.06,2.42659,74523.1,151.141,424.468,2.427
0.00572003,43388.1,176.298,0.358175,0.785883,-74887.7,-152.035,424.058,2.43083,74706.3,151.887,424.47,2.43124
0.00573003,43388.1,176.732,0.359941,0.785887,-75072.7,-152.784,424.057,2.43507,74889.5,152.635,424.471,2.43549
0.00574003,43388.1,177.166,0.36171,0.785891,-75257.7,-153.536,424.055,2.43931,75072.6,153.385,424.473,2.43973
0.00575003,43388.1,177.6,0.363484,0.785894,-75442.7,-154.29,424.054,2.44355,75255.8,154.137,424.474,2.44398
0.00576003,43388.1,178.034,0.365262,0.785898,-75627.6,-155.045,424.052,2.44779,75439,154.89,424.476,2.44822
0.00577003,43388.1,178.468,0.367045,0.785901,-75812.7,-155.802,424.05,2.45203,75622.1,155.645,424.478,2.45247
0.00578003,43388.1,178.902,0.368831,0.785905,-75997.7,-156.561,424.049,2.45627,75805.3,156.403,424.479,2.45671
0.00579003,43388.1,179.335,0.370623,0.785909,-76182.7,-157.322,424.047,2.46051,75988.4,157.162,424.481,2.46096
0.00580003,43388.1,179.769,0.372418,0.785913,-76367.7,-158.085,424.046,2.46475,76171.6,157.922,424.482,2.4652
0.00581003,43388.1,180.203,0.374218,0.785916,-76552.7,-158.85,424.044,2.46899,76354.7,158.685,424.484,2.46945
0.00582003,43388.1,180.637,0.376022,0.78592,-76737.8,-159.616,424.043,2.47323,76537.8,159.449,424.485,2.47369
0.00583003,43388.1,181.071,0.377831,0.785924,-76922.8,-160.384,424.041,2.47747,76720.9,160.216,424.487,2.47794
0.00584003,43388.1,181.505,0.379644,0.785928,-77107.9,-161.154,424.039,2.48171,76904,160.984,424.489,2.48218
0.00585003,43388.1,181.939,0.381461,0.785931,-77292.9,-161.926,424.038,2.48595,77087.1,161.754,424.49,2.48643
0.00586003,43388.1,182.373,0.383283,0.785935,-77478,-162.7,424.036,2.49019,77270.2,162.526,424.492,2.49067
0.00587003,43388.1,182.807,0.385109,0.785939,-77663.1,-163.476,424.035,2.49443,77453.3,163.299,424.493,2.49492
0.00588003,43388.1,183.24,0.386939,0.785943,-77848.1,-164.254,424.033,2.49867,77636.4,164.075,424.495,2.49916
0.00589003,43388.1,183.674,0.388773,0.785947,-78033.2,-165.033,424.031,2.50291,77819.5,164.852,424.497,2.50341
0.00590003,43388.1,184.108,0.390612,0.785951,-78218.3,-165.814,424.03,2.50715,78002.5,165.631,424.498,2.50765
0.00591003,43388.1,184.542,0.392456,0.785955,-78403.4,-166.597,424.028,2.51139,78185.6,166.412,424.5,2.5119
0.00592003,43388.1,184.976,0.394303,0.785959,-78588.5,-167.382,424.026,2.51564,78368.7,167.195,424.502,2.51614
0.00593003,43388.1,185.41,0.396155,0.785962,-78773.7,-168.169,424.025,2.51988,78551.7,167.979,424.503,2.52039
0.00594003,43388.1,185.844,0.398011,0.785966,-78958.8,-168.958,424.023,2.52412,78734.7,168.766,424.505,2.52463
0.00595003,43388.1,186.278,0.399872,0.78597,-79143.9,-169.748,424.021,2.52836,78917.8,169.554,424.507,2.52888
0.00596003,43388.1,186.711,0.401737,0.785974,-79329,-170.541,424.02,2.5326,79100.8,170.344,424.509,2.53312
0.00597003,43388.1,187.145,0.403606,0.785978,-79514.2,-171.335,424.018,2.53684,79283.8,171.136,424.51,2.53737
0.00598003,43388.1,187.579,0.40548,0.785983,-79699.3,-172.131,424.016,2.54108,79466.8,171.93,424.512,2.54161
0.00599003,43388.1,188.013,0.407358,0.785987,-79884.5,-172.929,424.014,2.54532,79649.8,172.726,424.514,2.54586
0.00600003,43388.1,188.447,0.40924,0.785991,-80069.7,-173.729,424.013,2.54956,79832.8,173.523,424.515,2.5501
0.00601003,43388.1,188.881,0.411127,0.785995,-80254.9,-174.53,424.011,2.5538,80015.8,174.322,424.517,2.55435
0.00602003,43388.1,189.315,0.413018,0.785999,-80440,-175.334,424.009,2.55804,80198.8,175.123,424.519,2.55859
0.00603003,43388.1,189.749,0.414913,0.786003,-80625.2,-176.139,424.007,2.56228,80381.8,175.926,424.521,2.56284
0.00604003,43388.1,190.183,0.416813,0.786007,-80810.4,-176.946,424.006,2.56652,80564.7,176.731,424.522,2.56708
0.00605003,43388.1,190.616,0.418717,0.786011,-80995.6,-177.755,424.004,2.57076,80747.7,177.538,424.524,2.57133
0.00606003,43388.1,191.05,0.420625,0.786016,-81180.8,-178.566,424.002,2.575,80930.6,178.346,424.526,2.57557
0.00607003,43388.1,191.484,0.422538,0.78602,-81366.1,-179.379,424,2.57924,81113.6,179.156,424.528,2.57982
0.00608003,43388.1,191.918,0.424455,0.786024,-81551.3,-180.194,423.998,2.58348,81296.5,179.968,424.53,2.58406
0.00609003,43388.1,192.352,0.426376,0.786028,-81736.5,-181.01,423.997,2.58772,81479.4,180.782,424.531,2.58831
0.00610003,43388.1,192.786,0.428302,0.786033,-81921.8,-181.828,423.995,2.59196,81662.3,181.598,424.533,2.59255
0.00611003,43388.1,193.22,0.430232,0.786037,-82107,-182.649,423.993,2.5962,81845.2,182.415,424.535,2.5968
0.00612003,43388.1,193.654,0.432166,0.786041,-82292.3,-183.47,423.991,2.60044,82028.1,183.235,424.537,2.60104
0.00613003,43388.1,194.088,0.434105,0.786045,-82477.5,-184.294,423.989,2.60468,82211,184.056,424.539,2.60529
0.00614003,43388.1,194.521,0.436048,0.78605,-82662.8,-185.12,423.988,2.60892,82393.9,184.879,424.54,2.60953
0.00615003,43388.1,194.955,0.437996,0.786054,-82848.1,-185.948,423.986,2.61316,82576.8,185.704,424.542,2.61378
0.00616003,43388.1,195.389,0.439947,0.786059,-83033.4,-186.777,423.984,2.6174,82759.7,186.53,424.544,2.61803
0.00617003,43388.1,195.823,0.441903,0.786063,-83218.7,-187.608,423.982,2.62164,82942.5,187.359,424.546,2.62227
0.00618003,43388.1,196.257,0.443864,0.786067,-83404,-188.441,423.98,2.62588,83125.4,188.189,424.548,2.62652
0.00619003,43388.1,196.691,0.445829,0.786072,-83589.3,-189.276,423.978,2.63012,83308.2,189.022,424.55,2.63076
0.00620003,43388.1,197.125,0.447798,0.786076,-83774.6,-190.113,423.976,2.63436,83491.1,189.856,424.552,2.63501
0.00621003,43388.1,197.559,0.449771,0.786081,-83960,-190.952,423.974,2.6386,83673.9,190.691,424.554,2.63925
0.00622003,43388.1,197.992,0.451749,0.786085,-84145.3,-191.792,423.972,2.64284,83856.7,191.529,424.556,2.6435
0.00623003,43388.1,198.426,0.453731,0.78609,-84330.7,-192.635,423.971,2.64707,84039.5,192.369,424.557,2.64774
0.00624003,43388.1,198.86,0.455717,0.786094,-84516,-193.479,423.969,2.65131,84222.3,193.21,424.559,2.65199
0.00625003,43388.1,199.294,0.457708,0.786099,-84701.4,-194.325,423.967,2.65555,84405.1,194.053,424.561,2.65624
0.00626003,43388.1,199.728,0.459703,0.786104,-84886.8,-195.173,423.965,2.65979,84587.9,194.898,424.563,2.66048
0.00627003,43388.1,200.162,0.461703,0.786108,-85072.2,-196.023,423.963,2.66403,84770.7,195.745,424.565,2.66473
0.00628003,43388.1,200.596,0.463706,0.786113,-85257.5,-196.875,423.961,2.66827,84953.4,196.593,424.567,2.66897
0.00629003,43388.1,201.03,0.465715,0.786117,-85442.9,-197.728,423.959,2.67251,85136.2,197.444,424.569,2.67322
0.00630003,43388.1,201.464,0.467727,0.786122,-85628.3,-198.583,423.957,2.67675,85318.9,198.296,424.571,2.67746
0.00631003,43388.1,201.897,0.469744,0.786127,-85813.8,-199.441,423.955,2.68099,85501.7,199.15,424.573,2.68171
0.00632003,43388.1,202.331,0.471765,0.786132,-85999.2,-200.3,423.953,2.68523,85684.4,200.006,424.575,2.68596
0.00633003,43388.1,202.765,0.473791,0.786136,-86184.6,-201.161,423.951,2.68947,85867.2,200.864,424.577,2.6902
0.00634003,43388.1,203.199,0.47582,0.786141,-86370.1,-202.023,423.949,2.69371,86049.9,201.724,424.579,2.69445
0.00635003,43388.1,203.633,0.477855,0.786146,-86555.5,-202.888,423.947,2.69795,86232.6,202.585,424.581,2.69869
0.00636003,43388.1,204.067,0.479893,0.786151,-86741,-203.755,423.945,2.70219,86415.3,203.448,424.583,2.70294
0.00637003,43388.1,204.501,0.481936,0.786155,-86926.4,-204.623,423.943,2.70643,86598,204.313,424.585,2.70718
0.00638003,43388.1,204.935,0.483983,0.78616,-87111.9,-205.493,423.941,2.71067,86780.7,205.18,424.587,2.71143
0.00639003,43388.1,205.368,0.486035,0.786165,-87297.4,-206.365,423.939,2.71491,86963.3,206.049,424.589,2.71568
0.00640003,43388.1,205.802,0.488091,0.78617,-87482.9,-207.239,423.937,2.71915,87146,206.919,424.591,2.71992
0.00641003,43388.1,206.236,0.490151,0.786175,-87668.4,-208.115,423.934,2.72339,87328.7,207.792,424.593,2.72417
0.00642003,43388.1,206.67,0.492215,0.78618,-87853.9,-208.992,423.932,2.72763,87511.3,208.666,424.596,2.72841
0.00643003,43388.1,207.104,0.494284,0.786185,-88039.5,-209.872,423.93,2.73186,87693.9,209.542,424.598,2.73266
0.00644003,43388.1,207.538,0.496357,0.78619,-88225,-210.753,423.928,2.7361,87876.5,210.42,424.6,2.73691
0.00645003,43388.1,207.972,0.498435,0.786195,-88410.5,-211.636,423.926,2.74034,88059.2,211.3,424.602,2.74115
0.00646003,43388.1,208.406,0.500517,0.7862,-88596.1,-212.521,423.924,2.74458,88241.8,212.181,424.604,2.7454
0.00647003,43388.1,208.84,0.502603,0.786205,-88781.6,-213.408,423.922,2.74882,88424.4,213.064,424.606,2.74964
0.00648003,43388.1,209.273,0.504694,0.78621,-88967.2,-214.297,423.92,2.75306,88607,213.95,424.608,2.75389
0.00649003,43388.1,209.707,0.506789,0.786215,-89152.8,-215.188,423.918,2.7573,88789.6,214.837,424.61,2.75814
0.00650003,43388.1,210.141,0.508888,0.78622,-89338.4,-216.08,423.915,2.76154,88972.1,215.725,424.612,2.76238
0.00651003,43388.1,210.575,0.510992,0.786225,-89524,-216.975,423.913,2.76578,89154.7,216.616,424.615,2.76663
0.00652003,43388.1,211.009,0.513099,0.78623,-89709.6,-217.871,423.911,2.77002,89337.2,217.508,424.617,2.77087
0.00653003,43388.1,211.443,0.515212,0.786235,-89895.2,-218.769,423.909,2.77426,89519.8,218.403,424.619,2.77512
0.00654003,43388.1,211.877,0.517328,0.78624,-90080.8,-219.669,423.907,2.7785,89702.3,219.299,424.621,2.77937
0.00655003,43388.1,212.311,0.519449,0.786245,-90266.5,-220.57,423.904,2.78273,89884.8,220.197,424.623,2.78361
0.00656003,43388.1,212.745,0.521575,0.786251,-90452.1,-221.474,423.902,2.78697,90067.4,221.097,424.626,2.78786
0.00657003,43388.1,213.178,0.523704,0.786256,-90637.7,-222.379,423.9,2.79121,90249.9,221.998,424.628,2.79211
0.00658003,43388.1,213.612,0.525838,0.786261,-90823.4,-223.287,423.898,2.79545,90432.4,222.902,424.63,2.79635
0.00659003,43388.1,214.046,0.527977,0.786266,-91009.1,-224.196,423.896,2.79969,90614.9,223.807,424.632,2.8006
0.00660003,43388.1,214.48,0.530119,0.786272,-91194.8,-225.107,423.893,2.80393,90797.3,224.714,424.635,2.80484
0.00661003,43388.1,214.914,0.532266,0.786277,-91380.5,-226.02,423.891,2.80817,90979.8,225.623,424.637,2.80909
0.00662003,43388.1,215.348,0.534417,0.786282,-91566.1,-226.934,423.889,2.81241,91162.2,226.534,424.639,2.81334
0.00663003,43388.1,215.782,0.536573,0.786288,-91751.9,-227.851,423.886,2.81665,91344.7,227.446,424.641,2.81758
0.00664003,43388.1,216.216,0.538733,0.786293,-91937.6,-228.77,423.884,2.82089,91527.1,228.36,424.644,2.82183
0.00665003,43388.1,216.649,0.540898,0.786298,-92123.3,-229.69,423.882,2.82512,91709.6,229.277,424.646,2.82608
0.00666003,43388.1,217.083,0.543066,0.786304,-92309.1,-230.612,423.88,2.82936,91892,230.195,424.648,2.83032
0.00667003,43388.1,217.517,0.545239,0.786309,-92494.8,-231.536,423.877,2.8336,92074.4,231.115,424.65,2.83457
0.00668003,43388.1,217.951,0.547417,0.786315,-92680.6,-232.462,423.875,2.83784,92256.8,232.036,424.653,2.83882
0.00669003,43388.1,218.385,0.549598,0.78632,-92866.3,-233.39,423.873,2.84208,92439.2,232.96,424.655,2.84306
0.00670003,43388.1,218.819,0.551784,0.786326,-93052.1,-234.319,423.87,2.84632,92621.5,233.885,424.657,2.84731
0.00671003,43388.1,219.253,0.553975,0.786331,-93237.9,-235.251,423.868,2.85056,92803.9,234.812,424.66,2.85156
0.00672003,43388.1,219.687,0.556169,0.786337,-93423.7,-236.184,423.866,2.8548,92986.3,235.741,424.662,2.8558
0.00673003,43388.1,220.121,0.558368,0.786342,-93609.5,-237.119,423.863,2.85903,93168.6,236.672,424.664,2.86005
0.00674003,43388.1,220.554,0.560572,0.786348,-93795.4,-238.056,423.861,2.86327,93350.9,237.604,424.667,2.8643
0.00675003,43388.1,220.988,0.56278,0.786354,-93981.2,-238.995,423.859,2.86751,93533.3,238.539,424.669,2.86854
0.00676003,43388.1,221.422,0.564992,0.786359,-94167,-239.936,423.856,2.87175,93715.6,239.475,424.672,2.87279
0.00677003,43388.1,221.856,0.567208,0.786365,-94352.9,-240.879,423.854,2.87599,93897.9,240.413,424.674,2.87704
0.00678003,43388.1,222.29,0.569429,0.786371,-94538.7,-241.823,423.851,2.88023,94080.2,241.353,424.676,2.88128
0.00679003,43388.1,222.724,0.571654,0.786376,-94724.6,-242.769,423.849,2.88447,94262.5,242.295,424.679,2.88553
0.00680003,43388.1,223.158,0.573883,0.786382,-94910.5,-243.717,423.846,2.8887,94444.7,243.238,424.681,2.88978
0.00681003,43388.1,223.592,0.576117,0.786388,-95096.4,-244.668,423.844,2.89294,94627,244.184,424.684,2.89402
0.00682003,43388.1,224.025,0.578355,0.786394,-95282.3,-245.619,423.842,2.89718,94809.2,245.131,424.686,2.89827
0.00683003,43388.1,224.459,0.580598,0.786399,-95468.2,-246.573,423.839,2.90142,94991.5,246.08,424.689,2.90252
0.00684003,43388.1,224.893,0.582844,0.786405,-95654.2,-247.529,423.837,2.90566,95173.7,247.031,424.691,2.90676
0.00685003,43388.1,225.327,0.585096,0.786411,-95840.1,-248.486,423.834,2.9099,95355.9,247.983,424.694,2.91101
0.00686003,43388.1,225.761,0.587351,0.786417,-96026,-249.446,423.832,2.91413,95538.2,248.938,424.696,2.91526
0.00687003,43388.1,226.195,0.589611,0.786423,-96212,-250.407,423.829,2.91837,95720.4,249.894,424.699,2.9195
0.00688003,43388.1,226.629,0.591875,0.786429,-96398,-251.37,423.827,2.92261,95902.5,250.852,424.701,2.92375
0.00689003,43388.1,227.063,0.594143,0.786435,-96584,-252.335,423.824,2.92685,96084.7,251.812,424.704,2.928
0.00690003,43388.1,227.497,0.596416,0.786441,-96769.9,-253.302,423.822,2.93109,96266.9,252.774,424.706,2.93225
0.00691003,43388.1,227.93,0.598693,0.786447,-96955.9,-254.27,423.819,2.93533,96449,253.738,424.709,2.93649
0.00692003,43388.1,228.364,0.600975,0.786453,-97142,-255.241,423.816,2.93956,96631.2,254.703,424.711,2.94074
0.00693003,43388.1,228.798,0.603261,0.786459,-97328,-256.213,423.814,2.9438,96813.3,255.67,424.714,2.94499
0.00694003,43388.1,229.232,0.605551,0.786465,-97514,-257.187,423.811,2.94804,96995.4,256.639,424.716,2.94923
0.00695003,43388.1,229.666,0.607845,0.786471,-97700.1,-258.163,423.809,2.95228,97177.6,257.61,424.719,2.95348
0.00696003,43388.1,230.1,0.610144,0.786477,-97886.1,-259.141,423.806,2.95652,97359.6,258.583,424.721,2.95773
0.00697003,43388.1,230.534,0.612447,0.786483,-98072.2,-260.121,423.804,2.96075,97541.7,259.557,424.724,2.96198
0.00698003,43388.1,230.968,0.614755,0.786489,-98258.3,-261.103,423.801,2.96499,97723.8,260.534,424.727,2.96622
0.00699004,43388.1,231.402,0.617067,0.786495,-98444.4,-262.086,423.798,2.96923,97905.9,261.512,424.729,2.97047
0.00700004,43388.1,231.835,0.619383,0.786501,-98630.5,-263.072,423.796,2.97347,98087.9,262.492,424.732,2.97472
0.00701004,43388.1,232.269,0.621704,0.786508,-98816.6,-264.059,423.793,2.97771,98270,263.474,424.734,2.97896
0.00702004,43388.1,232.703,0.624028,0.786514,-99002.7,-265.048,423.79,2.98194,98452,264.457,424.737,2.98321
0.00703004,43388.1,233.137,0.626358,0.78652,-99188.9,-266.039,423.788,2.98618,98634,265.443,424.74,2.98746
0.00704004,43388.1,233.571,0.628691,0.786526,-99375,-267.032,423.785,2.99042,98816,266.43,424.742,2.99171
0.00705004,43388.1,234.005,0.631029,0.786533,-99561.2,-268.027,423.782,2.99466,98998,267.419,424.745,2.99595
0.00706004,43388.1,234.439,0.633371,0.786539,-99747.3,-269.023,423.78,2.9989,99180,268.41,424.748,3.0002
0.00707004,43388.1,234.873,0.635718,0.786545,-99933.5,-270.021,423.777,3.00313,99362,269.403,424.75,3.00445
0.00708004,43388.1,235.306,0.638069,0.786552,-100120,-271.022,423.774,3.00737,99543.9,270.397,424.753,3.0087
0.00709004,43388.1,235.74,0.640424,0.786558,-100306,-272.024,423.772,3.01161,99725.9,271.394,424.756,3.01294
0.00710004,43388.1,236.174,0.642784,0.786564,-100492,-273.028,423.769,3.01585,99907.8,272.392,424.759,3.01719
0.00711004,43388.1,236.608,0.645148,0.786571,-100678,-274.034,423.766,3.02008,100090,273.392,424.761,3.02144
0.00712004,43388.1,237.042,0.647516,0.786577,-100865,-275.041,423.763,3.02432,100272,274.394,424.764,3.02569
0.00713004,43388.1,237.476,0.649888,0.786584,-101051,-276.051,423.761,3.02856,100454,275.397,424.767,3.02993
0.00714004,43388.1,237.91,0.652265,0.78659,-101237,-277.062,423.758,3.0328,100635,276.403,424.77,3.03418
0.00715004,43388.1,238.344,0.654647,0.786597,-101423,-278.076,423.755,3.03703,100817,277.41,424.772,3.03843
0.00716004,43388.1,238.778,0.657032,0.786603,-101610,-279.091,423.752,3.04127,100999,278.419,424.775,3.04268
0.00717004,43388.1,239.211,0.659422,0.78661,-101796,-280.108,423.75,3.04551,101181,279.43,424.778,3.04693
0.00718004,43388.1,239.645,0.661816,0.786617,-101982,-281.127,423.747,3.04975,101363,280.443,424.781,3.05117
0.00719004,43388.1,240.079,0.664215,0.786623,-102169,-282.148,423.744,3.05398,101545,281.457,424.784,3.05542
0.00720004,43388.1,240.513,0.666618,0.78663,-102355,-283.17,423.741,3.05822,101727,282.474,424.786,3.05967
0.00721004,43388.1,240.947,0.669026,0.786637,-102541,-284.195,423.738,3.06246,101908,283.492,424.789,3.06392
0.00722004,43388.1,241.381,0.671437,0.786643,-102728,-285.221,423.735,3.0667,102090,284.512,424.792,3.06816
0.00723004,43388.1,241.815,0.673853,0.78665,-102914,-286.249,423.733,3.07093,102272,285.534,424.795,3.07241
0.00724004,43388.1,242.249,0.676273,0.786657,-103100,-287.279,423.73,3.07517,102454,286.557,424.798,3.07666
0.00725004,43388.1,242.683,0.678698,0.786664,-103287,-288.311,423.727,3.07941,102635,287.583,424.801,3.08091
0.00726004,43388.1,243.116,0.681127,0.78667,-103473,-289.345,423.724,3.08365,102817,288.61,424.803,3.08516
0.00727004,43388.1,243.55,0.683561,0.786677,-103660,-290.381,423.721,3.08788,102999,289.639,424.806,3.0894
0.00728004,43388.1,243.984,0.685998,0.786684,-103846,-291.418,423.718,3.09212,103181,290.67,424.809,3.09365
0.00729004,43388.1,244.418,0.68844,0.786691,-104033,-292.458,423.715,3.09636,103362,291.703,424.812,3.0979
0.00730004,43388.1,244.852,0.690887,0.786698,-104219,-293.499,423.712,3.10059,103544,292.737,424.815,3.10215
0.00731004,43388.1,245.286,0.693337,0.786705,-104406,-294.542,423.709,3.10483,103726,293.774,424.818,3.1064
0.00732004,43388.1,245.72,0.695792,0.786712,-104592,-295.587,423.706,3.10907,103907,294.812,424.821,3.11065
0.00733004,43388.1,246.154,0.698252,0.786719,-104779,-296.634,423.703,3.11331,104089,295.852,424.824,3.11489
0.00734004,43388.1,246.587,0.700715,0.786726,-104965,-297.683,423.701,3.11754,104271,296.893,424.827,3.11914
0.00735004,43388.1,247.021,0.703184,0.786733,-105152,-298.733,423.698,3.12178,104452,297.937,424.83,3.12339
0.00736004,43388.1,247.455,0.705656,0.78674,-105338,-299.786,423.694,3.12602,104634,298.983,424.833,3.12764
0.00737004,43388.1,247.889,0.708133,0.786747,-105525,-300.84,423.691,3.13025,104815,300.03,424.836,3.13189
0.00738004,43388.1,248.323,0.710614,0.786754,-105711,-301.896,423.689,3.13449,104997,301.079,424.839,3.13614
0.00739004,43388.1,248.757,0.713099,0.786761,-105898,-302.954,423.685,3.13873,105179,302.13,424.842,3.14038
0.00740004,43388.1,249.191,0.715589,0.786768,-106084,-304.014,423.682,3.14296,105360,303.182,424.845,3.14463
0.00741004,43388.1,249.625,0.718083,0.786775,-106271,-305.076,423.679,3.1472,105542,304.237,424.848,3.14888
0.00742004,43388.1,250.059,0.720581,0.786783,-106458,-306.14,423.676,3.15144,105723,305.293,424.851,3.15313
0.00743004,43388.1,250.492,0.723084,0.78679,-106644,-307.205,423.673,3.15567,105905,306.351,424.854,3.15738
0.00744004,43388.1,250.926,0.725591,0.786797,-106831,-308.273,423.67,3.15991,106086,307.411,424.857,3.16163
0.00745004,43388.1,251.36,0.728103,0.786804,-107018,-309.342,423.667,3.16415,106268,308.473,424.86,3.16587
0.00746004,43388.1,251.794,0.730618,0.786812,-107204,-310.413,423.664,3.16838,106449,309.537,424.863,3.17012
0.00747004,43388.1,252.228,0.733139,0.786819,-107391,-311.486,423.661,3.17262,106631,310.602,424.866,3.17437
0.00748004,43388.1,252.662,0.735663,0.786826,-107578,-312.561,423.658,3.17686,106812,311.669,424.869,3.17862
0.00749004,43388.1,253.096,0.738192,0.786834,-107764,-313.638,423.655,3.18109,106994,312.738,424.873,3.18287
0.00750004,43388.1,253.53,0.740725,0.786841,-107951,-314.716,423.652,3.18533,107175,313.809,424.876,3.18712
0.00751004,43388.1,253.964,0.743263,0.786848,-108138,-315.797,423.648,3.18957,107357,314.882,424.879,3.19137
0.00752004,43388.1,254.397,0.745804,0.786856,-108325,-316.879,423.645,3.1938,107538,315.956,424.882,3.19562
0.00753004,43388.1,254.831,0.748351,0.786863,-108511,-317.963,423.642,3.19804,107719,317.033,424.885,3.19986
0.00754004,43388.1,255.265,0.750901,0.786871,-108698,-319.049,423.639,3.20228,107901,318.111,424.888,3.20411
0.00755004,43388.1,255.699,0.753456,0.786878,-108885,-320.137,423.636,3.20651,108082,319.191,424.892,3.20836
0.00756004,43388.1,256.133,0.756015,0.786886,-109072,-321.227,423.632,3.21075,108263,320.272,424.895,3.21261
0.00757004,43388.1,256.567,0.758579,0.786893,-109258,-322.319,423.629,3.21499,108445,321.356,424.898,3.21686
0.00758004,43388.1,257.001,0.761146,0.786901,-109445,-323.412,423.626,3.21922,108626,322.441,424.901,3.22111
0.00759004,43388.1,257.435,0.763719,0.786909,-109632,-324.507,423.623,3.22346,108807,323.529,424.904,3.22536
0.00760004,43388.1,257.868,0.766295,0.786916,-109819,-325.605,423.619,3.22769,108989,324.618,424.908,3.22961
0.00761004,43388.1,258.302,0.768876,0.786924,-110006,-326.704,423.616,3.23193,109170,325.708,424.911,3.23386
0.00762004,43388.1,258.736,0.771461,0.786932,-110193,-327.805,423.613,3.23617,109351,326.801,424.914,3.23811
0.00763004,43388.1,259.17,0.774051,0.786939,-110380,-328.908,423.61,3.2404,109532,327.895,424.917,3.24235
0.00764004,43388.1,259.604,0.776645,0.786947,-110567,-330.012,423.606,3.24464,109714,328.992,424.921,3.2466
0.00765004,43388.1,260.038,0.779243,0.786955,-110754,-331.119,423.603,3.24888,109895,330.09,424.924,3.25085
0.00766004,43388.1,260.472,0.781845,0.786963,-110941,-332.228,423.6,3.25311,110076,331.19,424.927,3.2551
0.00767004,43388.1,260.906,0.784453,0.786971,-111127,-333.338,423.596,3.25735,110257,332.291,424.931,3.25935
0.00768004,43388.1,261.34,0.787064,0.786978,-111314,-334.45,423.593,3.26158,110438,333.395,424.934,3.2636
0.00769004,43388.1,261.773,0.789679,0.786986,-111501,-335.564,423.59,3.26582,110620,334.5,424.937,3.26785
0.00770004,43388.1,262.207,0.792299,0.786994,-111688,-336.68,423.586,3.27006,110801,335.607,424.941,3.2721
0.00771004,43388.1,262.641,0.794924,0.787002,-111875,-337.798,423.583,3.27429,110982,336.716,424.944,3.27635
0.00772004,43388.1,263.075,0.797552,0.78701,-112062,-338.918,423.58,3.27853,111163,337.827,424.947,3.2806
0.00773004,43388.1,263.509,0.800185,0.787018,-112250,-340.039,423.576,3.28276,111344,338.939,424.951,3.28485
0.00774004,43388.1,263.943,0.802822,0.787026,-112437,-341.163,423.573,3.287,111525,340.054,424.954,3.2891
0.00775004,43388.1,264.377,0.805464,0.787034,-112624,-342.288,423.569,3.29123,111706,341.17,424.958,3.29335
0.00776004,43388.1,264.811,0.80811,0.787042,-112811,-343.415,423.566,3.29547,111887,342.288,424.961,3.2976
0.00777004,43388.1,265.245,0.81076,0.78705,-112998,-344.544,423.563,3.29971,112068,343.408,424.964,3.30185
0.00778004,43388.1,265.678,0.813415,0.787058,-113185,-345.675,423.559,3.30394,112249,344.529,424.968,3.3061
0.00779004,43388.1,266.112,0.816074,0.787067,-113372,-346.808,423.556,3.30818,112430,345.653,424.971,3.31035
0.00780004,43388.1,266.546,0.818737,0.787075,-113559,-347.943,423.552,3.31241,112611,346.778,424.975,3.3146
0.00781004,43388.1,266.98,0.821405,0.787083,-113746,-349.079,423.549,3.31665,112792,347.905,424.978,3.31885
0.00782004,43388.1,267.414,0.824076,0.787091,-113934,-350.217,423.545,3.32088,112973,349.034,424.982,3.3231
0.00783004,43388.1,267.848,0.826753,0.787099,-114121,-351.358,423.542,3.32512,113154,350.164,424.985,3.32734
0.00784004,43388.1,268.282,0.829433,0.787108,-114308,-352.5,423.538,3.32935,113335,351.297,424.989,3.33159
0.00785004,43388.1,268.715,0.832118,0.787116,-114495,-353.644,423.535,3.33359,113516,352.431,424.992,3.33584
0.00786004,43388.1,269.149,0.834807,0.787124,-114682,-354.79,423.531,3.33782,113697,353.567,424.996,3.34009
0.00787004,43388.1,269.583,0.837501,0.787133,-114870,-355.937,423.528,3.34206,113878,354.705,424.999,3.34434
0.00788004,43388.1,270.017,0.840199,0.787141,-115057,-357.087,423.524,3.34629,114059,355.844,425.003,3.34859
0.00789004,43388.1,270.451,0.842901,0.78715,-115244,-358.238,423.52,3.35053,114240,356.986,425.006,3.35284
0.00790004,43388.1,270.885,0.845608,0.787158,-115432,-359.392,423.517,3.35477,114420,358.129,425.01,3.35709
0.00791004,43388.1,271.319,0.848318,0.787166,-115619,-360.547,423.513,3.359,114601,359.274,425.014,3.36134
0.00792004,43388.1,271.753,0.851034,0.787175,-115806,-361.704,423.51,3.36324,114782,360.421,425.017,3.36559
0.00793004,43388.1,272.186,0.853753,0.787183,-115994,-362.863,423.506,3.36747,114963,361.57,425.021,3.36985
0.00794004,43388.1,272.62,0.856477,0.787192,-116181,-364.024,423.502,3.37171,115144,362.72,425.024,3.3741
0.00795004,43388.1,273.054,0.859205,0.787201,-116368,-365.186,423.499,3.37594,115324,363.872,425.028,3.37835
0.00796004,43388.1,273.488,0.861938,0.787209,-116556,-366.351,423.495,3.38018,115505,365.026,425.032,3.3826
0.00797004,43388.1,273.922,0.864675,0.787218,-116743,-367.517,423.491,3.38441,115686,366.182,425.035,3.38685
0.00798003,43388.1,274.356,0.867416,0.787226,-116931,-368.686,423.488,3.38865,115866,367.34,425.039,3.3911
0.00799003,43388.1,274.79,0.870162,0.787235,-117118,-369.856,423.484,3.39288,116047,368.5,425.043,3.39535
0.00800003,43388.1,275.223,0.872912,0.787244,-117305,-371.028,423.48,3.39712,116228,369.661,425.046,3.3996
0.00801003,43388.1,275.657,0.875666,0.787253,-117493,-372.202,423.477,3.40135,116408,370.824,425.05,3.40385
0.00802003,43388.1,276.091,0.878425,0.787261,-117680,-373.378,423.473,3.40558,116589,371.989,425.054,3.4081
0.00803003,43388.1,276.525,0.881188,0.78727,-117868,-374.556,423.469,3.40982,116770,373.156,425.058,3.41235
0.00804003,43388.1,276.959,0.883955,0.787279,-118055,-375.735,423.465,3.41405,116950,374.324,425.061,3.4166
0.00805003,43388.1,277.393,0.886727,0.787288,-118243,-376.917,423.462,3.41829,117131,375.495,425.065,3.42085
0.00806003,43388.1,277.827,0.889503,0.787297,-118430,-378.1,423.458,3.42252,117312,376.667,425.069,3.4251
0.00807003,43388.1,278.26,0.892283,0.787306,-118618,-379.285,423.454,3.42676,117492,377.841,425.073,3.42935
0.00808003,43388.1,278.694,0.895068,0.787315,-118806,-380.472,423.45,3.43099,117673,379.017,425.076,3.4336
0.00809003,43388.1,279.128,0.897857,0.787324,-118993,-381.661,423.446,3.43523,117853,380.194,425.08,3.43785
0.00810003,43388.1,279.562,0.90065,0.787333,-119181,-382.852,423.443,3.43946,118034,381.374,425.084,3.4421
0.00811003,43388.1,279.996,0.903448,0.787342,-119368,-384.045,423.439,3.4437,118214,382.555,425.088,3.44635
0.00812003,43388.1,280.43,0.90625,0.787351,-119556,-385.239,423.435,3.44793,118395,383.738,425.092,3.45061
0.00813003,43388.1,280.864,0.909056,0.78736,-119744,-386.436,423.431,3.45216,118575,384.923,425.095,3.45486
0.00814003,43388.1,281.297,0.911867,0.787369,-119931,-387.634,423.427,3.4564,118756,386.109,425.099,3.45911
0.00815003,43388.1,281.731,0.914682,0.787378,-120119,-388.834,423.423,3.46063,118936,387.298,425.103,3.46336
0.00816003,43388.1,282.165,0.917501,0.787387,-120307,-390.036,423.419,3.46487,119116,388.488,425.107,3.46761
0.00817003,43388.1,282.599,0.920325,0.787396,-120495,-391.24,423.415,3.4691,119297,389.68,425.111,3.47186
0.00818003,43388.1,283.033,0.923153,0.787405,-120682,-392.446,423.412,3.47334,119477,390.874,425.115,3.47611
0.00819003,43388.1,283.467,0.925985,0.787415,-120870,-393.654,423.408,3.47757,119658,392.069,425.119,3.48036
0.00820003,43388.1,283.901,0.928822,0.787424,-121058,-394.863,423.404,3.4818,119838,393.267,425.123,3.48461
0.00821003,43388.1,284.335,0.931663,0.787433,-121246,-396.075,423.4,3.48604,120018,394.466,425.127,3.48887
0.00822003,43388.1,284.768,0.934509,0.787443,-121434,-397.288,423.396,3.49027,120198,395.667,425.131,3.49312
0.00823002,43388.1,285.202,0.937358,0.787452,-121621,-398.503,423.392,3.49451,120379,396.87,425.135,3.49737
0.00824002,43388.1,285.636,0.940212,0.787461,-121809,-399.72,423.388,3.49874,120559,398.074,425.139,3.50162
0.00825002,43388.1,286.07,0.943071,0.787471,-121997,-400.94,423.384,3.50297,120739,399.281,425.143,3.50587
0.00826002,43388.1,286.504,0.945934,0.78748,-122185,-402.16,423.38,3.50721,120920,400.489,425.147,3.51012
0.00827002,43388.1,286.938,0.948801,0.78749,-122373,-403.383,423.376,3.51144,121100,401.699,425.151,3.51437
0.00828002,43388.1,287.372,0.951672,0.787499,-122561,-404.608,423.372,3.51568,121280,402.911,425.155,3.51863
0.00829002,43388.1,287.805,0.954548,0.787509,-122749,-405.834,423.368,3.51991,121460,404.125,425.159,3.52288
0.00830002,43388.1,288.239,0.957428,0.787518,-122937,-407.063,423.364,3.52414,121640,405.34,425.163,3.52713
0.00831002,43388.1,288.673,0.960312,0.787528,-123125,-408.293,423.36,3.52838,121820,406.557,425.167,3.53138
0.00832002,43388.1,289.107,0.963201,0.787538,-123313,-409.525,423.355,3.53261,122001,407.776,425.171,3.53563
0.00833002,43388.1,289.541,0.966094,0.787547,-123501,-410.759,423.351,3.53684,122181,408.997,425.175,3.53988
0.00834002,43388.1,289.975,0.968992,0.787557,-123689,-411.995,423.347,3.54108,122361,410.22,425.179,3.54414
0.00835002,43388.1,290.409,0.971894,0.787567,-123877,-413.233,423.343,3.54531,122541,411.444,425.183,3.54839
0.00836002,43388.1,290.842,0.9748,0.787576,-124065,-414.472,423.339,3.54954,122721,412.671,425.187,3.55264
0.00837002,43388.1,291.276,0.97771,0.787586,-124253,-415.714,423.335,3.55378,122901,413.899,425.191,3.55689
0.00838002,43388.1,291.71,0.980625,0.787596,-124441,-416.957,423.331,3.55801,123081,415.129,425.195,3.56114
0.00839002,43388.1,292.144,0.983544,0.787606,-124629,-418.203,423.326,3.56224,123261,416.36,425.2,3.5654
0.00840002,43388.1,292.578,0.986468,0.787616,-124817,-419.45,423.322,3.56648,123441,417.594,425.204,3.56965
0.00841002,43388.1,293.012,0.989395,0.787625,-125005,-420.699,423.318,3.57071,123621,418.829,425.208,3.5739
0.00842002,43388.1,293.446,0.992328,0.787635,-125194,-421.95,423.314,3.57494,123801,420.066,425.212,3.57815
0.00843002,43388.1,293.88,0.995264,0.787645,-125382,-423.203,423.31,3.57918,123981,421.305,425.216,3.5824
0.00844002,43388.1,294.313,0.998205,0.787655,-125570,-424.457,423.305,3.58341,124161,422.546,425.221,3.58666
0.00845002,43388.1,294.747,1.00115,0.787665,-125758,-425.714,423.301,3.58764,124341,423.788,425.225,3.59091
0.00846002,43388.1,295.181,1.0041,0.787675,-125946,-426.972,423.297,3.59188,124521,425.032,425.229,3.59516
0.00847002,43388.1,295.615,1.00705,0.787685,-126135,-428.233,423.293,3.59611,124700,426.278,425.233,3.59941
0.00848002,43388.1,296.049,1.01001,0.787695,-126323,-429.495,423.288,3.60034,124880,427.526,425.238,3.60366
0.00849001,43388.1,296.483,1.01297,0.787705,-126511,-430.759,423.284,3.60457,125060,428.776,425.242,3.60792
0.00850001,43388.1,296.917,1.01594,0.787716,-126700,-432.025,423.28,3.60881,125240,430.027,425.246,3.61217
0.00851001,43388.1,297.35,1.01891,0.787726,-126888,-433.293,423.275,3.61304,125420,431.281,425.25,3.61642
0.00852001,43388.1,297.784,1.02189,0.787736,-127076,-434.563,423.271,3.61727,125599,432.536,425.255,3.62067
0.00853001,43388.1,298.218,1.02487,0.787746,-127265,-435.834,423.267,3.62151,125779,433.793,425.259,3.62493
0.00854001,43388.1,298.652,1.02785,0.787757,-127453,-437.108,423.262,3.62574,125959,435.051,425.263,3.62918
0.00855001,43388.1,299.086,1.03084,0.787767,-127641,-438.383,423.258,3.62997,126139,436.312,425.268,3.63343
0.00856001,43388.1,299.52,1.03383,0.787777,-127830,-439.661,423.254,3.6342,126318,437.574,425.272,3.63769
0.00857001,43388.1,299.954,1.03683,0.787787,-128018,-440.94,423.249,3.63844,126498,438.838,425.277,3.64194
0.00858001,43388.1,300.388,1.03983,0.787798,-128207,-442.221,423.245,3.64267,126678,440.104,425.281,3.64619
0.00859001,43388.1,300.821,1.04284,0.787808,-128395,-443.504,423.24,3.6469,126857,441.371,425.285,3.65044
0.00860001,43388.1,301.255,1.04585,0.787819,-128584,-444.789,423.236,3.65113,127037,442.641,425.29,3.6547
0.00861001,43388.1,301.689,1.04886,0.787829,-128772,-446.076,423.231,3.65536,127216,443.912,425.294,3.65895
0.00862001,43388.1,302.123,1.05188,0.78784,-128961,-447.364,423.227,3.6596,127396,445.185,425.299,3.6632
0.00863001,43388.1,302.557,1.05491,0.78785,-129149,-448.655,423.222,3.66383,127576,446.46,425.303,3.66746
0.00864001,43388.1,302.991,1.05793,0.787861,-129338,-449.947,423.218,3.66806,127755,447.736,425.308,3.67171
0.00865001,43388.1,303.425,1.06097,0.787871,-129527,-451.241,423.213,3.67229,127935,449.015,425.312,3.67596
0.00866001,43388.1,303.858,1.064,0.787882,-129715,-452.537,423.209,3.67653,128114,450.295,425.317,3.68021
0.00867001,43388.1,304.292,1.06704,0.787893,-129904,-453.835,423.204,3.68076,128294,451.577,425.321,3.68447
0.00868001,43388.1,304.726,1.07009,0.787903,-130092,-455.135,423.2,3.68499,128473,452.861,425.326,3.68872
0.00869001,43388.1,305.16,1.07314,0.787914,-130281,-456.437,423.195,3.68922,128652,454.146,425.33,3.69297
0.00870001,43388.1,305.594,1.07619,0.787925,-130470,-457.741,423.191,3.69345,128832,455.434,425.335,3.69723
0.00871001,43388.1,306.028,1.07925,0.787936,-130659,-459.047,423.186,3.69769,129011,456.723,425.339,3.70148
0.00872001,43388.1,306.462,1.08231,0.787946,-130847,-460.354,423.182,3.70192,129191,458.014,425.344,3.70573
0.00873001,43388.1,306.895,1.08538,0.787957,-131036,-461.663,423.177,3.70615,129370,459.307,425.348,3.70999
0.00874001,43388.1,307.329,1.08845,0.787968,-131225,-462.975,423.172,3.71038,129549,460.601,425.353,3.71424
0.00875,43388.1,307.763,1.09152,0.787979,-131414,-464.288,423.168,3.71461,129729,461.897,425.358,3.7185
0.00876,43388.1,308.197,1.0946,0.78799,-131602,-465.603,423.163,3.71884,129908,463.196,425.362,3.72275
0.00877,43388.1,308.631,1.09769,0.788001,-131791,-466.92,423.158,3.72308,130087,464.495,425.367,3.727
0.00878,43388.1,309.065,1.10078,0.788012,-131980,-468.238,423.154,3.72731,130266,465.797,425.372,3.73126
0.00879,43388.1,309.499,1.10387,0.788023,-132169,-469.559,423.149,3.73154,130446,467.101,425.376,3.73551
0.0088,43388.1,309.932,1.10697,0.788034,-132358,-470.882,423.144,3.73577,130625,468.406,425.381,3.73976
0.00881,43388.1,310.366,1.11007,0.788045,-132547,-472.206,423.14,3.74,130804,469.713,425.386,3.74402
0.00882,43388.1,310.8,1.11317,0.788056,-132736,-473.533,423.135,3.74423,130983,471.022,425.39,3.74827
0.00883,43388.1,311.234,1.11628,0.788067,-132925,-474.861,423.13,3.74846,131162,472.333,425.395,3.75253
0.00884,43388.1,311.668,1.1194,0.788078,-133114,-476.191,423.125,3.7527,131342,473.645,425.4,3.75678
0.00885,43388.1,312.102,1.12252,0.78809,-133303,-477.523,423.121,3.75693,131521,474.959,425.404,3.76103
0.00886,43388.1,312.536,1.12564,0.788101,-133492,-478.857,423.116,3.76116,131700,476.275,425.409,3.76529
0.00887,43388.1,312.97,1.12877,0.788112,-133681,-480.193,423.111,3.76539,131879,477.593,425.414,3.76954
0.00888,43388.1,313.403,1.1319,0.788123,-133870,-481.53,423.106,3.76962,132058,478.913,425.419,3.7738
0.00889,43388.1,313.837,1.13503,0.788135,-134059,-482.87,423.101,3.77385,132237,480.234,425.424,3.77805
0.0089,43388.1,314.271,1.13817,0.788146,-134248,-484.212,423.097,3.77808,132416,481.558,425.428,3.7823
0.00891,43388.1,314.705,1.14132,0.788158,-134437,-485.555,423.092,3.78231,132595,482.883,425.433,3.78656
0.00892,43388.1,315.139,1.14447,0.788169,-134626,-486.9,423.087,3.78654,132774,484.209,425.438,3.79081
0.00893,43388.1,315.573,1.14762,0.788181,-134815,-488.247,423.082,3.79078,132953,485.538,425.443,3.79507
0.00894,43388.1,316.007,1.15078,0.788192,-135005,-489.596,423.077,3.79501,133132,486.868,425.448,3.79932
0.00895,43388.1,316.44,1.15394,0.788204,-135194,-490.947,423.072,3.79924,133311,488.2,425.453,3.80358
0.00896,43388.1,316.874,1.15711,0.788215,-135383,-492.3,423.067,3.80347,133490,489.534,425.457,3.80783
0.00897,43388.1,317.308,1.16028,0.788227,-135572,-493.655,423.062,3.8077,133668,490.87,425.462,3.81208
0.00898,43388.1,317.742,1.16345,0.788238,-135762,-495.011,423.057,3.81193,133847,492.208,425.467,3.81634
0.00899,43388.1,318.176,1.16663,0.78825,-135951,-496.37,423.052,3.81616,134026,493.547,425.472,3.82059
0.00899999,43388.1,318.61,1.16982,0.788262,-136140,-497.73,423.047,3.82039,134205,494.888,425.477,3.82485
0.00900999,43388.1,319.044,1.173,0.788273,-136329,-499.093,423.042,3.82462,134384,496.231,425.482,3.8291
0.00901999,43388.1,319.478,1.1762,0.788285,-136519,-500.457,423.038,3.82885,134562,497.576,425.487,3.83336
0.00902999,43388.1,319.911,1.17939,0.788297,-136708,-501.823,423.033,3.83308,134741,498.922,425.492,3.83761
0.00903999,43388.1,320.345,1.1826,0.788309,-136898,-503.191,423.027,3.83731,134920,500.27,425.497,3.84187
0.00904999,43388.1,320.779,1.1858,0.78832,-137087,-504.561,423.022,3.84154,135098,501.62,425.502,3.84612
0.00905999,43388.1,321.213,1.18901,0.788332,-137276,-505.933,423.017,3.84577,135277,502.972,425.507,3.85038
0.00906999,43388.1,321.647,1.19222,0.788344,-137466,-507.306,423.012,3.85,135456,504.326,425.512,3.85463
0.00907999,43388.1,322.081,1.19544,0.788356,-137655,-508.682,423.007,3.85423,135634,505.681,425.517,3.85889
0.00908999,43388.1,322.515,1.19867,0.788368,-137845,-510.059,423.002,3.85846,135813,507.038,425.522,3.86314
0.00909999,43388.1,322.948,1.20189,0.78838,-138034,-511.439,422.997,3.86269,135992,508.397,425.527,3.8674
0.00910999,43388.1,323.382,1.20513,0.788392,-138224,-512.82,422.992,3.86692,136170,509.758,425.532,3.87165
0.00911999,43388.1,323.816,1.20836,0.788404,-138414,-514.203,422.987,3.87115,136349,511.121,425.538,3.87591
0.00912999,43388.1,324.25,1.2116,0.788416,-138603,-515.588,422.982,3.87538,136527,512.485,425.543,3.88017
0.00913999,43388.1,324.684,1.21485,0.788429,-138793,-516.975,422.976,3.87961,136706,513.851,425.548,3.88442
0.00914999,43388.1,325.118,1.21809,0.788441,-138982,-518.364,422.971,3.88384,136884,515.219,425.553,3.88868
0.00915999,43388.1,325.552,1.22135,0.788453,-139172,-519.754,422.966,3.88807,137062,516.589,425.558,3.89293
0.00916999,43388.1,325.985,1.22461,0.788465,-139362,-521.147,422.961,3.8923,137241,517.96,425.563,3.89719
0.00917999,43388.1,326.419,1.22787,0.788477,-139551,-522.542,422.956,3.89653,137419,519.333,425.568,3.90144
0.00918999,43388.1,326.853,1.23113,0.78849,-139741,-523.938,422.95,3.90076,137598,520.708,425.574,3.9057
0.00919999,43388.1,327.287,1.2344,0.788502,-139931,-525.336,422.945,3.90499,137776,522.085,425.579,3.90995
0.00920999,43388.1,327.721,1.23768,0.788514,-140121,-526.736,422.94,3.90922,137954,523.464,425.584,3.91421
0.00921999,43388.1,328.155,1.24096,0.788527,-140310,-528.139,422.935,3.91345,138133,524.844,425.589,3.91847
0.00922999,43388.1,328.589,1.24424,0.788539,-140500,-529.543,422.929,3.91768,138311,526.226,425.595,3.92272
0.00923999,43388.1,329.023,1.24753,0.788552,-140690,-530.948,422.924,3.92191,138489,527.61,425.6,3.92698
0.00924999,43388.1,329.456,1.25082,0.788564,-140880,-532.356,422.919,3.92614,138667,528.996,425.605,3.93123
0.00925998,43388.1,329.89,1.25412,0.788577,-141070,-533.766,422.913,3.93036,138846,530.384,425.61,3.93549
0.00926998,43388.1,330.324,1.25742,0.788589,-141260,-535.178,422.908,3.93459,139024,531.773,425.616,3.93975
0.00927998,43388.1,330.758,1.26072,0.788602,-141450,-536.591,422.903,3.93882,139202,533.164,425.621,3.944
0.00928998,43388.1,331.192,1.26403,0.788614,-141640,-538.006,422.897,3.94305,139380,534.557,425.626,3.94826
0.00929998,43388.1,331.626,1.26735,0.788627,-141830,-539.424,422.892,3.94728,139558,535.951,425.632,3.95252
0.00930998,43388.1,332.06,1.27067,0.78864,-142020,-540.843,422.887,3.95151,139736,537.348,425.637,3.95677
0.00931998,43388.1,332.493,1.27399,0.788652,-142210,-542.264,422.881,3.95574,139914,538.746,425.643,3.96103
0.00932998,43388.1,332.927,1.27732,0.788665,-142400,-543.687,422.876,3.95997,140092,540.146,425.648,3.96528
0.00933998,43388.1,333.361,1.28065,0.788678,-142590,-545.112,422.87,3.9642,140270,541.548,425.653,3.96954
0.00934998,43388.1,333.795,1.28398,0.788691,-142780,-546.539,422.865,3.96842,140448,542.951,425.659,3.9738
0.00935998,43388.1,334.229,1.28732,0.788704,-142970,-547.967,422.859,3.97265,140626,544.357,425.664,3.97805
0.00936998,43388.1,334.663,1.29067,0.788717,-143160,-549.398,422.854,3.97688,140804,545.764,425.67,3.98231
0.00937998,43388.1,335.097,1.29402,0.78873,-143350,-550.831,422.848,3.98111,140982,547.173,425.675,3.98657
0.00938998,43388.1,335.53,1.29737,0.788742,-143541,-552.265,422.843,3.98534,141160,548.583,425.681,3.99082
0.00939998,43388.1,335.964,1.30073,0.788755,-143731,-553.701,422.837,3.98957,141338,549.996,425.686,3.99508
0.00940998,43388.1,336.398,1.30409,0.788768,-143921,-555.139,422.832,3.9938,141516,551.41,425.692,3.99934
0.00941998,43388.1,336.832,1.30745,0.788782,-144111,-556.58,422.826,3.99802,141694,552.826,425.697,4.00359
0.00942998,43388.1,337.266,1.31082,0.788795,-144302,-558.021,422.821,4.00225,141872,554.244,425.703,4.00785
0.00943998,43388.1,337.7,1.3142,0.788808,-144492,-559.465,422.815,4.00648,142049,555.663,425.708,4.01211
0.00944998,43388.1,338.134,1.31758,0.788821,-144682,-560.911,422.809,4.01071,142227,557.085,425.714,4.01637
0.00945998,43388.1,338.568,1.32096,0.788834,-144872,-562.359,422.804,4.01494,142405,558.508,425.719,4.02062
0.00946998,43388.1,339.001,1.32435,0.788847,-145063,-563.809,422.798,4.01916,142582,559.933,425.725,4.02488
0.00947998,43388.1,339.435,1.32774,0.788861,-145253,-565.26,422.793,4.02339,142760,561.359,425.731,4.02914
0.00948998,43388.1,339.869,1.33114,0.788874,-145444,-566.714,422.787,4.02762,142938,562.788,425.736,4.0334
0.00949998,43388.1,340.303,1.33454,0.788887,-145634,-568.169,422.781,4.03185,143115,564.218,425.742,4.03765
0.00950998,43388.1,340.737,1.33794,0.788901,-145825,-569.626,422.776,4.03608,143293,565.65,425.747,4.04191
0.00951997,43388.1,341.171,1.34135,0.788914,-146015,-571.085,422.77,4.0403,143471,567.084,425.753,4.04617
0.00952997,43388.1,341.605,1.34477,0.788927,-146206,-572.546,422.764,4.04453,143648,568.519,425.759,4.05043
0.00953997,43388.1,342.038,1.34818,0.788941,-146396,-574.009,422.758,4.04876,143826,569.956,425.764,4.05468
0.00954997,43388.1,342.472,1.35161,0.788954,-146587,-575.474,422.753,4.05299,144003,571.396,425.77,4.05894
0.00955997,43388.1,342.906,1.35503,0.788968,-146777,-576.941,422.747,4.05721,144181,572.836,425.776,4.0632
0.00956997,43388.1,343.34,1.35847,0.788981,-146968,-578.41,422.741,4.06144,144358,574.279,425.782,4.06746
0.00957997,43388.1,343.774,1.3619,0.788995,-147159,-579.88,422.735,4.06567,144536,575.723,425.787,4.07171
0.00958997,43388.1,344.208,1.36534,0.789009,-147349,-581.353,422.729,4.0699,144713,577.17,425.793,4.07597
0.00959997,43388.1,344.642,1.36878,0.789022,-147540,-582.827,422.724,4.07412,144890,578.618,425.799,4.08023
0.00960997,43388.1,345.075,1.37223,0.789036,-147731,-584.303,422.718,4.07835,145068,580.067,425.805,4.08449
0.00961997,43388.1,345.509,1.37569,0.78905,-147921,-585.781,422.712,4.08258,145245,581.519,425.81,4.08875
0.00962997,43388.1,345.943,1.37914,0.789064,-148112,-587.262,422.706,4.0868,145422,582.972,425.816,4.093
0.00963997,43388.1,346.377,1.3826,0.789077,-148303,-588.744,422.7,4.09103,145600,584.427,425.822,4.09726
0.00964997,43388.1,346.811,1.38607,0.789091,-148494,-590.228,422.694,4.09526,145777,585.884,425.828,4.10152
0.00965997,43388.1,347.245,1.38954,0.789105,-148685,-591.713,422.688,4.09949,145954,587.343,425.834,4.10578
0.00966997,43388.1,347.679,1.39301,0.789119,-148876,-593.201,422.682,4.10371,146131,588.803,425.84,4.11004
0.00967997,43388.1,348.113,1.39649,0.789133,-149066,-594.691,422.677,4.10794,146309,590.265,425.846,4.1143
0.00968997,43388.1,348.546,1.39998,0.789147,-149257,-596.182,422.671,4.11217,146486,591.729,425.852,4.11855
0.00969997,43388.1,348.98,1.40346,0.789161,-149448,-597.676,422.665,4.11639,146663,593.195,425.857,4.12281
0.00970997,43388.1,349.414,1.40696,0.789175,-149639,-599.171,422.659,4.12062,146840,594.662,425.863,4.12707
0.00971997,43388.1,349.848,1.41045,0.789189,-149830,-600.668,422.653,4.12485,147017,596.131,425.869,4.13133
0.00972997,43388.1,350.282,1.41395,0.789203,-150021,-602.168,422.647,4.12907,147194,597.602,425.875,4.13559
0.00973997,43388.1,350.716,1.41746,0.789217,-150212,-603.669,422.641,4.1333,147371,599.075,425.881,4.13985
0.00974997,43388.1,351.15,1.42097,0.789232,-150404,-605.172,422.635,4.13753,147548,600.55,425.887,4.14411
0.00975997,43388.1,351.583,1.42448,0.789246,-150595,-606.677,422.628,4.14175,147725,602.026,425.893,4.14837
0.00976996,43388.1,352.017,1.428,0.78926,-150786,-608.184,422.622,4.14598,147902,603.504,425.899,4.15262
0.00977996,43388.1,352.451,1.43152,0.789274,-150977,-609.692,422.616,4.1502,148079,604.984,425.905,4.15688
0.00978996,43388.1,352.885,1.43505,0.789289,-151168,-611.203,422.61,4.15443,148256,606.466,425.911,4.16114
0.00979996,43388.1,353.319,1.43858,0.789303,-151359,-612.716,422.604,4.15866,148433,607.949,425.918,4.1654
0.00980996,43388.1,353.753,1.44211,0.789317,-151551,-614.23,422.598,4.16288,148609,609.434,425.924,4.16966
0.00981996,43388.1,354.187,1.44565,0.789332,-151742,-615.746,422.592,4.16711,148786,610.921,425.93,4.17392
0.00982996,43388.1,354.62,1.4492,0.789346,-151933,-617.265,422.586,4.17133,148963,612.41,425.936,4.17818
0.00983996,43388.1,355.054,1.45274,0.789361,-152124,-618.785,422.579,4.17556,149140,613.9,425.942,4.18244
0.00984996,43388.1,355.488,1.4563,0.789375,-152316,-620.307,422.573,4.17979,149316,615.392,425.948,4.1867
0.00985996,43388.1,355.922,1.45985,0.78939,-152507,-621.831,422.567,4.18401,149493,616.886,425.954,4.19096
0.00986996,43388.1,356.356,1.46342,0.789405,-152698,-623.357,422.561,4.18824,149670,618.382,425.96,4.19522
0.00987996,43388.1,356.79,1.46698,0.789419,-152890,-624.885,422.555,4.19246,149846,619.88,425.967,4.19948
0.00988996,43388.1,357.224,1.47055,0.789434,-153081,-626.415,422.548,4.19669,150023,621.379,425.973,4.20374
0.00989996,43388.1,357.658,1.47413,0.789449,-153273,-627.947,422.542,4.20091,150200,622.88,425.979,4.208
0.00990996,43388.1,358.091,1.4777,0.789463,-153464,-629.48,422.536,4.20514,150376,624.383,425.985,4.21226
0.00991996,43388.1,358.525,1.48129,0.789478,-153656,-631.016,422.529,4.20936,150553,625.887,425.992,4.21652
0.00992996,43388.1,358.959,1.48487,0.789493,-153847,-632.553,422.523,4.21359,150729,627.394,425.998,4.22078
0.00993996,43388.1,359.393,1.48847,0.789508,-154039,-634.093,422.517,4.21781,150906,628.902,426.004,4.22504
0.00994996,43388.1,359.827,1.49206,0.789523,-154231,-635.634,422.51,4.22204,151082,630.412,426.01,4.2293
0.00995996,43388.1,360.261,1.49566,0.789538,-154422,-637.177,422.504,4.22626,151259,631.923,426.017,4.23356
0.00996996,43388.1,360.695,1.49927,0.789553,-154614,-638.722,422.498,4.23049,151435,633.437,426.023,4.23782
0.00997996,43388.1,361.128,1.50288,0.789568,-154806,-640.269,422.491,4.23471,151611,634.952,426.029,4.24208
0.00998996,43388.1,361.562,1.50649,0.789583,-154997,-641.818,422.485,4.23894,151788,636.469,426.036,4.24634
0.00999996,43388.1,361.996,1.51011,0.789598,-155189,-643.369,422.479,4.24316,151964,637.988,426.042,4.2506
0.01001,43388.1,362.43,1.51373,0.789613,-155381,-644.922,422.472,4.24739,152140,639.508,426.049,4.25486
0.01002,43388.1,362.864,1.51735,0.789628,-155573,-646.477,422.466,4.25161,152317,641.03,426.055,4.25912
0.01003,43388.1,363.298,1.52099,0.789643,-155764,-648.033,422.459,4.25584,152493,642.554,426.061,4.26338
0.01004,43388.1,363.732,1.52462,0.789659,-155956,-649.592,422.453,4.26006,152669,644.08,426.068,4.26764
0.01005,43388.1,364.165,1.52826,0.789674,-156148,-651.152,422.446,4.26429,152845,645.608,426.074,4.2719
0.01006,43388.1,364.599,1.5319,0.789689,-156340,-652.714,422.44,4.26851,153021,647.137,426.081,4.27616
0.01007,43388.1,365.033,1.53555,0.789705,-156532,-654.279,422.433,4.27274,153197,648.668,426.087,4.28042
0.01008,43388.1,365.467,1.5392,0.78972,-156724,-655.845,422.427,4.27696,153374,650.201,426.094,4.28468
0.01009,43388.1,365.901,1.54286,0.789735,-156916,-657.413,422.42,4.28118,153550,651.735,426.1,4.28894
0.0101,43388.1,366.335,1.54652,0.789751,-157108,-658.983,422.413,4.28541,153726,653.272,426.107,4.2932
0.01011,43388.1,366.769,1.55019,0.789766,-157300,-660.555,422.407,4.28963,153902,654.81,426.113,4.29747
0.01012,43388.1,367.203,1.55386,0.789782,-157492,-662.129,422.4,4.29386,154078,656.349,426.12,4.30173
0.01013,43388.1,367.636,1.55753,0.789797,-157684,-663.705,422.394,4.29808,154254,657.891,426.126,4.30599
0.01014,43388.1,368.07,1.56121,0.789813,-157876,-665.283,422.387,4.3023,154429,659.434,426.133,4.31025
0.01015,43388.1,368.504,1.56489,0.789828,-158069,-666.862,422.38,4.30653,154605,660.979,426.14,4.31451
0.0101599,43388.1,368.938,1.56858,0.789844,-158261,-668.444,422.374,4.31075,154781,662.526,426.146,4.31877
0.0101699,43388.1,369.372,1.57227,0.78986,-158453,-670.027,422.367,4.31498,154957,664.075,426.153,4.32303
0.0101799,43388.1,369.806,1.57597,0.789876,-158645,-671.613,422.36,4.3192,155133,665.625,426.159,4.32729
0.0101899,43388.1,370.24,1.57967,0.789891,-158837,-673.2,422.353,4.32342,155309,667.178,426.166,4.33156
0.0101999,43388.1,370.673,1.58337,0.789907,-159030,-674.789,422.347,4.32765,155484,668.731,426.173,4.33582
0.0102099,43388.1,371.107,1.58708,0.789923,-159222,-676.381,422.34,4.33187,155660,670.287,426.179,4.34008
0.0102199,43388.1,371.541,1.59079,0.789939,-159414,-677.974,422.333,4.33609,155836,671.845,426.186,4.34434
0.0102299,43388.1,371.975,1.59451,0.789955,-159607,-679.569,422.326,4.34032,156011,673.404,426.193,4.3486
0.0102399,43388.1,372.409,1.59823,0.789971,-159799,-681.166,422.32,4.34454,156187,674.965,426.2,4.35287
0.0102499,43388.1,372.843,1.60196,0.789987,-159992,-682.765,422.313,4.34876,156363,676.527,426.206,4.35713
0.0102599,43388.1,373.277,1.60569,0.790003,-160184,-684.365,422.306,4.35299,156538,678.092,426.213,4.36139
0.0102699,43388.1,373.71,1.60942,0.790019,-160377,-685.968,422.299,4.35721,156714,679.658,426.22,4.36565
0.0102799,43388.1,374.144,1.61316,0.790035,-160569,-687.573,422.292,4.36143,156889,681.226,426.227,4.36991
0.0102899,43388.1,374.578,1.61691,0.790051,-160762,-689.18,422.285,4.36565,157065,682.796,426.234,4.37418
0.0102999,43388.1,375.012,1.62065,0.790067,-160954,-690.788,422.278,4.36988,157240,684.367,426.24,4.37844
0.0103099,43388.1,375.446,1.62441,0.790084,-161147,-692.399,422.272,4.3741,157415,685.94,426.247,4.3827
0.0103199,43388.1,375.88,1.62816,0.7901,-161340,-694.011,422.265,4.37832,157591,687.515,426.254,4.38696
0.0103299,43388.1,376.314,1.63192,0.790116,-161532,-695.625,422.258,4.38255,157766,689.092,426.261,4.39123
0.0103399,43388.1,376.748,1.63569,0.790133,-161725,-697.241,422.251,4.38677,157941,690.67,426.268,4.39549
0.0103499,43388.1,377.181,1.63946,0.790149,-161918,-698.86,422.244,4.39099,158117,692.251,426.275,4.39975
0.0103599,43388.1,377.615,1.64323,0.790165,-162111,-700.48,422.237,4.39521,158292,693.833,426.282,4.40401
0.0103699,43388.1,378.049,1.64701,0.790182,-162303,-702.102,422.23,4.39944,158467,695.417,426.289,4.40828
0.0103799,43388.1,378.483,1.65079,0.790198,-162496,-703.726,422.223,4.40366,158642,697.002,426.296,4.41254
0.0103899,43388.1,378.917,1.65458,0.790215,-162689,-705.351,422.216,4.40788,158818,698.589,426.303,4.4168
0.0103999,43388.1,379.351,1.65837,0.790231,-162882,-706.979,422.209,4.4121,158993,700.178,426.31,4.42107
0.0104099,43388.1,379.785,1.66217,0.790248,-163075,-708.609,422.202,4.41632,159168,701.769,426.317,4.42533
0.0104199,43388.1,380.218,1.66597,0.790265,-163268,-710.241,422.194,4.42055,159343,703.361,426.324,4.42959
0.0104299,43388.1,380.652,1.66977,0.790281,-163461,-711.874,422.187,4.42477,159518,704.956,426.331,4.43386
0.0104399,43388.1,381.086,1.67358,0.790298,-163654,-713.51,422.18,4.42899,159693,706.552,426.338,4.43812
0.0104499,43388.1,381.52,1.67739,0.790315,-163847,-715.147,422.173,4.43321,159868,708.149,426.345,4.44238
0.0104599,43388.1,381.954,1.68121,0.790332,-164040,-716.786,422.166,4.43743,160043,709.749,426.352,4.44665
0.0104699,43388.1,382.388,1.68503,0.790348,-164233,-718.428,422.159,4.44166,160218,711.35,426.359,4.45091
0.0104799,43388.1,382.822,1.68886,0.790365,-164426,-720.071,422.152,4.44588,160393,712.953,426.366,4.45517
0.0104899,43388.1,383.255,1.69269,0.790382,-164619,-721.716,422.144,4.4501,160567,714.558,426.373,4.45944
0.0104999,43388.1,383.689,1.69652,0.790399,-164813,-723.363,422.137,4.45432,160742,716.164,426.38,4.4637
0.0105099,43388.1,384.123,1.70036,0.790416,-165006,-725.012,422.13,4.45854,160917,717.773,426.388,4.46796
0.0105199,43388.1,384.557,1.7042,0.790433,-165199,-726.663,422.123,4.46276,161092,719.382,426.395,4.47223
0.0105299,43388.1,384.991,1.70805,0.79045,-165392,-728.316,422.115,4.46698,161267,720.994,426.402,4.47649
0.0105399,43388.1,385.425,1.7119,0.790467,-165586,-729.971,422.108,4.4712,161441,722.608,426.409,4.48076
0.0105499,43388.1,385.859,1.71576,0.790484,-165779,-731.628,422.101,4.47543,161616,724.223,426.416,4.48502
0.0105599,43388.1,386.293,1.71962,0.790502,-165972,-733.286,422.093,4.47965,161791,725.84,426.424,4.48928
0.0105699,43388.1,386.726,1.72348,0.790519,-166166,-734.947,422.086,4.48387,161965,727.459,426.431,4.49355
0.0105799,43388.1,387.16,1.72735,0.790536,-166359,-736.61,422.079,4.48809,162140,729.079,426.438,4.49781
0.0105899,43388.1,387.594,1.73123,0.790553,-166553,-738.274,422.071,4.49231,162314,730.701,426.446,4.50208
0.0105999,43388.1,388.028,1.73511,0.790571,-166746,-739.941,422.064,4.49653,162489,732.325,426.453,4.50634
0.0106099,43388.1,388.462,1.73899,0.790588,-166940,-741.609,422.056,4.50075,162663,733.951,426.46,4.51061
0.0106199,43388.1,388.896,1.74287,0.790605,-167133,-743.279,422.049,4.50497,162838,735.578,426.468,4.51487
0.0106299,43388.1,389.33,1.74677,0.790623,-167327,-744.951,422.042,4.50919,163012,737.208,426.475,4.51914
0.0106399,43388.1,389.763,1.75066,0.79064,-167521,-746.626,422.034,4.51341,163186,738.839,426.482,4.5234
0.0106499,43388.1,390.197,1.75456,0.790658,-167714,-748.302,422.027,4.51763,163361,740.471,426.49,4.52767
0.0106599,43388.1,390.631,1.75846,0.790675,-167908,-749.98,422.019,4.52185,163535,742.106,426.497,4.53193
0.0106699,43388.1,391.065,1.76237,0.790693,-168102,-751.66,422.012,4.52607,163709,743.742,426.505,4.5362
0.0106799,43388.1,391.499,1.76628,0.790711,-168296,-753.342,422.004,4.53029,163884,745.38,426.512,4.54046
0.0106899,43388.1,391.933,1.7702,0.790728,-168489,-755.026,421.997,4.53451,164058,747.019,426.519,4.54473
0.0106999,43388.1,392.367,1.77412,0.790746,-168683,-756.711,421.989,4.53873,164232,748.661,426.527,4.54899
0.0107099,43388.1,392.801,1.77805,0.790764,-168877,-758.399,421.982,4.54295,164406,750.304,426.534,4.55326
0.0107199,43388.1,393.234,1.78198,0.790782,-169071,-760.089,421.974,4.54717,164580,751.949,426.542,4.55752
0.0107299,43388.1,393.668,1.78591,0.790799,-169265,-761.78,421.966,4.55139,164754,753.595,426.549,4.56179
0.0107399,43388.1,394.102,1.78985,0.790817,-169459,-763.474,421.959,4.55561,164928,755.244,426.557,4.56605
0.0107499,43388.1,394.536,1.7938,0.790835,-169653,-765.169,421.951,4.55983,165102,756.894,426.565,4.57032
0.0107599,43388.1,394.97,1.79774,0.790853,-169847,-766.867,421.943,4.56405,165276,758.546,426.572,4.57458
0.0107699,43388.1,395.404,1.80169,0.790871,-170041,-768.566,421.936,4.56827,165450,760.199,426.58,4.57885
0.0107799,43388.1,395.838,1.80565,0.790889,-170235,-770.268,421.928,4.57249,165624,761.854,426.587,4.58312
0.0107899,43388.1,396.271,1.80961,0.790907,-170429,-771.971,421.92,4.57671,165798,763.511,426.595,4.58738
0.0107999,43388.1,396.705,1.81358,0.790925,-170623,-773.676,421.913,4.58093,165972,765.17,426.603,4.59165
0.0108099,43388.1,397.139,1.81754,0.790944,-170817,-775.383,421.905,4.58515,166146,766.831,426.61,4.59591
0.0108199,43388.1,397.573,1.82152,0.790962,-171012,-777.092,421.897,4.58937,166319,768.493,426.618,4.60018
0.0108299,43388.1,398.007,1.8255,0.79098,-171206,-778.803,421.889,4.59358,166493,770.157,426.626,4.60445
0.0108399,43388.1,398.441,1.82948,0.790998,-171400,-780.516,421.881,4.5978,166667,771.823,426.633,4.60871
0.0108499,43388.1,398.875,1.83346,0.791017,-171594,-782.231,421.874,4.60202,166841,773.49,426.641,4.61298
0.0108599,43388.1,399.308,1.83745,0.791035,-171789,-783.948,421.866,4.60624,167014,775.159,426.649,4.61725
0.0108699,43388.1,399.742,1.84145,0.791053,-171983,-785.667,421.858,4.61046,167188,776.83,426.657,4.62151
0.0108799,43388.1,400.176,1.84545,0.791072,-172178,-787.387,421.85,4.61468,167361,778.503,426.664,4.62578
0.0108899,43388.1,400.61,1.84945,0.79109,-172372,-789.11,421.842,4.6189,167535,780.177,426.672,4.63005
0.0108999,43388.1,401.044,1.85346,0.791109,-172567,-790.835,421.834,4.62312,167708,781.854,426.68,4.63431
0.0109099,43388.1,401.478,1.85747,0.791127,-172761,-792.561,421.826,4.62733,167882,783.532,426.688,4.63858
0.0109199,43388.1,401.912,1.86149,0.791146,-172956,-794.29,421.818,4.63155,168055,785.211,426.696,4.64285
0.0109299,43388.1,402.345,1.86551,0.791165,-173150,-796.02,421.811,4.63577,168229,786.893,426.703,4.64711
0.0109399,43388.1,402.779,1.86954,0.791183,-173345,-797.753,421.803,4.63999,168402,788.576,426.711,4.65138
0.0109499,43388.1,403.213,1.87357,0.791202,-173539,-799.487,421.795,4.64421,168575,790.26,426.719,4.65565
0.0109599,43388.1,403.647,1.8776,0.791221,-173734,-801.223,421.787,4.64842,168749,791.947,426.727,4.65991
0.0109699,43388.1,404.081,1.88164,0.79124,-173929,-802.962,421.779,4.65264,168922,793.635,426.735,4.66418
0.0109799,43388.1,404.515,1.88568,0.791258,-174124,-804.702,421.771,4.65686,169095,795.325,426.743,4.66845
0.0109899,43388.1,404.949,1.88973,0.791277,-174318,-806.444,421.762,4.66108,169268,797.017,426.751,4.67272
0.0109999,43388.1,405.383,1.89378,0.791296,-174513,-808.188,421.754,4.66529,169441,798.71,426.759,4.67698
0.0110099,43388.1,405.816,1.89784,0.791315,-174708,-809.934,421.746,4.66951,169614,800.406,426.767,4.68125
0.0110199,43388.1,406.25,1.9019,0.791334,-174903,-811.682,421.738,4.67373,169788,802.103,426.775,4.68552
0.0110299,43388.1,406.684,1.90596,0.791353,-175098,-813.432,421.73,4.67795,169961,803.801,426.783,4.68979
0.0110399,43388.1,407.118,1.91003,0.791372,-175293,-815.184,421.722,4.68216,170134,805.502,426.791,4.69406
0.0110499,43388.1,407.552,1.9141,0.791391,-175488,-816.938,421.714,4.68638,170307,807.204,426.799,4.69832
0.0110599,43388.1,407.986,1.91818,0.791411,-175683,-818.693,421.706,4.6906,170479,808.908,426.807,4.70259
0.0110699,43388.1,408.42,1.92226,0.79143,-175878,-820.451,421.697,4.69482,170652,810.613,426.815,4.70686
0.0110799,43388.1,408.853,1.92635,0.791449,-176073,-822.211,421.689,4.69903,170825,812.321,426.823,4.71113
0.0110899,43388.1,409.287,1.93044,0.791468,-176268,-823.973,421.681,4.70325,170998,814.03,426.832,4.7154
0.0110999,43388.1,409.721,1.93453,0.791488,-176463,-825.736,421.673,4.70747,171171,815.74,426.84,4.71966
0.0111099,43388.1,410.155,1.93863,0.791507,-176659,-827.502,421.664,4.71168,171344,817.453,426.848,4.72393
0.0111199,43388.1,410.589,1.94274,0.791526,-176854,-829.269,421.656,4.7159,171516,819.167,426.856,4.7282
0.0111299,43388.1,411.023,1.94685,0.791546,-177049,-831.039,421.648,4.72012,171689,820.883,426.864,4.73247
0.0111399,43388.1,411.457,1.95096,0.791565,-177244,-832.81,421.64,4.72433,171862,822.601,426.872,4.73674
0.0111499,43388.1,411.891,1.95507,0.791585,-177440,-834.583,421.631,4.72855,172034,824.32,426.881,4.74101
0.0111599,43388.1,412.324,1.9592,0.791604,-177635,-836.359,421.623,4.73276,172207,826.041,426.889,4.74528
0.0111699,43388.1,412.758,1.96332,0.791624,-177831,-838.136,421.614,4.73698,172379,827.764,426.897,4.74955
0.0111799,43388.1,413.192,1.96745,0.791644,-178026,-839.915,421.606,4.7412,172552,829.489,426.905,4.75381
0.0111899,43388.1,413.626,1.97158,0.791663,-178221,-841.696,421.598,4.74541,172724,831.215,426.914,4.75808
0.0111999,43388.1,414.06,1.97572,0.791683,-178417,-843.479,421.589,4.74963,172897,832.943,426.922,4.76235
0.0112099,43388.1,414.494,1.97986,0.791703,-178613,-845.265,421.581,4.75384,173069,834.673,426.93,4.76662
0.0112199,43388.1,414.928,1.98401,0.791723,-178808,-847.052,421.572,4.75806,173241,836.404,426.939,4.77089
0.0112299,43388.1,415.361,1.98816,0.791743,-179004,-848.841,421.564,4.76228,173414,838.138,426.947,4.77516
0.0112399,43388.1,415.795,1.99232,0.791762,-179199,-850.632,421.555,4.76649,173586,839.873,426.956,4.77943
0.0112499,43388.1,416.229,1.99648,0.791782,-179395,-852.424,421.547,4.77071,173758,841.609,426.964,4.7837
0.0112599,43388.1,416.663,2.00064,0.791802,-179591,-854.219,421.538,4.77492,173930,843.348,426.972,4.78797
0.0112699,43388.1,417.097,2.00481,0.791822,-179787,-856.016,421.53,4.77914,174103,845.088,426.981,4.79224
0.0112799,43388.1,417.531,2.00898,0.791842,-179982,-857.815,421.521,4.78335,174275,846.83,426.989,4.79651
0.0112899,43388.1,417.965,2.01316,0.791863,-180178,-859.616,421.513,4.78757,174447,848.573,426.998,4.80078
0.0112999,43388.1,418.398,2.01734,0.791883,-180374,-861.418,421.504,4.79178,174619,850.318,427.006,4.80505
0.0113099,43388.1,418.832,2.02153,0.791903,-180570,-863.223,421.495,4.796,174791,852.065,427.015,4.80932
0.0113199,43388.1,419.266,2.02572,0.791923,-180766,-865.03,421.487,4.80021,174963,853.814,427.023,4.81359
0.0113299,43388.1,419.7,2.02991,0.791943,-180962,-866.838,421.478,4.80443,175135,855.564,427.032,4.81786
0.0113399,43388.1,420.134,2.03411,0.791964,-181158,-868.649,421.469,4.80864,175307,857.317,427.04,4.82213
0.0113499,43388.1,420.568,2.03832,0.791984,-181354,-870.461,421.461,4.81286,175479,859.07,427.049,4.8264
0.0113599,43388.1,421.002,2.04252,0.792005,-181550,-872.276,421.452,4.81707,175650,860.826,427.058,4.83067
0.0113699,43388.1,421.436,2.04674,0.792025,-181746,-874.092,421.443,4.82129,175822,862.583,427.066,4.83494
0.0113799,43388.1,421.869,2.05095,0.792045,-181943,-875.91,421.435,4.8255,175994,864.342,427.075,4.83921
0.0113899,43388.1,422.303,2.05517,0.792066,-182139,-877.731,421.426,4.82972,176166,866.103,427.084,4.84348
0.0113999,43388.1,422.737,2.0594,0.792087,-182335,-879.553,421.417,4.83393,176337,867.865,427.092,4.84775
0.0114099,43388.1,423.171,2.06363,0.792107,-182531,-881.377,421.408,4.83814,176509,869.63,427.101,4.85203
0.0114199,43388.1,423.605,2.06786,0.792128,-182728,-883.203,421.399,4.84236,176680,871.396,427.11,4.8563
0.0114299,43388.1,424.039,2.0721,0.792149,-182924,-885.032,421.39,4.84657,176852,873.163,427.118,4.86057
0.0114399,43388.1,424.473,2.07634,0.792169,-183120,-886.862,421.382,4.85079,177024,874.932,427.127,4.86484
0.0114499,43388.1,424.906,2.08059,0.79219,-183317,-888.694,421.373,4.855,177195,876.703,427.136,4.86911
0.0114599,43388.1,425.34,2.08484,0.792211,-183513,-890.528,421.364,4.85921,177366,878.476,427.145,4.87338
0.0114699,43388.1,425.774,2.0891,0.792232,-183710,-892.364,421.355,4.86343,177538,880.251,427.153,4.87765
0.0114799,43388.1,426.208,2.09335,0.792253,-183906,-894.202,421.346,4.86764,177709,882.027,427.162,4.88192
0.0114899,43388.1,426.642,2.09762,0.792274,-184103,-896.042,421.337,4.87185,177880,883.805,427.171,4.8862
0.0114999,43388.1,427.076,2.10189,0.792295,-184300,-897.884,421.328,4.87607,178052,885.584,427.18,4.89047
0.0115099,43388.1,427.51,2.10616,0.792316,-184496,-899.728,421.319,4.88028,178223,887.366,427.189,4.89474
0.0115199,43388.1,427.943,2.11044,0.792337,-184693,-901.574,421.31,4.88449,178394,889.149,427.198,4.89901
0.0115299,43388.1,428.377,2.11472,0.792358,-184890,-903.422,421.301,4.88871,178565,890.933,427.207,4.90328
0.0115399,43388.1,428.811,2.119,0.792379,-185086,-905.271,421.292,4.89292,178736,892.72,427.215,4.90756
0.0115499,43388.1,429.245,2.12329,0.7924,-185283,-907.123,421.283,4.89713,178908,894.508,427.224,4.91183
0.0115599,43388.1,429.679,2.12759,0.792421,-185480,-908.977,421.274,4.90134,179079,896.298,427.233,4.9161
0.0115699,43388.1,430.113,2.13189,0.792443,-185677,-910.833,421.265,4.90556,179250,898.089,427.242,4.92037
0.0115799,43388.1,430.547,2.13619,0.792464,-185874,-912.69,421.256,4.90977,179421,899.883,427.251,4.92464
0.0115899,43388.1,430.98,2.1405,0.792485,-186071,-914.55,421.247,4.91398,179591,901.678,427.26,4.92892
0.0115999,43388.1,431.414,2.14481,0.792507,-186268,-916.412,421.237,4.91819,179762,903.474,427.269,4.93319
0.0116099,43388.1,431.848,2.14913,0.792528,-186465,-918.275,421.228,4.92241,179933,905.273,427.278,4.93746
0.0116199,43388.1,432.282,2.15345,0.79255,-186662,-920.141,421.219,4.92662,180104,907.073,427.287,4.94174
0.0116299,43388.1,432.716,2.15777,0.792571,-186859,-922.008,421.21,4.93083,180275,908.875,427.297,4.94601
0.0116399,43388.1,433.15,2.1621,0.792593,-187056,-923.878,421.201,4.93504,180445,910.678,427.306,4.95028
0.0116499,43388.1,433.584,2.16643,0.792615,-187254,-925.749,421.191,4.93926,180616,912.483,427.315,4.95455
0.0116599,43388.1,434.018,2.17077,0.792636,-187451,-927.623,421.182,4.94347,180787,914.29,427.324,4.95883
0.0116699,43388.1,434.451,2.17511,0.792658,-187648,-929.498,421.173,4.94768,180957,916.099,427.333,4.9631
0.0116799,43388.1,434.885,2.17946,0.79268,-187845,-931.376,421.164,4.95189,181128,917.909,427.342,4.96737
0.0116899,43388.1,435.319,2.18381,0.792702,-188043,-933.255,421.154,4.9561,181298,919.721,427.351,4.97165
0.0116999,43388.1,435.753,2.18817,0.792724,-188240,-935.136,421.145,4.96031,181469,921.535,427.361,4.97592
0.0117099,43388.1,436.187,2.19253,0.792745,-188438,-937.02,421.135,4.96453,181639,923.351,427.37,4.9802
0.0117199,43388.1,436.621,2.19689,0.792767,-188635,-938.905,421.126,4.96874,181810,925.168,427.379,4.98447
0.0117299,43388.1,437.055,2.20126,0.792789,-188833,-940.792,421.117,4.97295,181980,926.987,427.388,4.98874
0.0117399,43388.1,437.488,2.20563,0.792811,-189030,-942.681,421.107,4.97716,182150,928.807,427.398,4.99302
0.0117499,43388.1,437.922,2.21001,0.792834,-189228,-944.573,421.098,4.98137,182321,930.63,427.407,4.99729
0.0117599,43388.1,438.356,2.21439,0.792856,-189425,-946.466,421.088,4.98558,182491,932.454,427.416,5.00156
0.0117699,43388.1,438.79,2.21877,0.792878,-189623,-948.361,421.079,4.98979,182661,934.279,427.426,5.00584
0.0117799,43388.1,439.224,2.22316,0.7929,-189821,-950.258,421.069,4.994,182831,936.107,427.435,5.01011
0.0117899,43388.1,439.658,2.22756,0.792922,-190018,-952.157,421.06,4.99821,183001,937.936,427.444,5.01439
0.0117999,43388.1,440.092,2.23196,0.792945,-190216,-954.058,421.05,5.00242,183171,939.766,427.454,5.01866
0.0118099,43388.1,440.526,2.23636,0.792967,-190414,-955.961,421.041,5.00663,183341,941.599,427.463,5.02294
0.0118199,43388.1,440.959,2.24077,0.792989,-190612,-957.866,421.031,5.01085,183511,943.433,427.472,5.02721
0.0118299,43388.1,441.393,2.24518,0.793012,-190810,-959.774,421.022,5.01506,183681,945.269,427.482,5.03149
0.0118399,43388.1,441.827,2.2496,0.793034,-191008,-961.682,421.012,5.01927,183851,947.107,427.491,5.03576
0.0118499,43388.1,442.261,2.25402,0.793057,-191206,-963.593,421.002,5.02348,184021,948.946,427.501,5.04004
0.0118599,43388.1,442.695,2.25844,0.793079,-191404,-965.506,420.993,5.02769,184191,950.787,427.51,5.04431
0.0118699,43388.1,443.129,2.26287,0.793102,-191602,-967.421,420.983,5.0319,184361,952.63,427.52,5.04859
0.0118799,43388.1,443.563,2.2673,0.793124,-191800,-969.338,420.973,5.03611,184530,954.474,427.529,5.05286
0.0118899,43388.1,443.996,2.27174,0.793147,-191998,-971.257,420.964,5.04032,184700,956.32,427.539,5.05714
0.0118999,43388.1,444.43,2.27618,0.79317,-192196,-973.178,420.954,5.04452,184870,958.168,427.549,5.06141
0.0119099,43388.1,444.864,2.28063,0.793193,-192395,-975.101,420.944,5.04873,185039,960.017,427.558,5.06569
0.0119199,43388.1,445.298,2.28508,0.793216,-192593,-977.026,420.935,5.05294,185209,961.869,427.568,5.06996
0.0119299,43388.1,445.732,2.28953,0.793238,-192791,-978.953,420.925,5.05715,185378,963.721,427.577,5.07424
0.0119399,43388.1,446.166,2.29399,0.793261,-192990,-980.882,420.915,5.06136,185548,965.576,427.587,5.07851
0.0119499,43388.1,446.6,2.29846,0.793284,-193188,-982.812,420.905,5.06557,185717,967.432,427.597,5.08279
0.0119599,43388.1,447.033,2.30292,0.793307,-193387,-984.745,420.895,5.06978,185886,969.29,427.606,5.08707
0.0119699,43388.1,447.467,2.3074,0.79333,-193585,-986.68,420.885,5.07399,186056,971.15,427.616,5.09134
0.0119799,43388.1,447.901,2.31187,0.793353,-193784,-988.617,420.876,5.0782,186225,973.011,427.626,5.09562
0.0119899,43388.1,448.335,2.31635,0.793377,-193982,-990.556,420.866,5.08241,186394,974.874,427.635,5.0999
0.0119999,43388.1,448.769,2.32084,0.7934,-194181,-992.496,420.856,5.08662,186564,976.739,427.645,5.10417
0.0120099,43388.1,449.203,2.32533,0.793423,-194379,-994.439,420.846,5.09082,186733,978.605,427.655,5.10845
0.0120199,43388.1,449.637,2.32982,0.793446,-194578,-996.384,420.836,5.09503,186902,980.473,427.665,5.11272
0.0120299,43388.1,450.071,2.33432,0.79347,-194777,-998.33,420.826,5.09924,187071,982.343,427.675,5.117
0.0120399,43388.1,450.504,2.33882,0.793493,-194976,-1000.28,420.816,5.10345,187240,984.215,427.684,5.12128
0.0120499,43388.1,450.938,2.34333,0.793516,-195174,-1002.23,420.806,5.10766,187409,986.088,427.694,5.12555
0.0120599,43388.1,451.372,2.34784,0.79354,-195373,-1004.18,420.796,5.11187,187578,987.963,427.704,5.12983
0.0120699,43388.1,451.806,2.35236,0.793563,-195572,-1006.14,420.786,5.11607,187747,989.839,427.714,5.13411
0.0120799,43388.1,452.24,2.35688,0.793587,-195771,-1008.09,420.776,5.12028,187916,991.717,427.724,5.13839
0.0120899,43388.1,452.674,2.3614,0.79361,-195970,-1010.05,420.766,5.12449,188084,993.597,427.734,5.14266
0.0120999,43388.1,453.108,2.36593,0.793634,-196169,-1012.01,420.756,5.1287,188253,995.479,427.744,5.14694
0.0121099,43388.1,453.541,2.37047,0.793658,-196368,-1013.98,420.745,5.1329,188422,997.362,427.754,5.15122
0.0121199,43388.1,453.975,2.375,0.793682,-196567,-1015.94,420.735,5.13711,188591,999.247,427.764,5.1555
0.0121299,43388.1,454.409,2.37954,0.793705,-196767,-1017.91,420.725,5.14132,188759,1001.13,427.774,5.15977
0.0121399,43388.1,454.843,2.38409,0.793729,-196966,-1019.88,420.715,5.14553,188928,1003.02,427.784,5.16405
0.0121499,43388.1,455.277,2.38864,0.793753,-197165,-1021.85,420.705,5.14973,189096,1004.91,427.794,5.16833
0.0121599,43388.1,455.711,2.3932,0.793777,-197364,-1023.82,420.694,5.15394,189265,1006.8,427.804,5.17261
0.0121699,43388.1,456.145,2.39775,0.793801,-197564,-1025.79,420.684,5.15815,189433,1008.7,427.814,5.17689
0.0121799,43388.1,456.578,2.40232,0.793825,-197763,-1027.77,420.674,5.16235,189602,1010.59,427.824,5.18116
0.0121899,43388.1,457.012,2.40689,0.793849,-197962,-1029.75,420.664,5.16656,189770,1012.49,427.834,5.18544
0.0121999,43388.1,457.446,2.41146,0.793873,-198162,-1031.73,420.653,5.17077,189938,1014.39,427.844,5.18972
0.0122099,43388.1,457.88,2.41603,0.793897,-198361,-1033.71,420.643,5.17497,190107,1016.29,427.854,5.194
0.0122199,43388.1,458.314,2.42062,0.793921,-198561,-1035.7,420.633,5.17918,190275,1018.19,427.865,5.19828
0.0122299,43388.1,458.748,2.4252,0.793945,-198761,-1037.68,420.622,5.18339,190443,1020.09,427.875,5.20256
0.0122399,43388.1,459.182,2.42979,0.79397,-198960,-1039.67,420.612,5.18759,190611,1022,427.885,5.20683
0.0122499,43388.1,459.616,2.43438,0.793994,-199160,-1041.66,420.602,5.1918,190779,1023.91,427.895,5.21111
0.0122599,43388.1,460.049,2.43898,0.794018,-199360,-1043.65,420.591,5.196,190947,1025.81,427.906,5.21539
0.0122699,43388.1,460.483,2.44358,0.794043,-199559,-1045.65,420.581,5.20021,191115,1027.72,427.916,5.21967
0.0122799,43388.1,460.917,2.44819,0.794067,-199759,-1047.64,420.57,5.20442,191283,1029.64,427.926,5.22395
0.0122899,43388.1,461.351,2.4528,0.794092,-199959,-1049.64,420.56,5.20862,191451,1031.55,427.936,5.22823
0.0122999,43388.1,461.785,2.45742,0.794116,-200159,-1051.64,420.549,5.21283,191619,1033.47,427.947,5.23251
0.0123099,43388.1,462.219,2.46204,0.794141,-200359,-1053.65,420.539,5.21703,191787,1035.38,427.957,5.23679
0.0123199,43388.1,462.653,2.46666,0.794166,-200559,-1055.65,420.528,5.22124,191954,1037.3,427.967,5.24107
0.0123299,43388.1,463.086,2.47129,0.79419,-200759,-1057.66,420.518,5.22544,192122,1039.22,427.978,5.24535
0.0123399,43388.1,463.52,2.47592,0.794215,-200959,-1059.67,420.507,5.22965,192290,1041.14,427.988,5.24963
0.0123499,43388.1,463.954,2.48056,0.79424,-201159,-1061.68,420.496,5.23385,192457,1043.07,427.999,5.25391
0.0123599,43388.1,464.388,2.4852,0.794265,-201359,-1063.69,420.486,5.23806,192625,1044.99,428.009,5.25819
0.0123699,43388.1,464.822,2.48985,0.79429,-201560,-1065.7,420.475,5.24226,192793,1046.92,428.02,5.26247
0.0123799,43388.1,465.256,2.4945,0.794314,-201760,-1067.72,420.464,5.24647,192960,1048.85,428.03,5.26675
0.0123899,43388.1,465.69,2.49915,0.794339,-201960,-1069.74,420.454,5.25067,193127,1050.78,428.04,5.27103
0.0123999,43388.1,466.123,2.50381,0.794364,-202160,-1071.76,420.443,5.25488,193295,1052.71,428.051,5.27531
0.0124099,43388.1,466.557,2.50847,0.794389,-202361,-1073.78,420.432,5.25908,193462,1054.64,428.062,5.27959
0.0124199,43388.1,466.991,2.51314,0.794415,-202561,-1075.81,420.422,5.26328,193630,1056.58,428.072,5.28387
0.0124299,43388.1,467.425,2.51781,0.79444,-202762,-1077.83,420.411,5.26749,193797,1058.52,428.083,5.28815
0.0124399,43388.1,467.859,2.52249,0.794465,-202962,-1079.86,420.4,5.27169,193964,1060.45,428.093,5.29243
0.0124499,43388.1,468.293,2.52717,0.79449,-203163,-1081.89,420.389,5.2759,194131,1062.4,428.104,5.29671
0.0124599,43388.1,468.727,2.53186,0.794515,-203363,-1083.92,420.378,5.2801,194298,1064.34,428.115,5.30099
0.0124699,43388.1,469.161,2.53655,0.794541,-203564,-1085.96,420.367,5.2843,194465,1066.28,428.125,5.30528
0.0124799,43388.1,469.594,2.54124,0.794566,-203765,-1088,420.357,5.28851,194632,1068.23,428.136,5.30956
0.0124899,43388.1,470.028,2.54594,0.794592,-203966,-1090.03,420.346,5.29271,194799,1070.17,428.147,5.31384
0.0124999,43388.1,470.462,2.55064,0.794617,-204166,-1092.07,420.335,5.29692,194966,1072.12,428.157,5.31812
0.0125099,43388.1,470.896,2.55535,0.794643,-204367,-1094.12,420.324,5.30112,195133,1074.07,428.168,5.3224
0.0125199,43388.1,471.33,2.56006,0.794668,-204568,-1096.16,420.313,5.30532,195300,1076.02,428.179,5.32668
0.0125299,43388.1,471.764,2.56477,0.794694,-204769,-1098.21,420.302,5.30952,195467,1077.98,428.19,5.33097
0.0125399,43388.1,472.198,2.56949,0.79472,-204970,-1100.26,420.291,5.31373,195633,1079.93,428.2,5.33525
0.0125499,43388.1,472.631,2.57422,0.794745,-205171,-1102.31,420.28,5.31793,195800,1081.89,428.211,5.33953
0.0125599,43388.1,473.065,2.57894,0.794771,-205372,-1104.36,420.269,5.32213,195967,1083.85,428.222,5.34381
0.0125699,43388.1,473.499,2.58368,0.794797,-205573,-1106.41,420.258,5.32634,196133,1085.81,428.233,5.34809
0.0125799,43388.1,473.933,2.58841,0.794823,-205774,-1108.47,420.247,5.33054,196300,1087.77,428.244,5.35238
0.0125899,43388.1,474.367,2.59315,0.794849,-205976,-1110.53,420.236,5.33474,196466,1089.74,428.255,5.35666
0.0125999,43388.1,474.801,2.5979,0.794875,-206177,-1112.59,420.225,5.33894,196633,1091.7,428.265,5.36094
0.0126099,43388.1,475.235,2.60265,0.794901,-206378,-1114.65,420.213,5.34315,196799,1093.67,428.276,5.36522
0.0126199,43388.1,475.668,2.6074,0.794927,-206580,-1116.72,420.202,5.34735,196965,1095.64,428.287,5.36951
0.0126299,43388.1,476.102,2.61216,0.794953,-206781,-1118.79,420.191,5.35155,197132,1097.61,428.298,5.37379
0.0126399,43388.1,476.536,2.61693,0.794979,-206982,-1120.85,420.18,5.35575,197298,1099.58,428.309,5.37807
0.0126499,43388.1,476.97,2.62169,0.795005,-207184,-1122.92,420.169,5.35995,197464,1101.55,428.32,5.38236
0.0126599,43388.1,477.404,2.62647,0.795031,-207385,-1125,420.157,5.36415,197630,1103.53,428.331,5.38664
0.0126699,43388.1,477.838,2.63124,0.795058,-207587,-1127.07,420.146,5.36836,197796,1105.51,428.342,5.39092
0.0126799,43388.1,478.272,2.63602,0.795084,-207789,-1129.15,420.135,5.37256,197962,1107.48,428.353,5.39521
0.0126899,43388.1,478.706,2.64081,0.79511,-207990,-1131.23,420.124,5.37676,198128,1109.47,428.365,5.39949
0.0126999,43388.1,479.139,2.6456,0.795137,-208192,-1133.31,420.112,5.38096,198294,1111.45,428.376,5.40377
0.0127099,43388.1,479.573,2.65039,0.795163,-208394,-1135.39,420.101,5.38516,198460,1113.43,428.387,5.40806
0.0127199,43388.1,480.007,2.65519,0.79519,-208596,-1137.48,420.09,5.38936,198626,1115.42,428.398,5.41234
0.0127298,43388.1,480.441,2.65999,0.795216,-208798,-1139.56,420.078,5.39356,198792,1117.4,428.409,5.41663
0.0127398,43388.1,480.875,2.66479,0.795243,-208999,-1141.65,420.067,5.39776,198957,1119.39,428.42,5.42091
0.0127498,43388.1,481.309,2.66961,0.79527,-209201,-1143.74,420.055,5.40196,199123,1121.38,428.431,5.42519
0.0127598,43388.1,481.743,2.67442,0.795296,-209403,-1145.84,420.044,5.40616,199289,1123.37,428.443,5.42948
0.0127698,43388.1,482.176,2.67924,0.795323,-209606,-1147.93,420.032,5.41037,199454,1125.37,428.454,5.43376
0.0127798,43388.1,482.61,2.68406,0.79535,-209808,-1150.03,420.021,5.41457,199620,1127.36,428.465,5.43805
0.0127898,43388.1,483.044,2.68889,0.795377,-210010,-1152.13,420.009,5.41877,199785,1129.36,428.476,5.44233
0.0127998,43388.1,483.478,2.69372,0.795404,-210212,-1154.23,419.998,5.42297,199951,1131.36,428.488,5.44662
0.0128098,43388.1,483.912,2.69856,0.795431,-210414,-1156.33,419.986,5.42717,200116,1133.36,428.499,5.4509
0.0128198,43388.1,484.346,2.7034,0.795458,-210617,-1158.44,419.975,5.43137,200281,1135.36,428.51,5.45519
0.0128298,43388.1,484.78,2.70825,0.795485,-210819,-1160.54,419.963,5.43556,200447,1137.36,428.522,5.45947
0.0128398,43388.1,485.213,2.7131,0.795512,-211021,-1162.65,419.952,5.43976,200612,1139.37,428.533,5.46376
0.0128498,43388.1,485.647,2.71795,0.795539,-211224,-1164.76,419.94,5.44396,200777,1141.38,428.545,5.46804
0.0128598,43388.1,486.081,2.72281,0.795566,-211426,-1166.88,419.928,5.44816,200942,1143.38,428.556,5.47233
0.0128698,43388.1,486.515,2.72767,0.795593,-211629,-1168.99,419.917,5.45236,201107,1145.4,428.567,5.47661
0.0128798,43388.1,486.949,2.73254,0.795621,-211831,-1171.11,419.905,5.45656,201272,1147.41,428.579,5.4809
0.0128898,43388.1,487.383,2.73741,0.795648,-212034,-1173.23,419.893,5.46076,201437,1149.42,428.59,5.48519
0.0128998,43388.1,487.817,2.74229,0.795675,-212237,-1175.35,419.881,5.46496,201602,1151.44,428.602,5.48947
0.0129098,43388.1,488.251,2.74717,0.795703,-212439,-1177.47,419.87,5.46916,201767,1153.45,428.613,5.49376
0.0129198,43388.1,488.684,2.75205,0.79573,-212642,-1179.6,419.858,5.47336,201932,1155.47,428.625,5.49804
0.0129298,43388.1,489.118,2.75694,0.795758,-212845,-1181.73,419.846,5.47756,202096,1157.49,428.637,5.50233
0.0129398,43388.1,489.552,2.76183,0.795786,-213048,-1183.85,419.834,5.48175,202261,1159.51,428.648,5.50662
0.0129498,43388.1,489.986,2.76673,0.795813,-213251,-1185.99,419.822,5.48595,202426,1161.54,428.66,5.5109
0.0129598,43388.1,490.42,2.77163,0.795841,-213454,-1188.12,419.811,5.49015,202590,1163.56,428.671,5.51519
0.0129698,43388.1,490.854,2.77654,0.795869,-213657,-1190.26,419.799,5.49435,202755,1165.59,428.683,5.51948
0.0129798,43388.1,491.288,2.78145,0.795896,-213860,-1192.39,419.787,5.49855,202919,1167.62,428.695,5.52376
0.0129898,43388.1,491.721,2.78636,0.795924,-214063,-1194.53,419.775,5.50274,203084,1169.65,428.706,5.52805
0.0129998,43388.1,492.155,2.79128,0.795952,-214266,-1196.67,419.763,5.50694,203248,1171.68,428.718,5.53234
0.0130098,43388.1,492.589,2.79621,0.79598,-214470,-1198.82,419.751,5.51114,203413,1173.71,428.73,5.53662
0.0130198,43388.1,493.023,2.80114,0.796008,-214673,-1200.96,419.739,5.51534,203577,1175.75,428.741,5.54091
0.0130298,43388.1,493.457,2.80607,0.796036,-214876,-1203.11,419.727,5.51953,203741,1177.78,428.753,5.5452
0.0130398,43388.1,493.891,2.811,0.796064,-215080,-1205.26,419.715,5.52373,203905,1179.82,428.765,5.54949
0.0130498,43388.1,494.325,2.81594,0.796092,-215283,-1207.41,419.703,5.52793,204069,1181.86,428.777,5.55377
0.0130598,43388.1,494.758,2.82089,0.79612,-215486,-1209.57,419.691,5.53212,204233,1183.9,428.789,5.55806
0.0130698,43388.1,495.192,2.82584,0.796149,-215690,-1211.72,419.679,5.53632,204397,1185.94,428.801,5.56235
0.0130798,43388.1,495.626,2.83079,0.796177,-215894,-1213.88,419.666,5.54052,204561,1187.99,428.812,5.56664
0.0130898,43388.1,496.06,2.83575,0.796205,-216097,-1216.04,419.654,5.54471,204725,1190.04,428.824,5.57093
0.0130998,43388.1,496.494,2.84071,0.796234,-216301,-1218.2,419.642,5.54891,204889,1192.08,428.836,5.57521
0.0131098,43388.1,496.928,2.84568,0.796262,-216505,-1220.37,419.63,5.55311,205053,1194.13,428.848,5.5795
0.0131198,43388.1,497.362,2.85065,0.796291,-216708,-1222.53,419.618,5.5573,205217,1196.18,428.86,5.58379
0.0131298,43388.1,497.796,2.85563,0.796319,-216912,-1224.7,419.605,5.5615,205380,1198.24,428.872,5.58808
0.0131398,43388.1,498.229,2.86061,0.796348,-217116,-1226.87,419.593,5.5657,205544,1200.29,428.884,5.59237
0.0131498,43388.1,498.663,2.86559,0.796376,-217320,-1229.04,419.581,5.56989,205708,1202.35,428.896,5.59666
0.0131598,43388.1,499.097,2.87058,0.796405,-217524,-1231.22,419.569,5.57409,205871,1204.41,428.908,5.60095
0.0131698,43388.1,499.531,2.87557,0.796434,-217728,-1233.39,419.556,5.57828,206035,1206.47,428.92,5.60524
0.0131798,43388.1,499.965,2.88057,0.796463,-217932,-1235.57,419.544,5.58248,206198,1208.53,428.932,5.60953
0.0131898,43388.1,500.399,2.88557,0.796491,-218136,-1237.75,419.532,5.58667,206361,1210.59,428.944,5.61381
0.0131998,43388.1,500.833,2.89058,0.79652,-218341,-1239.93,419.519,5.59087,206525,1212.65,428.956,5.6181
0.0132098,43388.1,501.266,2.89559,0.796549,-218545,-1242.12,419.507,5.59506,206688,1214.72,428.969,5.62239
0.0132198,43388.1,501.7,2.9006,0.796578,-218749,-1244.3,419.494,5.59926,206851,1216.79,428.981,5.62668
0.0132298,43388.1,502.134,2.90562,0.796607,-218954,-1246.49,419.482,5.60345,207014,1218.86,428.993,5.63097
0.0132398,43388.1,502.568,2.91065,0.796636,-219158,-1248.68,419.469,5.60765,207177,1220.93,429.005,5.63526
0.0132498,43388.1,503.002,2.91567,0.796665,-219362,-1250.87,419.457,5.61184,207340,1223,429.017,5.63955
0.0132598,43388.1,503.436,2.92071,0.796695,-219567,-1253.07,419.444,5.61604,207504,1225.07,429.03,5.64384
0.0132698,43388.1,503.87,2.92574,0.796724,-219771,-1255.27,419.432,5.62023,207666,1227.15,429.042,5.64813
0.0132798,43388.1,504.303,2.93078,0.796753,-219976,-1257.46,419.419,5.62443,207829,1229.23,429.054,5.65242
0.0132898,43388.1,504.737,2.93583,0.796782,-220181,-1259.67,419.407,5.62862,207992,1231.31,429.066,5.65672
0.0132998,43388.1,505.171,2.94088,0.796812,-220385,-1261.87,419.394,5.63282,208155,1233.39,429.079,5.66101
0.0133098,43388.1,505.605,2.94593,0.796841,-220590,-1264.07,419.382,5.63701,208318,1235.47,429.091,5.6653
0.0133198,43388.1,506.039,2.95099,0.796871,-220795,-1266.28,419.369,5.6412,208480,1237.55,429.103,5.66959
0.0133298,43388.1,506.473,2.95605,0.7969,-221000,-1268.49,419.356,5.6454,208643,1239.64,429.116,5.67388
0.0133398,43388.1,506.907,2.96112,0.79693,-221205,-1270.7,419.344,5.64959,208805,1241.73,429.128,5.67817
0.0133498,43388.1,507.341,2.96619,0.796959,-221410,-1272.91,419.331,5.65378,208968,1243.81,429.141,5.68246
0.0133598,43388.1,507.774,2.97126,0.796989,-221615,-1275.13,419.318,5.65798,209130,1245.9,429.153,5.68675
0.0133698,43388.1,508.208,2.97634,0.797019,-221820,-1277.34,419.305,5.66217,209293,1248,429.166,5.69104
0.0133798,43388.1,508.642,2.98143,0.797049,-222025,-1279.56,419.293,5.66636,209455,1250.09,429.178,5.69534
0.0133898,43388.1,509.076,2.98652,0.797079,-222230,-1281.78,419.28,5.67056,209617,1252.19,429.191,5.69963
0.0133998,43388.1,509.51,2.99161,0.797108,-222436,-1284.01,419.267,5.67475,209779,1254.28,429.203,5.70392
0.0134098,43388.1,509.944,2.99671,0.797138,-222641,-1286.23,419.254,5.67894,209941,1256.38,429.216,5.70821
0.0134198,43388.1,510.378,3.00181,0.797168,-222846,-1288.46,419.241,5.68313,210104,1258.48,429.228,5.7125
0.0134298,43388.1,510.811,3.00691,0.797198,-223052,-1290.69,419.228,5.68733,210266,1260.58,429.241,5.7168
0.0134398,43388.1,511.245,3.01202,0.797229,-223257,-1292.92,419.215,5.69152,210428,1262.69,429.253,5.72109
0.0134498,43388.1,511.679,3.01714,0.797259,-223463,-1295.15,419.202,5.69571,210589,1264.79,429.266,5.72538
0.0134598,43388.1,512.113,3.02226,0.797289,-223668,-1297.39,419.189,5.6999,210751,1266.9,429.279,5.72967
0.0134698,43388.1,512.547,3.02738,0.797319,-223874,-1299.63,419.176,5.70409,210913,1269.01,429.291,5.73397
0.0134798,43388.1,512.981,3.03251,0.797349,-224079,-1301.87,419.163,5.70829,211075,1271.12,429.304,5.73826
0.0134898,43388.1,513.415,3.03764,0.79738,-224285,-1304.11,419.15,5.71248,211237,1273.23,429.317,5.74255
0.0134998,43388.1,513.849,3.04278,0.79741,-224491,-1306.35,419.137,5.71667,211398,1275.34,429.33,5.74685
0.0135098,43388.1,514.282,3.04792,0.797441,-224697,-1308.6,419.124,5.72086,211560,1277.46,429.342,5.75114
0.0135198,43388.1,514.716,3.05306,0.797471,-224903,-1310.85,419.111,5.72505,211721,1279.57,429.355,5.75543
0.0135298,43388.1,515.15,3.05821,0.797502,-225109,-1313.1,419.098,5.72924,211883,1281.69,429.368,5.75973
0.0135398,43388.1,515.584,3.06336,0.797532,-225315,-1315.35,419.085,5.73343,212044,1283.81,429.381,5.76402
0.0135498,43388.1,516.018,3.06852,0.797563,-225521,-1317.6,419.072,5.73762,212205,1285.93,429.394,5.76831
0.0135598,43388.1,516.452,3.07368,0.797594,-225727,-1319.86,419.059,5.74181,212367,1288.05,429.406,5.77261
0.0135698,43388.1,516.886,3.07885,0.797624,-225933,-1322.12,419.045,5.74601,212528,1290.18,429.419,5.7769
0.0135798,43388.1,517.319,3.08402,0.797655,-226139,-1324.38,419.032,5.7502,212689,1292.3,429.432,5.7812
0.0135898,43388.1,517.753,3.0892,0.797686,-226345,-1326.64,419.019,5.75439,212850,1294.43,429.445,5.78549
0.0135998,43388.1,518.187,3.09437,0.797717,-226552,-1328.9,419.006,5.75858,213011,1296.56,429.458,5.78979
0.0136098,43388.1,518.621,3.09956,0.797748,-226758,-1331.17,418.992,5.76277,213172,1298.69,429.471,5.79408
0.0136198,43388.1,519.055,3.10475,0.797779,-226965,-1333.44,418.979,5.76696,213333,1300.82,429.484,5.79838
0.0136298,43388.1,519.489,3.10994,0.79781,-227171,-1335.71,418.966,5.77115,213494,1302.96,429.497,5.80267
0.0136398,43388.1,519.923,3.11514,0.797841,-227378,-1337.98,418.952,5.77533,213655,1305.09,429.51,5.80697
0.0136498,43388.1,520.356,3.12034,0.797872,-227584,-1340.26,418.939,5.77952,213815,1307.23,429.523,5.81126
0.0136598,43388.1,520.79,3.12554,0.797904,-227791,-1342.53,418.925,5.78371,213976,1309.37,429.536,5.81556
0.0136698,43388.1,521.224,3.13075,0.797935,-227998,-1344.81,418.912,5.7879,214137,1311.51,429.549,5.81985
0.0136798,43388.1,521.658,3.13597,0.797966,-228204,-1347.09,418.899,5.79209,214297,1313.65,429.563,5.82415
0.0136898,43388.1,522.092,3.14119,0.797998,-228411,-1349.38,418.885,5.79628,214458,1315.8,429.576,5.82844
0.0136998,43388.1,522.526,3.14641,0.798029,-228618,-1351.66,418.872,5.80047,214618,1317.94,429.589,5.83274
0.0137098,43388.1,522.96,3.15164,0.79806,-228825,-1353.95,418.858,5.80466,214779,1320.09,429.602,5.83703
0.0137198,43388.1,523.393,3.15687,0.798092,-229032,-1356.24,418.844,5.80885,214939,1322.24,429.615,5.84133
0.0137298,43388.1,523.827,3.1621,0.798124,-229239,-1358.53,418.831,5.81304,215099,1324.39,429.629,5.84563
0.0137398,43388.1,524.261,3.16734,0.798155,-229446,-1360.82,418.817,5.81722,215260,1326.54,429.642,5.84992
0.0137498,43388.1,524.695,3.17259,0.798187,-229653,-1363.12,418.804,5.82141,215420,1328.69,429.655,5.85422
0.0137598,43388.1,525.129,3.17784,0.798219,-229861,-1365.42,418.79,5.8256,215580,1330.85,429.668,5.85852
0.0137698,43388.1,525.563,3.18309,0.79825,-230068,-1367.72,418.776,5.82979,215740,1333,429.682,5.86281
0.0137798,43388.1,525.997,3.18835,0.798282,-230275,-1370.02,418.763,5.83398,215900,1335.16,429.695,5.86711
0.0137898,43388.1,526.431,3.19361,0.798314,-230482,-1372.32,418.749,5.83816,216060,1337.32,429.708,5.87141
0.0137998,43388.1,526.864,3.19888,0.798346,-230690,-1374.63,418.735,5.84235,216219,1339.48,429.722,5.8757
0.0138098,43388.1,527.298,3.20415,0.798378,-230897,-1376.93,418.721,5.84654,216379,1341.65,429.735,5.88
0.0138198,43388.1,527.732,3.20942,0.79841,-231105,-1379.24,418.708,5.85072,216539,1343.81,429.749,5.8843
0.0138298,43388.1,528.166,3.2147,0.798442,-231313,-1381.56,418.694,5.85491,216699,1345.98,429.762,5.8886
0.0138398,43388.1,528.6,3.21998,0.798475,-231520,-1383.87,418.68,5.8591,216858,1348.14,429.776,5.89289
0.0138498,43388.1,529.034,3.22527,0.798507,-231728,-1386.19,418.666,5.86329,217018,1350.31,429.789,5.89719
0.0138598,43388.1,529.468,3.23056,0.798539,-231936,-1388.5,418.652,5.86747,217177,1352.48,429.802,5.90149
0.0138698,43388.1,529.901,3.23586,0.798571,-232144,-1390.82,418.638,5.87166,217337,1354.66,429.816,5.90579
0.0138798,43388.1,530.335,3.24116,0.798604,-232352,-1393.15,418.625,5.87584,217496,1356.83,429.83,5.91009
0.0138898,43388.1,530.769,3.24647,0.798636,-232559,-1395.47,418.611,5.88003,217655,1359.01,429.843,5.91438
0.0138998,43388.1,531.203,3.25178,0.798669,-232768,-1397.8,418.597,5.88422,217814,1361.18,429.857,5.91868
0.0139098,43388.1,531.637,3.25709,0.798701,-232976,-1400.13,418.583,5.8884,217974,1363.36,429.87,5.92298
0.0139198,43388.1,532.071,3.26241,0.798734,-233184,-1402.46,418.569,5.89259,218133,1365.54,429.884,5.92728
0.0139298,43388.1,532.505,3.26773,0.798767,-233392,-1404.79,418.555,5.89677,218292,1367.72,429.898,5.93158
0.0139398,43388.1,532.938,3.27306,0.798799,-233600,-1407.13,418.541,5.90096,218451,1369.91,429.911,5.93588
0.0139498,43388.1,533.372,3.27839,0.798832,-233808,-1409.46,418.526,5.90515,218610,1372.09,429.925,5.94018
0.0139598,43388.1,533.806,3.28373,0.798865,-234017,-1411.8,418.512,5.90933,218769,1374.28,429.939,5.94448
0.0139698,43388.1,534.24,3.28907,0.798898,-234225,-1414.14,418.498,5.91352,218927,1376.47,429.953,5.94878
0.0139798,43388.1,534.674,3.29441,0.798931,-234434,-1416.49,418.484,5.9177,219086,1378.66,429.966,5.95308
0.0139898,43388.1,535.108,3.29976,0.798964,-234642,-1418.83,418.47,5.92189,219245,1380.85,429.98,5.95738
0.0139998,43388.1,535.542,3.30511,0.798997,-234851,-1421.18,418.456,5.92607,219403,1383.04,429.994,5.96167
0.0140098,43388.1,535.976,3.31047,0.79903,-235059,-1423.53,418.441,5.93025,219562,1385.24,430.008,5.96597
0.0140198,43388.1,536.409,3.31583,0.799063,-235268,-1425.88,418.427,5.93444,219720,1387.43,430.022,5.97027
0.0140298,43388.1,536.843,3.3212,0.799096,-235477,-1428.23,418.413,5.93862,219879,1389.63,430.036,5.97458
0.0140398,43388.1,537.277,3.32657,0.799129,-235686,-1430.59,418.399,5.94281,220037,1391.83,430.049,5.97888
0.0140498,43388.1,537.711,3.33194,0.799163,-235895,-1432.95,418.384,5.94699,220195,1394.03,430.063,5.98318
0.0140598,43388.1,538.145,3.33732,0.799196,-236104,-1435.31,418.37,5.95117,220354,1396.24,430.077,5.98748
0.0140698,43388.1,538.579,3.34271,0.799229,-236313,-1437.67,418.356,5.95536,220512,1398.44,430.091,5.99178
0.0140798,43388.1,539.013,3.34809,0.799263,-236522,-1440.03,418.341,5.95954,220670,1400.65,430.105,5.99608
0.0140898,43388.1,539.446,3.35349,0.799296,-236731,-1442.4,418.327,5.96373,220828,1402.85,430.119,6.00038
0.0140998,43388.1,539.88,3.35888,0.79933,-236940,-1444.77,418.312,5.96791,220986,1405.06,430.133,6.00468
0.0141098,43388.1,540.314,3.36428,0.799363,-237149,-1447.14,418.298,5.97209,221144,1407.27,430.147,6.00898
0.0141198,43388.1,540.748,3.36969,0.799397,-237359,-1449.51,418.283,5.97627,221302,1409.48,430.162,6.01328
0.0141298,43388.1,541.182,3.3751,0.799431,-237568,-1451.88,418.269,5.98046,221459,1411.7,430.176,6.01759
0.0141398,43388.1,541.616,3.38051,0.799465,-237777,-1454.26,418.254,5.98464,221617,1413.91,430.19,6.02189
0.0141498,43388.1,542.05,3.38593,0.799498,-237987,-1456.64,418.24,5.98882,221775,1416.13,430.204,6.02619
0.0141598,43388.1,542.484,3.39135,0.799532,-238196,-1459.02,418.225,5.993,221932,1418.35,430.218,6.03049
0.0141698,43388.1,542.917,3.39678,0.799566,-238406,-1461.4,418.211,5.99719,222090,1420.57,430.232,6.03479
0.0141798,43388.1,543.351,3.40221,0.7996,-238616,-1463.79,418.196,6.00137,222247,1422.79,430.246,6.0391
0.0141898,43388.1,543.785,3.40764,0.799634,-238825,-1466.18,418.181,6.00555,222405,1425.01,430.261,6.0434
0.0141998,43388.1,544.219,3.41308,0.799668,-239035,-1468.56,418.167,6.00973,222562,1427.24,430.275,6.0477
0.0142098,43388.1,544.653,3.41853,0.799703,-239245,-1470.96,418.152,6.01391,222719,1429.46,430.289,6.052
0.0142198,43388.1,545.087,3.42398,0.799737,-239455,-1473.35,418.137,6.0181,222876,1431.69,430.304,6.05631
0.0142298,43388.1,545.521,3.42943,0.799771,-239665,-1475.74,418.123,6.02228,223034,1433.92,430.318,6.06061
0.0142398,43388.1,545.954,3.43489,0.799805,-239875,-1478.14,418.108,6.02646,223191,1436.15,430.332,6.06491
0.0142498,43388.1,546.388,3.44035,0.79984,-240085,-1480.54,418.093,6.03064,223348,1438.39,430.347,6.06922
0.0142598,43388.1,546.822,3.44581,0.799874,-240295,-1482.94,418.078,6.03482,223504,1440.62,430.361,6.07352
0.0142698,43388.1,547.256,3.45128,0.799909,-240505,-1485.35,418.063,6.039,223661,1442.86,430.375,6.07782
0.0142798,43388.1,547.69,3.45676,0.799943,-240716,-1487.75,418.048,6.04318,223818,1445.09,430.39,6.08213
0.0142898,43388.1,548.124,3.46224,0.799978,-240926,-1490.16,418.034,6.04736,223975,1447.33,430.404,6.08643
0.0142998,43388.1,548.558,3.46772,0.800012,-241136,-1492.57,418.019,6.05154,224132,1449.57,430.419,6.09074
0.0143098,43388.1,548.991,3.47321,0.800047,-241347,-1494.98,418.004,6.05572,224288,1451.81,430.433,6.09504
0.0143198,43388.1,549.425,3.4787,0.800082,-241557,-1497.4,417.989,6.0599,224445,1454.06,430.448,6.09934
0.0143298,43388.1,549.859,3.4842,0.800117,-241768,-1499.82,417.974,6.06408,224601,1456.3,430.462,6.10365
0.0143398,43388.1,550.293,3.4897,0.800152,-241978,-1502.23,417.959,6.06826,224757,1458.55,430.477,6.10795
0.0143498,43388.1,550.727,3.4952,0.800186,-242189,-1504.66,417.944,6.07244,224914,1460.8,430.492,6.11226
0.0143598,43388.1,551.161,3.50071,0.800221,-242400,-1507.08,417.929,6.07662,225070,1463.05,430.506,6.11656
0.0143698,43388.1,551.595,3.50622,0.800256,-242611,-1509.5,417.914,6.0808,225226,1465.3,430.521,6.12087
0.0143798,43388.1,552.029,3.51174,0.800292,-242822,-1511.93,417.899,6.08498,225382,1467.55,430.535,6.12517
0.0143898,43388.1,552.462,3.51727,0.800327,-243032,-1514.36,417.883,6.08916,225538,1469.81,430.55,6.12948
0.0143998,43388.1,552.896,3.52279,0.800362,-243243,-1516.79,417.868,6.09334,225694,1472.06,430.565,6.13379
0.0144098,43388.1,553.33,3.52832,0.800397,-243455,-1519.22,417.853,6.09751,225850,1474.32,430.58,6.13809
0.0144198,43388.1,553.764,3.53386,0.800432,-243666,-1521.66,417.838,6.10169,226006,1476.58,430.594,6.1424
0.0144298,43388.1,554.198,3.5394,0.800468,-243877,-1524.1,417.823,6.10587,226162,1478.84,430.609,6.1467
0.0144398,43388.1,554.632,3.54494,0.800503,-244088,-1526.54,417.807,6.11005,226318,1481.1,430.624,6.15101
0.0144498,43388.1,555.066,3.55049,0.800539,-244299,-1528.98,417.792,6.11423,226473,1483.37,430.639,6.15532
0.0144598,43388.1,555.499,3.55604,0.800574,-244511,-1531.42,417.777,6.11841,226629,1485.63,430.654,6.15962
0.0144698,43388.1,555.933,3.5616,0.80061,-244722,-1533.87,417.761,6.12258,226784,1487.9,430.668,6.16393
0.0144798,43388.1,556.367,3.56716,0.800645,-244934,-1536.32,417.746,6.12676,226940,1490.17,430.683,6.16824
0.0144898,43388.1,556.801,3.57273,0.800681,-245145,-1538.77,417.731,6.13094,227095,1492.44,430.698,6.17254
0.0144998,43388.1,557.235,3.5783,0.800717,-245357,-1541.22,417.715,6.13512,227251,1494.71,430.713,6.17685
0.0145098,43388.1,557.669,3.58387,0.800753,-245569,-1543.67,417.7,6.13929,227406,1496.98,430.728,6.18116
0.0145198,43388.1,558.103,3.58945,0.800789,-245780,-1546.13,417.685,6.14347,227561,1499.26,430.743,6.18546
0.0145298,43388.1,558.536,3.59503,0.800825,-245992,-1548.59,417.669,6.14765,227716,1501.53,430.758,6.18977
0.0145398,43388.1,558.97,3.60062,0.800861,-246204,-1551.05,417.654,6.15182,227871,1503.81,430.773,6.19408
0.0145498,43388.1,559.404,3.60621,0.800897,-246416,-1553.51,417.638,6.156,228026,1506.09,430.788,6.19839
0.0145598,43388.1,559.838,3.61181,0.800933,-246628,-1555.98,417.622,6.16018,228181,1508.37,430.803,6.20269
0.0145698,43388.1,560.272,3.61741,0.800969,-246840,-1558.45,417.607,6.16435,228336,1510.65,430.818,6.207
0.0145798,43388.1,560.706,3.62301,0.801005,-247052,-1560.92,417.591,6.16853,228491,1512.94,430.834,6.21131
0.0145898,43388.1,561.14,3.62862,0.801041,-247264,-1563.39,417.576,6.1727,228645,1515.22,430.849,6.21562
0.0145998,43388.1,561.573,3.63423,0.801078,-247477,-1565.86,417.56,6.17688,228800,1517.51,430.864,6.21993
0.0146098,43388.1,562.007,3.63985,0.801114,-247689,-1568.34,417.544,6.18105,228954,1519.8,430.879,6.22424
0.0146198,43388.1,562.441,3.64547,0.80115,-247901,-1570.81,417.529,6.18523,229109,1522.09,430.894,6.22855
0.0146298,43388.1,562.875,3.6511,0.801187,-248114,-1573.29,417.513,6.1894,229263,1524.38,430.909,6.23285
0.0146398,43388.1,563.309,3.65673,0.801223,-248326,-1575.78,417.497,6.19358,229418,1526.67,430.925,6.23716
0.0146498,43388.1,563.743,3.66237,0.80126,-248539,-1578.26,417.481,6.19775,229572,1528.97,430.94,6.24147
0.0146598,43388.1,564.177,3.66801,0.801297,-248752,-1580.75,417.466,6.20193,229726,1531.27,430.955,6.24578
0.0146698,43388.1,564.611,3.67365,0.801333,-248964,-1583.23,417.45,6.2061,229880,1533.56,430.971,6.25009
0.0146798,43388.1,565.044,3.6793,0.80137,-249177,-1585.73,417.434,6.21028,230034,1535.86,430.986,6.2544
0.0146898,43388.1,565.478,3.68495,0.801407,-249390,-1588.22,417.418,6.21445,230188,1538.16,431.001,6.25871
0.0146998,43388.1,565.912,3.69061,0.801444,-249603,-1590.71,417.402,6.21863,230342,1540.47,431.017,6.26302
0.0147098,43388.1,566.346,3.69627,0.801481,-249816,-1593.21,417.386,6.2228,230496,1542.77,431.032,6.26733
0.0147198,43388.1,566.78,3.70193,0.801518,-250029,-1595.71,417.37,6.22697,230650,1545.08,431.048,6.27164
0.0147298,43388.1,567.214,3.7076,0.801555,-250242,-1598.21,417.354,6.23115,230804,1547.38,431.063,6.27595
0.0147398,43388.1,567.648,3.71328,0.801592,-250455,-1600.71,417.338,6.23532,230957,1549.69,431.079,6.28026
0.0147498,43388.1,568.081,3.71896,0.801629,-250668,-1603.22,417.322,6.23949,231111,1552,431.094,6.28457
0.0147598,43388.1,568.515,3.72464,0.801666,-250882,-1605.73,417.306,6.24367,231264,1554.31,431.11,6.28889
0.0147698,43388.1,568.949,3.73032,0.801703,-251095,-1608.24,417.29,6.24784,231418,1556.63,431.125,6.2932
0.0147798,43388.1,569.383,3.73602,0.801741,-251308,-1610.75,417.274,6.25201,231571,1558.94,431.141,6.29751
0.0147898,43388.1,569.817,3.74171,0.801778,-251522,-1613.26,417.258,6.25619,231724,1561.26,431.156,6.30182
0.0147998,43388.1,570.251,3.74741,0.801816,-251736,-1615.78,417.242,6.26036,231878,1563.58,431.172,6.30613
0.0148098,43388.1,570.685,3.75312,0.801853,-251949,-1618.3,417.226,6.26453,232031,1565.9,431.188,6.31044
0.0148198,43388.1,571.119,3.75883,0.801891,-252163,-1620.82,417.21,6.2687,232184,1568.22,431.203,6.31476
0.0148298,43388.1,571.552,3.76454,0.801928,-252377,-1623.34,417.193,6.27288,232337,1570.54,431.219,6.31907
0.0148398,43388.1,571.986,3.77026,0.801966,-252590,-1625.86,417.177,6.27705,232490,1572.86,431.235,6.32338
0.0148498,43388.1,572.42,3.77598,0.802004,-252804,-1628.39,417.161,6.28122,232642,1575.19,431.25,6.32769
0.0148598,43388.1,572.854,3.7817,0.802042,-253018,-1630.92,417.144,6.28539,232795,1577.52,431.266,6.332
0.0148698,43388.1,573.288,3.78743,0.802079,-253232,-1633.45,417.128,6.28956,232948,1579.85,431.282,6.33632
0.0148798,43388.1,573.722,3.79317,0.802117,-253446,-1635.99,417.112,6.29373,233101,1582.18,431.298,6.34063
0.0148898,43388.1,574.156,3.79891,0.802155,-253661,-1638.52,417.095,6.2979,233253,1584.51,431.314,6.34494
0.0148998,43388.1,574.589,3.80465,0.802193,-253875,-1641.06,417.079,6.30207,233406,1586.84,431.329,6.34926
0.0149098,43388.1,575.023,3.8104,0.802231,-254089,-1643.6,417.063,6.30625,233558,1589.18,431.345,6.35357
0.0149198,43388.1,575.457,3.81615,0.802269,-254303,-1646.14,417.046,6.31042,233710,1591.51,431.361,6.35788
0.0149298,43388.1,575.891,3.82191,0.802308,-254518,-1648.68,417.03,6.31459,233863,1593.85,431.377,6.3622
0.0149398,43388.1,576.325,3.82767,0.802346,-254732,-1651.23,417.013,6.31876,234015,1596.19,431.393,6.36651
0.0149498,0,576.517,3.83343,0.802384,-254842,-1653.78,416.997,6.32293,234066,1598.53,431.409,6.37082
0.0149598,0,576.517,3.8392,0.802423,-254870,-1656.33,416.98,6.3271,234037,1600.87,431.425,6.37514
0.0149698,0,576.517,3.84496,0.802461,-254897,-1658.88,416.964,6.33127,234008,1603.21,431.441,6.37945
0.0149798,0,576.517,3.85073,0.802499,-254925,-1661.42,416.947,6.33544,233979,1605.55,431.457,6.38377
0.0149898,0,576.517,3.85649,0.802538,-254952,-1663.97,416.93,6.33961,233950,1607.89,431.473,6.38808
0.0149998,0,576.517,3.86226,0.802577,-254980,-1666.52,416.914,6.34377,233921,1610.23,431.489,6.3924
0.0150098,0,576.517,3.86802,0.802615,-255008,-1669.07,416.897,6.34794,233892,1612.57,431.505,6.39671
0.0150198,0,576.517,3.87379,0.802654,-255035,-1671.62,416.88,6.35211,233863,1614.91,431.522,6.40103
0.0150298,0,576.517,3.87955,0.802693,-255063,-1674.17,416.864,6.35628,233834,1617.24,431.538,6.40534
0.0150398,0,576.517,3.88532,0.802732,-255091,-1676.72,416.847,6.36045,233805,1619.58,431.554,6.40966
0.0150498,0,576.517,3.89108,0.80277,-255118,-1679.28,416.83,6.36462,233775,1621.92,431.57,6.41397
0.0150598,0,576.517,3.89685,0.802809,-255146,-1681.83,416.813,6.36879,233746,1624.26,431.586,6.41829
0.0150698,0,576.517,3.90261,0.802848,-255174,-1684.38,416.796,6.37295,233717,1626.59,431.603,6.4226
0.0150798,0,576.517,3.90838,0.802887,-255202,-1686.93,416.78,6.37712,233687,1628.93,431.619,6.42692
0.0150898,0,576.517,3.91414,0.802926,-255230,-1689.48,416.763,6.38129,233658,1631.27,431.635,6.43124
0.0150998,0,576.517,3.91991,0.802966,-255258,-1692.03,416.746,6.38546,233628,1633.6,431.651,6.43555
0.0151098,0,576.517,3.92567,0.803005,-255286,-1694.59,416.729,6.38963,233599,1635.94,431.668,6.43987
0.0151198,0,576.517,3.93144,0.803044,-255314,-1697.14,416.712,6.39379,233569,1638.28,431.684,6.44419
0.0151298,0,576.517,3.9372,0.803083,-255342,-1699.69,416.695,6.39796,233540,1640.61,431.701,6.4485
0.0151398,0,576.517,3.94297,0.803123,-255370,-1702.25,416.678,6.40213,233510,1642.95,431.717,6.45282
0.0151498,0,576.517,3.94873,0.803162,-255398,-1704.8,416.661,6.40629,233480,1645.28,431.733,6.45714
0.0151598,0,576.517,3.9545,0.803202,-255426,-1707.35,416.644,6.41046,233450,1647.62,431.75,6.46146
0.0151698,0,576.517,3.96026,0.803241,-255455,-1709.91,416.627,6.41463,233421,1649.95,431.766,6.46577
0.0151798,0,576.517,3.96603,0.803281,-255483,-1712.46,416.61,6.41879,233391,1652.28,431.783,6.47009
0.0151898,0,576.517,3.97179,0.803321,-255511,-1715.02,416.592,6.42296,233361,1654.62,431.799,6.47441
0.0151998,0,576.517,3.97756,0.803361,-255540,-1717.57,416.575,6.42712,233331,1656.95,431.816,6.47873
0.0152098,0,576.517,3.98332,0.8034,-255568,-1720.13,416.558,6.43129,233301,1659.29,431.833,6.48305
0.0152198,0,576.517,3.98909,0.80344,-255597,-1722.68,416.541,6.43545,233271,1661.62,431.849,6.48736
0.0152298,0,576.517,3.99485,0.80348,-255625,-1725.24,416.524,6.43962,233241,1663.95,431.866,6.49168
0.0152398,0,576.517,4.00062,0.80352,-255654,-1727.8,416.506,6.44379,233211,1666.28,431.882,6.496
0.0152498,0,576.517,4.00638,0.80356,-255682,-1730.35,416.489,6.44795,233180,1668.61,431.899,6.50032
0.0152598,0,576.517,4.01215,0.8036,-255711,-1732.91,416.472,6.45212,233150,1670.95,431.916,6.50464
0.0152698,0,576.517,4.01791,0.80364,-255739,-1735.47,416.454,6.45628,233120,1673.28,431.933,6.50896
0.0152798,0,576.517,4.02368,0.803681,-255768,-1738.02,416.437,6.46044,233090,1675.61,431.949,6.51328
0.0152897,0,576.517,4.02944,0.803721,-255797,-1740.58,416.42,6.46461,233059,1677.94,431.966,6.5176
0.0152997,0,576.517,4.03521,0.803761,-255826,-1743.14,416.402,6.46877,233029,1680.27,431.983,6.52192
0.0153097,0,576.517,4.04097,0.803801,-255854,-1745.7,416.385,6.47294,232998,1682.6,432,6.52624
0.0153197,0,576.517,4.04674,0.803842,-255883,-1748.26,416.367,6.4771,232968,1684.93,432.017,6.53056
0.0153297,0,576.517,4.0525,0.803882,-255912,-1750.82,416.35,6.48126,232937,1687.26,432.033,6.53488
0.0153397,0,576.517,4.05827,0.803923,-255941,-1753.38,416.332,6.48543,232907,1689.59,432.05,6.5392
0.0153497,0,576.517,4.06403,0.803964,-255970,-1755.93,416.315,6.48959,232876,1691.92,432.067,6.54352
0.0153597,0,576.517,4.0698,0.804004,-255999,-1758.49,416.297,6.49375,232846,1694.24,432.084,6.54784
0.0153697,0,576.517,4.07556,0.804045,-256028,-1761.05,416.28,6.49792,232815,1696.57,432.101,6.55216
0.0153797,0,576.517,4.08133,0.804086,-256057,-1763.61,416.262,6.50208,232784,1698.9,432.118,6.55648
0.0153897,0,576.517,4.08709,0.804127,-256086,-1766.18,416.244,6.50624,232753,1701.23,432.135,6.5608
0.0153997,0,576.517,4.09286,0.804168,-256115,-1768.74,416.227,6.5104,232722,1703.56,432.152,6.56512
0.0154097,0,576.517,4.09862,0.804208,-256144,-1771.3,416.209,6.51457,232692,1705.88,432.169,6.56945
0.0154197,0,576.517,4.10439,0.804249,-256174,-1773.86,416.191,6.51873,232661,1708.21,432.186,6.57377
0.0154297,0,576.517,4.11015,0.804291,-256203,-1776.42,416.173,6.52289,232630,1710.54,432.203,6.57809
0.0154397,0,576.517,4.11592,0.804332,-256232,-1778.98,416.156,6.52705,232599,1712.86,432.22,6.58241
0.0154497,0,576.517,4.12168,0.804373,-256262,-1781.54,416.138,6.53121,232567,1715.19,432.237,6.58673
0.0154597,0,576.517,4.12745,0.804414,-256291,-1784.11,416.12,6.53537,232536,1717.51,432.255,6.59106
0.0154697,0,576.517,4.13321,0.804455,-256320,-1786.67,416.102,6.53954,232505,1719.84,432.272,6.59538
0.0154797,0,576.517,4.13898,0.804497,-256350,-1789.23,416.084,6.5437,232474,1722.16,432.289,6.5997
0.0154897,0,576.517,4.14474,0.804538,-256379,-1791.8,416.066,6.54786,232443,1724.49,432.306,6.60402
0.0154997,0,576.517,4.15051,0.80458,-256409,-1794.36,416.048,6.55202,232411,1726.81,432.324,6.60835
0.0155097,0,576.517,4.15627,0.804621,-256438,-1796.93,416.031,6.55618,232380,1729.14,432.341,6.61267
0.0155197,0,576.517,4.16204,0.804663,-256468,-1799.49,416.013,6.56034,232349,1731.46,432.358,6.61699
0.0155297,0,576.517,4.1678,0.804704,-256498,-1802.05,415.995,6.5645,232317,1733.78,432.375,6.62132
0.0155397,0,576.517,4.17357,0.804746,-256527,-1804.62,415.977,6.56866,232286,1736.11,432.393,6.62564
0.0155497,0,576.517,4.17933,0.804788,-256557,-1807.18,415.958,6.57282,232254,1738.43,432.41,6.62997
0.0155597,0,576.517,4.1851,0.80483,-256587,-1809.75,415.94,6.57698,232223,1740.75,432.428,6.63429
0.0155697,0,576.517,4.19086,0.804872,-256617,-1812.32,415.922,6.58114,232191,1743.07,432.445,6.63861
0.0155797,0,576.517,4.19663,0.804914,-256647,-1814.88,415.904,6.5853,232159,1745.39,432.462,6.64294
0.0155897,0,576.517,4.20239,0.804956,-256676,-1817.45,415.886,6.58945,232128,1747.72,432.48,6.64726
0.0155997,0,576.517,4.20816,0.804998,-256706,-1820.02,415.868,6.59361,232096,1750.04,432.497,6.65159
0.0156097,0,576.517,4.21392,0.80504,-256736,-1822.58,415.85,6.59777,232064,1752.36,432.515,6.65591
0.0156197,0,576.517,4.21969,0.805082,-256766,-1825.15,415.831,6.60193,232032,1754.68,432.532,6.66024
0.0156297,0,576.517,4.22545,0.805124,-256796,-1827.72,415.813,6.60609,232000,1757,432.55,6.66456
0.0156397,0,576.517,4.23122,0.805166,-256826,-1830.29,415.795,6.61025,231968,1759.32,432.568,6.66889
0.0156497,0,576.517,4.23698,0.805209,-256857,-1832.86,415.776,6.6144,231936,1761.64,432.585,6.67322
0.0156597,0,576.517,4.24275,0.805251,-256887,-1835.42,415.758,6.61856,231904,1763.96,432.603,6.67754
0.0156697,0,576.517,4.24851,0.805294,-256917,-1837.99,415.74,6.62272,231872,1766.28,432.62,6.68187
0.0156797,0,576.517,4.25428,0.805336,-256947,-1840.56,415.721,6.62688,231840,1768.59,432.638,6.68619
0.0156897,0,576.517,4.26004,0.805379,-256977,-1843.13,415.703,6.63103,231808,1770.91,432.656,6.69052
0.0156997,0,576.517,4.26581,0.805421,-257008,-1845.7,415.685,6.63519,231776,1773.23,432.674,6.69485
0.0157097,0,576.517,4.27157,0.805464,-257038,-1848.27,415.666,6.63935,231743,1775.55,432.691,6.69917
0.0157197,0,576.517,4.27734,0.805507,-257068,-1850.84,415.648,6.6435,231711,1777.87,432.709,6.7035
0.0157297,0,576.517,4.28311,0.80555,-257099,-1853.41,415.629,6.64766,231679,1780.18,432.727,6.70783
0.0157397,0,576.517,4.28887,0.805592,-257129,-1855.99,415.61,6.65182,231646,1782.5,432.745,6.71216
0.0157497,0,576.517,4.29464,0.805635,-257160,-1858.56,415.592,6.65597,231614,1784.82,432.763,6.71648
0.0157597,0,576.517,4.3004,0.805678,-257190,-1861.13,415.573,6.66013,231581,1787.13,432.78,6.72081
0.0157697,0,576.517,4.30617,0.805721,-257221,-1863.7,415.555,6.66428,231549,1789.45,432.798,6.72514
0.0157797,0,576.517,4.31193,0.805764,-257252,-1866.27,415.536,6.66844,231516,1791.76,432.816,6.72947
0.0157897,0,576.517,4.3177,0.805808,-257282,-1868.85,415.517,6.6726,231484,1794.08,432.834,6.7338
0.0157997,0,576.517,4.32346,0.805851,-257313,-1871.42,415.499,6.67675,231451,1796.39,432.852,6.73812
0.0158097,0,576.517,4.32923,0.805894,-257344,-1873.99,415.48,6.68091,231418,1798.71,432.87,6.74245
0.0158197,0,576.517,4.33499,0.805937,-257375,-1876.57,415.461,6.68506,231385,1801.02,432.888,6.74678
0.0158297,0,576.517,4.34076,0.805981,-257405,-1879.14,415.442,6.68921,231353,1803.34,432.906,6.75111
0.0158397,0,576.517,4.34653,0.806024,-257436,-1881.72,415.424,6.69337,231320,1805.65,432.924,6.75544
0.0158497,0,576.517,4.35229,0.806068,-257467,-1884.29,415.405,6.69752,231287,1807.96,432.942,6.75977
0.0158597,0,576.517,4.35806,0.806111,-257498,-1886.87,415.386,6.70168,231254,1810.28,432.96,6.7641
0.0158697,0,576.517,4.36382,0.806155,-257529,-1889.44,415.367,6.70583,231221,1812.59,432.978,6.76843
0.0158798,0,576.517,4.36959,0.806199,-257560,-1892.02,415.348,6.70998,231188,1814.9,432.997,6.77276
0.0158898,0,576.517,4.37535,0.806242,-257591,-1894.59,415.329,6.71414,231155,1817.21,433.015,6.77709
0.0158998,0,576.517,4.38112,0.806286,-257622,-1897.17,415.31,6.71829,231122,1819.52,433.033,6.78142
0.0159098,0,576.517,4.38688,0.80633,-257653,-1899.74,415.291,6.72244,231088,1821.83,433.051,6.78575
0.0159198,0,576.517,4.39265,0.806374,-257684,-1902.32,415.272,6.7266,231055,1824.15,433.069,6.79008
0.0159298,0,576.517,4.39841,0.806418,-257716,-1904.9,415.253,6.73075,231022,1826.46,433.088,6.79441
0.0159398,0,576.517,4.40418,0.806462,-257747,-1907.48,415.234,6.7349,230988,1828.77,433.106,6.79874
0.0159498,0,576.517,4.40995,0.806506,-257778,-1910.05,415.215,6.73905,230955,1831.08,433.124,6.80307
0.0159598,0,576.517,4.41571,0.80655,-257810,-1912.63,415.196,6.74321,230922,1833.39,433.142,6.8074
0.0159698,0,576.517,4.42148,0.806594,-257841,-1915.21,415.177,6.74736,230888,1835.69,433.161,6.81173
0.0159798,0,576.517,4.42724,0.806638,-257872,-1917.79,415.158,6.75151,230855,1838,433.179,6.81607
0.0159898,0,576.517,4.43301,0.806683,-257904,-1920.37,415.138,6.75566,230821,1840.31,433.198,6.8204
0.0159998,0,576.517,4.43877,0.806727,-257935,-1922.95,415.119,6.75981,230788,1842.62,433.216,6.82473
0.0160098,0,576.517,4.44454,0.806771,-257967,-1925.53,415.1,6.76396,230754,1844.93,433.234,6.82906
0.0160198,0,576.517,4.4503,0.806816,-257998,-1928.11,415.081,6.76811,230720,1847.24,433.253,6.8334
0.0160298,0,576.517,4.45607,0.806861,-258030,-1930.69,415.061,6.77226,230687,1849.54,433.271,6.83773
0.0160398,0,576.517,4.46183,0.806905,-258061,-1933.27,415.042,6.77641,230653,1851.85,433.29,6.84206
0.0160498,0,576.517,4.4676,0.80695,-258093,-1935.85,415.023,6.78057,230619,1854.16,433.308,6.84639
0.0160598,0,576.517,4.47337,0.806994,-258125,-1938.43,415.003,6.78472,230585,1856.46,433.327,6.85073
0.0160698,0,576.517,4.47913,0.807039,-258157,-1941.01,414.984,6.78887,230551,1858.77,433.346,6.85506
0.0160798,0,576.517,4.4849,0.807084,-258188,-1943.59,414.964,6.79302,230517,1861.07,433.364,6.85939
0.0160898,0,576.517,4.49066,0.807129,-258220,-1946.18,414.945,6.79716,230483,1863.38,433.383,6.86373
0.0160998,0,576.517,4.49643,0.807174,-258252,-1948.76,414.926,6.80131,230449,1865.68,433.401,6.86806
0.0161098,0,576.517,4.50219,0.807219,-258284,-1951.34,414.906,6.80546,230415,1867.99,433.42,6.8724
0.0161198,0,576.517,4.50796,0.807264,-258316,-1953.92,414.887,6.80961,230381,1870.29,433.439,6.87673
0.0161298,0,576.517,4.51372,0.807309,-258348,-1956.51,414.867,6.81376,230347,1872.6,433.457,6.88106
0.0161398,0,576.517,4.51949,0.807354,-258380,-1959.09,414.847,6.81791,230312,1874.9,433.476,6.8854
0.0161498,0,576.517,4.52526,0.807399,-258412,-1961.68,414.828,6.82206,230278,1877.2,433.495,6.88973
0.0161598,0,576.517,4.53102,0.807445,-258444,-1964.26,414.808,6.82621,230244,1879.5,433.514,6.89407
0.0161698,0,576.517,4.53679,0.80749,-258476,-1966.84,414.789,6.83035,230209,1881.81,433.533,6.8984
0.0161798,0,576.517,4.54255,0.807535,-258508,-1969.43,414.769,6.8345,230175,1884.11,433.551,6.90274
0.0161898,0,576.517,4.54832,0.807581,-258540,-1972.02,414.749,6.83865,230140,1886.41,433.57,6.90707
0.0161998,0,576.517,4.55408,0.807626,-258573,-1974.6,414.729,6.8428,230106,1888.71,433.589,6.91141
0.0162098,0,576.517,4.55985,0.807672,-258605,-1977.19,414.71,6.84694,230071,1891.01,433.608,6.91575
0.0162198,0,576.517,4.56561,0.807718,-258637,-1979.77,414.69,6.85109,230037,1893.31,433.627,6.92008
0.0162298,0,576.517,4.57138,0.807763,-258670,-1982.36,414.67,6.85524,230002,1895.61,433.646,6.92442
0.0162398,0,576.517,4.57714,0.807809,-258702,-1984.95,414.65,6.85938,229967,1897.91,433.665,6.92876
0.0162498,0,576.517,4.58291,0.807855,-258734,-1987.53,414.63,6.86353,229933,1900.21,433.684,6.93309
0.0162598,0,576.517,4.58868,0.807901,-258767,-1990.12,414.61,6.86768,229898,1902.51,433.703,6.93743
0.0162698,0,576.517,4.59444,0.807947,-258799,-1992.71,414.591,6.87182,229863,1904.81,433.722,6.94177
0.0162798,0,576.517,4.60021,0.807993,-258832,-1995.3,414.571,6.87597,229828,1907.11,433.741,6.9461
0.0162898,0,576.517,4.60597,0.808039,-258865,-1997.89,414.551,6.88011,229793,1909.41,433.76,6.95044
0.0162998,0,576.517,4.61174,0.808085,-258897,-2000.48,414.531,6.88426,229758,1911.71,433.779,6.95478
0.0163098,0,576.517,4.6175,0.808131,-258930,-2003.06,414.511,6.8884,229723,1914,433.798,6.95912
0.0163198,0,576.517,4.62327,0.808177,-258963,-2005.65,414.491,6.89255,229688,1916.3,433.817,6.96346
0.0163298,0,576.517,4.62903,0.808223,-258995,-2008.24,414.47,6.89669,229653,1918.6,433.837,6.96779
0.0163398,0,576.517,4.6348,0.80827,-259028,-2010.83,414.45,6.90084,229618,1920.89,433.856,6.97213
0.0163498,0,576.517,4.64056,0.808316,-259061,-2013.43,414.43,6.90498,229583,1923.19,433.875,6.97647
0.0163598,0,576.517,4.64633,0.808362,-259094,-2016.02,414.41,6.90913,229547,1925.49,433.894,6.98081
0.0163698,0,576.517,4.6521,0.808409,-259127,-2018.61,414.39,6.91327,229512,1927.78,433.914,6.98515
0.0163798,0,576.517,4.65786,0.808456,-259160,-2021.2,414.37,6.91742,229477,1930.08,433.933,6.98949
0.0163898,0,576.517,4.66363,0.808502,-259193,-2023.79,414.35,6.92156,229441,1932.37,433.952,6.99383
0.0163998,0,576.517,4.66939,0.808549,-259226,-2026.38,414.329,6.9257,229406,1934.67,433.971,6.99817
0.0164098,0,576.517,4.67516,0.808596,-259259,-2028.98,414.309,6.92985,229370,1936.96,433.991,7.00251
0.0164198,0,576.517,4.68092,0.808642,-259292,-2031.57,414.289,6.93399,229335,1939.25,434.01,7.00685
0.0164298,0,576.517,4.68669,0.808689,-259325,-2034.16,414.268,6.93813,229299,1941.55,434.03,7.01119
0.0164398,0,576.517,4.69245,0.808736,-259358,-2036.76,414.248,6.94227,229264,1943.84,434.049,7.01553
0.0164498,0,576.517,4.69822,0.808783,-259391,-2039.35,414.228,6.94642,229228,1946.13,434.069,7.01987
0.0164598,0,576.517,4.70399,0.80883,-259424,-2041.94,414.207,6.95056,229192,1948.42,434.088,7.02421
0.0164698,0,576.517,4.70975,0.808877,-259458,-2044.54,414.187,6.9547,229156,1950.72,434.107,7.02855
0.0164798,0,576.517,4.71552,0.808924,-259491,-2047.13,414.166,6.95884,229120,1953.01,434.127,7.03289
0.0164898,0,576.517,4.72128,0.808971,-259524,-2049.73,414.146,6.96298,229085,1955.3,434.147,7.03723
0.0164998,0,576.517,4.72705,0.809019,-259558,-2052.32,414.125,6.96712,229049,1957.59,434.166,7.04157
0.0165098,0,576.517,4.73281,0.809066,-259591,-2054.92,414.105,6.97127,229013,1959.88,434.186,7.04592
0.0165198,0,576.517,4.73858,0.809113,-259624,-2057.52,414.084,6.97541,228977,1962.17,434.205,7.05026
0.0165298,0,576.517,4.74434,0.809161,-259658,-2060.11,414.064,6.97955,228941,1964.46,434.225,7.0546
0.0165398,0,576.517,4.75011,0.809208,-259692,-2062.71,414.043,6.98369,228905,1966.75,434.245,7.05894
0.0165498,0,576.517,4.75587,0.809256,-259725,-2065.31,414.022,6.98783,228868,1969.04,434.264,7.06328
0.0165598,0,576.517,4.76164,0.809303,-259759,-2067.9,414.002,6.99197,228832,1971.33,434.284,7.06763
0.0165698,0,576.517,4.76741,0.809351,-259792,-2070.5,413.981,6.99611,228796,1973.62,434.304,7.07197
0.0165798,0,576.517,4.77317,0.809399,-259826,-2073.1,413.96,7.00025,228760,1975.9,434.323,7.07631
0.0165898,0,576.517,4.77894,0.809446,-259860,-2075.7,413.94,7.00439,228723,1978.19,434.343,7.08066
0.0165998,0,576.517,4.7847,0.809494,-259894,-2078.3,413.919,7.00853,228687,1980.48,434.363,7.085
0.0166098,0,576.517,4.79047,0.809542,-259927,-2080.9,413.898,7.01267,228651,1982.76,434.383,7.08934
0.0166198,0,576.517,4.79623,0.80959,-259961,-2083.5,413.877,7.01681,228614,1985.05,434.403,7.09369
0.0166298,0,576.517,4.802,0.809638,-259995,-2086.1,413.856,7.02094,228578,1987.34,434.423,7.09803
0.0166398,0,576.517,4.80776,0.809686,-260029,-2088.7,413.835,7.02508,228541,1989.62,434.442,7.10238
0.0166498,0,576.517,4.81353,0.809734,-260063,-2091.3,413.815,7.02922,228504,1991.91,434.462,7.10672
0.0166598,0,576.517,4.81929,0.809782,-260097,-2093.9,413.794,7.03336,228468,1994.19,434.482,7.11107
0.0166698,0,576.517,4.82506,0.809831,-260131,-2096.5,413.773,7.0375,228431,1996.48,434.502,7.11541
0.0166798,0,576.517,4.83083,0.809879,-260165,-2099.1,413.752,7.04163,228394,1998.76,434.522,7.11976
0.0166898,0,576.517,4.83659,0.809927,-260199,-2101.7,413.731,7.04577,228358,2001.05,434.542,7.1241
0.0166998,0,576.517,4.84236,0.809976,-260233,-2104.31,413.71,7.04991,228321,2003.33,434.562,7.12845
0.0167098,0,576.517,4.84812,0.810024,-260267,-2106.91,413.689,7.05405,228284,2005.61,434.582,7.13279
0.0167198,0,576.517,4.85389,0.810073,-260302,-2109.51,413.668,7.05818,228247,2007.9,434.602,7.13714
0.0167298,0,576.517,4.85965,0.810121,-260336,-2112.11,413.646,7.06232,228210,2010.18,434.622,7.14148
0.0167398,0,576.517,4.86542,0.81017,-260370,-2114.72,413.625,7.06646,228173,2012.46,434.643,7.14583
0.0167498,0,576.517,4.87118,0.810218,-260404,-2117.32,413.604,7.07059,228136,2014.74,434.663,7.15018
0.0167598,0,576.517,4.87695,0.810267,-260439,-2119.93,413.583,7.07473,228099,2017.02,434.683,7.15452
0.0167698,0,576.517,4.88272,0.810316,-260473,-2122.53,413.562,7.07886,228061,2019.3,434.703,7.15887
0.0167798,0,576.517,4.88848,0.810365,-260508,-2125.14,413.54,7.083,228024,2021.58,434.723,7.16322
0.0167898,0,576.517,4.89425,0.810414,-260542,-2127.74,413.519,7.08713,227987,2023.86,434.743,7.16756
0.0167998,0,576.517,4.90001,0.810463,-260577,-2130.35,413.498,7.09127,227950,2026.14,434.764,7.17191
0.0168098,0,576.517,4.90578,0.810512,-260611,-2132.95,413.477,7.0954,227912,2028.42,434.784,7.17626
0.0168198,0,576.517,4.91154,0.810561,-260646,-2135.56,413.455,7.09954,227875,2030.7,434.804,7.18061
0.0168298,0,576.517,4.91731,0.81061,-260680,-2138.17,413.434,7.10367,227838,2032.98,434.825,7.18496
0.0168398,0,576.517,4.92307,0.810659,-260715,-2140.77,413.412,7.10781,227800,2035.26,434.845,7.1893
0.0168498,0,576.517,4.92884,0.810709,-260750,-2143.38,413.391,7.11194,227762,2037.54,434.865,7.19365
0.0168598,0,576.517,4.9346,0.810758,-260785,-2145.99,413.37,7.11608,227725,2039.82,434.886,7.198
0.0168698,0,576.517,4.94037,0.810807,-260819,-2148.6,413.348,7.12021,227687,2042.09,434.906,7.20235
0.0168798,0,576.517,4.94614,0.810857,-260854,-2151.21,413.327,7.12434,227650,2044.37,434.927,7.2067
0.0168898,0,576.517,4.9519,0.810906,-260889,-2153.81,413.305,7.12848,227612,2046.65,434.947,7.21105
0.0168998,0,576.517,4.95767,0.810956,-260924,-2156.42,413.284,7.13261,227574,2048.92,434.967,7.2154
0.0169098,0,576.517,4.96343,0.811005,-260959,-2159.03,413.262,7.13674,227536,2051.2,434.988,7.21975
0.0169198,0,576.517,4.9692,0.811055,-260994,-2161.64,413.24,7.14087,227498,2053.47,435.008,7.2241
0.0169298,0,576.517,4.97496,0.811105,-261029,-2164.25,413.219,7.14501,227460,2055.75,435.029,7.22845
0.0169398,0,576.517,4.98073,0.811154,-261064,-2166.86,413.197,7.14914,227422,2058.02,435.05,7.2328
0.0169498,0,576.517,4.98649,0.811204,-261099,-2169.47,413.175,7.15327,227384,2060.3,435.07,7.23715
0.0169598,0,576.517,4.99226,0.811254,-261134,-2172.09,413.154,7.1574,227346,2062.57,435.091,7.2415
0.0169698,0,576.517,4.99802,0.811304,-261169,-2174.7,413.132,7.16153,227308,2064.84,435.111,7.24585
0.0169798,0,576.517,5.00379,0.811354,-261204,-2177.31,413.11,7.16566,227270,2067.12,435.132,7.2502
0.0169898,0,576.517,5.00956,0.811404,-261240,-2179.92,413.088,7.1698,227232,2069.39,435.153,7.25455
0.0169998,0,576.517,5.01532,0.811454,-261275,-2182.53,413.067,7.17393,227194,2071.66,435.173,7.25891
0.0170098,0,576.517,5.02109,0.811505,-261310,-2185.15,413.045,7.17806,227155,2073.93,435.194,7.26326
0.0170198,0,576.517,5.02685,0.811555,-261345,-2187.76,413.023,7.18219,227117,2076.21,435.215,7.26761
0.0170298,0,576.517,5.03262,0.811605,-261381,-2190.38,413.001,7.18632,227079,2078.48,435.236,7.27196
0.0170398,0,576.517,5.03838,0.811655,-261416,-2192.99,412.979,7.19045,227040,2080.75,435.257,7.27631
0.0170498,0,576.517,5.04415,0.811706,-261452,-2195.6,412.957,7.19458,227002,2083.02,435.277,7.28067
0.0170598,0,576.517,5.04991,0.811756,-261487,-2198.22,412.935,7.19871,226963,2085.29,435.298,7.28502
0.0170698,0,576.517,5.05568,0.811807,-261523,-2200.83,412.913,7.20284,226925,2087.56,435.319,7.28937
0.0170798,0,576.517,5.06144,0.811857,-261558,-2203.45,412.891,7.20696,226886,2089.83,435.34,7.29373
0.0170898,0,576.517,5.06721,0.811908,-261594,-2206.07,412.869,7.21109,226847,2092.09,435.361,7.29808
0.0170998,0,576.517,5.07298,0.811959,-261630,-2208.68,412.847,7.21522,226809,2094.36,435.382,7.30243
0.0171098,0,576.517,5.07874,0.81201,-261665,-2211.3,412.825,7.21935,226770,2096.63,435.403,7.30679
0.0171198,0,576.517,5.08451,0.81206,-261701,-2213.92,412.803,7.22348,226731,2098.9,435.424,7.31114
0.0171298,0,576.517,5.09027,0.812111,-261737,-2216.53,412.781,7.22761,226692,2101.17,435.445,7.3155
0.0171398,0,576.517,5.09604,0.812162,-261772,-2219.15,412.758,7.23173,226653,2103.43,435.466,7.31985
0.0171498,0,576.517,5.1018,0.812213,-261808,-2221.77,412.736,7.23586,226614,2105.7,435.487,7.32421
0.0171598,0,576.517,5.10757,0.812264,-261844,-2224.39,412.714,7.23999,226575,2107.97,435.508,7.32856
0.0171698,0,576.517,5.11333,0.812315,-261880,-2227.01,412.692,7.24411,226536,2110.23,435.529,7.33292
0.0171798,0,576.517,5.1191,0.812366,-261916,-2229.62,412.669,7.24824,226497,2112.5,435.55,7.33727
0.0171898,0,576.517,5.12487,0.812418,-261952,-2232.24,412.647,7.25237,226458,2114.76,435.571,7.34163
0.0171998,0,576.517,5.13063,0.812469,-261988,-2234.86,412.625,7.25649,226419,2117.03,435.592,7.34598
0.0172098,0,576.517,5.1364,0.81252,-262024,-2237.48,412.603,7.26062,226380,2119.29,435.614,7.35034
0.0172198,0,576.517,5.14216,0.812572,-262060,-2240.1,412.58,7.26475,226340,2121.55,435.635,7.35469
0.0172298,0,576.517,5.14793,0.812623,-262096,-2242.73,412.558,7.26887,226301,2123.82,435.656,7.35905
0.0172398,0,576.517,5.15369,0.812675,-262132,-2245.35,412.535,7.273,226262,2126.08,435.677,7.36341
0.0172498,0,576.517,5.15946,0.812726,-262169,-2247.97,412.513,7.27712,226222,2128.34,435.699,7.36776
0.0172598,0,576.517,5.16522,0.812778,-262205,-2250.59,412.49,7.28125,226183,2130.6,435.72,7.37212
0.0172698,0,576.517,5.17099,0.81283,-262241,-2253.21,412.468,7.28537,226143,2132.87,435.741,7.37648
0.0172798,0,576.517,5.17675,0.812881,-262277,-2255.84,412.445,7.2895,226104,2135.13,435.763,7.38084
0.0172898,0,576.517,5.18252,0.812933,-262314,-2258.46,412.423,7.29362,226064,2137.39,435.784,7.38519
0.0172998,0,576.517,5.18829,0.812985,-262350,-2261.08,412.4,7.29775,226024,2139.65,435.805,7.38955
0.0173098,0,576.517,5.19405,0.813037,-262386,-2263.71,412.377,7.30187,225985,2141.91,435.827,7.39391
0.0173198,0,576.517,5.19982,0.813089,-262423,-2266.33,412.355,7.30599,225945,2144.17,435.848,7.39827
0.0173298,0,576.517,5.20558,0.813141,-262459,-2268.95,412.332,7.31012,225905,2146.43,435.87,7.40263
0.0173398,0,576.517,5.21135,0.813193,-262496,-2271.58,412.309,7.31424,225865,2148.69,435.891,7.40699
0.0173498,0,576.517,5.21711,0.813245,-262533,-2274.21,412.287,7.31836,225825,2150.95,435.913,7.41135
0.0173598,0,576.517,5.22288,0.813297,-262569,-2276.83,412.264,7.32249,225785,2153.2,435.934,7.4157
0.0173698,0,576.517,5.22864,0.81335,-262606,-2279.46,412.241,7.32661,225745,2155.46,435.956,7.42006
0.0173798,0,576.517,5.23441,0.813402,-262642,-2282.08,412.218,7.33073,225705,2157.72,435.977,7.42442
0.0173898,0,576.517,5.24018,0.813454,-262679,-2284.71,412.195,7.33485,225665,2159.98,435.999,7.42878
0.0173998,0,576.517,5.24594,0.813507,-262716,-2287.34,412.173,7.33897,225625,2162.23,436.02,7.43314
0.0174098,0,576.517,5.25171,0.813559,-262753,-2289.96,412.15,7.3431,225585,2164.49,436.042,7.4375
0.0174198,0,576.517,5.25747,0.813612,-262790,-2292.59,412.127,7.34722,225545,2166.74,436.064,7.44186
0.0174298,0,576.517,5.26324,0.813664,-262826,-2295.22,412.104,7.35134,225504,2169,436.085,7.44622
0.0174398,0,576.517,5.269,0.813717,-262863,-2297.85,412.081,7.35546,225464,2171.26,436.107,7.45059
0.0174498,0,576.517,5.27477,0.81377,-262900,-2300.48,412.058,7.35958,225424,2173.51,436.129,7.45495
0.0174598,0,576.517,5.28053,0.813823,-262937,-2303.11,412.035,7.3637,225383,2175.76,436.151,7.45931
0.0174698,0,576.517,5.2863,0.813875,-262974,-2305.74,412.012,7.36782,225343,2178.02,436.172,7.46367
0.0174798,0,576.517,5.29206,0.813928,-263011,-2308.37,411.989,7.37194,225302,2180.27,436.194,7.46803
0.0174898,0,576.517,5.29783,0.813981,-263048,-2311,411.966,7.37606,225262,2182.52,436.216,7.47239
0.0174998,0,576.517,5.3036,0.814034,-263086,-2313.63,411.943,7.38018,225221,2184.78,436.238,7.47676
0.0175098,0,576.517,5.30936,0.814087,-263123,-2316.26,411.919,7.3843,225181,2187.03,436.26,7.48112
0.0175198,0,576.517,5.31513,0.81414,-263160,-2318.89,411.896,7.38842,225140,2189.28,436.281,7.48548
0.0175298,0,576.517,5.32089,0.814194,-263197,-2321.52,411.873,7.39254,225099,2191.53,436.303,7.48984
0.0175398,0,576.517,5.32666,0.814247,-263234,-2324.16,411.85,7.39666,225058,2193.78,436.325,7.49421
0.0175498,0,576.517,5.33242,0.8143,-263272,-2326.79,411.827,7.40077,225017,2196.03,436.347,7.49857
0.0175598,0,576.517,5.33819,0.814354,-263309,-2329.42,411.803,7.40489,224977,2198.28,436.369,7.50293
0.0175698,0,576.517,5.34395,0.814407,-263346,-2332.05,411.78,7.40901,224936,2200.53,436.391,7.5073
0.0175798,0,576.517,5.34972,0.81446,-263384,-2334.69,411.757,7.41313,224895,2202.78,436.413,7.51166
0.0175898,0,576.517,5.35548,0.814514,-263421,-2337.32,411.733,7.41725,224854,2205.03,436.435,7.51603
0.0175998,0,576.517,5.36125,0.814568,-263459,-2339.96,411.71,7.42136,224812,2207.28,436.457,7.52039
0.0176098,0,576.517,5.36702,0.814621,-263496,-2342.59,411.686,7.42548,224771,2209.53,436.479,7.52476
0.0176198,0,576.517,5.37278,0.814675,-263534,-2345.23,411.663,7.4296,224730,2211.78,436.502,7.52912
0.0176298,0,576.517,5.37855,0.814729,-263571,-2347.86,411.64,7.43371,224689,2214.02,436.524,7.53349
0.0176398,0,576.517,5.38431,0.814782,-263609,-2350.5,411.616,7.43783,224648,2216.27,436.546,7.53785
0.0176498,0,576.517,5.39008,0.814836,-263647,-2353.14,411.592,7.44195,224606,2218.52,436.568,7.54222
0.0176598,0,576.517,5.39584,0.81489,-263684,-2355.77,411.569,7.44606,224565,2220.76,436.59,7.54658
0.0176698,0,576.517,5.40161,0.814944,-263722,-2358.41,411.545,7.45018,224524,2223.01,436.612,7.55095
0.0176798,0,576.517,5.40737,0.814998,-263760,-2361.05,411.522,7.45429,224482,2225.25,436.635,7.55531
0.0176898,0,576.517,5.41314,0.815052,-263798,-2363.68,411.498,7.45841,224441,2227.5,436.657,7.55968
0.0176998,0,576.517,5.41891,0.815107,-263836,-2366.32,411.475,7.46252,224399,2229.74,436.679,7.56405
0.0177098,0,576.517,5.42467,0.815161,-263874,-2368.96,411.451,7.46664,224357,2231.99,436.702,7.56841
0.0177198,0,576.517,5.43044,0.815215,-263911,-2371.6,411.427,7.47075,224316,2234.23,436.724,7.57278
0.0177299,0,576.517,5.4362,0.815269,-263949,-2374.24,411.403,7.47486,224274,2236.47,436.746,7.57715
0.0177399,0,576.517,5.44197,0.815324,-263987,-2376.88,411.38,7.47898,224232,2238.71,436.769,7.58152
0.0177499,0,576.517,5.44773,0.815378,-264025,-2379.52,411.356,7.48309,224191,2240.96,436.791,7.58588
0.0177599,0,576.517,5.4535,0.815433,-264064,-2382.16,411.332,7.48721,224149,2243.2,436.813,7.59025
0.0177699,0,576.517,5.45926,0.815487,-264102,-2384.8,411.308,7.49132,224107,2245.44,436.836,7.59462
0.0177799,0,576.517,5.46503,0.815542,-264140,-2387.44,411.284,7.49543,224065,2247.68,436.858,7.59899
0.0177899,0,576.517,5.47079,0.815597,-264178,-2390.08,411.26,7.49955,224023,2249.92,436.881,7.60336
0.0177999,0,576.517,5.47656,0.815651,-264216,-2392.73,411.237,7.50366,223981,2252.16,436.903,7.60773
0.0178099,0,576.517,5.48233,0.815706,-264254,-2395.37,411.213,7.50777,223939,2254.4,436.926,7.6121
0.0178199,0,576.517,5.48809,0.815761,-264293,-2398.01,411.189,7.51188,223897,2256.64,436.948,7.61647
0.0178299,0,576.517,5.49386,0.815816,-264331,-2400.66,411.165,7.51599,223854,2258.88,436.971,7.62083
0.0178399,0,576.517,5.49962,0.815871,-264369,-2403.3,411.141,7.52011,223812,2261.12,436.994,7.6252
0.0178499,0,576.517,5.50539,0.815926,-264408,-2405.94,411.117,7.52422,223770,2263.36,437.016,7.62957
0.0178599,0,576.517,5.51115,0.815981,-264446,-2408.59,411.093,7.52833,223728,2265.59,437.039,7.63394
0.0178699,0,576.517,5.51692,0.816036,-264485,-2411.23,411.068,7.53244,223685,2267.83,437.061,7.63832
0.0178799,0,576.517,5.52268,0.816091,-264523,-2413.88,411.044,7.53655,223643,2270.07,437.084,7.64269
0.0178899,0,576.517,5.52845,0.816147,-264562,-2416.52,411.02,7.54066,223600,2272.3,437.107,7.64706
0.0178999,0,576.517,5.53421,0.816202,-264600,-2419.17,410.996,7.54477,223558,2274.54,437.13,7.65143
0.0179099,0,576.517,5.53998,0.816257,-264639,-2421.82,410.972,7.54888,223515,2276.78,437.152,7.6558
0.0179199,0,576.517,5.54575,0.816313,-264678,-2424.46,410.948,7.55299,223473,2279.01,437.175,7.66017
0.0179299,0,576.517,5.55151,0.816368,-264716,-2427.11,410.923,7.5571,223430,2281.25,437.198,7.66454
0.0179399,0,576.517,5.55728,0.816424,-264755,-2429.76,410.899,7.56121,223387,2283.48,437.221,7.66892
0.0179499,0,576.517,5.56304,0.816479,-264794,-2432.4,410.875,7.56532,223345,2285.71,437.244,7.67329
0.0179599,0,576.517,5.56881,0.816535,-264833,-2435.05,410.85,7.56942,223302,2287.95,437.267,7.67766
0.0179699,0,576.517,5.57457,0.816591,-264871,-2437.7,410.826,7.57353,223259,2290.18,437.289,7.68203
0.0179799,0,576.517,5.58034,0.816647,-264910,-2440.35,410.802,7.57764,223216,2292.41,437.312,7.68641
0.0179899,0,576.517,5.5861,0.816702,-264949,-2443,410.777,7.58175,223173,2294.64,437.335,7.69078
0.0179999,0,576.517,5.59187,0.816758,-264988,-2445.65,410.753,7.58586,223130,2296.88,437.358,7.69515
0.0180099,0,576.517,5.59763,0.816814,-265027,-2448.3,410.728,7.58996,223087,2299.11,437.381,7.69953
0.0180199,0,576.517,5.6034,0.81687,-265066,-2450.95,410.704,7.59407,223044,2301.34,437.404,7.7039
0.0180299,0,576.517,5.60917,0.816926,-265105,-2453.6,410.679,7.59818,223001,2303.57,437.427,7.70827
0.0180399,0,576.517,5.61493,0.816982,-265144,-2456.25,410.655,7.60228,222958,2305.8,437.45,7.71265
0.0180499,0,576.517,5.6207,0.817039,-265183,-2458.91,410.63,7.60639,222914,2308.03,437.473,7.71702
0.0180599,0,576.517,5.62646,0.817095,-265223,-2461.56,410.605,7.6105,222871,2310.26,437.496,7.7214
0.0180699,0,576.517,5.63223,0.817151,-265262,-2464.21,410.581,7.6146,222828,2312.48,437.52,7.72577
0.0180799,0,576.517,5.63799,0.817207,-265301,-2466.86,410.556,7.61871,222784,2314.71,437.543,7.73015
0.0180899,0,576.517,5.64376,0.817264,-265340,-2469.52,410.531,7.62281,222741,2316.94,437.566,7.73452
0.0180999,0,576.517,5.64952,0.81732,-265380,-2472.17,410.507,7.62692,222697,2319.17,437.589,7.7389
0.0181099,0,576.517,5.65529,0.817377,-265419,-2474.82,410.482,7.63102,222654,2321.4,437.612,7.74328
0.0181199,0,576.517,5.66106,0.817433,-265458,-2477.48,410.457,7.63513,222610,2323.62,437.635,7.74765
0.0181299,0,576.517,5.66682,0.81749,-265498,-2480.13,410.432,7.63923,222567,2325.85,437.659,7.75203
0.0181399,0,576.517,5.67259,0.817547,-265537,-2482.79,410.408,7.64334,222523,2328.07,437.682,7.75641
0.0181499,0,576.517,5.67835,0.817604,-265577,-2485.44,410.383,7.64744,222479,2330.3,437.705,7.76078
0.0181599,0,576.517,5.68412,0.81766,-265616,-2488.1,410.358,7.65154,222436,2332.52,437.729,7.76516
0.0181699,0,576.517,5.68988,0.817717,-265656,-2490.76,410.333,7.65565,222392,2334.75,437.752,7.76954
0.0181799,0,576.517,5.69565,0.817774,-265695,-2493.41,410.308,7.65975,222348,2336.97,437.775,7.77392
0.0181899,0,576.517,5.70141,0.817831,-265735,-2496.07,410.283,7.66385,222304,2339.19,437.799,7.77829
0.0181999,0,576.517,5.70718,0.817888,-265775,-2498.73,410.258,7.66796,222260,2341.42,437.822,7.78267
0.0182099,0,576.517,5.71294,0.817945,-265814,-2501.39,410.233,7.67206,222216,2343.64,437.846,7.78705
0.0182199,0,576.517,5.71871,0.818002,-265854,-2504.05,410.208,7.67616,222172,2345.86,437.869,7.79143
0.0182299,0,576.517,5.72448,0.81806,-265894,-2506.7,410.183,7.68026,222128,2348.08,437.892,7.79581
0.0182399,0,576.517,5.73024,0.818117,-265934,-2509.36,410.158,7.68437,222084,2350.3,437.916,7.80019
0.0182499,0,576.517,5.73601,0.818174,-265974,-2512.02,410.133,7.68847,222040,2352.53,437.939,7.80457
0.0182599,0,576.517,5.74177,0.818232,-266013,-2514.68,410.108,7.69257,221995,2354.75,437.963,7.80895
0.0182699,0,576.517,5.74754,0.818289,-266053,-2517.34,410.083,7.69667,221951,2356.97,437.987,7.81333
0.0182799,0,576.517,5.7533,0.818347,-266093,-2520.01,410.057,7.70077,221907,2359.18,438.01,7.81771
0.0182899,0,576.517,5.75907,0.818404,-266133,-2522.67,410.032,7.70487,221862,2361.4,438.034,7.82209
0.0182999,0,576.517,5.76483,0.818462,-266173,-2525.33,410.007,7.70897,221818,2363.62,438.057,7.82647
0.0183099,0,576.517,5.7706,0.81852,-266213,-2527.99,409.982,7.71307,221773,2365.84,438.081,7.83085
0.0183199,0,576.517,5.77636,0.818577,-266253,-2530.65,409.956,7.71717,221729,2368.06,438.105,7.83523
0.0183299,0,576.517,5.78213,0.818635,-266294,-2533.32,409.931,7.72127,221684,2370.28,438.128,7.83961
0.0183399,0,576.517,5.7879,0.818693,-266334,-2535.98,409.906,7.72537,221640,2372.49,438.152,7.84399
0.0183499,0,576.517,5.79366,0.818751,-266374,-2538.64,409.88,7.72947,221595,2374.71,438.176,7.84837
0.0183599,0,576.517,5.79943,0.818809,-266414,-2541.31,409.855,7.73357,221550,2376.92,438.2,7.85275
0.0183699,0,576.517,5.80519,0.818867,-266454,-2543.97,409.83,7.73766,221505,2379.14,438.223,7.85713
0.0183799,0,576.517,5.81096,0.818925,-266495,-2546.64,409.804,7.74176,221461,2381.35,438.247,7.86152
0.0183899,0,576.517,5.81672,0.818983,-266535,-2549.3,409.779,7.74586,221416,2383.57,438.271,7.8659
0.0183999,0,576.517,5.82249,0.819041,-266575,-2551.97,409.753,7.74996,221371,2385.78,438.295,7.87028
0.0184099,0,576.517,5.82825,0.819099,-266616,-2554.63,409.728,7.75406,221326,2388,438.319,7.87467
0.0184199,0,576.517,5.83402,0.819158,-266656,-2557.3,409.702,7.75815,221281,2390.21,438.343,7.87905
0.0184299,0,576.517,5.83979,0.819216,-266697,-2559.97,409.676,7.76225,221236,2392.42,438.367,7.88343
0.0184399,0,576.517,5.84555,0.819275,-266737,-2562.63,409.651,7.76635,221191,2394.63,438.39,7.88782
0.0184499,0,576.517,5.85132,0.819333,-266778,-2565.3,409.625,7.77044,221145,2396.85,438.414,7.8922
0.0184599,0,576.517,5.85708,0.819392,-266818,-2567.97,409.6,7.77454,221100,2399.06,438.438,7.89658
0.0184699,0,576.517,5.86285,0.81945,-266859,-2570.64,409.574,7.77863,221055,2401.27,438.462,7.90097
0.0184799,0,576.517,5.86861,0.819509,-266900,-2573.31,409.548,7.78273,221010,2403.48,438.486,7.90535
0.0184899,0,576.517,5.87438,0.819568,-266941,-2575.98,409.522,7.78683,220964,2405.69,438.51,7.90974
0.0184999,0,576.517,5.88014,0.819626,-266981,-2578.65,409.497,7.79092,220919,2407.9,438.535,7.91412
0.0185099,0,576.517,5.88591,0.819685,-267022,-2581.32,409.471,7.79502,220873,2410.11,438.559,7.91851
0.0185199,0,576.517,5.89167,0.819744,-267063,-2583.99,409.445,7.79911,220828,2412.32,438.583,7.92289
0.0185299,0,576.517,5.89744,0.819803,-267104,-2586.66,409.419,7.8032,220782,2414.52,438.607,7.92728
0.0185399,0,576.517,5.90321,0.819862,-267145,-2589.33,409.393,7.8073,220737,2416.73,438.631,7.93167
0.0185499,0,576.517,5.90897,0.819921,-267186,-2592,409.367,7.81139,220691,2418.94,438.655,7.93605
0.0185599,0,576.517,5.91474,0.81998,-267226,-2594.67,409.341,7.81549,220645,2421.15,438.679,7.94044
0.0185699,0,576.517,5.9205,0.820039,-267267,-2597.35,409.315,7.81958,220600,2423.35,438.704,7.94483
0.0185799,0,576.517,5.92627,0.820099,-267308,-2600.02,409.289,7.82367,220554,2425.56,438.728,7.94921
0.0185899,0,576.517,5.93203,0.820158,-267350,-2602.69,409.263,7.82776,220508,2427.76,438.752,7.9536
0.0185999,0,576.517,5.9378,0.820217,-267391,-2605.37,409.237,7.83186,220462,2429.97,438.776,7.95799
0.0186099,0,576.517,5.94356,0.820277,-267432,-2608.04,409.211,7.83595,220416,2432.17,438.801,7.96238
0.0186199,0,576.517,5.94933,0.820336,-267473,-2610.72,409.185,7.84004,220370,2434.38,438.825,7.96676
0.0186299,0,576.517,5.95509,0.820396,-267514,-2613.39,409.159,7.84413,220324,2436.58,438.849,7.97115
0.0186399,0,576.517,5.96086,0.820455,-267555,-2616.07,409.133,7.84822,220278,2438.78,438.874,7.97554
0.0186499,0,576.517,5.96663,0.820515,-267597,-2618.74,409.107,7.85232,220232,2440.99,438.898,7.97993
0.0186599,0,576.517,5.97239,0.820575,-267638,-2621.42,409.081,7.85641,220186,2443.19,438.923,7.98432
0.0186699,0,576.517,5.97816,0.820634,-267679,-2624.09,409.054,7.8605,220139,2445.39,438.947,7.98871
0.0186799,0,576.517,5.98392,0.820694,-267721,-2626.77,409.028,7.86459,220093,2447.59,438.972,7.9931
0.0186899,0,576.517,5.98969,0.820754,-267762,-2629.45,409.002,7.86868,220047,2449.79,438.996,7.99749
0.0186999,0,576.517,5.99545,0.820814,-267803,-2632.13,408.975,7.87277,220000,2451.99,439.021,8.00188
0.0187099,0,576.517,6.00122,0.820874,-267845,-2634.81,408.949,7.87686,219954,2454.19,439.045,8.00627
0.0187199,0,576.517,6.00698,0.820934,-267886,-2637.48,408.923,7.88095,219907,2456.39,439.07,8.01066
0.0187299,0,576.517,6.01275,0.820994,-267928,-2640.16,408.896,7.88504,219861,2458.59,439.094,8.01505
0.0187399,0,576.517,6.01851,0.821054,-267970,-2642.84,408.87,7.88912,219814,2460.79,439.119,8.01944
0.0187499,0,576.517,6.02428,0.821115,-268011,-2645.52,408.844,7.89321,219768,2462.99,439.143,8.02383
0.0187599,0,576.517,6.03005,0.821175,-268053,-2648.2,408.817,7.8973,219721,2465.19,439.168,8.02822
0.0187699,0,576.517,6.03581,0.821235,-268095,-2650.88,408.791,7.90139,219674,2467.38,439.193,8.03262
0.0187799,0,576.517,6.04158,0.821296,-268136,-2653.57,408.764,7.90548,219628,2469.58,439.217,8.03701
0.0187899,0,576.517,6.04734,0.821356,-268178,-2656.25,408.738,7.90956,219581,2471.78,439.242,8.0414
0.0187999,0,576.517,6.05311,0.821416,-268220,-2658.93,408.711,7.91365,219534,2473.97,439.267,8.04579
0.0188099,0,576.517,6.05887,0.821477,-268262,-2661.61,408.684,7.91774,219487,2476.17,439.292,8.05019
0.0188199,0,576.517,6.06464,0.821538,-268304,-2664.3,408.658,7.92183,219440,2478.36,439.316,8.05458
0.0188299,0,576.517,6.0704,0.821598,-268346,-2666.98,408.631,7.92591,219393,2480.56,439.341,8.05897
0.0188399,0,576.517,6.07617,0.821659,-268387,-2669.66,408.604,7.93,219346,2482.75,439.366,8.06337
0.0188499,0,576.517,6.08193,0.82172,-268429,-2672.35,408.578,7.93408,219299,2484.94,439.391,8.06776
0.0188599,0,576.517,6.0877,0.821781,-268471,-2675.03,408.551,7.93817,219252,2487.14,439.416,8.07215
0.0188699,0,576.517,6.09347,0.821842,-268513,-2677.72,408.524,7.94226,219204,2489.33,439.441,8.07655
0.0188799,0,576.517,6.09923,0.821903,-268556,-2680.4,408.497,7.94634,219157,2491.52,439.465,8.08094
0.0188899,0,576.517,6.105,0.821964,-268598,-2683.09,408.471,7.95043,219110,2493.71,439.49,8.08534
0.0188999,0,576.517,6.11076,0.822025,-268640,-2685.77,408.444,7.95451,219062,2495.9,439.515,8.08973
0.0189099,0,576.517,6.11653,0.822086,-268682,-2688.46,408.417,7.95859,219015,2498.09,439.54,8.09413
0.0189199,0,576.517,6.12229,0.822147,-268724,-2691.15,408.39,7.96268,218968,2500.28,439.565,8.09852
0.0189299,0,576.517,6.12806,0.822208,-268766,-2693.84,408.363,7.96676,218920,2502.47,439.59,8.10292
0.0189399,0,576.517,6.13382,0.82227,-268809,-2696.52,408.336,7.97085,218873,2504.66,439.615,8.10732
0.0189499,0,576.517,6.13959,0.822331,-268851,-2699.21,408.309,7.97493,218825,2506.85,439.64,8.11171
0.0189599,0,576.517,6.14536,0.822392,-268893,-2701.9,408.282,7.97901,218777,2509.04,439.666,8.11611
0.0189699,0,576.517,6.15112,0.822454,-268936,-2704.59,408.255,7.98309,218730,2511.23,439.691,8.1205
0.0189799,0,576.517,6.15689,0.822515,-268978,-2707.28,408.228,7.98718,218682,2513.41,439.716,8.1249
0.0189899,0,576.517,6.16265,0.822577,-269021,-2709.97,408.201,7.99126,218634,2515.6,439.741,8.1293
0.0189999,0,576.517,6.16842,0.822639,-269063,-2712.66,408.174,7.99534,218586,2517.79,439.766,8.1337
0.0190099,0,576.517,6.17418,0.8227,-269106,-2715.35,408.147,7.99942,218538,2519.97,439.791,8.13809
0.0190199,0,576.517,6.17995,0.822762,-269148,-2718.04,408.119,8.0035,218490,2522.16,439.816,8.14249
0.0190299,0,576.517,6.18571,0.822824,-269191,-2720.73,408.092,8.00758,218442,2524.34,439.842,8.14689
0.0190399,0,576.517,6.19148,0.822886,-269234,-2723.43,408.065,8.01167,218394,2526.53,439.867,8.15129
0.0190499,0,576.517,6.19724,0.822948,-269276,-2726.12,408.038,8.01575,218346,2528.71,439.892,8.15569
0.0190599,0,576.517,6.20301,0.82301,-269319,-2728.81,408.01,8.01983,218298,2530.89,439.918,8.16009
0.0190699,0,576.517,6.20878,0.823072,-269362,-2731.51,407.983,8.02391,218250,2533.08,439.943,8.16449
0.0190799,0,576.517,6.21454,0.823134,-269404,-2734.2,407.956,8.02799,218202,2535.26,439.968,8.16889
0.0190899,0,576.517,6.22031,0.823196,-269447,-2736.89,407.928,8.03207,218153,2537.44,439.994,8.17329
0.0190999,0,576.517,6.22607,0.823258,-269490,-2739.59,407.901,8.03614,218105,2539.62,440.019,8.17769
0.0191099,0,576.517,6.23184,0.823321,-269533,-2742.28,407.874,8.04022,218057,2541.8,440.044,8.18209
0.0191199,0,576.517,6.2376,0.823383,-269576,-2744.98,407.846,8.0443,218008,2543.98,440.07,8.18649
0.0191299,0,576.517,6.24337,0.823445,-269619,-2747.68,407.819,8.04838,217960,2546.16,440.095,8.19089
0.0191399,0,576.517,6.24913,0.823508,-269662,-2750.37,407.791,8.05246,217911,2548.34,440.121,8.19529
0.0191499,0,576.517,6.2549,0.82357,-269705,-2753.07,407.764,8.05654,217862,2550.52,440.146,8.19969
0.0191599,0,576.517,6.26066,0.823633,-269748,-2755.77,407.736,8.06061,217814,2552.7,440.172,8.20409
0.0191699,0,576.517,6.26643,0.823696,-269791,-2758.47,407.709,8.06469,217765,2554.88,440.197,8.20849
0.0191799,0,576.517,6.2722,0.823758,-269834,-2761.16,407.681,8.06877,217716,2557.06,440.223,8.2129
0.0191899,0,576.517,6.27796,0.823821,-269877,-2763.86,407.653,8.07284,217668,2559.23,440.248,8.2173
0.0191999,0,576.517,6.28373,0.823884,-269920,-2766.56,407.626,8.07692,217619,2561.41,440.274,8.2217
0.0192099,0,576.517,6.28949,0.823947,-269964,-2769.26,407.598,8.081,217570,2563.59,440.3,8.2261
0.0192199,0,576.517,6.29526,0.82401,-270007,-2771.96,407.57,8.08507,217521,2565.76,440.325,8.23051
0.0192299,0,576.517,6.30102,0.824073,-270050,-2774.66,407.543,8.08915,217472,2567.94,440.351,8.23491
0.0192399,0,576.517,6.30679,0.824136,-270094,-2777.36,407.515,8.09322,217423,2570.11,440.377,8.23931
0.0192499,0,576.517,6.31255,0.824199,-270137,-2780.06,407.487,8.0973,217374,2572.28,440.402,8.24372
0.0192599,0,576.517,6.31832,0.824262,-270180,-2782.77,407.459,8.10137,217325,2574.46,440.428,8.24812
0.0192699,0,576.517,6.32409,0.824325,-270224,-2785.47,407.431,8.10545,217276,2576.63,440.454,8.25253
0.0192799,0,576.517,6.32985,0.824389,-270267,-2788.17,407.404,8.10952,217226,2578.8,440.48,8.25693
0.0192899,0,576.517,6.33562,0.824452,-270311,-2790.87,407.376,8.1136,217177,2580.98,440.505,8.26134
0.0192999,0,576.517,6.34138,0.824515,-270354,-2793.58,407.348,8.11767,217128,2583.15,440.531,8.26574
0.0193099,0,576.517,6.34715,0.824579,-270398,-2796.28,407.32,8.12174,217078,2585.32,440.557,8.27015
0.0193199,0,576.517,6.35291,0.824642,-270442,-2798.99,407.292,8.12582,217029,2587.49,440.583,8.27455
0.0193299,0,576.517,6.35868,0.824706,-270485,-2801.69,407.264,8.12989,216979,2589.66,440.609,8.27896
0.0193399,0,576.517,6.36444,0.824769,-270529,-2804.4,407.236,8.13396,216930,2591.83,440.635,8.28336
0.0193499,0,576.517,6.37021,0.824833,-270573,-2807.1,407.208,8.13803,216880,2594,440.661,8.28777
0.0193599,0,576.517,6.37597,0.824897,-270616,-2809.81,407.18,8.14211,216831,2596.17,440.687,8.29218
0.0193699,0,576.517,6.38174,0.824961,-270660,-2812.51,407.152,8.14618,216781,2598.34,440.713,8.29658
0.0193799,0,576.517,6.38751,0.825024,-270704,-2815.22,407.123,8.15025,216731,2600.5,440.739,8.30099
0.0193899,0,576.517,6.39327,0.825088,-270748,-2817.93,407.095,8.15432,216681,2602.67,440.765,8.3054
0.0193999,0,576.517,6.39904,0.825152,-270792,-2820.64,407.067,8.15839,216632,2604.84,440.791,8.30981
0.0194099,0,576.517,6.4048,0.825216,-270836,-2823.34,407.039,8.16246,216582,2607,440.817,8.31421
0.0194199,0,576.517,6.41057,0.82528,-270880,-2826.05,407.011,8.16653,216532,2609.17,440.843,8.31862
0.0194299,0,576.517,6.41633,0.825345,-270923,-2828.76,406.982,8.1706,216482,2611.33,440.869,8.32303
0.0194399,0,576.517,6.4221,0.825409,-270968,-2831.47,406.954,8.17467,216432,2613.5,440.895,8.32744
0.0194499,0,576.517,6.42786,0.825473,-271012,-2834.18,406.926,8.17874,216382,2615.66,440.921,8.33185
0.0194599,0,576.517,6.43363,0.825537,-271056,-2836.89,406.897,8.18281,216332,2617.83,440.947,8.33626
0.0194699,0,576.517,6.43939,0.825602,-271100,-2839.6,406.869,8.18688,216281,2619.99,440.974,8.34067
0.0194799,0,576.517,6.44516,0.825666,-271144,-2842.31,406.841,8.19095,216231,2622.15,441,8.34508
0.0194899,0,576.517,6.45093,0.825731,-271188,-2845.03,406.812,8.19501,216181,2624.31,441.026,8.34949
0.0194999,0,576.517,6.45669,0.825795,-271232,-2847.74,406.784,8.19908,216131,2626.48,441.052,8.3539
0.0195099,0,576.517,6.46246,0.82586,-271277,-2850.45,406.755,8.20315,216080,2628.64,441.079,8.35831
0.0195199,0,576.517,6.46822,0.825924,-271321,-2853.16,406.727,8.20722,216030,2630.8,441.105,8.36272
0.0195299,0,576.517,6.47399,0.825989,-271365,-2855.88,406.698,8.21128,215979,2632.96,441.131,8.36713
0.0195399,0,576.517,6.47975,0.826054,-271410,-2858.59,406.669,8.21535,215929,2635.12,441.158,8.37154
0.0195499,0,576.517,6.48552,0.826119,-271454,-2861.31,406.641,8.21942,215878,2637.28,441.184,8.37595
0.0195599,0,576.517,6.49128,0.826184,-271498,-2864.02,406.612,8.22348,215828,2639.44,441.21,8.38037
0.01957,0,576.517,6.49705,0.826249,-271543,-2866.74,406.584,8.22755,215777,2641.59,441.237,8.38478
0.01958,0,576.517,6.50282,0.826314,-271587,-2869.45,406.555,8.23162,215726,2643.75,441.263,8.38919
0.01959,0,576.517,6.50858,0.826379,-271632,-2872.17,406.526,8.23568,215675,2645.91,441.29,8.3936
0.0196,0,576.517,6.51435,0.826444,-271676,-2874.89,406.497,8.23975,215625,2648.07,441.316,8.39802
0.01961,0,576.517,6.52011,0.826509,-271721,-2877.6,406.469,8.24381,215574,2650.22,441.342,8.40243
0.01962,0,576.517,6.52588,0.826574,-271766,-2880.32,406.44,8.24788,215523,2652.38,441.369,8.40684
0.01963,0,576.517,6.53164,0.826639,-271810,-2883.04,406.411,8.25194,215472,2654.53,441.396,8.41126
0.01964,0,576.517,6.53741,0.826705,-271855,-2885.76,406.382,8.256,215421,2656.69,441.422,8.41567
0.01965,0,576.517,6.54317,0.82677,-271900,-2888.48,406.353,8.26007,215370,2658.84,441.449,8.42009
0.01966,0,576.517,6.54894,0.826836,-271945,-2891.19,406.324,8.26413,215319,2660.99,441.475,8.4245
0.01967,0,576.517,6.5547,0.826901,-271989,-2893.91,406.296,8.26819,215267,2663.15,441.502,8.42892
0.01968,0,576.517,6.56047,0.826967,-272034,-2896.63,406.267,8.27226,215216,2665.3,441.529,8.43333
0.01969,0,576.517,6.56624,0.827032,-272079,-2899.36,406.238,8.27632,215165,2667.45,441.555,8.43775
0.0197,0,576.517,6.572,0.827098,-272124,-2902.08,406.209,8.28038,215114,2669.6,441.582,8.44216
0.01971,0,576.517,6.57777,0.827164,-272169,-2904.8,406.18,8.28444,215062,2671.75,441.609,8.44658
0.01972,0,576.517,6.58353,0.82723,-272214,-2907.52,406.15,8.2885,215011,2673.9,441.635,8.45099
0.01973,0,576.517,6.5893,0.827296,-272259,-2910.24,406.121,8.29257,214959,2676.05,441.662,8.45541
0.01974,0,576.517,6.59506,0.827361,-272304,-2912.97,406.092,8.29663,214908,2678.2,441.689,8.45983
0.01975,0,576.517,6.60083,0.827427,-272349,-2915.69,406.063,8.30069,214856,2680.35,441.716,8.46424
0.01976,0,576.517,6.60659,0.827493,-272394,-2918.41,406.034,8.30475,214805,2682.5,441.742,8.46866
0.01977,0,576.517,6.61236,0.82756,-272439,-2921.14,406.005,8.30881,214753,2684.65,441.769,8.47308
0.01978,0,576.517,6.61812,0.827626,-272484,-2923.86,405.976,8.31287,214701,2686.8,441.796,8.4775
0.01979,0,576.517,6.62389,0.827692,-272530,-2926.59,405.946,8.31693,214649,2688.94,441.823,8.48192
0.0198,0,576.517,6.62966,0.827758,-272575,-2929.31,405.917,8.32099,214598,2691.09,441.85,8.48633
0.01981,0,576.517,6.63542,0.827825,-272620,-2932.04,405.888,8.32505,214546,2693.24,441.877,8.49075
0.01982,0,576.517,6.64119,0.827891,-272665,-2934.77,405.858,8.32911,214494,2695.38,441.904,8.49517
0.01983,0,576.517,6.64695,0.827957,-272711,-2937.49,405.829,8.33316,214442,2697.53,441.931,8.49959
0.01984,0,576.517,6.65272,0.828024,-272756,-2940.22,405.8,8.33722,214390,2699.67,441.958,8.50401
0.01985,0,576.517,6.65848,0.82809,-272802,-2942.95,405.77,8.34128,214338,2701.81,441.985,8.50843
0.01986,0,576.517,6.66425,0.828157,-272847,-2945.68,405.741,8.34534,214286,2703.96,442.012,8.51285
0.01987,0,576.517,6.67001,0.828224,-272892,-2948.41,405.711,8.34939,214233,2706.1,442.039,8.51727
0.01988,0,576.517,6.67578,0.82829,-272938,-2951.13,405.682,8.35345,214181,2708.24,442.066,8.52169
0.01989,0,576.517,6.68155,0.828357,-272984,-2953.86,405.652,8.35751,214129,2710.38,442.093,8.52611
0.0199,0,576.517,6.68731,0.828424,-273029,-2956.59,405.623,8.36156,214077,2712.52,442.12,8.53053
0.01991,0,576.517,6.69308,0.828491,-273075,-2959.33,405.593,8.36562,214024,2714.67,442.147,8.53495
0.01992,0,576.517,6.69884,0.828558,-273120,-2962.06,405.564,8.36968,213972,2716.81,442.174,8.53938
0.01993,0,576.517,6.70461,0.828625,-273166,-2964.79,405.534,8.37373,213919,2718.95,442.202,8.5438
0.01994,0,576.517,6.71037,0.828692,-273212,-2967.52,405.504,8.37779,213867,2721.08,442.229,8.54822
0.01995,0,576.517,6.71614,0.828759,-273258,-2970.25,405.475,8.38184,213814,2723.22,442.256,8.55264
0.01996,0,576.517,6.7219,0.828826,-273303,-2972.99,405.445,8.3859,213762,2725.36,442.283,8.55707
0.01997,0,576.517,6.72767,0.828894,-273349,-2975.72,405.415,8.38995,213709,2727.5,442.311,8.56149
0.01998,0,576.517,6.73343,0.828961,-273395,-2978.45,405.385,8.394,213656,2729.64,442.338,8.56591
0.01999,0,576.517,6.7392,0.829028,-273441,-2981.19,405.355,8.39806,213603,2731.77,442.365,8.57033
0.02,0,576.517,6.74497,0.829096,-273487,-2983.92,405.326,8.40211,213551,2733.91,442.392,8.57476
0.02001,0,576.517,6.75073,0.829163,-273533,-2986.66,405.296,8.40617,213498,2736.04,442.42,8.57918
0.02002,0,576.517,6.7565,0.829231,-273579,-2989.39,405.266,8.41022,213445,2738.18,442.447,8.58361
0.02003,0,576.517,6.76226,0.829298,-273625,-2992.13,405.236,8.41427,213392,2740.31,442.475,8.58803
0.02004,0,576.517,6.76803,0.829366,-273671,-2994.87,405.206,8.41832,213339,2742.45,442.502,8.59246
0.02005,0,576.517,6.77379,0.829434,-273717,-2997.6,405.176,8.42237,213286,2744.58,442.529,8.59688
0.02006,0,576.517,6.77956,0.829502,-273763,-3000.34,405.146,8.42643,213233,2746.71,442.557,8.60131
0.02007,0,576.517,6.78532,0.829569,-273809,-3003.08,405.116,8.43048,213179,2748.84,442.584,8.60573
0.02008,0,576.517,6.79109,0.829637,-273855,-3005.82,405.086,8.43453,213126,2750.98,442.612,8.61016
0.02009,0,576.517,6.79685,0.829705,-273901,-3008.56,405.056,8.43858,213073,2753.11,442.639,8.61458
0.0201,0,576.517,6.80262,0.829773,-273948,-3011.3,405.026,8.44263,213019,2755.24,442.667,8.61901
0.02011,0,576.517,6.80839,0.829841,-273994,-3014.04,404.996,8.44668,212966,2757.37,442.695,8.62344
0.02012,0,576.517,6.81415,0.829909,-274040,-3016.78,404.966,8.45073,212913,2759.5,442.722,8.62787
0.02013,0,576.517,6.81992,0.829978,-274087,-3019.52,404.935,8.45478,212859,2761.63,442.75,8.63229
0.02014,0,576.517,6.82568,0.830046,-274133,-3022.26,404.905,8.45883,212806,2763.75,442.777,8.63672
0.02015,0,576.517,6.83145,0.830114,-274179,-3025,404.875,8.46288,212752,2765.88,442.805,8.64115
0.02016,0,576.517,6.83721,0.830182,-274226,-3027.74,404.845,8.46693,212698,2768.01,442.833,8.64558
0.02017,0,576.517,6.84298,0.830251,-274272,-3030.48,404.814,8.47097,212645,2770.14,442.86,8.65001
0.02018,0,576.517,6.84874,0.830319,-274319,-3033.23,404.784,8.47502,212591,2772.26,442.888,8.65443
0.02019,0,576.517,6.85451,0.830388,-274365,-3035.97,404.754,8.47907,212537,2774.39,442.916,8.65886
0.0202,0,576.517,6.86027,0.830456,-274412,-3038.71,404.723,8.48312,212483,2776.51,442.944,8.66329
0.02021,0,576.517,6.86604,0.830525,-274459,-3041.46,404.693,8.48716,212429,2778.64,442.971,8.66772
0.02022,0,576.517,6.87181,0.830594,-274505,-3044.2,404.663,8.49121,212375,2780.76,442.999,8.67215
0.02023,0,576.517,6.87757,0.830662,-274552,-3046.95,404.632,8.49526,212322,2782.89,443.027,8.67658
0.02024,0,576.517,6.88334,0.830731,-274599,-3049.7,404.602,8.4993,212268,2785.01,443.055,8.68101
0.02025,0,576.517,6.8891,0.8308,-274645,-3052.44,404.571,8.50335,212213,2787.13,443.083,8.68544
0.02026,0,576.517,6.89487,0.830869,-274692,-3055.19,404.541,8.50739,212159,2789.25,443.111,8.68987
0.02027,0,576.517,6.90063,0.830938,-274739,-3057.94,404.51,8.51144,212105,2791.37,443.138,8.6943
0.02028,0,576.517,6.9064,0.831007,-274786,-3060.68,404.479,8.51548,212051,2793.5,443.166,8.69874
0.02029,0,576.517,6.91216,0.831076,-274833,-3063.43,404.449,8.51953,211996,2795.62,443.194,8.70317
0.0203,0,576.517,6.91793,0.831145,-274880,-3066.18,404.418,8.52357,211942,2797.74,443.222,8.7076
0.02031,0,576.517,6.9237,0.831214,-274926,-3068.93,404.387,8.52762,211888,2799.86,443.25,8.71203
0.02032,0,576.517,6.92946,0.831284,-274973,-3071.68,404.357,8.53166,211833,2801.97,443.278,8.71646
0.02033,0,576.517,6.93523,0.831353,-275020,-3074.43,404.326,8.5357,211779,2804.09,443.306,8.7209
0.02034,0,576.517,6.94099,0.831423,-275068,-3077.18,404.295,8.53975,211724,2806.21,443.334,8.72533
0.02035,0,576.517,6.94676,0.831492,-275115,-3079.93,404.264,8.54379,211670,2808.33,443.362,8.72976
0.02036,0,576.517,6.95252,0.831561,-275162,-3082.68,404.234,8.54783,211615,2810.44,443.391,8.7342
0.02037,0,576.517,6.95829,0.831631,-275209,-3085.43,404.203,8.55188,211560,2812.56,443.419,8.73863
0.02038,0,576.517,6.96405,0.831701,-275256,-3088.19,404.172,8.55592,211506,2814.67,443.447,8.74307
0.02039,0,576.517,6.96982,0.83177,-275303,-3090.94,404.141,8.55996,211451,2816.79,443.475,8.7475
0.0204,0,576.517,6.97558,0.83184,-275350,-3093.69,404.11,8.564,211396,2818.9,443.503,8.75194
0.02041,0,576.517,6.98135,0.83191,-275398,-3096.45,404.079,8.56804,211341,2821.02,443.531,8.75637
0.02042,0,576.517,6.98712,0.83198,-275445,-3099.2,404.048,8.57208,211286,2823.13,443.56,8.76081
0.02043,0,576.517,6.99288,0.83205,-275492,-3101.96,404.017,8.57612,211231,2825.24,443.588,8.76524
0.02044,0,576.517,6.99865,0.83212,-275540,-3104.71,403.986,8.58016,211176,2827.36,443.616,8.76968
0.02045,0,576.517,7.00441,0.83219,-275587,-3107.47,403.955,8.5842,211121,2829.47,443.644,8.77412
0.02046,0,576.517,7.01018,0.83226,-275635,-3110.22,403.924,8.58824,211066,2831.58,443.673,8.77855
0.02047,0,576.517,7.01594,0.83233,-275682,-3112.98,403.893,8.59228,211010,2833.69,443.701,8.78299
0.02048,0,576.517,7.02171,0.8324,-275730,-3115.74,403.862,8.59632,210955,2835.8,443.729,8.78743
0.02049,0,576.517,7.02747,0.83247,-275777,-3118.5,403.831,8.60036,210900,2837.91,443.758,8.79186
0.0205,0,576.517,7.03324,0.832541,-275825,-3121.25,403.799,8.6044,210844,2840.02,443.786,8.7963
0.02051,0,576.517,7.039,0.832611,-275872,-3124.01,403.768,8.60843,210789,2842.13,443.815,8.80074
0.02052,0,576.517,7.04477,0.832681,-275920,-3126.77,403.737,8.61247,210734,2844.23,443.843,8.80518
0.02053,0,576.517,7.05054,0.832752,-275967,-3129.53,403.706,8.61651,210678,2846.34,443.871,8.80962
0.02054,0,576.517,7.0563,0.832822,-276015,-3132.29,403.674,8.62055,210623,2848.45,443.9,8.81405
0.02055,0,576.517,7.06207,0.832893,-276063,-3135.05,403.643,8.62458,210567,2850.55,443.928,8.81849
0.02056,0,576.517,7.06783,0.832964,-276111,-3137.81,403.612,8.62862,210511,2852.66,443.957,8.82293
0.02057,0,576.517,7.0736,0.833034,-276158,-3140.57,403.58,8.63266,210456,2854.76,443.985,8.82737
0.02058,0,576.517,7.07936,0.833105,-276206,-3143.34,403.549,8.63669,210400,2856.87,444.014,8.83181
0.02059,0,576.517,7.08513,0.833176,-276254,-3146.1,403.517,8.64073,210344,2858.97,444.043,8.83625
0.0206,0,576.517,7.09089,0.833247,-276302,-3148.86,403.486,8.64476,210288,2861.07,444.071,8.84069
0.02061,0,576.517,7.09666,0.833318,-276350,-3151.63,403.454,8.6488,210232,2863.18,444.1,8.84513
0.02062,0,576.517,7.10242,0.833389,-276398,-3154.39,403.423,8.65283,210176,2865.28,444.128,8.84958
0.02063,0,576.517,7.10819,0.83346,-276446,-3157.15,403.391,8.65686,210120,2867.38,444.157,8.85402
0.02064,0,576.517,7.11396,0.833531,-276494,-3159.92,403.36,8.6609,210064,2869.48,444.186,8.85846
0.02065,0,576.517,7.11972,0.833602,-276542,-3162.68,403.328,8.66493,210008,2871.58,444.215,8.8629
0.02066,0,576.517,7.12549,0.833673,-276590,-3165.45,403.296,8.66896,209952,2873.68,444.243,8.86734
0.02067,0,576.517,7.13125,0.833745,-276638,-3168.22,403.265,8.673,209895,2875.78,444.272,8.87179
0.02068,0,576.517,7.13702,0.833816,-276686,-3170.98,403.233,8.67703,209839,2877.88,444.301,8.87623
0.02069,0,576.517,7.14278,0.833887,-276734,-3173.75,403.201,8.68106,209783,2879.98,444.33,8.88067
0.0207,0,576.517,7.14855,0.833959,-276783,-3176.52,403.17,8.68509,209726,2882.08,444.358,8.88511
0.02071,0,576.517,7.15431,0.83403,-276831,-3179.29,403.138,8.68913,209670,2884.17,444.387,8.88956
0.02072,0,576.517,7.16008,0.834102,-276879,-3182.05,403.106,8.69316,209614,2886.27,444.416,8.894
0.02073,0,576.517,7.16584,0.834173,-276927,-3184.82,403.074,8.69719,209557,2888.37,444.445,8.89845
0.02074,0,576.517,7.17161,0.834245,-276976,-3187.59,403.042,8.70122,209500,2890.46,444.474,8.90289
0.02075,0,576.517,7.17738,0.834317,-277024,-3190.36,403.01,8.70525,209444,2892.56,444.503,8.90734
0.02076,0,576.517,7.18314,0.834389,-277073,-3193.13,402.978,8.70928,209387,2894.65,444.532,8.91178
0.02077,0,576.517,7.18891,0.834461,-277121,-3195.9,402.946,8.71331,209330,2896.74,444.561,8.91623
0.02078,0,576.517,7.19467,0.834532,-277170,-3198.68,402.914,8.71734,209274,2898.84,444.59,8.92067
0.02079,0,576.517,7.20044,0.834605,-277218,-3201.45,402.883,8.72137,209217,2900.93,444.619,8.92512
0.0208,0,576.517,7.2062,0.834677,-277266,-3204.22,402.85,8.72539,209160,2903.02,444.648,8.92956
0.02081,0,576.517,7.21197,0.834749,-277315,-3206.99,402.818,8.72942,209103,2905.11,444.677,8.93401
0.02082,0,576.517,7.21773,0.834821,-277364,-3209.77,402.786,8.73345,209046,2907.2,444.706,8.93846
0.02083,0,576.517,7.2235,0.834893,-277412,-3212.54,402.754,8.73748,208989,2909.3,444.735,8.94291
0.02084,0,576.517,7.22927,0.834965,-277461,-3215.32,402.722,8.74151,208932,2911.38,444.764,8.94735
0.02085,0,576.517,7.23503,0.835038,-277510,-3218.09,402.69,8.74553,208874,2913.47,444.793,8.9518
0.02086,0,576.517,7.2408,0.83511,-277558,-3220.87,402.658,8.74956,208817,2915.56,444.822,8.95625
0.02087,0,576.517,7.24656,0.835182,-277607,-3223.64,402.625,8.75359,208760,2917.65,444.851,8.9607
0.02088,0,576.517,7.25233,0.835255,-277656,-3226.42,402.593,8.75761,208703,2919.74,444.881,8.96515
0.02089,0,576.517,7.25809,0.835327,-277705,-3229.2,402.561,8.76164,208645,2921.82,444.91,8.96959
0.0209,0,576.517,7.26386,0.8354,-277754,-3231.97,402.529,8.76566,208588,2923.91,444.939,8.97404
0.02091,0,576.517,7.26962,0.835473,-277802,-3234.75,402.496,8.76969,208530,2926,444.968,8.97849
0.02092,0,576.517,7.27539,0.835545,-277851,-3237.53,402.464,8.77371,208473,2928.08,444.997,8.98294
0.02093,0,576.517,7.28115,0.835618,-277900,-3240.31,402.432,8.77774,208415,2930.17,445.027,8.98739
0.02094,0,576.517,7.28692,0.835691,-277949,-3243.09,402.399,8.78176,208358,2932.25,445.056,8.99184
0.02095,0,576.517,7.29269,0.835764,-277998,-3245.87,402.367,8.78579,208300,2934.33,445.085,8.99629
0.02096,0,576.517,7.29845,0.835837,-278047,-3248.65,402.334,8.78981,208242,2936.42,445.115,9.00075
0.02097,0,576.517,7.30422,0.83591,-278096,-3251.43,402.302,8.79383,208184,2938.5,445.144,9.0052
0.02098,0,576.517,7.30998,0.835983,-278146,-3254.21,402.269,8.79786,208127,2940.58,445.174,9.00965
0.02099,0,576.517,7.31575,0.836056,-278195,-3256.99,402.237,8.80188,208069,2942.66,445.203,9.0141
0.021,0,576.517,7.32151,0.836129,-278244,-3259.78,402.204,8.8059,208011,2944.74,445.232,9.01855
0.02101,0,576.517,7.32728,0.836203,-278293,-3262.56,402.171,8.80992,207953,2946.82,445.262,9.02301
0.02102,0,576.517,7.33304,0.836276,-278342,-3265.34,402.139,8.81394,207895,2948.9,445.291,9.02746
0.02103,0,576.517,7.33881,0.836349,-278392,-3268.13,402.106,8.81797,207837,2950.98,445.321,9.03191
0.02104,0,576.517,7.34457,0.836423,-278441,-3270.91,402.073,8.82199,207779,2953.06,445.35,9.03636
0.02105,0,576.517,7.35034,0.836496,-278490,-3273.69,402.041,8.82601,207720,2955.14,445.38,9.04082
0.02106,0,576.517,7.35611,0.83657,-278540,-3276.48,402.008,8.83003,207662,2957.21,445.409,9.04527
0.02107,0,576.517,7.36187,0.836643,-278589,-3279.27,401.975,8.83405,207604,2959.29,445.439,9.04973
0.02108,0,576.517,7.36764,0.836717,-278638,-3282.05,401.942,8.83807,207546,2961.37,445.469,9.05418
0.02109,0,576.517,7.3734,0.836791,-278688,-3284.84,401.909,8.84209,207487,2963.44,445.498,9.05864
0.0211,0,576.517,7.37917,0.836864,-278737,-3287.63,401.877,8.8461,207429,2965.52,445.528,9.06309
0.02111,0,576.517,7.38493,0.836938,-278787,-3290.41,401.844,8.85012,207370,2967.59,445.558,9.06755
0.02112,0,576.517,7.3907,0.837012,-278836,-3293.2,401.811,8.85414,207312,2969.66,445.587,9.072
0.02113,0,576.517,7.39646,0.837086,-278886,-3295.99,401.778,8.85816,207253,2971.74,445.617,9.07646
0.02114,0,576.517,7.40223,0.83716,-278936,-3298.78,401.745,8.86218,207194,2973.81,445.647,9.08091
0.02115,0,576.517,7.408,0.837234,-278985,-3301.57,401.712,8.86619,207136,2975.88,445.676,9.08537
0.02116,0,576.517,7.41376,0.837308,-279035,-3304.36,401.679,8.87021,207077,2977.95,445.706,9.08983
0.02117,0,576.517,7.41953,0.837382,-279085,-3307.15,401.646,8.87423,207018,2980.02,445.736,9.09429
0.02118,0,576.517,7.42529,0.837457,-279134,-3309.94,401.613,8.87824,206959,2982.09,445.766,9.09874
0.02119,0,576.517,7.43106,0.837531,-279184,-3312.73,401.58,8.88226,206900,2984.16,445.796,9.1032
0.0212,0,576.517,7.43682,0.837605,-279234,-3315.53,401.546,8.88628,206841,2986.23,445.826,9.10766
0.02121,0,576.517,7.44259,0.83768,-279284,-3318.32,401.513,8.89029,206782,2988.3,445.855,9.11212
0.02122,0,576.517,7.44835,0.837754,-279334,-3321.11,401.48,8.89431,206723,2990.37,445.885,9.11658
0.02123,0,576.517,7.45412,0.837829,-279384,-3323.91,401.447,8.89832,206664,2992.43,445.915,9.12103
0.02124,0,576.517,7.45988,0.837903,-279433,-3326.7,401.414,8.90233,206605,2994.5,445.945,9.12549
0.02125,0,576.517,7.46565,0.837978,-279483,-3329.49,401.38,8.90635,206546,2996.56,445.975,9.12995
0.02126,0,576.517,7.47142,0.838053,-279533,-3332.29,401.347,8.91036,206486,2998.63,446.005,9.13441
0.02127,0,576.517,7.47718,0.838127,-279583,-3335.09,401.314,8.91438,206427,3000.7,446.035,9.13887
0.02128,0,576.517,7.48295,0.838202,-279633,-3337.88,401.28,8.91839,206368,3002.76,446.065,9.14333
0.02129,0,576.517,7.48871,0.838277,-279684,-3340.68,401.247,8.9224,206308,3004.82,446.095,9.14779
0.0213,0,576.517,7.49448,0.838352,-279734,-3343.48,401.214,8.92641,206249,3006.89,446.125,9.15226
0.02131,0,576.517,7.50024,0.838427,-279784,-3346.27,401.18,8.93043,206189,3008.95,446.155,9.15672
0.02132,0,576.517,7.50601,0.838502,-279834,-3349.07,401.147,8.93444,206130,3011.01,446.185,9.16118
0.02133,0,576.517,7.51177,0.838577,-279884,-3351.87,401.113,8.93845,206070,3013.07,446.216,9.16564
0.02134,0,576.517,7.51754,0.838652,-279934,-3354.67,401.08,8.94246,206010,3015.13,446.246,9.1701
0.02135,0,576.517,7.5233,0.838727,-279985,-3357.47,401.046,8.94647,205950,3017.19,446.276,9.17457
0.02136,0,576.517,7.52907,0.838803,-280035,-3360.27,401.012,8.95048,205891,3019.25,446.306,9.17903
0.02137,0,576.517,7.53484,0.838878,-280085,-3363.07,400.979,8.95449,205831,3021.31,446.336,9.18349
0.02138,0,576.517,7.5406,0.838953,-280136,-3365.87,400.945,8.9585,205771,3023.37,446.366,9.18795
0.02139,0,576.517,7.54637,0.839029,-280186,-3368.67,400.911,8.96251,205711,3025.42,446.397,9.19242
0.0214,0,576.517,7.55213,0.839104,-280237,-3371.48,400.878,8.96652,205651,3027.48,446.427,9.19688
0.02141,0,576.517,7.5579,0.83918,-280287,-3374.28,400.844,8.97053,205591,3029.54,446.457,9.20135
0.0214201,0,576.517,7.56366,0.839255,-280337,-3377.08,400.81,8.97453,205531,3031.59,446.488,9.20581
0.0214301,0,576.517,7.56943,0.839331,-280388,-3379.89,400.776,8.97854,205471,3033.65,446.518,9.21028
0.0214401,0,576.517,7.57519,0.839407,-280439,-3382.69,400.743,8.98255,205410,3035.7,446.548,9.21474
0.0214501,0,576.517,7.58096,0.839483,-280489,-3385.49,400.709,8.98656,205350,3037.76,446.579,9.21921
0.0214601,0,576.517,7.58673,0.839558,-280540,-3388.3,400.675,8.99057,205290,3039.81,446.609,9.22367
0.0214701,0,576.517,7.59249,0.839634,-280590,-3391.11,400.641,8.99457,205229,3041.86,446.639,9.22814
0.0214801,0,576.517,7.59826,0.83971,-280641,-3393.91,400.607,8.99858,205169,3043.92,446.67,9.23261
0.0214901,0,576.517,7.60402,0.839786,-280692,-3396.72,400.573,9.00258,205108,3045.97,446.7,9.23707
0.0215001,0,576.517,7.60979,0.839862,-280742,-3399.53,400.539,9.00659,205048,3048.02,446.731,9.24154
0.0215101,0,576.517,7.61555,0.839939,-280793,-3402.33,400.505,9.01059,204987,3050.07,446.761,9.24601
0.0215201,0,576.517,7.62132,0.840015,-280844,-3405.14,400.471,9.0146,204927,3052.12,446.792,9.25048
0.0215301,0,576.517,7.62708,0.840091,-280895,-3407.95,400.437,9.0186,204866,3054.17,446.822,9.25494
0.0215401,0,576.517,7.63285,0.840167,-280946,-3410.76,400.403,9.02261,204805,3056.22,446.853,9.25941
0.0215501,0,576.517,7.63861,0.840244,-280997,-3413.57,400.369,9.02661,204744,3058.26,446.883,9.26388
0.0215601,0,576.517,7.64438,0.84032,-281048,-3416.38,400.335,9.03061,204684,3060.31,446.914,9.26835
0.0215701,0,576.517,7.65015,0.840397,-281098,-3419.19,400.3,9.03462,204623,3062.36,446.945,9.27282
0.0215801,0,576.517,7.65591,0.840473,-281149,-3422,400.266,9.03862,204562,3064.4,446.975,9.27729
0.0215901,0,576.517,7.66168,0.84055,-281200,-3424.81,400.232,9.04262,204501,3066.45,447.006,9.28176
0.0216001,0,576.517,7.66744,0.840626,-281252,-3427.63,400.198,9.04663,204440,3068.49,447.037,9.28623
0.0216101,0,576.517,7.67321,0.840703,-281303,-3430.44,400.164,9.05063,204378,3070.54,447.067,9.2907
0.0216201,0,576.517,7.67897,0.84078,-281354,-3433.25,400.129,9.05463,204317,3072.58,447.098,9.29517
0.0216301,0,576.517,7.68474,0.840857,-281405,-3436.07,400.095,9.05863,204256,3074.62,447.129,9.29964
0.0216401,0,576.517,7.6905,0.840933,-281456,-3438.88,400.06,9.06263,204195,3076.67,447.16,9.30411
0.0216501,0,576.517,7.69627,0.84101,-281507,-3441.7,400.026,9.06663,204133,3078.71,447.19,9.30859
0.0216601,0,576.517,7.70203,0.841087,-281558,-3444.51,399.992,9.07063,204072,3080.75,447.221,9.31306
0.0216701,0,576.517,7.7078,0.841164,-281610,-3447.33,399.957,9.07463,204011,3082.79,447.252,9.31753
0.0216801,0,576.517,7.71357,0.841242,-281661,-3450.15,399.923,9.07863,203949,3084.83,447.283,9.322
0.0216901,0,576.517,7.71933,0.841319,-281712,-3452.96,399.888,9.08263,203888,3086.87,447.314,9.32648
0.0217001,0,576.517,7.7251,0.841396,-281764,-3455.78,399.854,9.08663,203826,3088.91,447.345,9.33095
0.0217101,0,576.517,7.73086,0.841473,-281815,-3458.6,399.819,9.09063,203764,3090.95,447.375,9.33542
0.0217201,0,576.517,7.73663,0.841551,-281866,-3461.42,399.784,9.09462,203703,3092.98,447.406,9.3399
0.0217301,0,576.517,7.74239,0.841628,-281918,-3464.24,399.75,9.09862,203641,3095.02,447.437,9.34437
0.0217401,0,576.517,7.74816,0.841705,-281969,-3467.05,399.715,9.10262,203579,3097.06,447.468,9.34885
0.0217501,0,576.517,7.75392,0.841783,-282021,-3469.88,399.68,9.10662,203517,3099.09,447.499,9.35332
0.0217601,0,576.517,7.75969,0.841861,-282072,-3472.7,399.646,9.11061,203455,3101.13,447.53,9.3578
0.0217701,0,576.517,7.76546,0.841938,-282124,-3475.52,399.611,9.11461,203393,3103.16,447.561,9.36227
0.0217801,0,576.517,7.77122,0.842016,-282176,-3478.34,399.576,9.1186,203331,3105.19,447.592,9.36675
0.0217901,0,576.517,7.77699,0.842094,-282227,-3481.16,399.541,9.1226,203269,3107.23,447.623,9.37122
0.0218001,0,576.517,7.78275,0.842171,-282279,-3483.98,399.507,9.1266,203207,3109.26,447.654,9.3757
0.0218101,0,576.517,7.78852,0.842249,-282331,-3486.81,399.472,9.13059,203145,3111.29,447.686,9.38018
0.0218201,0,576.517,7.79428,0.842327,-282382,-3489.63,399.437,9.13459,203083,3113.32,447.717,9.38465
0.0218301,0,576.517,7.80005,0.842405,-282434,-3492.45,399.402,9.13858,203021,3115.35,447.748,9.38913
0.0218401,0,576.517,7.80581,0.842483,-282486,-3495.28,399.367,9.14257,202958,3117.38,447.779,9.39361
0.0218501,0,576.517,7.81158,0.842561,-282538,-3498.1,399.332,9.14657,202896,3119.41,447.81,9.39809
0.0218601,0,576.517,7.81734,0.842639,-282589,-3500.93,399.297,9.15056,202833,3121.44,447.841,9.40256
0.0218701,0,576.517,7.82311,0.842718,-282641,-3503.76,399.262,9.15455,202771,3123.47,447.873,9.40704
0.0218801,0,576.517,7.82888,0.842796,-282693,-3506.58,399.227,9.15854,202708,3125.5,447.904,9.41152
0.0218901,0,576.517,7.83464,0.842874,-282745,-3509.41,399.192,9.16254,202646,3127.52,447.935,9.416
0.0219001,0,576.517,7.84041,0.842953,-282797,-3512.24,399.157,9.16653,202583,3129.55,447.966,9.42048
0.0219101,0,576.517,7.84617,0.843031,-282849,-3515.07,399.122,9.17052,202520,3131.58,447.998,9.42496
0.0219201,0,576.517,7.85194,0.84311,-282901,-3517.9,399.086,9.17451,202458,3133.6,448.029,9.42944
0.0219301,0,576.517,7.8577,0.843188,-282953,-3520.72,399.051,9.1785,202395,3135.63,448.06,9.43392
0.0219401,0,576.517,7.86347,0.843267,-283005,-3523.56,399.016,9.18249,202332,3137.65,448.092,9.4384
0.0219501,0,576.517,7.86923,0.843345,-283057,-3526.39,398.981,9.18648,202269,3139.67,448.123,9.44288
0.0219601,0,576.517,7.875,0.843424,-283109,-3529.22,398.945,9.19047,202206,3141.7,448.155,9.44736
0.0219701,0,576.517,7.88076,0.843503,-283162,-3532.05,398.91,9.19446,202143,3143.72,448.186,9.45184
0.0219801,0,576.517,7.88653,0.843582,-283214,-3534.88,398.875,9.19845,202080,3145.74,448.217,9.45633
0.0219901,0,576.517,7.8923,0.843661,-283266,-3537.71,398.84,9.20244,202017,3147.76,448.249,9.46081
0.0220001,0,576.517,7.89806,0.84374,-283318,-3540.55,398.804,9.20643,201954,3149.78,448.28,9.46529
0.0220101,0,576.517,7.90383,0.843819,-283371,-3543.38,398.769,9.21041,201891,3151.8,448.312,9.46977
0.0220201,0,576.517,7.90959,0.843898,-283423,-3546.21,398.733,9.2144,201827,3153.82,448.343,9.47426
0.0220301,0,576.517,7.91536,0.843977,-283475,-3549.05,398.698,9.21839,201764,3155.84,448.375,9.47874
0.0220401,0,576.517,7.92112,0.844056,-283528,-3551.88,398.662,9.22238,201701,3157.85,448.407,9.48322
0.0220501,0,576.517,7.92689,0.844135,-283580,-3554.72,398.627,9.22636,201637,3159.87,448.438,9.48771
0.0220601,0,576.517,7.93265,0.844214,-283632,-3557.56,398.591,9.23035,201574,3161.89,448.47,9.49219
0.0220701,0,576.517,7.93842,0.844294,-283685,-3560.39,398.556,9.23433,201510,3163.9,448.501,9.49668
0.0220801,0,576.517,7.94419,0.844373,-283737,-3563.23,398.52,9.23832,201446,3165.92,448.533,9.50116
0.0220901,0,576.517,7.94995,0.844453,-283790,-3566.07,398.484,9.2423,201383,3167.93,448.565,9.50565
0.0221001,0,576.517,7.95572,0.844532,-283842,-3568.91,398.449,9.24629,201319,3169.94,448.596,9.51013
0.0221101,0,576.517,7.96148,0.844612,-283895,-3571.74,398.413,9.25027,201255,3171.96,448.628,9.51462
0.0221201,0,576.517,7.96725,0.844692,-283948,-3574.58,398.377,9.25426,201192,3173.97,448.66,9.51911
0.0221301,0,576.517,7.97301,0.844771,-284000,-3577.42,398.341,9.25824,201128,3175.98,448.692,9.52359
0.0221401,0,576.517,7.97878,0.844851,-284053,-3580.26,398.306,9.26222,201064,3177.99,448.723,9.52808
0.0221501,0,576.517,7.98454,0.844931,-284106,-3583.1,398.27,9.26621,201000,3180,448.755,9.53257
0.0221601,0,576.517,7.99031,0.845011,-284158,-3585.95,398.234,9.27019,200936,3182.01,448.787,9.53706
0.0221701,0,576.517,7.99607,0.845091,-284211,-3588.79,398.198,9.27417,200872,3184.02,448.819,9.54154
0.0221801,0,576.517,8.00184,0.845171,-284264,-3591.63,398.162,9.27815,200807,3186.03,448.851,9.54603
0.0221901,0,576.517,8.00761,0.845251,-284317,-3594.47,398.126,9.28214,200743,3188.04,448.882,9.55052
0.0222001,0,576.517,8.01337,0.845331,-284370,-3597.32,398.09,9.28612,200679,3190.05,448.914,9.55501
0.0222101,0,576.517,8.01914,0.845411,-284422,-3600.16,398.054,9.2901,200615,3192.05,448.946,9.5595
0.0222201,0,576.517,8.0249,0.845491,-284475,-3603.01,398.018,9.29408,200550,3194.06,448.978,9.56399
0.0222301,0,576.517,8.03067,0.845571,-284528,-3605.85,397.982,9.29806,200486,3196.06,449.01,9.56848
0.0222401,0,576.517,8.03643,0.845652,-284581,-3608.7,397.946,9.30204,200422,3198.07,449.042,9.57297
0.0222501,0,576.517,8.0422,0.845732,-284634,-3611.54,397.91,9.30602,200357,3200.07,449.074,9.57746
0.0222601,0,576.517,8.04796,0.845813,-284687,-3614.39,397.874,9.30999,200292,3202.07,449.106,9.58195
0.0222701,0,576.517,8.05373,0.845893,-284740,-3617.24,397.838,9.31397,200228,3204.08,449.138,9.58644
0.0222801,0,576.517,8.05949,0.845974,-284794,-3620.08,397.802,9.31795,200163,3206.08,449.17,9.59093
0.0222901,0,576.517,8.06526,0.846054,-284847,-3622.93,397.765,9.32193,200098,3208.08,449.202,9.59542
0.0223001,0,576.517,8.07103,0.846135,-284900,-3625.78,397.729,9.32591,200034,3210.08,449.234,9.59992
0.0223101,0,576.517,8.07679,0.846216,-284953,-3628.63,397.693,9.32988,199969,3212.08,449.267,9.60441
0.0223201,0,576.517,8.08256,0.846297,-285006,-3631.48,397.657,9.33386,199904,3214.08,449.299,9.6089
0.0223301,0,576.517,8.08832,0.846377,-285059,-3634.33,397.62,9.33784,199839,3216.08,449.331,9.61339
0.0223401,0,576.517,8.09409,0.846458,-285113,-3637.18,397.584,9.34181,199774,3218.08,449.363,9.61789
0.0223501,0,576.517,8.09985,0.846539,-285166,-3640.03,397.547,9.34579,199709,3220.08,449.395,9.62238
0.0223601,0,576.517,8.10562,0.84662,-285219,-3642.89,397.511,9.34976,199644,3222.07,449.427,9.62688
0.0223701,0,576.517,8.11138,0.846702,-285273,-3645.74,397.475,9.35374,199579,3224.07,449.46,9.63137
0.0223801,0,576.517,8.11715,0.846783,-285326,-3648.59,397.438,9.35771,199514,3226.06,449.492,9.63587
0.0223901,0,576.517,8.12291,0.846864,-285379,-3651.45,397.402,9.36169,199448,3228.06,449.524,9.64036
0.0224001,0,576.517,8.12868,0.846945,-285433,-3654.3,397.365,9.36566,199383,3230.05,449.556,9.64486
0.0224101,0,576.517,8.13445,0.847026,-285486,-3657.16,397.329,9.36963,199318,3232.05,449.589,9.64935
0.0224201,0,576.517,8.14021,0.847108,-285540,-3660.01,397.292,9.37361,199252,3234.04,449.621,9.65385
0.0224301,0,576.517,8.14598,0.847189,-285593,-3662.87,397.255,9.37758,199187,3236.03,449.653,9.65834
0.0224401,0,576.517,8.15174,0.847271,-285647,-3665.72,397.219,9.38155,199121,3238.02,449.686,9.66284
0.0224501,0,576.517,8.15751,0.847352,-285700,-3668.58,397.182,9.38552,199056,3240.02,449.718,9.66734
0.0224601,0,576.517,8.16327,0.847434,-285754,-3671.44,397.145,9.3895,198990,3242.01,449.751,9.67183
0.0224701,0,576.517,8.16904,0.847516,-285808,-3674.29,397.109,9.39347,198924,3244,449.783,9.67633
0.0224801,0,576.517,8.1748,0.847597,-285861,-3677.15,397.072,9.39744,198859,3245.98,449.815,9.68083
0.0224901,0,576.517,8.18057,0.847679,-285915,-3680.01,397.035,9.40141,198793,3247.97,449.848,9.68533
0.0225001,0,576.517,8.18633,0.847761,-285969,-3682.87,396.998,9.40538,198727,3249.96,449.88,9.68983
0.0225101,0,576.517,8.1921,0.847843,-286023,-3685.73,396.961,9.40935,198661,3251.95,449.913,9.69433
0.0225201,0,576.517,8.19787,0.847925,-286076,-3688.59,396.925,9.41332,198595,3253.93,449.945,9.69882
0.0225301,0,576.517,8.20363,0.848007,-286130,-3691.45,396.888,9.41729,198529,3255.92,449.978,9.70332
0.0225401,0,576.517,8.2094,0.848089,-286184,-3694.32,396.851,9.42126,198463,3257.9,450.011,9.70782
0.0225501,0,576.517,8.21516,0.848171,-286238,-3697.18,396.814,9.42522,198397,3259.89,450.043,9.71233
0.0225601,0,576.517,8.22093,0.848253,-286292,-3700.04,396.777,9.42919,198331,3261.87,450.076,9.71683
0.0225701,0,576.517,8.22669,0.848335,-286346,-3702.9,396.74,9.43316,198264,3263.86,450.108,9.72133
0.0225801,0,576.517,8.23246,0.848418,-286400,-3705.77,396.703,9.43713,198198,3265.84,450.141,9.72583
0.0225901,0,576.517,8.23822,0.8485,-286454,-3708.63,396.666,9.44109,198132,3267.82,450.174,9.73033
0.0226001,0,576.517,8.24399,0.848582,-286508,-3711.5,396.628,9.44506,198065,3269.8,450.206,9.73483
0.0226101,0,576.517,8.24975,0.848665,-286562,-3714.36,396.591,9.44903,197999,3271.78,450.239,9.73933
0.0226201,0,576.517,8.25552,0.848747,-286616,-3717.23,396.554,9.45299,197932,3273.76,450.272,9.74384
0.0226301,0,576.517,8.26129,0.84883,-286670,-3720.1,396.517,9.45696,197866,3275.74,450.305,9.74834
0.0226401,0,576.517,8.26705,0.848913,-286724,-3722.96,396.48,9.46092,197799,3277.72,450.337,9.75284
0.0226501,0,576.517,8.27282,0.848995,-286778,-3725.83,396.443,9.46489,197733,3279.7,450.37,9.75735
0.0226601,0,576.517,8.27858,0.849078,-286832,-3728.7,396.405,9.46885,197666,3281.67,450.403,9.76185
0.0226701,0,576.517,8.28435,0.849161,-286887,-3731.57,396.368,9.47282,197599,3283.65,450.436,9.76635
0.0226801,0,576.517,8.29011,0.849244,-286941,-3734.44,396.331,9.47678,197532,3285.63,450.469,9.77086
0.0226901,0,576.517,8.29588,0.849327,-286995,-3737.31,396.293,9.48074,197465,3287.6,450.502,9.77536
0.0227001,0,576.517,8.30164,0.84941,-287050,-3740.18,396.256,9.4847,197399,3289.58,450.534,9.77987
0.0227101,0,576.517,8.30741,0.849493,-287104,-3743.05,396.218,9.48867,197332,3291.55,450.567,9.78437
0.0227201,0,576.517,8.31318,0.849576,-287158,-3745.92,396.181,9.49263,197264,3293.52,450.6,9.78888
0.0227301,0,576.517,8.31894,0.849659,-287213,-3748.79,396.144,9.49659,197197,3295.49,450.633,9.79339
0.0227401,0,576.517,8.32471,0.849742,-287267,-3751.66,396.106,9.50055,197130,3297.47,450.666,9.79789
0.0227501,0,576.517,8.33047,0.849826,-287321,-3754.54,396.069,9.50451,197063,3299.44,450.699,9.8024
0.0227601,0,576.517,8.33624,0.849909,-287376,-3757.41,396.031,9.50847,196996,3301.41,450.732,9.80691
0.0227701,0,576.517,8.342,0.849992,-287430,-3760.28,395.993,9.51243,196928,3303.38,450.765,9.81141
0.0227801,0,576.517,8.34777,0.850076,-287485,-3763.16,395.956,9.51639,196861,3305.35,450.798,9.81592
0.0227901,0,576.517,8.35353,0.850159,-287540,-3766.03,395.918,9.52035,196794,3307.32,450.831,9.82043
0.0228001,0,576.517,8.3593,0.850243,-287594,-3768.91,395.88,9.52431,196726,3309.28,450.864,9.82494
0.0228101,0,576.517,8.36506,0.850326,-287649,-3771.79,395.843,9.52827,196659,3311.25,450.897,9.82945
0.0228201,0,576.517,8.37083,0.85041,-287703,-3774.66,395.805,9.53223,196591,3313.22,450.931,9.83396
0.0228301,0,576.517,8.3766,0.850494,-287758,-3777.54,395.767,9.53619,196523,3315.18,450.964,9.83847
0.0228401,0,576.517,8.38236,0.850578,-287813,-3780.42,395.729,9.54014,196456,3317.15,450.997,9.84298
0.0228501,0,576.517,8.38813,0.850662,-287868,-3783.3,395.692,9.5441,196388,3319.11,451.03,9.84749
0.0228601,0,576.517,8.39389,0.850745,-287922,-3786.18,395.654,9.54806,196320,3321.07,451.063,9.852
0.0228701,0,576.517,8.39966,0.850829,-287977,-3789.06,395.616,9.55201,196252,3323.04,451.097,9.85651
0.0228801,0,576.517,8.40542,0.850913,-288032,-3791.94,395.578,9.55597,196184,3325,451.13,9.86102
0.0228901,0,576.517,8.41119,0.850998,-288087,-3794.82,395.54,9.55993,196116,3326.96,451.163,9.86553
0.0229001,0,576.517,8.41695,0.851082,-288142,-3797.7,395.502,9.56388,196048,3328.92,451.196,9.87004
0.0229101,0,576.517,8.42272,0.851166,-288196,-3800.58,395.464,9.56784,195980,3330.88,451.23,9.87455
0.0229201,0,576.517,8.42848,0.85125,-288251,-3803.46,395.426,9.57179,195912,3332.84,451.263,9.87907
0.0229301,0,576.517,8.43425,0.851335,-288306,-3806.35,395.388,9.57574,195844,3334.8,451.296,9.88358
0.0229401,0,576.517,8.44002,0.851419,-288361,-3809.23,395.35,9.5797,195776,3336.76,451.33,9.88809
0.0229501,0,576.517,8.44578,0.851503,-288416,-3812.11,395.312,9.58365,195708,3338.72,451.363,9.89261
0.0229601,0,576.517,8.45155,0.851588,-288471,-3815,395.274,9.5876,195639,3340.67,451.396,9.89712
0.0229701,0,576.517,8.45731,0.851672,-288526,-3817.88,395.235,9.59156,195571,3342.63,451.43,9.90163
0.0229801,0,576.517,8.46308,0.851757,-288582,-3820.77,395.197,9.59551,195502,3344.59,451.463,9.90615
0.0229901,0,576.517,8.46884,0.851842,-288637,-3823.66,395.159,9.59946,195434,3346.54,451.497,9.91066
0.0230001,0,576.517,8.47461,0.851926,-288692,-3826.54,395.121,9.60341,195365,3348.49,451.53,9.91518
0.0230101,0,576.517,8.48037,0.852011,-288747,-3829.43,395.083,9.60736,195297,3350.45,451.564,9.91969
0.0230201,0,576.517,8.48614,0.852096,-288802,-3832.32,395.044,9.61131,195228,3352.4,451.597,9.92421
0.0230301,0,576.517,8.49191,0.852181,-288858,-3835.21,395.006,9.61526,195159,3354.35,451.631,9.92873
0.0230401,0,576.517,8.49767,0.852266,-288913,-3838.09,394.967,9.61922,195090,3356.3,451.664,9.93324
0.0230501,0,576.517,8.50344,0.852351,-288968,-3840.98,394.929,9.62316,195022,3358.25,451.698,9.93776
0.0230601,0,576.517,8.5092,0.852436,-289023,-3843.87,394.891,9.62711,194953,3360.2,451.732,9.94228
0.0230701,0,576.517,8.51497,0.852521,-289079,-3846.76,394.852,9.63106,194884,3362.15,451.765,9.94679
0.0230801,0,576.517,8.52073,0.852606,-289134,-3849.66,394.814,9.63501,194815,3364.1,451.799,9.95131
0.0230901,0,576.517,8.5265,0.852691,-289190,-3852.55,394.775,9.63896,194746,3366.05,451.832,9.95583
0.0231001,0,576.517,8.53226,0.852777,-289245,-3855.44,394.737,9.64291,194677,3368,451.866,9.96035
0.0231101,0,576.517,8.53803,0.852862,-289300,-3858.33,394.698,9.64685,194607,3369.94,451.9,9.96487
0.0231201,0,576.517,8.54379,0.852947,-289356,-3861.23,394.66,9.6508,194538,3371.89,451.933,9.96939
0.0231301,0,576.517,8.54956,0.853033,-289411,-3864.12,394.621,9.65475,194469,3373.84,451.967,9.97391
0.0231401,0,576.517,8.55533,0.853118,-289467,-3867.01,394.582,9.65869,194400,3375.78,452.001,9.97843
0.0231501,0,576.517,8.56109,0.853204,-289523,-3869.91,394.544,9.66264,194330,3377.72,452.035,9.98295
0.0231601,0,576.517,8.56686,0.85329,-289578,-3872.81,394.505,9.66658,194261,3379.67,452.068,9.98747
0.0231701,0,576.517,8.57262,0.853375,-289634,-3875.7,394.466,9.67053,194191,3381.61,452.102,9.99199
0.0231801,0,576.517,8.57839,0.853461,-289689,-3878.6,394.427,9.67447,194122,3383.55,452.136,9.99651
0.0231901,0,576.517,8.58415,0.853547,-289745,-3881.5,394.389,9.67842,194052,3385.49,452.17,10.001
0.0232001,0,576.517,8.58992,0.853633,-289801,-3884.39,394.35,9.68236,193983,3387.43,452.204,10.0056
0.0232101,0,576.517,8.59568,0.853719,-289857,-3887.29,394.311,9.6863,193913,3389.37,452.238,10.0101
0.0232201,0,576.517,8.60145,0.853805,-289912,-3890.19,394.272,9.69025,193843,3391.31,452.272,10.0146
0.0232301,0,576.517,8.60721,0.853891,-289968,-3893.09,394.233,9.69419,193773,3393.25,452.306,10.0191
0.0232401,0,576.517,8.61298,0.853977,-290024,-3895.99,394.194,9.69813,193703,3395.19,452.34,10.0236
0.0232501,0,576.517,8.61875,0.854063,-290080,-3898.89,394.155,9.70207,193633,3397.12,452.373,10.0282
0.0232602,0,576.517,8.62451,0.854149,-290136,-3901.79,394.116,9.70601,193563,3399.06,452.407,10.0327
0.0232702,0,576.517,8.63028,0.854236,-290192,-3904.7,394.077,9.70996,193493,3400.99,452.441,10.0372
0.0232802,0,576.517,8.63604,0.854322,-290247,-3907.6,394.038,9.7139,193423,3402.93,452.475,10.0417
0.0232902,0,576.517,8.64181,0.854408,-290303,-3910.5,393.999,9.71784,193353,3404.86,452.51,10.0463
0.0233002,0,576.517,8.64757,0.854495,-290359,-3913.4,393.96,9.72178,193283,3406.8,452.544,10.0508
0.0233102,0,576.517,8.65334,0.854581,-290415,-3916.31,393.921,9.72572,193213,3408.73,452.578,10.0553
0.0233202,0,576.517,8.6591,0.854668,-290471,-3919.21,393.881,9.72965,193142,3410.66,452.612,10.0598
0.0233302,0,576.517,8.66487,0.854755,-290528,-3922.12,393.842,9.73359,193072,3412.59,452.646,10.0644
0.0233402,0,576.517,8.67064,0.854841,-290584,-3925.02,393.803,9.73753,193002,3414.52,452.68,10.0689
0.0233502,0,576.517,8.6764,0.854928,-290640,-3927.93,393.764,9.74147,192931,3416.45,452.714,10.0734
0.0233602,0,576.517,8.68217,0.855015,-290696,-3930.84,393.724,9.74541,192861,3418.38,452.748,10.0779
0.0233702,0,576.517,8.68793,0.855102,-290752,-3933.74,393.685,9.74934,192790,3420.31,452.783,10.0825
0.0233802,0,576.517,8.6937,0.855188,-290808,-3936.65,393.646,9.75328,192719,3422.24,452.817,10.087
0.0233902,0,576.517,8.69946,0.855275,-290865,-3939.56,393.606,9.75722,192649,3424.16,452.851,10.0915
0.0234002,0,576.517,8.70523,0.855362,-290921,-3942.47,393.567,9.76115,192578,3426.09,452.885,10.0961
0.0234102,0,576.517,8.71099,0.85545,-290977,-3945.38,393.528,9.76509,192507,3428.02,452.919,10.1006
0.0234202,0,576.517,8.71676,0.855537,-291033,-3948.29,393.488,9.76902,192436,3429.94,452.954,10.1051
0.0234302,0,576.517,8.72252,0.855624,-291090,-3951.2,393.449,9.77296,192365,3431.86,452.988,10.1096
0.0234402,0,576.517,8.72829,0.855711,-291146,-3954.11,393.409,9.77689,192294,3433.79,453.022,10.1142
0.0234502,0,576.517,8.73406,0.855798,-291202,-3957.02,393.369,9.78083,192223,3435.71,453.057,10.1187
0.0234602,0,576.517,8.73982,0.855886,-291259,-3959.94,393.33,9.78476,192152,3437.63,453.091,10.1232
0.0234702,0,576.517,8.74559,0.855973,-291315,-3962.85,393.29,9.78869,192081,3439.55,453.126,10.1278
0.0234802,0,576.517,8.75135,0.856061,-291372,-3965.76,393.251,9.79263,192010,3441.47,453.16,10.1323
0.0234902,0,576.517,8.75712,0.856148,-291428,-3968.68,393.211,9.79656,191938,3443.39,453.194,10.1368
0.0235002,0,576.517,8.76288,0.856236,-291485,-3971.59,393.171,9.80049,191867,3445.31,453.229,10.1414
0.0235102,0,576.517,8.76865,0.856324,-291541,-3974.51,393.132,9.80442,191796,3447.23,453.263,10.1459
0.0235202,0,576.517,8.77441,0.856411,-291598,-3977.42,393.092,9.80835,191724,3449.15,453.298,10.1504
0.0235302,0,576.517,8.78018,0.856499,-291655,-3980.34,393.052,9.81228,191653,3451.07,453.332,10.155
0.0235402,0,576.517,8.78594,0.856587,-291711,-3983.26,393.012,9.81621,191581,3452.98,453.367,10.1595
0.0235502,0,576.517,8.79171,0.856675,-291768,-3986.17,392.972,9.82014,191510,3454.9,453.401,10.164
0.0235602,0,576.517,8.79748,0.856763,-291825,-3989.09,392.932,9.82407,191438,3456.81,453.436,10.1686
0.0235702,0,576.517,8.80324,0.856851,-291881,-3992.01,392.892,9.828,191366,3458.73,453.47,10.1731
0.0235802,0,576.517,8.80901,0.856939,-291938,-3994.93,392.853,9.83193,191295,3460.64,453.505,10.1776
0.0235902,0,576.517,8.81477,0.857027,-291995,-3997.85,392.813,9.83586,191223,3462.55,453.54,10.1822
0.0236002,0,576.517,8.82054,0.857115,-292052,-4000.77,392.773,9.83979,191151,3464.47,453.574,10.1867
0.0236102,0,576.517,8.8263,0.857203,-292108,-4003.69,392.733,9.84371,191079,3466.38,453.609,10.1912
0.0236202,0,576.517,8.83207,0.857292,-292165,-4006.61,392.693,9.84764,191007,3468.29,453.644,10.1958
0.0236302,0,576.517,8.83783,0.85738,-292222,-4009.53,392.652,9.85157,190935,3470.2,453.678,10.2003
0.0236402,0,576.517,8.8436,0.857468,-292279,-4012.46,392.612,9.85549,190863,3472.11,453.713,10.2049
0.0236502,0,576.517,8.84937,0.857557,-292336,-4015.38,392.572,9.85942,190791,3474.01,453.748,10.2094
0.0236602,0,576.517,8.85513,0.857645,-292393,-4018.3,392.532,9.86335,190719,3475.92,453.783,10.2139
0.0236702,0,576.517,8.8609,0.857734,-292450,-4021.23,392.492,9.86727,190646,3477.83,453.817,10.2185
0.0236802,0,576.517,8.86666,0.857823,-292507,-4024.15,392.452,9.87119,190574,3479.74,453.852,10.223
0.0236902,0,576.517,8.87243,0.857911,-292564,-4027.08,392.411,9.87512,190502,3481.64,453.887,10.2275
0.0237002,0,576.517,8.87819,0.858,-292621,-4030.01,392.371,9.87904,190429,3483.55,453.922,10.2321
0.0237102,0,576.517,8.88396,0.858089,-292678,-4032.93,392.331,9.88297,190357,3485.45,453.957,10.2366
0.0237202,0,576.517,8.88972,0.858178,-292735,-4035.86,392.29,9.88689,190284,3487.35,453.991,10.2412
0.0237302,0,576.517,8.89549,0.858267,-292792,-4038.79,392.25,9.89081,190212,3489.26,454.026,10.2457
0.0237402,0,576.517,8.90125,0.858356,-292850,-4041.71,392.21,9.89474,190139,3491.16,454.061,10.2502
0.0237502,0,576.517,8.90702,0.858445,-292907,-4044.64,392.169,9.89866,190066,3493.06,454.096,10.2548
0.0237602,0,576.517,8.91279,0.858534,-292964,-4047.57,392.129,9.90258,189994,3494.96,454.131,10.2593
0.0237702,0,576.517,8.91855,0.858623,-293021,-4050.5,392.088,9.9065,189921,3496.86,454.166,10.2639
0.0237802,0,576.517,8.92432,0.858712,-293078,-4053.43,392.048,9.91042,189848,3498.76,454.201,10.2684
0.0237902,0,576.517,8.93008,0.858802,-293136,-4056.36,392.007,9.91434,189775,3500.66,454.236,10.2729
0.0238002,0,576.517,8.93585,0.858891,-293193,-4059.3,391.967,9.91826,189702,3502.55,454.271,10.2775
0.0238102,0,576.517,8.94161,0.85898,-293250,-4062.23,391.926,9.92218,189629,3504.45,454.306,10.282
0.0238202,0,576.517,8.94738,0.85907,-293308,-4065.16,391.885,9.9261,189556,3506.35,454.341,10.2866
0.0238302,0,576.517,8.95314,0.859159,-293365,-4068.1,391.845,9.93002,189483,3508.24,454.376,10.2911
0.0238402,0,576.517,8.95891,0.859249,-293423,-4071.03,391.804,9.93394,189410,3510.14,454.411,10.2957
0.0238502,0,576.517,8.96467,0.859338,-293480,-4073.96,391.763,9.93785,189336,3512.03,454.446,10.3002
0.0238602,0,576.517,8.97044,0.859428,-293538,-4076.9,391.722,9.94177,189263,3513.92,454.482,10.3048
0.0238702,0,576.517,8.97621,0.859518,-293595,-4079.84,391.682,9.94569,189190,3515.82,454.517,10.3093
0.0238802,0,576.517,8.98197,0.859608,-293653,-4082.77,391.641,9.9496,189116,3517.71,454.552,10.3138
0.0238902,0,576.517,8.98774,0.859698,-293710,-4085.71,391.6,9.95352,189043,3519.6,454.587,10.3184
0.0239002,0,576.517,8.9935,0.859787,-293768,-4088.65,391.559,9.95744,188969,3521.49,454.622,10.3229
0.0239102,0,576.517,8.99927,0.859877,-293825,-4091.58,391.518,9.96135,188896,3523.38,454.658,10.3275
0.0239202,0,576.517,9.00503,0.859967,-293883,-4094.52,391.477,9.96527,188822,3525.27,454.693,10.332
0.0239302,0,576.517,9.0108,0.860057,-293941,-4097.46,391.436,9.96918,188748,3527.15,454.728,10.3366
0.0239402,0,576.517,9.01656,0.860148,-293998,-4100.4,391.395,9.9731,188674,3529.04,454.763,10.3411
0.0239502,0,576.517,9.02233,0.860238,-294056,-4103.34,391.354,9.97701,188601,3530.93,454.799,10.3457
0.0239602,0,576.517,9.0281,0.860328,-294114,-4106.28,391.313,9.98092,188527,3532.81,454.834,10.3502
0.0239702,0,576.517,9.03386,0.860418,-294172,-4109.23,391.272,9.98484,188453,3534.7,454.869,10.3548
0.0239802,0,576.517,9.03963,0.860509,-294230,-4112.17,391.231,9.98875,188379,3536.58,454.905,10.3593
0.0239902,0,576.517,9.04539,0.860599,-294287,-4115.11,391.19,9.99266,188305,3538.47,454.94,10.3639
0.0240002,0,576.517,9.05116,0.86069,-294345,-4118.05,391.149,9.99657,188231,3540.35,454.975,10.3684
0.0240102,0,576.517,9.05692,0.86078,-294403,-4121,391.108,10.0005,188156,3542.23,455.011,10.373
0.0240202,0,576.517,9.06269,0.860871,-294461,-4123.94,391.066,10.0044,188082,3544.11,455.046,10.3775
0.0240302,0,576.517,9.06845,0.860961,-294519,-4126.89,391.025,10.0083,188008,3545.99,455.082,10.3821
0.0240402,0,576.517,9.07422,0.861052,-294577,-4129.83,390.984,10.0122,187934,3547.87,455.117,10.3866
0.0240502,0,576.517,9.07998,0.861143,-294635,-4132.78,390.943,10.0161,187859,3549.75,455.153,10.3912
0.0240602,0,576.517,9.08575,0.861234,-294693,-4135.73,390.901,10.02,187785,3551.63,455.188,10.3957
0.0240702,0,576.517,9.09152,0.861325,-294751,-4138.67,390.86,10.0239,187710,3553.51,455.224,10.4003
0.0240802,0,576.517,9.09728,0.861416,-294809,-4141.62,390.818,10.0279,187636,3555.38,455.259,10.4048
0.0240902,0,576.517,9.10305,0.861507,-294867,-4144.57,390.777,10.0318,187561,3557.26,455.295,10.4094
0.0241002,0,576.517,9.10881,0.861598,-294925,-4147.52,390.735,10.0357,187487,3559.14,455.33,10.4139
0.0241102,0,576.517,9.11458,0.861689,-294983,-4150.47,390.694,10.0396,187412,3561.01,455.366,10.4185
0.0241202,0,576.517,9.12034,0.86178,-295041,-4153.42,390.652,10.0435,187337,3562.88,455.402,10.423
0.0241302,0,576.517,9.12611,0.861871,-295100,-4156.37,390.611,10.0474,187262,3564.76,455.437,10.4276
0.0241402,0,576.517,9.13187,0.861963,-295158,-4159.32,390.569,10.0513,187187,3566.63,455.473,10.4321
0.0241502,0,576.517,9.13764,0.862054,-295216,-4162.27,390.528,10.0552,187112,3568.5,455.509,10.4367
0.0241602,0,576.517,9.1434,0.862145,-295274,-4165.23,390.486,10.0591,187037,3570.37,455.544,10.4413
0.0241702,0,576.517,9.14917,0.862237,-295333,-4168.18,390.444,10.063,186962,3572.24,455.58,10.4458
0.0241802,0,576.517,9.15494,0.862328,-295391,-4171.13,390.403,10.0669,186887,3574.11,455.616,10.4504
0.0241902,0,576.517,9.1607,0.86242,-295449,-4174.09,390.361,10.0708,186812,3575.98,455.652,10.4549
0.0242002,0,576.517,9.16647,0.862512,-295508,-4177.04,390.319,10.0747,186737,3577.85,455.687,10.4595
0.0242102,0,576.517,9.17223,0.862603,-295566,-4180,390.277,10.0786,186662,3579.72,455.723,10.464
0.0242202,0,576.517,9.178,0.862695,-295624,-4182.95,390.236,10.0825,186586,3581.58,455.759,10.4686
0.0242302,0,576.517,9.18376,0.862787,-295683,-4185.91,390.194,10.0864,186511,3583.45,455.795,10.4732
0.0242402,0,576.517,9.18953,0.862879,-295741,-4188.87,390.152,10.0903,186435,3585.31,455.831,10.4777
0.0242502,0,576.517,9.19529,0.862971,-295800,-4191.83,390.11,10.0942,186360,3587.18,455.866,10.4823
0.0242602,0,576.517,9.20106,0.863063,-295858,-4194.78,390.068,10.0981,186284,3589.04,455.902,10.4868
0.0242702,0,576.517,9.20683,0.863155,-295917,-4197.74,390.026,10.102,186209,3590.9,455.938,10.4914
0.0242802,0,576.517,9.21259,0.863247,-295975,-4200.7,389.984,10.1059,186133,3592.76,455.974,10.4959
0.0242902,0,576.517,9.21836,0.863339,-296034,-4203.66,389.942,10.1098,186057,3594.62,456.01,10.5005
0.0243002,0,576.517,9.22412,0.863431,-296093,-4206.62,389.9,10.1137,185981,3596.49,456.046,10.5051
0.0243102,0,576.517,9.22989,0.863523,-296151,-4209.59,389.858,10.1176,185906,3598.34,456.082,10.5096
0.0243202,0,576.517,9.23565,0.863616,-296210,-4212.55,389.816,10.1215,185830,3600.2,456.118,10.5142
0.0243302,0,576.517,9.24142,0.863708,-296269,-4215.51,389.774,10.1254,185754,3602.06,456.154,10.5188
0.0243402,0,576.517,9.24718,0.863801,-296327,-4218.47,389.732,10.1293,185678,3603.92,456.19,10.5233
0.0243502,0,576.517,9.25295,0.863893,-296386,-4221.44,389.689,10.1332,185602,3605.78,456.226,10.5279
0.0243602,0,576.517,9.25871,0.863986,-296445,-4224.4,389.647,10.1371,185526,3607.63,456.262,10.5324
0.0243702,0,576.517,9.26448,0.864078,-296504,-4227.37,389.605,10.141,185449,3609.49,456.298,10.537
0.0243802,0,576.517,9.27025,0.864171,-296562,-4230.33,389.563,10.1449,185373,3611.34,456.334,10.5416
0.0243902,0,576.517,9.27601,0.864264,-296621,-4233.3,389.52,10.1488,185297,3613.19,456.37,10.5461
0.0244002,0,576.517,9.28178,0.864357,-296680,-4236.26,389.478,10.1527,185220,3615.05,456.407,10.5507
0.0244102,0,576.517,9.28754,0.864449,-296739,-4239.23,389.435,10.1566,185144,3616.9,456.443,10.5553
0.0244202,0,576.517,9.29331,0.864542,-296798,-4242.2,389.393,10.1605,185068,3618.75,456.479,10.5598
0.0244302,0,576.517,9.29907,0.864635,-296857,-4245.17,389.351,10.1644,184991,3620.6,456.515,10.5644
0.0244402,0,576.517,9.30484,0.864728,-296916,-4248.14,389.308,10.1683,184914,3622.45,456.551,10.569
0.0244502,0,576.517,9.3106,0.864821,-296975,-4251.11,389.266,10.1722,184838,3624.3,456.588,10.5735
0.0244602,0,576.517,9.31637,0.864914,-297034,-4254.08,389.223,10.1761,184761,3626.15,456.624,10.5781
0.0244702,0,576.517,9.32213,0.865008,-297093,-4257.05,389.181,10.18,184684,3627.99,456.66,10.5826
0.0244802,0,576.517,9.3279,0.865101,-297152,-4260.02,389.138,10.1838,184608,3629.84,456.696,10.5872
0.0244902,0,576.517,9.33366,0.865194,-297211,-4262.99,389.095,10.1877,184531,3631.69,456.733,10.5918
0.0245002,0,576.517,9.33943,0.865288,-297270,-4265.96,389.053,10.1916,184454,3633.53,456.769,10.5963
0.0245102,0,576.517,9.3452,0.865381,-297329,-4268.94,389.01,10.1955,184377,3635.38,456.805,10.6009
0.0245202,0,576.517,9.35096,0.865475,-297388,-4271.91,388.967,10.1994,184300,3637.22,456.842,10.6055
0.0245302,0,576.517,9.35673,0.865568,-297448,-4274.88,388.925,10.2033,184223,3639.06,456.878,10.6101
0.0245402,0,576.517,9.36249,0.865662,-297507,-4277.86,388.882,10.2072,184145,3640.9,456.915,10.6146
0.0245502,0,576.517,9.36826,0.865755,-297566,-4280.83,388.839,10.2111,184068,3642.74,456.951,10.6192
0.0245602,0,576.517,9.37402,0.865849,-297625,-4283.81,388.796,10.215,183991,3644.58,456.987,10.6238
0.0245702,0,576.517,9.37979,0.865943,-297685,-4286.79,388.753,10.2188,183914,3646.42,457.024,10.6283
0.0245802,0,576.517,9.38555,0.866037,-297744,-4289.76,388.71,10.2227,183836,3648.26,457.06,10.6329
0.0245902,0,576.517,9.39132,0.866131,-297803,-4292.74,388.668,10.2266,183759,3650.1,457.097,10.6375
0.0246002,0,576.517,9.39709,0.866224,-297863,-4295.72,388.625,10.2305,183681,3651.94,457.133,10.642
0.0246102,0,576.517,9.40285,0.866318,-297922,-4298.7,388.582,10.2344,183604,3653.78,457.17,10.6466
0.0246202,0,576.517,9.40862,0.866413,-297981,-4301.68,388.539,10.2383,183526,3655.61,457.206,10.6512
0.0246302,0,576.517,9.41438,0.866507,-298041,-4304.66,388.496,10.2422,183448,3657.45,457.243,10.6558
0.0246402,0,576.517,9.42015,0.866601,-298100,-4307.64,388.453,10.2461,183371,3659.28,457.28,10.6603
0.0246502,0,576.517,9.42591,0.866695,-298160,-4310.62,388.409,10.2499,183293,3661.11,457.316,10.6649
0.0246602,0,576.517,9.43168,0.866789,-298219,-4313.6,388.366,10.2538,183215,3662.95,457.353,10.6695
0.0246702,0,576.517,9.43744,0.866884,-298279,-4316.59,388.323,10.2577,183137,3664.78,457.389,10.6741
0.0246802,0,576.517,9.44321,0.866978,-298338,-4319.57,388.28,10.2616,183059,3666.61,457.426,10.6786
0.0246902,0,576.517,9.44897,0.867073,-298398,-4322.55,388.237,10.2655,182981,3668.44,457.463,10.6832
0.0247002,0,576.517,9.45474,0.867167,-298458,-4325.54,388.194,10.2694,182903,3670.27,457.499,10.6878
0.0247102,0,576.517,9.46051,0.867262,-298517,-4328.52,388.15,10.2732,182825,3672.1,457.536,10.6924
0.0247202,0,576.517,9.46627,0.867356,-298577,-4331.51,388.107,10.2771,182747,3673.93,457.573,10.6969
0.0247302,0,576.517,9.47204,0.867451,-298636,-4334.5,388.064,10.281,182669,3675.75,457.61,10.7015
0.0247402,0,576.517,9.4778,0.867546,-298696,-4337.48,388.02,10.2849,182590,3677.58,457.646,10.7061
0.0247502,0,576.517,9.48357,0.867641,-298756,-4340.47,387.977,10.2888,182512,3679.4,457.683,10.7107
0.0247602,0,576.517,9.48933,0.867736,-298816,-4343.46,387.933,10.2926,182434,3681.23,457.72,10.7152
0.0247702,0,576.517,9.4951,0.86783,-298875,-4346.45,387.89,10.2965,182355,3683.05,457.757,10.7198
0.0247802,0,576.517,9.50086,0.867925,-298935,-4349.44,387.846,10.3004,182277,3684.88,457.794,10.7244
0.0247902,0,576.517,9.50663,0.86802,-298995,-4352.43,387.803,10.3043,182198,3686.7,457.831,10.729
0.0248002,0,576.517,9.51239,0.868116,-299055,-4355.42,387.759,10.3081,182119,3688.52,457.867,10.7335
0.0248102,0,576.517,9.51816,0.868211,-299115,-4358.41,387.716,10.312,182041,3690.34,457.904,10.7381
0.0248202,0,576.517,9.52393,0.868306,-299175,-4361.4,387.672,10.3159,181962,3692.16,457.941,10.7427
0.0248302,0,576.517,9.52969,0.868401,-299235,-4364.39,387.629,10.3198,181883,3693.98,457.978,10.7473
0.0248402,0,576.517,9.53546,0.868497,-299294,-4367.38,387.585,10.3237,181804,3695.8,458.015,10.7519
0.0248502,0,576.517,9.54122,0.868592,-299354,-4370.38,387.541,10.3275,181725,3697.62,458.052,10.7564
0.0248602,0,576.517,9.54699,0.868687,-299414,-4373.37,387.498,10.3314,181646,3699.44,458.089,10.761
0.0248702,0,576.517,9.55275,0.868783,-299474,-4376.37,387.454,10.3353,181567,3701.25,458.126,10.7656
0.0248802,0,576.517,9.55852,0.868878,-299535,-4379.36,387.41,10.3392,181488,3703.07,458.163,10.7702
0.0248902,0,576.517,9.56428,0.868974,-299595,-4382.36,387.366,10.343,181409,3704.88,458.2,10.7748
0.0249002,0,576.517,9.57005,0.86907,-299655,-4385.35,387.322,10.3469,181330,3706.69,458.237,10.7794
0.0249102,0,576.517,9.57582,0.869165,-299715,-4388.35,387.279,10.3508,181250,3708.51,458.274,10.7839
0.0249202,0,576.517,9.58158,0.869261,-299775,-4391.35,387.235,10.3546,181171,3710.32,458.311,10.7885
0.0249302,0,576.517,9.58735,0.869357,-299835,-4394.35,387.191,10.3585,181092,3712.13,458.349,10.7931
0.0249402,0,576.517,9.59311,0.869453,-299895,-4397.34,387.147,10.3624,181012,3713.94,458.386,10.7977
0.0249502,0,576.517,9.59888,0.869549,-299955,-4400.34,387.103,10.3663,180933,3715.75,458.423,10.8023
0.0249602,0,576.517,9.60464,0.869645,-300016,-4403.34,387.059,10.3701,180853,3717.56,458.46,10.8069
0.0249702,0,576.517,9.61041,0.869741,-300076,-4406.35,387.015,10.374,180774,3719.37,458.497,10.8114
0.0249802,0,576.517,9.61617,0.869837,-300136,-4409.35,386.971,10.3779,180694,3721.18,458.534,10.816
0.0249902,0,576.517,9.62194,0.869933,-300196,-4412.35,386.926,10.3817,180614,3722.98,458.572,10.8206
0.0250002,0,576.517,9.6277,0.87003,-300257,-4415.35,386.882,10.3856,180534,3724.79,458.609,10.8252
0.0250102,0,576.517,9.63347,0.870126,-300317,-4418.35,386.838,10.3895,180455,3726.59,458.646,10.8298
0.0250202,0,576.517,9.63924,0.870222,-300378,-4421.36,386.794,10.3933,180375,3728.4,458.683,10.8344
0.0250302,0,576.517,9.645,0.870319,-300438,-4424.36,386.75,10.3972,180295,3730.2,458.721,10.839
0.0250402,0,576.517,9.65077,0.870415,-300498,-4427.37,386.705,10.4011,180215,3732,458.758,10.8435
0.0250502,0,576.517,9.65653,0.870512,-300559,-4430.37,386.661,10.405,180135,3733.81,458.795,10.8481
0.0250602,0,576.517,9.6623,0.870608,-300619,-4433.38,386.617,10.4088,180054,3735.61,458.833,10.8527
0.0250702,0,576.517,9.66806,0.870705,-300680,-4436.38,386.573,10.4127,179974,3737.41,458.87,10.8573
0.0250802,0,576.517,9.67383,0.870802,-300740,-4439.39,386.528,10.4165,179894,3739.21,458.907,10.8619
0.0250902,0,576.517,9.67959,0.870898,-300801,-4442.4,386.484,10.4204,179814,3741.01,458.945,10.8665
0.0251002,0,576.517,9.68536,0.870995,-300861,-4445.41,386.439,10.4243,179733,3742.8,458.982,10.8711
0.0251103,0,576.517,9.69112,0.871092,-300922,-4448.42,386.395,10.4281,179653,3744.6,459.02,10.8757
0.0251203,0,576.517,9.69689,0.871189,-300982,-4451.43,386.35,10.432,179572,3746.4,459.057,10.8803
0.0251303,0,576.517,9.70266,0.871286,-301043,-4454.44,386.306,10.4359,179492,3748.19,459.095,10.8848
0.0251403,0,576.517,9.70842,0.871383,-301104,-4457.45,386.261,10.4397,179411,3749.99,459.132,10.8894
0.0251503,0,576.517,9.71419,0.87148,-301164,-4460.46,386.217,10.4436,179331,3751.78,459.17,10.894
0.0251603,0,576.517,9.71995,0.871578,-301225,-4463.47,386.172,10.4475,179250,3753.57,459.207,10.8986
0.0251703,0,576.517,9.72572,0.871675,-301286,-4466.48,386.127,10.4513,179169,3755.37,459.245,10.9032
0.0251803,0,576.517,9.73148,0.871772,-301347,-4469.5,386.083,10.4552,179088,3757.16,459.282,10.9078
0.0251903,0,576.517,9.73725,0.871869,-301407,-4472.51,386.038,10.459,179007,3758.95,459.32,10.9124
0.0252003,0,576.517,9.74301,0.871967,-301468,-4475.53,385.993,10.4629,178926,3760.74,459.357,10.917
0.0252103,0,576.517,9.74878,0.872064,-301529,-4478.54,385.948,10.4668,178845,3762.53,459.395,10.9216
0.0252203,0,576.517,9.75455,0.872162,-301590,-4481.56,385.904,10.4706,178764,3764.31,459.433,10.9262
0.0252303,0,576.517,9.76031,0.872259,-301651,-4484.57,385.859,10.4745,178683,3766.1,459.47,10.9308
0.0252403,0,576.517,9.76608,0.872357,-301712,-4487.59,385.814,10.4783,178602,3767.89,459.508,10.9354
0.0252503,0,576.517,9.77184,0.872455,-301772,-4490.61,385.769,10.4822,178521,3769.67,459.546,10.94
0.0252603,0,576.517,9.77761,0.872552,-301833,-4493.63,385.724,10.4861,178439,3771.46,459.583,10.9446
0.0252703,0,576.517,9.78337,0.87265,-301894,-4496.65,385.679,10.4899,178358,3773.24,459.621,10.9492
0.0252803,0,576.517,9.78914,0.872748,-301955,-4499.66,385.634,10.4938,178277,3775.03,459.659,10.9537
0.0252903,0,576.517,9.7949,0.872846,-302016,-4502.68,385.589,10.4976,178195,3776.81,459.697,10.9583
0.0253003,0,576.517,9.80067,0.872944,-302077,-4505.7,385.544,10.5015,178114,3778.59,459.734,10.9629
0.0253103,0,576.517,9.80643,0.873042,-302138,-4508.73,385.499,10.5053,178032,3780.37,459.772,10.9675
0.0253203,0,576.517,9.8122,0.87314,-302199,-4511.75,385.454,10.5092,177950,3782.15,459.81,10.9721
0.0253303,0,576.517,9.81797,0.873238,-302260,-4514.77,385.409,10.513,177869,3783.93,459.848,10.9767
0.0253403,0,576.517,9.82373,0.873337,-302322,-4517.79,385.364,10.5169,177787,3785.71,459.886,10.9813
0.0253503,0,576.517,9.8295,0.873435,-302383,-4520.82,385.318,10.5207,177705,3787.49,459.924,10.9859
0.0253603,0,576.517,9.83526,0.873533,-302444,-4523.84,385.273,10.5246,177623,3789.26,459.961,10.9905
0.0253703,0,576.517,9.84103,0.873632,-302505,-4526.87,385.228,10.5285,177541,3791.04,459.999,10.9951
0.0253803,0,576.517,9.84679,0.87373,-302566,-4529.89,385.183,10.5323,177459,3792.81,460.037,10.9997
0.0253903,0,576.517,9.85256,0.873829,-302627,-4532.92,385.137,10.5362,177377,3794.59,460.075,11.0043
0.0254003,0,576.517,9.85832,0.873927,-302689,-4535.94,385.092,10.54,177295,3796.36,460.113,11.0089
0.0254103,0,576.517,9.86409,0.874026,-302750,-4538.97,385.047,10.5439,177213,3798.13,460.151,11.0135
0.0254203,0,576.517,9.86985,0.874124,-302811,-4542,385.001,10.5477,177131,3799.91,460.189,11.0181
0.0254303,0,576.517,9.87562,0.874223,-302873,-4545.03,384.956,10.5516,177048,3801.68,460.227,11.0227
0.0254403,0,576.517,9.88139,0.874322,-302934,-4548.06,384.91,10.5554,176966,3803.45,460.265,11.0273
0.0254503,0,576.517,9.88715,0.874421,-302995,-4551.09,384.865,10.5593,176884,3805.22,460.303,11.0319
0.0254603,0,576.517,9.89292,0.87452,-303057,-4554.12,384.819,10.5631,176801,3806.99,460.341,11.0365
0.0254703,0,576.517,9.89868,0.874619,-303118,-4557.15,384.774,10.567,176719,3808.75,460.379,11.0412
0.0254803,0,576.517,9.90445,0.874718,-303179,-4560.18,384.728,10.5708,176636,3810.52,460.417,11.0458
0.0254903,0,576.517,9.91021,0.874817,-303241,-4563.21,384.683,10.5746,176554,3812.29,460.456,11.0504
0.0255003,0,576.517,9.91598,0.874916,-303302,-4566.25,384.637,10.5785,176471,3814.05,460.494,11.055
0.0255103,0,576.517,9.92174,0.875015,-303364,-4569.28,384.591,10.5823,176388,3815.82,460.532,11.0596
0.0255203,0,576.517,9.92751,0.875114,-303425,-4572.31,384.545,10.5862,176305,3817.58,460.57,11.0642
0.0255303,0,576.517,9.93328,0.875214,-303487,-4575.35,384.5,10.59,176222,3819.34,460.608,11.0688
0.0255403,0,576.517,9.93904,0.875313,-303548,-4578.38,384.454,10.5939,176139,3821.1,460.646,11.0734
0.0255503,0,576.517,9.94481,0.875412,-303610,-4581.42,384.408,10.5977,176056,3822.86,460.685,11.078
0.0255603,0,576.517,9.95057,0.875512,-303672,-4584.46,384.362,10.6016,175973,3824.62,460.723,11.0826
0.0255703,0,576.517,9.95634,0.875611,-303733,-4587.49,384.316,10.6054,175890,3826.38,460.761,11.0872
0.0255803,0,576.517,9.9621,0.875711,-303795,-4590.53,384.271,10.6093,175807,3828.14,460.799,11.0918
0.0255903,0,576.517,9.96787,0.875811,-303857,-4593.57,384.225,10.6131,175724,3829.9,460.838,11.0964
0.0256003,0,576.517,9.97363,0.87591,-303918,-4596.61,384.179,10.6169,175641,3831.66,460.876,11.101
0.0256103,0,576.517,9.9794,0.87601,-303980,-4599.65,384.133,10.6208,175557,3833.41,460.914,11.1056
0.0256203,0,576.517,9.98516,0.87611,-304042,-4602.69,384.087,10.6246,175474,3835.17,460.953,11.1103
0.0256303,0,576.517,9.99093,0.87621,-304103,-4605.73,384.041,10.6285,175390,3836.92,460.991,11.1149
0.0256403,0,576.517,9.9967,0.87631,-304165,-4608.77,383.995,10.6323,175307,3838.68,461.029,11.1195
0.0256503,0,576.517,10.0025,0.87641,-304227,-4611.81,383.948,10.6361,175223,3840.43,461.068,11.1241
0.0256603,0,576.517,10.0082,0.87651,-304289,-4614.86,383.902,10.64,175140,3842.18,461.106,11.1287
0.0256703,0,576.517,10.014,0.87661,-304351,-4617.9,383.856,10.6438,175056,3843.93,461.145,11.1333
0.0256803,0,576.517,10.0198,0.87671,-304413,-4620.94,383.81,10.6477,174972,3845.68,461.183,11.1379
0.0256903,0,576.517,10.0255,0.87681,-304474,-4623.99,383.764,10.6515,174888,3847.43,461.222,11.1425
0.0257003,0,576.517,10.0313,0.876911,-304536,-4627.03,383.717,10.6553,174804,3849.18,461.26,11.1471
0.0257103,0,576.517,10.0371,0.877011,-304598,-4630.08,383.671,10.6592,174720,3850.93,461.299,11.1518
0.0257203,0,576.517,10.0428,0.877111,-304660,-4633.13,383.625,10.663,174636,3852.68,461.337,11.1564
0.0257303,0,576.517,10.0486,0.877212,-304722,-4636.17,383.579,10.6668,174552,3854.42,461.376,11.161
0.0257403,0,576.517,10.0543,0.877312,-304784,-4639.22,383.532,10.6707,174468,3856.17,461.414,11.1656
0.0257503,0,576.517,10.0601,0.877413,-304846,-4642.27,383.486,10.6745,174384,3857.91,461.453,11.1702
0.0257603,0,576.517,10.0659,0.877514,-304908,-4645.32,383.439,10.6783,174300,3859.65,461.491,11.1748
0.0257703,0,576.517,10.0716,0.877614,-304970,-4648.37,383.393,10.6822,174216,3861.4,461.53,11.1794
0.0257803,0,576.517,10.0774,0.877715,-305032,-4651.42,383.346,10.686,174131,3863.14,461.569,11.1841
0.0257903,0,576.517,10.0832,0.877816,-305095,-4654.47,383.3,10.6898,174047,3864.88,461.607,11.1887
0.0258003,0,576.517,10.0889,0.877917,-305157,-4657.52,383.253,10.6937,173962,3866.62,461.646,11.1933
0.0258103,0,576.517,10.0947,0.878018,-305219,-4660.57,383.207,10.6975,173878,3868.36,461.685,11.1979
0.0258203,0,576.517,10.1005,0.878119,-305281,-4663.62,383.16,10.7013,173793,3870.1,461.723,11.2025
0.0258303,0,576.517,10.1062,0.87822,-305343,-4666.68,383.113,10.7052,173709,3871.84,461.762,11.2071
0.0258403,0,576.517,10.112,0.878321,-305405,-4669.73,383.067,10.709,173624,3873.57,461.801,11.2118
0.0258503,0,576.517,10.1178,0.878422,-305468,-4672.79,383.02,10.7128,173539,3875.31,461.839,11.2164
0.0258603,0,576.517,10.1235,0.878523,-305530,-4675.84,382.973,10.7167,173454,3877.04,461.878,11.221
0.0258703,0,576.517,10.1293,0.878624,-305592,-4678.9,382.926,10.7205,173370,3878.78,461.917,11.2256
0.0258803,0,576.517,10.1351,0.878726,-305654,-4681.95,382.88,10.7243,173285,3880.51,461.956,11.2302
0.0258903,0,576.517,10.1408,0.878827,-305717,-4685.01,382.833,10.7282,173200,3882.24,461.995,11.2348
0.0259003,0,576.517,10.1466,0.878929,-305779,-4688.07,382.786,10.732,173115,3883.98,462.033,11.2395
0.0259103,0,576.517,10.1524,0.87903,-305841,-4691.13,382.739,10.7358,173029,3885.71,462.072,11.2441
0.0259203,0,576.517,10.1581,0.879132,-305904,-4694.18,382.692,10.7396,172944,3887.44,462.111,11.2487
0.0259303,0,576.517,10.1639,0.879233,-305966,-4697.24,382.645,10.7435,172859,3889.16,462.15,11.2533
0.0259403,0,576.517,10.1697,0.879335,-306029,-4700.3,382.598,10.7473,172774,3890.89,462.189,11.258
0.0259503,0,576.517,10.1754,0.879437,-306091,-4703.37,382.551,10.7511,172688,3892.62,462.228,11.2626
0.0259603,0,576.517,10.1812,0.879538,-306154,-4706.43,382.504,10.7549,172603,3894.35,462.267,11.2672
0.0259703,0,576.517,10.187,0.87964,-306216,-4709.49,382.457,10.7588,172517,3896.07,462.306,11.2718
0.0259803,0,576.517,10.1927,0.879742,-306279,-4712.55,382.41,10.7626,172432,3897.8,462.345,11.2764
0.0259903,0,576.517,10.1985,0.879844,-306341,-4715.61,382.363,10.7664,172346,3899.52,462.384,11.2811
0.0260003,0,576.517,10.2043,0.879946,-306404,-4718.68,382.316,10.7702,172261,3901.24,462.423,11.2857
0.0260103,0,576.517,10.21,0.880048,-306466,-4721.74,382.268,10.7741,172175,3902.97,462.462,11.2903
0.0260203,0,576.517,10.2158,0.88015,-306529,-4724.81,382.221,10.7779,172089,3904.69,462.501,11.2949
0.0260303,0,576.517,10.2215,0.880253,-306592,-4727.87,382.174,10.7817,172003,3906.41,462.54,11.2996
0.0260403,0,576.517,10.2273,0.880355,-306654,-4730.94,382.127,10.7855,171918,3908.13,462.579,11.3042
0.0260503,0,576.517,10.2331,0.880457,-306717,-4734.01,382.079,10.7893,171832,3909.85,462.618,11.3088
0.0260603,0,576.517,10.2388,0.88056,-306779,-4737.08,382.032,10.7932,171746,3911.57,462.657,11.3134
0.0260703,0,576.517,10.2446,0.880662,-306842,-4740.14,381.984,10.797,171660,3913.28,462.696,11.3181
0.0260803,0,576.517,10.2504,0.880764,-306905,-4743.21,381.937,10.8008,171573,3915,462.735,11.3227
0.0260903,0,576.517,10.2561,0.880867,-306968,-4746.28,381.89,10.8046,171487,3916.71,462.775,11.3273
0.0261003,0,576.517,10.2619,0.88097,-307030,-4749.35,381.842,10.8084,171401,3918.43,462.814,11.332
0.0261103,0,576.517,10.2677,0.881072,-307093,-4752.42,381.795,10.8123,171315,3920.14,462.853,11.3366
0.0261203,0,576.517,10.2734,0.881175,-307156,-4755.49,381.747,10.8161,171228,3921.86,462.892,11.3412
0.0261303,0,576.517,10.2792,0.881278,-307219,-4758.57,381.7,10.8199,171142,3923.57,462.931,11.3458
0.0261403,0,576.517,10.285,0.88138,-307282,-4761.64,381.652,10.8237,171055,3925.28,462.971,11.3505
0.0261503,0,576.517,10.2907,0.881483,-307344,-4764.71,381.604,10.8275,170969,3926.99,463.01,11.3551
0.0261603,0,576.517,10.2965,0.881586,-307407,-4767.79,381.557,10.8313,170882,3928.7,463.049,11.3597
0.0261703,0,576.517,10.3023,0.881689,-307470,-4770.86,381.509,10.8352,170796,3930.41,463.088,11.3644
0.0261803,0,576.517,10.308,0.881792,-307533,-4773.94,381.461,10.839,170709,3932.11,463.128,11.369
0.0261903,0,576.517,10.3138,0.881895,-307596,-4777.01,381.413,10.8428,170622,3933.82,463.167,11.3736
0.0262003,0,576.517,10.3196,0.881999,-307659,-4780.09,381.366,10.8466,170535,3935.53,463.206,11.3783
0.0262103,0,576.517,10.3253,0.882102,-307722,-4783.17,381.318,10.8504,170448,3937.23,463.246,11.3829
0.0262203,0,576.517,10.3311,0.882205,-307785,-4786.24,381.27,10.8542,170361,3938.94,463.285,11.3875
0.0262303,0,576.517,10.3369,0.882308,-307848,-4789.32,381.222,10.858,170274,3940.64,463.325,11.3922
0.0262403,0,576.517,10.3426,0.882412,-307911,-4792.4,381.174,10.8619,170187,3942.34,463.364,11.3968
0.0262503,0,576.517,10.3484,0.882515,-307974,-4795.48,381.126,10.8657,170100,3944.04,463.403,11.4014
0.0262603,0,576.517,10.3542,0.882619,-308037,-4798.56,381.078,10.8695,170013,3945.74,463.443,11.4061
0.0262703,0,576.517,10.3599,0.882722,-308100,-4801.64,381.03,10.8733,169926,3947.44,463.482,11.4107
0.0262803,0,576.517,10.3657,0.882826,-308164,-4804.72,380.982,10.8771,169838,3949.14,463.522,11.4153
0.0262903,0,576.517,10.3715,0.88293,-308227,-4807.8,380.934,10.8809,169751,3950.84,463.561,11.42
0.0263003,0,576.517,10.3772,0.883034,-308290,-4810.89,380.886,10.8847,169664,3952.54,463.601,11.4246
0.0263103,0,576.517,10.383,0.883137,-308353,-4813.97,380.838,10.8885,169576,3954.23,463.64,11.4292
0.0263203,0,576.517,10.3887,0.883241,-308416,-4817.05,380.79,10.8923,169488,3955.93,463.68,11.4339
0.0263303,0,576.517,10.3945,0.883345,-308480,-4820.14,380.742,10.8961,169401,3957.62,463.72,11.4385
0.0263403,0,576.517,10.4003,0.883449,-308543,-4823.22,380.693,10.9,169313,3959.32,463.759,11.4431
0.0263503,0,576.517,10.406,0.883553,-308606,-4826.31,380.645,10.9038,169225,3961.01,463.799,11.4478
0.0263603,0,576.517,10.4118,0.883657,-308669,-4829.4,380.597,10.9076,169138,3962.7,463.838,11.4524
0.0263703,0,576.517,10.4176,0.883761,-308733,-4832.48,380.549,10.9114,169050,3964.39,463.878,11.4571
0.0263803,0,576.517,10.4233,0.883866,-308796,-4835.57,380.5,10.9152,168962,3966.08,463.918,11.4617
0.0263903,0,576.517,10.4291,0.88397,-308859,-4838.66,380.452,10.919,168874,3967.77,463.957,11.4663
0.0264003,0,576.517,10.4349,0.884074,-308923,-4841.75,380.403,10.9228,168786,3969.46,463.997,11.471
0.0264103,0,576.517,10.4406,0.884179,-308986,-4844.84,380.355,10.9266,168698,3971.15,464.037,11.4756
0.0264203,0,576.517,10.4464,0.884283,-309050,-4847.93,380.307,10.9304,168610,3972.84,464.076,11.4803
0.0264303,0,576.517,10.4522,0.884387,-309113,-4851.02,380.258,10.9342,168521,3974.52,464.116,11.4849
0.0264403,0,576.517,10.4579,0.884492,-309177,-4854.11,380.21,10.938,168433,3976.21,464.156,11.4895
0.0264503,0,576.517,10.4637,0.884597,-309240,-4857.2,380.161,10.9418,168345,3977.89,464.196,11.4942
0.0264603,0,576.517,10.4695,0.884701,-309304,-4860.3,380.112,10.9456,168256,3979.57,464.235,11.4988
0.0264703,0,576.517,10.4752,0.884806,-309367,-4863.39,380.064,10.9494,168168,3981.25,464.275,11.5035
0.0264803,0,576.517,10.481,0.884911,-309431,-4866.48,380.015,10.9532,168079,3982.94,464.315,11.5081
0.0264903,0,576.517,10.4868,0.885016,-309494,-4869.58,379.966,10.957,167991,3984.62,464.355,11.5128
0.0265003,0,576.517,10.4925,0.885121,-309558,-4872.67,379.918,10.9608,167902,3986.3,464.395,11.5174
0.0265103,0,576.517,10.4983,0.885226,-309621,-4875.77,379.869,10.9646,167814,3987.97,464.435,11.522
0.0265203,0,576.517,10.5041,0.885331,-309685,-4878.87,379.82,10.9684,167725,3989.65,464.475,11.5267
0.0265303,0,576.517,10.5098,0.885436,-309748,-4881.96,379.771,10.9722,167636,3991.33,464.514,11.5313
0.0265403,0,576.517,10.5156,0.885541,-309812,-4885.06,379.723,10.976,167547,3993.01,464.554,11.536
0.0265503,0,576.517,10.5214,0.885646,-309876,-4888.16,379.674,10.9798,167458,3994.68,464.594,11.5406
0.0265603,0,576.517,10.5271,0.885751,-309940,-4891.26,379.625,10.9836,167369,3996.35,464.634,11.5453
0.0265703,0,576.517,10.5329,0.885857,-310003,-4894.36,379.576,10.9874,167280,3998.03,464.674,11.5499
0.0265803,0,576.517,10.5387,0.885962,-310067,-4897.46,379.527,10.9912,167191,3999.7,464.714,11.5546
0.0265903,0,576.517,10.5444,0.886067,-310131,-4900.56,379.478,10.995,167102,4001.37,464.754,11.5592
0.0266003,0,576.517,10.5502,0.886173,-310194,-4903.66,379.429,10.9988,167012,4003.04,464.794,11.5639
0.0266103,0,576.517,10.5559,0.886278,-310258,-4906.77,379.38,11.0026,166923,4004.71,464.834,11.5685
0.0266203,0,576.517,10.5617,0.886384,-310322,-4909.87,379.331,11.0064,166834,4006.38,464.874,11.5732
0.0266303,0,576.517,10.5675,0.88649,-310386,-4912.97,379.282,11.0102,166744,4008.05,464.915,11.5778
0.0266403,0,576.517,10.5732,0.886595,-310450,-4916.08,379.232,11.0139,166655,4009.72,464.955,11.5824
0.0266503,0,576.517,10.579,0.886701,-310514,-4919.18,379.183,11.0177,166565,4011.38,464.995,11.5871
0.0266603,0,576.517,10.5848,0.886807,-310578,-4922.29,379.134,11.0215,166476,4013.05,465.035,11.5917
0.0266703,0,576.517,10.5905,0.886913,-310641,-4925.4,379.085,11.0253,166386,4014.71,465.075,11.5964
0.0266803,0,576.517,10.5963,0.887019,-310705,-4928.5,379.036,11.0291,166296,4016.38,465.115,11.6011
0.0266903,0,576.517,10.6021,0.887125,-310769,-4931.61,378.986,11.0329,166207,4018.04,465.155,11.6057
0.0267003,0,576.517,10.6078,0.887231,-310833,-4934.72,378.937,11.0367,166117,4019.7,465.195,11.6104
0.0267103,0,576.517,10.6136,0.887337,-310897,-4937.83,378.888,11.0405,166027,4021.36,465.236,11.615
0.0267203,0,576.517,10.6194,0.887443,-310961,-4940.94,378.838,11.0443,165937,4023.02,465.276,11.6197
0.0267303,0,576.517,10.6251,0.887549,-311025,-4944.05,378.789,11.0481,165847,4024.68,465.316,11.6243
0.0267403,0,576.517,10.6309,0.887656,-311089,-4947.16,378.739,11.0518,165757,4026.34,465.356,11.629
0.0267503,0,576.517,10.6367,0.887762,-311153,-4950.27,378.69,11.0556,165667,4028,465.397,11.6336
0.0267603,0,576.517,10.6424,0.887868,-311217,-4953.38,378.64,11.0594,165576,4029.65,465.437,11.6383
0.0267703,0,576.517,10.6482,0.887975,-311282,-4956.49,378.591,11.0632,165486,4031.31,465.477,11.6429
0.0267803,0,576.517,10.654,0.888081,-311346,-4959.61,378.541,11.067,165396,4032.96,465.518,11.6476
0.0267903,0,576.517,10.6597,0.888188,-311410,-4962.72,378.491,11.0708,165305,4034.62,465.558,11.6522
0.0268003,0,576.517,10.6655,0.888295,-311474,-4965.83,378.442,11.0746,165215,4036.27,465.598,11.6569
0.0268103,0,576.517,10.6713,0.888401,-311538,-4968.95,378.392,11.0783,165124,4037.92,465.639,11.6615
0.0268203,0,576.517,10.677,0.888508,-311602,-4972.07,378.342,11.0821,165034,4039.57,465.679,11.6662
0.0268303,0,576.517,10.6828,0.888615,-311667,-4975.18,378.293,11.0859,164943,4041.22,465.719,11.6709
0.0268403,0,576.517,10.6886,0.888722,-311731,-4978.3,378.243,11.0897,164853,4042.87,465.76,11.6755
0.0268503,0,576.517,10.6943,0.888829,-311795,-4981.42,378.193,11.0935,164762,4044.52,465.8,11.6802
0.0268603,0,576.517,10.7001,0.888936,-311859,-4984.54,378.143,11.0973,164671,4046.17,465.841,11.6848
0.0268703,0,576.517,10.7058,0.889043,-311924,-4987.65,378.093,11.101,164580,4047.81,465.881,11.6895
0.0268803,0,576.517,10.7116,0.88915,-311988,-4990.77,378.044,11.1048,164489,4049.46,465.922,11.6942
0.0268903,0,576.517,10.7174,0.889257,-312052,-4993.89,377.994,11.1086,164398,4051.1,465.962,11.6988
0.0269003,0,576.517,10.7231,0.889364,-312117,-4997.02,377.944,11.1124,164307,4052.74,466.003,11.7035
0.0269103,0,576.517,10.7289,0.889471,-312181,-5000.14,377.894,11.1162,164216,4054.39,466.043,11.7081
0.0269203,0,576.517,10.7347,0.889579,-312245,-5003.26,377.844,11.1199,164125,4056.03,466.084,11.7128
0.0269303,0,576.517,10.7404,0.889686,-312310,-5006.38,377.794,11.1237,164034,4057.67,466.124,11.7175
0.0269403,0,576.517,10.7462,0.889793,-312374,-5009.51,377.744,11.1275,163942,4059.31,466.165,11.7221
0.0269504,0,576.517,10.752,0.889901,-312439,-5012.63,377.693,11.1313,163851,4060.95,466.206,11.7268
0.0269604,0,576.517,10.7577,0.890008,-312503,-5015.76,377.643,11.135,163759,4062.59,466.246,11.7314
0.0269704,0,576.517,10.7635,0.890116,-312567,-5018.88,377.593,11.1388,163668,4064.22,466.287,11.7361
0.0269804,0,576.517,10.7693,0.890224,-312632,-5022.01,377.543,11.1426,163576,4065.86,466.328,11.7408
0.0269904,0,576.517,10.775,0.890331,-312696,-5025.13,377.493,11.1464,163485,4067.5,466.368,11.7454
0.0270004,0,576.517,10.7808,0.890439,-312761,-5028.26,377.442,11.1501,163393,4069.13,466.409,11.7501
0.0270104,0,576.517,10.7866,0.890547,-312826,-5031.39,377.392,11.1539,163301,4070.76,466.45,11.7548
0.0270204,0,576.517,10.7923,0.890655,-312890,-5034.52,377.342,11.1577,163210,4072.4,466.49,11.7594
0.0270304,0,576.517,10.7981,0.890763,-312955,-5037.65,377.291,11.1615,163118,4074.03,466.531,11.7641
0.0270404,0,576.517,10.8039,0.890871,-313019,-5040.78,377.241,11.1652,163026,4075.66,466.572,11.7688
0.0270504,0,576.517,10.8096,0.890979,-313084,-5043.91,377.191,11.169,162934,4077.29,466.613,11.7734
0.0270604,0,576.517,10.8154,0.891087,-313148,-5047.04,377.14,11.1728,162842,4078.92,466.653,11.7781
0.0270704,0,576.517,10.8212,0.891195,-313213,-5050.17,377.09,11.1766,162750,4080.55,466.694,11.7828
0.0270804,0,576.517,10.8269,0.891304,-313278,-5053.3,377.039,11.1803,162658,4082.17,466.735,11.7874
0.0270904,0,576.517,10.8327,0.891412,-313343,-5056.44,376.989,11.1841,162565,4083.8,466.776,11.7921
0.0271004,0,576.517,10.8385,0.89152,-313407,-5059.57,376.938,11.1879,162473,4085.43,466.817,11.7968
0.0271104,0,576.517,10.8442,0.891629,-313472,-5062.71,376.887,11.1916,162381,4087.05,466.858,11.8014
0.0271204,0,576.517,10.85,0.891737,-313537,-5065.84,376.837,11.1954,162288,4088.67,466.898,11.8061
0.0271304,0,576.517,10.8558,0.891846,-313602,-5068.98,376.786,11.1992,162196,4090.3,466.939,11.8108
0.0271404,0,576.517,10.8615,0.891954,-313666,-5072.11,376.735,11.2029,162103,4091.92,466.98,11.8154
0.0271504,0,576.517,10.8673,0.892063,-313731,-5075.25,376.685,11.2067,162011,4093.54,467.021,11.8201
0.0271604,0,576.517,10.873,0.892172,-313796,-5078.39,376.634,11.2105,161918,4095.16,467.062,11.8248
0.0271704,0,576.517,10.8788,0.89228,-313861,-5081.53,376.583,11.2142,161825,4096.78,467.103,11.8294
0.0271804,0,576.517,10.8846,0.892389,-313926,-5084.67,376.532,11.218,161733,4098.39,467.144,11.8341
0.0271904,0,576.517,10.8903,0.892498,-313990,-5087.81,376.481,11.2218,161640,4100.01,467.185,11.8388
0.0272004,0,576.517,10.8961,0.892607,-314055,-5090.95,376.43,11.2255,161547,4101.63,467.226,11.8435
0.0272104,0,576.517,10.9019,0.892716,-314120,-5094.09,376.379,11.2293,161454,4103.24,467.267,11.8481
0.0272204,0,576.517,10.9076,0.892825,-314185,-5097.23,376.329,11.2331,161361,4104.86,467.308,11.8528
0.0272304,0,576.517,10.9134,0.892934,-314250,-5100.37,376.278,11.2368,161268,4106.47,467.349,11.8575
0.0272404,0,576.517,10.9192,0.893043,-314315,-5103.51,376.227,11.2406,161175,4108.08,467.39,11.8621
0.0272504,0,576.517,10.9249,0.893153,-314380,-5106.66,376.175,11.2443,161082,4109.69,467.431,11.8668
0.0272604,0,576.517,10.9307,0.893262,-314445,-5109.8,376.124,11.2481,160988,4111.3,467.472,11.8715
0.0272704,0,576.517,10.9365,0.893371,-314510,-5112.95,376.073,11.2519,160895,4112.91,467.514,11.8762
0.0272804,0,576.517,10.9422,0.893481,-314575,-5116.09,376.022,11.2556,160802,4114.52,467.555,11.8808
0.0272904,0,576.517,10.948,0.89359,-314640,-5119.24,375.971,11.2594,160708,4116.13,467.596,11.8855
0.0273004,0,576.517,10.9538,0.8937,-314705,-5122.39,375.92,11.2632,160615,4117.74,467.637,11.8902
0.0273104,0,576.517,10.9595,0.893809,-314770,-5125.53,375.868,11.2669,160521,4119.34,467.678,11.8949
0.0273204,0,576.517,10.9653,0.893919,-314835,-5128.68,375.817,11.2707,160427,4120.95,467.719,11.8996
0.0273304,0,576.517,10.9711,0.894028,-314901,-5131.83,375.766,11.2744,160334,4122.55,467.761,11.9042
0.0273404,0,576.517,10.9768,0.894138,-314966,-5134.98,375.715,11.2782,160240,4124.15,467.802,11.9089
0.0273504,0,576.517,10.9826,0.894248,-315031,-5138.13,375.663,11.2819,160146,4125.76,467.843,11.9136
0.0273604,0,576.517,10.9884,0.894358,-315096,-5141.28,375.612,11.2857,160052,4127.36,467.884,11.9183
0.0273704,0,576.517,10.9941,0.894468,-315161,-5144.43,375.56,11.2895,159958,4128.96,467.926,11.9229
0.0273804,0,576.517,10.9999,0.894578,-315226,-5147.58,375.509,11.2932,159864,4130.56,467.967,11.9276
0.0273904,0,576.517,11.0057,0.894688,-315292,-5150.74,375.457,11.297,159770,4132.15,468.008,11.9323
0.0274004,0,576.517,11.0114,0.894798,-315357,-5153.89,375.406,11.3007,159676,4133.75,468.05,11.937
0.0274104,0,576.517,11.0172,0.894908,-315422,-5157.04,375.354,11.3045,159582,4135.35,468.091,11.9417
0.0274204,0,576.517,11.023,0.895018,-315487,-5160.2,375.303,11.3082,159488,4136.94,468.132,11.9463
0.0274304,0,576.517,11.0287,0.895129,-315553,-5163.35,375.251,11.312,159393,4138.54,468.174,11.951
0.0274404,0,576.517,11.0345,0.895239,-315618,-5166.51,375.199,11.3157,159299,4140.13,468.215,11.9557
0.0274504,0,576.517,11.0402,0.895349,-315683,-5169.67,375.148,11.3195,159205,4141.72,468.257,11.9604
0.0274604,0,576.517,11.046,0.89546,-315749,-5172.82,375.096,11.3232,159110,4143.32,468.298,11.9651
0.0274704,0,576.517,11.0518,0.89557,-315814,-5175.98,375.044,11.327,159015,4144.91,468.339,11.9698
0.0274804,0,576.517,11.0575,0.895681,-315879,-5179.14,374.993,11.3307,158921,4146.5,468.381,11.9744
0.0274904,0,576.517,11.0633,0.895791,-315945,-5182.3,374.941,11.3345,158826,4148.08,468.422,11.9791
0.0275004,0,576.517,11.0691,0.895902,-316010,-5185.46,374.889,11.3382,158731,4149.67,468.464,11.9838
0.0275104,0,576.517,11.0748,0.896013,-316076,-5188.62,374.837,11.342,158637,4151.26,468.505,11.9885
0.0275204,0,576.517,11.0806,0.896124,-316141,-5191.78,374.785,11.3457,158542,4152.85,468.547,11.9932
0.0275304,0,576.517,11.0864,0.896234,-316207,-5194.94,374.733,11.3495,158447,4154.43,468.588,11.9979
0.0275404,0,576.517,11.0921,0.896345,-316272,-5198.11,374.681,11.3532,158352,4156.02,468.63,12.0026
0.0275504,0,576.517,11.0979,0.896456,-316338,-5201.27,374.629,11.357,158257,4157.6,468.672,12.0072
0.0275604,0,576.517,11.1037,0.896567,-316403,-5204.43,374.577,11.3607,158162,4159.18,468.713,12.0119
0.0275704,0,576.517,11.1094,0.896678,-316469,-5207.6,374.525,11.3645,158066,4160.76,468.755,12.0166
0.0275804,0,576.517,11.1152,0.896789,-316534,-5210.76,374.473,11.3682,157971,4162.34,468.796,12.0213
0.0275904,0,576.517,11.121,0.896901,-316600,-5213.93,374.421,11.372,157876,4163.92,468.838,12.026
0.0276004,0,576.517,11.1267,0.897012,-316665,-5217.1,374.369,11.3757,157781,4165.5,468.88,12.0307
0.0276104,0,576.517,11.1325,0.897123,-316731,-5220.26,374.317,11.3794,157685,4167.08,468.921,12.0354
0.0276204,0,576.517,11.1383,0.897235,-316796,-5223.43,374.264,11.3832,157590,4168.65,468.963,12.0401
0.0276304,0,576.517,11.144,0.897346,-316862,-5226.6,374.212,11.3869,157494,4170.23,469.005,12.0447
0.0276404,0,576.517,11.1498,0.897457,-316928,-5229.77,374.16,11.3907,157399,4171.8,469.046,12.0494
0.0276504,0,576.517,11.1556,0.897569,-316993,-5232.94,374.107,11.3944,157303,4173.38,469.088,12.0541
0.0276604,0,576.517,11.1613,0.897681,-317059,-5236.11,374.055,11.3981,157207,4174.95,469.13,12.0588
0.0276704,0,576.517,11.1671,0.897792,-317125,-5239.28,374.003,11.4019,157111,4176.52,469.172,12.0635
0.0276804,0,576.517,11.1729,0.897904,-317191,-5242.45,373.95,11.4056,157015,4178.09,469.213,12.0682
0.0276904,0,576.517,11.1786,0.898016,-317256,-5245.62,373.898,11.4094,156920,4179.66,469.255,12.0729
0.0277004,0,576.517,11.1844,0.898127,-317322,-5248.8,373.845,11.4131,156824,4181.23,469.297,12.0776
0.0277104,0,576.517,11.1901,0.898239,-317388,-5251.97,373.793,11.4168,156728,4182.8,469.339,12.0823
0.0277204,0,576.517,11.1959,0.898351,-317454,-5255.15,373.74,11.4206,156631,4184.37,469.381,12.087
0.0277304,0,576.517,11.2017,0.898463,-317519,-5258.32,373.688,11.4243,156535,4185.93,469.422,12.0917
0.0277404,0,576.517,11.2074,0.898575,-317585,-5261.5,373.635,11.4281,156439,4187.5,469.464,12.0964
0.0277504,0,576.517,11.2132,0.898687,-317651,-5264.67,373.583,11.4318,156343,4189.06,469.506,12.1011
0.0277604,0,576.517,11.219,0.8988,-317717,-5267.85,373.53,11.4355,156246,4190.62,469.548,12.1058
0.0277704,0,576.517,11.2247,0.898912,-317783,-5271.03,373.477,11.4393,156150,4192.19,469.59,12.1104
0.0277804,0,576.517,11.2305,0.899024,-317849,-5274.21,373.424,11.443,156053,4193.75,469.632,12.1151
0.0277904,0,576.517,11.2363,0.899136,-317914,-5277.38,373.372,11.4467,155957,4195.31,469.674,12.1198
0.0278004,0,576.517,11.242,0.899249,-317980,-5280.56,373.319,11.4505,155860,4196.87,469.716,12.1245
0.0278104,0,576.517,11.2478,0.899361,-318046,-5283.74,373.266,11.4542,155764,4198.42,469.758,12.1292
0.0278204,0,576.517,11.2536,0.899474,-318112,-5286.93,373.213,11.4579,155667,4199.98,469.8,12.1339
0.0278304,0,576.517,11.2593,0.899586,-318178,-5290.11,373.16,11.4617,155570,4201.54,469.842,12.1386
0.0278404,0,576.517,11.2651,0.899699,-318244,-5293.29,373.107,11.4654,155473,4203.09,469.884,12.1433
0.0278504,0,576.517,11.2709,0.899812,-318310,-5296.47,373.054,11.4691,155376,4204.65,469.926,12.148
0.0278604,0,576.517,11.2766,0.899924,-318376,-5299.66,373.001,11.4729,155279,4206.2,469.968,12.1527
0.0278704,0,576.517,11.2824,0.900037,-318442,-5302.84,372.948,11.4766,155182,4207.75,470.01,12.1574
0.0278804,0,576.517,11.2882,0.90015,-318508,-5306.02,372.895,11.4803,155085,4209.3,470.052,12.1621
0.0278904,0,576.517,11.2939,0.900263,-318574,-5309.21,372.842,11.484,154988,4210.85,470.094,12.1668
0.0279004,0,576.517,11.2997,0.900376,-318640,-5312.4,372.789,11.4878,154891,4212.4,470.136,12.1715
0.0279104,0,576.517,11.3055,0.900489,-318706,-5315.58,372.736,11.4915,154793,4213.95,470.178,12.1762
0.0279204,0,576.517,11.3112,0.900602,-318772,-5318.77,372.683,11.4952,154696,4215.5,470.221,12.1809
0.0279304,0,576.517,11.317,0.900715,-318839,-5321.96,372.63,11.499,154599,4217.05,470.263,12.1856
0.0279404,0,576.517,11.3228,0.900828,-318905,-5325.15,372.576,11.5027,154501,4218.59,470.305,12.1903
0.0279504,0,576.517,11.3285,0.900942,-318971,-5328.34,372.523,11.5064,154404,4220.14,470.347,12.195
0.0279604,0,576.517,11.3343,0.901055,-319037,-5331.53,372.47,11.5101,154306,4221.68,470.389,12.1997
0.0279704,0,576.517,11.3401,0.901168,-319103,-5334.72,372.417,11.5139,154208,4223.22,470.432,12.2044
0.0279804,0,576.517,11.3458,0.901282,-319169,-5337.91,372.363,11.5176,154111,4224.76,470.474,12.2092
0.0279904,0,576.517,11.3516,0.901395,-319236,-5341.1,372.31,11.5213,154013,4226.31,470.516,12.2139
0.0280004,0,576.517,11.3573,0.901509,-319302,-5344.3,372.256,11.525,153915,4227.85,470.558,12.2186
0.0280104,0,576.517,11.3631,0.901623,-319368,-5347.49,372.203,11.5287,153817,4229.38,470.601,12.2233
0.0280204,0,576.517,11.3689,0.901736,-319434,-5350.68,372.149,11.5325,153719,4230.92,470.643,12.228
0.0280304,0,576.517,11.3746,0.90185,-319501,-5353.88,372.096,11.5362,153621,4232.46,470.685,12.2327
0.0280404,0,576.517,11.3804,0.901964,-319567,-5357.07,372.042,11.5399,153523,4233.99,470.728,12.2374
0.0280504,0,576.517,11.3862,0.902078,-319633,-5360.27,371.989,11.5436,153425,4235.53,470.77,12.2421
0.0280604,0,576.517,11.3919,0.902191,-319700,-5363.47,371.935,11.5473,153326,4237.06,470.812,12.2468
0.0280704,0,576.517,11.3977,0.902305,-319766,-5366.66,371.881,11.5511,153228,4238.6,470.855,12.2515
0.0280804,0,576.517,11.4035,0.902419,-319832,-5369.86,371.828,11.5548,153130,4240.13,470.897,12.2562
0.0280904,0,576.517,11.4092,0.902533,-319899,-5373.06,371.774,11.5585,153031,4241.66,470.94,12.2609
0.0281004,0,576.517,11.415,0.902648,-319965,-5376.26,371.72,11.5622,152933,4243.19,470.982,12.2656
0.0281104,0,576.517,11.4208,0.902762,-320031,-5379.46,371.667,11.5659,152834,4244.72,471.024,12.2704
0.0281204,0,576.517,11.4265,0.902876,-320098,-5382.66,371.613,11.5697,152736,4246.25,471.067,12.2751
0.0281304,0,576.517,11.4323,0.90299,-320164,-5385.86,371.559,11.5734,152637,4247.77,471.109,12.2798
0.0281404,0,576.517,11.4381,0.903105,-320231,-5389.07,371.505,11.5771,152538,4249.3,471.152,12.2845
0.0281504,0,576.517,11.4438,0.903219,-320297,-5392.27,371.451,11.5808,152440,4250.82,471.194,12.2892
0.0281604,0,576.517,11.4496,0.903334,-320364,-5395.47,371.397,11.5845,152341,4252.35,471.237,12.2939
0.0281704,0,576.517,11.4554,0.903448,-320430,-5398.68,371.343,11.5882,152242,4253.87,471.279,12.2986
0.0281804,0,576.517,11.4611,0.903563,-320497,-5401.88,371.289,11.5919,152143,4255.39,471.322,12.3033
0.0281904,0,576.517,11.4669,0.903677,-320563,-5405.09,371.235,11.5957,152044,4256.91,471.364,12.308
0.0282004,0,576.517,11.4727,0.903792,-320630,-5408.29,371.181,11.5994,151945,4258.43,471.407,12.3128
0.0282104,0,576.517,11.4784,0.903907,-320696,-5411.5,371.127,11.6031,151845,4259.95,471.45,12.3175
0.0282204,0,576.517,11.4842,0.904022,-320763,-5414.71,371.073,11.6068,151746,4261.47,471.492,12.3222
0.0282304,0,576.517,11.49,0.904137,-320829,-5417.92,371.019,11.6105,151647,4262.99,471.535,12.3269
0.0282404,0,576.517,11.4957,0.904251,-320896,-5421.12,370.964,11.6142,151547,4264.5,471.578,12.3316
0.0282504,0,576.517,11.5015,0.904366,-320962,-5424.33,370.91,11.6179,151448,4266.02,471.62,12.3363
0.0282604,0,576.517,11.5073,0.904481,-321029,-5427.54,370.856,11.6216,151349,4267.53,471.663,12.3411
0.0282704,0,576.517,11.513,0.904597,-321096,-5430.75,370.802,11.6253,151249,4269.05,471.706,12.3458
0.0282804,0,576.517,11.5188,0.904712,-321162,-5433.96,370.747,11.629,151149,4270.56,471.748,12.3505
0.0282904,0,576.517,11.5245,0.904827,-321229,-5437.18,370.693,11.6328,151050,4272.07,471.791,12.3552
0.0283004,0,576.517,11.5303,0.904942,-321296,-5440.39,370.639,11.6365,150950,4273.58,471.834,12.3599
0.0283104,0,576.517,11.5361,0.905058,-321362,-5443.6,370.584,11.6402,150850,4275.09,471.876,12.3646
0.0283204,0,576.517,11.5418,0.905173,-321429,-5446.82,370.53,11.6439,150750,4276.6,471.919,12.3694
0.0283304,0,576.517,11.5476,0.905288,-321496,-5450.03,370.475,11.6476,150650,4278.1,471.962,12.3741
0.0283404,0,576.517,11.5534,0.905404,-321563,-5453.25,370.421,11.6513,150550,4279.61,472.005,12.3788
0.0283504,0,576.517,11.5591,0.90552,-321629,-5456.46,370.366,11.655,150450,4281.11,472.048,12.3835
0.0283604,0,576.517,11.5649,0.905635,-321696,-5459.68,370.312,11.6587,150350,4282.62,472.09,12.3882
0.0283704,0,576.517,11.5707,0.905751,-321763,-5462.9,370.257,11.6624,150250,4284.12,472.133,12.393
0.0283804,0,576.517,11.5764,0.905867,-321830,-5466.12,370.202,11.6661,150150,4285.62,472.176,12.3977
0.0283904,0,576.517,11.5822,0.905982,-321896,-5469.34,370.148,11.6698,150049,4287.12,472.219,12.4024
0.0284004,0,576.517,11.588,0.906098,-321963,-5472.56,370.093,11.6735,149949,4288.62,472.262,12.4071
0.0284104,0,576.517,11.5937,0.906214,-322030,-5475.77,370.038,11.6772,149848,4290.12,472.305,12.4118
0.0284204,0,576.517,11.5995,0.90633,-322097,-5479,369.983,11.6809,149748,4291.62,472.348,12.4166
0.0284304,0,576.517,11.6053,0.906446,-322164,-5482.22,369.929,11.6846,149647,4293.12,472.391,12.4213
0.0284404,0,576.517,11.611,0.906562,-322231,-5485.44,369.874,11.6883,149547,4294.62,472.434,12.426
0.0284504,0,576.517,11.6168,0.906678,-322298,-5488.66,369.819,11.692,149446,4296.11,472.476,12.4307
0.0284604,0,576.517,11.6226,0.906795,-322364,-5491.89,369.764,11.6957,149345,4297.6,472.519,12.4355
0.0284704,0,576.517,11.6283,0.906911,-322431,-5495.11,369.709,11.6994,149244,4299.1,472.562,12.4402
0.0284804,0,576.517,11.6341,0.907027,-322498,-5498.33,369.654,11.7031,149144,4300.59,472.605,12.4449
0.0284904,0,576.517,11.6399,0.907144,-322565,-5501.56,369.599,11.7068,149043,4302.08,472.648,12.4496
0.0285004,0,576.517,11.6456,0.90726,-322632,-5504.79,369.544,11.7105,148942,4303.57,472.691,12.4544
0.0285104,0,576.517,11.6514,0.907376,-322699,-5508.01,369.489,11.7142,148841,4305.06,472.734,12.4591
0.0285204,0,576.517,11.6572,0.907493,-322766,-5511.24,369.434,11.7179,148739,4306.55,472.778,12.4638
0.0285304,0,576.517,11.6629,0.90761,-322833,-5514.47,369.379,11.7216,148638,4308.03,472.821,12.4686
0.0285404,0,576.517,11.6687,0.907726,-322900,-5517.7,369.324,11.7253,148537,4309.52,472.864,12.4733
0.0285504,0,576.517,11.6744,0.907843,-322967,-5520.93,369.268,11.7289,148436,4311,472.907,12.478
0.0285604,0,576.517,11.6802,0.90796,-323034,-5524.16,369.213,11.7326,148334,4312.49,472.95,12.4827
0.0285704,0,576.517,11.686,0.908077,-323101,-5527.39,369.158,11.7363,148233,4313.97,472.993,12.4875
0.0285804,0,576.517,11.6917,0.908194,-323168,-5530.62,369.103,11.74,148131,4315.45,473.036,12.4922
0.0285904,0,576.517,11.6975,0.90831,-323236,-5533.85,369.047,11.7437,148030,4316.93,473.079,12.4969
0.0286004,0,576.517,11.7033,0.908427,-323303,-5537.08,368.992,11.7474,147928,4318.41,473.123,12.5017
0.0286104,0,576.517,11.709,0.908545,-323370,-5540.32,368.937,11.7511,147826,4319.89,473.166,12.5064
0.0286204,0,576.517,11.7148,0.908662,-323437,-5543.55,368.881,11.7548,147724,4321.37,473.209,12.5111
0.0286304,0,576.517,11.7206,0.908779,-323504,-5546.79,368.826,11.7585,147623,4322.85,473.252,12.5159
0.0286404,0,576.517,11.7263,0.908896,-323571,-5550.02,368.77,11.7622,147521,4324.32,473.295,12.5206
0.0286504,0,576.517,11.7321,0.909013,-323638,-5553.26,368.715,11.7658,147419,4325.8,473.339,12.5253
0.0286604,0,576.517,11.7379,0.909131,-323706,-5556.5,368.659,11.7695,147317,4327.27,473.382,12.5301
0.0286704,0,576.517,11.7436,0.909248,-323773,-5559.73,368.604,11.7732,147215,4328.75,473.425,12.5348
0.0286804,0,576.517,11.7494,0.909366,-323840,-5562.97,368.548,11.7769,147112,4330.22,473.469,12.5395
0.0286904,0,576.517,11.7552,0.909483,-323907,-5566.21,368.492,11.7806,147010,4331.69,473.512,12.5443
0.0287004,0,576.517,11.7609,0.909601,-323974,-5569.45,368.437,11.7843,146908,4333.16,473.555,12.549
0.0287104,0,576.517,11.7667,0.909718,-324042,-5572.69,368.381,11.788,146806,4334.63,473.599,12.5537
0.0287204,0,576.517,11.7725,0.909836,-324109,-5575.93,368.325,11.7916,146703,4336.09,473.642,12.5585
0.0287304,0,576.517,11.7782,0.909954,-324176,-5579.17,368.269,11.7953,146601,4337.56,473.685,12.5632
0.0287404,0,576.517,11.784,0.910072,-324244,-5582.42,368.214,11.799,146498,4339.03,473.729,12.5679
0.0287504,0,576.517,11.7898,0.91019,-324311,-5585.66,368.158,11.8027,146395,4340.49,473.772,12.5727
0.0287604,0,576.517,11.7955,0.910307,-324378,-5588.9,368.102,11.8064,146293,4341.95,473.815,12.5774
0.0287704,0,576.517,11.8013,0.910425,-324445,-5592.15,368.046,11.8101,146190,4343.42,473.859,12.5822
0.0287804,0,576.517,11.8071,0.910544,-324513,-5595.39,367.99,11.8137,146087,4344.88,473.902,12.5869
0.0287904,0,576.517,11.8128,0.910662,-324580,-5598.64,367.934,11.8174,145984,4346.34,473.946,12.5916
0.0288005,0,576.517,11.8186,0.91078,-324648,-5601.88,367.878,11.8211,145881,4347.8,473.989,12.5964
0.0288105,0,576.517,11.8244,0.910898,-324715,-5605.13,367.822,11.8248,145778,4349.26,474.033,12.6011
0.0288205,0,576.517,11.8301,0.911016,-324782,-5608.38,367.766,11.8284,145675,4350.71,474.076,12.6059
0.0288305,0,576.517,11.8359,0.911135,-324850,-5611.63,367.71,11.8321,145572,4352.17,474.12,12.6106
0.0288405,0,576.517,11.8416,0.911253,-324917,-5614.88,367.654,11.8358,145469,4353.62,474.163,12.6153
0.0288505,0,576.517,11.8474,0.911371,-324985,-5618.12,367.597,11.8395,145366,4355.08,474.207,12.6201
0.0288605,0,576.517,11.8532,0.91149,-325052,-5621.38,367.541,11.8432,145262,4356.53,474.25,12.6248
0.0288705,0,576.517,11.8589,0.911609,-325119,-5624.63,367.485,11.8468,145159,4357.98,474.294,12.6296
0.0288805,0,576.517,11.8647,0.911727,-325187,-5627.88,367.429,11.8505,145056,4359.44,474.338,12.6343
0.0288905,0,576.517,11.8705,0.911846,-325254,-5631.13,367.372,11.8542,144952,4360.89,474.381,12.6391
0.0289005,0,576.517,11.8762,0.911965,-325322,-5634.38,367.316,11.8579,144849,4362.33,474.425,12.6438
0.0289105,0,576.517,11.882,0.912083,-325389,-5637.64,367.26,11.8615,144745,4363.78,474.468,12.6485
0.0289205,0,576.517,11.8878,0.912202,-325457,-5640.89,367.203,11.8652,144641,4365.23,474.512,12.6533
0.0289305,0,576.517,11.8935,0.912321,-325524,-5644.15,367.147,11.8689,144537,4366.68,474.556,12.658
0.0289405,0,576.517,11.8993,0.91244,-325592,-5647.4,367.09,11.8725,144434,4368.12,474.599,12.6628
0.0289505,0,576.517,11.9051,0.912559,-325660,-5650.66,367.034,11.8762,144330,4369.56,474.643,12.6675
0.0289605,0,576.517,11.9108,0.912678,-325727,-5653.92,366.977,11.8799,144226,4371.01,474.687,12.6723
0.0289705,0,576.517,11.9166,0.912797,-325795,-5657.17,366.921,11.8835,144122,4372.45,474.73,12.677
0.0289805,0,576.517,11.9224,0.912917,-325862,-5660.43,366.864,11.8872,144018,4373.89,474.774,12.6818
0.0289905,0,576.517,11.9281,0.913036,-325930,-5663.69,366.808,11.8909,143913,4375.33,474.818,12.6865
0.0290005,0,576.517,11.9339,0.913155,-325998,-5666.95,366.751,11.8946,143809,4376.77,474.862,12.6913
0.0290105,0,576.517,11.9397,0.913275,-326065,-5670.21,366.694,11.8982,143705,4378.21,474.906,12.696
0.0290205,0,576.517,11.9454,0.913394,-326133,-5673.47,366.638,11.9019,143601,4379.64,474.949,12.7008
0.0290305,0,576.517,11.9512,0.913513,-326201,-5676.73,366.581,11.9056,143496,4381.08,474.993,12.7055
0.0290405,0,576.517,11.957,0.913633,-326268,-5680,366.524,11.9092,143392,4382.51,475.037,12.7103
0.0290505,0,576.517,11.9627,0.913753,-326336,-5683.26,366.467,11.9129,143287,4383.95,475.081,12.715
0.0290605,0,576.517,11.9685,0.913872,-326404,-5686.52,366.41,11.9165,143183,4385.38,475.125,12.7198
0.0290705,0,576.517,11.9743,0.913992,-326471,-5689.79,366.354,11.9202,143078,4386.81,475.168,12.7245
0.0290805,0,576.517,11.98,0.914112,-326539,-5693.05,366.297,11.9239,142973,4388.24,475.212,12.7293
0.0290905,0,576.517,11.9858,0.914232,-326607,-5696.32,366.24,11.9275,142868,4389.67,475.256,12.734
0.0291005,0,576.517,11.9916,0.914352,-326675,-5699.59,366.183,11.9312,142764,4391.1,475.3,12.7388
0.0291105,0,576.517,11.9973,0.914471,-326742,-5702.85,366.126,11.9349,142659,4392.53,475.344,12.7435
0.0291205,0,576.517,12.0031,0.914591,-326810,-5706.12,366.069,11.9385,142554,4393.95,475.388,12.7483
0.0291305,0,576.517,12.0088,0.914712,-326878,-5709.39,366.011,11.9422,142449,4395.38,475.432,12.753
0.0291405,0,576.517,12.0146,0.914832,-326946,-5712.66,365.954,11.9458,142343,4396.8,475.476,12.7578
0.0291505,0,576.517,12.0204,0.914952,-327013,-5715.93,365.897,11.9495,142238,4398.22,475.52,12.7625
0.0291605,0,576.517,12.0261,0.915072,-327081,-5719.2,365.84,11.9532,142133,4399.65,475.564,12.7673
0.0291705,0,576.517,12.0319,0.915192,-327149,-5722.47,365.783,11.9568,142028,4401.07,475.608,12.7721
0.0291805,0,576.517,12.0377,0.915313,-327217,-5725.74,365.726,11.9605,141922,4402.49,475.652,12.7768
0.0291905,0,576.517,12.0434,0.915433,-327285,-5729.02,365.668,11.9641,141817,4403.9,475.696,12.7816
0.0292005,0,576.517,12.0492,0.915554,-327353,-5732.29,365.611,11.9678,141711,4405.32,475.74,12.7863
0.0292105,0,576.517,12.055,0.915674,-327421,-5735.56,365.554,11.9714,141606,4406.74,475.784,12.7911
0.0292205,0,576.517,12.0607,0.915795,-327488,-5738.84,365.496,11.9751,141500,4408.15,475.828,12.7958
0.0292305,0,576.517,12.0665,0.915915,-327556,-5742.11,365.439,11.9788,141394,4409.57,475.872,12.8006
0.0292405,0,576.517,12.0723,0.916036,-327624,-5745.39,365.381,11.9824,141289,4410.98,475.916,12.8054
0.0292505,0,576.517,12.078,0.916157,-327692,-5748.67,365.324,11.9861,141183,4412.4,475.96,12.8101
0.0292605,0,576.517,12.0838,0.916278,-327760,-5751.94,365.266,11.9897,141077,4413.81,476.005,12.8149
0.0292705,0,576.517,12.0896,0.916399,-327828,-5755.22,365.209,11.9934,140971,4415.22,476.049,12.8196
0.0292805,0,576.517,12.0953,0.916519,-327896,-5758.5,365.151,11.997,140865,4416.63,476.093,12.8244
0.0292905,0,576.517,12.1011,0.91664,-327964,-5761.78,365.094,12.0007,140759,4418.03,476.137,12.8292
0.0293005,0,576.517,12.1069,0.916762,-328032,-5765.06,365.036,12.0043,140653,4419.44,476.181,12.8339
0.0293105,0,576.517,12.1126,0.916883,-328100,-5768.34,364.978,12.008,140546,4420.85,476.225,12.8387
0.0293205,0,576.517,12.1184,0.917004,-328168,-5771.62,364.921,12.0116,140440,4422.25,476.27,12.8434
0.0293305,0,576.517,12.1242,0.917125,-328236,-5774.91,364.863,12.0153,140334,4423.66,476.314,12.8482
0.0293405,0,576.517,12.1299,0.917246,-328304,-5778.19,364.805,12.0189,140227,4425.06,476.358,12.853
0.0293505,0,576.517,12.1357,0.917368,-328372,-5781.47,364.747,12.0226,140121,4426.46,476.402,12.8577
0.0293605,0,576.517,12.1415,0.917489,-328440,-5784.76,364.69,12.0262,140014,4427.86,476.447,12.8625
0.0293705,0,576.517,12.1472,0.91761,-328508,-5788.04,364.632,12.0299,139908,4429.26,476.491,12.8673
0.0293805,0,576.517,12.153,0.917732,-328576,-5791.33,364.574,12.0335,139801,4430.66,476.535,12.872
0.0293905,0,576.517,12.1588,0.917853,-328644,-5794.61,364.516,12.0372,139694,4432.06,476.58,12.8768
0.0294005,0,576.517,12.1645,0.917975,-328712,-5797.9,364.458,12.0408,139587,4433.45,476.624,12.8816
0.0294105,0,576.517,12.1703,0.918097,-328781,-5801.19,364.4,12.0444,139481,4434.85,476.668,12.8863
0.0294205,0,576.517,12.176,0.918219,-328849,-5804.48,364.342,12.0481,139374,4436.24,476.713,12.8911
0.0294305,0,576.517,12.1818,0.91834,-328917,-5807.76,364.284,12.0517,139267,4437.64,476.757,12.8959
0.0294405,0,576.517,12.1876,0.918462,-328985,-5811.05,364.226,12.0554,139160,4439.03,476.801,12.9006
0.0294505,0,576.517,12.1933,0.918584,-329053,-5814.34,364.168,12.059,139052,4440.42,476.846,12.9054
0.0294605,0,576.517,12.1991,0.918706,-329121,-5817.64,364.109,12.0627,138945,4441.81,476.89,12.9102
0.0294705,0,576.517,12.2049,0.918828,-329189,-5820.93,364.051,12.0663,138838,4443.2,476.935,12.9149
0.0294805,0,576.517,12.2106,0.91895,-329258,-5824.22,363.993,12.0699,138731,4444.59,476.979,12.9197
0.0294905,0,576.517,12.2164,0.919072,-329326,-5827.51,363.935,12.0736,138623,4445.97,477.024,12.9245
0.0295005,0,576.517,12.2222,0.919195,-329394,-5830.81,363.876,12.0772,138516,4447.36,477.068,12.9292
0.0295105,0,576.517,12.2279,0.919317,-329462,-5834.1,363.818,12.0809,138408,4448.75,477.113,12.934
0.0295205,0,576.517,12.2337,0.919439,-329531,-5837.4,363.76,12.0845,138301,4450.13,477.157,12.9388
0.0295305,0,576.517,12.2395,0.919561,-329599,-5840.69,363.701,12.0881,138193,4451.51,477.202,12.9436
0.0295405,0,576.517,12.2452,0.919684,-329667,-5843.99,363.643,12.0918,138085,4452.89,477.246,12.9483
0.0295505,0,576.517,12.251,0.919806,-329735,-5847.29,363.585,12.0954,137977,4454.27,477.291,12.9531
0.0295605,0,576.517,12.2568,0.919929,-329804,-5850.58,363.526,12.099,137870,4455.65,477.335,12.9579
0.0295705,0,576.517,12.2625,0.920052,-329872,-5853.88,363.467,12.1027,137762,4457.03,477.38,12.9626
0.0295805,0,576.517,12.2683,0.920174,-329940,-5857.18,363.409,12.1063,137654,4458.41,477.424,12.9674
0.0295905,0,576.517,12.2741,0.920297,-330008,-5860.48,363.35,12.1099,137546,4459.78,477.469,12.9722
0.0296005,0,576.517,12.2798,0.92042,-330077,-5863.78,363.292,12.1136,137438,4461.16,477.513,12.977
0.0296105,0,576.517,12.2856,0.920543,-330145,-5867.08,363.233,12.1172,137329,4462.53,477.558,12.9817
0.0296205,0,576.517,12.2914,0.920665,-330213,-5870.39,363.174,12.1208,137221,4463.91,477.603,12.9865
0.0296305,0,576.517,12.2971,0.920788,-330282,-5873.69,363.116,12.1245,137113,4465.28,477.647,12.9913
0.0296405,0,576.517,12.3029,0.920911,-330350,-5876.99,363.057,12.1281,137004,4466.65,477.692,12.9961
0.0296505,0,576.517,12.3087,0.921034,-330418,-5880.3,362.998,12.1317,136896,4468.02,477.737,13.0009
0.0296605,0,576.517,12.3144,0.921158,-330487,-5883.6,362.939,12.1354,136787,4469.39,477.781,13.0056
0.0296705,0,576.517,12.3202,0.921281,-330555,-5886.91,362.88,12.139,136679,4470.75,477.826,13.0104
0.0296805,0,576.517,12.3259,0.921404,-330624,-5890.21,362.822,12.1426,136570,4472.12,477.871,13.0152
0.0296905,0,576.517,12.3317,0.921527,-330692,-5893.52,362.763,12.1462,136462,4473.48,477.916,13.02
0.0297005,0,576.517,12.3375,0.921651,-330760,-5896.83,362.704,12.1499,136353,4474.85,477.96,13.0247
0.0297105,0,576.517,12.3432,0.921774,-330829,-5900.13,362.645,12.1535,136244,4476.21,478.005,13.0295
0.0297205,0,576.517,12.349,0.921898,-330897,-5903.44,362.586,12.1571,136135,4477.57,478.05,13.0343
0.0297305,0,576.517,12.3548,0.922021,-330966,-5906.75,362.527,12.1608,136026,4478.94,478.095,13.0391
0.0297405,0,576.517,12.3605,0.922145,-331034,-5910.06,362.467,12.1644,135917,4480.29,478.139,13.0439
0.0297505,0,576.517,12.3663,0.922268,-331103,-5913.37,362.408,12.168,135808,4481.65,478.184,13.0486
0.0297605,0,576.517,12.3721,0.922392,-331171,-5916.69,362.349,12.1716,135699,4483.01,478.229,13.0534
0.0297705,0,576.517,12.3778,0.922516,-331240,-5920,362.29,12.1752,135589,4484.37,478.274,13.0582
0.0297805,0,576.517,12.3836,0.922639,-331308,-5923.31,362.231,12.1789,135480,4485.72,478.319,13.063
0.0297905,0,576.517,12.3894,0.922763,-331377,-5926.62,362.172,12.1825,135371,4487.08,478.364,13.0678
0.0298005,0,576.517,12.3951,0.922887,-331445,-5929.94,362.112,12.1861,135261,4488.43,478.408,13.0726
0.0298105,0,576.517,12.4009,0.923011,-331514,-5933.25,362.053,12.1897,135152,4489.78,478.453,13.0773
0.0298205,0,576.517,12.4067,0.923135,-331582,-5936.57,361.994,12.1934,135042,4491.13,478.498,13.0821
0.0298305,0,576.517,12.4124,0.923259,-331651,-5939.88,361.934,12.197,134933,4492.48,478.543,13.0869
0.0298405,0,576.517,12.4182,0.923384,-331719,-5943.2,361.875,12.2006,134823,4493.83,478.588,13.0917
0.0298505,0,576.517,12.424,0.923508,-331788,-5946.52,361.815,12.2042,134713,4495.18,478.633,13.0965
0.0298605,0,576.517,12.4297,0.923632,-331856,-5949.84,361.756,12.2078,134603,4496.53,478.678,13.1013
0.0298705,0,576.517,12.4355,0.923756,-331925,-5953.16,361.696,12.2114,134494,4497.87,478.723,13.1061
0.0298805,0,576.517,12.4413,0.923881,-331994,-5956.48,361.637,12.2151,134384,4499.22,478.768,13.1109
0.0298905,0,576.517,12.447,0.924005,-332062,-5959.8,361.577,12.2187,134274,4500.56,478.813,13.1156
0.0299005,0,576.517,12.4528,0.92413,-332131,-5963.12,361.518,12.2223,134163,4501.9,478.858,13.1204
0.0299105,0,576.517,12.4586,0.924254,-332200,-5966.44,361.458,12.2259,134053,4503.24,478.903,13.1252
0.0299205,0,576.517,12.4643,0.924379,-332268,-5969.76,361.398,12.2295,133943,4504.58,478.948,13.13
0.0299305,0,576.517,12.4701,0.924504,-332337,-5973.09,361.339,12.2331,133833,4505.92,478.993,13.1348
0.0299405,0,576.517,12.4759,0.924628,-332405,-5976.41,361.279,12.2368,133722,4507.26,479.038,13.1396
0.0299505,0,576.517,12.4816,0.924753,-332474,-5979.73,361.219,12.2404,133612,4508.6,479.083,13.1444
0.0299605,0,576.517,12.4874,0.924878,-332543,-5983.06,361.159,12.244,133502,4509.93,479.128,13.1492
0.0299705,0,576.517,12.4931,0.925003,-332611,-5986.39,361.099,12.2476,133391,4511.27,479.174,13.154
0.0299805,0,576.517,12.4989,0.925128,-332680,-5989.71,361.039,12.2512,133280,4512.6,479.219,13.1587
0.0299905,0,576.517,12.5047,0.925253,-332749,-5993.04,360.98,12.2548,133170,4513.93,479.264,13.1635
0.0300005,0,576.517,12.5104,0.925378,-332818,-5996.37,360.92,12.2584,133059,4515.26,479.309,13.1683
0.0300105,0,576.517,12.5162,0.925503,-332886,-5999.7,360.86,12.262,132948,4516.59,479.354,13.1731
0.0300205,0,576.517,12.522,0.925628,-332955,-6003.03,360.8,12.2656,132837,4517.92,479.399,13.1779
0.0300305,0,576.517,12.5277,0.925754,-333024,-6006.36,360.74,12.2692,132726,4519.25,479.444,13.1827
0.0300405,0,576.517,12.5335,0.925879,-333092,-6009.69,360.679,12.2728,132615,4520.58,479.49,13.1875
0.0300505,0,576.517,12.5393,0.926004,-333161,-6013.02,360.619,12.2765,132504,4521.9,479.535,13.1923
0.0300605,0,576.517,12.545,0.92613,-333230,-6016.35,360.559,12.2801,132393,4523.23,479.58,13.1971
0.0300705,0,576.517,12.5508,0.926255,-333299,-6019.68,360.499,12.2837,132282,4524.55,479.625,13.2019
0.0300805,0,576.517,12.5566,0.926381,-333368,-6023.02,360.439,12.2873,132171,4525.87,479.671,13.2067
0.0300905,0,576.517,12.5623,0.926506,-333436,-6026.35,360.379,12.2909,132059,4527.2,479.716,13.2115
0.0301005,0,576.517,12.5681,0.926632,-333505,-6029.69,360.318,12.2945,131948,4528.52,479.761,13.2163
0.0301105,0,576.517,12.5739,0.926758,-333574,-6033.02,360.258,12.2981,131836,4529.83,479.806,13.2211
0.0301205,0,576.517,12.5796,0.926883,-333643,-6036.36,360.198,12.3017,131725,4531.15,479.852,13.2259
0.0301305,0,576.517,12.5854,0.927009,-333712,-6039.69,360.137,12.3053,131613,4532.47,479.897,13.2307
0.0301405,0,576.517,12.5912,0.927135,-333780,-6043.03,360.077,12.3089,131501,4533.78,479.942,13.2355
0.0301505,0,576.517,12.5969,0.927261,-333849,-6046.37,360.016,12.3125,131390,4535.1,479.988,13.2403
0.0301605,0,576.517,12.6027,0.927387,-333918,-6049.71,359.956,12.3161,131278,4536.41,480.033,13.2451
0.0301705,0,576.517,12.6085,0.927513,-333987,-6053.05,359.895,12.3197,131166,4537.73,480.078,13.2499
0.0301805,0,576.517,12.6142,0.927639,-334056,-6056.39,359.835,12.3233,131054,4539.04,480.124,13.2547
0.0301905,0,576.517,12.62,0.927765,-334125,-6059.73,359.774,12.3269,130942,4540.35,480.169,13.2595
0.0302005,0,576.517,12.6258,0.927892,-334194,-6063.07,359.714,12.3305,130830,4541.66,480.215,13.2643
0.0302105,0,576.517,12.6315,0.928018,-334262,-6066.41,359.653,12.3341,130718,4542.96,480.26,13.2691
0.0302205,0,576.517,12.6373,0.928144,-334331,-6069.76,359.592,12.3377,130606,4544.27,480.306,13.2739
0.0302305,0,576.517,12.6431,0.928271,-334400,-6073.1,359.532,12.3413,130493,4545.58,480.351,13.2787
0.0302405,0,576.517,12.6488,0.928397,-334469,-6076.45,359.471,12.3449,130381,4546.88,480.396,13.2835
0.0302505,0,576.517,12.6546,0.928524,-334538,-6079.79,359.41,12.3485,130269,4548.18,480.442,13.2883
0.0302605,0,576.517,12.6603,0.92865,-334607,-6083.14,359.349,12.3521,130156,4549.49,480.487,13.2931
0.0302705,0,576.517,12.6661,0.928777,-334676,-6086.48,359.288,12.3556,130044,4550.79,480.533,13.2979
0.0302805,0,576.517,12.6719,0.928904,-334745,-6089.83,359.227,12.3592,129931,4552.09,480.578,13.3027
0.0302905,0,576.517,12.6776,0.92903,-334814,-6093.18,359.167,12.3628,129818,4553.39,480.624,13.3075
0.0303005,0,576.517,12.6834,0.929157,-334883,-6096.53,359.106,12.3664,129706,4554.68,480.669,13.3123
0.0303105,0,576.517,12.6892,0.929284,-334952,-6099.88,359.045,12.37,129593,4555.98,480.715,13.3171
0.0303205,0,576.517,12.6949,0.929411,-335021,-6103.23,358.984,12.3736,129480,4557.28,480.761,13.3219
0.0303305,0,576.517,12.7007,0.929538,-335090,-6106.58,358.923,12.3772,129367,4558.57,480.806,13.3268
0.0303405,0,576.517,12.7065,0.929665,-335159,-6109.93,358.861,12.3808,129254,4559.86,480.852,13.3316
0.0303505,0,576.517,12.7122,0.929792,-335228,-6113.28,358.8,12.3844,129141,4561.15,480.897,13.3364
0.0303605,0,576.517,12.718,0.929919,-335297,-6116.63,358.739,12.388,129028,4562.45,480.943,13.3412
0.0303705,0,576.517,12.7238,0.930047,-335366,-6119.99,358.678,12.3915,128915,4563.74,480.989,13.346
0.0303805,0,576.517,12.7295,0.930174,-335435,-6123.34,358.617,12.3951,128801,4565.02,481.034,13.3508
0.0303905,0,576.517,12.7353,0.930301,-335504,-6126.7,358.556,12.3987,128688,4566.31,481.08,13.3556
0.0304005,0,576.517,12.7411,0.930429,-335573,-6130.05,358.494,12.4023,128574,4567.6,481.126,13.3604
0.0304105,0,576.517,12.7468,0.930556,-335642,-6133.41,358.433,12.4059,128461,4568.88,481.171,13.3652
0.0304205,0,576.517,12.7526,0.930684,-335711,-6136.77,358.372,12.4095,128347,4570.17,481.217,13.37
0.0304305,0,576.517,12.7584,0.930811,-335780,-6140.12,358.31,12.4131,128234,4571.45,481.263,13.3749
0.0304405,0,576.517,12.7641,0.930939,-335849,-6143.48,358.249,12.4166,128120,4572.73,481.308,13.3797
0.0304505,0,576.517,12.7699,0.931066,-335918,-6146.84,358.187,12.4202,128006,4574.01,481.354,13.3845
0.0304605,0,576.517,12.7757,0.931194,-335987,-6150.2,358.126,12.4238,127893,4575.29,481.4,13.3893
0.0304705,0,576.517,12.7814,0.931322,-336057,-6153.56,358.064,12.4274,127779,4576.57,481.446,13.3941
0.0304805,0,576.517,12.7872,0.93145,-336126,-6156.92,358.003,12.431,127665,4577.85,481.491,13.3989
0.0304905,0,576.517,12.793,0.931578,-336195,-6160.28,357.941,12.4345,127551,4579.12,481.537,13.4037
0.0305005,0,576.517,12.7987,0.931706,-336264,-6163.65,357.879,12.4381,127437,4580.4,481.583,13.4086
0.0305105,0,576.517,12.8045,0.931834,-336333,-6167.01,357.818,12.4417,127323,4581.67,481.629,13.4134
0.0305205,0,576.517,12.8102,0.931962,-336402,-6170.37,357.756,12.4453,127208,4582.95,481.675,13.4182
0.0305305,0,576.517,12.816,0.93209,-336471,-6173.74,357.694,12.4489,127094,4584.22,481.721,13.423
0.0305405,0,576.517,12.8218,0.932218,-336540,-6177.1,357.633,12.4524,126980,4585.49,481.766,13.4278
0.0305505,0,576.517,12.8275,0.932346,-336610,-6180.47,357.571,12.456,126865,4586.76,481.812,13.4326
0.0305605,0,576.517,12.8333,0.932475,-336679,-6183.83,357.509,12.4596,126751,4588.02,481.858,13.4375
0.0305705,0,576.517,12.8391,0.932603,-336748,-6187.2,357.447,12.4632,126636,4589.29,481.904,13.4423
0.0305805,0,576.517,12.8448,0.932731,-336817,-6190.57,357.385,12.4667,126522,4590.56,481.95,13.4471
0.0305905,0,576.517,12.8506,0.93286,-336886,-6193.94,357.323,12.4703,126407,4591.82,481.996,13.4519
0.0306005,0,576.517,12.8564,0.932988,-336956,-6197.31,357.261,12.4739,126292,4593.09,482.042,13.4567
0.0306105,0,576.517,12.8621,0.933117,-337025,-6200.68,357.199,12.4774,126177,4594.35,482.088,13.4616
0.0306205,0,576.517,12.8679,0.933246,-337094,-6204.05,357.137,12.481,126063,4595.61,482.134,13.4664
0.0306305,0,576.517,12.8737,0.933374,-337163,-6207.42,357.075,12.4846,125948,4596.87,482.18,13.4712
0.0306405,0,576.517,12.8794,0.933503,-337232,-6210.79,357.013,12.4882,125833,4598.13,482.226,13.476
0.0306506,0,576.517,12.8852,0.933632,-337302,-6214.17,356.951,12.4917,125718,4599.39,482.272,13.4808
0.0306606,0,576.517,12.891,0.933761,-337371,-6217.54,356.889,12.4953,125602,4600.64,482.318,13.4857
0.0306706,0,576.517,12.8967,0.93389,-337440,-6220.91,356.827,12.4989,125487,4601.9,482.364,13.4905
0.0306806,0,576.517,12.9025,0.934019,-337509,-6224.29,356.765,12.5024,125372,4603.15,482.41,13.4953
0.0306906,0,576.517,12.9083,0.934148,-337579,-6227.66,356.702,12.506,125256,4604.41,482.456,13.5001
0.0307006,0,576.517,12.914,0.934277,-337648,-6231.04,356.64,12.5096,125141,4605.66,482.502,13.505
0.0307106,0,576.517,12.9198,0.934406,-337717,-6234.42,356.578,12.5131,125026,4606.91,482.548,13.5098
0.0307206,0,576.517,12.9256,0.934536,-337786,-6237.8,356.515,12.5167,124910,4608.16,482.594,13.5146
0.0307306,0,576.517,12.9313,0.934665,-337856,-6241.17,356.453,12.5203,124794,4609.41,482.64,13.5194
0.0307406,0,576.517,12.9371,0.934794,-337925,-6244.55,356.39,12.5238,124679,4610.66,482.686,13.5243
0.0307506,0,576.517,12.9429,0.934924,-337994,-6247.93,356.328,12.5274,124563,4611.9,482.732,13.5291
0.0307606,0,576.517,12.9486,0.935053,-338064,-6251.31,356.265,12.531,124447,4613.15,482.778,13.5339
0.0307706,0,576.517,12.9544,0.935182,-338133,-6254.69,356.203,12.5345,124331,4614.39,482.824,13.5388
0.0307806,0,576.517,12.9602,0.935312,-338202,-6258.08,356.14,12.5381,124215,4615.63,482.871,13.5436
0.0307906,0,576.517,12.9659,0.935442,-338272,-6261.46,356.078,12.5416,124099,4616.87,482.917,13.5484
0.0308006,0,576.517,12.9717,0.935571,-338341,-6264.84,356.015,12.5452,123983,4618.12,482.963,13.5532
0.0308106,0,576.517,12.9774,0.935701,-338410,-6268.23,355.952,12.5488,123867,4619.35,483.009,13.5581
0.0308206,0,576.517,12.9832,0.935831,-338480,-6271.61,355.89,12.5523,123751,4620.59,483.055,13.5629
0.0308306,0,576.517,12.989,0.935961,-338549,-6275,355.827,12.5559,123634,4621.83,483.102,13.5677
0.0308406,0,576.517,12.9947,0.936091,-338618,-6278.38,355.764,12.5594,123518,4623.07,483.148,13.5726
0.0308506,0,576.517,13.0005,0.936221,-338688,-6281.77,355.701,12.563,123402,4624.3,483.194,13.5774
0.0308606,0,576.517,13.0063,0.936351,-338757,-6285.16,355.639,12.5666,123285,4625.53,483.24,13.5822
0.0308706,0,576.517,13.012,0.936481,-338826,-6288.54,355.576,12.5701,123169,4626.77,483.287,13.5871
0.0308806,0,576.517,13.0178,0.936611,-338896,-6291.93,355.513,12.5737,123052,4628,483.333,13.5919
0.0308906,0,576.517,13.0236,0.936741,-338965,-6295.32,355.45,12.5772,122935,4629.23,483.379,13.5967
0.0309006,0,576.517,13.0293,0.936872,-339035,-6298.71,355.387,12.5808,122818,4630.46,483.425,13.6016
0.0309106,0,576.517,13.0351,0.937002,-339104,-6302.1,355.324,12.5843,122702,4631.68,483.472,13.6064
0.0309206,0,576.517,13.0409,0.937132,-339173,-6305.5,355.261,12.5879,122585,4632.91,483.518,13.6112
0.0309306,0,576.517,13.0466,0.937263,-339243,-6308.89,355.198,12.5914,122468,4634.14,483.564,13.6161
0.0309406,0,576.517,13.0524,0.937393,-339312,-6312.28,355.135,12.595,122351,4635.36,483.611,13.6209
0.0309506,0,576.517,13.0582,0.937524,-339382,-6315.67,355.072,12.5985,122234,4636.58,483.657,13.6257
0.0309606,0,576.517,13.0639,0.937654,-339451,-6319.07,355.008,12.6021,122116,4637.81,483.703,13.6306
0.0309706,0,576.517,13.0697,0.937785,-339520,-6322.46,354.945,12.6056,121999,4639.03,483.75,13.6354
0.0309806,0,576.517,13.0755,0.937916,-339590,-6325.86,354.882,12.6092,121882,4640.25,483.796,13.6402
0.0309906,0,576.517,13.0812,0.938047,-339659,-6329.26,354.819,12.6127,121764,4641.46,483.843,13.6451
0.0310006,0,576.517,13.087,0.938177,-339729,-6332.65,354.755,12.6163,121647,4642.68,483.889,13.6499
0.0310106,0,576.517,13.0928,0.938308,-339798,-6336.05,354.692,12.6198,121529,4643.9,483.936,13.6548
0.0310206,0,576.517,13.0985,0.938439,-339868,-6339.45,354.629,12.6234,121412,4645.11,483.982,13.6596
0.0310306,0,576.517,13.1043,0.93857,-339937,-6342.85,354.565,12.6269,121294,4646.32,484.028,13.6644
0.0310406,0,576.517,13.1101,0.938701,-340007,-6346.25,354.502,12.6305,121176,4647.54,484.075,13.6693
0.0310506,0,576.517,13.1158,0.938833,-340076,-6349.65,354.438,12.634,121059,4648.75,484.121,13.6741
0.0310606,0,576.517,13.1216,0.938964,-340146,-6353.05,354.375,12.6376,120941,4649.96,484.168,13.679
0.0310706,0,576.517,13.1273,0.939095,-340215,-6356.45,354.311,12.6411,120823,4651.17,484.214,13.6838
0.0310806,0,576.517,13.1331,0.939226,-340285,-6359.86,354.248,12.6446,120705,4652.38,484.261,13.6887
0.0310906,0,576.517,13.1389,0.939358,-340354,-6363.26,354.184,12.6482,120587,4653.58,484.307,13.6935
0.0311006,0,576.517,13.1446,0.939489,-340424,-6366.66,354.12,12.6517,120469,4654.79,484.354,13.6983
0.0311106,0,576.517,13.1504,0.939621,-340493,-6370.07,354.057,12.6553,120351,4655.99,484.401,13.7032
0.0311206,0,576.517,13.1562,0.939752,-340563,-6373.47,353.993,12.6588,120232,4657.19,484.447,13.708
0.0311306,0,576.517,13.1619,0.939884,-340632,-6376.88,353.929,12.6623,120114,4658.4,484.494,13.7129
0.0311406,0,576.517,13.1677,0.940015,-340702,-6380.29,353.865,12.6659,119996,4659.6,484.54,13.7177
0.0311506,0,576.517,13.1735,0.940147,-340771,-6383.69,353.802,12.6694,119877,4660.8,484.587,13.7226
0.0311606,0,576.517,13.1792,0.940279,-340841,-6387.1,353.738,12.673,119759,4661.99,484.634,13.7274
0.0311706,0,576.517,13.185,0.940411,-340910,-6390.51,353.674,12.6765,119640,4663.19,484.68,13.7323
0.0311806,0,576.517,13.1908,0.940543,-340980,-6393.92,353.61,12.68,119521,4664.39,484.727,13.7371
0.0311906,0,576.517,13.1965,0.940674,-341050,-6397.33,353.546,12.6836,119403,4665.58,484.773,13.7419
0.0312006,0,576.517,13.2023,0.940807,-341119,-6400.74,353.482,12.6871,119284,4666.78,484.82,13.7468
0.0312106,0,576.517,13.2081,0.940939,-341189,-6404.15,353.418,12.6906,119165,4667.97,484.867,13.7516
0.0312206,0,576.517,13.2138,0.941071,-341258,-6407.57,353.354,12.6942,119046,4669.16,484.913,13.7565
0.0312306,0,576.517,13.2196,0.941203,-341328,-6410.98,353.29,12.6977,118927,4670.35,484.96,13.7613
0.0312406,0,576.517,13.2254,0.941335,-341397,-6414.39,353.226,12.7012,118808,4671.54,485.007,13.7662
0.0312506,0,576.517,13.2311,0.941467,-341467,-6417.81,353.161,12.7048,118689,4672.72,485.054,13.771
0.0312606,0,576.517,13.2369,0.9416,-341536,-6421.22,353.097,12.7083,118569,4673.91,485.1,13.7759
0.0312706,0,576.517,13.2427,0.941732,-341606,-6424.64,353.033,12.7118,118450,4675.1,485.147,13.7807
0.0312806,0,576.517,13.2484,0.941864,-341676,-6428.05,352.969,12.7154,118331,4676.28,485.194,13.7856
0.0312906,0,576.517,13.2542,0.941997,-341745,-6431.47,352.905,12.7189,118211,4677.46,485.241,13.7904
0.0313006,0,576.517,13.2599,0.942129,-341815,-6434.89,352.84,12.7224,118092,4678.64,485.287,13.7953
0.0313106,0,576.517,13.2657,0.942262,-341884,-6438.3,352.776,12.726,117972,4679.82,485.334,13.8002
0.0313206,0,576.517,13.2715,0.942395,-341954,-6441.72,352.711,12.7295,117853,4681,485.381,13.805
0.0313306,0,576.517,13.2772,0.942528,-342024,-6445.14,352.647,12.733,117733,4682.18,485.428,13.8099
0.0313406,0,576.517,13.283,0.94266,-342093,-6448.56,352.583,12.7365,117613,4683.36,485.475,13.8147
0.0313506,0,576.517,13.2888,0.942793,-342163,-6451.98,352.518,12.7401,117494,4684.53,485.521,13.8196
0.0313606,0,576.517,13.2945,0.942926,-342232,-6455.4,352.454,12.7436,117374,4685.71,485.568,13.8244
0.0313706,0,576.517,13.3003,0.943059,-342302,-6458.83,352.389,12.7471,117254,4686.88,485.615,13.8293
0.0313806,0,576.517,13.3061,0.943192,-342372,-6462.25,352.324,12.7506,117134,4688.05,485.662,13.8341
0.0313906,0,576.517,13.3118,0.943325,-342441,-6465.67,352.26,12.7542,117014,4689.22,485.709,13.839
0.0314006,0,576.517,13.3176,0.943458,-342511,-6469.1,352.195,12.7577,116894,4690.39,485.756,13.8439
0.0314106,0,576.517,13.3234,0.943591,-342581,-6472.52,352.13,12.7612,116773,4691.56,485.803,13.8487
0.0314206,0,576.517,13.3291,0.943725,-342650,-6475.95,352.066,12.7647,116653,4692.73,485.85,13.8536
0.0314306,0,576.517,13.3349,0.943858,-342720,-6479.37,352.001,12.7682,116533,4693.89,485.896,13.8584
0.0314406,0,576.517,13.3407,0.943991,-342790,-6482.8,351.936,12.7718,116412,4695.06,485.943,13.8633
0.0314506,0,576.517,13.3464,0.944125,-342859,-6486.23,351.871,12.7753,116292,4696.22,485.99,13.8681
0.0314606,0,576.517,13.3522,0.944258,-342929,-6489.66,351.806,12.7788,116171,4697.38,486.037,13.873
0.0314706,0,576.517,13.3579,0.944392,-342999,-6493.09,351.741,12.7823,116051,4698.54,486.084,13.8779
0.0314806,0,576.517,13.3637,0.944525,-343068,-6496.52,351.677,12.7858,115930,4699.7,486.131,13.8827
0.0314905,0,576.517,13.3695,0.944659,-343138,-6499.95,351.612,12.7893,115809,4700.86,486.178,13.8876
0.0315005,0,576.517,13.3752,0.944793,-343208,-6503.38,351.547,12.7929,115688,4702.02,486.225,13.8925
0.0315105,0,576.517,13.381,0.944926,-343277,-6506.81,351.482,12.7964,115567,4703.17,486.272,13.8973
0.0315205,0,576.517,13.3868,0.94506,-343347,-6510.24,351.416,12.7999,115446,4704.33,486.319,13.9022
0.0315305,0,576.517,13.3925,0.945194,-343417,-6513.68,351.351,12.8034,115325,4705.48,486.366,13.907
0.0315405,0,576.517,13.3983,0.945328,-343486,-6517.11,351.286,12.8069,115204,4706.64,486.413,13.9119
0.0315505,0,576.517,13.4041,0.945462,-343556,-6520.54,351.221,12.8104,115083,4707.79,486.46,13.9168
0.0315605,0,576.517,13.4098,0.945596,-343626,-6523.98,351.156,12.8139,114962,4708.94,486.508,13.9216
0.0315705,0,576.517,13.4156,0.94573,-343695,-6527.42,351.091,12.8175,114840,4710.09,486.555,13.9265
0.0315805,0,576.517,13.4214,0.945864,-343765,-6530.85,351.025,12.821,114719,4711.23,486.602,13.9314
0.0315905,0,576.517,13.4271,0.945999,-343835,-6534.29,350.96,12.8245,114598,4712.38,486.649,13.9362
0.0316005,0,576.517,13.4329,0.946133,-343905,-6537.73,350.895,12.828,114476,4713.52,486.696,13.9411
0.0316105,0,576.517,13.4386,0.946267,-343974,-6541.17,350.829,12.8315,114354,4714.67,486.743,13.946
0.0316205,0,576.517,13.4444,0.946402,-344044,-6544.61,350.764,12.835,114233,4715.81,486.79,13.9508
0.0316305,0,576.517,13.4502,0.946536,-344114,-6548.05,350.698,12.8385,114111,4716.95,486.837,13.9557
0.0316405,0,576.517,13.4559,0.946671,-344183,-6551.49,350.633,12.842,113989,4718.09,486.885,13.9606
0.0316505,0,576.517,13.4617,0.946805,-344253,-6554.93,350.567,12.8455,113867,4719.23,486.932,13.9654
0.0316605,0,576.517,13.4675,0.94694,-344323,-6558.37,350.502,12.849,113745,4720.37,486.979,13.9703
0.0316705,0,576.517,13.4732,0.947074,-344393,-6561.82,350.436,12.8525,113623,4721.51,487.026,13.9752
0.0316805,0,576.517,13.479,0.947209,-344462,-6565.26,350.371,12.856,113501,4722.64,487.073,13.98
0.0316905,0,576.517,13.4848,0.947344,-344532,-6568.71,350.305,12.8595,113379,4723.78,487.121,13.9849
0.0317005,0,576.517,13.4905,0.947479,-344602,-6572.15,350.239,12.863,113257,4724.91,487.168,13.9898
0.0317105,0,576.517,13.4963,0.947614,-344672,-6575.6,350.173,12.8665,113135,4726.04,487.215,13.9947
0.0317205,0,576.517,13.5021,0.947749,-344741,-6579.04,350.108,12.87,113012,4727.17,487.262,13.9995
0.0317305,0,576.517,13.5078,0.947884,-344811,-6582.49,350.042,12.8735,112890,4728.3,487.31,14.0044
0.0317405,0,576.517,13.5136,0.948019,-344881,-6585.94,349.976,12.877,112767,4729.43,487.357,14.0093
0.0317505,0,576.517,13.5193,0.948154,-344951,-6589.39,349.91,12.8805,112645,4730.56,487.404,14.0142
0.0317605,0,576.517,13.5251,0.948289,-345020,-6592.84,349.844,12.884,112522,4731.68,487.452,14.019
0.0317705,0,576.517,13.5309,0.948425,-345090,-6596.29,349.778,12.8875,112399,4732.81,487.499,14.0239
0.0317805,0,576.517,13.5366,0.94856,-345160,-6599.74,349.712,12.891,112277,4733.93,487.546,14.0288
0.0317905,0,576.517,13.5424,0.948695,-345230,-6603.19,349.646,12.8945,112154,4735.05,487.593,14.0337
0.0318005,0,576.517,13.5482,0.948831,-345300,-6606.64,349.58,12.898,112031,4736.17,487.641,14.0385
0.0318105,0,576.517,13.5539,0.948966,-345369,-6610.09,349.514,12.9015,111908,4737.29,487.688,14.0434
0.0318205,0,576.517,13.5597,0.949102,-345439,-6613.55,349.448,12.905,111785,4738.41,487.736,14.0483
0.0318305,0,576.517,13.5655,0.949237,-345509,-6617,349.382,12.9085,111662,4739.53,487.783,14.0532
0.0318405,0,576.517,13.5712,0.949373,-345579,-6620.46,349.316,12.912,111539,4740.64,487.83,14.058
0.0318505,0,576.517,13.577,0.949509,-345648,-6623.91,349.25,12.9155,111415,4741.76,487.878,14.0629
0.0318605,0,576.517,13.5828,0.949644,-345718,-6627.37,349.183,12.919,111292,4742.87,487.925,14.0678
0.0318705,0,576.517,13.5885,0.94978,-345788,-6630.83,349.117,12.9225,111169,4743.98,487.973,14.0727
0.0318805,0,576.517,13.5943,0.949916,-345858,-6634.28,349.051,12.926,111045,4745.1,488.02,14.0776
0.0318905,0,576.517,13.6,0.950052,-345928,-6637.74,348.984,12.9295,110922,4746.21,488.067,14.0824
0.0319005,0,576.517,13.6058,0.950188,-345998,-6641.2,348.918,12.933,110798,4747.31,488.115,14.0873
0.0319105,0,576.517,13.6116,0.950324,-346067,-6644.66,348.852,12.9364,110674,4748.42,488.162,14.0922
0.0319205,0,576.517,13.6173,0.95046,-346137,-6648.12,348.785,12.9399,110551,4749.53,488.21,14.0971
0.0319305,0,576.517,13.6231,0.950597,-346207,-6651.58,348.719,12.9434,110427,4750.63,488.257,14.102
0.0319405,0,576.517,13.6289,0.950733,-346277,-6655.04,348.652,12.9469,110303,4751.73,488.305,14.1069
0.0319505,0,576.517,13.6346,0.950869,-346346,-6658.51,348.586,12.9504,110179,4752.84,488.352,14.1117
0.0319605,0,576.517,13.6404,0.951005,-346416,-6661.97,348.519,12.9539,110055,4753.94,488.4,14.1166
0.0319705,0,576.517,13.6462,0.951142,-346486,-6665.43,348.452,12.9574,109931,4755.04,488.448,14.1215
0.0319805,0,576.517,13.6519,0.951278,-346556,-6668.9,348.386,12.9608,109807,4756.14,488.495,14.1264
0.0319905,0,576.517,13.6577,0.951415,-346626,-6672.36,348.319,12.9643,109683,4757.23,488.543,14.1313
0.0320005,0,576.517,13.6635,0.951551,-346696,-6675.83,348.252,12.9678,109558,4758.33,488.59,14.1362
0.0320105,0,576.517,13.6692,0.951688,-346765,-6679.3,348.185,12.9713,109434,4759.42,488.638,14.141
0.0320205,0,576.517,13.675,0.951825,-346835,-6682.77,348.119,12.9748,109309,4760.52,488.685,14.1459
0.0320305,0,576.517,13.6807,0.951962,-346905,-6686.23,348.052,12.9783,109185,4761.61,488.733,14.1508
0.0320405,0,576.517,13.6865,0.952098,-346975,-6689.7,347.985,12.9817,109060,4762.7,488.781,14.1557
0.0320505,0,576.517,13.6923,0.952235,-347045,-6693.17,347.918,12.9852,108936,4763.79,488.828,14.1606
0.0320605,0,576.517,13.698,0.952372,-347115,-6696.64,347.851,12.9887,108811,4764.88,488.876,14.1655
0.0320705,0,576.517,13.7038,0.952509,-347184,-6700.11,347.784,12.9922,108686,4765.97,488.923,14.1704
0.0320805,0,576.517,13.7096,0.952646,-347254,-6703.59,347.717,12.9957,108561,4767.05,488.971,14.1753
0.0320905,0,576.517,13.7153,0.952783,-347324,-6707.06,347.65,12.9991,108437,4768.14,489.019,14.1801
0.0321005,0,576.517,13.7211,0.95292,-347394,-6710.53,347.583,13.0026,108312,4769.22,489.067,14.185
0.0321105,0,576.517,13.7269,0.953058,-347464,-6714,347.516,13.0061,108186,4770.3,489.114,14.1899
0.0321205,0,576.517,13.7326,0.953195,-347534,-6717.48,347.449,13.0096,108061,4771.39,489.162,14.1948
0.0321305,0,576.517,13.7384,0.953332,-347604,-6720.95,347.382,13.013,107936,4772.47,489.21,14.1997
0.0321405,0,576.517,13.7442,0.95347,-347673,-6724.43,347.314,13.0165,107811,4773.54,489.257,14.2046
0.0321505,0,576.517,13.7499,0.953607,-347743,-6727.91,347.247,13.02,107686,4774.62,489.305,14.2095
0.0321605,0,576.517,13.7557,0.953745,-347813,-6731.38,347.18,13.0235,107560,4775.7,489.353,14.2144
0.0321705,0,576.517,13.7615,0.953882,-347883,-6734.86,347.112,13.0269,107435,4776.77,489.401,14.2193
0.0321805,0,576.517,13.7672,0.95402,-347953,-6738.34,347.045,13.0304,107309,4777.85,489.448,14.2242
0.0321905,0,576.517,13.773,0.954158,-348023,-6741.82,346.978,13.0339,107183,4778.92,489.496,14.2291
0.0322005,0,576.517,13.7787,0.954295,-348092,-6745.3,346.91,13.0373,107058,4779.99,489.544,14.234
0.0322105,0,576.517,13.7845,0.954433,-348162,-6748.78,346.843,13.0408,106932,4781.06,489.592,14.2389
0.0322205,0,576.517,13.7903,0.954571,-348232,-6752.26,346.775,13.0443,106806,4782.13,489.639,14.2438
0.0322305,0,576.517,13.796,0.954709,-348302,-6755.75,346.708,13.0477,106680,4783.19,489.687,14.2487
0.0322405,0,576.517,13.8018,0.954847,-348372,-6759.23,346.64,13.0512,106554,4784.26,489.735,14.2536
0.0322504,0,576.517,13.8076,0.954985,-348442,-6762.71,346.573,13.0547,106428,4785.33,489.783,14.2584
0.0322604,0,576.517,13.8133,0.955123,-348512,-6766.2,346.505,13.0581,106302,4786.39,489.831,14.2633
0.0322704,0,576.517,13.8191,0.955261,-348582,-6769.68,346.437,13.0616,106176,4787.45,489.879,14.2682
0.0322804,0,576.517,13.8249,0.955399,-348651,-6773.17,346.37,13.0651,106050,4788.51,489.927,14.2731
0.0322904,0,576.517,13.8306,0.955538,-348721,-6776.65,346.302,13.0685,105923,4789.57,489.974,14.278
0.0323004,0,576.517,13.8364,0.955676,-348791,-6780.14,346.234,13.072,105797,4790.63,490.022,14.2829
0.0323104,0,576.517,13.8422,0.955814,-348861,-6783.63,346.166,13.0755,105671,4791.69,490.07,14.2878
0.0323204,0,576.517,13.8479,0.955953,-348931,-6787.12,346.099,13.0789,105544,4792.74,490.118,14.2927
0.0323304,0,576.517,13.8537,0.956091,-349001,-6790.61,346.031,13.0824,105418,4793.8,490.166,14.2976
0.0323404,0,576.517,13.8594,0.95623,-349071,-6794.1,345.963,13.0858,105291,4794.85,490.214,14.3026
0.0323504,0,576.517,13.8652,0.956368,-349140,-6797.59,345.895,13.0893,105164,4795.9,490.262,14.3075
0.0323604,0,576.517,13.871,0.956507,-349210,-6801.08,345.827,13.0928,105037,4796.95,490.31,14.3124
0.0323704,0,576.517,13.8767,0.956646,-349280,-6804.57,345.759,13.0962,104910,4798,490.358,14.3173
0.0323804,0,576.517,13.8825,0.956784,-349350,-6808.06,345.691,13.0997,104783,4799.05,490.406,14.3222
0.0323904,0,576.517,13.8883,0.956923,-349420,-6811.56,345.623,13.1031,104656,4800.1,490.454,14.3271
0.0324004,0,576.517,13.894,0.957062,-349490,-6815.05,345.554,13.1066,104529,4801.15,490.502,14.332
0.0324104,0,576.517,13.8998,0.957201,-349560,-6818.54,345.486,13.11,104402,4802.19,490.55,14.3369
0.0324204,0,576.517,13.9056,0.95734,-349630,-6822.04,345.418,13.1135,104275,4803.23,490.598,14.3418
0.0324304,0,576.517,13.9113,0.957479,-349699,-6825.54,345.35,13.1169,104148,4804.27,490.646,14.3467
0.0324404,0,576.517,13.9171,0.957618,-349769,-6829.03,345.282,13.1204,104020,4805.32,490.694,14.3516
0.0324504,0,576.517,13.9229,0.957758,-349839,-6832.53,345.213,13.1238,103893,4806.35,490.742,14.3565
0.0324604,0,576.517,13.9286,0.957897,-349909,-6836.03,345.145,13.1273,103765,4807.39,490.79,14.3614
0.0324704,0,576.517,13.9344,0.958036,-349979,-6839.53,345.077,13.1308,103638,4808.43,490.838,14.3663
0.0324804,0,576.517,13.9401,0.958175,-350049,-6843.03,345.008,13.1342,103510,4809.47,490.886,14.3712
0.0324904,0,576.517,13.9459,0.958315,-350119,-6846.53,344.94,13.1377,103382,4810.5,490.934,14.3761
0.0325004,0,576.517,13.9517,0.958454,-350189,-6850.03,344.871,13.1411,103255,4811.53,490.982,14.381
0.0325104,0,576.517,13.9574,0.958594,-350258,-6853.53,344.803,13.1445,103127,4812.56,491.031,14.386
0.0325204,0,576.517,13.9632,0.958733,-350328,-6857.03,344.734,13.148,102999,4813.6,491.079,14.3909
0.0325304,0,576.517,13.969,0.958873,-350398,-6860.54,344.666,13.1514,102871,4814.62,491.127,14.3958
0.0325404,0,576.517,13.9747,0.959013,-350468,-6864.04,344.597,13.1549,102743,4815.65,491.175,14.4007
0.0325504,0,576.517,13.9805,0.959153,-350538,-6867.54,344.528,13.1583,102615,4816.68,491.223,14.4056
0.0325604,0,576.517,13.9863,0.959292,-350608,-6871.05,344.46,13.1618,102486,4817.7,491.271,14.4105
0.0325704,0,576.517,13.992,0.959432,-350678,-6874.56,344.391,13.1652,102358,4818.73,491.319,14.4154
0.0325804,0,576.517,13.9978,0.959572,-350748,-6878.06,344.322,13.1687,102230,4819.75,491.368,14.4203
0.0325904,0,576.517,14.0036,0.959712,-350817,-6881.57,344.253,13.1721,102101,4820.77,491.416,14.4253
0.0326004,0,576.517,14.0093,0.959852,-350887,-6885.08,344.185,13.1756,101973,4821.79,491.464,14.4302
0.0326104,0,576.517,14.0151,0.959992,-350957,-6888.59,344.116,13.179,101844,4822.81,491.512,14.4351
0.0326204,0,576.517,14.0209,0.960132,-351027,-6892.1,344.047,13.1824,101716,4823.83,491.561,14.44
0.0326304,0,576.517,14.0266,0.960273,-351097,-6895.61,343.978,13.1859,101587,4824.85,491.609,14.4449
0.0326404,0,576.517,14.0324,0.960413,-351167,-6899.12,343.909,13.1893,101458,4825.86,491.657,14.4498
0.0326504,0,576.517,14.0381,0.960553,-351237,-6902.63,343.84,13.1928,101329,4826.88,491.705,14.4548
0.0326604,0,576.517,14.0439,0.960694,-351306,-6906.14,343.771,13.1962,101200,4827.89,491.754,14.4597
0.0326704,0,576.517,14.0497,0.960834,-351376,-6909.65,343.702,13.1996,101071,4828.9,491.802,14.4646
0.0326804,0,576.517,14.0554,0.960975,-351446,-6913.17,343.633,13.2031,100942,4829.91,491.85,14.4695
0.0326904,0,576.517,14.0612,0.961115,-351516,-6916.68,343.564,13.2065,100813,4830.92,491.898,14.4744
0.0327004,0,576.517,14.067,0.961256,-351586,-6920.2,343.494,13.2099,100684,4831.92,491.947,14.4793
0.0327104,0,576.517,14.0727,0.961396,-351656,-6923.71,343.425,13.2134,100555,4832.93,491.995,14.4843
0.0327204,0,576.517,14.0785,0.961537,-351726,-6927.23,343.356,13.2168,100426,4833.94,492.043,14.4892
0.0327304,0,576.517,14.0843,0.961678,-351796,-6930.75,343.287,13.2202,100296,4834.94,492.092,14.4941
0.0327404,0,576.517,14.09,0.961819,-351865,-6934.26,343.217,13.2237,100167,4835.94,492.14,14.499
0.0327504,0,576.517,14.0958,0.96196,-351935,-6937.78,343.148,13.2271,100037,4836.94,492.188,14.5039
0.0327604,0,576.517,14.1016,0.962101,-352005,-6941.3,343.079,13.2305,99907.4,4837.94,492.237,14.5089
0.0327704,0,576.517,14.1073,0.962242,-352075,-6944.82,343.009,13.234,99777.8,4838.94,492.285,14.5138
0.0327804,0,576.517,14.1131,0.962383,-352145,-6948.34,342.94,13.2374,99648,4839.94,492.334,14.5187
0.0327904,0,576.517,14.1188,0.962524,-352215,-6951.86,342.87,13.2408,99518.2,4840.93,492.382,14.5236
0.0328004,0,576.517,14.1246,0.962665,-352285,-6955.39,342.801,13.2443,99388.2,4841.93,492.43,14.5286
0.0328104,0,576.517,14.1304,0.962806,-352354,-6958.91,342.731,13.2477,99258.3,4842.92,492.479,14.5335
0.0328204,0,576.517,14.1361,0.962948,-352424,-6962.43,342.662,13.2511,99128.3,4843.91,492.527,14.5384
0.0328304,0,576.517,14.1419,0.963089,-352494,-6965.96,342.592,13.2545,98998.1,4844.9,492.576,14.5433
0.0328404,0,576.517,14.1477,0.963231,-352564,-6969.48,342.522,13.258,98867.9,4845.89,492.624,14.5483
0.0328504,0,576.517,14.1534,0.963372,-352634,-6973.01,342.453,13.2614,98737.7,4846.88,492.673,14.5532
0.0328604,0,576.517,14.1592,0.963514,-352704,-6976.53,342.383,13.2648,98607.3,4847.87,492.721,14.5581
0.0328704,0,576.517,14.165,0.963655,-352774,-6980.06,342.313,13.2682,98477,4848.85,492.769,14.563
0.0328804,0,576.517,14.1707,0.963797,-352843,-6983.59,342.243,13.2717,98346.5,4849.84,492.818,14.568
0.0328904,0,576.517,14.1765,0.963939,-352913,-6987.12,342.173,13.2751,98215.9,4850.82,492.866,14.5729
0.0329004,0,576.517,14.1823,0.96408,-352983,-6990.65,342.104,13.2785,98085.3,4851.8,492.915,14.5778
0.0329104,0,576.517,14.188,0.964222,-353053,-6994.17,342.034,13.2819,97954.6,4852.78,492.963,14.5828
0.0329204,0,576.517,14.1938,0.964364,-353123,-6997.7,341.964,13.2853,97823.9,4853.76,493.012,14.5877
0.0329304,0,576.517,14.1995,0.964506,-353193,-7001.24,341.894,13.2888,97693,4854.74,493.061,14.5926
0.0329404,0,576.517,14.2053,0.964648,-353262,-7004.77,341.824,13.2922,97562.2,4855.71,493.109,14.5976
0.0329504,0,576.517,14.2111,0.96479,-353332,-7008.3,341.754,13.2956,97431.2,4856.69,493.158,14.6025
0.0329604,0,576.517,14.2168,0.964932,-353402,-7011.83,341.684,13.299,97300.1,4857.66,493.206,14.6074
0.0329704,0,576.517,14.2226,0.965074,-353472,-7015.37,341.613,13.3024,97169,4858.63,493.255,14.6123
0.0329804,0,576.517,14.2284,0.965217,-353542,-7018.9,341.543,13.3058,97037.9,4859.6,493.303,14.6173
0.0329904,0,576.517,14.2341,0.965359,-353612,-7022.44,341.473,13.3093,96906.6,4860.57,493.352,14.6222
0.0330003,0,576.517,14.2399,0.965501,-353682,-7025.97,341.403,13.3127,96775.3,4861.54,493.401,14.6271
0.0330103,0,576.517,14.2457,0.965644,-353751,-7029.51,341.333,13.3161,96643.9,4862.51,493.449,14.6321
0.0330203,0,576.517,14.2514,0.965786,-353821,-7033.05,341.262,13.3195,96512.4,4863.47,493.498,14.637
0.0330303,0,576.517,14.2572,0.965929,-353891,-7036.59,341.192,13.3229,96380.9,4864.44,493.546,14.6419
0.0330403,0,576.517,14.263,0.966071,-353961,-7040.12,341.122,13.3263,96249.3,4865.4,493.595,14.6469
0.0330503,0,576.517,14.2687,0.966214,-354031,-7043.66,341.051,13.3297,96117.6,4866.36,493.644,14.6518
0.0330603,0,576.517,14.2745,0.966357,-354100,-7047.2,340.981,13.3331,95985.9,4867.32,493.692,14.6568
0.0330703,0,576.517,14.2802,0.966499,-354170,-7050.74,340.91,13.3366,95854,4868.28,493.741,14.6617
0.0330803,0,576.517,14.286,0.966642,-354240,-7054.29,340.84,13.34,95722.2,4869.24,493.79,14.6666
0.0330903,0,576.517,14.2918,0.966785,-354310,-7057.83,340.769,13.3434,95590.2,4870.2,493.838,14.6716
0.0331003,0,576.517,14.2975,0.966928,-354380,-7061.37,340.699,13.3468,95458.1,4871.15,493.887,14.6765
0.0331103,0,576.517,14.3033,0.967071,-354449,-7064.92,340.628,13.3502,95326,4872.11,493.936,14.6814
0.0331203,0,576.517,14.3091,0.967214,-354519,-7068.46,340.557,13.3536,95193.9,4873.06,493.985,14.6864
0.0331303,0,576.517,14.3148,0.967357,-354589,-7072,340.487,13.357,95061.6,4874.01,494.033,14.6913
0.0331403,0,576.517,14.3206,0.9675,-354659,-7075.55,340.416,13.3604,94929.3,4874.96,494.082,14.6963
0.0331503,0,576.517,14.3264,0.967643,-354729,-7079.1,340.345,13.3638,94796.9,4875.91,494.131,14.7012
0.0331603,0,576.517,14.3321,0.967787,-354798,-7082.64,340.274,13.3672,94664.4,4876.85,494.18,14.7062
0.0331703,0,576.517,14.3379,0.96793,-354868,-7086.19,340.203,13.3706,94531.9,4877.8,494.228,14.7111
0.0331803,0,576.517,14.3437,0.968073,-354938,-7089.74,340.133,13.374,94399.3,4878.74,494.277,14.716
0.0331903,0,576.517,14.3494,0.968217,-355008,-7093.29,340.062,13.3774,94266.6,4879.69,494.326,14.721
0.0332003,0,576.517,14.3552,0.96836,-355078,-7096.84,339.991,13.3808,94133.9,4880.63,494.375,14.7259
0.0332103,0,576.517,14.361,0.968504,-355147,-7100.39,339.92,13.3842,94001,4881.57,494.423,14.7309
0.0332203,0,576.517,14.3667,0.968648,-355217,-7103.94,339.849,13.3876,93868.2,4882.51,494.472,14.7358
0.0332303,0,576.517,14.3725,0.968791,-355287,-7107.49,339.778,13.391,93735.2,4883.45,494.521,14.7408
0.0332403,0,576.517,14.3782,0.968935,-355357,-7111.05,339.707,13.3944,93602.2,4884.38,494.57,14.7457
0.0332503,0,576.517,14.384,0.969079,-355426,-7114.6,339.635,13.3978,93469.1,4885.32,494.619,14.7506
0.0332603,0,576.517,14.3898,0.969223,-355496,-7118.15,339.564,13.4012,93335.9,4886.25,494.668,14.7556
0.0332703,0,576.517,14.3955,0.969367,-355566,-7121.71,339.493,13.4046,93202.6,4887.19,494.716,14.7605
0.0332803,0,576.517,14.4013,0.969511,-355636,-7125.27,339.422,13.408,93069.3,4888.12,494.765,14.7655
0.0332903,0,576.517,14.4071,0.969655,-355705,-7128.82,339.351,13.4114,92935.9,4889.05,494.814,14.7704
0.0333003,0,576.517,14.4128,0.969799,-355775,-7132.38,339.279,13.4148,92802.5,4889.98,494.863,14.7754
0.0333103,0,576.517,14.4186,0.969943,-355845,-7135.94,339.208,13.4182,92669,4890.9,494.912,14.7803
0.0333203,0,576.517,14.4244,0.970087,-355915,-7139.49,339.137,13.4216,92535.3,4891.83,494.961,14.7853
0.0333303,0,576.517,14.4301,0.970231,-355984,-7143.05,339.065,13.4249,92401.7,4892.75,495.01,14.7902
0.0333403,0,576.517,14.4359,0.970376,-356054,-7146.61,338.994,13.4283,92267.9,4893.68,495.059,14.7952
0.0333503,0,576.517,14.4417,0.97052,-356124,-7150.17,338.922,13.4317,92134.1,4894.6,495.108,14.8001
0.0333603,0,576.517,14.4474,0.970664,-356194,-7153.73,338.851,13.4351,92000.2,4895.52,495.157,14.8051
0.0333703,0,576.517,14.4532,0.970809,-356263,-7157.3,338.779,13.4385,91866.2,4896.44,495.206,14.81
0.0333803,0,576.517,14.4589,0.970953,-356333,-7160.86,338.708,13.4419,91732.2,4897.36,495.255,14.815
0.0333903,0,576.517,14.4647,0.971098,-356403,-7164.42,338.636,13.4453,91598.1,4898.27,495.304,14.8199
0.0334003,0,576.517,14.4705,0.971243,-356473,-7167.99,338.564,13.4487,91463.9,4899.19,495.353,14.8249
0.0334103,0,576.517,14.4762,0.971387,-356542,-7171.55,338.493,13.4521,91329.7,4900.1,495.401,14.8298
0.0334203,0,576.517,14.482,0.971532,-356612,-7175.12,338.421,13.4554,91195.3,4901.01,495.451,14.8348
0.0334303,0,576.517,14.4878,0.971677,-356682,-7178.68,338.349,13.4588,91060.9,4901.93,495.5,14.8398
0.0334403,0,576.517,14.4935,0.971822,-356751,-7182.25,338.277,13.4622,90926.5,4902.84,495.549,14.8447
0.0334503,0,576.517,14.4993,0.971967,-356821,-7185.82,338.206,13.4656,90791.9,4903.74,495.598,14.8497
0.0334603,0,576.517,14.5051,0.972112,-356891,-7189.38,338.134,13.469,90657.3,4904.65,495.647,14.8546
0.0334703,0,576.517,14.5108,0.972257,-356960,-7192.95,338.062,13.4723,90522.6,4905.56,495.696,14.8596
0.0334803,0,576.517,14.5166,0.972402,-357030,-7196.52,337.99,13.4757,90387.9,4906.46,495.745,14.8645
0.0334903,0,576.517,14.5224,0.972547,-357100,-7200.09,337.918,13.4791,90253.1,4907.36,495.794,14.8695
0.0335003,0,576.517,14.5281,0.972692,-357170,-7203.66,337.846,13.4825,90118.2,4908.27,495.843,14.8745
0.0335103,0,576.517,14.5339,0.972838,-357239,-7207.23,337.774,13.4859,89983.2,4909.17,495.892,14.8794
0.0335203,0,576.517,14.5396,0.972983,-357309,-7210.81,337.702,13.4892,89848.1,4910.07,495.941,14.8844
0.0335303,0,576.517,14.5454,0.973128,-357378,-7214.38,337.63,13.4926,89713,4910.96,495.99,14.8893
0.0335403,0,576.517,14.5512,0.973274,-357448,-7217.95,337.558,13.496,89577.9,4911.86,496.039,14.8943
0.0335503,0,576.517,14.5569,0.973419,-357518,-7221.53,337.485,13.4994,89442.6,4912.75,496.088,14.8993
0.0335603,0,576.517,14.5627,0.973565,-357588,-7225.1,337.413,13.5027,89307.3,4913.65,496.137,14.9042
0.0335703,0,576.517,14.5685,0.973711,-357657,-7228.68,337.341,13.5061,89171.9,4914.54,496.187,14.9092
0.0335803,0,576.517,14.5742,0.973856,-357727,-7232.25,337.269,13.5095,89036.4,4915.43,496.236,14.9141
0.0335903,0,576.517,14.58,0.974002,-357796,-7235.83,337.196,13.5129,88900.9,4916.32,496.285,14.9191
0.0336003,0,576.517,14.5858,0.974148,-357866,-7239.41,337.124,13.5162,88765.3,4917.21,496.334,14.9241
0.0336103,0,576.517,14.5915,0.974294,-357936,-7242.99,337.052,13.5196,88629.6,4918.1,496.383,14.929
0.0336203,0,576.517,14.5973,0.97444,-358005,-7246.57,336.979,13.523,88493.8,4918.98,496.432,14.934
0.0336303,0,576.517,14.6031,0.974586,-358075,-7250.15,336.907,13.5263,88358,4919.87,496.482,14.939
0.0336403,0,576.517,14.6088,0.974732,-358145,-7253.73,336.834,13.5297,88222,4920.75,496.531,14.9439
0.0336503,0,576.517,14.6146,0.974878,-358214,-7257.31,336.762,13.5331,88086.1,4921.63,496.58,14.9489
0.0336603,0,576.517,14.6203,0.975024,-358284,-7260.89,336.689,13.5364,87950,4922.51,496.629,14.9539
0.0336703,0,576.517,14.6261,0.97517,-358353,-7264.47,336.616,13.5398,87813.9,4923.39,496.678,14.9588
0.0336803,0,576.517,14.6319,0.975316,-358423,-7268.06,336.544,13.5432,87677.7,4924.27,496.728,14.9638
0.0336903,0,576.517,14.6376,0.975463,-358493,-7271.64,336.471,13.5465,87541.5,4925.14,496.777,14.9688
0.0337003,0,576.517,14.6434,0.975609,-358562,-7275.23,336.398,13.5499,87405.1,4926.02,496.826,14.9737
0.0337103,0,576.517,14.6492,0.975756,-358632,-7278.81,336.326,13.5533,87268.7,4926.89,496.875,14.9787
0.0337203,0,576.517,14.6549,0.975902,-358701,-7282.4,336.253,13.5566,87132.2,4927.76,496.925,14.9837
0.0337303,0,576.517,14.6607,0.976049,-358771,-7285.98,336.18,13.56,86995.7,4928.63,496.974,14.9886
0.0337403,0,576.517,14.6665,0.976195,-358840,-7289.57,336.107,13.5634,86859,4929.5,497.023,14.9936
0.0337503,0,576.517,14.6722,0.976342,-358910,-7293.16,336.034,13.5667,86722.3,4930.37,497.073,14.9986
0.0337602,0,576.517,14.678,0.976489,-358980,-7296.75,335.961,13.5701,86585.6,4931.24,497.122,15.0035
0.0337702,0,576.517,14.6838,0.976635,-359049,-7300.34,335.888,13.5734,86448.7,4932.1,497.171,15.0085
0.0337802,0,576.517,14.6895,0.976782,-359119,-7303.93,335.815,13.5768,86311.8,4932.96,497.22,15.0135
0.0337902,0,576.517,14.6953,0.976929,-359188,-7307.52,335.742,13.5802,86174.8,4933.83,497.27,15.0185
0.0338002,0,576.517,14.701,0.977076,-359258,-7311.11,335.669,13.5835,86037.8,4934.69,497.319,15.0234
0.0338102,0,576.517,14.7068,0.977223,-359327,-7314.71,335.596,13.5869,85900.6,4935.55,497.368,15.0284
0.0338202,0,576.517,14.7126,0.97737,-359397,-7318.3,335.523,13.5902,85763.4,4936.41,497.418,15.0334
0.0338302,0,576.517,14.7183,0.977517,-359466,-7321.89,335.45,13.5936,85626.2,4937.26,497.467,15.0384
0.0338402,0,576.517,14.7241,0.977665,-359536,-7325.49,335.376,13.5969,85488.8,4938.12,497.517,15.0433
0.0338502,0,576.517,14.7299,0.977812,-359605,-7329.08,335.303,13.6003,85351.4,4938.97,497.566,15.0483
0.0338602,0,576.517,14.7356,0.977959,-359675,-7332.68,335.23,13.6036,85213.9,4939.83,497.615,15.0533
0.0338702,0,576.517,14.7414,0.978106,-359744,-7336.27,335.156,13.607,85076.3,4940.68,497.665,15.0583
0.0338802,0,576.517,14.7472,0.978254,-359814,-7339.87,335.083,13.6103,84938.6,4941.53,497.714,15.0632
0.0338902,0,576.517,14.7529,0.978401,-359883,-7343.47,335.01,13.6137,84801,4942.37,497.763,15.0682
0.0339002,0,576.517,14.7587,0.978549,-359953,-7347.07,334.936,13.617,84663.2,4943.22,497.813,15.0732
0.0339102,0,576.517,14.7645,0.978697,-360022,-7350.67,334.863,13.6204,84525.3,4944.07,497.862,15.0782
0.0339202,0,576.517,14.7702,0.978844,-360092,-7354.27,334.789,13.6237,84387.4,4944.91,497.912,15.0831
0.0339302,0,576.517,14.776,0.978992,-360161,-7357.87,334.716,13.6271,84249.4,4945.76,497.961,15.0881
0.0339402,0,576.517,14.7818,0.97914,-360231,-7361.47,334.642,13.6304,84111.3,4946.6,498.011,15.0931
0.0339502,0,576.517,14.7875,0.979288,-360300,-7365.07,334.568,13.6338,83973.2,4947.44,498.06,15.0981
0.0339602,0,576.517,14.7933,0.979435,-360370,-7368.67,334.495,13.6371,83835,4948.28,498.11,15.1031
0.0339702,0,576.517,14.799,0.979583,-360439,-7372.28,334.421,13.6405,83696.7,4949.11,498.159,15.108
0.0339802,0,576.517,14.8048,0.979731,-360509,-7375.88,334.347,13.6438,83558.3,4949.95,498.209,15.113
0.0339902,0,576.517,14.8106,0.979879,-360578,-7379.49,334.274,13.6472,83419.9,4950.78,498.258,15.118
0.0340002,0,576.517,14.8163,0.980027,-360648,-7383.09,334.2,13.6505,83281.3,4951.62,498.308,15.123
0.0340102,0,576.517,14.8221,0.980176,-360717,-7386.7,334.126,13.6538,83142.8,4952.45,498.357,15.128
0.0340202,0,576.517,14.8279,0.980324,-360786,-7390.31,334.052,13.6572,83004.1,4953.28,498.407,15.133
0.0340302,0,576.517,14.8336,0.980472,-360856,-7393.92,333.978,13.6605,82865.4,4954.11,498.456,15.1379
0.0340402,0,576.517,14.8394,0.980621,-360925,-7397.52,333.904,13.6639,82726.6,4954.94,498.506,15.1429
0.0340502,0,576.517,14.8452,0.980769,-360994,-7401.13,333.83,13.6672,82587.7,4955.76,498.555,15.1479
0.0340602,0,576.517,14.8509,0.980917,-361064,-7404.74,333.756,13.6705,82448.8,4956.59,498.605,15.1529
0.0340702,0,576.517,14.8567,0.981066,-361133,-7408.35,333.682,13.6739,82309.8,4957.41,498.654,15.1579
0.0340802,0,576.517,14.8625,0.981214,-361203,-7411.96,333.608,13.6772,82170.7,4958.24,498.704,15.1629
0.0340902,0,576.517,14.8682,0.981363,-361272,-7415.58,333.534,13.6805,82031.5,4959.06,498.754,15.1679
0.0341002,0,576.517,14.874,0.981512,-361341,-7419.19,333.46,13.6839,81892.3,4959.88,498.803,15.1728
0.0341102,0,576.517,14.8797,0.981661,-361411,-7422.8,333.386,13.6872,81752.9,4960.69,498.853,15.1778
0.0341202,0,576.517,14.8855,0.981809,-361480,-7426.42,333.311,13.6906,81613.5,4961.51,498.902,15.1828
0.0341302,0,576.517,14.8913,0.981958,-361549,-7430.03,333.237,13.6939,81474.1,4962.33,498.952,15.1878
0.0341402,0,576.517,14.897,0.982107,-361619,-7433.65,333.163,13.6972,81334.6,4963.14,499.002,15.1928
0.0341502,0,576.517,14.9028,0.982256,-361688,-7437.26,333.088,13.7005,81195,4963.95,499.051,15.1978
0.0341602,0,576.517,14.9086,0.982405,-361757,-7440.88,333.014,13.7039,81055.3,4964.76,499.101,15.2028
0.0341702,0,576.517,14.9143,0.982554,-361827,-7444.5,332.94,13.7072,80915.6,4965.57,499.15,15.2078
0.0341802,0,576.517,14.9201,0.982703,-361896,-7448.11,332.865,13.7105,80775.8,4966.38,499.2,15.2128
0.0341902,0,576.517,14.9259,0.982853,-361965,-7451.73,332.791,13.7139,80635.9,4967.19,499.25,15.2178
0.0342002,0,576.517,14.9316,0.983002,-362035,-7455.35,332.716,13.7172,80495.9,4967.99,499.299,15.2228
0.0342102,0,576.517,14.9374,0.983151,-362104,-7458.97,332.642,13.7205,80355.9,4968.8,499.349,15.2277
0.0342202,0,576.517,14.9432,0.983301,-362173,-7462.59,332.567,13.7238,80215.7,4969.6,499.399,15.2327
0.0342302,0,576.517,14.9489,0.98345,-362243,-7466.22,332.492,13.7272,80075.6,4970.4,499.449,15.2377
0.0342402,0,576.517,14.9547,0.9836,-362312,-7469.84,332.418,13.7305,79935.3,4971.2,499.498,15.2427
0.0342502,0,576.517,14.9604,0.983749,-362381,-7473.46,332.343,13.7338,79795,4972,499.548,15.2477
0.0342602,0,576.517,14.9662,0.983899,-362450,-7477.08,332.268,13.7371,79654.6,4972.8,499.598,15.2527
0.0342702,0,576.517,14.972,0.984048,-362520,-7480.71,332.194,13.7405,79514.1,4973.59,499.647,15.2577
0.0342802,0,576.517,14.9777,0.984198,-362589,-7484.33,332.119,13.7438,79373.6,4974.39,499.697,15.2627
0.0342902,0,576.517,14.9835,0.984348,-362658,-7487.96,332.044,13.7471,79232.9,4975.18,499.747,15.2677
0.0343002,0,576.517,14.9893,0.984498,-362727,-7491.59,331.969,13.7504,79092.2,4975.97,499.797,15.2727
0.0343102,0,576.517,14.995,0.984648,-362796,-7495.21,331.894,13.7537,78951.4,4976.76,499.846,15.2777
0.0343202,0,576.517,15.0008,0.984798,-362866,-7498.84,331.819,13.7571,78810.6,4977.55,499.896,15.2827
0.0343302,0,576.517,15.0066,0.984948,-362935,-7502.47,331.744,13.7604,78669.7,4978.34,499.946,15.2877
0.0343402,0,576.517,15.0123,0.985098,-363004,-7506.1,331.669,13.7637,78528.7,4979.12,499.996,15.2927
0.0343502,0,576.517,15.0181,0.985248,-363073,-7509.73,331.594,13.767,78387.6,4979.91,500.045,15.2977
0.0343602,0,576.517,15.0239,0.985398,-363142,-7513.36,331.519,13.7703,78246.5,4980.69,500.095,15.3027
0.0343702,0,576.517,15.0296,0.985548,-363212,-7516.99,331.444,13.7736,78105.3,4981.47,500.145,15.3077
0.0343802,0,576.517,15.0354,0.985699,-363281,-7520.62,331.368,13.777,77964,4982.25,500.195,15.3127
0.0343902,0,576.517,15.0412,0.985849,-363350,-7524.26,331.293,13.7803,77822.7,4983.03,500.245,15.3177
0.0344002,0,576.517,15.0469,0.985999,-363419,-7527.89,331.218,13.7836,77681.2,4983.81,500.294,15.3227
0.0344102,0,576.517,15.0527,0.98615,-363488,-7531.52,331.143,13.7869,77539.8,4984.59,500.344,15.3277
0.0344202,0,576.517,15.0584,0.9863,-363557,-7535.16,331.067,13.7902,77398.2,4985.36,500.394,15.3327
0.0344302,0,576.517,15.0642,0.986451,-363626,-7538.79,330.992,13.7935,77256.5,4986.13,500.444,15.3377
0.0344402,0,576.517,15.07,0.986602,-363696,-7542.43,330.917,13.7968,77114.8,4986.91,500.494,15.3427
0.0344502,0,576.517,15.0757,0.986752,-363765,-7546.07,330.841,13.8001,76973,4987.68,500.544,15.3477
0.0344602,0,576.517,15.0815,0.986903,-363834,-7549.7,330.766,13.8034,76831.1,4988.44,500.594,15.3527
0.0344702,0,576.517,15.0873,0.987054,-363903,-7553.34,330.69,13.8068,76689.2,4989.21,500.643,15.3577
0.0344802,0,576.517,15.093,0.987205,-363972,-7556.98,330.615,13.8101,76547.2,4989.98,500.693,15.3628
0.0344902,0,576.517,15.0988,0.987356,-364041,-7560.62,330.539,13.8134,76405.1,4990.74,500.743,15.3678
0.0345002,0,576.517,15.1046,0.987507,-364110,-7564.26,330.464,13.8167,76262.9,4991.51,500.793,15.3728
0.0345102,0,576.517,15.1103,0.987658,-364179,-7567.9,330.388,13.82,76120.7,4992.27,500.843,15.3778
0.0345201,0,576.517,15.1161,0.987809,-364248,-7571.54,330.312,13.8233,75978.4,4993.03,500.893,15.3828
0.0345301,0,576.517,15.1219,0.98796,-364317,-7575.19,330.237,13.8266,75836,4993.79,500.943,15.3878
0.0345401,0,576.517,15.1276,0.988111,-364386,-7578.83,330.161,13.8299,75693.6,4994.55,500.993,15.3928
0.0345501,0,576.517,15.1334,0.988263,-364455,-7582.47,330.085,13.8332,75551.1,4995.3,501.043,15.3978
0.0345601,0,576.517,15.1391,0.988414,-364524,-7586.12,330.009,13.8365,75408.4,4996.06,501.093,15.4028
0.0345701,0,576.517,15.1449,0.988565,-364593,-7589.76,329.933,13.8398,75265.8,4996.81,501.143,15.4078
0.0345801,0,576.517,15.1507,0.988717,-364662,-7593.41,329.857,13.8431,75123,4997.56,501.193,15.4128
0.0345901,0,576.517,15.1564,0.988868,-364731,-7597.05,329.781,13.8464,74980.2,4998.31,501.243,15.4179
0.0346001,0,576.517,15.1622,0.98902,-364800,-7600.7,329.705,13.8497,74837.3,4999.06,501.293,15.4229
0.0346101,0,576.517,15.168,0.989172,-364869,-7604.35,329.629,13.853,74694.3,4999.81,501.343,15.4279
0.0346201,0,576.517,15.1737,0.989323,-364938,-7608,329.553,13.8563,74551.3,5000.55,501.393,15.4329
0.0346301,0,576.517,15.1795,0.989475,-365007,-7611.65,329.477,13.8596,74408.2,5001.3,501.443,15.4379
0.0346401,0,576.517,15.1853,0.989627,-365076,-7615.3,329.401,13.8629,74265,5002.04,501.493,15.4429
0.0346501,0,576.517,15.191,0.989779,-365145,-7618.95,329.325,13.8662,74121.7,5002.78,501.543,15.4479
0.0346601,0,576.517,15.1968,0.989931,-365214,-7622.6,329.249,13.8694,73978.4,5003.52,501.593,15.453
0.0346701,0,576.517,15.2026,0.990083,-365283,-7626.25,329.173,13.8727,73835,5004.26,501.643,15.458
0.0346801,0,576.517,15.2083,0.990234,-365352,-7629.9,329.096,13.876,73691.5,5005,501.693,15.463
0.0346901,0,576.517,15.2141,0.990387,-365421,-7633.56,329.02,13.8793,73547.9,5005.74,501.743,15.468
0.0347001,0,576.517,15.2198,0.990539,-365490,-7637.21,328.944,13.8826,73404.3,5006.47,501.793,15.473
0.0347101,0,576.517,15.2256,0.990691,-365559,-7640.87,328.867,13.8859,73260.6,5007.2,501.843,15.478
0.0347201,0,576.517,15.2314,0.990843,-365627,-7644.52,328.791,13.8892,73116.8,5007.94,501.893,15.4831
0.0347301,0,576.517,15.2371,0.990996,-365696,-7648.18,328.714,13.8925,72973,5008.67,501.943,15.4881
0.0347401,0,576.517,15.2429,0.991148,-365765,-7651.83,328.638,13.8958,72829.1,5009.4,501.993,15.4931
0.0347501,0,576.517,15.2487,0.9913,-365834,-7655.49,328.561,13.899,72685.1,5010.12,502.043,15.4981
0.0347601,0,576.517,15.2544,0.991453,-365903,-7659.15,328.485,13.9023,72541,5010.85,502.093,15.5031
0.0347701,0,576.517,15.2602,0.991605,-365972,-7662.81,328.408,13.9056,72396.8,5011.57,502.143,15.5082
0.0347801,0,576.517,15.266,0.991758,-366040,-7666.47,328.332,13.9089,72252.6,5012.3,502.194,15.5132
0.0347901,0,576.517,15.2717,0.991911,-366109,-7670.13,328.255,13.9122,72108.3,5013.02,502.244,15.5182
0.0348001,0,576.517,15.2775,0.992063,-366178,-7673.79,328.178,13.9155,71964,5013.74,502.294,15.5232
0.0348101,0,576.517,15.2833,0.992216,-366247,-7677.45,328.101,13.9187,71819.5,5014.46,502.344,15.5283
0.0348201,0,576.517,15.289,0.992369,-366316,-7681.11,328.025,13.922,71675,5015.18,502.394,15.5333
0.0348301,0,576.517,15.2948,0.992522,-366384,-7684.78,327.948,13.9253,71530.4,5015.89,502.444,15.5383
0.0348401,0,576.517,15.3005,0.992675,-366453,-7688.44,327.871,13.9286,71385.7,5016.61,502.494,15.5433
0.0348501,0,576.517,15.3063,0.992828,-366522,-7692.1,327.794,13.9319,71241,5017.32,502.545,15.5484
0.0348601,0,576.517,15.3121,0.992981,-366591,-7695.77,327.717,13.9351,71096.2,5018.03,502.595,15.5534
0.0348701,0,576.517,15.3178,0.993134,-366659,-7699.44,327.64,13.9384,70951.3,5018.74,502.645,15.5584
0.0348801,0,576.517,15.3236,0.993287,-366728,-7703.1,327.563,13.9417,70806.3,5019.45,502.695,15.5634
0.0348901,0,576.517,15.3294,0.993441,-366797,-7706.77,327.486,13.945,70661.3,5020.16,502.745,15.5685
0.0349001,0,576.517,15.3351,0.993594,-366866,-7710.44,327.409,13.9482,70516.2,5020.86,502.796,15.5735
0.0349101,0,576.517,15.3409,0.993747,-366934,-7714.1,327.332,13.9515,70371,5021.57,502.846,15.5785
0.0349201,0,576.517,15.3467,0.993901,-367003,-7717.77,327.255,13.9548,70225.8,5022.27,502.896,15.5835
0.0349301,0,576.517,15.3524,0.994054,-367072,-7721.44,327.178,13.9581,70080.5,5022.97,502.946,15.5886
0.0349401,0,576.517,15.3582,0.994208,-367140,-7725.11,327.1,13.9613,69935,5023.67,502.996,15.5936
0.0349501,0,576.517,15.364,0.994361,-367209,-7728.79,327.023,13.9646,69789.6,5024.37,503.047,15.5986
0.0349601,0,576.517,15.3697,0.994515,-367278,-7732.46,326.946,13.9679,69644,5025.07,503.097,15.6037
0.0349701,0,576.517,15.3755,0.994669,-367346,-7736.13,326.868,13.9711,69498.4,5025.76,503.147,15.6087
0.0349801,0,576.517,15.3812,0.994822,-367415,-7739.8,326.791,13.9744,69352.7,5026.46,503.197,15.6137
0.0349901,0,576.517,15.387,0.994976,-367483,-7743.48,326.714,13.9777,69206.9,5027.15,503.248,15.6188
0.0350001,0,576.517,15.3928,0.99513,-367552,-7747.15,326.636,13.9809,69061,5027.84,503.298,15.6238
0.0350101,0,576.517,15.3985,0.995284,-367621,-7750.83,326.559,13.9842,68915.1,5028.53,503.348,15.6288
0.0350201,0,576.517,15.4043,0.995438,-367689,-7754.5,326.481,13.9875,68769.1,5029.22,503.398,15.6339
0.0350301,0,576.517,15.4101,0.995592,-367758,-7758.18,326.404,13.9907,68623.1,5029.91,503.449,15.6389
0.0350401,0,576.517,15.4158,0.995746,-367826,-7761.86,326.326,13.994,68476.9,5030.59,503.499,15.6439
0.0350501,0,576.517,15.4216,0.9959,-367895,-7765.54,326.249,13.9973,68330.7,5031.27,503.549,15.649
0.0350601,0,576.517,15.4274,0.996055,-367963,-7769.22,326.171,14.0005,68184.4,5031.96,503.6,15.654
0.0350701,0,576.517,15.4331,0.996209,-368032,-7772.89,326.093,14.0038,68038.1,5032.64,503.65,15.659
0.0350801,0,576.517,15.4389,0.996363,-368100,-7776.58,326.015,14.0071,67891.6,5033.32,503.7,15.6641
0.0350901,0,576.517,15.4447,0.996518,-368169,-7780.26,325.938,14.0103,67745.1,5034,503.751,15.6691
0.0351001,0,576.517,15.4504,0.996672,-368237,-7783.94,325.86,14.0136,67598.5,5034.67,503.801,15.6741
0.0351101,0,576.517,15.4562,0.996827,-368306,-7787.62,325.782,14.0168,67451.8,5035.35,503.851,15.6792
0.0351201,0,576.517,15.462,0.996981,-368374,-7791.3,325.704,14.0201,67305.1,5036.02,503.902,15.6842
0.0351301,0,576.517,15.4677,0.997136,-368443,-7794.99,325.626,14.0233,67158.3,5036.69,503.952,15.6893
0.0351401,0,576.517,15.4735,0.99729,-368511,-7798.67,325.548,14.0266,67011.4,5037.36,504.002,15.6943
0.0351501,0,576.517,15.4792,0.997445,-368580,-7802.35,325.47,14.0299,66864.5,5038.03,504.053,15.6993
0.0351601,0,576.517,15.485,0.9976,-368648,-7806.04,325.392,14.0331,66717.4,5038.7,504.103,15.7044
0.0351701,0,576.517,15.4908,0.997755,-368717,-7809.73,325.314,14.0364,66570.3,5039.37,504.153,15.7094
0.0351801,0,576.517,15.4965,0.99791,-368785,-7813.41,325.236,14.0396,66423.1,5040.03,504.204,15.7145
0.0351901,0,576.517,15.5023,0.998065,-368853,-7817.1,325.158,14.0429,66275.8,5040.7,504.254,15.7195
0.0352001,0,576.517,15.5081,0.99822,-368922,-7820.79,325.08,14.0461,66128.5,5041.36,504.305,15.7246
0.0352101,0,576.517,15.5138,0.998375,-368990,-7824.48,325.001,14.0494,65981.1,5042.02,504.355,15.7296
0.0352201,0,576.517,15.5196,0.99853,-369058,-7828.17,324.923,14.0526,65833.7,5042.68,504.405,15.7346
0.0352301,0,576.517,15.5254,0.998685,-369127,-7831.86,324.845,14.0559,65686.1,5043.33,504.456,15.7397
0.0352401,0,576.517,15.5311,0.99884,-369195,-7835.55,324.767,14.0591,65538.5,5043.99,504.506,15.7447
0.0352501,0,576.517,15.5369,0.998996,-369263,-7839.24,324.688,14.0624,65390.7,5044.65,504.557,15.7498
0.0352601,0,576.517,15.5427,0.999151,-369332,-7842.93,324.61,14.0656,65243,5045.3,504.607,15.7548
0.0352701,0,576.517,15.5484,0.999307,-369400,-7846.63,324.531,14.0689,65095.1,5045.95,504.658,15.7599
0.03528,0,576.517,15.5542,0.999462,-369468,-7850.32,324.453,14.0721,64947.2,5046.6,504.708,15.7649
0.03529,0,576.517,15.5599,0.999618,-369537,-7854.02,324.374,14.0753,64799.2,5047.25,504.759,15.77
0.0353,0,576.517,15.5657,0.999773,-369605,-7857.71,324.296,14.0786,64651.1,5047.9,504.809,15.775
0.03531,0,576.517,15.5715,0.999929,-369673,-7861.41,324.217,14.0818,64503,5048.54,504.859,15.7801
0.03532,0,576.517,15.5772,1.00008,-369741,-7865.1,324.139,14.0851,64354.7,5049.19,504.91,15.7851
0.03533,0,576.517,15.583,1.00024,-369810,-7868.8,324.06,14.0883,64206.4,5049.83,504.961,15.7902
0.03534,0,576.517,15.5888,1.0004,-369878,-7872.5,323.981,14.0916,64058.1,5050.47,505.011,15.7952
0.03535,0,576.517,15.5945,1.00055,-369946,-7876.2,323.903,14.0948,63909.6,5051.11,505.061,15.8003
0.03536,0,576.517,15.6003,1.00071,-370014,-7879.9,323.824,14.098,63761.1,5051.75,505.112,15.8053
0.03537,0,576.517,15.6061,1.00086,-370082,-7883.6,323.745,14.1013,63612.5,5052.38,505.162,15.8104
0.03538,0,576.517,15.6118,1.00102,-370151,-7887.3,323.666,14.1045,63463.8,5053.02,505.213,15.8154
0.03539,0,576.517,15.6176,1.00118,-370219,-7891,323.587,14.1077,63315.1,5053.65,505.264,15.8205
0.0354,0,576.517,15.6234,1.00133,-370287,-7894.7,323.508,14.111,63166.3,5054.29,505.314,15.8255
0.03541,0,576.517,15.6291,1.00149,-370355,-7898.4,323.429,14.1142,63017.4,5054.92,505.365,15.8306
0.03542,0,576.517,15.6349,1.00164,-370423,-7902.11,323.35,14.1174,62868.4,5055.55,505.415,15.8356
0.03543,0,576.517,15.6406,1.0018,-370491,-7905.81,323.271,14.1207,62719.3,5056.17,505.466,15.8407
0.03544,0,576.517,15.6464,1.00196,-370559,-7909.52,323.192,14.1239,62570.2,5056.8,505.516,15.8457
0.03545,0,576.517,15.6522,1.00211,-370627,-7913.22,323.113,14.1271,62421,5057.42,505.567,15.8508
0.03546,0,576.517,15.6579,1.00227,-370695,-7916.93,323.034,14.1304,62271.8,5058.05,505.617,15.8558
0.03547,0,576.517,15.6637,1.00243,-370764,-7920.63,322.955,14.1336,62122.4,5058.67,505.668,15.8609
0.03548,0,576.517,15.6695,1.00258,-370832,-7924.34,322.876,14.1368,61973,5059.29,505.719,15.866
0.03549,0,576.517,15.6752,1.00274,-370900,-7928.05,322.796,14.1401,61823.5,5059.91,505.769,15.871
0.0355,0,576.517,15.681,1.0029,-370968,-7931.76,322.717,14.1433,61673.9,5060.53,505.82,15.8761
0.03551,0,576.517,15.6868,1.00305,-371036,-7935.47,322.638,14.1465,61524.3,5061.14,505.87,15.8811
0.03552,0,576.517,15.6925,1.00321,-371104,-7939.18,322.558,14.1497,61374.5,5061.76,505.921,15.8862
0.03553,0,576.517,15.6983,1.00337,-371172,-7942.89,322.479,14.153,61224.7,5062.37,505.972,15.8912
0.03554,0,576.517,15.7041,1.00353,-371240,-7946.6,322.4,14.1562,61074.9,5062.98,506.022,15.8963
0.03555,0,576.517,15.7098,1.00368,-371308,-7950.31,322.32,14.1594,60924.9,5063.59,506.073,15.9014
0.03556,0,576.517,15.7156,1.00384,-371376,-7954.03,322.241,14.1626,60774.9,5064.2,506.123,15.9064
0.03557,0,576.517,15.7213,1.004,-371443,-7957.74,322.161,14.1659,60624.8,5064.81,506.174,15.9115
0.03558,0,576.517,15.7271,1.00415,-371511,-7961.45,322.082,14.1691,60474.7,5065.41,506.225,15.9166
0.03559,0,576.517,15.7329,1.00431,-371579,-7965.17,322.002,14.1723,60324.4,5066.02,506.275,15.9216
0.0356,0,576.517,15.7386,1.00447,-371647,-7968.89,321.922,14.1755,60174.1,5066.62,506.326,15.9267
0.03561,0,576.517,15.7444,1.00463,-371715,-7972.6,321.843,14.1787,60023.7,5067.22,506.377,15.9317
0.03562,0,576.517,15.7502,1.00478,-371783,-7976.32,321.763,14.182,59873.2,5067.82,506.427,15.9368
0.03563,0,576.517,15.7559,1.00494,-371851,-7980.04,321.683,14.1852,59722.7,5068.42,506.478,15.9419
0.03564,0,576.517,15.7617,1.0051,-371919,-7983.75,321.603,14.1884,59572.1,5069.01,506.529,15.9469
0.03565,0,576.517,15.7675,1.00526,-371986,-7987.47,321.523,14.1916,59421.4,5069.61,506.579,15.952
0.03566,0,576.517,15.7732,1.00541,-372054,-7991.19,321.443,14.1948,59270.6,5070.2,506.63,15.9571
0.03567,0,576.517,15.779,1.00557,-372122,-7994.91,321.364,14.198,59119.7,5070.79,506.681,15.9621
0.03568,0,576.517,15.7848,1.00573,-372190,-7998.63,321.284,14.2013,58968.8,5071.38,506.732,15.9672
0.03569,0,576.517,15.7905,1.00589,-372258,-8002.36,321.204,14.2045,58817.9,5071.97,506.782,15.9723
0.0357,0,576.517,15.7963,1.00604,-372325,-8006.08,321.124,14.2077,58666.8,5072.56,506.833,15.9773
0.03571,0,576.517,15.8021,1.0062,-372393,-8009.8,321.044,14.2109,58515.7,5073.15,506.884,15.9824
0.03572,0,576.517,15.8078,1.00636,-372461,-8013.53,320.963,14.2141,58364.4,5073.73,506.934,15.9875
0.03573,0,576.517,15.8136,1.00652,-372528,-8017.25,320.883,14.2173,58213.1,5074.31,506.985,15.9925
0.03574,0,576.517,15.8193,1.00668,-372596,-8020.98,320.803,14.2205,58061.7,5074.89,507.036,15.9976
0.03575,0,576.517,15.8251,1.00684,-372664,-8024.7,320.723,14.2237,57910.3,5075.47,507.087,16.0027
0.03576,0,576.517,15.8309,1.00699,-372732,-8028.43,320.643,14.2269,57758.8,5076.05,507.137,16.0078
0.03577,0,576.517,15.8366,1.00715,-372799,-8032.15,320.562,14.2301,57607.2,5076.63,507.188,16.0128
0.03578,0,576.517,15.8424,1.00731,-372867,-8035.88,320.482,14.2333,57455.5,5077.2,507.239,16.0179
0.03579,0,576.517,15.8482,1.00747,-372934,-8039.61,320.402,14.2365,57303.8,5077.78,507.29,16.023
0.0358,0,576.517,15.8539,1.00763,-373002,-8043.34,320.321,14.2397,57152,5078.35,507.34,16.028
0.03581,0,576.517,15.8597,1.00779,-373070,-8047.07,320.241,14.243,57000.1,5078.92,507.391,16.0331
0.03582,0,576.517,15.8655,1.00794,-373137,-8050.8,320.16,14.2462,56848.1,5079.49,507.442,16.0382
0.03583,0,576.517,15.8712,1.0081,-373205,-8054.53,320.08,14.2494,56696,5080.06,507.493,16.0433
0.03584,0,576.517,15.877,1.00826,-373272,-8058.26,319.999,14.2526,56543.9,5080.62,507.544,16.0483
0.03585,0,576.517,15.8828,1.00842,-373340,-8062,319.919,14.2558,56391.7,5081.19,507.594,16.0534
0.03586,0,576.517,15.8885,1.00858,-373407,-8065.73,319.838,14.259,56239.4,5081.75,507.645,16.0585
0.03587,0,576.517,15.8943,1.00874,-373475,-8069.46,319.757,14.2622,56087.1,5082.31,507.696,16.0636
0.03588,0,576.517,15.9,1.0089,-373542,-8073.2,319.677,14.2653,55934.7,5082.87,507.747,16.0686
0.03589,0,576.517,15.9058,1.00906,-373610,-8076.93,319.596,14.2685,55782.2,5083.43,507.798,16.0737
0.0359,0,576.517,15.9116,1.00922,-373677,-8080.67,319.515,14.2717,55629.6,5083.99,507.848,16.0788
0.03591,0,576.517,15.9173,1.00937,-373745,-8084.41,319.434,14.2749,55477,5084.54,507.899,16.0839
0.03592,0,576.517,15.9231,1.00953,-373812,-8088.14,319.353,14.2781,55324.2,5085.1,507.95,16.089
0.03593,0,576.517,15.9289,1.00969,-373880,-8091.88,319.273,14.2813,55171.4,5085.65,508.001,16.094
0.03594,0,576.517,15.9346,1.00985,-373947,-8095.62,319.192,14.2845,55018.6,5086.2,508.052,16.0991
0.03595,0,576.517,15.9404,1.01001,-374014,-8099.36,319.111,14.2877,54865.6,5086.75,508.103,16.1042
0.03596,0,576.517,15.9462,1.01017,-374082,-8103.1,319.03,14.2909,54712.6,5087.3,508.154,16.1093
0.03597,0,576.517,15.9519,1.01033,-374149,-8106.84,318.949,14.2941,54559.5,5087.85,508.204,16.1144
0.03598,0,576.517,15.9577,1.01049,-374217,-8110.58,318.868,14.2973,54406.3,5088.39,508.255,16.1194
0.03599,0,576.517,15.9635,1.01065,-374284,-8114.32,318.786,14.3005,54253.1,5088.93,508.306,16.1245
0.036,0,576.517,15.9692,1.01081,-374351,-8118.07,318.705,14.3037,54099.7,5089.47,508.357,16.1296
0.03601,0,576.517,15.975,1.01097,-374419,-8121.81,318.624,14.3068,53946.3,5090.01,508.408,16.1347
0.03602,0,576.517,15.9807,1.01113,-374486,-8125.55,318.543,14.31,53792.8,5090.55,508.459,16.1398
0.0360299,0,576.517,15.9865,1.01129,-374553,-8129.3,318.462,14.3132,53639.3,5091.09,508.51,16.1449
0.0360399,0,576.517,15.9923,1.01145,-374620,-8133.04,318.38,14.3164,53485.6,5091.63,508.561,16.15
0.0360499,0,576.517,15.998,1.01161,-374688,-8136.79,318.299,14.3196,53332,5092.16,508.612,16.155
0.0360599,0,576.517,16.0038,1.01177,-374755,-8140.54,318.218,14.3228,53178.2,5092.69,508.663,16.1601
0.0360699,0,576.517,16.0096,1.01193,-374822,-8144.28,318.136,14.3259,53024.3,5093.22,508.713,16.1652
0.0360799,0,576.517,16.0153,1.01209,-374889,-8148.03,318.055,14.3291,52870.4,5093.75,508.764,16.1703
0.0360899,0,576.517,16.0211,1.01225,-374956,-8151.78,317.973,14.3323,52716.4,5094.28,508.815,16.1754
0.0360999,0,576.517,16.0269,1.01241,-375024,-8155.53,317.892,14.3355,52562.3,5094.81,508.866,16.1805
0.0361099,0,576.517,16.0326,1.01257,-375091,-8159.28,317.81,14.3387,52408.2,5095.33,508.917,16.1856
0.0361199,0,576.517,16.0384,1.01273,-375158,-8163.03,317.729,14.3418,52253.9,5095.85,508.968,16.1907
0.0361299,0,576.517,16.0442,1.01289,-375225,-8166.78,317.647,14.345,52099.7,5096.38,509.019,16.1957
0.0361399,0,576.517,16.0499,1.01305,-375292,-8170.53,317.565,14.3482,51945.2,5096.9,509.07,16.2008
0.0361499,0,576.517,16.0557,1.01321,-375359,-8174.29,317.484,14.3514,51790.8,5097.42,509.121,16.2059
0.0361599,0,576.517,16.0614,1.01337,-375426,-8178.04,317.402,14.3545,51636.2,5097.93,509.172,16.211
0.0361699,0,576.517,16.0672,1.01353,-375493,-8181.79,317.32,14.3577,51481.6,5098.45,509.223,16.2161
0.0361799,0,576.517,16.073,1.01369,-375560,-8185.55,317.238,14.3609,51327,5098.96,509.274,16.2212
0.0361899,0,576.517,16.0787,1.01385,-375627,-8189.3,317.156,14.3641,51172.2,5099.48,509.325,16.2263
0.0361999,0,576.517,16.0845,1.01401,-375694,-8193.06,317.074,14.3672,51017.3,5099.99,509.376,16.2314
0.0362099,0,576.517,16.0903,1.01417,-375761,-8196.82,316.993,14.3704,50862.5,5100.5,509.427,16.2365
0.0362199,0,576.517,16.096,1.01434,-375828,-8200.57,316.91,14.3736,50707.4,5101,509.478,16.2416
0.0362299,0,576.517,16.1018,1.0145,-375895,-8204.33,316.828,14.3767,50552.3,5101.51,509.529,16.2467
0.0362399,0,576.517,16.1076,1.01466,-375962,-8208.09,316.746,14.3799,50397.2,5102.01,509.58,16.2518
0.0362499,0,576.517,16.1133,1.01482,-376029,-8211.85,316.664,14.3831,50242,5102.52,509.631,16.2569
0.0362599,0,576.517,16.1191,1.01498,-376096,-8215.61,316.582,14.3862,50086.8,5103.02,509.682,16.262
0.0362699,0,576.517,16.1249,1.01514,-376163,-8219.37,316.5,14.3894,49931.3,5103.52,509.733,16.2671
0.0362799,0,576.517,16.1306,1.0153,-376230,-8223.13,316.418,14.3926,49775.9,5104.02,509.784,16.2722
0.0362899,0,576.517,16.1364,1.01546,-376297,-8226.9,316.336,14.3957,49620.3,5104.51,509.835,16.2773
0.0362999,0,576.517,16.1422,1.01562,-376364,-8230.66,316.253,14.3989,49464.8,5105.01,509.886,16.2824
0.0363099,0,576.517,16.1479,1.01579,-376430,-8234.42,316.171,14.4021,49309.1,5105.5,509.937,16.2874
0.0363199,0,576.517,16.1537,1.01595,-376497,-8238.19,316.089,14.4052,49153.4,5106,509.988,16.2925
0.0363299,0,576.517,16.1594,1.01611,-376564,-8241.95,316.006,14.4084,48997.5,5106.49,510.039,16.2976
0.0363399,0,576.517,16.1652,1.01627,-376631,-8245.72,315.924,14.4115,48841.7,5106.98,510.09,16.3027
0.0363499,0,576.517,16.171,1.01643,-376698,-8249.48,315.841,14.4147,48685.7,5107.46,510.141,16.3078
0.0363599,0,576.517,16.1767,1.01659,-376764,-8253.25,315.759,14.4179,48529.7,5107.95,510.192,16.313
0.0363699,0,576.517,16.1825,1.01676,-376831,-8257.02,315.676,14.421,48373.5,5108.43,510.244,16.3181
0.0363799,0,576.517,16.1883,1.01692,-376898,-8260.79,315.594,14.4242,48217.3,5108.92,510.295,16.3232
0.0363899,0,576.517,16.194,1.01708,-376965,-8264.55,315.511,14.4273,48061,5109.4,510.346,16.3283
0.0363999,0,576.517,16.1998,1.01724,-377031,-8268.32,315.428,14.4305,47904.6,5109.88,510.397,16.3334
0.0364099,0,576.517,16.2056,1.0174,-377098,-8272.09,315.346,14.4336,47748.2,5110.35,510.448,16.3385
0.0364199,0,576.517,16.2113,1.01757,-377164,-8275.86,315.263,14.4368,47591.7,5110.83,510.499,16.3436
0.0364299,0,576.517,16.2171,1.01773,-377231,-8279.64,315.18,14.4399,47435.1,5111.31,510.55,16.3487
0.0364399,0,576.517,16.2229,1.01789,-377298,-8283.41,315.098,14.4431,47278.5,5111.78,510.601,16.3538
0.0364499,0,576.517,16.2286,1.01805,-377364,-8287.18,315.015,14.4462,47121.7,5112.25,510.652,16.3589
0.0364599,0,576.517,16.2344,1.01821,-377431,-8290.95,314.932,14.4494,46964.9,5112.72,510.703,16.364
0.0364699,0,576.517,16.2401,1.01838,-377497,-8294.73,314.849,14.4525,46808,5113.19,510.755,16.3691
0.0364799,0,576.517,16.2459,1.01854,-377564,-8298.5,314.766,14.4557,46651.1,5113.66,510.806,16.3742
0.0364899,0,576.517,16.2517,1.0187,-377631,-8302.28,314.683,14.4588,46494,5114.12,510.857,16.3793
0.0364999,0,576.517,16.2574,1.01886,-377697,-8306.05,314.6,14.462,46336.9,5114.59,510.908,16.3844
0.0365099,0,576.517,16.2632,1.01903,-377764,-8309.83,314.517,14.4651,46179.7,5115.05,510.959,16.3895
0.0365199,0,576.517,16.269,1.01919,-377830,-8313.61,314.434,14.4683,46022.4,5115.51,511.01,16.3946
0.0365299,0,576.517,16.2747,1.01935,-377896,-8317.39,314.351,14.4714,45865.1,5115.97,511.061,16.3998
0.0365399,0,576.517,16.2805,1.01952,-377963,-8321.17,314.267,14.4746,45707.6,5116.43,511.113,16.4049
0.0365499,0,576.517,16.2863,1.01968,-378029,-8324.94,314.184,14.4777,45550.2,5116.89,511.164,16.41
0.0365599,0,576.517,16.292,1.01984,-378096,-8328.73,314.101,14.4808,45392.6,5117.34,511.215,16.4151
0.0365699,0,576.517,16.2978,1.02,-378162,-8332.51,314.018,14.484,45234.9,5117.79,511.266,16.4202
0.0365799,0,576.517,16.3036,1.02017,-378228,-8336.29,313.934,14.4871,45077.2,5118.24,511.317,16.4253
0.0365899,0,576.517,16.3093,1.02033,-378295,-8340.07,313.851,14.4903,44919.4,5118.69,511.368,16.4304
0.0365999,0,576.517,16.3151,1.02049,-378361,-8343.85,313.767,14.4934,44761.5,5119.14,511.42,16.4355
0.0366099,0,576.517,16.3208,1.02066,-378427,-8347.64,313.684,14.4965,44603.6,5119.59,511.471,16.4407
0.0366199,0,576.517,16.3266,1.02082,-378494,-8351.42,313.601,14.4997,44445.6,5120.04,511.522,16.4458
0.0366299,0,576.517,16.3324,1.02098,-378560,-8355.21,313.517,14.5028,44287.5,5120.48,511.573,16.4509
0.0366399,0,576.517,16.3381,1.02115,-378626,-8358.99,313.433,14.5059,44129.3,5120.92,511.624,16.456
0.0366499,0,576.517,16.3439,1.02131,-378692,-8362.78,313.35,14.5091,43971,5121.36,511.676,16.4611
0.0366599,0,576.517,16.3497,1.02147,-378759,-8366.56,313.266,14.5122,43812.7,5121.8,511.727,16.4662
0.0366699,0,576.517,16.3554,1.02164,-378825,-8370.35,313.183,14.5153,43654.3,5122.24,511.778,16.4714
0.0366799,0,576.517,16.3612,1.0218,-378891,-8374.14,313.099,14.5185,43495.8,5122.67,511.829,16.4765
0.0366899,0,576.517,16.367,1.02196,-378957,-8377.93,313.015,14.5216,43337.2,5123.11,511.88,16.4816
0.0366999,0,576.517,16.3727,1.02213,-379023,-8381.72,312.931,14.5247,43178.6,5123.54,511.932,16.4867
0.0367099,0,576.517,16.3785,1.02229,-379090,-8385.51,312.847,14.5279,43019.8,5123.97,511.983,16.4918
0.0367199,0,576.517,16.3843,1.02245,-379156,-8389.3,312.764,14.531,42861,5124.4,512.034,16.497
0.0367299,0,576.517,16.39,1.02262,-379222,-8393.09,312.68,14.5341,42702.2,5124.83,512.085,16.5021
0.0367399,0,576.517,16.3958,1.02278,-379288,-8396.88,312.596,14.5372,42543.2,5125.25,512.137,16.5072
0.0367499,0,576.517,16.4015,1.02295,-379354,-8400.67,312.512,14.5404,42384.2,5125.68,512.188,16.5123
0.0367599,0,576.517,16.4073,1.02311,-379420,-8404.47,312.428,14.5435,42225.1,5126.1,512.239,16.5174
0.0367699,0,576.517,16.4131,1.02327,-379486,-8408.26,312.344,14.5466,42066,5126.52,512.29,16.5226
0.0367799,0,576.517,16.4188,1.02344,-379552,-8412.06,312.26,14.5497,41906.6,5126.94,512.342,16.5277
0.0367898,0,576.517,16.4246,1.0236,-379618,-8415.85,312.176,14.5529,41747.3,5127.36,512.393,16.5328
0.0367998,0,576.517,16.4304,1.02377,-379684,-8419.65,312.091,14.556,41588,5127.78,512.444,16.5379
0.0368098,0,576.517,16.4361,1.02393,-379750,-8423.44,312.007,14.5591,41428.5,5128.19,512.495,16.5431
0.0368198,0,576.517,16.4419,1.0241,-379816,-8427.24,311.923,14.5622,41268.9,5128.61,512.547,16.5482
0.0368298,0,576.517,16.4477,1.02426,-379882,-8431.04,311.839,14.5653,41109.3,5129.02,512.598,16.5533
0.0368398,0,576.517,16.4534,1.02442,-379948,-8434.84,311.754,14.5685,40949.6,5129.43,512.649,16.5584
0.0368498,0,576.517,16.4592,1.02459,-380013,-8438.64,311.67,14.5716,40789.8,5129.84,512.701,16.5636
0.0368598,0,576.517,16.465,1.02475,-380079,-8442.44,311.586,14.5747,40629.9,5130.24,512.752,16.5687
0.0368698,0,576.517,16.4707,1.02492,-380145,-8446.24,311.501,14.5778,40470,5130.65,512.803,16.5738
0.0368798,0,576.517,16.4765,1.02508,-380211,-8450.04,311.417,14.5809,40309.9,5131.05,512.854,16.5789
0.0368898,0,576.517,16.4823,1.02525,-380277,-8453.84,311.332,14.584,40149.9,5131.46,512.906,16.5841
0.0368998,0,576.517,16.488,1.02541,-380342,-8457.64,311.248,14.5872,39989.7,5131.85,512.957,16.5892
0.0369098,0,576.517,16.4938,1.02558,-380408,-8461.45,311.163,14.5903,39829.4,5132.25,513.008,16.5943
0.0369198,0,576.517,16.4995,1.02574,-380474,-8465.25,311.078,14.5934,39669.1,5132.65,513.06,16.5995
0.0369298,0,576.517,16.5053,1.02591,-380540,-8469.05,310.994,14.5965,39508.7,5133.05,513.111,16.6046
0.0369398,0,576.517,16.5111,1.02607,-380605,-8472.86,310.909,14.5996,39348.2,5133.44,513.162,16.6097
0.0369498,0,576.517,16.5168,1.02624,-380671,-8476.67,310.824,14.6027,39187.6,5133.83,513.214,16.6149
0.0369598,0,576.517,16.5226,1.0264,-380737,-8480.47,310.74,14.6058,39027.1,5134.23,513.265,16.62
0.0369698,0,576.517,16.5284,1.02657,-380802,-8484.28,310.655,14.6089,38866.3,5134.62,513.316,16.6251
0.0369798,0,576.517,16.5341,1.02673,-380868,-8488.09,310.57,14.612,38705.6,5135,513.368,16.6303
0.0369898,0,576.517,16.5399,1.0269,-380933,-8491.9,310.485,14.6151,38544.7,5135.39,513.419,16.6354
0.0369998,0,576.517,16.5457,1.02706,-380999,-8495.71,310.4,14.6182,38383.7,5135.77,513.47,16.6405
0.0370098,0,576.517,16.5514,1.02723,-381065,-8499.52,310.315,14.6213,38222.7,5136.16,513.522,16.6457
0.0370198,0,576.517,16.5572,1.0274,-381130,-8503.33,310.23,14.6244,38061.7,5136.54,513.573,16.6508
0.0370298,0,576.517,16.563,1.02756,-381196,-8507.14,310.145,14.6275,37900.5,5136.92,513.624,16.6559
0.0370398,0,576.517,16.5687,1.02773,-381261,-8510.95,310.06,14.6306,37739.3,5137.3,513.676,16.6611
0.0370498,0,576.517,16.5745,1.02789,-381327,-8514.76,309.975,14.6337,37577.9,5137.67,513.727,16.6662
0.0370598,0,576.517,16.5802,1.02806,-381392,-8518.57,309.89,14.6368,37416.5,5138.05,513.779,16.6713
0.0370698,0,576.517,16.586,1.02822,-381457,-8522.39,309.804,14.6399,37255,5138.42,513.83,16.6765
0.0370798,0,576.517,16.5918,1.02839,-381523,-8526.2,309.719,14.643,37093.5,5138.79,513.881,16.6816
0.0370898,0,576.517,16.5975,1.02856,-381588,-8530.02,309.634,14.6461,36931.9,5139.16,513.933,16.6868
0.0370998,0,576.517,16.6033,1.02872,-381654,-8533.83,309.549,14.6492,36770.2,5139.53,513.984,16.6919
0.0371098,0,576.517,16.6091,1.02889,-381719,-8537.65,309.463,14.6523,36608.4,5139.9,514.035,16.697
0.0371198,0,576.517,16.6148,1.02905,-381784,-8541.47,309.378,14.6554,36446.5,5140.26,514.087,16.7022
0.0371298,0,576.517,16.6206,1.02922,-381850,-8545.28,309.293,14.6585,36284.6,5140.63,514.138,16.7073
0.0371398,0,576.517,16.6264,1.02939,-381915,-8549.1,309.207,14.6616,36122.6,5140.99,514.19,16.7125
0.0371498,0,576.517,16.6321,1.02955,-381980,-8552.92,309.122,14.6647,35960.5,5141.35,514.241,16.7176
0.0371598,0,576.517,16.6379,1.02972,-382045,-8556.74,309.036,14.6678,35798.3,5141.71,514.292,16.7227
0.0371698,0,576.517,16.6437,1.02988,-382111,-8560.56,308.951,14.6709,35636.1,5142.07,514.344,16.7279
0.0371798,0,576.517,16.6494,1.03005,-382176,-8564.38,308.865,14.674,35473.7,5142.42,514.395,16.733
0.0371898,0,576.517,16.6552,1.03022,-382241,-8568.21,308.779,14.6771,35311.3,5142.77,514.447,16.7382
0.0371998,0,576.517,16.6609,1.03038,-382306,-8572.03,308.693,14.6801,35148.8,5143.13,514.498,16.7433
0.0372098,0,576.517,16.6667,1.03055,-382371,-8575.85,308.608,14.6832,34986.3,5143.48,514.55,16.7485
0.0372198,0,576.517,16.6725,1.03072,-382436,-8579.67,308.522,14.6863,34823.7,5143.83,514.601,16.7536
0.0372298,0,576.517,16.6782,1.03088,-382501,-8583.5,308.436,14.6894,34661,5144.17,514.652,16.7588
0.0372398,0,576.517,16.684,1.03105,-382566,-8587.32,308.35,14.6925,34498.2,5144.52,514.704,16.7639
0.0372498,0,576.517,16.6898,1.03122,-382632,-8591.15,308.264,14.6956,34335.3,5144.86,514.755,16.7691
0.0372598,0,576.517,16.6955,1.03139,-382697,-8594.97,308.179,14.6987,34172.4,5145.21,514.807,16.7742
0.0372698,0,576.517,16.7013,1.03155,-382762,-8598.8,308.093,14.7017,34009.4,5145.55,514.858,16.7793
0.0372798,0,576.517,16.7071,1.03172,-382827,-8602.63,308.007,14.7048,33846.3,5145.89,514.91,16.7845
0.0372898,0,576.517,16.7128,1.03189,-382892,-8606.46,307.921,14.7079,33683.2,5146.22,514.961,16.7896
0.0372998,0,576.517,16.7186,1.03205,-382956,-8610.28,307.835,14.711,33519.9,5146.56,515.013,16.7948
0.0373098,0,576.517,16.7244,1.03222,-383021,-8614.11,307.748,14.714,33356.5,5146.89,515.064,16.7999
0.0373198,0,576.517,16.7301,1.03239,-383086,-8617.94,307.662,14.7171,33193.2,5147.23,515.115,16.8051
0.0373298,0,576.517,16.7359,1.03255,-383151,-8621.77,307.576,14.7202,33029.7,5147.56,515.167,16.8102
0.0373398,0,576.517,16.7416,1.03272,-383216,-8625.61,307.49,14.7233,32866.2,5147.89,515.218,16.8154
0.0373498,0,576.517,16.7474,1.03289,-383281,-8629.44,307.404,14.7264,32702.5,5148.22,515.27,16.8206
0.0373598,0,576.517,16.7532,1.03306,-383346,-8633.27,307.317,14.7294,32538.8,5148.54,515.321,16.8257
0.0373698,0,576.517,16.7589,1.03322,-383411,-8637.1,307.231,14.7325,32375,5148.87,515.373,16.8309
0.0373798,0,576.517,16.7647,1.03339,-383475,-8640.94,307.145,14.7356,32211.2,5149.19,515.424,16.836
0.0373898,0,576.517,16.7705,1.03356,-383540,-8644.77,307.058,14.7386,32047.2,5149.51,515.476,16.8412
0.0373998,0,576.517,16.7762,1.03373,-383605,-8648.61,306.972,14.7417,31883.2,5149.83,515.527,16.8463
0.0374098,0,576.517,16.782,1.0339,-383670,-8652.44,306.885,14.7448,31719.1,5150.15,515.579,16.8515
0.0374198,0,576.517,16.7878,1.03406,-383734,-8656.28,306.799,14.7478,31555,5150.46,515.63,16.8566
0.0374298,0,576.517,16.7935,1.03423,-383799,-8660.12,306.712,14.7509,31390.7,5150.78,515.682,16.8618
0.0374398,0,576.517,16.7993,1.0344,-383864,-8663.96,306.625,14.754,31226.4,5151.09,515.733,16.8669
0.0374498,0,576.517,16.8051,1.03457,-383928,-8667.79,306.539,14.757,31062,5151.4,515.785,16.8721
0.0374598,0,576.517,16.8108,1.03474,-383993,-8671.63,306.452,14.7601,30897.5,5151.71,515.836,16.8773
0.0374698,0,576.517,16.8166,1.0349,-384057,-8675.47,306.365,14.7632,30733,5152.02,515.888,16.8824
0.0374798,0,576.517,16.8224,1.03507,-384122,-8679.31,306.279,14.7662,30568.3,5152.33,515.939,16.8876
0.0374898,0,576.517,16.8281,1.03524,-384186,-8683.15,306.192,14.7693,30403.6,5152.63,515.991,16.8927
0.0374998,0,576.517,16.8339,1.03541,-384251,-8687,306.105,14.7724,30238.8,5152.94,516.042,16.8979
0.0375098,0,576.517,16.8396,1.03558,-384315,-8690.84,306.018,14.7754,30074,5153.24,516.094,16.9031
0.0375198,0,576.517,16.8454,1.03574,-384380,-8694.68,305.931,14.7785,29909,5153.54,516.145,16.9082
0.0375298,0,576.517,16.8512,1.03591,-384444,-8698.52,305.844,14.7815,29744,5153.83,516.197,16.9134
0.0375398,0,576.517,16.8569,1.03608,-384509,-8702.37,305.757,14.7846,29578.9,5154.13,516.248,16.9185
0.0375497,0,576.517,16.8627,1.03625,-384573,-8706.21,305.67,14.7877,29413.7,5154.43,516.3,16.9237
0.0375597,0,576.517,16.8685,1.03642,-384637,-8710.06,305.583,14.7907,29248.5,5154.72,516.352,16.9289
0.0375697,0,576.517,16.8742,1.03659,-384702,-8713.9,305.496,14.7938,29083.2,5155.01,516.403,16.934
0.0375797,0,576.517,16.88,1.03676,-384766,-8717.75,305.409,14.7968,28917.7,5155.3,516.455,16.9392
0.0375897,0,576.517,16.8858,1.03693,-384830,-8721.6,305.322,14.7999,28752.3,5155.59,516.506,16.9444
0.0375997,0,576.517,16.8915,1.03709,-384895,-8725.45,305.234,14.8029,28586.7,5155.88,516.558,16.9495
0.0376097,0,576.517,16.8973,1.03726,-384959,-8729.3,305.147,14.806,28421,5156.16,516.609,16.9547
0.0376197,0,576.517,16.9031,1.03743,-385023,-8733.14,305.06,14.809,28255.4,5156.44,516.661,16.9599
0.0376297,0,576.517,16.9088,1.0376,-385087,-8737,304.973,14.8121,28089.5,5156.73,516.712,16.965
0.0376397,0,576.517,16.9146,1.03777,-385152,-8740.85,304.885,14.8151,27923.6,5157.01,516.764,16.9702
0.0376497,0,576.517,16.9203,1.03794,-385216,-8744.7,304.798,14.8182,27757.7,5157.28,516.816,16.9754
0.0376597,0,576.517,16.9261,1.03811,-385280,-8748.55,304.71,14.8212,27591.7,5157.56,516.867,16.9805
0.0376697,0,576.517,16.9319,1.03828,-385344,-8752.4,304.623,14.8243,27425.6,5157.84,516.919,16.9857
0.0376797,0,576.517,16.9376,1.03845,-385408,-8756.26,304.535,14.8273,27259.4,5158.11,516.97,16.9909
0.0376897,0,576.517,16.9434,1.03862,-385472,-8760.11,304.448,14.8304,27093.2,5158.38,517.022,16.996
0.0376997,0,576.517,16.9492,1.03879,-385536,-8763.96,304.36,14.8334,26926.8,5158.65,517.073,17.0012
0.0377097,0,576.517,16.9549,1.03896,-385600,-8767.82,304.272,14.8365,26760.4,5158.92,517.125,17.0064
0.0377197,0,576.517,16.9607,1.03912,-385664,-8771.67,304.185,14.8395,26593.9,5159.19,517.177,17.0116
0.0377297,0,576.517,16.9665,1.03929,-385728,-8775.53,304.097,14.8425,26427.4,5159.45,517.228,17.0167
0.0377397,0,576.517,16.9722,1.03946,-385792,-8779.39,304.009,14.8456,26260.7,5159.71,517.28,17.0219
0.0377497,0,576.517,16.978,1.03963,-385856,-8783.25,303.922,14.8486,26094,5159.98,517.331,17.0271
0.0377597,0,576.517,16.9838,1.0398,-385920,-8787.1,303.834,14.8517,25927.2,5160.24,517.383,17.0322
0.0377697,0,576.517,16.9895,1.03997,-385984,-8790.96,303.746,14.8547,25760.3,5160.5,517.435,17.0374
0.0377797,0,576.517,16.9953,1.04014,-386048,-8794.82,303.658,14.8577,25593.3,5160.75,517.486,17.0426
0.0377897,0,576.517,17.001,1.04031,-386112,-8798.68,303.57,14.8608,25426.3,5161.01,517.538,17.0478
0.0377997,0,576.517,17.0068,1.04048,-386175,-8802.54,303.482,14.8638,25259.2,5161.26,517.589,17.0529
0.0378097,0,576.517,17.0126,1.04065,-386239,-8806.41,303.394,14.8668,25092,5161.51,517.641,17.0581
0.0378197,0,576.517,17.0183,1.04082,-386303,-8810.27,303.306,14.8699,24924.7,5161.76,517.693,17.0633
0.0378297,0,576.517,17.0241,1.04099,-386367,-8814.13,303.218,14.8729,24757.4,5162.01,517.744,17.0685
0.0378397,0,576.517,17.0299,1.04116,-386430,-8817.99,303.13,14.8759,24590,5162.26,517.796,17.0737
0.0378497,0,576.517,17.0356,1.04133,-386494,-8821.86,303.041,14.879,24422.5,5162.5,517.847,17.0788
0.0378597,0,576.517,17.0414,1.0415,-386558,-8825.72,302.953,14.882,24254.9,5162.75,517.899,17.084
0.0378697,0,576.517,17.0472,1.04168,-386621,-8829.59,302.865,14.885,24087.2,5162.99,517.951,17.0892
0.0378797,0,576.517,17.0529,1.04185,-386685,-8833.46,302.777,14.8881,23919.5,5163.23,518.002,17.0944
0.0378897,0,576.517,17.0587,1.04202,-386749,-8837.32,302.688,14.8911,23751.7,5163.46,518.054,17.0996
0.0378997,0,576.517,17.0645,1.04219,-386812,-8841.19,302.6,14.8941,23583.8,5163.7,518.105,17.1047
0.0379097,0,576.517,17.0702,1.04236,-386876,-8845.06,302.511,14.8971,23415.8,5163.94,518.157,17.1099
0.0379197,0,576.517,17.076,1.04253,-386939,-8848.92,302.423,14.9002,23247.8,5164.17,518.209,17.1151
0.0379297,0,576.517,17.0817,1.0427,-387003,-8852.79,302.335,14.9032,23079.7,5164.4,518.26,17.1203
0.0379397,0,576.517,17.0875,1.04287,-387066,-8856.66,302.246,14.9062,22911.5,5164.63,518.312,17.1255
0.0379497,0,576.517,17.0933,1.04304,-387130,-8860.53,302.157,14.9092,22743.2,5164.86,518.364,17.1306
0.0379597,0,576.517,17.099,1.04321,-387193,-8864.41,302.069,14.9122,22574.8,5165.09,518.415,17.1358
0.0379697,0,576.517,17.1048,1.04338,-387256,-8868.28,301.98,14.9153,22406.4,5165.31,518.467,17.141
0.0379797,0,576.517,17.1106,1.04355,-387320,-8872.15,301.891,14.9183,22237.9,5165.54,518.519,17.1462
0.0379897,0,576.517,17.1163,1.04372,-387383,-8876.02,301.803,14.9213,22069.3,5165.76,518.57,17.1514
0.0379997,0,576.517,17.1221,1.0439,-387447,-8879.9,301.714,14.9243,21900.6,5165.98,518.622,17.1566
0.0380097,0,576.517,17.1279,1.04407,-387510,-8883.77,301.625,14.9273,21731.9,5166.19,518.674,17.1618
0.0380197,0,576.517,17.1336,1.04424,-387573,-8887.65,301.536,14.9304,21563,5166.41,518.725,17.1669
0.0380297,0,576.517,17.1394,1.04441,-387636,-8891.52,301.447,14.9334,21394.2,5166.63,518.777,17.1721
0.0380397,0,576.517,17.1452,1.04458,-387700,-8895.4,301.358,14.9364,21225.2,5166.84,518.829,17.1773
0.0380497,0,576.517,17.1509,1.04475,-387763,-8899.27,301.27,14.9394,21056.2,5167.05,518.88,17.1825
0.0380597,0,576.517,17.1567,1.04492,-387826,-8903.15,301.181,14.9424,20887,5167.26,518.932,17.1877
0.0380697,0,576.517,17.1625,1.0451,-387889,-8907.03,301.092,14.9454,20717.8,5167.47,518.984,17.1929
0.0380797,0,576.517,17.1682,1.04527,-387952,-8910.91,301.002,14.9484,20548.5,5167.67,519.035,17.1981
0.0380897,0,576.517,17.174,1.04544,-388015,-8914.79,300.913,14.9514,20379.2,5167.88,519.087,17.2033
0.0380997,0,576.517,17.1797,1.04561,-388078,-8918.67,300.824,14.9545,20209.7,5168.08,519.139,17.2085
0.0381097,0,576.517,17.1855,1.04578,-388141,-8922.55,300.735,14.9575,20040.2,5168.28,519.19,17.2136
0.0381197,0,576.517,17.1913,1.04595,-388204,-8926.43,300.646,14.9605,19870.6,5168.48,519.242,17.2188
0.0381297,0,576.517,17.197,1.04613,-388267,-8930.31,300.556,14.9635,19700.9,5168.68,519.294,17.224
0.0381397,0,576.517,17.2028,1.0463,-388330,-8934.19,300.467,14.9665,19531.2,5168.88,519.345,17.2292
0.0381497,0,576.517,17.2086,1.04647,-388393,-8938.08,300.378,14.9695,19361.3,5169.07,519.397,17.2344
0.0381597,0,576.517,17.2143,1.04664,-388456,-8941.96,300.288,14.9725,19191.4,5169.26,519.449,17.2396
0.0381697,0,576.517,17.2201,1.04681,-388519,-8945.84,300.199,14.9755,19021.4,5169.45,519.5,17.2448
0.0381797,0,576.517,17.2259,1.04699,-388582,-8949.73,300.109,14.9785,18851.3,5169.64,519.552,17.25
0.0381897,0,576.517,17.2316,1.04716,-388645,-8953.62,300.02,14.9815,18681.2,5169.83,519.604,17.2552
0.0381997,0,576.517,17.2374,1.04733,-388708,-8957.5,299.93,14.9845,18511,5170.02,519.655,17.2604
0.0382097,0,576.517,17.2432,1.0475,-388770,-8961.39,299.841,14.9875,18340.7,5170.2,519.707,17.2656
0.0382197,0,576.517,17.2489,1.04768,-388833,-8965.28,299.751,14.9905,18170.3,5170.38,519.759,17.2708
0.0382297,0,576.517,17.2547,1.04785,-388896,-8969.16,299.662,14.9935,17999.8,5170.56,519.81,17.276
0.0382397,0,576.517,17.2604,1.04802,-388959,-8973.05,299.572,14.9965,17829.3,5170.74,519.862,17.2812
0.0382497,0,576.517,17.2662,1.04819,-389021,-8976.94,299.482,14.9995,17658.7,5170.92,519.914,17.2864
0.0382597,0,576.517,17.272,1.04837,-389084,-8980.83,299.392,15.0025,17488,5171.1,519.966,17.2916
0.0382697,0,576.517,17.2777,1.04854,-389146,-8984.72,299.303,15.0055,17317.2,5171.27,520.017,17.2968
0.0382797,0,576.517,17.2835,1.04871,-389209,-8988.61,299.213,15.0085,17146.4,5171.44,520.069,17.302
0.0382897,0,576.517,17.2893,1.04888,-389272,-8992.51,299.123,15.0114,16975.5,5171.61,520.121,17.3072
0.0382996,0,576.517,17.295,1.04906,-389334,-8996.4,299.033,15.0144,16804.4,5171.78,520.172,17.3124
0.0383096,0,576.517,17.3008,1.04923,-389397,-9000.29,298.943,15.0174,16633.3,5171.95,520.224,17.3176
0.0383196,0,576.517,17.3066,1.0494,-389459,-9004.18,298.853,15.0204,16462.2,5172.12,520.276,17.3228
0.0383296,0,576.517,17.3123,1.04958,-389522,-9008.08,298.763,15.0234,16290.9,5172.28,520.328,17.328
0.0383396,0,576.517,17.3181,1.04975,-389584,-9011.97,298.673,15.0264,16119.7,5172.44,520.379,17.3332
0.0383496,0,576.517,17.3239,1.04992,-389647,-9015.87,298.583,15.0294,15948.2,5172.6,520.431,17.3384
0.0383596,0,576.517,17.3296,1.0501,-389709,-9019.77,298.492,15.0324,15776.8,5172.76,520.483,17.3436
0.0383696,0,576.517,17.3354,1.05027,-389771,-9023.66,298.402,15.0353,15605.2,5172.92,520.534,17.3488
0.0383796,0,576.517,17.3411,1.05044,-389834,-9027.56,298.312,15.0383,15433.6,5173.07,520.586,17.354
0.0383896,0,576.517,17.3469,1.05062,-389896,-9031.46,298.222,15.0413,15261.8,5173.23,520.638,17.3592
0.0383996,0,576.517,17.3527,1.05079,-389958,-9035.36,298.131,15.0443,15090.1,5173.38,520.69,17.3644
0.0384096,0,576.517,17.3584,1.05096,-390020,-9039.26,298.041,15.0473,14918.2,5173.53,520.741,17.3696
0.0384196,0,576.517,17.3642,1.05114,-390083,-9043.16,297.951,15.0503,14746.3,5173.68,520.793,17.3748
0.0384296,0,576.517,17.37,1.05131,-390145,-9047.06,297.86,15.0532,14574.2,5173.82,520.845,17.3801
0.0384396,0,576.517,17.3757,1.05148,-390207,-9050.96,297.77,15.0562,14402.1,5173.97,520.897,17.3853
0.0384496,0,576.517,17.3815,1.05166,-390269,-9054.86,297.679,15.0592,14230,5174.11,520.948,17.3905
0.0384596,0,576.517,17.3873,1.05183,-390331,-9058.76,297.589,15.0622,14057.8,5174.25,521,17.3957
0.0384696,0,576.517,17.393,1.05201,-390393,-9062.67,297.498,15.0651,13885.4,5174.39,521.052,17.4009
0.0384796,0,576.517,17.3988,1.05218,-390455,-9066.57,297.407,15.0681,13713,5174.53,521.103,17.4061
0.0384896,0,576.517,17.4046,1.05235,-390517,-9070.48,297.317,15.0711,13540.5,5174.67,521.155,17.4113
0.0384996,0,576.517,17.4103,1.05253,-390579,-9074.38,297.226,15.0741,13367.9,5174.8,521.207,17.4165
0.0385096,0,576.517,17.4161,1.0527,-390641,-9078.29,297.135,15.077,13195.3,5174.93,521.259,17.4217
0.0385196,0,576.517,17.4218,1.05288,-390703,-9082.19,297.044,15.08,13022.5,5175.06,521.31,17.427
0.0385296,0,576.517,17.4276,1.05305,-390765,-9086.1,296.954,15.083,12849.7,5175.19,521.362,17.4322
0.0385396,0,576.517,17.4334,1.05322,-390827,-9090.01,296.863,15.0859,12676.8,5175.32,521.414,17.4374
0.0385496,0,576.517,17.4391,1.0534,-390889,-9093.91,296.772,15.0889,12503.9,5175.45,521.466,17.4426
0.0385596,0,576.517,17.4449,1.05357,-390951,-9097.82,296.681,15.0919,12330.8,5175.57,521.517,17.4478
0.0385696,-43388.1,576.373,17.4507,1.05375,-390938,-9101.73,296.59,15.0948,12115.2,5175.69,521.569,17.453
0.0385796,-43388.1,575.94,17.4564,1.05392,-390773,-9105.64,296.499,15.0978,11813.4,5175.81,521.621,17.4582
0.0385896,-43388.1,575.506,17.4622,1.0541,-390609,-9109.55,296.408,15.1008,11511.8,5175.93,521.673,17.4635
0.0385996,-43388.1,575.072,17.4679,1.05427,-390444,-9113.45,296.317,15.1037,11210.2,5176.04,521.724,17.4687
0.0386096,-43388.1,574.638,17.4737,1.05445,-390279,-9117.35,296.226,15.1067,10908.7,5176.15,521.776,17.4739
0.0386196,-43388.1,574.204,17.4794,1.05462,-390114,-9121.26,296.134,15.1097,10607.3,5176.26,521.828,17.4791
0.0386296,-43388.1,573.77,17.4852,1.0548,-389949,-9125.15,296.043,15.1126,10306,5176.37,521.88,17.4843
0.0386396,-43388.1,573.337,17.4909,1.05497,-389784,-9129.05,295.952,15.1156,10004.7,5176.47,521.931,17.4895
0.0386496,-43388.1,572.903,17.4966,1.05515,-389618,-9132.95,295.861,15.1185,9703.47,5176.57,521.983,17.4948
0.0386596,-43388.1,572.469,17.5024,1.05532,-389453,-9136.84,295.769,15.1215,9402.41,5176.66,522.035,17.5
0.0386696,-43388.1,572.035,17.5081,1.0555,-389287,-9140.74,295.678,15.1245,9101.33,5176.75,522.087,17.5052
0.0386796,-43388.1,571.601,17.5138,1.05567,-389121,-9144.63,295.587,15.1274,8800.41,5176.84,522.138,17.5104
0.0386896,-43388.1,571.167,17.5195,1.05585,-388955,-9148.52,295.495,15.1304,8499.59,5176.93,522.19,17.5156
0.0386996,-43388.1,570.734,17.5252,1.05602,-388789,-9152.41,295.404,15.1333,8198.8,5177.01,522.242,17.5209
0.0387096,-43388.1,570.3,17.5309,1.0562,-388623,-9156.29,295.312,15.1363,7898.09,5177.09,522.294,17.5261
0.0387196,-43388.1,569.866,17.5366,1.05637,-388457,-9160.18,295.22,15.1392,7597.44,5177.17,522.346,17.5313
0.0387296,-43388.1,569.432,17.5423,1.05655,-388291,-9164.06,295.129,15.1422,7296.91,5177.25,522.397,17.5365
0.0387396,-43388.1,568.998,17.548,1.05672,-388124,-9167.95,295.037,15.1451,6996.44,5177.32,522.449,17.5418
0.0387496,-43388.1,568.565,17.5537,1.0569,-387958,-9171.82,294.946,15.1481,6696.09,5177.39,522.501,17.547
0.0387596,-43388.1,568.131,17.5594,1.05707,-387791,-9175.7,294.854,15.151,6395.81,5177.45,522.553,17.5522
0.0387696,-43388.1,567.697,17.5651,1.05725,-387624,-9179.58,294.762,15.154,6095.56,5177.51,522.604,17.5574
0.0387796,-43388.1,567.263,17.5707,1.05742,-387457,-9183.45,294.67,15.1569,5795.5,5177.57,522.656,17.5627
0.0387896,-43388.1,566.829,17.5764,1.0576,-387290,-9187.33,294.578,15.1599,5495.44,5177.63,522.708,17.5679
0.0387996,-43388.1,566.395,17.5821,1.05778,-387123,-9191.2,294.487,15.1628,5195.47,5177.68,522.76,17.5731
0.0388096,-43388.1,565.962,17.5877,1.05795,-386956,-9195.07,294.395,15.1658,4895.59,5177.73,522.811,17.5783
0.0388196,-43388.1,565.528,17.5934,1.05813,-386788,-9198.94,294.303,15.1687,4595.84,5177.78,522.863,17.5836
0.0388296,-43388.1,565.094,17.599,1.0583,-386621,-9202.8,294.211,15.1716,4296.12,5177.83,522.915,17.5888
0.0388396,-43388.1,564.66,17.6047,1.05848,-386453,-9206.67,294.119,15.1746,3996.48,5177.87,522.967,17.594
0.0388496,-43388.1,564.226,17.6103,1.05866,-386285,-9210.53,294.027,15.1775,3696.95,5177.91,523.019,17.5993
0.0388596,-43388.1,563.792,17.616,1.05883,-386118,-9214.39,293.934,15.1805,3397.55,5177.94,523.07,17.6045
0.0388696,-43388.1,563.359,17.6216,1.05901,-385950,-9218.25,293.842,15.1834,3098.14,5177.97,523.122,17.6097
0.0388796,-43388.1,562.925,17.6272,1.05918,-385781,-9222.11,293.75,15.1864,2798.88,5178,523.174,17.615
0.0388896,-43388.1,562.491,17.6329,1.05936,-385613,-9225.97,293.658,15.1893,2499.62,5178.03,523.226,17.6202
0.0388996,-43388.1,562.057,17.6385,1.05954,-385445,-9229.82,293.566,15.1922,2200.56,5178.05,523.277,17.6254
0.0389096,-43388.1,561.623,17.6441,1.05971,-385276,-9233.67,293.473,15.1952,1901.52,5178.07,523.329,17.6307
0.0389196,-43388.1,561.19,17.6497,1.05989,-385108,-9237.53,293.381,15.1981,1602.55,5178.09,523.381,17.6359
0.0389296,-43388.1,560.756,17.6553,1.06007,-384939,-9241.38,293.289,15.201,1303.75,5178.11,523.433,17.6411
0.0389396,-43388.1,560.322,17.6609,1.06024,-384770,-9245.22,293.196,15.204,1004.91,5178.12,523.484,17.6464
0.0389496,-43388.1,559.888,17.6665,1.06042,-384601,-9249.07,293.104,15.2069,706.25,5178.13,523.536,17.6516
0.0389596,-43388.1,559.454,17.6721,1.0606,-384432,-9252.92,293.011,15.2098,407.625,5178.13,523.588,17.6568
0.0389696,-43388.1,559.02,17.6777,1.06077,-384263,-9256.76,292.919,15.2128,109.109,5178.13,523.64,17.6621
0.0389796,-43388.1,558.587,17.6833,1.06095,-384094,-9260.6,292.826,15.2157,-189.312,5178.13,523.692,17.6673
0.0389896,-43388.1,558.153,17.6889,1.06113,-383924,-9264.44,292.733,15.2186,-487.656,5178.13,523.743,17.6725
0.0389996,-43388.1,557.719,17.6945,1.0613,-383755,-9268.28,292.641,15.2215,-785.953,5178.12,523.795,17.6778
0.0390096,-43388.1,557.285,17.7,1.06148,-383585,-9272.11,292.548,15.2245,-1084.09,5178.11,523.847,17.683
0.0390196,-43388.1,556.851,17.7056,1.06166,-383415,-9275.95,292.455,15.2274,-1382.19,5178.1,523.899,17.6883
0.0390296,-43388.1,556.417,17.7112,1.06183,-383245,-9279.78,292.363,15.2303,-1680.14,5178.09,523.95,17.6935
0.0390396,-43388.1,555.984,17.7167,1.06201,-383075,-9283.61,292.27,15.2332,-1978.09,5178.07,524.002,17.6987
0.0390496,-43388.1,555.55,17.7223,1.06219,-382905,-9287.44,292.177,15.2362,-2275.92,5178.05,524.054,17.704
0.0390595,-43388.1,555.116,17.7278,1.06237,-382735,-9291.27,292.084,15.2391,-2573.69,5178.02,524.106,17.7092
0.0390695,-43388.1,554.682,17.7334,1.06254,-382564,-9295.1,291.991,15.242,-2871.33,5178,524.158,17.7145
0.0390795,-43388.1,554.248,17.7389,1.06272,-382394,-9298.92,291.898,15.2449,-3168.86,5177.97,524.209,17.7197
0.0390895,-43388.1,553.815,17.7445,1.0629,-382223,-9302.74,291.805,15.2478,-3466.39,5177.93,524.261,17.7249
0.0390995,-43388.1,553.381,17.75,1.06308,-382052,-9306.56,291.712,15.2508,-3763.73,5177.9,524.313,17.7302
0.0391095,-43388.1,552.947,17.7555,1.06325,-381881,-9310.38,291.619,15.2537,-4061,5177.86,524.365,17.7354
0.0391195,-43388.1,552.513,17.7611,1.06343,-381710,-9314.2,291.526,15.2566,-4358.27,5177.81,524.416,17.7407
0.0391295,-43388.1,552.079,17.7666,1.06361,-381539,-9318.01,291.433,15.2595,-4655.39,5177.77,524.468,17.7459
0.0391395,-43388.1,551.645,17.7721,1.06379,-381368,-9321.83,291.34,15.2624,-4952.39,5177.72,524.52,17.7512
0.0391495,-43388.1,551.212,17.7776,1.06396,-381197,-9325.64,291.246,15.2653,-5249.36,5177.67,524.572,17.7564
0.0391595,-43388.1,550.778,17.7831,1.06414,-381025,-9329.45,291.153,15.2682,-5546.25,5177.62,524.624,17.7617
0.0391695,-43388.1,550.344,17.7886,1.06432,-380854,-9333.26,291.06,15.2711,-5842.98,5177.56,524.675,17.7669
0.0391795,-43388.1,549.91,17.7941,1.0645,-380682,-9337.07,290.966,15.2741,-6139.69,5177.5,524.727,17.7721
0.0391895,-43388.1,549.476,17.7996,1.06467,-380510,-9340.87,290.873,15.277,-6436.27,5177.44,524.779,17.7774
0.0391995,-43388.1,549.042,17.8051,1.06485,-380338,-9344.68,290.78,15.2799,-6732.75,5177.37,524.831,17.7826
0.0392095,-43388.1,548.609,17.8106,1.06503,-380166,-9348.48,290.686,15.2828,-7029.16,5177.3,524.882,17.7879
0.0392195,-43388.1,548.175,17.8161,1.06521,-379994,-9352.28,290.593,15.2857,-7325.5,5177.23,524.934,17.7931
0.0392295,-43388.1,547.741,17.8216,1.06539,-379821,-9356.08,290.499,15.2886,-7621.75,5177.16,524.986,17.7984
0.0392395,-43388.1,547.307,17.8271,1.06557,-379649,-9359.87,290.406,15.2915,-7917.84,5177.08,525.038,17.8036
0.0392495,-43388.1,546.873,17.8325,1.06574,-379476,-9363.67,290.312,15.2944,-8213.92,5177,525.089,17.8089
0.0392595,-43388.1,546.44,17.838,1.06592,-379304,-9367.46,290.218,15.2973,-8509.86,5176.91,525.141,17.8141
0.0392695,-43388.1,546.006,17.8435,1.0661,-379131,-9371.25,290.125,15.3002,-8805.75,5176.83,525.193,17.8194
0.0392795,-43388.1,545.572,17.8489,1.06628,-378958,-9375.04,290.031,15.3031,-9101.53,5176.74,525.245,17.8246
0.0392895,-43388.1,545.138,17.8544,1.06646,-378785,-9378.83,289.937,15.306,-9397.19,5176.65,525.296,17.8299
0.0392995,-43388.1,544.704,17.8598,1.06664,-378612,-9382.62,289.844,15.3089,-9692.8,5176.55,525.348,17.8351
0.0393095,-43388.1,544.27,17.8653,1.06681,-378438,-9386.4,289.75,15.3118,-9988.34,5176.45,525.4,17.8404
0.0393195,-43388.1,543.837,17.8707,1.06699,-378265,-9390.19,289.656,15.3147,-10283.7,5176.35,525.452,17.8457
0.0393295,-43388.1,543.403,17.8761,1.06717,-378091,-9393.97,289.562,15.3176,-10579,5176.25,525.503,17.8509
0.0393395,-43388.1,542.969,17.8816,1.06735,-377918,-9397.75,289.468,15.3205,-10874.3,5176.14,525.555,17.8562
0.0393495,-43388.1,542.535,17.887,1.06753,-377744,-9401.53,289.374,15.3234,-11169.4,5176.03,525.607,17.8614
0.0393595,-43388.1,542.101,17.8924,1.06771,-377570,-9405.3,289.28,15.3263,-11464.5,5175.92,525.659,17.8667
0.0393695,-43388.1,541.667,17.8978,1.06789,-377396,-9409.08,289.186,15.3292,-11759.5,5175.8,525.711,17.8719
0.0393795,-43388.1,541.234,17.9032,1.06807,-377222,-9412.85,289.092,15.3321,-12054.3,5175.68,525.762,17.8772
0.0393895,-43388.1,540.8,17.9087,1.06825,-377047,-9416.62,288.998,15.335,-12349.1,5175.56,525.814,17.8825
0.0393995,-43388.1,540.366,17.9141,1.06842,-376873,-9420.39,288.903,15.3378,-12643.8,5175.43,525.866,17.8877
0.0394095,-43388.1,539.932,17.9195,1.0686,-376698,-9424.16,288.809,15.3407,-12938.3,5175.31,525.917,17.893
0.0394195,-43388.1,539.498,17.9249,1.06878,-376524,-9427.92,288.715,15.3436,-13232.8,5175.17,525.969,17.8982
0.0394295,-43388.1,539.065,17.9302,1.06896,-376349,-9431.69,288.621,15.3465,-13527.3,5175.04,526.021,17.9035
0.0394395,-43388.1,538.631,17.9356,1.06914,-376174,-9435.45,288.526,15.3494,-13821.6,5174.9,526.073,17.9087
0.0394495,-43388.1,538.197,17.941,1.06932,-375999,-9439.21,288.432,15.3523,-14115.8,5174.76,526.124,17.914
0.0394595,-43388.1,537.763,17.9464,1.0695,-375824,-9442.97,288.338,15.3552,-14409.9,5174.62,526.176,17.9193
0.0394695,-43388.1,537.329,17.9518,1.06968,-375649,-9446.72,288.243,15.358,-14703.9,5174.48,526.228,17.9245
0.0394795,-43388.1,536.895,17.9571,1.06986,-375473,-9450.48,288.149,15.3609,-14997.9,5174.33,526.28,17.9298
0.0394895,-43388.1,536.462,17.9625,1.07004,-375298,-9454.23,288.054,15.3638,-15291.7,5174.18,526.331,17.9351
0.0394995,-43388.1,536.028,17.9679,1.07022,-375122,-9457.98,287.96,15.3667,-15585.4,5174.02,526.383,17.9403
0.0395095,-43388.1,535.594,17.9732,1.0704,-374946,-9461.73,287.865,15.3696,-15879.1,5173.86,526.435,17.9456
0.0395195,-43388.1,535.16,17.9786,1.07058,-374770,-9465.48,287.77,15.3724,-16172.7,5173.7,526.487,17.9508
0.0395295,-43388.1,534.726,17.9839,1.07076,-374594,-9469.23,287.676,15.3753,-16466.1,5173.54,526.538,17.9561
0.0395395,-43388.1,534.292,17.9893,1.07094,-374418,-9472.97,287.581,15.3782,-16759.5,5173.38,526.59,17.9614
0.0395495,-43388.1,533.859,17.9946,1.07112,-374242,-9476.72,287.486,15.3811,-17052.8,5173.21,526.642,17.9666
0.0395595,-43388.1,533.425,17.9999,1.0713,-374066,-9480.46,287.392,15.384,-17345.9,5173.03,526.694,17.9719
0.0395695,-43388.1,532.991,18.0053,1.07148,-373889,-9484.2,287.297,15.3868,-17639,5172.86,526.745,17.9772
0.0395795,-43388.1,532.557,18.0106,1.07166,-373713,-9487.93,287.202,15.3897,-17932,5172.68,526.797,17.9824
0.0395895,-43388.1,532.123,18.0159,1.07184,-373536,-9491.67,287.107,15.3926,-18224.9,5172.5,526.849,17.9877
0.0395995,-43388.1,531.69,18.0212,1.07202,-373359,-9495.4,287.012,15.3954,-18517.7,5172.32,526.9,17.993
0.0396095,-43388.1,531.256,18.0266,1.0722,-373182,-9499.13,286.917,15.3983,-18810.4,5172.13,526.952,17.9983
0.0396195,-43388.1,530.822,18.0319,1.07238,-373005,-9502.87,286.822,15.4012,-19103,5171.94,527.004,18.0035
0.0396295,-43388.1,530.388,18.0372,1.07256,-372828,-9506.59,286.727,15.404,-19395.5,5171.75,527.056,18.0088
0.0396395,-43388.1,529.954,18.0425,1.07274,-372650,-9510.32,286.632,15.4069,-19687.9,5171.55,527.107,18.0141
0.0396495,-43388.1,529.52,18.0478,1.07292,-372473,-9514.05,286.537,15.4098,-19980.2,5171.35,527.159,18.0193
0.0396595,-43388.1,529.087,18.0531,1.0731,-372295,-9517.77,286.442,15.4126,-20272.4,5171.15,527.211,18.0246
0.0396695,-43388.1,528.653,18.0584,1.07328,-372118,-9521.49,286.347,15.4155,-20564.5,5170.95,527.262,18.0299
0.0396795,-43388.1,528.219,18.0636,1.07346,-371940,-9525.21,286.251,15.4184,-20856.5,5170.74,527.314,18.0352
0.0396895,-43388.1,527.785,18.0689,1.07364,-371762,-9528.93,286.156,15.4212,-21148.5,5170.53,527.366,18.0404
0.0396995,-43388.1,527.351,18.0742,1.07382,-371584,-9532.64,286.061,15.4241,-21440.3,5170.32,527.417,18.0457
0.0397095,-43388.1,526.917,18.0795,1.074,-371405,-9536.36,285.966,15.427,-21732,5170.1,527.469,18.051
0.0397195,-43388.1,526.484,18.0847,1.07418,-371227,-9540.07,285.87,15.4298,-22023.7,5169.89,527.521,18.0563
0.0397295,-43388.1,526.05,18.09,1.07436,-371049,-9543.78,285.775,15.4327,-22315.2,5169.66,527.573,18.0615
0.0397395,-43388.1,525.616,18.0952,1.07455,-370870,-9547.49,285.679,15.4355,-22606.6,5169.44,527.624,18.0668
0.0397495,-43388.1,525.182,18.1005,1.07473,-370691,-9551.2,285.584,15.4384,-22898,5169.21,527.676,18.0721
0.0397595,-43388.1,524.748,18.1058,1.07491,-370512,-9554.9,285.488,15.4412,-23189.2,5168.98,527.728,18.0774
0.0397695,-43388.1,524.315,18.111,1.07509,-370334,-9558.61,285.393,15.4441,-23480.4,5168.75,527.779,18.0826
0.0397795,-43388.1,523.881,18.1162,1.07527,-370154,-9562.31,285.297,15.4469,-23771.5,5168.51,527.831,18.0879
0.0397895,-43388.1,523.447,18.1215,1.07545,-369975,-9566.01,285.202,15.4498,-24062.3,5168.27,527.883,18.0932
0.0397995,-43388.1,523.013,18.1267,1.07563,-369796,-9569.71,285.106,15.4527,-24353.2,5168.03,527.934,18.0985
0.0398095,-43388.1,522.579,18.1319,1.07581,-369616,-9573.41,285.01,15.4555,-24643.9,5167.78,527.986,18.1037
0.0398194,-43388.1,522.145,18.1372,1.07599,-369437,-9577.1,284.914,15.4584,-24934.6,5167.54,528.038,18.109
0.0398294,-43388.1,521.712,18.1424,1.07618,-369257,-9580.79,284.819,15.4612,-25225.1,5167.29,528.089,18.1143
0.0398394,-43388.1,521.278,18.1476,1.07636,-369077,-9584.48,284.723,15.464,-25515.6,5167.03,528.141,18.1196
0.0398494,-43388.1,520.844,18.1528,1.07654,-368897,-9588.17,284.627,15.4669,-25805.9,5166.78,528.193,18.1249
0.0398594,-43388.1,520.41,18.158,1.07672,-368717,-9591.86,284.531,15.4697,-26096.2,5166.52,528.244,18.1302
0.0398694,-43388.1,519.976,18.1632,1.0769,-368537,-9595.55,284.435,15.4726,-26386.3,5166.25,528.296,18.1354
0.0398794,-43388.1,519.542,18.1684,1.07708,-368357,-9599.23,284.339,15.4754,-26676.4,5165.99,528.348,18.1407
0.0398894,-43388.1,519.109,18.1736,1.07727,-368176,-9602.91,284.243,15.4783,-26966.3,5165.72,528.399,18.146
0.0398994,-43388.1,518.675,18.1788,1.07745,-367996,-9606.59,284.147,15.4811,-27256.2,5165.45,528.451,18.1513
0.0399094,-43388.1,518.241,18.184,1.07763,-367815,-9610.27,284.051,15.484,-27545.9,5165.18,528.503,18.1566
0.0399194,-43388.1,517.807,18.1891,1.07781,-367634,-9613.95,283.955,15.4868,-27835.6,5164.9,528.554,18.1619
0.0399294,-43388.1,517.373,18.1943,1.07799,-367453,-9617.62,283.859,15.4896,-28125.1,5164.62,528.606,18.1671
0.0399394,-43388.1,516.94,18.1995,1.07817,-367272,-9621.3,283.763,15.4925,-28414.6,5164.34,528.658,18.1724
0.0399494,-43388.1,516.506,18.2047,1.07836,-367091,-9624.97,283.666,15.4953,-28704,5164.05,528.709,18.1777
0.0399594,-43388.1,516.072,18.2098,1.07854,-366910,-9628.64,283.57,15.4981,-28993.2,5163.76,528.761,18.183
0.0399694,-43388.1,515.638,18.215,1.07872,-366728,-9632.31,283.474,15.501,-29282.3,5163.47,528.812,18.1883
0.0399794,-43388.1,515.204,18.2201,1.0789,-366547,-9635.97,283.378,15.5038,-29571.4,5163.18,528.864,18.1936
0.0399894,-43388.1,514.77,18.2253,1.07908,-366365,-9639.64,283.281,15.5066,-29860.3,5162.88,528.916,18.1989
0.0399994,-43388.1,514.337,18.2304,1.07927,-366183,-9643.3,283.185,15.5095,-30149.1,5162.58,528.967,18.2042
0.0400094,-43388.1,513.903,18.2356,1.07945,-366001,-9646.96,283.088,15.5123,-30437.9,5162.28,529.019,18.2094
0.0400194,-43388.1,513.469,18.2407,1.07963,-365819,-9650.62,282.992,15.5151,-30726.5,5161.97,529.07,18.2147
0.0400294,-43388.1,513.035,18.2458,1.07981,-365637,-9654.27,282.895,15.518,-31015,5161.66,529.122,18.22
0.0400394,-43388.1,512.601,18.251,1.08,-365455,-9657.93,282.799,15.5208,-31303.4,5161.35,529.174,18.2253
0.0400494,-43388.1,512.167,18.2561,1.08018,-365272,-9661.58,282.702,15.5236,-31591.8,5161.04,529.225,18.2306
0.0400594,-43388.1,511.734,18.2612,1.08036,-365090,-9665.23,282.606,15.5265,-31880,5160.72,529.277,18.2359
0.0400694,-43388.1,511.3,18.2663,1.08054,-364907,-9668.88,282.509,15.5293,-32168.1,5160.4,529.328,18.2412
0.0400794,-43388.1,510.866,18.2714,1.08073,-364724,-9672.53,282.412,15.5321,-32456.1,5160.08,529.38,18.2465
0.0400894,-43388.1,510.432,18.2765,1.08091,-364541,-9676.18,282.316,15.5349,-32744,5159.75,529.432,18.2518
0.0400994,-43388.1,509.998,18.2816,1.08109,-364358,-9679.82,282.219,15.5378,-33031.8,5159.42,529.483,18.2571
0.0401094,-43388.1,509.565,18.2867,1.08128,-364175,-9683.46,282.122,15.5406,-33319.5,5159.09,529.535,18.2624
0.0401194,-43388.1,509.131,18.2918,1.08146,-363992,-9687.1,282.025,15.5434,-33607.2,5158.75,529.586,18.2677
0.0401294,-43388.1,508.697,18.2969,1.08164,-363808,-9690.74,281.928,15.5462,-33894.7,5158.42,529.638,18.273
0.0401394,-43388.1,508.263,18.302,1.08182,-363625,-9694.38,281.831,15.549,-34182,5158.08,529.69,18.2783
0.0401494,-43388.1,507.829,18.3071,1.08201,-363441,-9698.01,281.734,15.5519,-34469.3,5157.73,529.741,18.2836
0.0401594,-43388.1,507.395,18.3122,1.08219,-363257,-9701.65,281.637,15.5547,-34756.5,5157.39,529.793,18.2889
0.0401694,-43388.1,506.962,18.3172,1.08237,-363073,-9705.28,281.54,15.5575,-35043.6,5157.04,529.844,18.2942
0.0401794,-43388.1,506.528,18.3223,1.08256,-362889,-9708.91,281.443,15.5603,-35330.6,5156.69,529.896,18.2995
0.0401894,-43388.1,506.094,18.3274,1.08274,-362705,-9712.54,281.346,15.5631,-35617.5,5156.33,529.947,18.3048
0.0401994,-43388.1,505.66,18.3324,1.08292,-362521,-9716.16,281.249,15.5659,-35904.2,5155.97,529.999,18.3101
0.0402094,-43388.1,505.226,18.3375,1.08311,-362336,-9719.78,281.152,15.5687,-36190.8,5155.61,530.051,18.3154
0.0402194,-43388.1,504.792,18.3425,1.08329,-362152,-9723.41,281.055,15.5716,-36477.4,5155.25,530.102,18.3207
0.0402294,-43388.1,504.359,18.3476,1.08347,-361967,-9727.03,280.958,15.5744,-36763.8,5154.89,530.154,18.326
0.0402394,-43388.1,503.925,18.3526,1.08366,-361782,-9730.64,280.86,15.5772,-37050.2,5154.52,530.205,18.3313
0.0402494,-43388.1,503.491,18.3576,1.08384,-361597,-9734.26,280.763,15.58,-37336.5,5154.14,530.257,18.3366
0.0402594,-43388.1,503.057,18.3627,1.08402,-361412,-9737.88,280.666,15.5828,-37622.6,5153.77,530.308,18.3419
0.0402694,-43388.1,502.623,18.3677,1.08421,-361227,-9741.49,280.568,15.5856,-37908.6,5153.39,530.36,18.3472
0.0402794,-43388.1,502.19,18.3727,1.08439,-361042,-9745.1,280.471,15.5884,-38194.5,5153.01,530.411,18.3525
0.0402894,-43388.1,501.756,18.3777,1.08457,-360856,-9748.71,280.373,15.5912,-38480.3,5152.63,530.463,18.3578
0.0402994,-43388.1,501.322,18.3828,1.08476,-360671,-9752.32,280.276,15.594,-38766,5152.24,530.514,18.3631
0.0403094,-43388.1,500.888,18.3878,1.08494,-360485,-9755.92,280.178,15.5968,-39051.6,5151.85,530.566,18.3684
0.0403194,-43388.1,500.454,18.3928,1.08513,-360299,-9759.52,280.081,15.5996,-39337.1,5151.46,530.617,18.3737
0.0403294,-43388.1,500.02,18.3978,1.08531,-360113,-9763.12,279.983,15.6024,-39622.5,5151.07,530.669,18.379
0.0403394,-43388.1,499.587,18.4028,1.08549,-359927,-9766.73,279.885,15.6052,-39907.8,5150.67,530.72,18.3843
0.0403494,-43388.1,499.153,18.4078,1.08568,-359741,-9770.32,279.788,15.608,-40193,5150.27,530.772,18.3896
0.0403594,-43388.1,498.719,18.4128,1.08586,-359555,-9773.92,279.69,15.6108,-40478,5149.86,530.823,18.3949
0.0403694,-43388.1,498.285,18.4177,1.08605,-359368,-9777.51,279.592,15.6136,-40763,5149.46,530.875,18.4002
0.0403794,-43388.1,497.851,18.4227,1.08623,-359182,-9781.11,279.495,15.6164,-41047.8,5149.05,530.926,18.4055
0.0403894,-43388.1,497.417,18.4277,1.08641,-358995,-9784.7,279.397,15.6192,-41332.6,5148.64,530.978,18.4108
0.0403994,-43388.1,496.984,18.4327,1.0866,-358808,-9788.28,279.299,15.622,-41617.1,5148.22,531.029,18.4162
0.0404094,-43388.1,496.55,18.4376,1.08678,-358621,-9791.87,279.201,15.6248,-41901.7,5147.8,531.081,18.4215
0.0404194,-43388.1,496.116,18.4426,1.08697,-358434,-9795.46,279.103,15.6276,-42186.1,5147.39,531.132,18.4268
0.0404294,-43388.1,495.682,18.4476,1.08715,-358247,-9799.04,279.005,15.6304,-42470.4,5146.96,531.184,18.4321
0.0404394,-43388.1,495.248,18.4525,1.08734,-358060,-9802.62,278.907,15.6331,-42754.6,5146.54,531.235,18.4374
0.0404494,-43388.1,494.815,18.4575,1.08752,-357872,-9806.2,278.809,15.6359,-43038.7,5146.11,531.287,18.4427
0.0404594,-43388.1,494.381,18.4624,1.08771,-357685,-9809.78,278.711,15.6387,-43322.6,5145.68,531.338,18.448
0.0404694,-43388.1,493.947,18.4673,1.08789,-357497,-9813.35,278.613,15.6415,-43606.5,5145.24,531.39,18.4533
0.0404794,-43388.1,493.513,18.4723,1.08807,-357309,-9816.93,278.515,15.6443,-43890.3,5144.8,531.441,18.4587
0.0404894,-43388.1,493.079,18.4772,1.08826,-357121,-9820.5,278.417,15.6471,-44174,5144.36,531.492,18.464
0.0404994,-43388.1,492.645,18.4821,1.08844,-356933,-9824.07,278.318,15.6499,-44457.5,5143.92,531.544,18.4693
0.0405094,-43388.1,492.212,18.4871,1.08863,-356745,-9827.63,278.22,15.6526,-44740.9,5143.47,531.595,18.4746
0.0405194,-43388.1,491.778,18.492,1.08881,-356557,-9831.2,278.122,15.6554,-45024.2,5143.02,531.647,18.4799
0.0405294,-43388.1,491.344,18.4969,1.089,-356368,-9834.77,278.024,15.6582,-45307.5,5142.57,531.698,18.4852
0.0405394,-43388.1,490.91,18.5018,1.08918,-356180,-9838.33,277.925,15.661,-45590.5,5142.12,531.75,18.4906
0.0405494,-43388.1,490.476,18.5067,1.08937,-355991,-9841.89,277.827,15.6638,-45873.5,5141.66,531.801,18.4959
0.0405594,-43388.1,490.042,18.5116,1.08955,-355802,-9845.45,277.728,15.6665,-46156.4,5141.2,531.852,18.5012
0.0405694,-43388.1,489.609,18.5165,1.08974,-355613,-9849,277.63,15.6693,-46439.1,5140.74,531.904,18.5065
0.0405793,-43388.1,489.175,18.5214,1.08992,-355424,-9852.56,277.531,15.6721,-46721.8,5140.27,531.955,18.5118
0.0405893,-43388.1,488.741,18.5263,1.09011,-355235,-9856.11,277.433,15.6749,-47004.3,5139.8,532.007,18.5171
0.0405993,-43388.1,488.307,18.5312,1.09029,-355046,-9859.66,277.334,15.6776,-47286.8,5139.33,532.058,18.5225
0.0406093,-43388.1,487.873,18.5361,1.09048,-354856,-9863.21,277.236,15.6804,-47569.1,5138.86,532.109,18.5278
0.0406193,-43388.1,487.44,18.5409,1.09067,-354667,-9866.76,277.137,15.6832,-47851.3,5138.38,532.161,18.5331
0.0406293,-43388.1,487.006,18.5458,1.09085,-354477,-9870.3,277.038,15.686,-48133.4,5137.9,532.212,18.5384
0.0406393,-43388.1,486.572,18.5507,1.09104,-354287,-9873.85,276.94,15.6887,-48415.4,5137.42,532.263,18.5438
0.0406493,-43388.1,486.138,18.5555,1.09122,-354097,-9877.39,276.841,15.6915,-48697.2,5136.93,532.315,18.5491
0.0406593,-43388.1,485.704,18.5604,1.09141,-353907,-9880.93,276.742,15.6943,-48979.1,5136.44,532.366,18.5544
0.0406693,-43388.1,485.27,18.5653,1.09159,-353717,-9884.46,276.643,15.697,-49260.7,5135.95,532.418,18.5597
0.0406793,-43388.1,484.837,18.5701,1.09178,-353526,-9888,276.545,15.6998,-49542.2,5135.46,532.469,18.565
0.0406893,-43388.1,484.403,18.5749,1.09196,-353336,-9891.54,276.446,15.7026,-49823.7,5134.96,532.52,18.5704
0.0406993,-43388.1,483.969,18.5798,1.09215,-353145,-9895.07,276.347,15.7053,-50105,5134.46,532.572,18.5757
0.0407093,-43388.1,483.535,18.5846,1.09234,-352955,-9898.6,276.248,15.7081,-50386.2,5133.96,532.623,18.581
0.0407193,-43388.1,483.101,18.5895,1.09252,-352764,-9902.12,276.149,15.7109,-50667.3,5133.46,532.674,18.5864
0.0407293,-43388.1,482.667,18.5943,1.09271,-352573,-9905.65,276.05,15.7136,-50948.2,5132.95,532.726,18.5917
0.0407393,-43388.1,482.234,18.5991,1.09289,-352382,-9909.17,275.951,15.7164,-51229.1,5132.44,532.777,18.597
0.0407493,-43388.1,481.8,18.6039,1.09308,-352190,-9912.7,275.852,15.7191,-51509.9,5131.92,532.828,18.6023
0.0407593,-43388.1,481.366,18.6087,1.09327,-351999,-9916.22,275.753,15.7219,-51790.5,5131.41,532.88,18.6077
0.0407693,-43388.1,480.932,18.6136,1.09345,-351808,-9919.74,275.653,15.7246,-52071,5130.89,532.931,18.613
0.0407793,-43388.1,480.498,18.6184,1.09364,-351616,-9923.25,275.554,15.7274,-52351.4,5130.37,532.982,18.6183
0.0407893,-43388.1,480.065,18.6232,1.09382,-351424,-9926.77,275.455,15.7302,-52631.7,5129.84,533.033,18.6236
0.0407993,-43388.1,479.631,18.628,1.09401,-351232,-9930.28,275.356,15.7329,-52911.9,5129.31,533.085,18.629
0.0408093,-43388.1,479.197,18.6328,1.0942,-351040,-9933.79,275.256,15.7357,-53191.9,5128.78,533.136,18.6343
0.0408193,-43388.1,478.763,18.6375,1.09438,-350848,-9937.3,275.157,15.7384,-53471.8,5128.25,533.187,18.6396
0.0408293,-43388.1,478.329,18.6423,1.09457,-350656,-9940.81,275.058,15.7412,-53751.7,5127.71,533.238,18.645
0.0408393,-43388.1,477.895,18.6471,1.09476,-350464,-9944.31,274.958,15.7439,-54031.4,5127.17,533.29,18.6503
0.0408493,-43388.1,477.462,18.6519,1.09494,-350271,-9947.81,274.859,15.7467,-54311,5126.63,533.341,18.6556
0.0408593,-43388.1,477.028,18.6567,1.09513,-350079,-9951.32,274.759,15.7494,-54590.5,5126.09,533.392,18.661
0.0408693,-43388.1,476.594,18.6614,1.09532,-349886,-9954.82,274.66,15.7522,-54869.8,5125.54,533.444,18.6663
0.0408793,-43388.1,476.16,18.6662,1.0955,-349693,-9958.31,274.56,15.7549,-55149.2,5124.99,533.495,18.6716
0.0408893,-43388.1,475.726,18.6709,1.09569,-349500,-9961.81,274.461,15.7577,-55428.3,5124.44,533.546,18.677
0.0408993,-43388.1,475.292,18.6757,1.09588,-349307,-9965.3,274.361,15.7604,-55707.3,5123.88,533.597,18.6823
0.0409093,-43388.1,474.859,18.6805,1.09606,-349114,-9968.79,274.261,15.7631,-55986.2,5123.33,533.648,18.6877
0.0409193,-43388.1,474.425,18.6852,1.09625,-348920,-9972.29,274.162,15.7659,-56265,5122.76,533.7,18.693
0.0409293,-43388.1,473.991,18.6899,1.09644,-348727,-9975.77,274.062,15.7686,-56543.7,5122.2,533.751,18.6983
0.0409393,-43388.1,473.557,18.6947,1.09662,-348533,-9979.26,273.962,15.7714,-56822.2,5121.63,533.802,18.7037
0.0409493,-43388.1,473.123,18.6994,1.09681,-348339,-9982.74,273.862,15.7741,-57100.7,5121.06,533.853,18.709
0.0409593,-43388.1,472.69,18.7041,1.097,-348145,-9986.22,273.762,15.7768,-57379,5120.49,533.905,18.7143
0.0409693,-43388.1,472.256,18.7089,1.09718,-347951,-9989.71,273.663,15.7796,-57657.3,5119.92,533.956,18.7197
0.0409793,-43388.1,471.822,18.7136,1.09737,-347757,-9993.18,273.563,15.7823,-57935.3,5119.34,534.007,18.725
0.0409893,-43388.1,471.388,18.7183,1.09756,-347563,-9996.66,273.463,15.7851,-58213.3,5118.76,534.058,18.7304
0.0409993,-43388.1,470.954,18.723,1.09774,-347369,-10000.1,273.363,15.7878,-58491.1,5118.17,534.109,18.7357
0.0410093,-43388.1,470.52,18.7277,1.09793,-347174,-10003.6,273.263,15.7905,-58768.9,5117.59,534.161,18.741
0.0410193,-43388.1,470.087,18.7324,1.09812,-346979,-10007.1,273.163,15.7933,-59046.5,5117,534.212,18.7464
0.0410293,-43388.1,469.653,18.7371,1.09831,-346785,-10010.5,273.063,15.796,-59324,5116.41,534.263,18.7517
0.0410393,-43388.1,469.219,18.7418,1.09849,-346590,-10014,272.963,15.7987,-59601.4,5115.81,534.314,18.7571
0.0410493,-43388.1,468.785,18.7465,1.09868,-346395,-10017.5,272.862,15.8014,-59878.7,5115.21,534.365,18.7624
0.0410593,-43388.1,468.351,18.7512,1.09887,-346200,-10020.9,272.762,15.8042,-60155.9,5114.61,534.416,18.7678
0.0410693,-43388.1,467.917,18.7559,1.09906,-346004,-10024.4,272.662,15.8069,-60432.9,5114.01,534.467,18.7731
0.0410793,-43388.1,467.484,18.7605,1.09924,-345809,-10027.9,272.562,15.8096,-60709.8,5113.41,534.519,18.7784
0.0410893,-43388.1,467.05,18.7652,1.09943,-345613,-10031.3,272.462,15.8124,-60986.6,5112.8,534.57,18.7838
0.0410993,-43388.1,466.616,18.7699,1.09962,-345418,-10034.8,272.361,15.8151,-61263.3,5112.19,534.621,18.7891
0.0411093,-43388.1,466.182,18.7745,1.09981,-345222,-10038.2,272.261,15.8178,-61539.8,5111.57,534.672,18.7945
0.0411193,-43388.1,465.748,18.7792,1.09999,-345026,-10041.7,272.16,15.8205,-61816.3,5110.96,534.723,18.7998
0.0411293,-43388.1,465.315,18.7839,1.10018,-344830,-10045.1,272.06,15.8232,-62092.5,5110.34,534.774,18.8052
0.0411393,-43388.1,464.881,18.7885,1.10037,-344634,-10048.6,271.96,15.826,-62368.8,5109.71,534.825,18.8105
0.0411493,-43388.1,464.447,18.7932,1.10056,-344438,-10052,271.859,15.8287,-62644.9,5109.09,534.876,18.8159
0.0411593,-43388.1,464.013,18.7978,1.10075,-344241,-10055.5,271.759,15.8314,-62920.8,5108.46,534.927,18.8212
0.0411693,-43388.1,463.579,18.8024,1.10093,-344045,-10058.9,271.658,15.8341,-63196.7,5107.83,534.978,18.8266
0.0411793,-43388.1,463.145,18.8071,1.10112,-343848,-10062.3,271.557,15.8368,-63472.4,5107.2,535.029,18.8319
0.0411893,-43388.1,462.712,18.8117,1.10131,-343651,-10065.8,271.457,15.8395,-63748,5106.56,535.081,18.8373
0.0411993,-43388.1,462.278,18.8163,1.1015,-343454,-10069.2,271.356,15.8423,-64023.4,5105.92,535.132,18.8426
0.0412093,-43388.1,461.844,18.8209,1.10169,-343257,-10072.6,271.255,15.845,-64298.8,5105.28,535.183,18.848
0.0412193,-43388.1,461.41,18.8256,1.10187,-343060,-10076.1,271.155,15.8477,-64574.1,5104.64,535.234,18.8533
0.0412293,-43388.1,460.976,18.8302,1.10206,-342863,-10079.5,271.054,15.8504,-64849.2,5103.99,535.285,18.8587
0.0412393,-43388.1,460.542,18.8348,1.10225,-342665,-10082.9,270.953,15.8531,-65124.2,5103.34,535.336,18.864
0.0412493,-43388.1,460.109,18.8394,1.10244,-342468,-10086.4,270.852,15.8558,-65399.1,5102.69,535.387,18.8694
0.0412593,-43388.1,459.675,18.844,1.10263,-342270,-10089.8,270.751,15.8585,-65673.8,5102.03,535.438,18.8747
0.0412693,-43388.1,459.241,18.8486,1.10282,-342072,-10093.2,270.651,15.8612,-65948.4,5101.38,535.489,18.8801
0.0412793,-43388.1,458.807,18.8532,1.103,-341874,-10096.6,270.55,15.8639,-66223,5100.71,535.54,18.8855
0.0412893,-43388.1,458.373,18.8577,1.10319,-341676,-10100,270.449,15.8666,-66497.3,5100.05,535.591,18.8908
0.0412993,-43388.1,457.94,18.8623,1.10338,-341478,-10103.4,270.348,15.8693,-66771.6,5099.38,535.642,18.8962
0.0413093,-43388.1,457.506,18.8669,1.10357,-341279,-10106.9,270.247,15.872,-67045.8,5098.71,535.693,18.9015
0.0413193,-43388.1,457.072,18.8715,1.10376,-341081,-10110.3,270.146,15.8747,-67319.8,5098.04,535.744,18.9069
0.0413292,-43388.1,456.638,18.876,1.10395,-340882,-10113.7,270.044,15.8774,-67593.7,5097.37,535.795,18.9122
0.0413392,-43388.1,456.204,18.8806,1.10414,-340684,-10117.1,269.943,15.8801,-67867.5,5096.69,535.846,18.9176
0.0413492,-43388.1,455.77,18.8852,1.10433,-340485,-10120.5,269.842,15.8828,-68141.1,5096.01,535.897,18.923
0.0413592,-43388.1,455.337,18.8897,1.10451,-340286,-10123.9,269.741,15.8855,-68414.7,5095.33,535.948,18.9283
0.0413692,-43388.1,454.903,18.8943,1.1047,-340087,-10127.3,269.64,15.8882,-68688.1,5094.64,535.999,18.9337
0.0413792,-43388.1,454.469,18.8988,1.10489,-339888,-10130.7,269.538,15.8909,-68961.3,5093.96,536.049,18.939
0.0413892,-43388.1,454.035,18.9034,1.10508,-339688,-10134.1,269.437,15.8936,-69234.5,5093.26,536.1,18.9444
0.0413992,-43388.1,453.601,18.9079,1.10527,-339489,-10137.5,269.336,15.8963,-69507.6,5092.57,536.151,18.9498
0.0414092,-43388.1,453.167,18.9124,1.10546,-339289,-10140.9,269.234,15.899,-69780.5,5091.87,536.202,18.9551
0.0414192,-43388.1,452.734,18.917,1.10565,-339089,-10144.3,269.133,15.9017,-70053.3,5091.18,536.253,18.9605
0.0414292,-43388.1,452.3,18.9215,1.10584,-338890,-10147.7,269.031,15.9044,-70326,5090.47,536.304,18.9658
0.0414392,-43388.1,451.866,18.926,1.10603,-338690,-10151.1,268.93,15.9071,-70598.5,5089.77,536.355,18.9712
0.0414492,-43388.1,451.432,18.9305,1.10622,-338489,-10154.4,268.828,15.9098,-70870.9,5089.06,536.406,18.9766
0.0414592,-43388.1,450.998,18.935,1.10641,-338289,-10157.8,268.727,15.9125,-71143.2,5088.35,536.457,18.9819
0.0414692,-43388.1,450.565,18.9395,1.10659,-338089,-10161.2,268.625,15.9152,-71415.4,5087.64,536.508,18.9873
0.0414792,-43388.1,450.131,18.944,1.10678,-337888,-10164.6,268.524,15.9178,-71687.4,5086.92,536.558,18.9927
0.0414892,-43388.1,449.697,18.9485,1.10697,-337688,-10168,268.422,15.9205,-71959.4,5086.21,536.609,18.998
0.0414992,-43388.1,449.263,18.953,1.10716,-337487,-10171.3,268.32,15.9232,-72231.2,5085.48,536.66,19.0034
0.0415092,-43388.1,448.829,18.9575,1.10735,-337286,-10174.7,268.219,15.9259,-72502.9,5084.76,536.711,19.0088
0.0415192,-43388.1,448.395,18.962,1.10754,-337085,-10178.1,268.117,15.9286,-72774.4,5084.04,536.762,19.0141
0.0415292,-43388.1,447.962,18.9665,1.10773,-336884,-10181.5,268.015,15.9313,-73045.8,5083.31,536.813,19.0195
0.0415392,-43388.1,447.528,18.971,1.10792,-336683,-10184.8,267.913,15.9339,-73317.1,5082.57,536.864,19.0249
0.0415492,-43388.1,447.094,18.9754,1.10811,-336481,-10188.2,267.811,15.9366,-73588.3,5081.84,536.914,19.0302
0.0415592,-43388.1,446.66,18.9799,1.1083,-336280,-10191.5,267.71,15.9393,-73859.4,5081.1,536.965,19.0356
0.0415692,-43388.1,446.226,18.9844,1.10849,-336078,-10194.9,267.608,15.942,-74130.3,5080.36,537.016,19.041
0.0415792,-43388.1,445.792,18.9888,1.10868,-335876,-10198.3,267.506,15.9446,-74401.1,5079.62,537.067,19.0463
0.0415892,-43388.1,445.359,18.9933,1.10887,-335674,-10201.6,267.404,15.9473,-74671.8,5078.88,537.118,19.0517
0.0415992,-43388.1,444.925,18.9977,1.10906,-335472,-10205,267.302,15.95,-74942.3,5078.13,537.168,19.0571
0.0416092,-43388.1,444.491,19.0022,1.10925,-335270,-10208.3,267.2,15.9527,-75212.7,5077.38,537.219,19.0625
0.0416192,-43388.1,444.057,19.0066,1.10944,-335068,-10211.7,267.098,15.9553,-75483,5076.62,537.27,19.0678
0.0416292,-43388.1,443.623,19.0111,1.10963,-334866,-10215,266.995,15.958,-75753.2,5075.87,537.321,19.0732
0.0416392,-43388.1,443.19,19.0155,1.10982,-334663,-10218.4,266.893,15.9607,-76023.2,5075.11,537.371,19.0786
0.0416492,-43388.1,442.756,19.0199,1.11001,-334460,-10221.7,266.791,15.9633,-76293.1,5074.35,537.422,19.084
0.0416592,-43388.1,442.322,19.0243,1.1102,-334258,-10225.1,266.689,15.966,-76563,5073.58,537.473,19.0893
0.0416692,-43388.1,441.888,19.0288,1.11039,-334055,-10228.4,266.587,15.9687,-76832.6,5072.82,537.523,19.0947
0.0416792,-43388.1,441.454,19.0332,1.11058,-333852,-10231.8,266.484,15.9713,-77102.1,5072.05,537.574,19.1001
0.0416892,-43388.1,441.02,19.0376,1.11077,-333648,-10235.1,266.382,15.974,-77371.5,5071.27,537.625,19.1055
0.0416992,-43388.1,440.587,19.042,1.11096,-333445,-10238.4,266.28,15.9767,-77640.8,5070.5,537.676,19.1108
0.0417092,-43388.1,440.153,19.0464,1.11115,-333242,-10241.8,266.177,15.9793,-77910,5069.72,537.726,19.1162
0.0417192,-43388.1,439.719,19.0508,1.11134,-333038,-10245.1,266.075,15.982,-78178.9,5068.94,537.777,19.1216
0.0417292,-43388.1,439.285,19.0552,1.11153,-332834,-10248.4,265.972,15.9847,-78447.8,5068.16,537.828,19.127
0.0417392,-43388.1,438.851,19.0596,1.11172,-332631,-10251.7,265.87,15.9873,-78716.6,5067.37,537.878,19.1323
0.0417492,-43388.1,438.417,19.064,1.11191,-332427,-10255.1,265.767,15.99,-78985.3,5066.58,537.929,19.1377
0.0417592,-43388.1,437.984,19.0684,1.11211,-332223,-10258.4,265.665,15.9926,-79253.8,5065.79,537.98,19.1431
0.0417692,-43388.1,437.55,19.0727,1.1123,-332018,-10261.7,265.562,15.9953,-79522.2,5065,538.03,19.1485
0.0417792,-43388.1,437.116,19.0771,1.11249,-331814,-10265,265.46,15.9979,-79790.3,5064.2,538.081,19.1539
0.0417892,-43388.1,436.682,19.0815,1.11268,-331610,-10268.3,265.357,16.0006,-80058.5,5063.4,538.132,19.1592
0.0417992,-43388.1,436.248,19.0858,1.11287,-331405,-10271.7,265.254,16.0032,-80326.4,5062.6,538.182,19.1646
0.0418092,-43388.1,435.815,19.0902,1.11306,-331200,-10275,265.152,16.0059,-80594.3,5061.8,538.233,19.17
0.0418192,-43388.1,435.381,19.0946,1.11325,-330996,-10278.3,265.049,16.0086,-80862.1,5060.99,538.284,19.1754
0.0418292,-43388.1,434.947,19.0989,1.11344,-330791,-10281.6,264.946,16.0112,-81129.7,5060.18,538.334,19.1808
0.0418392,-43388.1,434.513,19.1033,1.11363,-330586,-10284.9,264.843,16.0138,-81397.1,5059.37,538.385,19.1862
0.0418492,-43388.1,434.079,19.1076,1.11382,-330380,-10288.2,264.74,16.0165,-81664.5,5058.55,538.435,19.1915
0.0418592,-43388.1,433.645,19.1119,1.11401,-330175,-10291.5,264.637,16.0191,-81931.7,5057.73,538.486,19.1969
0.0418692,-43388.1,433.212,19.1163,1.11421,-329970,-10294.8,264.535,16.0218,-82198.8,5056.91,538.536,19.2023
0.0418792,-43388.1,432.778,19.1206,1.1144,-329764,-10298.1,264.432,16.0244,-82465.7,5056.09,538.587,19.2077
0.0418892,-43388.1,432.344,19.1249,1.11459,-329558,-10301.4,264.329,16.0271,-82732.5,5055.26,538.638,19.2131
0.0418992,-43388.1,431.91,19.1292,1.11478,-329352,-10304.7,264.226,16.0297,-82999.3,5054.44,538.688,19.2185
0.0419092,-43388.1,431.476,19.1336,1.11497,-329146,-10308,264.123,16.0324,-83265.8,5053.61,538.739,19.2239
0.0419192,-43388.1,431.043,19.1379,1.11516,-328940,-10311.3,264.02,16.035,-83532.2,5052.77,538.789,19.2292
0.0419292,-43388.1,430.609,19.1422,1.11535,-328734,-10314.6,263.916,16.0376,-83798.5,5051.93,538.84,19.2346
0.0419392,-43388.1,430.175,19.1465,1.11554,-328528,-10317.8,263.813,16.0403,-84064.7,5051.1,538.89,19.24
0.0419492,-43388.1,429.741,19.1508,1.11574,-328321,-10321.1,263.71,16.0429,-84330.8,5050.25,538.941,19.2454
0.0419592,-43388.1,429.307,19.1551,1.11593,-328115,-10324.4,263.607,16.0456,-84596.6,5049.41,538.991,19.2508
0.0419692,-43388.1,428.873,19.1594,1.11612,-327908,-10327.7,263.504,16.0482,-84862.4,5048.56,539.042,19.2562
0.0419792,-43388.1,428.44,19.1637,1.11631,-327701,-10331,263.4,16.0508,-85128.1,5047.71,539.092,19.2616
0.0419892,-43388.1,428.006,19.1679,1.1165,-327494,-10334.2,263.297,16.0535,-85393.6,5046.86,539.143,19.267
0.0419992,-43388.1,427.572,19.1722,1.11669,-327287,-10337.5,263.194,16.0561,-85658.9,5046,539.193,19.2724
0.0420092,-43388.1,427.138,19.1765,1.11689,-327080,-10340.8,263.09,16.0587,-85924.2,5045.15,539.243,19.2778
0.0420192,-43388.1,426.704,19.1808,1.11708,-326872,-10344.1,262.987,16.0614,-86189.3,5044.29,539.294,19.2831
0.0420292,-43388.1,426.27,19.185,1.11727,-326665,-10347.3,262.883,16.064,-86454.2,5043.42,539.344,19.2885
0.0420392,-43388.1,425.837,19.1893,1.11746,-326457,-10350.6,262.78,16.0666,-86719,5042.56,539.395,19.2939
0.0420492,-43388.1,425.403,19.1935,1.11765,-326249,-10353.9,262.676,16.0692,-86983.8,5041.69,539.445,19.2993
0.0420592,-43388.1,424.969,19.1978,1.11784,-326041,-10357.1,262.573,16.0719,-87248.4,5040.82,539.496,19.3047
0.0420692,-43388.1,424.535,19.202,1.11804,-325833,-10360.4,262.469,16.0745,-87512.8,5039.94,539.546,19.3101
0.0420792,-43388.1,424.101,19.2063,1.11823,-325625,-10363.6,262.366,16.0771,-87777.2,5039.07,539.596,19.3155
0.0420891,-43388.1,423.668,19.2105,1.11842,-325417,-10366.9,262.262,16.0797,-88041.3,5038.19,539.647,19.3209
0.0420991,-43388.1,423.234,19.2147,1.11861,-325209,-10370.1,262.158,16.0824,-88305.4,5037.31,539.697,19.3263
0.0421091,-43388.1,422.8,19.219,1.1188,-325000,-10373.4,262.055,16.085,-88569.3,5036.42,539.747,19.3317
0.0421191,-43388.1,422.366,19.2232,1.119,-324791,-10376.6,261.951,16.0876,-88833,5035.54,539.798,19.3371
0.0421291,-43388.1,421.932,19.2274,1.11919,-324583,-10379.9,261.847,16.0902,-89096.7,5034.65,539.848,19.3425
0.0421391,-43388.1,421.498,19.2316,1.11938,-324374,-10383.1,261.743,16.0928,-89360.2,5033.75,539.898,19.3479
0.0421491,-43388.1,421.065,19.2358,1.11957,-324165,-10386.4,261.64,16.0955,-89623.6,5032.86,539.949,19.3533
0.0421591,-43388.1,420.631,19.2401,1.11977,-323955,-10389.6,261.536,16.0981,-89886.8,5031.96,539.999,19.3587
0.0421691,-43388.1,420.197,19.2443,1.11996,-323746,-10392.9,261.432,16.1007,-90149.9,5031.06,540.049,19.3641
0.0421791,-43388.1,419.763,19.2485,1.12015,-323537,-10396.1,261.328,16.1033,-90412.9,5030.16,540.1,19.3695
0.0421891,-43388.1,419.329,19.2527,1.12034,-323327,-10399.3,261.224,16.1059,-90675.7,5029.25,540.15,19.3749
0.0421991,-43388.1,418.895,19.2568,1.12054,-323118,-10402.6,261.12,16.1085,-90938.4,5028.35,540.2,19.3803
0.0422091,-43388.1,418.462,19.261,1.12073,-322908,-10405.8,261.016,16.1111,-91201,5027.44,540.251,19.3857
0.0422191,-43388.1,418.028,19.2652,1.12092,-322698,-10409,260.912,16.1137,-91463.4,5026.52,540.301,19.3911
0.0422291,-43388.1,417.594,19.2694,1.12111,-322488,-10412.2,260.808,16.1164,-91725.7,5025.61,540.351,19.3965
0.0422391,-43388.1,417.16,19.2736,1.12131,-322278,-10415.5,260.704,16.119,-91987.9,5024.69,540.401,19.4019
0.0422491,-43388.1,416.726,19.2777,1.1215,-322067,-10418.7,260.599,16.1216,-92249.9,5023.77,540.452,19.4073
0.0422591,-43388.1,416.293,19.2819,1.12169,-321857,-10421.9,260.495,16.1242,-92511.8,5022.84,540.502,19.4127
0.0422691,-43388.1,415.859,19.2861,1.12188,-321646,-10425.1,260.391,16.1268,-92773.5,5021.92,540.552,19.4181
0.0422791,-43388.1,415.425,19.2902,1.12208,-321436,-10428.3,260.287,16.1294,-93035.2,5020.99,540.602,19.4235
0.0422891,-43388.1,414.991,19.2944,1.12227,-321225,-10431.5,260.183,16.132,-93296.6,5020.06,540.652,19.4289
0.0422991,-43388.1,414.557,19.2985,1.12246,-321014,-10434.8,260.078,16.1346,-93558,5019.12,540.703,19.4343
0.0423091,-43388.1,414.123,19.3027,1.12266,-320803,-10438,259.974,16.1372,-93819.2,5018.19,540.753,19.4397
0.0423191,-43388.1,413.69,19.3068,1.12285,-320591,-10441.2,259.869,16.1398,-94080.2,5017.25,540.803,19.4452
0.0423291,-43388.1,413.256,19.3109,1.12304,-320380,-10444.4,259.765,16.1424,-94341.2,5016.3,540.853,19.4506
0.0423391,-43388.1,412.822,19.3151,1.12324,-320169,-10447.6,259.661,16.145,-94602,5015.36,540.903,19.456
0.0423491,-43388.1,412.388,19.3192,1.12343,-319957,-10450.8,259.556,16.1476,-94862.7,5014.41,540.953,19.4614
0.0423591,-43388.1,411.954,19.3233,1.12362,-319745,-10454,259.452,16.1502,-95123.2,5013.46,541.004,19.4668
0.0423691,-43388.1,411.52,19.3274,1.12382,-319534,-10457.2,259.347,16.1528,-95383.6,5012.51,541.054,19.4722
0.0423791,-43388.1,411.087,19.3315,1.12401,-319322,-10460.4,259.243,16.1554,-95643.8,5011.56,541.104,19.4776
0.0423891,-43388.1,410.653,19.3356,1.1242,-319110,-10463.6,259.138,16.1579,-95903.9,5010.6,541.154,19.483
0.0423991,-43388.1,410.219,19.3397,1.1244,-318897,-10466.7,259.033,16.1605,-96163.9,5009.64,541.204,19.4884
0.0424091,-43388.1,409.785,19.3438,1.12459,-318685,-10469.9,258.929,16.1631,-96423.7,5008.67,541.254,19.4938
0.0424191,-43388.1,409.351,19.3479,1.12478,-318472,-10473.1,258.824,16.1657,-96683.4,5007.71,541.304,19.4993
0.0424291,-43388.1,408.918,19.352,1.12498,-318260,-10476.3,258.719,16.1683,-96943,5006.74,541.354,19.5047
0.0424391,-43388.1,408.484,19.3561,1.12517,-318047,-10479.5,258.614,16.1709,-97202.4,5005.77,541.404,19.5101
0.0424491,-43388.1,408.05,19.3602,1.12536,-317834,-10482.7,258.51,16.1735,-97461.7,5004.8,541.454,19.5155
0.0424591,-43388.1,407.616,19.3643,1.12556,-317621,-10485.8,258.405,16.1761,-97720.8,5003.82,541.504,19.5209
0.0424691,-43388.1,407.182,19.3684,1.12575,-317408,-10489,258.3,16.1786,-97979.8,5002.84,541.554,19.5263
0.0424791,-43388.1,406.748,19.3724,1.12594,-317195,-10492.2,258.195,16.1812,-98238.7,5001.86,541.604,19.5317
0.0424891,-43388.1,406.315,19.3765,1.12614,-316982,-10495.4,258.09,16.1838,-98497.4,5000.88,541.654,19.5372
0.0424991,-43388.1,405.881,19.3805,1.12633,-316768,-10498.5,257.985,16.1864,-98756,4999.89,541.704,19.5426
0.0425091,-43388.1,405.447,19.3846,1.12652,-316554,-10501.7,257.88,16.189,-99014.4,4998.9,541.754,19.548
0.0425191,-43388.1,405.013,19.3887,1.12672,-316341,-10504.9,257.775,16.1915,-99272.7,4997.91,541.804,19.5534
0.0425291,-43388.1,404.579,19.3927,1.12691,-316127,-10508,257.67,16.1941,-99530.9,4996.92,541.854,19.5588
0.0425391,-43388.1,404.145,19.3967,1.12711,-315913,-10511.2,257.565,16.1967,-99788.9,4995.92,541.904,19.5643
0.0425491,-43388.1,403.712,19.4008,1.1273,-315699,-10514.3,257.46,16.1993,-100047,4994.92,541.954,19.5697
0.0425591,-43388.1,403.278,19.4048,1.12749,-315484,-10517.5,257.355,16.2019,-100305,4993.92,542.004,19.5751
0.0425691,-43388.1,402.844,19.4088,1.12769,-315270,-10520.6,257.25,16.2044,-100562,4992.92,542.054,19.5805
0.0425791,-43388.1,402.41,19.4129,1.12788,-315056,-10523.8,257.144,16.207,-100820,4991.91,542.104,19.5859
0.0425891,-43388.1,401.976,19.4169,1.12808,-314841,-10526.9,257.039,16.2096,-101077,4990.9,542.154,19.5914
0.0425991,-43388.1,401.543,19.4209,1.12827,-314626,-10530.1,256.934,16.2121,-101334,4989.89,542.204,19.5968
0.0426091,-43388.1,401.109,19.4249,1.12847,-314411,-10533.2,256.829,16.2147,-101591,4988.87,542.254,19.6022
0.0426191,-43388.1,400.675,19.4289,1.12866,-314196,-10536.4,256.723,16.2173,-101848,4987.86,542.304,19.6076
0.0426291,-43388.1,400.241,19.4329,1.12885,-313981,-10539.5,256.618,16.2198,-102105,4986.84,542.353,19.613
0.0426391,-43388.1,399.807,19.4369,1.12905,-313766,-10542.7,256.512,16.2224,-102361,4985.82,542.403,19.6185
0.0426491,-43388.1,399.373,19.4409,1.12924,-313550,-10545.8,256.407,16.225,-102618,4984.79,542.453,19.6239
0.0426591,-43388.1,398.94,19.4449,1.12944,-313335,-10548.9,256.302,16.2275,-102874,4983.76,542.503,19.6293
0.0426691,-43388.1,398.506,19.4489,1.12963,-313119,-10552.1,256.196,16.2301,-103130,4982.73,542.553,19.6347
0.0426791,-43388.1,398.072,19.4529,1.12983,-312903,-10555.2,256.091,16.2327,-103387,4981.7,542.603,19.6402
0.0426891,-43388.1,397.638,19.4569,1.13002,-312687,-10558.3,255.985,16.2352,-103642,4980.67,542.652,19.6456
0.0426991,-43388.1,397.204,19.4608,1.13021,-312471,-10561.4,255.879,16.2378,-103898,4979.63,542.702,19.651
0.0427091,-43388.1,396.77,19.4648,1.13041,-312255,-10564.6,255.774,16.2403,-104154,4978.59,542.752,19.6564
0.0427191,-43388.1,396.337,19.4688,1.1306,-312039,-10567.7,255.668,16.2429,-104409,4977.55,542.802,19.6619
0.0427291,-43388.1,395.903,19.4727,1.1308,-311823,-10570.8,255.562,16.2454,-104665,4976.5,542.852,19.6673
0.0427391,-43388.1,395.469,19.4767,1.13099,-311606,-10573.9,255.457,16.248,-104920,4975.45,542.901,19.6727
0.0427491,-43388.1,395.035,19.4806,1.13119,-311389,-10577,255.351,16.2506,-105175,4974.4,542.951,19.6782
0.0427591,-43388.1,394.601,19.4846,1.13138,-311172,-10580.2,255.245,16.2531,-105430,4973.35,543.001,19.6836
0.0427691,-43388.1,394.168,19.4885,1.13158,-310956,-10583.3,255.139,16.2557,-105685,4972.29,543.051,19.689
0.0427791,-43388.1,393.734,19.4925,1.13177,-310739,-10586.4,255.034,16.2582,-105939,4971.24,543.1,19.6945
0.0427891,-43388.1,393.3,19.4964,1.13197,-310521,-10589.5,254.928,16.2608,-106194,4970.18,543.15,19.6999
0.0427991,-43388.1,392.866,19.5003,1.13216,-310304,-10592.6,254.822,16.2633,-106448,4969.11,543.2,19.7053
0.0428091,-43388.1,392.432,19.5043,1.13236,-310087,-10595.7,254.716,16.2659,-106702,4968.05,543.249,19.7107
0.0428191,-43388.1,391.998,19.5082,1.13255,-309869,-10598.8,254.61,16.2684,-106956,4966.98,543.299,19.7162
0.0428291,-43388.1,391.565,19.5121,1.13275,-309651,-10601.9,254.504,16.271,-107210,4965.91,543.349,19.7216
0.0428391,-43388.1,391.131,19.516,1.13294,-309434,-10605,254.398,16.2735,-107464,4964.83,543.398,19.727
0.042849,-43388.1,390.697,19.5199,1.13314,-309216,-10608.1,254.292,16.276,-107718,4963.76,543.448,19.7325
0.042859,-43388.1,390.263,19.5238,1.13333,-308998,-10611.2,254.186,16.2786,-107971,4962.68,543.498,19.7379
0.042869,-43388.1,389.829,19.5277,1.13353,-308779,-10614.2,254.08,16.2811,-108224,4961.6,543.547,19.7434
0.042879,-43388.1,389.395,19.5316,1.13372,-308561,-10617.3,253.974,16.2837,-108478,4960.52,543.597,19.7488
0.042889,-43388.1,388.962,19.5355,1.13392,-308343,-10620.4,253.867,16.2862,-108731,4959.43,543.646,19.7542
0.042899,-43388.1,388.528,19.5394,1.13411,-308124,-10623.5,253.761,16.2887,-108984,4958.34,543.696,19.7597
0.042909,-43388.1,388.094,19.5433,1.13431,-307905,-10626.6,253.655,16.2913,-109236,4957.25,543.746,19.7651
0.042919,-43388.1,387.66,19.5472,1.13451,-307686,-10629.7,253.549,16.2938,-109489,4956.16,543.795,19.7705
0.042929,-43388.1,387.226,19.551,1.1347,-307468,-10632.7,253.442,16.2963,-109741,4955.06,543.845,19.776
0.042939,-43388.1,386.793,19.5549,1.1349,-307248,-10635.8,253.336,16.2989,-109994,4953.96,543.894,19.7814
0.042949,-43388.1,386.359,19.5588,1.13509,-307029,-10638.9,253.23,16.3014,-110246,4952.86,543.944,19.7869
0.042959,-43388.1,385.925,19.5626,1.13529,-306810,-10641.9,253.123,16.3039,-110498,4951.76,543.993,19.7923
0.042969,-43388.1,385.491,19.5665,1.13548,-306590,-10645,253.017,16.3065,-110750,4950.65,544.043,19.7977
0.042979,-43388.1,385.057,19.5703,1.13568,-306371,-10648.1,252.91,16.309,-111001,4949.54,544.092,19.8032
0.042989,-43388.1,384.623,19.5742,1.13587,-306151,-10651.1,252.804,16.3115,-111253,4948.43,544.142,19.8086
0.042999,-43388.1,384.19,19.578,1.13607,-305931,-10654.2,252.697,16.3141,-111505,4947.32,544.191,19.8141
0.043009,-43388.1,383.756,19.5819,1.13627,-305711,-10657.3,252.591,16.3166,-111756,4946.2,544.241,19.8195
0.043019,-43388.1,383.322,19.5857,1.13646,-305491,-10660.3,252.484,16.3191,-112007,4945.08,544.29,19.8249
0.043029,-43388.1,382.888,19.5895,1.13666,-305271,-10663.4,252.378,16.3216,-112258,4943.96,544.34,19.8304
0.043039,-43388.1,382.454,19.5934,1.13685,-305051,-10666.4,252.271,16.3242,-112509,4942.84,544.389,19.8358
0.043049,-43388.1,382.02,19.5972,1.13705,-304830,-10669.5,252.164,16.3267,-112759,4941.71,544.438,19.8413
0.043059,-43388.1,381.587,19.601,1.13725,-304610,-10672.5,252.058,16.3292,-113010,4940.58,544.488,19.8467
0.043069,-43388.1,381.153,19.6048,1.13744,-304389,-10675.6,251.951,16.3317,-113260,4939.45,544.537,19.8522
0.043079,-43388.1,380.719,19.6086,1.13764,-304168,-10678.6,251.844,16.3342,-113511,4938.32,544.587,19.8576
0.043089,-43388.1,380.285,19.6124,1.13783,-303947,-10681.6,251.737,16.3368,-113761,4937.18,544.636,19.8631
0.043099,-43388.1,379.851,19.6162,1.13803,-303726,-10684.7,251.631,16.3393,-114011,4936.04,544.685,19.8685
0.043109,-43388.1,379.418,19.62,1.13823,-303505,-10687.7,251.524,16.3418,-114261,4934.9,544.735,19.8739
0.043119,-43388.1,378.984,19.6238,1.13842,-303283,-10690.7,251.417,16.3443,-114510,4933.76,544.784,19.8794
0.043129,-43388.1,378.55,19.6276,1.13862,-303062,-10693.8,251.31,16.3468,-114760,4932.61,544.833,19.8848
0.043139,-43388.1,378.116,19.6314,1.13881,-302840,-10696.8,251.203,16.3493,-115009,4931.47,544.883,19.8903
0.043149,-43388.1,377.682,19.6352,1.13901,-302619,-10699.8,251.096,16.3518,-115258,4930.31,544.932,19.8957
0.043159,-43388.1,377.248,19.6389,1.13921,-302397,-10702.9,250.989,16.3544,-115508,4929.16,544.981,19.9012
0.043169,-43388.1,376.815,19.6427,1.1394,-302175,-10705.9,250.882,16.3569,-115756,4928,545.03,19.9066
0.043179,-43388.1,376.381,19.6465,1.1396,-301953,-10708.9,250.775,16.3594,-116005,4926.85,545.08,19.9121
0.043189,-43388.1,375.947,19.6502,1.1398,-301730,-10711.9,250.668,16.3619,-116254,4925.68,545.129,19.9175
0.043199,-43388.1,375.513,19.654,1.13999,-301508,-10714.9,250.561,16.3644,-116502,4924.52,545.178,19.923
0.043209,-43388.1,375.079,19.6577,1.14019,-301286,-10717.9,250.454,16.3669,-116751,4923.35,545.227,19.9284
0.043219,-43388.1,374.645,19.6615,1.14039,-301063,-10721,250.346,16.3694,-116999,4922.19,545.277,19.9339
0.043229,-43388.1,374.212,19.6652,1.14058,-300840,-10724,250.239,16.3719,-117247,4921.01,545.326,19.9394
0.043239,-43388.1,373.778,19.669,1.14078,-300617,-10727,250.132,16.3744,-117495,4919.84,545.375,19.9448
0.043249,-43388.1,373.344,19.6727,1.14098,-300394,-10730,250.025,16.3769,-117743,4918.67,545.424,19.9503
0.043259,-43388.1,372.91,19.6764,1.14117,-300171,-10733,249.917,16.3794,-117990,4917.49,545.473,19.9557
0.043269,-43388.1,372.476,19.6802,1.14137,-299948,-10736,249.81,16.3819,-118238,4916.31,545.523,19.9612
0.043279,-43388.1,372.043,19.6839,1.14157,-299725,-10739,249.703,16.3844,-118485,4915.12,545.572,19.9666
0.043289,-43388.1,371.609,19.6876,1.14176,-299501,-10742,249.595,16.3869,-118732,4913.94,545.621,19.9721
0.043299,-43388.1,371.175,19.6913,1.14196,-299278,-10745,249.488,16.3894,-118979,4912.75,545.67,19.9775
0.043309,-43388.1,370.741,19.695,1.14216,-299054,-10748,249.38,16.3919,-119226,4911.56,545.719,19.983
0.043319,-43388.1,370.307,19.6987,1.14235,-298830,-10750.9,249.273,16.3944,-119473,4910.36,545.768,19.9884
0.043329,-43388.1,369.873,19.7024,1.14255,-298606,-10753.9,249.165,16.3969,-119719,4909.17,545.817,19.9939
0.043339,-43388.1,369.44,19.7061,1.14275,-298382,-10756.9,249.058,16.3994,-119965,4907.97,545.866,19.9994
0.043349,-43388.1,369.006,19.7098,1.14294,-298158,-10759.9,248.95,16.4019,-120212,4906.77,545.915,20.0048
0.043359,-43388.1,368.572,19.7135,1.14314,-297933,-10762.9,248.843,16.4043,-120458,4905.57,545.965,20.0103
0.043369,-43388.1,368.138,19.7172,1.14334,-297709,-10765.9,248.735,16.4068,-120704,4904.36,546.014,20.0157
0.043379,-43388.1,367.704,19.7209,1.14354,-297484,-10768.8,248.627,16.4093,-120950,4903.15,546.063,20.0212
0.043389,-43388.1,367.27,19.7246,1.14373,-297259,-10771.8,248.52,16.4118,-121195,4901.94,546.112,20.0267
0.043399,-43388.1,366.837,19.7282,1.14393,-297034,-10774.8,248.412,16.4143,-121441,4900.73,546.161,20.0321
0.043409,-43388.1,366.403,19.7319,1.14413,-296809,-10777.7,248.304,16.4168,-121686,4899.51,546.21,20.0376
0.043419,-43388.1,365.969,19.7355,1.14432,-296584,-10780.7,248.197,16.4193,-121931,4898.29,546.259,20.0431
0.043429,-43388.1,365.535,19.7392,1.14452,-296359,-10783.7,248.089,16.4217,-122176,4897.07,546.308,20.0485
0.043439,-43388.1,365.101,19.7429,1.14472,-296134,-10786.6,247.981,16.4242,-122421,4895.85,546.357,20.054
0.043449,-43388.1,364.668,19.7465,1.14492,-295908,-10789.6,247.873,16.4267,-122666,4894.63,546.406,20.0594
0.043459,-43388.1,364.234,19.7502,1.14511,-295682,-10792.6,247.765,16.4292,-122910,4893.4,546.454,20.0649
0.043469,-43388.1,363.8,19.7538,1.14531,-295457,-10795.5,247.657,16.4316,-123155,4892.17,546.503,20.0704
0.043479,-43388.1,363.366,19.7574,1.14551,-295231,-10798.5,247.549,16.4341,-123399,4890.94,546.552,20.0758
0.043489,-43388.1,362.932,19.7611,1.14571,-295005,-10801.4,247.441,16.4366,-123643,4889.7,546.601,20.0813
0.043499,-43388.1,362.498,19.7647,1.1459,-294779,-10804.4,247.333,16.4391,-123887,4888.46,546.65,20.0868
0.043509,-43388.1,362.065,19.7683,1.1461,-294552,-10807.3,247.225,16.4415,-124131,4887.22,546.699,20.0922
0.043519,-43388.1,361.631,19.7719,1.1463,-294326,-10810.3,247.117,16.444,-124374,4885.98,546.748,20.0977
0.043529,-43388.1,361.197,19.7755,1.1465,-294100,-10813.2,247.009,16.4465,-124618,4884.74,546.797,20.1032
0.043539,-43388.1,360.763,19.7791,1.1467,-293873,-10816.1,246.901,16.449,-124861,4883.49,546.845,20.1086
0.043549,-43388.1,360.329,19.7828,1.14689,-293646,-10819.1,246.793,16.4514,-125104,4882.24,546.894,20.1141
0.043559,-43388.1,359.895,19.7864,1.14709,-293419,-10822,246.685,16.4539,-125347,4880.99,546.943,20.1196
0.043569,-43388.1,359.462,19.7899,1.14729,-293192,-10824.9,246.576,16.4564,-125590,4879.73,546.992,20.125
0.043579,-43388.1,359.028,19.7935,1.14749,-292965,-10827.9,246.468,16.4588,-125833,4878.48,547.041,20.1305
0.043589,-43388.1,358.594,19.7971,1.14768,-292738,-10830.8,246.36,16.4613,-126076,4877.22,547.089,20.136
0.0435989,-43388.1,358.16,19.8007,1.14788,-292510,-10833.7,246.251,16.4638,-126318,4875.95,547.138,20.1415
0.0436089,-43388.1,357.726,19.8043,1.14808,-292283,-10836.6,246.143,16.4662,-126560,4874.69,547.187,20.1469
0.0436189,-43388.1,357.293,19.8079,1.14828,-292055,-10839.6,246.035,16.4687,-126802,4873.42,547.236,20.1524
0.0436289,-43388.1,356.859,19.8114,1.14848,-291828,-10842.5,245.926,16.4711,-127044,4872.15,547.284,20.1579
0.0436389,-43388.1,356.425,19.815,1.14867,-291600,-10845.4,245.818,16.4736,-127286,4870.88,547.333,20.1633
0.0436489,-43388.1,355.991,19.8186,1.14887,-291372,-10848.3,245.709,16.4761,-127528,4869.61,547.382,20.1688
0.0436589,-43388.1,355.557,19.8221,1.14907,-291144,-10851.2,245.601,16.4785,-127769,4868.33,547.43,20.1743
0.0436689,-43388.1,355.123,19.8257,1.14927,-290915,-10854.1,245.493,16.481,-128011,4867.06,547.479,20.1798
0.0436789,-43388.1,354.69,19.8292,1.14947,-290687,-10857.1,245.384,16.4834,-128252,4865.77,547.528,20.1852
0.0436889,-43388.1,354.256,19.8328,1.14967,-290458,-10860,245.275,16.4859,-128493,4864.49,547.576,20.1907
0.0436989,-43388.1,353.822,19.8363,1.14986,-290230,-10862.9,245.167,16.4883,-128734,4863.2,547.625,20.1962
0.0437089,-43388.1,353.388,19.8398,1.15006,-290001,-10865.8,245.058,16.4908,-128974,4861.92,547.674,20.2017
0.0437189,-43388.1,352.954,19.8434,1.15026,-289772,-10868.7,244.95,16.4932,-129215,4860.62,547.722,20.2071
0.0437289,-43388.1,352.52,19.8469,1.15046,-289543,-10871.6,244.841,16.4957,-129455,4859.33,547.771,20.2126
0.0437389,-43388.1,352.087,19.8504,1.15066,-289314,-10874.4,244.732,16.4981,-129696,4858.04,547.819,20.2181
0.0437489,-43388.1,351.653,19.8539,1.15086,-289085,-10877.3,244.623,16.5006,-129936,4856.74,547.868,20.2236
0.0437589,-43388.1,351.219,19.8575,1.15105,-288855,-10880.2,244.515,16.503,-130176,4855.44,547.917,20.2291
0.0437689,-43388.1,350.785,19.861,1.15125,-288626,-10883.1,244.406,16.5055,-130415,4854.14,547.965,20.2345
0.0437789,-43388.1,350.351,19.8645,1.15145,-288396,-10886,244.297,16.5079,-130655,4852.83,548.014,20.24
0.0437889,-43388.1,349.918,19.868,1.15165,-288166,-10888.9,244.188,16.5103,-130894,4851.52,548.062,20.2455
0.0437989,-43388.1,349.484,19.8715,1.15185,-287937,-10891.8,244.079,16.5128,-131134,4850.21,548.111,20.251
0.0438089,-43388.1,349.05,19.875,1.15205,-287707,-10894.6,243.97,16.5152,-131373,4848.9,548.159,20.2565
0.0438189,-43388.1,348.616,19.8784,1.15225,-287476,-10897.5,243.861,16.5177,-131612,4847.58,548.208,20.2619
0.0438289,-43388.1,348.182,19.8819,1.15245,-287246,-10900.4,243.752,16.5201,-131851,4846.27,548.256,20.2674
0.0438389,-43388.1,347.748,19.8854,1.15264,-287016,-10903.3,243.643,16.5225,-132089,4844.95,548.305,20.2729
0.0438489,-43388.1,347.315,19.8889,1.15284,-286785,-10906.1,243.534,16.525,-132328,4843.63,548.353,20.2784
0.0438589,-43388.1,346.881,19.8924,1.15304,-286555,-10909,243.425,16.5274,-132566,4842.3,548.401,20.2839
0.0438689,-43388.1,346.447,19.8958,1.15324,-286324,-10911.9,243.316,16.5298,-132804,4840.98,548.45,20.2894
0.0438789,-43388.1,346.013,19.8993,1.15344,-286093,-10914.7,243.207,16.5323,-133042,4839.65,548.498,20.2948
0.0438889,-43388.1,345.579,19.9027,1.15364,-285862,-10917.6,243.098,16.5347,-133280,4838.31,548.547,20.3003
0.0438989,-43388.1,345.145,19.9062,1.15384,-285631,-10920.4,242.989,16.5371,-133518,4836.98,548.595,20.3058
0.0439089,-43388.1,344.712,19.9096,1.15404,-285400,-10923.3,242.88,16.5396,-133755,4835.65,548.643,20.3113
0.0439189,-43388.1,344.278,19.9131,1.15424,-285168,-10926.1,242.77,16.542,-133993,4834.31,548.692,20.3168
0.0439289,-43388.1,343.844,19.9165,1.15444,-284937,-10929,242.661,16.5444,-134230,4832.97,548.74,20.3223
0.0439389,-43388.1,343.41,19.92,1.15463,-284705,-10931.8,242.552,16.5469,-134467,4831.62,548.788,20.3278
0.0439489,-43388.1,342.976,19.9234,1.15483,-284474,-10934.7,242.442,16.5493,-134704,4830.28,548.837,20.3333
0.0439589,-43388.1,342.543,19.9268,1.15503,-284242,-10937.5,242.333,16.5517,-134941,4828.93,548.885,20.3387
0.0439689,-43388.1,342.109,19.9302,1.15523,-284010,-10940.4,242.224,16.5541,-135178,4827.58,548.933,20.3442
0.0439789,-43388.1,341.675,19.9337,1.15543,-283778,-10943.2,242.114,16.5565,-135414,4826.23,548.982,20.3497
0.0439889,-43388.1,341.241,19.9371,1.15563,-283545,-10946,242.005,16.559,-135650,4824.87,549.03,20.3552
0.0439989,-43388.1,340.807,19.9405,1.15583,-283313,-10948.9,241.895,16.5614,-135886,4823.51,549.078,20.3607
0.0440089,-43388.1,340.373,19.9439,1.15603,-283080,-10951.7,241.786,16.5638,-136122,4822.15,549.126,20.3662
0.0440189,-43388.1,339.94,19.9473,1.15623,-282848,-10954.5,241.676,16.5662,-136358,4820.79,549.174,20.3717
0.0440289,-43388.1,339.506,19.9507,1.15643,-282615,-10957.4,241.567,16.5686,-136594,4819.43,549.223,20.3772
0.0440389,-43388.1,339.072,19.9541,1.15663,-282382,-10960.2,241.457,16.5711,-136829,4818.06,549.271,20.3827
0.0440489,-43388.1,338.638,19.9575,1.15683,-282149,-10963,241.348,16.5735,-137065,4816.69,549.319,20.3882
0.0440589,-43388.1,338.204,19.9609,1.15703,-281916,-10965.8,241.238,16.5759,-137300,4815.32,549.367,20.3937
0.0440689,-43388.1,337.77,19.9642,1.15723,-281683,-10968.7,241.128,16.5783,-137535,4813.94,549.415,20.3991
0.0440789,-43388.1,337.337,19.9676,1.15743,-281450,-10971.5,241.019,16.5807,-137770,4812.57,549.463,20.4046
0.0440889,-43388.1,336.903,19.971,1.15763,-281216,-10974.3,240.909,16.5831,-138004,4811.19,549.511,20.4101
0.0440989,-43388.1,336.469,19.9743,1.15783,-280982,-10977.1,240.799,16.5855,-138239,4809.81,549.56,20.4156
0.0441089,-43388.1,336.035,19.9777,1.15803,-280749,-10979.9,240.69,16.5879,-138473,4808.42,549.608,20.4211
0.0441189,-43388.1,335.601,19.9811,1.15823,-280515,-10982.7,240.58,16.5903,-138707,4807.04,549.656,20.4266
0.0441289,-43388.1,335.168,19.9844,1.15842,-280281,-10985.5,240.47,16.5927,-138941,4805.65,549.704,20.4321
0.0441389,-43388.1,334.734,19.9878,1.15862,-280047,-10988.3,240.36,16.5951,-139175,4804.26,549.752,20.4376
0.0441489,-43388.1,334.3,19.9911,1.15882,-279813,-10991.1,240.25,16.5975,-139409,4802.87,549.8,20.4431
0.0441589,-43388.1,333.866,19.9945,1.15902,-279578,-10993.9,240.14,16.5999,-139643,4801.47,549.848,20.4486
0.0441689,-43388.1,333.432,19.9978,1.15922,-279344,-10996.7,240.03,16.6023,-139876,4800.07,549.896,20.4541
0.0441789,-43388.1,332.998,20.0011,1.15942,-279109,-10999.5,239.92,16.6047,-140109,4798.68,549.944,20.4596
0.0441889,-43388.1,332.565,20.0044,1.15962,-278875,-11002.3,239.81,16.6071,-140342,4797.27,549.992,20.4651
0.0441989,-43388.1,332.131,20.0078,1.15982,-278640,-11005.1,239.7,16.6095,-140575,4795.87,550.04,20.4706
0.0442089,-43388.1,331.697,20.0111,1.16002,-278405,-11007.9,239.59,16.6119,-140808,4794.46,550.088,20.4761
0.0442189,-43388.1,331.263,20.0144,1.16022,-278170,-11010.6,239.48,16.6143,-141040,4793.05,550.136,20.4816
0.0442289,-43388.1,330.829,20.0177,1.16042,-277935,-11013.4,239.37,16.6167,-141273,4791.64,550.184,20.4871
0.0442389,-43388.1,330.395,20.021,1.16062,-277699,-11016.2,239.26,16.6191,-141505,4790.23,550.231,20.4926
0.0442489,-43388.1,329.962,20.0243,1.16083,-277464,-11019,239.15,16.6215,-141737,4788.81,550.279,20.4981
0.0442589,-43388.1,329.528,20.0276,1.16103,-277228,-11021.7,239.04,16.6239,-141969,4787.39,550.327,20.5036
0.0442689,-43388.1,329.094,20.0309,1.16123,-276993,-11024.5,238.929,16.6263,-142201,4785.97,550.375,20.5091
0.0442789,-43388.1,328.66,20.0342,1.16143,-276757,-11027.3,238.819,16.6287,-142432,4784.55,550.423,20.5146
0.0442889,-43388.1,328.226,20.0375,1.16163,-276521,-11030,238.709,16.6311,-142664,4783.12,550.471,20.5201
0.0442989,-43388.1,327.793,20.0408,1.16183,-276285,-11032.8,238.599,16.6335,-142895,4781.7,550.519,20.5256
0.0443089,-43388.1,327.359,20.044,1.16203,-276049,-11035.6,238.488,16.6358,-143126,4780.27,550.566,20.5311
0.0443189,-43388.1,326.925,20.0473,1.16223,-275812,-11038.3,238.378,16.6382,-143357,4778.83,550.614,20.5366
0.0443289,-43388.1,326.491,20.0506,1.16243,-275576,-11041.1,238.267,16.6406,-143588,4777.4,550.662,20.5422
0.0443389,-43388.1,326.057,20.0538,1.16263,-275339,-11043.8,238.157,16.643,-143819,4775.96,550.71,20.5477
0.0443489,-43388.1,325.623,20.0571,1.16283,-275103,-11046.6,238.047,16.6454,-144049,4774.52,550.757,20.5532
0.0443588,-43388.1,325.19,20.0604,1.16303,-274866,-11049.3,237.936,16.6478,-144279,4773.08,550.805,20.5587
0.0443688,-43388.1,324.756,20.0636,1.16323,-274629,-11052.1,237.826,16.6501,-144510,4771.64,550.853,20.5642
0.0443788,-43388.1,324.322,20.0668,1.16343,-274392,-11054.8,237.715,16.6525,-144739,4770.19,550.901,20.5697
0.0443888,-43388.1,323.888,20.0701,1.16363,-274155,-11057.6,237.605,16.6549,-144969,4768.75,550.948,20.5752
0.0443988,-43388.1,323.454,20.0733,1.16383,-273917,-11060.3,237.494,16.6573,-145199,4767.29,550.996,20.5807
0.0444088,-43388.1,323.02,20.0766,1.16403,-273680,-11063.1,237.383,16.6596,-145428,4765.84,551.044,20.5862
0.0444188,-43388.1,322.587,20.0798,1.16423,-273443,-11065.8,237.273,16.662,-145658,4764.39,551.091,20.5917
0.0444288,-43388.1,322.153,20.083,1.16443,-273205,-11068.5,237.162,16.6644,-145887,4762.93,551.139,20.5972
0.0444388,-43388.1,321.719,20.0862,1.16464,-272967,-11071.3,237.051,16.6668,-146116,4761.47,551.187,20.6028
0.0444488,-43388.1,321.285,20.0894,1.16484,-272729,-11074,236.941,16.6691,-146345,4760.01,551.234,20.6083
0.0444588,-43388.1,320.851,20.0926,1.16504,-272491,-11076.7,236.83,16.6715,-146573,4758.54,551.282,20.6138
0.0444688,-43388.1,320.418,20.0959,1.16524,-272253,-11079.4,236.719,16.6739,-146802,4757.08,551.329,20.6193
0.0444788,-43388.1,319.984,20.0991,1.16544,-272015,-11082.2,236.608,16.6762,-147030,4755.61,551.377,20.6248
0.0444888,-43388.1,319.55,20.1023,1.16564,-271776,-11084.9,236.498,16.6786,-147258,4754.14,551.424,20.6303
0.0444988,-43388.1,319.116,20.1054,1.16584,-271538,-11087.6,236.387,16.681,-147486,4752.66,551.472,20.6358
0.0445088,-43388.1,318.682,20.1086,1.16604,-271299,-11090.3,236.276,16.6833,-147714,4751.19,551.519,20.6413
0.0445188,-43388.1,318.248,20.1118,1.16624,-271061,-11093,236.165,16.6857,-147942,4749.71,551.567,20.6469
0.0445288,-43388.1,317.815,20.115,1.16644,-270822,-11095.7,236.054,16.688,-148169,4748.23,551.614,20.6524
0.0445388,-43388.1,317.381,20.1182,1.16665,-270583,-11098.4,235.943,16.6904,-148396,4746.75,551.662,20.6579
0.0445488,-43388.1,316.947,20.1213,1.16685,-270344,-11101.1,235.832,16.6928,-148624,4745.26,551.709,20.6634
0.0445588,-43388.1,316.513,20.1245,1.16705,-270104,-11103.8,235.721,16.6951,-148850,4743.77,551.757,20.6689
0.0445688,-43388.1,316.079,20.1277,1.16725,-269865,-11106.5,235.61,16.6975,-149077,4742.28,551.804,20.6744
0.0445788,-43388.1,315.645,20.1308,1.16745,-269626,-11109.2,235.499,16.6998,-149304,4740.79,551.852,20.68
0.0445888,-43388.1,315.212,20.134,1.16765,-269386,-11111.9,235.388,16.7022,-149530,4739.3,551.899,20.6855
0.0445988,-43388.1,314.778,20.1371,1.16785,-269146,-11114.6,235.277,16.7045,-149757,4737.8,551.946,20.691
0.0446088,-43388.1,314.344,20.1403,1.16805,-268906,-11117.3,235.166,16.7069,-149983,4736.3,551.994,20.6965
0.0446188,-43388.1,313.91,20.1434,1.16826,-268666,-11120,235.054,16.7092,-150209,4734.8,552.041,20.702
0.0446288,-43388.1,313.476,20.1466,1.16846,-268426,-11122.7,234.943,16.7116,-150435,4733.3,552.088,20.7076
0.0446388,-43388.1,313.043,20.1497,1.16866,-268186,-11125.4,234.832,16.7139,-150660,4731.79,552.136,20.7131
0.0446488,-43388.1,312.609,20.1528,1.16886,-267946,-11128,234.721,16.7163,-150886,4730.29,552.183,20.7186
0.0446588,-43388.1,312.175,20.1559,1.16906,-267705,-11130.7,234.61,16.7186,-151111,4728.78,552.23,20.7241
0.0446688,-43388.1,311.741,20.1591,1.16926,-267465,-11133.4,234.498,16.721,-151336,4727.26,552.278,20.7297
0.0446788,-43388.1,311.307,20.1622,1.16946,-267224,-11136.1,234.387,16.7233,-151561,4725.75,552.325,20.7352
0.0446888,-43388.1,310.873,20.1653,1.16967,-266983,-11138.7,234.276,16.7257,-151786,4724.23,552.372,20.7407
0.0446988,-43388.1,310.44,20.1684,1.16987,-266742,-11141.4,234.164,16.728,-152011,4722.71,552.419,20.7462
0.0447088,-43388.1,310.006,20.1715,1.17007,-266501,-11144.1,234.053,16.7304,-152235,4721.19,552.467,20.7517
0.0447188,-43388.1,309.572,20.1746,1.17027,-266260,-11146.7,233.941,16.7327,-152459,4719.67,552.514,20.7573
0.0447288,-43388.1,309.138,20.1777,1.17047,-266019,-11149.4,233.83,16.735,-152683,4718.15,552.561,20.7628
0.0447388,-43388.1,308.704,20.1808,1.17067,-265777,-11152.1,233.718,16.7374,-152907,4716.62,552.608,20.7683
0.0447488,-43388.1,308.27,20.1839,1.17088,-265536,-11154.7,233.607,16.7397,-153131,4715.09,552.655,20.7738
0.0447588,-43388.1,307.837,20.1869,1.17108,-265294,-11157.4,233.495,16.742,-153355,4713.56,552.702,20.7794
0.0447688,-43388.1,307.403,20.19,1.17128,-265053,-11160,233.384,16.7444,-153578,4712.02,552.75,20.7849
0.0447788,-43388.1,306.969,20.1931,1.17148,-264811,-11162.7,233.272,16.7467,-153801,4710.48,552.797,20.7904
0.0447888,-43388.1,306.535,20.1962,1.17168,-264569,-11165.3,233.16,16.749,-154025,4708.94,552.844,20.796
0.0447988,-43388.1,306.101,20.1992,1.17189,-264326,-11168,233.049,16.7514,-154248,4707.4,552.891,20.8015
0.0448088,-43388.1,305.668,20.2023,1.17209,-264084,-11170.6,232.937,16.7537,-154470,4705.86,552.938,20.807
0.0448188,-43388.1,305.234,20.2053,1.17229,-263842,-11173.2,232.826,16.756,-154693,4704.32,552.985,20.8125
0.0448288,-43388.1,304.8,20.2084,1.17249,-263599,-11175.9,232.714,16.7584,-154915,4702.77,553.032,20.8181
0.0448388,-43388.1,304.366,20.2114,1.17269,-263357,-11178.5,232.602,16.7607,-155138,4701.22,553.079,20.8236
0.0448488,-43388.1,303.932,20.2145,1.1729,-263114,-11181.1,232.49,16.763,-155360,4699.67,553.126,20.8291
0.0448588,-43388.1,303.498,20.2175,1.1731,-262871,-11183.8,232.378,16.7653,-155582,4698.11,553.173,20.8347
0.0448688,-43388.1,303.065,20.2205,1.1733,-262628,-11186.4,232.266,16.7677,-155803,4696.55,553.22,20.8402
0.0448788,-43388.1,302.631,20.2236,1.1735,-262385,-11189,232.155,16.77,-156025,4694.99,553.267,20.8457
0.0448888,-43388.1,302.197,20.2266,1.1737,-262142,-11191.6,232.043,16.7723,-156246,4693.43,553.314,20.8513
0.0448988,-43388.1,301.763,20.2296,1.17391,-261899,-11194.3,231.931,16.7746,-156468,4691.87,553.361,20.8568
0.0449088,-43388.1,301.329,20.2326,1.17411,-261655,-11196.9,231.819,16.7769,-156689,4690.3,553.408,20.8623
0.0449188,-43388.1,300.895,20.2356,1.17431,-261412,-11199.5,231.707,16.7793,-156909,4688.74,553.455,20.8679
0.0449288,-43388.1,300.462,20.2386,1.17451,-261168,-11202.1,231.595,16.7816,-157130,4687.17,553.501,20.8734
0.0449388,-43388.1,300.028,20.2416,1.17472,-260924,-11204.7,231.483,16.7839,-157351,4685.59,553.548,20.8789
0.0449488,-43388.1,299.594,20.2446,1.17492,-260680,-11207.3,231.371,16.7862,-157571,4684.02,553.595,20.8845
0.0449588,-43388.1,299.16,20.2476,1.17512,-260436,-11209.9,231.259,16.7885,-157791,4682.44,553.642,20.89
0.0449688,-43388.1,298.726,20.2506,1.17532,-260192,-11212.5,231.147,16.7908,-158011,4680.86,553.689,20.8955
0.0449788,-43388.1,298.293,20.2536,1.17553,-259948,-11215.1,231.035,16.7931,-158231,4679.28,553.736,20.9011
0.0449888,-43388.1,297.859,20.2566,1.17573,-259703,-11217.7,230.922,16.7955,-158451,4677.7,553.782,20.9066
0.0449988,-43388.1,297.425,20.2596,1.17593,-259459,-11220.3,230.81,16.7978,-158670,4676.11,553.829,20.9122
0.0450088,-43388.1,296.991,20.2625,1.17613,-259214,-11222.9,230.698,16.8001,-158890,4674.53,553.876,20.9177
0.0450188,-43388.1,296.557,20.2655,1.17634,-258969,-11225.5,230.586,16.8024,-159109,4672.94,553.922,20.9232
0.0450288,-43388.1,296.123,20.2685,1.17654,-258724,-11228.1,230.474,16.8047,-159328,4671.35,553.969,20.9288
0.0450388,-43388.1,295.69,20.2714,1.17674,-258479,-11230.7,230.361,16.807,-159547,4669.75,554.016,20.9343
0.0450488,-43388.1,295.256,20.2744,1.17694,-258234,-11233.3,230.249,16.8093,-159765,4668.16,554.063,20.9399
0.0450588,-43388.1,294.822,20.2773,1.17715,-257989,-11235.9,230.137,16.8116,-159984,4666.56,554.109,20.9454
0.0450688,-43388.1,294.388,20.2803,1.17735,-257743,-11238.4,230.024,16.8139,-160202,4664.96,554.156,20.9509
0.0450788,-43388.1,293.954,20.2832,1.17755,-257498,-11241,229.912,16.8162,-160420,4663.35,554.203,20.9565
0.0450888,-43388.1,293.52,20.2861,1.17776,-257252,-11243.6,229.8,16.8185,-160638,4661.75,554.249,20.962
0.0450988,-43388.1,293.087,20.2891,1.17796,-257007,-11246.2,229.687,16.8208,-160856,4660.14,554.296,20.9676
0.0451088,-43388.1,292.653,20.292,1.17816,-256761,-11248.7,229.575,16.8231,-161074,4658.53,554.342,20.9731
0.0451187,-43388.1,292.219,20.2949,1.17836,-256515,-11251.3,229.462,16.8254,-161291,4656.92,554.389,20.9787
0.0451287,-43388.1,291.785,20.2979,1.17857,-256269,-11253.9,229.35,16.8277,-161508,4655.31,554.435,20.9842
0.0451387,-43388.1,291.351,20.3008,1.17877,-256023,-11256.4,229.237,16.83,-161725,4653.69,554.482,20.9897
0.0451487,-43388.1,290.918,20.3037,1.17897,-255776,-11259,229.125,16.8323,-161942,4652.07,554.529,20.9953
0.0451587,-43388.1,290.484,20.3066,1.17918,-255530,-11261.5,229.012,16.8345,-162159,4650.45,554.575,21.0008
0.0451687,-43388.1,290.05,20.3095,1.17938,-255283,-11264.1,228.899,16.8368,-162376,4648.83,554.622,21.0064
0.0451787,-43388.1,289.616,20.3124,1.17958,-255037,-11266.6,228.787,16.8391,-162592,4647.2,554.668,21.0119
0.0451887,-43388.1,289.182,20.3153,1.17979,-254790,-11269.2,228.674,16.8414,-162808,4645.58,554.715,21.0175
0.0451987,-43388.1,288.748,20.3182,1.17999,-254543,-11271.7,228.561,16.8437,-163024,4643.95,554.761,21.023
0.0452087,-43388.1,288.315,20.3211,1.18019,-254296,-11274.3,228.449,16.846,-163240,4642.32,554.807,21.0286
0.0452187,-43388.1,287.881,20.3239,1.18039,-254049,-11276.8,228.336,16.8483,-163456,4640.69,554.854,21.0341
0.0452287,-43388.1,287.447,20.3268,1.1806,-253801,-11279.4,228.223,16.8505,-163671,4639.05,554.9,21.0397
0.0452387,-43388.1,287.013,20.3297,1.1808,-253554,-11281.9,228.11,16.8528,-163887,4637.41,554.947,21.0452
0.0452487,-43388.1,286.579,20.3326,1.181,-253307,-11284.4,227.998,16.8551,-164102,4635.77,554.993,21.0508
0.0452587,-43388.1,286.145,20.3354,1.18121,-253059,-11287,227.885,16.8574,-164317,4634.13,555.039,21.0563
0.0452687,-43388.1,285.712,20.3383,1.18141,-252811,-11289.5,227.772,16.8597,-164532,4632.49,555.086,21.0619
0.0452787,-43388.1,285.278,20.3411,1.18161,-252563,-11292,227.659,16.8619,-164746,4630.84,555.132,21.0674
0.0452887,-43388.1,284.844,20.344,1.18182,-252315,-11294.5,227.546,16.8642,-164961,4629.19,555.178,21.073
0.0452987,-43388.1,284.41,20.3468,1.18202,-252067,-11297.1,227.433,16.8665,-165175,4627.54,555.224,21.0785
0.0453087,-43388.1,283.976,20.3497,1.18222,-251819,-11299.6,227.32,16.8688,-165389,4625.89,555.271,21.0841
0.0453187,-43388.1,283.543,20.3525,1.18243,-251571,-11302.1,227.207,16.871,-165603,4624.23,555.317,21.0896
0.0453287,-43388.1,283.109,20.3553,1.18263,-251322,-11304.6,227.094,16.8733,-165817,4622.58,555.363,21.0952
0.0453387,-43388.1,282.675,20.3582,1.18284,-251074,-11307.1,226.981,16.8756,-166030,4620.92,555.409,21.1007
0.0453487,-43388.1,282.241,20.361,1.18304,-250825,-11309.6,226.868,16.8779,-166244,4619.26,555.456,21.1063
0.0453587,-43388.1,281.807,20.3638,1.18324,-250576,-11312.1,226.755,16.8801,-166457,4617.59,555.502,21.1118
0.0453687,-43388.1,281.373,20.3666,1.18345,-250327,-11314.6,226.642,16.8824,-166670,4615.93,555.548,21.1174
0.0453787,-43388.1,280.94,20.3694,1.18365,-250078,-11317.1,226.529,16.8847,-166883,4614.26,555.594,21.123
0.0453887,-43388.1,280.506,20.3722,1.18385,-249829,-11319.6,226.415,16.8869,-167096,4612.59,555.64,21.1285
0.0453987,-43388.1,280.072,20.375,1.18406,-249580,-11322.1,226.302,16.8892,-167308,4610.92,555.686,21.1341
0.0454087,-43388.1,279.638,20.3778,1.18426,-249330,-11324.6,226.189,16.8914,-167520,4609.25,555.732,21.1396
0.0454187,-43388.1,279.204,20.3806,1.18446,-249081,-11327.1,226.076,16.8937,-167733,4607.57,555.779,21.1452
0.0454287,-43388.1,278.77,20.3834,1.18467,-248831,-11329.6,225.963,16.896,-167945,4605.89,555.825,21.1507
0.0454387,-43388.1,278.337,20.3862,1.18487,-248582,-11332.1,225.849,16.8982,-168156,4604.21,555.871,21.1563
0.0454487,-43388.1,277.903,20.389,1.18508,-248332,-11334.6,225.736,16.9005,-168368,4602.53,555.917,21.1619
0.0454587,-43388.1,277.469,20.3918,1.18528,-248082,-11337.1,225.623,16.9027,-168579,4600.84,555.963,21.1674
0.0454687,-43388.1,277.035,20.3945,1.18548,-247832,-11339.5,225.509,16.905,-168791,4599.16,556.009,21.173
0.0454787,-43388.1,276.601,20.3973,1.18569,-247581,-11342,225.396,16.9073,-169002,4597.47,556.055,21.1785
0.0454887,-43388.1,276.168,20.4001,1.18589,-247331,-11344.5,225.282,16.9095,-169213,4595.78,556.101,21.1841
0.0454987,-43388.1,275.734,20.4028,1.1861,-247081,-11347,225.169,16.9118,-169424,4594.08,556.147,21.1897
0.0455087,-43388.1,275.3,20.4056,1.1863,-246830,-11349.4,225.055,16.914,-169634,4592.39,556.192,21.1952
0.0455187,-43388.1,274.866,20.4083,1.1865,-246579,-11351.9,224.942,16.9163,-169844,4590.69,556.238,21.2008
0.0455287,-43388.1,274.432,20.4111,1.18671,-246329,-11354.4,224.828,16.9185,-170055,4588.99,556.284,21.2063
0.0455387,-43388.1,273.998,20.4138,1.18691,-246078,-11356.8,224.715,16.9208,-170265,4587.29,556.33,21.2119
0.0455487,-43388.1,273.565,20.4166,1.18712,-245827,-11359.3,224.601,16.923,-170475,4585.59,556.376,21.2175
0.0455587,-43388.1,273.131,20.4193,1.18732,-245576,-11361.7,224.488,16.9252,-170684,4583.88,556.422,21.223
0.0455687,-43388.1,272.697,20.422,1.18752,-245324,-11364.2,224.374,16.9275,-170894,4582.18,556.468,21.2286
0.0455787,-43388.1,272.263,20.4247,1.18773,-245073,-11366.6,224.261,16.9297,-171103,4580.47,556.513,21.2342
0.0455887,-43388.1,271.829,20.4275,1.18793,-244821,-11369.1,224.147,16.932,-171312,4578.75,556.559,21.2397
0.0455987,-43388.1,271.395,20.4302,1.18814,-244570,-11371.5,224.033,16.9342,-171521,4577.04,556.605,21.2453
0.0456087,-43388.1,270.962,20.4329,1.18834,-244318,-11374,223.919,16.9365,-171730,4575.32,556.651,21.2509
0.0456187,-43388.1,270.528,20.4356,1.18855,-244066,-11376.4,223.806,16.9387,-171938,4573.61,556.696,21.2564
0.0456287,-43388.1,270.094,20.4383,1.18875,-243814,-11378.9,223.692,16.9409,-172147,4571.88,556.742,21.262
0.0456387,-43388.1,269.66,20.441,1.18895,-243562,-11381.3,223.578,16.9432,-172355,4570.16,556.788,21.2676
0.0456487,-43388.1,269.226,20.4437,1.18916,-243310,-11383.7,223.464,16.9454,-172563,4568.44,556.834,21.2731
0.0456587,-43388.1,268.793,20.4464,1.18936,-243058,-11386.2,223.351,16.9476,-172771,4566.71,556.879,21.2787
0.0456687,-43388.1,268.359,20.4491,1.18957,-242805,-11388.6,223.237,16.9499,-172979,4564.98,556.925,21.2843
0.0456787,-43388.1,267.925,20.4518,1.18977,-242553,-11391,223.123,16.9521,-173186,4563.25,556.971,21.2898
0.0456887,-43388.1,267.491,20.4544,1.18998,-242300,-11393.4,223.009,16.9543,-173394,4561.52,557.016,21.2954
0.0456987,-43388.1,267.057,20.4571,1.19018,-242047,-11395.9,222.895,16.9566,-173601,4559.79,557.062,21.301
0.0457087,-43388.1,266.623,20.4598,1.19039,-241795,-11398.3,222.781,16.9588,-173808,4558.05,557.107,21.3065
0.0457187,-43388.1,266.19,20.4624,1.19059,-241542,-11400.7,222.667,16.961,-174015,4556.31,557.153,21.3121
0.0457287,-43388.1,265.756,20.4651,1.19079,-241288,-11403.1,222.553,16.9632,-174221,4554.57,557.198,21.3177
0.0457387,-43388.1,265.322,20.4678,1.191,-241035,-11405.5,222.439,16.9655,-174428,4552.83,557.244,21.3233
0.0457487,-43388.1,264.888,20.4704,1.1912,-240782,-11407.9,222.325,16.9677,-174634,4551.08,557.29,21.3288
0.0457587,-43388.1,264.454,20.473,1.19141,-240528,-11410.3,222.211,16.9699,-174840,4549.33,557.335,21.3344
0.0457687,-43388.1,264.02,20.4757,1.19161,-240275,-11412.8,222.097,16.9721,-175046,4547.58,557.38,21.34
0.0457787,-43388.1,263.587,20.4783,1.19182,-240021,-11415.2,221.983,16.9744,-175252,4545.83,557.426,21.3456
0.0457887,-43388.1,263.153,20.481,1.19202,-239767,-11417.6,221.868,16.9766,-175457,4544.08,557.471,21.3511
0.0457987,-43388.1,262.719,20.4836,1.19223,-239513,-11419.9,221.754,16.9788,-175662,4542.32,557.517,21.3567
0.0458087,-43388.1,262.285,20.4862,1.19243,-239259,-11422.3,221.64,16.981,-175868,4540.57,557.562,21.3623
0.0458187,-43388.1,261.851,20.4888,1.19264,-239005,-11424.7,221.526,16.9832,-176073,4538.81,557.608,21.3679
0.0458287,-43388.1,261.418,20.4915,1.19284,-238751,-11427.1,221.412,16.9854,-176277,4537.05,557.653,21.3734
0.0458387,-43388.1,260.984,20.4941,1.19305,-238497,-11429.5,221.297,16.9877,-176482,4535.28,557.698,21.379
0.0458487,-43388.1,260.55,20.4967,1.19325,-238242,-11431.9,221.183,16.9899,-176686,4533.52,557.744,21.3846
0.0458587,-43388.1,260.116,20.4993,1.19346,-237987,-11434.3,221.069,16.9921,-176891,4531.75,557.789,21.3902
0.0458687,-43388.1,259.682,20.5019,1.19366,-237733,-11436.6,220.954,16.9943,-177095,4529.98,557.834,21.3957
0.0458786,-43388.1,259.248,20.5045,1.19387,-237478,-11439,220.84,16.9965,-177299,4528.21,557.88,21.4013
0.0458886,-43388.1,258.815,20.5071,1.19407,-237223,-11441.4,220.726,16.9987,-177502,4526.43,557.925,21.4069
0.0458986,-43388.1,258.381,20.5096,1.19428,-236968,-11443.8,220.611,17.0009,-177706,4524.66,557.97,21.4125
0.0459086,-43388.1,257.947,20.5122,1.19448,-236713,-11446.1,220.497,17.0031,-177909,4522.88,558.015,21.4181
0.0459186,-43388.1,257.513,20.5148,1.19469,-236457,-11448.5,220.382,17.0053,-178112,4521.1,558.061,21.4236
0.0459286,-43388.1,257.079,20.5174,1.19489,-236202,-11450.9,220.268,17.0075,-178315,4519.32,558.106,21.4292
0.0459386,-43388.1,256.645,20.5199,1.1951,-235946,-11453.2,220.153,17.0097,-178518,4517.53,558.151,21.4348
0.0459486,-43388.1,256.212,20.5225,1.1953,-235691,-11455.6,220.039,17.0119,-178721,4515.75,558.196,21.4404
0.0459586,-43388.1,255.778,20.5251,1.19551,-235435,-11457.9,219.924,17.0141,-178923,4513.96,558.241,21.446
0.0459686,-43388.1,255.344,20.5276,1.19571,-235179,-11460.3,219.81,17.0163,-179125,4512.17,558.286,21.4515
0.0459786,-43388.1,254.91,20.5302,1.19592,-234923,-11462.6,219.695,17.0185,-179327,4510.38,558.331,21.4571
0.0459886,-43388.1,254.476,20.5327,1.19612,-234667,-11465,219.581,17.0207,-179529,4508.58,558.377,21.4627
0.0459986,-43388.1,254.043,20.5353,1.19633,-234411,-11467.3,219.466,17.0229,-179731,4506.79,558.422,21.4683
0.0460086,-43388.1,253.609,20.5378,1.19653,-234155,-11469.7,219.351,17.0251,-179932,4504.99,558.467,21.4739
0.0460186,-43388.1,253.175,20.5403,1.19674,-233898,-11472,219.236,17.0273,-180134,4503.19,558.512,21.4795
0.0460286,-43388.1,252.741,20.5429,1.19695,-233642,-11474.4,219.122,17.0295,-180335,4501.39,558.557,21.4851
0.0460386,-43388.1,252.307,20.5454,1.19715,-233385,-11476.7,219.007,17.0317,-180536,4499.58,558.602,21.4906
0.0460486,-43388.1,251.873,20.5479,1.19736,-233128,-11479,218.892,17.0339,-180737,4497.78,558.647,21.4962
0.0460586,-43388.1,251.44,20.5504,1.19756,-232871,-11481.3,218.777,17.0361,-180937,4495.97,558.692,21.5018
0.0460686,-43388.1,251.006,20.5529,1.19777,-232614,-11483.7,218.663,17.0383,-181138,4494.16,558.737,21.5074
0.0460786,-43388.1,250.572,20.5554,1.19797,-232357,-11486,218.548,17.0404,-181338,4492.35,558.782,21.513
0.0460886,-43388.1,250.138,20.5579,1.19818,-232100,-11488.3,218.433,17.0426,-181538,4490.53,558.826,21.5186
0.0460986,-43388.1,249.704,20.5604,1.19838,-231843,-11490.6,218.318,17.0448,-181738,4488.72,558.871,21.5242
0.0461086,-43388.1,249.27,20.5629,1.19859,-231585,-11493,218.203,17.047,-181937,4486.9,558.916,21.5298
0.0461186,-43388.1,248.837,20.5654,1.1988,-231328,-11495.3,218.088,17.0492,-182137,4485.08,558.961,21.5353
0.0461286,-43388.1,248.403,20.5679,1.199,-231070,-11497.6,217.973,17.0514,-182336,4483.26,559.006,21.5409
0.0461386,-43388.1,247.969,20.5704,1.19921,-230812,-11499.9,217.858,17.0535,-182535,4481.43,559.051,21.5465
0.0461486,-43388.1,247.535,20.5729,1.19941,-230554,-11502.2,217.743,17.0557,-182734,4479.61,559.096,21.5521
0.0461586,-43388.1,247.101,20.5753,1.19962,-230296,-11504.5,217.628,17.0579,-182933,4477.78,559.14,21.5577
0.0461686,-43388.1,246.668,20.5778,1.19982,-230038,-11506.8,217.513,17.0601,-183131,4475.95,559.185,21.5633
0.0461786,-43388.1,246.234,20.5803,1.20003,-229780,-11509.1,217.398,17.0622,-183330,4474.12,559.23,21.5689
0.0461886,-43388.1,245.8,20.5827,1.20024,-229521,-11511.4,217.283,17.0644,-183528,4472.28,559.275,21.5745
0.0461986,-43388.1,245.366,20.5852,1.20044,-229263,-11513.7,217.168,17.0666,-183726,4470.45,559.319,21.5801
0.0462086,-43388.1,244.932,20.5876,1.20065,-229004,-11516,217.053,17.0688,-183924,4468.61,559.364,21.5857
0.0462186,-43388.1,244.498,20.5901,1.20085,-228746,-11518.3,216.938,17.0709,-184121,4466.77,559.409,21.5913
0.0462286,-43388.1,244.065,20.5925,1.20106,-228487,-11520.6,216.823,17.0731,-184319,4464.93,559.453,21.5969
0.0462386,-43388.1,243.631,20.595,1.20126,-228228,-11522.8,216.707,17.0753,-184516,4463.08,559.498,21.6025
0.0462486,-43388.1,243.197,20.5974,1.20147,-227969,-11525.1,216.592,17.0774,-184713,4461.24,559.543,21.608
0.0462586,-43388.1,242.763,20.5998,1.20168,-227710,-11527.4,216.477,17.0796,-184910,4459.39,559.587,21.6136
0.0462686,-43388.1,242.329,20.6023,1.20188,-227451,-11529.7,216.362,17.0818,-185107,4457.54,559.632,21.6192
0.0462786,-43388.1,241.895,20.6047,1.20209,-227191,-11532,216.246,17.0839,-185303,4455.69,559.676,21.6248
0.0462886,-43388.1,241.462,20.6071,1.20229,-226932,-11534.2,216.131,17.0861,-185499,4453.83,559.721,21.6304
0.0462986,-43388.1,241.028,20.6095,1.2025,-226672,-11536.5,216.016,17.0882,-185696,4451.98,559.765,21.636
0.0463086,-43388.1,240.594,20.6119,1.20271,-226412,-11538.8,215.9,17.0904,-185892,4450.12,559.81,21.6416
0.0463186,-43388.1,240.16,20.6143,1.20291,-226153,-11541,215.785,17.0926,-186087,4448.26,559.854,21.6472
0.0463286,-43388.1,239.726,20.6167,1.20312,-225893,-11543.3,215.669,17.0947,-186283,4446.4,559.899,21.6528
0.0463386,-43388.1,239.293,20.6191,1.20332,-225633,-11545.5,215.554,17.0969,-186478,4444.53,559.943,21.6584
0.0463486,-43388.1,238.859,20.6215,1.20353,-225372,-11547.8,215.439,17.099,-186673,4442.67,559.988,21.664
0.0463586,-43388.1,238.425,20.6239,1.20374,-225112,-11550,215.323,17.1012,-186868,4440.8,560.032,21.6696
0.0463686,-43388.1,237.991,20.6263,1.20394,-224852,-11552.3,215.208,17.1033,-187063,4438.93,560.076,21.6752
0.0463786,-43388.1,237.557,20.6287,1.20415,-224591,-11554.5,215.092,17.1055,-187258,4437.06,560.121,21.6808
0.0463886,-43388.1,237.123,20.631,1.20436,-224331,-11556.8,214.977,17.1076,-187452,4435.19,560.165,21.6864
0.0463986,-43388.1,236.69,20.6334,1.20456,-224070,-11559,214.861,17.1098,-187646,4433.31,560.21,21.692
0.0464086,-43388.1,236.256,20.6358,1.20477,-223809,-11561.3,214.745,17.1119,-187841,4431.44,560.254,21.6976
0.0464186,-43388.1,235.822,20.6381,1.20497,-223548,-11563.5,214.63,17.1141,-188034,4429.56,560.298,21.7032
0.0464286,-43388.1,235.388,20.6405,1.20518,-223287,-11565.7,214.514,17.1162,-188228,4427.67,560.342,21.7088
0.0464386,-43388.1,234.954,20.6428,1.20539,-223026,-11568,214.399,17.1184,-188422,4425.79,560.387,21.7144
0.0464486,-43388.1,234.52,20.6452,1.20559,-222765,-11570.2,214.283,17.1205,-188615,4423.91,560.431,21.72
0.0464586,-43388.1,234.087,20.6475,1.2058,-222504,-11572.4,214.167,17.1227,-188808,4422.02,560.475,21.7256
0.0464686,-43388.1,233.653,20.6499,1.20601,-222242,-11574.6,214.051,17.1248,-189001,4420.13,560.519,21.7313
0.0464786,-43388.1,233.219,20.6522,1.20621,-221980,-11576.9,213.936,17.1269,-189194,4418.24,560.564,21.7369
0.0464886,-43388.1,232.785,20.6545,1.20642,-221719,-11579.1,213.82,17.1291,-189386,4416.35,560.608,21.7425
0.0464986,-43388.1,232.351,20.6568,1.20663,-221457,-11581.3,213.704,17.1312,-189579,4414.45,560.652,21.7481
0.0465086,-43388.1,231.918,20.6592,1.20683,-221195,-11583.5,213.588,17.1334,-189771,4412.56,560.696,21.7537
0.0465186,-43388.1,231.484,20.6615,1.20704,-220933,-11585.7,213.473,17.1355,-189963,4410.66,560.74,21.7593
0.0465286,-43388.1,231.05,20.6638,1.20725,-220671,-11587.9,213.357,17.1376,-190154,4408.76,560.784,21.7649
0.0465386,-43388.1,230.616,20.6661,1.20745,-220409,-11590.1,213.241,17.1398,-190346,4406.86,560.828,21.7705
0.0465486,-43388.1,230.182,20.6684,1.20766,-220146,-11592.3,213.125,17.1419,-190537,4404.95,560.872,21.7761
0.0465586,-43388.1,229.748,20.6707,1.20787,-219884,-11594.5,213.009,17.144,-190729,4403.05,560.916,21.7817
0.0465686,-43388.1,229.315,20.673,1.20807,-219621,-11596.7,212.893,17.1461,-190920,4401.14,560.96,21.7873
0.0465786,-43388.1,228.881,20.6753,1.20828,-219358,-11598.9,212.777,17.1483,-191111,4399.23,561.004,21.7929
0.0465886,-43388.1,228.447,20.6776,1.20849,-219096,-11601.1,212.661,17.1504,-191301,4397.32,561.048,21.7985
0.0465986,-43388.1,228.013,20.6799,1.20869,-218833,-11603.3,212.545,17.1525,-191492,4395.4,561.092,21.8042
0.0466086,-43388.1,227.579,20.6821,1.2089,-218570,-11605.5,212.429,17.1547,-191682,4393.49,561.136,21.8098
0.0466186,-43388.1,227.146,20.6844,1.20911,-218307,-11607.7,212.313,17.1568,-191872,4391.57,561.18,21.8154
0.0466285,-43388.1,226.712,20.6867,1.20931,-218043,-11609.9,212.197,17.1589,-192062,4389.65,561.224,21.821
0.0466385,-43388.1,226.278,20.6889,1.20952,-217780,-11612,212.081,17.161,-192252,4387.73,561.268,21.8266
0.0466485,-43388.1,225.844,20.6912,1.20973,-217516,-11614.2,211.965,17.1631,-192441,4385.81,561.312,21.8322
0.0466585,-43388.1,225.41,20.6935,1.20993,-217253,-11616.4,211.849,17.1653,-192630,4383.88,561.356,21.8378
0.0466685,-43388.1,224.976,20.6957,1.21014,-216989,-11618.6,211.732,17.1674,-192820,4381.95,561.399,21.8434
0.0466785,-43388.1,224.543,20.698,1.21035,-216725,-11620.7,211.616,17.1695,-193008,4380.02,561.443,21.8491
0.0466885,-43388.1,224.109,20.7002,1.21055,-216462,-11622.9,211.5,17.1716,-193197,4378.09,561.487,21.8547
0.0466985,-43388.1,223.675,20.7024,1.21076,-216198,-11625.1,211.384,17.1737,-193386,4376.16,561.531,21.8603
0.0467085,-43388.1,223.241,20.7047,1.21097,-215933,-11627.2,211.268,17.1758,-193574,4374.23,561.575,21.8659
0.0467185,-43388.1,222.807,20.7069,1.21118,-215669,-11629.4,211.151,17.1779,-193762,4372.29,561.618,21.8715
0.0467285,-43388.1,222.373,20.7091,1.21138,-215405,-11631.5,211.035,17.1801,-193950,4370.35,561.662,21.8771
0.0467385,-43388.1,221.94,20.7113,1.21159,-215140,-11633.7,210.919,17.1822,-194138,4368.41,561.706,21.8828
0.0467485,-43388.1,221.506,20.7136,1.2118,-214876,-11635.8,210.802,17.1843,-194326,4366.47,561.749,21.8884
0.0467585,-43388.1,221.072,20.7158,1.212,-214611,-11638,210.686,17.1864,-194513,4364.53,561.793,21.894
0.0467685,-43388.1,220.638,20.718,1.21221,-214346,-11640.1,210.57,17.1885,-194700,4362.58,561.837,21.8996
0.0467785,-43388.1,220.204,20.7202,1.21242,-214082,-11642.3,210.453,17.1906,-194887,4360.63,561.88,21.9052
0.0467885,-43388.1,219.771,20.7224,1.21263,-213817,-11644.4,210.337,17.1927,-195074,4358.68,561.924,21.9108
0.0467985,-43388.1,219.337,20.7246,1.21283,-213552,-11646.5,210.22,17.1948,-195261,4356.73,561.967,21.9165
0.0468085,-43388.1,218.903,20.7268,1.21304,-213286,-11648.7,210.104,17.1969,-195447,4354.78,562.011,21.9221
0.0468185,-43388.1,218.469,20.729,1.21325,-213021,-11650.8,209.987,17.199,-195633,4352.82,562.055,21.9277
0.0468285,-43388.1,218.035,20.7311,1.21345,-212756,-11652.9,209.871,17.2011,-195819,4350.87,562.098,21.9333
0.0468385,-43388.1,217.601,20.7333,1.21366,-212490,-11655.1,209.754,17.2032,-196005,4348.91,562.142,21.9389
0.0468485,-43388.1,217.168,20.7355,1.21387,-212224,-11657.2,209.638,17.2053,-196191,4346.95,562.185,21.9446
0.0468585,-43388.1,216.734,20.7377,1.21408,-211959,-11659.3,209.521,17.2074,-196376,4344.98,562.228,21.9502
0.0468685,-43388.1,216.3,20.7398,1.21428,-211693,-11661.4,209.405,17.2095,-196562,4343.02,562.272,21.9558
0.0468785,-43388.1,215.866,20.742,1.21449,-211427,-11663.5,209.288,17.2116,-196747,4341.05,562.315,21.9614
0.0468885,-43388.1,215.432,20.7441,1.2147,-211161,-11665.7,209.172,17.2137,-196932,4339.09,562.359,21.9671
0.0468985,-43388.1,214.998,20.7463,1.21491,-210895,-11667.8,209.055,17.2158,-197116,4337.12,562.402,21.9727
0.0469085,-43388.1,214.565,20.7484,1.21511,-210628,-11669.9,208.938,17.2179,-197301,4335.14,562.445,21.9783
0.0469185,-43388.1,214.131,20.7506,1.21532,-210362,-11672,208.822,17.2199,-197485,4333.17,562.489,21.9839
0.0469285,-43388.1,213.697,20.7527,1.21553,-210096,-11674.1,208.705,17.222,-197669,4331.19,562.532,21.9896
0.0469385,-43388.1,213.263,20.7549,1.21574,-209829,-11676.2,208.588,17.2241,-197853,4329.22,562.575,21.9952
0.0469485,-43388.1,212.829,20.757,1.21594,-209562,-11678.3,208.471,17.2262,-198037,4327.24,562.619,22.0008
0.0469585,-43388.1,212.396,20.7591,1.21615,-209295,-11680.4,208.355,17.2283,-198221,4325.26,562.662,22.0064
0.0469685,-43388.1,211.962,20.7612,1.21636,-209028,-11682.5,208.238,17.2304,-198404,4323.27,562.705,22.0121
0.0469785,-43388.1,211.528,20.7634,1.21657,-208761,-11684.5,208.121,17.2325,-198587,4321.29,562.748,22.0177
0.0469885,-43388.1,211.094,20.7655,1.21677,-208494,-11686.6,208.004,17.2345,-198770,4319.3,562.792,22.0233
0.0469985,-43388.1,210.66,20.7676,1.21698,-208227,-11688.7,207.887,17.2366,-198953,4317.31,562.835,22.0289
0.0470085,-43388.1,210.226,20.7697,1.21719,-207960,-11690.8,207.77,17.2387,-199135,4315.32,562.878,22.0346
0.0470185,-43388.1,209.793,20.7718,1.2174,-207692,-11692.9,207.653,17.2408,-199318,4313.33,562.921,22.0402
0.0470285,-43388.1,209.359,20.7739,1.2176,-207425,-11694.9,207.536,17.2428,-199500,4311.34,562.964,22.0458
0.0470385,-43388.1,208.925,20.776,1.21781,-207157,-11697,207.419,17.2449,-199682,4309.34,563.007,22.0515
0.0470485,-43388.1,208.491,20.7781,1.21802,-206889,-11699.1,207.303,17.247,-199864,4307.34,563.05,22.0571
0.0470585,-43388.1,208.057,20.7801,1.21823,-206621,-11701.2,207.186,17.2491,-200045,4305.35,563.093,22.0627
0.0470685,-43388.1,207.623,20.7822,1.21844,-206353,-11703.2,207.069,17.2511,-200227,4303.34,563.136,22.0684
0.0470785,-43388.1,207.19,20.7843,1.21864,-206085,-11705.3,206.952,17.2532,-200408,4301.34,563.179,22.074
0.0470885,-43388.1,206.756,20.7864,1.21885,-205817,-11707.3,206.835,17.2553,-200589,4299.34,563.222,22.0796
0.0470985,-43388.1,206.322,20.7884,1.21906,-205549,-11709.4,206.717,17.2573,-200770,4297.33,563.265,22.0852
0.0471085,-43388.1,205.888,20.7905,1.21927,-205280,-11711.5,206.6,17.2594,-200950,4295.32,563.308,22.0909
0.0471185,-43388.1,205.454,20.7925,1.21948,-205012,-11713.5,206.483,17.2615,-201131,4293.31,563.351,22.0965
0.0471285,-43388.1,205.021,20.7946,1.21968,-204743,-11715.6,206.366,17.2635,-201311,4291.3,563.394,22.1021
0.0471385,-43388.1,204.587,20.7966,1.21989,-204474,-11717.6,206.249,17.2656,-201491,4289.29,563.437,22.1078
0.0471485,-43388.1,204.153,20.7987,1.2201,-204206,-11719.6,206.132,17.2677,-201671,4287.27,563.48,22.1134
0.0471585,-43388.1,203.719,20.8007,1.22031,-203937,-11721.7,206.015,17.2697,-201850,4285.25,563.523,22.1191
0.0471685,-43388.1,203.285,20.8028,1.22051,-203668,-11723.7,205.897,17.2718,-202030,4283.23,563.566,22.1247
0.0471785,-43388.1,202.851,20.8048,1.22072,-203398,-11725.8,205.78,17.2738,-202209,4281.21,563.609,22.1303
0.0471885,-43388.1,202.418,20.8068,1.22093,-203129,-11727.8,205.663,17.2759,-202388,4279.19,563.651,22.136
0.0471985,-43388.1,201.984,20.8088,1.22114,-202860,-11729.8,205.546,17.278,-202567,4277.17,563.694,22.1416
0.0472085,-43388.1,201.55,20.8109,1.22135,-202590,-11731.8,205.428,17.28,-202746,4275.14,563.737,22.1472
0.0472185,-43388.1,201.116,20.8129,1.22155,-202321,-11733.9,205.311,17.2821,-202924,4273.11,563.78,22.1529
0.0472285,-43388.1,200.682,20.8149,1.22176,-202051,-11735.9,205.194,17.2841,-203102,4271.08,563.822,22.1585
0.0472385,-43388.1,200.248,20.8169,1.22197,-201781,-11737.9,205.076,17.2862,-203280,4269.05,563.865,22.1641
0.0472485,-43388.1,199.815,20.8189,1.22218,-201512,-11739.9,204.959,17.2882,-203458,4267.02,563.908,22.1698
0.0472585,-43388.1,199.381,20.8209,1.22239,-201242,-11741.9,204.842,17.2903,-203636,4264.98,563.95,22.1754
0.0472685,-43388.1,198.947,20.8229,1.2226,-200971,-11744,204.724,17.2923,-203813,4262.94,563.993,22.1811
0.0472785,-43388.1,198.513,20.8249,1.2228,-200701,-11746,204.607,17.2944,-203991,4260.91,564.036,22.1867
0.0472885,-43388.1,198.079,20.8268,1.22301,-200431,-11748,204.489,17.2964,-204168,4258.86,564.078,22.1923
0.0472985,-43388.1,197.646,20.8288,1.22322,-200160,-11750,204.372,17.2985,-204345,4256.82,564.121,22.198
0.0473085,-43388.1,197.212,20.8308,1.22343,-199890,-11752,204.254,17.3005,-204521,4254.78,564.163,22.2036
0.0473185,-43388.1,196.778,20.8328,1.22364,-199619,-11754,204.137,17.3025,-204698,4252.73,564.206,22.2093
0.0473285,-43388.1,196.344,20.8347,1.22385,-199349,-11756,204.019,17.3046,-204874,4250.69,564.248,22.2149
0.0473385,-43388.1,195.91,20.8367,1.22405,-199078,-11758,203.902,17.3066,-205050,4248.64,564.291,22.2206
0.0473485,-43388.1,195.476,20.8386,1.22426,-198807,-11759.9,203.784,17.3087,-205226,4246.58,564.333,22.2262
0.0473585,-43388.1,195.043,20.8406,1.22447,-198536,-11761.9,203.667,17.3107,-205402,4244.53,564.376,22.2318
0.0473685,-43388.1,194.609,20.8425,1.22468,-198265,-11763.9,203.549,17.3127,-205577,4242.48,564.418,22.2375
0.0473785,-43388.1,194.175,20.8445,1.22489,-197994,-11765.9,203.431,17.3148,-205753,4240.42,564.461,22.2431
0.0473884,-43388.1,193.741,20.8464,1.2251,-197722,-11767.9,203.314,17.3168,-205928,4238.36,564.503,22.2488
0.0473984,-43388.1,193.307,20.8484,1.2253,-197451,-11769.8,203.196,17.3188,-206103,4236.3,564.545,22.2544
0.0474084,-43388.1,192.873,20.8503,1.22551,-197179,-11771.8,203.078,17.3209,-206277,4234.24,564.588,22.2601
0.0474184,-43388.1,192.44,20.8522,1.22572,-196908,-11773.8,202.961,17.3229,-206452,4232.18,564.63,22.2657
0.0474284,-43388.1,192.006,20.8541,1.22593,-196636,-11775.8,202.843,17.3249,-206626,4230.11,564.672,22.2714
0.0474384,-43388.1,191.572,20.8561,1.22614,-196364,-11777.7,202.725,17.327,-206800,4228.05,564.715,22.277
0.0474484,-43388.1,191.138,20.858,1.22635,-196092,-11779.7,202.607,17.329,-206974,4225.98,564.757,22.2827
0.0474584,-43388.1,190.704,20.8599,1.22656,-195820,-11781.6,202.49,17.331,-207148,4223.91,564.799,22.2883
0.0474684,-43388.1,190.271,20.8618,1.22676,-195548,-11783.6,202.372,17.333,-207322,4221.83,564.841,22.2939
0.0474784,-43388.1,189.837,20.8637,1.22697,-195275,-11785.6,202.254,17.3351,-207495,4219.76,564.884,22.2996
0.0474884,-43388.1,189.403,20.8656,1.22718,-195003,-11787.5,202.136,17.3371,-207668,4217.69,564.926,22.3052
0.0474984,-43388.1,188.969,20.8675,1.22739,-194731,-11789.5,202.018,17.3391,-207841,4215.61,564.968,22.3109
0.0475084,-43388.1,188.535,20.8694,1.2276,-194458,-11791.4,201.9,17.3411,-208014,4213.53,565.01,22.3165
0.0475184,-43388.1,188.101,20.8712,1.22781,-194185,-11793.3,201.782,17.3431,-208186,4211.45,565.052,22.3222
0.0475284,-43388.1,187.668,20.8731,1.22802,-193912,-11795.3,201.664,17.3451,-208358,4209.37,565.094,22.3278
0.0475384,-43388.1,187.234,20.875,1.22822,-193640,-11797.2,201.546,17.3472,-208531,4207.28,565.136,22.3335
0.0475484,-43388.1,186.8,20.8769,1.22843,-193367,-11799.2,201.429,17.3492,-208703,4205.2,565.178,22.3392
0.0475584,-43388.1,186.366,20.8787,1.22864,-193094,-11801.1,201.311,17.3512,-208874,4203.11,565.22,22.3448
0.0475684,-43388.1,185.932,20.8806,1.22885,-192820,-11803,201.192,17.3532,-209046,4201.02,565.262,22.3505
0.0475784,-43388.1,185.498,20.8825,1.22906,-192547,-11804.9,201.074,17.3552,-209217,4198.93,565.304,22.3561
0.0475884,-43388.1,185.065,20.8843,1.22927,-192274,-11806.9,200.956,17.3572,-209388,4196.84,565.346,22.3618
0.0475984,-43388.1,184.631,20.8862,1.22948,-192000,-11808.8,200.838,17.3592,-209559,4194.74,565.388,22.3674
0.0476084,-43388.1,184.197,20.888,1.22969,-191726,-11810.7,200.72,17.3612,-209730,4192.65,565.43,22.3731
0.0476184,-43388.1,183.763,20.8898,1.22989,-191453,-11812.6,200.602,17.3633,-209900,4190.55,565.472,22.3787
0.0476284,-43388.1,183.329,20.8917,1.2301,-191179,-11814.5,200.484,17.3653,-210071,4188.45,565.514,22.3844
0.0476384,-43388.1,182.896,20.8935,1.23031,-190905,-11816.4,200.366,17.3673,-210241,4186.35,565.556,22.39
0.0476484,-43388.1,182.462,20.8953,1.23052,-190631,-11818.4,200.248,17.3693,-210411,4184.24,565.598,22.3957
0.0476584,-43388.1,182.028,20.8972,1.23073,-190357,-11820.3,200.13,17.3713,-210580,4182.14,565.64,22.4013
0.0476684,-43388.1,181.594,20.899,1.23094,-190083,-11822.2,200.011,17.3733,-210750,4180.03,565.681,22.407
0.0476784,-43388.1,181.16,20.9008,1.23115,-189808,-11824.1,199.893,17.3753,-210919,4177.92,565.723,22.4127
0.0476884,-43388.1,180.726,20.9026,1.23136,-189534,-11826,199.775,17.3773,-211088,4175.81,565.765,22.4183
0.0476984,-43388.1,180.293,20.9044,1.23157,-189259,-11827.8,199.657,17.3793,-211257,4173.7,565.807,22.424
0.0477084,-43388.1,179.859,20.9062,1.23178,-188985,-11829.7,199.538,17.3813,-211426,4171.59,565.848,22.4296
0.0477184,-43388.1,179.425,20.908,1.23198,-188710,-11831.6,199.42,17.3833,-211595,4169.47,565.89,22.4353
0.0477284,-43388.1,178.991,20.9098,1.23219,-188435,-11833.5,199.302,17.3852,-211763,4167.36,565.932,22.441
0.0477384,-43388.1,178.557,20.9116,1.2324,-188160,-11835.4,199.183,17.3872,-211931,4165.24,565.973,22.4466
0.0477484,-43388.1,178.123,20.9134,1.23261,-187885,-11837.3,199.065,17.3892,-212099,4163.12,566.015,22.4523
0.0477584,-43388.1,177.69,20.9151,1.23282,-187610,-11839.2,198.947,17.3912,-212267,4161,566.057,22.4579
0.0477684,-43388.1,177.256,20.9169,1.23303,-187335,-11841,198.828,17.3932,-212434,4158.88,566.098,22.4636
0.0477784,-43388.1,176.822,20.9187,1.23324,-187060,-11842.9,198.71,17.3952,-212601,4156.75,566.14,22.4693
0.0477884,-43388.1,176.388,20.9204,1.23345,-186784,-11844.8,198.592,17.3972,-212769,4154.62,566.181,22.4749
0.0477984,-43388.1,175.954,20.9222,1.23366,-186509,-11846.6,198.473,17.3992,-212935,4152.5,566.223,22.4806
0.0478084,-43388.1,175.521,20.924,1.23387,-186233,-11848.5,198.355,17.4012,-213102,4150.37,566.264,22.4862
0.0478184,-43388.1,175.087,20.9257,1.23408,-185957,-11850.4,198.236,17.4031,-213269,4148.23,566.306,22.4919
0.0478284,-43388.1,174.653,20.9275,1.23428,-185682,-11852.2,198.118,17.4051,-213435,4146.1,566.347,22.4976
0.0478384,-43388.1,174.219,20.9292,1.23449,-185406,-11854.1,197.999,17.4071,-213601,4143.97,566.389,22.5032
0.0478484,-43388.1,173.785,20.9309,1.2347,-185130,-11855.9,197.881,17.4091,-213767,4141.83,566.43,22.5089
0.0478584,-43388.1,173.351,20.9327,1.23491,-184854,-11857.8,197.762,17.4111,-213933,4139.69,566.472,22.5146
0.0478684,-43388.1,172.918,20.9344,1.23512,-184577,-11859.6,197.644,17.413,-214098,4137.55,566.513,22.5202
0.0478784,-43388.1,172.484,20.9361,1.23533,-184301,-11861.5,197.525,17.415,-214263,4135.41,566.554,22.5259
0.0478884,-43388.1,172.05,20.9379,1.23554,-184025,-11863.3,197.406,17.417,-214428,4133.27,566.596,22.5316
0.0478984,-43388.1,171.616,20.9396,1.23575,-183748,-11865.1,197.288,17.419,-214593,4131.12,566.637,22.5372
0.0479084,-43388.1,171.182,20.9413,1.23596,-183471,-11867,197.169,17.4209,-214758,4128.97,566.678,22.5429
0.0479184,-43388.1,170.748,20.943,1.23617,-183195,-11868.8,197.05,17.4229,-214923,4126.83,566.72,22.5486
0.0479284,-43388.1,170.315,20.9447,1.23638,-182918,-11870.6,196.932,17.4249,-215087,4124.68,566.761,22.5542
0.0479384,-43388.1,169.881,20.9464,1.23659,-182641,-11872.5,196.813,17.4268,-215251,4122.52,566.802,22.5599
0.0479484,-43388.1,169.447,20.9481,1.2368,-182364,-11874.3,196.694,17.4288,-215415,4120.37,566.843,22.5656
0.0479584,-43388.1,169.013,20.9498,1.23701,-182087,-11876.1,196.576,17.4308,-215578,4118.22,566.885,22.5712
0.0479684,-43388.1,168.579,20.9515,1.23722,-181810,-11877.9,196.457,17.4327,-215742,4116.06,566.926,22.5769
0.0479784,-43388.1,168.146,20.9532,1.23743,-181532,-11879.8,196.338,17.4347,-215905,4113.9,566.967,22.5826
0.0479884,-43388.1,167.712,20.9548,1.23764,-181255,-11881.6,196.219,17.4367,-216068,4111.74,567.008,22.5882
0.0479984,-43388.1,167.278,20.9565,1.23784,-180977,-11883.4,196.1,17.4386,-216231,4109.58,567.049,22.5939
0.0480084,-43388.1,166.844,20.9582,1.23805,-180700,-11885.2,195.982,17.4406,-216394,4107.42,567.09,22.5996
0.0480184,-43388.1,166.41,20.9599,1.23826,-180422,-11887,195.863,17.4425,-216556,4105.26,567.131,22.6052
0.0480284,-43388.1,165.976,20.9615,1.23847,-180144,-11888.8,195.744,17.4445,-216718,4103.09,567.172,22.6109
0.0480384,-43388.1,165.543,20.9632,1.23868,-179866,-11890.6,195.625,17.4465,-216880,4100.92,567.213,22.6166
0.0480484,-43388.1,165.109,20.9648,1.23889,-179588,-11892.4,195.506,17.4484,-217042,4098.75,567.254,22.6223
0.0480584,-43388.1,164.675,20.9665,1.2391,-179310,-11894.2,195.387,17.4504,-217204,4096.58,567.295,22.6279
0.0480684,-43388.1,164.241,20.9681,1.23931,-179032,-11896,195.268,17.4523,-217365,4094.41,567.336,22.6336
0.0480784,-43388.1,163.807,20.9698,1.23952,-178754,-11897.8,195.149,17.4543,-217526,4092.23,567.377,22.6393
0.0480884,-43388.1,163.373,20.9714,1.23973,-178475,-11899.5,195.03,17.4562,-217687,4090.06,567.418,22.645
0.0480984,-43388.1,162.94,20.973,1.23994,-178197,-11901.3,194.911,17.4582,-217848,4087.88,567.459,22.6506
0.0481084,-43388.1,162.506,20.9747,1.24015,-177918,-11903.1,194.792,17.4601,-218009,4085.7,567.5,22.6563
0.0481184,-43388.1,162.072,20.9763,1.24036,-177640,-11904.9,194.673,17.4621,-218169,4083.52,567.541,22.662
0.0481284,-43388.1,161.638,20.9779,1.24057,-177361,-11906.7,194.554,17.464,-218329,4081.34,567.581,22.6677
0.0481384,-43388.1,161.204,20.9795,1.24078,-177082,-11908.4,194.435,17.466,-218489,4079.16,567.622,22.6733
0.0481483,-43388.1,160.771,20.9811,1.24099,-176803,-11910.2,194.316,17.4679,-218649,4076.97,567.663,22.679
0.0481583,-43388.1,160.337,20.9827,1.2412,-176524,-11912,194.197,17.4698,-218809,4074.78,567.704,22.6847
0.0481683,-43388.1,159.903,20.9843,1.24141,-176245,-11913.7,194.078,17.4718,-218968,4072.59,567.744,22.6904
0.0481783,-43388.1,159.469,20.9859,1.24162,-175965,-11915.5,193.959,17.4737,-219127,4070.41,567.785,22.696
0.0481883,-43388.1,159.035,20.9875,1.24183,-175686,-11917.3,193.84,17.4757,-219286,4068.21,567.826,22.7017
0.0481983,-43388.1,158.601,20.9891,1.24204,-175407,-11919,193.72,17.4776,-219445,4066.02,567.867,22.7074
0.0482083,-43388.1,158.168,20.9907,1.24225,-175127,-11920.8,193.601,17.4795,-219604,4063.82,567.907,22.7131
0.0482183,-43388.1,157.734,20.9923,1.24246,-174847,-11922.5,193.482,17.4815,-219762,4061.63,567.948,22.7188
0.0482283,-43388.1,157.3,20.9938,1.24267,-174568,-11924.3,193.363,17.4834,-219920,4059.43,567.988,22.7244
0.0482383,-43388.1,156.866,20.9954,1.24288,-174288,-11926,193.244,17.4853,-220078,4057.23,568.029,22.7301
0.0482483,-43388.1,156.432,20.997,1.24309,-174008,-11927.7,193.124,17.4873,-220236,4055.03,568.07,22.7358
0.0482583,-43388.1,155.998,20.9985,1.2433,-173728,-11929.5,193.005,17.4892,-220393,4052.83,568.11,22.7415
0.0482683,-43388.1,155.565,21.0001,1.24351,-173448,-11931.2,192.886,17.4911,-220551,4050.62,568.151,22.7472
0.0482783,-43388.1,155.131,21.0017,1.24372,-173167,-11933,192.766,17.4931,-220708,4048.42,568.191,22.7528
0.0482883,-43388.1,154.697,21.0032,1.24393,-172887,-11934.7,192.647,17.495,-220865,4046.21,568.232,22.7585
0.0482983,-43388.1,154.263,21.0047,1.24414,-172607,-11936.4,192.528,17.4969,-221021,4044,568.272,22.7642
0.0483083,-43388.1,153.829,21.0063,1.24435,-172326,-11938.1,192.409,17.4988,-221178,4041.79,568.312,22.7699
0.0483183,-43388.1,153.396,21.0078,1.24456,-172046,-11939.9,192.289,17.5008,-221334,4039.58,568.353,22.7756
0.0483283,-43388.1,152.962,21.0094,1.24477,-171765,-11941.6,192.17,17.5027,-221490,4037.36,568.393,22.7813
0.0483383,-43388.1,152.528,21.0109,1.24498,-171484,-11943.3,192.05,17.5046,-221646,4035.15,568.434,22.7869
0.0483483,-43388.1,152.094,21.0124,1.24519,-171203,-11945,191.931,17.5065,-221802,4032.93,568.474,22.7926
0.0483583,-43388.1,151.66,21.0139,1.2454,-170922,-11946.7,191.811,17.5084,-221957,4030.71,568.514,22.7983
0.0483683,-43388.1,151.226,21.0154,1.24561,-170641,-11948.4,191.692,17.5104,-222112,4028.49,568.554,22.804
0.0483783,-43388.1,150.793,21.0169,1.24582,-170360,-11950.1,191.573,17.5123,-222267,4026.27,568.595,22.8097
0.0483883,-43388.1,150.359,21.0185,1.24603,-170078,-11951.8,191.453,17.5142,-222422,4024.05,568.635,22.8154
0.0483983,-43388.1,149.925,21.02,1.24624,-169797,-11953.5,191.334,17.5161,-222577,4021.82,568.675,22.821
0.0484083,-43388.1,149.491,21.0215,1.24645,-169516,-11955.2,191.214,17.518,-222731,4019.6,568.715,22.8267
0.0484183,-43388.1,149.057,21.0229,1.24666,-169234,-11956.9,191.094,17.5199,-222886,4017.37,568.756,22.8324
0.0484283,-43388.1,148.623,21.0244,1.24687,-168952,-11958.6,190.975,17.5218,-223040,4015.14,568.796,22.8381
0.0484383,-43388.1,148.19,21.0259,1.24708,-168671,-11960.3,190.855,17.5238,-223193,4012.91,568.836,22.8438
0.0484483,-43388.1,147.756,21.0274,1.24729,-168389,-11962,190.736,17.5257,-223347,4010.68,568.876,22.8495
0.0484583,-43388.1,147.322,21.0289,1.2475,-168107,-11963.7,190.616,17.5276,-223500,4008.44,568.916,22.8552
0.0484683,-43388.1,146.888,21.0303,1.24771,-167825,-11965.3,190.496,17.5295,-223654,4006.21,568.956,22.8609
0.0484783,-43388.1,146.454,21.0318,1.24792,-167543,-11967,190.377,17.5314,-223807,4003.97,568.996,22.8666
0.0484883,-43388.1,146.021,21.0333,1.24813,-167260,-11968.7,190.257,17.5333,-223959,4001.73,569.036,22.8722
0.0484983,-43388.1,145.587,21.0347,1.24834,-166978,-11970.4,190.137,17.5352,-224112,3999.49,569.076,22.8779
0.0485083,-43388.1,145.153,21.0362,1.24855,-166696,-11972,190.018,17.5371,-224264,3997.25,569.116,22.8836
0.0485183,-43388.1,144.719,21.0376,1.24876,-166413,-11973.7,189.898,17.539,-224416,3995.01,569.156,22.8893
0.0485283,-43388.1,144.285,21.0391,1.24897,-166131,-11975.4,189.778,17.5409,-224568,3992.76,569.196,22.895
0.0485383,-43388.1,143.851,21.0405,1.24918,-165848,-11977,189.659,17.5428,-224720,3990.51,569.236,22.9007
0.0485483,-43388.1,143.418,21.042,1.24939,-165565,-11978.7,189.539,17.5447,-224872,3988.27,569.276,22.9064
0.0485583,-43388.1,142.984,21.0434,1.2496,-165282,-11980.3,189.419,17.5466,-225023,3986.02,569.316,22.9121
0.0485683,-43388.1,142.55,21.0448,1.24981,-164999,-11982,189.299,17.5485,-225174,3983.77,569.356,22.9178
0.0485783,-43388.1,142.116,21.0462,1.25002,-164716,-11983.6,189.179,17.5504,-225325,3981.52,569.395,22.9235
0.0485883,-43388.1,141.682,21.0477,1.25023,-164433,-11985.3,189.06,17.5522,-225476,3979.26,569.435,22.9292
0.0485983,-43388.1,141.248,21.0491,1.25045,-164150,-11986.9,188.94,17.5541,-225626,3977.01,569.475,22.9349
0.0486083,-43388.1,140.815,21.0505,1.25066,-163866,-11988.6,188.82,17.556,-225776,3974.75,569.515,22.9406
0.0486183,-43388.1,140.381,21.0519,1.25087,-163583,-11990.2,188.7,17.5579,-225926,3972.49,569.554,22.9463
0.0486283,-43388.1,139.947,21.0533,1.25108,-163299,-11991.8,188.58,17.5598,-226076,3970.23,569.594,22.952
0.0486383,-43388.1,139.513,21.0547,1.25129,-163016,-11993.5,188.46,17.5617,-226226,3967.97,569.634,22.9576
0.0486483,-43388.1,139.079,21.0561,1.2515,-162732,-11995.1,188.34,17.5636,-226375,3965.71,569.674,22.9633
0.0486583,-43388.1,138.646,21.0575,1.25171,-162448,-11996.7,188.22,17.5655,-226525,3963.44,569.713,22.969
0.0486683,-43388.1,138.212,21.0588,1.25192,-162164,-11998.3,188.1,17.5673,-226674,3961.18,569.753,22.9747
0.0486783,-43388.1,137.778,21.0602,1.25213,-161880,-12000,187.98,17.5692,-226822,3958.91,569.792,22.9804
0.0486883,-43388.1,137.344,21.0616,1.25234,-161596,-12001.6,187.86,17.5711,-226971,3956.64,569.832,22.9861
0.0486983,-43388.1,136.91,21.063,1.25255,-161312,-12003.2,187.74,17.573,-227119,3954.37,569.872,22.9918
0.0487083,-43388.1,136.476,21.0643,1.25276,-161028,-12004.8,187.62,17.5749,-227267,3952.1,569.911,22.9975
0.0487183,-43388.1,136.043,21.0657,1.25297,-160743,-12006.4,187.5,17.5767,-227415,3949.83,569.951,23.0032
0.0487283,-43388.1,135.609,21.0671,1.25318,-160459,-12008,187.38,17.5786,-227563,3947.55,569.99,23.0089
0.0487383,-43388.1,135.175,21.0684,1.25339,-160174,-12009.6,187.26,17.5805,-227711,3945.28,570.029,23.0146
0.0487483,-43388.1,134.741,21.0698,1.2536,-159890,-12011.2,187.14,17.5823,-227858,3943,570.069,23.0203
0.0487583,-43388.1,134.307,21.0711,1.25381,-159605,-12012.8,187.02,17.5842,-228005,3940.72,570.108,23.026
0.0487683,-43388.1,133.873,21.0725,1.25403,-159320,-12014.4,186.9,17.5861,-228152,3938.44,570.148,23.0317
0.0487783,-43388.1,133.44,21.0738,1.25424,-159035,-12016,186.78,17.588,-228299,3936.16,570.187,23.0374
0.0487883,-43388.1,133.006,21.0751,1.25445,-158750,-12017.6,186.66,17.5898,-228445,3933.87,570.226,23.0431
0.0487983,-43388.1,132.572,21.0764,1.25466,-158465,-12019.2,186.539,17.5917,-228592,3931.59,570.266,23.0488
0.0488083,-43388.1,132.138,21.0778,1.25487,-158180,-12020.8,186.419,17.5936,-228738,3929.3,570.305,23.0545
0.0488183,-43388.1,131.704,21.0791,1.25508,-157895,-12022.3,186.299,17.5954,-228884,3927.02,570.344,23.0602
0.0488283,-43388.1,131.271,21.0804,1.25529,-157609,-12023.9,186.179,17.5973,-229029,3924.73,570.384,23.0659
0.0488383,-43388.1,130.837,21.0817,1.2555,-157324,-12025.5,186.059,17.5991,-229175,3922.44,570.423,23.0717
0.0488483,-43388.1,130.403,21.083,1.25571,-157038,-12027.1,185.938,17.601,-229320,3920.14,570.462,23.0774
0.0488583,-43388.1,129.969,21.0843,1.25592,-156753,-12028.6,185.818,17.6029,-229465,3917.85,570.501,23.0831
0.0488683,-43388.1,129.535,21.0856,1.25613,-156467,-12030.2,185.698,17.6047,-229610,3915.55,570.54,23.0888
0.0488783,-43388.1,129.101,21.0869,1.25634,-156181,-12031.8,185.578,17.6066,-229754,3913.26,570.579,23.0945
0.0488883,-43388.1,128.668,21.0882,1.25655,-155895,-12033.3,185.457,17.6084,-229899,3910.96,570.619,23.1002
0.0488982,-43388.1,128.234,21.0895,1.25677,-155609,-12034.9,185.337,17.6103,-230043,3908.66,570.658,23.1059
0.0489082,-43388.1,127.8,21.0908,1.25698,-155323,-12036.4,185.217,17.6121,-230187,3906.36,570.697,23.1116
0.0489182,-43388.1,127.366,21.092,1.25719,-155037,-12038,185.096,17.614,-230331,3904.06,570.736,23.1173
0.0489282,-43388.1,126.932,21.0933,1.2574,-154751,-12039.5,184.976,17.6158,-230474,3901.75,570.775,23.123
0.0489382,-43388.1,126.498,21.0946,1.25761,-154464,-12041.1,184.855,17.6177,-230618,3899.45,570.814,23.1287
0.0489482,-43388.1,126.065,21.0958,1.25782,-154178,-12042.6,184.735,17.6195,-230761,3897.14,570.853,23.1344
0.0489582,-43388.1,125.631,21.0971,1.25803,-153891,-12044.2,184.615,17.6214,-230904,3894.83,570.892,23.1401
0.0489682,-43388.1,125.197,21.0984,1.25824,-153605,-12045.7,184.494,17.6232,-231046,3892.52,570.931,23.1458
0.0489782,-43388.1,124.763,21.0996,1.25845,-153318,-12047.2,184.374,17.6251,-231189,3890.21,570.97,23.1515
0.0489882,-43388.1,124.329,21.1008,1.25866,-153031,-12048.8,184.253,17.6269,-231331,3887.9,571.008,23.1573
0.0489982,-43388.1,123.896,21.1021,1.25887,-152744,-12050.3,184.133,17.6288,-231473,3885.59,571.047,23.163
0.0490082,-43388.1,123.462,21.1033,1.25909,-152457,-12051.8,184.012,17.6306,-231615,3883.27,571.086,23.1687
0.0490182,-43388.1,123.028,21.1046,1.2593,-152170,-12053.3,183.892,17.6324,-231757,3880.96,571.125,23.1744
0.0490282,-43388.1,122.594,21.1058,1.25951,-151883,-12054.9,183.771,17.6343,-231898,3878.64,571.164,23.1801
0.0490382,-43388.1,122.16,21.107,1.25972,-151596,-12056.4,183.651,17.6361,-232039,3876.32,571.203,23.1858
0.0490482,-43388.1,121.726,21.1082,1.25993,-151308,-12057.9,183.53,17.6379,-232180,3874,571.241,23.1915
0.0490582,-43388.1,121.293,21.1094,1.26014,-151021,-12059.4,183.41,17.6398,-232321,3871.68,571.28,23.1972
0.0490682,-43388.1,120.859,21.1107,1.26035,-150733,-12060.9,183.289,17.6416,-232462,3869.35,571.319,23.203
0.0490782,-43388.1,120.425,21.1119,1.26056,-150446,-12062.4,183.168,17.6434,-232602,3867.03,571.357,23.2087
0.0490882,-43388.1,119.991,21.1131,1.26077,-150158,-12063.9,183.048,17.6453,-232742,3864.7,571.396,23.2144
0.0490982,-43388.1,119.557,21.1143,1.26099,-149870,-12065.4,182.927,17.6471,-232882,3862.37,571.435,23.2201
0.0491082,-43388.1,119.123,21.1155,1.2612,-149582,-12066.9,182.807,17.6489,-233022,3860.04,571.473,23.2258
0.0491182,-43388.1,118.69,21.1166,1.26141,-149294,-12068.4,182.686,17.6508,-233162,3857.71,571.512,23.2315
0.0491282,-43388.1,118.256,21.1178,1.26162,-149006,-12069.9,182.565,17.6526,-233301,3855.38,571.55,23.2372
0.0491382,-43388.1,117.822,21.119,1.26183,-148718,-12071.4,182.445,17.6544,-233440,3853.05,571.589,23.243
0.0491482,-43388.1,117.388,21.1202,1.26204,-148430,-12072.9,182.324,17.6562,-233579,3850.71,571.628,23.2487
0.0491582,-43388.1,116.954,21.1214,1.26225,-148142,-12074.4,182.203,17.6581,-233717,3848.38,571.666,23.2544
0.0491682,-43388.1,116.521,21.1225,1.26246,-147853,-12075.8,182.082,17.6599,-233856,3846.04,571.704,23.2601
0.0491782,-43388.1,116.087,21.1237,1.26267,-147565,-12077.3,181.962,17.6617,-233994,3843.7,571.743,23.2658
0.0491882,-43388.1,115.653,21.1248,1.26289,-147276,-12078.8,181.841,17.6635,-234132,3841.36,571.781,23.2715
0.0491982,-43388.1,115.219,21.126,1.2631,-146988,-12080.3,181.72,17.6653,-234270,3839.02,571.82,23.2773
0.0492082,-43388.1,114.785,21.1271,1.26331,-146699,-12081.7,181.599,17.6672,-234408,3836.67,571.858,23.283
0.0492182,-43388.1,114.351,21.1283,1.26352,-146410,-12083.2,181.478,17.669,-234545,3834.33,571.896,23.2887
0.0492282,-43388.1,113.918,21.1294,1.26373,-146121,-12084.7,181.358,17.6708,-234682,3831.98,571.935,23.2944
0.0492382,-43388.1,113.484,21.1306,1.26394,-145832,-12086.1,181.237,17.6726,-234819,3829.64,571.973,23.3001
0.0492482,-43388.1,113.05,21.1317,1.26415,-145543,-12087.6,181.116,17.6744,-234956,3827.29,572.011,23.3058
0.0492582,-43388.1,112.616,21.1328,1.26436,-145254,-12089,180.995,17.6762,-235092,3824.94,572.05,23.3116
0.0492682,-43388.1,112.182,21.134,1.26458,-144965,-12090.5,180.874,17.678,-235229,3822.59,572.088,23.3173
0.0492782,-43388.1,111.748,21.1351,1.26479,-144675,-12091.9,180.753,17.6798,-235365,3820.23,572.126,23.323
0.0492882,-43388.1,111.315,21.1362,1.265,-144386,-12093.4,180.632,17.6816,-235501,3817.88,572.164,23.3287
0.0492982,-43388.1,110.881,21.1373,1.26521,-144096,-12094.8,180.511,17.6835,-235636,3815.53,572.202,23.3345
0.0493082,-43388.1,110.447,21.1384,1.26542,-143807,-12096.3,180.391,17.6853,-235772,3813.17,572.241,23.3402
0.0493182,-43388.1,110.013,21.1395,1.26563,-143517,-12097.7,180.27,17.6871,-235907,3810.81,572.279,23.3459
0.0493282,-43388.1,109.579,21.1406,1.26584,-143227,-12099.1,180.149,17.6889,-236042,3808.45,572.317,23.3516
0.0493382,-43388.1,109.146,21.1417,1.26606,-142937,-12100.6,180.028,17.6907,-236177,3806.09,572.355,23.3573
0.0493482,-43388.1,108.712,21.1428,1.26627,-142647,-12102,179.907,17.6925,-236312,3803.73,572.393,23.3631
0.0493582,-43388.1,108.278,21.1439,1.26648,-142357,-12103.4,179.786,17.6943,-236446,3801.37,572.431,23.3688
0.0493682,-43388.1,107.844,21.145,1.26669,-142067,-12104.8,179.665,17.6961,-236580,3799,572.469,23.3745
0.0493782,-43388.1,107.41,21.146,1.2669,-141777,-12106.2,179.544,17.6979,-236714,3796.63,572.507,23.3802
0.0493882,-43388.1,106.976,21.1471,1.26711,-141487,-12107.7,179.422,17.6996,-236848,3794.27,572.545,23.386
0.0493982,-43388.1,106.543,21.1482,1.26732,-141196,-12109.1,179.301,17.7014,-236982,3791.9,572.583,23.3917
0.0494082,-43388.1,106.109,21.1492,1.26754,-140906,-12110.5,179.18,17.7032,-237115,3789.53,572.621,23.3974
0.0494182,-43388.1,105.675,21.1503,1.26775,-140615,-12111.9,179.059,17.705,-237248,3787.16,572.659,23.4031
0.0494282,-43388.1,105.241,21.1513,1.26796,-140324,-12113.3,178.938,17.7068,-237381,3784.78,572.696,23.4089
0.0494382,-43388.1,104.807,21.1524,1.26817,-140034,-12114.7,178.817,17.7086,-237514,3782.41,572.734,23.4146
0.0494482,-43388.1,104.373,21.1534,1.26838,-139743,-12116.1,178.696,17.7104,-237646,3780.03,572.772,23.4203
0.0494582,-43388.1,103.94,21.1545,1.26859,-139452,-12117.5,178.575,17.7122,-237778,3777.66,572.81,23.4261
0.0494682,-43388.1,103.506,21.1555,1.2688,-139161,-12118.9,178.454,17.714,-237910,3775.28,572.848,23.4318
0.0494782,-43388.1,103.072,21.1566,1.26902,-138870,-12120.3,178.332,17.7157,-238042,3772.9,572.885,23.4375
0.0494882,-43388.1,102.638,21.1576,1.26923,-138579,-12121.7,178.211,17.7175,-238174,3770.52,572.923,23.4432
0.0494982,-43388.1,102.204,21.1586,1.26944,-138288,-12123.1,178.09,17.7193,-238305,3768.14,572.961,23.449
0.0495082,-43388.1,101.771,21.1596,1.26965,-137996,-12124.4,177.969,17.7211,-238436,3765.75,572.998,23.4547
0.0495182,-43388.1,101.337,21.1606,1.26986,-137705,-12125.8,177.848,17.7229,-238568,3763.37,573.036,23.4604
0.0495282,-43388.1,100.903,21.1617,1.27007,-137413,-12127.2,177.726,17.7246,-238698,3760.98,573.074,23.4662
0.0495382,-43388.1,100.469,21.1627,1.27029,-137122,-12128.6,177.605,17.7264,-238829,3758.59,573.111,23.4719
0.0495482,-43388.1,100.035,21.1637,1.2705,-136830,-12129.9,177.484,17.7282,-238959,3756.21,573.149,23.4776
0.0495582,-43388.1,99.6014,21.1647,1.27071,-136538,-12131.3,177.362,17.73,-239089,3753.82,573.186,23.4834
0.0495682,-43388.1,99.1676,21.1657,1.27092,-136247,-12132.7,177.241,17.7317,-239219,3751.42,573.224,23.4891
0.0495782,-43388.1,98.7338,21.1666,1.27113,-135955,-12134,177.12,17.7335,-239349,3749.03,573.261,23.4948
0.0495882,-43388.1,98.2999,21.1676,1.27134,-135663,-12135.4,176.998,17.7353,-239478,3746.64,573.299,23.5005
0.0495982,-43388.1,97.8661,21.1686,1.27156,-135371,-12136.7,176.877,17.7371,-239608,3744.24,573.336,23.5063
0.0496082,-43388.1,97.4323,21.1696,1.27177,-135078,-12138.1,176.756,17.7388,-239736,3741.85,573.374,23.512
0.0496182,-43388.1,96.9985,21.1706,1.27198,-134786,-12139.4,176.634,17.7406,-239865,3739.45,573.411,23.5177
0.0496282,-43388.1,96.5647,21.1715,1.27219,-134494,-12140.8,176.513,17.7424,-239994,3737.05,573.448,23.5235
0.0496382,-43388.1,96.1308,21.1725,1.2724,-134202,-12142.1,176.392,17.7441,-240122,3734.65,573.486,23.5292
0.0496482,-43388.1,95.697,21.1734,1.27261,-133909,-12143.5,176.27,17.7459,-240250,3732.25,573.523,23.535
0.0496581,-43388.1,95.2632,21.1744,1.27283,-133616,-12144.8,176.149,17.7477,-240378,3729.85,573.56,23.5407
0.0496681,-43388.1,94.8294,21.1754,1.27304,-133324,-12146.1,176.027,17.7494,-240506,3727.44,573.598,23.5464
0.0496781,-43388.1,94.3955,21.1763,1.27325,-133031,-12147.5,175.906,17.7512,-240634,3725.04,573.635,23.5522
0.0496881,-43388.1,93.9617,21.1772,1.27346,-132738,-12148.8,175.784,17.7529,-240761,3722.63,573.672,23.5579
0.0496981,-43388.1,93.5279,21.1782,1.27367,-132445,-12150.1,175.663,17.7547,-240888,3720.22,573.709,23.5636
0.0497081,-43388.1,93.0941,21.1791,1.27388,-132152,-12151.4,175.541,17.7564,-241015,3717.81,573.747,23.5694
0.0497181,-43388.1,92.6602,21.18,1.2741,-131859,-12152.8,175.42,17.7582,-241142,3715.4,573.784,23.5751
0.0497281,-43388.1,92.2264,21.181,1.27431,-131566,-12154.1,175.298,17.76,-241268,3712.99,573.821,23.5808
0.0497381,-43388.1,91.7926,21.1819,1.27452,-131273,-12155.4,175.177,17.7617,-241394,3710.58,573.858,23.5866
0.0497481,-43388.1,91.3588,21.1828,1.27473,-130980,-12156.7,175.055,17.7635,-241520,3708.16,573.895,23.5923
0.0497581,-43388.1,90.925,21.1837,1.27494,-130686,-12158,174.934,17.7652,-241646,3705.75,573.932,23.5981
0.0497681,-43388.1,90.4911,21.1846,1.27515,-130393,-12159.3,174.812,17.767,-241772,3703.33,573.969,23.6038
0.0497781,-43388.1,90.0573,21.1855,1.27537,-130099,-12160.6,174.691,17.7687,-241897,3700.91,574.006,23.6095
0.0497881,-43388.1,89.6235,21.1864,1.27558,-129806,-12161.9,174.569,17.7704,-242022,3698.49,574.043,23.6153
0.0497981,-43388.1,89.1897,21.1873,1.27579,-129512,-12163.2,174.447,17.7722,-242147,3696.07,574.08,23.621
0.0498081,-43388.1,88.7558,21.1882,1.276,-129218,-12164.5,174.326,17.7739,-242272,3693.65,574.117,23.6268
0.0498181,-43388.1,88.322,21.1891,1.27621,-128924,-12165.8,174.204,17.7757,-242396,3691.23,574.154,23.6325
0.0498281,-43388.1,87.8882,21.19,1.27643,-128630,-12167.1,174.083,17.7774,-242520,3688.8,574.191,23.6382
0.0498381,-43388.1,87.4544,21.1908,1.27664,-128336,-12168.4,173.961,17.7792,-242644,3686.38,574.228,23.644
0.0498481,-43388.1,87.0205,21.1917,1.27685,-128042,-12169.7,173.839,17.7809,-242768,3683.95,574.265,23.6497
0.0498581,-43388.1,86.5867,21.1926,1.27706,-127748,-12170.9,173.718,17.7826,-242892,3681.52,574.302,23.6555
0.0498681,-43388.1,86.1529,21.1934,1.27727,-127454,-12172.2,173.596,17.7844,-243015,3679.09,574.338,23.6612
0.0498781,-43388.1,85.7191,21.1943,1.27749,-127159,-12173.5,173.474,17.7861,-243138,3676.66,574.375,23.667
0.0498881,-43388.1,85.2852,21.1952,1.2777,-126865,-12174.8,173.352,17.7878,-243261,3674.23,574.412,23.6727
0.0498981,-43388.1,84.8514,21.196,1.27791,-126570,-12176,173.231,17.7896,-243384,3671.8,574.449,23.6784
0.0499081,-43388.1,84.4176,21.1969,1.27812,-126276,-12177.3,173.109,17.7913,-243507,3669.36,574.485,23.6842
0.0499181,-43388.1,83.9838,21.1977,1.27833,-125981,-12178.5,172.987,17.793,-243629,3666.93,574.522,23.6899
0.0499281,-43388.1,83.55,21.1985,1.27854,-125686,-12179.8,172.865,17.7948,-243751,3664.49,574.559,23.6957
0.0499381,-43388.1,83.1161,21.1994,1.27876,-125391,-12181.1,172.744,17.7965,-243873,3662.06,574.595,23.7014
0.0499481,-43388.1,82.6823,21.2002,1.27897,-125096,-12182.3,172.622,17.7982,-243995,3659.62,574.632,23.7072
0.0499581,-43388.1,82.2485,21.201,1.27918,-124802,-12183.6,172.5,17.7999,-244116,3657.18,574.668,23.7129
0.0499681,-43388.1,81.8147,21.2018,1.27939,-124506,-12184.8,172.378,17.8017,-244237,3654.74,574.705,23.7187
0.0499781,-43388.1,81.3808,21.2027,1.2796,-124211,-12186.1,172.256,17.8034,-244358,3652.29,574.742,23.7244
0.0499881,-43388.1,80.947,21.2035,1.27982,-123916,-12187.3,172.134,17.8051,-244479,3649.85,574.778,23.7302
0.0499981,-43388.1,80.5132,21.2043,1.28003,-123621,-12188.5,172.013,17.8068,-244600,3647.4,574.815,23.7359
0.0500081,-43388.1,80.0794,21.2051,1.28024,-123325,-12189.8,171.891,17.8086,-244720,3644.96,574.851,23.7417
0.0500181,-43388.1,79.6455,21.2059,1.28045,-123030,-12191,171.769,17.8103,-244840,3642.51,574.887,23.7474
0.0500281,-43388.1,79.2117,21.2067,1.28066,-122734,-12192.2,171.647,17.812,-244960,3640.06,574.924,23.7532
0.0500381,-43388.1,78.7779,21.2075,1.28088,-122439,-12193.4,171.525,17.8137,-245080,3637.61,574.96,23.7589
0.0500481,-43388.1,78.3441,21.2083,1.28109,-122143,-12194.7,171.403,17.8154,-245199,3635.16,574.997,23.7647
0.0500581,-43388.1,77.9103,21.209,1.2813,-121847,-12195.9,171.281,17.8171,-245318,3632.71,575.033,23.7704
0.0500681,-43388.1,77.4764,21.2098,1.28151,-121551,-12197.1,171.159,17.8188,-245438,3630.25,575.069,23.7762
0.0500781,-43388.1,77.0426,21.2106,1.28173,-121255,-12198.3,171.037,17.8206,-245556,3627.8,575.105,23.7819
0.0500881,-43388.1,76.6088,21.2114,1.28194,-120959,-12199.5,170.915,17.8223,-245675,3625.34,575.142,23.7877
0.0500981,-43388.1,76.175,21.2121,1.28215,-120663,-12200.7,170.793,17.824,-245793,3622.89,575.178,23.7934
0.0501081,-43388.1,75.7411,21.2129,1.28236,-120367,-12201.9,170.671,17.8257,-245912,3620.43,575.214,23.7992
0.0501181,-43388.1,75.3073,21.2136,1.28257,-120071,-12203.1,170.549,17.8274,-246029,3617.97,575.25,23.8049
0.0501281,-43388.1,74.8735,21.2144,1.28279,-119774,-12204.3,170.427,17.8291,-246147,3615.51,575.286,23.8107
0.0501381,-43388.1,74.4397,21.2151,1.283,-119478,-12205.5,170.305,17.8308,-246265,3613.05,575.323,23.8164
0.0501481,-43388.1,74.0058,21.2159,1.28321,-119182,-12206.7,170.183,17.8325,-246382,3610.58,575.359,23.8222
0.0501581,-43388.1,73.572,21.2166,1.28342,-118885,-12207.9,170.061,17.8342,-246499,3608.12,575.395,23.8279
0.0501681,-43388.1,73.1382,21.2173,1.28363,-118588,-12209.1,169.939,17.8359,-246616,3605.65,575.431,23.8337
0.0501781,-43388.1,72.7044,21.2181,1.28385,-118292,-12210.3,169.817,17.8376,-246732,3603.19,575.467,23.8394
0.0501881,-43388.1,72.2705,21.2188,1.28406,-117995,-12211.5,169.695,17.8393,-246849,3600.72,575.503,23.8452
0.0501981,-43388.1,71.8367,21.2195,1.28427,-117698,-12212.7,169.573,17.841,-246965,3598.25,575.539,23.8509
0.0502081,-43388.1,71.4029,21.2202,1.28448,-117401,-12213.8,169.451,17.8427,-247081,3595.78,575.575,23.8567
0.0502181,-43388.1,70.9691,21.2209,1.28469,-117104,-12215,169.329,17.8444,-247197,3593.31,575.611,23.8625
0.0502281,-43388.1,70.5353,21.2216,1.28491,-116807,-12216.2,169.206,17.8461,-247312,3590.84,575.647,23.8682
0.0502381,-43388.1,70.1014,21.2224,1.28512,-116510,-12217.3,169.084,17.8478,-247428,3588.37,575.683,23.874
0.0502481,-43388.1,69.6676,21.2231,1.28533,-116212,-12218.5,168.962,17.8495,-247543,3585.89,575.719,23.8797
0.0502581,-43388.1,69.2338,21.2237,1.28554,-115915,-12219.7,168.84,17.8511,-247658,3583.42,575.754,23.8855
0.0502681,-43388.1,68.8,21.2244,1.28576,-115618,-12220.8,168.718,17.8528,-247772,3580.94,575.79,23.8912
0.0502781,-43388.1,68.3661,21.2251,1.28597,-115320,-12222,168.596,17.8545,-247887,3578.46,575.826,23.897
0.0502881,-43388.1,67.9323,21.2258,1.28618,-115023,-12223.1,168.473,17.8562,-248001,3575.98,575.862,23.9028
0.0502981,-43388.1,67.4985,21.2265,1.28639,-114725,-12224.3,168.351,17.8579,-248115,3573.5,575.897,23.9085
0.0503081,-43388.1,67.0647,21.2272,1.2866,-114427,-12225.4,168.229,17.8596,-248229,3571.02,575.933,23.9143
0.0503181,-43388.1,66.6308,21.2278,1.28682,-114130,-12226.6,168.107,17.8613,-248342,3568.54,575.969,23.92
0.0503281,-43388.1,66.197,21.2285,1.28703,-113832,-12227.7,167.984,17.8629,-248456,3566.05,576.005,23.9258
0.0503381,-43388.1,65.7632,21.2291,1.28724,-113534,-12228.8,167.862,17.8646,-248569,3563.57,576.04,23.9316
0.0503481,-43388.1,65.3294,21.2298,1.28745,-113236,-12230,167.74,17.8663,-248682,3561.08,576.076,23.9373
0.0503581,-43388.1,64.8956,21.2305,1.28767,-112938,-12231.1,167.617,17.868,-248794,3558.59,576.111,23.9431
0.0503681,-43388.1,64.4617,21.2311,1.28788,-112639,-12232.2,167.495,17.8696,-248907,3556.11,576.147,23.9488
0.0503781,-43388.1,64.0279,21.2317,1.28809,-112341,-12233.4,167.373,17.8713,-249019,3553.62,576.182,23.9546
0.0503881,-43388.1,63.5941,21.2324,1.2883,-112043,-12234.5,167.251,17.873,-249131,3551.13,576.218,23.9604
0.0503981,-43388.1,63.1603,21.233,1.28852,-111745,-12235.6,167.128,17.8747,-249243,3548.64,576.254,23.9661
0.0504081,-43388.1,62.7264,21.2336,1.28873,-111446,-12236.7,167.006,17.8763,-249354,3546.14,576.289,23.9719
0.050418,-43388.1,62.2926,21.2343,1.28894,-111148,-12237.8,166.884,17.878,-249466,3543.65,576.324,23.9777
0.050428,-43388.1,61.8588,21.2349,1.28915,-110849,-12238.9,166.761,17.8797,-249577,3541.15,576.36,23.9834
0.050438,-43388.1,61.425,21.2355,1.28936,-110550,-12240,166.639,17.8813,-249688,3538.66,576.395,23.9892
0.050448,-43388.1,60.9911,21.2361,1.28958,-110251,-12241.1,166.516,17.883,-249798,3536.16,576.431,23.9949
0.050458,-43388.1,60.5573,21.2367,1.28979,-109953,-12242.2,166.394,17.8847,-249909,3533.66,576.466,24.0007
0.050468,-43388.1,60.1235,21.2373,1.29,-109654,-12243.3,166.272,17.8863,-250019,3531.16,576.501,24.0065
0.050478,-43388.1,59.6897,21.2379,1.29021,-109355,-12244.4,166.149,17.888,-250129,3528.66,576.537,24.0122
0.050488,-43388.1,59.2558,21.2385,1.29043,-109056,-12245.5,166.027,17.8897,-250239,3526.16,576.572,24.018
0.050498,-43388.1,58.822,21.2391,1.29064,-108757,-12246.6,165.904,17.8913,-250349,3523.66,576.607,24.0238
0.050508,-43388.1,58.3882,21.2397,1.29085,-108457,-12247.7,165.782,17.893,-250458,3521.16,576.642,24.0295
0.050518,-43388.1,57.9544,21.2403,1.29106,-108158,-12248.8,165.659,17.8946,-250567,3518.65,576.678,24.0353
0.050528,-43388.1,57.5206,21.2409,1.29128,-107859,-12249.9,165.537,17.8963,-250676,3516.15,576.713,24.0411
0.050538,-43388.1,57.0867,21.2414,1.29149,-107559,-12250.9,165.414,17.8979,-250785,3513.64,576.748,24.0468
0.050548,-43388.1,56.6529,21.242,1.2917,-107260,-12252,165.292,17.8996,-250893,3511.13,576.783,24.0526
0.050558,-43388.1,56.2191,21.2426,1.29191,-106960,-12253.1,165.169,17.9012,-251001,3508.62,576.818,24.0584
0.050568,-43388.1,55.7853,21.2431,1.29213,-106661,-12254.2,165.047,17.9029,-251109,3506.11,576.853,24.0641
0.050578,-43388.1,55.3514,21.2437,1.29234,-106361,-12255.2,164.924,17.9046,-251217,3503.6,576.888,24.0699
0.050588,-43388.1,54.9176,21.2442,1.29255,-106061,-12256.3,164.802,17.9062,-251325,3501.09,576.923,24.0757
0.050598,-43388.1,54.4838,21.2448,1.29276,-105761,-12257.3,164.679,17.9078,-251432,3498.57,576.958,24.0814
0.050608,-43388.1,54.05,21.2453,1.29298,-105461,-12258.4,164.557,17.9095,-251539,3496.06,576.993,24.0872
0.050618,-43388.1,53.6161,21.2459,1.29319,-105161,-12259.5,164.434,17.9111,-251646,3493.54,577.028,24.093
0.050628,-43388.1,53.1823,21.2464,1.2934,-104861,-12260.5,164.312,17.9128,-251753,3491.03,577.063,24.0988
0.050638,-43388.1,52.7485,21.2469,1.29361,-104561,-12261.6,164.189,17.9144,-251860,3488.51,577.098,24.1045
0.050648,-43388.1,52.3147,21.2474,1.29382,-104261,-12262.6,164.066,17.9161,-251966,3485.99,577.133,24.1103
0.050658,-43388.1,51.8808,21.248,1.29404,-103961,-12263.6,163.944,17.9177,-252072,3483.47,577.168,24.1161
0.050668,-43388.1,51.447,21.2485,1.29425,-103660,-12264.7,163.821,17.9193,-252178,3480.95,577.202,24.1218
0.050678,-43388.1,51.0132,21.249,1.29446,-103360,-12265.7,163.698,17.921,-252283,3478.43,577.237,24.1276
0.050688,-43388.1,50.5794,21.2495,1.29467,-103059,-12266.7,163.576,17.9226,-252389,3475.9,577.272,24.1334
0.050698,-43388.1,50.1456,21.25,1.29489,-102759,-12267.8,163.453,17.9243,-252494,3473.38,577.307,24.1392
0.050708,-43388.1,49.7117,21.2505,1.2951,-102458,-12268.8,163.331,17.9259,-252599,3470.86,577.341,24.1449
0.050718,-43388.1,49.2779,21.251,1.29531,-102157,-12269.8,163.208,17.9275,-252703,3468.33,577.376,24.1507
0.050728,-43388.1,48.8441,21.2515,1.29552,-101857,-12270.8,163.085,17.9292,-252808,3465.8,577.411,24.1565
0.050738,-43388.1,48.4103,21.252,1.29574,-101556,-12271.9,162.962,17.9308,-252912,3463.27,577.445,24.1623
0.050748,-43388.1,47.9764,21.2525,1.29595,-101255,-12272.9,162.84,17.9324,-253016,3460.74,577.48,24.168
0.050758,-43388.1,47.5426,21.2529,1.29616,-100954,-12273.9,162.717,17.934,-253120,3458.21,577.515,24.1738
0.050768,-43388.1,47.1088,21.2534,1.29637,-100653,-12274.9,162.594,17.9357,-253224,3455.68,577.549,24.1796
0.050778,-43388.1,46.675,21.2539,1.29659,-100352,-12275.9,162.472,17.9373,-253327,3453.15,577.584,24.1854
0.050788,-43388.1,46.2411,21.2543,1.2968,-100050,-12276.9,162.349,17.9389,-253430,3450.62,577.618,24.1911
0.050798,-43388.1,45.8073,21.2548,1.29701,-99749,-12277.9,162.226,17.9405,-253533,3448.08,577.653,24.1969
0.050808,-43388.1,45.3735,21.2553,1.29722,-99447.7,-12278.9,162.103,17.9422,-253636,3445.55,577.687,24.2027
0.050818,-43388.1,44.9397,21.2557,1.29744,-99146.3,-12279.9,161.98,17.9438,-253738,3443.01,577.722,24.2085
0.050828,-43388.1,44.5059,21.2562,1.29765,-98844.8,-12280.9,161.858,17.9454,-253841,3440.47,577.756,24.2142
0.050838,-43388.1,44.072,21.2566,1.29786,-98543.2,-12281.9,161.735,17.947,-253943,3437.94,577.79,24.22
0.050848,-43388.1,43.6382,21.257,1.29807,-98241.5,-12282.8,161.612,17.9486,-254044,3435.39,577.825,24.2258
0.050858,-43388.1,43.2044,21.2575,1.29829,-97939.9,-12283.8,161.489,17.9502,-254146,3432.85,577.859,24.2316
0.050868,-43388.1,42.7706,21.2579,1.2985,-97638.1,-12284.8,161.366,17.9519,-254247,3430.31,577.893,24.2374
0.050878,-43388.1,42.3367,21.2583,1.29871,-97336.2,-12285.8,161.244,17.9535,-254349,3427.77,577.928,24.2431
0.050888,-43388.1,41.9029,21.2587,1.29892,-97034.3,-12286.8,161.121,17.9551,-254450,3425.23,577.962,24.2489
0.050898,-43388.1,41.4691,21.2592,1.29914,-96732.4,-12287.7,160.998,17.9567,-254550,3422.68,577.996,24.2547
0.050908,-43388.1,41.0353,21.2596,1.29935,-96430.3,-12288.7,160.875,17.9583,-254651,3420.14,578.03,24.2605
0.050918,-43388.1,40.6014,21.26,1.29956,-96128.1,-12289.6,160.752,17.9599,-254751,3417.59,578.065,24.2663
0.050928,-43388.1,40.1676,21.2604,1.29978,-95826,-12290.6,160.629,17.9615,-254851,3415.04,578.099,24.272
0.050938,-43388.1,39.7338,21.2608,1.29999,-95523.7,-12291.6,160.506,17.9631,-254951,3412.49,578.133,24.2778
0.050948,-43388.1,39.3,21.2612,1.3002,-95221.4,-12292.5,160.384,17.9647,-255050,3409.94,578.167,24.2836
0.050958,-43388.1,38.8661,21.2616,1.30041,-94919,-12293.5,160.261,17.9663,-255150,3407.39,578.201,24.2894
0.050968,-43388.1,38.4323,21.262,1.30063,-94616.5,-12294.4,160.138,17.9679,-255249,3404.84,578.235,24.2952
0.050978,-43388.1,37.9985,21.2623,1.30084,-94314,-12295.4,160.015,17.9695,-255348,3402.29,578.269,24.3009
0.050988,-43388.1,37.5647,21.2627,1.30105,-94011.4,-12296.3,159.892,17.9711,-255447,3399.73,578.303,24.3067
0.050998,-43388.1,37.1309,21.2631,1.30126,-93708.7,-12297.2,159.769,17.9727,-255545,3397.18,578.337,24.3125
0.051008,-43388.1,36.697,21.2635,1.30148,-93406,-12298.2,159.646,17.9743,-255643,3394.62,578.371,24.3183
0.051018,-43388.1,36.2632,21.2638,1.30169,-93103.2,-12299.1,159.523,17.9759,-255741,3392.07,578.405,24.3241
0.051028,-43388.1,35.8294,21.2642,1.3019,-92800.3,-12300,159.4,17.9775,-255839,3389.51,578.439,24.3299
0.051038,-43388.1,35.3956,21.2645,1.30211,-92497.3,-12301,159.277,17.9791,-255937,3386.95,578.473,24.3356
0.051048,-43388.1,34.9617,21.2649,1.30233,-92194.4,-12301.9,159.154,17.9807,-256034,3384.39,578.507,24.3414
0.051058,-43388.1,34.5279,21.2652,1.30254,-91891.3,-12302.8,159.031,17.9823,-256131,3381.83,578.541,24.3472
0.051068,-43388.1,34.0941,21.2656,1.30275,-91588.2,-12303.7,158.908,17.9839,-256228,3379.27,578.574,24.353
0.051078,-43388.1,33.6603,21.2659,1.30296,-91284.9,-12304.6,158.785,17.9855,-256325,3376.71,578.608,24.3588
0.051088,-43388.1,33.2264,21.2663,1.30318,-90981.6,-12305.6,158.662,17.9871,-256421,3374.14,578.642,24.3646
0.051098,-43388.1,32.7926,21.2666,1.30339,-90678.3,-12306.5,158.539,17.9887,-256518,3371.58,578.676,24.3704
0.051108,-43388.1,32.3588,21.2669,1.3036,-90374.9,-12307.4,158.416,17.9902,-256614,3369.01,578.709,24.3761
0.051118,-43388.1,31.925,21.2672,1.30381,-90071.4,-12308.3,158.293,17.9918,-256709,3366.45,578.743,24.3819
0.051128,-43388.1,31.4911,21.2676,1.30403,-89767.9,-12309.2,158.17,17.9934,-256805,3363.88,578.777,24.3877
0.051138,-43388.1,31.0573,21.2679,1.30424,-89464.3,-12310.1,158.047,17.995,-256900,3361.31,578.81,24.3935
0.051148,-43388.1,30.6235,21.2682,1.30445,-89160.6,-12311,157.923,17.9966,-256995,3358.74,578.844,24.3993
0.051158,-43388.1,30.1897,21.2685,1.30467,-88856.8,-12311.8,157.8,17.9981,-257090,3356.17,578.877,24.4051
0.051168,-43388.1,29.7559,21.2688,1.30488,-88553,-12312.7,157.677,17.9997,-257185,3353.6,578.911,24.4109
0.0511779,-43388.1,29.322,21.2691,1.30509,-88249.2,-12313.6,157.554,18.0013,-257279,3351.03,578.944,24.4167
0.0511879,-43388.1,28.8882,21.2694,1.3053,-87945.2,-12314.5,157.431,18.0029,-257374,3348.46,578.978,24.4225
0.0511979,-43388.1,28.4544,21.2697,1.30552,-87641.2,-12315.4,157.308,18.0044,-257468,3345.88,579.011,24.4282
0.0512079,-43388.1,28.0206,21.2699,1.30573,-87337.1,-12316.2,157.185,18.006,-257561,3343.31,579.045,24.434
0.0512179,-43388.1,27.5867,21.2702,1.30594,-87033,-12317.1,157.062,18.0076,-257655,3340.73,579.078,24.4398
0.0512279,-43388.1,27.1529,21.2705,1.30615,-86728.8,-12318,156.938,18.0092,-257748,3338.16,579.112,24.4456
0.0512379,-43388.1,26.7191,21.2708,1.30637,-86424.5,-12318.9,156.815,18.0107,-257841,3335.58,579.145,24.4514
0.0512479,-43388.1,26.2853,21.271,1.30658,-86120.2,-12319.7,156.692,18.0123,-257934,3333,579.178,24.4572
0.0512579,-43388.1,25.8514,21.2713,1.30679,-85815.8,-12320.6,156.569,18.0139,-258027,3330.42,579.212,24.463
0.0512679,-43388.1,25.4176,21.2715,1.307,-85511.4,-12321.4,156.446,18.0154,-258119,3327.84,579.245,24.4688
0.0512779,-43388.1,24.9838,21.2718,1.30722,-85206.8,-12322.3,156.323,18.017,-258212,3325.26,579.278,24.4746
0.0512879,-43388.1,24.55,21.272,1.30743,-84902.2,-12323.1,156.199,18.0186,-258304,3322.68,579.311,24.4804
0.0512979,-43388.1,24.1162,21.2723,1.30764,-84597.5,-12324,156.076,18.0201,-258395,3320.09,579.345,24.4862
0.0513079,-43388.1,23.6823,21.2725,1.30786,-84292.8,-12324.8,155.953,18.0217,-258487,3317.51,579.378,24.492
0.0513179,-43388.1,23.2485,21.2728,1.30807,-83988,-12325.7,155.83,18.0232,-258578,3314.92,579.411,24.4977
0.0513279,-43388.1,22.8147,21.273,1.30828,-83683.2,-12326.5,155.706,18.0248,-258669,3312.34,579.444,24.5035
0.0513379,-43388.1,22.3809,21.2732,1.30849,-83378.3,-12327.3,155.583,18.0263,-258760,3309.75,579.477,24.5093
0.0513479,-43388.1,21.947,21.2734,1.30871,-83073.3,-12328.2,155.46,18.0279,-258851,3307.17,579.51,24.5151
0.0513579,-43388.1,21.5132,21.2737,1.30892,-82768.2,-12329,155.337,18.0295,-258941,3304.58,579.543,24.5209
0.0513679,-43388.1,21.0794,21.2739,1.30913,-82463.1,-12329.8,155.213,18.031,-259031,3301.99,579.576,24.5267
0.0513779,-43388.1,20.6456,21.2741,1.30934,-82157.9,-12330.7,155.09,18.0326,-259121,3299.4,579.609,24.5325
0.0513879,-43388.1,20.2117,21.2743,1.30956,-81852.7,-12331.5,154.967,18.0341,-259211,3296.8,579.642,24.5383
0.0513979,-43388.1,19.7779,21.2745,1.30977,-81547.4,-12332.3,154.843,18.0357,-259301,3294.21,579.675,24.5441
0.0514079,-43388.1,19.3441,21.2747,1.30998,-81242,-12333.1,154.72,18.0372,-259390,3291.62,579.708,24.5499
0.0514179,-43388.1,18.9103,21.2749,1.3102,-80936.6,-12333.9,154.597,18.0388,-259479,3289.03,579.741,24.5557
0.0514279,-43388.1,18.4764,21.275,1.31041,-80631.1,-12334.7,154.473,18.0403,-259568,3286.43,579.774,24.5615
0.0514379,-43388.1,18.0426,21.2752,1.31062,-80325.6,-12335.5,154.35,18.0418,-259656,3283.83,579.807,24.5673
0.0514479,-43388.1,17.6088,21.2754,1.31083,-80020,-12336.3,154.227,18.0434,-259745,3281.24,579.84,24.5731
0.0514579,-43388.1,17.175,21.2756,1.31105,-79714.3,-12337.1,154.103,18.0449,-259833,3278.64,579.872,24.5789
0.0514679,-43388.1,16.7412,21.2758,1.31126,-79408.5,-12337.9,153.98,18.0465,-259921,3276.04,579.905,24.5847
0.0514779,-43388.1,16.3073,21.2759,1.31147,-79102.7,-12338.7,153.857,18.048,-260009,3273.44,579.938,24.5905
0.0514879,-43388.1,15.8735,21.2761,1.31168,-78796.9,-12339.5,153.733,18.0495,-260096,3270.84,579.971,24.5963
0.0514979,-43388.1,15.4397,21.2762,1.3119,-78491,-12340.3,153.61,18.0511,-260183,3268.24,580.003,24.6021
0.0515079,-43388.1,15.0059,21.2764,1.31211,-78185,-12341.1,153.487,18.0526,-260270,3265.64,580.036,24.6079
0.0515179,-43388.1,14.572,21.2765,1.31232,-77878.9,-12341.9,153.363,18.0542,-260357,3263.04,580.069,24.6137
0.0515279,-43388.1,14.1382,21.2767,1.31254,-77572.8,-12342.6,153.24,18.0557,-260444,3260.43,580.101,24.6195
0.0515379,-43388.1,13.7044,21.2768,1.31275,-77266.6,-12343.4,153.116,18.0572,-260530,3257.83,580.134,24.6253
0.0515479,-43388.1,13.2706,21.277,1.31296,-76960.4,-12344.2,152.993,18.0587,-260616,3255.22,580.167,24.6311
0.0515579,-43388.1,12.8367,21.2771,1.31317,-76654.1,-12344.9,152.87,18.0603,-260702,3252.62,580.199,24.6369
0.0515679,-43388.1,12.4029,21.2772,1.31339,-76347.7,-12345.7,152.746,18.0618,-260788,3250.01,580.232,24.6427
0.0515779,-43388.1,11.9691,21.2773,1.3136,-76041.3,-12346.5,152.623,18.0633,-260873,3247.4,580.264,24.6485
0.0515879,-43388.1,11.5353,21.2775,1.31381,-75734.8,-12347.2,152.499,18.0649,-260958,3244.79,580.297,24.6543
0.0515979,-43388.1,11.1014,21.2776,1.31402,-75428.2,-12348,152.376,18.0664,-261043,3242.18,580.329,24.6601
0.0516079,-43388.1,10.6676,21.2777,1.31424,-75121.6,-12348.7,152.252,18.0679,-261128,3239.57,580.361,24.6659
0.0516179,-43388.1,10.2338,21.2778,1.31445,-74815,-12349.5,152.129,18.0694,-261213,3236.96,580.394,24.6717
0.0516279,-43388.1,9.79998,21.2779,1.31466,-74508.2,-12350.2,152.005,18.0709,-261297,3234.35,580.426,24.6775
0.0516379,-43388.1,9.36616,21.278,1.31488,-74201.4,-12351,151.882,18.0725,-261381,3231.74,580.458,24.6833
0.0516479,-43388.1,8.93233,21.2781,1.31509,-73894.6,-12351.7,151.758,18.074,-261465,3229.12,580.491,24.6891
0.0516579,-43388.1,8.49851,21.2782,1.3153,-73587.7,-12352.5,151.635,18.0755,-261549,3226.51,580.523,24.6949
0.0516679,-43388.1,8.06469,21.2782,1.31551,-73280.7,-12353.2,151.511,18.077,-261632,3223.89,580.555,24.7007
0.0516779,-43388.1,7.63086,21.2783,1.31573,-72973.7,-12353.9,151.388,18.0785,-261715,3221.28,580.587,24.7066
0.0516879,-43388.1,7.19704,21.2784,1.31594,-72666.6,-12354.6,151.264,18.08,-261798,3218.66,580.62,24.7124
0.0516979,-43388.1,6.76322,21.2785,1.31615,-72359.4,-12355.4,151.141,18.0816,-261881,3216.04,580.652,24.7182
0.0517079,-43388.1,6.32939,21.2785,1.31636,-72052.3,-12356.1,151.017,18.0831,-261964,3213.42,580.684,24.724
0.0517179,-43388.1,5.89557,21.2786,1.31658,-71744.9,-12356.8,150.894,18.0846,-262046,3210.8,580.716,24.7298
0.0517279,-43388.1,5.46175,21.2786,1.31679,-71437.6,-12357.5,150.77,18.0861,-262128,3208.18,580.748,24.7356
0.0517379,-43388.1,5.02792,21.2787,1.317,-71130.2,-12358.2,150.646,18.0876,-262210,3205.56,580.78,24.7414
0.0517479,-43388.1,4.5941,21.2787,1.31722,-70822.8,-12359,150.523,18.0891,-262291,3202.94,580.812,24.7472
0.0517579,-43388.1,4.16028,21.2788,1.31743,-70515.3,-12359.7,150.399,18.0906,-262373,3200.32,580.844,24.753
0.0517679,-43388.1,3.72645,21.2788,1.31764,-70207.7,-12360.4,150.276,18.0921,-262454,3197.69,580.876,24.7588
0.0517779,-43388.1,3.29263,21.2789,1.31785,-69900.1,-12361.1,150.152,18.0936,-262535,3195.07,580.908,24.7646
0.0517879,-43388.1,2.85881,21.2789,1.31807,-69592.4,-12361.8,150.029,18.0951,-262616,3192.44,580.94,24.7704
0.0517979,-43388.1,2.42498,21.2789,1.31828,-69284.6,-12362.5,149.905,18.0966,-262696,3189.81,580.972,24.7762
0.0518079,-43388.1,1.99116,21.2789,1.31849,-68976.9,-12363.1,149.781,18.0981,-262776,3187.19,581.004,24.7821
0.0518179,-43388.1,1.55734,21.279,1.31871,-68669,-12363.8,149.658,18.0996,-262856,3184.56,581.036,24.7879
0.0518279,-43388.1,1.12351,21.279,1.31892,-68361,-12364.5,149.534,18.1011,-262936,3181.93,581.068,24.7937
0.0518379,-43388.1,0.689689,21.279,1.31913,-68053.1,-12365.2,149.411,18.1026,-263016,3179.3,581.099,24.7995
0.0518479,-43388.1,0.255865,21.279,1.31934,-67745,-12365.9,149.287,18.1041,-263095,3176.67,581.131,24.8053
0.0518579,0,0,21.279,1.31956,-67540.4,-12366.6,149.163,18.1056,-263148,3174.04,581.163,24.8111
