0.1132,0,0,13.3754,0.534305,-92379.3,-4086.78,516.374,66.6986,-54662.2,6906.68,305.546,7.54693
0.11321,0,0,13.3754,0.534439,-92372,-4087.71,516.333,66.7037,-54674.5,6906.13,305.615,7.54998
0.11322,0,0,13.3754,0.534573,-92364.6,-4088.63,516.292,66.7089,-54686.9,6905.59,305.684,7.55304
0.11323,0,0,13.3754,0.534706,-92357.3,-4089.55,516.251,66.7141,-54699.2,6905.04,305.753,7.5561
0.11324,0,0,13.3754,0.53484,-92350,-4090.48,516.21,66.7192,-54711.6,6904.49,305.822,7.55916
0.11325,0,0,13.3754,0.534974,-92342.7,-4091.4,516.169,66.7244,-54723.9,6903.94,305.891,7.56221
0.11326,0,0,13.3754,0.535107,-92335.4,-4092.32,516.128,66.7296,-54736.3,6903.4,305.96,7.56527
0.11327,0,0,13.3754,0.535241,-92328.1,-4093.25,516.087,66.7347,-54748.6,6902.85,306.029,7.56833
0.11328,0,0,13.3754,0.535375,-92320.7,-4094.17,516.046,66.7399,-54761,6902.3,306.098,7.57139
0.11329,0,0,13.3754,0.535509,-92313.4,-4095.09,516.005,66.745,-54773.3,6901.75,306.167,7.57446
0.1133,0,0,13.3754,0.535642,-92306.1,-4096.02,515.965,66.7502,-54785.7,6901.21,306.236,7.57752
0.11331,0,0,13.3754,0.535776,-92298.8,-4096.94,515.924,66.7553,-54798,6900.66,306.305,7.58058
0.11332,0,0,13.3754,0.53591,-92291.4,-4097.86,515.883,66.7605,-54810.3,6900.11,306.374,7.58364
0.11333,0,0,13.3754,0.536044,-92284.1,-4098.79,515.842,66.7657,-54822.7,6899.56,306.443,7.58671
0.11334,0,0,13.3754,0.536177,-92276.8,-4099.71,515.801,66.7708,-54835,6899.02,306.512,7.58977
0.11335,0,0,13.3754,0.536311,-92269.4,-4100.63,515.76,66.776,-54847.4,6898.47,306.581,7.59284
0.11336,0,0,13.3754,0.536445,-92262.1,-4101.55,515.719,66.7811,-54859.7,6897.92,306.65,7.5959
0.11337,0,0,13.3754,0.536579,-92254.7,-4102.48,515.678,66.7863,-54872,6897.37,306.719,7.59897
0.11338,0,0,13.3754,0.536712,-92247.4,-4103.4,515.637,66.7914,-54884.4,6896.82,306.788,7.60204
0.11339,0,0,13.3754,0.536846,-92240.1,-4104.32,515.596,66.7966,-54896.7,6896.27,306.857,7.60511
0.1134,0,0,13.3754,0.53698,-92232.7,-4105.24,515.555,66.8018,-54909.1,6895.72,306.926,7.60818
0.11341,0,0,13.3754,0.537113,-92225.4,-4106.16,515.513,66.8069,-54921.4,6895.17,306.995,7.61125
0.11342,0,0,13.3754,0.537247,-92218,-4107.09,515.472,66.8121,-54933.7,6894.62,307.064,7.61432
0.11343,0,0,13.3754,0.537381,-92210.7,-4108.01,515.431,66.8172,-54946.1,6894.08,307.133,7.61739
0.11344,0,0,13.3754,0.537515,-92203.3,-4108.93,515.39,66.8224,-54958.4,6893.53,307.202,7.62046
0.11345,0,0,13.3754,0.537648,-92196,-4109.85,515.349,66.8275,-54970.7,6892.98,307.271,7.62353
0.11346,0,0,13.3754,0.537782,-92188.6,-4110.77,515.308,66.8327,-54983,6892.43,307.339,7.6266
0.11347,0,0,13.3754,0.537916,-92181.3,-4111.7,515.267,66.8378,-54995.4,6891.88,307.408,7.62968
0.11348,0,0,13.3754,0.53805,-92173.9,-4112.62,515.226,66.843,-55007.7,6891.33,307.477,7.63275
0.11349,0,0,13.3754,0.538183,-92166.6,-4113.54,515.185,66.8481,-55020,6890.78,307.546,7.63583
0.1135,0,0,13.3754,0.538317,-92159.2,-4114.46,515.144,66.8533,-55032.4,6890.23,307.615,7.6389
0.11351,0,0,13.3754,0.538451,-92151.9,-4115.38,515.102,66.8584,-55044.7,6889.68,307.684,7.64198
0.11352,0,0,13.3754,0.538585,-92144.5,-4116.3,515.061,66.8636,-55057,6889.13,307.753,7.64506
0.11353,0,0,13.3754,0.538718,-92137.1,-4117.22,515.02,66.8687,-55069.3,6888.58,307.822,7.64813
0.11354,0,0,13.3754,0.538852,-92129.8,-4118.15,514.979,66.8739,-55081.7,6888.03,307.891,7.65121
0.11355,0,0,13.3754,0.538986,-92122.4,-4119.07,514.938,66.879,-55094,6887.47,307.96,7.65429
0.11356,0,0,13.3754,0.53912,-92115,-4119.99,514.897,66.8842,-55106.3,6886.92,308.028,7.65737
0.11357,0,0,13.3754,0.539253,-92107.6,-4120.91,514.855,66.8893,-55118.6,6886.37,308.097,7.66045
0.11358,0,0,13.3754,0.539387,-92100.3,-4121.83,514.814,66.8945,-55130.9,6885.82,308.166,7.66353
0.11359,0,0,13.3754,0.539521,-92092.9,-4122.75,514.773,66.8996,-55143.2,6885.27,308.235,7.66662
0.1136,0,0,13.3754,0.539654,-92085.5,-4123.67,514.732,66.9048,-55155.6,6884.72,308.304,7.6697
0.11361,0,0,13.3754,0.539788,-92078.1,-4124.59,514.69,66.9099,-55167.9,6884.17,308.373,7.67278
0.11362,0,0,13.3754,0.539922,-92070.8,-4125.51,514.649,66.9151,-55180.2,6883.62,308.441,7.67587
0.11363,0,0,13.3754,0.540056,-92063.4,-4126.43,514.608,66.9202,-55192.5,6883.06,308.51,7.67895
0.11364,0,0,13.3754,0.540189,-92056,-4127.35,514.567,66.9254,-55204.8,6882.51,308.579,7.68204
0.11365,0,0,13.3754,0.540323,-92048.6,-4128.27,514.525,66.9305,-55217.1,6881.96,308.648,7.68512
0.11366,0,0,13.3754,0.540457,-92041.2,-4129.19,514.484,66.9357,-55229.4,6881.41,308.717,7.68821
0.11367,0,0,13.3754,0.540591,-92033.9,-4130.11,514.443,66.9408,-55241.7,6880.86,308.785,7.6913
0.11368,0,0,13.3754,0.540724,-92026.5,-4131.04,514.402,66.946,-55254.1,6880.3,308.854,7.69439
0.11369,0,0,13.3754,0.540858,-92019.1,-4131.95,514.36,66.9511,-55266.3,6879.75,308.923,7.69747
0.1137,0,0,13.3754,0.540992,-92011.7,-4132.88,514.319,66.9562,-55278.7,6879.2,308.992,7.70056
0.11371,0,0,13.3754,0.541126,-92004.3,-4133.79,514.278,66.9614,-55291,6878.64,309.061,7.70365
0.11372,0,0,13.3754,0.541259,-91996.9,-4134.72,514.236,66.9665,-55303.3,6878.09,309.129,7.70675
0.11373,0,0,13.3754,0.541393,-91989.5,-4135.63,514.195,66.9717,-55315.6,6877.54,309.198,7.70984
0.11374,0,0,13.3754,0.541527,-91982.1,-4136.55,514.154,66.9768,-55327.9,6876.99,309.267,7.71293
0.11375,0,0,13.3754,0.541661,-91974.7,-4137.47,514.112,66.9819,-55340.2,6876.43,309.336,7.71602
0.11376,0,0,13.3754,0.541794,-91967.3,-4138.39,514.071,66.9871,-55352.5,6875.88,309.404,7.71912
0.11377,0,0,13.3754,0.541928,-91959.9,-4139.31,514.03,66.9922,-55364.8,6875.33,309.473,7.72221
0.11378,0,0,13.3754,0.542062,-91952.5,-4140.23,513.988,66.9974,-55377.1,6874.77,309.542,7.72531
0.11379,0,0,13.3754,0.542195,-91945.1,-4141.15,513.947,67.0025,-55389.4,6874.22,309.611,7.7284
0.1138,0,0,13.3754,0.542329,-91937.7,-4142.07,513.905,67.0077,-55401.7,6873.66,309.679,7.7315
0.11381,0,0,13.3754,0.542463,-91930.3,-4142.99,513.864,67.0128,-55414,6873.11,309.748,7.73459
0.11382,0,0,13.3754,0.542597,-91922.9,-4143.91,513.822,67.0179,-55426.3,6872.56,309.817,7.73769
0.11383,0,0,13.3754,0.54273,-91915.4,-4144.83,513.781,67.0231,-55438.5,6872,309.886,7.74079
0.11384,0,0,13.3754,0.542864,-91908,-4145.75,513.74,67.0282,-55450.8,6871.45,309.954,7.74389
0.11385,0,0,13.3754,0.542998,-91900.6,-4146.67,513.698,67.0333,-55463.1,6870.89,310.023,7.74699
0.11386,0,0,13.3754,0.543132,-91893.2,-4147.59,513.657,67.0385,-55475.4,6870.34,310.092,7.75009
0.11387,0,0,13.3754,0.543265,-91885.8,-4148.5,513.615,67.0436,-55487.7,6869.78,310.16,7.75319
0.11388,0,0,13.3754,0.543399,-91878.4,-4149.42,513.574,67.0488,-55500,6869.23,310.229,7.75629
0.11389,0,0,13.3754,0.543533,-91870.9,-4150.34,513.532,67.0539,-55512.3,6868.67,310.298,7.7594
0.1139,0,0,13.3754,0.543667,-91863.5,-4151.26,513.491,67.059,-55524.6,6868.12,310.366,7.7625
0.11391,0,0,13.3754,0.5438,-91856.1,-4152.18,513.449,67.0642,-55536.9,6867.56,310.435,7.7656
0.11392,0,0,13.3754,0.543934,-91848.6,-4153.1,513.408,67.0693,-55549.1,6867.01,310.504,7.76871
0.11393,0,0,13.3754,0.544068,-91841.2,-4154.02,513.366,67.0744,-55561.4,6866.45,310.572,7.77181
0.11394,0,0,13.3754,0.544201,-91833.8,-4154.93,513.325,67.0796,-55573.7,6865.9,310.641,7.77492
0.11395,0,0,13.3754,0.544335,-91826.4,-4155.85,513.283,67.0847,-55586,6865.34,310.71,7.77803
0.11396,0,0,13.3754,0.544469,-91818.9,-4156.77,513.241,67.0898,-55598.3,6864.79,310.778,7.78113
0.11397,0,0,13.3754,0.544603,-91811.5,-4157.69,513.2,67.095,-55610.5,6864.23,310.847,7.78424
0.11398,0,0,13.3754,0.544736,-91804,-4158.61,513.158,67.1001,-55622.8,6863.67,310.916,7.78735
0.11399,0,0,13.3754,0.54487,-91796.6,-4159.52,513.117,67.1052,-55635.1,6863.12,310.984,7.79046
0.114,0,0,13.3754,0.545004,-91789.2,-4160.44,513.075,67.1104,-55647.4,6862.56,311.053,7.79357
0.11401,0,0,13.3754,0.545138,-91781.7,-4161.36,513.034,67.1155,-55659.6,6862,311.121,7.79668
0.11402,0,0,13.3754,0.545271,-91774.3,-4162.28,512.992,67.1206,-55671.9,6861.45,311.19,7.79979
0.11403,0,0,13.3754,0.545405,-91766.8,-4163.19,512.95,67.1257,-55684.2,6860.89,311.259,7.80291
0.11404,0,0,13.3754,0.545539,-91759.4,-4164.11,512.909,67.1309,-55696.5,6860.33,311.327,7.80602
0.11405,0,0,13.3754,0.545673,-91751.9,-4165.03,512.867,67.136,-55708.7,6859.78,311.396,7.80913
0.11406,0,0,13.3754,0.545806,-91744.5,-4165.95,512.825,67.1411,-55721,6859.22,311.464,7.81225
0.11407,0,0,13.3754,0.54594,-91737,-4166.86,512.784,67.1463,-55733.3,6858.66,311.533,7.81536
0.11408,0,0,13.3754,0.546074,-91729.6,-4167.78,512.742,67.1514,-55745.5,6858.11,311.602,7.81848
0.11409,0,0,13.3754,0.546208,-91722.1,-4168.7,512.7,67.1565,-55757.8,6857.55,311.67,7.82159
0.1141,0,0,13.3754,0.546341,-91714.7,-4169.62,512.659,67.1616,-55770.1,6856.99,311.739,7.82471
0.11411,0,0,13.3754,0.546475,-91707.2,-4170.53,512.617,67.1668,-55782.3,6856.43,311.807,7.82783
0.11412,0,0,13.3754,0.546609,-91699.8,-4171.45,512.575,67.1719,-55794.6,6855.88,311.876,7.83095
0.11413,0,0,13.3754,0.546742,-91692.3,-4172.37,512.534,67.177,-55806.9,6855.32,311.944,7.83407
0.11414,0,0,13.3754,0.546876,-91684.8,-4173.28,512.492,67.1821,-55819.1,6854.76,312.013,7.83719
0.11415,0,0,13.3754,0.54701,-91677.3,-4174.2,512.45,67.1873,-55831.4,6854.2,312.081,7.84031
0.11416,0,0,13.3754,0.547144,-91669.9,-4175.12,512.408,67.1924,-55843.6,6853.64,312.15,7.84343
0.11417,0,0,13.3754,0.547277,-91662.4,-4176.03,512.367,67.1975,-55855.9,6853.08,312.219,7.84655
0.11418,0,0,13.3754,0.547411,-91654.9,-4176.95,512.325,67.2027,-55868.2,6852.53,312.287,7.84967
0.11419,0,0,13.3754,0.547545,-91647.5,-4177.87,512.283,67.2078,-55880.4,6851.97,312.356,7.85279
0.1142,0,0,13.3754,0.547679,-91640,-4178.78,512.241,67.2129,-55892.7,6851.41,312.424,7.85592
0.11421,0,0,13.3754,0.547812,-91632.5,-4179.7,512.2,67.218,-55904.9,6850.85,312.493,7.85904
0.11422,0,0,13.3754,0.547946,-91625,-4180.61,512.158,67.2231,-55917.2,6850.29,312.561,7.86217
0.11423,0,0,13.3754,0.54808,-91617.6,-4181.53,512.116,67.2282,-55929.4,6849.73,312.63,7.86529
0.11424,0,0,13.3754,0.548214,-91610.1,-4182.45,512.074,67.2334,-55941.7,6849.17,312.698,7.86842
0.11425,0,0,13.3754,0.548347,-91602.6,-4183.36,512.032,67.2385,-55953.9,6848.61,312.767,7.87155
0.11426,0,0,13.3754,0.548481,-91595.1,-4184.28,511.991,67.2436,-55966.2,6848.05,312.835,7.87468
0.11427,0,0,13.3754,0.548615,-91587.6,-4185.19,511.949,67.2487,-55978.4,6847.49,312.904,7.8778
0.11428,0,0,13.3754,0.548749,-91580.1,-4186.11,511.907,67.2538,-55990.7,6846.93,312.972,7.88093
0.11429,0,0,13.3754,0.548882,-91572.7,-4187.03,511.865,67.259,-56002.9,6846.37,313.04,7.88406
0.1143,0,0,13.3754,0.549016,-91565.2,-4187.94,511.823,67.2641,-56015.2,6845.81,313.109,7.8872
0.11431,0,0,13.3754,0.54915,-91557.7,-4188.86,511.781,67.2692,-56027.4,6845.25,313.177,7.89033
0.11432,0,0,13.3754,0.549283,-91550.2,-4189.77,511.739,67.2743,-56039.7,6844.69,313.246,7.89346
0.11433,0,0,13.3754,0.549417,-91542.7,-4190.69,511.697,67.2794,-56051.9,6844.13,313.314,7.89659
0.11434,0,0,13.3754,0.549551,-91535.2,-4191.6,511.655,67.2846,-56064.2,6843.57,313.383,7.89972
0.11435,0,0,13.3754,0.549685,-91527.7,-4192.52,511.614,67.2897,-56076.4,6843.01,313.451,7.90286
0.11436,0,0,13.3754,0.549818,-91520.2,-4193.43,511.572,67.2948,-56088.6,6842.45,313.519,7.90599
0.11437,0,0,13.3754,0.549952,-91512.7,-4194.35,511.53,67.2999,-56100.9,6841.89,313.588,7.90913
0.11438,0,0,13.3754,0.550086,-91505.2,-4195.26,511.488,67.305,-56113.1,6841.33,313.656,7.91227
0.11439,0,0,13.3754,0.55022,-91497.7,-4196.18,511.446,67.3101,-56125.3,6840.77,313.725,7.9154
0.1144,0,0,13.3754,0.550353,-91490.2,-4197.09,511.404,67.3152,-56137.6,6840.21,313.793,7.91854
0.11441,0,0,13.3754,0.550487,-91482.7,-4198.01,511.362,67.3204,-56149.8,6839.65,313.861,7.92168
0.11442,0,0,13.3754,0.550621,-91475.2,-4198.92,511.32,67.3255,-56162.1,6839.08,313.93,7.92482
0.11443,0,0,13.3754,0.550755,-91467.6,-4199.84,511.278,67.3306,-56174.3,6838.52,313.998,7.92796
0.11444,0,0,13.3754,0.550888,-91460.1,-4200.75,511.236,67.3357,-56186.5,6837.96,314.067,7.9311
0.11445,0,0,13.3754,0.551022,-91452.6,-4201.67,511.194,67.3408,-56198.8,6837.4,314.135,7.93424
0.11446,0,0,13.3754,0.551156,-91445.1,-4202.58,511.152,67.3459,-56211,6836.84,314.203,7.93738
0.11447,0,0,13.3754,0.551289,-91437.6,-4203.49,511.11,67.351,-56223.2,6836.27,314.272,7.94052
0.11448,0,0,13.3754,0.551423,-91430.1,-4204.41,511.068,67.3561,-56235.4,6835.71,314.34,7.94367
0.11449,0,0,13.3754,0.551557,-91422.5,-4205.32,511.026,67.3613,-56247.7,6835.15,314.408,7.94681
0.1145,0,0,13.3754,0.551691,-91415,-4206.24,510.984,67.3664,-56259.9,6834.59,314.477,7.94995
0.11451,0,0,13.3754,0.551824,-91407.5,-4207.15,510.942,67.3715,-56272.1,6834.02,314.545,7.9531
0.11452,0,0,13.3754,0.551958,-91400,-4208.06,510.9,67.3766,-56284.3,6833.46,314.613,7.95624
0.11453,0,0,13.3754,0.552092,-91392.4,-4208.98,510.858,67.3817,-56296.6,6832.9,314.682,7.95939
0.11454,0,0,13.3754,0.552226,-91384.9,-4209.89,510.815,67.3868,-56308.8,6832.34,314.75,7.96254
0.11455,0,0,13.3754,0.552359,-91377.4,-4210.81,510.773,67.3919,-56321,6831.77,314.818,7.96569
0.11456,0,0,13.3754,0.552493,-91369.8,-4211.72,510.731,67.397,-56333.2,6831.21,314.887,7.96883
0.11457,0,0,13.3754,0.552627,-91362.3,-4212.63,510.689,67.4021,-56345.4,6830.65,314.955,7.97198
0.11458,0,0,13.3754,0.552761,-91354.8,-4213.55,510.647,67.4072,-56357.7,6830.08,315.023,7.97513
0.11459,0,0,13.3754,0.552894,-91347.2,-4214.46,510.605,67.4123,-56369.9,6829.52,315.092,7.97828
0.1146,0,0,13.3754,0.553028,-91339.7,-4215.37,510.563,67.4174,-56382.1,6828.96,315.16,7.98144
0.11461,0,0,13.3754,0.553162,-91332.1,-4216.29,510.521,67.4225,-56394.3,6828.39,315.228,7.98459
0.11462,0,0,13.3754,0.553296,-91324.6,-4217.2,510.478,67.4277,-56406.5,6827.83,315.296,7.98774
0.11463,0,0,13.3754,0.553429,-91317.1,-4218.11,510.436,67.4328,-56418.7,6827.26,315.365,7.99089
0.11464,0,0,13.3754,0.553563,-91309.5,-4219.03,510.394,67.4379,-56430.9,6826.7,315.433,7.99405
0.11465,0,0,13.3754,0.553697,-91302,-4219.94,510.352,67.443,-56443.2,6826.14,315.501,7.9972
0.11466,0,0,13.3754,0.553831,-91294.4,-4220.85,510.31,67.4481,-56455.4,6825.57,315.569,8.00036
0.11467,0,0,13.3754,0.553964,-91286.9,-4221.76,510.267,67.4532,-56467.6,6825.01,315.638,8.00351
0.11468,0,0,13.3754,0.554098,-91279.3,-4222.68,510.225,67.4583,-56479.8,6824.44,315.706,8.00667
0.11469,0,0,13.3754,0.554232,-91271.8,-4223.59,510.183,67.4634,-56492,6823.88,315.774,8.00983
0.1147,0,0,13.3754,0.554365,-91264.2,-4224.5,510.141,67.4685,-56504.2,6823.31,315.842,8.01299
0.11471,0,0,13.3754,0.554499,-91256.6,-4225.42,510.099,67.4736,-56516.4,6822.75,315.911,8.01614
0.11472,0,0,13.3754,0.554633,-91249.1,-4226.33,510.056,67.4787,-56528.6,6822.18,315.979,8.0193
0.11473,0,0,13.3754,0.554767,-91241.5,-4227.24,510.014,67.4838,-56540.8,6821.62,316.047,8.02246
0.11474,0,0,13.3754,0.5549,-91234,-4228.15,509.972,67.4889,-56553,6821.05,316.115,8.02562
0.11475,0,0,13.3754,0.555034,-91226.4,-4229.06,509.93,67.494,-56565.2,6820.49,316.183,8.02879
0.11476,0,0,13.3754,0.555168,-91218.8,-4229.98,509.887,67.4991,-56577.4,6819.92,316.252,8.03195
0.11477,0,0,13.3754,0.555302,-91211.3,-4230.89,509.845,67.5042,-56589.6,6819.35,316.32,8.03511
0.11478,0,0,13.3754,0.555435,-91203.7,-4231.8,509.803,67.5093,-56601.8,6818.79,316.388,8.03827
0.11479,0,0,13.3754,0.555569,-91196.1,-4232.71,509.76,67.5144,-56614,6818.22,316.456,8.04144
0.1148,0,0,13.3754,0.555703,-91188.6,-4233.62,509.718,67.5195,-56626.2,6817.66,316.524,8.0446
0.11481,0,0,13.3754,0.555837,-91181,-4234.54,509.676,67.5246,-56638.4,6817.09,316.592,8.04777
0.11482,0,0,13.3754,0.55597,-91173.4,-4235.45,509.633,67.5297,-56650.6,6816.52,316.661,8.05093
0.11483,0,0,13.3754,0.556104,-91165.8,-4236.36,509.591,67.5348,-56662.8,6815.96,316.729,8.0541
0.11484,0,0,13.3754,0.556238,-91158.3,-4237.27,509.549,67.5399,-56675,6815.39,316.797,8.05727
0.11485,0,0,13.3754,0.556371,-91150.7,-4238.18,509.506,67.545,-56687.2,6814.82,316.865,8.06044
0.11486,0,0,13.3754,0.556505,-91143.1,-4239.09,509.464,67.55,-56699.4,6814.26,316.933,8.06361
0.11487,0,0,13.3754,0.556639,-91135.5,-4240,509.421,67.5551,-56711.5,6813.69,317.001,8.06678
0.11488,0,0,13.3754,0.556773,-91127.9,-4240.92,509.379,67.5602,-56723.7,6813.12,317.069,8.06995
0.11489,0,0,13.3754,0.556906,-91120.3,-4241.83,509.337,67.5653,-56735.9,6812.56,317.138,8.07312
0.1149,0,0,13.3754,0.55704,-91112.8,-4242.74,509.294,67.5704,-56748.1,6811.99,317.206,8.07629
0.11491,0,0,13.3754,0.557174,-91105.2,-4243.65,509.252,67.5755,-56760.3,6811.42,317.274,8.07946
0.11492,0,0,13.3754,0.557308,-91097.6,-4244.56,509.209,67.5806,-56772.5,6810.85,317.342,8.08263
0.11493,0,0,13.3754,0.557441,-91090,-4245.47,509.167,67.5857,-56784.7,6810.29,317.41,8.08581
0.11494,0,0,13.3754,0.557575,-91082.4,-4246.38,509.124,67.5908,-56796.8,6809.72,317.478,8.08898
0.11495,0,0,13.3754,0.557709,-91074.8,-4247.29,509.082,67.5959,-56809,6809.15,317.546,8.09216
0.11496,0,0,13.3754,0.557843,-91067.2,-4248.2,509.039,67.601,-56821.2,6808.58,317.614,8.09533
0.11497,0,0,13.3754,0.557976,-91059.6,-4249.11,508.997,67.6061,-56833.4,6808.01,317.682,8.09851
0.11498,0,0,13.3754,0.55811,-91052,-4250.02,508.954,67.6112,-56845.6,6807.45,317.75,8.10169
0.11499,0,0,13.3754,0.558244,-91044.4,-4250.93,508.912,67.6162,-56857.7,6806.88,317.818,8.10486
0.115,0,0,13.3754,0.558378,-91036.8,-4251.84,508.87,67.6213,-56869.9,6806.31,317.887,8.10804
0.11501,0,0,13.3754,0.558511,-91029.2,-4252.75,508.827,67.6264,-56882.1,6805.74,317.955,8.11122
0.11502,0,0,13.3754,0.558645,-91021.6,-4253.66,508.784,67.6315,-56894.3,6805.17,318.023,8.1144
0.11503,0,0,13.3754,0.558779,-91013.9,-4254.57,508.742,67.6366,-56906.4,6804.6,318.091,8.11758
0.11504,0,0,13.3754,0.558912,-91006.3,-4255.48,508.699,67.6417,-56918.6,6804.03,318.159,8.12076
0.11505,0,0,13.3754,0.559046,-90998.7,-4256.39,508.657,67.6468,-56930.8,6803.46,318.227,8.12395
0.11506,0,0,13.3754,0.55918,-90991.1,-4257.3,508.614,67.6519,-56942.9,6802.9,318.295,8.12713
0.11507,0,0,13.3754,0.559314,-90983.5,-4258.21,508.572,67.657,-56955.1,6802.33,318.363,8.13031
0.11508,0,0,13.3754,0.559447,-90975.9,-4259.12,508.529,67.662,-56967.3,6801.76,318.431,8.1335
0.11509,0,0,13.3754,0.559581,-90968.3,-4260.03,508.487,67.6671,-56979.4,6801.19,318.499,8.13668
0.1151,0,0,13.3754,0.559715,-90960.6,-4260.94,508.444,67.6722,-56991.6,6800.62,318.567,8.13986
0.11511,0,0,13.3754,0.559849,-90953,-4261.85,508.401,67.6773,-57003.8,6800.05,318.635,8.14305
0.11512,0,0,13.3754,0.559982,-90945.4,-4262.76,508.359,67.6824,-57015.9,6799.48,318.703,8.14624
0.11513,0,0,13.3754,0.560116,-90937.8,-4263.67,508.316,67.6875,-57028.1,6798.91,318.771,8.14942
0.115139,0,0,13.3754,0.56025,-90930.1,-4264.58,508.273,67.6925,-57040.3,6798.34,318.839,8.15261
0.115149,0,0,13.3754,0.560384,-90922.5,-4265.49,508.231,67.6976,-57052.4,6797.77,318.907,8.1558
0.115159,0,0,13.3754,0.560517,-90914.9,-4266.4,508.188,67.7027,-57064.6,6797.2,318.975,8.15899
0.115169,0,0,13.3754,0.560651,-90907.2,-4267.31,508.145,67.7078,-57076.7,6796.62,319.043,8.16218
0.115179,0,0,13.3754,0.560785,-90899.6,-4268.22,508.103,67.7129,-57088.9,6796.05,319.111,8.16537
0.115189,0,0,13.3754,0.560919,-90892,-4269.12,508.06,67.7179,-57101,6795.48,319.178,8.16856
0.115199,0,0,13.3754,0.561052,-90884.3,-4270.03,508.017,67.723,-57113.2,6794.91,319.246,8.17175
0.115209,0,0,13.3754,0.561186,-90876.7,-4270.94,507.975,67.7281,-57125.4,6794.34,319.314,8.17495
0.115219,0,0,13.3754,0.56132,-90869.1,-4271.85,507.932,67.7332,-57137.5,6793.77,319.382,8.17814
0.115229,0,0,13.3754,0.561453,-90861.4,-4272.76,507.889,67.7383,-57149.7,6793.2,319.45,8.18134
0.115239,0,0,13.3754,0.561587,-90853.8,-4273.67,507.847,67.7433,-57161.8,6792.63,319.518,8.18453
0.115249,0,0,13.3754,0.561721,-90846.1,-4274.58,507.804,67.7484,-57174,6792.06,319.586,8.18773
0.115259,0,0,13.3754,0.561855,-90838.5,-4275.48,507.761,67.7535,-57186.1,6791.48,319.654,8.19092
0.115269,0,0,13.3754,0.561988,-90830.8,-4276.39,507.718,67.7586,-57198.3,6790.91,319.722,8.19412
0.115279,0,0,13.3754,0.562122,-90823.2,-4277.3,507.676,67.7637,-57210.4,6790.34,319.79,8.19732
0.115289,0,0,13.3754,0.562256,-90815.5,-4278.21,507.633,67.7687,-57222.6,6789.77,319.858,8.20051
0.115299,0,0,13.3754,0.56239,-90807.9,-4279.12,507.59,67.7738,-57234.7,6789.2,319.926,8.20371
0.115309,0,0,13.3754,0.562523,-90800.2,-4280.02,507.547,67.7789,-57246.8,6788.62,319.993,8.20691
0.115319,0,0,13.3754,0.562657,-90792.6,-4280.93,507.504,67.784,-57259,6788.05,320.061,8.21011
0.115329,0,0,13.3754,0.562791,-90784.9,-4281.84,507.462,67.789,-57271.1,6787.48,320.129,8.21331
0.115339,0,0,13.3754,0.562925,-90777.2,-4282.75,507.419,67.7941,-57283.3,6786.91,320.197,8.21652
0.115349,0,0,13.3754,0.563058,-90769.6,-4283.66,507.376,67.7992,-57295.4,6786.33,320.265,8.21972
0.115359,0,0,13.3754,0.563192,-90761.9,-4284.56,507.333,67.8043,-57307.5,6785.76,320.333,8.22292
0.115369,0,0,13.3754,0.563326,-90754.3,-4285.47,507.29,67.8093,-57319.7,6785.19,320.401,8.22612
0.115379,0,0,13.3754,0.563459,-90746.6,-4286.38,507.247,67.8144,-57331.8,6784.61,320.468,8.22933
0.115389,0,0,13.3754,0.563593,-90738.9,-4287.29,507.205,67.8195,-57344,6784.04,320.536,8.23253
0.115399,0,0,13.3754,0.563727,-90731.2,-4288.19,507.162,67.8245,-57356.1,6783.47,320.604,8.23574
0.115409,0,0,13.3754,0.563861,-90723.6,-4289.1,507.119,67.8296,-57368.2,6782.89,320.672,8.23895
0.115419,0,0,13.3754,0.563994,-90715.9,-4290.01,507.076,67.8347,-57380.4,6782.32,320.74,8.24215
0.115429,0,0,13.3754,0.564128,-90708.2,-4290.91,507.033,67.8398,-57392.5,6781.75,320.808,8.24536
0.115439,0,0,13.3754,0.564262,-90700.6,-4291.82,506.99,67.8448,-57404.6,6781.17,320.875,8.24857
0.115449,0,0,13.3754,0.564396,-90692.9,-4292.73,506.947,67.8499,-57416.7,6780.6,320.943,8.25178
0.115459,0,0,13.3754,0.564529,-90685.2,-4293.63,506.904,67.855,-57428.9,6780.02,321.011,8.25499
0.115469,0,0,13.3754,0.564663,-90677.5,-4294.54,506.861,67.86,-57441,6779.45,321.079,8.2582
0.115479,0,0,13.3754,0.564797,-90669.8,-4295.45,506.818,67.8651,-57453.1,6778.87,321.147,8.26141
0.115489,0,0,13.3754,0.564931,-90662.1,-4296.35,506.775,67.8702,-57465.2,6778.3,321.214,8.26462
0.115499,0,0,13.3754,0.565064,-90654.5,-4297.26,506.733,67.8752,-57477.4,6777.73,321.282,8.26783
0.115509,0,0,13.3754,0.565198,-90646.8,-4298.17,506.69,67.8803,-57489.5,6777.15,321.35,8.27105
0.115519,0,0,13.3754,0.565332,-90639.1,-4299.07,506.647,67.8854,-57501.6,6776.58,321.418,8.27426
0.115529,0,0,13.3754,0.565466,-90631.4,-4299.98,506.604,67.8904,-57513.7,6776,321.485,8.27748
0.115539,0,0,13.3754,0.565599,-90623.7,-4300.89,506.561,67.8955,-57525.9,6775.43,321.553,8.28069
0.115549,0,0,13.3754,0.565733,-90616,-4301.79,506.518,67.9006,-57538,6774.85,321.621,8.28391
0.115559,0,0,13.3754,0.565867,-90608.3,-4302.7,506.475,67.9056,-57550.1,6774.28,321.689,8.28712
0.115569,0,0,13.3754,0.566,-90600.6,-4303.6,506.431,67.9107,-57562.2,6773.7,321.756,8.29034
0.115579,0,0,13.3754,0.566134,-90592.9,-4304.51,506.388,67.9158,-57574.3,6773.12,321.824,8.29356
0.115589,0,0,13.3754,0.566268,-90585.2,-4305.42,506.345,67.9208,-57586.4,6772.55,321.892,8.29678
0.115599,0,0,13.3754,0.566402,-90577.5,-4306.32,506.302,67.9259,-57598.6,6771.97,321.959,8.3
0.115609,0,0,13.3754,0.566535,-90569.8,-4307.23,506.259,67.931,-57610.7,6771.4,322.027,8.30322
0.115619,0,0,13.3754,0.566669,-90562.1,-4308.13,506.216,67.936,-57622.8,6770.82,322.095,8.30644
0.115629,0,0,13.3754,0.566803,-90554.4,-4309.04,506.173,67.9411,-57634.9,6770.24,322.163,8.30966
0.115639,0,0,13.3754,0.566937,-90546.7,-4309.94,506.13,67.9461,-57647,6769.67,322.23,8.31288
0.115649,0,0,13.3754,0.56707,-90539,-4310.85,506.087,67.9512,-57659.1,6769.09,322.298,8.3161
0.115659,0,0,13.3754,0.567204,-90531.3,-4311.75,506.044,67.9563,-57671.2,6768.51,322.366,8.31933
0.115669,0,0,13.3754,0.567338,-90523.6,-4312.66,506.001,67.9613,-57683.3,6767.94,322.433,8.32255
0.115679,0,0,13.3754,0.567472,-90515.8,-4313.56,505.958,67.9664,-57695.4,6767.36,322.501,8.32578
0.115689,0,0,13.3754,0.567605,-90508.1,-4314.47,505.915,67.9714,-57707.5,6766.78,322.569,8.329
0.115699,0,0,13.3754,0.567739,-90500.4,-4315.37,505.871,67.9765,-57719.6,6766.21,322.636,8.33223
0.115709,0,0,13.3754,0.567873,-90492.7,-4316.28,505.828,67.9816,-57731.7,6765.63,322.704,8.33545
0.115719,0,0,13.3754,0.568007,-90485,-4317.18,505.785,67.9866,-57743.9,6765.05,322.772,8.33868
0.115729,0,0,13.3754,0.56814,-90477.2,-4318.09,505.742,67.9917,-57756,6764.48,322.839,8.34191
0.115739,0,0,13.3754,0.568274,-90469.5,-4318.99,505.699,67.9967,-57768,6763.9,322.907,8.34514
0.115749,0,0,13.3754,0.568408,-90461.8,-4319.9,505.655,68.0018,-57780.1,6763.32,322.974,8.34837
0.115759,0,0,13.3754,0.568541,-90454.1,-4320.8,505.612,68.0068,-57792.2,6762.74,323.042,8.3516
0.115769,0,0,13.3754,0.568675,-90446.3,-4321.71,505.569,68.0119,-57804.3,6762.17,323.11,8.35483
0.115779,0,0,13.3754,0.568809,-90438.6,-4322.61,505.526,68.017,-57816.4,6761.59,323.177,8.35806
0.115789,0,0,13.3754,0.568943,-90430.9,-4323.52,505.483,68.022,-57828.5,6761.01,323.245,8.36129
0.115799,0,0,13.3754,0.569076,-90423.1,-4324.42,505.439,68.0271,-57840.6,6760.43,323.312,8.36452
0.115809,0,0,13.3754,0.56921,-90415.4,-4325.32,505.396,68.0321,-57852.7,6759.85,323.38,8.36776
0.115819,0,0,13.3754,0.569344,-90407.7,-4326.23,505.353,68.0372,-57864.8,6759.27,323.448,8.37099
0.115829,0,0,13.3754,0.569478,-90399.9,-4327.13,505.31,68.0422,-57876.9,6758.69,323.515,8.37423
0.115839,0,0,13.3754,0.569611,-90392.2,-4328.04,505.266,68.0473,-57889,6758.12,323.583,8.37746
0.115849,0,0,13.3754,0.569745,-90384.4,-4328.94,505.223,68.0523,-57901.1,6757.54,323.65,8.3807
0.115859,0,0,13.3754,0.569879,-90376.7,-4329.84,505.18,68.0574,-57913.2,6756.96,323.718,8.38393
0.115869,0,0,13.3754,0.570013,-90368.9,-4330.75,505.137,68.0624,-57925.2,6756.38,323.786,8.38717
0.115879,0,0,13.3754,0.570146,-90361.2,-4331.65,505.093,68.0675,-57937.3,6755.8,323.853,8.39041
0.115889,0,0,13.3754,0.57028,-90353.4,-4332.55,505.05,68.0725,-57949.4,6755.22,323.921,8.39365
0.115899,0,0,13.3754,0.570414,-90345.7,-4333.46,505.007,68.0776,-57961.5,6754.64,323.988,8.39689
0.115909,0,0,13.3754,0.570547,-90337.9,-4334.36,504.963,68.0826,-57973.6,6754.06,324.056,8.40013
0.115919,0,0,13.3754,0.570681,-90330.2,-4335.26,504.92,68.0877,-57985.7,6753.48,324.123,8.40337
0.115929,0,0,13.3754,0.570815,-90322.4,-4336.17,504.877,68.0927,-57997.7,6752.9,324.191,8.40661
0.115939,0,0,13.3754,0.570949,-90314.7,-4337.07,504.833,68.0978,-58009.8,6752.32,324.258,8.40985
0.115949,0,0,13.3754,0.571082,-90306.9,-4337.97,504.79,68.1028,-58021.9,6751.74,324.326,8.4131
0.115959,0,0,13.3754,0.571216,-90299.2,-4338.88,504.746,68.1079,-58034,6751.16,324.393,8.41634
0.115969,0,0,13.3754,0.57135,-90291.4,-4339.78,504.703,68.1129,-58046.1,6750.58,324.461,8.41958
0.115979,0,0,13.3754,0.571484,-90283.6,-4340.68,504.66,68.118,-58058.1,6750,324.528,8.42283
0.115989,0,0,13.3754,0.571617,-90275.9,-4341.58,504.616,68.123,-58070.2,6749.42,324.596,8.42607
0.115999,0,0,13.3754,0.571751,-90268.1,-4342.49,504.573,68.1281,-58082.3,6748.84,324.663,8.42932
0.116009,0,0,13.3754,0.571885,-90260.3,-4343.39,504.529,68.1331,-58094.3,6748.26,324.731,8.43257
0.116019,0,0,13.3754,0.572019,-90252.6,-4344.29,504.486,68.1382,-58106.4,6747.68,324.798,8.43582
0.116029,0,0,13.3754,0.572152,-90244.8,-4345.19,504.443,68.1432,-58118.5,6747.1,324.866,8.43906
0.116039,0,0,13.3754,0.572286,-90237,-4346.1,504.399,68.1482,-58130.6,6746.52,324.933,8.44231
0.116049,0,0,13.3754,0.57242,-90229.2,-4347,504.356,68.1533,-58142.6,6745.93,325.001,8.44556
0.116059,0,0,13.3754,0.572554,-90221.5,-4347.9,504.312,68.1583,-58154.7,6745.35,325.068,8.44881
0.116069,0,0,13.3754,0.572687,-90213.7,-4348.8,504.269,68.1634,-58166.8,6744.77,325.136,8.45206
0.116079,0,0,13.3754,0.572821,-90205.9,-4349.7,504.225,68.1684,-58178.8,6744.19,325.203,8.45532
0.116089,0,0,13.3754,0.572955,-90198.1,-4350.61,504.182,68.1735,-58190.9,6743.61,325.27,8.45857
0.116099,0,0,13.3754,0.573088,-90190.3,-4351.51,504.138,68.1785,-58202.9,6743.03,325.338,8.46182
0.116109,0,0,13.3754,0.573222,-90182.6,-4352.41,504.095,68.1835,-58215,6742.44,325.405,8.46508
0.116119,0,0,13.3754,0.573356,-90174.8,-4353.31,504.051,68.1886,-58227.1,6741.86,325.473,8.46833
0.116129,0,0,13.3754,0.57349,-90167,-4354.21,504.008,68.1936,-58239.1,6741.28,325.54,8.47158
0.116139,0,0,13.3754,0.573623,-90159.2,-4355.11,503.964,68.1987,-58251.2,6740.7,325.607,8.47484
0.116149,0,0,13.3754,0.573757,-90151.4,-4356.02,503.921,68.2037,-58263.2,6740.11,325.675,8.4781
0.116159,0,0,13.3754,0.573891,-90143.6,-4356.92,503.877,68.2087,-58275.3,6739.53,325.742,8.48135
0.116169,0,0,13.3754,0.574025,-90135.8,-4357.82,503.833,68.2138,-58287.3,6738.95,325.81,8.48461
0.116179,0,0,13.3754,0.574158,-90128,-4358.72,503.79,68.2188,-58299.4,6738.37,325.877,8.48787
0.116189,0,0,13.3754,0.574292,-90120.2,-4359.62,503.746,68.2239,-58311.5,6737.78,325.944,8.49113
0.116199,0,0,13.3754,0.574426,-90112.4,-4360.52,503.703,68.2289,-58323.5,6737.2,326.012,8.49439
0.116209,0,0,13.3754,0.57456,-90104.6,-4361.42,503.659,68.2339,-58335.6,6736.62,326.079,8.49765
0.116219,0,0,13.3754,0.574693,-90096.8,-4362.32,503.615,68.239,-58347.6,6736.03,326.146,8.50091
0.116229,0,0,13.3754,0.574827,-90089,-4363.22,503.572,68.244,-58359.7,6735.45,326.214,8.50417
0.116239,0,0,13.3754,0.574961,-90081.2,-4364.12,503.528,68.249,-58371.7,6734.87,326.281,8.50743
0.116249,0,0,13.3754,0.575094,-90073.4,-4365.03,503.485,68.2541,-58383.8,6734.28,326.348,8.5107
0.116259,0,0,13.3754,0.575228,-90065.6,-4365.93,503.441,68.2591,-58395.8,6733.7,326.416,8.51396
0.116269,0,0,13.3754,0.575362,-90057.8,-4366.83,503.397,68.2641,-58407.8,6733.12,326.483,8.51723
0.116279,0,0,13.3754,0.575496,-90050,-4367.73,503.354,68.2692,-58419.9,6732.53,326.55,8.52049
0.116289,0,0,13.3754,0.575629,-90042.2,-4368.63,503.31,68.2742,-58431.9,6731.95,326.618,8.52376
0.116299,0,0,13.3754,0.575763,-90034.3,-4369.53,503.266,68.2792,-58444,6731.36,326.685,8.52702
0.116309,0,0,13.3754,0.575897,-90026.5,-4370.43,503.223,68.2843,-58456,6730.78,326.752,8.53029
0.116319,0,0,13.3754,0.576031,-90018.7,-4371.33,503.179,68.2893,-58468,6730.19,326.82,8.53356
0.116329,0,0,13.3754,0.576164,-90010.9,-4372.23,503.135,68.2943,-58480.1,6729.61,326.887,8.53683
0.116339,0,0,13.3754,0.576298,-90003.1,-4373.13,503.091,68.2994,-58492.1,6729.02,326.954,8.5401
0.116349,0,0,13.3754,0.576432,-89995.2,-4374.03,503.048,68.3044,-58504.2,6728.44,327.022,8.54337
0.116359,0,0,13.3754,0.576566,-89987.4,-4374.93,503.004,68.3094,-58516.2,6727.85,327.089,8.54664
0.116369,0,0,13.3754,0.576699,-89979.6,-4375.83,502.96,68.3145,-58528.2,6727.27,327.156,8.54991
0.116379,0,0,13.3754,0.576833,-89971.8,-4376.73,502.916,68.3195,-58540.3,6726.68,327.223,8.55318
0.116389,0,0,13.3754,0.576967,-89963.9,-4377.63,502.873,68.3245,-58552.3,6726.1,327.291,8.55645
0.116399,0,0,13.3754,0.577101,-89956.1,-4378.53,502.829,68.3295,-58564.3,6725.51,327.358,8.55973
0.116409,0,0,13.3754,0.577234,-89948.3,-4379.43,502.785,68.3346,-58576.4,6724.93,327.425,8.563
0.116419,0,0,13.3754,0.577368,-89940.4,-4380.32,502.741,68.3396,-58588.4,6724.34,327.492,8.56627
0.116429,0,0,13.3754,0.577502,-89932.6,-4381.22,502.698,68.3446,-58600.4,6723.76,327.56,8.56955
0.116439,0,0,13.3754,0.577635,-89924.8,-4382.12,502.654,68.3496,-58612.4,6723.17,327.627,8.57283
0.116449,0,0,13.3754,0.577769,-89916.9,-4383.02,502.61,68.3547,-58624.5,6722.58,327.694,8.5761
0.116459,0,0,13.3754,0.577903,-89909.1,-4383.92,502.566,68.3597,-58636.5,6722,327.761,8.57938
0.116469,0,0,13.3754,0.578037,-89901.2,-4384.82,502.522,68.3647,-58648.5,6721.41,327.828,8.58266
0.116479,0,0,13.3754,0.57817,-89893.4,-4385.72,502.478,68.3698,-58660.5,6720.82,327.896,8.58594
0.116489,0,0,13.3754,0.578304,-89885.5,-4386.62,502.434,68.3748,-58672.6,6720.24,327.963,8.58922
0.116499,0,0,13.3754,0.578438,-89877.7,-4387.52,502.391,68.3798,-58684.6,6719.65,328.03,8.59249
0.116509,0,0,13.3754,0.578572,-89869.9,-4388.41,502.347,68.3848,-58696.6,6719.06,328.097,8.59578
0.116519,0,0,13.3754,0.578705,-89862,-4389.31,502.303,68.3899,-58708.6,6718.48,328.164,8.59906
0.116529,0,0,13.3754,0.578839,-89854.1,-4390.21,502.259,68.3949,-58720.6,6717.89,328.232,8.60234
0.116539,0,0,13.3754,0.578973,-89846.3,-4391.11,502.215,68.3999,-58732.6,6717.3,328.299,8.60562
0.116549,0,0,13.3754,0.579107,-89838.4,-4392.01,502.171,68.4049,-58744.7,6716.72,328.366,8.6089
0.116559,0,0,13.3754,0.57924,-89830.6,-4392.91,502.127,68.4099,-58756.7,6716.13,328.433,8.61219
0.116569,0,0,13.3754,0.579374,-89822.7,-4393.8,502.083,68.415,-58768.7,6715.54,328.5,8.61547
0.116579,0,0,13.3754,0.579508,-89814.9,-4394.7,502.039,68.42,-58780.7,6714.95,328.567,8.61876
0.116589,0,0,13.3754,0.579642,-89807,-4395.6,501.995,68.425,-58792.7,6714.37,328.634,8.62205
0.116599,0,0,13.3754,0.579775,-89799.1,-4396.5,501.951,68.43,-58804.7,6713.78,328.702,8.62533
0.116609,0,0,13.3754,0.579909,-89791.3,-4397.4,501.908,68.435,-58816.7,6713.19,328.769,8.62862
0.116619,0,0,13.3754,0.580043,-89783.4,-4398.29,501.864,68.4401,-58828.7,6712.6,328.836,8.63191
0.116629,0,0,13.3754,0.580176,-89775.5,-4399.19,501.82,68.4451,-58840.7,6712.01,328.903,8.6352
0.116639,0,0,13.3754,0.58031,-89767.7,-4400.09,501.776,68.4501,-58852.7,6711.42,328.97,8.63848
0.116649,0,0,13.3754,0.580444,-89759.8,-4400.99,501.732,68.4551,-58864.8,6710.84,329.037,8.64178
0.116659,0,0,13.3754,0.580578,-89751.9,-4401.88,501.688,68.4601,-58876.8,6710.25,329.104,8.64507
0.116669,0,0,13.3754,0.580711,-89744,-4402.78,501.644,68.4652,-58888.8,6709.66,329.171,8.64836
0.116679,0,0,13.3754,0.580845,-89736.2,-4403.68,501.6,68.4702,-58900.8,6709.07,329.238,8.65165
0.116689,0,0,13.3754,0.580979,-89728.3,-4404.58,501.555,68.4752,-58912.8,6708.48,329.305,8.65494
0.116699,0,0,13.3754,0.581113,-89720.4,-4405.47,501.511,68.4802,-58924.8,6707.89,329.373,8.65824
0.116709,0,0,13.3754,0.581246,-89712.5,-4406.37,501.467,68.4852,-58936.8,6707.3,329.44,8.66153
0.116719,0,0,13.3754,0.58138,-89704.6,-4407.27,501.423,68.4902,-58948.8,6706.71,329.507,8.66482
0.116729,0,0,13.3754,0.581514,-89696.8,-4408.17,501.379,68.4952,-58960.8,6706.12,329.574,8.66812
0.116739,0,0,13.3754,0.581648,-89688.9,-4409.06,501.335,68.5002,-58972.8,6705.53,329.641,8.67142
0.116749,0,0,13.3754,0.581781,-89681,-4409.96,501.291,68.5053,-58984.7,6704.94,329.708,8.67471
0.116759,0,0,13.3754,0.581915,-89673.1,-4410.85,501.247,68.5103,-58996.7,6704.35,329.775,8.67801
0.116769,0,0,13.3754,0.582049,-89665.2,-4411.75,501.203,68.5153,-59008.7,6703.77,329.842,8.68131
0.116779,0,0,13.3754,0.582182,-89657.3,-4412.65,501.159,68.5203,-59020.7,6703.18,329.909,8.68461
0.116789,0,0,13.3754,0.582316,-89649.4,-4413.54,501.115,68.5253,-59032.7,6702.58,329.976,8.68791
0.116799,0,0,13.3754,0.58245,-89641.5,-4414.44,501.071,68.5303,-59044.7,6701.99,330.043,8.69121
0.116809,0,0,13.3754,0.582584,-89633.6,-4415.34,501.026,68.5353,-59056.7,6701.4,330.11,8.69451
0.116819,0,0,13.3754,0.582717,-89625.7,-4416.23,500.982,68.5403,-59068.7,6700.81,330.177,8.69781
0.116829,0,0,13.3754,0.582851,-89617.8,-4417.13,500.938,68.5454,-59080.7,6700.22,330.244,8.70111
0.116839,0,0,13.3754,0.582985,-89609.9,-4418.03,500.894,68.5504,-59092.6,6699.63,330.311,8.70441
0.116849,0,0,13.3754,0.583119,-89602,-4418.92,500.85,68.5554,-59104.6,6699.04,330.378,8.70772
0.116859,0,0,13.3754,0.583252,-89594.1,-4419.82,500.806,68.5604,-59116.6,6698.45,330.445,8.71102
0.116869,0,0,13.3754,0.583386,-89586.2,-4420.71,500.761,68.5654,-59128.6,6697.86,330.512,8.71433
0.116879,0,0,13.3754,0.58352,-89578.3,-4421.61,500.717,68.5704,-59140.6,6697.27,330.579,8.71763
0.116889,0,0,13.3754,0.583654,-89570.4,-4422.5,500.673,68.5754,-59152.5,6696.68,330.646,8.72094
0.116899,0,0,13.3754,0.583787,-89562.5,-4423.4,500.629,68.5804,-59164.5,6696.08,330.713,8.72424
0.116909,0,0,13.3754,0.583921,-89554.6,-4424.3,500.584,68.5854,-59176.5,6695.49,330.78,8.72755
0.116919,0,0,13.3754,0.584055,-89546.7,-4425.19,500.54,68.5904,-59188.5,6694.9,330.847,8.73086
0.116929,0,0,13.3754,0.584189,-89538.8,-4426.09,500.496,68.5954,-59200.5,6694.31,330.914,8.73417
0.116939,0,0,13.3754,0.584322,-89530.8,-4426.98,500.452,68.6004,-59212.4,6693.72,330.981,8.73748
0.116949,0,0,13.3754,0.584456,-89522.9,-4427.88,500.407,68.6054,-59224.4,6693.12,331.047,8.74079
0.116959,0,0,13.3754,0.58459,-89515,-4428.77,500.363,68.6104,-59236.4,6692.53,331.114,8.7441
0.116969,0,0,13.3754,0.584723,-89507.1,-4429.67,500.319,68.6154,-59248.3,6691.94,331.181,8.74741
0.116979,0,0,13.3754,0.584857,-89499.1,-4430.56,500.275,68.6204,-59260.3,6691.35,331.248,8.75072
0.116989,0,0,13.3754,0.584991,-89491.2,-4431.46,500.23,68.6255,-59272.3,6690.76,331.315,8.75404
0.116999,0,0,13.3754,0.585125,-89483.3,-4432.35,500.186,68.6305,-59284.2,6690.16,331.382,8.75735
0.117009,0,0,13.3754,0.585258,-89475.4,-4433.25,500.142,68.6355,-59296.2,6689.57,331.449,8.76066
0.117019,0,0,13.3754,0.585392,-89467.4,-4434.14,500.097,68.6405,-59308.2,6688.98,331.516,8.76398
0.117029,0,0,13.3754,0.585526,-89459.5,-4435.03,500.053,68.6455,-59320.1,6688.38,331.583,8.76729
0.117039,0,0,13.3754,0.58566,-89451.6,-4435.93,500.009,68.6505,-59332.1,6687.79,331.65,8.77061
0.117049,0,0,13.3754,0.585793,-89443.6,-4436.82,499.964,68.6555,-59344.1,6687.2,331.716,8.77393
0.117059,0,0,13.3754,0.585927,-89435.7,-4437.72,499.92,68.6605,-59356,6686.6,331.783,8.77724
0.117069,0,0,13.3754,0.586061,-89427.8,-4438.61,499.875,68.6655,-59368,6686.01,331.85,8.78056
0.117079,0,0,13.3754,0.586195,-89419.8,-4439.51,499.831,68.6704,-59380,6685.42,331.917,8.78388
0.117089,0,0,13.3754,0.586328,-89411.9,-4440.4,499.787,68.6754,-59391.9,6684.82,331.984,8.7872
0.117099,0,0,13.3754,0.586462,-89403.9,-4441.29,499.742,68.6804,-59403.9,6684.23,332.051,8.79052
0.117109,0,0,13.3754,0.586596,-89396,-4442.19,499.698,68.6854,-59415.8,6683.64,332.117,8.79384
0.117119,0,0,13.3754,0.58673,-89388,-4443.08,499.653,68.6904,-59427.8,6683.04,332.184,8.79716
0.117129,0,0,13.3754,0.586863,-89380.1,-4443.98,499.609,68.6954,-59439.7,6682.45,332.251,8.80049
0.117139,0,0,13.3754,0.586997,-89372.1,-4444.87,499.565,68.7004,-59451.7,6681.85,332.318,8.80381
0.117149,0,0,13.3754,0.587131,-89364.2,-4445.76,499.52,68.7054,-59463.6,6681.26,332.385,8.80713
0.117159,0,0,13.3754,0.587264,-89356.2,-4446.66,499.476,68.7104,-59475.6,6680.66,332.452,8.81046
0.117169,0,0,13.3754,0.587398,-89348.3,-4447.55,499.431,68.7154,-59487.5,6680.07,332.518,8.81378
0.117179,0,0,13.3754,0.587532,-89340.3,-4448.44,499.387,68.7204,-59499.5,6679.47,332.585,8.81711
0.117189,0,0,13.3754,0.587666,-89332.4,-4449.34,499.342,68.7254,-59511.4,6678.88,332.652,8.82043
0.117199,0,0,13.3754,0.587799,-89324.4,-4450.23,499.298,68.7304,-59523.4,6678.28,332.719,8.82376
0.117209,0,0,13.3754,0.587933,-89316.4,-4451.12,499.253,68.7354,-59535.3,6677.69,332.785,8.82709
0.117219,0,0,13.3754,0.588067,-89308.5,-4452.02,499.209,68.7404,-59547.3,6677.09,332.852,8.83041
0.117229,0,0,13.3754,0.588201,-89300.5,-4452.91,499.164,68.7454,-59559.2,6676.5,332.919,8.83374
0.117239,0,0,13.3754,0.588334,-89292.5,-4453.8,499.12,68.7504,-59571.2,6675.9,332.986,8.83707
0.117249,0,0,13.3754,0.588468,-89284.6,-4454.69,499.075,68.7554,-59583.1,6675.31,333.052,8.8404
0.117259,0,0,13.3754,0.588602,-89276.6,-4455.59,499.031,68.7603,-59595,6674.71,333.119,8.84373
0.117269,0,0,13.3754,0.588736,-89268.6,-4456.48,498.986,68.7653,-59607,6674.11,333.186,8.84707
0.117279,0,0,13.3754,0.588869,-89260.7,-4457.37,498.942,68.7703,-59618.9,6673.52,333.253,8.8504
0.117289,0,0,13.3754,0.589003,-89252.7,-4458.26,498.897,68.7753,-59630.9,6672.92,333.319,8.85373
0.117299,0,0,13.3754,0.589137,-89244.7,-4459.16,498.852,68.7803,-59642.8,6672.33,333.386,8.85706
0.117309,0,0,13.3754,0.58927,-89236.7,-4460.05,498.808,68.7853,-59654.7,6671.73,333.453,8.8604
0.117319,0,0,13.3754,0.589404,-89228.8,-4460.94,498.763,68.7903,-59666.7,6671.13,333.52,8.86373
0.117329,0,0,13.3754,0.589538,-89220.8,-4461.83,498.719,68.7953,-59678.6,6670.54,333.586,8.86707
0.117339,0,0,13.3754,0.589672,-89212.8,-4462.73,498.674,68.8003,-59690.5,6669.94,333.653,8.87041
0.117349,0,0,13.3754,0.589805,-89204.8,-4463.62,498.629,68.8053,-59702.4,6669.34,333.72,8.87374
0.117359,0,0,13.3754,0.589939,-89196.8,-4464.51,498.585,68.8102,-59714.4,6668.75,333.786,8.87708
0.117369,0,0,13.3754,0.590073,-89188.8,-4465.4,498.54,68.8152,-59726.3,6668.15,333.853,8.88042
0.117379,0,0,13.3754,0.590207,-89180.9,-4466.29,498.495,68.8202,-59738.2,6667.55,333.92,8.88376
0.117389,0,0,13.3754,0.59034,-89172.9,-4467.18,498.451,68.8252,-59750.2,6666.95,333.986,8.8871
0.117399,0,0,13.3754,0.590474,-89164.9,-4468.08,498.406,68.8302,-59762.1,6666.36,334.053,8.89044
0.117409,0,0,13.3754,0.590608,-89156.9,-4468.97,498.361,68.8352,-59774,6665.76,334.12,8.89378
0.117419,0,0,13.3754,0.590742,-89148.9,-4469.86,498.317,68.8401,-59785.9,6665.16,334.186,8.89712
0.117429,0,0,13.3754,0.590875,-89140.9,-4470.75,498.272,68.8451,-59797.8,6664.56,334.253,8.90046
0.117439,0,0,13.3754,0.591009,-89132.9,-4471.64,498.227,68.8501,-59809.8,6663.97,334.32,8.9038
0.117449,0,0,13.3754,0.591143,-89124.9,-4472.53,498.183,68.8551,-59821.7,6663.37,334.386,8.90715
0.117459,0,0,13.3754,0.591277,-89116.9,-4473.42,498.138,68.8601,-59833.6,6662.77,334.453,8.91049
0.117469,0,0,13.3754,0.59141,-89108.9,-4474.31,498.093,68.865,-59845.5,6662.17,334.519,8.91384
0.117479,0,0,13.3754,0.591544,-89100.9,-4475.21,498.048,68.87,-59857.4,6661.57,334.586,8.91718
0.117489,0,0,13.3754,0.591678,-89092.9,-4476.1,498.004,68.875,-59869.4,6660.97,334.653,8.92053
0.117499,0,0,13.3754,0.591811,-89084.9,-4476.99,497.959,68.88,-59881.3,6660.38,334.719,8.92387
0.117509,0,0,13.3754,0.591945,-89076.9,-4477.88,497.914,68.885,-59893.2,6659.78,334.786,8.92722
0.117519,0,0,13.3754,0.592079,-89068.8,-4478.77,497.869,68.89,-59905.1,6659.18,334.852,8.93057
0.117529,0,0,13.3754,0.592213,-89060.8,-4479.66,497.825,68.8949,-59917,6658.58,334.919,8.93392
0.117539,0,0,13.3754,0.592346,-89052.8,-4480.55,497.78,68.8999,-59928.9,6657.98,334.986,8.93727
0.117549,0,0,13.3754,0.59248,-89044.8,-4481.44,497.735,68.9049,-59940.8,6657.38,335.052,8.94062
0.117559,0,0,13.3754,0.592614,-89036.8,-4482.33,497.69,68.9099,-59952.7,6656.78,335.119,8.94397
0.117569,0,0,13.3754,0.592748,-89028.8,-4483.22,497.645,68.9148,-59964.6,6656.18,335.185,8.94732
0.117579,0,0,13.3754,0.592881,-89020.7,-4484.11,497.6,68.9198,-59976.6,6655.58,335.252,8.95067
0.117589,0,0,13.3754,0.593015,-89012.7,-4485,497.556,68.9248,-59988.5,6654.98,335.318,8.95403
0.117599,0,0,13.3754,0.593149,-89004.7,-4485.89,497.511,68.9298,-60000.4,6654.38,335.385,8.95738
0.117609,0,0,13.3754,0.593283,-88996.7,-4486.78,497.466,68.9347,-60012.3,6653.78,335.451,8.96073
0.117619,0,0,13.3754,0.593416,-88988.6,-4487.67,497.421,68.9397,-60024.2,6653.18,335.518,8.96409
0.117629,0,0,13.3754,0.59355,-88980.6,-4488.56,497.376,68.9447,-60036.1,6652.58,335.584,8.96745
0.117639,0,0,13.3754,0.593684,-88972.6,-4489.45,497.331,68.9497,-60048,6651.98,335.651,8.9708
0.117649,0,0,13.3754,0.593818,-88964.6,-4490.34,497.286,68.9546,-60059.9,6651.38,335.717,8.97416
0.117659,0,0,13.3754,0.593951,-88956.5,-4491.23,497.242,68.9596,-60071.8,6650.78,335.784,8.97752
0.117669,0,0,13.3754,0.594085,-88948.5,-4492.12,497.197,68.9646,-60083.7,6650.18,335.85,8.98087
0.117679,0,0,13.3754,0.594219,-88940.5,-4493.01,497.152,68.9696,-60095.6,6649.58,335.917,8.98423
0.117689,0,0,13.3754,0.594352,-88932.4,-4493.9,497.107,68.9745,-60107.4,6648.98,335.983,8.98759
0.117699,0,0,13.3754,0.594486,-88924.4,-4494.79,497.062,68.9795,-60119.3,6648.38,336.05,8.99095
0.117709,0,0,13.3754,0.59462,-88916.3,-4495.67,497.017,68.9845,-60131.2,6647.78,336.116,8.99431
0.117719,0,0,13.3754,0.594754,-88908.3,-4496.56,496.972,68.9894,-60143.1,6647.17,336.183,8.99767
0.117729,0,0,13.3754,0.594887,-88900.3,-4497.45,496.927,68.9944,-60155,6646.57,336.249,9.00104
0.117739,0,0,13.3754,0.595021,-88892.2,-4498.34,496.882,68.9994,-60166.9,6645.97,336.316,9.0044
0.117749,0,0,13.3754,0.595155,-88884.2,-4499.23,496.837,69.0043,-60178.8,6645.37,336.382,9.00776
0.117759,0,0,13.3754,0.595289,-88876.1,-4500.12,496.792,69.0093,-60190.7,6644.77,336.449,9.01113
0.117769,0,0,13.3754,0.595422,-88868.1,-4501.01,496.747,69.0143,-60202.6,6644.17,336.515,9.01449
0.117779,0,0,13.3754,0.595556,-88860,-4501.9,496.702,69.0192,-60214.4,6643.56,336.582,9.01786
0.117789,0,0,13.3754,0.59569,-88852,-4502.78,496.657,69.0242,-60226.3,6642.96,336.648,9.02122
0.117799,0,0,13.3754,0.595824,-88843.9,-4503.67,496.612,69.0292,-60238.2,6642.36,336.714,9.02459
0.117809,0,0,13.3754,0.595957,-88835.8,-4504.56,496.567,69.0341,-60250.1,6641.76,336.781,9.02796
0.117819,0,0,13.3754,0.596091,-88827.8,-4505.45,496.522,69.0391,-60262,6641.15,336.847,9.03133
0.117829,0,0,13.3754,0.596225,-88819.7,-4506.34,496.477,69.0441,-60273.9,6640.55,336.914,9.03469
0.117839,0,0,13.3754,0.596358,-88811.7,-4507.23,496.432,69.049,-60285.7,6639.95,336.98,9.03806
0.117849,0,0,13.3754,0.596492,-88803.6,-4508.11,496.387,69.054,-60297.6,6639.35,337.046,9.04143
0.117859,0,0,13.3754,0.596626,-88795.5,-4509,496.342,69.059,-60309.5,6638.74,337.113,9.04481
0.117869,0,0,13.3754,0.59676,-88787.5,-4509.89,496.297,69.0639,-60321.4,6638.14,337.179,9.04818
0.117879,0,0,13.3754,0.596893,-88779.4,-4510.78,496.251,69.0689,-60333.2,6637.54,337.245,9.05155
0.117889,0,0,13.3754,0.597027,-88771.3,-4511.67,496.206,69.0739,-60345.1,6636.93,337.312,9.05492
0.117899,0,0,13.3754,0.597161,-88763.3,-4512.55,496.161,69.0788,-60357,6636.33,337.378,9.0583
0.117909,0,0,13.3754,0.597295,-88755.2,-4513.44,496.116,69.0838,-60368.8,6635.73,337.445,9.06167
0.117919,0,0,13.3754,0.597428,-88747.1,-4514.33,496.071,69.0887,-60380.7,6635.12,337.511,9.06504
0.117929,0,0,13.3754,0.597562,-88739,-4515.21,496.026,69.0937,-60392.6,6634.52,337.577,9.06842
0.117939,0,0,13.3754,0.597696,-88731,-4516.1,495.981,69.0986,-60404.4,6633.92,337.644,9.0718
0.117949,0,0,13.3754,0.59783,-88722.9,-4516.99,495.936,69.1036,-60416.3,6633.31,337.71,9.07517
0.117959,0,0,13.3754,0.597963,-88714.8,-4517.88,495.89,69.1086,-60428.2,6632.71,337.776,9.07855
0.117969,0,0,13.3754,0.598097,-88706.7,-4518.76,495.845,69.1135,-60440,6632.1,337.843,9.08193
0.117979,0,0,13.3754,0.598231,-88698.6,-4519.65,495.8,69.1185,-60451.9,6631.5,337.909,9.08531
0.117989,0,0,13.3754,0.598365,-88690.5,-4520.54,495.755,69.1234,-60463.8,6630.89,337.975,9.08869
0.117999,0,0,13.3754,0.598498,-88682.5,-4521.42,495.71,69.1284,-60475.6,6630.29,338.041,9.09207
0.118009,0,0,13.3754,0.598632,-88674.4,-4522.31,495.664,69.1334,-60487.5,6629.69,338.108,9.09545
0.118019,0,0,13.3754,0.598766,-88666.3,-4523.2,495.619,69.1383,-60499.3,6629.08,338.174,9.09883
0.118029,0,0,13.3754,0.598899,-88658.2,-4524.08,495.574,69.1433,-60511.2,6628.48,338.24,9.10221
0.118039,0,0,13.3754,0.599033,-88650.1,-4524.97,495.529,69.1482,-60523.1,6627.87,338.307,9.10559
0.118049,0,0,13.3754,0.599167,-88642,-4525.86,495.483,69.1532,-60534.9,6627.27,338.373,9.10898
0.118059,0,0,13.3754,0.599301,-88633.9,-4526.74,495.438,69.1581,-60546.8,6626.66,338.439,9.11236
0.118069,0,0,13.3754,0.599434,-88625.8,-4527.63,495.393,69.1631,-60558.6,6626.05,338.505,9.11574
0.118079,0,0,13.3754,0.599568,-88617.7,-4528.51,495.348,69.168,-60570.5,6625.45,338.572,9.11913
0.118089,0,0,13.3754,0.599702,-88609.6,-4529.4,495.302,69.173,-60582.3,6624.84,338.638,9.12252
0.118099,0,0,13.3754,0.599836,-88601.5,-4530.29,495.257,69.1779,-60594.2,6624.24,338.704,9.1259
0.118109,0,0,13.3754,0.599969,-88593.4,-4531.17,495.212,69.1829,-60606,6623.63,338.77,9.12929
0.118119,0,0,13.3754,0.600103,-88585.3,-4532.06,495.166,69.1879,-60617.9,6623.03,338.837,9.13268
0.118129,0,0,13.3754,0.600237,-88577.2,-4532.94,495.121,69.1928,-60629.7,6622.42,338.903,9.13607
0.118139,0,0,13.3754,0.600371,-88569.1,-4533.83,495.076,69.1978,-60641.6,6621.81,338.969,9.13946
0.118149,0,0,13.3754,0.600504,-88561,-4534.71,495.03,69.2027,-60653.4,6621.21,339.035,9.14285
0.118159,0,0,13.3754,0.600638,-88552.9,-4535.6,494.985,69.2077,-60665.2,6620.6,339.101,9.14624
0.118169,0,0,13.3754,0.600772,-88544.7,-4536.49,494.94,69.2126,-60677.1,6619.99,339.168,9.14963
0.118179,0,0,13.3754,0.600906,-88536.6,-4537.37,494.894,69.2176,-60688.9,6619.39,339.234,9.15302
0.118189,0,0,13.3754,0.601039,-88528.5,-4538.26,494.849,69.2225,-60700.8,6618.78,339.3,9.15641
0.118199,0,0,13.3754,0.601173,-88520.4,-4539.14,494.804,69.2275,-60712.6,6618.17,339.366,9.15981
0.118209,0,0,13.3754,0.601307,-88512.3,-4540.03,494.758,69.2324,-60724.5,6617.57,339.432,9.1632
0.118219,0,0,13.3754,0.60144,-88504.1,-4540.91,494.713,69.2374,-60736.3,6616.96,339.498,9.1666
0.118229,0,0,13.3754,0.601574,-88496,-4541.8,494.667,69.2423,-60748.1,6616.35,339.565,9.16999
0.118239,0,0,13.3754,0.601708,-88487.9,-4542.68,494.622,69.2472,-60760,6615.74,339.631,9.17339
0.118249,0,0,13.3754,0.601842,-88479.8,-4543.57,494.577,69.2522,-60771.8,6615.14,339.697,9.17678
0.118259,0,0,13.3754,0.601975,-88471.6,-4544.45,494.531,69.2571,-60783.6,6614.53,339.763,9.18018
0.118269,0,0,13.3754,0.602109,-88463.5,-4545.33,494.486,69.2621,-60795.4,6613.92,339.829,9.18358
0.118279,0,0,13.3754,0.602243,-88455.4,-4546.22,494.44,69.267,-60807.3,6613.31,339.895,9.18698
0.118289,0,0,13.3754,0.602377,-88447.2,-4547.1,494.395,69.272,-60819.1,6612.7,339.961,9.19038
0.118299,0,0,13.3754,0.60251,-88439.1,-4547.99,494.349,69.2769,-60830.9,6612.1,340.028,9.19378
0.118309,0,0,13.3754,0.602644,-88431,-4548.87,494.304,69.2819,-60842.8,6611.49,340.094,9.19718
0.118319,0,0,13.3754,0.602778,-88422.8,-4549.76,494.258,69.2868,-60854.6,6610.88,340.16,9.20058
0.118329,0,0,13.3754,0.602912,-88414.7,-4550.64,494.213,69.2917,-60866.4,6610.27,340.226,9.20398
0.118339,0,0,13.3754,0.603045,-88406.6,-4551.52,494.167,69.2967,-60878.2,6609.66,340.292,9.20738
0.118349,0,0,13.3754,0.603179,-88398.4,-4552.41,494.122,69.3016,-60890.1,6609.05,340.358,9.21079
0.118359,0,0,13.3754,0.603313,-88390.3,-4553.29,494.076,69.3066,-60901.9,6608.45,340.424,9.21419
0.118369,0,0,13.3754,0.603446,-88382.1,-4554.18,494.031,69.3115,-60913.7,6607.84,340.49,9.21759
0.118379,0,0,13.3754,0.60358,-88374,-4555.06,493.985,69.3165,-60925.5,6607.23,340.556,9.221
0.118389,0,0,13.3754,0.603714,-88365.8,-4555.94,493.94,69.3214,-60937.3,6606.62,340.622,9.22441
0.118399,0,0,13.3754,0.603848,-88357.7,-4556.83,493.894,69.3263,-60949.2,6606.01,340.688,9.22781
0.118409,0,0,13.3754,0.603981,-88349.5,-4557.71,493.849,69.3313,-60961,6605.4,340.754,9.23122
0.118419,0,0,13.3754,0.604115,-88341.4,-4558.59,493.803,69.3362,-60972.8,6604.79,340.82,9.23463
0.118429,0,0,13.3754,0.604249,-88333.2,-4559.48,493.757,69.3411,-60984.6,6604.18,340.886,9.23804
0.118439,0,0,13.3754,0.604383,-88325.1,-4560.36,493.712,69.3461,-60996.4,6603.57,340.953,9.24144
0.118449,0,0,13.3754,0.604516,-88316.9,-4561.24,493.666,69.351,-61008.2,6602.96,341.019,9.24485
0.118459,0,0,13.3754,0.60465,-88308.8,-4562.13,493.621,69.3559,-61020,6602.35,341.085,9.24826
0.118469,0,0,13.3754,0.604784,-88300.6,-4563.01,493.575,69.3609,-61031.8,6601.74,341.151,9.25168
0.118479,0,0,13.3754,0.604918,-88292.4,-4563.89,493.529,69.3658,-61043.7,6601.13,341.217,9.25509
0.118489,0,0,13.3754,0.605051,-88284.3,-4564.77,493.484,69.3708,-61055.5,6600.52,341.283,9.2585
0.118499,0,0,13.3754,0.605185,-88276.1,-4565.66,493.438,69.3757,-61067.3,6599.91,341.349,9.26191
0.118509,0,0,13.3754,0.605319,-88267.9,-4566.54,493.392,69.3806,-61079.1,6599.3,341.415,9.26533
0.118519,0,0,13.3754,0.605453,-88259.8,-4567.42,493.347,69.3856,-61090.9,6598.69,341.481,9.26874
0.118529,0,0,13.3754,0.605586,-88251.6,-4568.3,493.301,69.3905,-61102.7,6598.08,341.547,9.27216
0.118539,0,0,13.3754,0.60572,-88243.4,-4569.19,493.255,69.3954,-61114.5,6597.47,341.612,9.27557
0.118549,0,0,13.3754,0.605854,-88235.2,-4570.07,493.21,69.4004,-61126.3,6596.85,341.678,9.27899
0.118559,0,0,13.3754,0.605987,-88227.1,-4570.95,493.164,69.4053,-61138.1,6596.24,341.744,9.28241
0.118569,0,0,13.3754,0.606121,-88218.9,-4571.83,493.118,69.4102,-61149.9,6595.63,341.81,9.28582
0.118579,0,0,13.3754,0.606255,-88210.7,-4572.72,493.073,69.4152,-61161.7,6595.02,341.876,9.28924
0.118589,0,0,13.3754,0.606389,-88202.5,-4573.6,493.027,69.4201,-61173.5,6594.41,341.942,9.29266
0.118599,0,0,13.3754,0.606522,-88194.3,-4574.48,492.981,69.425,-61185.3,6593.8,342.008,9.29608
0.118609,0,0,13.3754,0.606656,-88186.2,-4575.36,492.935,69.4299,-61197.1,6593.18,342.074,9.2995
0.118619,0,0,13.3754,0.60679,-88178,-4576.24,492.89,69.4349,-61208.9,6592.57,342.14,9.30292
0.118629,0,0,13.3754,0.606924,-88169.8,-4577.12,492.844,69.4398,-61220.7,6591.96,342.206,9.30634
0.118639,0,0,13.3754,0.607057,-88161.6,-4578.01,492.798,69.4447,-61232.4,6591.35,342.272,9.30977
0.118649,0,0,13.3754,0.607191,-88153.4,-4578.89,492.752,69.4497,-61244.2,6590.74,342.338,9.31319
0.118659,0,0,13.3754,0.607325,-88145.2,-4579.77,492.707,69.4546,-61256,6590.12,342.404,9.31661
0.118669,0,0,13.3754,0.607459,-88137,-4580.65,492.661,69.4595,-61267.8,6589.51,342.47,9.32004
0.118679,0,0,13.3754,0.607592,-88128.8,-4581.53,492.615,69.4644,-61279.6,6588.9,342.535,9.32346
0.118689,0,0,13.3754,0.607726,-88120.6,-4582.41,492.569,69.4694,-61291.4,6588.29,342.601,9.32689
0.118699,0,0,13.3754,0.60786,-88112.4,-4583.29,492.523,69.4743,-61303.2,6587.67,342.667,9.33031
0.118709,0,0,13.3754,0.607993,-88104.2,-4584.17,492.478,69.4792,-61314.9,6587.06,342.733,9.33374
0.118719,0,0,13.3754,0.608127,-88096,-4585.06,492.432,69.4841,-61326.7,6586.45,342.799,9.33717
0.118729,0,0,13.3754,0.608261,-88087.8,-4585.94,492.386,69.4891,-61338.5,6585.83,342.865,9.3406
0.118739,0,0,13.3754,0.608395,-88079.6,-4586.82,492.34,69.494,-61350.3,6585.22,342.931,9.34403
0.118749,0,0,13.3754,0.608528,-88071.4,-4587.7,492.294,69.4989,-61362.1,6584.61,342.996,9.34746
0.118759,0,0,13.3754,0.608662,-88063.2,-4588.58,492.248,69.5038,-61373.9,6583.99,343.062,9.35089
0.118769,0,0,13.3754,0.608796,-88055,-4589.46,492.202,69.5088,-61385.6,6583.38,343.128,9.35432
0.118779,0,0,13.3754,0.60893,-88046.8,-4590.34,492.156,69.5137,-61397.4,6582.77,343.194,9.35775
0.118789,0,0,13.3754,0.609063,-88038.6,-4591.22,492.111,69.5186,-61409.2,6582.15,343.26,9.36118
0.118799,0,0,13.3754,0.609197,-88030.4,-4592.1,492.065,69.5235,-61420.9,6581.54,343.326,9.36461
0.118809,0,0,13.3754,0.609331,-88022.2,-4592.98,492.019,69.5284,-61432.7,6580.92,343.391,9.36805
0.118819,0,0,13.3754,0.609465,-88014,-4593.86,491.973,69.5334,-61444.5,6580.31,343.457,9.37148
0.118829,0,0,13.3754,0.609598,-88005.7,-4594.74,491.927,69.5383,-61456.3,6579.69,343.523,9.37492
0.118839,0,0,13.3754,0.609732,-87997.5,-4595.62,491.881,69.5432,-61468,6579.08,343.589,9.37835
0.118849,0,0,13.3754,0.609866,-87989.3,-4596.5,491.835,69.5481,-61479.8,6578.47,343.654,9.38179
0.118859,0,0,13.3754,0.61,-87981.1,-4597.38,491.789,69.553,-61491.6,6577.85,343.72,9.38523
0.118869,0,0,13.3754,0.610133,-87972.8,-4598.26,491.743,69.558,-61503.3,6577.24,343.786,9.38866
0.118879,0,0,13.3754,0.610267,-87964.6,-4599.14,491.697,69.5629,-61515.1,6576.62,343.852,9.3921
0.118889,0,0,13.3754,0.610401,-87956.4,-4600.02,491.651,69.5678,-61526.9,6576.01,343.918,9.39554
0.118899,0,0,13.3754,0.610534,-87948.2,-4600.9,491.605,69.5727,-61538.6,6575.39,343.983,9.39898
0.118909,0,0,13.3754,0.610668,-87939.9,-4601.78,491.559,69.5776,-61550.4,6574.77,344.049,9.40242
0.118919,0,0,13.3754,0.610802,-87931.7,-4602.66,491.513,69.5825,-61562.1,6574.16,344.115,9.40586
0.118929,0,0,13.3754,0.610936,-87923.5,-4603.54,491.467,69.5874,-61573.9,6573.54,344.18,9.4093
0.118939,0,0,13.3754,0.611069,-87915.2,-4604.41,491.421,69.5924,-61585.7,6572.93,344.246,9.41274
0.118949,0,0,13.3754,0.611203,-87907,-4605.29,491.375,69.5973,-61597.4,6572.31,344.312,9.41619
0.118959,0,0,13.3754,0.611337,-87898.8,-4606.17,491.329,69.6022,-61609.2,6571.7,344.378,9.41963
0.118969,0,0,13.3754,0.611471,-87890.5,-4607.05,491.283,69.6071,-61620.9,6571.08,344.443,9.42307
0.118979,0,0,13.3754,0.611604,-87882.3,-4607.93,491.237,69.612,-61632.7,6570.46,344.509,9.42652
0.118989,0,0,13.3754,0.611738,-87874,-4608.81,491.191,69.6169,-61644.4,6569.85,344.575,9.42997
0.118999,0,0,13.3754,0.611872,-87865.8,-4609.69,491.145,69.6218,-61656.2,6569.23,344.64,9.43341
0.119009,0,0,13.3754,0.612006,-87857.5,-4610.57,491.098,69.6268,-61667.9,6568.61,344.706,9.43686
0.119019,0,0,13.3754,0.612139,-87849.3,-4611.44,491.052,69.6317,-61679.7,6568,344.772,9.4403
0.119029,0,0,13.3754,0.612273,-87841,-4612.32,491.006,69.6366,-61691.4,6567.38,344.837,9.44375
0.119039,0,0,13.3754,0.612407,-87832.8,-4613.2,490.96,69.6415,-61703.2,6566.76,344.903,9.4472
0.119049,0,0,13.3754,0.612541,-87824.5,-4614.08,490.914,69.6464,-61714.9,6566.15,344.969,9.45065
0.119059,0,0,13.3754,0.612674,-87816.3,-4614.96,490.868,69.6513,-61726.7,6565.53,345.034,9.4541
0.119069,0,0,13.3754,0.612808,-87808,-4615.83,490.822,69.6562,-61738.4,6564.91,345.1,9.45755
0.119079,0,0,13.3754,0.612942,-87799.8,-4616.71,490.776,69.6611,-61750.2,6564.3,345.166,9.461
0.119089,0,0,13.3754,0.613075,-87791.5,-4617.59,490.729,69.666,-61761.9,6563.68,345.231,9.46446
0.119099,0,0,13.3754,0.613209,-87783.2,-4618.47,490.683,69.6709,-61773.6,6563.06,345.297,9.46791
0.119109,0,0,13.3754,0.613343,-87775,-4619.35,490.637,69.6758,-61785.4,6562.44,345.363,9.47136
0.119119,0,0,13.3754,0.613477,-87766.7,-4620.22,490.591,69.6807,-61797.1,6561.82,345.428,9.47482
0.119129,0,0,13.3754,0.61361,-87758.5,-4621.1,490.545,69.6856,-61808.8,6561.21,345.494,9.47827
0.119139,0,0,13.3754,0.613744,-87750.2,-4621.98,490.498,69.6906,-61820.6,6560.59,345.559,9.48172
0.119149,0,0,13.3754,0.613878,-87741.9,-4622.86,490.452,69.6955,-61832.3,6559.97,345.625,9.48518
0.119159,0,0,13.3754,0.614012,-87733.6,-4623.73,490.406,69.7004,-61844.1,6559.35,345.691,9.48864
0.119169,0,0,13.3754,0.614145,-87725.4,-4624.61,490.36,69.7053,-61855.8,6558.73,345.756,9.49209
0.119179,0,0,13.3754,0.614279,-87717.1,-4625.49,490.314,69.7102,-61867.5,6558.12,345.822,9.49555
0.119189,0,0,13.3754,0.614413,-87708.8,-4626.36,490.267,69.7151,-61879.2,6557.5,345.887,9.49901
0.119199,0,0,13.3754,0.614547,-87700.6,-4627.24,490.221,69.72,-61891,6556.88,345.953,9.50247
0.119209,0,0,13.3754,0.61468,-87692.3,-4628.12,490.175,69.7249,-61902.7,6556.26,346.018,9.50593
0.119219,0,0,13.3754,0.614814,-87684,-4628.99,490.128,69.7298,-61914.4,6555.64,346.084,9.50939
0.119229,0,0,13.3754,0.614948,-87675.7,-4629.87,490.082,69.7347,-61926.2,6555.02,346.15,9.51285
0.119239,0,0,13.3754,0.615081,-87667.4,-4630.75,490.036,69.7396,-61937.9,6554.4,346.215,9.51631
0.119249,0,0,13.3754,0.615215,-87659.1,-4631.62,489.99,69.7445,-61949.6,6553.78,346.281,9.51978
0.119259,0,0,13.3754,0.615349,-87650.9,-4632.5,489.943,69.7494,-61961.3,6553.16,346.346,9.52324
0.119269,0,0,13.3754,0.615483,-87642.6,-4633.38,489.897,69.7543,-61973.1,6552.54,346.412,9.5267
0.119279,0,0,13.3754,0.615616,-87634.3,-4634.25,489.851,69.7592,-61984.8,6551.92,346.477,9.53017
0.119289,0,0,13.3754,0.61575,-87626,-4635.13,489.804,69.7641,-61996.5,6551.3,346.543,9.53363
0.119299,0,0,13.3754,0.615884,-87617.7,-4636.01,489.758,69.769,-62008.2,6550.68,346.608,9.5371
0.119309,0,0,13.3754,0.616018,-87609.4,-4636.88,489.712,69.7739,-62019.9,6550.06,346.674,9.54056
0.119319,0,0,13.3754,0.616151,-87601.1,-4637.76,489.665,69.7788,-62031.6,6549.44,346.739,9.54403
0.119329,0,0,13.3754,0.616285,-87592.8,-4638.63,489.619,69.7837,-62043.4,6548.82,346.805,9.5475
0.119339,0,0,13.3754,0.616419,-87584.5,-4639.51,489.572,69.7886,-62055.1,6548.2,346.87,9.55097
0.119349,0,0,13.3754,0.616553,-87576.2,-4640.39,489.526,69.7935,-62066.8,6547.58,346.936,9.55444
0.119359,0,0,13.3754,0.616686,-87567.9,-4641.26,489.48,69.7984,-62078.5,6546.96,347.001,9.55791
0.119369,0,0,13.3754,0.61682,-87559.6,-4642.14,489.433,69.8033,-62090.2,6546.34,347.066,9.56138
0.119379,0,0,13.3754,0.616954,-87551.3,-4643.01,489.387,69.8082,-62101.9,6545.72,347.132,9.56485
0.119389,0,0,13.3754,0.617088,-87543,-4643.89,489.34,69.813,-62113.6,6545.1,347.197,9.56832
0.119399,0,0,13.3754,0.617221,-87534.7,-4644.76,489.294,69.8179,-62125.3,6544.48,347.263,9.57179
0.119409,0,0,13.3754,0.617355,-87526.4,-4645.64,489.247,69.8228,-62137,6543.86,347.328,9.57526
0.119419,0,0,13.3754,0.617489,-87518.1,-4646.51,489.201,69.8277,-62148.7,6543.24,347.394,9.57874
0.119429,0,0,13.3754,0.617622,-87509.8,-4647.39,489.155,69.8326,-62160.4,6542.61,347.459,9.58221
0.119439,0,0,13.3754,0.617756,-87501.5,-4648.26,489.108,69.8375,-62172.2,6541.99,347.525,9.58569
0.119449,0,0,13.3754,0.61789,-87493.1,-4649.14,489.062,69.8424,-62183.9,6541.37,347.59,9.58916
0.119459,0,0,13.3754,0.618024,-87484.8,-4650.01,489.015,69.8473,-62195.6,6540.75,347.655,9.59264
0.119469,0,0,13.3754,0.618157,-87476.5,-4650.89,488.969,69.8522,-62207.3,6540.13,347.721,9.59612
0.119479,0,0,13.3754,0.618291,-87468.2,-4651.76,488.922,69.8571,-62218.9,6539.51,347.786,9.59959
0.119489,0,0,13.3754,0.618425,-87459.9,-4652.64,488.876,69.8619,-62230.6,6538.88,347.852,9.60307
0.119499,0,0,13.3754,0.618559,-87451.5,-4653.51,488.829,69.8668,-62242.3,6538.26,347.917,9.60655
0.119509,0,0,13.3754,0.618692,-87443.2,-4654.38,488.783,69.8717,-62254,6537.64,347.982,9.61003
0.119519,0,0,13.3754,0.618826,-87434.9,-4655.26,488.736,69.8766,-62265.7,6537.02,348.048,9.61351
0.119529,0,0,13.3754,0.61896,-87426.6,-4656.13,488.689,69.8815,-62277.4,6536.39,348.113,9.61699
0.119539,0,0,13.3754,0.619094,-87418.2,-4657.01,488.643,69.8864,-62289.1,6535.77,348.178,9.62047
0.119549,0,0,13.3754,0.619227,-87409.9,-4657.88,488.596,69.8913,-62300.8,6535.15,348.244,9.62395
0.119559,0,0,13.3754,0.619361,-87401.6,-4658.76,488.55,69.8962,-62312.5,6534.52,348.309,9.62744
0.119569,0,0,13.3754,0.619495,-87393.2,-4659.63,488.503,69.901,-62324.2,6533.9,348.374,9.63092
0.119579,0,0,13.3754,0.619629,-87384.9,-4660.5,488.457,69.9059,-62335.9,6533.28,348.44,9.63441
0.119589,0,0,13.3754,0.619762,-87376.6,-4661.38,488.41,69.9108,-62347.6,6532.65,348.505,9.63789
0.119599,0,0,13.3754,0.619896,-87368.2,-4662.25,488.363,69.9157,-62359.2,6532.03,348.57,9.64138
0.119609,0,0,13.3754,0.62003,-87359.9,-4663.12,488.317,69.9206,-62370.9,6531.41,348.636,9.64486
0.119619,0,0,13.3754,0.620164,-87351.5,-4664,488.27,69.9255,-62382.6,6530.78,348.701,9.64835
0.119629,0,0,13.3754,0.620297,-87343.2,-4664.87,488.223,69.9303,-62394.3,6530.16,348.766,9.65184
0.119639,0,0,13.3754,0.620431,-87334.8,-4665.74,488.177,69.9352,-62406,6529.54,348.832,9.65532
0.119649,0,0,13.3754,0.620565,-87326.5,-4666.62,488.13,69.9401,-62417.7,6528.91,348.897,9.65881
0.119659,0,0,13.3754,0.620698,-87318.1,-4667.49,488.083,69.945,-62429.3,6528.29,348.962,9.6623
0.119669,0,0,13.3754,0.620832,-87309.8,-4668.36,488.037,69.9499,-62441,6527.66,349.027,9.66579
0.119679,0,0,13.3754,0.620966,-87301.5,-4669.24,487.99,69.9548,-62452.7,6527.04,349.093,9.66928
0.119689,0,0,13.3754,0.6211,-87293.1,-4670.11,487.943,69.9596,-62464.4,6526.42,349.158,9.67277
0.119699,0,0,13.3754,0.621233,-87284.7,-4670.98,487.897,69.9645,-62476,6525.79,349.223,9.67626
0.119709,0,0,13.3754,0.621367,-87276.4,-4671.85,487.85,69.9694,-62487.7,6525.17,349.288,9.67976
0.119719,0,0,13.3754,0.621501,-87268,-4672.73,487.803,69.9743,-62499.4,6524.54,349.354,9.68325
0.119729,0,0,13.3754,0.621635,-87259.7,-4673.6,487.757,69.9791,-62511,6523.92,349.419,9.68674
0.119739,0,0,13.3754,0.621768,-87251.3,-4674.47,487.71,69.984,-62522.7,6523.29,349.484,9.69024
0.119749,0,0,13.3754,0.621902,-87243,-4675.34,487.663,69.9889,-62534.4,6522.67,349.549,9.69373
0.119759,0,0,13.3754,0.622036,-87234.6,-4676.22,487.616,69.9938,-62546,6522.04,349.615,9.69723
0.119769,0,0,13.3754,0.622169,-87226.2,-4677.09,487.57,69.9986,-62557.7,6521.41,349.68,9.70073
0.119779,0,0,13.3754,0.622303,-87217.9,-4677.96,487.523,70.0035,-62569.4,6520.79,349.745,9.70422
0.119789,0,0,13.3754,0.622437,-87209.5,-4678.83,487.476,70.0084,-62581,6520.16,349.81,9.70772
0.119799,0,0,13.3754,0.622571,-87201.1,-4679.71,487.429,70.0133,-62592.7,6519.54,349.875,9.71122
0.119809,0,0,13.3754,0.622704,-87192.7,-4680.58,487.382,70.0182,-62604.4,6518.91,349.94,9.71472
0.119819,0,0,13.3754,0.622838,-87184.4,-4681.45,487.336,70.023,-62616,6518.29,350.006,9.71822
0.119829,0,0,13.3754,0.622972,-87176,-4682.32,487.289,70.0279,-62627.7,6517.66,350.071,9.72172
0.119839,0,0,13.3754,0.623106,-87167.6,-4683.19,487.242,70.0328,-62639.3,6517.03,350.136,9.72522
0.119849,0,0,13.3754,0.623239,-87159.2,-4684.06,487.195,70.0377,-62651,6516.41,350.201,9.72872
0.119859,0,0,13.3754,0.623373,-87150.9,-4684.94,487.148,70.0425,-62662.7,6515.78,350.266,9.73222
0.119869,0,0,13.3754,0.623507,-87142.5,-4685.81,487.102,70.0474,-62674.3,6515.15,350.331,9.73573
0.119879,0,0,13.3754,0.623641,-87134.1,-4686.68,487.055,70.0523,-62686,6514.53,350.397,9.73923
0.119889,0,0,13.3754,0.623774,-87125.7,-4687.55,487.008,70.0571,-62697.6,6513.9,350.462,9.74273
0.119899,0,0,13.3754,0.623908,-87117.3,-4688.42,486.961,70.062,-62709.3,6513.27,350.527,9.74624
0.119909,0,0,13.3754,0.624042,-87108.9,-4689.29,486.914,70.0669,-62720.9,6512.65,350.592,9.74975
0.119919,0,0,13.3754,0.624176,-87100.5,-4690.16,486.867,70.0717,-62732.6,6512.02,350.657,9.75325
0.119929,0,0,13.3754,0.624309,-87092.2,-4691.03,486.82,70.0766,-62744.2,6511.39,350.722,9.75676
0.119939,0,0,13.3754,0.624443,-87083.8,-4691.9,486.773,70.0815,-62755.9,6510.76,350.787,9.76027
0.119949,0,0,13.3754,0.624577,-87075.4,-4692.77,486.726,70.0863,-62767.5,6510.14,350.852,9.76377
0.119959,0,0,13.3754,0.624711,-87067,-4693.65,486.68,70.0912,-62779.2,6509.51,350.917,9.76728
0.119969,0,0,13.3754,0.624844,-87058.6,-4694.52,486.633,70.0961,-62790.8,6508.88,350.983,9.77079
0.119979,0,0,13.3754,0.624978,-87050.2,-4695.39,486.586,70.1009,-62802.4,6508.25,351.048,9.7743
0.119989,0,0,13.3754,0.625112,-87041.8,-4696.26,486.539,70.1058,-62814.1,6507.63,351.113,9.77781
0.119999,0,0,13.3754,0.625245,-87033.4,-4697.13,486.492,70.1107,-62825.7,6507,351.178,9.78133
0.120009,0,0,13.3754,0.625379,-87025,-4698,486.445,70.1155,-62837.4,6506.37,351.243,9.78484
0.120019,0,0,13.3754,0.625513,-87016.6,-4698.87,486.398,70.1204,-62849,6505.74,351.308,9.78835
0.120029,0,0,13.3754,0.625647,-87008.2,-4699.74,486.351,70.1253,-62860.6,6505.11,351.373,9.79186
0.120039,0,0,13.3754,0.62578,-86999.8,-4700.61,486.304,70.1301,-62872.3,6504.48,351.438,9.79538
0.120049,0,0,13.3754,0.625914,-86991.4,-4701.48,486.257,70.135,-62883.9,6503.86,351.503,9.79889
0.120059,0,0,13.3754,0.626048,-86982.9,-4702.35,486.21,70.1399,-62895.5,6503.23,351.568,9.80241
0.120069,0,0,13.3754,0.626182,-86974.5,-4703.22,486.163,70.1447,-62907.2,6502.6,351.633,9.80592
0.120079,0,0,13.3754,0.626315,-86966.1,-4704.09,486.116,70.1496,-62918.8,6501.97,351.698,9.80944
0.120089,0,0,13.3754,0.626449,-86957.7,-4704.95,486.069,70.1544,-62930.4,6501.34,351.763,9.81296
0.120099,0,0,13.3754,0.626583,-86949.3,-4705.82,486.022,70.1593,-62942.1,6500.71,351.828,9.81647
0.120109,0,0,13.3754,0.626717,-86940.9,-4706.69,485.975,70.1642,-62953.7,6500.08,351.893,9.81999
0.120119,0,0,13.3754,0.62685,-86932.5,-4707.56,485.928,70.169,-62965.3,6499.45,351.958,9.82351
0.120129,0,0,13.3754,0.626984,-86924,-4708.43,485.88,70.1739,-62976.9,6498.82,352.023,9.82703
0.120139,0,0,13.3754,0.627118,-86915.6,-4709.3,485.833,70.1787,-62988.6,6498.19,352.088,9.83055
0.120149,0,0,13.3754,0.627252,-86907.2,-4710.17,485.786,70.1836,-63000.2,6497.56,352.153,9.83407
0.120159,0,0,13.3754,0.627385,-86898.8,-4711.04,485.739,70.1885,-63011.8,6496.93,352.218,9.8376
0.120169,0,0,13.3754,0.627519,-86890.3,-4711.91,485.692,70.1933,-63023.4,6496.3,352.283,9.84112
0.120179,0,0,13.3754,0.627653,-86881.9,-4712.78,485.645,70.1982,-63035.1,6495.67,352.348,9.84464
0.120189,0,0,13.3754,0.627786,-86873.5,-4713.65,485.598,70.203,-63046.7,6495.04,352.413,9.84817
0.120199,0,0,13.3754,0.62792,-86865,-4714.51,485.551,70.2079,-63058.3,6494.41,352.478,9.85169
0.120209,0,0,13.3754,0.628054,-86856.6,-4715.38,485.504,70.2127,-63069.9,6493.78,352.543,9.85522
0.120219,0,0,13.3754,0.628188,-86848.2,-4716.25,485.456,70.2176,-63081.5,6493.15,352.608,9.85874
0.120229,0,0,13.3754,0.628321,-86839.7,-4717.12,485.409,70.2224,-63093.1,6492.52,352.673,9.86227
0.120239,0,0,13.3754,0.628455,-86831.3,-4717.99,485.362,70.2273,-63104.7,6491.89,352.737,9.8658
0.120249,0,0,13.3754,0.628589,-86822.8,-4718.86,485.315,70.2321,-63116.4,6491.26,352.802,9.86932
0.120259,0,0,13.3754,0.628723,-86814.4,-4719.72,485.268,70.237,-63128,6490.63,352.867,9.87285
0.120269,0,0,13.3754,0.628856,-86806,-4720.59,485.22,70.2419,-63139.6,6489.99,352.932,9.87638
0.120279,0,0,13.3754,0.62899,-86797.5,-4721.46,485.173,70.2467,-63151.2,6489.36,352.997,9.87991
0.120289,0,0,13.3754,0.629124,-86789.1,-4722.33,485.126,70.2516,-63162.8,6488.73,353.062,9.88344
0.120299,0,0,13.3754,0.629258,-86780.6,-4723.19,485.079,70.2564,-63174.4,6488.1,353.127,9.88697
0.120309,0,0,13.3754,0.629391,-86772.2,-4724.06,485.032,70.2613,-63186,6487.47,353.192,9.8905
0.120319,0,0,13.3754,0.629525,-86763.7,-4724.93,484.984,70.2661,-63197.6,6486.84,353.257,9.89403
0.120329,0,0,13.3754,0.629659,-86755.3,-4725.8,484.937,70.271,-63209.2,6486.2,353.321,9.89757
0.120339,0,0,13.3754,0.629792,-86746.8,-4726.67,484.89,70.2758,-63220.8,6485.57,353.386,9.9011
0.120349,0,0,13.3754,0.629926,-86738.4,-4727.53,484.843,70.2807,-63232.4,6484.94,353.451,9.90464
0.120359,0,0,13.3754,0.63006,-86729.9,-4728.4,484.795,70.2855,-63244,6484.31,353.516,9.90817
0.120369,0,0,13.3754,0.630194,-86721.4,-4729.27,484.748,70.2904,-63255.6,6483.68,353.581,9.91171
0.120379,0,0,13.3754,0.630327,-86713,-4730.13,484.701,70.2952,-63267.2,6483.04,353.646,9.91524
0.120389,0,0,13.3754,0.630461,-86704.5,-4731,484.653,70.3,-63278.8,6482.41,353.71,9.91878
0.120399,0,0,13.3754,0.630595,-86696.1,-4731.87,484.606,70.3049,-63290.4,6481.78,353.775,9.92232
0.120409,0,0,13.3754,0.630729,-86687.6,-4732.73,484.559,70.3097,-63302,6481.15,353.84,9.92585
0.120419,0,0,13.3754,0.630862,-86679.1,-4733.6,484.511,70.3146,-63313.6,6480.51,353.905,9.92939
0.120429,0,0,13.3754,0.630996,-86670.7,-4734.47,484.464,70.3194,-63325.2,6479.88,353.97,9.93293
0.120439,0,0,13.3754,0.63113,-86662.2,-4735.33,484.417,70.3243,-63336.8,6479.25,354.034,9.93647
0.120449,0,0,13.3754,0.631264,-86653.7,-4736.2,484.369,70.3291,-63348.4,6478.61,354.099,9.94001
0.120459,0,0,13.3754,0.631397,-86645.2,-4737.07,484.322,70.334,-63359.9,6477.98,354.164,9.94355
0.120469,0,0,13.3754,0.631531,-86636.8,-4737.93,484.275,70.3388,-63371.5,6477.34,354.229,9.9471
0.120479,0,0,13.3754,0.631665,-86628.3,-4738.8,484.227,70.3437,-63383.1,6476.71,354.293,9.95064
0.120489,0,0,13.3754,0.631799,-86619.8,-4739.67,484.18,70.3485,-63394.7,6476.08,354.358,9.95418
0.120499,0,0,13.3754,0.631932,-86611.3,-4740.53,484.133,70.3533,-63406.3,6475.44,354.423,9.95773
0.120509,0,0,13.3754,0.632066,-86602.9,-4741.4,484.085,70.3582,-63417.9,6474.81,354.488,9.96127
0.120519,0,0,13.3754,0.6322,-86594.4,-4742.26,484.038,70.363,-63429.5,6474.18,354.552,9.96482
0.120529,0,0,13.3754,0.632333,-86585.9,-4743.13,483.99,70.3679,-63441,6473.54,354.617,9.96836
0.120539,0,0,13.3754,0.632467,-86577.4,-4744,483.943,70.3727,-63452.6,6472.91,354.682,9.97191
0.120549,0,0,13.3754,0.632601,-86568.9,-4744.86,483.895,70.3775,-63464.2,6472.27,354.747,9.97546
0.120559,0,0,13.3754,0.632735,-86560.4,-4745.73,483.848,70.3824,-63475.8,6471.64,354.811,9.979
0.120569,0,0,13.3754,0.632868,-86551.9,-4746.59,483.801,70.3872,-63487.3,6471,354.876,9.98255
0.120579,0,0,13.3754,0.633002,-86543.5,-4747.46,483.753,70.392,-63498.9,6470.37,354.941,9.9861
0.120589,0,0,13.3754,0.633136,-86535,-4748.32,483.706,70.3969,-63510.5,6469.73,355.005,9.98965
0.120599,0,0,13.3754,0.63327,-86526.5,-4749.19,483.658,70.4017,-63522.1,6469.1,355.07,9.9932
0.120609,0,0,13.3754,0.633403,-86518,-4750.05,483.611,70.4066,-63533.6,6468.46,355.135,9.99675
0.120619,0,0,13.3754,0.633537,-86509.5,-4750.92,483.563,70.4114,-63545.2,6467.83,355.199,10.0003
0.120629,0,0,13.3754,0.633671,-86501,-4751.78,483.516,70.4162,-63556.8,6467.19,355.264,10.0039
0.120639,0,0,13.3754,0.633805,-86492.5,-4752.65,483.468,70.4211,-63568.3,6466.56,355.329,10.0074
0.120649,0,0,13.3754,0.633938,-86484,-4753.51,483.421,70.4259,-63579.9,6465.92,355.393,10.011
0.120659,0,0,13.3754,0.634072,-86475.5,-4754.38,483.373,70.4307,-63591.5,6465.29,355.458,10.0145
0.120669,0,0,13.3754,0.634206,-86467,-4755.24,483.326,70.4356,-63603,6464.65,355.523,10.0181
0.120679,0,0,13.3754,0.634339,-86458.5,-4756.11,483.278,70.4404,-63614.6,6464.01,355.587,10.0216
0.120689,0,0,13.3754,0.634473,-86449.9,-4756.97,483.23,70.4452,-63626.2,6463.38,355.652,10.0252
0.120699,0,0,13.3754,0.634607,-86441.4,-4757.84,483.183,70.4501,-63637.7,6462.74,355.717,10.0287
0.120709,0,0,13.3754,0.634741,-86432.9,-4758.7,483.135,70.4549,-63649.3,6462.1,355.781,10.0323
0.120719,0,0,13.3754,0.634874,-86424.4,-4759.56,483.088,70.4597,-63660.8,6461.47,355.846,10.0359
0.120729,0,0,13.3754,0.635008,-86415.9,-4760.43,483.04,70.4646,-63672.4,6460.83,355.91,10.0394
0.120739,0,0,13.3754,0.635142,-86407.4,-4761.29,482.992,70.4694,-63684,6460.19,355.975,10.043
0.120749,0,0,13.3754,0.635276,-86398.9,-4762.16,482.945,70.4742,-63695.5,6459.56,356.04,10.0465
0.120759,0,0,13.3754,0.635409,-86390.3,-4763.02,482.897,70.479,-63707.1,6458.92,356.104,10.0501
0.120769,0,0,13.3754,0.635543,-86381.8,-4763.88,482.85,70.4839,-63718.6,6458.28,356.169,10.0537
0.120779,0,0,13.3754,0.635677,-86373.3,-4764.75,482.802,70.4887,-63730.2,6457.65,356.233,10.0572
0.120789,0,0,13.3754,0.635811,-86364.8,-4765.61,482.754,70.4935,-63741.7,6457.01,356.298,10.0608
0.120799,0,0,13.3754,0.635944,-86356.3,-4766.47,482.707,70.4984,-63753.3,6456.37,356.362,10.0643
0.120809,0,0,13.3754,0.636078,-86347.7,-4767.34,482.659,70.5032,-63764.8,6455.73,356.427,10.0679
0.120819,0,0,13.3754,0.636212,-86339.2,-4768.2,482.611,70.508,-63776.4,6455.1,356.492,10.0715
0.120829,0,0,13.3754,0.636346,-86330.7,-4769.06,482.564,70.5128,-63787.9,6454.46,356.556,10.075
0.120839,0,0,13.3754,0.636479,-86322.1,-4769.93,482.516,70.5177,-63799.4,6453.82,356.621,10.0786
0.120849,0,0,13.3754,0.636613,-86313.6,-4770.79,482.468,70.5225,-63811,6453.18,356.685,10.0822
0.120859,0,0,13.3754,0.636747,-86305.1,-4771.65,482.421,70.5273,-63822.5,6452.55,356.75,10.0857
0.120869,0,0,13.3754,0.63688,-86296.5,-4772.52,482.373,70.5321,-63834.1,6451.91,356.814,10.0893
0.120879,0,0,13.3754,0.637014,-86288,-4773.38,482.325,70.537,-63845.6,6451.27,356.879,10.0929
0.120889,0,0,13.3754,0.637148,-86279.5,-4774.24,482.277,70.5418,-63857.2,6450.63,356.943,10.0964
0.120899,0,0,13.3754,0.637282,-86270.9,-4775.1,482.23,70.5466,-63868.7,6449.99,357.008,10.1
0.120909,0,0,13.3754,0.637415,-86262.4,-4775.97,482.182,70.5514,-63880.2,6449.35,357.072,10.1036
0.120919,0,0,13.3754,0.637549,-86253.8,-4776.83,482.134,70.5562,-63891.8,6448.71,357.137,10.1072
0.120929,0,0,13.3754,0.637683,-86245.3,-4777.69,482.086,70.5611,-63903.3,6448.08,357.201,10.1107
0.120939,0,0,13.3754,0.637817,-86236.7,-4778.55,482.039,70.5659,-63914.8,6447.44,357.266,10.1143
0.120949,0,0,13.3754,0.63795,-86228.2,-4779.42,481.991,70.5707,-63926.4,6446.8,357.33,10.1179
0.120959,0,0,13.3754,0.638084,-86219.6,-4780.28,481.943,70.5755,-63937.9,6446.16,357.395,10.1214
0.120969,0,0,13.3754,0.638218,-86211.1,-4781.14,481.895,70.5804,-63949.4,6445.52,357.459,10.125
0.120979,0,0,13.3754,0.638352,-86202.5,-4782,481.847,70.5852,-63961,6444.88,357.523,10.1286
0.120989,0,0,13.3754,0.638485,-86194,-4782.86,481.8,70.59,-63972.5,6444.24,357.588,10.1322
0.120999,0,0,13.3754,0.638619,-86185.4,-4783.73,481.752,70.5948,-63984,6443.6,357.652,10.1357
0.121009,0,0,13.3754,0.638753,-86176.9,-4784.59,481.704,70.5996,-63995.5,6442.96,357.717,10.1393
0.121019,0,0,13.3754,0.638887,-86168.3,-4785.45,481.656,70.6044,-64007.1,6442.32,357.781,10.1429
0.121029,0,0,13.3754,0.63902,-86159.7,-4786.31,481.608,70.6093,-64018.6,6441.68,357.846,10.1465
0.121039,0,0,13.3754,0.639154,-86151.2,-4787.17,481.56,70.6141,-64030.1,6441.04,357.91,10.1501
0.121049,0,0,13.3754,0.639288,-86142.6,-4788.03,481.513,70.6189,-64041.6,6440.4,357.974,10.1536
0.121059,0,0,13.3754,0.639421,-86134,-4788.9,481.465,70.6237,-64053.2,6439.76,358.039,10.1572
0.121069,0,0,13.3754,0.639555,-86125.5,-4789.76,481.417,70.6285,-64064.7,6439.12,358.103,10.1608
0.121079,0,0,13.3754,0.639689,-86116.9,-4790.62,481.369,70.6333,-64076.2,6438.48,358.168,10.1644
0.121089,0,0,13.3754,0.639823,-86108.3,-4791.48,481.321,70.6381,-64087.7,6437.84,358.232,10.168
0.121099,0,0,13.3754,0.639956,-86099.8,-4792.34,481.273,70.643,-64099.2,6437.2,358.296,10.1715
0.121109,0,0,13.3754,0.64009,-86091.2,-4793.2,481.225,70.6478,-64110.7,6436.56,358.361,10.1751
0.121119,0,0,13.3754,0.640224,-86082.6,-4794.06,481.177,70.6526,-64122.2,6435.92,358.425,10.1787
0.121129,0,0,13.3754,0.640358,-86074.1,-4794.92,481.129,70.6574,-64133.8,6435.27,358.489,10.1823
0.121139,0,0,13.3754,0.640491,-86065.5,-4795.78,481.081,70.6622,-64145.3,6434.63,358.554,10.1859
0.121149,0,0,13.3754,0.640625,-86056.9,-4796.64,481.033,70.667,-64156.8,6433.99,358.618,10.1895
0.121159,0,0,13.3754,0.640759,-86048.3,-4797.5,480.985,70.6718,-64168.3,6433.35,358.682,10.1931
0.121169,0,0,13.3754,0.640893,-86039.7,-4798.36,480.937,70.6766,-64179.8,6432.71,358.747,10.1966
0.121179,0,0,13.3754,0.641026,-86031.1,-4799.22,480.889,70.6814,-64191.3,6432.07,358.811,10.2002
0.121189,0,0,13.3754,0.64116,-86022.6,-4800.08,480.841,70.6862,-64202.8,6431.42,358.875,10.2038
0.121199,0,0,13.3754,0.641294,-86014,-4800.94,480.793,70.6911,-64214.3,6430.78,358.94,10.2074
0.121209,0,0,13.3754,0.641427,-86005.4,-4801.8,480.745,70.6959,-64225.8,6430.14,359.004,10.211
0.121219,0,0,13.3754,0.641561,-85996.8,-4802.66,480.697,70.7007,-64237.3,6429.5,359.068,10.2146
0.121229,0,0,13.3754,0.641695,-85988.2,-4803.52,480.649,70.7055,-64248.8,6428.85,359.132,10.2182
0.121239,0,0,13.3754,0.641829,-85979.6,-4804.38,480.601,70.7103,-64260.3,6428.21,359.197,10.2218
0.121249,0,0,13.3754,0.641962,-85971,-4805.24,480.553,70.7151,-64271.8,6427.57,359.261,10.2254
0.121259,0,0,13.3754,0.642096,-85962.4,-4806.1,480.505,70.7199,-64283.3,6426.93,359.325,10.229
0.121269,0,0,13.3754,0.64223,-85953.8,-4806.96,480.457,70.7247,-64294.8,6426.28,359.39,10.2325
0.121279,0,0,13.3754,0.642364,-85945.2,-4807.82,480.409,70.7295,-64306.3,6425.64,359.454,10.2361
0.121289,0,0,13.3754,0.642497,-85936.6,-4808.68,480.361,70.7343,-64317.8,6425,359.518,10.2397
0.121299,0,0,13.3754,0.642631,-85928,-4809.54,480.313,70.7391,-64329.3,6424.36,359.582,10.2433
0.121309,0,0,13.3754,0.642765,-85919.4,-4810.4,480.265,70.7439,-64340.8,6423.71,359.646,10.2469
0.121319,0,0,13.3754,0.642899,-85910.8,-4811.26,480.217,70.7487,-64352.3,6423.07,359.711,10.2505
0.121329,0,0,13.3754,0.643032,-85902.2,-4812.12,480.169,70.7535,-64363.7,6422.43,359.775,10.2541
0.121339,0,0,13.3754,0.643166,-85893.6,-4812.98,480.121,70.7583,-64375.2,6421.78,359.839,10.2577
0.121349,0,0,13.3754,0.6433,-85885,-4813.83,480.072,70.7631,-64386.7,6421.14,359.903,10.2613
0.121359,0,0,13.3754,0.643434,-85876.4,-4814.69,480.024,70.7679,-64398.2,6420.49,359.968,10.2649
0.121369,0,0,13.3754,0.643567,-85867.8,-4815.55,479.976,70.7727,-64409.7,6419.85,360.032,10.2685
0.121379,0,0,13.3754,0.643701,-85859.1,-4816.41,479.928,70.7775,-64421.2,6419.21,360.096,10.2721
0.121389,0,0,13.3754,0.643835,-85850.5,-4817.27,479.88,70.7823,-64432.7,6418.56,360.16,10.2757
0.121399,0,0,13.3754,0.643968,-85841.9,-4818.13,479.832,70.7871,-64444.1,6417.92,360.224,10.2793
0.121409,0,0,13.3754,0.644102,-85833.3,-4818.99,479.784,70.7919,-64455.6,6417.27,360.288,10.2829
0.121419,0,0,13.3754,0.644236,-85824.7,-4819.84,479.735,70.7967,-64467.1,6416.63,360.353,10.2865
0.121429,0,0,13.3754,0.64437,-85816.1,-4820.7,479.687,70.8015,-64478.6,6415.98,360.417,10.2901
0.121439,0,0,13.3754,0.644503,-85807.4,-4821.56,479.639,70.8063,-64490.1,6415.34,360.481,10.2937
0.121449,0,0,13.3754,0.644637,-85798.8,-4822.42,479.591,70.8111,-64501.5,6414.69,360.545,10.2973
0.121459,0,0,13.3754,0.644771,-85790.2,-4823.27,479.542,70.8159,-64513,6414.05,360.609,10.3009
0.121469,0,0,13.3754,0.644905,-85781.5,-4824.13,479.494,70.8207,-64524.5,6413.4,360.673,10.3046
0.121479,0,0,13.3754,0.645038,-85772.9,-4824.99,479.446,70.8255,-64535.9,6412.76,360.737,10.3082
0.121489,0,0,13.3754,0.645172,-85764.3,-4825.85,479.398,70.8303,-64547.4,6412.11,360.802,10.3118
0.121499,0,0,13.3754,0.645306,-85755.6,-4826.71,479.35,70.8351,-64558.9,6411.47,360.866,10.3154
0.121509,0,0,13.3754,0.64544,-85747,-4827.56,479.301,70.8399,-64570.4,6410.82,360.93,10.319
0.121519,0,0,13.3754,0.645573,-85738.4,-4828.42,479.253,70.8447,-64581.8,6410.18,360.994,10.3226
0.121529,0,0,13.3754,0.645707,-85729.7,-4829.28,479.205,70.8495,-64593.3,6409.53,361.058,10.3262
0.121539,0,0,13.3754,0.645841,-85721.1,-4830.13,479.156,70.8542,-64604.7,6408.89,361.122,10.3298
0.121549,0,0,13.3754,0.645975,-85712.5,-4830.99,479.108,70.859,-64616.2,6408.24,361.186,10.3334
0.121559,0,0,13.3754,0.646108,-85703.8,-4831.85,479.06,70.8638,-64627.7,6407.59,361.25,10.337
0.121569,0,0,13.3754,0.646242,-85695.2,-4832.71,479.011,70.8686,-64639.1,6406.95,361.314,10.3407
0.121579,0,0,13.3754,0.646376,-85686.5,-4833.56,478.963,70.8734,-64650.6,6406.3,361.378,10.3443
0.121589,0,0,13.3754,0.646509,-85677.9,-4834.42,478.915,70.8782,-64662,6405.65,361.442,10.3479
0.121599,0,0,13.3754,0.646643,-85669.2,-4835.28,478.867,70.883,-64673.5,6405.01,361.506,10.3515
0.121609,0,0,13.3754,0.646777,-85660.6,-4836.13,478.818,70.8878,-64685,6404.36,361.57,10.3551
0.121619,0,0,13.3754,0.646911,-85651.9,-4836.99,478.77,70.8926,-64696.4,6403.71,361.634,10.3587
0.121629,0,0,13.3754,0.647044,-85643.3,-4837.84,478.721,70.8974,-64707.9,6403.07,361.698,10.3623
0.121639,0,0,13.3754,0.647178,-85634.6,-4838.7,478.673,70.9022,-64719.3,6402.42,361.763,10.366
0.121649,0,0,13.3754,0.647312,-85626,-4839.56,478.625,70.9069,-64730.8,6401.77,361.827,10.3696
0.121659,0,0,13.3754,0.647446,-85617.3,-4840.41,478.576,70.9117,-64742.2,6401.13,361.891,10.3732
0.121669,0,0,13.3754,0.647579,-85608.7,-4841.27,478.528,70.9165,-64753.7,6400.48,361.955,10.3768
0.121679,0,0,13.3754,0.647713,-85600,-4842.12,478.479,70.9213,-64765.1,6399.83,362.019,10.3804
0.121689,0,0,13.3754,0.647847,-85591.3,-4842.98,478.431,70.9261,-64776.6,6399.18,362.083,10.3841
0.121699,0,0,13.3754,0.647981,-85582.7,-4843.84,478.383,70.9309,-64788,6398.54,362.146,10.3877
0.121709,0,0,13.3754,0.648114,-85574,-4844.69,478.334,70.9356,-64799.5,6397.89,362.21,10.3913
0.121719,0,0,13.3754,0.648248,-85565.3,-4845.55,478.286,70.9404,-64810.9,6397.24,362.274,10.3949
0.121729,0,0,13.3754,0.648382,-85556.7,-4846.4,478.237,70.9452,-64822.4,6396.59,362.338,10.3985
0.121739,0,0,13.3754,0.648515,-85548,-4847.26,478.189,70.95,-64833.8,6395.94,362.402,10.4022
0.121749,0,0,13.3754,0.648649,-85539.3,-4848.11,478.14,70.9548,-64845.2,6395.3,362.466,10.4058
0.121759,0,0,13.3754,0.648783,-85530.7,-4848.97,478.092,70.9596,-64856.7,6394.65,362.53,10.4094
0.121769,0,0,13.3754,0.648917,-85522,-4849.82,478.043,70.9643,-64868.1,6394,362.594,10.413
0.121779,0,0,13.3754,0.64905,-85513.3,-4850.68,477.995,70.9691,-64879.5,6393.35,362.658,10.4167
0.121789,0,0,13.3754,0.649184,-85504.6,-4851.53,477.946,70.9739,-64891,6392.7,362.722,10.4203
0.121799,0,0,13.3754,0.649318,-85495.9,-4852.39,477.898,70.9787,-64902.4,6392.05,362.786,10.4239
0.121809,0,0,13.3754,0.649452,-85487.3,-4853.24,477.849,70.9835,-64913.9,6391.4,362.85,10.4276
0.121819,0,0,13.3754,0.649585,-85478.6,-4854.1,477.801,70.9882,-64925.3,6390.75,362.914,10.4312
0.121829,0,0,13.3754,0.649719,-85469.9,-4854.95,477.752,70.993,-64936.7,6390.1,362.978,10.4348
0.121839,0,0,13.3754,0.649853,-85461.2,-4855.81,477.704,70.9978,-64948.1,6389.46,363.042,10.4384
0.121849,0,0,13.3754,0.649987,-85452.5,-4856.66,477.655,71.0026,-64959.6,6388.81,363.105,10.4421
0.121859,0,0,13.3754,0.65012,-85443.8,-4857.52,477.607,71.0073,-64971,6388.16,363.169,10.4457
0.121869,0,0,13.3754,0.650254,-85435.1,-4858.37,477.558,71.0121,-64982.4,6387.51,363.233,10.4493
0.121879,0,0,13.3754,0.650388,-85426.5,-4859.23,477.509,71.0169,-64993.9,6386.86,363.297,10.453
0.121889,0,0,13.3754,0.650522,-85417.8,-4860.08,477.461,71.0217,-65005.3,6386.21,363.361,10.4566
0.121899,0,0,13.3754,0.650655,-85409.1,-4860.93,477.412,71.0264,-65016.7,6385.56,363.425,10.4602
0.121909,0,0,13.3754,0.650789,-85400.4,-4861.79,477.364,71.0312,-65028.1,6384.91,363.489,10.4639
0.121919,0,0,13.3754,0.650923,-85391.7,-4862.64,477.315,71.036,-65039.5,6384.26,363.552,10.4675
0.121929,0,0,13.3754,0.651056,-85383,-4863.5,477.266,71.0408,-65051,6383.61,363.616,10.4711
0.121939,0,0,13.3754,0.65119,-85374.3,-4864.35,477.218,71.0455,-65062.4,6382.96,363.68,10.4748
0.121949,0,0,13.3754,0.651324,-85365.6,-4865.2,477.169,71.0503,-65073.8,6382.31,363.744,10.4784
0.121959,0,0,13.3754,0.651458,-85356.9,-4866.06,477.12,71.0551,-65085.2,6381.65,363.808,10.482
0.121969,0,0,13.3754,0.651591,-85348.2,-4866.91,477.072,71.0598,-65096.6,6381,363.872,10.4857
0.121979,0,0,13.3754,0.651725,-85339.5,-4867.76,477.023,71.0646,-65108,6380.35,363.935,10.4893
0.121989,0,0,13.3754,0.651859,-85330.8,-4868.62,476.974,71.0694,-65119.5,6379.7,363.999,10.493
0.121999,0,0,13.3754,0.651993,-85322,-4869.47,476.926,71.0742,-65130.9,6379.05,364.063,10.4966
0.122009,0,0,13.3754,0.652126,-85313.3,-4870.32,476.877,71.0789,-65142.3,6378.4,364.127,10.5002
0.122019,0,0,13.3754,0.65226,-85304.6,-4871.18,476.828,71.0837,-65153.7,6377.75,364.19,10.5039
0.122029,0,0,13.3754,0.652394,-85295.9,-4872.03,476.78,71.0885,-65165.1,6377.1,364.254,10.5075
0.122039,0,0,13.3754,0.652528,-85287.2,-4872.88,476.731,71.0932,-65176.5,6376.44,364.318,10.5112
0.122049,0,0,13.3754,0.652661,-85278.5,-4873.73,476.682,71.098,-65187.9,6375.79,364.382,10.5148
0.122059,0,0,13.3754,0.652795,-85269.8,-4874.59,476.634,71.1028,-65199.3,6375.14,364.445,10.5185
0.122069,0,0,13.3754,0.652929,-85261,-4875.44,476.585,71.1075,-65210.7,6374.49,364.509,10.5221
0.122079,0,0,13.3754,0.653062,-85252.3,-4876.29,476.536,71.1123,-65222.1,6373.84,364.573,10.5258
0.122089,0,0,13.3754,0.653196,-85243.6,-4877.14,476.487,71.1171,-65233.5,6373.18,364.637,10.5294
0.122099,0,0,13.3754,0.65333,-85234.9,-4878,476.439,71.1218,-65244.9,6372.53,364.7,10.533
0.122109,0,0,13.3754,0.653464,-85226.1,-4878.85,476.39,71.1266,-65256.3,6371.88,364.764,10.5367
0.122119,0,0,13.3754,0.653597,-85217.4,-4879.7,476.341,71.1314,-65267.7,6371.23,364.828,10.5403
0.122129,0,0,13.3754,0.653731,-85208.7,-4880.55,476.292,71.1361,-65279.1,6370.57,364.892,10.544
0.122139,0,0,13.3754,0.653865,-85199.9,-4881.4,476.243,71.1409,-65290.5,6369.92,364.955,10.5476
0.122149,0,0,13.3754,0.653999,-85191.2,-4882.26,476.195,71.1456,-65301.9,6369.27,365.019,10.5513
0.122159,0,0,13.3754,0.654132,-85182.5,-4883.11,476.146,71.1504,-65313.3,6368.62,365.083,10.5549
0.122169,0,0,13.3754,0.654266,-85173.7,-4883.96,476.097,71.1552,-65324.7,6367.96,365.146,10.5586
0.122179,0,0,13.3754,0.6544,-85165,-4884.81,476.048,71.1599,-65336.1,6367.31,365.21,10.5622
0.122189,0,0,13.3754,0.654534,-85156.3,-4885.66,475.999,71.1647,-65347.5,6366.66,365.274,10.5659
0.122199,0,0,13.3754,0.654667,-85147.5,-4886.51,475.95,71.1694,-65358.8,6366,365.337,10.5695
0.122209,0,0,13.3754,0.654801,-85138.8,-4887.37,475.901,71.1742,-65370.2,6365.35,365.401,10.5732
0.122219,0,0,13.3754,0.654935,-85130,-4888.22,475.853,71.179,-65381.6,6364.7,365.465,10.5769
0.122229,0,0,13.3754,0.655069,-85121.3,-4889.07,475.804,71.1837,-65393,6364.04,365.528,10.5805
0.122239,0,0,13.3754,0.655202,-85112.6,-4889.92,475.755,71.1885,-65404.4,6363.39,365.592,10.5842
0.122249,0,0,13.3754,0.655336,-85103.8,-4890.77,475.706,71.1932,-65415.8,6362.73,365.655,10.5878
0.122259,0,0,13.3754,0.65547,-85095.1,-4891.62,475.657,71.198,-65427.1,6362.08,365.719,10.5915
0.122269,0,0,13.3754,0.655603,-85086.3,-4892.47,475.608,71.2028,-65438.5,6361.43,365.783,10.5951
0.122279,0,0,13.3754,0.655737,-85077.6,-4893.32,475.559,71.2075,-65449.9,6360.77,365.846,10.5988
0.122289,0,0,13.3754,0.655871,-85068.8,-4894.17,475.51,71.2123,-65461.3,6360.12,365.91,10.6025
0.122299,0,0,13.3754,0.656005,-85060,-4895.02,475.461,71.217,-65472.7,6359.46,365.973,10.6061
0.122309,0,0,13.3754,0.656138,-85051.3,-4895.87,475.412,71.2218,-65484,6358.81,366.037,10.6098
0.122319,0,0,13.3754,0.656272,-85042.5,-4896.72,475.363,71.2265,-65495.4,6358.15,366.101,10.6134
0.122329,0,0,13.3754,0.656406,-85033.8,-4897.57,475.314,71.2313,-65506.8,6357.5,366.164,10.6171
0.122339,0,0,13.3754,0.65654,-85025,-4898.42,475.265,71.236,-65518.2,6356.84,366.228,10.6208
0.122349,0,0,13.3754,0.656673,-85016.2,-4899.27,475.216,71.2408,-65529.5,6356.19,366.291,10.6244
0.122359,0,0,13.3754,0.656807,-85007.5,-4900.12,475.167,71.2455,-65540.9,6355.53,366.355,10.6281
0.122369,0,0,13.3754,0.656941,-84998.7,-4900.97,475.118,71.2503,-65552.3,6354.88,366.418,10.6317
0.122379,0,0,13.3754,0.657075,-84990,-4901.82,475.069,71.255,-65563.6,6354.22,366.482,10.6354
0.122389,0,0,13.3754,0.657208,-84981.2,-4902.67,475.02,71.2598,-65575,6353.57,366.545,10.6391
0.122399,0,0,13.3754,0.657342,-84972.4,-4903.52,474.971,71.2645,-65586.4,6352.91,366.609,10.6427
0.122409,0,0,13.3754,0.657476,-84963.6,-4904.37,474.922,71.2693,-65597.7,6352.25,366.672,10.6464
0.122419,0,0,13.3754,0.65761,-84954.9,-4905.22,474.873,71.274,-65609.1,6351.6,366.736,10.6501
0.122429,0,0,13.3754,0.657743,-84946.1,-4906.07,474.824,71.2788,-65620.4,6350.94,366.799,10.6537
0.122439,0,0,13.3754,0.657877,-84937.3,-4906.92,474.775,71.2835,-65631.8,6350.29,366.863,10.6574
0.122449,0,0,13.3754,0.658011,-84928.5,-4907.77,474.726,71.2883,-65643.2,6349.63,366.926,10.6611
0.122459,0,0,13.3754,0.658144,-84919.8,-4908.62,474.677,71.293,-65654.5,6348.97,366.99,10.6648
0.122469,0,0,13.3754,0.658278,-84911,-4909.47,474.628,71.2978,-65665.9,6348.32,367.053,10.6684
0.122479,0,0,13.3754,0.658412,-84902.2,-4910.32,474.579,71.3025,-65677.2,6347.66,367.117,10.6721
0.122489,0,0,13.3754,0.658546,-84893.4,-4911.17,474.53,71.3073,-65688.6,6347,367.18,10.6758
0.122499,0,0,13.3754,0.658679,-84884.6,-4912.02,474.481,71.312,-65699.9,6346.35,367.244,10.6794
0.122509,0,0,13.3754,0.658813,-84875.8,-4912.86,474.432,71.3167,-65711.3,6345.69,367.307,10.6831
0.122519,0,0,13.3754,0.658947,-84867.1,-4913.71,474.383,71.3215,-65722.6,6345.03,367.371,10.6868
0.122529,0,0,13.3754,0.659081,-84858.3,-4914.56,474.333,71.3262,-65734,6344.38,367.434,10.6905
0.122539,0,0,13.3754,0.659214,-84849.5,-4915.41,474.284,71.331,-65745.3,6343.72,367.498,10.6941
0.122549,0,0,13.3754,0.659348,-84840.7,-4916.26,474.235,71.3357,-65756.7,6343.06,367.561,10.6978
0.122559,0,0,13.3754,0.659482,-84831.9,-4917.11,474.186,71.3405,-65768,6342.4,367.624,10.7015
0.122569,0,0,13.3754,0.659616,-84823.1,-4917.95,474.137,71.3452,-65779.4,6341.75,367.688,10.7052
0.122579,0,0,13.3754,0.659749,-84814.3,-4918.8,474.088,71.35,-65790.7,6341.09,367.751,10.7088
0.122589,0,0,13.3754,0.659883,-84805.5,-4919.65,474.038,71.3547,-65802.1,6340.43,367.815,10.7125
0.122599,0,0,13.3754,0.660017,-84796.7,-4920.5,473.989,71.3594,-65813.4,6339.77,367.878,10.7162
0.122609,0,0,13.3754,0.660151,-84787.9,-4921.35,473.94,71.3642,-65824.7,6339.11,367.941,10.7199
0.122619,0,0,13.3754,0.660284,-84779.1,-4922.19,473.891,71.3689,-65836.1,6338.46,368.005,10.7235
0.122629,0,0,13.3754,0.660418,-84770.3,-4923.04,473.842,71.3736,-65847.4,6337.8,368.068,10.7272
0.122639,0,0,13.3754,0.660552,-84761.5,-4923.89,473.792,71.3784,-65858.7,6337.14,368.132,10.7309
0.122649,0,0,13.3754,0.660685,-84752.7,-4924.74,473.743,71.3831,-65870.1,6336.48,368.195,10.7346
0.122659,0,0,13.3754,0.660819,-84743.8,-4925.58,473.694,71.3879,-65881.4,6335.82,368.258,10.7383
0.122669,0,0,13.3754,0.660953,-84735,-4926.43,473.645,71.3926,-65892.8,6335.16,368.322,10.742
0.122679,0,0,13.3754,0.661087,-84726.2,-4927.28,473.595,71.3973,-65904.1,6334.5,368.385,10.7456
0.122689,0,0,13.3754,0.66122,-84717.4,-4928.13,473.546,71.4021,-65915.4,6333.85,368.448,10.7493
0.122699,0,0,13.3754,0.661354,-84708.6,-4928.97,473.497,71.4068,-65926.7,6333.19,368.512,10.753
0.122708,0,0,13.3754,0.661488,-84699.8,-4929.82,473.447,71.4115,-65938.1,6332.53,368.575,10.7567
0.122718,0,0,13.3754,0.661622,-84691,-4930.67,473.398,71.4163,-65949.4,6331.87,368.638,10.7604
0.122728,0,0,13.3754,0.661755,-84682.1,-4931.51,473.349,71.421,-65960.7,6331.21,368.702,10.7641
0.122738,0,0,13.3754,0.661889,-84673.3,-4932.36,473.3,71.4257,-65972,6330.55,368.765,10.7678
0.122748,0,0,13.3754,0.662023,-84664.5,-4933.21,473.25,71.4305,-65983.4,6329.89,368.828,10.7714
0.122758,0,0,13.3754,0.662157,-84655.7,-4934.05,473.201,71.4352,-65994.7,6329.23,368.891,10.7751
0.122768,0,0,13.3754,0.66229,-84646.8,-4934.9,473.152,71.4399,-66006,6328.57,368.955,10.7788
0.122778,0,0,13.3754,0.662424,-84638,-4935.75,473.102,71.4447,-66017.3,6327.91,369.018,10.7825
0.122788,0,0,13.3754,0.662558,-84629.2,-4936.59,473.053,71.4494,-66028.7,6327.25,369.081,10.7862
0.122798,0,0,13.3754,0.662691,-84620.3,-4937.44,473.004,71.4541,-66040,6326.59,369.145,10.7899
0.122808,0,0,13.3754,0.662825,-84611.5,-4938.28,472.954,71.4589,-66051.3,6325.93,369.208,10.7936
0.122818,0,0,13.3754,0.662959,-84602.7,-4939.13,472.905,71.4636,-66062.6,6325.27,369.271,10.7973
0.122828,0,0,13.3754,0.663093,-84593.8,-4939.98,472.855,71.4683,-66073.9,6324.61,369.334,10.801
0.122838,0,0,13.3754,0.663226,-84585,-4940.82,472.806,71.473,-66085.2,6323.95,369.398,10.8047
0.122848,0,0,13.3754,0.66336,-84576.2,-4941.67,472.757,71.4778,-66096.5,6323.29,369.461,10.8084
0.122858,0,0,13.3754,0.663494,-84567.3,-4942.51,472.707,71.4825,-66107.8,6322.62,369.524,10.8121
0.122868,0,0,13.3754,0.663628,-84558.5,-4943.36,472.658,71.4872,-66119.2,6321.96,369.587,10.8157
0.122878,0,0,13.3754,0.663761,-84549.6,-4944.2,472.608,71.492,-66130.5,6321.3,369.65,10.8194
0.122888,0,0,13.3754,0.663895,-84540.8,-4945.05,472.559,71.4967,-66141.8,6320.64,369.714,10.8231
0.122898,0,0,13.3754,0.664029,-84532,-4945.89,472.509,71.5014,-66153.1,6319.98,369.777,10.8268
0.122908,0,0,13.3754,0.664163,-84523.1,-4946.74,472.46,71.5061,-66164.4,6319.32,369.84,10.8305
0.122918,0,0,13.3754,0.664296,-84514.3,-4947.58,472.41,71.5108,-66175.7,6318.66,369.903,10.8342
0.122928,0,0,13.3754,0.66443,-84505.4,-4948.43,472.361,71.5156,-66187,6317.99,369.966,10.8379
0.122938,0,0,13.3754,0.664564,-84496.6,-4949.27,472.312,71.5203,-66198.3,6317.33,370.029,10.8416
0.122948,0,0,13.3754,0.664698,-84487.7,-4950.12,472.262,71.525,-66209.6,6316.67,370.093,10.8453
0.122958,0,0,13.3754,0.664831,-84478.8,-4950.96,472.213,71.5297,-66220.9,6316.01,370.156,10.849
0.122968,0,0,13.3754,0.664965,-84470,-4951.81,472.163,71.5345,-66232.2,6315.35,370.219,10.8527
0.122978,0,0,13.3754,0.665099,-84461.1,-4952.65,472.114,71.5392,-66243.5,6314.68,370.282,10.8564
0.122988,0,0,13.3754,0.665232,-84452.3,-4953.5,472.064,71.5439,-66254.8,6314.02,370.345,10.8601
0.122998,0,0,13.3754,0.665366,-84443.4,-4954.34,472.014,71.5486,-66266.1,6313.36,370.408,10.8638
0.123008,0,0,13.3754,0.6655,-84434.5,-4955.19,471.965,71.5534,-66277.4,6312.7,370.471,10.8675
0.123018,0,0,13.3754,0.665634,-84425.7,-4956.03,471.915,71.5581,-66288.6,6312.03,370.535,10.8713
0.123028,0,0,13.3754,0.665767,-84416.8,-4956.88,471.866,71.5628,-66299.9,6311.37,370.598,10.875
0.123038,0,0,13.3754,0.665901,-84407.9,-4957.72,471.816,71.5675,-66311.2,6310.71,370.661,10.8787
0.123048,0,0,13.3754,0.666035,-84399.1,-4958.56,471.767,71.5722,-66322.5,6310.04,370.724,10.8824
0.123058,0,0,13.3754,0.666169,-84390.2,-4959.41,471.717,71.5769,-66333.8,6309.38,370.787,10.8861
0.123068,0,0,13.3754,0.666302,-84381.3,-4960.25,471.667,71.5817,-66345.1,6308.72,370.85,10.8898
0.123078,0,0,13.3754,0.666436,-84372.5,-4961.09,471.618,71.5864,-66356.4,6308.06,370.913,10.8935
0.123088,0,0,13.3754,0.66657,-84363.6,-4961.94,471.568,71.5911,-66367.7,6307.39,370.976,10.8972
0.123098,0,0,13.3754,0.666704,-84354.7,-4962.78,471.519,71.5958,-66378.9,6306.73,371.039,10.9009
0.123108,0,0,13.3754,0.666837,-84345.8,-4963.62,471.469,71.6005,-66390.2,6306.06,371.102,10.9046
0.123118,0,0,13.3754,0.666971,-84336.9,-4964.47,471.419,71.6052,-66401.5,6305.4,371.165,10.9083
0.123128,0,0,13.3754,0.667105,-84328.1,-4965.31,471.37,71.6099,-66412.8,6304.74,371.228,10.9121
0.123138,0,0,13.3754,0.667238,-84319.2,-4966.15,471.32,71.6147,-66424.1,6304.07,371.291,10.9158
0.123148,0,0,13.3754,0.667372,-84310.3,-4967,471.27,71.6194,-66435.3,6303.41,371.354,10.9195
0.123158,0,0,13.3754,0.667506,-84301.4,-4967.84,471.221,71.6241,-66446.6,6302.74,371.418,10.9232
0.123168,0,0,13.3754,0.66764,-84292.5,-4968.68,471.171,71.6288,-66457.9,6302.08,371.481,10.9269
0.123178,0,0,13.3754,0.667773,-84283.6,-4969.53,471.121,71.6335,-66469.1,6301.42,371.544,10.9306
0.123188,0,0,13.3754,0.667907,-84274.8,-4970.37,471.072,71.6382,-66480.4,6300.75,371.607,10.9343
0.123198,0,0,13.3754,0.668041,-84265.9,-4971.21,471.022,71.6429,-66491.7,6300.09,371.67,10.9381
0.123208,0,0,13.3754,0.668175,-84257,-4972.05,470.972,71.6476,-66503,6299.42,371.732,10.9418
0.123218,0,0,13.3754,0.668308,-84248.1,-4972.9,470.923,71.6524,-66514.2,6298.76,371.796,10.9455
0.123228,0,0,13.3754,0.668442,-84239.2,-4973.74,470.873,71.6571,-66525.5,6298.09,371.858,10.9492
0.123238,0,0,13.3754,0.668576,-84230.3,-4974.58,470.823,71.6618,-66536.8,6297.42,371.921,10.9529
0.123248,0,0,13.3754,0.66871,-84221.4,-4975.42,470.773,71.6665,-66548,6296.76,371.984,10.9566
0.123258,0,0,13.3754,0.668843,-84212.5,-4976.26,470.724,71.6712,-66559.3,6296.09,372.047,10.9604
0.123268,0,0,13.3754,0.668977,-84203.6,-4977.11,470.674,71.6759,-66570.5,6295.43,372.11,10.9641
0.123278,0,0,13.3754,0.669111,-84194.7,-4977.95,470.624,71.6806,-66581.8,6294.76,372.173,10.9678
0.123288,0,0,13.3754,0.669245,-84185.8,-4978.79,470.574,71.6853,-66593.1,6294.1,372.236,10.9715
0.123298,0,0,13.3754,0.669378,-84176.9,-4979.63,470.525,71.69,-66604.3,6293.43,372.299,10.9753
0.123308,0,0,13.3754,0.669512,-84168,-4980.47,470.475,71.6947,-66615.6,6292.77,372.362,10.979
0.123318,0,0,13.3754,0.669646,-84159,-4981.31,470.425,71.6994,-66626.8,6292.1,372.425,10.9827
0.123328,0,0,13.3754,0.669779,-84150.1,-4982.16,470.375,71.7041,-66638.1,6291.43,372.488,10.9864
0.123338,0,0,13.3754,0.669913,-84141.2,-4983,470.325,71.7088,-66649.3,6290.77,372.551,10.9902
0.123348,0,0,13.3754,0.670047,-84132.3,-4983.84,470.276,71.7135,-66660.6,6290.1,372.614,10.9939
0.123358,0,0,13.3754,0.670181,-84123.4,-4984.68,470.226,71.7182,-66671.9,6289.43,372.677,10.9976
0.123368,0,0,13.3754,0.670314,-84114.5,-4985.52,470.176,71.7229,-66683.1,6288.77,372.739,11.0013
0.123378,0,0,13.3754,0.670448,-84105.6,-4986.36,470.126,71.7276,-66694.4,6288.1,372.802,11.0051
0.123388,0,0,13.3754,0.670582,-84096.6,-4987.2,470.076,71.7323,-66705.6,6287.43,372.865,11.0088
0.123398,0,0,13.3754,0.670716,-84087.7,-4988.04,470.026,71.737,-66716.8,6286.77,372.928,11.0125
0.123408,0,0,13.3754,0.670849,-84078.8,-4988.88,469.976,71.7417,-66728.1,6286.1,372.991,11.0162
0.123418,0,0,13.3754,0.670983,-84069.9,-4989.73,469.926,71.7464,-66739.3,6285.43,373.054,11.02
0.123428,0,0,13.3754,0.671117,-84060.9,-4990.57,469.877,71.7511,-66750.6,6284.76,373.117,11.0237
0.123438,0,0,13.3754,0.671251,-84052,-4991.41,469.827,71.7558,-66761.8,6284.1,373.179,11.0274
0.123448,0,0,13.3754,0.671384,-84043.1,-4992.25,469.777,71.7605,-66773.1,6283.43,373.242,11.0312
0.123458,0,0,13.3754,0.671518,-84034.2,-4993.09,469.727,71.7652,-66784.3,6282.76,373.305,11.0349
0.123468,0,0,13.3754,0.671652,-84025.2,-4993.93,469.677,71.7699,-66795.5,6282.09,373.368,11.0386
0.123478,0,0,13.3754,0.671786,-84016.3,-4994.77,469.627,71.7746,-66806.8,6281.43,373.431,11.0424
0.123488,0,0,13.3754,0.671919,-84007.4,-4995.61,469.577,71.7793,-66818,6280.76,373.493,11.0461
0.123498,0,0,13.3754,0.672053,-83998.4,-4996.45,469.527,71.784,-66829.2,6280.09,373.556,11.0498
0.123508,0,0,13.3754,0.672187,-83989.5,-4997.29,469.477,71.7887,-66840.5,6279.42,373.619,11.0536
0.123518,0,0,13.3754,0.67232,-83980.5,-4998.13,469.427,71.7934,-66851.7,6278.75,373.682,11.0573
0.123528,0,0,13.3754,0.672454,-83971.6,-4998.97,469.377,71.7981,-66862.9,6278.08,373.745,11.061
0.123538,0,0,13.3754,0.672588,-83962.6,-4999.81,469.327,71.8028,-66874.2,6277.42,373.807,11.0648
0.123548,0,0,13.3754,0.672722,-83953.7,-5000.65,469.277,71.8075,-66885.4,6276.75,373.87,11.0685
0.123558,0,0,13.3754,0.672855,-83944.8,-5001.48,469.227,71.8122,-66896.6,6276.08,373.933,11.0723
0.123568,0,0,13.3754,0.672989,-83935.8,-5002.32,469.177,71.8169,-66907.8,6275.41,373.996,11.076
0.123578,0,0,13.3754,0.673123,-83926.9,-5003.16,469.127,71.8216,-66919.1,6274.74,374.058,11.0797
0.123588,0,0,13.3754,0.673257,-83917.9,-5004,469.077,71.8262,-66930.3,6274.07,374.121,11.0835
0.123598,0,0,13.3754,0.67339,-83909,-5004.84,469.027,71.8309,-66941.5,6273.4,374.184,11.0872
0.123608,0,0,13.3754,0.673524,-83900,-5005.68,468.977,71.8356,-66952.7,6272.73,374.247,11.091
0.123618,0,0,13.3754,0.673658,-83891.1,-5006.52,468.927,71.8403,-66964,6272.06,374.309,11.0947
0.123628,0,0,13.3754,0.673792,-83882.1,-5007.36,468.877,71.845,-66975.2,6271.39,374.372,11.0985
0.123638,0,0,13.3754,0.673925,-83873.1,-5008.2,468.827,71.8497,-66986.4,6270.72,374.435,11.1022
0.123648,0,0,13.3754,0.674059,-83864.2,-5009.04,468.777,71.8544,-66997.6,6270.05,374.497,11.1059
0.123658,0,0,13.3754,0.674193,-83855.2,-5009.87,468.727,71.8591,-67008.8,6269.38,374.56,11.1097
0.123668,0,0,13.3754,0.674326,-83846.3,-5010.71,468.677,71.8638,-67020,6268.71,374.623,11.1134
0.123678,0,0,13.3754,0.67446,-83837.3,-5011.55,468.626,71.8684,-67031.3,6268.04,374.686,11.1172
0.123688,0,0,13.3754,0.674594,-83828.3,-5012.39,468.576,71.8731,-67042.5,6267.37,374.748,11.1209
0.123698,0,0,13.3754,0.674728,-83819.4,-5013.23,468.526,71.8778,-67053.7,6266.7,374.811,11.1247
0.123708,0,0,13.3754,0.674861,-83810.4,-5014.06,468.476,71.8825,-67064.9,6266.03,374.873,11.1284
0.123718,0,0,13.3754,0.674995,-83801.4,-5014.9,468.426,71.8872,-67076.1,6265.36,374.936,11.1322
0.123728,0,0,13.3754,0.675129,-83792.5,-5015.74,468.376,71.8919,-67087.3,6264.69,374.999,11.1359
0.123738,0,0,13.3754,0.675263,-83783.5,-5016.58,468.326,71.8966,-67098.5,6264.02,375.061,11.1397
0.123748,0,0,13.3754,0.675396,-83774.5,-5017.42,468.276,71.9012,-67109.7,6263.35,375.124,11.1434
0.123758,0,0,13.3754,0.67553,-83765.5,-5018.25,468.225,71.9059,-67120.9,6262.68,375.187,11.1472
0.123768,0,0,13.3754,0.675664,-83756.6,-5019.09,468.175,71.9106,-67132.1,6262.01,375.249,11.1509
0.123778,0,0,13.3754,0.675798,-83747.6,-5019.93,468.125,71.9153,-67143.3,6261.34,375.312,11.1547
0.123788,0,0,13.3754,0.675931,-83738.6,-5020.77,468.075,71.92,-67154.5,6260.66,375.374,11.1584
0.123798,0,0,13.3754,0.676065,-83729.6,-5021.6,468.025,71.9247,-67165.7,6259.99,375.437,11.1622
0.123808,0,0,13.3754,0.676199,-83720.6,-5022.44,467.974,71.9293,-67176.9,6259.32,375.5,11.1659
0.123818,0,0,13.3754,0.676333,-83711.6,-5023.28,467.924,71.934,-67188.1,6258.65,375.562,11.1697
0.123828,0,0,13.3754,0.676466,-83702.6,-5024.11,467.874,71.9387,-67199.3,6257.98,375.625,11.1735
0.123838,0,0,13.3754,0.6766,-83693.7,-5024.95,467.824,71.9434,-67210.5,6257.31,375.687,11.1772
0.123848,0,0,13.3754,0.676734,-83684.7,-5025.79,467.773,71.948,-67221.7,6256.63,375.75,11.181
0.123858,0,0,13.3754,0.676867,-83675.7,-5026.62,467.723,71.9527,-67232.9,6255.96,375.812,11.1847
0.123868,0,0,13.3754,0.677001,-83666.7,-5027.46,467.673,71.9574,-67244.1,6255.29,375.875,11.1885
0.123878,0,0,13.3754,0.677135,-83657.7,-5028.3,467.623,71.9621,-67255.2,6254.62,375.938,11.1922
0.123888,0,0,13.3754,0.677269,-83648.7,-5029.13,467.572,71.9667,-67266.4,6253.94,376,11.196
0.123898,0,0,13.3754,0.677402,-83639.7,-5029.97,467.522,71.9714,-67277.6,6253.27,376.063,11.1998
0.123908,0,0,13.3754,0.677536,-83630.7,-5030.81,467.472,71.9761,-67288.8,6252.6,376.125,11.2035
0.123918,0,0,13.3754,0.67767,-83621.7,-5031.64,467.421,71.9808,-67300,6251.93,376.188,11.2073
0.123928,0,0,13.3754,0.677804,-83612.7,-5032.48,467.371,71.9855,-67311.2,6251.25,376.25,11.211
0.123938,0,0,13.3754,0.677937,-83603.7,-5033.31,467.321,71.9901,-67322.4,6250.58,376.313,11.2148
0.123948,0,0,13.3754,0.678071,-83594.7,-5034.15,467.271,71.9948,-67333.5,6249.91,376.375,11.2186
0.123958,0,0,13.3754,0.678205,-83585.7,-5034.99,467.22,71.9995,-67344.7,6249.23,376.438,11.2223
0.123968,0,0,13.3754,0.678339,-83576.7,-5035.82,467.17,72.0041,-67355.9,6248.56,376.5,11.2261
0.123978,0,0,13.3754,0.678472,-83567.7,-5036.66,467.119,72.0088,-67367.1,6247.89,376.563,11.2299
0.123988,0,0,13.3754,0.678606,-83558.7,-5037.49,467.069,72.0135,-67378.2,6247.21,376.625,11.2336
0.123998,0,0,13.3754,0.67874,-83549.7,-5038.33,467.019,72.0181,-67389.4,6246.54,376.688,11.2374
0.124008,0,0,13.3754,0.678874,-83540.6,-5039.16,466.968,72.0228,-67400.6,6245.87,376.75,11.2412
0.124018,0,0,13.3754,0.679007,-83531.6,-5040,466.918,72.0275,-67411.8,6245.19,376.812,11.2449
0.124028,0,0,13.3754,0.679141,-83522.6,-5040.83,466.868,72.0322,-67422.9,6244.52,376.875,11.2487
0.124038,0,0,13.3754,0.679275,-83513.6,-5041.67,466.817,72.0368,-67434.1,6243.84,376.937,11.2525
0.124048,0,0,13.3754,0.679408,-83504.6,-5042.5,466.767,72.0415,-67445.3,6243.17,377,11.2562
0.124058,0,0,13.3754,0.679542,-83495.6,-5043.34,466.716,72.0462,-67456.4,6242.49,377.062,11.26
0.124068,0,0,13.3754,0.679676,-83486.5,-5044.17,466.666,72.0508,-67467.6,6241.82,377.125,11.2638
0.124078,0,0,13.3754,0.67981,-83477.5,-5045.01,466.615,72.0555,-67478.8,6241.15,377.187,11.2676
0.124088,0,0,13.3754,0.679943,-83468.5,-5045.84,466.565,72.0602,-67489.9,6240.47,377.249,11.2713
0.124098,0,0,13.3754,0.680077,-83459.5,-5046.68,466.515,72.0648,-67501.1,6239.8,377.312,11.2751
0.124108,0,0,13.3754,0.680211,-83450.4,-5047.51,466.464,72.0695,-67512.2,6239.12,377.374,11.2789
0.124118,0,0,13.3754,0.680345,-83441.4,-5048.35,466.414,72.0742,-67523.4,6238.45,377.437,11.2826
0.124128,0,0,13.3754,0.680478,-83432.4,-5049.18,466.363,72.0788,-67534.6,6237.77,377.499,11.2864
0.124138,0,0,13.3754,0.680612,-83423.3,-5050.02,466.313,72.0835,-67545.7,6237.1,377.561,11.2902
0.124148,0,0,13.3754,0.680746,-83414.3,-5050.85,466.262,72.0881,-67556.9,6236.42,377.624,11.294
0.124158,0,0,13.3754,0.68088,-83405.3,-5051.68,466.212,72.0928,-67568,6235.74,377.686,11.2977
0.124168,0,0,13.3754,0.681013,-83396.2,-5052.52,466.161,72.0975,-67579.2,6235.07,377.748,11.3015
0.124178,0,0,13.3754,0.681147,-83387.2,-5053.35,466.111,72.1021,-67590.4,6234.39,377.811,11.3053
0.124188,0,0,13.3754,0.681281,-83378.2,-5054.19,466.06,72.1068,-67601.5,6233.72,377.873,11.3091
0.124198,0,0,13.3754,0.681414,-83369.1,-5055.02,466.009,72.1115,-67612.6,6233.04,377.935,11.3129
0.124208,0,0,13.3754,0.681548,-83360.1,-5055.85,465.959,72.1161,-67623.8,6232.36,377.998,11.3166
0.124218,0,0,13.3754,0.681682,-83351,-5056.69,465.908,72.1208,-67634.9,6231.69,378.06,11.3204
0.124228,0,0,13.3754,0.681816,-83342,-5057.52,465.858,72.1254,-67646.1,6231.01,378.122,11.3242
0.124238,0,0,13.3754,0.681949,-83332.9,-5058.35,465.807,72.1301,-67657.2,6230.34,378.185,11.328
0.124248,0,0,13.3754,0.682083,-83323.9,-5059.19,465.757,72.1348,-67668.4,6229.66,378.247,11.3318
0.124258,0,0,13.3754,0.682217,-83314.8,-5060.02,465.706,72.1394,-67679.5,6228.98,378.309,11.3356
0.124268,0,0,13.3754,0.682351,-83305.8,-5060.85,465.656,72.1441,-67690.7,6228.31,378.371,11.3393
0.124278,0,0,13.3754,0.682484,-83296.7,-5061.68,465.605,72.1487,-67701.8,6227.63,378.434,11.3431
0.124288,0,0,13.3754,0.682618,-83287.7,-5062.52,465.554,72.1534,-67712.9,6226.95,378.496,11.3469
0.124298,0,0,13.3754,0.682752,-83278.6,-5063.35,465.504,72.158,-67724.1,6226.28,378.558,11.3507
0.124308,0,0,13.3754,0.682886,-83269.6,-5064.18,465.453,72.1627,-67735.2,6225.6,378.62,11.3545
0.124318,0,0,13.3754,0.683019,-83260.5,-5065.02,465.402,72.1673,-67746.4,6224.92,378.683,11.3583
0.124328,0,0,13.3754,0.683153,-83251.4,-5065.85,465.352,72.172,-67757.5,6224.24,378.745,11.362
0.124338,0,0,13.3754,0.683287,-83242.4,-5066.68,465.301,72.1766,-67768.6,6223.57,378.807,11.3658
0.124348,0,0,13.3754,0.683421,-83233.3,-5067.51,465.25,72.1813,-67779.8,6222.89,378.869,11.3696
0.124358,0,0,13.3754,0.683554,-83224.3,-5068.34,465.2,72.186,-67790.9,6222.21,378.932,11.3734
0.124368,0,0,13.3754,0.683688,-83215.2,-5069.18,465.149,72.1906,-67802,6221.53,378.994,11.3772
0.124378,0,0,13.3754,0.683822,-83206.1,-5070.01,465.098,72.1953,-67813.1,6220.85,379.056,11.381
0.124388,0,0,13.3754,0.683955,-83197,-5070.84,465.048,72.1999,-67824.3,6220.18,379.118,11.3848
0.124398,0,0,13.3754,0.684089,-83188,-5071.67,464.997,72.2046,-67835.4,6219.5,379.18,11.3886
0.124408,0,0,13.3754,0.684223,-83178.9,-5072.5,464.946,72.2092,-67846.5,6218.82,379.243,11.3924
0.124418,0,0,13.3754,0.684357,-83169.8,-5073.34,464.896,72.2139,-67857.6,6218.14,379.305,11.3962
0.124428,0,0,13.3754,0.68449,-83160.8,-5074.17,464.845,72.2185,-67868.8,6217.46,379.367,11.4
0.124438,0,0,13.3754,0.684624,-83151.7,-5075,464.794,72.2232,-67879.9,6216.78,379.429,11.4037
0.124448,0,0,13.3754,0.684758,-83142.6,-5075.83,464.743,72.2278,-67891,6216.11,379.491,11.4075
0.124458,0,0,13.3754,0.684892,-83133.5,-5076.66,464.693,72.2324,-67902.1,6215.43,379.553,11.4113
0.124468,0,0,13.3754,0.685025,-83124.4,-5077.49,464.642,72.2371,-67913.2,6214.75,379.616,11.4151
0.124478,0,0,13.3754,0.685159,-83115.4,-5078.32,464.591,72.2417,-67924.4,6214.07,379.678,11.4189
0.124488,0,0,13.3754,0.685293,-83106.3,-5079.15,464.54,72.2464,-67935.5,6213.39,379.74,11.4227
0.124498,0,0,13.3754,0.685427,-83097.2,-5079.98,464.489,72.251,-67946.6,6212.71,379.802,11.4265
0.124508,0,0,13.3754,0.68556,-83088.1,-5080.82,464.439,72.2557,-67957.7,6212.03,379.864,11.4303
0.124518,0,0,13.3754,0.685694,-83079,-5081.65,464.388,72.2603,-67968.8,6211.35,379.926,11.4341
0.124528,0,0,13.3754,0.685828,-83069.9,-5082.48,464.337,72.265,-67979.9,6210.67,379.988,11.4379
0.124538,0,0,13.3754,0.685961,-83060.8,-5083.31,464.286,72.2696,-67991,6209.99,380.05,11.4417
0.124548,0,0,13.3754,0.686095,-83051.7,-5084.14,464.235,72.2743,-68002.1,6209.31,380.112,11.4455
0.124558,0,0,13.3754,0.686229,-83042.6,-5084.97,464.185,72.2789,-68013.2,6208.63,380.175,11.4493
0.124568,0,0,13.3754,0.686363,-83033.5,-5085.8,464.134,72.2835,-68024.4,6207.95,380.237,11.4531
0.124578,0,0,13.3754,0.686496,-83024.4,-5086.63,464.083,72.2882,-68035.4,6207.27,380.299,11.4569
0.124588,0,0,13.3754,0.68663,-83015.3,-5087.46,464.032,72.2928,-68046.6,6206.59,380.361,11.4607
0.124598,0,0,13.3754,0.686764,-83006.2,-5088.29,463.981,72.2975,-68057.7,6205.91,380.423,11.4645
0.124608,0,0,13.3754,0.686898,-82997.1,-5089.12,463.93,72.3021,-68068.8,6205.23,380.485,11.4683
0.124618,0,0,13.3754,0.687031,-82988,-5089.95,463.879,72.3067,-68079.9,6204.55,380.547,11.4721
0.124628,0,0,13.3754,0.687165,-82978.9,-5090.78,463.828,72.3114,-68091,6203.87,380.609,11.4759
0.124638,0,0,13.3754,0.687299,-82969.8,-5091.61,463.778,72.316,-68102.1,6203.19,380.671,11.4798
0.124648,0,0,13.3754,0.687433,-82960.7,-5092.44,463.727,72.3206,-68113.1,6202.51,380.733,11.4836
0.124658,0,0,13.3754,0.687566,-82951.6,-5093.27,463.676,72.3253,-68124.2,6201.83,380.795,11.4874
0.124668,0,0,13.3754,0.6877,-82942.5,-5094.1,463.625,72.3299,-68135.3,6201.14,380.857,11.4912
0.124678,0,0,13.3754,0.687834,-82933.4,-5094.93,463.574,72.3346,-68146.4,6200.46,380.919,11.495
0.124688,0,0,13.3754,0.687968,-82924.3,-5095.76,463.523,72.3392,-68157.5,6199.78,380.981,11.4988
0.124698,0,0,13.3754,0.688101,-82915.1,-5096.58,463.472,72.3438,-68168.6,6199.1,381.043,11.5026
0.124708,0,0,13.3754,0.688235,-82906,-5097.41,463.421,72.3485,-68179.7,6198.42,381.105,11.5064
0.124718,0,0,13.3754,0.688369,-82896.9,-5098.24,463.37,72.3531,-68190.8,6197.74,381.167,11.5102
0.124728,0,0,13.3754,0.688502,-82887.8,-5099.07,463.319,72.3577,-68201.9,6197.06,381.229,11.514
0.124738,0,0,13.3754,0.688636,-82878.7,-5099.9,463.268,72.3624,-68213,6196.37,381.291,11.5179
0.124748,0,0,13.3754,0.68877,-82869.5,-5100.73,463.217,72.367,-68224,6195.69,381.353,11.5217
0.124758,0,0,13.3754,0.688904,-82860.4,-5101.56,463.166,72.3716,-68235.1,6195.01,381.415,11.5255
0.124768,0,0,13.3754,0.689037,-82851.3,-5102.39,463.115,72.3763,-68246.2,6194.33,381.477,11.5293
0.124778,0,0,13.3754,0.689171,-82842.2,-5103.21,463.064,72.3809,-68257.3,6193.64,381.539,11.5331
0.124788,0,0,13.3754,0.689305,-82833,-5104.04,463.013,72.3855,-68268.4,6192.96,381.601,11.5369
0.124798,0,0,13.3754,0.689439,-82823.9,-5104.87,462.962,72.3902,-68279.4,6192.28,381.662,11.5407
0.124808,0,0,13.3754,0.689572,-82814.8,-5105.7,462.911,72.3948,-68290.5,6191.6,381.724,11.5446
0.124818,0,0,13.3754,0.689706,-82805.6,-5106.53,462.86,72.3994,-68301.6,6190.91,381.786,11.5484
0.124828,0,0,13.3754,0.68984,-82796.5,-5107.35,462.809,72.404,-68312.6,6190.23,381.848,11.5522
0.124838,0,0,13.3754,0.689974,-82787.4,-5108.18,462.758,72.4087,-68323.7,6189.55,381.91,11.556
0.124848,0,0,13.3754,0.690107,-82778.2,-5109.01,462.707,72.4133,-68334.8,6188.86,381.972,11.5598
0.124858,0,0,13.3754,0.690241,-82769.1,-5109.84,462.656,72.4179,-68345.9,6188.18,382.034,11.5637
0.124868,0,0,13.3754,0.690375,-82760,-5110.67,462.604,72.4226,-68356.9,6187.5,382.096,11.5675
0.124878,0,0,13.3754,0.690509,-82750.8,-5111.49,462.553,72.4272,-68368,6186.81,382.158,11.5713
0.124888,0,0,13.3754,0.690642,-82741.7,-5112.32,462.502,72.4318,-68379.1,6186.13,382.219,11.5751
0.124898,0,0,13.3754,0.690776,-82732.5,-5113.15,462.451,72.4364,-68390.1,6185.45,382.281,11.5789
0.124908,0,0,13.3754,0.69091,-82723.4,-5113.97,462.4,72.441,-68401.2,6184.76,382.343,11.5828
0.124918,0,0,13.3754,0.691043,-82714.2,-5114.8,462.349,72.4457,-68412.3,6184.08,382.405,11.5866
0.124928,0,0,13.3754,0.691177,-82705.1,-5115.63,462.298,72.4503,-68423.3,6183.39,382.467,11.5904
0.124938,0,0,13.3754,0.691311,-82695.9,-5116.45,462.247,72.4549,-68434.4,6182.71,382.529,11.5942
0.124948,0,0,13.3754,0.691445,-82686.8,-5117.28,462.195,72.4595,-68445.4,6182.03,382.59,11.5981
0.124958,0,0,13.3754,0.691578,-82677.6,-5118.11,462.144,72.4642,-68456.5,6181.34,382.652,11.6019
0.124968,0,0,13.3754,0.691712,-82668.5,-5118.93,462.093,72.4688,-68467.6,6180.66,382.714,11.6057
0.124978,0,0,13.3754,0.691846,-82659.3,-5119.76,462.042,72.4734,-68478.6,6179.97,382.776,11.6095
0.124988,0,0,13.3754,0.69198,-82650.1,-5120.59,461.991,72.478,-68489.7,6179.29,382.838,11.6134
0.124998,0,0,13.3754,0.692113,-82641,-5121.41,461.939,72.4827,-68500.7,6178.6,382.899,11.6172
0.125008,0,0,13.3754,0.692247,-82631.8,-5122.24,461.888,72.4873,-68511.8,6177.92,382.961,11.621
0.125018,0,0,13.3754,0.692381,-82622.7,-5123.07,461.837,72.4919,-68522.8,6177.23,383.023,11.6249
0.125028,0,0,13.3754,0.692515,-82613.5,-5123.89,461.786,72.4965,-68533.9,6176.55,383.085,11.6287
0.125038,0,0,13.3754,0.692648,-82604.3,-5124.72,461.735,72.5011,-68544.9,6175.86,383.146,11.6325
0.125048,0,0,13.3754,0.692782,-82595.2,-5125.54,461.683,72.5057,-68556,6175.18,383.208,11.6364
0.125058,0,0,13.3754,0.692916,-82586,-5126.37,461.632,72.5104,-68567,6174.49,383.27,11.6402
0.125068,0,0,13.3754,0.69305,-82576.8,-5127.2,461.581,72.515,-68578.1,6173.81,383.332,11.644
0.125078,0,0,13.3754,0.693183,-82567.7,-5128.02,461.53,72.5196,-68589.1,6173.12,383.393,11.6479
0.125088,0,0,13.3754,0.693317,-82558.5,-5128.85,461.478,72.5242,-68600.1,6172.43,383.455,11.6517
0.125098,0,0,13.3754,0.693451,-82549.3,-5129.67,461.427,72.5288,-68611.2,6171.75,383.517,11.6555
0.125108,0,0,13.3754,0.693584,-82540.1,-5130.5,461.376,72.5334,-68622.2,6171.06,383.579,11.6594
0.125118,0,0,13.3754,0.693718,-82531,-5131.32,461.324,72.538,-68633.3,6170.38,383.64,11.6632
0.125128,0,0,13.3754,0.693852,-82521.8,-5132.15,461.273,72.5427,-68644.3,6169.69,383.702,11.667
0.125138,0,0,13.3754,0.693986,-82512.6,-5132.97,461.222,72.5473,-68655.3,6169,383.764,11.6709
0.125148,0,0,13.3754,0.694119,-82503.4,-5133.8,461.17,72.5519,-68666.4,6168.32,383.825,11.6747
0.125158,0,0,13.3754,0.694253,-82494.2,-5134.62,461.119,72.5565,-68677.4,6167.63,383.887,11.6785
0.125168,0,0,13.3754,0.694387,-82485,-5135.45,461.068,72.5611,-68688.4,6166.94,383.949,11.6824
0.125178,0,0,13.3754,0.694521,-82475.8,-5136.27,461.016,72.5657,-68699.5,6166.26,384.01,11.6862
0.125188,0,0,13.3754,0.694654,-82466.7,-5137.1,460.965,72.5703,-68710.5,6165.57,384.072,11.6901
0.125198,0,0,13.3754,0.694788,-82457.5,-5137.92,460.914,72.5749,-68721.5,6164.88,384.134,11.6939
0.125208,0,0,13.3754,0.694922,-82448.3,-5138.75,460.862,72.5795,-68732.5,6164.19,384.195,11.6977
0.125218,0,0,13.3754,0.695056,-82439.1,-5139.57,460.811,72.5841,-68743.6,6163.51,384.257,11.7016
0.125228,0,0,13.3754,0.695189,-82429.9,-5140.4,460.759,72.5888,-68754.6,6162.82,384.318,11.7054
0.125238,0,0,13.3754,0.695323,-82420.7,-5141.22,460.708,72.5934,-68765.6,6162.13,384.38,11.7093
0.125248,0,0,13.3754,0.695457,-82411.5,-5142.04,460.657,72.598,-68776.6,6161.45,384.442,11.7131
0.125258,0,0,13.3754,0.69559,-82402.3,-5142.87,460.605,72.6026,-68787.7,6160.76,384.503,11.717
0.125268,0,0,13.3754,0.695724,-82393.1,-5143.69,460.554,72.6072,-68798.7,6160.07,384.565,11.7208
0.125278,0,0,13.3754,0.695858,-82383.9,-5144.52,460.502,72.6118,-68809.7,6159.38,384.627,11.7247
0.125288,0,0,13.3754,0.695992,-82374.7,-5145.34,460.451,72.6164,-68820.7,6158.69,384.688,11.7285
0.125298,0,0,13.3754,0.696125,-82365.5,-5146.16,460.4,72.621,-68831.7,6158.01,384.75,11.7323
0.125308,0,0,13.3754,0.696259,-82356.3,-5146.98,460.348,72.6256,-68842.7,6157.32,384.811,11.7362
0.125318,0,0,13.3754,0.696393,-82347.1,-5147.81,460.297,72.6302,-68853.8,6156.63,384.873,11.74
0.125328,0,0,13.3754,0.696527,-82337.9,-5148.63,460.245,72.6348,-68864.8,6155.94,384.934,11.7439
0.125338,0,0,13.3754,0.69666,-82328.7,-5149.46,460.194,72.6394,-68875.8,6155.25,384.996,11.7477
0.125348,0,0,13.3754,0.696794,-82319.4,-5150.28,460.142,72.644,-68886.8,6154.56,385.057,11.7516
0.125358,0,0,13.3754,0.696928,-82310.2,-5151.1,460.091,72.6486,-68897.8,6153.87,385.119,11.7554
0.125368,0,0,13.3754,0.697062,-82301,-5151.92,460.039,72.6532,-68908.8,6153.19,385.18,11.7593
0.125378,0,0,13.3754,0.697195,-82291.8,-5152.75,459.988,72.6578,-68919.8,6152.5,385.242,11.7631
0.125388,0,0,13.3754,0.697329,-82282.6,-5153.57,459.936,72.6624,-68930.8,6151.81,385.303,11.767
0.125398,0,0,13.3754,0.697463,-82273.4,-5154.39,459.885,72.667,-68941.8,6151.12,385.365,11.7709
0.125408,0,0,13.3754,0.697597,-82264.1,-5155.22,459.833,72.6716,-68952.8,6150.43,385.427,11.7747
0.125418,0,0,13.3754,0.69773,-82254.9,-5156.04,459.781,72.6762,-68963.8,6149.74,385.488,11.7786
0.125428,0,0,13.3754,0.697864,-82245.7,-5156.86,459.73,72.6808,-68974.8,6149.05,385.55,11.7824
0.125438,0,0,13.3754,0.697998,-82236.5,-5157.68,459.678,72.6854,-68985.8,6148.36,385.611,11.7863
0.125448,0,0,13.3754,0.698131,-82227.2,-5158.5,459.627,72.69,-68996.8,6147.67,385.672,11.7901
0.125458,0,0,13.3754,0.698265,-82218,-5159.33,459.575,72.6946,-69007.8,6146.98,385.734,11.794
0.125468,0,0,13.3754,0.698399,-82208.8,-5160.15,459.524,72.6992,-69018.8,6146.29,385.795,11.7978
0.125478,0,0,13.3754,0.698533,-82199.6,-5160.97,459.472,72.7038,-69029.8,6145.6,385.857,11.8017
0.125488,0,0,13.3754,0.698666,-82190.3,-5161.79,459.42,72.7084,-69040.8,6144.91,385.918,11.8056
0.125498,0,0,13.3754,0.6988,-82181.1,-5162.61,459.369,72.713,-69051.8,6144.22,385.98,11.8094
0.125508,0,0,13.3754,0.698934,-82171.9,-5163.44,459.317,72.7176,-69062.8,6143.53,386.041,11.8133
0.125518,0,0,13.3754,0.699068,-82162.6,-5164.26,459.266,72.7222,-69073.8,6142.84,386.103,11.8171
0.125528,0,0,13.3754,0.699201,-82153.4,-5165.08,459.214,72.7267,-69084.8,6142.15,386.164,11.821
0.125538,0,0,13.3754,0.699335,-82144.1,-5165.9,459.162,72.7313,-69095.7,6141.46,386.225,11.8249
0.125548,0,0,13.3754,0.699469,-82134.9,-5166.72,459.111,72.7359,-69106.7,6140.77,386.287,11.8287
0.125558,0,0,13.3754,0.699603,-82125.7,-5167.54,459.059,72.7405,-69117.7,6140.07,386.348,11.8326
0.125568,0,0,13.3754,0.699736,-82116.4,-5168.36,459.007,72.7451,-69128.7,6139.38,386.41,11.8365
0.125578,0,0,13.3754,0.69987,-82107.2,-5169.19,458.956,72.7497,-69139.7,6138.69,386.471,11.8403
0.125588,0,0,13.3754,0.700004,-82097.9,-5170.01,458.904,72.7543,-69150.6,6138,386.532,11.8442
0.125598,0,0,13.3754,0.700137,-82088.7,-5170.83,458.852,72.7589,-69161.6,6137.31,386.594,11.848
0.125608,0,0,13.3754,0.700271,-82079.4,-5171.65,458.8,72.7635,-69172.6,6136.62,386.655,11.8519
0.125618,0,0,13.3754,0.700405,-82070.2,-5172.47,458.749,72.7681,-69183.6,6135.93,386.716,11.8558
0.125628,0,0,13.3754,0.700539,-82060.9,-5173.29,458.697,72.7726,-69194.6,6135.23,386.778,11.8596
0.125638,0,0,13.3754,0.700672,-82051.7,-5174.11,458.645,72.7772,-69205.5,6134.54,386.839,11.8635
0.125648,0,0,13.3754,0.700806,-82042.4,-5174.93,458.594,72.7818,-69216.5,6133.85,386.9,11.8674
0.125658,0,0,13.3754,0.70094,-82033.1,-5175.75,458.542,72.7864,-69227.5,6133.16,386.962,11.8713
0.125668,0,0,13.3754,0.701074,-82023.9,-5176.57,458.49,72.791,-69238.5,6132.47,387.023,11.8751
0.125678,0,0,13.3754,0.701207,-82014.6,-5177.39,458.438,72.7956,-69249.4,6131.77,387.084,11.879
0.125688,0,0,13.3754,0.701341,-82005.4,-5178.21,458.387,72.8002,-69260.4,6131.08,387.146,11.8829
0.125698,0,0,13.3754,0.701475,-81996.1,-5179.03,458.335,72.8047,-69271.4,6130.39,387.207,11.8867
0.125708,0,0,13.3754,0.701609,-81986.8,-5179.85,458.283,72.8093,-69282.3,6129.7,387.268,11.8906
0.125718,0,0,13.3754,0.701742,-81977.6,-5180.67,458.231,72.8139,-69293.3,6129,387.33,11.8945
0.125728,0,0,13.3754,0.701876,-81968.3,-5181.49,458.179,72.8185,-69304.2,6128.31,387.391,11.8984
0.125738,0,0,13.3754,0.70201,-81959,-5182.31,458.128,72.8231,-69315.2,6127.62,387.452,11.9022
0.125748,0,0,13.3754,0.702144,-81949.8,-5183.13,458.076,72.8277,-69326.2,6126.92,387.513,11.9061
0.125758,0,0,13.3754,0.702277,-81940.5,-5183.95,458.024,72.8322,-69337.1,6126.23,387.575,11.91
0.125768,0,0,13.3754,0.702411,-81931.2,-5184.77,457.972,72.8368,-69348.1,6125.54,387.636,11.9139
0.125778,0,0,13.3754,0.702545,-81921.9,-5185.59,457.92,72.8414,-69359,6124.84,387.697,11.9177
0.125788,0,0,13.3754,0.702679,-81912.7,-5186.41,457.868,72.846,-69370,6124.15,387.758,11.9216
0.125798,0,0,13.3754,0.702812,-81903.4,-5187.22,457.816,72.8505,-69380.9,6123.46,387.82,11.9255
0.125808,0,0,13.3754,0.702946,-81894.1,-5188.04,457.765,72.8551,-69391.9,6122.76,387.881,11.9294
0.125818,0,0,13.3754,0.70308,-81884.8,-5188.86,457.713,72.8597,-69402.8,6122.07,387.942,11.9332
0.125828,0,0,13.3754,0.703213,-81875.5,-5189.68,457.661,72.8643,-69413.8,6121.38,388.003,11.9371
0.125838,0,0,13.3754,0.703347,-81866.3,-5190.5,457.609,72.8689,-69424.8,6120.68,388.065,11.941
0.125848,0,0,13.3754,0.703481,-81857,-5191.32,457.557,72.8734,-69435.7,6119.99,388.126,11.9449
0.125858,0,0,13.3754,0.703615,-81847.7,-5192.14,457.505,72.878,-69446.6,6119.29,388.187,11.9488
0.125868,0,0,13.3754,0.703748,-81838.4,-5192.95,457.453,72.8826,-69457.6,6118.6,388.248,11.9527
0.125878,0,0,13.3754,0.703882,-81829.1,-5193.77,457.401,72.8872,-69468.5,6117.9,388.309,11.9565
0.125888,0,0,13.3754,0.704016,-81819.8,-5194.59,457.349,72.8917,-69479.5,6117.21,388.37,11.9604
0.125898,0,0,13.3754,0.70415,-81810.5,-5195.41,457.297,72.8963,-69490.4,6116.51,388.432,11.9643
0.125908,0,0,13.3754,0.704283,-81801.2,-5196.23,457.245,72.9009,-69501.4,6115.82,388.493,11.9682
0.125918,0,0,13.3754,0.704417,-81791.9,-5197.04,457.194,72.9054,-69512.3,6115.12,388.554,11.9721
0.125928,0,0,13.3754,0.704551,-81782.6,-5197.86,457.142,72.91,-69523.2,6114.43,388.615,11.976
0.125938,0,0,13.3754,0.704684,-81773.3,-5198.68,457.09,72.9146,-69534.2,6113.73,388.676,11.9798
0.125948,0,0,13.3754,0.704818,-81764,-5199.5,457.038,72.9192,-69545.1,6113.04,388.737,11.9837
0.125958,0,0,13.3754,0.704952,-81754.7,-5200.31,456.986,72.9237,-69556,6112.34,388.798,11.9876
0.125968,0,0,13.3754,0.705086,-81745.4,-5201.13,456.934,72.9283,-69567,6111.65,388.859,11.9915
0.125978,0,0,13.3754,0.70522,-81736.1,-5201.95,456.882,72.9329,-69577.9,6110.95,388.921,11.9954
0.125988,0,0,13.3754,0.705353,-81726.8,-5202.77,456.83,72.9374,-69588.8,6110.26,388.982,11.9993
0.125998,0,0,13.3754,0.705487,-81717.5,-5203.58,456.778,72.942,-69599.8,6109.56,389.043,12.0032
0.126008,0,0,13.3754,0.705621,-81708.2,-5204.4,456.726,72.9466,-69610.7,6108.86,389.104,12.0071
0.126018,0,0,13.3754,0.705754,-81698.9,-5205.22,456.673,72.9511,-69621.6,6108.17,389.165,12.011
0.126028,0,0,13.3754,0.705888,-81689.6,-5206.03,456.621,72.9557,-69632.5,6107.47,389.226,12.0148
0.126038,0,0,13.3754,0.706022,-81680.3,-5206.85,456.569,72.9603,-69643.5,6106.78,389.287,12.0187
0.126048,0,0,13.3754,0.706156,-81671,-5207.67,456.517,72.9648,-69654.4,6106.08,389.348,12.0226
0.126058,0,0,13.3754,0.706289,-81661.6,-5208.48,456.465,72.9694,-69665.3,6105.38,389.409,12.0265
0.126068,0,0,13.3754,0.706423,-81652.3,-5209.3,456.413,72.974,-69676.2,6104.69,389.47,12.0304
0.126078,0,0,13.3754,0.706557,-81643,-5210.12,456.361,72.9785,-69687.2,6103.99,389.531,12.0343
0.126088,0,0,13.3754,0.706691,-81633.7,-5210.93,456.309,72.9831,-69698.1,6103.29,389.592,12.0382
0.126098,0,0,13.3754,0.706824,-81624.4,-5211.75,456.257,72.9877,-69709,6102.6,389.653,12.0421
0.126108,0,0,13.3754,0.706958,-81615,-5212.57,456.205,72.9922,-69719.9,6101.9,389.714,12.046
0.126118,0,0,13.3754,0.707092,-81605.7,-5213.38,456.153,72.9968,-69730.8,6101.2,389.775,12.0499
0.126128,0,0,13.3754,0.707226,-81596.4,-5214.2,456.1,73.0013,-69741.7,6100.5,389.836,12.0538
0.126138,0,0,13.3754,0.707359,-81587.1,-5215.01,456.048,73.0059,-69752.6,6099.81,389.897,12.0577
0.126148,0,0,13.3754,0.707493,-81577.7,-5215.83,455.996,73.0105,-69763.6,6099.11,389.958,12.0616
0.126158,0,0,13.3754,0.707627,-81568.4,-5216.65,455.944,73.015,-69774.5,6098.41,390.019,12.0655
0.126168,0,0,13.3754,0.70776,-81559.1,-5217.46,455.892,73.0196,-69785.4,6097.71,390.08,12.0694
0.126178,0,0,13.3754,0.707894,-81549.7,-5218.28,455.84,73.0242,-69796.3,6097.02,390.141,12.0733
0.126188,0,0,13.3754,0.708028,-81540.4,-5219.09,455.788,73.0287,-69807.2,6096.32,390.202,12.0772
0.126198,0,0,13.3754,0.708162,-81531.1,-5219.91,455.735,73.0333,-69818.1,6095.62,390.263,12.0811
0.126208,0,0,13.3754,0.708295,-81521.7,-5220.72,455.683,73.0378,-69829,6094.92,390.324,12.085
0.126218,0,0,13.3754,0.708429,-81512.4,-5221.54,455.631,73.0424,-69839.9,6094.22,390.385,12.0889
0.126228,0,0,13.3754,0.708563,-81503,-5222.35,455.579,73.0469,-69850.8,6093.53,390.446,12.0928
0.126238,0,0,13.3754,0.708697,-81493.7,-5223.17,455.526,73.0515,-69861.7,6092.83,390.507,12.0967
0.126248,0,0,13.3754,0.70883,-81484.4,-5223.98,455.474,73.056,-69872.6,6092.13,390.568,12.1006
0.126258,0,0,13.3754,0.708964,-81475,-5224.8,455.422,73.0606,-69883.5,6091.43,390.629,12.1045
0.126268,0,0,13.3754,0.709098,-81465.7,-5225.61,455.37,73.0651,-69894.4,6090.73,390.69,12.1084
0.126278,0,0,13.3754,0.709232,-81456.3,-5226.43,455.318,73.0697,-69905.3,6090.03,390.75,12.1123
0.126288,0,0,13.3754,0.709365,-81447,-5227.24,455.265,73.0743,-69916.2,6089.33,390.811,12.1163
0.126298,0,0,13.3754,0.709499,-81437.6,-5228.05,455.213,73.0788,-69927.1,6088.63,390.872,12.1202
0.126308,0,0,13.3754,0.709633,-81428.3,-5228.87,455.161,73.0834,-69938,6087.93,390.933,12.1241
0.126318,0,0,13.3754,0.709767,-81418.9,-5229.68,455.108,73.0879,-69948.8,6087.24,390.994,12.128
0.126328,0,0,13.3754,0.7099,-81409.6,-5230.5,455.056,73.0925,-69959.7,6086.54,391.055,12.1319
0.126338,0,0,13.3754,0.710034,-81400.2,-5231.31,455.004,73.097,-69970.6,6085.84,391.116,12.1358
0.126348,0,0,13.3754,0.710168,-81390.8,-5232.12,454.952,73.1016,-69981.5,6085.14,391.177,12.1397
0.126358,0,0,13.3754,0.710301,-81381.5,-5232.94,454.899,73.1061,-69992.4,6084.44,391.237,12.1436
0.126368,0,0,13.3754,0.710435,-81372.1,-5233.75,454.847,73.1107,-70003.3,6083.74,391.298,12.1475
0.126378,0,0,13.3754,0.710569,-81362.8,-5234.57,454.795,73.1152,-70014.2,6083.04,391.359,12.1515
0.126388,0,0,13.3754,0.710703,-81353.4,-5235.38,454.742,73.1198,-70025,6082.34,391.42,12.1554
0.126398,0,0,13.3754,0.710836,-81344,-5236.19,454.69,73.1243,-70035.9,6081.64,391.481,12.1593
0.126408,0,0,13.3754,0.71097,-81334.7,-5237.01,454.638,73.1288,-70046.8,6080.94,391.542,12.1632
0.126418,0,0,13.3754,0.711104,-81325.3,-5237.82,454.585,73.1334,-70057.7,6080.24,391.602,12.1671
0.126428,0,0,13.3754,0.711238,-81315.9,-5238.63,454.533,73.1379,-70068.5,6079.54,391.663,12.171
0.126438,0,0,13.3754,0.711371,-81306.6,-5239.44,454.48,73.1425,-70079.4,6078.84,391.724,12.1749
0.126448,0,0,13.3754,0.711505,-81297.2,-5240.26,454.428,73.147,-70090.3,6078.13,391.785,12.1789
0.126458,0,0,13.3754,0.711639,-81287.8,-5241.07,454.376,73.1516,-70101.2,6077.43,391.845,12.1828
0.126468,0,0,13.3754,0.711773,-81278.4,-5241.88,454.323,73.1561,-70112,6076.73,391.906,12.1867
0.126478,0,0,13.3754,0.711906,-81269.1,-5242.7,454.271,73.1607,-70122.9,6076.03,391.967,12.1906
0.126488,0,0,13.3754,0.71204,-81259.7,-5243.51,454.218,73.1652,-70133.8,6075.33,392.028,12.1945
0.126498,0,0,13.3754,0.712174,-81250.3,-5244.32,454.166,73.1697,-70144.6,6074.63,392.088,12.1985
0.126508,0,0,13.3754,0.712307,-81240.9,-5245.13,454.113,73.1743,-70155.5,6073.93,392.149,12.2024
0.126518,0,0,13.3754,0.712441,-81231.5,-5245.94,454.061,73.1788,-70166.4,6073.23,392.21,12.2063
0.126528,0,0,13.3754,0.712575,-81222.1,-5246.76,454.009,73.1834,-70177.2,6072.52,392.271,12.2102
0.126538,0,0,13.3754,0.712709,-81212.8,-5247.57,453.956,73.1879,-70188.1,6071.82,392.331,12.2141
0.126548,0,0,13.3754,0.712842,-81203.4,-5248.38,453.904,73.1924,-70198.9,6071.12,392.392,12.2181
0.126558,0,0,13.3754,0.712976,-81194,-5249.19,453.851,73.197,-70209.8,6070.42,392.453,12.222
0.126568,0,0,13.3754,0.71311,-81184.6,-5250.01,453.799,73.2015,-70220.7,6069.72,392.513,12.2259
0.126578,0,0,13.3754,0.713244,-81175.2,-5250.82,453.746,73.2061,-70231.5,6069.01,392.574,12.2298
0.126588,0,0,13.3754,0.713377,-81165.8,-5251.63,453.694,73.2106,-70242.4,6068.31,392.635,12.2338
0.126598,0,0,13.3754,0.713511,-81156.4,-5252.44,453.641,73.2151,-70253.2,6067.61,392.695,12.2377
0.126608,0,0,13.3754,0.713645,-81147,-5253.25,453.589,73.2197,-70264.1,6066.91,392.756,12.2416
0.126618,0,0,13.3754,0.713779,-81137.6,-5254.06,453.536,73.2242,-70274.9,6066.2,392.817,12.2456
0.126628,0,0,13.3754,0.713912,-81128.2,-5254.87,453.484,73.2287,-70285.8,6065.5,392.877,12.2495
0.126638,0,0,13.3754,0.714046,-81118.8,-5255.69,453.431,73.2333,-70296.6,6064.8,392.938,12.2534
0.126648,0,0,13.3754,0.71418,-81109.4,-5256.5,453.378,73.2378,-70307.5,6064.1,392.999,12.2573
0.126658,0,0,13.3754,0.714314,-81100,-5257.31,453.326,73.2423,-70318.3,6063.39,393.059,12.2613
0.126668,0,0,13.3754,0.714447,-81090.6,-5258.12,453.273,73.2469,-70329.2,6062.69,393.12,12.2652
0.126678,0,0,13.3754,0.714581,-81081.2,-5258.93,453.221,73.2514,-70340,6061.99,393.181,12.2691
0.126688,0,0,13.3754,0.714715,-81071.8,-5259.74,453.168,73.2559,-70350.9,6061.28,393.241,12.2731
0.126698,0,0,13.3754,0.714848,-81062.4,-5260.55,453.116,73.2605,-70361.7,6060.58,393.302,12.277
0.126708,0,0,13.3754,0.714982,-81053,-5261.36,453.063,73.265,-70372.5,6059.88,393.362,12.2809
0.126718,0,0,13.3754,0.715116,-81043.6,-5262.17,453.01,73.2695,-70383.4,6059.17,393.423,12.2849
0.126728,0,0,13.3754,0.71525,-81034.2,-5262.98,452.958,73.2741,-70394.2,6058.47,393.484,12.2888
0.126738,0,0,13.3754,0.715383,-81024.7,-5263.79,452.905,73.2786,-70405.1,6057.77,393.544,12.2927
0.126748,0,0,13.3754,0.715517,-81015.3,-5264.6,452.852,73.2831,-70415.9,6057.06,393.605,12.2967
0.126758,0,0,13.3754,0.715651,-81005.9,-5265.41,452.8,73.2877,-70426.7,6056.36,393.665,12.3006
0.126768,0,0,13.3754,0.715785,-80996.5,-5266.22,452.747,73.2922,-70437.6,6055.65,393.726,12.3045
0.126778,0,0,13.3754,0.715918,-80987.1,-5267.03,452.695,73.2967,-70448.4,6054.95,393.786,12.3085
0.126788,0,0,13.3754,0.716052,-80977.6,-5267.84,452.642,73.3012,-70459.2,6054.24,393.847,12.3124
0.126798,0,0,13.3754,0.716186,-80968.2,-5268.65,452.589,73.3058,-70470.1,6053.54,393.907,12.3164
0.126808,0,0,13.3754,0.71632,-80958.8,-5269.46,452.536,73.3103,-70480.9,6052.83,393.968,12.3203
0.126818,0,0,13.3754,0.716453,-80949.4,-5270.27,452.484,73.3148,-70491.7,6052.13,394.028,12.3242
0.126828,0,0,13.3754,0.716587,-80939.9,-5271.08,452.431,73.3193,-70502.5,6051.43,394.089,12.3282
0.126838,0,0,13.3754,0.716721,-80930.5,-5271.89,452.378,73.3239,-70513.4,6050.72,394.149,12.3321
0.126848,0,0,13.3754,0.716855,-80921.1,-5272.7,452.326,73.3284,-70524.2,6050.01,394.21,12.3361
0.126858,0,0,13.3754,0.716988,-80911.6,-5273.51,452.273,73.3329,-70535,6049.31,394.27,12.34
0.126868,0,0,13.3754,0.717122,-80902.2,-5274.31,452.22,73.3374,-70545.8,6048.6,394.331,12.3439
0.126878,0,0,13.3754,0.717256,-80892.8,-5275.12,452.167,73.3419,-70556.6,6047.9,394.391,12.3479
0.126888,0,0,13.3754,0.717389,-80883.3,-5275.93,452.115,73.3465,-70567.5,6047.19,394.452,12.3518
0.126898,0,0,13.3754,0.717523,-80873.9,-5276.74,452.062,73.351,-70578.3,6046.49,394.512,12.3558
0.126908,0,0,13.3754,0.717657,-80864.5,-5277.55,452.009,73.3555,-70589.1,6045.78,394.573,12.3597
0.126918,0,0,13.3754,0.717791,-80855,-5278.36,451.956,73.36,-70599.9,6045.08,394.633,12.3637
0.126928,0,0,13.3754,0.717924,-80845.6,-5279.17,451.904,73.3645,-70610.7,6044.37,394.694,12.3676
0.126938,0,0,13.3754,0.718058,-80836.1,-5279.98,451.851,73.3691,-70621.5,6043.66,394.754,12.3716
0.126948,0,0,13.3754,0.718192,-80826.7,-5280.78,451.798,73.3736,-70632.3,6042.96,394.815,12.3755
0.126958,0,0,13.3754,0.718326,-80817.2,-5281.59,451.745,73.3781,-70643.1,6042.25,394.875,12.3795
0.126968,0,0,13.3754,0.718459,-80807.8,-5282.4,451.692,73.3826,-70654,6041.55,394.935,12.3834
0.126978,0,0,13.3754,0.718593,-80798.3,-5283.21,451.64,73.3871,-70664.8,6040.84,394.996,12.3874
0.126988,0,0,13.3754,0.718727,-80788.9,-5284.02,451.587,73.3916,-70675.6,6040.13,395.056,12.3913
0.126998,0,0,13.3754,0.718861,-80779.4,-5284.82,451.534,73.3962,-70686.4,6039.43,395.117,12.3953
0.127008,0,0,13.3754,0.718994,-80770,-5285.63,451.481,73.4007,-70697.2,6038.72,395.177,12.3992
0.127018,0,0,13.3754,0.719128,-80760.5,-5286.44,451.428,73.4052,-70708,6038.01,395.237,12.4032
0.127028,0,0,13.3754,0.719262,-80751.1,-5287.25,451.375,73.4097,-70718.8,6037.3,395.298,12.4071
0.127038,0,0,13.3754,0.719395,-80741.6,-5288.05,451.323,73.4142,-70729.6,6036.6,395.358,12.4111
0.127048,0,0,13.3754,0.719529,-80732.2,-5288.86,451.27,73.4187,-70740.4,6035.89,395.418,12.415
0.127058,0,0,13.3754,0.719663,-80722.7,-5289.67,451.217,73.4233,-70751.2,6035.18,395.479,12.419
0.127068,0,0,13.3754,0.719797,-80713.2,-5290.47,451.164,73.4278,-70762,6034.48,395.539,12.4229
0.127078,0,0,13.3754,0.71993,-80703.8,-5291.28,451.111,73.4323,-70772.8,6033.77,395.599,12.4269
0.127088,0,0,13.3754,0.720064,-80694.3,-5292.09,451.058,73.4368,-70783.5,6033.06,395.66,12.4308
0.127098,0,0,13.3754,0.720198,-80684.8,-5292.9,451.005,73.4413,-70794.3,6032.35,395.72,12.4348
0.127108,0,0,13.3754,0.720332,-80675.4,-5293.7,450.952,73.4458,-70805.1,6031.64,395.78,12.4388
0.127118,0,0,13.3754,0.720465,-80665.9,-5294.51,450.899,73.4503,-70815.9,6030.94,395.841,12.4427
0.127128,0,0,13.3754,0.720599,-80656.4,-5295.32,450.846,73.4548,-70826.7,6030.23,395.901,12.4467
0.127138,0,0,13.3754,0.720733,-80647,-5296.12,450.793,73.4593,-70837.5,6029.52,395.961,12.4506
0.127148,0,0,13.3754,0.720867,-80637.5,-5296.93,450.74,73.4638,-70848.3,6028.81,396.022,12.4546
0.127158,0,0,13.3754,0.721,-80628,-5297.73,450.687,73.4683,-70859.1,6028.1,396.082,12.4586
0.127168,0,0,13.3754,0.721134,-80618.5,-5298.54,450.634,73.4729,-70869.8,6027.39,396.142,12.4625
0.127178,0,0,13.3754,0.721268,-80609.1,-5299.35,450.582,73.4774,-70880.6,6026.69,396.202,12.4665
0.127188,0,0,13.3754,0.721402,-80599.6,-5300.15,450.529,73.4819,-70891.4,6025.98,396.263,12.4704
0.127198,0,0,13.3754,0.721535,-80590.1,-5300.96,450.475,73.4864,-70902.2,6025.27,396.323,12.4744
0.127208,0,0,13.3754,0.721669,-80580.6,-5301.76,450.423,73.4909,-70913,6024.56,396.383,12.4784
0.127218,0,0,13.3754,0.721803,-80571.1,-5302.57,450.37,73.4954,-70923.7,6023.85,396.443,12.4823
0.127228,0,0,13.3754,0.721936,-80561.6,-5303.38,450.316,73.4999,-70934.5,6023.14,396.504,12.4863
0.127238,0,0,13.3754,0.72207,-80552.1,-5304.18,450.263,73.5044,-70945.3,6022.43,396.564,12.4903
0.127248,0,0,13.3754,0.722204,-80542.7,-5304.99,450.21,73.5089,-70956,6021.72,396.624,12.4942
0.127258,0,0,13.3754,0.722338,-80533.2,-5305.79,450.157,73.5134,-70966.8,6021.01,396.684,12.4982
0.127268,0,0,13.3754,0.722471,-80523.7,-5306.6,450.104,73.5179,-70977.6,6020.3,396.744,12.5022
0.127278,0,0,13.3754,0.722605,-80514.2,-5307.4,450.051,73.5224,-70988.4,6019.59,396.805,12.5061
0.127288,0,0,13.3754,0.722739,-80504.7,-5308.21,449.998,73.5269,-70999.1,6018.88,396.865,12.5101
0.127298,0,0,13.3754,0.722873,-80495.2,-5309.01,449.945,73.5314,-71009.9,6018.17,396.925,12.5141
0.127308,0,0,13.3754,0.723006,-80485.7,-5309.82,449.892,73.5359,-71020.7,6017.46,396.985,12.518
0.127318,0,0,13.3754,0.72314,-80476.2,-5310.62,449.839,73.5404,-71031.4,6016.75,397.045,12.522
0.127328,0,0,13.3754,0.723274,-80466.7,-5311.42,449.786,73.5449,-71042.2,6016.04,397.105,12.526
0.127338,0,0,13.3754,0.723408,-80457.2,-5312.23,449.733,73.5494,-71052.9,6015.33,397.166,12.5299
0.127348,0,0,13.3754,0.723541,-80447.7,-5313.03,449.68,73.5539,-71063.7,6014.62,397.226,12.5339
0.127358,0,0,13.3754,0.723675,-80438.2,-5313.84,449.626,73.5584,-71074.5,6013.91,397.286,12.5379
0.127368,0,0,13.3754,0.723809,-80428.7,-5314.64,449.573,73.5629,-71085.2,6013.2,397.346,12.5419
0.127378,0,0,13.3754,0.723943,-80419.2,-5315.45,449.52,73.5674,-71096,6012.49,397.406,12.5458
0.127388,0,0,13.3754,0.724076,-80409.7,-5316.25,449.467,73.5719,-71106.7,6011.78,397.466,12.5498
0.127398,0,0,13.3754,0.72421,-80400.2,-5317.05,449.414,73.5764,-71117.5,6011.07,397.526,12.5538
0.127408,0,0,13.3754,0.724344,-80390.6,-5317.86,449.361,73.5808,-71128.2,6010.36,397.586,12.5578
0.127418,0,0,13.3754,0.724477,-80381.1,-5318.66,449.308,73.5853,-71139,6009.65,397.647,12.5617
0.127428,0,0,13.3754,0.724611,-80371.6,-5319.47,449.254,73.5898,-71149.7,6008.93,397.707,12.5657
0.127438,0,0,13.3754,0.724745,-80362.1,-5320.27,449.201,73.5943,-71160.5,6008.22,397.767,12.5697
0.127448,0,0,13.3754,0.724879,-80352.6,-5321.07,449.148,73.5988,-71171.2,6007.51,397.827,12.5737
0.127458,0,0,13.3754,0.725012,-80343.1,-5321.88,449.095,73.6033,-71182,6006.8,397.887,12.5777
0.127468,0,0,13.3754,0.725146,-80333.5,-5322.68,449.042,73.6078,-71192.7,6006.09,397.947,12.5816
0.127478,0,0,13.3754,0.72528,-80324,-5323.48,448.988,73.6123,-71203.5,6005.38,398.007,12.5856
0.127488,0,0,13.3754,0.725414,-80314.5,-5324.29,448.935,73.6168,-71214.2,6004.66,398.067,12.5896
0.127498,0,0,13.3754,0.725547,-80305,-5325.09,448.882,73.6213,-71224.9,6003.95,398.127,12.5936
0.127508,0,0,13.3754,0.725681,-80295.4,-5325.89,448.829,73.6258,-71235.7,6003.24,398.187,12.5976
0.127518,0,0,13.3754,0.725815,-80285.9,-5326.69,448.775,73.6302,-71246.4,6002.53,398.247,12.6015
0.127528,0,0,13.3754,0.725949,-80276.4,-5327.5,448.722,73.6347,-71257.1,6001.82,398.307,12.6055
0.127538,0,0,13.3754,0.726082,-80266.9,-5328.3,448.669,73.6392,-71267.9,6001.1,398.367,12.6095
0.127548,0,0,13.3754,0.726216,-80257.3,-5329.1,448.615,73.6437,-71278.6,6000.39,398.427,12.6135
0.127558,0,0,13.3754,0.72635,-80247.8,-5329.9,448.562,73.6482,-71289.4,5999.68,398.487,12.6175
0.127568,0,0,13.3754,0.726483,-80238.3,-5330.71,448.509,73.6527,-71300.1,5998.96,398.547,12.6215
0.127578,0,0,13.3754,0.726617,-80228.7,-5331.51,448.456,73.6572,-71310.8,5998.25,398.607,12.6254
0.127588,0,0,13.3754,0.726751,-80219.2,-5332.31,448.402,73.6617,-71321.5,5997.54,398.667,12.6294
0.127598,0,0,13.3754,0.726885,-80209.6,-5333.11,448.349,73.6661,-71332.3,5996.83,398.727,12.6334
0.127608,0,0,13.3754,0.727018,-80200.1,-5333.92,448.296,73.6706,-71343,5996.11,398.787,12.6374
0.127618,0,0,13.3754,0.727152,-80190.6,-5334.72,448.242,73.6751,-71353.7,5995.4,398.847,12.6414
0.127628,0,0,13.3754,0.727286,-80181,-5335.52,448.189,73.6796,-71364.4,5994.69,398.907,12.6454
0.127638,0,0,13.3754,0.72742,-80171.5,-5336.32,448.136,73.6841,-71375.2,5993.97,398.967,12.6494
0.127648,0,0,13.3754,0.727553,-80161.9,-5337.12,448.082,73.6885,-71385.9,5993.26,399.027,12.6534
0.127658,0,0,13.3754,0.727687,-80152.4,-5337.92,448.029,73.693,-71396.6,5992.54,399.087,12.6573
0.127668,0,0,13.3754,0.727821,-80142.8,-5338.72,447.975,73.6975,-71407.3,5991.83,399.146,12.6613
0.127678,0,0,13.3754,0.727955,-80133.3,-5339.53,447.922,73.702,-71418,5991.12,399.206,12.6653
0.127688,0,0,13.3754,0.728088,-80123.7,-5340.33,447.869,73.7065,-71428.8,5990.4,399.266,12.6693
0.127698,0,0,13.3754,0.728222,-80114.2,-5341.13,447.815,73.7109,-71439.5,5989.69,399.326,12.6733
0.127708,0,0,13.3754,0.728356,-80104.6,-5341.93,447.762,73.7154,-71450.2,5988.97,399.386,12.6773
0.127718,0,0,13.3754,0.72849,-80095.1,-5342.73,447.708,73.7199,-71460.9,5988.26,399.446,12.6813
0.127728,0,0,13.3754,0.728623,-80085.5,-5343.53,447.655,73.7244,-71471.6,5987.54,399.506,12.6853
0.127738,0,0,13.3754,0.728757,-80076,-5344.33,447.602,73.7289,-71482.3,5986.83,399.566,12.6893
0.127748,0,0,13.3754,0.728891,-80066.4,-5345.13,447.548,73.7333,-71493,5986.11,399.626,12.6933
0.127758,0,0,13.3754,0.729024,-80056.8,-5345.93,447.495,73.7378,-71503.7,5985.4,399.685,12.6973
0.127768,0,0,13.3754,0.729158,-80047.3,-5346.73,447.441,73.7423,-71514.4,5984.69,399.745,12.7013
0.127778,0,0,13.3754,0.729292,-80037.7,-5347.53,447.388,73.7468,-71525.1,5983.97,399.805,12.7053
0.127788,0,0,13.3754,0.729426,-80028.1,-5348.33,447.334,73.7512,-71535.9,5983.25,399.865,12.7093
0.127798,0,0,13.3754,0.729559,-80018.6,-5349.13,447.281,73.7557,-71546.6,5982.54,399.925,12.7133
0.127808,0,0,13.3754,0.729693,-80009,-5349.93,447.227,73.7602,-71557.2,5981.82,399.985,12.7173
0.127818,0,0,13.3754,0.729827,-79999.4,-5350.73,447.174,73.7646,-71568,5981.11,400.044,12.7213
0.127828,0,0,13.3754,0.729961,-79989.9,-5351.53,447.12,73.7691,-71578.7,5980.39,400.104,12.7253
0.127838,0,0,13.3754,0.730094,-79980.3,-5352.33,447.067,73.7736,-71589.3,5979.68,400.164,12.7293
0.127848,0,0,13.3754,0.730228,-79970.7,-5353.13,447.013,73.7781,-71600,5978.96,400.224,12.7333
0.127858,0,0,13.3754,0.730362,-79961.1,-5353.93,446.96,73.7825,-71610.7,5978.25,400.284,12.7373
0.127868,0,0,13.3754,0.730496,-79951.6,-5354.73,446.906,73.787,-71621.4,5977.53,400.343,12.7413
0.127878,0,0,13.3754,0.730629,-79942,-5355.53,446.853,73.7915,-71632.1,5976.81,400.403,12.7453
0.127888,0,0,13.3754,0.730763,-79932.4,-5356.33,446.799,73.7959,-71642.8,5976.1,400.463,12.7493
0.127898,0,0,13.3754,0.730897,-79922.8,-5357.13,446.746,73.8004,-71653.5,5975.38,400.523,12.7533
0.127908,0,0,13.3754,0.73103,-79913.2,-5357.93,446.692,73.8049,-71664.2,5974.66,400.582,12.7573
0.127918,0,0,13.3754,0.731164,-79903.6,-5358.73,446.639,73.8093,-71674.9,5973.95,400.642,12.7613
0.127928,0,0,13.3754,0.731298,-79894.1,-5359.53,446.585,73.8138,-71685.6,5973.23,400.702,12.7653
0.127938,0,0,13.3754,0.731432,-79884.5,-5360.33,446.531,73.8183,-71696.2,5972.51,400.762,12.7693
0.127948,0,0,13.3754,0.731565,-79874.9,-5361.12,446.478,73.8227,-71706.9,5971.8,400.821,12.7733
0.127958,0,0,13.3754,0.731699,-79865.3,-5361.92,446.424,73.8272,-71717.6,5971.08,400.881,12.7773
0.127968,0,0,13.3754,0.731833,-79855.7,-5362.72,446.371,73.8317,-71728.3,5970.36,400.941,12.7814
0.127978,0,0,13.3754,0.731967,-79846.1,-5363.52,446.317,73.8361,-71739,5969.65,401,12.7854
0.127988,0,0,13.3754,0.7321,-79836.5,-5364.32,446.263,73.8406,-71749.6,5968.93,401.06,12.7894
0.127998,0,0,13.3754,0.732234,-79826.9,-5365.12,446.21,73.845,-71760.3,5968.21,401.12,12.7934
0.128008,0,0,13.3754,0.732368,-79817.3,-5365.92,446.156,73.8495,-71771,5967.49,401.179,12.7974
0.128018,0,0,13.3754,0.732502,-79807.7,-5366.71,446.102,73.854,-71781.7,5966.78,401.239,12.8014
0.128028,0,0,13.3754,0.732635,-79798.1,-5367.51,446.049,73.8584,-71792.4,5966.06,401.299,12.8054
0.128038,0,0,13.3754,0.732769,-79788.5,-5368.31,445.995,73.8629,-71803,5965.34,401.358,12.8094
0.128048,0,0,13.3754,0.732903,-79778.9,-5369.11,445.941,73.8674,-71813.7,5964.62,401.418,12.8134
0.128058,0,0,13.3754,0.733037,-79769.3,-5369.9,445.888,73.8718,-71824.4,5963.9,401.478,12.8175
0.128068,0,0,13.3754,0.73317,-79759.7,-5370.7,445.834,73.8763,-71835,5963.19,401.537,12.8215
0.128078,0,0,13.3754,0.733304,-79750.1,-5371.5,445.78,73.8807,-71845.7,5962.47,401.597,12.8255
0.128088,0,0,13.3754,0.733438,-79740.5,-5372.3,445.727,73.8852,-71856.4,5961.75,401.656,12.8295
0.128098,0,0,13.3754,0.733571,-79730.9,-5373.09,445.673,73.8896,-71867,5961.03,401.716,12.8335
0.128108,0,0,13.3754,0.733705,-79721.3,-5373.89,445.619,73.8941,-71877.7,5960.31,401.776,12.8375
0.128118,0,0,13.3754,0.733839,-79711.6,-5374.69,445.565,73.8986,-71888.3,5959.59,401.835,12.8416
0.128128,0,0,13.3754,0.733973,-79702,-5375.48,445.512,73.903,-71899,5958.87,401.895,12.8456
0.128138,0,0,13.3754,0.734106,-79692.4,-5376.28,445.458,73.9075,-71909.7,5958.15,401.954,12.8496
0.128148,0,0,13.3754,0.73424,-79682.8,-5377.08,445.404,73.9119,-71920.3,5957.44,402.014,12.8536
0.128158,0,0,13.3754,0.734374,-79673.2,-5377.88,445.35,73.9164,-71931,5956.72,402.074,12.8576
0.128168,0,0,13.3754,0.734508,-79663.6,-5378.67,445.297,73.9208,-71941.6,5956,402.133,12.8617
0.128178,0,0,13.3754,0.734641,-79653.9,-5379.47,445.243,73.9253,-71952.3,5955.28,402.193,12.8657
0.128188,0,0,13.3754,0.734775,-79644.3,-5380.26,445.189,73.9297,-71962.9,5954.56,402.252,12.8697
0.128198,0,0,13.3754,0.734909,-79634.7,-5381.06,445.135,73.9342,-71973.6,5953.84,402.312,12.8737
0.128208,0,0,13.3754,0.735043,-79625.1,-5381.86,445.081,73.9386,-71984.2,5953.12,402.371,12.8777
0.128218,0,0,13.3754,0.735176,-79615.4,-5382.65,445.027,73.9431,-71994.9,5952.4,402.431,12.8818
0.128228,0,0,13.3754,0.73531,-79605.8,-5383.45,444.974,73.9475,-72005.5,5951.68,402.49,12.8858
0.128238,0,0,13.3754,0.735444,-79596.2,-5384.25,444.92,73.952,-72016.2,5950.96,402.55,12.8898
0.128248,0,0,13.3754,0.735578,-79586.5,-5385.04,444.866,73.9564,-72026.8,5950.24,402.609,12.8938
0.128258,0,0,13.3754,0.735711,-79576.9,-5385.84,444.812,73.9609,-72037.5,5949.52,402.669,12.8979
0.128268,0,0,13.3754,0.735845,-79567.3,-5386.63,444.758,73.9653,-72048.1,5948.8,402.728,12.9019
0.128278,0,0,13.3754,0.735979,-79557.6,-5387.43,444.704,73.9698,-72058.7,5948.08,402.788,12.9059
0.128288,0,0,13.3754,0.736112,-79548,-5388.22,444.651,73.9742,-72069.4,5947.36,402.847,12.91
0.128298,0,0,13.3754,0.736246,-79538.4,-5389.02,444.597,73.9787,-72080,5946.64,402.907,12.914
0.128308,0,0,13.3754,0.73638,-79528.7,-5389.81,444.543,73.9831,-72090.6,5945.92,402.966,12.918
0.128318,0,0,13.3754,0.736514,-79519.1,-5390.61,444.489,73.9876,-72101.3,5945.2,403.026,12.922
0.128328,0,0,13.3754,0.736647,-79509.4,-5391.4,444.435,73.992,-72111.9,5944.48,403.085,12.9261
0.128338,0,0,13.3754,0.736781,-79499.8,-5392.2,444.381,73.9965,-72122.5,5943.75,403.144,12.9301
0.128348,0,0,13.3754,0.736915,-79490.2,-5392.99,444.327,74.0009,-72133.2,5943.03,403.204,12.9341
0.128358,0,0,13.3754,0.737049,-79480.5,-5393.79,444.273,74.0053,-72143.8,5942.31,403.263,12.9382
0.128368,0,0,13.3754,0.737182,-79470.9,-5394.58,444.219,74.0098,-72154.4,5941.59,403.323,12.9422
0.128378,0,0,13.3754,0.737316,-79461.2,-5395.38,444.165,74.0142,-72165.1,5940.87,403.382,12.9462
0.128388,0,0,13.3754,0.73745,-79451.6,-5396.17,444.111,74.0187,-72175.7,5940.15,403.441,12.9503
0.128398,0,0,13.3754,0.737584,-79441.9,-5396.97,444.057,74.0231,-72186.3,5939.42,403.501,12.9543
0.128408,0,0,13.3754,0.737717,-79432.2,-5397.76,444.004,74.0275,-72197,5938.7,403.56,12.9583
0.128418,0,0,13.3754,0.737851,-79422.6,-5398.55,443.95,74.032,-72207.6,5937.98,403.62,12.9624
0.128428,0,0,13.3754,0.737985,-79412.9,-5399.35,443.896,74.0364,-72218.2,5937.26,403.679,12.9664
0.128438,0,0,13.3754,0.738119,-79403.3,-5400.14,443.842,74.0409,-72228.8,5936.54,403.738,12.9705
0.128448,0,0,13.3754,0.738252,-79393.6,-5400.94,443.788,74.0453,-72239.4,5935.81,403.798,12.9745
0.128458,0,0,13.3754,0.738386,-79383.9,-5401.73,443.734,74.0497,-72250,5935.09,403.857,12.9785
0.128468,0,0,13.3754,0.73852,-79374.3,-5402.52,443.68,74.0542,-72260.7,5934.37,403.916,12.9826
0.128478,0,0,13.3754,0.738653,-79364.6,-5403.32,443.626,74.0586,-72271.3,5933.65,403.976,12.9866
0.128488,0,0,13.3754,0.738787,-79355,-5404.11,443.572,74.063,-72281.9,5932.92,404.035,12.9906
0.128498,0,0,13.3754,0.738921,-79345.3,-5404.9,443.517,74.0675,-72292.5,5932.2,404.094,12.9947
0.128508,0,0,13.3754,0.739055,-79335.6,-5405.7,443.463,74.0719,-72303.1,5931.48,404.154,12.9987
0.128518,0,0,13.3754,0.739188,-79326,-5406.49,443.409,74.0763,-72313.7,5930.76,404.213,13.0028
0.128528,0,0,13.3754,0.739322,-79316.3,-5407.28,443.355,74.0808,-72324.3,5930.03,404.272,13.0068
0.128538,0,0,13.3754,0.739456,-79306.6,-5408.08,443.301,74.0852,-72334.9,5929.31,404.332,13.0109
0.128548,0,0,13.3754,0.73959,-79296.9,-5408.87,443.247,74.0896,-72345.5,5928.59,404.391,13.0149
0.128558,0,0,13.3754,0.739723,-79287.3,-5409.66,443.193,74.0941,-72356.1,5927.86,404.45,13.0189
0.128568,0,0,13.3754,0.739857,-79277.6,-5410.46,443.139,74.0985,-72366.8,5927.14,404.509,13.023
0.128578,0,0,13.3754,0.739991,-79267.9,-5411.25,443.085,74.1029,-72377.3,5926.42,404.569,13.027
0.128588,0,0,13.3754,0.740125,-79258.2,-5412.04,443.031,74.1074,-72388,5925.69,404.628,13.0311
0.128598,0,0,13.3754,0.740258,-79248.5,-5412.83,442.977,74.1118,-72398.5,5924.97,404.687,13.0351
0.128608,0,0,13.3754,0.740392,-79238.9,-5413.62,442.923,74.1162,-72409.1,5924.24,404.746,13.0392
0.128618,0,0,13.3754,0.740526,-79229.2,-5414.42,442.868,74.1207,-72419.7,5923.52,404.806,13.0432
0.128628,0,0,13.3754,0.740659,-79219.5,-5415.21,442.814,74.1251,-72430.3,5922.8,404.865,13.0473
0.128638,0,0,13.3754,0.740793,-79209.8,-5416,442.76,74.1295,-72440.9,5922.07,404.924,13.0513
0.128648,0,0,13.3754,0.740927,-79200.1,-5416.79,442.706,74.1339,-72451.5,5921.35,404.983,13.0554
0.128658,0,0,13.3754,0.741061,-79190.4,-5417.59,442.652,74.1384,-72462.1,5920.62,405.042,13.0594
0.128668,0,0,13.3754,0.741194,-79180.7,-5418.38,442.598,74.1428,-72472.7,5919.9,405.102,13.0635
0.128678,0,0,13.3754,0.741328,-79171,-5419.17,442.543,74.1472,-72483.3,5919.17,405.161,13.0675
0.128688,0,0,13.3754,0.741462,-79161.3,-5419.96,442.489,74.1516,-72493.9,5918.45,405.22,13.0716
0.128698,0,0,13.3754,0.741596,-79151.6,-5420.75,442.435,74.1561,-72504.5,5917.72,405.279,13.0756
0.128708,0,0,13.3754,0.741729,-79141.9,-5421.54,442.381,74.1605,-72515.1,5917,405.338,13.0797
0.128718,0,0,13.3754,0.741863,-79132.2,-5422.33,442.327,74.1649,-72525.6,5916.27,405.398,13.0837
0.128728,0,0,13.3754,0.741997,-79122.5,-5423.13,442.272,74.1693,-72536.2,5915.55,405.457,13.0878
0.128738,0,0,13.3754,0.742131,-79112.9,-5423.92,442.218,74.1738,-72546.8,5914.82,405.516,13.0918
0.128748,0,0,13.3754,0.742264,-79103.1,-5424.71,442.164,74.1782,-72557.4,5914.1,405.575,13.0959
0.128758,0,0,13.3754,0.742398,-79093.4,-5425.5,442.11,74.1826,-72568,5913.37,405.634,13.0999
0.128768,0,0,13.3754,0.742532,-79083.7,-5426.29,442.055,74.187,-72578.5,5912.65,405.693,13.104
0.128778,0,0,13.3754,0.742666,-79074,-5427.08,442.001,74.1915,-72589.1,5911.92,405.752,13.1081
0.128788,0,0,13.3754,0.742799,-79064.3,-5427.87,441.947,74.1959,-72599.7,5911.2,405.811,13.1121
0.128798,0,0,13.3754,0.742933,-79054.6,-5428.66,441.893,74.2003,-72610.2,5910.47,405.871,13.1162
0.128808,0,0,13.3754,0.743067,-79044.9,-5429.45,441.838,74.2047,-72620.8,5909.74,405.93,13.1202
0.128818,0,0,13.3754,0.7432,-79035.2,-5430.24,441.784,74.2091,-72631.4,5909.02,405.989,13.1243
0.128828,0,0,13.3754,0.743334,-79025.5,-5431.03,441.73,74.2135,-72642,5908.29,406.048,13.1284
0.128838,0,0,13.3754,0.743468,-79015.8,-5431.82,441.675,74.218,-72652.5,5907.56,406.107,13.1324
0.128848,0,0,13.3754,0.743602,-79006,-5432.61,441.621,74.2224,-72663.1,5906.84,406.166,13.1365
0.128858,0,0,13.3754,0.743735,-78996.3,-5433.4,441.567,74.2268,-72673.7,5906.11,406.225,13.1405
0.128868,0,0,13.3754,0.743869,-78986.6,-5434.19,441.512,74.2312,-72684.2,5905.38,406.284,13.1446
0.128878,0,0,13.3754,0.744003,-78976.9,-5434.98,441.458,74.2356,-72694.8,5904.66,406.343,13.1487
0.128888,0,0,13.3754,0.744137,-78967.1,-5435.77,441.404,74.2401,-72705.4,5903.93,406.402,13.1527
0.128898,0,0,13.3754,0.74427,-78957.4,-5436.56,441.349,74.2445,-72715.9,5903.2,406.461,13.1568
0.128908,0,0,13.3754,0.744404,-78947.7,-5437.35,441.295,74.2489,-72726.5,5902.48,406.52,13.1609
0.128918,0,0,13.3754,0.744538,-78938,-5438.14,441.241,74.2533,-72737,5901.75,406.579,13.1649
0.128928,0,0,13.3754,0.744672,-78928.2,-5438.93,441.186,74.2577,-72747.6,5901.02,406.638,13.169
0.128938,0,0,13.3754,0.744805,-78918.5,-5439.72,441.132,74.2621,-72758.1,5900.29,406.697,13.1731
0.128948,0,0,13.3754,0.744939,-78908.8,-5440.51,441.078,74.2665,-72768.7,5899.57,406.756,13.1771
0.128958,0,0,13.3754,0.745073,-78899.1,-5441.3,441.023,74.2709,-72779.3,5898.84,406.815,13.1812
0.128968,0,0,13.3754,0.745206,-78889.3,-5442.08,440.969,74.2753,-72789.8,5898.11,406.874,13.1853
0.128978,0,0,13.3754,0.74534,-78879.6,-5442.87,440.914,74.2797,-72800.4,5897.38,406.933,13.1893
0.128988,0,0,13.3754,0.745474,-78869.9,-5443.66,440.86,74.2842,-72810.9,5896.66,406.992,13.1934
0.128998,0,0,13.3754,0.745608,-78860.1,-5444.45,440.805,74.2886,-72821.4,5895.93,407.051,13.1975
0.129008,0,0,13.3754,0.745741,-78850.4,-5445.24,440.751,74.293,-72832,5895.2,407.11,13.2015
0.129018,0,0,13.3754,0.745875,-78840.6,-5446.03,440.697,74.2974,-72842.5,5894.47,407.169,13.2056
0.129028,0,0,13.3754,0.746009,-78830.9,-5446.82,440.642,74.3018,-72853.1,5893.74,407.228,13.2097
0.129038,0,0,13.3754,0.746143,-78821.1,-5447.6,440.588,74.3062,-72863.6,5893.02,407.287,13.2138
0.129048,0,0,13.3754,0.746276,-78811.4,-5448.39,440.533,74.3106,-72874.2,5892.29,407.346,13.2178
0.129058,0,0,13.3754,0.74641,-78801.7,-5449.18,440.479,74.315,-72884.7,5891.56,407.405,13.2219
0.129068,0,0,13.3754,0.746544,-78791.9,-5449.97,440.424,74.3194,-72895.2,5890.83,407.464,13.226
0.129078,0,0,13.3754,0.746678,-78782.2,-5450.76,440.37,74.3238,-72905.8,5890.1,407.522,13.2301
0.129088,0,0,13.3754,0.746811,-78772.4,-5451.54,440.315,74.3282,-72916.3,5889.37,407.581,13.2341
0.129098,0,0,13.3754,0.746945,-78762.7,-5452.33,440.261,74.3326,-72926.8,5888.64,407.64,13.2382
0.129108,0,0,13.3754,0.747079,-78752.9,-5453.12,440.206,74.337,-72937.4,5887.91,407.699,13.2423
0.129118,0,0,13.3754,0.747213,-78743.1,-5453.91,440.152,74.3414,-72947.9,5887.18,407.758,13.2464
0.129128,0,0,13.3754,0.747346,-78733.4,-5454.69,440.097,74.3458,-72958.4,5886.45,407.817,13.2504
0.129138,0,0,13.3754,0.74748,-78723.6,-5455.48,440.043,74.3502,-72969,5885.72,407.876,13.2545
0.129148,0,0,13.3754,0.747614,-78713.9,-5456.27,439.988,74.3546,-72979.5,5884.99,407.934,13.2586
0.129158,0,0,13.3754,0.747747,-78704.1,-5457.05,439.933,74.359,-72990,5884.26,407.993,13.2627
0.129168,0,0,13.3754,0.747881,-78694.3,-5457.84,439.879,74.3634,-73000.6,5883.53,408.052,13.2668
0.129178,0,0,13.3754,0.748015,-78684.6,-5458.63,439.824,74.3678,-73011.1,5882.8,408.111,13.2708
0.129188,0,0,13.3754,0.748149,-78674.8,-5459.41,439.77,74.3722,-73021.6,5882.08,408.17,13.2749
0.129198,0,0,13.3754,0.748282,-78665,-5460.2,439.715,74.3766,-73032.1,5881.34,408.229,13.279
0.129208,0,0,13.3754,0.748416,-78655.3,-5460.99,439.661,74.381,-73042.6,5880.61,408.287,13.2831
0.129218,0,0,13.3754,0.74855,-78645.5,-5461.77,439.606,74.3854,-73053.1,5879.88,408.346,13.2872
0.129228,0,0,13.3754,0.748684,-78635.8,-5462.56,439.551,74.3898,-73063.7,5879.15,408.405,13.2913
0.129238,0,0,13.3754,0.748817,-78626,-5463.35,439.497,74.3942,-73074.2,5878.42,408.464,13.2953
0.129248,0,0,13.3754,0.748951,-78616.2,-5464.13,439.442,74.3986,-73084.7,5877.69,408.523,13.2994
0.129258,0,0,13.3754,0.749085,-78606.4,-5464.92,439.387,74.403,-73095.2,5876.96,408.581,13.3035
0.129268,0,0,13.3754,0.749219,-78596.7,-5465.7,439.333,74.4074,-73105.7,5876.23,408.64,13.3076
0.129278,0,0,13.3754,0.749352,-78586.9,-5466.49,439.278,74.4118,-73116.2,5875.5,408.699,13.3117
0.129288,0,0,13.3754,0.749486,-78577.1,-5467.28,439.223,74.4162,-73126.7,5874.77,408.758,13.3158
0.129298,0,0,13.3754,0.74962,-78567.3,-5468.06,439.169,74.4206,-73137.2,5874.04,408.816,13.3199
0.129308,0,0,13.3754,0.749754,-78557.5,-5468.85,439.114,74.425,-73147.8,5873.31,408.875,13.3239
0.129318,0,0,13.3754,0.749887,-78547.8,-5469.63,439.059,74.4294,-73158.3,5872.57,408.934,13.328
0.129328,0,0,13.3754,0.750021,-78538,-5470.42,439.005,74.4337,-73168.8,5871.84,408.992,13.3321
0.129338,0,0,13.3754,0.750155,-78528.2,-5471.2,438.95,74.4381,-73179.3,5871.11,409.051,13.3362
0.129348,0,0,13.3754,0.750288,-78518.4,-5471.99,438.895,74.4425,-73189.8,5870.38,409.11,13.3403
0.129358,0,0,13.3754,0.750422,-78508.6,-5472.77,438.841,74.4469,-73200.3,5869.65,409.169,13.3444
0.129368,0,0,13.3754,0.750556,-78498.8,-5473.56,438.786,74.4513,-73210.8,5868.92,409.227,13.3485
0.129378,0,0,13.3754,0.75069,-78489,-5474.34,438.731,74.4557,-73221.3,5868.18,409.286,13.3526
0.129388,0,0,13.3754,0.750823,-78479.2,-5475.13,438.676,74.4601,-73231.8,5867.45,409.345,13.3567
0.129398,0,0,13.3754,0.750957,-78469.4,-5475.91,438.622,74.4645,-73242.3,5866.72,409.403,13.3608
0.129408,0,0,13.3754,0.751091,-78459.6,-5476.7,438.567,74.4688,-73252.8,5865.99,409.462,13.3649
0.129418,0,0,13.3754,0.751225,-78449.8,-5477.48,438.512,74.4732,-73263.2,5865.25,409.521,13.369
0.129428,0,0,13.3754,0.751358,-78440,-5478.27,438.457,74.4776,-73273.7,5864.52,409.579,13.373
0.129438,0,0,13.3754,0.751492,-78430.2,-5479.05,438.403,74.482,-73284.2,5863.79,409.638,13.3771
0.129448,0,0,13.3754,0.751626,-78420.4,-5479.83,438.348,74.4864,-73294.7,5863.06,409.696,13.3812
0.129458,0,0,13.3754,0.75176,-78410.6,-5480.62,438.293,74.4908,-73305.2,5862.32,409.755,13.3853
0.129468,0,0,13.3754,0.751893,-78400.8,-5481.4,438.238,74.4952,-73315.7,5861.59,409.814,13.3894
0.129478,0,0,13.3754,0.752027,-78391,-5482.19,438.183,74.4995,-73326.2,5860.86,409.872,13.3935
0.129488,0,0,13.3754,0.752161,-78381.2,-5482.97,438.129,74.5039,-73336.7,5860.12,409.931,13.3976
0.129498,0,0,13.3754,0.752294,-78371.4,-5483.75,438.074,74.5083,-73347.1,5859.39,409.99,13.4017
0.129508,0,0,13.3754,0.752428,-78361.6,-5484.54,438.019,74.5127,-73357.6,5858.66,410.048,13.4058
0.129518,0,0,13.3754,0.752562,-78351.8,-5485.32,437.964,74.5171,-73368.1,5857.92,410.107,13.4099
0.129528,0,0,13.3754,0.752696,-78342,-5486.1,437.909,74.5214,-73378.6,5857.19,410.165,13.414
0.129538,0,0,13.3754,0.752829,-78332.2,-5486.89,437.854,74.5258,-73389,5856.46,410.224,13.4181
0.129548,0,0,13.3754,0.752963,-78322.3,-5487.67,437.799,74.5302,-73399.5,5855.72,410.282,13.4222
0.129558,0,0,13.3754,0.753097,-78312.5,-5488.45,437.745,74.5346,-73410,5854.99,410.341,13.4263
0.129568,0,0,13.3754,0.753231,-78302.7,-5489.24,437.69,74.5389,-73420.5,5854.25,410.399,13.4304
0.129578,0,0,13.3754,0.753364,-78292.9,-5490.02,437.635,74.5433,-73430.9,5853.52,410.458,13.4346
0.129588,0,0,13.3754,0.753498,-78283.1,-5490.8,437.58,74.5477,-73441.4,5852.79,410.516,13.4387
0.129598,0,0,13.3754,0.753632,-78273.2,-5491.58,437.525,74.5521,-73451.9,5852.05,410.575,13.4428
0.129608,0,0,13.3754,0.753766,-78263.4,-5492.37,437.47,74.5565,-73462.4,5851.32,410.634,13.4469
0.129618,0,0,13.3754,0.753899,-78253.6,-5493.15,437.415,74.5608,-73472.8,5850.58,410.692,13.451
0.129628,0,0,13.3754,0.754033,-78243.8,-5493.93,437.36,74.5652,-73483.3,5849.85,410.751,13.4551
0.129638,0,0,13.3754,0.754167,-78233.9,-5494.71,437.305,74.5696,-73493.7,5849.11,410.809,13.4592
0.129648,0,0,13.3754,0.754301,-78224.1,-5495.5,437.25,74.5739,-73504.2,5848.38,410.867,13.4633
0.129658,0,0,13.3754,0.754434,-78214.3,-5496.28,437.195,74.5783,-73514.7,5847.64,410.926,13.4674
0.129668,0,0,13.3754,0.754568,-78204.5,-5497.06,437.141,74.5827,-73525.1,5846.91,410.984,13.4715
0.129678,0,0,13.3754,0.754702,-78194.6,-5497.84,437.086,74.5871,-73535.6,5846.17,411.043,13.4756
0.129688,0,0,13.3754,0.754835,-78184.8,-5498.62,437.031,74.5914,-73546,5845.44,411.101,13.4797
0.129698,0,0,13.3754,0.754969,-78174.9,-5499.41,436.976,74.5958,-73556.5,5844.7,411.16,13.4838
0.129708,0,0,13.3754,0.755103,-78165.1,-5500.19,436.921,74.6002,-73567,5843.97,411.218,13.488
0.129718,0,0,13.3754,0.755237,-78155.3,-5500.97,436.866,74.6045,-73577.4,5843.23,411.277,13.4921
0.129728,0,0,13.3754,0.75537,-78145.4,-5501.75,436.811,74.6089,-73587.9,5842.5,411.335,13.4962
0.129738,0,0,13.3754,0.755504,-78135.6,-5502.53,436.756,74.6133,-73598.3,5841.76,411.393,13.5003
0.129748,0,0,13.3754,0.755638,-78125.8,-5503.31,436.701,74.6177,-73608.8,5841.02,411.452,13.5044
0.129758,0,0,13.3754,0.755772,-78115.9,-5504.09,436.646,74.622,-73619.2,5840.29,411.51,13.5085
0.129768,0,0,13.3754,0.755905,-78106,-5504.88,436.59,74.6264,-73629.6,5839.55,411.569,13.5126
0.129778,0,0,13.3754,0.756039,-78096.2,-5505.66,436.535,74.6307,-73640.1,5838.82,411.627,13.5168
0.129788,0,0,13.3754,0.756173,-78086.4,-5506.44,436.48,74.6351,-73650.5,5838.08,411.685,13.5209
0.129798,0,0,13.3754,0.756307,-78076.5,-5507.22,436.425,74.6395,-73661,5837.34,411.744,13.525
0.129808,0,0,13.3754,0.75644,-78066.7,-5508,436.37,74.6438,-73671.4,5836.61,411.802,13.5291
0.129818,0,0,13.3754,0.756574,-78056.8,-5508.78,436.315,74.6482,-73681.9,5835.87,411.861,13.5332
0.129828,0,0,13.3754,0.756708,-78046.9,-5509.56,436.26,74.6526,-73692.3,5835.13,411.919,13.5373
0.129838,0,0,13.3754,0.756842,-78037.1,-5510.34,436.205,74.6569,-73702.7,5834.4,411.977,13.5415
0.129848,0,0,13.3754,0.756975,-78027.2,-5511.12,436.15,74.6613,-73713.2,5833.66,412.036,13.5456
0.129858,0,0,13.3754,0.757109,-78017.4,-5511.9,436.095,74.6657,-73723.6,5832.92,412.094,13.5497
0.129868,0,0,13.3754,0.757243,-78007.5,-5512.68,436.04,74.67,-73734,5832.18,412.152,13.5538
0.129878,0,0,13.3754,0.757376,-77997.7,-5513.46,435.985,74.6744,-73744.5,5831.45,412.21,13.558
0.129888,0,0,13.3754,0.75751,-77987.8,-5514.24,435.929,74.6787,-73754.9,5830.71,412.269,13.5621
0.129898,0,0,13.3754,0.757644,-77977.9,-5515.02,435.874,74.6831,-73765.3,5829.97,412.327,13.5662
0.129908,0,0,13.3754,0.757778,-77968.1,-5515.8,435.819,74.6874,-73775.8,5829.23,412.385,13.5703
0.129918,0,0,13.3754,0.757911,-77958.2,-5516.58,435.764,74.6918,-73786.2,5828.5,412.444,13.5744
0.129928,0,0,13.3754,0.758045,-77948.3,-5517.36,435.709,74.6962,-73796.6,5827.76,412.502,13.5786
0.129938,0,0,13.3754,0.758179,-77938.5,-5518.14,435.654,74.7005,-73807,5827.02,412.56,13.5827
0.129948,0,0,13.3754,0.758313,-77928.6,-5518.92,435.598,74.7049,-73817.5,5826.28,412.618,13.5868
0.129958,0,0,13.3754,0.758446,-77918.7,-5519.7,435.543,74.7092,-73827.9,5825.54,412.677,13.5909
0.129968,0,0,13.3754,0.75858,-77908.8,-5520.48,435.488,74.7136,-73838.3,5824.81,412.735,13.5951
0.129978,0,0,13.3754,0.758714,-77899,-5521.25,435.433,74.7179,-73848.7,5824.07,412.793,13.5992
0.129988,0,0,13.3754,0.758848,-77889.1,-5522.03,435.378,74.7223,-73859.1,5823.33,412.851,13.6033
0.129998,0,0,13.3754,0.758981,-77879.2,-5522.81,435.322,74.7267,-73869.5,5822.59,412.91,13.6075
0.130008,0,0,13.3754,0.759115,-77869.3,-5523.59,435.267,74.731,-73880,5821.85,412.968,13.6116
0.130018,0,0,13.3754,0.759249,-77859.4,-5524.37,435.212,74.7354,-73890.4,5821.11,413.026,13.6157
0.130028,0,0,13.3754,0.759382,-77849.6,-5525.15,435.157,74.7397,-73900.8,5820.38,413.084,13.6198
0.130038,0,0,13.3754,0.759516,-77839.7,-5525.93,435.102,74.7441,-73911.2,5819.64,413.142,13.624
0.130048,0,0,13.3754,0.75965,-77829.8,-5526.7,435.046,74.7484,-73921.6,5818.9,413.201,13.6281
0.130058,0,0,13.3754,0.759784,-77819.9,-5527.48,434.991,74.7528,-73932,5818.16,413.259,13.6322
0.130068,0,0,13.3754,0.759917,-77810,-5528.26,434.936,74.7571,-73942.4,5817.42,413.317,13.6364
0.130078,0,0,13.3754,0.760051,-77800.1,-5529.04,434.88,74.7615,-73952.8,5816.68,413.375,13.6405
0.130088,0,0,13.3754,0.760185,-77790.2,-5529.82,434.825,74.7658,-73963.2,5815.94,413.433,13.6446
0.130098,0,0,13.3754,0.760319,-77780.4,-5530.59,434.77,74.7701,-73973.6,5815.2,413.491,13.6488
0.130108,0,0,13.3754,0.760452,-77770.5,-5531.37,434.715,74.7745,-73984,5814.46,413.55,13.6529
0.130118,0,0,13.3754,0.760586,-77760.6,-5532.15,434.659,74.7788,-73994.4,5813.72,413.608,13.6571
0.130128,0,0,13.3754,0.76072,-77750.7,-5532.93,434.604,74.7832,-74004.8,5812.98,413.666,13.6612
0.130138,0,0,13.3754,0.760854,-77740.8,-5533.7,434.549,74.7875,-74015.2,5812.24,413.724,13.6653
0.130148,0,0,13.3754,0.760987,-77730.9,-5534.48,434.493,74.7919,-74025.6,5811.5,413.782,13.6695
0.130158,0,0,13.3754,0.761121,-77721,-5535.26,434.438,74.7962,-74036,5810.76,413.84,13.6736
0.130168,0,0,13.3754,0.761255,-77711.1,-5536.03,434.383,74.8006,-74046.4,5810.02,413.898,13.6777
0.130178,0,0,13.3754,0.761389,-77701.2,-5536.81,434.327,74.8049,-74056.8,5809.28,413.956,13.6819
0.130188,0,0,13.3754,0.761522,-77691.3,-5537.59,434.272,74.8093,-74067.2,5808.54,414.014,13.686
0.130198,0,0,13.3754,0.761656,-77681.3,-5538.37,434.216,74.8136,-74077.6,5807.8,414.072,13.6902
0.130208,0,0,13.3754,0.76179,-77671.4,-5539.14,434.161,74.8179,-74088,5807.06,414.131,13.6943
0.130218,0,0,13.3754,0.761923,-77661.5,-5539.92,434.106,74.8223,-74098.4,5806.32,414.189,13.6984
0.130228,0,0,13.3754,0.762057,-77651.6,-5540.69,434.05,74.8266,-74108.7,5805.58,414.247,13.7026
0.130238,0,0,13.3754,0.762191,-77641.7,-5541.47,433.995,74.831,-74119.1,5804.83,414.305,13.7067
0.130248,0,0,13.3754,0.762325,-77631.8,-5542.25,433.94,74.8353,-74129.5,5804.09,414.363,13.7109
0.130258,0,0,13.3754,0.762458,-77621.9,-5543.02,433.884,74.8396,-74139.9,5803.35,414.421,13.715
0.130268,0,0,13.3754,0.762592,-77612,-5543.8,433.829,74.844,-74150.3,5802.61,414.479,13.7192
0.130277,0,0,13.3754,0.762726,-77602.1,-5544.58,433.773,74.8483,-74160.7,5801.87,414.537,13.7233
0.130287,0,0,13.3754,0.76286,-77592.1,-5545.35,433.718,74.8527,-74171,5801.13,414.595,13.7274
0.130297,0,0,13.3754,0.762993,-77582.2,-5546.13,433.662,74.857,-74181.4,5800.39,414.653,13.7316
0.130307,0,0,13.3754,0.763127,-77572.3,-5546.9,433.607,74.8613,-74191.8,5799.64,414.711,13.7357
0.130317,0,0,13.3754,0.763261,-77562.4,-5547.68,433.551,74.8657,-74202.2,5798.9,414.769,13.7399
0.130327,0,0,13.3754,0.763395,-77552.4,-5548.45,433.496,74.87,-74212.5,5798.16,414.827,13.744
0.130337,0,0,13.3754,0.763528,-77542.5,-5549.23,433.44,74.8743,-74222.9,5797.42,414.885,13.7482
0.130347,0,0,13.3754,0.763662,-77532.6,-5550,433.385,74.8787,-74233.3,5796.68,414.943,13.7523
0.130357,0,0,13.3754,0.763796,-77522.7,-5550.78,433.329,74.883,-74243.6,5795.93,415.001,13.7565
0.130367,0,0,13.3754,0.763929,-77512.7,-5551.56,433.274,74.8873,-74254,5795.19,415.059,13.7606
0.130377,0,0,13.3754,0.764063,-77502.8,-5552.33,433.218,74.8917,-74264.4,5794.45,415.117,13.7648
0.130387,0,0,13.3754,0.764197,-77492.9,-5553.1,433.163,74.896,-74274.7,5793.71,415.174,13.7689
0.130397,0,0,13.3754,0.764331,-77482.9,-5553.88,433.107,74.9003,-74285.1,5792.96,415.232,13.7731
0.130407,0,0,13.3754,0.764464,-77473,-5554.65,433.052,74.9047,-74295.5,5792.22,415.29,13.7772
0.130417,0,0,13.3754,0.764598,-77463.1,-5555.43,432.996,74.909,-74305.8,5791.48,415.348,13.7814
0.130427,0,0,13.3754,0.764732,-77453.1,-5556.2,432.941,74.9133,-74316.2,5790.74,415.406,13.7855
0.130437,0,0,13.3754,0.764866,-77443.2,-5556.98,432.885,74.9177,-74326.5,5789.99,415.464,13.7897
0.130447,0,0,13.3754,0.764999,-77433.2,-5557.75,432.83,74.922,-74336.9,5789.25,415.522,13.7939
0.130457,0,0,13.3754,0.765133,-77423.3,-5558.53,432.774,74.9263,-74347.2,5788.51,415.58,13.798
0.130467,0,0,13.3754,0.765267,-77413.4,-5559.3,432.719,74.9306,-74357.6,5787.76,415.638,13.8022
0.130477,0,0,13.3754,0.765401,-77403.4,-5560.07,432.663,74.935,-74368,5787.02,415.696,13.8063
0.130487,0,0,13.3754,0.765534,-77393.5,-5560.85,432.607,74.9393,-74378.3,5786.27,415.753,13.8105
0.130497,0,0,13.3754,0.765668,-77383.5,-5561.62,432.552,74.9436,-74388.7,5785.53,415.811,13.8146
0.130507,0,0,13.3754,0.765802,-77373.6,-5562.4,432.496,74.9479,-74399,5784.79,415.869,13.8188
0.130517,0,0,13.3754,0.765936,-77363.6,-5563.17,432.44,74.9523,-74409.4,5784.04,415.927,13.823
0.130527,0,0,13.3754,0.766069,-77353.7,-5563.94,432.385,74.9566,-74419.7,5783.3,415.985,13.8271
0.130537,0,0,13.3754,0.766203,-77343.7,-5564.72,432.329,74.9609,-74430,5782.56,416.043,13.8313
0.130547,0,0,13.3754,0.766337,-77333.8,-5565.49,432.274,74.9652,-74440.4,5781.81,416.1,13.8354
0.130557,0,0,13.3754,0.76647,-77323.8,-5566.26,432.218,74.9696,-74450.7,5781.07,416.158,13.8396
0.130567,0,0,13.3754,0.766604,-77313.8,-5567.04,432.162,74.9739,-74461.1,5780.32,416.216,13.8438
0.130577,0,0,13.3754,0.766738,-77303.9,-5567.81,432.107,74.9782,-74471.4,5779.58,416.274,13.8479
0.130587,0,0,13.3754,0.766872,-77293.9,-5568.58,432.051,74.9825,-74481.7,5778.83,416.332,13.8521
0.130597,0,0,13.3754,0.767005,-77284,-5569.35,431.995,74.9868,-74492.1,5778.09,416.389,13.8563
0.130607,0,0,13.3754,0.767139,-77274,-5570.13,431.94,74.9912,-74502.4,5777.34,416.447,13.8604
0.130617,0,0,13.3754,0.767273,-77264,-5570.9,431.884,74.9955,-74512.8,5776.6,416.505,13.8646
0.130627,0,0,13.3754,0.767407,-77254.1,-5571.67,431.828,74.9998,-74523.1,5775.85,416.563,13.8687
0.130637,0,0,13.3754,0.76754,-77244.1,-5572.44,431.772,75.0041,-74533.4,5775.11,416.62,13.8729
0.130647,0,0,13.3754,0.767674,-77234.1,-5573.22,431.717,75.0084,-74543.7,5774.36,416.678,13.8771
0.130657,0,0,13.3754,0.767808,-77224.2,-5573.99,431.661,75.0128,-74554.1,5773.62,416.736,13.8812
0.130667,0,0,13.3754,0.767942,-77214.2,-5574.76,431.605,75.0171,-74564.4,5772.87,416.794,13.8854
0.130677,0,0,13.3754,0.768075,-77204.2,-5575.53,431.549,75.0214,-74574.7,5772.13,416.851,13.8896
0.130687,0,0,13.3754,0.768209,-77194.2,-5576.31,431.494,75.0257,-74585,5771.38,416.909,13.8937
0.130697,0,0,13.3754,0.768343,-77184.3,-5577.08,431.438,75.03,-74595.4,5770.64,416.967,13.8979
0.130707,0,0,13.3754,0.768477,-77174.3,-5577.85,431.382,75.0343,-74605.7,5769.89,417.024,13.9021
0.130717,0,0,13.3754,0.76861,-77164.3,-5578.62,431.326,75.0387,-74616,5769.14,417.082,13.9063
0.130727,0,0,13.3754,0.768744,-77154.3,-5579.39,431.271,75.043,-74626.3,5768.4,417.14,13.9104
0.130737,0,0,13.3754,0.768878,-77144.4,-5580.16,431.215,75.0473,-74636.6,5767.65,417.197,13.9146
0.130747,0,0,13.3754,0.769011,-77134.4,-5580.93,431.159,75.0516,-74647,5766.9,417.255,13.9188
0.130757,0,0,13.3754,0.769145,-77124.4,-5581.71,431.103,75.0559,-74657.3,5766.16,417.313,13.9229
0.130767,0,0,13.3754,0.769279,-77114.4,-5582.48,431.047,75.0602,-74667.6,5765.41,417.37,13.9271
0.130777,0,0,13.3754,0.769413,-77104.4,-5583.25,430.992,75.0645,-74677.9,5764.67,417.428,13.9313
0.130787,0,0,13.3754,0.769546,-77094.4,-5584.02,430.936,75.0688,-74688.2,5763.92,417.486,13.9355
0.130797,0,0,13.3754,0.76968,-77084.4,-5584.79,430.88,75.0731,-74698.5,5763.17,417.543,13.9396
0.130807,0,0,13.3754,0.769814,-77074.5,-5585.56,430.824,75.0774,-74708.8,5762.42,417.601,13.9438
0.130817,0,0,13.3754,0.769948,-77064.5,-5586.33,430.768,75.0818,-74719.1,5761.68,417.659,13.948
0.130827,0,0,13.3754,0.770081,-77054.5,-5587.1,430.712,75.0861,-74729.5,5760.93,417.716,13.9522
0.130837,0,0,13.3754,0.770215,-77044.5,-5587.87,430.657,75.0904,-74739.8,5760.18,417.774,13.9564
0.130847,0,0,13.3754,0.770349,-77034.5,-5588.64,430.601,75.0947,-74750,5759.44,417.831,13.9605
0.130857,0,0,13.3754,0.770483,-77024.5,-5589.41,430.545,75.099,-74760.3,5758.69,417.889,13.9647
0.130867,0,0,13.3754,0.770616,-77014.5,-5590.18,430.489,75.1033,-74770.7,5757.94,417.947,13.9689
0.130877,0,0,13.3754,0.77075,-77004.5,-5590.95,430.433,75.1076,-74781,5757.19,418.004,13.9731
0.130887,0,0,13.3754,0.770884,-76994.5,-5591.72,430.377,75.1119,-74791.2,5756.45,418.062,13.9772
0.130897,0,0,13.3754,0.771018,-76984.5,-5592.49,430.321,75.1162,-74801.5,5755.7,418.119,13.9814
0.130907,0,0,13.3754,0.771151,-76974.5,-5593.26,430.265,75.1205,-74811.8,5754.95,418.177,13.9856
0.130917,0,0,13.3754,0.771285,-76964.5,-5594.03,430.209,75.1248,-74822.1,5754.2,418.234,13.9898
0.130927,0,0,13.3754,0.771419,-76954.5,-5594.8,430.153,75.1291,-74832.4,5753.45,418.292,13.994
0.130937,0,0,13.3754,0.771552,-76944.5,-5595.57,430.097,75.1334,-74842.7,5752.71,418.349,13.9982
0.130947,0,0,13.3754,0.771686,-76934.4,-5596.34,430.042,75.1377,-74853,5751.96,418.407,14.0023
0.130957,0,0,13.3754,0.77182,-76924.4,-5597.11,429.986,75.142,-74863.3,5751.21,418.464,14.0065
0.130967,0,0,13.3754,0.771954,-76914.4,-5597.88,429.93,75.1463,-74873.6,5750.46,418.522,14.0107
0.130977,0,0,13.3754,0.772087,-76904.4,-5598.65,429.874,75.1506,-74883.9,5749.71,418.579,14.0149
0.130987,0,0,13.3754,0.772221,-76894.4,-5599.42,429.818,75.1549,-74894.2,5748.96,418.637,14.0191
0.130997,0,0,13.3754,0.772355,-76884.4,-5600.18,429.762,75.1592,-74904.4,5748.21,418.694,14.0233
0.131007,0,0,13.3754,0.772489,-76874.4,-5600.95,429.706,75.1635,-74914.7,5747.46,418.752,14.0275
0.131017,0,0,13.3754,0.772622,-76864.3,-5601.72,429.65,75.1678,-74925,5746.71,418.809,14.0316
0.131027,0,0,13.3754,0.772756,-76854.3,-5602.49,429.594,75.1721,-74935.3,5745.97,418.867,14.0358
0.131037,0,0,13.3754,0.77289,-76844.3,-5603.26,429.538,75.1764,-74945.6,5745.22,418.924,14.04
0.131047,0,0,13.3754,0.773024,-76834.3,-5604.03,429.482,75.1807,-74955.8,5744.47,418.982,14.0442
0.131057,0,0,13.3754,0.773157,-76824.2,-5604.79,429.426,75.185,-74966.1,5743.72,419.039,14.0484
0.131067,0,0,13.3754,0.773291,-76814.2,-5605.56,429.369,75.1893,-74976.4,5742.97,419.096,14.0526
0.131077,0,0,13.3754,0.773425,-76804.2,-5606.33,429.313,75.1936,-74986.6,5742.22,419.154,14.0568
0.131087,0,0,13.3754,0.773558,-76794.2,-5607.1,429.257,75.1979,-74996.9,5741.47,419.211,14.061
0.131097,0,0,13.3754,0.773692,-76784.1,-5607.87,429.201,75.2022,-75007.2,5740.72,419.269,14.0652
0.131107,0,0,13.3754,0.773826,-76774.1,-5608.63,429.145,75.2065,-75017.5,5739.97,419.326,14.0694
0.131117,0,0,13.3754,0.77396,-76764.1,-5609.4,429.089,75.2107,-75027.7,5739.22,419.383,14.0736
0.131127,0,0,13.3754,0.774093,-76754,-5610.17,429.033,75.215,-75038,5738.47,419.441,14.0777
0.131137,0,0,13.3754,0.774227,-76744,-5610.94,428.977,75.2193,-75048.2,5737.72,419.498,14.0819
0.131147,0,0,13.3754,0.774361,-76734,-5611.7,428.921,75.2236,-75058.5,5736.97,419.556,14.0861
0.131157,0,0,13.3754,0.774495,-76723.9,-5612.47,428.865,75.2279,-75068.8,5736.22,419.613,14.0903
0.131167,0,0,13.3754,0.774628,-76713.9,-5613.24,428.809,75.2322,-75079,5735.47,419.67,14.0945
0.131177,0,0,13.3754,0.774762,-76703.8,-5614.01,428.752,75.2365,-75089.3,5734.72,419.728,14.0987
0.131187,0,0,13.3754,0.774896,-76693.8,-5614.77,428.696,75.2408,-75099.6,5733.96,419.785,14.1029
0.131197,0,0,13.3754,0.77503,-76683.8,-5615.54,428.64,75.245,-75109.8,5733.21,419.842,14.1071
0.131207,0,0,13.3754,0.775163,-76673.7,-5616.31,428.584,75.2493,-75120.1,5732.46,419.9,14.1113
0.131217,0,0,13.3754,0.775297,-76663.7,-5617.07,428.528,75.2536,-75130.3,5731.71,419.957,14.1155
0.131227,0,0,13.3754,0.775431,-76653.6,-5617.84,428.472,75.2579,-75140.6,5730.96,420.014,14.1197
0.131237,0,0,13.3754,0.775565,-76643.6,-5618.61,428.416,75.2622,-75150.8,5730.21,420.072,14.1239
0.131247,0,0,13.3754,0.775698,-76633.5,-5619.37,428.359,75.2665,-75161.1,5729.46,420.129,14.1281
0.131257,0,0,13.3754,0.775832,-76623.5,-5620.14,428.303,75.2708,-75171.3,5728.71,420.186,14.1323
0.131267,0,0,13.3754,0.775966,-76613.4,-5620.9,428.247,75.275,-75181.6,5727.95,420.243,14.1365
0.131277,0,0,13.3754,0.776099,-76603.3,-5621.67,428.191,75.2793,-75191.8,5727.2,420.301,14.1407
0.131287,0,0,13.3754,0.776233,-76593.3,-5622.44,428.135,75.2836,-75202.1,5726.45,420.358,14.1449
0.131297,0,0,13.3754,0.776367,-76583.2,-5623.2,428.078,75.2879,-75212.3,5725.7,420.415,14.1491
0.131307,0,0,13.3754,0.776501,-76573.2,-5623.97,428.022,75.2922,-75222.5,5724.95,420.472,14.1533
0.131317,0,0,13.3754,0.776634,-76563.1,-5624.73,427.966,75.2964,-75232.8,5724.19,420.53,14.1575
0.131327,0,0,13.3754,0.776768,-76553,-5625.5,427.91,75.3007,-75243,5723.44,420.587,14.1617
0.131337,0,0,13.3754,0.776902,-76543,-5626.26,427.853,75.305,-75253.3,5722.69,420.644,14.166
0.131347,0,0,13.3754,0.777036,-76532.9,-5627.03,427.797,75.3093,-75263.5,5721.94,420.701,14.1702
0.131357,0,0,13.3754,0.777169,-76522.9,-5627.79,427.741,75.3136,-75273.7,5721.18,420.759,14.1744
0.131367,0,0,13.3754,0.777303,-76512.8,-5628.56,427.685,75.3178,-75284,5720.43,420.816,14.1786
0.131377,0,0,13.3754,0.777437,-76502.7,-5629.32,427.628,75.3221,-75294.2,5719.68,420.873,14.1828
0.131387,0,0,13.3754,0.777571,-76492.6,-5630.09,427.572,75.3264,-75304.4,5718.93,420.93,14.187
0.131397,0,0,13.3754,0.777704,-76482.6,-5630.85,427.516,75.3307,-75314.6,5718.17,420.987,14.1912
0.131407,0,0,13.3754,0.777838,-76472.5,-5631.62,427.459,75.3349,-75324.9,5717.42,421.044,14.1954
0.131417,0,0,13.3754,0.777972,-76462.4,-5632.38,427.403,75.3392,-75335.1,5716.67,421.102,14.1996
0.131427,0,0,13.3754,0.778105,-76452.4,-5633.15,427.347,75.3435,-75345.3,5715.91,421.159,14.2038
0.131437,0,0,13.3754,0.778239,-76442.3,-5633.91,427.29,75.3477,-75355.6,5715.16,421.216,14.208
0.131447,0,0,13.3754,0.778373,-76432.2,-5634.68,427.234,75.352,-75365.8,5714.41,421.273,14.2123
0.131457,0,0,13.3754,0.778507,-76422.1,-5635.44,427.178,75.3563,-75376,5713.65,421.33,14.2165
0.131467,0,0,13.3754,0.77864,-76412,-5636.2,427.121,75.3606,-75386.2,5712.9,421.387,14.2207
0.131477,0,0,13.3754,0.778774,-76402,-5636.97,427.065,75.3648,-75396.4,5712.15,421.444,14.2249
0.131487,0,0,13.3754,0.778908,-76391.9,-5637.73,427.009,75.3691,-75406.6,5711.39,421.502,14.2291
0.131497,0,0,13.3754,0.779042,-76381.8,-5638.5,426.952,75.3734,-75416.9,5710.64,421.559,14.2333
0.131507,0,0,13.3754,0.779175,-76371.7,-5639.26,426.896,75.3777,-75427.1,5709.88,421.616,14.2375
0.131517,0,0,13.3754,0.779309,-76361.6,-5640.02,426.84,75.3819,-75437.3,5709.13,421.673,14.2418
0.131527,0,0,13.3754,0.779443,-76351.5,-5640.79,426.783,75.3862,-75447.5,5708.37,421.73,14.246
0.131537,0,0,13.3754,0.779577,-76341.4,-5641.55,426.727,75.3905,-75457.7,5707.62,421.787,14.2502
0.131547,0,0,13.3754,0.77971,-76331.3,-5642.31,426.67,75.3947,-75467.9,5706.87,421.844,14.2544
0.131557,0,0,13.3754,0.779844,-76321.2,-5643.08,426.614,75.399,-75478.1,5706.11,421.901,14.2586
0.131567,0,0,13.3754,0.779978,-76311.1,-5643.84,426.557,75.4033,-75488.3,5705.36,421.958,14.2629
0.131577,0,0,13.3754,0.780112,-76301.1,-5644.6,426.501,75.4075,-75498.5,5704.6,422.015,14.2671
0.131587,0,0,13.3754,0.780245,-76291,-5645.37,426.445,75.4118,-75508.8,5703.85,422.072,14.2713
0.131597,0,0,13.3754,0.780379,-76280.9,-5646.13,426.388,75.416,-75518.9,5703.09,422.129,14.2755
0.131607,0,0,13.3754,0.780513,-76270.8,-5646.89,426.332,75.4203,-75529.1,5702.34,422.186,14.2797
0.131617,0,0,13.3754,0.780647,-76260.7,-5647.65,426.275,75.4246,-75539.3,5701.58,422.243,14.284
0.131627,0,0,13.3754,0.78078,-76250.6,-5648.42,426.219,75.4288,-75549.5,5700.83,422.3,14.2882
0.131637,0,0,13.3754,0.780914,-76240.5,-5649.18,426.162,75.4331,-75559.7,5700.07,422.357,14.2924
0.131647,0,0,13.3754,0.781048,-76230.3,-5649.94,426.106,75.4374,-75569.9,5699.31,422.414,14.2966
0.131657,0,0,13.3754,0.781181,-76220.2,-5650.7,426.049,75.4416,-75580.1,5698.56,422.471,14.3009
0.131667,0,0,13.3754,0.781315,-76210.1,-5651.46,425.993,75.4459,-75590.3,5697.8,422.528,14.3051
0.131677,0,0,13.3754,0.781449,-76200,-5652.23,425.936,75.4501,-75600.5,5697.05,422.585,14.3093
0.131687,0,0,13.3754,0.781583,-76189.9,-5652.99,425.88,75.4544,-75610.7,5696.29,422.642,14.3135
0.131697,0,0,13.3754,0.781716,-76179.8,-5653.75,425.823,75.4587,-75620.9,5695.54,422.699,14.3178
0.131707,0,0,13.3754,0.78185,-76169.7,-5654.51,425.767,75.4629,-75631.1,5694.78,422.756,14.322
0.131717,0,0,13.3754,0.781984,-76159.6,-5655.27,425.71,75.4672,-75641.3,5694.02,422.813,14.3262
0.131727,0,0,13.3754,0.782118,-76149.4,-5656.03,425.654,75.4714,-75651.5,5693.27,422.87,14.3304
0.131737,0,0,13.3754,0.782251,-76139.3,-5656.8,425.597,75.4757,-75661.6,5692.51,422.927,14.3347
0.131747,0,0,13.3754,0.782385,-76129.2,-5657.56,425.54,75.4799,-75671.8,5691.75,422.984,14.3389
0.131757,0,0,13.3754,0.782519,-76119.1,-5658.32,425.484,75.4842,-75682,5691,423.041,14.3431
0.131767,0,0,13.3754,0.782653,-76109,-5659.08,425.427,75.4885,-75692.2,5690.24,423.098,14.3474
0.131777,0,0,13.3754,0.782786,-76098.9,-5659.84,425.371,75.4927,-75702.4,5689.48,423.154,14.3516
0.131787,0,0,13.3754,0.78292,-76088.7,-5660.6,425.314,75.497,-75712.5,5688.73,423.211,14.3558
0.131797,0,0,13.3754,0.783054,-76078.6,-5661.36,425.258,75.5012,-75722.7,5687.97,423.268,14.3601
0.131807,0,0,13.3754,0.783188,-76068.5,-5662.12,425.201,75.5055,-75732.9,5687.21,423.325,14.3643
0.131817,0,0,13.3754,0.783321,-76058.3,-5662.88,425.144,75.5097,-75743,5686.46,423.382,14.3685
0.131827,0,0,13.3754,0.783455,-76048.2,-5663.64,425.088,75.514,-75753.2,5685.7,423.439,14.3728
0.131837,0,0,13.3754,0.783589,-76038.1,-5664.4,425.031,75.5182,-75763.4,5684.94,423.496,14.377
0.131847,0,0,13.3754,0.783722,-76028,-5665.16,424.974,75.5225,-75773.6,5684.18,423.553,14.3812
0.131857,0,0,13.3754,0.783856,-76017.8,-5665.92,424.918,75.5267,-75783.7,5683.42,423.609,14.3855
0.131867,0,0,13.3754,0.78399,-76007.7,-5666.68,424.861,75.531,-75793.9,5682.67,423.666,14.3897
0.131877,0,0,13.3754,0.784124,-75997.5,-5667.44,424.804,75.5352,-75804.1,5681.91,423.723,14.3939
0.131887,0,0,13.3754,0.784257,-75987.4,-5668.2,424.748,75.5395,-75814.2,5681.15,423.78,14.3982
0.131897,0,0,13.3754,0.784391,-75977.3,-5668.96,424.691,75.5437,-75824.4,5680.39,423.837,14.4024
0.131907,0,0,13.3754,0.784525,-75967.1,-5669.72,424.634,75.548,-75834.5,5679.64,423.893,14.4066
0.131917,0,0,13.3754,0.784659,-75957,-5670.48,424.578,75.5522,-75844.7,5678.88,423.95,14.4109
0.131927,0,0,13.3754,0.784792,-75946.8,-5671.24,424.521,75.5565,-75854.9,5678.12,424.007,14.4151
0.131937,0,0,13.3754,0.784926,-75936.7,-5672,424.464,75.5607,-75865,5677.36,424.064,14.4194
0.131947,0,0,13.3754,0.78506,-75926.5,-5672.76,424.408,75.5649,-75875.2,5676.6,424.121,14.4236
0.131957,0,0,13.3754,0.785194,-75916.4,-5673.52,424.351,75.5692,-75885.3,5675.84,424.177,14.4278
0.131967,0,0,13.3754,0.785327,-75906.2,-5674.28,424.294,75.5734,-75895.5,5675.08,424.234,14.4321
0.131977,0,0,13.3754,0.785461,-75896.1,-5675.04,424.237,75.5777,-75905.6,5674.32,424.291,14.4363
0.131987,0,0,13.3754,0.785595,-75885.9,-5675.8,424.181,75.5819,-75915.8,5673.57,424.347,14.4406
0.131997,0,0,13.3754,0.785728,-75875.8,-5676.56,424.124,75.5862,-75925.9,5672.81,424.404,14.4448
0.132007,0,0,13.3754,0.785862,-75865.6,-5677.31,424.067,75.5904,-75936.1,5672.05,424.461,14.4491
0.132017,0,0,13.3754,0.785996,-75855.5,-5678.07,424.01,75.5946,-75946.2,5671.29,424.518,14.4533
0.132027,0,0,13.3754,0.78613,-75845.3,-5678.83,423.954,75.5989,-75956.4,5670.53,424.574,14.4576
0.132037,0,0,13.3754,0.786263,-75835.2,-5679.59,423.897,75.6031,-75966.5,5669.77,424.631,14.4618
0.132047,0,0,13.3754,0.786397,-75825,-5680.35,423.84,75.6074,-75976.6,5669.01,424.688,14.466
0.132057,0,0,13.3754,0.786531,-75814.8,-5681.1,423.783,75.6116,-75986.8,5668.25,424.744,14.4703
0.132067,0,0,13.3754,0.786665,-75804.7,-5681.86,423.726,75.6158,-75996.9,5667.49,424.801,14.4745
0.132077,0,0,13.3754,0.786798,-75794.5,-5682.62,423.67,75.6201,-76007.1,5666.73,424.858,14.4788
0.132087,0,0,13.3754,0.786932,-75784.3,-5683.38,423.613,75.6243,-76017.2,5665.97,424.914,14.483
0.132097,0,0,13.3754,0.787066,-75774.2,-5684.14,423.556,75.6285,-76027.3,5665.21,424.971,14.4873
0.132107,0,0,13.3754,0.7872,-75764,-5684.89,423.499,75.6328,-76037.5,5664.45,425.028,14.4915
0.132117,0,0,13.3754,0.787333,-75753.8,-5685.65,423.442,75.637,-76047.6,5663.69,425.084,14.4958
0.132127,0,0,13.3754,0.787467,-75743.7,-5686.41,423.385,75.6412,-76057.7,5662.93,425.141,14.5
0.132137,0,0,13.3754,0.787601,-75733.5,-5687.17,423.329,75.6455,-76067.9,5662.17,425.198,14.5043
0.132147,0,0,13.3754,0.787735,-75723.3,-5687.92,423.272,75.6497,-76078,5661.41,425.254,14.5085
0.132157,0,0,13.3754,0.787868,-75713.1,-5688.68,423.215,75.6539,-76088.1,5660.65,425.311,14.5128
0.132167,0,0,13.3754,0.788002,-75703,-5689.44,423.158,75.6582,-76098.2,5659.89,425.367,14.517
0.132177,0,0,13.3754,0.788136,-75692.8,-5690.19,423.101,75.6624,-76108.4,5659.13,425.424,14.5213
0.132187,0,0,13.3754,0.788269,-75682.6,-5690.95,423.044,75.6666,-76118.5,5658.36,425.48,14.5256
0.132197,0,0,13.3754,0.788403,-75672.4,-5691.71,422.987,75.6709,-76128.6,5657.6,425.537,14.5298
0.132207,0,0,13.3754,0.788537,-75662.2,-5692.46,422.93,75.6751,-76138.7,5656.84,425.594,14.5341
0.132217,0,0,13.3754,0.788671,-75652.1,-5693.22,422.873,75.6793,-76148.8,5656.08,425.65,14.5383
0.132227,0,0,13.3754,0.788804,-75641.9,-5693.98,422.816,75.6835,-76159,5655.32,425.707,14.5426
0.132237,0,0,13.3754,0.788938,-75631.7,-5694.73,422.76,75.6878,-76169.1,5654.56,425.763,14.5468
0.132247,0,0,13.3754,0.789072,-75621.5,-5695.49,422.703,75.692,-76179.2,5653.8,425.82,14.5511
0.132257,0,0,13.3754,0.789206,-75611.3,-5696.25,422.646,75.6962,-76189.3,5653.03,425.876,14.5554
0.132267,0,0,13.3754,0.789339,-75601.1,-5697,422.589,75.7005,-76199.4,5652.27,425.933,14.5596
0.132277,0,0,13.3754,0.789473,-75590.9,-5697.76,422.532,75.7047,-76209.5,5651.51,425.989,14.5639
0.132287,0,0,13.3754,0.789607,-75580.7,-5698.51,422.475,75.7089,-76219.6,5650.75,426.046,14.5681
0.132297,0,0,13.3754,0.789741,-75570.5,-5699.27,422.418,75.7131,-76229.7,5649.99,426.102,14.5724
0.132307,0,0,13.3754,0.789874,-75560.4,-5700.02,422.361,75.7174,-76239.8,5649.22,426.159,14.5767
0.132317,0,0,13.3754,0.790008,-75550.2,-5700.78,422.304,75.7216,-76249.9,5648.46,426.215,14.5809
0.132327,0,0,13.3754,0.790142,-75540,-5701.54,422.247,75.7258,-76260,5647.7,426.272,14.5852
0.132337,0,0,13.3754,0.790275,-75529.8,-5702.29,422.19,75.73,-76270.1,5646.94,426.328,14.5894
0.132347,0,0,13.3754,0.790409,-75519.6,-5703.05,422.133,75.7342,-76280.2,5646.17,426.385,14.5937
0.132357,0,0,13.3754,0.790543,-75509.4,-5703.8,422.076,75.7385,-76290.3,5645.41,426.441,14.598
0.132367,0,0,13.3754,0.790677,-75499.2,-5704.56,422.019,75.7427,-76300.4,5644.65,426.498,14.6022
0.132377,0,0,13.3754,0.79081,-75488.9,-5705.31,421.962,75.7469,-76310.5,5643.88,426.554,14.6065
0.132387,0,0,13.3754,0.790944,-75478.7,-5706.07,421.905,75.7511,-76320.6,5643.12,426.611,14.6108
0.132397,0,0,13.3754,0.791078,-75468.5,-5706.82,421.848,75.7553,-76330.7,5642.36,426.667,14.615
0.132407,0,0,13.3754,0.791212,-75458.3,-5707.57,421.79,75.7596,-76340.8,5641.6,426.723,14.6193
0.132417,0,0,13.3754,0.791345,-75448.1,-5708.33,421.733,75.7638,-76350.9,5640.83,426.78,14.6236
0.132427,0,0,13.3754,0.791479,-75437.9,-5709.08,421.676,75.768,-76361,5640.07,426.836,14.6278
0.132437,0,0,13.3754,0.791613,-75427.7,-5709.84,421.619,75.7722,-76371.1,5639.31,426.893,14.6321
0.132447,0,0,13.3754,0.791747,-75417.5,-5710.59,421.562,75.7764,-76381.2,5638.54,426.949,14.6364
0.132457,0,0,13.3754,0.79188,-75407.3,-5711.35,421.505,75.7807,-76391.3,5637.78,427.005,14.6406
0.132467,0,0,13.3754,0.792014,-75397.1,-5712.1,421.448,75.7849,-76401.3,5637.01,427.062,14.6449
0.132477,0,0,13.3754,0.792148,-75386.8,-5712.85,421.391,75.7891,-76411.4,5636.25,427.118,14.6492
0.132487,0,0,13.3754,0.792282,-75376.6,-5713.61,421.334,75.7933,-76421.5,5635.49,427.174,14.6535
0.132497,0,0,13.3754,0.792415,-75366.4,-5714.36,421.277,75.7975,-76431.6,5634.72,427.231,14.6577
0.132507,0,0,13.3754,0.792549,-75356.2,-5715.11,421.219,75.8017,-76441.7,5633.96,427.287,14.662
0.132517,0,0,13.3754,0.792683,-75345.9,-5715.87,421.162,75.8059,-76451.8,5633.19,427.343,14.6663
0.132527,0,0,13.3754,0.792816,-75335.7,-5716.62,421.105,75.8101,-76461.8,5632.43,427.4,14.6705
0.132537,0,0,13.3754,0.79295,-75325.5,-5717.37,421.048,75.8143,-76471.9,5631.66,427.456,14.6748
0.132547,0,0,13.3754,0.793084,-75315.3,-5718.13,420.991,75.8186,-76482,5630.9,427.512,14.6791
0.132557,0,0,13.3754,0.793218,-75305,-5718.88,420.934,75.8228,-76492,5630.14,427.569,14.6834
0.132567,0,0,13.3754,0.793351,-75294.8,-5719.63,420.876,75.827,-76502.1,5629.37,427.625,14.6876
0.132577,0,0,13.3754,0.793485,-75284.6,-5720.39,420.819,75.8312,-76512.2,5628.6,427.681,14.6919
0.132587,0,0,13.3754,0.793619,-75274.3,-5721.14,420.762,75.8354,-76522.2,5627.84,427.737,14.6962
0.132597,0,0,13.3754,0.793753,-75264.1,-5721.89,420.705,75.8396,-76532.3,5627.07,427.794,14.7005
0.132607,0,0,13.3754,0.793886,-75253.9,-5722.64,420.648,75.8438,-76542.4,5626.31,427.85,14.7048
0.132617,0,0,13.3754,0.79402,-75243.6,-5723.4,420.59,75.848,-76552.4,5625.54,427.906,14.709
0.132627,0,0,13.3754,0.794154,-75233.4,-5724.15,420.533,75.8522,-76562.5,5624.78,427.962,14.7133
0.132637,0,0,13.3754,0.794288,-75223.2,-5724.9,420.476,75.8564,-76572.6,5624.01,428.019,14.7176
0.132647,0,0,13.3754,0.794421,-75212.9,-5725.65,420.419,75.8606,-76582.6,5623.25,428.075,14.7219
0.132657,0,0,13.3754,0.794555,-75202.7,-5726.4,420.361,75.8648,-76592.7,5622.48,428.131,14.7262
0.132667,0,0,13.3754,0.794689,-75192.4,-5727.16,420.304,75.869,-76602.7,5621.72,428.187,14.7304
0.132677,0,0,13.3754,0.794822,-75182.2,-5727.91,420.247,75.8732,-76612.8,5620.95,428.244,14.7347
0.132687,0,0,13.3754,0.794956,-75171.9,-5728.66,420.19,75.8774,-76622.8,5620.18,428.3,14.739
0.132697,0,0,13.3754,0.79509,-75161.7,-5729.41,420.132,75.8816,-76632.9,5619.42,428.356,14.7433
0.132707,0,0,13.3754,0.795224,-75151.4,-5730.16,420.075,75.8858,-76642.9,5618.65,428.412,14.7476
0.132717,0,0,13.3754,0.795357,-75141.2,-5730.91,420.018,75.8901,-76653,5617.88,428.468,14.7519
0.132727,0,0,13.3754,0.795491,-75130.9,-5731.67,419.96,75.8942,-76663,5617.12,428.525,14.7561
0.132737,0,0,13.3754,0.795625,-75120.7,-5732.42,419.903,75.8984,-76673.1,5616.35,428.581,14.7604
0.132747,0,0,13.3754,0.795759,-75110.4,-5733.17,419.846,75.9026,-76683.1,5615.59,428.637,14.7647
0.132757,0,0,13.3754,0.795892,-75100.2,-5733.92,419.788,75.9068,-76693.2,5614.82,428.693,14.769
0.132767,0,0,13.3754,0.796026,-75089.9,-5734.67,419.731,75.911,-76703.2,5614.05,428.749,14.7733
0.132777,0,0,13.3754,0.79616,-75079.7,-5735.42,419.674,75.9152,-76713.3,5613.28,428.805,14.7776
0.132787,0,0,13.3754,0.796294,-75069.4,-5736.17,419.616,75.9194,-76723.3,5612.52,428.861,14.7819
0.132797,0,0,13.3754,0.796427,-75059.1,-5736.92,419.559,75.9236,-76733.4,5611.75,428.917,14.7862
0.132807,0,0,13.3754,0.796561,-75048.9,-5737.67,419.502,75.9278,-76743.4,5610.98,428.974,14.7904
0.132817,0,0,13.3754,0.796695,-75038.6,-5738.42,419.444,75.932,-76753.4,5610.22,429.03,14.7947
0.132827,0,0,13.3754,0.796829,-75028.4,-5739.17,419.387,75.9362,-76763.5,5609.45,429.086,14.799
0.132837,0,0,13.3754,0.796962,-75018.1,-5739.92,419.33,75.9404,-76773.5,5608.68,429.142,14.8033
0.132847,0,0,13.3754,0.797096,-75007.8,-5740.67,419.272,75.9446,-76783.5,5607.91,429.198,14.8076
0.132857,0,0,13.3754,0.79723,-74997.5,-5741.42,419.215,75.9488,-76793.6,5607.15,429.254,14.8119
0.132867,0,0,13.3754,0.797364,-74987.3,-5742.17,419.157,75.953,-76803.6,5606.38,429.31,14.8162
0.132877,0,0,13.3754,0.797497,-74977,-5742.92,419.1,75.9572,-76813.6,5605.61,429.366,14.8205
0.132887,0,0,13.3754,0.797631,-74966.7,-5743.67,419.043,75.9614,-76823.6,5604.84,429.422,14.8248
0.132897,0,0,13.3754,0.797765,-74956.5,-5744.42,418.985,75.9656,-76833.7,5604.07,429.478,14.8291
0.132907,0,0,13.3754,0.797898,-74946.2,-5745.17,418.928,75.9697,-76843.7,5603.3,429.534,14.8334
0.132917,0,0,13.3754,0.798032,-74935.9,-5745.92,418.87,75.9739,-76853.7,5602.54,429.59,14.8377
0.132927,0,0,13.3754,0.798166,-74925.6,-5746.67,418.813,75.9781,-76863.7,5601.77,429.646,14.842
0.132937,0,0,13.3754,0.7983,-74915.3,-5747.42,418.755,75.9823,-76873.8,5601,429.702,14.8463
0.132947,0,0,13.3754,0.798433,-74905,-5748.17,418.698,75.9865,-76883.8,5600.23,429.758,14.8506
0.132957,0,0,13.3754,0.798567,-74894.8,-5748.92,418.64,75.9907,-76893.8,5599.46,429.814,14.8548
0.132967,0,0,13.3754,0.798701,-74884.5,-5749.67,418.583,75.9949,-76903.8,5598.69,429.87,14.8591
0.132977,0,0,13.3754,0.798835,-74874.2,-5750.41,418.525,75.9991,-76913.8,5597.92,429.926,14.8634
0.132987,0,0,13.3754,0.798968,-74863.9,-5751.16,418.468,76.0033,-76923.8,5597.15,429.982,14.8677
0.132997,0,0,13.3754,0.799102,-74853.6,-5751.91,418.41,76.0074,-76933.8,5596.39,430.038,14.872
0.133007,0,0,13.3754,0.799236,-74843.3,-5752.66,418.353,76.0116,-76943.8,5595.62,430.094,14.8763
0.133017,0,0,13.3754,0.79937,-74833,-5753.41,418.295,76.0158,-76953.9,5594.85,430.15,14.8806
0.133027,0,0,13.3754,0.799503,-74822.8,-5754.16,418.238,76.02,-76963.9,5594.08,430.206,14.885
0.133037,0,0,13.3754,0.799637,-74812.5,-5754.9,418.18,76.0242,-76973.9,5593.31,430.262,14.8893
0.133047,0,0,13.3754,0.799771,-74802.2,-5755.65,418.123,76.0283,-76983.9,5592.54,430.318,14.8936
0.133057,0,0,13.3754,0.799904,-74791.9,-5756.4,418.065,76.0325,-76993.9,5591.77,430.374,14.8979
0.133067,0,0,13.3754,0.800038,-74781.6,-5757.15,418.008,76.0367,-77003.9,5591,430.43,14.9022
0.133077,0,0,13.3754,0.800172,-74771.3,-5757.9,417.95,76.0409,-77013.9,5590.23,430.486,14.9065
0.133087,0,0,13.3754,0.800306,-74761,-5758.64,417.892,76.0451,-77023.9,5589.46,430.541,14.9108
0.133097,0,0,13.3754,0.800439,-74750.7,-5759.39,417.835,76.0492,-77033.9,5588.69,430.597,14.9151
0.133107,0,0,13.3754,0.800573,-74740.4,-5760.14,417.777,76.0534,-77043.9,5587.92,430.653,14.9194
0.133117,0,0,13.3754,0.800707,-74730.1,-5760.88,417.72,76.0576,-77053.9,5587.15,430.709,14.9237
0.133127,0,0,13.3754,0.800841,-74719.8,-5761.63,417.662,76.0618,-77063.9,5586.38,430.765,14.928
0.133137,0,0,13.3754,0.800974,-74709.5,-5762.38,417.604,76.0659,-77073.9,5585.61,430.821,14.9323
0.133147,0,0,13.3754,0.801108,-74699.1,-5763.13,417.547,76.0701,-77083.8,5584.84,430.877,14.9366
0.133157,0,0,13.3754,0.801242,-74688.8,-5763.87,417.489,76.0743,-77093.8,5584.06,430.932,14.9409
0.133167,0,0,13.3754,0.801376,-74678.5,-5764.62,417.432,76.0785,-77103.8,5583.29,430.988,14.9452
0.133177,0,0,13.3754,0.801509,-74668.2,-5765.37,417.374,76.0826,-77113.8,5582.52,431.044,14.9495
0.133187,0,0,13.3754,0.801643,-74657.9,-5766.11,417.316,76.0868,-77123.8,5581.75,431.1,14.9539
0.133197,0,0,13.3754,0.801777,-74647.6,-5766.86,417.259,76.091,-77133.8,5580.98,431.156,14.9582
0.133207,0,0,13.3754,0.801911,-74637.3,-5767.61,417.201,76.0952,-77143.8,5580.21,431.212,14.9625
0.133217,0,0,13.3754,0.802044,-74626.9,-5768.35,417.143,76.0993,-77153.7,5579.44,431.267,14.9668
0.133227,0,0,13.3754,0.802178,-74616.6,-5769.1,417.086,76.1035,-77163.7,5578.67,431.323,14.9711
0.133237,0,0,13.3754,0.802312,-74606.3,-5769.84,417.028,76.1077,-77173.7,5577.9,431.379,14.9754
0.133247,0,0,13.3754,0.802445,-74596,-5770.59,416.97,76.1119,-77183.7,5577.12,431.435,14.9797
0.133257,0,0,13.3754,0.802579,-74585.7,-5771.34,416.913,76.116,-77193.6,5576.35,431.49,14.984
0.133267,0,0,13.3754,0.802713,-74575.3,-5772.08,416.855,76.1202,-77203.6,5575.58,431.546,14.9884
0.133277,0,0,13.3754,0.802847,-74565,-5772.83,416.797,76.1244,-77213.6,5574.81,431.602,14.9927
0.133287,0,0,13.3754,0.80298,-74554.7,-5773.57,416.739,76.1285,-77223.6,5574.04,431.658,14.997
0.133297,0,0,13.3754,0.803114,-74544.4,-5774.32,416.682,76.1327,-77233.5,5573.26,431.713,15.0013
0.133307,0,0,13.3754,0.803248,-74534,-5775.06,416.624,76.1368,-77243.5,5572.49,431.769,15.0056
0.133317,0,0,13.3754,0.803382,-74523.7,-5775.81,416.566,76.141,-77253.5,5571.72,431.825,15.0099
0.133327,0,0,13.3754,0.803515,-74513.4,-5776.55,416.508,76.1452,-77263.4,5570.95,431.88,15.0143
0.133337,0,0,13.3754,0.803649,-74503,-5777.3,416.451,76.1493,-77273.4,5570.17,431.936,15.0186
0.133347,0,0,13.3754,0.803783,-74492.7,-5778.04,416.393,76.1535,-77283.4,5569.4,431.992,15.0229
0.133357,0,0,13.3754,0.803917,-74482.4,-5778.79,416.335,76.1577,-77293.3,5568.63,432.048,15.0272
0.133367,0,0,13.3754,0.80405,-74472,-5779.53,416.277,76.1618,-77303.3,5567.86,432.103,15.0315
0.133377,0,0,13.3754,0.804184,-74461.7,-5780.28,416.22,76.166,-77313.2,5567.08,432.159,15.0359
0.133387,0,0,13.3754,0.804318,-74451.4,-5781.02,416.162,76.1702,-77323.2,5566.31,432.215,15.0402
0.133397,0,0,13.3754,0.804451,-74441,-5781.77,416.104,76.1743,-77333.2,5565.54,432.27,15.0445
0.133407,0,0,13.3754,0.804585,-74430.7,-5782.51,416.046,76.1785,-77343.1,5564.76,432.326,15.0488
0.133417,0,0,13.3754,0.804719,-74420.3,-5783.25,415.988,76.1826,-77353.1,5563.99,432.382,15.0532
0.133427,0,0,13.3754,0.804853,-74410,-5784,415.93,76.1868,-77363,5563.22,432.437,15.0575
0.133437,0,0,13.3754,0.804986,-74399.6,-5784.74,415.873,76.191,-77373,5562.44,432.493,15.0618
0.133447,0,0,13.3754,0.80512,-74389.3,-5785.49,415.815,76.1951,-77382.9,5561.67,432.548,15.0661
0.133457,0,0,13.3754,0.805254,-74378.9,-5786.23,415.757,76.1993,-77392.9,5560.9,432.604,15.0705
0.133467,0,0,13.3754,0.805388,-74368.6,-5786.97,415.699,76.2034,-77402.8,5560.12,432.66,15.0748
0.133477,0,0,13.3754,0.805521,-74358.2,-5787.72,415.641,76.2076,-77412.8,5559.35,432.715,15.0791
0.133487,0,0,13.3754,0.805655,-74347.9,-5788.46,415.583,76.2118,-77422.7,5558.57,432.771,15.0834
0.133497,0,0,13.3754,0.805789,-74337.5,-5789.2,415.525,76.2159,-77432.6,5557.8,432.826,15.0878
0.133507,0,0,13.3754,0.805923,-74327.2,-5789.95,415.468,76.2201,-77442.6,5557.02,432.882,15.0921
0.133517,0,0,13.3754,0.806056,-74316.8,-5790.69,415.41,76.2242,-77452.5,5556.25,432.937,15.0964
0.133527,0,0,13.3754,0.80619,-74306.4,-5791.43,415.352,76.2284,-77462.5,5555.48,432.993,15.1008
0.133537,0,0,13.3754,0.806324,-74296.1,-5792.18,415.294,76.2325,-77472.4,5554.7,433.049,15.1051
0.133547,0,0,13.3754,0.806458,-74285.7,-5792.92,415.236,76.2367,-77482.3,5553.93,433.104,15.1094
0.133557,0,0,13.3754,0.806591,-74275.4,-5793.66,415.178,76.2408,-77492.3,5553.15,433.16,15.1137
0.133567,0,0,13.3754,0.806725,-74265,-5794.4,415.12,76.245,-77502.2,5552.38,433.215,15.1181
0.133577,0,0,13.3754,0.806859,-74254.6,-5795.15,415.062,76.2491,-77512.1,5551.6,433.271,15.1224
0.133587,0,0,13.3754,0.806992,-74244.3,-5795.89,415.004,76.2533,-77522.1,5550.83,433.326,15.1267
0.133597,0,0,13.3754,0.807126,-74233.9,-5796.63,414.946,76.2574,-77532,5550.05,433.382,15.1311
0.133607,0,0,13.3754,0.80726,-74223.5,-5797.37,414.888,76.2616,-77541.9,5549.28,433.437,15.1354
0.133617,0,0,13.3754,0.807394,-74213.2,-5798.12,414.83,76.2657,-77551.8,5548.5,433.493,15.1397
0.133627,0,0,13.3754,0.807527,-74202.8,-5798.86,414.772,76.2699,-77561.8,5547.73,433.548,15.1441
0.133637,0,0,13.3754,0.807661,-74192.4,-5799.6,414.714,76.274,-77571.7,5546.95,433.604,15.1484
0.133647,0,0,13.3754,0.807795,-74182,-5800.34,414.656,76.2782,-77581.6,5546.17,433.659,15.1528
0.133657,0,0,13.3754,0.807929,-74171.7,-5801.08,414.598,76.2823,-77591.5,5545.4,433.714,15.1571
0.133667,0,0,13.3754,0.808062,-74161.3,-5801.82,414.54,76.2865,-77601.4,5544.62,433.77,15.1614
0.133677,0,0,13.3754,0.808196,-74150.9,-5802.57,414.482,76.2906,-77611.4,5543.85,433.825,15.1658
0.133687,0,0,13.3754,0.80833,-74140.5,-5803.31,414.424,76.2948,-77621.3,5543.07,433.881,15.1701
0.133697,0,0,13.3754,0.808464,-74130.1,-5804.05,414.366,76.2989,-77631.2,5542.29,433.936,15.1744
0.133707,0,0,13.3754,0.808597,-74119.8,-5804.79,414.308,76.303,-77641.1,5541.52,433.992,15.1788
0.133717,0,0,13.3754,0.808731,-74109.4,-5805.53,414.25,76.3072,-77651,5540.74,434.047,15.1831
0.133727,0,0,13.3754,0.808865,-74099,-5806.27,414.192,76.3113,-77660.9,5539.97,434.102,15.1875
0.133737,0,0,13.3754,0.808998,-74088.6,-5807.01,414.134,76.3155,-77670.8,5539.19,434.158,15.1918
0.133747,0,0,13.3754,0.809132,-74078.2,-5807.75,414.076,76.3196,-77680.7,5538.41,434.213,15.1961
0.133757,0,0,13.3754,0.809266,-74067.8,-5808.49,414.018,76.3238,-77690.7,5537.64,434.269,15.2005
0.133767,0,0,13.3754,0.8094,-74057.4,-5809.23,413.96,76.3279,-77700.6,5536.86,434.324,15.2048
0.133777,0,0,13.3754,0.809533,-74047,-5809.98,413.902,76.332,-77710.5,5536.08,434.379,15.2092
0.133787,0,0,13.3754,0.809667,-74036.7,-5810.72,413.844,76.3362,-77720.4,5535.31,434.435,15.2135
0.133797,0,0,13.3754,0.809801,-74026.2,-5811.46,413.786,76.3403,-77730.3,5534.53,434.49,15.2179
0.133807,0,0,13.3754,0.809935,-74015.9,-5812.2,413.727,76.3444,-77740.2,5533.75,434.545,15.2222
0.133817,0,0,13.3754,0.810068,-74005.5,-5812.94,413.669,76.3486,-77750.1,5532.97,434.601,15.2266
0.133827,0,0,13.3754,0.810202,-73995.1,-5813.68,413.611,76.3527,-77760,5532.2,434.656,15.2309
0.133837,0,0,13.3754,0.810336,-73984.7,-5814.42,413.553,76.3568,-77769.9,5531.42,434.711,15.2352
0.133847,0,0,13.3754,0.81047,-73974.3,-5815.16,413.495,76.361,-77779.8,5530.64,434.767,15.2396
0.133857,0,0,13.3754,0.810603,-73963.9,-5815.89,413.437,76.3651,-77789.6,5529.86,434.822,15.2439
0.133867,0,0,13.3754,0.810737,-73953.5,-5816.63,413.379,76.3693,-77799.5,5529.08,434.877,15.2483
0.133877,0,0,13.3754,0.810871,-73943.1,-5817.37,413.32,76.3734,-77809.4,5528.31,434.932,15.2526
0.133887,0,0,13.3754,0.811005,-73932.6,-5818.11,413.262,76.3775,-77819.3,5527.53,434.988,15.257
0.133897,0,0,13.3754,0.811138,-73922.2,-5818.85,413.204,76.3817,-77829.2,5526.75,435.043,15.2613
0.133907,0,0,13.3754,0.811272,-73911.8,-5819.59,413.146,76.3858,-77839.1,5525.97,435.098,15.2657
0.133917,0,0,13.3754,0.811406,-73901.4,-5820.33,413.088,76.3899,-77849,5525.19,435.153,15.27
0.133927,0,0,13.3754,0.811539,-73891,-5821.07,413.03,76.3941,-77858.8,5524.42,435.209,15.2744
0.133937,0,0,13.3754,0.811673,-73880.6,-5821.81,412.971,76.3982,-77868.7,5523.64,435.264,15.2787
0.133947,0,0,13.3754,0.811807,-73870.2,-5822.55,412.913,76.4023,-77878.6,5522.86,435.319,15.2831
0.133957,0,0,13.3754,0.811941,-73859.8,-5823.28,412.855,76.4064,-77888.5,5522.08,435.374,15.2875
0.133967,0,0,13.3754,0.812074,-73849.3,-5824.02,412.797,76.4106,-77898.4,5521.3,435.43,15.2918
0.133977,0,0,13.3754,0.812208,-73838.9,-5824.76,412.738,76.4147,-77908.2,5520.52,435.485,15.2962
0.133987,0,0,13.3754,0.812342,-73828.5,-5825.5,412.68,76.4188,-77918.1,5519.74,435.54,15.3005
0.133997,0,0,13.3754,0.812476,-73818.1,-5826.24,412.622,76.4229,-77928,5518.96,435.595,15.3049
0.134007,0,0,13.3754,0.812609,-73807.7,-5826.98,412.564,76.4271,-77937.9,5518.18,435.65,15.3092
0.134017,0,0,13.3754,0.812743,-73797.2,-5827.71,412.505,76.4312,-77947.7,5517.41,435.705,15.3136
0.134027,0,0,13.3754,0.812877,-73786.8,-5828.45,412.447,76.4353,-77957.6,5516.63,435.761,15.3179
0.134037,0,0,13.3754,0.813011,-73776.4,-5829.19,412.389,76.4395,-77967.5,5515.85,435.816,15.3223
0.134047,0,0,13.3754,0.813144,-73766,-5829.93,412.331,76.4436,-77977.3,5515.07,435.871,15.3267
0.134057,0,0,13.3754,0.813278,-73755.5,-5830.67,412.272,76.4477,-77987.2,5514.29,435.926,15.331
0.134067,0,0,13.3754,0.813412,-73745.1,-5831.4,412.214,76.4518,-77997.1,5513.51,435.981,15.3354
0.134077,0,0,13.3754,0.813546,-73734.7,-5832.14,412.156,76.4559,-78006.9,5512.73,436.036,15.3397
0.134087,0,0,13.3754,0.813679,-73724.2,-5832.88,412.097,76.4601,-78016.8,5511.95,436.091,15.3441
0.134097,0,0,13.3754,0.813813,-73713.8,-5833.61,412.039,76.4642,-78026.6,5511.17,436.147,15.3485
0.134107,0,0,13.3754,0.813947,-73703.4,-5834.35,411.981,76.4683,-78036.5,5510.39,436.202,15.3528
0.134117,0,0,13.3754,0.81408,-73692.9,-5835.09,411.922,76.4724,-78046.3,5509.61,436.257,15.3572
0.134127,0,0,13.3754,0.814214,-73682.5,-5835.82,411.864,76.4765,-78056.2,5508.83,436.312,15.3615
0.134137,0,0,13.3754,0.814348,-73672.1,-5836.56,411.806,76.4807,-78066.1,5508.05,436.367,15.3659
0.134147,0,0,13.3754,0.814482,-73661.6,-5837.3,411.747,76.4848,-78075.9,5507.27,436.422,15.3703
0.134157,0,0,13.3754,0.814615,-73651.2,-5838.03,411.689,76.4889,-78085.8,5506.48,436.477,15.3746
0.134167,0,0,13.3754,0.814749,-73640.7,-5838.77,411.631,76.493,-78095.6,5505.7,436.532,15.379
0.134177,0,0,13.3754,0.814883,-73630.3,-5839.51,411.572,76.4971,-78105.5,5504.92,436.587,15.3834
0.134187,0,0,13.3754,0.815017,-73619.8,-5840.24,411.514,76.5012,-78115.3,5504.14,436.642,15.3877
0.134197,0,0,13.3754,0.81515,-73609.4,-5840.98,411.455,76.5053,-78125.1,5503.36,436.697,15.3921
0.134207,0,0,13.3754,0.815284,-73598.9,-5841.72,411.397,76.5095,-78135,5502.58,436.752,15.3965
0.134217,0,0,13.3754,0.815418,-73588.5,-5842.45,411.339,76.5136,-78144.8,5501.8,436.807,15.4008
0.134227,0,0,13.3754,0.815552,-73578,-5843.19,411.28,76.5177,-78154.7,5501.02,436.862,15.4052
0.134237,0,0,13.3754,0.815685,-73567.6,-5843.92,411.222,76.5218,-78164.5,5500.24,436.917,15.4096
0.134247,0,0,13.3754,0.815819,-73557.1,-5844.66,411.163,76.5259,-78174.4,5499.45,436.972,15.4139
0.134257,0,0,13.3754,0.815953,-73546.7,-5845.39,411.105,76.53,-78184.2,5498.67,437.027,15.4183
0.134267,0,0,13.3754,0.816087,-73536.2,-5846.13,411.046,76.5341,-78194,5497.89,437.082,15.4227
0.134277,0,0,13.3754,0.81622,-73525.8,-5846.86,410.988,76.5382,-78203.9,5497.11,437.137,15.4271
0.134287,0,0,13.3754,0.816354,-73515.3,-5847.6,410.929,76.5424,-78213.7,5496.33,437.192,15.4314
0.134297,0,0,13.3754,0.816488,-73504.8,-5848.33,410.871,76.5465,-78223.5,5495.54,437.247,15.4358
0.134307,0,0,13.3754,0.816621,-73494.4,-5849.07,410.813,76.5506,-78233.3,5494.76,437.302,15.4402
0.134317,0,0,13.3754,0.816755,-73483.9,-5849.8,410.754,76.5547,-78243.2,5493.98,437.357,15.4445
0.134327,0,0,13.3754,0.816889,-73473.4,-5850.54,410.696,76.5588,-78253,5493.2,437.412,15.4489
0.134337,0,0,13.3754,0.817023,-73463,-5851.27,410.637,76.5629,-78262.8,5492.41,437.467,15.4533
0.134347,0,0,13.3754,0.817156,-73452.5,-5852.01,410.579,76.567,-78272.7,5491.63,437.522,15.4577
0.134357,0,0,13.3754,0.81729,-73442,-5852.74,410.52,76.5711,-78282.5,5490.85,437.577,15.462
0.134367,0,0,13.3754,0.817424,-73431.6,-5853.48,410.461,76.5752,-78292.3,5490.07,437.632,15.4664
0.134377,0,0,13.3754,0.817558,-73421.1,-5854.21,410.403,76.5793,-78302.1,5489.28,437.686,15.4708
0.134387,0,0,13.3754,0.817691,-73410.6,-5854.94,410.344,76.5834,-78311.9,5488.5,437.741,15.4752
0.134397,0,0,13.3754,0.817825,-73400.2,-5855.68,410.286,76.5875,-78321.8,5487.72,437.796,15.4795
0.134407,0,0,13.3754,0.817959,-73389.7,-5856.41,410.227,76.5916,-78331.6,5486.94,437.851,15.4839
0.134417,0,0,13.3754,0.818093,-73379.2,-5857.15,410.169,76.5957,-78341.4,5486.15,437.906,15.4883
0.134427,0,0,13.3754,0.818226,-73368.7,-5857.88,410.11,76.5998,-78351.2,5485.37,437.961,15.4927
0.134437,0,0,13.3754,0.81836,-73358.3,-5858.61,410.052,76.6039,-78361,5484.58,438.016,15.4971
0.134447,0,0,13.3754,0.818494,-73347.8,-5859.35,409.993,76.608,-78370.8,5483.8,438.07,15.5014
0.134457,0,0,13.3754,0.818627,-73337.3,-5860.08,409.934,76.6121,-78380.6,5483.02,438.125,15.5058
0.134467,0,0,13.3754,0.818761,-73326.8,-5860.81,409.876,76.6162,-78390.4,5482.23,438.18,15.5102
0.134477,0,0,13.3754,0.818895,-73316.3,-5861.55,409.817,76.6203,-78400.2,5481.45,438.235,15.5146
0.134487,0,0,13.3754,0.819029,-73305.8,-5862.28,409.759,76.6244,-78410,5480.67,438.29,15.519
0.134497,0,0,13.3754,0.819162,-73295.4,-5863.01,409.7,76.6285,-78419.9,5479.88,438.345,15.5234
0.134507,0,0,13.3754,0.819296,-73284.9,-5863.74,409.641,76.6326,-78429.6,5479.1,438.399,15.5277
0.134517,0,0,13.3754,0.81943,-73274.4,-5864.48,409.583,76.6367,-78439.4,5478.31,438.454,15.5321
0.134527,0,0,13.3754,0.819564,-73263.9,-5865.21,409.524,76.6408,-78449.2,5477.53,438.509,15.5365
0.134537,0,0,13.3754,0.819697,-73253.4,-5865.94,409.465,76.6449,-78459,5476.74,438.564,15.5409
0.134547,0,0,13.3754,0.819831,-73242.9,-5866.68,409.407,76.649,-78468.8,5475.96,438.618,15.5453
0.134557,0,0,13.3754,0.819965,-73232.4,-5867.41,409.348,76.6531,-78478.6,5475.18,438.673,15.5497
0.134567,0,0,13.3754,0.820099,-73221.9,-5868.14,409.289,76.6572,-78488.4,5474.39,438.728,15.5541
0.134577,0,0,13.3754,0.820232,-73211.4,-5868.87,409.231,76.6613,-78498.2,5473.61,438.783,15.5584
0.134587,0,0,13.3754,0.820366,-73200.9,-5869.6,409.172,76.6654,-78508,5472.82,438.837,15.5628
0.134597,0,0,13.3754,0.8205,-73190.4,-5870.33,409.113,76.6695,-78517.8,5472.04,438.892,15.5672
0.134607,0,0,13.3754,0.820634,-73179.9,-5871.07,409.055,76.6736,-78527.6,5471.25,438.947,15.5716
0.134617,0,0,13.3754,0.820767,-73169.4,-5871.8,408.996,76.6776,-78537.4,5470.47,439.001,15.576
0.134627,0,0,13.3754,0.820901,-73158.9,-5872.53,408.937,76.6817,-78547.2,5469.68,439.056,15.5804
0.134637,0,0,13.3754,0.821035,-73148.4,-5873.26,408.879,76.6858,-78556.9,5468.9,439.111,15.5848
0.134647,0,0,13.3754,0.821168,-73137.9,-5873.99,408.82,76.6899,-78566.7,5468.11,439.165,15.5892
0.134657,0,0,13.3754,0.821302,-73127.4,-5874.72,408.761,76.694,-78576.5,5467.32,439.22,15.5936
0.134667,0,0,13.3754,0.821436,-73116.9,-5875.46,408.702,76.6981,-78586.3,5466.54,439.275,15.598
0.134677,0,0,13.3754,0.82157,-73106.4,-5876.19,408.644,76.7022,-78596.1,5465.75,439.329,15.6023
0.134687,0,0,13.3754,0.821703,-73095.8,-5876.92,408.585,76.7063,-78605.8,5464.97,439.384,15.6067
0.134697,0,0,13.3754,0.821837,-73085.3,-5877.65,408.526,76.7104,-78615.6,5464.18,439.439,15.6111
0.134707,0,0,13.3754,0.821971,-73074.8,-5878.38,408.467,76.7144,-78625.4,5463.39,439.493,15.6155
0.134717,0,0,13.3754,0.822105,-73064.3,-5879.11,408.409,76.7185,-78635.2,5462.61,439.548,15.6199
0.134727,0,0,13.3754,0.822238,-73053.8,-5879.84,408.35,76.7226,-78644.9,5461.82,439.603,15.6243
0.134737,0,0,13.3754,0.822372,-73043.3,-5880.57,408.291,76.7267,-78654.7,5461.04,439.657,15.6287
0.134747,0,0,13.3754,0.822506,-73032.8,-5881.3,408.232,76.7308,-78664.5,5460.25,439.712,15.6331
0.134757,0,0,13.3754,0.82264,-73022.2,-5882.03,408.173,76.7348,-78674.2,5459.46,439.766,15.6375
0.134767,0,0,13.3754,0.822773,-73011.7,-5882.76,408.115,76.7389,-78684,5458.68,439.821,15.6419
0.134777,0,0,13.3754,0.822907,-73001.2,-5883.49,408.056,76.743,-78693.8,5457.89,439.876,15.6463
0.134787,0,0,13.3754,0.823041,-72990.7,-5884.22,407.997,76.7471,-78703.5,5457.1,439.93,15.6507
0.134797,0,0,13.3754,0.823174,-72980.1,-5884.95,407.938,76.7512,-78713.3,5456.31,439.985,15.6551
0.134807,0,0,13.3754,0.823308,-72969.6,-5885.68,407.879,76.7553,-78723,5455.53,440.039,15.6595
0.134817,0,0,13.3754,0.823442,-72959.1,-5886.41,407.82,76.7593,-78732.8,5454.74,440.094,15.6639
0.134827,0,0,13.3754,0.823576,-72948.5,-5887.14,407.761,76.7634,-78742.6,5453.95,440.148,15.6683
0.134837,0,0,13.3754,0.823709,-72938,-5887.87,407.703,76.7675,-78752.3,5453.17,440.203,15.6727
0.134847,0,0,13.3754,0.823843,-72927.5,-5888.6,407.644,76.7716,-78762.1,5452.38,440.257,15.6771
0.134857,0,0,13.3754,0.823977,-72916.9,-5889.33,407.585,76.7756,-78771.8,5451.59,440.312,15.6815
0.134867,0,0,13.3754,0.824111,-72906.4,-5890.06,407.526,76.7797,-78781.6,5450.8,440.366,15.6859
0.134877,0,0,13.3754,0.824244,-72895.9,-5890.78,407.467,76.7838,-78791.3,5450.02,440.421,15.6903
0.134887,0,0,13.3754,0.824378,-72885.3,-5891.51,407.408,76.7879,-78801.1,5449.23,440.475,15.6947
0.134897,0,0,13.3754,0.824512,-72874.8,-5892.24,407.349,76.7919,-78810.8,5448.44,440.53,15.6991
0.134907,0,0,13.3754,0.824646,-72864.3,-5892.97,407.29,76.796,-78820.6,5447.65,440.584,15.7035
0.134917,0,0,13.3754,0.824779,-72853.7,-5893.7,407.231,76.8001,-78830.3,5446.86,440.639,15.7079
0.134927,0,0,13.3754,0.824913,-72843.2,-5894.43,407.173,76.8042,-78840,5446.08,440.693,15.7124
0.134937,0,0,13.3754,0.825047,-72832.6,-5895.16,407.114,76.8082,-78849.8,5445.29,440.748,15.7168
0.134947,0,0,13.3754,0.825181,-72822.1,-5895.88,407.055,76.8123,-78859.5,5444.5,440.802,15.7212
0.134957,0,0,13.3754,0.825314,-72811.5,-5896.61,406.996,76.8164,-78869.3,5443.71,440.857,15.7256
0.134967,0,0,13.3754,0.825448,-72801,-5897.34,406.937,76.8204,-78879,5442.92,440.911,15.73
0.134977,0,0,13.3754,0.825582,-72790.4,-5898.07,406.878,76.8245,-78888.7,5442.13,440.965,15.7344
0.134987,0,0,13.3754,0.825715,-72779.9,-5898.8,406.819,76.8286,-78898.5,5441.34,441.02,15.7388
0.134997,0,0,13.3754,0.825849,-72769.3,-5899.52,406.76,76.8326,-78908.2,5440.56,441.074,15.7432
0.135007,0,0,13.3754,0.825983,-72758.8,-5900.25,406.701,76.8367,-78917.9,5439.77,441.129,15.7476
0.135017,0,0,13.3754,0.826117,-72748.2,-5900.98,406.642,76.8408,-78927.7,5438.98,441.183,15.752
0.135027,0,0,13.3754,0.82625,-72737.7,-5901.71,406.583,76.8448,-78937.4,5438.19,441.237,15.7564
0.135037,0,0,13.3754,0.826384,-72727.1,-5902.43,406.524,76.8489,-78947.1,5437.4,441.292,15.7609
0.135047,0,0,13.3754,0.826518,-72716.6,-5903.16,406.465,76.853,-78956.8,5436.61,441.346,15.7653
0.135057,0,0,13.3754,0.826652,-72706,-5903.89,406.406,76.857,-78966.6,5435.82,441.401,15.7697
0.135067,0,0,13.3754,0.826785,-72695.4,-5904.61,406.347,76.8611,-78976.3,5435.03,441.455,15.7741
0.135077,0,0,13.3754,0.826919,-72684.9,-5905.34,406.288,76.8652,-78986,5434.24,441.509,15.7785
0.135087,0,0,13.3754,0.827053,-72674.3,-5906.07,406.229,76.8692,-78995.7,5433.45,441.564,15.7829
0.135097,0,0,13.3754,0.827187,-72663.7,-5906.79,406.17,76.8733,-79005.5,5432.66,441.618,15.7873
0.135107,0,0,13.3754,0.82732,-72653.2,-5907.52,406.11,76.8773,-79015.2,5431.87,441.672,15.7918
0.135117,0,0,13.3754,0.827454,-72642.6,-5908.25,406.051,76.8814,-79024.9,5431.08,441.727,15.7962
0.135127,0,0,13.3754,0.827588,-72632,-5908.97,405.992,76.8855,-79034.6,5430.29,441.781,15.8006
0.135137,0,0,13.3754,0.827721,-72621.5,-5909.7,405.933,76.8895,-79044.3,5429.5,441.835,15.805
0.135147,0,0,13.3754,0.827855,-72610.9,-5910.43,405.874,76.8936,-79054,5428.71,441.889,15.8094
0.135157,0,0,13.3754,0.827989,-72600.3,-5911.15,405.815,76.8976,-79063.7,5427.92,441.944,15.8139
0.135167,0,0,13.3754,0.828123,-72589.8,-5911.88,405.756,76.9017,-79073.4,5427.13,441.998,15.8183
0.135177,0,0,13.3754,0.828256,-72579.2,-5912.6,405.697,76.9058,-79083.1,5426.34,442.052,15.8227
0.135187,0,0,13.3754,0.82839,-72568.6,-5913.33,405.638,76.9098,-79092.9,5425.55,442.106,15.8271
0.135197,0,0,13.3754,0.828524,-72558,-5914.05,405.579,76.9139,-79102.6,5424.76,442.161,15.8315
0.135207,0,0,13.3754,0.828658,-72547.4,-5914.78,405.519,76.9179,-79112.3,5423.97,442.215,15.836
0.135217,0,0,13.3754,0.828791,-72536.9,-5915.5,405.46,76.922,-79122,5423.17,442.269,15.8404
0.135227,0,0,13.3754,0.828925,-72526.3,-5916.23,405.401,76.926,-79131.7,5422.38,442.323,15.8448
0.135237,0,0,13.3754,0.829059,-72515.7,-5916.96,405.342,76.9301,-79141.4,5421.59,442.378,15.8492
0.135247,0,0,13.3754,0.829193,-72505.1,-5917.68,405.283,76.9341,-79151.1,5420.8,442.432,15.8537
0.135257,0,0,13.3754,0.829326,-72494.5,-5918.41,405.224,76.9382,-79160.8,5420.01,442.486,15.8581
0.135267,0,0,13.3754,0.82946,-72483.9,-5919.13,405.164,76.9422,-79170.4,5419.22,442.54,15.8625
0.135277,0,0,13.3754,0.829594,-72473.4,-5919.85,405.105,76.9463,-79180.1,5418.43,442.594,15.8669
0.135287,0,0,13.3754,0.829728,-72462.8,-5920.58,405.046,76.9503,-79189.8,5417.63,442.648,15.8714
0.135297,0,0,13.3754,0.829861,-72452.2,-5921.3,404.987,76.9544,-79199.5,5416.84,442.703,15.8758
0.135307,0,0,13.3754,0.829995,-72441.6,-5922.03,404.928,76.9584,-79209.2,5416.05,442.757,15.8802
0.135317,0,0,13.3754,0.830129,-72431,-5922.75,404.868,76.9625,-79218.9,5415.26,442.811,15.8846
0.135327,0,0,13.3754,0.830263,-72420.4,-5923.48,404.809,76.9665,-79228.6,5414.47,442.865,15.8891
0.135337,0,0,13.3754,0.830396,-72409.8,-5924.2,404.75,76.9706,-79238.3,5413.67,442.919,15.8935
0.135347,0,0,13.3754,0.83053,-72399.2,-5924.92,404.691,76.9746,-79247.9,5412.88,442.973,15.8979
0.135357,0,0,13.3754,0.830664,-72388.6,-5925.65,404.632,76.9787,-79257.6,5412.09,443.027,15.9024
0.135367,0,0,13.3754,0.830797,-72378,-5926.37,404.572,76.9827,-79267.3,5411.3,443.082,15.9068
0.135377,0,0,13.3754,0.830931,-72367.4,-5927.1,404.513,76.9868,-79277,5410.5,443.136,15.9112
0.135387,0,0,13.3754,0.831065,-72356.8,-5927.82,404.454,76.9908,-79286.7,5409.71,443.19,15.9156
0.135397,0,0,13.3754,0.831199,-72346.2,-5928.54,404.394,76.9949,-79296.3,5408.92,443.244,15.9201
0.135407,0,0,13.3754,0.831332,-72335.6,-5929.27,404.335,76.9989,-79306,5408.13,443.298,15.9245
0.135417,0,0,13.3754,0.831466,-72325,-5929.99,404.276,77.0029,-79315.7,5407.33,443.352,15.9289
0.135427,0,0,13.3754,0.8316,-72314.4,-5930.71,404.217,77.007,-79325.4,5406.54,443.406,15.9334
0.135437,0,0,13.3754,0.831734,-72303.8,-5931.44,404.157,77.011,-79335,5405.75,443.46,15.9378
0.135447,0,0,13.3754,0.831867,-72293.1,-5932.16,404.098,77.0151,-79344.7,5404.95,443.514,15.9422
0.135457,0,0,13.3754,0.832001,-72282.5,-5932.88,404.039,77.0191,-79354.4,5404.16,443.568,15.9467
0.135467,0,0,13.3754,0.832135,-72271.9,-5933.6,403.979,77.0232,-79364,5403.37,443.622,15.9511
0.135477,0,0,13.3754,0.832269,-72261.3,-5934.33,403.92,77.0272,-79373.7,5402.57,443.676,15.9556
0.135487,0,0,13.3754,0.832402,-72250.7,-5935.05,403.861,77.0312,-79383.4,5401.78,443.73,15.96
0.135497,0,0,13.3754,0.832536,-72240.1,-5935.77,403.801,77.0353,-79393,5400.98,443.784,15.9644
0.135507,0,0,13.3754,0.83267,-72229.5,-5936.49,403.742,77.0393,-79402.7,5400.19,443.838,15.9689
0.135517,0,0,13.3754,0.832803,-72218.8,-5937.22,403.683,77.0433,-79412.3,5399.4,443.892,15.9733
0.135527,0,0,13.3754,0.832937,-72208.2,-5937.94,403.623,77.0474,-79422,5398.6,443.946,15.9777
0.135537,0,0,13.3754,0.833071,-72197.6,-5938.66,403.564,77.0514,-79431.7,5397.81,444,15.9822
0.135547,0,0,13.3754,0.833205,-72187,-5939.38,403.504,77.0555,-79441.3,5397.01,444.054,15.9866
0.135557,0,0,13.3754,0.833338,-72176.3,-5940.1,403.445,77.0595,-79451,5396.22,444.108,15.9911
0.135567,0,0,13.3754,0.833472,-72165.7,-5940.82,403.386,77.0635,-79460.6,5395.43,444.162,15.9955
0.135577,0,0,13.3754,0.833606,-72155.1,-5941.55,403.326,77.0676,-79470.3,5394.63,444.216,15.9999
0.135587,0,0,13.3754,0.83374,-72144.5,-5942.27,403.267,77.0716,-79479.9,5393.84,444.27,16.0044
0.135597,0,0,13.3754,0.833873,-72133.8,-5942.99,403.207,77.0756,-79489.6,5393.04,444.324,16.0088
0.135607,0,0,13.3754,0.834007,-72123.2,-5943.71,403.148,77.0797,-79499.2,5392.25,444.378,16.0133
0.135617,0,0,13.3754,0.834141,-72112.6,-5944.43,403.089,77.0837,-79508.9,5391.45,444.432,16.0177
0.135627,0,0,13.3754,0.834275,-72101.9,-5945.15,403.029,77.0877,-79518.5,5390.66,444.486,16.0222
0.135637,0,0,13.3754,0.834408,-72091.3,-5945.87,402.97,77.0917,-79528.1,5389.86,444.54,16.0266
0.135647,0,0,13.3754,0.834542,-72080.7,-5946.59,402.91,77.0958,-79537.8,5389.07,444.593,16.0311
0.135657,0,0,13.3754,0.834676,-72070,-5947.31,402.851,77.0998,-79547.4,5388.27,444.647,16.0355
0.135667,0,0,13.3754,0.83481,-72059.4,-5948.04,402.791,77.1038,-79557.1,5387.48,444.701,16.0399
0.135677,0,0,13.3754,0.834943,-72048.7,-5948.76,402.732,77.1079,-79566.7,5386.68,444.755,16.0444
0.135687,0,0,13.3754,0.835077,-72038.1,-5949.48,402.672,77.1119,-79576.3,5385.88,444.809,16.0488
0.135697,0,0,13.3754,0.835211,-72027.5,-5950.2,402.613,77.1159,-79586,5385.09,444.863,16.0533
0.135707,0,0,13.3754,0.835344,-72016.8,-5950.92,402.553,77.1199,-79595.6,5384.29,444.917,16.0577
0.135717,0,0,13.3754,0.835478,-72006.2,-5951.64,402.494,77.124,-79605.2,5383.5,444.97,16.0622
0.135727,0,0,13.3754,0.835612,-71995.5,-5952.36,402.434,77.128,-79614.9,5382.7,445.024,16.0666
0.135737,0,0,13.3754,0.835746,-71984.9,-5953.08,402.375,77.132,-79624.5,5381.91,445.078,16.0711
0.135747,0,0,13.3754,0.835879,-71974.2,-5953.8,402.315,77.136,-79634.1,5381.11,445.132,16.0755
0.135757,0,0,13.3754,0.836013,-71963.6,-5954.52,402.256,77.1401,-79643.7,5380.31,445.186,16.08
0.135767,0,0,13.3754,0.836147,-71952.9,-5955.23,402.196,77.1441,-79653.4,5379.52,445.239,16.0844
0.135777,0,0,13.3754,0.836281,-71942.3,-5955.95,402.137,77.1481,-79663,5378.72,445.293,16.0889
0.135787,0,0,13.3754,0.836414,-71931.6,-5956.67,402.077,77.1521,-79672.6,5377.92,445.347,16.0934
0.135797,0,0,13.3754,0.836548,-71921,-5957.39,402.018,77.1561,-79682.2,5377.13,445.401,16.0978
0.135807,0,0,13.3754,0.836682,-71910.3,-5958.11,401.958,77.1602,-79691.8,5376.33,445.455,16.1023
0.135817,0,0,13.3754,0.836816,-71899.6,-5958.83,401.898,77.1642,-79701.5,5375.53,445.508,16.1067
0.135827,0,0,13.3754,0.836949,-71889,-5959.55,401.839,77.1682,-79711.1,5374.74,445.562,16.1112
0.135837,0,0,13.3754,0.837083,-71878.3,-5960.27,401.779,77.1722,-79720.7,5373.94,445.616,16.1156
0.135847,0,0,13.3754,0.837217,-71867.7,-5960.99,401.72,77.1762,-79730.3,5373.14,445.67,16.1201
0.135857,0,0,13.3754,0.83735,-71857,-5961.71,401.66,77.1803,-79739.9,5372.34,445.723,16.1245
0.135867,0,0,13.3754,0.837484,-71846.3,-5962.42,401.6,77.1843,-79749.5,5371.55,445.777,16.129
0.135877,0,0,13.3754,0.837618,-71835.7,-5963.14,401.541,77.1883,-79759.1,5370.75,445.831,16.1335
0.135887,0,0,13.3754,0.837752,-71825,-5963.86,401.481,77.1923,-79768.7,5369.95,445.884,16.1379
0.135897,0,0,13.3754,0.837885,-71814.3,-5964.58,401.422,77.1963,-79778.3,5369.15,445.938,16.1424
0.135907,0,0,13.3754,0.838019,-71803.7,-5965.3,401.362,77.2003,-79787.9,5368.36,445.992,16.1468
0.135917,0,0,13.3754,0.838153,-71793,-5966.01,401.302,77.2043,-79797.5,5367.56,446.045,16.1513
0.135927,0,0,13.3754,0.838287,-71782.3,-5966.73,401.243,77.2084,-79807.1,5366.76,446.099,16.1558
0.135937,0,0,13.3754,0.83842,-71771.6,-5967.45,401.183,77.2124,-79816.7,5365.96,446.153,16.1602
0.135947,0,0,13.3754,0.838554,-71761,-5968.17,401.123,77.2164,-79826.3,5365.16,446.206,16.1647
0.135957,0,0,13.3754,0.838688,-71750.3,-5968.89,401.064,77.2204,-79835.9,5364.37,446.26,16.1691
0.135967,0,0,13.3754,0.838822,-71739.6,-5969.6,401.004,77.2244,-79845.5,5363.57,446.314,16.1736
0.135977,0,0,13.3754,0.838955,-71728.9,-5970.32,400.944,77.2284,-79855.1,5362.77,446.367,16.1781
0.135987,0,0,13.3754,0.839089,-71718.3,-5971.04,400.885,77.2324,-79864.7,5361.97,446.421,16.1825
0.135997,0,0,13.3754,0.839223,-71707.6,-5971.75,400.825,77.2364,-79874.3,5361.17,446.474,16.187
0.136007,0,0,13.3754,0.839357,-71696.9,-5972.47,400.765,77.2404,-79883.9,5360.37,446.528,16.1915
0.136017,0,0,13.3754,0.83949,-71686.2,-5973.19,400.705,77.2444,-79893.5,5359.58,446.582,16.1959
0.136027,0,0,13.3754,0.839624,-71675.5,-5973.9,400.646,77.2485,-79903.1,5358.78,446.635,16.2004
0.136037,0,0,13.3754,0.839758,-71664.8,-5974.62,400.586,77.2525,-79912.7,5357.98,446.689,16.2049
0.136047,0,0,13.3754,0.839891,-71654.1,-5975.34,400.526,77.2565,-79922.2,5357.18,446.742,16.2093
0.136057,0,0,13.3754,0.840025,-71643.5,-5976.05,400.466,77.2605,-79931.8,5356.38,446.796,16.2138
0.136067,0,0,13.3754,0.840159,-71632.8,-5976.77,400.407,77.2645,-79941.4,5355.58,446.85,16.2183
0.136077,0,0,13.3754,0.840293,-71622.1,-5977.49,400.347,77.2685,-79951,5354.78,446.903,16.2227
0.136087,0,0,13.3754,0.840426,-71611.4,-5978.2,400.287,77.2725,-79960.6,5353.98,446.957,16.2272
0.136097,0,0,13.3754,0.84056,-71600.7,-5978.92,400.227,77.2765,-79970.1,5353.18,447.01,16.2317
0.136107,0,0,13.3754,0.840694,-71590,-5979.63,400.168,77.2805,-79979.7,5352.38,447.064,16.2361
0.136117,0,0,13.3754,0.840828,-71579.3,-5980.35,400.108,77.2845,-79989.3,5351.58,447.117,16.2406
0.136127,0,0,13.3754,0.840961,-71568.6,-5981.06,400.048,77.2885,-79998.9,5350.78,447.171,16.2451
0.136137,0,0,13.3754,0.841095,-71557.9,-5981.78,399.988,77.2925,-80008.4,5349.98,447.224,16.2496
0.136147,0,0,13.3754,0.841229,-71547.2,-5982.5,399.928,77.2965,-80018,5349.18,447.278,16.254
0.136157,0,0,13.3754,0.841363,-71536.5,-5983.21,399.869,77.3005,-80027.6,5348.38,447.331,16.2585
0.136167,0,0,13.3754,0.841496,-71525.8,-5983.93,399.809,77.3045,-80037.1,5347.58,447.385,16.263
0.136177,0,0,13.3754,0.84163,-71515.1,-5984.64,399.749,77.3085,-80046.7,5346.78,447.438,16.2674
0.136187,0,0,13.3754,0.841764,-71504.4,-5985.36,399.689,77.3125,-80056.2,5345.98,447.492,16.2719
0.136197,0,0,13.3754,0.841897,-71493.7,-5986.07,399.629,77.3165,-80065.8,5345.18,447.545,16.2764
0.136207,0,0,13.3754,0.842031,-71483,-5986.79,399.569,77.3205,-80075.4,5344.38,447.598,16.2809
0.136217,0,0,13.3754,0.842165,-71472.3,-5987.5,399.509,77.3245,-80084.9,5343.58,447.652,16.2853
0.136227,0,0,13.3754,0.842299,-71461.5,-5988.22,399.45,77.3285,-80094.5,5342.78,447.705,16.2898
0.136237,0,0,13.3754,0.842432,-71450.8,-5988.93,399.39,77.3325,-80104,5341.98,447.759,16.2943
0.136247,0,0,13.3754,0.842566,-71440.1,-5989.64,399.33,77.3365,-80113.6,5341.18,447.812,16.2988
0.136257,0,0,13.3754,0.8427,-71429.4,-5990.36,399.27,77.3404,-80123.2,5340.38,447.866,16.3033
0.136267,0,0,13.3754,0.842834,-71418.7,-5991.07,399.21,77.3444,-80132.7,5339.57,447.919,16.3077
0.136277,0,0,13.3754,0.842967,-71408,-5991.79,399.15,77.3484,-80142.3,5338.77,447.972,16.3122
0.136287,0,0,13.3754,0.843101,-71397.3,-5992.5,399.09,77.3524,-80151.8,5337.97,448.026,16.3167
0.136297,0,0,13.3754,0.843235,-71386.5,-5993.21,399.03,77.3564,-80161.4,5337.17,448.079,16.3212
0.136307,0,0,13.3754,0.843369,-71375.8,-5993.93,398.97,77.3604,-80170.9,5336.37,448.132,16.3257
0.136317,0,0,13.3754,0.843502,-71365.1,-5994.64,398.91,77.3644,-80180.4,5335.57,448.186,16.3301
0.136327,0,0,13.3754,0.843636,-71354.4,-5995.36,398.85,77.3684,-80190,5334.77,448.239,16.3346
0.136337,0,0,13.3754,0.84377,-71343.6,-5996.07,398.791,77.3724,-80199.5,5333.96,448.292,16.3391
0.136347,0,0,13.3754,0.843904,-71332.9,-5996.78,398.731,77.3764,-80209.1,5333.16,448.346,16.3436
0.136357,0,0,13.3754,0.844037,-71322.2,-5997.5,398.671,77.3803,-80218.6,5332.36,448.399,16.3481
0.136367,0,0,13.3754,0.844171,-71311.5,-5998.21,398.611,77.3843,-80228.1,5331.56,448.452,16.3526
0.136377,0,0,13.3754,0.844305,-71300.7,-5998.92,398.551,77.3883,-80237.7,5330.76,448.506,16.357
0.136387,0,0,13.3754,0.844438,-71290,-5999.63,398.491,77.3923,-80247.2,5329.95,448.559,16.3615
0.136397,0,0,13.3754,0.844572,-71279.3,-6000.35,398.431,77.3963,-80256.8,5329.15,448.612,16.366
0.136407,0,0,13.3754,0.844706,-71268.5,-6001.06,398.371,77.4003,-80266.3,5328.35,448.666,16.3705
0.136417,0,0,13.3754,0.84484,-71257.8,-6001.77,398.311,77.4043,-80275.8,5327.55,448.719,16.375
0.136427,0,0,13.3754,0.844973,-71247.1,-6002.48,398.251,77.4082,-80285.3,5326.74,448.772,16.3795
0.136437,0,0,13.3754,0.845107,-71236.3,-6003.2,398.191,77.4122,-80294.9,5325.94,448.825,16.384
0.136447,0,0,13.3754,0.845241,-71225.6,-6003.91,398.131,77.4162,-80304.4,5325.14,448.879,16.3884
0.136457,0,0,13.3754,0.845375,-71214.8,-6004.62,398.071,77.4202,-80313.9,5324.33,448.932,16.3929
0.136467,0,0,13.3754,0.845508,-71204.1,-6005.33,398.011,77.4242,-80323.4,5323.53,448.985,16.3974
0.136477,0,0,13.3754,0.845642,-71193.4,-6006.04,397.951,77.4281,-80333,5322.73,449.038,16.4019
0.136487,0,0,13.3754,0.845776,-71182.6,-6006.76,397.89,77.4321,-80342.5,5321.93,449.092,16.4064
0.136497,0,0,13.3754,0.84591,-71171.9,-6007.47,397.83,77.4361,-80352,5321.12,449.145,16.4109
0.136507,0,0,13.3754,0.846043,-71161.1,-6008.18,397.77,77.4401,-80361.5,5320.32,449.198,16.4154
0.136517,0,0,13.3754,0.846177,-71150.4,-6008.89,397.71,77.4441,-80371,5319.51,449.251,16.4199
0.136527,0,0,13.3754,0.846311,-71139.6,-6009.6,397.65,77.448,-80380.6,5318.71,449.304,16.4244
0.136537,0,0,13.3754,0.846445,-71128.9,-6010.31,397.59,77.452,-80390.1,5317.91,449.357,16.4289
0.136547,0,0,13.3754,0.846578,-71118.1,-6011.03,397.53,77.456,-80399.6,5317.1,449.411,16.4334
0.136557,0,0,13.3754,0.846712,-71107.4,-6011.74,397.47,77.46,-80409.1,5316.3,449.464,16.4379
0.136567,0,0,13.3754,0.846846,-71096.6,-6012.45,397.41,77.4639,-80418.6,5315.5,449.517,16.4424
0.136577,0,0,13.3754,0.846979,-71085.9,-6013.16,397.35,77.4679,-80428.1,5314.69,449.57,16.4468
0.136587,0,0,13.3754,0.847113,-71075.1,-6013.87,397.289,77.4719,-80437.6,5313.89,449.623,16.4513
0.136597,0,0,13.3754,0.847247,-71064.4,-6014.58,397.229,77.4759,-80447.1,5313.08,449.676,16.4558
0.136607,0,0,13.3754,0.847381,-71053.6,-6015.29,397.169,77.4798,-80456.6,5312.28,449.729,16.4603
0.136617,0,0,13.3754,0.847514,-71042.8,-6016,397.109,77.4838,-80466.1,5311.47,449.783,16.4648
0.136627,0,0,13.3754,0.847648,-71032.1,-6016.71,397.049,77.4878,-80475.6,5310.67,449.836,16.4693
0.136637,0,0,13.3754,0.847782,-71021.3,-6017.42,396.989,77.4917,-80485.1,5309.86,449.889,16.4738
0.136647,0,0,13.3754,0.847916,-71010.5,-6018.13,396.929,77.4957,-80494.6,5309.06,449.942,16.4783
0.136657,0,0,13.3754,0.848049,-70999.8,-6018.84,396.868,77.4997,-80504.1,5308.25,449.995,16.4828
0.136667,0,0,13.3754,0.848183,-70989,-6019.55,396.808,77.5036,-80513.6,5307.45,450.048,16.4873
0.136677,0,0,13.3754,0.848317,-70978.2,-6020.26,396.748,77.5076,-80523.1,5306.64,450.101,16.4918
0.136687,0,0,13.3754,0.848451,-70967.5,-6020.97,396.688,77.5116,-80532.6,5305.84,450.154,16.4963
0.136697,0,0,13.3754,0.848584,-70956.7,-6021.68,396.628,77.5155,-80542.1,5305.03,450.207,16.5008
0.136707,0,0,13.3754,0.848718,-70945.9,-6022.39,396.567,77.5195,-80551.6,5304.23,450.26,16.5053
0.136717,0,0,13.3754,0.848852,-70935.2,-6023.1,396.507,77.5235,-80561.1,5303.42,450.313,16.5098
0.136727,0,0,13.3754,0.848986,-70924.4,-6023.81,396.447,77.5274,-80570.6,5302.62,450.366,16.5143
0.136737,0,0,13.3754,0.849119,-70913.6,-6024.52,396.387,77.5314,-80580,5301.81,450.419,16.5188
0.136747,0,0,13.3754,0.849253,-70902.8,-6025.23,396.327,77.5354,-80589.5,5301.01,450.472,16.5234
0.136757,0,0,13.3754,0.849387,-70892,-6025.93,396.266,77.5393,-80599,5300.2,450.525,16.5279
0.136767,0,0,13.3754,0.84952,-70881.3,-6026.64,396.206,77.5433,-80608.5,5299.4,450.578,16.5324
0.136777,0,0,13.3754,0.849654,-70870.5,-6027.35,396.146,77.5473,-80618,5298.59,450.631,16.5369
0.136787,0,0,13.3754,0.849788,-70859.7,-6028.06,396.085,77.5512,-80627.4,5297.78,450.684,16.5414
0.136797,0,0,13.3754,0.849922,-70848.9,-6028.77,396.025,77.5552,-80636.9,5296.98,450.737,16.5459
0.136807,0,0,13.3754,0.850055,-70838.1,-6029.48,395.965,77.5591,-80646.4,5296.17,450.79,16.5504
0.136817,0,0,13.3754,0.850189,-70827.3,-6030.19,395.905,77.5631,-80655.9,5295.36,450.843,16.5549
0.136827,0,0,13.3754,0.850323,-70816.6,-6030.89,395.844,77.5671,-80665.3,5294.56,450.896,16.5594
0.136837,0,0,13.3754,0.850457,-70805.8,-6031.6,395.784,77.571,-80674.8,5293.75,450.949,16.5639
0.136847,0,0,13.3754,0.85059,-70795,-6032.31,395.724,77.575,-80684.3,5292.94,451.002,16.5684
0.136857,0,0,13.3754,0.850724,-70784.2,-6033.02,395.663,77.5789,-80693.7,5292.14,451.055,16.5729
0.136867,0,0,13.3754,0.850858,-70773.4,-6033.73,395.603,77.5829,-80703.2,5291.33,451.108,16.5774
0.136877,0,0,13.3754,0.850992,-70762.6,-6034.43,395.543,77.5868,-80712.7,5290.52,451.161,16.582
0.136887,0,0,13.3754,0.851125,-70751.8,-6035.14,395.482,77.5908,-80722.1,5289.72,451.214,16.5865
0.136897,0,0,13.3754,0.851259,-70741,-6035.85,395.422,77.5947,-80731.6,5288.91,451.266,16.591
0.136907,0,0,13.3754,0.851393,-70730.2,-6036.56,395.362,77.5987,-80741,5288.1,451.319,16.5955
0.136917,0,0,13.3754,0.851526,-70719.4,-6037.26,395.301,77.6027,-80750.5,5287.29,451.372,16.6
0.136927,0,0,13.3754,0.85166,-70708.6,-6037.97,395.241,77.6066,-80760,5286.49,451.425,16.6045
0.136937,0,0,13.3754,0.851794,-70697.8,-6038.68,395.181,77.6106,-80769.4,5285.68,451.478,16.609
0.136947,0,0,13.3754,0.851928,-70687,-6039.38,395.12,77.6145,-80778.9,5284.87,451.531,16.6136
0.136957,0,0,13.3754,0.852061,-70676.2,-6040.09,395.06,77.6185,-80788.3,5284.06,451.584,16.6181
0.136967,0,0,13.3754,0.852195,-70665.4,-6040.8,394.999,77.6224,-80797.8,5283.26,451.636,16.6226
0.136977,0,0,13.3754,0.852329,-70654.6,-6041.5,394.939,77.6264,-80807.2,5282.45,451.689,16.6271
0.136987,0,0,13.3754,0.852463,-70643.8,-6042.21,394.879,77.6303,-80816.7,5281.64,451.742,16.6316
0.136997,0,0,13.3754,0.852596,-70633,-6042.92,394.818,77.6343,-80826.1,5280.83,451.795,16.6361
0.137007,0,0,13.3754,0.85273,-70622.2,-6043.62,394.758,77.6382,-80835.6,5280.02,451.848,16.6407
0.137017,0,0,13.3754,0.852864,-70611.4,-6044.33,394.697,77.6422,-80845,5279.22,451.9,16.6452
0.137027,0,0,13.3754,0.852998,-70600.6,-6045.03,394.637,77.6461,-80854.4,5278.41,451.953,16.6497
0.137037,0,0,13.3754,0.853131,-70589.7,-6045.74,394.576,77.65,-80863.9,5277.6,452.006,16.6542
0.137047,0,0,13.3754,0.853265,-70578.9,-6046.44,394.516,77.654,-80873.3,5276.79,452.059,16.6587
0.137057,0,0,13.3754,0.853399,-70568.1,-6047.15,394.456,77.6579,-80882.8,5275.98,452.112,16.6633
0.137067,0,0,13.3754,0.853533,-70557.3,-6047.86,394.395,77.6619,-80892.2,5275.17,452.164,16.6678
0.137077,0,0,13.3754,0.853666,-70546.5,-6048.56,394.335,77.6658,-80901.6,5274.36,452.217,16.6723
0.137087,0,0,13.3754,0.8538,-70535.7,-6049.27,394.274,77.6698,-80911.1,5273.56,452.27,16.6768
0.137097,0,0,13.3754,0.853934,-70524.8,-6049.97,394.214,77.6737,-80920.5,5272.75,452.322,16.6813
0.137107,0,0,13.3754,0.854067,-70514,-6050.68,394.153,77.6777,-80929.9,5271.94,452.375,16.6859
0.137117,0,0,13.3754,0.854201,-70503.2,-6051.38,394.093,77.6816,-80939.4,5271.13,452.428,16.6904
0.137127,0,0,13.3754,0.854335,-70492.4,-6052.09,394.032,77.6855,-80948.8,5270.32,452.481,16.6949
0.137137,0,0,13.3754,0.854469,-70481.5,-6052.79,393.972,77.6895,-80958.2,5269.51,452.533,16.6994
0.137147,0,0,13.3754,0.854602,-70470.7,-6053.5,393.911,77.6934,-80967.6,5268.7,452.586,16.704
0.137157,0,0,13.3754,0.854736,-70459.9,-6054.2,393.851,77.6974,-80977.1,5267.89,452.639,16.7085
0.137167,0,0,13.3754,0.85487,-70449,-6054.91,393.79,77.7013,-80986.5,5267.08,452.691,16.713
0.137177,0,0,13.3754,0.855004,-70438.2,-6055.61,393.729,77.7052,-80995.9,5266.27,452.744,16.7175
0.137187,0,0,13.3754,0.855137,-70427.4,-6056.31,393.669,77.7092,-81005.3,5265.46,452.797,16.7221
0.137197,0,0,13.3754,0.855271,-70416.5,-6057.02,393.608,77.7131,-81014.8,5264.65,452.849,16.7266
0.137207,0,0,13.3754,0.855405,-70405.7,-6057.72,393.548,77.717,-81024.2,5263.84,452.902,16.7311
0.137217,0,0,13.3754,0.855539,-70394.9,-6058.43,393.487,77.721,-81033.6,5263.03,452.955,16.7357
0.137227,0,0,13.3754,0.855672,-70384,-6059.13,393.427,77.7249,-81043,5262.22,453.007,16.7402
0.137237,0,0,13.3754,0.855806,-70373.2,-6059.83,393.366,77.7289,-81052.4,5261.41,453.06,16.7447
0.137247,0,0,13.3754,0.85594,-70362.4,-6060.54,393.305,77.7328,-81061.8,5260.6,453.112,16.7493
0.137257,0,0,13.3754,0.856073,-70351.5,-6061.24,393.245,77.7367,-81071.2,5259.79,453.165,16.7538
0.137267,0,0,13.3754,0.856207,-70340.7,-6061.94,393.184,77.7406,-81080.6,5258.98,453.218,16.7583
0.137277,0,0,13.3754,0.856341,-70329.8,-6062.65,393.124,77.7446,-81090,5258.17,453.27,16.7628
0.137287,0,0,13.3754,0.856475,-70319,-6063.35,393.063,77.7485,-81099.5,5257.36,453.323,16.7674
0.137297,0,0,13.3754,0.856608,-70308.1,-6064.05,393.002,77.7524,-81108.8,5256.54,453.375,16.7719
0.137307,0,0,13.3754,0.856742,-70297.3,-6064.76,392.942,77.7564,-81118.3,5255.73,453.428,16.7764
0.137317,0,0,13.3754,0.856876,-70286.4,-6065.46,392.881,77.7603,-81127.7,5254.92,453.48,16.781
0.137327,0,0,13.3754,0.85701,-70275.6,-6066.16,392.82,77.7642,-81137.1,5254.11,453.533,16.7855
0.137337,0,0,13.3754,0.857143,-70264.7,-6066.87,392.76,77.7682,-81146.5,5253.3,453.585,16.7901
0.137347,0,0,13.3754,0.857277,-70253.9,-6067.57,392.699,77.7721,-81155.9,5252.49,453.638,16.7946
0.137357,0,0,13.3754,0.857411,-70243,-6068.27,392.638,77.776,-81165.2,5251.68,453.69,16.7991
0.137367,0,0,13.3754,0.857545,-70232.2,-6068.97,392.578,77.7799,-81174.6,5250.87,453.743,16.8037
0.137377,0,0,13.3754,0.857678,-70221.3,-6069.67,392.517,77.7839,-81184,5250.05,453.795,16.8082
0.137387,0,0,13.3754,0.857812,-70210.5,-6070.38,392.456,77.7878,-81193.4,5249.24,453.848,16.8127
0.137397,0,0,13.3754,0.857946,-70199.6,-6071.08,392.396,77.7917,-81202.8,5248.43,453.9,16.8173
0.137407,0,0,13.3754,0.85808,-70188.8,-6071.78,392.335,77.7956,-81212.2,5247.62,453.953,16.8218
0.137417,0,0,13.3754,0.858213,-70177.9,-6072.48,392.274,77.7996,-81221.6,5246.81,454.005,16.8264
0.137427,0,0,13.3754,0.858347,-70167,-6073.18,392.214,77.8035,-81231,5245.99,454.058,16.8309
0.137437,0,0,13.3754,0.858481,-70156.2,-6073.88,392.153,77.8074,-81240.3,5245.18,454.11,16.8354
0.137447,0,0,13.3754,0.858615,-70145.3,-6074.59,392.092,77.8113,-81249.7,5244.37,454.163,16.84
0.137457,0,0,13.3754,0.858748,-70134.4,-6075.29,392.031,77.8152,-81259.1,5243.56,454.215,16.8445
0.137467,0,0,13.3754,0.858882,-70123.6,-6075.99,391.971,77.8192,-81268.5,5242.74,454.268,16.8491
0.137477,0,0,13.3754,0.859016,-70112.7,-6076.69,391.91,77.8231,-81277.9,5241.93,454.32,16.8536
0.137487,0,0,13.3754,0.859149,-70101.8,-6077.39,391.849,77.827,-81287.2,5241.12,454.372,16.8582
0.137497,0,0,13.3754,0.859283,-70090.9,-6078.09,391.788,77.8309,-81296.6,5240.31,454.425,16.8627
0.137507,0,0,13.3754,0.859417,-70080.1,-6078.79,391.728,77.8348,-81306,5239.49,454.477,16.8672
0.137517,0,0,13.3754,0.859551,-70069.2,-6079.49,391.667,77.8388,-81315.4,5238.68,454.53,16.8718
0.137527,0,0,13.3754,0.859684,-70058.3,-6080.19,391.606,77.8427,-81324.7,5237.87,454.582,16.8763
0.137537,0,0,13.3754,0.859818,-70047.5,-6080.89,391.545,77.8466,-81334.1,5237.05,454.634,16.8809
0.137547,0,0,13.3754,0.859952,-70036.6,-6081.59,391.484,77.8505,-81343.5,5236.24,454.687,16.8854
0.137557,0,0,13.3754,0.860086,-70025.7,-6082.29,391.424,77.8544,-81352.8,5235.43,454.739,16.89
0.137567,0,0,13.3754,0.860219,-70014.8,-6082.99,391.363,77.8583,-81362.2,5234.61,454.791,16.8945
0.137577,0,0,13.3754,0.860353,-70003.9,-6083.69,391.302,77.8622,-81371.6,5233.8,454.844,16.8991
0.137587,0,0,13.3754,0.860487,-69993,-6084.39,391.241,77.8661,-81380.9,5232.99,454.896,16.9036
0.137597,0,0,13.3754,0.86062,-69982.2,-6085.09,391.18,77.8701,-81390.3,5232.17,454.948,16.9082
0.137607,0,0,13.3754,0.860754,-69971.3,-6085.79,391.119,77.874,-81399.6,5231.36,455.001,16.9127
0.137617,0,0,13.3754,0.860888,-69960.4,-6086.49,391.059,77.8779,-81409,5230.55,455.053,16.9173
0.137627,0,0,13.3754,0.861022,-69949.5,-6087.19,390.998,77.8818,-81418.4,5229.73,455.105,16.9218
0.137637,0,0,13.3754,0.861156,-69938.6,-6087.89,390.937,77.8857,-81427.7,5228.92,455.158,16.9264
0.137647,0,0,13.3754,0.861289,-69927.7,-6088.59,390.876,77.8896,-81437.1,5228.1,455.21,16.9309
0.137657,0,0,13.3754,0.861423,-69916.8,-6089.29,390.815,77.8935,-81446.4,5227.29,455.262,16.9355
0.137667,0,0,13.3754,0.861557,-69905.9,-6089.99,390.754,77.8974,-81455.8,5226.47,455.314,16.94
0.137677,0,0,13.3754,0.86169,-69895,-6090.69,390.693,77.9013,-81465.1,5225.66,455.367,16.9446
0.137687,0,0,13.3754,0.861824,-69884.1,-6091.39,390.632,77.9052,-81474.5,5224.85,455.419,16.9491
0.137697,0,0,13.3754,0.861958,-69873.2,-6092.09,390.571,77.9091,-81483.8,5224.03,455.471,16.9537
0.137707,0,0,13.3754,0.862092,-69862.4,-6092.79,390.511,77.9131,-81493.1,5223.22,455.523,16.9582
0.137717,0,0,13.3754,0.862225,-69851.5,-6093.48,390.45,77.917,-81502.5,5222.4,455.576,16.9628
0.137727,0,0,13.3754,0.862359,-69840.6,-6094.18,390.389,77.9209,-81511.8,5221.59,455.628,16.9674
0.137737,0,0,13.3754,0.862493,-69829.7,-6094.88,390.328,77.9248,-81521.2,5220.77,455.68,16.9719
0.137747,0,0,13.3754,0.862627,-69818.8,-6095.58,390.267,77.9287,-81530.5,5219.96,455.732,16.9765
0.137757,0,0,13.3754,0.86276,-69807.8,-6096.28,390.206,77.9326,-81539.8,5219.14,455.784,16.981
0.137767,0,0,13.3754,0.862894,-69796.9,-6096.97,390.145,77.9365,-81549.2,5218.33,455.837,16.9856
0.137777,0,0,13.3754,0.863028,-69786,-6097.67,390.084,77.9404,-81558.5,5217.51,455.889,16.9901
0.137787,0,0,13.3754,0.863162,-69775.1,-6098.37,390.023,77.9443,-81567.8,5216.69,455.941,16.9947
0.137797,0,0,13.3754,0.863295,-69764.2,-6099.07,389.962,77.9482,-81577.2,5215.88,455.993,16.9993
0.137807,0,0,13.3754,0.863429,-69753.3,-6099.76,389.901,77.9521,-81586.5,5215.06,456.045,17.0038
0.137817,0,0,13.3754,0.863563,-69742.4,-6100.46,389.84,77.956,-81595.8,5214.25,456.097,17.0084
0.137827,0,0,13.3754,0.863696,-69731.5,-6101.16,389.779,77.9599,-81605.1,5213.43,456.149,17.0129
0.137837,0,0,13.3754,0.86383,-69720.6,-6101.86,389.718,77.9638,-81614.5,5212.62,456.202,17.0175
0.137846,0,0,13.3754,0.863964,-69709.6,-6102.55,389.657,77.9677,-81623.8,5211.8,456.254,17.0221
0.137856,0,0,13.3754,0.864098,-69698.7,-6103.25,389.596,77.9716,-81633.1,5210.98,456.306,17.0266
0.137866,0,0,13.3754,0.864231,-69687.8,-6103.95,389.535,77.9755,-81642.5,5210.17,456.358,17.0312
0.137876,0,0,13.3754,0.864365,-69676.9,-6104.64,389.474,77.9794,-81651.8,5209.35,456.41,17.0358
0.137886,0,0,13.3754,0.864499,-69666,-6105.34,389.413,77.9833,-81661.1,5208.53,456.462,17.0403
0.137896,0,0,13.3754,0.864633,-69655.1,-6106.04,389.352,77.9871,-81670.4,5207.72,456.514,17.0449
0.137906,0,0,13.3754,0.864766,-69644.1,-6106.73,389.291,77.991,-81679.7,5206.9,456.566,17.0494
0.137916,0,0,13.3754,0.8649,-69633.2,-6107.43,389.23,77.9949,-81689,5206.08,456.618,17.054
0.137926,0,0,13.3754,0.865034,-69622.3,-6108.13,389.169,77.9988,-81698.3,5205.27,456.67,17.0586
0.137936,0,0,13.3754,0.865168,-69611.4,-6108.82,389.108,78.0027,-81707.7,5204.45,456.722,17.0631
0.137946,0,0,13.3754,0.865301,-69600.4,-6109.52,389.046,78.0066,-81716.9,5203.63,456.774,17.0677
0.137956,0,0,13.3754,0.865435,-69589.5,-6110.21,388.985,78.0105,-81726.3,5202.82,456.826,17.0723
0.137966,0,0,13.3754,0.865569,-69578.6,-6110.91,388.924,78.0144,-81735.6,5202,456.878,17.0768
0.137976,0,0,13.3754,0.865703,-69567.6,-6111.6,388.863,78.0183,-81744.9,5201.18,456.93,17.0814
0.137986,0,0,13.3754,0.865836,-69556.7,-6112.3,388.802,78.0222,-81754.2,5200.36,456.982,17.086
0.137996,0,0,13.3754,0.86597,-69545.8,-6113,388.741,78.0261,-81763.5,5199.55,457.034,17.0906
0.138006,0,0,13.3754,0.866104,-69534.8,-6113.69,388.68,78.0299,-81772.8,5198.73,457.086,17.0951
0.138016,0,0,13.3754,0.866237,-69523.9,-6114.39,388.619,78.0338,-81782.1,5197.91,457.138,17.0997
0.138026,0,0,13.3754,0.866371,-69513,-6115.08,388.558,78.0377,-81791.4,5197.09,457.19,17.1043
0.138036,0,0,13.3754,0.866505,-69502,-6115.78,388.496,78.0416,-81800.7,5196.28,457.242,17.1088
0.138046,0,0,13.3754,0.866639,-69491.1,-6116.47,388.435,78.0455,-81810,5195.46,457.294,17.1134
0.138056,0,0,13.3754,0.866772,-69480.1,-6117.17,388.374,78.0494,-81819.3,5194.64,457.346,17.118
0.138066,0,0,13.3754,0.866906,-69469.2,-6117.86,388.313,78.0532,-81828.5,5193.82,457.398,17.1226
0.138076,0,0,13.3754,0.86704,-69458.3,-6118.56,388.252,78.0571,-81837.8,5193,457.45,17.1271
0.138086,0,0,13.3754,0.867174,-69447.3,-6119.25,388.191,78.061,-81847.1,5192.19,457.502,17.1317
0.138096,0,0,13.3754,0.867307,-69436.4,-6119.94,388.129,78.0649,-81856.4,5191.37,457.554,17.1363
0.138106,0,0,13.3754,0.867441,-69425.4,-6120.64,388.068,78.0688,-81865.7,5190.55,457.606,17.1409
0.138116,0,0,13.3754,0.867575,-69414.5,-6121.33,388.007,78.0727,-81875,5189.73,457.658,17.1454
0.138126,0,0,13.3754,0.867709,-69403.5,-6122.03,387.946,78.0765,-81884.3,5188.91,457.71,17.15
0.138136,0,0,13.3754,0.867842,-69392.6,-6122.72,387.885,78.0804,-81893.5,5188.09,457.762,17.1546
0.138146,0,0,13.3754,0.867976,-69381.6,-6123.41,387.823,78.0843,-81902.8,5187.27,457.813,17.1592
0.138156,0,0,13.3754,0.86811,-69370.7,-6124.11,387.762,78.0882,-81912.1,5186.45,457.865,17.1637
0.138166,0,0,13.3754,0.868243,-69359.7,-6124.8,387.701,78.092,-81921.4,5185.64,457.917,17.1683
0.138176,0,0,13.3754,0.868377,-69348.8,-6125.5,387.64,78.0959,-81930.7,5184.82,457.969,17.1729
0.138186,0,0,13.3754,0.868511,-69337.8,-6126.19,387.578,78.0998,-81939.9,5184,458.021,17.1775
0.138196,0,0,13.3754,0.868645,-69326.8,-6126.88,387.517,78.1037,-81949.2,5183.18,458.073,17.1821
0.138206,0,0,13.3754,0.868778,-69315.9,-6127.58,387.456,78.1075,-81958.5,5182.36,458.124,17.1866
0.138216,0,0,13.3754,0.868912,-69304.9,-6128.27,387.395,78.1114,-81967.7,5181.54,458.176,17.1912
0.138226,0,0,13.3754,0.869046,-69294,-6128.96,387.333,78.1153,-81977,5180.72,458.228,17.1958
0.138236,0,0,13.3754,0.86918,-69283,-6129.65,387.272,78.1192,-81986.3,5179.9,458.28,17.2004
0.138246,0,0,13.3754,0.869313,-69272,-6130.35,387.211,78.123,-81995.5,5179.08,458.332,17.205
0.138256,0,0,13.3754,0.869447,-69261,-6131.04,387.149,78.1269,-82004.8,5178.26,458.383,17.2096
0.138266,0,0,13.3754,0.869581,-69250.1,-6131.73,387.088,78.1308,-82014.1,5177.44,458.435,17.2141
0.138276,0,0,13.3754,0.869715,-69239.1,-6132.42,387.027,78.1347,-82023.3,5176.62,458.487,17.2187
0.138286,0,0,13.3754,0.869848,-69228.1,-6133.12,386.965,78.1385,-82032.6,5175.8,458.539,17.2233
0.138296,0,0,13.3754,0.869982,-69217.2,-6133.81,386.904,78.1424,-82041.8,5174.98,458.59,17.2279
0.138306,0,0,13.3754,0.870116,-69206.2,-6134.5,386.843,78.1463,-82051.1,5174.16,458.642,17.2325
0.138316,0,0,13.3754,0.87025,-69195.2,-6135.19,386.781,78.1501,-82060.4,5173.34,458.694,17.2371
0.138326,0,0,13.3754,0.870383,-69184.2,-6135.88,386.72,78.154,-82069.6,5172.52,458.746,17.2417
0.138336,0,0,13.3754,0.870517,-69173.3,-6136.58,386.659,78.1579,-82078.9,5171.7,458.797,17.2462
0.138346,0,0,13.3754,0.870651,-69162.3,-6137.27,386.597,78.1617,-82088.1,5170.88,458.849,17.2508
0.138356,0,0,13.3754,0.870784,-69151.3,-6137.96,386.536,78.1656,-82097.4,5170.06,458.901,17.2554
0.138366,0,0,13.3754,0.870918,-69140.3,-6138.65,386.475,78.1695,-82106.6,5169.24,458.952,17.26
0.138376,0,0,13.3754,0.871052,-69129.4,-6139.34,386.413,78.1733,-82115.9,5168.41,459.004,17.2646
0.138386,0,0,13.3754,0.871186,-69118.4,-6140.03,386.352,78.1772,-82125.1,5167.59,459.056,17.2692
0.138396,0,0,13.3754,0.871319,-69107.4,-6140.72,386.291,78.1811,-82134.3,5166.77,459.107,17.2738
0.138406,0,0,13.3754,0.871453,-69096.4,-6141.41,386.229,78.1849,-82143.6,5165.95,459.159,17.2784
0.138416,0,0,13.3754,0.871587,-69085.4,-6142.11,386.168,78.1888,-82152.8,5165.13,459.211,17.283
0.138426,0,0,13.3754,0.871721,-69074.4,-6142.8,386.106,78.1926,-82162.1,5164.31,459.262,17.2876
0.138436,0,0,13.3754,0.871854,-69063.4,-6143.49,386.045,78.1965,-82171.3,5163.49,459.314,17.2922
0.138446,0,0,13.3754,0.871988,-69052.4,-6144.18,385.983,78.2004,-82180.5,5162.66,459.366,17.2967
0.138456,0,0,13.3754,0.872122,-69041.5,-6144.87,385.922,78.2042,-82189.8,5161.84,459.417,17.3013
0.138466,0,0,13.3754,0.872256,-69030.5,-6145.56,385.861,78.2081,-82199,5161.02,459.469,17.3059
0.138476,0,0,13.3754,0.872389,-69019.5,-6146.25,385.799,78.2119,-82208.2,5160.2,459.52,17.3105
0.138486,0,0,13.3754,0.872523,-69008.5,-6146.94,385.738,78.2158,-82217.5,5159.38,459.572,17.3151
0.138496,0,0,13.3754,0.872657,-68997.5,-6147.63,385.676,78.2197,-82226.7,5158.56,459.624,17.3197
0.138506,0,0,13.3754,0.87279,-68986.5,-6148.32,385.615,78.2235,-82235.9,5157.73,459.675,17.3243
0.138516,0,0,13.3754,0.872924,-68975.5,-6149.01,385.553,78.2274,-82245.1,5156.91,459.727,17.3289
0.138526,0,0,13.3754,0.873058,-68964.5,-6149.7,385.492,78.2312,-82254.4,5156.09,459.778,17.3335
0.138536,0,0,13.3754,0.873192,-68953.5,-6150.39,385.43,78.2351,-82263.6,5155.27,459.83,17.3381
0.138546,0,0,13.3754,0.873325,-68942.5,-6151.08,385.369,78.2389,-82272.8,5154.44,459.881,17.3427
0.138556,0,0,13.3754,0.873459,-68931.5,-6151.77,385.307,78.2428,-82282,5153.62,459.933,17.3473
0.138566,0,0,13.3754,0.873593,-68920.5,-6152.45,385.246,78.2466,-82291.2,5152.8,459.984,17.3519
0.138576,0,0,13.3754,0.873727,-68909.5,-6153.14,385.184,78.2505,-82300.5,5151.97,460.036,17.3565
0.138586,0,0,13.3754,0.87386,-68898.5,-6153.83,385.123,78.2543,-82309.7,5151.15,460.087,17.3611
0.138596,0,0,13.3754,0.873994,-68887.5,-6154.52,385.061,78.2582,-82318.9,5150.33,460.139,17.3657
0.138606,0,0,13.3754,0.874128,-68876.4,-6155.21,385,78.262,-82328.1,5149.51,460.19,17.3703
0.138616,0,0,13.3754,0.874262,-68865.4,-6155.9,384.938,78.2659,-82337.3,5148.68,460.242,17.3749
0.138626,0,0,13.3754,0.874395,-68854.4,-6156.59,384.876,78.2697,-82346.5,5147.86,460.293,17.3795
0.138636,0,0,13.3754,0.874529,-68843.4,-6157.28,384.815,78.2736,-82355.7,5147.04,460.345,17.3841
0.138646,0,0,13.3754,0.874663,-68832.4,-6157.96,384.753,78.2774,-82364.9,5146.21,460.396,17.3887
0.138656,0,0,13.3754,0.874797,-68821.4,-6158.65,384.692,78.2813,-82374.1,5145.39,460.448,17.3933
0.138666,0,0,13.3754,0.87493,-68810.4,-6159.34,384.63,78.2851,-82383.3,5144.56,460.499,17.3979
0.138676,0,0,13.3754,0.875064,-68799.3,-6160.03,384.569,78.289,-82392.5,5143.74,460.551,17.4025
0.138686,0,0,13.3754,0.875198,-68788.3,-6160.72,384.507,78.2928,-82401.8,5142.92,460.602,17.4071
0.138696,0,0,13.3754,0.875332,-68777.3,-6161.4,384.445,78.2967,-82410.9,5142.09,460.654,17.4117
0.138706,0,0,13.3754,0.875465,-68766.3,-6162.09,384.384,78.3005,-82420.1,5141.27,460.705,17.4164
0.138716,0,0,13.3754,0.875599,-68755.3,-6162.78,384.322,78.3044,-82429.3,5140.44,460.756,17.421
0.138726,0,0,13.3754,0.875733,-68744.2,-6163.47,384.261,78.3082,-82438.5,5139.62,460.808,17.4256
0.138736,0,0,13.3754,0.875866,-68733.2,-6164.15,384.199,78.312,-82447.7,5138.8,460.859,17.4302
0.138746,0,0,13.3754,0.876,-68722.2,-6164.84,384.137,78.3159,-82456.9,5137.97,460.911,17.4348
0.138756,0,0,13.3754,0.876134,-68711.1,-6165.53,384.076,78.3197,-82466.1,5137.15,460.962,17.4394
0.138766,0,0,13.3754,0.876268,-68700.1,-6166.21,384.014,78.3236,-82475.3,5136.32,461.013,17.444
0.138776,0,0,13.3754,0.876401,-68689.1,-6166.9,383.952,78.3274,-82484.5,5135.5,461.065,17.4486
0.138786,0,0,13.3754,0.876535,-68678.1,-6167.59,383.891,78.3312,-82493.7,5134.67,461.116,17.4532
0.138796,0,0,13.3754,0.876669,-68667,-6168.27,383.829,78.3351,-82502.8,5133.85,461.167,17.4578
0.138806,0,0,13.3754,0.876803,-68656,-6168.96,383.767,78.3389,-82512,5133.02,461.219,17.4625
0.138816,0,0,13.3754,0.876936,-68645,-6169.65,383.706,78.3428,-82521.2,5132.2,461.27,17.4671
0.138826,0,0,13.3754,0.87707,-68633.9,-6170.33,383.644,78.3466,-82530.4,5131.37,461.321,17.4717
0.138836,0,0,13.3754,0.877204,-68622.9,-6171.02,383.582,78.3504,-82539.6,5130.55,461.373,17.4763
0.138846,0,0,13.3754,0.877338,-68611.9,-6171.71,383.521,78.3543,-82548.8,5129.72,461.424,17.4809
0.138856,0,0,13.3754,0.877471,-68600.8,-6172.39,383.459,78.3581,-82557.9,5128.9,461.475,17.4855
0.138866,0,0,13.3754,0.877605,-68589.8,-6173.08,383.397,78.3619,-82567.1,5128.07,461.526,17.4901
0.138876,0,0,13.3754,0.877739,-68578.7,-6173.76,383.335,78.3658,-82576.3,5127.25,461.578,17.4948
0.138886,0,0,13.3754,0.877872,-68567.7,-6174.45,383.274,78.3696,-82585.4,5126.42,461.629,17.4994
0.138896,0,0,13.3754,0.878006,-68556.6,-6175.14,383.212,78.3734,-82594.6,5125.59,461.68,17.504
0.138906,0,0,13.3754,0.87814,-68545.6,-6175.82,383.15,78.3773,-82603.8,5124.77,461.731,17.5086
0.138916,0,0,13.3754,0.878274,-68534.5,-6176.51,383.088,78.3811,-82612.9,5123.94,461.783,17.5132
0.138926,0,0,13.3754,0.878407,-68523.5,-6177.19,383.027,78.3849,-82622.1,5123.12,461.834,17.5178
0.138936,0,0,13.3754,0.878541,-68512.4,-6177.88,382.965,78.3887,-82631.3,5122.29,461.885,17.5225
0.138946,0,0,13.3754,0.878675,-68501.4,-6178.56,382.903,78.3926,-82640.4,5121.46,461.936,17.5271
0.138956,0,0,13.3754,0.878809,-68490.3,-6179.25,382.841,78.3964,-82649.6,5120.64,461.988,17.5317
0.138966,0,0,13.3754,0.878942,-68479.3,-6179.93,382.78,78.4002,-82658.8,5119.81,462.039,17.5363
0.138976,0,0,13.3754,0.879076,-68468.2,-6180.62,382.718,78.4041,-82667.9,5118.98,462.09,17.5409
0.138986,0,0,13.3754,0.87921,-68457.2,-6181.3,382.656,78.4079,-82677.1,5118.16,462.141,17.5456
0.138996,0,0,13.3754,0.879344,-68446.1,-6181.98,382.594,78.4117,-82686.2,5117.33,462.192,17.5502
0.139006,0,0,13.3754,0.879477,-68435.1,-6182.67,382.532,78.4156,-82695.4,5116.5,462.243,17.5548
0.139016,0,0,13.3754,0.879611,-68424,-6183.35,382.471,78.4194,-82704.5,5115.68,462.295,17.5594
0.139026,0,0,13.3754,0.879745,-68412.9,-6184.04,382.409,78.4232,-82713.7,5114.85,462.346,17.564
0.139036,0,0,13.3754,0.879879,-68401.9,-6184.72,382.347,78.427,-82722.8,5114.02,462.397,17.5687
0.139046,0,0,13.3754,0.880012,-68390.8,-6185.41,382.285,78.4308,-82732,5113.2,462.448,17.5733
0.139056,0,0,13.3754,0.880146,-68379.7,-6186.09,382.223,78.4347,-82741.1,5112.37,462.499,17.5779
0.139066,0,0,13.3754,0.88028,-68368.7,-6186.77,382.161,78.4385,-82750.2,5111.54,462.55,17.5825
0.139076,0,0,13.3754,0.880413,-68357.6,-6187.46,382.099,78.4423,-82759.4,5110.72,462.601,17.5872
0.139086,0,0,13.3754,0.880547,-68346.5,-6188.14,382.038,78.4461,-82768.5,5109.89,462.652,17.5918
0.139096,0,0,13.3754,0.880681,-68335.5,-6188.82,381.976,78.45,-82777.7,5109.06,462.704,17.5964
0.139106,0,0,13.3754,0.880815,-68324.4,-6189.51,381.914,78.4538,-82786.8,5108.23,462.755,17.601
0.139116,0,0,13.3754,0.880948,-68313.3,-6190.19,381.852,78.4576,-82796,5107.4,462.806,17.6057
0.139126,0,0,13.3754,0.881082,-68302.2,-6190.87,381.79,78.4614,-82805.1,5106.58,462.857,17.6103
0.139136,0,0,13.3754,0.881216,-68291.2,-6191.55,381.728,78.4652,-82814.2,5105.75,462.908,17.6149
0.139146,0,0,13.3754,0.88135,-68280.1,-6192.24,381.666,78.469,-82823.4,5104.92,462.959,17.6196
0.139156,0,0,13.3754,0.881483,-68269,-6192.92,381.604,78.4729,-82832.5,5104.09,463.01,17.6242
0.139166,0,0,13.3754,0.881617,-68257.9,-6193.6,381.542,78.4767,-82841.6,5103.26,463.061,17.6288
0.139176,0,0,13.3754,0.881751,-68246.9,-6194.29,381.48,78.4805,-82850.7,5102.44,463.112,17.6335
0.139186,0,0,13.3754,0.881885,-68235.8,-6194.97,381.418,78.4843,-82859.9,5101.61,463.163,17.6381
0.139196,0,0,13.3754,0.882018,-68224.7,-6195.65,381.357,78.4881,-82869,5100.78,463.214,17.6427
0.139206,0,0,13.3754,0.882152,-68213.6,-6196.33,381.295,78.4919,-82878.1,5099.95,463.265,17.6473
0.139216,0,0,13.3754,0.882286,-68202.5,-6197.01,381.233,78.4957,-82887.2,5099.12,463.316,17.652
0.139226,0,0,13.3754,0.882419,-68191.5,-6197.7,381.171,78.4996,-82896.4,5098.29,463.367,17.6566
0.139236,0,0,13.3754,0.882553,-68180.4,-6198.38,381.109,78.5034,-82905.5,5097.46,463.418,17.6612
0.139246,0,0,13.3754,0.882687,-68169.3,-6199.06,381.047,78.5072,-82914.6,5096.63,463.469,17.6659
0.139256,0,0,13.3754,0.882821,-68158.2,-6199.74,380.985,78.511,-82923.7,5095.81,463.52,17.6705
0.139266,0,0,13.3754,0.882954,-68147.1,-6200.42,380.923,78.5148,-82932.8,5094.98,463.571,17.6752
0.139276,0,0,13.3754,0.883088,-68136,-6201.1,380.861,78.5186,-82941.9,5094.15,463.622,17.6798
0.139286,0,0,13.3754,0.883222,-68124.9,-6201.78,380.799,78.5224,-82951,5093.32,463.673,17.6844
0.139296,0,0,13.3754,0.883356,-68113.8,-6202.47,380.737,78.5262,-82960.2,5092.49,463.724,17.6891
0.139306,0,0,13.3754,0.883489,-68102.7,-6203.15,380.675,78.53,-82969.3,5091.66,463.774,17.6937
0.139316,0,0,13.3754,0.883623,-68091.6,-6203.83,380.613,78.5338,-82978.4,5090.83,463.825,17.6983
0.139326,0,0,13.3754,0.883757,-68080.5,-6204.51,380.551,78.5376,-82987.5,5090,463.876,17.703
0.139336,0,0,13.3754,0.883891,-68069.4,-6205.19,380.489,78.5414,-82996.6,5089.17,463.927,17.7076
0.139346,0,0,13.3754,0.884024,-68058.3,-6205.87,380.427,78.5452,-83005.7,5088.34,463.978,17.7123
0.139356,0,0,13.3754,0.884158,-68047.2,-6206.55,380.365,78.5491,-83014.8,5087.51,464.029,17.7169
0.139366,0,0,13.3754,0.884292,-68036.1,-6207.23,380.302,78.5529,-83023.9,5086.68,464.08,17.7215
0.139376,0,0,13.3754,0.884426,-68025,-6207.91,380.24,78.5567,-83033,5085.85,464.131,17.7262
0.139386,0,0,13.3754,0.884559,-68013.9,-6208.59,380.178,78.5605,-83042.1,5085.02,464.181,17.7308
0.139396,0,0,13.3754,0.884693,-68002.8,-6209.27,380.116,78.5643,-83051.2,5084.19,464.232,17.7355
0.139406,0,0,13.3754,0.884827,-67991.7,-6209.95,380.054,78.5681,-83060.3,5083.36,464.283,17.7401
0.139416,0,0,13.3754,0.88496,-67980.6,-6210.63,379.992,78.5719,-83069.4,5082.53,464.334,17.7447
0.139426,0,0,13.3754,0.885094,-67969.5,-6211.31,379.93,78.5757,-83078.5,5081.7,464.385,17.7494
0.139436,0,0,13.3754,0.885228,-67958.4,-6211.99,379.868,78.5795,-83087.5,5080.87,464.436,17.754
0.139446,0,0,13.3754,0.885362,-67947.3,-6212.67,379.806,78.5833,-83096.6,5080.04,464.486,17.7587
0.139456,0,0,13.3754,0.885495,-67936.1,-6213.35,379.744,78.5871,-83105.7,5079.2,464.537,17.7633
0.139466,0,0,13.3754,0.885629,-67925,-6214.03,379.681,78.5909,-83114.8,5078.37,464.588,17.768
0.139476,0,0,13.3754,0.885763,-67913.9,-6214.71,379.619,78.5947,-83123.9,5077.54,464.639,17.7726
0.139486,0,0,13.3754,0.885897,-67902.8,-6215.39,379.557,78.5985,-83133,5076.71,464.689,17.7773
0.139496,0,0,13.3754,0.88603,-67891.7,-6216.06,379.495,78.6022,-83142,5075.88,464.74,17.7819
0.139506,0,0,13.3754,0.886164,-67880.6,-6216.74,379.433,78.606,-83151.1,5075.05,464.791,17.7866
0.139516,0,0,13.3754,0.886298,-67869.4,-6217.42,379.371,78.6098,-83160.2,5074.22,464.842,17.7912
0.139526,0,0,13.3754,0.886432,-67858.3,-6218.1,379.309,78.6136,-83169.3,5073.39,464.892,17.7959
0.139536,0,0,13.3754,0.886565,-67847.2,-6218.78,379.246,78.6174,-83178.4,5072.55,464.943,17.8005
0.139546,0,0,13.3754,0.886699,-67836.1,-6219.46,379.184,78.6212,-83187.4,5071.72,464.994,17.8052
0.139556,0,0,13.3754,0.886833,-67824.9,-6220.14,379.122,78.625,-83196.5,5070.89,465.045,17.8098
0.139566,0,0,13.3754,0.886966,-67813.8,-6220.81,379.06,78.6288,-83205.6,5070.06,465.095,17.8145
0.139576,0,0,13.3754,0.8871,-67802.7,-6221.49,378.998,78.6326,-83214.6,5069.23,465.146,17.8191
0.139586,0,0,13.3754,0.887234,-67791.6,-6222.17,378.935,78.6364,-83223.7,5068.39,465.197,17.8238
0.139596,0,0,13.3754,0.887368,-67780.4,-6222.85,378.873,78.6402,-83232.8,5067.56,465.247,17.8284
0.139606,0,0,13.3754,0.887501,-67769.3,-6223.52,378.811,78.644,-83241.8,5066.73,465.298,17.8331
0.139616,0,0,13.3754,0.887635,-67758.2,-6224.2,378.749,78.6477,-83250.9,5065.9,465.349,17.8377
0.139626,0,0,13.3754,0.887769,-67747,-6224.88,378.686,78.6515,-83260,5065.06,465.399,17.8424
0.139636,0,0,13.3754,0.887903,-67735.9,-6225.56,378.624,78.6553,-83269,5064.23,465.45,17.847
0.139646,0,0,13.3754,0.888036,-67724.8,-6226.23,378.562,78.6591,-83278.1,5063.4,465.501,17.8517
0.139656,0,0,13.3754,0.88817,-67713.6,-6226.91,378.5,78.6629,-83287.1,5062.57,465.551,17.8563
0.139666,0,0,13.3754,0.888304,-67702.5,-6227.59,378.437,78.6667,-83296.2,5061.73,465.602,17.861
0.139676,0,0,13.3754,0.888438,-67691.3,-6228.27,378.375,78.6704,-83305.2,5060.9,465.652,17.8656
0.139686,0,0,13.3754,0.888571,-67680.2,-6228.94,378.313,78.6742,-83314.3,5060.07,465.703,17.8703
0.139696,0,0,13.3754,0.888705,-67669.1,-6229.62,378.251,78.678,-83323.4,5059.24,465.754,17.875
0.139706,0,0,13.3754,0.888839,-67657.9,-6230.29,378.188,78.6818,-83332.4,5058.4,465.804,17.8796
0.139716,0,0,13.3754,0.888973,-67646.8,-6230.97,378.126,78.6856,-83341.4,5057.57,465.855,17.8843
0.139726,0,0,13.3754,0.889106,-67635.6,-6231.65,378.064,78.6894,-83350.5,5056.74,465.905,17.8889
0.139736,0,0,13.3754,0.88924,-67624.5,-6232.32,378.001,78.6931,-83359.5,5055.9,465.956,17.8936
0.139746,0,0,13.3754,0.889374,-67613.3,-6233,377.939,78.6969,-83368.6,5055.07,466.006,17.8983
0.139756,0,0,13.3754,0.889507,-67602.2,-6233.68,377.877,78.7007,-83377.6,5054.24,466.057,17.9029
0.139766,0,0,13.3754,0.889641,-67591,-6234.35,377.814,78.7045,-83386.7,5053.4,466.108,17.9076
0.139776,0,0,13.3754,0.889775,-67579.9,-6235.03,377.752,78.7083,-83395.7,5052.57,466.158,17.9122
0.139786,0,0,13.3754,0.889909,-67568.7,-6235.7,377.69,78.712,-83404.7,5051.73,466.209,17.9169
0.139796,0,0,13.3754,0.890042,-67557.6,-6236.38,377.627,78.7158,-83413.8,5050.9,466.259,17.9216
0.139806,0,0,13.3754,0.890176,-67546.4,-6237.05,377.565,78.7196,-83422.8,5050.07,466.31,17.9262
0.139816,0,0,13.3754,0.89031,-67535.2,-6237.73,377.503,78.7234,-83431.8,5049.23,466.36,17.9309
0.139826,0,0,13.3754,0.890444,-67524.1,-6238.41,377.44,78.7271,-83440.9,5048.4,466.411,17.9356
0.139836,0,0,13.3754,0.890577,-67512.9,-6239.08,377.378,78.7309,-83449.9,5047.56,466.461,17.9402
0.139846,0,0,13.3754,0.890711,-67501.8,-6239.76,377.316,78.7347,-83458.9,5046.73,466.511,17.9449
0.139856,0,0,13.3754,0.890845,-67490.6,-6240.43,377.253,78.7385,-83467.9,5045.89,466.562,17.9495
0.139866,0,0,13.3754,0.890979,-67479.4,-6241.1,377.191,78.7422,-83477,5045.06,466.612,17.9542
0.139876,0,0,13.3754,0.891112,-67468.3,-6241.78,377.128,78.746,-83486,5044.22,466.663,17.9589
0.139886,0,0,13.3754,0.891246,-67457.1,-6242.45,377.066,78.7498,-83495,5043.39,466.713,17.9635
0.139896,0,0,13.3754,0.89138,-67446,-6243.13,377.004,78.7535,-83504,5042.56,466.764,17.9682
0.139906,0,0,13.3754,0.891514,-67434.8,-6243.8,376.941,78.7573,-83513.1,5041.72,466.814,17.9729
0.139916,0,0,13.3754,0.891647,-67423.6,-6244.48,376.879,78.7611,-83522.1,5040.89,466.864,17.9775
0.139926,0,0,13.3754,0.891781,-67412.4,-6245.15,376.816,78.7648,-83531.1,5040.05,466.915,17.9822
0.139936,0,0,13.3754,0.891915,-67401.3,-6245.83,376.754,78.7686,-83540.1,5039.21,466.965,17.9869
0.139946,0,0,13.3754,0.892048,-67390.1,-6246.5,376.691,78.7724,-83549.1,5038.38,467.016,17.9916
0.139956,0,0,13.3754,0.892182,-67378.9,-6247.17,376.629,78.7762,-83558.1,5037.54,467.066,17.9962
0.139966,0,0,13.3754,0.892316,-67367.7,-6247.85,376.566,78.7799,-83567.1,5036.71,467.116,18.0009
0.139976,0,0,13.3754,0.89245,-67356.6,-6248.52,376.504,78.7837,-83576.1,5035.87,467.167,18.0056
0.139986,0,0,13.3754,0.892583,-67345.4,-6249.19,376.441,78.7875,-83585.2,5035.04,467.217,18.0102
0.139996,0,0,13.3754,0.892717,-67334.2,-6249.87,376.379,78.7912,-83594.2,5034.2,467.267,18.0149
0.140006,0,0,13.3754,0.892851,-67323,-6250.54,376.316,78.795,-83603.2,5033.37,467.318,18.0196
0.140016,0,0,13.3754,0.892985,-67311.9,-6251.21,376.254,78.7987,-83612.2,5032.53,467.368,18.0243
0.140026,0,0,13.3754,0.893118,-67300.7,-6251.89,376.191,78.8025,-83621.2,5031.69,467.418,18.0289
0.140036,0,0,13.3754,0.893252,-67289.5,-6252.56,376.129,78.8063,-83630.2,5030.86,467.469,18.0336
0.140046,0,0,13.3754,0.893386,-67278.3,-6253.23,376.066,78.81,-83639.2,5030.02,467.519,18.0383
0.140056,0,0,13.3754,0.89352,-67267.1,-6253.9,376.004,78.8138,-83648.2,5029.19,467.569,18.043
0.140066,0,0,13.3754,0.893653,-67255.9,-6254.58,375.941,78.8175,-83657.2,5028.35,467.62,18.0476
0.140076,0,0,13.3754,0.893787,-67244.7,-6255.25,375.879,78.8213,-83666.2,5027.51,467.67,18.0523
0.140086,0,0,13.3754,0.893921,-67233.6,-6255.92,375.816,78.8251,-83675.2,5026.68,467.72,18.057
0.140096,0,0,13.3754,0.894055,-67222.4,-6256.59,375.754,78.8288,-83684.1,5025.84,467.77,18.0617
0.140106,0,0,13.3754,0.894188,-67211.2,-6257.27,375.691,78.8326,-83693.1,5025,467.821,18.0663
0.140116,0,0,13.3754,0.894322,-67200,-6257.94,375.629,78.8363,-83702.1,5024.16,467.871,18.071
0.140126,0,0,13.3754,0.894456,-67188.8,-6258.61,375.566,78.8401,-83711.1,5023.33,467.921,18.0757
0.140136,0,0,13.3754,0.894589,-67177.6,-6259.28,375.503,78.8438,-83720.1,5022.49,467.971,18.0804
0.140146,0,0,13.3754,0.894723,-67166.4,-6259.95,375.441,78.8476,-83729.1,5021.65,468.022,18.0851
0.140156,0,0,13.3754,0.894857,-67155.2,-6260.62,375.378,78.8513,-83738.1,5020.82,468.072,18.0897
0.140166,0,0,13.3754,0.894991,-67144,-6261.3,375.316,78.8551,-83747,5019.98,468.122,18.0944
0.140176,0,0,13.3754,0.895124,-67132.8,-6261.97,375.253,78.8589,-83756,5019.14,468.172,18.0991
0.140186,0,0,13.3754,0.895258,-67121.6,-6262.64,375.19,78.8626,-83765,5018.3,468.222,18.1038
0.140196,0,0,13.3754,0.895392,-67110.4,-6263.31,375.128,78.8664,-83774,5017.47,468.272,18.1085
0.140206,0,0,13.3754,0.895526,-67099.2,-6263.98,375.065,78.8701,-83782.9,5016.63,468.323,18.1131
0.140216,0,0,13.3754,0.895659,-67088,-6264.65,375.003,78.8739,-83791.9,5015.79,468.373,18.1178
0.140226,0,0,13.3754,0.895793,-67076.8,-6265.32,374.94,78.8776,-83800.9,5014.95,468.423,18.1225
0.140236,0,0,13.3754,0.895927,-67065.6,-6265.99,374.877,78.8814,-83809.9,5014.12,468.473,18.1272
0.140246,0,0,13.3754,0.896061,-67054.4,-6266.66,374.815,78.8851,-83818.8,5013.28,468.523,18.1319
0.140256,0,0,13.3754,0.896194,-67043.1,-6267.33,374.752,78.8889,-83827.8,5012.44,468.573,18.1366
0.140266,0,0,13.3754,0.896328,-67031.9,-6268,374.689,78.8926,-83836.8,5011.6,468.623,18.1413
0.140276,0,0,13.3754,0.896462,-67020.7,-6268.67,374.627,78.8963,-83845.7,5010.76,468.674,18.1459
0.140286,0,0,13.3754,0.896595,-67009.5,-6269.34,374.564,78.9001,-83854.7,5009.92,468.724,18.1506
0.140296,0,0,13.3754,0.896729,-66998.3,-6270.01,374.501,78.9038,-83863.6,5009.09,468.774,18.1553
0.140306,0,0,13.3754,0.896863,-66987.1,-6270.68,374.439,78.9076,-83872.6,5008.25,468.824,18.16
0.140316,0,0,13.3754,0.896997,-66975.8,-6271.35,374.376,78.9113,-83881.6,5007.41,468.874,18.1647
0.140326,0,0,13.3754,0.89713,-66964.6,-6272.02,374.313,78.9151,-83890.5,5006.57,468.924,18.1694
0.140336,0,0,13.3754,0.897264,-66953.4,-6272.69,374.25,78.9188,-83899.5,5005.73,468.974,18.1741
0.140346,0,0,13.3754,0.897398,-66942.2,-6273.36,374.188,78.9226,-83908.4,5004.89,469.024,18.1788
0.140356,0,0,13.3754,0.897532,-66931,-6274.03,374.125,78.9263,-83917.4,5004.05,469.074,18.1835
0.140366,0,0,13.3754,0.897665,-66919.8,-6274.7,374.062,78.93,-83926.3,5003.21,469.124,18.1881
0.140376,0,0,13.3754,0.897799,-66908.5,-6275.37,373.999,78.9338,-83935.3,5002.37,469.174,18.1928
0.140386,0,0,13.3754,0.897933,-66897.3,-6276.04,373.937,78.9375,-83944.2,5001.54,469.224,18.1975
0.140396,0,0,13.3754,0.898067,-66886.1,-6276.71,373.874,78.9413,-83953.2,5000.7,469.274,18.2022
0.140406,0,0,13.3754,0.8982,-66874.8,-6277.38,373.811,78.945,-83962.1,4999.86,469.324,18.2069
0.140416,0,0,13.3754,0.898334,-66863.6,-6278.04,373.748,78.9487,-83971.1,4999.02,469.374,18.2116
0.140426,0,0,13.3754,0.898468,-66852.4,-6278.71,373.686,78.9525,-83980,4998.18,469.424,18.2163
0.140436,0,0,13.3754,0.898602,-66841.2,-6279.38,373.623,78.9562,-83988.9,4997.34,469.474,18.221
0.140446,0,0,13.3754,0.898735,-66829.9,-6280.05,373.56,78.9599,-83997.9,4996.5,469.524,18.2257
0.140456,0,0,13.3754,0.898869,-66818.7,-6280.72,373.497,78.9637,-84006.8,4995.66,469.574,18.2304
0.140466,0,0,13.3754,0.899003,-66807.4,-6281.39,373.435,78.9674,-84015.7,4994.82,469.624,18.2351
0.140476,0,0,13.3754,0.899136,-66796.2,-6282.05,373.372,78.9712,-84024.7,4993.98,469.674,18.2398
0.140486,0,0,13.3754,0.89927,-66785,-6282.72,373.309,78.9749,-84033.6,4993.14,469.724,18.2445
0.140496,0,0,13.3754,0.899404,-66773.7,-6283.39,373.246,78.9786,-84042.5,4992.3,469.774,18.2492
0.140506,0,0,13.3754,0.899538,-66762.5,-6284.06,373.183,78.9823,-84051.5,4991.46,469.824,18.2539
0.140516,0,0,13.3754,0.899671,-66751.3,-6284.72,373.12,78.9861,-84060.4,4990.62,469.874,18.2586
0.140526,0,0,13.3754,0.899805,-66740,-6285.39,373.058,78.9898,-84069.3,4989.78,469.923,18.2633
0.140536,0,0,13.3754,0.899939,-66728.8,-6286.06,372.995,78.9935,-84078.2,4988.94,469.973,18.268
0.140546,0,0,13.3754,0.900073,-66717.5,-6286.73,372.932,78.9973,-84087.2,4988.1,470.023,18.2727
0.140556,0,0,13.3754,0.900206,-66706.3,-6287.39,372.869,79.001,-84096.1,4987.25,470.073,18.2774
0.140566,0,0,13.3754,0.90034,-66695,-6288.06,372.806,79.0047,-84105,4986.41,470.123,18.2821
0.140576,0,0,13.3754,0.900474,-66683.8,-6288.73,372.743,79.0085,-84113.9,4985.57,470.173,18.2868
0.140586,0,0,13.3754,0.900608,-66672.5,-6289.39,372.68,79.0122,-84122.9,4984.73,470.223,18.2915
0.140596,0,0,13.3754,0.900741,-66661.3,-6290.06,372.617,79.0159,-84131.8,4983.89,470.272,18.2962
0.140606,0,0,13.3754,0.900875,-66650,-6290.73,372.555,79.0196,-84140.7,4983.05,470.322,18.3009
0.140616,0,0,13.3754,0.901009,-66638.8,-6291.39,372.492,79.0234,-84149.6,4982.21,470.372,18.3056
0.140626,0,0,13.3754,0.901142,-66627.5,-6292.06,372.429,79.0271,-84158.5,4981.37,470.422,18.3103
0.140636,0,0,13.3754,0.901276,-66616.3,-6292.73,372.366,79.0308,-84167.4,4980.52,470.472,18.315
0.140646,0,0,13.3754,0.90141,-66605,-6293.39,372.303,79.0345,-84176.3,4979.68,470.522,18.3197
0.140656,0,0,13.3754,0.901544,-66593.7,-6294.06,372.24,79.0383,-84185.2,4978.84,470.571,18.3244
0.140666,0,0,13.3754,0.901677,-66582.5,-6294.72,372.177,79.042,-84194.1,4978,470.621,18.3291
0.140676,0,0,13.3754,0.901811,-66571.2,-6295.39,372.114,79.0457,-84203,4977.16,470.671,18.3338
0.140686,0,0,13.3754,0.901945,-66560,-6296.05,372.051,79.0494,-84211.9,4976.32,470.721,18.3385
0.140696,0,0,13.3754,0.902079,-66548.7,-6296.72,371.988,79.0531,-84220.8,4975.47,470.77,18.3432
0.140706,0,0,13.3754,0.902212,-66537.4,-6297.38,371.925,79.0569,-84229.7,4974.63,470.82,18.3479
0.140716,0,0,13.3754,0.902346,-66526.2,-6298.05,371.862,79.0606,-84238.6,4973.79,470.87,18.3526
0.140726,0,0,13.3754,0.90248,-66514.9,-6298.72,371.799,79.0643,-84247.5,4972.95,470.92,18.3574
0.140736,0,0,13.3754,0.902614,-66503.6,-6299.38,371.736,79.068,-84256.4,4972.1,470.969,18.3621
0.140746,0,0,13.3754,0.902747,-66492.4,-6300.05,371.673,79.0717,-84265.3,4971.26,471.019,18.3668
0.140756,0,0,13.3754,0.902881,-66481.1,-6300.71,371.61,79.0754,-84274.2,4970.42,471.069,18.3715
0.140766,0,0,13.3754,0.903015,-66469.8,-6301.38,371.547,79.0792,-84283.1,4969.58,471.118,18.3762
0.140776,0,0,13.3754,0.903149,-66458.6,-6302.04,371.484,79.0829,-84292,4968.73,471.168,18.3809
0.140786,0,0,13.3754,0.903282,-66447.3,-6302.7,371.421,79.0866,-84300.9,4967.89,471.218,18.3856
0.140796,0,0,13.3754,0.903416,-66436,-6303.37,371.358,79.0903,-84309.8,4967.05,471.267,18.3903
0.140806,0,0,13.3754,0.90355,-66424.7,-6304.03,371.295,79.094,-84318.7,4966.2,471.317,18.395
0.140816,0,0,13.3754,0.903683,-66413.5,-6304.7,371.232,79.0977,-84327.5,4965.36,471.367,18.3998
0.140826,0,0,13.3754,0.903817,-66402.2,-6305.36,371.169,79.1015,-84336.4,4964.52,471.416,18.4045
0.140836,0,0,13.3754,0.903951,-66390.9,-6306.02,371.106,79.1052,-84345.3,4963.68,471.466,18.4092
0.140846,0,0,13.3754,0.904085,-66379.6,-6306.69,371.043,79.1089,-84354.2,4962.83,471.516,18.4139
0.140856,0,0,13.3754,0.904218,-66368.3,-6307.35,370.98,79.1126,-84363,4961.99,471.565,18.4186
0.140866,0,0,13.3754,0.904352,-66357.1,-6308.02,370.917,79.1163,-84371.9,4961.14,471.615,18.4233
0.140876,0,0,13.3754,0.904486,-66345.8,-6308.68,370.854,79.12,-84380.8,4960.3,471.665,18.428
0.140886,0,0,13.3754,0.90462,-66334.5,-6309.34,370.791,79.1237,-84389.7,4959.46,471.714,18.4328
0.140896,0,0,13.3754,0.904753,-66323.2,-6310.01,370.728,79.1274,-84398.5,4958.61,471.764,18.4375
0.140906,0,0,13.3754,0.904887,-66311.9,-6310.67,370.665,79.1311,-84407.4,4957.77,471.813,18.4422
0.140916,0,0,13.3754,0.905021,-66300.6,-6311.33,370.602,79.1348,-84416.3,4956.93,471.863,18.4469
0.140926,0,0,13.3754,0.905155,-66289.3,-6311.99,370.538,79.1385,-84425.1,4956.08,471.912,18.4516
0.140936,0,0,13.3754,0.905288,-66278,-6312.66,370.475,79.1422,-84434,4955.24,471.962,18.4564
0.140946,0,0,13.3754,0.905422,-66266.7,-6313.32,370.412,79.146,-84442.9,4954.39,472.012,18.4611
0.140956,0,0,13.3754,0.905556,-66255.5,-6313.98,370.349,79.1497,-84451.7,4953.55,472.061,18.4658
0.140966,0,0,13.3754,0.905689,-66244.2,-6314.64,370.286,79.1534,-84460.6,4952.7,472.111,18.4705
0.140976,0,0,13.3754,0.905823,-66232.9,-6315.31,370.223,79.1571,-84469.4,4951.86,472.16,18.4752
0.140986,0,0,13.3754,0.905957,-66221.6,-6315.97,370.16,79.1608,-84478.3,4951.02,472.21,18.48
0.140996,0,0,13.3754,0.906091,-66210.3,-6316.63,370.096,79.1645,-84487.2,4950.17,472.259,18.4847
0.141006,0,0,13.3754,0.906224,-66199,-6317.29,370.033,79.1682,-84496,4949.33,472.309,18.4894
0.141016,0,0,13.3754,0.906358,-66187.7,-6317.96,369.97,79.1719,-84504.9,4948.48,472.358,18.4941
0.141026,0,0,13.3754,0.906492,-66176.4,-6318.62,369.907,79.1756,-84513.7,4947.64,472.408,18.4989
0.141036,0,0,13.3754,0.906626,-66165.1,-6319.28,369.844,79.1793,-84522.6,4946.79,472.457,18.5036
0.141046,0,0,13.3754,0.906759,-66153.8,-6319.94,369.781,79.183,-84531.4,4945.95,472.506,18.5083
0.141056,0,0,13.3754,0.906893,-66142.5,-6320.6,369.717,79.1867,-84540.3,4945.1,472.556,18.513
0.141066,0,0,13.3754,0.907027,-66131.1,-6321.26,369.654,79.1904,-84549.1,4944.25,472.605,18.5178
0.141076,0,0,13.3754,0.907161,-66119.8,-6321.92,369.591,79.194,-84558,4943.41,472.655,18.5225
0.141086,0,0,13.3754,0.907294,-66108.5,-6322.58,369.528,79.1977,-84566.8,4942.56,472.704,18.5272
0.141096,0,0,13.3754,0.907428,-66097.2,-6323.25,369.465,79.2014,-84575.6,4941.72,472.754,18.5319
0.141106,0,0,13.3754,0.907562,-66085.9,-6323.91,369.401,79.2051,-84584.5,4940.87,472.803,18.5367
0.141116,0,0,13.3754,0.907696,-66074.6,-6324.57,369.338,79.2088,-84593.3,4940.03,472.852,18.5414
0.141126,0,0,13.3754,0.907829,-66063.3,-6325.23,369.275,79.2125,-84602.1,4939.18,472.902,18.5461
0.141136,0,0,13.3754,0.907963,-66052,-6325.89,369.212,79.2162,-84611,4938.33,472.951,18.5508
0.141146,0,0,13.3754,0.908097,-66040.7,-6326.55,369.148,79.2199,-84619.8,4937.49,473.001,18.5556
0.141156,0,0,13.3754,0.908231,-66029.3,-6327.21,369.085,79.2236,-84628.6,4936.64,473.05,18.5603
0.141166,0,0,13.3754,0.908364,-66018,-6327.87,369.022,79.2273,-84637.5,4935.8,473.099,18.565
0.141176,0,0,13.3754,0.908498,-66006.7,-6328.53,368.959,79.231,-84646.3,4934.95,473.149,18.5698
0.141186,0,0,13.3754,0.908632,-65995.4,-6329.19,368.895,79.2347,-84655.1,4934.1,473.198,18.5745
0.141196,0,0,13.3754,0.908765,-65984.1,-6329.85,368.832,79.2383,-84664,4933.26,473.247,18.5792
0.141206,0,0,13.3754,0.908899,-65972.7,-6330.51,368.769,79.242,-84672.8,4932.41,473.297,18.584
0.141216,0,0,13.3754,0.909033,-65961.4,-6331.17,368.705,79.2457,-84681.6,4931.56,473.346,18.5887
0.141226,0,0,13.3754,0.909167,-65950.1,-6331.83,368.642,79.2494,-84690.4,4930.72,473.395,18.5934
0.141236,0,0,13.3754,0.9093,-65938.8,-6332.49,368.579,79.2531,-84699.2,4929.87,473.445,18.5982
0.141246,0,0,13.3754,0.909434,-65927.4,-6333.15,368.515,79.2568,-84708,4929.02,473.494,18.6029
0.141256,0,0,13.3754,0.909568,-65916.1,-6333.81,368.452,79.2605,-84716.9,4928.18,473.543,18.6076
0.141266,0,0,13.3754,0.909702,-65904.8,-6334.46,368.389,79.2641,-84725.7,4927.33,473.592,18.6124
0.141276,0,0,13.3754,0.909835,-65893.4,-6335.12,368.325,79.2678,-84734.5,4926.48,473.642,18.6171
0.141286,0,0,13.3754,0.909969,-65882.1,-6335.78,368.262,79.2715,-84743.3,4925.63,473.691,18.6218
0.141296,0,0,13.3754,0.910103,-65870.8,-6336.44,368.199,79.2752,-84752.1,4924.79,473.74,18.6266
0.141306,0,0,13.3754,0.910237,-65859.4,-6337.1,368.135,79.2789,-84760.9,4923.94,473.789,18.6313
0.141316,0,0,13.3754,0.91037,-65848.1,-6337.76,368.072,79.2826,-84769.7,4923.09,473.839,18.6361
0.141326,0,0,13.3754,0.910504,-65836.8,-6338.42,368.009,79.2862,-84778.5,4922.25,473.888,18.6408
0.141336,0,0,13.3754,0.910638,-65825.4,-6339.07,367.945,79.2899,-84787.4,4921.4,473.937,18.6455
0.141346,0,0,13.3754,0.910771,-65814.1,-6339.73,367.882,79.2936,-84796.1,4920.55,473.986,18.6503
0.141356,0,0,13.3754,0.910905,-65802.7,-6340.39,367.818,79.2973,-84805,4919.7,474.035,18.655
0.141366,0,0,13.3754,0.911039,-65791.4,-6341.05,367.755,79.3009,-84813.8,4918.85,474.085,18.6598
0.141376,0,0,13.3754,0.911173,-65780.1,-6341.71,367.692,79.3046,-84822.5,4918.01,474.134,18.6645
0.141386,0,0,13.3754,0.911306,-65768.7,-6342.36,367.628,79.3083,-84831.3,4917.16,474.183,18.6692
0.141396,0,0,13.3754,0.91144,-65757.4,-6343.02,367.565,79.312,-84840.1,4916.31,474.232,18.674
0.141406,0,0,13.3754,0.911574,-65746,-6343.68,367.501,79.3157,-84848.9,4915.46,474.281,18.6787
0.141416,0,0,13.3754,0.911708,-65734.7,-6344.34,367.438,79.3193,-84857.7,4914.61,474.33,18.6835
0.141426,0,0,13.3754,0.911841,-65723.3,-6344.99,367.375,79.323,-84866.5,4913.76,474.38,18.6882
0.141436,0,0,13.3754,0.911975,-65712,-6345.65,367.311,79.3267,-84875.3,4912.92,474.429,18.693
0.141446,0,0,13.3754,0.912109,-65700.6,-6346.31,367.248,79.3304,-84884.1,4912.07,474.478,18.6977
0.141456,0,0,13.3754,0.912243,-65689.3,-6346.96,367.184,79.334,-84892.9,4911.22,474.527,18.7024
0.141466,0,0,13.3754,0.912376,-65677.9,-6347.62,367.121,79.3377,-84901.7,4910.37,474.576,18.7072
0.141476,0,0,13.3754,0.91251,-65666.6,-6348.28,367.057,79.3414,-84910.4,4909.52,474.625,18.7119
0.141486,0,0,13.3754,0.912644,-65655.2,-6348.93,366.994,79.345,-84919.2,4908.67,474.674,18.7167
0.141496,0,0,13.3754,0.912778,-65643.8,-6349.59,366.93,79.3487,-84928,4907.82,474.723,18.7214
0.141506,0,0,13.3754,0.912911,-65632.5,-6350.25,366.867,79.3524,-84936.8,4906.97,474.772,18.7262
0.141516,0,0,13.3754,0.913045,-65621.1,-6350.9,366.803,79.356,-84945.6,4906.12,474.821,18.7309
0.141526,0,0,13.3754,0.913179,-65609.8,-6351.56,366.74,79.3597,-84954.3,4905.27,474.87,18.7357
0.141536,0,0,13.3754,0.913312,-65598.4,-6352.21,366.676,79.3634,-84963.1,4904.42,474.919,18.7404
0.141546,0,0,13.3754,0.913446,-65587,-6352.87,366.613,79.3671,-84971.9,4903.58,474.968,18.7452
0.141556,0,0,13.3754,0.91358,-65575.7,-6353.53,366.549,79.3707,-84980.6,4902.73,475.017,18.7499
0.141566,0,0,13.3754,0.913714,-65564.3,-6354.18,366.486,79.3744,-84989.4,4901.88,475.067,18.7547
0.141576,0,0,13.3754,0.913847,-65552.9,-6354.84,366.422,79.378,-84998.2,4901.03,475.116,18.7594
0.141586,0,0,13.3754,0.913981,-65541.6,-6355.49,366.359,79.3817,-85007,4900.18,475.165,18.7642
0.141596,0,0,13.3754,0.914115,-65530.2,-6356.15,366.295,79.3854,-85015.7,4899.33,475.214,18.7689
0.141606,0,0,13.3754,0.914249,-65518.8,-6356.8,366.232,79.389,-85024.5,4898.48,475.263,18.7737
0.141616,0,0,13.3754,0.914382,-65507.5,-6357.46,366.168,79.3927,-85033.2,4897.63,475.311,18.7784
0.141626,0,0,13.3754,0.914516,-65496.1,-6358.11,366.104,79.3963,-85042,4896.78,475.36,18.7832
0.141636,0,0,13.3754,0.91465,-65484.7,-6358.77,366.041,79.4,-85050.8,4895.93,475.409,18.7879
0.141646,0,0,13.3754,0.914784,-65473.3,-6359.42,365.977,79.4037,-85059.5,4895.07,475.458,18.7927
0.141656,0,0,13.3754,0.914917,-65462,-6360.08,365.914,79.4073,-85068.3,4894.22,475.507,18.7974
0.141666,0,0,13.3754,0.915051,-65450.6,-6360.73,365.85,79.411,-85077,4893.37,475.556,18.8022
0.141676,0,0,13.3754,0.915185,-65439.2,-6361.39,365.786,79.4146,-85085.8,4892.52,475.605,18.807
0.141686,0,0,13.3754,0.915318,-65427.8,-6362.04,365.723,79.4183,-85094.5,4891.67,475.654,18.8117
0.141696,0,0,13.3754,0.915452,-65416.5,-6362.69,365.659,79.422,-85103.3,4890.82,475.703,18.8165
0.141706,0,0,13.3754,0.915586,-65405.1,-6363.35,365.596,79.4256,-85112,4889.97,475.752,18.8212
0.141716,0,0,13.3754,0.91572,-65393.7,-6364,365.532,79.4293,-85120.8,4889.12,475.801,18.826
0.141726,0,0,13.3754,0.915853,-65382.3,-6364.66,365.468,79.4329,-85129.5,4888.27,475.85,18.8307
0.141736,0,0,13.3754,0.915987,-65370.9,-6365.31,365.405,79.4366,-85138.3,4887.42,475.899,18.8355
0.141746,0,0,13.3754,0.916121,-65359.5,-6365.96,365.341,79.4402,-85147,4886.57,475.947,18.8403
0.141756,0,0,13.3754,0.916255,-65348.1,-6366.62,365.277,79.4439,-85155.7,4885.71,475.996,18.845
0.141766,0,0,13.3754,0.916388,-65336.8,-6367.27,365.214,79.4475,-85164.5,4884.86,476.045,18.8498
0.141776,0,0,13.3754,0.916522,-65325.4,-6367.92,365.15,79.4512,-85173.2,4884.01,476.094,18.8545
0.141786,0,0,13.3754,0.916656,-65314,-6368.58,365.086,79.4548,-85182,4883.16,476.143,18.8593
0.141796,0,0,13.3754,0.91679,-65302.6,-6369.23,365.023,79.4585,-85190.7,4882.31,476.192,18.8641
0.141806,0,0,13.3754,0.916923,-65291.2,-6369.88,364.959,79.4621,-85199.4,4881.46,476.24,18.8688
0.141816,0,0,13.3754,0.917057,-65279.8,-6370.54,364.895,79.4658,-85208.1,4880.6,476.289,18.8736
0.141826,0,0,13.3754,0.917191,-65268.4,-6371.19,364.832,79.4694,-85216.9,4879.75,476.338,18.8784
0.141836,0,0,13.3754,0.917325,-65257,-6371.84,364.768,79.4731,-85225.6,4878.9,476.387,18.8831
0.141846,0,0,13.3754,0.917458,-65245.6,-6372.49,364.704,79.4767,-85234.3,4878.05,476.436,18.8879
0.141856,0,0,13.3754,0.917592,-65234.2,-6373.15,364.64,79.4804,-85243.1,4877.19,476.484,18.8926
0.141866,0,0,13.3754,0.917726,-65222.8,-6373.8,364.577,79.484,-85251.8,4876.34,476.533,18.8974
0.141876,0,0,13.3754,0.917859,-65211.4,-6374.45,364.513,79.4877,-85260.5,4875.49,476.582,18.9022
0.141886,0,0,13.3754,0.917993,-65200,-6375.1,364.449,79.4913,-85269.2,4874.64,476.631,18.9069
0.141896,0,0,13.3754,0.918127,-65188.6,-6375.75,364.386,79.495,-85277.9,4873.79,476.679,18.9117
0.141906,0,0,13.3754,0.918261,-65177.2,-6376.41,364.322,79.4986,-85286.7,4872.93,476.728,18.9165
0.141916,0,0,13.3754,0.918394,-65165.8,-6377.06,364.258,79.5023,-85295.4,4872.08,476.777,18.9212
0.141926,0,0,13.3754,0.918528,-65154.4,-6377.71,364.194,79.5059,-85304.1,4871.23,476.825,18.926
0.141936,0,0,13.3754,0.918662,-65143,-6378.36,364.131,79.5095,-85312.8,4870.37,476.874,18.9308
0.141946,0,0,13.3754,0.918796,-65131.6,-6379.01,364.067,79.5132,-85321.5,4869.52,476.923,18.9355
0.141956,0,0,13.3754,0.918929,-65120.1,-6379.66,364.003,79.5168,-85330.2,4868.67,476.971,18.9403
0.141966,0,0,13.3754,0.919063,-65108.7,-6380.31,363.939,79.5204,-85338.9,4867.81,477.02,18.9451
0.141976,0,0,13.3754,0.919197,-65097.3,-6380.96,363.875,79.5241,-85347.6,4866.96,477.069,18.9499
0.141986,0,0,13.3754,0.919331,-65085.9,-6381.61,363.812,79.5277,-85356.3,4866.11,477.118,18.9546
0.141996,0,0,13.3754,0.919464,-65074.5,-6382.27,363.748,79.5314,-85365,4865.25,477.166,18.9594
0.142006,0,0,13.3754,0.919598,-65063.1,-6382.92,363.684,79.535,-85373.8,4864.4,477.215,18.9642
0.142016,0,0,13.3754,0.919732,-65051.7,-6383.57,363.62,79.5386,-85382.5,4863.55,477.263,18.9689
0.142026,0,0,13.3754,0.919865,-65040.2,-6384.22,363.556,79.5423,-85391.1,4862.69,477.312,18.9737
0.142036,0,0,13.3754,0.919999,-65028.8,-6384.87,363.492,79.5459,-85399.9,4861.84,477.361,18.9785
0.142046,0,0,13.3754,0.920133,-65017.4,-6385.52,363.429,79.5495,-85408.5,4860.99,477.409,18.9833
0.142056,0,0,13.3754,0.920267,-65006,-6386.17,363.365,79.5532,-85417.2,4860.13,477.458,18.988
0.142066,0,0,13.3754,0.920401,-64994.5,-6386.82,363.301,79.5568,-85425.9,4859.28,477.507,18.9928
0.142076,0,0,13.3754,0.920534,-64983.1,-6387.47,363.237,79.5604,-85434.6,4858.42,477.555,18.9976
0.142086,0,0,13.3754,0.920668,-64971.7,-6388.12,363.173,79.5641,-85443.3,4857.57,477.604,19.0024
0.142096,0,0,13.3754,0.920802,-64960.3,-6388.77,363.109,79.5677,-85452,4856.71,477.652,19.0071
0.142106,0,0,13.3754,0.920935,-64948.8,-6389.42,363.045,79.5713,-85460.7,4855.86,477.701,19.0119
0.142116,0,0,13.3754,0.921069,-64937.4,-6390.06,362.982,79.575,-85469.4,4855.01,477.749,19.0167
0.142126,0,0,13.3754,0.921203,-64926,-6390.71,362.918,79.5786,-85478.1,4854.15,477.798,19.0215
0.142136,0,0,13.3754,0.921337,-64914.5,-6391.36,362.854,79.5822,-85486.7,4853.3,477.846,19.0263
0.142146,0,0,13.3754,0.92147,-64903.1,-6392.01,362.79,79.5859,-85495.4,4852.44,477.895,19.031
0.142156,0,0,13.3754,0.921604,-64891.7,-6392.66,362.726,79.5895,-85504.1,4851.59,477.943,19.0358
0.142166,0,0,13.3754,0.921738,-64880.2,-6393.31,362.662,79.5931,-85512.8,4850.73,477.992,19.0406
0.142176,0,0,13.3754,0.921872,-64868.8,-6393.96,362.598,79.5967,-85521.5,4849.88,478.04,19.0454
0.142186,0,0,13.3754,0.922005,-64857.4,-6394.61,362.534,79.6004,-85530.1,4849.02,478.089,19.0501
0.142196,0,0,13.3754,0.922139,-64845.9,-6395.26,362.47,79.604,-85538.8,4848.17,478.137,19.0549
0.142206,0,0,13.3754,0.922273,-64834.5,-6395.9,362.406,79.6076,-85547.5,4847.31,478.186,19.0597
0.142216,0,0,13.3754,0.922406,-64823,-6396.55,362.342,79.6112,-85556.1,4846.46,478.234,19.0645
0.142226,0,0,13.3754,0.92254,-64811.6,-6397.2,362.278,79.6149,-85564.8,4845.6,478.283,19.0693
0.142236,0,0,13.3754,0.922674,-64800.2,-6397.85,362.214,79.6185,-85573.5,4844.75,478.331,19.0741
0.142246,0,0,13.3754,0.922808,-64788.7,-6398.5,362.15,79.6221,-85582.1,4843.89,478.38,19.0788
0.142256,0,0,13.3754,0.922941,-64777.3,-6399.14,362.086,79.6257,-85590.8,4843.03,478.428,19.0836
0.142266,0,0,13.3754,0.923075,-64765.8,-6399.79,362.022,79.6293,-85599.5,4842.18,478.477,19.0884
0.142276,0,0,13.3754,0.923209,-64754.4,-6400.44,361.958,79.633,-85608.1,4841.32,478.525,19.0932
0.142286,0,0,13.3754,0.923343,-64742.9,-6401.09,361.894,79.6366,-85616.8,4840.46,478.573,19.098
0.142296,0,0,13.3754,0.923476,-64731.5,-6401.73,361.83,79.6402,-85625.4,4839.61,478.622,19.1028
0.142306,0,0,13.3754,0.92361,-64720,-6402.38,361.766,79.6438,-85634.1,4838.75,478.67,19.1076
0.142316,0,0,13.3754,0.923744,-64708.6,-6403.03,361.702,79.6474,-85642.8,4837.9,478.718,19.1123
0.142326,0,0,13.3754,0.923878,-64697.1,-6403.68,361.638,79.651,-85651.4,4837.04,478.767,19.1171
0.142336,0,0,13.3754,0.924011,-64685.7,-6404.32,361.574,79.6547,-85660.1,4836.18,478.815,19.1219
0.142346,0,0,13.3754,0.924145,-64674.2,-6404.97,361.51,79.6583,-85668.7,4835.33,478.864,19.1267
0.142356,0,0,13.3754,0.924279,-64662.7,-6405.62,361.446,79.6619,-85677.4,4834.47,478.912,19.1315
0.142366,0,0,13.3754,0.924413,-64651.3,-6406.26,361.382,79.6655,-85686,4833.61,478.96,19.1363
0.142376,0,0,13.3754,0.924546,-64639.8,-6406.91,361.318,79.6691,-85694.6,4832.76,479.009,19.1411
0.142386,0,0,13.3754,0.92468,-64628.4,-6407.55,361.254,79.6727,-85703.3,4831.9,479.057,19.1459
0.142396,0,0,13.3754,0.924814,-64616.9,-6408.2,361.19,79.6764,-85711.9,4831.04,479.105,19.1507
0.142406,0,0,13.3754,0.924948,-64605.4,-6408.85,361.126,79.68,-85720.6,4830.19,479.154,19.1554
0.142416,0,0,13.3754,0.925081,-64594,-6409.49,361.062,79.6836,-85729.2,4829.33,479.202,19.1602
0.142426,0,0,13.3754,0.925215,-64582.5,-6410.14,360.998,79.6872,-85737.9,4828.47,479.25,19.165
0.142436,0,0,13.3754,0.925349,-64571,-6410.78,360.934,79.6908,-85746.5,4827.61,479.298,19.1698
0.142446,0,0,13.3754,0.925482,-64559.6,-6411.43,360.87,79.6944,-85755.1,4826.76,479.347,19.1746
0.142456,0,0,13.3754,0.925616,-64548.1,-6412.08,360.805,79.698,-85763.8,4825.9,479.395,19.1794
0.142466,0,0,13.3754,0.92575,-64536.6,-6412.72,360.741,79.7016,-85772.4,4825.04,479.443,19.1842
0.142476,0,0,13.3754,0.925884,-64525.2,-6413.37,360.677,79.7052,-85781,4824.18,479.491,19.189
0.142486,0,0,13.3754,0.926017,-64513.7,-6414.01,360.613,79.7088,-85789.7,4823.33,479.54,19.1938
0.142496,0,0,13.3754,0.926151,-64502.2,-6414.66,360.549,79.7124,-85798.3,4822.47,479.588,19.1986
0.142506,0,0,13.3754,0.926285,-64490.7,-6415.3,360.485,79.716,-85806.9,4821.61,479.636,19.2034
0.142516,0,0,13.3754,0.926419,-64479.3,-6415.95,360.421,79.7197,-85815.5,4820.75,479.684,19.2082
0.142526,0,0,13.3754,0.926552,-64467.8,-6416.59,360.357,79.7233,-85824.1,4819.9,479.732,19.213
0.142536,0,0,13.3754,0.926686,-64456.3,-6417.23,360.292,79.7269,-85832.8,4819.04,479.781,19.2178
0.142546,0,0,13.3754,0.92682,-64444.8,-6417.88,360.228,79.7305,-85841.4,4818.18,479.829,19.2226
0.142556,0,0,13.3754,0.926954,-64433.4,-6418.52,360.164,79.7341,-85850,4817.32,479.877,19.2274
0.142566,0,0,13.3754,0.927087,-64421.9,-6419.17,360.1,79.7377,-85858.6,4816.46,479.925,19.2322
0.142576,0,0,13.3754,0.927221,-64410.4,-6419.81,360.036,79.7413,-85867.2,4815.6,479.973,19.237
0.142586,0,0,13.3754,0.927355,-64398.9,-6420.46,359.971,79.7449,-85875.8,4814.74,480.021,19.2418
0.142596,0,0,13.3754,0.927488,-64387.4,-6421.1,359.907,79.7485,-85884.5,4813.89,480.07,19.2466
0.142606,0,0,13.3754,0.927622,-64375.9,-6421.74,359.843,79.7521,-85893.1,4813.03,480.118,19.2514
0.142616,0,0,13.3754,0.927756,-64364.4,-6422.39,359.779,79.7557,-85901.7,4812.17,480.166,19.2562
0.142626,0,0,13.3754,0.92789,-64353,-6423.03,359.715,79.7593,-85910.3,4811.31,480.214,19.261
0.142636,0,0,13.3754,0.928023,-64341.5,-6423.67,359.65,79.7629,-85918.9,4810.45,480.262,19.2658
0.142646,0,0,13.3754,0.928157,-64330,-6424.32,359.586,79.7664,-85927.5,4809.59,480.31,19.2706
0.142656,0,0,13.3754,0.928291,-64318.5,-6424.96,359.522,79.77,-85936.1,4808.73,480.358,19.2754
0.142666,0,0,13.3754,0.928425,-64307,-6425.6,359.458,79.7736,-85944.7,4807.87,480.406,19.2802
0.142676,0,0,13.3754,0.928558,-64295.5,-6426.25,359.393,79.7772,-85953.3,4807.01,480.454,19.285
0.142686,0,0,13.3754,0.928692,-64284,-6426.89,359.329,79.7808,-85961.9,4806.15,480.502,19.2898
0.142696,0,0,13.3754,0.928826,-64272.5,-6427.53,359.265,79.7844,-85970.5,4805.29,480.55,19.2946
0.142706,0,0,13.3754,0.92896,-64261,-6428.17,359.201,79.788,-85979.1,4804.43,480.599,19.2994
0.142716,0,0,13.3754,0.929093,-64249.5,-6428.82,359.136,79.7916,-85987.7,4803.58,480.647,19.3042
0.142726,0,0,13.3754,0.929227,-64238,-6429.46,359.072,79.7952,-85996.3,4802.72,480.695,19.309
0.142736,0,0,13.3754,0.929361,-64226.5,-6430.1,359.008,79.7988,-86004.9,4801.86,480.743,19.3138
0.142746,0,0,13.3754,0.929495,-64215,-6430.74,358.943,79.8024,-86013.5,4801,480.791,19.3186
0.142756,0,0,13.3754,0.929628,-64203.5,-6431.38,358.879,79.806,-86022,4800.14,480.839,19.3234
0.142766,0,0,13.3754,0.929762,-64192,-6432.03,358.815,79.8096,-86030.6,4799.27,480.887,19.3283
0.142776,0,0,13.3754,0.929896,-64180.5,-6432.67,358.751,79.8131,-86039.2,4798.42,480.935,19.3331
0.142786,0,0,13.3754,0.930029,-64169,-6433.31,358.686,79.8167,-86047.8,4797.55,480.983,19.3379
0.142796,0,0,13.3754,0.930163,-64157.5,-6433.95,358.622,79.8203,-86056.4,4796.69,481.03,19.3427
0.142806,0,0,13.3754,0.930297,-64146,-6434.59,358.558,79.8239,-86065,4795.83,481.078,19.3475
0.142816,0,0,13.3754,0.930431,-64134.5,-6435.23,358.493,79.8275,-86073.5,4794.97,481.126,19.3523
0.142826,0,0,13.3754,0.930564,-64122.9,-6435.88,358.429,79.8311,-86082.1,4794.11,481.174,19.3571
0.142836,0,0,13.3754,0.930698,-64111.4,-6436.52,358.365,79.8347,-86090.7,4793.25,481.222,19.3619
0.142846,0,0,13.3754,0.930832,-64099.9,-6437.16,358.3,79.8382,-86099.3,4792.39,481.27,19.3667
0.142856,0,0,13.3754,0.930966,-64088.4,-6437.8,358.236,79.8418,-86107.8,4791.53,481.318,19.3716
0.142866,0,0,13.3754,0.931099,-64076.9,-6438.44,358.171,79.8454,-86116.4,4790.67,481.366,19.3764
0.142876,0,0,13.3754,0.931233,-64065.4,-6439.08,358.107,79.849,-86125,4789.81,481.414,19.3812
0.142886,0,0,13.3754,0.931367,-64053.8,-6439.72,358.043,79.8526,-86133.5,4788.95,481.462,19.386
0.142896,0,0,13.3754,0.931501,-64042.3,-6440.36,357.978,79.8561,-86142.1,4788.09,481.51,19.3908
0.142906,0,0,13.3754,0.931634,-64030.8,-6441,357.914,79.8597,-86150.7,4787.22,481.558,19.3956
0.142916,0,0,13.3754,0.931768,-64019.3,-6441.64,357.849,79.8633,-86159.2,4786.36,481.605,19.4004
0.142926,0,0,13.3754,0.931902,-64007.8,-6442.28,357.785,79.8669,-86167.8,4785.5,481.653,19.4053
0.142936,0,0,13.3754,0.932035,-63996.2,-6442.92,357.721,79.8705,-86176.3,4784.64,481.701,19.4101
0.142946,0,0,13.3754,0.932169,-63984.7,-6443.56,357.656,79.874,-86184.9,4783.78,481.749,19.4149
0.142956,0,0,13.3754,0.932303,-63973.2,-6444.2,357.592,79.8776,-86193.5,4782.92,481.797,19.4197
0.142966,0,0,13.3754,0.932437,-63961.7,-6444.84,357.527,79.8812,-86202,4782.05,481.845,19.4245
0.142976,0,0,13.3754,0.93257,-63950.1,-6445.48,357.463,79.8848,-86210.6,4781.19,481.892,19.4293
0.142986,0,0,13.3754,0.932704,-63938.6,-6446.12,357.398,79.8883,-86219.1,4780.33,481.94,19.4342
0.142996,0,0,13.3754,0.932838,-63927.1,-6446.76,357.334,79.8919,-86227.7,4779.47,481.988,19.439
0.143006,0,0,13.3754,0.932972,-63915.5,-6447.4,357.27,79.8955,-86236.2,4778.61,482.036,19.4438
0.143016,0,0,13.3754,0.933105,-63904,-6448.04,357.205,79.8991,-86244.8,4777.74,482.084,19.4486
0.143026,0,0,13.3754,0.933239,-63892.5,-6448.68,357.141,79.9026,-86253.3,4776.88,482.131,19.4534
0.143036,0,0,13.3754,0.933373,-63880.9,-6449.31,357.076,79.9062,-86261.9,4776.02,482.179,19.4583
0.143046,0,0,13.3754,0.933507,-63869.4,-6449.95,357.012,79.9098,-86270.4,4775.16,482.227,19.4631
0.143056,0,0,13.3754,0.93364,-63857.9,-6450.59,356.947,79.9133,-86278.9,4774.29,482.275,19.4679
0.143066,0,0,13.3754,0.933774,-63846.3,-6451.23,356.883,79.9169,-86287.5,4773.43,482.322,19.4727
0.143076,0,0,13.3754,0.933908,-63834.8,-6451.87,356.818,79.9205,-86296,4772.57,482.37,19.4776
0.143086,0,0,13.3754,0.934042,-63823.2,-6452.51,356.754,79.924,-86304.5,4771.71,482.418,19.4824
0.143096,0,0,13.3754,0.934175,-63811.7,-6453.15,356.689,79.9276,-86313.1,4770.84,482.465,19.4872
0.143106,0,0,13.3754,0.934309,-63800.1,-6453.78,356.625,79.9312,-86321.6,4769.98,482.513,19.492
0.143116,0,0,13.3754,0.934443,-63788.6,-6454.42,356.56,79.9347,-86330.2,4769.12,482.561,19.4969
0.143126,0,0,13.3754,0.934576,-63777.1,-6455.06,356.496,79.9383,-86338.7,4768.25,482.609,19.5017
0.143136,0,0,13.3754,0.93471,-63765.5,-6455.7,356.431,79.9419,-86347.2,4767.39,482.656,19.5065
0.143146,0,0,13.3754,0.934844,-63754,-6456.33,356.366,79.9454,-86355.7,4766.53,482.704,19.5113
0.143156,0,0,13.3754,0.934978,-63742.4,-6456.97,356.302,79.949,-86364.3,4765.66,482.751,19.5162
0.143166,0,0,13.3754,0.935111,-63730.9,-6457.61,356.237,79.9526,-86372.8,4764.8,482.799,19.521
0.143176,0,0,13.3754,0.935245,-63719.3,-6458.25,356.173,79.9561,-86381.3,4763.93,482.847,19.5258
0.143186,0,0,13.3754,0.935379,-63707.8,-6458.88,356.108,79.9597,-86389.8,4763.07,482.894,19.5307
0.143196,0,0,13.3754,0.935513,-63696.2,-6459.52,356.044,79.9632,-86398.4,4762.21,482.942,19.5355
0.143206,0,0,13.3754,0.935646,-63684.6,-6460.16,355.979,79.9668,-86406.9,4761.34,482.99,19.5403
0.143216,0,0,13.3754,0.93578,-63673.1,-6460.79,355.914,79.9704,-86415.4,4760.48,483.037,19.5451
0.143226,0,0,13.3754,0.935914,-63661.5,-6461.43,355.85,79.9739,-86423.9,4759.62,483.085,19.55
0.143236,0,0,13.3754,0.936048,-63650,-6462.07,355.785,79.9775,-86432.4,4758.75,483.132,19.5548
0.143246,0,0,13.3754,0.936181,-63638.4,-6462.7,355.721,79.981,-86440.9,4757.89,483.18,19.5596
0.143256,0,0,13.3754,0.936315,-63626.8,-6463.34,355.656,79.9846,-86449.4,4757.02,483.228,19.5645
0.143266,0,0,13.3754,0.936449,-63615.3,-6463.97,355.591,79.9882,-86457.9,4756.16,483.275,19.5693
0.143276,0,0,13.3754,0.936583,-63603.7,-6464.61,355.527,79.9917,-86466.5,4755.29,483.323,19.5741
0.143286,0,0,13.3754,0.936716,-63592.2,-6465.25,355.462,79.9953,-86474.9,4754.43,483.37,19.579
0.143296,0,0,13.3754,0.93685,-63580.6,-6465.88,355.397,79.9988,-86483.5,4753.56,483.418,19.5838
0.143306,0,0,13.3754,0.936984,-63569,-6466.52,355.333,80.0024,-86492,4752.7,483.465,19.5886
0.143316,0,0,13.3754,0.937117,-63557.5,-6467.15,355.268,80.0059,-86500.5,4751.83,483.513,19.5935
0.143326,0,0,13.3754,0.937251,-63545.9,-6467.79,355.203,80.0095,-86509,4750.97,483.56,19.5983
0.143336,0,0,13.3754,0.937385,-63534.3,-6468.42,355.139,80.013,-86517.5,4750.1,483.608,19.6031
0.143346,0,0,13.3754,0.937519,-63522.8,-6469.06,355.074,80.0166,-86525.9,4749.24,483.655,19.608
0.143356,0,0,13.3754,0.937652,-63511.2,-6469.69,355.009,80.0201,-86534.4,4748.38,483.703,19.6128
0.143366,0,0,13.3754,0.937786,-63499.6,-6470.33,354.945,80.0237,-86542.9,4747.51,483.75,19.6176
0.143376,0,0,13.3754,0.93792,-63488,-6470.96,354.88,80.0272,-86551.4,4746.64,483.798,19.6225
0.143386,0,0,13.3754,0.938054,-63476.5,-6471.6,354.815,80.0308,-86559.9,4745.78,483.845,19.6273
0.143396,0,0,13.3754,0.938187,-63464.9,-6472.23,354.751,80.0343,-86568.4,4744.91,483.893,19.6322
0.143406,0,0,13.3754,0.938321,-63453.3,-6472.87,354.686,80.0379,-86576.9,4744.05,483.94,19.637
0.143416,0,0,13.3754,0.938455,-63441.7,-6473.5,354.621,80.0414,-86585.4,4743.18,483.987,19.6418
0.143426,0,0,13.3754,0.938589,-63430.2,-6474.14,354.556,80.045,-86593.9,4742.32,484.035,19.6467
0.143436,0,0,13.3754,0.938722,-63418.6,-6474.77,354.492,80.0485,-86602.3,4741.45,484.082,19.6515
0.143446,0,0,13.3754,0.938856,-63407,-6475.41,354.427,80.0521,-86610.8,4740.58,484.13,19.6564
0.143456,0,0,13.3754,0.93899,-63395.4,-6476.04,354.362,80.0556,-86619.3,4739.72,484.177,19.6612
0.143466,0,0,13.3754,0.939124,-63383.8,-6476.67,354.297,80.0592,-86627.8,4738.85,484.225,19.666
0.143476,0,0,13.3754,0.939257,-63372.2,-6477.31,354.233,80.0627,-86636.3,4737.99,484.272,19.6709
0.143486,0,0,13.3754,0.939391,-63360.6,-6477.94,354.168,80.0662,-86644.7,4737.12,484.319,19.6757
0.143496,0,0,13.3754,0.939525,-63349.1,-6478.57,354.103,80.0698,-86653.2,4736.25,484.367,19.6806
0.143506,0,0,13.3754,0.939658,-63337.5,-6479.21,354.038,80.0733,-86661.7,4735.39,484.414,19.6854
0.143516,0,0,13.3754,0.939792,-63325.9,-6479.84,353.974,80.0769,-86670.1,4734.52,484.461,19.6903
0.143526,0,0,13.3754,0.939926,-63314.3,-6480.47,353.909,80.0804,-86678.6,4733.65,484.509,19.6951
0.143536,0,0,13.3754,0.94006,-63302.7,-6481.11,353.844,80.0839,-86687.1,4732.79,484.556,19.7
0.143546,0,0,13.3754,0.940193,-63291.1,-6481.74,353.779,80.0875,-86695.5,4731.92,484.603,19.7048
0.143556,0,0,13.3754,0.940327,-63279.5,-6482.37,353.714,80.091,-86704,4731.05,484.651,19.7096
0.143566,0,0,13.3754,0.940461,-63267.9,-6483,353.65,80.0946,-86712.5,4730.19,484.698,19.7145
0.143576,0,0,13.3754,0.940595,-63256.3,-6483.64,353.585,80.0981,-86720.9,4729.32,484.745,19.7193
0.143586,0,0,13.3754,0.940728,-63244.7,-6484.27,353.52,80.1016,-86729.4,4728.45,484.792,19.7242
0.143596,0,0,13.3754,0.940862,-63233.1,-6484.9,353.455,80.1051,-86737.9,4727.58,484.84,19.729
0.143606,0,0,13.3754,0.940996,-63221.5,-6485.53,353.39,80.1087,-86746.3,4726.72,484.887,19.7339
0.143616,0,0,13.3754,0.94113,-63209.9,-6486.17,353.325,80.1122,-86754.8,4725.85,484.934,19.7387
0.143626,0,0,13.3754,0.941263,-63198.3,-6486.8,353.26,80.1157,-86763.2,4724.98,484.982,19.7436
0.143636,0,0,13.3754,0.941397,-63186.7,-6487.43,353.196,80.1193,-86771.7,4724.12,485.029,19.7484
0.143646,0,0,13.3754,0.941531,-63175.1,-6488.06,353.131,80.1228,-86780.1,4723.25,485.076,19.7533
0.143656,0,0,13.3754,0.941664,-63163.5,-6488.69,353.066,80.1263,-86788.6,4722.38,485.123,19.7581
0.143666,0,0,13.3754,0.941798,-63151.9,-6489.33,353.001,80.1299,-86797,4721.51,485.17,19.763
0.143676,0,0,13.3754,0.941932,-63140.3,-6489.96,352.936,80.1334,-86805.5,4720.64,485.218,19.7678
0.143686,0,0,13.3754,0.942066,-63128.7,-6490.59,352.871,80.1369,-86813.9,4719.78,485.265,19.7727
0.143696,0,0,13.3754,0.942199,-63117.1,-6491.22,352.806,80.1405,-86822.3,4718.91,485.312,19.7775
0.143706,0,0,13.3754,0.942333,-63105.4,-6491.85,352.741,80.144,-86830.8,4718.04,485.359,19.7824
0.143716,0,0,13.3754,0.942467,-63093.8,-6492.48,352.676,80.1475,-86839.2,4717.17,485.406,19.7873
0.143726,0,0,13.3754,0.942601,-63082.2,-6493.11,352.612,80.151,-86847.7,4716.3,485.454,19.7921
0.143736,0,0,13.3754,0.942734,-63070.6,-6493.74,352.547,80.1546,-86856.1,4715.43,485.501,19.797
0.143746,0,0,13.3754,0.942868,-63059,-6494.37,352.482,80.1581,-86864.5,4714.57,485.548,19.8018
0.143756,0,0,13.3754,0.943002,-63047.4,-6495,352.417,80.1616,-86873,4713.7,485.595,19.8067
0.143766,0,0,13.3754,0.943136,-63035.7,-6495.63,352.352,80.1651,-86881.4,4712.83,485.642,19.8115
0.143776,0,0,13.3754,0.943269,-63024.1,-6496.26,352.287,80.1687,-86889.8,4711.96,485.689,19.8164
0.143786,0,0,13.3754,0.943403,-63012.5,-6496.89,352.222,80.1722,-86898.2,4711.09,485.736,19.8212
0.143796,0,0,13.3754,0.943537,-63000.9,-6497.52,352.157,80.1757,-86906.7,4710.22,485.783,19.8261
0.143806,0,0,13.3754,0.943671,-62989.3,-6498.15,352.092,80.1792,-86915.1,4709.35,485.83,19.831
0.143816,0,0,13.3754,0.943804,-62977.6,-6498.78,352.027,80.1828,-86923.5,4708.48,485.878,19.8358
0.143826,0,0,13.3754,0.943938,-62966,-6499.41,351.962,80.1863,-86931.9,4707.62,485.925,19.8407
0.143836,0,0,13.3754,0.944072,-62954.4,-6500.04,351.897,80.1898,-86940.4,4706.75,485.972,19.8455
0.143846,0,0,13.3754,0.944205,-62942.8,-6500.67,351.832,80.1933,-86948.8,4705.88,486.019,19.8504
0.143856,0,0,13.3754,0.944339,-62931.1,-6501.3,351.767,80.1968,-86957.2,4705.01,486.066,19.8553
0.143866,0,0,13.3754,0.944473,-62919.5,-6501.93,351.702,80.2003,-86965.6,4704.14,486.113,19.8601
0.143876,0,0,13.3754,0.944607,-62907.9,-6502.56,351.637,80.2039,-86974,4703.27,486.16,19.865
0.143886,0,0,13.3754,0.94474,-62896.2,-6503.19,351.572,80.2074,-86982.4,4702.4,486.207,19.8698
0.143896,0,0,13.3754,0.944874,-62884.6,-6503.82,351.507,80.2109,-86990.8,4701.53,486.254,19.8747
0.143906,0,0,13.3754,0.945008,-62873,-6504.45,351.442,80.2144,-86999.2,4700.66,486.301,19.8796
0.143916,0,0,13.3754,0.945142,-62861.3,-6505.07,351.377,80.2179,-87007.7,4699.79,486.348,19.8844
0.143926,0,0,13.3754,0.945275,-62849.7,-6505.7,351.312,80.2214,-87016.1,4698.92,486.395,19.8893
0.143936,0,0,13.3754,0.945409,-62838.1,-6506.33,351.247,80.225,-87024.5,4698.05,486.442,19.8942
0.143946,0,0,13.3754,0.945543,-62826.4,-6506.96,351.182,80.2285,-87032.9,4697.18,486.489,19.899
0.143956,0,0,13.3754,0.945677,-62814.8,-6507.59,351.117,80.232,-87041.3,4696.31,486.536,19.9039
0.143966,0,0,13.3754,0.94581,-62803.1,-6508.22,351.052,80.2355,-87049.7,4695.44,486.583,19.9088
0.143976,0,0,13.3754,0.945944,-62791.5,-6508.84,350.987,80.239,-87058.1,4694.57,486.63,19.9136
0.143986,0,0,13.3754,0.946078,-62779.9,-6509.47,350.921,80.2425,-87066.5,4693.7,486.677,19.9185
0.143996,0,0,13.3754,0.946211,-62768.2,-6510.1,350.856,80.246,-87074.9,4692.83,486.724,19.9234
0.144006,0,0,13.3754,0.946345,-62756.6,-6510.73,350.791,80.2495,-87083.3,4691.96,486.77,19.9282
0.144016,0,0,13.3754,0.946479,-62744.9,-6511.35,350.726,80.253,-87091.6,4691.08,486.817,19.9331
0.144026,0,0,13.3754,0.946613,-62733.3,-6511.98,350.661,80.2565,-87100,4690.21,486.864,19.938
0.144036,0,0,13.3754,0.946746,-62721.6,-6512.61,350.596,80.26,-87108.4,4689.34,486.911,19.9428
0.144046,0,0,13.3754,0.94688,-62710,-6513.24,350.531,80.2635,-87116.8,4688.47,486.958,19.9477
0.144056,0,0,13.3754,0.947014,-62698.3,-6513.86,350.466,80.2671,-87125.2,4687.6,487.005,19.9526
0.144066,0,0,13.3754,0.947148,-62686.7,-6514.49,350.401,80.2706,-87133.6,4686.73,487.052,19.9574
0.144076,0,0,13.3754,0.947281,-62675,-6515.12,350.335,80.2741,-87142,4685.86,487.099,19.9623
0.144086,0,0,13.3754,0.947415,-62663.4,-6515.74,350.27,80.2776,-87150.4,4684.99,487.146,19.9672
0.144096,0,0,13.3754,0.947549,-62651.7,-6516.37,350.205,80.2811,-87158.7,4684.12,487.192,19.972
0.144106,0,0,13.3754,0.947683,-62640,-6517,350.14,80.2846,-87167.1,4683.24,487.239,19.9769
0.144116,0,0,13.3754,0.947816,-62628.4,-6517.62,350.075,80.2881,-87175.5,4682.37,487.286,19.9818
0.144126,0,0,13.3754,0.94795,-62616.7,-6518.25,350.01,80.2916,-87183.9,4681.5,487.333,19.9867
0.144136,0,0,13.3754,0.948084,-62605.1,-6518.87,349.944,80.2951,-87192.2,4680.63,487.38,19.9915
0.144146,0,0,13.3754,0.948218,-62593.4,-6519.5,349.879,80.2986,-87200.6,4679.76,487.426,19.9964
0.144156,0,0,13.3754,0.948351,-62581.8,-6520.13,349.814,80.3021,-87209,4678.89,487.473,20.0013
0.144166,0,0,13.3754,0.948485,-62570.1,-6520.75,349.749,80.3056,-87217.3,4678.01,487.52,20.0062
0.144176,0,0,13.3754,0.948619,-62558.4,-6521.38,349.684,80.3091,-87225.7,4677.14,487.567,20.011
0.144186,0,0,13.3754,0.948752,-62546.8,-6522,349.618,80.3126,-87234.1,4676.27,487.614,20.0159
0.144196,0,0,13.3754,0.948886,-62535.1,-6522.63,349.553,80.316,-87242.4,4675.4,487.66,20.0208
0.144206,0,0,13.3754,0.94902,-62523.4,-6523.25,349.488,80.3195,-87250.8,4674.52,487.707,20.0257
0.144216,0,0,13.3754,0.949154,-62511.8,-6523.88,349.423,80.323,-87259.2,4673.65,487.754,20.0305
0.144226,0,0,13.3754,0.949287,-62500.1,-6524.5,349.358,80.3265,-87267.5,4672.78,487.8,20.0354
0.144236,0,0,13.3754,0.949421,-62488.4,-6525.13,349.292,80.33,-87275.9,4671.91,487.847,20.0403
0.144246,0,0,13.3754,0.949555,-62476.7,-6525.75,349.227,80.3335,-87284.2,4671.03,487.894,20.0452
0.144256,0,0,13.3754,0.949689,-62465.1,-6526.38,349.162,80.337,-87292.6,4670.16,487.941,20.0501
0.144266,0,0,13.3754,0.949822,-62453.4,-6527,349.097,80.3405,-87300.9,4669.29,487.987,20.0549
0.144276,0,0,13.3754,0.949956,-62441.7,-6527.63,349.031,80.344,-87309.3,4668.42,488.034,20.0598
0.144286,0,0,13.3754,0.95009,-62430,-6528.25,348.966,80.3475,-87317.6,4667.54,488.081,20.0647
0.144296,0,0,13.3754,0.950224,-62418.4,-6528.87,348.901,80.351,-87326,4666.67,488.127,20.0696
0.144306,0,0,13.3754,0.950357,-62406.7,-6529.5,348.835,80.3545,-87334.3,4665.8,488.174,20.0745
0.144316,0,0,13.3754,0.950491,-62395,-6530.12,348.77,80.3579,-87342.7,4664.92,488.221,20.0793
0.144326,0,0,13.3754,0.950625,-62383.3,-6530.75,348.705,80.3614,-87351,4664.05,488.267,20.0842
0.144336,0,0,13.3754,0.950758,-62371.6,-6531.37,348.64,80.3649,-87359.4,4663.18,488.314,20.0891
0.144346,0,0,13.3754,0.950892,-62360,-6531.99,348.574,80.3684,-87367.7,4662.3,488.36,20.094
0.144356,0,0,13.3754,0.951026,-62348.3,-6532.62,348.509,80.3719,-87376.1,4661.43,488.407,20.0989
0.144366,0,0,13.3754,0.95116,-62336.6,-6533.24,348.444,80.3754,-87384.4,4660.56,488.454,20.1038
0.144376,0,0,13.3754,0.951293,-62324.9,-6533.86,348.378,80.3789,-87392.7,4659.68,488.5,20.1086
0.144386,0,0,13.3754,0.951427,-62313.2,-6534.49,348.313,80.3824,-87401.1,4658.81,488.547,20.1135
0.144396,0,0,13.3754,0.951561,-62301.5,-6535.11,348.248,80.3858,-87409.4,4657.93,488.593,20.1184
0.144406,0,0,13.3754,0.951695,-62289.8,-6535.73,348.182,80.3893,-87417.7,4657.06,488.64,20.1233
0.144416,0,0,13.3754,0.951828,-62278.1,-6536.36,348.117,80.3928,-87426.1,4656.19,488.687,20.1282
0.144426,0,0,13.3754,0.951962,-62266.4,-6536.98,348.052,80.3963,-87434.4,4655.31,488.733,20.1331
0.144436,0,0,13.3754,0.952096,-62254.7,-6537.6,347.986,80.3997,-87442.7,4654.44,488.78,20.138
0.144446,0,0,13.3754,0.95223,-62243,-6538.22,347.921,80.4032,-87451,4653.56,488.826,20.1429
0.144456,0,0,13.3754,0.952363,-62231.4,-6538.85,347.855,80.4067,-87459.4,4652.69,488.873,20.1477
0.144466,0,0,13.3754,0.952497,-62219.7,-6539.47,347.79,80.4102,-87467.7,4651.81,488.919,20.1526
0.144476,0,0,13.3754,0.952631,-62208,-6540.09,347.725,80.4137,-87476,4650.94,488.966,20.1575
0.144486,0,0,13.3754,0.952765,-62196.3,-6540.71,347.659,80.4171,-87484.3,4650.07,489.012,20.1624
0.144496,0,0,13.3754,0.952898,-62184.6,-6541.33,347.594,80.4206,-87492.6,4649.19,489.059,20.1673
0.144506,0,0,13.3754,0.953032,-62172.9,-6541.96,347.529,80.4241,-87501,4648.32,489.105,20.1722
0.144516,0,0,13.3754,0.953166,-62161.2,-6542.58,347.463,80.4276,-87509.3,4647.44,489.152,20.1771
0.144526,0,0,13.3754,0.9533,-62149.5,-6543.2,347.398,80.431,-87517.6,4646.57,489.198,20.182
0.144536,0,0,13.3754,0.953433,-62137.7,-6543.82,347.332,80.4345,-87525.9,4645.69,489.245,20.1869
0.144546,0,0,13.3754,0.953567,-62126,-6544.44,347.267,80.438,-87534.2,4644.82,489.291,20.1918
0.144556,0,0,13.3754,0.953701,-62114.3,-6545.06,347.201,80.4415,-87542.5,4643.94,489.338,20.1966
0.144566,0,0,13.3754,0.953834,-62102.6,-6545.68,347.136,80.4449,-87550.8,4643.06,489.384,20.2015
0.144576,0,0,13.3754,0.953968,-62090.9,-6546.3,347.07,80.4484,-87559.1,4642.19,489.43,20.2064
0.144586,0,0,13.3754,0.954102,-62079.2,-6546.92,347.005,80.4519,-87567.4,4641.31,489.477,20.2113
0.144596,0,0,13.3754,0.954236,-62067.5,-6547.54,346.94,80.4553,-87575.7,4640.44,489.523,20.2162
0.144606,0,0,13.3754,0.954369,-62055.8,-6548.17,346.874,80.4588,-87584,4639.56,489.57,20.2211
0.144616,0,0,13.3754,0.954503,-62044.1,-6548.79,346.809,80.4623,-87592.3,4638.69,489.616,20.226
0.144626,0,0,13.3754,0.954637,-62032.4,-6549.41,346.743,80.4658,-87600.6,4637.81,489.662,20.2309
0.144636,0,0,13.3754,0.954771,-62020.6,-6550.03,346.678,80.4692,-87608.9,4636.94,489.709,20.2358
0.144646,0,0,13.3754,0.954904,-62008.9,-6550.65,346.612,80.4727,-87617.2,4636.06,489.755,20.2407
0.144656,0,0,13.3754,0.955038,-61997.2,-6551.27,346.547,80.4762,-87625.5,4635.18,489.801,20.2456
0.144666,0,0,13.3754,0.955172,-61985.5,-6551.89,346.481,80.4796,-87633.8,4634.31,489.848,20.2505
0.144676,0,0,13.3754,0.955306,-61973.8,-6552.51,346.416,80.4831,-87642.1,4633.43,489.894,20.2554
0.144686,0,0,13.3754,0.955439,-61962,-6553.13,346.35,80.4865,-87650.4,4632.55,489.94,20.2603
0.144696,0,0,13.3754,0.955573,-61950.3,-6553.75,346.285,80.49,-87658.6,4631.68,489.987,20.2652
0.144706,0,0,13.3754,0.955707,-61938.6,-6554.36,346.219,80.4935,-87666.9,4630.8,490.033,20.2701
0.144716,0,0,13.3754,0.95584,-61926.9,-6554.98,346.153,80.4969,-87675.2,4629.92,490.079,20.275
0.144726,0,0,13.3754,0.955974,-61915.1,-6555.6,346.088,80.5004,-87683.5,4629.05,490.126,20.2799
0.144736,0,0,13.3754,0.956108,-61903.4,-6556.22,346.022,80.5039,-87691.8,4628.17,490.172,20.2848
0.144746,0,0,13.3754,0.956242,-61891.7,-6556.84,345.957,80.5073,-87700.1,4627.29,490.218,20.2897
0.144756,0,0,13.3754,0.956375,-61880,-6557.46,345.891,80.5108,-87708.3,4626.42,490.264,20.2946
0.144766,0,0,13.3754,0.956509,-61868.2,-6558.08,345.826,80.5142,-87716.6,4625.54,490.311,20.2995
0.144776,0,0,13.3754,0.956643,-61856.5,-6558.7,345.76,80.5177,-87724.9,4624.66,490.357,20.3044
0.144786,0,0,13.3754,0.956777,-61844.8,-6559.32,345.695,80.5211,-87733.1,4623.79,490.403,20.3093
0.144796,0,0,13.3754,0.95691,-61833,-6559.93,345.629,80.5246,-87741.4,4622.91,490.449,20.3142
0.144806,0,0,13.3754,0.957044,-61821.3,-6560.55,345.563,80.5281,-87749.7,4622.03,490.496,20.3191
0.144816,0,0,13.3754,0.957178,-61809.6,-6561.17,345.498,80.5315,-87758,4621.15,490.542,20.324
0.144826,0,0,13.3754,0.957312,-61797.8,-6561.79,345.432,80.535,-87766.2,4620.28,490.588,20.3289
0.144836,0,0,13.3754,0.957445,-61786.1,-6562.41,345.367,80.5384,-87774.5,4619.4,490.634,20.3338
0.144846,0,0,13.3754,0.957579,-61774.4,-6563.02,345.301,80.5419,-87782.8,4618.52,490.68,20.3388
0.144856,0,0,13.3754,0.957713,-61762.6,-6563.64,345.235,80.5453,-87791,4617.64,490.727,20.3437
0.144866,0,0,13.3754,0.957847,-61750.9,-6564.26,345.17,80.5488,-87799.3,4616.77,490.773,20.3486
0.144876,0,0,13.3754,0.95798,-61739.1,-6564.88,345.104,80.5522,-87807.5,4615.89,490.819,20.3535
0.144886,0,0,13.3754,0.958114,-61727.4,-6565.49,345.038,80.5557,-87815.8,4615.01,490.865,20.3584
0.144896,0,0,13.3754,0.958248,-61715.6,-6566.11,344.973,80.5591,-87824,4614.13,490.911,20.3633
0.144906,0,0,13.3754,0.958381,-61703.9,-6566.73,344.907,80.5626,-87832.3,4613.25,490.957,20.3682
0.144916,0,0,13.3754,0.958515,-61692.1,-6567.34,344.841,80.566,-87840.5,4612.38,491.003,20.3731
0.144926,0,0,13.3754,0.958649,-61680.4,-6567.96,344.776,80.5695,-87848.8,4611.5,491.05,20.378
0.144936,0,0,13.3754,0.958783,-61668.6,-6568.58,344.71,80.5729,-87857,4610.62,491.096,20.3829
0.144946,0,0,13.3754,0.958916,-61656.9,-6569.19,344.644,80.5764,-87865.3,4609.74,491.142,20.3878
0.144956,0,0,13.3754,0.95905,-61645.1,-6569.81,344.579,80.5798,-87873.5,4608.86,491.188,20.3928
0.144966,0,0,13.3754,0.959184,-61633.4,-6570.43,344.513,80.5833,-87881.8,4607.98,491.234,20.3977
0.144976,0,0,13.3754,0.959318,-61621.6,-6571.04,344.447,80.5867,-87890,4607.1,491.28,20.4026
0.144986,0,0,13.3754,0.959451,-61609.9,-6571.66,344.382,80.5902,-87898.2,4606.23,491.326,20.4075
0.144996,0,0,13.3754,0.959585,-61598.1,-6572.27,344.316,80.5936,-87906.5,4605.35,491.372,20.4124
0.145006,0,0,13.3754,0.959719,-61586.4,-6572.89,344.25,80.597,-87914.7,4604.47,491.418,20.4173
0.145016,0,0,13.3754,0.959853,-61574.6,-6573.51,344.184,80.6005,-87923,4603.59,491.464,20.4222
0.145026,0,0,13.3754,0.959986,-61562.9,-6574.12,344.119,80.6039,-87931.2,4602.71,491.51,20.4272
0.145036,0,0,13.3754,0.96012,-61551.1,-6574.74,344.053,80.6074,-87939.4,4601.83,491.556,20.4321
0.145046,0,0,13.3754,0.960254,-61539.3,-6575.35,343.987,80.6108,-87947.7,4600.95,491.602,20.437
0.145056,0,0,13.3754,0.960387,-61527.6,-6575.97,343.922,80.6142,-87955.9,4600.07,491.648,20.4419
0.145066,0,0,13.3754,0.960521,-61515.8,-6576.58,343.856,80.6177,-87964.1,4599.19,491.694,20.4468
0.145076,0,0,13.3754,0.960655,-61504,-6577.2,343.79,80.6211,-87972.3,4598.31,491.74,20.4517
0.145086,0,0,13.3754,0.960789,-61492.3,-6577.81,343.724,80.6246,-87980.6,4597.43,491.786,20.4566
0.145096,0,0,13.3754,0.960922,-61480.5,-6578.43,343.658,80.628,-87988.8,4596.55,491.832,20.4616
0.145106,0,0,13.3754,0.961056,-61468.7,-6579.04,343.593,80.6314,-87997,4595.67,491.878,20.4665
0.145116,0,0,13.3754,0.96119,-61457,-6579.66,343.527,80.6349,-88005.2,4594.79,491.924,20.4714
0.145126,0,0,13.3754,0.961324,-61445.2,-6580.27,343.461,80.6383,-88013.5,4593.91,491.97,20.4763
0.145136,0,0,13.3754,0.961457,-61433.4,-6580.89,343.395,80.6417,-88021.7,4593.03,492.016,20.4812
0.145146,0,0,13.3754,0.961591,-61421.7,-6581.5,343.329,80.6452,-88029.9,4592.15,492.062,20.4862
0.145156,0,0,13.3754,0.961725,-61409.9,-6582.11,343.264,80.6486,-88038.1,4591.27,492.108,20.4911
0.145166,0,0,13.3754,0.961859,-61398.1,-6582.73,343.198,80.652,-88046.3,4590.39,492.154,20.496
0.145176,0,0,13.3754,0.961992,-61386.3,-6583.34,343.132,80.6555,-88054.5,4589.51,492.2,20.5009
0.145186,0,0,13.3754,0.962126,-61374.6,-6583.96,343.066,80.6589,-88062.7,4588.63,492.245,20.5058
0.145196,0,0,13.3754,0.96226,-61362.8,-6584.57,343,80.6623,-88070.9,4587.75,492.291,20.5108
0.145206,0,0,13.3754,0.962394,-61351,-6585.18,342.935,80.6658,-88079.1,4586.87,492.337,20.5157
0.145216,0,0,13.3754,0.962527,-61339.2,-6585.8,342.869,80.6692,-88087.4,4585.99,492.383,20.5206
0.145226,0,0,13.3754,0.962661,-61327.4,-6586.41,342.803,80.6726,-88095.5,4585.11,492.429,20.5255
0.145236,0,0,13.3754,0.962795,-61315.7,-6587.02,342.737,80.676,-88103.7,4584.23,492.475,20.5305
0.145246,0,0,13.3754,0.962928,-61303.9,-6587.64,342.671,80.6795,-88111.9,4583.35,492.521,20.5354
0.145256,0,0,13.3754,0.963062,-61292.1,-6588.25,342.605,80.6829,-88120.1,4582.47,492.566,20.5403
0.145266,0,0,13.3754,0.963196,-61280.3,-6588.86,342.539,80.6863,-88128.3,4581.58,492.612,20.5452
0.145276,0,0,13.3754,0.96333,-61268.5,-6589.47,342.473,80.6897,-88136.5,4580.7,492.658,20.5502
0.145286,0,0,13.3754,0.963463,-61256.7,-6590.09,342.408,80.6932,-88144.7,4579.82,492.704,20.5551
0.145296,0,0,13.3754,0.963597,-61244.9,-6590.7,342.342,80.6966,-88152.9,4578.94,492.75,20.56
0.145306,0,0,13.3754,0.963731,-61233.2,-6591.31,342.276,80.7,-88161.1,4578.06,492.795,20.565
0.145316,0,0,13.3754,0.963865,-61221.4,-6591.92,342.21,80.7034,-88169.3,4577.18,492.841,20.5699
0.145326,0,0,13.3754,0.963998,-61209.6,-6592.54,342.144,80.7069,-88177.5,4576.3,492.887,20.5748
0.145336,0,0,13.3754,0.964132,-61197.8,-6593.15,342.078,80.7103,-88185.7,4575.42,492.933,20.5797
0.145346,0,0,13.3754,0.964266,-61186,-6593.76,342.012,80.7137,-88193.9,4574.53,492.978,20.5847
0.145356,0,0,13.3754,0.9644,-61174.2,-6594.37,341.946,80.7171,-88202,4573.65,493.024,20.5896
0.145366,0,0,13.3754,0.964533,-61162.4,-6594.98,341.88,80.7205,-88210.2,4572.77,493.07,20.5945
0.145376,0,0,13.3754,0.964667,-61150.6,-6595.59,341.814,80.724,-88218.4,4571.89,493.116,20.5995
0.145386,0,0,13.3754,0.964801,-61138.8,-6596.21,341.748,80.7274,-88226.6,4571,493.161,20.6044
0.145396,0,0,13.3754,0.964934,-61127,-6596.82,341.682,80.7308,-88234.7,4570.12,493.207,20.6093
0.145406,0,0,13.3754,0.965068,-61115.2,-6597.43,341.616,80.7342,-88242.9,4569.24,493.253,20.6143
0.145415,0,0,13.3754,0.965202,-61103.4,-6598.04,341.551,80.7376,-88251.1,4568.36,493.298,20.6192
0.145425,0,0,13.3754,0.965336,-61091.6,-6598.65,341.484,80.741,-88259.3,4567.48,493.344,20.6241
0.145435,0,0,13.3754,0.965469,-61079.8,-6599.26,341.419,80.7445,-88267.4,4566.59,493.39,20.6291
0.145445,0,0,13.3754,0.965603,-61068,-6599.87,341.353,80.7479,-88275.6,4565.71,493.435,20.634
0.145455,0,0,13.3754,0.965737,-61056.2,-6600.48,341.287,80.7513,-88283.8,4564.83,493.481,20.6389
0.145465,0,0,13.3754,0.965871,-61044.4,-6601.09,341.221,80.7547,-88291.9,4563.95,493.527,20.6439
0.145475,0,0,13.3754,0.966004,-61032.6,-6601.7,341.155,80.7581,-88300.1,4563.06,493.572,20.6488
0.145485,0,0,13.3754,0.966138,-61020.8,-6602.31,341.089,80.7615,-88308.2,4562.18,493.618,20.6537
0.145495,0,0,13.3754,0.966272,-61008.9,-6602.92,341.023,80.7649,-88316.4,4561.3,493.664,20.6587
0.145505,0,0,13.3754,0.966406,-60997.1,-6603.53,340.956,80.7683,-88324.6,4560.41,493.709,20.6636
0.145515,0,0,13.3754,0.966539,-60985.3,-6604.14,340.891,80.7717,-88332.7,4559.53,493.755,20.6685
0.145525,0,0,13.3754,0.966673,-60973.5,-6604.75,340.824,80.7752,-88340.9,4558.65,493.8,20.6735
0.145535,0,0,13.3754,0.966807,-60961.7,-6605.36,340.758,80.7786,-88349,4557.76,493.846,20.6784
0.145545,0,0,13.3754,0.966941,-60949.9,-6605.97,340.692,80.782,-88357.2,4556.88,493.891,20.6834
0.145555,0,0,13.3754,0.967074,-60938.1,-6606.58,340.626,80.7854,-88365.3,4556,493.937,20.6883
0.145565,0,0,13.3754,0.967208,-60926.2,-6607.19,340.56,80.7888,-88373.5,4555.11,493.983,20.6932
0.145575,0,0,13.3754,0.967342,-60914.4,-6607.8,340.494,80.7922,-88381.6,4554.23,494.028,20.6982
0.145585,0,0,13.3754,0.967475,-60902.6,-6608.41,340.428,80.7956,-88389.8,4553.35,494.074,20.7031
0.145595,0,0,13.3754,0.967609,-60890.8,-6609.02,340.362,80.799,-88397.9,4552.46,494.119,20.7081
0.145605,0,0,13.3754,0.967743,-60879,-6609.63,340.296,80.8024,-88406.1,4551.58,494.165,20.713
0.145615,0,0,13.3754,0.967877,-60867.1,-6610.23,340.23,80.8058,-88414.2,4550.69,494.21,20.7179
0.145625,0,0,13.3754,0.96801,-60855.3,-6610.84,340.164,80.8092,-88422.4,4549.81,494.256,20.7229
0.145635,0,0,13.3754,0.968144,-60843.5,-6611.45,340.098,80.8126,-88430.5,4548.93,494.301,20.7278
0.145645,0,0,13.3754,0.968278,-60831.6,-6612.06,340.031,80.816,-88438.6,4548.04,494.347,20.7328
0.145655,0,0,13.3754,0.968412,-60819.8,-6612.67,339.965,80.8194,-88446.8,4547.16,494.392,20.7377
0.145665,0,0,13.3754,0.968545,-60808,-6613.28,339.899,80.8228,-88454.9,4546.27,494.438,20.7427
0.145675,0,0,13.3754,0.968679,-60796.2,-6613.88,339.833,80.8262,-88463,4545.39,494.483,20.7476
0.145685,0,0,13.3754,0.968813,-60784.3,-6614.49,339.767,80.8296,-88471.2,4544.5,494.528,20.7525
0.145695,0,0,13.3754,0.968947,-60772.5,-6615.1,339.701,80.833,-88479.3,4543.62,494.574,20.7575
0.145705,0,0,13.3754,0.96908,-60760.7,-6615.71,339.635,80.8364,-88487.4,4542.73,494.619,20.7624
0.145715,0,0,13.3754,0.969214,-60748.8,-6616.31,339.569,80.8398,-88495.5,4541.85,494.665,20.7674
0.145725,0,0,13.3754,0.969348,-60737,-6616.92,339.502,80.8432,-88503.7,4540.96,494.71,20.7723
0.145735,0,0,13.3754,0.969482,-60725.2,-6617.53,339.436,80.8466,-88511.8,4540.08,494.756,20.7773
0.145745,0,0,13.3754,0.969615,-60713.3,-6618.14,339.37,80.85,-88519.9,4539.2,494.801,20.7822
0.145755,0,0,13.3754,0.969749,-60701.5,-6618.74,339.304,80.8534,-88528,4538.31,494.846,20.7872
0.145765,0,0,13.3754,0.969883,-60689.6,-6619.35,339.238,80.8568,-88536.1,4537.42,494.892,20.7921
0.145775,0,0,13.3754,0.970016,-60677.8,-6619.96,339.172,80.8602,-88544.2,4536.54,494.937,20.7971
0.145785,0,0,13.3754,0.97015,-60666,-6620.56,339.105,80.8636,-88552.4,4535.65,494.982,20.802
0.145795,0,0,13.3754,0.970284,-60654.1,-6621.17,339.039,80.8669,-88560.5,4534.77,495.028,20.807
0.145805,0,0,13.3754,0.970418,-60642.3,-6621.78,338.973,80.8703,-88568.6,4533.88,495.073,20.8119
0.145815,0,0,13.3754,0.970551,-60630.4,-6622.38,338.907,80.8737,-88576.7,4533,495.118,20.8169
0.145825,0,0,13.3754,0.970685,-60618.6,-6622.99,338.841,80.8771,-88584.8,4532.11,495.164,20.8218
0.145835,0,0,13.3754,0.970819,-60606.7,-6623.59,338.774,80.8805,-88592.9,4531.23,495.209,20.8268
0.145845,0,0,13.3754,0.970953,-60594.9,-6624.2,338.708,80.8839,-88601,4530.34,495.254,20.8317
0.145855,0,0,13.3754,0.971086,-60583,-6624.81,338.642,80.8873,-88609.1,4529.45,495.3,20.8367
0.145865,0,0,13.3754,0.97122,-60571.2,-6625.41,338.576,80.8907,-88617.2,4528.57,495.345,20.8416
0.145875,0,0,13.3754,0.971354,-60559.3,-6626.02,338.509,80.894,-88625.3,4527.68,495.39,20.8466
0.145885,0,0,13.3754,0.971488,-60547.5,-6626.62,338.443,80.8974,-88633.4,4526.8,495.435,20.8515
0.145895,0,0,13.3754,0.971621,-60535.6,-6627.23,338.377,80.9008,-88641.5,4525.91,495.481,20.8565
0.145905,0,0,13.3754,0.971755,-60523.8,-6627.83,338.311,80.9042,-88649.6,4525.02,495.526,20.8615
0.145915,0,0,13.3754,0.971889,-60511.9,-6628.44,338.244,80.9076,-88657.7,4524.14,495.571,20.8664
0.145925,0,0,13.3754,0.972023,-60500.1,-6629.04,338.178,80.911,-88665.8,4523.25,495.616,20.8714
0.145935,0,0,13.3754,0.972156,-60488.2,-6629.65,338.112,80.9143,-88673.9,4522.36,495.662,20.8763
0.145945,0,0,13.3754,0.97229,-60476.3,-6630.25,338.045,80.9177,-88682,4521.48,495.707,20.8813
0.145955,0,0,13.3754,0.972424,-60464.5,-6630.86,337.979,80.9211,-88690.1,4520.59,495.752,20.8862
0.145965,0,0,13.3754,0.972557,-60452.6,-6631.46,337.913,80.9245,-88698.1,4519.7,495.797,20.8912
0.145975,0,0,13.3754,0.972691,-60440.8,-6632.07,337.847,80.9279,-88706.2,4518.82,495.842,20.8961
0.145985,0,0,13.3754,0.972825,-60428.9,-6632.67,337.78,80.9312,-88714.3,4517.93,495.888,20.9011
0.145995,0,0,13.3754,0.972959,-60417,-6633.28,337.714,80.9346,-88722.4,4517.04,495.933,20.9061
0.146005,0,0,13.3754,0.973092,-60405.2,-6633.88,337.648,80.938,-88730.5,4516.16,495.978,20.911
0.146015,0,0,13.3754,0.973226,-60393.3,-6634.48,337.581,80.9414,-88738.5,4515.27,496.023,20.916
0.146025,0,0,13.3754,0.97336,-60381.4,-6635.09,337.515,80.9447,-88746.6,4514.38,496.068,20.9209
0.146035,0,0,13.3754,0.973494,-60369.6,-6635.69,337.449,80.9481,-88754.7,4513.49,496.113,20.9259
0.146045,0,0,13.3754,0.973627,-60357.7,-6636.29,337.382,80.9515,-88762.8,4512.61,496.158,20.9309
0.146055,0,0,13.3754,0.973761,-60345.8,-6636.9,337.316,80.9549,-88770.8,4511.72,496.204,20.9358
0.146065,0,0,13.3754,0.973895,-60333.9,-6637.5,337.249,80.9582,-88778.9,4510.83,496.249,20.9408
0.146075,0,0,13.3754,0.974029,-60322.1,-6638.1,337.183,80.9616,-88787,4509.94,496.294,20.9458
0.146085,0,0,13.3754,0.974162,-60310.2,-6638.71,337.117,80.965,-88795,4509.05,496.339,20.9507
0.146095,0,0,13.3754,0.974296,-60298.3,-6639.31,337.05,80.9684,-88803.1,4508.17,496.384,20.9557
0.146105,0,0,13.3754,0.97443,-60286.4,-6639.91,336.984,80.9717,-88811.2,4507.28,496.429,20.9606
0.146115,0,0,13.3754,0.974563,-60274.6,-6640.52,336.918,80.9751,-88819.2,4506.39,496.474,20.9656
0.146125,0,0,13.3754,0.974697,-60262.7,-6641.12,336.851,80.9785,-88827.3,4505.5,496.519,20.9706
0.146135,0,0,13.3754,0.974831,-60250.8,-6641.72,336.785,80.9818,-88835.4,4504.62,496.564,20.9755
0.146145,0,0,13.3754,0.974965,-60238.9,-6642.32,336.718,80.9852,-88843.4,4503.73,496.609,20.9805
0.146155,0,0,13.3754,0.975098,-60227,-6642.93,336.652,80.9886,-88851.5,4502.84,496.654,20.9855
0.146165,0,0,13.3754,0.975232,-60215.2,-6643.53,336.586,80.9919,-88859.5,4501.95,496.699,20.9904
0.146175,0,0,13.3754,0.975366,-60203.3,-6644.13,336.519,80.9953,-88867.6,4501.06,496.744,20.9954
0.146185,0,0,13.3754,0.9755,-60191.4,-6644.73,336.453,80.9987,-88875.6,4500.17,496.789,21.0004
0.146195,0,0,13.3754,0.975633,-60179.5,-6645.33,336.386,81.002,-88883.7,4499.28,496.834,21.0053
0.146205,0,0,13.3754,0.975767,-60167.6,-6645.94,336.32,81.0054,-88891.7,4498.4,496.879,21.0103
0.146215,0,0,13.3754,0.975901,-60155.7,-6646.54,336.253,81.0088,-88899.8,4497.51,496.924,21.0153
0.146225,0,0,13.3754,0.976035,-60143.8,-6647.14,336.187,81.0121,-88907.8,4496.62,496.969,21.0202
0.146235,0,0,13.3754,0.976168,-60132,-6647.74,336.12,81.0155,-88915.9,4495.73,497.014,21.0252
0.146245,0,0,13.3754,0.976302,-60120.1,-6648.34,336.054,81.0188,-88923.9,4494.84,497.059,21.0302
0.146255,0,0,13.3754,0.976436,-60108.2,-6648.94,335.987,81.0222,-88931.9,4493.95,497.104,21.0352
0.146265,0,0,13.3754,0.97657,-60096.3,-6649.54,335.921,81.0256,-88940,4493.06,497.149,21.0401
0.146275,0,0,13.3754,0.976703,-60084.4,-6650.14,335.854,81.0289,-88948,4492.17,497.194,21.0451
0.146285,0,0,13.3754,0.976837,-60072.5,-6650.74,335.788,81.0323,-88956,4491.28,497.239,21.0501
0.146295,0,0,13.3754,0.976971,-60060.6,-6651.34,335.721,81.0356,-88964.1,4490.39,497.284,21.055
0.146305,0,0,13.3754,0.977104,-60048.7,-6651.94,335.655,81.039,-88972.1,4489.5,497.329,21.06
0.146315,0,0,13.3754,0.977238,-60036.8,-6652.55,335.588,81.0423,-88980.1,4488.61,497.374,21.065
0.146325,0,0,13.3754,0.977372,-60024.9,-6653.15,335.522,81.0457,-88988.2,4487.72,497.418,21.07
0.146335,0,0,13.3754,0.977506,-60013,-6653.75,335.455,81.0491,-88996.2,4486.83,497.463,21.0749
0.146345,0,0,13.3754,0.977639,-60001.1,-6654.35,335.389,81.0524,-89004.2,4485.94,497.508,21.0799
0.146355,0,0,13.3754,0.977773,-59989.2,-6654.95,335.322,81.0558,-89012.2,4485.05,497.553,21.0849
0.146365,0,0,13.3754,0.977907,-59977.3,-6655.55,335.256,81.0591,-89020.3,4484.16,497.598,21.0899
0.146375,0,0,13.3754,0.978041,-59965.4,-6656.15,335.189,81.0625,-89028.3,4483.27,497.643,21.0948
0.146385,0,0,13.3754,0.978174,-59953.5,-6656.74,335.123,81.0658,-89036.3,4482.38,497.687,21.0998
0.146395,0,0,13.3754,0.978308,-59941.6,-6657.34,335.056,81.0692,-89044.3,4481.49,497.732,21.1048
0.146405,0,0,13.3754,0.978442,-59929.6,-6657.94,334.99,81.0725,-89052.3,4480.6,497.777,21.1098
0.146415,0,0,13.3754,0.978576,-59917.7,-6658.54,334.923,81.0759,-89060.4,4479.71,497.822,21.1148
0.146425,0,0,13.3754,0.978709,-59905.8,-6659.14,334.856,81.0792,-89068.4,4478.82,497.867,21.1197
0.146435,0,0,13.3754,0.978843,-59893.9,-6659.74,334.79,81.0826,-89076.4,4477.93,497.911,21.1247
0.146445,0,0,13.3754,0.978977,-59882,-6660.34,334.723,81.0859,-89084.4,4477.04,497.956,21.1297
0.146455,0,0,13.3754,0.97911,-59870.1,-6660.94,334.657,81.0893,-89092.4,4476.15,498.001,21.1347
0.146465,0,0,13.3754,0.979244,-59858.2,-6661.54,334.59,81.0926,-89100.4,4475.26,498.046,21.1397
0.146475,0,0,13.3754,0.979378,-59846.3,-6662.13,334.523,81.096,-89108.4,4474.37,498.09,21.1446
0.146485,0,0,13.3754,0.979512,-59834.3,-6662.73,334.457,81.0993,-89116.4,4473.48,498.135,21.1496
0.146495,0,0,13.3754,0.979645,-59822.4,-6663.33,334.39,81.1026,-89124.4,4472.59,498.18,21.1546
0.146505,0,0,13.3754,0.979779,-59810.5,-6663.93,334.324,81.106,-89132.4,4471.7,498.225,21.1596
0.146515,0,0,13.3754,0.979913,-59798.6,-6664.53,334.257,81.1093,-89140.4,4470.8,498.269,21.1646
0.146525,0,0,13.3754,0.980047,-59786.7,-6665.13,334.19,81.1127,-89148.4,4469.91,498.314,21.1695
0.146535,0,0,13.3754,0.98018,-59774.7,-6665.72,334.124,81.116,-89156.4,4469.02,498.359,21.1745
0.146545,0,0,13.3754,0.980314,-59762.8,-6666.32,334.057,81.1194,-89164.4,4468.13,498.403,21.1795
0.146555,0,0,13.3754,0.980448,-59750.9,-6666.92,333.99,81.1227,-89172.4,4467.24,498.448,21.1845
0.146565,0,0,13.3754,0.980582,-59739,-6667.52,333.924,81.126,-89180.4,4466.35,498.493,21.1895
0.146575,0,0,13.3754,0.980715,-59727,-6668.11,333.857,81.1294,-89188.4,4465.45,498.537,21.1945
0.146585,0,0,13.3754,0.980849,-59715.1,-6668.71,333.79,81.1327,-89196.3,4464.56,498.582,21.1994
0.146595,0,0,13.3754,0.980983,-59703.2,-6669.31,333.724,81.1361,-89204.3,4463.67,498.627,21.2044
0.146605,0,0,13.3754,0.981117,-59691.2,-6669.9,333.657,81.1394,-89212.3,4462.78,498.671,21.2094
0.146615,0,0,13.3754,0.98125,-59679.3,-6670.5,333.59,81.1427,-89220.3,4461.89,498.716,21.2144
0.146625,0,0,13.3754,0.981384,-59667.4,-6671.1,333.524,81.1461,-89228.3,4460.99,498.761,21.2194
0.146635,0,0,13.3754,0.981518,-59655.4,-6671.69,333.457,81.1494,-89236.2,4460.1,498.805,21.2244
0.146645,0,0,13.3754,0.981651,-59643.5,-6672.29,333.39,81.1527,-89244.2,4459.21,498.85,21.2294
0.146655,0,0,13.3754,0.981785,-59631.6,-6672.89,333.323,81.1561,-89252.2,4458.32,498.894,21.2344
0.146665,0,0,13.3754,0.981919,-59619.6,-6673.48,333.257,81.1594,-89260.2,4457.43,498.939,21.2393
0.146675,0,0,13.3754,0.982053,-59607.7,-6674.08,333.19,81.1627,-89268.1,4456.53,498.983,21.2443
0.146685,0,0,13.3754,0.982186,-59595.8,-6674.67,333.123,81.1661,-89276.1,4455.64,499.028,21.2493
0.146695,0,0,13.3754,0.98232,-59583.8,-6675.27,333.056,81.1694,-89284.1,4454.75,499.073,21.2543
0.146705,0,0,13.3754,0.982454,-59571.9,-6675.87,332.99,81.1727,-89292.1,4453.85,499.117,21.2593
0.146715,0,0,13.3754,0.982588,-59559.9,-6676.46,332.923,81.1761,-89300,4452.96,499.162,21.2643
0.146725,0,0,13.3754,0.982721,-59548,-6677.06,332.856,81.1794,-89308,4452.07,499.206,21.2693
0.146735,0,0,13.3754,0.982855,-59536.1,-6677.65,332.789,81.1827,-89316,4451.18,499.251,21.2743
0.146745,0,0,13.3754,0.982989,-59524.1,-6678.25,332.723,81.186,-89323.9,4450.28,499.295,21.2793
0.146755,0,0,13.3754,0.983123,-59512.2,-6678.84,332.656,81.1894,-89331.9,4449.39,499.34,21.2843
0.146765,0,0,13.3754,0.983256,-59500.2,-6679.44,332.589,81.1927,-89339.8,4448.5,499.384,21.2893
0.146775,0,0,13.3754,0.98339,-59488.3,-6680.03,332.522,81.196,-89347.8,4447.6,499.429,21.2943
0.146785,0,0,13.3754,0.983524,-59476.3,-6680.63,332.456,81.1993,-89355.7,4446.71,499.473,21.2993
0.146795,0,0,13.3754,0.983657,-59464.4,-6681.22,332.389,81.2027,-89363.7,4445.82,499.517,21.3042
0.146805,0,0,13.3754,0.983791,-59452.4,-6681.82,332.322,81.206,-89371.6,4444.92,499.562,21.3092
0.146815,0,0,13.3754,0.983925,-59440.5,-6682.41,332.255,81.2093,-89379.6,4444.03,499.606,21.3142
0.146825,0,0,13.3754,0.984059,-59428.5,-6683,332.188,81.2126,-89387.5,4443.14,499.651,21.3192
0.146835,0,0,13.3754,0.984192,-59416.5,-6683.6,332.121,81.216,-89395.5,4442.24,499.695,21.3242
0.146845,0,0,13.3754,0.984326,-59404.6,-6684.19,332.055,81.2193,-89403.4,4441.35,499.74,21.3292
0.146855,0,0,13.3754,0.98446,-59392.6,-6684.79,331.988,81.2226,-89411.4,4440.45,499.784,21.3342
0.146865,0,0,13.3754,0.984594,-59380.7,-6685.38,331.921,81.2259,-89419.3,4439.56,499.828,21.3392
0.146875,0,0,13.3754,0.984727,-59368.7,-6685.97,331.854,81.2292,-89427.3,4438.67,499.873,21.3442
0.146885,0,0,13.3754,0.984861,-59356.8,-6686.57,331.787,81.2326,-89435.2,4437.77,499.917,21.3492
0.146895,0,0,13.3754,0.984995,-59344.8,-6687.16,331.72,81.2359,-89443.1,4436.88,499.962,21.3542
0.146905,0,0,13.3754,0.985129,-59332.8,-6687.76,331.654,81.2392,-89451.1,4435.98,500.006,21.3592
0.146915,0,0,13.3754,0.985262,-59320.9,-6688.35,331.587,81.2425,-89459,4435.09,500.05,21.3642
0.146925,0,0,13.3754,0.985396,-59308.9,-6688.94,331.52,81.2458,-89466.9,4434.19,500.095,21.3692
0.146935,0,0,13.3754,0.98553,-59296.9,-6689.53,331.453,81.2491,-89474.9,4433.3,500.139,21.3742
0.146945,0,0,13.3754,0.985664,-59285,-6690.13,331.386,81.2524,-89482.8,4432.41,500.183,21.3792
0.146955,0,0,13.3754,0.985797,-59273,-6690.72,331.319,81.2558,-89490.7,4431.51,500.228,21.3842
0.146965,0,0,13.3754,0.985931,-59261,-6691.31,331.252,81.2591,-89498.7,4430.62,500.272,21.3892
0.146975,0,0,13.3754,0.986065,-59249.1,-6691.9,331.185,81.2624,-89506.6,4429.72,500.316,21.3942
0.146985,0,0,13.3754,0.986199,-59237.1,-6692.5,331.118,81.2657,-89514.5,4428.83,500.36,21.3992
0.146995,0,0,13.3754,0.986332,-59225.1,-6693.09,331.052,81.269,-89522.4,4427.93,500.405,21.4042
0.147005,0,0,13.3754,0.986466,-59213.2,-6693.68,330.985,81.2723,-89530.3,4427.04,500.449,21.4092
0.147015,0,0,13.3754,0.9866,-59201.2,-6694.27,330.918,81.2756,-89538.3,4426.14,500.493,21.4142
0.147025,0,0,13.3754,0.986733,-59189.2,-6694.87,330.851,81.2789,-89546.2,4425.25,500.538,21.4193
0.147035,0,0,13.3754,0.986867,-59177.2,-6695.46,330.784,81.2822,-89554.1,4424.35,500.582,21.4243
0.147045,0,0,13.3754,0.987001,-59165.2,-6696.05,330.717,81.2856,-89562,4423.45,500.626,21.4293
0.147055,0,0,13.3754,0.987135,-59153.3,-6696.64,330.65,81.2889,-89569.9,4422.56,500.67,21.4343
0.147065,0,0,13.3754,0.987268,-59141.3,-6697.23,330.583,81.2922,-89577.8,4421.66,500.714,21.4393
0.147075,0,0,13.3754,0.987402,-59129.3,-6697.82,330.516,81.2955,-89585.7,4420.77,500.759,21.4443
0.147085,0,0,13.3754,0.987536,-59117.3,-6698.41,330.449,81.2988,-89593.6,4419.87,500.803,21.4493
0.147095,0,0,13.3754,0.98767,-59105.4,-6699,330.382,81.3021,-89601.5,4418.98,500.847,21.4543
0.147105,0,0,13.3754,0.987803,-59093.4,-6699.6,330.315,81.3054,-89609.5,4418.08,500.891,21.4593
0.147115,0,0,13.3754,0.987937,-59081.4,-6700.19,330.248,81.3087,-89617.4,4417.18,500.935,21.4643
0.147125,0,0,13.3754,0.988071,-59069.4,-6700.78,330.181,81.312,-89625.3,4416.29,500.98,21.4693
0.147135,0,0,13.3754,0.988205,-59057.4,-6701.37,330.114,81.3153,-89633.2,4415.39,501.024,21.4743
0.147145,0,0,13.3754,0.988338,-59045.4,-6701.96,330.047,81.3186,-89641.1,4414.5,501.068,21.4794
0.147155,0,0,13.3754,0.988472,-59033.4,-6702.55,329.98,81.3219,-89649,4413.6,501.112,21.4844
0.147165,0,0,13.3754,0.988606,-59021.4,-6703.14,329.913,81.3252,-89656.8,4412.7,501.156,21.4894
0.147175,0,0,13.3754,0.988739,-59009.5,-6703.73,329.846,81.3285,-89664.7,4411.81,501.2,21.4944
0.147185,0,0,13.3754,0.988873,-58997.5,-6704.32,329.779,81.3318,-89672.6,4410.91,501.244,21.4994
0.147195,0,0,13.3754,0.989007,-58985.5,-6704.91,329.712,81.3351,-89680.5,4410.01,501.288,21.5044
0.147205,0,0,13.3754,0.989141,-58973.5,-6705.5,329.645,81.3384,-89688.4,4409.12,501.333,21.5094
0.147215,0,0,13.3754,0.989274,-58961.5,-6706.09,329.578,81.3417,-89696.3,4408.22,501.377,21.5144
0.147225,0,0,13.3754,0.989408,-58949.5,-6706.68,329.511,81.345,-89704.2,4407.32,501.421,21.5195
0.147235,0,0,13.3754,0.989542,-58937.5,-6707.27,329.444,81.3483,-89712.1,4406.43,501.465,21.5245
0.147245,0,0,13.3754,0.989676,-58925.5,-6707.86,329.377,81.3516,-89719.9,4405.53,501.509,21.5295
0.147255,0,0,13.3754,0.989809,-58913.5,-6708.45,329.31,81.3549,-89727.8,4404.63,501.553,21.5345
0.147265,0,0,13.3754,0.989943,-58901.5,-6709.03,329.242,81.3582,-89735.7,4403.73,501.597,21.5395
0.147275,0,0,13.3754,0.990077,-58889.5,-6709.62,329.175,81.3615,-89743.6,4402.84,501.641,21.5445
0.147285,0,0,13.3754,0.990211,-58877.5,-6710.21,329.108,81.3647,-89751.5,4401.94,501.685,21.5495
0.147295,0,0,13.3754,0.990344,-58865.5,-6710.8,329.041,81.368,-89759.3,4401.04,501.729,21.5546
0.147305,0,0,13.3754,0.990478,-58853.5,-6711.39,328.974,81.3713,-89767.2,4400.14,501.773,21.5596
0.147315,0,0,13.3754,0.990612,-58841.5,-6711.98,328.907,81.3746,-89775.1,4399.25,501.817,21.5646
0.147325,0,0,13.3754,0.990746,-58829.5,-6712.57,328.84,81.3779,-89782.9,4398.35,501.861,21.5696
0.147335,0,0,13.3754,0.990879,-58817.5,-6713.15,328.773,81.3812,-89790.8,4397.45,501.905,21.5746
0.147345,0,0,13.3754,0.991013,-58805.4,-6713.74,328.706,81.3845,-89798.7,4396.55,501.949,21.5797
0.147355,0,0,13.3754,0.991147,-58793.4,-6714.33,328.638,81.3878,-89806.5,4395.66,501.993,21.5847
0.147365,0,0,13.3754,0.99128,-58781.4,-6714.92,328.571,81.391,-89814.4,4394.76,502.037,21.5897
0.147375,0,0,13.3754,0.991414,-58769.4,-6715.51,328.504,81.3943,-89822.2,4393.86,502.081,21.5947
0.147385,0,0,13.3754,0.991548,-58757.4,-6716.09,328.437,81.3976,-89830.1,4392.96,502.125,21.5997
0.147395,0,0,13.3754,0.991682,-58745.4,-6716.68,328.37,81.4009,-89838,4392.06,502.168,21.6048
0.147405,0,0,13.3754,0.991815,-58733.4,-6717.27,328.303,81.4042,-89845.8,4391.16,502.212,21.6098
0.147415,0,0,13.3754,0.991949,-58721.4,-6717.86,328.236,81.4075,-89853.7,4390.27,502.256,21.6148
0.147425,0,0,13.3754,0.992083,-58709.3,-6718.44,328.168,81.4107,-89861.5,4389.37,502.3,21.6198
0.147435,0,0,13.3754,0.992217,-58697.3,-6719.03,328.101,81.414,-89869.4,4388.47,502.344,21.6248
0.147445,0,0,13.3754,0.99235,-58685.3,-6719.62,328.034,81.4173,-89877.2,4387.57,502.388,21.6299
0.147455,0,0,13.3754,0.992484,-58673.3,-6720.2,327.967,81.4206,-89885.1,4386.67,502.432,21.6349
0.147465,0,0,13.3754,0.992618,-58661.3,-6720.79,327.9,81.4239,-89892.9,4385.77,502.476,21.6399
0.147475,0,0,13.3754,0.992752,-58649.2,-6721.38,327.832,81.4271,-89900.8,4384.87,502.52,21.6449
0.147485,0,0,13.3754,0.992885,-58637.2,-6721.96,327.765,81.4304,-89908.6,4383.98,502.563,21.65
0.147495,0,0,13.3754,0.993019,-58625.2,-6722.55,327.698,81.4337,-89916.5,4383.08,502.607,21.655
0.147505,0,0,13.3754,0.993153,-58613.2,-6723.13,327.631,81.437,-89924.3,4382.18,502.651,21.66
0.147515,0,0,13.3754,0.993286,-58601.1,-6723.72,327.564,81.4403,-89932.1,4381.28,502.695,21.665
0.147525,0,0,13.3754,0.99342,-58589.1,-6724.31,327.496,81.4435,-89940,4380.38,502.739,21.6701
0.147535,0,0,13.3754,0.993554,-58577.1,-6724.89,327.429,81.4468,-89947.8,4379.48,502.782,21.6751
0.147545,0,0,13.3754,0.993688,-58565.1,-6725.48,327.362,81.4501,-89955.6,4378.58,502.826,21.6801
0.147555,0,0,13.3754,0.993821,-58553,-6726.06,327.295,81.4533,-89963.5,4377.68,502.87,21.6852
0.147565,0,0,13.3754,0.993955,-58541,-6726.65,327.227,81.4566,-89971.3,4376.78,502.914,21.6902
0.147575,0,0,13.3754,0.994089,-58529,-6727.23,327.16,81.4599,-89979.1,4375.88,502.957,21.6952
0.147585,0,0,13.3754,0.994223,-58516.9,-6727.82,327.093,81.4632,-89987,4374.98,503.001,21.7002
0.147595,0,0,13.3754,0.994356,-58504.9,-6728.4,327.026,81.4664,-89994.8,4374.08,503.045,21.7053
0.147605,0,0,13.3754,0.99449,-58492.9,-6728.99,326.958,81.4697,-90002.6,4373.18,503.089,21.7103
0.147615,0,0,13.3754,0.994624,-58480.8,-6729.57,326.891,81.473,-90010.4,4372.28,503.132,21.7153
0.147625,0,0,13.3754,0.994758,-58468.8,-6730.16,326.824,81.4762,-90018.2,4371.38,503.176,21.7204
0.147635,0,0,13.3754,0.994891,-58456.7,-6730.74,326.756,81.4795,-90026.1,4370.48,503.22,21.7254
0.147645,0,0,13.3754,0.995025,-58444.7,-6731.33,326.689,81.4828,-90033.9,4369.58,503.264,21.7304
0.147655,0,0,13.3754,0.995159,-58432.7,-6731.91,326.622,81.486,-90041.7,4368.68,503.307,21.7355
0.147665,0,0,13.3754,0.995293,-58420.6,-6732.5,326.555,81.4893,-90049.5,4367.78,503.351,21.7405
0.147675,0,0,13.3754,0.995426,-58408.6,-6733.08,326.487,81.4926,-90057.3,4366.88,503.395,21.7455
0.147685,0,0,13.3754,0.99556,-58396.5,-6733.66,326.42,81.4958,-90065.1,4365.98,503.438,21.7506
0.147695,0,0,13.3754,0.995694,-58384.5,-6734.25,326.353,81.4991,-90072.9,4365.08,503.482,21.7556
0.147705,0,0,13.3754,0.995827,-58372.4,-6734.83,326.285,81.5024,-90080.7,4364.18,503.526,21.7606
0.147715,0,0,13.3754,0.995961,-58360.4,-6735.42,326.218,81.5056,-90088.5,4363.28,503.569,21.7657
0.147725,0,0,13.3754,0.996095,-58348.3,-6736,326.151,81.5089,-90096.4,4362.38,503.613,21.7707
0.147735,0,0,13.3754,0.996229,-58336.3,-6736.58,326.083,81.5122,-90104.1,4361.48,503.656,21.7757
0.147745,0,0,13.3754,0.996362,-58324.2,-6737.17,326.016,81.5154,-90112,4360.58,503.7,21.7808
0.147755,0,0,13.3754,0.996496,-58312.2,-6737.75,325.948,81.5187,-90119.8,4359.67,503.744,21.7858
0.147765,0,0,13.3754,0.99663,-58300.1,-6738.33,325.881,81.5219,-90127.5,4358.77,503.787,21.7909
0.147775,0,0,13.3754,0.996764,-58288.1,-6738.91,325.814,81.5252,-90135.3,4357.87,503.831,21.7959
0.147785,0,0,13.3754,0.996897,-58276,-6739.5,325.746,81.5285,-90143.1,4356.97,503.874,21.8009
0.147795,0,0,13.3754,0.997031,-58264,-6740.08,325.679,81.5317,-90150.9,4356.07,503.918,21.806
0.147805,0,0,13.3754,0.997165,-58251.9,-6740.66,325.611,81.535,-90158.7,4355.17,503.961,21.811
0.147815,0,0,13.3754,0.997299,-58239.9,-6741.24,325.544,81.5382,-90166.5,4354.27,504.005,21.8161
0.147825,0,0,13.3754,0.997432,-58227.8,-6741.83,325.477,81.5415,-90174.3,4353.36,504.049,21.8211
0.147835,0,0,13.3754,0.997566,-58215.7,-6742.41,325.409,81.5447,-90182.1,4352.46,504.092,21.8261
0.147845,0,0,13.3754,0.9977,-58203.7,-6742.99,325.342,81.548,-90189.9,4351.56,504.136,21.8312
0.147855,0,0,13.3754,0.997833,-58191.6,-6743.57,325.274,81.5512,-90197.6,4350.66,504.179,21.8362
0.147865,0,0,13.3754,0.997967,-58179.5,-6744.15,325.207,81.5545,-90205.4,4349.76,504.223,21.8413
0.147875,0,0,13.3754,0.998101,-58167.5,-6744.74,325.14,81.5577,-90213.2,4348.86,504.266,21.8463
0.147885,0,0,13.3754,0.998235,-58155.4,-6745.32,325.072,81.561,-90221,4347.95,504.31,21.8513
0.147895,0,0,13.3754,0.998369,-58143.3,-6745.9,325.005,81.5642,-90228.8,4347.05,504.353,21.8564
0.147905,0,0,13.3754,0.998502,-58131.3,-6746.48,324.937,81.5675,-90236.5,4346.15,504.396,21.8614
0.147915,0,0,13.3754,0.998636,-58119.2,-6747.06,324.87,81.5707,-90244.3,4345.25,504.44,21.8665
0.147925,0,0,13.3754,0.99877,-58107.1,-6747.64,324.802,81.574,-90252.1,4344.35,504.483,21.8715
0.147935,0,0,13.3754,0.998903,-58095.1,-6748.22,324.735,81.5772,-90259.9,4343.44,504.527,21.8766
0.147945,0,0,13.3754,0.999037,-58083,-6748.8,324.667,81.5805,-90267.6,4342.54,504.57,21.8816
0.147955,0,0,13.3754,0.999171,-58070.9,-6749.39,324.6,81.5837,-90275.4,4341.64,504.614,21.8867
0.147965,0,0,13.3754,0.999305,-58058.9,-6749.97,324.532,81.587,-90283.2,4340.73,504.657,21.8917
0.147975,0,0,13.3754,0.999438,-58046.8,-6750.55,324.465,81.5902,-90290.9,4339.83,504.7,21.8967
0.147985,0,0,13.3754,0.999572,-58034.7,-6751.13,324.397,81.5935,-90298.7,4338.93,504.744,21.9018
0.147995,0,0,13.3754,0.999706,-58022.6,-6751.71,324.33,81.5967,-90306.5,4338.03,504.787,21.9068
0.148005,0,0,13.3754,0.99984,-58010.6,-6752.29,324.262,81.6,-90314.2,4337.12,504.831,21.9119
0.148015,0,0,13.3754,0.999973,-57998.5,-6752.87,324.195,81.6032,-90322,4336.22,504.874,21.9169
0.148025,0,0,13.3754,1.00011,-57986.4,-6753.45,324.127,81.6064,-90329.7,4335.32,504.917,21.922
0.148035,0,0,13.3754,1.00024,-57974.3,-6754.03,324.06,81.6097,-90337.5,4334.41,504.961,21.927
0.148045,0,0,13.3754,1.00037,-57962.2,-6754.61,323.992,81.6129,-90345.2,4333.51,505.004,21.9321
0.148055,0,0,13.3754,1.00051,-57950.1,-6755.19,323.925,81.6162,-90353,4332.61,505.047,21.9371
0.148065,0,0,13.3754,1.00064,-57938.1,-6755.76,323.857,81.6194,-90360.7,4331.7,505.091,21.9422
0.148075,0,0,13.3754,1.00078,-57926,-6756.34,323.79,81.6226,-90368.5,4330.8,505.134,21.9472
0.148085,0,0,13.3754,1.00091,-57913.9,-6756.92,323.722,81.6259,-90376.2,4329.9,505.177,21.9523
0.148095,0,0,13.3754,1.00104,-57901.8,-6757.5,323.655,81.6291,-90384,4328.99,505.22,21.9573
0.148105,0,0,13.3754,1.00118,-57889.7,-6758.08,323.587,81.6323,-90391.7,4328.09,505.264,21.9624
0.148115,0,0,13.3754,1.00131,-57877.6,-6758.66,323.519,81.6356,-90399.5,4327.19,505.307,21.9674
0.148125,0,0,13.3754,1.00144,-57865.5,-6759.24,323.452,81.6388,-90407.2,4326.28,505.35,21.9725
0.148135,0,0,13.3754,1.00158,-57853.5,-6759.82,323.384,81.6421,-90414.9,4325.38,505.394,21.9776
0.148145,0,0,13.3754,1.00171,-57841.4,-6760.4,323.317,81.6453,-90422.7,4324.47,505.437,21.9826
0.148155,0,0,13.3754,1.00185,-57829.3,-6760.97,323.249,81.6485,-90430.4,4323.57,505.48,21.9877
0.148165,0,0,13.3754,1.00198,-57817.2,-6761.55,323.181,81.6518,-90438.1,4322.67,505.523,21.9927
0.148175,0,0,13.3754,1.00211,-57805.1,-6762.13,323.114,81.655,-90445.9,4321.76,505.566,21.9978
0.148185,0,0,13.3754,1.00225,-57793,-6762.71,323.046,81.6582,-90453.6,4320.86,505.61,22.0028
0.148195,0,0,13.3754,1.00238,-57780.9,-6763.29,322.979,81.6614,-90461.3,4319.95,505.653,22.0079
0.148205,0,0,13.3754,1.00251,-57768.8,-6763.86,322.911,81.6647,-90469,4319.05,505.696,22.0129
0.148215,0,0,13.3754,1.00265,-57756.7,-6764.44,322.843,81.6679,-90476.8,4318.14,505.739,22.018
0.148225,0,0,13.3754,1.00278,-57744.6,-6765.02,322.776,81.6711,-90484.5,4317.24,505.782,22.0231
0.148235,0,0,13.3754,1.00292,-57732.5,-6765.6,322.708,81.6744,-90492.2,4316.33,505.826,22.0281
0.148245,0,0,13.3754,1.00305,-57720.4,-6766.17,322.64,81.6776,-90499.9,4315.43,505.869,22.0332
0.148255,0,0,13.3754,1.00318,-57708.3,-6766.75,322.573,81.6808,-90507.6,4314.52,505.912,22.0382
0.148265,0,0,13.3754,1.00332,-57696.2,-6767.33,322.505,81.684,-90515.4,4313.62,505.955,22.0433
0.148275,0,0,13.3754,1.00345,-57684.1,-6767.9,322.437,81.6873,-90523.1,4312.71,505.998,22.0484
0.148285,0,0,13.3754,1.00358,-57672,-6768.48,322.37,81.6905,-90530.8,4311.81,506.041,22.0534
0.148295,0,0,13.3754,1.00372,-57659.8,-6769.06,322.302,81.6937,-90538.5,4310.9,506.084,22.0585
0.148305,0,0,13.3754,1.00385,-57647.7,-6769.63,322.234,81.6969,-90546.2,4310,506.127,22.0635
0.148315,0,0,13.3754,1.00399,-57635.6,-6770.21,322.167,81.7001,-90553.9,4309.09,506.171,22.0686
0.148325,0,0,13.3754,1.00412,-57623.5,-6770.79,322.099,81.7034,-90561.6,4308.19,506.214,22.0737
0.148335,0,0,13.3754,1.00425,-57611.4,-6771.36,322.031,81.7066,-90569.3,4307.28,506.257,22.0787
0.148345,0,0,13.3754,1.00439,-57599.3,-6771.94,321.964,81.7098,-90577,4306.38,506.3,22.0838
0.148355,0,0,13.3754,1.00452,-57587.2,-6772.51,321.896,81.713,-90584.8,4305.47,506.343,22.0888
0.148365,0,0,13.3754,1.00465,-57575.1,-6773.09,321.828,81.7162,-90592.5,4304.56,506.386,22.0939
0.148375,0,0,13.3754,1.00479,-57562.9,-6773.67,321.76,81.7195,-90600.2,4303.66,506.429,22.099
0.148385,0,0,13.3754,1.00492,-57550.8,-6774.24,321.693,81.7227,-90607.9,4302.75,506.472,22.104
0.148395,0,0,13.3754,1.00506,-57538.7,-6774.82,321.625,81.7259,-90615.5,4301.85,506.515,22.1091
0.148405,0,0,13.3754,1.00519,-57526.6,-6775.39,321.557,81.7291,-90623.2,4300.94,506.558,22.1142
0.148415,0,0,13.3754,1.00532,-57514.5,-6775.97,321.489,81.7323,-90630.9,4300.03,506.601,22.1192
0.148425,0,0,13.3754,1.00546,-57502.4,-6776.54,321.422,81.7355,-90638.6,4299.13,506.644,22.1243
0.148435,0,0,13.3754,1.00559,-57490.2,-6777.12,321.354,81.7388,-90646.3,4298.22,506.687,22.1294
0.148445,0,0,13.3754,1.00572,-57478.1,-6777.69,321.286,81.742,-90654,4297.32,506.73,22.1344
0.148455,0,0,13.3754,1.00586,-57466,-6778.27,321.218,81.7452,-90661.7,4296.41,506.773,22.1395
0.148465,0,0,13.3754,1.00599,-57453.9,-6778.84,321.151,81.7484,-90669.4,4295.5,506.816,22.1446
0.148475,0,0,13.3754,1.00613,-57441.7,-6779.41,321.083,81.7516,-90677.1,4294.6,506.859,22.1496
0.148485,0,0,13.3754,1.00626,-57429.6,-6779.99,321.015,81.7548,-90684.7,4293.69,506.902,22.1547
0.148495,0,0,13.3754,1.00639,-57417.5,-6780.56,320.947,81.758,-90692.4,4292.78,506.945,22.1598
0.148505,0,0,13.3754,1.00653,-57405.3,-6781.14,320.879,81.7612,-90700.1,4291.88,506.988,22.1648
0.148515,0,0,13.3754,1.00666,-57393.2,-6781.71,320.812,81.7645,-90707.8,4290.97,507.03,22.1699
0.148525,0,0,13.3754,1.00679,-57381.1,-6782.28,320.744,81.7677,-90715.4,4290.06,507.073,22.175
0.148535,0,0,13.3754,1.00693,-57369,-6782.86,320.676,81.7709,-90723.1,4289.16,507.116,22.1801
0.148545,0,0,13.3754,1.00706,-57356.8,-6783.43,320.608,81.7741,-90730.8,4288.25,507.159,22.1851
0.148555,0,0,13.3754,1.00719,-57344.7,-6784,320.54,81.7773,-90738.5,4287.34,507.202,22.1902
0.148565,0,0,13.3754,1.00733,-57332.6,-6784.58,320.473,81.7805,-90746.1,4286.43,507.245,22.1953
0.148575,0,0,13.3754,1.00746,-57320.4,-6785.15,320.405,81.7837,-90753.8,4285.53,507.288,22.2003
0.148585,0,0,13.3754,1.0076,-57308.3,-6785.73,320.337,81.7869,-90761.5,4284.62,507.331,22.2054
0.148595,0,0,13.3754,1.00773,-57296.1,-6786.3,320.269,81.7901,-90769.1,4283.71,507.373,22.2105
0.148605,0,0,13.3754,1.00786,-57284,-6786.87,320.201,81.7933,-90776.8,4282.8,507.416,22.2156
0.148615,0,0,13.3754,1.008,-57271.9,-6787.44,320.133,81.7965,-90784.5,4281.9,507.459,22.2206
0.148625,0,0,13.3754,1.00813,-57259.7,-6788.02,320.065,81.7997,-90792.1,4280.99,507.502,22.2257
0.148635,0,0,13.3754,1.00826,-57247.6,-6788.59,319.998,81.8029,-90799.8,4280.08,507.545,22.2308
0.148645,0,0,13.3754,1.0084,-57235.4,-6789.16,319.93,81.8061,-90807.4,4279.17,507.587,22.2359
0.148655,0,0,13.3754,1.00853,-57223.3,-6789.73,319.862,81.8093,-90815.1,4278.26,507.63,22.2409
0.148665,0,0,13.3754,1.00867,-57211.1,-6790.31,319.794,81.8125,-90822.7,4277.36,507.673,22.246
0.148675,0,0,13.3754,1.0088,-57199,-6790.88,319.726,81.8157,-90830.4,4276.45,507.716,22.2511
0.148685,0,0,13.3754,1.00893,-57186.8,-6791.45,319.658,81.8189,-90838,4275.54,507.759,22.2562
0.148695,0,0,13.3754,1.00907,-57174.7,-6792.02,319.59,81.8221,-90845.7,4274.63,507.801,22.2613
0.148705,0,0,13.3754,1.0092,-57162.5,-6792.59,319.522,81.8253,-90853.3,4273.72,507.844,22.2663
0.148715,0,0,13.3754,1.00933,-57150.4,-6793.16,319.454,81.8285,-90861,4272.81,507.887,22.2714
0.148725,0,0,13.3754,1.00947,-57138.2,-6793.73,319.386,81.8317,-90868.6,4271.91,507.929,22.2765
0.148735,0,0,13.3754,1.0096,-57126.1,-6794.31,319.318,81.8349,-90876.2,4271,507.972,22.2816
0.148745,0,0,13.3754,1.00974,-57113.9,-6794.88,319.251,81.8381,-90883.9,4270.09,508.015,22.2866
0.148755,0,0,13.3754,1.00987,-57101.8,-6795.45,319.183,81.8412,-90891.5,4269.18,508.058,22.2917
0.148765,0,0,13.3754,1.01,-57089.6,-6796.02,319.115,81.8444,-90899.1,4268.27,508.1,22.2968
0.148775,0,0,13.3754,1.01014,-57077.5,-6796.59,319.047,81.8476,-90906.8,4267.36,508.143,22.3019
0.148785,0,0,13.3754,1.01027,-57065.3,-6797.16,318.979,81.8508,-90914.4,4266.45,508.186,22.307
0.148795,0,0,13.3754,1.0104,-57053.2,-6797.73,318.911,81.854,-90922,4265.54,508.228,22.3121
0.148805,0,0,13.3754,1.01054,-57041,-6798.3,318.843,81.8572,-90929.7,4264.63,508.271,22.3171
0.148815,0,0,13.3754,1.01067,-57028.8,-6798.87,318.775,81.8604,-90937.3,4263.73,508.313,22.3222
0.148825,0,0,13.3754,1.01081,-57016.7,-6799.44,318.707,81.8636,-90944.9,4262.82,508.356,22.3273
0.148835,0,0,13.3754,1.01094,-57004.5,-6800.01,318.639,81.8668,-90952.6,4261.91,508.399,22.3324
0.148845,0,0,13.3754,1.01107,-56992.3,-6800.58,318.571,81.8699,-90960.2,4261,508.441,22.3375
0.148855,0,0,13.3754,1.01121,-56980.2,-6801.15,318.503,81.8731,-90967.8,4260.09,508.484,22.3426
0.148865,0,0,13.3754,1.01134,-56968,-6801.72,318.435,81.8763,-90975.4,4259.18,508.527,22.3476
0.148875,0,0,13.3754,1.01147,-56955.8,-6802.29,318.367,81.8795,-90983,4258.27,508.569,22.3527
0.148885,0,0,13.3754,1.01161,-56943.7,-6802.86,318.299,81.8827,-90990.6,4257.36,508.612,22.3578
0.148895,0,0,13.3754,1.01174,-56931.5,-6803.43,318.231,81.8859,-90998.3,4256.45,508.654,22.3629
0.148905,0,0,13.3754,1.01188,-56919.3,-6804,318.163,81.889,-91005.9,4255.54,508.697,22.368
0.148915,0,0,13.3754,1.01201,-56907.2,-6804.57,318.095,81.8922,-91013.5,4254.63,508.739,22.3731
0.148925,0,0,13.3754,1.01214,-56895,-6805.14,318.027,81.8954,-91021.1,4253.72,508.782,22.3782
0.148935,0,0,13.3754,1.01228,-56882.8,-6805.71,317.959,81.8986,-91028.7,4252.81,508.824,22.3832
0.148945,0,0,13.3754,1.01241,-56870.6,-6806.27,317.891,81.9018,-91036.3,4251.9,508.867,22.3883
0.148955,0,0,13.3754,1.01254,-56858.5,-6806.84,317.823,81.905,-91043.9,4250.99,508.909,22.3934
0.148965,0,0,13.3754,1.01268,-56846.3,-6807.41,317.755,81.9081,-91051.5,4250.08,508.952,22.3985
0.148975,0,0,13.3754,1.01281,-56834.1,-6807.98,317.686,81.9113,-91059.1,4249.17,508.994,22.4036
0.148985,0,0,13.3754,1.01295,-56821.9,-6808.55,317.618,81.9145,-91066.7,4248.26,509.037,22.4087
0.148995,0,0,13.3754,1.01308,-56809.8,-6809.12,317.55,81.9177,-91074.3,4247.35,509.079,22.4138
0.149005,0,0,13.3754,1.01321,-56797.6,-6809.68,317.482,81.9208,-91081.9,4246.44,509.122,22.4189
0.149015,0,0,13.3754,1.01335,-56785.4,-6810.25,317.414,81.924,-91089.5,4245.53,509.164,22.424
0.149025,0,0,13.3754,1.01348,-56773.2,-6810.82,317.346,81.9272,-91097.1,4244.61,509.207,22.4291
0.149035,0,0,13.3754,1.01361,-56761,-6811.39,317.278,81.9304,-91104.7,4243.7,509.249,22.4342
0.149045,0,0,13.3754,1.01375,-56748.8,-6811.95,317.21,81.9335,-91112.3,4242.79,509.292,22.4392
0.149055,0,0,13.3754,1.01388,-56736.7,-6812.52,317.142,81.9367,-91119.9,4241.88,509.334,22.4443
0.149065,0,0,13.3754,1.01402,-56724.5,-6813.09,317.074,81.9399,-91127.5,4240.97,509.376,22.4494
0.149075,0,0,13.3754,1.01415,-56712.3,-6813.66,317.005,81.943,-91135,4240.06,509.419,22.4545
0.149085,0,0,13.3754,1.01428,-56700.1,-6814.22,316.937,81.9462,-91142.6,4239.15,509.461,22.4596
0.149095,0,0,13.3754,1.01442,-56687.9,-6814.79,316.869,81.9494,-91150.2,4238.24,509.504,22.4647
0.149105,0,0,13.3754,1.01455,-56675.7,-6815.36,316.801,81.9525,-91157.8,4237.33,509.546,22.4698
0.149115,0,0,13.3754,1.01468,-56663.5,-6815.92,316.733,81.9557,-91165.4,4236.41,509.588,22.4749
0.149125,0,0,13.3754,1.01482,-56651.3,-6816.49,316.665,81.9589,-91173,4235.5,509.631,22.48
0.149135,0,0,13.3754,1.01495,-56639.1,-6817.06,316.597,81.962,-91180.5,4234.59,509.673,22.4851
0.149145,0,0,13.3754,1.01509,-56626.9,-6817.62,316.528,81.9652,-91188.1,4233.68,509.715,22.4902
0.149155,0,0,13.3754,1.01522,-56614.7,-6818.19,316.46,81.9684,-91195.7,4232.77,509.758,22.4953
0.149165,0,0,13.3754,1.01535,-56602.6,-6818.75,316.392,81.9715,-91203.2,4231.85,509.8,22.5004
0.149175,0,0,13.3754,1.01549,-56590.4,-6819.32,316.324,81.9747,-91210.8,4230.94,509.842,22.5055
0.149185,0,0,13.3754,1.01562,-56578.2,-6819.89,316.256,81.9779,-91218.4,4230.03,509.885,22.5106
0.149195,0,0,13.3754,1.01575,-56566,-6820.45,316.188,81.981,-91225.9,4229.12,509.927,22.5157
0.149205,0,0,13.3754,1.01589,-56553.8,-6821.02,316.119,81.9842,-91233.5,4228.21,509.969,22.5208
0.149215,0,0,13.3754,1.01602,-56541.6,-6821.58,316.051,81.9874,-91241.1,4227.29,510.012,22.5259
0.149225,0,0,13.3754,1.01616,-56529.4,-6822.15,315.983,81.9905,-91248.6,4226.38,510.054,22.531
0.149235,0,0,13.3754,1.01629,-56517.2,-6822.71,315.915,81.9937,-91256.2,4225.47,510.096,22.5361
0.149245,0,0,13.3754,1.01642,-56505,-6823.28,315.846,81.9968,-91263.8,4224.56,510.138,22.5412
0.149255,0,0,13.3754,1.01656,-56492.7,-6823.84,315.778,82,-91271.3,4223.65,510.18,22.5463
0.149265,0,0,13.3754,1.01669,-56480.5,-6824.41,315.71,82.0031,-91278.9,4222.73,510.223,22.5514
0.149275,0,0,13.3754,1.01682,-56468.3,-6824.97,315.642,82.0063,-91286.4,4221.82,510.265,22.5565
0.149285,0,0,13.3754,1.01696,-56456.1,-6825.54,315.574,82.0095,-91294,4220.91,510.307,22.5616
0.149295,0,0,13.3754,1.01709,-56443.9,-6826.1,315.505,82.0126,-91301.5,4219.99,510.349,22.5667
0.149305,0,0,13.3754,1.01723,-56431.7,-6826.67,315.437,82.0158,-91309.1,4219.08,510.392,22.5718
0.149315,0,0,13.3754,1.01736,-56419.5,-6827.23,315.369,82.0189,-91316.6,4218.17,510.434,22.5769
0.149325,0,0,13.3754,1.01749,-56407.3,-6827.79,315.301,82.0221,-91324.1,4217.26,510.476,22.582
0.149335,0,0,13.3754,1.01763,-56395.1,-6828.36,315.232,82.0252,-91331.7,4216.34,510.518,22.5871
0.149345,0,0,13.3754,1.01776,-56382.8,-6828.92,315.164,82.0284,-91339.2,4215.43,510.56,22.5922
0.149355,0,0,13.3754,1.01789,-56370.6,-6829.49,315.096,82.0315,-91346.8,4214.52,510.602,22.5973
0.149365,0,0,13.3754,1.01803,-56358.4,-6830.05,315.027,82.0347,-91354.3,4213.6,510.644,22.6024
0.149375,0,0,13.3754,1.01816,-56346.2,-6830.61,314.959,82.0378,-91361.8,4212.69,510.687,22.6075
0.149385,0,0,13.3754,1.0183,-56334,-6831.18,314.891,82.041,-91369.4,4211.78,510.729,22.6126
0.149395,0,0,13.3754,1.01843,-56321.8,-6831.74,314.823,82.0441,-91376.9,4210.86,510.771,22.6178
0.149405,0,0,13.3754,1.01856,-56309.5,-6832.3,314.754,82.0473,-91384.4,4209.95,510.813,22.6229
0.149415,0,0,13.3754,1.0187,-56297.3,-6832.87,314.686,82.0504,-91392,4209.03,510.855,22.628
0.149425,0,0,13.3754,1.01883,-56285.1,-6833.43,314.617,82.0536,-91399.5,4208.12,510.897,22.6331
0.149435,0,0,13.3754,1.01896,-56272.9,-6833.99,314.549,82.0567,-91407,4207.21,510.939,22.6382
0.149445,0,0,13.3754,1.0191,-56260.6,-6834.55,314.481,82.0599,-91414.6,4206.29,510.981,22.6433
0.149455,0,0,13.3754,1.01923,-56248.4,-6835.12,314.412,82.063,-91422.1,4205.38,511.023,22.6484
0.149465,0,0,13.3754,1.01936,-56236.2,-6835.68,314.344,82.0661,-91429.6,4204.46,511.065,22.6535
0.149475,0,0,13.3754,1.0195,-56224,-6836.24,314.276,82.0693,-91437.1,4203.55,511.107,22.6586
0.149485,0,0,13.3754,1.01963,-56211.7,-6836.8,314.207,82.0724,-91444.6,4202.64,511.149,22.6637
0.149495,0,0,13.3754,1.01977,-56199.5,-6837.36,314.139,82.0756,-91452.2,4201.72,511.191,22.6688
0.149505,0,0,13.3754,1.0199,-56187.3,-6837.93,314.071,82.0787,-91459.7,4200.81,511.233,22.674
0.149515,0,0,13.3754,1.02003,-56175,-6838.49,314.002,82.0819,-91467.2,4199.89,511.275,22.6791
0.149525,0,0,13.3754,1.02017,-56162.8,-6839.05,313.934,82.085,-91474.7,4198.98,511.317,22.6842
0.149535,0,0,13.3754,1.0203,-56150.6,-6839.61,313.866,82.0881,-91482.2,4198.06,511.359,22.6893
0.149545,0,0,13.3754,1.02043,-56138.3,-6840.17,313.797,82.0913,-91489.7,4197.15,511.401,22.6944
0.149555,0,0,13.3754,1.02057,-56126.1,-6840.73,313.729,82.0944,-91497.2,4196.23,511.443,22.6995
0.149565,0,0,13.3754,1.0207,-56113.9,-6841.29,313.66,82.0975,-91504.7,4195.32,511.485,22.7046
0.149575,0,0,13.3754,1.02084,-56101.6,-6841.86,313.592,82.1007,-91512.2,4194.4,511.527,22.7098
0.149585,0,0,13.3754,1.02097,-56089.4,-6842.42,313.524,82.1038,-91519.7,4193.49,511.569,22.7149
0.149595,0,0,13.3754,1.0211,-56077.1,-6842.98,313.455,82.107,-91527.2,4192.57,511.611,22.72
0.149605,0,0,13.3754,1.02124,-56064.9,-6843.54,313.387,82.1101,-91534.7,4191.66,511.653,22.7251
0.149615,0,0,13.3754,1.02137,-56052.7,-6844.1,313.318,82.1132,-91542.2,4190.74,511.695,22.7302
0.149625,0,0,13.3754,1.0215,-56040.4,-6844.66,313.25,82.1164,-91549.7,4189.83,511.737,22.7353
0.149635,0,0,13.3754,1.02164,-56028.2,-6845.22,313.181,82.1195,-91557.2,4188.91,511.779,22.7405
0.149645,0,0,13.3754,1.02177,-56015.9,-6845.78,313.113,82.1226,-91564.7,4188,511.821,22.7456
0.149655,0,0,13.3754,1.02191,-56003.7,-6846.34,313.045,82.1258,-91572.2,4187.08,511.862,22.7507
0.149665,0,0,13.3754,1.02204,-55991.4,-6846.9,312.976,82.1289,-91579.7,4186.17,511.904,22.7558
0.149675,0,0,13.3754,1.02217,-55979.2,-6847.46,312.908,82.132,-91587.2,4185.25,511.946,22.7609
0.149685,0,0,13.3754,1.02231,-55966.9,-6848.02,312.839,82.1351,-91594.7,4184.33,511.988,22.7661
0.149695,0,0,13.3754,1.02244,-55954.7,-6848.58,312.771,82.1383,-91602.1,4183.42,512.03,22.7712
0.149705,0,0,13.3754,1.02257,-55942.4,-6849.14,312.702,82.1414,-91609.6,4182.5,512.072,22.7763
0.149715,0,0,13.3754,1.02271,-55930.2,-6849.7,312.634,82.1445,-91617.1,4181.59,512.113,22.7814
0.149725,0,0,13.3754,1.02284,-55917.9,-6850.26,312.565,82.1477,-91624.6,4180.67,512.155,22.7865
0.149735,0,0,13.3754,1.02298,-55905.7,-6850.82,312.497,82.1508,-91632.1,4179.75,512.197,22.7917
0.149745,0,0,13.3754,1.02311,-55893.4,-6851.37,312.428,82.1539,-91639.5,4178.84,512.239,22.7968
0.149755,0,0,13.3754,1.02324,-55881.2,-6851.93,312.36,82.157,-91647,4177.92,512.281,22.8019
0.149765,0,0,13.3754,1.02338,-55868.9,-6852.49,312.291,82.1601,-91654.5,4177,512.322,22.807
0.149775,0,0,13.3754,1.02351,-55856.7,-6853.05,312.223,82.1633,-91662,4176.09,512.364,22.8121
0.149785,0,0,13.3754,1.02364,-55844.4,-6853.61,312.154,82.1664,-91669.4,4175.17,512.406,22.8173
0.149795,0,0,13.3754,1.02378,-55832.1,-6854.17,312.086,82.1695,-91676.9,4174.25,512.448,22.8224
0.149805,0,0,13.3754,1.02391,-55819.9,-6854.73,312.017,82.1726,-91684.4,4173.34,512.489,22.8275
0.149815,0,0,13.3754,1.02405,-55807.6,-6855.28,311.949,82.1758,-91691.8,4172.42,512.531,22.8326
0.149825,0,0,13.3754,1.02418,-55795.4,-6855.84,311.88,82.1789,-91699.3,4171.51,512.573,22.8378
0.149835,0,0,13.3754,1.02431,-55783.1,-6856.4,311.811,82.182,-91706.8,4170.59,512.615,22.8429
0.149845,0,0,13.3754,1.02445,-55770.8,-6856.96,311.743,82.1851,-91714.2,4169.67,512.656,22.848
0.149855,0,0,13.3754,1.02458,-55758.6,-6857.51,311.674,82.1882,-91721.7,4168.75,512.698,22.8531
0.149865,0,0,13.3754,1.02471,-55746.3,-6858.07,311.606,82.1913,-91729.1,4167.84,512.74,22.8583
0.149875,0,0,13.3754,1.02485,-55734,-6858.63,311.537,82.1945,-91736.6,4166.92,512.781,22.8634
0.149885,0,0,13.3754,1.02498,-55721.8,-6859.19,311.469,82.1976,-91744,4166,512.823,22.8685
0.149895,0,0,13.3754,1.02512,-55709.5,-6859.74,311.4,82.2007,-91751.5,4165.08,512.865,22.8737
0.149905,0,0,13.3754,1.02525,-55697.2,-6860.3,311.331,82.2038,-91758.9,4164.17,512.906,22.8788
0.149915,0,0,13.3754,1.02538,-55684.9,-6860.86,311.263,82.2069,-91766.4,4163.25,512.948,22.8839
0.149925,0,0,13.3754,1.02552,-55672.7,-6861.41,311.194,82.21,-91773.8,4162.33,512.989,22.889
0.149935,0,0,13.3754,1.02565,-55660.4,-6861.97,311.126,82.2131,-91781.3,4161.41,513.031,22.8942
0.149945,0,0,13.3754,1.02578,-55648.1,-6862.53,311.057,82.2162,-91788.7,4160.5,513.073,22.8993
0.149955,0,0,13.3754,1.02592,-55635.8,-6863.08,310.988,82.2194,-91796.1,4159.58,513.114,22.9044
0.149965,0,0,13.3754,1.02605,-55623.6,-6863.64,310.92,82.2225,-91803.6,4158.66,513.156,22.9096
0.149975,0,0,13.3754,1.02619,-55611.3,-6864.2,310.851,82.2256,-91811,4157.74,513.197,22.9147
0.149985,0,0,13.3754,1.02632,-55599,-6864.75,310.783,82.2287,-91818.5,4156.83,513.239,22.9198
0.149995,0,0,13.3754,1.02645,-55586.7,-6865.31,310.714,82.2318,-91825.9,4155.91,513.281,22.925
0.150005,0,0,13.3754,1.02659,-55574.4,-6865.86,310.645,82.2349,-91833.3,4154.99,513.322,22.9301
0.150015,0,0,13.3754,1.02672,-55562.2,-6866.42,310.577,82.238,-91840.8,4154.07,513.364,22.9352
0.150025,0,0,13.3754,1.02685,-55549.9,-6866.97,310.508,82.2411,-91848.2,4153.15,513.405,22.9404
0.150035,0,0,13.3754,1.02699,-55537.6,-6867.53,310.439,82.2442,-91855.6,4152.23,513.447,22.9455
0.150045,0,0,13.3754,1.02712,-55525.3,-6868.08,310.371,82.2473,-91863.1,4151.32,513.488,22.9506
0.150055,0,0,13.3754,1.02726,-55513,-6868.64,310.302,82.2504,-91870.5,4150.4,513.53,22.9558
0.150065,0,0,13.3754,1.02739,-55500.7,-6869.2,310.233,82.2535,-91877.9,4149.48,513.571,22.9609
0.150075,0,0,13.3754,1.02752,-55488.4,-6869.75,310.164,82.2566,-91885.3,4148.56,513.613,22.966
0.150085,0,0,13.3754,1.02766,-55476.2,-6870.3,310.096,82.2597,-91892.7,4147.64,513.654,22.9712
0.150095,0,0,13.3754,1.02779,-55463.9,-6870.86,310.027,82.2628,-91900.2,4146.72,513.696,22.9763
0.150105,0,0,13.3754,1.02792,-55451.6,-6871.41,309.958,82.2659,-91907.6,4145.8,513.737,22.9815
0.150115,0,0,13.3754,1.02806,-55439.3,-6871.97,309.89,82.269,-91915,4144.88,513.779,22.9866
0.150125,0,0,13.3754,1.02819,-55427,-6872.52,309.821,82.2721,-91922.4,4143.97,513.82,22.9917
0.150135,0,0,13.3754,1.02833,-55414.7,-6873.08,309.752,82.2752,-91929.8,4143.05,513.861,22.9969
0.150145,0,0,13.3754,1.02846,-55402.4,-6873.63,309.684,82.2783,-91937.2,4142.13,513.903,23.002
0.150155,0,0,13.3754,1.02859,-55390.1,-6874.18,309.615,82.2814,-91944.6,4141.21,513.944,23.0071
0.150165,0,0,13.3754,1.02873,-55377.8,-6874.74,309.546,82.2845,-91952.1,4140.29,513.986,23.0123
0.150175,0,0,13.3754,1.02886,-55365.5,-6875.29,309.477,82.2876,-91959.4,4139.37,514.027,23.0174
0.150185,0,0,13.3754,1.02899,-55353.2,-6875.85,309.409,82.2907,-91966.9,4138.45,514.068,23.0226
0.150195,0,0,13.3754,1.02913,-55340.9,-6876.4,309.34,82.2938,-91974.3,4137.53,514.11,23.0277
0.150205,0,0,13.3754,1.02926,-55328.6,-6876.95,309.271,82.2969,-91981.7,4136.61,514.151,23.0328
0.150215,0,0,13.3754,1.0294,-55316.3,-6877.51,309.202,82.3,-91989.1,4135.69,514.193,23.038
0.150225,0,0,13.3754,1.02953,-55304,-6878.06,309.134,82.3031,-91996.4,4134.77,514.234,23.0431
0.150235,0,0,13.3754,1.02966,-55291.7,-6878.61,309.065,82.3062,-92003.8,4133.85,514.275,23.0483
0.150245,0,0,13.3754,1.0298,-55279.4,-6879.16,308.996,82.3092,-92011.2,4132.93,514.316,23.0534
0.150255,0,0,13.3754,1.02993,-55267.1,-6879.72,308.927,82.3123,-92018.6,4132.01,514.358,23.0586
0.150265,0,0,13.3754,1.03006,-55254.8,-6880.27,308.858,82.3154,-92026,4131.09,514.399,23.0637
0.150275,0,0,13.3754,1.0302,-55242.5,-6880.82,308.79,82.3185,-92033.4,4130.17,514.44,23.0688
0.150285,0,0,13.3754,1.03033,-55230.2,-6881.37,308.721,82.3216,-92040.8,4129.25,514.482,23.074
0.150295,0,0,13.3754,1.03047,-55217.9,-6881.93,308.652,82.3247,-92048.2,4128.33,514.523,23.0791
0.150305,0,0,13.3754,1.0306,-55205.6,-6882.48,308.583,82.3278,-92055.6,4127.41,514.564,23.0843
0.150315,0,0,13.3754,1.03073,-55193.2,-6883.03,308.514,82.3309,-92063,4126.49,514.606,23.0894
0.150325,0,0,13.3754,1.03087,-55180.9,-6883.58,308.446,82.334,-92070.3,4125.57,514.647,23.0946
0.150335,0,0,13.3754,1.031,-55168.6,-6884.13,308.377,82.337,-92077.7,4124.65,514.688,23.0997
0.150345,0,0,13.3754,1.03113,-55156.3,-6884.69,308.308,82.3401,-92085.1,4123.73,514.729,23.1049
0.150355,0,0,13.3754,1.03127,-55144,-6885.24,308.239,82.3432,-92092.5,4122.81,514.771,23.11
0.150365,0,0,13.3754,1.0314,-55131.7,-6885.79,308.17,82.3463,-92099.8,4121.89,514.812,23.1152
0.150375,0,0,13.3754,1.03153,-55119.4,-6886.34,308.101,82.3494,-92107.2,4120.96,514.853,23.1203
0.150385,0,0,13.3754,1.03167,-55107,-6886.89,308.033,82.3524,-92114.6,4120.04,514.894,23.1255
0.150395,0,0,13.3754,1.0318,-55094.7,-6887.44,307.964,82.3555,-92121.9,4119.12,514.935,23.1306
0.150405,0,0,13.3754,1.03194,-55082.4,-6887.99,307.895,82.3586,-92129.3,4118.2,514.977,23.1358
0.150415,0,0,13.3754,1.03207,-55070.1,-6888.54,307.826,82.3617,-92136.7,4117.28,515.018,23.1409
0.150425,0,0,13.3754,1.0322,-55057.7,-6889.09,307.757,82.3648,-92144,4116.36,515.059,23.1461
0.150435,0,0,13.3754,1.03234,-55045.4,-6889.64,307.688,82.3678,-92151.4,4115.44,515.1,23.1512
0.150445,0,0,13.3754,1.03247,-55033.1,-6890.19,307.619,82.3709,-92158.8,4114.52,515.141,23.1564
0.150455,0,0,13.3754,1.0326,-55020.8,-6890.74,307.55,82.374,-92166.1,4113.59,515.182,23.1615
0.150465,0,0,13.3754,1.03274,-55008.5,-6891.29,307.482,82.3771,-92173.5,4112.67,515.223,23.1667
0.150475,0,0,13.3754,1.03287,-54996.1,-6891.84,307.413,82.3801,-92180.8,4111.75,515.265,23.1718
0.150485,0,0,13.3754,1.03301,-54983.8,-6892.39,307.344,82.3832,-92188.2,4110.83,515.306,23.177
0.150495,0,0,13.3754,1.03314,-54971.5,-6892.94,307.275,82.3863,-92195.5,4109.91,515.347,23.1821
0.150505,0,0,13.3754,1.03327,-54959.1,-6893.49,307.206,82.3894,-92202.9,4108.99,515.388,23.1873
0.150515,0,0,13.3754,1.03341,-54946.8,-6894.04,307.137,82.3924,-92210.2,4108.06,515.429,23.1924
0.150525,0,0,13.3754,1.03354,-54934.5,-6894.59,307.068,82.3955,-92217.6,4107.14,515.47,23.1976
0.150535,0,0,13.3754,1.03367,-54922.1,-6895.14,306.999,82.3986,-92224.9,4106.22,515.511,23.2027
0.150545,0,0,13.3754,1.03381,-54909.8,-6895.69,306.93,82.4016,-92232.3,4105.3,515.552,23.2079
0.150555,0,0,13.3754,1.03394,-54897.5,-6896.24,306.861,82.4047,-92239.6,4104.38,515.593,23.2131
0.150565,0,0,13.3754,1.03408,-54885.1,-6896.79,306.792,82.4078,-92247,4103.45,515.634,23.2182
0.150575,0,0,13.3754,1.03421,-54872.8,-6897.34,306.723,82.4109,-92254.3,4102.53,515.675,23.2234
0.150585,0,0,13.3754,1.03434,-54860.4,-6897.89,306.654,82.4139,-92261.6,4101.61,515.716,23.2285
0.150595,0,0,13.3754,1.03448,-54848.1,-6898.43,306.585,82.417,-92269,4100.69,515.757,23.2337
0.150605,0,0,13.3754,1.03461,-54835.8,-6898.98,306.516,82.4201,-92276.3,4099.76,515.798,23.2388
0.150615,0,0,13.3754,1.03474,-54823.4,-6899.53,306.447,82.4231,-92283.6,4098.84,515.839,23.244
0.150625,0,0,13.3754,1.03488,-54811.1,-6900.08,306.378,82.4262,-92291,4097.92,515.88,23.2492
0.150635,0,0,13.3754,1.03501,-54798.8,-6900.63,306.309,82.4293,-92298.3,4097,515.921,23.2543
0.150645,0,0,13.3754,1.03515,-54786.4,-6901.17,306.24,82.4323,-92305.6,4096.07,515.962,23.2595
0.150655,0,0,13.3754,1.03528,-54774.1,-6901.72,306.171,82.4354,-92313,4095.15,516.003,23.2646
0.150665,0,0,13.3754,1.03541,-54761.7,-6902.27,306.102,82.4384,-92320.3,4094.23,516.044,23.2698
0.150675,0,0,13.3754,1.03555,-54749.4,-6902.82,306.033,82.4415,-92327.6,4093.3,516.085,23.275
0.150685,0,0,13.3754,1.03568,-54737,-6903.36,305.964,82.4445,-92334.9,4092.38,516.126,23.2801
0.150695,0,0,13.3754,1.03581,-54724.7,-6903.91,305.895,82.4476,-92342.3,4091.46,516.167,23.2853
0.150705,0,0,13.3754,1.03595,-54712.3,-6904.46,305.826,82.4507,-92349.6,4090.53,516.208,23.2904
0.150715,0,0,13.3754,1.03608,-54700,-6905.01,305.757,82.4537,-92356.9,4089.61,516.249,23.2956
0.150725,0,0,13.3754,1.03622,-54687.6,-6905.55,305.688,82.4568,-92364.2,4088.69,516.289,23.3008
0.150735,0,0,13.3754,1.03635,-54675.3,-6906.1,305.619,82.4598,-92371.5,4087.76,516.33,23.3059
0.150745,0,0,13.3754,1.03648,-54662.9,-6906.65,305.55,82.4629,-92378.8,4086.84,516.371,23.3111
0.150755,0,0,13.3754,1.03662,-54650.6,-6907.19,305.481,82.466,-92386.1,4085.92,516.412,23.3163
0.150765,-10775.4,-0.0200707,13.3754,1.03675,-54627.8,-6907.74,305.412,82.469,-92399.6,4084.99,516.453,23.3214
