0.269017,-11624.5,-0.142039,13.7178,2.60769,97237.1,-4188.58,-516.496,69.532,-57384.8,-7085.21,305.338,82.6522
0.269028,-11624.5,-0.258442,13.7178,2.60783,97280.4,-4187.6,-516.538,69.5268,-57311.3,-7085.78,305.267,82.6553
0.269038,-11624.5,-0.374845,13.7178,2.60796,97323.8,-4186.63,-516.58,69.5216,-57237.8,-7086.36,305.196,82.6583
0.269048,-11624.5,-0.491247,13.7178,2.6081,97367.1,-4185.66,-516.622,69.5165,-57164.3,-7086.93,305.125,82.6614
0.269058,-11624.5,-0.60765,13.7178,2.60824,97410.4,-4184.68,-516.664,69.5113,-57090.7,-7087.5,305.054,82.6644
0.269068,-11624.5,-0.724053,13.7178,2.60838,97453.6,-4183.7,-516.706,69.5061,-57017.1,-7088.07,304.983,82.6675
0.269078,-11624.5,-0.840456,13.7178,2.60851,97496.9,-4182.73,-516.748,69.501,-56943.5,-7088.64,304.912,82.6705
0.269088,-11624.5,-0.956859,13.7178,2.60865,97540,-4181.75,-516.79,69.4958,-56869.9,-7089.21,304.841,82.6736
0.269098,-11624.5,-1.07326,13.7178,2.60879,97583.2,-4180.77,-516.832,69.4907,-56796.2,-7089.78,304.77,82.6766
0.269108,-11624.5,-1.18966,13.7178,2.60893,97626.3,-4179.8,-516.874,69.4855,-56722.6,-7090.35,304.7,82.6797
0.269118,-11624.5,-1.30607,13.7178,2.60906,97669.4,-4178.82,-516.915,69.4803,-56648.9,-7090.92,304.628,82.6827
0.269128,-11624.5,-1.42247,13.7177,2.6092,97712.4,-4177.84,-516.957,69.4751,-56575.2,-7091.49,304.557,82.6858
0.269138,-11624.5,-1.53887,13.7177,2.60934,97755.4,-4176.86,-516.999,69.47,-56501.5,-7092.05,304.486,82.6888
0.269148,-11624.5,-1.65528,13.7177,2.60948,97798.4,-4175.88,-517.041,69.4648,-56427.7,-7092.62,304.415,82.6918
0.269158,-11624.5,-1.77168,13.7177,2.60961,97841.3,-4174.9,-517.083,69.4596,-56353.9,-7093.18,304.344,82.6949
0.269168,-11624.5,-1.88808,13.7177,2.60975,97884.2,-4173.92,-517.124,69.4545,-56280.2,-7093.75,304.273,82.6979
0.269178,-11624.5,-2.00448,13.7177,2.60989,97927.1,-4172.94,-517.166,69.4493,-56206.4,-7094.31,304.202,82.701
0.269188,-11624.5,-2.12089,13.7176,2.61002,97969.9,-4171.96,-517.208,69.4441,-56132.5,-7094.87,304.131,82.704
0.269198,-11624.5,-2.23729,13.7176,2.61016,98012.7,-4170.98,-517.25,69.4389,-56058.7,-7095.43,304.06,82.7071
0.269208,-11624.5,-2.35369,13.7176,2.6103,98055.4,-4170,-517.292,69.4338,-55984.8,-7095.99,303.989,82.7101
0.269218,-11624.5,-2.47009,13.7176,2.61044,98098.2,-4169.02,-517.333,69.4286,-55910.9,-7096.56,303.918,82.7131
0.269228,-11624.5,-2.5865,13.7175,2.61057,98140.9,-4168.04,-517.375,69.4234,-55837,-7097.11,303.847,82.7162
0.269238,-11624.5,-2.7029,13.7175,2.61071,98183.5,-4167.05,-517.417,69.4182,-55763.1,-7097.67,303.776,82.7192
0.269248,-11624.5,-2.8193,13.7175,2.61085,98226.1,-4166.07,-517.458,69.4131,-55689.1,-7098.23,303.705,82.7223
0.269258,-11624.5,-2.93571,13.7175,2.61099,98268.7,-4165.09,-517.5,69.4079,-55615.2,-7098.79,303.634,82.7253
0.269268,-11624.5,-3.05211,13.7174,2.61112,98311.3,-4164.1,-517.542,69.4027,-55541.1,-7099.34,303.563,82.7283
0.269278,-11624.5,-3.16851,13.7174,2.61126,98353.8,-4163.12,-517.584,69.3976,-55467.1,-7099.9,303.492,82.7314
0.269288,-11624.5,-3.28491,13.7174,2.6114,98396.2,-4162.13,-517.625,69.3924,-55393.1,-7100.46,303.421,82.7344
0.269298,-11624.5,-3.40132,13.7173,2.61154,98438.7,-4161.14,-517.667,69.3872,-55319.1,-7101.01,303.349,82.7374
0.269308,-11624.5,-3.51772,13.7173,2.61167,98481.1,-4160.16,-517.709,69.382,-55245,-7101.56,303.278,82.7405
0.269318,-11624.5,-3.63412,13.7173,2.61181,98523.5,-4159.17,-517.75,69.3768,-55170.9,-7102.12,303.207,82.7435
0.269328,-11624.5,-3.75053,13.7172,2.61195,98565.8,-4158.19,-517.792,69.3717,-55096.8,-7102.67,303.136,82.7465
0.269338,-11624.5,-3.86693,13.7172,2.61209,98608.1,-4157.2,-517.834,69.3665,-55022.6,-7103.22,303.065,82.7496
0.269348,-11624.5,-3.98333,13.7171,2.61222,98650.4,-4156.21,-517.875,69.3613,-54948.5,-7103.77,302.994,82.7526
0.269358,-11624.5,-4.09973,13.7171,2.61236,98692.6,-4155.22,-517.917,69.3561,-54874.3,-7104.32,302.923,82.7556
0.269368,-11624.5,-4.21614,13.7171,2.6125,98734.8,-4154.23,-517.958,69.3509,-54800.1,-7104.87,302.852,82.7586
0.269378,-11624.5,-4.33254,13.717,2.61263,98777,-4153.25,-518,69.3458,-54725.9,-7105.42,302.78,82.7617
0.269388,-11624.5,-4.44894,13.717,2.61277,98819.1,-4152.26,-518.042,69.3406,-54651.7,-7105.97,302.709,82.7647
0.269398,-11624.5,-4.56534,13.7169,2.61291,98861.2,-4151.27,-518.083,69.3354,-54577.4,-7106.51,302.638,82.7677
0.269408,-11624.5,-4.68175,13.7169,2.61305,98903.2,-4150.28,-518.125,69.3302,-54503.1,-7107.06,302.567,82.7708
0.269418,-11624.5,-4.79815,13.7168,2.61318,98945.3,-4149.29,-518.166,69.325,-54428.9,-7107.6,302.496,82.7738
0.269428,-11624.5,-4.91455,13.7168,2.61332,98987.3,-4148.29,-518.208,69.3199,-54354.5,-7108.15,302.425,82.7768
0.269438,-11624.5,-5.03096,13.7167,2.61346,99029.2,-4147.3,-518.249,69.3147,-54280.2,-7108.69,302.353,82.7798
0.269448,-11624.5,-5.14736,13.7167,2.6136,99071.1,-4146.31,-518.291,69.3095,-54205.8,-7109.24,302.282,82.7829
0.269458,-11624.5,-5.26376,13.7166,2.61373,99113,-4145.32,-518.332,69.3043,-54131.5,-7109.78,302.211,82.7859
0.269468,-11624.5,-5.38016,13.7166,2.61387,99154.9,-4144.33,-518.374,69.2991,-54057.1,-7110.32,302.14,82.7889
0.269478,-11624.5,-5.49657,13.7165,2.61401,99196.7,-4143.33,-518.415,69.294,-53982.7,-7110.86,302.069,82.7919
0.269488,-11624.5,-5.61297,13.7165,2.61415,99238.4,-4142.34,-518.457,69.2888,-53908.2,-7111.4,301.997,82.7949
0.269498,-11624.5,-5.72937,13.7164,2.61428,99280.2,-4141.35,-518.498,69.2836,-53833.8,-7111.94,301.926,82.798
0.269508,-11624.5,-5.84578,13.7164,2.61442,99321.9,-4140.35,-518.54,69.2784,-53759.3,-7112.48,301.855,82.801
0.269518,-11624.5,-5.96218,13.7163,2.61456,99363.6,-4139.36,-518.581,69.2732,-53684.8,-7113.02,301.784,82.804
0.269528,-11624.5,-6.07858,13.7162,2.61469,99405.2,-4138.36,-518.623,69.268,-53610.3,-7113.55,301.713,82.807
0.269538,-11624.5,-6.19498,13.7162,2.61483,99446.8,-4137.37,-518.664,69.2628,-53535.7,-7114.09,301.641,82.81
0.269548,-11624.5,-6.31139,13.7161,2.61497,99488.4,-4136.37,-518.706,69.2576,-53461.2,-7114.63,301.57,82.813
0.269558,-11624.5,-6.42779,13.7161,2.61511,99529.9,-4135.37,-518.747,69.2525,-53386.6,-7115.16,301.499,82.8161
0.269568,-11624.5,-6.54419,13.716,2.61524,99571.4,-4134.38,-518.788,69.2473,-53312,-7115.7,301.428,82.8191
0.269578,-11624.5,-6.66059,13.7159,2.61538,99612.9,-4133.38,-518.83,69.2421,-53237.4,-7116.23,301.356,82.8221
0.269588,-11624.5,-6.777,13.7159,2.61552,99654.3,-4132.38,-518.871,69.2369,-53162.8,-7116.76,301.285,82.8251
0.269598,-11624.5,-6.8934,13.7158,2.61566,99695.7,-4131.38,-518.913,69.2317,-53088.1,-7117.29,301.214,82.8281
0.269608,-11624.5,-7.0098,13.7157,2.61579,99737,-4130.39,-518.954,69.2265,-53013.4,-7117.82,301.143,82.8311
0.269618,-11624.5,-7.12621,13.7156,2.61593,99778.3,-4129.39,-518.995,69.2213,-52938.7,-7118.36,301.071,82.8341
0.269628,-11624.5,-7.24261,13.7156,2.61607,99819.6,-4128.39,-519.037,69.2161,-52864,-7118.88,301,82.8372
0.269638,-11624.5,-7.35901,13.7155,2.61621,99860.9,-4127.39,-519.078,69.211,-52789.3,-7119.41,300.929,82.8402
0.269648,-11624.5,-7.47541,13.7154,2.61634,99902.1,-4126.39,-519.119,69.2058,-52714.5,-7119.94,300.857,82.8432
0.269658,-11624.5,-7.59182,13.7154,2.61648,99943.3,-4125.39,-519.161,69.2006,-52639.8,-7120.47,300.786,82.8462
0.269668,-11624.5,-7.70822,13.7153,2.61662,99984.4,-4124.39,-519.202,69.1954,-52565,-7121,300.715,82.8492
0.269678,-11624.5,-7.82462,13.7152,2.61676,100025,-4123.39,-519.243,69.1902,-52490.2,-7121.52,300.644,82.8522
0.269688,-11624.5,-7.94103,13.7151,2.61689,100067,-4122.38,-519.284,69.185,-52415.3,-7122.05,300.572,82.8552
0.269698,-11624.5,-8.05743,13.715,2.61703,100108,-4121.38,-519.326,69.1798,-52340.5,-7122.57,300.501,82.8582
0.269708,-11624.5,-8.17383,13.715,2.61717,100149,-4120.38,-519.367,69.1746,-52265.6,-7123.1,300.43,82.8612
0.269718,-11624.5,-8.29023,13.7149,2.6173,100190,-4119.37,-519.408,69.1694,-52190.7,-7123.62,300.358,82.8642
0.269728,-11624.5,-8.40664,13.7148,2.61744,100231,-4118.37,-519.45,69.1642,-52115.8,-7124.14,300.287,82.8672
0.269738,-11624.5,-8.52304,13.7147,2.61758,100271,-4117.37,-519.491,69.159,-52040.8,-7124.66,300.215,82.8702
0.269748,-11624.5,-8.63944,13.7146,2.61772,100312,-4116.36,-519.532,69.1538,-51965.9,-7125.18,300.144,82.8732
0.269758,-11624.5,-8.75584,13.7145,2.61785,100353,-4115.36,-519.573,69.1486,-51890.9,-7125.7,300.073,82.8762
0.269769,-11624.5,-8.87225,13.7144,2.61799,100394,-4114.35,-519.614,69.1434,-51815.9,-7126.22,300.001,82.8792
0.269779,-11624.5,-8.98865,13.7144,2.61813,100435,-4113.35,-519.656,69.1382,-51740.9,-7126.74,299.93,82.8822
0.269789,-11624.5,-9.10505,13.7143,2.61827,100475,-4112.34,-519.697,69.133,-51665.9,-7127.26,299.859,82.8852
0.269799,-11624.5,-9.22146,13.7142,2.6184,100516,-4111.33,-519.738,69.1278,-51590.8,-7127.78,299.787,82.8882
0.269809,-11624.5,-9.33786,13.7141,2.61854,100557,-4110.33,-519.779,69.1226,-51515.7,-7128.29,299.716,82.8912
0.269819,-11624.5,-9.45426,13.714,2.61868,100597,-4109.32,-519.82,69.1174,-51440.6,-7128.81,299.645,82.8942
0.269829,-11624.5,-9.57066,13.7139,2.61882,100638,-4108.31,-519.861,69.1123,-51365.5,-7129.32,299.573,82.8972
0.269839,-11624.5,-9.68707,13.7138,2.61895,100678,-4107.31,-519.903,69.1071,-51290.4,-7129.84,299.502,82.9002
0.269849,-11624.5,-9.80347,13.7137,2.61909,100719,-4106.3,-519.944,69.1019,-51215.2,-7130.35,299.43,82.9032
0.269859,-11624.5,-9.91987,13.7136,2.61923,100759,-4105.29,-519.985,69.0967,-51140.1,-7130.86,299.359,82.9062
0.269869,-11624.5,-10.0363,13.7135,2.61936,100800,-4104.28,-520.026,69.0915,-51064.9,-7131.37,299.288,82.9092
0.269879,-11624.5,-10.1527,13.7134,2.6195,100840,-4103.27,-520.067,69.0863,-50989.7,-7131.88,299.216,82.9122
0.269889,-11624.5,-10.2691,13.7133,2.61964,100881,-4102.26,-520.108,69.081,-50914.5,-7132.39,299.145,82.9152
0.269899,-11624.5,-10.3855,13.7132,2.61978,100921,-4101.25,-520.149,69.0758,-50839.2,-7132.9,299.073,82.9182
0.269909,-11624.5,-10.5019,13.7131,2.61991,100961,-4100.24,-520.19,69.0706,-50764,-7133.41,299.002,82.9212
0.269919,-11624.5,-10.6183,13.713,2.62005,101001,-4099.23,-520.231,69.0654,-50688.7,-7133.92,298.93,82.9241
0.269929,-11624.5,-10.7347,13.7129,2.62019,101042,-4098.22,-520.272,69.0602,-50613.4,-7134.43,298.859,82.9271
0.269939,-11624.5,-10.8511,13.7128,2.62033,101082,-4097.2,-520.313,69.055,-50538,-7134.93,298.788,82.9301
0.269949,-11624.5,-10.9675,13.7127,2.62046,101122,-4096.19,-520.354,69.0498,-50462.7,-7135.44,298.716,82.9331
0.269959,-11624.5,-11.0839,13.7125,2.6206,101162,-4095.18,-520.395,69.0446,-50387.3,-7135.95,298.645,82.9361
0.269969,-11624.5,-11.2003,13.7124,2.62074,101202,-4094.17,-520.436,69.0394,-50311.9,-7136.45,298.573,82.9391
0.269979,-11624.5,-11.3167,13.7123,2.62087,101242,-4093.15,-520.477,69.0342,-50236.5,-7136.95,298.502,82.9421
0.269989,-11624.5,-11.4331,13.7122,2.62101,101282,-4092.14,-520.518,69.029,-50161.1,-7137.46,298.43,82.945
0.269999,-11624.5,-11.5495,13.7121,2.62115,101322,-4091.12,-520.559,69.0238,-50085.6,-7137.96,298.359,82.948
0.270009,-11624.5,-11.6659,13.712,2.62129,101362,-4090.11,-520.6,69.0186,-50010.2,-7138.46,298.287,82.951
0.270019,-11624.5,-11.7823,13.7119,2.62142,101402,-4089.09,-520.641,69.0134,-49934.7,-7138.96,298.216,82.954
0.270029,-11624.5,-11.8987,13.7117,2.62156,101442,-4088.08,-520.682,69.0082,-49859.2,-7139.46,298.144,82.957
0.270039,-11624.5,-12.0151,13.7116,2.6217,101482,-4087.06,-520.723,69.003,-49783.7,-7139.96,298.073,82.96
0.270049,-11624.5,-12.1315,13.7115,2.62184,101522,-4086.05,-520.764,68.9978,-49708.2,-7140.46,298.001,82.9629
0.270059,-11624.5,-12.2479,13.7114,2.62197,101561,-4085.03,-520.805,68.9926,-49632.6,-7140.95,297.93,82.9659
0.270069,-11624.5,-12.3643,13.7113,2.62211,101601,-4084.01,-520.846,68.9874,-49557,-7141.45,297.858,82.9689
0.270079,-11624.5,-12.4807,13.7111,2.62225,101641,-4082.99,-520.887,68.9822,-49481.4,-7141.95,297.787,82.9719
0.270089,-11624.5,-12.5971,13.711,2.62239,101680,-4081.98,-520.928,68.9769,-49405.8,-7142.44,297.715,82.9749
0.270099,-11624.5,-12.7135,13.7109,2.62252,101720,-4080.96,-520.968,68.9717,-49330.2,-7142.93,297.644,82.9778
0.270109,-11624.5,-12.8299,13.7107,2.62266,101760,-4079.94,-521.009,68.9665,-49254.5,-7143.43,297.572,82.9808
0.270119,-11624.5,-12.9463,13.7106,2.6228,101799,-4078.92,-521.05,68.9613,-49178.8,-7143.92,297.501,82.9838
0.270129,-11624.5,-13.0627,13.7105,2.62293,101839,-4077.9,-521.091,68.9561,-49103.1,-7144.41,297.429,82.9868
0.270139,-11624.5,-13.1791,13.7104,2.62307,101878,-4076.88,-521.132,68.9509,-49027.4,-7144.9,297.358,82.9897
0.270149,-11624.5,-13.2956,13.7102,2.62321,101918,-4075.86,-521.173,68.9457,-48951.7,-7145.4,297.286,82.9927
0.270159,-11624.5,-13.412,13.7101,2.62335,101957,-4074.84,-521.214,68.9405,-48875.9,-7145.89,297.215,82.9957
0.270169,-11624.5,-13.5284,13.71,2.62348,101996,-4073.82,-521.254,68.9353,-48800.2,-7146.37,297.143,82.9987
0.270179,-11624.5,-13.6448,13.7098,2.62362,102036,-4072.8,-521.295,68.93,-48724.4,-7146.86,297.071,83.0016
0.270189,-11624.5,-13.7612,13.7097,2.62376,102075,-4071.77,-521.336,68.9248,-48648.6,-7147.35,297,83.0046
0.270199,-11624.5,-13.8776,13.7095,2.6239,102114,-4070.75,-521.377,68.9196,-48572.7,-7147.84,296.928,83.0076
0.270209,-11624.5,-13.994,13.7094,2.62403,102153,-4069.73,-521.417,68.9144,-48496.9,-7148.32,296.857,83.0105
0.270219,-11624.5,-14.1104,13.7093,2.62417,102193,-4068.71,-521.458,68.9092,-48421,-7148.81,296.785,83.0135
0.270229,-11624.5,-14.2268,13.7091,2.62431,102232,-4067.68,-521.499,68.904,-48345.1,-7149.29,296.714,83.0165
0.270239,-11624.5,-14.3432,13.709,2.62444,102271,-4066.66,-521.54,68.8988,-48269.2,-7149.78,296.642,83.0194
0.270249,-11624.5,-14.4596,13.7088,2.62458,102310,-4065.63,-521.58,68.8935,-48193.3,-7150.26,296.57,83.0224
0.270259,-11624.5,-14.576,13.7087,2.62472,102349,-4064.61,-521.621,68.8883,-48117.4,-7150.74,296.499,83.0254
0.270269,-11624.5,-14.6924,13.7085,2.62486,102388,-4063.59,-521.662,68.8831,-48041.4,-7151.22,296.427,83.0283
0.270279,-11624.5,-14.8088,13.7084,2.62499,102427,-4062.56,-521.702,68.8779,-47965.4,-7151.7,296.356,83.0313
0.270289,-11624.5,-14.9252,13.7082,2.62513,102466,-4061.53,-521.743,68.8727,-47889.4,-7152.18,296.284,83.0343
0.270299,-11624.5,-15.0416,13.7081,2.62527,102505,-4060.51,-521.784,68.8675,-47813.4,-7152.66,296.212,83.0372
0.270309,-11624.5,-15.158,13.7079,2.62541,102544,-4059.48,-521.824,68.8622,-47737.3,-7153.14,296.141,83.0402
0.270319,-11624.5,-15.2744,13.7078,2.62554,102583,-4058.45,-521.865,68.857,-47661.3,-7153.62,296.069,83.0431
0.270329,-11624.5,-15.3908,13.7076,2.62568,102621,-4057.43,-521.906,68.8518,-47585.2,-7154.1,295.997,83.0461
0.270339,-11624.5,-15.5072,13.7075,2.62582,102660,-4056.4,-521.946,68.8466,-47509.1,-7154.57,295.926,83.0491
0.270349,-11624.5,-15.6236,13.7073,2.62595,102699,-4055.37,-521.987,68.8414,-47433,-7155.05,295.854,83.052
0.270359,-11624.5,-15.74,13.7072,2.62609,102738,-4054.34,-522.028,68.8361,-47356.8,-7155.52,295.782,83.055
0.270369,-11624.5,-15.8564,13.707,2.62623,102776,-4053.31,-522.068,68.8309,-47280.7,-7156,295.711,83.0579
0.270379,-11624.5,-15.9728,13.7069,2.62637,102815,-4052.28,-522.109,68.8257,-47204.5,-7156.47,295.639,83.0609
0.270389,-11624.5,-16.0892,13.7067,2.6265,102853,-4051.25,-522.149,68.8205,-47128.3,-7156.94,295.567,83.0639
0.270399,-11624.5,-16.2056,13.7065,2.62664,102892,-4050.22,-522.19,68.8153,-47052.1,-7157.41,295.496,83.0668
0.270409,-11624.5,-16.322,13.7064,2.62678,102931,-4049.19,-522.23,68.8101,-46975.9,-7157.88,295.424,83.0698
0.270419,-11624.5,-16.4384,13.7062,2.62692,102969,-4048.16,-522.271,68.8048,-46899.6,-7158.35,295.352,83.0727
0.270429,-11624.5,-16.5548,13.706,2.62705,103007,-4047.13,-522.312,68.7996,-46823.4,-7158.82,295.281,83.0757
0.270439,-11624.5,-16.6712,13.7059,2.62719,103046,-4046.1,-522.352,68.7944,-46747.1,-7159.29,295.209,83.0786
0.270449,-11624.5,-16.7876,13.7057,2.62733,103084,-4045.07,-522.393,68.7891,-46670.8,-7159.76,295.137,83.0816
0.270459,-11624.5,-16.904,13.7055,2.62746,103123,-4044.04,-522.433,68.7839,-46594.5,-7160.22,295.066,83.0845
0.270469,-11624.5,-17.0204,13.7054,2.6276,103161,-4043,-522.473,68.7787,-46518.1,-7160.69,294.994,83.0875
0.270479,-11624.5,-17.1368,13.7052,2.62774,103199,-4041.97,-522.514,68.7735,-46441.7,-7161.16,294.922,83.0904
0.270489,-11624.5,-17.2532,13.705,2.62788,103237,-4040.94,-522.554,68.7682,-46365.4,-7161.62,294.851,83.0934
0.270499,-11624.5,-17.3696,13.7049,2.62801,103276,-4039.9,-522.595,68.763,-46289,-7162.09,294.779,83.0963
0.27051,-11624.5,-17.4861,13.7047,2.62815,103314,-4038.87,-522.635,68.7578,-46212.5,-7162.55,294.707,83.0993
0.27052,-11624.5,-17.6025,13.7045,2.62829,103352,-4037.83,-522.676,68.7526,-46136.1,-7163.01,294.635,83.1022
0.27053,-11624.5,-17.7189,13.7043,2.62842,103390,-4036.8,-522.716,68.7473,-46059.6,-7163.47,294.564,83.1052
0.27054,-11624.5,-17.8353,13.7041,2.62856,103428,-4035.76,-522.757,68.7421,-45983.2,-7163.93,294.492,83.1081
0.27055,-11624.5,-17.9517,13.704,2.6287,103466,-4034.73,-522.797,68.7369,-45906.7,-7164.39,294.42,83.111
0.27056,-11624.5,-18.0681,13.7038,2.62884,103504,-4033.69,-522.837,68.7317,-45830.2,-7164.85,294.349,83.114
0.27057,-11624.5,-18.1845,13.7036,2.62897,103542,-4032.65,-522.878,68.7264,-45753.6,-7165.31,294.277,83.1169
0.27058,-11624.5,-18.3009,13.7034,2.62911,103580,-4031.61,-522.918,68.7212,-45677.1,-7165.77,294.205,83.1199
0.27059,-11624.5,-18.4173,13.7032,2.62925,103618,-4030.58,-522.959,68.716,-45600.5,-7166.23,294.133,83.1228
0.2706,-11624.5,-18.5337,13.7031,2.62939,103655,-4029.54,-522.999,68.7108,-45523.9,-7166.68,294.061,83.1258
0.27061,-11624.5,-18.6501,13.7029,2.62952,103693,-4028.5,-523.039,68.7055,-45447.3,-7167.14,293.99,83.1287
0.27062,-11624.5,-18.7665,13.7027,2.62966,103731,-4027.46,-523.08,68.7003,-45370.7,-7167.59,293.918,83.1316
0.27063,-11624.5,-18.8829,13.7025,2.6298,103769,-4026.42,-523.12,68.6951,-45294,-7168.05,293.846,83.1346
0.27064,-11624.5,-18.9993,13.7023,2.62993,103806,-4025.38,-523.16,68.6898,-45217.4,-7168.5,293.774,83.1375
0.27065,-11624.5,-19.1157,13.7021,2.63007,103844,-4024.35,-523.201,68.6846,-45140.7,-7168.95,293.703,83.1404
0.27066,-11624.5,-19.2321,13.7019,2.63021,103882,-4023.31,-523.241,68.6794,-45064,-7169.4,293.631,83.1434
0.27067,-11624.5,-19.3485,13.7017,2.63035,103919,-4022.27,-523.281,68.6741,-44987.3,-7169.85,293.559,83.1463
0.27068,-11624.5,-19.4649,13.7015,2.63048,103957,-4021.22,-523.321,68.6689,-44910.5,-7170.31,293.487,83.1493
0.27069,-11624.5,-19.5813,13.7013,2.63062,103994,-4020.18,-523.362,68.6637,-44833.8,-7170.75,293.415,83.1522
0.2707,-11624.5,-19.6977,13.7011,2.63076,104032,-4019.14,-523.402,68.6584,-44757,-7171.2,293.344,83.1551
0.27071,-11624.5,-19.8141,13.7009,2.63089,104069,-4018.1,-523.442,68.6532,-44680.2,-7171.65,293.272,83.1581
0.27072,-11624.5,-19.9305,13.7007,2.63103,104107,-4017.06,-523.482,68.6479,-44603.4,-7172.1,293.2,83.161
0.27073,-11624.5,-20.0469,13.7005,2.63117,104144,-4016.01,-523.523,68.6427,-44526.6,-7172.54,293.128,83.1639
0.27074,-11624.5,-20.1633,13.7003,2.63131,104181,-4014.97,-523.563,68.6375,-44449.7,-7172.99,293.056,83.1669
0.27075,-11624.5,-20.2797,13.7001,2.63144,104219,-4013.93,-523.603,68.6322,-44372.8,-7173.43,292.984,83.1698
0.27076,-11624.5,-20.3961,13.6999,2.63158,104256,-4012.88,-523.643,68.627,-44296,-7173.88,292.913,83.1727
0.27077,-11624.5,-20.5125,13.6997,2.63172,104293,-4011.84,-523.683,68.6218,-44219.1,-7174.32,292.841,83.1756
0.27078,-11624.5,-20.6289,13.6995,2.63186,104330,-4010.8,-523.724,68.6165,-44142.1,-7174.76,292.769,83.1786
0.27079,-11624.5,-20.7453,13.6993,2.63199,104368,-4009.75,-523.764,68.6113,-44065.2,-7175.21,292.697,83.1815
0.2708,-11624.5,-20.8617,13.6991,2.63213,104405,-4008.71,-523.804,68.6061,-43988.2,-7175.65,292.625,83.1844
0.27081,-11624.5,-20.9781,13.6989,2.63227,104442,-4007.66,-523.844,68.6008,-43911.3,-7176.09,292.553,83.1874
0.27082,-11624.5,-21.0945,13.6987,2.6324,104479,-4006.61,-523.884,68.5956,-43834.3,-7176.53,292.482,83.1903
0.27083,-11624.5,-21.2109,13.6985,2.63254,104516,-4005.57,-523.924,68.5903,-43757.2,-7176.96,292.41,83.1932
0.27084,-11624.5,-21.3273,13.6983,2.63268,104553,-4004.52,-523.964,68.5851,-43680.2,-7177.4,292.338,83.1961
0.27085,-11624.5,-21.4437,13.6981,2.63282,104590,-4003.47,-524.004,68.5799,-43603.2,-7177.84,292.266,83.1991
0.27086,-11624.5,-21.5602,13.6978,2.63295,104627,-4002.43,-524.045,68.5746,-43526.1,-7178.28,292.194,83.202
0.27087,-11624.5,-21.6766,13.6976,2.63309,104663,-4001.38,-524.085,68.5694,-43449,-7178.71,292.122,83.2049
0.27088,-11624.5,-21.793,13.6974,2.63323,104700,-4000.33,-524.125,68.5641,-43371.9,-7179.15,292.05,83.2078
0.27089,-11624.5,-21.9094,13.6972,2.63336,104737,-3999.28,-524.165,68.5589,-43294.8,-7179.58,291.978,83.2107
0.2709,-11624.5,-22.0258,13.697,2.6335,104774,-3998.23,-524.205,68.5537,-43217.6,-7180.01,291.906,83.2137
0.27091,-11624.5,-22.1422,13.6967,2.63364,104811,-3997.18,-524.245,68.5484,-43140.5,-7180.45,291.835,83.2166
0.27092,-11624.5,-22.2586,13.6965,2.63378,104847,-3996.13,-524.285,68.5432,-43063.3,-7180.88,291.763,83.2195
0.27093,-11624.5,-22.375,13.6963,2.63391,104884,-3995.08,-524.325,68.5379,-42986.1,-7181.31,291.691,83.2224
0.27094,-11624.5,-22.4914,13.6961,2.63405,104920,-3994.03,-524.365,68.5327,-42908.9,-7181.74,291.619,83.2253
0.27095,-11624.5,-22.6078,13.6958,2.63419,104957,-3992.98,-524.405,68.5275,-42831.6,-7182.17,291.547,83.2282
0.27096,-11624.5,-22.7242,13.6956,2.63432,104994,-3991.93,-524.445,68.5222,-42754.4,-7182.6,291.475,83.2312
0.27097,-11624.5,-22.8406,13.6954,2.63446,105030,-3990.88,-524.485,68.517,-42677.1,-7183.02,291.403,83.2341
0.27098,-11624.5,-22.957,13.6952,2.6346,105067,-3989.83,-524.525,68.5117,-42599.8,-7183.45,291.331,83.237
0.27099,-11624.5,-23.0734,13.6949,2.63474,105103,-3988.78,-524.565,68.5065,-42522.5,-7183.88,291.259,83.2399
0.271,-11624.5,-23.1898,13.6947,2.63487,105139,-3987.72,-524.605,68.5012,-42445.2,-7184.3,291.187,83.2428
0.27101,-11624.5,-23.3062,13.6945,2.63501,105176,-3986.67,-524.644,68.496,-42367.9,-7184.73,291.115,83.2457
0.27102,-11624.5,-23.4226,13.6942,2.63515,105212,-3985.62,-524.684,68.4907,-42290.5,-7185.15,291.043,83.2486
0.27103,-11624.5,-23.539,13.694,2.63528,105248,-3984.56,-524.724,68.4855,-42213.1,-7185.57,290.972,83.2515
0.27104,-11624.5,-23.6554,13.6938,2.63542,105285,-3983.51,-524.764,68.4802,-42135.7,-7186,290.899,83.2545
0.27105,-11624.5,-23.7718,13.6935,2.63556,105321,-3982.45,-524.804,68.475,-42058.3,-7186.42,290.828,83.2574
0.27106,-11624.5,-23.8882,13.6933,2.6357,105357,-3981.4,-524.844,68.4697,-41980.9,-7186.84,290.756,83.2603
0.27107,-11624.5,-24.0046,13.693,2.63583,105393,-3980.34,-524.884,68.4645,-41903.4,-7187.26,290.684,83.2632
0.27108,-11624.5,-24.121,13.6928,2.63597,105429,-3979.29,-524.924,68.4592,-41825.9,-7187.68,290.612,83.2661
0.27109,-11624.5,-24.2374,13.6926,2.63611,105465,-3978.23,-524.964,68.454,-41748.4,-7188.1,290.54,83.269
0.2711,-11624.5,-24.3538,13.6923,2.63624,105501,-3977.18,-525.003,68.4487,-41670.9,-7188.51,290.468,83.2719
0.27111,-11624.5,-24.4702,13.6921,2.63638,105537,-3976.12,-525.043,68.4435,-41593.4,-7188.93,290.396,83.2748
0.27112,-11624.5,-24.5866,13.6918,2.63652,105573,-3975.06,-525.083,68.4382,-41515.9,-7189.35,290.324,83.2777
0.27113,-11624.5,-24.703,13.6916,2.63665,105609,-3974.01,-525.123,68.433,-41438.3,-7189.76,290.252,83.2806
0.27114,-11624.5,-24.8194,13.6913,2.63679,105645,-3972.95,-525.163,68.4277,-41360.7,-7190.18,290.18,83.2835
0.27115,-11624.5,-24.9358,13.6911,2.63693,105681,-3971.89,-525.202,68.4225,-41283.1,-7190.59,290.108,83.2864
0.27116,-11624.5,-25.0522,13.6908,2.63707,105717,-3970.83,-525.242,68.4172,-41205.5,-7191,290.036,83.2893
0.27117,-11624.5,-25.1686,13.6906,2.6372,105753,-3969.77,-525.282,68.412,-41127.9,-7191.42,289.964,83.2922
0.27118,-11624.5,-25.285,13.6903,2.63734,105788,-3968.71,-525.322,68.4067,-41050.2,-7191.83,289.892,83.2951
0.27119,-11624.5,-25.4014,13.6901,2.63748,105824,-3967.65,-525.361,68.4015,-40972.5,-7192.24,289.82,83.298
0.2712,-11624.5,-25.5178,13.6898,2.63761,105860,-3966.59,-525.401,68.3962,-40894.8,-7192.65,289.748,83.3009
0.27121,-11624.5,-25.6342,13.6896,2.63775,105895,-3965.53,-525.441,68.391,-40817.2,-7193.06,289.676,83.3038
0.27122,-11624.5,-25.7507,13.6893,2.63789,105931,-3964.47,-525.48,68.3857,-40739.4,-7193.46,289.604,83.3067
0.27123,-11624.5,-25.8671,13.689,2.63803,105967,-3963.41,-525.52,68.3805,-40661.7,-7193.87,289.532,83.3096
0.271241,-11624.5,-25.9835,13.6888,2.63816,106002,-3962.35,-525.56,68.3752,-40583.9,-7194.28,289.46,83.3125
0.271251,-11624.5,-26.0999,13.6885,2.6383,106038,-3961.29,-525.6,68.3699,-40506.2,-7194.68,289.388,83.3154
0.271261,-11624.5,-26.2163,13.6883,2.63844,106073,-3960.23,-525.639,68.3647,-40428.4,-7195.09,289.315,83.3183
0.271271,-11624.5,-26.3327,13.688,2.63857,106108,-3959.17,-525.679,68.3594,-40350.5,-7195.49,289.243,83.3212
0.271281,-11624.5,-26.4491,13.6877,2.63871,106144,-3958.1,-525.718,68.3542,-40272.7,-7195.9,289.171,83.3241
0.271291,-11624.5,-26.5655,13.6875,2.63885,106179,-3957.04,-525.758,68.3489,-40194.9,-7196.3,289.099,83.327
0.271301,-11624.5,-26.6819,13.6872,2.63899,106215,-3955.98,-525.798,68.3437,-40117,-7196.7,289.027,83.3298
0.271311,-11624.5,-26.7983,13.6869,2.63912,106250,-3954.91,-525.837,68.3384,-40039.1,-7197.1,288.955,83.3327
0.271321,-11624.5,-26.9147,13.6867,2.63926,106285,-3953.85,-525.877,68.3331,-39961.2,-7197.5,288.883,83.3356
0.271331,-11624.5,-27.0311,13.6864,2.6394,106320,-3952.78,-525.917,68.3279,-39883.3,-7197.9,288.811,83.3385
0.271341,-11624.5,-27.1475,13.6861,2.63953,106355,-3951.72,-525.956,68.3226,-39805.4,-7198.3,288.739,83.3414
0.271351,-11624.5,-27.2639,13.6859,2.63967,106391,-3950.65,-525.996,68.3174,-39727.4,-7198.7,288.667,83.3443
0.271361,-11624.5,-27.3803,13.6856,2.63981,106426,-3949.59,-526.035,68.3121,-39649.4,-7199.1,288.595,83.3472
0.271371,-11624.5,-27.4967,13.6853,2.63994,106461,-3948.52,-526.075,68.3069,-39571.4,-7199.5,288.523,83.3501
0.271381,-11624.5,-27.6131,13.685,2.64008,106496,-3947.46,-526.114,68.3016,-39493.4,-7199.89,288.451,83.3529
0.271391,-11624.5,-27.7295,13.6848,2.64022,106531,-3946.39,-526.154,68.2963,-39415.4,-7200.29,288.378,83.3558
0.271401,-11624.5,-27.8459,13.6845,2.64036,106566,-3945.32,-526.193,68.2911,-39337.3,-7200.68,288.306,83.3587
0.271411,-11624.5,-27.9623,13.6842,2.64049,106601,-3944.25,-526.233,68.2858,-39259.3,-7201.08,288.234,83.3616
0.271421,-11624.5,-28.0787,13.6839,2.64063,106636,-3943.19,-526.272,68.2805,-39181.2,-7201.47,288.162,83.3645
0.271431,-11624.5,-28.1951,13.6836,2.64077,106670,-3942.12,-526.312,68.2753,-39103.1,-7201.86,288.09,83.3674
0.271441,-11624.5,-28.3115,13.6834,2.6409,106705,-3941.05,-526.351,68.27,-39025,-7202.25,288.018,83.3702
0.271451,-11624.5,-28.4279,13.6831,2.64104,106740,-3939.98,-526.391,68.2647,-38946.9,-7202.64,287.946,83.3731
0.271461,-11624.5,-28.5443,13.6828,2.64118,106775,-3938.91,-526.43,68.2595,-38868.7,-7203.03,287.874,83.376
0.271471,-11624.5,-28.6607,13.6825,2.64131,106809,-3937.84,-526.47,68.2542,-38790.5,-7203.42,287.802,83.3789
0.271481,-11624.5,-28.7771,13.6822,2.64145,106844,-3936.77,-526.509,68.2489,-38712.4,-7203.81,287.729,83.3818
0.271491,-11624.5,-28.8935,13.6819,2.64159,106879,-3935.7,-526.548,68.2437,-38634.2,-7204.19,287.657,83.3846
0.271501,-11624.5,-29.0099,13.6816,2.64173,106913,-3934.63,-526.588,68.2384,-38555.9,-7204.58,287.585,83.3875
0.271511,-11624.5,-29.1263,13.6813,2.64186,106948,-3933.56,-526.627,68.2332,-38477.7,-7204.97,287.513,83.3904
0.271521,-11624.5,-29.2427,13.681,2.642,106982,-3932.49,-526.667,68.2279,-38399.4,-7205.35,287.441,83.3933
0.271531,-11624.5,-29.3591,13.6808,2.64214,107017,-3931.42,-526.706,68.2226,-38321.2,-7205.74,287.369,83.3961
0.271541,-11624.5,-29.4755,13.6805,2.64227,107051,-3930.35,-526.745,68.2174,-38242.9,-7206.12,287.297,83.399
0.271551,-11624.5,-29.5919,13.6802,2.64241,107086,-3929.28,-526.785,68.2121,-38164.6,-7206.5,287.224,83.4019
0.271561,-11624.5,-29.7083,13.6799,2.64255,107120,-3928.2,-526.824,68.2068,-38086.2,-7206.88,287.152,83.4048
0.271571,-11624.5,-29.8247,13.6796,2.64268,107154,-3927.13,-526.863,68.2016,-38007.9,-7207.26,287.08,83.4076
0.271581,-11624.5,-29.9412,13.6793,2.64282,107189,-3926.06,-526.903,68.1963,-37929.5,-7207.64,287.008,83.4105
0.271591,-11624.5,-30.0576,13.679,2.64296,107223,-3924.98,-526.942,68.191,-37851.1,-7208.02,286.936,83.4134
0.271601,-11624.5,-30.174,13.6787,2.6431,107257,-3923.91,-526.981,68.1857,-37772.8,-7208.4,286.864,83.4162
0.271611,-11624.5,-30.2904,13.6784,2.64323,107291,-3922.84,-527.021,68.1805,-37694.3,-7208.78,286.791,83.4191
0.271621,-11624.5,-30.4068,13.6781,2.64337,107326,-3921.76,-527.06,68.1752,-37615.9,-7209.16,286.719,83.422
0.271631,-11624.5,-30.5232,13.6778,2.64351,107360,-3920.69,-527.099,68.1699,-37537.5,-7209.53,286.647,83.4248
0.271641,-11624.5,-30.6396,13.6775,2.64364,107394,-3919.61,-527.138,68.1647,-37459,-7209.91,286.575,83.4277
0.271651,-11624.5,-30.756,13.6771,2.64378,107428,-3918.54,-527.178,68.1594,-37380.5,-7210.28,286.503,83.4306
0.271661,-11624.5,-30.8724,13.6768,2.64392,107462,-3917.46,-527.217,68.1541,-37302,-7210.66,286.43,83.4334
0.271671,-11624.5,-30.9888,13.6765,2.64405,107496,-3916.38,-527.256,68.1488,-37223.5,-7211.03,286.358,83.4363
0.271681,-11624.5,-31.1052,13.6762,2.64419,107530,-3915.31,-527.295,68.1436,-37145,-7211.4,286.286,83.4392
0.271691,-11624.5,-31.2216,13.6759,2.64433,107564,-3914.23,-527.334,68.1383,-37066.4,-7211.77,286.214,83.442
0.271701,-11624.5,-31.338,13.6756,2.64447,107597,-3913.15,-527.374,68.133,-36987.8,-7212.15,286.141,83.4449
0.271711,-11624.5,-31.4544,13.6753,2.6446,107631,-3912.08,-527.413,68.1278,-36909.3,-7212.52,286.069,83.4477
0.271721,-11624.5,-31.5708,13.675,2.64474,107665,-3911,-527.452,68.1225,-36830.7,-7212.88,285.997,83.4506
0.271731,-11624.5,-31.6872,13.6746,2.64488,107699,-3909.92,-527.491,68.1172,-36752,-7213.25,285.925,83.4535
0.271741,-11624.5,-31.8036,13.6743,2.64501,107733,-3908.84,-527.53,68.1119,-36673.4,-7213.62,285.853,83.4563
0.271751,-11624.5,-31.92,13.674,2.64515,107766,-3907.76,-527.569,68.1067,-36594.8,-7213.99,285.78,83.4592
0.271761,-11624.5,-32.0364,13.6737,2.64529,107800,-3906.68,-527.609,68.1014,-36516.1,-7214.35,285.708,83.462
0.271771,-11624.5,-32.1528,13.6734,2.64542,107833,-3905.6,-527.648,68.0961,-36437.4,-7214.72,285.636,83.4649
0.271781,-11624.5,-32.2692,13.673,2.64556,107867,-3904.52,-527.687,68.0908,-36358.7,-7215.08,285.564,83.4678
0.271791,-11624.5,-32.3856,13.6727,2.6457,107901,-3903.44,-527.726,68.0855,-36279.9,-7215.45,285.491,83.4706
0.271801,-11624.5,-32.502,13.6724,2.64583,107934,-3902.36,-527.765,68.0803,-36201.2,-7215.81,285.419,83.4735
0.271811,-11624.5,-32.6184,13.6721,2.64597,107968,-3901.28,-527.804,68.075,-36122.4,-7216.17,285.347,83.4763
0.271821,-11624.5,-32.7348,13.6717,2.64611,108001,-3900.2,-527.843,68.0697,-36043.7,-7216.53,285.275,83.4792
0.271831,-11624.5,-32.8512,13.6714,2.64625,108034,-3899.12,-527.882,68.0644,-35964.9,-7216.89,285.202,83.482
0.271841,-11624.5,-32.9676,13.6711,2.64638,108068,-3898.04,-527.921,68.0592,-35886.1,-7217.25,285.13,83.4849
0.271851,-11624.5,-33.084,13.6707,2.64652,108101,-3896.95,-527.96,68.0539,-35807.2,-7217.61,285.058,83.4877
0.271861,-11624.5,-33.2004,13.6704,2.64666,108134,-3895.87,-527.999,68.0486,-35728.4,-7217.97,284.986,83.4906
0.271871,-11624.5,-33.3168,13.6701,2.64679,108168,-3894.79,-528.038,68.0433,-35649.5,-7218.33,284.913,83.4934
0.271881,-11624.5,-33.4332,13.6698,2.64693,108201,-3893.71,-528.077,68.038,-35570.7,-7218.69,284.841,83.4963
0.271891,-11624.5,-33.5496,13.6694,2.64707,108234,-3892.62,-528.116,68.0328,-35491.8,-7219.04,284.769,83.4991
0.271901,-11624.5,-33.666,13.6691,2.6472,108267,-3891.54,-528.155,68.0275,-35412.8,-7219.4,284.696,83.502
0.271911,-11624.5,-33.7824,13.6687,2.64734,108300,-3890.45,-528.194,68.0222,-35333.9,-7219.75,284.624,83.5048
0.271921,-11624.5,-33.8988,13.6684,2.64748,108333,-3889.37,-528.233,68.0169,-35255,-7220.1,284.552,83.5077
0.271931,-11624.5,-34.0152,13.6681,2.64761,108366,-3888.28,-528.272,68.0116,-35176,-7220.46,284.479,83.5105
0.271941,-11624.5,-34.1316,13.6677,2.64775,108399,-3887.2,-528.311,68.0064,-35097,-7220.81,284.407,83.5133
0.271951,-11624.5,-34.2481,13.6674,2.64789,108432,-3886.11,-528.35,68.0011,-35018,-7221.16,284.335,83.5162
0.271961,-11624.5,-34.3645,13.667,2.64802,108465,-3885.03,-528.389,67.9958,-34939,-7221.51,284.263,83.519
0.271971,-11624.5,-34.4809,13.6667,2.64816,108498,-3883.94,-528.428,67.9905,-34860,-7221.86,284.19,83.5219
0.271982,-11624.5,-34.5973,13.6663,2.6483,108531,-3882.85,-528.467,67.9852,-34780.9,-7222.21,284.118,83.5247
0.271992,-11624.5,-34.7137,13.666,2.64844,108564,-3881.77,-528.506,67.9799,-34701.8,-7222.56,284.046,83.5276
0.272002,-11624.5,-34.8301,13.6656,2.64857,108596,-3880.68,-528.544,67.9746,-34622.8,-7222.9,283.973,83.5304
0.272012,-11624.5,-34.9465,13.6653,2.64871,108629,-3879.59,-528.583,67.9694,-34543.7,-7223.25,283.901,83.5332
0.272022,-11624.5,-35.0629,13.6649,2.64885,108662,-3878.5,-528.622,67.9641,-34464.5,-7223.59,283.829,83.5361
0.272032,-11624.5,-35.1793,13.6646,2.64898,108695,-3877.41,-528.661,67.9588,-34385.4,-7223.94,283.756,83.5389
0.272042,-11624.5,-35.2957,13.6642,2.64912,108727,-3876.33,-528.7,67.9535,-34306.3,-7224.28,283.684,83.5417
0.272052,-11624.5,-35.4121,13.6639,2.64926,108760,-3875.24,-528.739,67.9482,-34227.1,-7224.63,283.612,83.5446
0.272062,-11624.5,-35.5285,13.6635,2.64939,108792,-3874.15,-528.777,67.9429,-34147.9,-7224.97,283.539,83.5474
0.272072,-11624.5,-35.6449,13.6632,2.64953,108825,-3873.06,-528.816,67.9376,-34068.7,-7225.31,283.467,83.5503
0.272082,-11624.5,-35.7613,13.6628,2.64967,108857,-3871.97,-528.855,67.9323,-33989.5,-7225.65,283.395,83.5531
0.272092,-11624.5,-35.8777,13.6625,2.6498,108890,-3870.88,-528.894,67.9271,-33910.2,-7225.99,283.322,83.5559
0.272102,-11624.5,-35.9941,13.6621,2.64994,108922,-3869.79,-528.932,67.9218,-33831,-7226.33,283.25,83.5588
0.272112,-11624.5,-36.1105,13.6617,2.65008,108955,-3868.7,-528.971,67.9165,-33751.8,-7226.67,283.178,83.5616
0.272122,-11624.5,-36.2269,13.6614,2.65021,108987,-3867.61,-529.01,67.9112,-33672.5,-7227.01,283.105,83.5644
0.272132,-11624.5,-36.3433,13.661,2.65035,109019,-3866.52,-529.049,67.9059,-33593.2,-7227.34,283.033,83.5672
0.272142,-11624.5,-36.4597,13.6607,2.65049,109051,-3865.42,-529.087,67.9006,-33513.8,-7227.68,282.96,83.5701
0.272152,-11624.5,-36.5761,13.6603,2.65062,109084,-3864.33,-529.126,67.8953,-33434.5,-7228.01,282.888,83.5729
0.272162,-11624.5,-36.6925,13.6599,2.65076,109116,-3863.24,-529.165,67.89,-33355.2,-7228.35,282.816,83.5757
0.272172,-11624.5,-36.8089,13.6596,2.6509,109148,-3862.15,-529.203,67.8847,-33275.8,-7228.68,282.743,83.5786
0.272182,-11624.5,-36.9253,13.6592,2.65103,109180,-3861.05,-529.242,67.8794,-33196.4,-7229.01,282.671,83.5814
0.272192,-11624.5,-37.0417,13.6588,2.65117,109212,-3859.96,-529.281,67.8741,-33117,-7229.35,282.598,83.5842
0.272202,-11624.5,-37.1581,13.6584,2.65131,109244,-3858.87,-529.319,67.8689,-33037.6,-7229.68,282.526,83.587
0.272212,-11624.5,-37.2745,13.6581,2.65145,109276,-3857.77,-529.358,67.8636,-32958.1,-7230.01,282.454,83.5899
0.272222,-11624.5,-37.3909,13.6577,2.65158,109308,-3856.68,-529.397,67.8583,-32878.7,-7230.34,282.381,83.5927
0.272232,-11624.5,-37.5073,13.6573,2.65172,109340,-3855.58,-529.435,67.853,-32799.2,-7230.67,282.309,83.5955
0.272242,-11624.5,-37.6237,13.6569,2.65186,109372,-3854.49,-529.474,67.8477,-32719.7,-7230.99,282.237,83.5983
0.272252,-11624.5,-37.7401,13.6566,2.65199,109404,-3853.39,-529.512,67.8424,-32640.2,-7231.32,282.164,83.6012
0.272262,-11624.5,-37.8565,13.6562,2.65213,109436,-3852.3,-529.551,67.8371,-32560.7,-7231.65,282.092,83.604
0.272272,-11624.5,-37.9729,13.6558,2.65227,109468,-3851.2,-529.59,67.8318,-32481.2,-7231.97,282.019,83.6068
0.272282,-11624.5,-38.0893,13.6554,2.6524,109499,-3850.1,-529.628,67.8265,-32401.6,-7232.3,281.947,83.6096
0.272292,-11624.5,-38.2057,13.655,2.65254,109531,-3849.01,-529.667,67.8212,-32322.1,-7232.62,281.874,83.6124
0.272302,-11624.5,-38.3222,13.6547,2.65268,109563,-3847.91,-529.705,67.8159,-32242.5,-7232.95,281.802,83.6153
0.272312,-11624.5,-38.4386,13.6543,2.65281,109594,-3846.81,-529.744,67.8106,-32162.9,-7233.27,281.73,83.6181
0.272322,-11624.5,-38.555,13.6539,2.65295,109626,-3845.72,-529.782,67.8053,-32083.2,-7233.59,281.657,83.6209
0.272332,-11624.5,-38.6714,13.6535,2.65309,109658,-3844.62,-529.821,67.8,-32003.6,-7233.91,281.585,83.6237
0.272342,-11624.5,-38.7878,13.6531,2.65322,109689,-3843.52,-529.859,67.7947,-31924,-7234.23,281.512,83.6265
0.272352,-11624.5,-38.9042,13.6527,2.65336,109721,-3842.42,-529.898,67.7894,-31844.3,-7234.55,281.44,83.6293
0.272362,-11624.5,-39.0206,13.6523,2.6535,109752,-3841.32,-529.936,67.7841,-31764.6,-7234.87,281.367,83.6322
0.272372,-11624.5,-39.137,13.6519,2.65363,109783,-3840.22,-529.975,67.7788,-31684.9,-7235.19,281.295,83.635
0.272382,-11624.5,-39.2534,13.6516,2.65377,109815,-3839.12,-530.013,67.7735,-31605.2,-7235.5,281.222,83.6378
0.272392,-11624.5,-39.3698,13.6512,2.65391,109846,-3838.02,-530.052,67.7682,-31525.5,-7235.82,281.15,83.6406
0.272402,-11624.5,-39.4862,13.6508,2.65404,109877,-3836.92,-530.09,67.7629,-31445.7,-7236.14,281.077,83.6434
0.272412,-11624.5,-39.6026,13.6504,2.65418,109909,-3835.82,-530.128,67.7576,-31366,-7236.45,281.005,83.6462
0.272422,-11624.5,-39.719,13.65,2.65432,109940,-3834.72,-530.167,67.7523,-31286.2,-7236.76,280.933,83.649
0.272432,-11624.5,-39.8354,13.6496,2.65445,109971,-3833.62,-530.205,67.747,-31206.4,-7237.08,280.86,83.6518
0.272442,-11624.5,-39.9518,13.6492,2.65459,110002,-3832.52,-530.244,67.7417,-31126.6,-7237.39,280.788,83.6546
0.272452,-11624.5,-40.0682,13.6488,2.65473,110033,-3831.42,-530.282,67.7364,-31046.7,-7237.7,280.715,83.6574
0.272462,-11624.5,-40.1846,13.6484,2.65486,110065,-3830.32,-530.32,67.7311,-30966.9,-7238.01,280.643,83.6603
0.272472,-11624.5,-40.301,13.648,2.655,110096,-3829.21,-530.359,67.7258,-30887,-7238.32,280.57,83.6631
0.272482,-11624.5,-40.4174,13.6476,2.65514,110127,-3828.11,-530.397,67.7205,-30807.1,-7238.63,280.498,83.6659
0.272492,-11624.5,-40.5338,13.6472,2.65527,110158,-3827.01,-530.435,67.7152,-30727.2,-7238.94,280.425,83.6687
0.272502,-11624.5,-40.6502,13.6468,2.65541,110189,-3825.91,-530.474,67.7099,-30647.3,-7239.24,280.353,83.6715
0.272512,-11624.5,-40.7666,13.6463,2.65555,110219,-3824.8,-530.512,67.7046,-30567.4,-7239.55,280.28,83.6743
0.272522,-11624.5,-40.883,13.6459,2.65568,110250,-3823.7,-530.55,67.6993,-30487.4,-7239.86,280.208,83.6771
0.272532,-11624.5,-40.9994,13.6455,2.65582,110281,-3822.59,-530.589,67.694,-30407.5,-7240.16,280.135,83.6799
0.272542,-11624.5,-41.1158,13.6451,2.65596,110312,-3821.49,-530.627,67.6887,-30327.5,-7240.47,280.063,83.6827
0.272552,-11624.5,-41.2322,13.6447,2.65609,110343,-3820.38,-530.665,67.6834,-30247.5,-7240.77,279.99,83.6855
0.272562,-11624.5,-41.3486,13.6443,2.65623,110373,-3819.28,-530.703,67.6781,-30167.5,-7241.07,279.918,83.6883
0.272572,-11624.5,-41.465,13.6439,2.65637,110404,-3818.17,-530.742,67.6727,-30087.5,-7241.37,279.845,83.6911
0.272582,-11624.5,-41.5814,13.6435,2.6565,110435,-3817.07,-530.78,67.6674,-30007.4,-7241.67,279.773,83.6939
0.272592,-11624.5,-41.6978,13.643,2.65664,110465,-3815.96,-530.818,67.6621,-29927.4,-7241.97,279.7,83.6967
0.272602,-11624.5,-41.8142,13.6426,2.65678,110496,-3814.86,-530.856,67.6568,-29847.3,-7242.27,279.628,83.6995
0.272612,-11624.5,-41.9306,13.6422,2.65691,110527,-3813.75,-530.894,67.6515,-29767.2,-7242.57,279.555,83.7023
0.272622,-11624.5,-42.047,13.6418,2.65705,110557,-3812.64,-530.933,67.6462,-29687.1,-7242.87,279.483,83.7051
0.272632,-11624.5,-42.1634,13.6414,2.65719,110588,-3811.54,-530.971,67.6409,-29607,-7243.17,279.41,83.7079
0.272642,-11624.5,-42.2798,13.6409,2.65732,110618,-3810.43,-531.009,67.6356,-29526.8,-7243.46,279.338,83.7107
0.272652,-11624.5,-42.3962,13.6405,2.65746,110648,-3809.32,-531.047,67.6303,-29446.7,-7243.76,279.265,83.7134
0.272662,-11624.5,-42.5126,13.6401,2.6576,110679,-3808.21,-531.085,67.625,-29366.5,-7244.05,279.193,83.7162
0.272672,-11624.5,-42.6291,13.6397,2.65773,110709,-3807.1,-531.123,67.6196,-29286.3,-7244.35,279.12,83.719
0.272682,-11624.5,-42.7455,13.6392,2.65787,110739,-3806,-531.161,67.6143,-29206.1,-7244.64,279.047,83.7218
0.272692,-11624.5,-42.8619,13.6388,2.65801,110770,-3804.89,-531.2,67.609,-29125.9,-7244.93,278.975,83.7246
0.272702,-11624.5,-42.9783,13.6384,2.65814,110800,-3803.78,-531.238,67.6037,-29045.7,-7245.22,278.902,83.7274
0.272712,-11624.5,-43.0947,13.6379,2.65828,110830,-3802.67,-531.276,67.5984,-28965.4,-7245.51,278.83,83.7302
0.272723,-11624.5,-43.2111,13.6375,2.65842,110860,-3801.56,-531.314,67.5931,-28885.1,-7245.8,278.757,83.733
0.272733,-11624.5,-43.3275,13.6371,2.65855,110890,-3800.45,-531.352,67.5878,-28804.9,-7246.09,278.685,83.7358
0.272743,-11624.5,-43.4439,13.6366,2.65869,110920,-3799.34,-531.39,67.5825,-28724.6,-7246.38,278.612,83.7386
0.272753,-11624.5,-43.5603,13.6362,2.65882,110950,-3798.22,-531.428,67.5772,-28644.3,-7246.67,278.54,83.7413
0.272763,-11624.5,-43.6767,13.6358,2.65896,110980,-3797.11,-531.466,67.5718,-28563.9,-7246.95,278.467,83.7441
0.272773,-11624.5,-43.7931,13.6353,2.6591,111010,-3796,-531.504,67.5665,-28483.6,-7247.24,278.394,83.7469
0.272783,-11624.5,-43.9095,13.6349,2.65923,111040,-3794.89,-531.542,67.5612,-28403.2,-7247.52,278.322,83.7497
0.272793,-11624.5,-44.0259,13.6345,2.65937,111070,-3793.78,-531.58,67.5559,-28322.8,-7247.81,278.249,83.7525
0.272803,-11624.5,-44.1423,13.634,2.65951,111100,-3792.67,-531.618,67.5506,-28242.5,-7248.09,278.177,83.7553
0.272813,-11624.5,-44.2587,13.6336,2.65964,111130,-3791.55,-531.656,67.5452,-28162,-7248.37,278.104,83.758
0.272823,-11624.5,-44.3751,13.6331,2.65978,111160,-3790.44,-531.694,67.5399,-28081.6,-7248.65,278.031,83.7608
0.272833,-11624.5,-44.4915,13.6327,2.65992,111189,-3789.33,-531.732,67.5346,-28001.2,-7248.93,277.959,83.7636
0.272843,-11624.5,-44.6079,13.6322,2.66005,111219,-3788.21,-531.77,67.5293,-27920.7,-7249.21,277.886,83.7664
0.272853,-11624.5,-44.7243,13.6318,2.66019,111249,-3787.1,-531.808,67.524,-27840.2,-7249.49,277.814,83.7692
0.272863,-11624.5,-44.8407,13.6313,2.66033,111278,-3785.98,-531.846,67.5187,-27759.7,-7249.77,277.741,83.7719
0.272873,-11624.5,-44.9571,13.6309,2.66046,111308,-3784.87,-531.884,67.5133,-27679.2,-7250.05,277.669,83.7747
0.272883,-11624.5,-45.0735,13.6304,2.6606,111337,-3783.76,-531.922,67.508,-27598.7,-7250.33,277.596,83.7775
0.272893,-11624.5,-45.1899,13.63,2.66074,111367,-3782.64,-531.959,67.5027,-27518.2,-7250.6,277.523,83.7803
0.272903,-11624.5,-45.3063,13.6295,2.66087,111396,-3781.53,-531.997,67.4974,-27437.6,-7250.88,277.451,83.783
0.272913,-11624.5,-45.4227,13.6291,2.66101,111426,-3780.41,-532.035,67.4921,-27357.1,-7251.15,277.378,83.7858
0.272923,-11624.5,-45.5391,13.6286,2.66115,111455,-3779.29,-532.073,67.4868,-27276.5,-7251.43,277.305,83.7886
0.272933,-11624.5,-45.6555,13.6282,2.66128,111485,-3778.18,-532.111,67.4814,-27195.9,-7251.7,277.233,83.7914
0.272943,-11624.5,-45.7719,13.6277,2.66142,111514,-3777.06,-532.149,67.4761,-27115.3,-7251.97,277.16,83.7941
0.272953,-11624.5,-45.8883,13.6273,2.66155,111543,-3775.94,-532.186,67.4708,-27034.6,-7252.24,277.088,83.7969
0.272963,-11624.5,-46.0047,13.6268,2.66169,111572,-3774.83,-532.224,67.4655,-26954,-7252.51,277.015,83.7997
0.272973,-11624.5,-46.1211,13.6263,2.66183,111602,-3773.71,-532.262,67.4601,-26873.3,-7252.78,276.942,83.8024
0.272983,-11624.5,-46.2375,13.6259,2.66196,111631,-3772.59,-532.3,67.4548,-26792.6,-7253.05,276.87,83.8052
0.272993,-11624.5,-46.3539,13.6254,2.6621,111660,-3771.47,-532.338,67.4495,-26711.9,-7253.32,276.797,83.808
0.273003,-11624.5,-46.4703,13.6249,2.66224,111689,-3770.36,-532.375,67.4442,-26631.2,-7253.58,276.725,83.8108
0.273013,-11624.5,-46.5867,13.6245,2.66237,111718,-3769.24,-532.413,67.4388,-26550.5,-7253.85,276.652,83.8135
0.273023,-11624.5,-46.7031,13.624,2.66251,111747,-3768.12,-532.451,67.4335,-26469.8,-7254.12,276.579,83.8163
0.273033,-11624.5,-46.8196,13.6235,2.66265,111776,-3767,-532.489,67.4282,-26389,-7254.38,276.507,83.8191
0.273043,-11624.5,-46.936,13.6231,2.66278,111805,-3765.88,-532.526,67.4229,-26308.2,-7254.65,276.434,83.8218
0.273053,-11624.5,-47.0524,13.6226,2.66292,111834,-3764.76,-532.564,67.4175,-26227.5,-7254.91,276.361,83.8246
0.273063,-11624.5,-47.1688,13.6221,2.66306,111863,-3763.64,-532.602,67.4122,-26146.7,-7255.17,276.289,83.8273
0.273073,-11624.5,-47.2852,13.6217,2.66319,111892,-3762.52,-532.639,67.4069,-26065.8,-7255.43,276.216,83.8301
0.273083,-11624.5,-47.4016,13.6212,2.66333,111921,-3761.4,-532.677,67.4016,-25985,-7255.69,276.143,83.8329
0.273093,-11624.5,-47.518,13.6207,2.66346,111950,-3760.28,-532.715,67.3962,-25904.1,-7255.95,276.071,83.8356
0.273103,-11624.5,-47.6344,13.6202,2.6636,111978,-3759.16,-532.752,67.3909,-25823.3,-7256.21,275.998,83.8384
0.273113,-11624.5,-47.7508,13.6198,2.66374,112007,-3758.04,-532.79,67.3856,-25742.4,-7256.47,275.925,83.8411
0.273123,-11624.5,-47.8672,13.6193,2.66387,112036,-3756.91,-532.828,67.3803,-25661.5,-7256.73,275.853,83.8439
0.273133,-11624.5,-47.9836,13.6188,2.66401,112064,-3755.79,-532.865,67.3749,-25580.6,-7256.98,275.78,83.8467
0.273143,-11624.5,-48.1,13.6183,2.66415,112093,-3754.67,-532.903,67.3696,-25499.7,-7257.24,275.707,83.8494
0.273153,-11624.5,-48.2164,13.6178,2.66428,112121,-3753.55,-532.94,67.3643,-25418.7,-7257.49,275.635,83.8522
0.273163,-11624.5,-48.3328,13.6173,2.66442,112150,-3752.42,-532.978,67.3589,-25337.8,-7257.75,275.562,83.8549
0.273173,-11624.5,-48.4492,13.6169,2.66456,112178,-3751.3,-533.016,67.3536,-25256.8,-7258,275.489,83.8577
0.273183,-11624.5,-48.5656,13.6164,2.66469,112207,-3750.18,-533.053,67.3483,-25175.8,-7258.25,275.417,83.8604
0.273193,-11624.5,-48.682,13.6159,2.66483,112235,-3749.05,-533.091,67.3429,-25094.8,-7258.5,275.344,83.8632
0.273203,-11624.5,-48.7984,13.6154,2.66496,112264,-3747.93,-533.128,67.3376,-25013.8,-7258.76,275.271,83.866
0.273213,-11624.5,-48.9148,13.6149,2.6651,112292,-3746.81,-533.166,67.3323,-24932.7,-7259.01,275.199,83.8687
0.273223,-11624.5,-49.0312,13.6144,2.66524,112320,-3745.68,-533.203,67.327,-24851.7,-7259.26,275.126,83.8715
0.273233,-11624.5,-49.1476,13.6139,2.66537,112349,-3744.56,-533.241,67.3216,-24770.6,-7259.5,275.053,83.8742
0.273243,-11624.5,-49.264,13.6134,2.66551,112377,-3743.43,-533.278,67.3163,-24689.6,-7259.75,274.981,83.877
0.273253,-11624.5,-49.3804,13.6129,2.66565,112405,-3742.31,-533.316,67.311,-24608.5,-7260,274.908,83.8797
0.273263,-11624.5,-49.4968,13.6125,2.66578,112433,-3741.18,-533.353,67.3056,-24527.3,-7260.24,274.835,83.8825
0.273273,-11624.5,-49.6132,13.612,2.66592,112461,-3740.05,-533.391,67.3003,-24446.2,-7260.49,274.762,83.8852
0.273283,-11624.5,-49.7296,13.6115,2.66606,112489,-3738.93,-533.428,67.295,-24365.1,-7260.73,274.69,83.8879
0.273293,-11624.5,-49.846,13.611,2.66619,112517,-3737.8,-533.466,67.2896,-24283.9,-7260.98,274.617,83.8907
0.273303,-11624.5,-49.9624,13.6105,2.66633,112545,-3736.67,-533.503,67.2843,-24202.7,-7261.22,274.544,83.8934
0.273313,-11624.5,-50.0788,13.61,2.66646,112573,-3735.55,-533.54,67.279,-24121.6,-7261.46,274.472,83.8962
0.273323,-11624.5,-50.1952,13.6095,2.6666,112601,-3734.42,-533.578,67.2736,-24040.4,-7261.7,274.399,83.8989
0.273333,-11624.5,-50.3116,13.609,2.66674,112629,-3733.29,-533.615,67.2683,-23959.2,-7261.94,274.326,83.9017
0.273343,-11624.5,-50.428,13.6084,2.66687,112657,-3732.16,-533.653,67.263,-23877.9,-7262.18,274.253,83.9044
0.273353,-11624.5,-50.5444,13.6079,2.66701,112685,-3731.04,-533.69,67.2576,-23796.7,-7262.42,274.181,83.9072
0.273363,-11624.5,-50.6608,13.6074,2.66715,112713,-3729.91,-533.727,67.2523,-23715.4,-7262.66,274.108,83.9099
0.273373,-11624.5,-50.7772,13.6069,2.66728,112740,-3728.78,-533.765,67.2469,-23634.1,-7262.9,274.035,83.9126
0.273383,-11624.5,-50.8937,13.6064,2.66742,112768,-3727.65,-533.802,67.2416,-23552.8,-7263.13,273.963,83.9154
0.273393,-11624.5,-51.0101,13.6059,2.66755,112796,-3726.52,-533.839,67.2363,-23471.5,-7263.37,273.89,83.9181
0.273403,-11624.5,-51.1265,13.6054,2.66769,112824,-3725.39,-533.877,67.2309,-23390.2,-7263.6,273.817,83.9209
0.273413,-11624.5,-51.2429,13.6049,2.66783,112851,-3724.26,-533.914,67.2256,-23308.9,-7263.84,273.744,83.9236
0.273423,-11624.5,-51.3593,13.6044,2.66796,112879,-3723.13,-533.951,67.2202,-23227.5,-7264.07,273.672,83.9263
0.273433,-11624.5,-51.4757,13.6039,2.6681,112906,-3722,-533.988,67.2149,-23146.2,-7264.3,273.599,83.9291
0.273443,-11624.5,-51.5921,13.6033,2.66824,112934,-3720.87,-534.026,67.2096,-23064.8,-7264.53,273.526,83.9318
0.273454,-11624.5,-51.7085,13.6028,2.66837,112961,-3719.74,-534.063,67.2042,-22983.4,-7264.77,273.453,83.9345
0.273464,-11624.5,-51.8249,13.6023,2.66851,112989,-3718.61,-534.1,67.1989,-22902,-7264.99,273.381,83.9373
0.273474,-11624.5,-51.9413,13.6018,2.66864,113016,-3717.48,-534.137,67.1935,-22820.5,-7265.22,273.308,83.94
0.273484,-11624.5,-52.0577,13.6013,2.66878,113043,-3716.34,-534.175,67.1882,-22739.1,-7265.45,273.235,83.9427
0.273494,-11624.5,-52.1741,13.6007,2.66892,113071,-3715.21,-534.212,67.1829,-22657.6,-7265.68,273.162,83.9455
0.273504,-11624.5,-52.2905,13.6002,2.66905,113098,-3714.08,-534.249,67.1775,-22576.2,-7265.9,273.09,83.9482
0.273514,-11624.5,-52.4069,13.5997,2.66919,113125,-3712.95,-534.286,67.1722,-22494.7,-7266.13,273.017,83.9509
0.273524,-11624.5,-52.5233,13.5992,2.66932,113152,-3711.81,-534.323,67.1668,-22413.2,-7266.35,272.944,83.9537
0.273534,-11624.5,-52.6397,13.5986,2.66946,113179,-3710.68,-534.361,67.1615,-22331.6,-7266.58,272.871,83.9564
0.273544,-11624.5,-52.7561,13.5981,2.6696,113207,-3709.55,-534.398,67.1562,-22250.1,-7266.8,272.799,83.9591
0.273554,-11624.5,-52.8725,13.5976,2.66973,113234,-3708.41,-534.435,67.1508,-22168.6,-7267.02,272.726,83.9619
0.273564,-11624.5,-52.9889,13.5971,2.66987,113261,-3707.28,-534.472,67.1455,-22087,-7267.25,272.653,83.9646
0.273574,-11624.5,-53.1053,13.5965,2.67001,113288,-3706.15,-534.509,67.1401,-22005.4,-7267.47,272.58,83.9673
0.273584,-11624.5,-53.2217,13.596,2.67014,113315,-3705.01,-534.546,67.1348,-21923.8,-7267.69,272.508,83.97
0.273594,-11624.5,-53.3381,13.5955,2.67028,113342,-3703.88,-534.583,67.1294,-21842.2,-7267.91,272.435,83.9728
0.273604,-11624.5,-53.4545,13.5949,2.67041,113369,-3702.74,-534.62,67.1241,-21760.6,-7268.12,272.362,83.9755
0.273614,-11624.5,-53.5709,13.5944,2.67055,113395,-3701.61,-534.657,67.1187,-21679,-7268.34,272.289,83.9782
0.273624,-11624.5,-53.6873,13.5939,2.67069,113422,-3700.47,-534.695,67.1134,-21597.3,-7268.56,272.216,83.9809
0.273634,-11624.5,-53.8037,13.5933,2.67082,113449,-3699.33,-534.732,67.108,-21515.7,-7268.77,272.144,83.9837
0.273644,-11624.5,-53.9201,13.5928,2.67096,113476,-3698.2,-534.769,67.1027,-21434,-7268.99,272.071,83.9864
0.273654,-11624.5,-54.0365,13.5922,2.67109,113503,-3697.06,-534.806,67.0973,-21352.3,-7269.2,271.998,83.9891
0.273664,-11624.5,-54.1529,13.5917,2.67123,113529,-3695.92,-534.843,67.092,-21270.6,-7269.42,271.925,83.9918
0.273674,-11624.5,-54.2693,13.5912,2.67137,113556,-3694.79,-534.88,67.0866,-21188.9,-7269.63,271.853,83.9945
0.273684,-11624.5,-54.3857,13.5906,2.6715,113582,-3693.65,-534.917,67.0813,-21107.1,-7269.84,271.78,83.9972
0.273694,-11624.5,-54.5021,13.5901,2.67164,113609,-3692.51,-534.954,67.0759,-21025.4,-7270.05,271.707,84
0.273704,-11624.5,-54.6185,13.5895,2.67178,113636,-3691.37,-534.991,67.0706,-20943.6,-7270.26,271.634,84.0027
0.273714,-11624.5,-54.7349,13.589,2.67191,113662,-3690.24,-535.028,67.0652,-20861.8,-7270.47,271.561,84.0054
0.273724,-11624.5,-54.8513,13.5884,2.67205,113689,-3689.1,-535.064,67.0599,-20780,-7270.68,271.488,84.0081
0.273734,-11624.5,-54.9677,13.5879,2.67218,113715,-3687.96,-535.101,67.0545,-20698.2,-7270.89,271.416,84.0108
0.273744,-11624.5,-55.0841,13.5873,2.67232,113741,-3686.82,-535.138,67.0492,-20616.4,-7271.1,271.343,84.0135
0.273754,-11624.5,-55.2006,13.5868,2.67246,113768,-3685.68,-535.175,67.0438,-20534.5,-7271.3,271.27,84.0163
0.273764,-11624.5,-55.317,13.5862,2.67259,113794,-3684.54,-535.212,67.0385,-20452.7,-7271.51,271.197,84.019
0.273774,-11624.5,-55.4334,13.5857,2.67273,113820,-3683.4,-535.249,67.0331,-20370.8,-7271.71,271.124,84.0217
0.273784,-11624.5,-55.5498,13.5851,2.67286,113847,-3682.26,-535.286,67.0278,-20288.9,-7271.91,271.052,84.0244
0.273794,-11624.5,-55.6662,13.5845,2.673,113873,-3681.12,-535.323,67.0224,-20207,-7272.12,270.979,84.0271
0.273804,-11624.5,-55.7826,13.584,2.67314,113899,-3679.98,-535.36,67.0171,-20125.1,-7272.32,270.906,84.0298
0.273814,-11624.5,-55.899,13.5834,2.67327,113925,-3678.84,-535.397,67.0117,-20043.2,-7272.52,270.833,84.0325
0.273824,-11624.5,-56.0154,13.5829,2.67341,113951,-3677.7,-535.433,67.0064,-19961.2,-7272.72,270.76,84.0352
0.273834,-11624.5,-56.1318,13.5823,2.67354,113977,-3676.56,-535.47,67.001,-19879.3,-7272.92,270.687,84.0379
0.273844,-11624.5,-56.2482,13.5817,2.67368,114003,-3675.42,-535.507,66.9957,-19797.3,-7273.12,270.615,84.0406
0.273854,-11624.5,-56.3646,13.5812,2.67382,114029,-3674.28,-535.544,66.9903,-19715.3,-7273.32,270.542,84.0434
0.273864,-11624.5,-56.481,13.5806,2.67395,114055,-3673.14,-535.581,66.9849,-19633.3,-7273.51,270.469,84.0461
0.273874,-11624.5,-56.5974,13.58,2.67409,114081,-3671.99,-535.617,66.9796,-19551.3,-7273.71,270.396,84.0488
0.273884,-11624.5,-56.7138,13.5795,2.67422,114107,-3670.85,-535.654,66.9742,-19469.3,-7273.9,270.323,84.0515
0.273894,-11624.5,-56.8302,13.5789,2.67436,114133,-3669.71,-535.691,66.9689,-19387.2,-7274.1,270.25,84.0542
0.273904,-11624.5,-56.9466,13.5783,2.6745,114159,-3668.57,-535.728,66.9635,-19305.2,-7274.29,270.178,84.0569
0.273914,-11624.5,-57.063,13.5778,2.67463,114184,-3667.42,-535.764,66.9582,-19223.1,-7274.49,270.105,84.0596
0.273924,-11624.5,-57.1794,13.5772,2.67477,114210,-3666.28,-535.801,66.9528,-19141,-7274.68,270.032,84.0623
0.273934,-11624.5,-57.2958,13.5766,2.6749,114236,-3665.13,-535.838,66.9474,-19058.9,-7274.87,269.959,84.065
0.273944,-11624.5,-57.4122,13.5761,2.67504,114261,-3663.99,-535.874,66.9421,-18976.8,-7275.06,269.886,84.0677
0.273954,-11624.5,-57.5286,13.5755,2.67518,114287,-3662.85,-535.911,66.9367,-18894.7,-7275.25,269.813,84.0704
0.273964,-11624.5,-57.645,13.5749,2.67531,114313,-3661.7,-535.948,66.9314,-18812.5,-7275.44,269.741,84.0731
0.273974,-11624.5,-57.7614,13.5743,2.67545,114338,-3660.56,-535.984,66.926,-18730.4,-7275.63,269.668,84.0758
0.273984,-11624.5,-57.8778,13.5737,2.67558,114364,-3659.41,-536.021,66.9207,-18648.2,-7275.81,269.595,84.0785
0.273994,-11624.5,-57.9942,13.5732,2.67572,114389,-3658.27,-536.058,66.9153,-18566,-7276,269.522,84.0812
0.274004,-11624.5,-58.1106,13.5726,2.67586,114414,-3657.12,-536.094,66.9099,-18483.8,-7276.18,269.449,84.0838
0.274014,-11624.5,-58.227,13.572,2.67599,114440,-3655.98,-536.131,66.9046,-18401.6,-7276.37,269.376,84.0865
0.274024,-11624.5,-58.3434,13.5714,2.67613,114465,-3654.83,-536.168,66.8992,-18319.4,-7276.55,269.303,84.0892
0.274034,-11624.5,-58.4598,13.5708,2.67626,114491,-3653.68,-536.204,66.8938,-18237.1,-7276.74,269.231,84.0919
0.274044,-11624.5,-58.5762,13.5702,2.6764,114516,-3652.54,-536.241,66.8885,-18154.8,-7276.92,269.158,84.0946
0.274054,-11624.5,-58.6926,13.5697,2.67653,114541,-3651.39,-536.277,66.8831,-18072.6,-7277.1,269.085,84.0973
0.274064,-11624.5,-58.809,13.5691,2.67667,114566,-3650.24,-536.314,66.8777,-17990.3,-7277.28,269.012,84.1
0.274074,-11624.5,-58.9254,13.5685,2.67681,114591,-3649.09,-536.35,66.8724,-17908,-7277.46,268.939,84.1027
0.274084,-11624.5,-59.0418,13.5679,2.67694,114617,-3647.95,-536.387,66.867,-17825.7,-7277.64,268.866,84.1054
0.274094,-11624.5,-59.1582,13.5673,2.67708,114642,-3646.8,-536.423,66.8617,-17743.4,-7277.82,268.793,84.1081
0.274104,-11624.5,-59.2747,13.5667,2.67721,114667,-3645.65,-536.46,66.8563,-17661,-7277.99,268.72,84.1108
0.274114,-11624.5,-59.3911,13.5661,2.67735,114692,-3644.5,-536.496,66.8509,-17578.6,-7278.17,268.648,84.1134
0.274124,-11624.5,-59.5075,13.5655,2.67749,114717,-3643.35,-536.533,66.8456,-17496.3,-7278.35,268.575,84.1161
0.274134,-11624.5,-59.6239,13.5649,2.67762,114742,-3642.2,-536.57,66.8402,-17413.9,-7278.52,268.502,84.1188
0.274144,-11624.5,-59.7403,13.5643,2.67776,114767,-3641.06,-536.606,66.8348,-17331.5,-7278.69,268.429,84.1215
0.274154,-11624.5,-59.8567,13.5637,2.67789,114791,-3639.91,-536.642,66.8295,-17249.1,-7278.87,268.356,84.1242
0.274164,-11624.5,-59.9731,13.5631,2.67803,114816,-3638.76,-536.679,66.8241,-17166.6,-7279.04,268.283,84.1269
0.274174,-11624.5,-60.0895,13.5625,2.67816,114841,-3637.61,-536.715,66.8187,-17084.2,-7279.21,268.21,84.1296
0.274184,-11624.5,-60.2059,13.5619,2.6783,114866,-3636.46,-536.752,66.8134,-17001.7,-7279.38,268.137,84.1322
0.274195,-11624.5,-60.3223,13.5613,2.67844,114891,-3635.31,-536.788,66.808,-16919.3,-7279.55,268.064,84.1349
0.274205,-11624.5,-60.4387,13.5607,2.67857,114915,-3634.16,-536.825,66.8026,-16836.8,-7279.72,267.992,84.1376
0.274215,-11624.5,-60.5551,13.5601,2.67871,114940,-3633,-536.861,66.7973,-16754.3,-7279.89,267.919,84.1403
0.274225,-11624.5,-60.6715,13.5595,2.67884,114965,-3631.85,-536.897,66.7919,-16671.8,-7280.06,267.846,84.143
0.274235,-11624.5,-60.7879,13.5589,2.67898,114989,-3630.7,-536.934,66.7865,-16589.2,-7280.23,267.773,84.1456
0.274245,-11624.5,-60.9043,13.5583,2.67912,115014,-3629.55,-536.97,66.7812,-16506.7,-7280.39,267.7,84.1483
0.274255,-11624.5,-61.0207,13.5577,2.67925,115038,-3628.4,-537.006,66.7758,-16424.2,-7280.55,267.627,84.151
0.274265,-11624.5,-61.1371,13.5571,2.67939,115063,-3627.25,-537.043,66.7704,-16341.6,-7280.72,267.554,84.1537
0.274275,-11624.5,-61.2535,13.5564,2.67952,115087,-3626.1,-537.079,66.765,-16259,-7280.88,267.481,84.1563
0.274285,-11624.5,-61.3699,13.5558,2.67966,115111,-3624.94,-537.115,66.7597,-16176.4,-7281.05,267.408,84.159
0.274295,-11624.5,-61.4863,13.5552,2.67979,115136,-3623.79,-537.152,66.7543,-16093.8,-7281.21,267.335,84.1617
0.274305,-11624.5,-61.6027,13.5546,2.67993,115160,-3622.64,-537.188,66.7489,-16011.2,-7281.37,267.263,84.1644
0.274315,-11624.5,-61.7191,13.554,2.68007,115184,-3621.48,-537.224,66.7436,-15928.5,-7281.53,267.19,84.167
0.274325,-11624.5,-61.8355,13.5534,2.6802,115209,-3620.33,-537.26,66.7382,-15845.9,-7281.69,267.117,84.1697
0.274335,-11624.5,-61.9519,13.5527,2.68034,115233,-3619.18,-537.297,66.7328,-15763.2,-7281.84,267.044,84.1724
0.274345,-11624.5,-62.0683,13.5521,2.68047,115257,-3618.02,-537.333,66.7274,-15680.5,-7282,266.971,84.175
0.274355,-11624.5,-62.1847,13.5515,2.68061,115281,-3616.87,-537.369,66.7221,-15597.9,-7282.16,266.898,84.1777
0.274365,-11624.5,-62.3011,13.5509,2.68074,115305,-3615.71,-537.405,66.7167,-15515.1,-7282.31,266.825,84.1804
0.274375,-11624.5,-62.4175,13.5503,2.68088,115329,-3614.56,-537.441,66.7113,-15432.4,-7282.47,266.752,84.1831
0.274385,-11624.5,-62.5339,13.5496,2.68102,115353,-3613.4,-537.478,66.706,-15349.7,-7282.62,266.679,84.1857
0.274395,-11624.5,-62.6503,13.549,2.68115,115377,-3612.25,-537.514,66.7006,-15266.9,-7282.78,266.606,84.1884
0.274405,-11624.5,-62.7667,13.5484,2.68129,115401,-3611.09,-537.55,66.6952,-15184.2,-7282.93,266.533,84.191
0.274415,-11624.5,-62.8831,13.5477,2.68142,115425,-3609.94,-537.586,66.6898,-15101.4,-7283.08,266.46,84.1937
0.274425,-11624.5,-62.9995,13.5471,2.68156,115449,-3608.78,-537.622,66.6844,-15018.6,-7283.23,266.387,84.1964
0.274435,-11624.5,-63.1159,13.5465,2.68169,115473,-3607.62,-537.658,66.6791,-14935.8,-7283.38,266.314,84.199
0.274445,-11624.5,-63.2323,13.5459,2.68183,115497,-3606.47,-537.695,66.6737,-14853,-7283.53,266.242,84.2017
0.274455,-11624.5,-63.3487,13.5452,2.68197,115520,-3605.31,-537.731,66.6683,-14770.2,-7283.68,266.169,84.2044
0.274465,-11624.5,-63.4651,13.5446,2.6821,115544,-3604.15,-537.767,66.6629,-14687.3,-7283.83,266.096,84.207
0.274475,-11624.5,-63.5816,13.5439,2.68224,115568,-3603,-537.803,66.6575,-14604.5,-7283.97,266.023,84.2097
0.274485,-11624.5,-63.698,13.5433,2.68237,115592,-3601.84,-537.839,66.6522,-14521.6,-7284.12,265.95,84.2123
0.274495,-11624.5,-63.8144,13.5427,2.68251,115615,-3600.68,-537.875,66.6468,-14438.7,-7284.26,265.877,84.215
0.274505,-11624.5,-63.9308,13.542,2.68264,115639,-3599.53,-537.911,66.6414,-14355.8,-7284.41,265.804,84.2177
0.274515,-11624.5,-64.0472,13.5414,2.68278,115662,-3598.37,-537.947,66.636,-14272.9,-7284.55,265.731,84.2203
0.274525,-11624.5,-64.1636,13.5407,2.68291,115686,-3597.21,-537.983,66.6307,-14190,-7284.69,265.658,84.223
0.274535,-11624.5,-64.28,13.5401,2.68305,115709,-3596.05,-538.019,66.6253,-14107,-7284.83,265.585,84.2256
0.274545,-11624.5,-64.3964,13.5395,2.68319,115733,-3594.89,-538.055,66.6199,-14024.1,-7284.98,265.512,84.2283
0.274555,-11624.5,-64.5128,13.5388,2.68332,115756,-3593.73,-538.091,66.6145,-13941.1,-7285.12,265.439,84.2309
0.274565,-11624.5,-64.6292,13.5382,2.68346,115779,-3592.57,-538.127,66.6091,-13858.2,-7285.26,265.366,84.2336
0.274575,-11624.5,-64.7456,13.5375,2.68359,115803,-3591.41,-538.163,66.6038,-13775.1,-7285.39,265.293,84.2363
0.274585,-11624.5,-64.862,13.5369,2.68373,115826,-3590.25,-538.199,66.5984,-13692.2,-7285.53,265.22,84.2389
0.274595,-11624.5,-64.9784,13.5362,2.68386,115849,-3589.09,-538.235,66.593,-13609.1,-7285.67,265.147,84.2416
0.274605,-11624.5,-65.0948,13.5356,2.684,115872,-3587.93,-538.271,66.5876,-13526.1,-7285.8,265.074,84.2442
0.274615,-11624.5,-65.2112,13.5349,2.68413,115896,-3586.77,-538.307,66.5822,-13443.1,-7285.94,265.001,84.2469
0.274625,-11624.5,-65.3276,13.5343,2.68427,115919,-3585.61,-538.343,66.5769,-13360,-7286.07,264.929,84.2495
0.274635,-11624.5,-65.444,13.5336,2.68441,115942,-3584.45,-538.379,66.5715,-13276.9,-7286.21,264.855,84.2522
0.274645,-11624.5,-65.5604,13.533,2.68454,115965,-3583.29,-538.414,66.5661,-13193.8,-7286.34,264.783,84.2548
0.274655,-11624.5,-65.6768,13.5323,2.68468,115988,-3582.13,-538.45,66.5607,-13110.8,-7286.47,264.71,84.2574
0.274665,-11624.5,-65.7932,13.5316,2.68481,116011,-3580.97,-538.486,66.5553,-13027.6,-7286.6,264.637,84.2601
0.274675,-11624.5,-65.9096,13.531,2.68495,116034,-3579.81,-538.522,66.5499,-12944.5,-7286.73,264.564,84.2627
0.274685,-11624.5,-66.026,13.5303,2.68508,116057,-3578.64,-538.558,66.5445,-12861.4,-7286.86,264.491,84.2654
0.274695,-11624.5,-66.1424,13.5297,2.68522,116080,-3577.48,-538.594,66.5391,-12778.2,-7286.99,264.418,84.268
0.274705,-11624.5,-66.2588,13.529,2.68535,116103,-3576.32,-538.63,66.5338,-12695,-7287.12,264.345,84.2707
0.274715,-11624.5,-66.3752,13.5283,2.68549,116125,-3575.16,-538.665,66.5284,-12611.9,-7287.24,264.272,84.2733
0.274725,-11624.5,-66.4916,13.5277,2.68562,116148,-3573.99,-538.701,66.523,-12528.7,-7287.37,264.199,84.276
0.274735,-11624.5,-66.608,13.527,2.68576,116171,-3572.83,-538.737,66.5176,-12445.5,-7287.49,264.126,84.2786
0.274745,-11624.5,-66.7244,13.5263,2.6859,116194,-3571.67,-538.773,66.5122,-12362.3,-7287.62,264.053,84.2812
0.274755,-11624.5,-66.8408,13.5257,2.68603,116216,-3570.5,-538.809,66.5068,-12279,-7287.74,263.98,84.2839
0.274765,-11624.5,-66.9572,13.525,2.68617,116239,-3569.34,-538.844,66.5014,-12195.8,-7287.86,263.907,84.2865
0.274775,-11624.5,-67.0736,13.5243,2.6863,116261,-3568.17,-538.88,66.4961,-12112.5,-7287.99,263.834,84.2892
0.274785,-11624.5,-67.19,13.5236,2.68644,116284,-3567.01,-538.916,66.4907,-12029.2,-7288.11,263.761,84.2918
0.274795,-11624.5,-67.3064,13.523,2.68657,116306,-3565.85,-538.951,66.4853,-11945.9,-7288.23,263.688,84.2944
0.274805,-11624.5,-67.4228,13.5223,2.68671,116329,-3564.68,-538.987,66.4799,-11862.6,-7288.35,263.615,84.2971
0.274815,-11624.5,-67.5392,13.5216,2.68684,116351,-3563.52,-539.023,66.4745,-11779.4,-7288.46,263.542,84.2997
0.274825,-11624.5,-67.6556,13.5209,2.68698,116374,-3562.35,-539.058,66.4691,-11696,-7288.58,263.469,84.3023
0.274835,-11624.5,-67.772,13.5203,2.68711,116396,-3561.19,-539.094,66.4637,-11612.7,-7288.7,263.396,84.305
0.274845,-11624.5,-67.8885,13.5196,2.68725,116418,-3560.02,-539.13,66.4583,-11529.3,-7288.81,263.323,84.3076
0.274855,-11624.5,-68.0049,13.5189,2.68739,116441,-3558.85,-539.165,66.4529,-11446,-7288.93,263.25,84.3102
0.274865,-11624.5,-68.1213,13.5182,2.68752,116463,-3557.69,-539.201,66.4475,-11362.6,-7289.04,263.177,84.3129
0.274875,-11624.5,-68.2377,13.5175,2.68766,116485,-3556.52,-539.237,66.4421,-11279.2,-7289.16,263.104,84.3155
0.274885,-11624.5,-68.3541,13.5169,2.68779,116507,-3555.36,-539.272,66.4368,-11195.8,-7289.27,263.031,84.3181
0.274895,-11624.5,-68.4705,13.5162,2.68793,116529,-3554.19,-539.308,66.4314,-11112.4,-7289.38,262.958,84.3208
0.274905,-11624.5,-68.5869,13.5155,2.68806,116552,-3553.02,-539.343,66.426,-11029,-7289.49,262.885,84.3234
0.274915,-11624.5,-68.7033,13.5148,2.6882,116574,-3551.85,-539.379,66.4206,-10945.5,-7289.6,262.812,84.326
0.274926,-11624.5,-68.8197,13.5141,2.68833,116596,-3550.69,-539.415,66.4152,-10862.1,-7289.71,262.739,84.3287
0.274936,-11624.5,-68.9361,13.5134,2.68847,116618,-3549.52,-539.45,66.4098,-10778.6,-7289.82,262.666,84.3313
0.274946,-11624.5,-69.0525,13.5127,2.6886,116640,-3548.35,-539.486,66.4044,-10695.1,-7289.93,262.593,84.3339
0.274956,-11624.5,-69.1689,13.512,2.68874,116661,-3547.18,-539.521,66.399,-10611.6,-7290.03,262.52,84.3365
0.274966,-11624.5,-69.2853,13.5113,2.68887,116683,-3546.02,-539.557,66.3936,-10528.1,-7290.14,262.447,84.3392
0.274976,-11624.5,-69.4017,13.5107,2.68901,116705,-3544.85,-539.592,66.3882,-10444.6,-7290.24,262.374,84.3418
0.274986,-11624.5,-69.5181,13.51,2.68914,116727,-3543.68,-539.628,66.3828,-10361.1,-7290.35,262.301,84.3444
0.274996,-11624.5,-69.6345,13.5093,2.68928,116749,-3542.51,-539.663,66.3774,-10277.5,-7290.45,262.228,84.347
0.275006,-11624.5,-69.7509,13.5086,2.68942,116770,-3541.34,-539.699,66.372,-10193.9,-7290.56,262.155,84.3497
0.275016,-11624.5,-69.8673,13.5079,2.68955,116792,-3540.17,-539.734,66.3666,-10110.4,-7290.66,262.082,84.3523
0.275026,-11624.5,-69.9837,13.5072,2.68969,116814,-3539,-539.77,66.3612,-10026.8,-7290.76,262.009,84.3549
0.275036,-11624.5,-70.1001,13.5065,2.68982,116835,-3537.83,-539.805,66.3558,-9943.22,-7290.86,261.936,84.3575
0.275046,-11624.5,-70.2165,13.5058,2.68996,116857,-3536.66,-539.84,66.3504,-9859.59,-7290.96,261.863,84.3601
0.275056,-11624.5,-70.3329,13.5051,2.69009,116879,-3535.49,-539.876,66.345,-9775.97,-7291.05,261.79,84.3627
0.275066,-11624.5,-70.4493,13.5044,2.69023,116900,-3534.32,-539.911,66.3396,-9692.34,-7291.15,261.717,84.3654
0.275076,-11624.5,-70.5657,13.5036,2.69036,116922,-3533.15,-539.947,66.3342,-9608.7,-7291.25,261.644,84.368
0.275086,-11624.5,-70.6821,13.5029,2.6905,116943,-3531.98,-539.982,66.3288,-9525.04,-7291.34,261.571,84.3706
0.275096,-11624.5,-70.7985,13.5022,2.69063,116964,-3530.81,-540.017,66.3234,-9441.34,-7291.44,261.498,84.3732
0.275106,-11624.5,-70.9149,13.5015,2.69077,116986,-3529.64,-540.053,66.318,-9357.65,-7291.53,261.425,84.3758
0.275116,-11624.5,-71.0313,13.5008,2.6909,117007,-3528.46,-540.088,66.3126,-9273.96,-7291.63,261.352,84.3784
0.275126,-11624.5,-71.1477,13.5001,2.69104,117028,-3527.29,-540.123,66.3072,-9190.24,-7291.72,261.279,84.3811
0.275136,-11624.5,-71.2641,13.4994,2.69117,117050,-3526.12,-540.159,66.3018,-9106.52,-7291.81,261.206,84.3837
0.275146,-11624.5,-71.3805,13.4987,2.69131,117071,-3524.95,-540.194,66.2964,-9022.79,-7291.9,261.133,84.3863
0.275156,-11624.5,-71.4969,13.498,2.69144,117092,-3523.78,-540.229,66.291,-8939.04,-7291.99,261.06,84.3889
0.275166,-11624.5,-71.6133,13.4972,2.69158,117113,-3522.6,-540.265,66.2856,-8855.3,-7292.08,260.987,84.3915
0.275176,-11624.5,-71.7297,13.4965,2.69171,117134,-3521.43,-540.3,66.2802,-8771.52,-7292.17,260.914,84.3941
0.275186,-11624.5,-71.8461,13.4958,2.69185,117155,-3520.26,-540.335,66.2748,-8687.72,-7292.26,260.841,84.3967
0.275196,-11624.5,-71.9626,13.4951,2.69198,117176,-3519.08,-540.37,66.2694,-8603.91,-7292.34,260.768,84.3993
0.275206,-11624.5,-72.079,13.4944,2.69212,117197,-3517.91,-540.406,66.264,-8520.09,-7292.43,260.695,84.4019
0.275216,-11624.5,-72.1954,13.4936,2.69225,117218,-3516.74,-540.441,66.2586,-8436.26,-7292.51,260.622,84.4045
0.275226,-11624.5,-72.3118,13.4929,2.69239,117239,-3515.56,-540.476,66.2532,-8352.44,-7292.6,260.549,84.4072
0.275236,-11624.5,-72.4282,13.4922,2.69252,117260,-3514.39,-540.511,66.2478,-8268.59,-7292.68,260.476,84.4098
0.275246,-11624.5,-72.5446,13.4915,2.69266,117281,-3513.21,-540.546,66.2424,-8184.72,-7292.76,260.403,84.4124
0.275256,-11624.5,-72.661,13.4907,2.69279,117302,-3512.04,-540.582,66.237,-8100.86,-7292.84,260.33,84.415
0.275266,-11624.5,-72.7774,13.49,2.69293,117322,-3510.87,-540.617,66.2316,-8016.96,-7292.93,260.257,84.4176
0.275276,-11624.5,-72.8938,13.4893,2.69306,117343,-3509.69,-540.652,66.2262,-7933.07,-7293.01,260.184,84.4202
0.275286,-11624.5,-73.0102,13.4886,2.6932,117364,-3508.52,-540.687,66.2208,-7849.14,-7293.08,260.111,84.4228
0.275296,-11624.5,-73.1266,13.4878,2.69333,117385,-3507.34,-540.722,66.2154,-7765.23,-7293.16,260.038,84.4254
0.275306,-11624.5,-73.243,13.4871,2.69347,117405,-3506.17,-540.757,66.2099,-7681.28,-7293.24,259.965,84.428
0.275316,-11624.5,-73.3594,13.4864,2.6936,117426,-3504.99,-540.792,66.2045,-7597.34,-7293.32,259.892,84.4306
0.275326,-11624.5,-73.4758,13.4856,2.69374,117446,-3503.81,-540.827,66.1991,-7513.36,-7293.39,259.819,84.4332
0.275336,-11624.5,-73.5922,13.4849,2.69388,117467,-3502.64,-540.862,66.1937,-7429.39,-7293.47,259.746,84.4358
0.275346,-11624.5,-73.7086,13.4841,2.69401,117487,-3501.46,-540.898,66.1883,-7345.42,-7293.54,259.673,84.4384
0.275356,-11624.5,-73.825,13.4834,2.69415,117508,-3500.28,-540.933,66.1829,-7261.39,-7293.61,259.599,84.441
0.275366,-11624.5,-73.9414,13.4827,2.69428,117528,-3499.11,-540.968,66.1775,-7177.39,-7293.69,259.526,84.4436
0.275376,-11624.5,-74.0578,13.4819,2.69442,117548,-3497.93,-541.003,66.1721,-7093.38,-7293.76,259.453,84.4462
0.275386,-11624.5,-74.1742,13.4812,2.69455,117569,-3496.75,-541.038,66.1667,-7009.31,-7293.83,259.38,84.4487
0.275396,-11624.5,-74.2906,13.4804,2.69469,117589,-3495.58,-541.073,66.1613,-6925.27,-7293.9,259.307,84.4513
0.275406,-11624.5,-74.407,13.4797,2.69482,117609,-3494.4,-541.108,66.1559,-6841.21,-7293.97,259.234,84.4539
0.275416,-11624.5,-74.5234,13.4789,2.69496,117630,-3493.22,-541.143,66.1504,-6757.14,-7294.04,259.161,84.4565
0.275426,-11624.5,-74.6398,13.4782,2.69509,117650,-3492.04,-541.178,66.145,-6673.06,-7294.1,259.088,84.4591
0.275436,-11624.5,-74.7562,13.4775,2.69523,117670,-3490.86,-541.213,66.1396,-6588.96,-7294.17,259.015,84.4617
0.275446,-11624.5,-74.8726,13.4767,2.69536,117690,-3489.69,-541.248,66.1342,-6504.84,-7294.23,258.942,84.4643
0.275456,-11624.5,-74.989,13.476,2.69549,117710,-3488.51,-541.283,66.1288,-6420.73,-7294.3,258.869,84.4669
0.275466,-11624.5,-75.1054,13.4752,2.69563,117730,-3487.33,-541.318,66.1234,-6336.58,-7294.36,258.796,84.4695
0.275476,-11624.5,-75.2218,13.4745,2.69576,117750,-3486.15,-541.352,66.118,-6252.44,-7294.43,258.723,84.4721
0.275486,-11624.5,-75.3382,13.4737,2.6959,117770,-3484.97,-541.387,66.1126,-6168.28,-7294.49,258.65,84.4746
0.275496,-11624.5,-75.4546,13.4729,2.69603,117790,-3483.79,-541.422,66.1071,-6084.1,-7294.55,258.577,84.4772
0.275506,-11624.5,-75.571,13.4722,2.69617,117810,-3482.61,-541.457,66.1017,-5999.91,-7294.61,258.504,84.4798
0.275516,-11624.5,-75.6874,13.4714,2.6963,117830,-3481.43,-541.492,66.0963,-5915.71,-7294.67,258.431,84.4824
0.275526,-11624.5,-75.8038,13.4707,2.69644,117849,-3480.25,-541.527,66.0909,-5831.52,-7294.73,258.358,84.485
0.275536,-11624.5,-75.9202,13.4699,2.69657,117869,-3479.07,-541.562,66.0855,-5747.28,-7294.79,258.285,84.4876
0.275546,-11624.5,-76.0367,13.4691,2.69671,117889,-3477.89,-541.596,66.0801,-5663.05,-7294.84,258.212,84.4902
0.275556,-11624.5,-76.1531,13.4684,2.69684,117909,-3476.71,-541.631,66.0746,-5578.79,-7294.9,258.139,84.4927
0.275566,-11624.5,-76.2695,13.4676,2.69698,117928,-3475.53,-541.666,66.0692,-5494.55,-7294.96,258.066,84.4953
0.275576,-11624.5,-76.3859,13.4669,2.69711,117948,-3474.35,-541.701,66.0638,-5410.27,-7295.01,257.992,84.4979
0.275586,-11624.5,-76.5023,13.4661,2.69725,117967,-3473.17,-541.736,66.0584,-5326.01,-7295.06,257.919,84.5005
0.275596,-11624.5,-76.6187,13.4653,2.69738,117987,-3471.99,-541.77,66.053,-5241.71,-7295.12,257.846,84.5031
0.275606,-11624.5,-76.7351,13.4646,2.69752,118006,-3470.8,-541.805,66.0476,-5157.38,-7295.17,257.773,84.5056
0.275616,-11624.5,-76.8515,13.4638,2.69765,118026,-3469.62,-541.84,66.0421,-5073.08,-7295.22,257.7,84.5082
0.275626,-11624.5,-76.9679,13.463,2.69779,118045,-3468.44,-541.875,66.0367,-4988.76,-7295.27,257.627,84.5108
0.275636,-11624.5,-77.0843,13.4622,2.69792,118065,-3467.26,-541.909,66.0313,-4904.41,-7295.32,257.554,84.5134
0.275646,-11624.5,-77.2007,13.4615,2.69806,118084,-3466.08,-541.944,66.0259,-4820.07,-7295.37,257.481,84.5159
0.275656,-11624.5,-77.3171,13.4607,2.69819,118103,-3464.89,-541.979,66.0205,-4735.68,-7295.42,257.408,84.5185
0.275667,-11624.5,-77.4335,13.4599,2.69833,118123,-3463.71,-542.014,66.0151,-4651.31,-7295.46,257.335,84.5211
0.275677,-11624.5,-77.5499,13.4592,2.69846,118142,-3462.53,-542.048,66.0096,-4566.93,-7295.51,257.262,84.5237
0.275687,-11624.5,-77.6663,13.4584,2.6986,118161,-3461.34,-542.083,66.0042,-4482.5,-7295.56,257.189,84.5262
0.275697,-11624.5,-77.7827,13.4576,2.69873,118180,-3460.16,-542.118,65.9988,-4398.09,-7295.6,257.116,84.5288
0.275707,-11624.5,-77.8991,13.4568,2.69887,118200,-3458.98,-542.152,65.9934,-4313.68,-7295.64,257.043,84.5314
0.275717,-11624.5,-78.0155,13.456,2.699,118219,-3457.79,-542.187,65.988,-4229.24,-7295.69,256.97,84.5339
0.275727,-11624.5,-78.1319,13.4553,2.69914,118238,-3456.61,-542.221,65.9825,-4144.8,-7295.73,256.897,84.5365
0.275737,-11624.5,-78.2483,13.4545,2.69927,118257,-3455.43,-542.256,65.9771,-4060.34,-7295.77,256.824,84.5391
0.275747,-11624.5,-78.3647,13.4537,2.69941,118276,-3454.24,-542.291,65.9717,-3975.83,-7295.81,256.751,84.5417
0.275757,-11624.5,-78.4811,13.4529,2.69954,118295,-3453.06,-542.325,65.9663,-3891.36,-7295.85,256.677,84.5442
0.275767,-11624.5,-78.5975,13.4521,2.69967,118314,-3451.87,-542.36,65.9608,-3806.86,-7295.89,256.604,84.5468
0.275777,-11624.5,-78.7139,13.4513,2.69981,118332,-3450.69,-542.394,65.9554,-3722.38,-7295.92,256.531,84.5493
0.275787,-11624.5,-78.8303,13.4505,2.69994,118351,-3449.5,-542.429,65.95,-3637.86,-7295.96,256.458,84.5519
0.275797,-11624.5,-78.9467,13.4497,2.70008,118370,-3448.32,-542.463,65.9446,-3553.32,-7296,256.385,84.5545
0.275807,-11624.5,-79.0631,13.449,2.70021,118389,-3447.13,-542.498,65.9391,-3468.77,-7296.03,256.312,84.557
0.275817,-11624.5,-79.1795,13.4482,2.70035,118408,-3445.95,-542.532,65.9337,-3384.21,-7296.07,256.239,84.5596
0.275827,-11624.5,-79.2959,13.4474,2.70048,118426,-3444.76,-542.567,65.9283,-3299.64,-7296.1,256.166,84.5622
0.275837,-11624.5,-79.4123,13.4466,2.70062,118445,-3443.57,-542.602,65.9229,-3215.05,-7296.13,256.093,84.5647
0.275847,-11624.5,-79.5287,13.4458,2.70075,118464,-3442.39,-542.636,65.9174,-3130.48,-7296.16,256.02,84.5673
0.275857,-11624.5,-79.6451,13.445,2.70089,118482,-3441.2,-542.67,65.912,-3045.86,-7296.2,255.947,84.5699
0.275867,-11624.5,-79.7615,13.4442,2.70102,118501,-3440.02,-542.705,65.9066,-2961.24,-7296.23,255.874,84.5724
0.275877,-11624.5,-79.8779,13.4434,2.70116,118519,-3438.83,-542.739,65.9012,-2876.64,-7296.25,255.801,84.575
0.275887,-11624.5,-79.9943,13.4426,2.70129,118538,-3437.64,-542.774,65.8957,-2792,-7296.28,255.728,84.5775
0.275897,-11624.5,-80.1107,13.4418,2.70143,118556,-3436.46,-542.808,65.8903,-2707.32,-7296.31,255.655,84.5801
0.275907,-11624.5,-80.2271,13.441,2.70156,118575,-3435.27,-542.843,65.8849,-2622.68,-7296.34,255.582,84.5826
0.275917,-11624.5,-80.3436,13.4402,2.70169,118593,-3434.08,-542.877,65.8795,-2537.99,-7296.36,255.509,84.5852
0.275927,-11624.5,-80.46,13.4394,2.70183,118611,-3432.89,-542.911,65.874,-2453.32,-7296.39,255.436,84.5877
0.275937,-11624.5,-80.5764,13.4386,2.70196,118630,-3431.7,-542.946,65.8686,-2368.61,-7296.41,255.362,84.5903
0.275947,-11624.5,-80.6928,13.4378,2.7021,118648,-3430.52,-542.98,65.8632,-2283.92,-7296.44,255.289,84.5929
0.275957,-11624.5,-80.8092,13.437,2.70223,118666,-3429.33,-543.014,65.8577,-2199.2,-7296.46,255.216,84.5954
0.275967,-11624.5,-80.9256,13.4361,2.70237,118684,-3428.14,-543.049,65.8523,-2114.45,-7296.48,255.143,84.598
0.275977,-11624.5,-81.042,13.4353,2.7025,118702,-3426.95,-543.083,65.8469,-2029.73,-7296.5,255.07,84.6005
0.275987,-11624.5,-81.1584,13.4345,2.70264,118720,-3425.76,-543.117,65.8414,-1944.97,-7296.52,254.997,84.6031
0.275997,-11624.5,-81.2748,13.4337,2.70277,118738,-3424.58,-543.152,65.836,-1860.22,-7296.54,254.924,84.6056
0.276007,-11624.5,-81.3912,13.4329,2.70291,118756,-3423.39,-543.186,65.8306,-1775.42,-7296.56,254.851,84.6082
0.276017,-11624.5,-81.5076,13.4321,2.70304,118774,-3422.2,-543.22,65.8251,-1690.62,-7296.58,254.778,84.6107
0.276027,-11624.5,-81.624,13.4313,2.70317,118792,-3421.01,-543.254,65.8197,-1605.84,-7296.59,254.705,84.6133
0.276037,-11624.5,-81.7404,13.4304,2.70331,118810,-3419.82,-543.289,65.8143,-1521.02,-7296.61,254.632,84.6158
0.276047,-11624.5,-81.8568,13.4296,2.70344,118828,-3418.63,-543.323,65.8088,-1436.2,-7296.62,254.559,84.6183
0.276057,-11624.5,-81.9732,13.4288,2.70358,118846,-3417.44,-543.357,65.8034,-1351.37,-7296.64,254.486,84.6209
0.276067,-11624.5,-82.0896,13.428,2.70371,118864,-3416.25,-543.391,65.798,-1266.53,-7296.65,254.413,84.6234
0.276077,-11624.5,-82.206,13.4272,2.70385,118882,-3415.06,-543.426,65.7925,-1181.67,-7296.66,254.34,84.626
0.276087,-11624.5,-82.3224,13.4263,2.70398,118899,-3413.87,-543.46,65.7871,-1096.8,-7296.67,254.266,84.6285
0.276097,-11624.5,-82.4388,13.4255,2.70412,118917,-3412.68,-543.494,65.7817,-1011.92,-7296.68,254.193,84.6311
0.276107,-11624.5,-82.5552,13.4247,2.70425,118935,-3411.48,-543.528,65.7762,-927.02,-7296.69,254.12,84.6336
0.276117,-11624.5,-82.6716,13.4239,2.70438,118952,-3410.29,-543.562,65.7708,-842.113,-7296.7,254.047,84.6361
0.276127,-11624.5,-82.788,13.423,2.70452,118970,-3409.1,-543.596,65.7654,-757.219,-7296.71,253.974,84.6387
0.276137,-11624.5,-82.9044,13.4222,2.70465,118988,-3407.91,-543.631,65.7599,-672.285,-7296.72,253.901,84.6412
0.276147,-11624.5,-83.0208,13.4214,2.70479,119005,-3406.72,-543.665,65.7545,-587.344,-7296.72,253.828,84.6438
0.276157,-11624.5,-83.1372,13.4205,2.70492,119022,-3405.53,-543.699,65.7491,-502.418,-7296.73,253.755,84.6463
0.276167,-11624.5,-83.2536,13.4197,2.70506,119040,-3404.34,-543.733,65.7436,-417.445,-7296.73,253.682,84.6488
0.276177,-11624.5,-83.37,13.4189,2.70519,119057,-3403.14,-543.767,65.7382,-332.469,-7296.74,253.609,84.6514
0.276187,-11624.5,-83.4864,13.418,2.70532,119075,-3401.95,-543.801,65.7327,-247.504,-7296.74,253.536,84.6539
0.276197,-11624.5,-83.6028,13.4172,2.70546,119092,-3400.76,-543.835,65.7273,-162.488,-7296.74,253.463,84.6564
0.276207,-11624.5,-83.7192,13.4164,2.70559,119109,-3399.57,-543.869,65.7219,-77.5078,-7296.74,253.39,84.659
0.276217,-11624.5,-83.8356,13.4155,2.70573,119127,-3398.37,-543.903,65.7164,7.52344,-7296.74,253.317,84.6615
0.276227,-11624.5,-83.952,13.4147,2.70586,119144,-3397.18,-543.937,65.711,92.5391,-7296.74,253.244,84.664
0.276237,-11624.5,-84.0684,13.4138,2.706,119161,-3395.99,-543.971,65.7055,177.598,-7296.74,253.17,84.6666
0.276247,-11624.5,-84.1848,13.413,2.70613,119178,-3394.79,-544.005,65.7001,262.633,-7296.74,253.097,84.6691
0.276257,-11624.5,-84.3012,13.4122,2.70627,119195,-3393.6,-544.039,65.6947,347.684,-7296.74,253.024,84.6716
0.276267,-11624.5,-84.4176,13.4113,2.7064,119212,-3392.41,-544.073,65.6892,432.77,-7296.73,252.951,84.6742
0.276277,-11624.5,-84.534,13.4105,2.70653,119229,-3391.21,-544.107,65.6838,517.848,-7296.73,252.878,84.6767
0.276287,-11624.5,-84.6505,13.4096,2.70667,119246,-3390.02,-544.141,65.6783,602.926,-7296.72,252.805,84.6792
0.276297,-11624.5,-84.7669,13.4088,2.7068,119263,-3388.83,-544.175,65.6729,688.039,-7296.72,252.732,84.6818
0.276307,-11624.5,-84.8833,13.4079,2.70694,119280,-3387.63,-544.209,65.6675,773.148,-7296.71,252.659,84.6843
0.276317,-11624.5,-84.9997,13.4071,2.70707,119297,-3386.44,-544.243,65.662,858.297,-7296.7,252.586,84.6868
0.276327,-11624.5,-85.1161,13.4062,2.70721,119314,-3385.24,-544.277,65.6566,943.434,-7296.69,252.513,84.6893
0.276337,-11624.5,-85.2325,13.4054,2.70734,119331,-3384.05,-544.311,65.6511,1028.58,-7296.68,252.44,84.6919
0.276347,-11624.5,-85.3489,13.4045,2.70747,119348,-3382.85,-544.345,65.6457,1113.73,-7296.67,252.367,84.6944
0.276357,-11624.5,-85.4653,13.4037,2.70761,119364,-3381.66,-544.378,65.6403,1198.91,-7296.66,252.294,84.6969
0.276367,-11624.5,-85.5817,13.4028,2.70774,119381,-3380.46,-544.412,65.6348,1284.09,-7296.65,252.221,84.6994
0.276377,-11624.5,-85.6981,13.4019,2.70788,119398,-3379.27,-544.446,65.6294,1369.26,-7296.63,252.148,84.702
0.276387,-11624.5,-85.8145,13.4011,2.70801,119414,-3378.07,-544.48,65.6239,1454.48,-7296.62,252.075,84.7045
0.276397,-11624.5,-85.9309,13.4002,2.70814,119431,-3376.87,-544.514,65.6185,1539.69,-7296.6,252.001,84.707
0.276408,-11624.5,-86.0473,13.3994,2.70828,119447,-3375.68,-544.548,65.613,1624.92,-7296.59,251.928,84.7095
0.276418,-11624.5,-86.1637,13.3985,2.70841,119464,-3374.48,-544.581,65.6076,1710.17,-7296.57,251.855,84.712
0.276428,-11624.5,-86.2801,13.3976,2.70855,119480,-3373.29,-544.615,65.6021,1795.39,-7296.55,251.782,84.7146
0.276438,-11624.5,-86.3965,13.3968,2.70868,119497,-3372.09,-544.649,65.5967,1880.66,-7296.54,251.709,84.7171
0.276448,-11624.5,-86.5129,13.3959,2.70882,119513,-3370.89,-544.683,65.5912,1965.95,-7296.52,251.636,84.7196
0.276458,-11624.5,-86.6293,13.395,2.70895,119530,-3369.7,-544.716,65.5858,2051.2,-7296.5,251.563,84.7221
0.276468,-11624.5,-86.7457,13.3942,2.70908,119546,-3368.5,-544.75,65.5803,2136.5,-7296.48,251.49,84.7246
0.276478,-11624.5,-86.8621,13.3933,2.70922,119562,-3367.3,-544.784,65.5749,2221.82,-7296.45,251.417,84.7271
0.276488,-11624.5,-86.9785,13.3924,2.70935,119578,-3366.1,-544.818,65.5694,2307.12,-7296.43,251.344,84.7297
0.276498,-11624.5,-87.0949,13.3916,2.70949,119595,-3364.91,-544.851,65.564,2392.43,-7296.41,251.271,84.7322
0.276508,-11624.5,-87.2113,13.3907,2.70962,119611,-3363.71,-544.885,65.5585,2477.78,-7296.38,251.198,84.7347
0.276518,-11624.5,-87.3277,13.3898,2.70975,119627,-3362.51,-544.919,65.5531,2563.11,-7296.36,251.125,84.7372
0.276528,-11624.5,-87.4441,13.3889,2.70989,119643,-3361.31,-544.952,65.5477,2648.48,-7296.33,251.052,84.7397
0.276538,-11624.5,-87.5605,13.3881,2.71002,119659,-3360.12,-544.986,65.5422,2733.84,-7296.3,250.979,84.7422
0.276548,-11624.5,-87.6769,13.3872,2.71016,119675,-3358.92,-545.02,65.5368,2819.21,-7296.28,250.906,84.7447
0.276558,-11624.5,-87.7933,13.3863,2.71029,119691,-3357.72,-545.053,65.5313,2904.59,-7296.25,250.832,84.7472
0.276568,-11624.5,-87.9097,13.3854,2.71042,119707,-3356.52,-545.087,65.5259,2990.01,-7296.22,250.759,84.7497
0.276578,-11624.5,-88.0261,13.3845,2.71056,119723,-3355.32,-545.121,65.5204,3075.43,-7296.19,250.686,84.7522
0.276588,-11624.5,-88.1425,13.3837,2.71069,119739,-3354.12,-545.154,65.515,3160.84,-7296.16,250.613,84.7548
0.276598,-11624.5,-88.2589,13.3828,2.71083,119755,-3352.92,-545.188,65.5095,3246.27,-7296.12,250.54,84.7573
0.276608,-11624.5,-88.3753,13.3819,2.71096,119771,-3351.72,-545.221,65.5041,3331.71,-7296.09,250.467,84.7598
0.276618,-11624.5,-88.4917,13.381,2.71109,119786,-3350.52,-545.255,65.4986,3417.16,-7296.06,250.394,84.7623
0.276628,-11624.5,-88.6081,13.3801,2.71123,119802,-3349.33,-545.288,65.4931,3502.62,-7296.02,250.321,84.7648
0.276638,-11624.5,-88.7245,13.3792,2.71136,119818,-3348.13,-545.322,65.4877,3588.09,-7295.99,250.248,84.7673
0.276648,-11624.5,-88.841,13.3783,2.7115,119834,-3346.93,-545.355,65.4822,3673.58,-7295.95,250.175,84.7698
0.276658,-11624.5,-88.9574,13.3775,2.71163,119849,-3345.72,-545.389,65.4768,3759.08,-7295.91,250.102,84.7723
0.276668,-11624.5,-89.0738,13.3766,2.71176,119865,-3344.52,-545.422,65.4713,3844.59,-7295.88,250.029,84.7748
0.276678,-11624.5,-89.1902,13.3757,2.7119,119880,-3343.32,-545.456,65.4659,3930.11,-7295.84,249.956,84.7773
0.276688,-11624.5,-89.3066,13.3748,2.71203,119896,-3342.12,-545.489,65.4604,4015.61,-7295.8,249.883,84.7798
0.276698,-11624.5,-89.423,13.3739,2.71217,119911,-3340.92,-545.523,65.455,4101.16,-7295.76,249.81,84.7823
0.276708,-11624.5,-89.5394,13.373,2.7123,119927,-3339.72,-545.556,65.4495,4186.71,-7295.72,249.736,84.7848
0.276718,-11624.5,-89.6558,13.3721,2.71243,119942,-3338.52,-545.59,65.444,4272.26,-7295.67,249.663,84.7873
0.276728,-11624.5,-89.7722,13.3712,2.71257,119958,-3337.32,-545.623,65.4386,4357.84,-7295.63,249.59,84.7898
0.276738,-11624.5,-89.8886,13.3703,2.7127,119973,-3336.12,-545.657,65.4331,4443.43,-7295.59,249.517,84.7923
0.276748,-11624.5,-90.005,13.3694,2.71284,119988,-3334.92,-545.69,65.4277,4529,-7295.54,249.444,84.7947
0.276758,-11624.5,-90.1214,13.3685,2.71297,120003,-3333.72,-545.723,65.4222,4614.61,-7295.5,249.371,84.7972
0.276768,-11624.5,-90.2378,13.3676,2.7131,120019,-3332.51,-545.757,65.4168,4700.21,-7295.45,249.298,84.7997
0.276778,-11624.5,-90.3542,13.3667,2.71324,120034,-3331.31,-545.79,65.4113,4785.82,-7295.4,249.225,84.8022
0.276788,-11624.5,-90.4706,13.3658,2.71337,120049,-3330.11,-545.823,65.4059,4871.47,-7295.35,249.152,84.8047
0.276798,-11624.5,-90.587,13.3649,2.71351,120064,-3328.91,-545.857,65.4004,4957.11,-7295.3,249.079,84.8072
0.276808,-11624.5,-90.7034,13.364,2.71364,120079,-3327.71,-545.89,65.395,5042.75,-7295.25,249.006,84.8097
0.276818,-11624.5,-90.8198,13.3631,2.71377,120094,-3326.5,-545.923,65.3895,5128.43,-7295.2,248.933,84.8122
0.276828,-11624.5,-90.9362,13.3621,2.71391,120109,-3325.3,-545.957,65.384,5214.09,-7295.15,248.86,84.8147
0.276838,-11624.5,-91.0526,13.3612,2.71404,120124,-3324.1,-545.99,65.3786,5299.77,-7295.1,248.787,84.8172
0.276848,-11624.5,-91.169,13.3603,2.71417,120139,-3322.9,-546.023,65.3731,5385.46,-7295.05,248.714,84.8197
0.276858,-11624.5,-91.2854,13.3594,2.71431,120154,-3321.69,-546.057,65.3676,5471.16,-7294.99,248.641,84.8221
0.276868,-11624.5,-91.4018,13.3585,2.71444,120169,-3320.49,-546.09,65.3622,5556.9,-7294.94,248.568,84.8246
0.276878,-11624.5,-91.5182,13.3576,2.71458,120184,-3319.29,-546.123,65.3567,5642.59,-7294.88,248.495,84.8271
0.276888,-11624.5,-91.6346,13.3567,2.71471,120198,-3318.08,-546.156,65.3512,5728.36,-7294.82,248.422,84.8296
0.276898,-11624.5,-91.751,13.3557,2.71484,120213,-3316.88,-546.19,65.3458,5814.08,-7294.76,248.349,84.8321
0.276908,-11624.5,-91.8674,13.3548,2.71498,120228,-3315.68,-546.223,65.3403,5899.83,-7294.71,248.276,84.8346
0.276918,-11624.5,-91.9838,13.3539,2.71511,120243,-3314.47,-546.256,65.3349,5985.61,-7294.65,248.202,84.8371
0.276928,-11624.5,-92.1002,13.353,2.71524,120257,-3313.27,-546.289,65.3294,6071.39,-7294.59,248.129,84.8395
0.276938,-11624.5,-92.2166,13.3521,2.71538,120272,-3312.06,-546.322,65.3239,6157.18,-7294.53,248.056,84.842
0.276948,-11624.5,-92.333,13.3511,2.71551,120286,-3310.86,-546.355,65.3185,6242.97,-7294.46,247.983,84.8445
0.276958,-11624.5,-92.4494,13.3502,2.71565,120301,-3309.65,-546.389,65.313,6328.76,-7294.4,247.91,84.847
0.276968,-11624.5,-92.5658,13.3493,2.71578,120315,-3308.45,-546.422,65.3075,6414.59,-7294.34,247.837,84.8494
0.276978,-11624.5,-92.6822,13.3484,2.71591,120330,-3307.24,-546.455,65.3021,6500.42,-7294.27,247.764,84.8519
0.276988,-11624.5,-92.7987,13.3474,2.71605,120344,-3306.04,-546.488,65.2966,6586.24,-7294.21,247.691,84.8544
0.276998,-11624.5,-92.9151,13.3465,2.71618,120359,-3304.83,-546.521,65.2912,6672.1,-7294.14,247.618,84.8569
0.277008,-11624.5,-93.0315,13.3456,2.71631,120373,-3303.63,-546.554,65.2857,6757.94,-7294.07,247.545,84.8594
0.277018,-11624.5,-93.1479,13.3446,2.71645,120387,-3302.42,-546.587,65.2802,6843.82,-7294,247.472,84.8618
0.277028,-11624.5,-93.2643,13.3437,2.71658,120402,-3301.22,-546.62,65.2748,6929.69,-7293.93,247.399,84.8643
0.277038,-11624.5,-93.3807,13.3428,2.71671,120416,-3300.01,-546.653,65.2693,7015.59,-7293.87,247.326,84.8668
0.277048,-11624.5,-93.4971,13.3418,2.71685,120430,-3298.81,-546.686,65.2638,7101.48,-7293.79,247.253,84.8693
0.277058,-11624.5,-93.6135,13.3409,2.71698,120444,-3297.6,-546.719,65.2584,7187.41,-7293.72,247.18,84.8717
0.277068,-11624.5,-93.7299,13.34,2.71712,120458,-3296.39,-546.752,65.2529,7273.32,-7293.65,247.107,84.8742
0.277078,-11624.5,-93.8463,13.339,2.71725,120472,-3295.19,-546.785,65.2474,7359.23,-7293.58,247.034,84.8767
0.277088,-11624.5,-93.9627,13.3381,2.71738,120486,-3293.98,-546.818,65.242,7445.16,-7293.5,246.961,84.8791
0.277098,-11624.5,-94.0791,13.3371,2.71752,120500,-3292.77,-546.851,65.2365,7531.14,-7293.43,246.888,84.8816
0.277108,-11624.5,-94.1955,13.3362,2.71765,120514,-3291.57,-546.884,65.231,7617.09,-7293.35,246.815,84.8841
0.277118,-11624.5,-94.3119,13.3352,2.71778,120528,-3290.36,-546.917,65.2255,7703.05,-7293.28,246.742,84.8866
0.277128,-11624.5,-94.4283,13.3343,2.71792,120542,-3289.15,-546.95,65.2201,7789.02,-7293.2,246.669,84.889
0.277139,-11624.5,-94.5447,13.3334,2.71805,120556,-3287.95,-546.983,65.2146,7875.02,-7293.12,246.596,84.8915
0.277149,-11624.5,-94.6611,13.3324,2.71818,120570,-3286.74,-547.016,65.2091,7961.02,-7293.04,246.523,84.8939
0.277159,-11624.5,-94.7775,13.3315,2.71832,120584,-3285.53,-547.049,65.2037,8047.02,-7292.96,246.45,84.8964
0.277169,-11624.5,-94.8939,13.3305,2.71845,120597,-3284.32,-547.082,65.1982,8133.04,-7292.88,246.376,84.8989
0.277179,-11624.5,-95.0103,13.3296,2.71858,120611,-3283.12,-547.115,65.1927,8219.07,-7292.8,246.303,84.9013
0.277189,-11624.5,-95.1267,13.3286,2.71872,120625,-3281.91,-547.148,65.1873,8305.09,-7292.71,246.23,84.9038
0.277199,-11624.5,-95.2431,13.3277,2.71885,120638,-3280.7,-547.18,65.1818,8391.14,-7292.63,246.157,84.9063
0.277209,-11624.5,-95.3595,13.3267,2.71898,120652,-3279.49,-547.213,65.1763,8477.2,-7292.55,246.084,84.9087
0.277219,-11624.5,-95.4759,13.3257,2.71912,120666,-3278.28,-547.246,65.1708,8563.27,-7292.46,246.011,84.9112
0.277229,-11624.5,-95.5923,13.3248,2.71925,120679,-3277.08,-547.279,65.1654,8649.33,-7292.38,245.938,84.9136
0.277239,-11624.5,-95.7087,13.3238,2.71938,120693,-3275.87,-547.312,65.1599,8735.43,-7292.29,245.865,84.9161
0.277249,-11624.5,-95.8251,13.3229,2.71952,120706,-3274.66,-547.345,65.1544,8821.51,-7292.2,245.792,84.9186
0.277259,-11624.5,-95.9415,13.3219,2.71965,120720,-3273.45,-547.377,65.149,8907.62,-7292.11,245.719,84.921
0.277269,-11624.5,-96.0579,13.3209,2.71978,120733,-3272.24,-547.41,65.1435,8993.73,-7292.02,245.646,84.9235
0.277279,-11624.5,-96.1743,13.32,2.71992,120746,-3271.03,-547.443,65.138,9079.86,-7291.93,245.573,84.9259
0.277289,-11624.5,-96.2907,13.319,2.72005,120760,-3269.82,-547.476,65.1325,9165.99,-7291.84,245.5,84.9284
0.277299,-11624.5,-96.4071,13.3181,2.72019,120773,-3268.61,-547.508,65.1271,9252.15,-7291.75,245.427,84.9308
0.277309,-11624.5,-96.5235,13.3171,2.72032,120786,-3267.4,-547.541,65.1216,9338.29,-7291.65,245.354,84.9333
0.277319,-11624.5,-96.6399,13.3161,2.72045,120799,-3266.2,-547.574,65.1161,9424.45,-7291.56,245.281,84.9358
0.277329,-11624.5,-96.7563,13.3152,2.72059,120812,-3264.98,-547.607,65.1106,9510.64,-7291.47,245.208,84.9382
0.277339,-11624.5,-96.8727,13.3142,2.72072,120826,-3263.77,-547.639,65.1051,9596.82,-7291.37,245.135,84.9407
0.277349,-11624.5,-96.9892,13.3132,2.72085,120839,-3262.56,-547.672,65.0997,9683.01,-7291.27,245.062,84.9431
0.277359,-11624.5,-97.1056,13.3122,2.72098,120852,-3261.36,-547.705,65.0942,9769.2,-7291.18,244.989,84.9455
0.277369,-11624.5,-97.222,13.3113,2.72112,120865,-3260.15,-547.737,65.0887,9855.41,-7291.08,244.916,84.948
0.277379,-11624.5,-97.3384,13.3103,2.72125,120878,-3258.93,-547.77,65.0832,9941.64,-7290.98,244.843,84.9504
0.277389,-11624.5,-97.4548,13.3093,2.72138,120891,-3257.72,-547.802,65.0778,10027.9,-7290.88,244.77,84.9529
0.277399,-11624.5,-97.5712,13.3083,2.72152,120904,-3256.51,-547.835,65.0723,10114.1,-7290.78,244.697,84.9553
0.277409,-11624.5,-97.6876,13.3074,2.72165,120916,-3255.3,-547.868,65.0668,10200.4,-7290.68,244.624,84.9578
0.277419,-11624.5,-97.804,13.3064,2.72178,120929,-3254.09,-547.9,65.0613,10286.6,-7290.57,244.551,84.9602
0.277429,-11624.5,-97.9204,13.3054,2.72192,120942,-3252.88,-547.933,65.0558,10372.9,-7290.47,244.478,84.9627
0.277439,-11624.5,-98.0368,13.3044,2.72205,120955,-3251.67,-547.965,65.0504,10459.2,-7290.37,244.405,84.9651
0.277449,-11624.5,-98.1532,13.3034,2.72218,120968,-3250.46,-547.998,65.0449,10545.5,-7290.26,244.332,84.9676
0.277459,-11624.5,-98.2696,13.3025,2.72232,120980,-3249.25,-548.031,65.0394,10631.8,-7290.16,244.259,84.97
0.277469,-11624.5,-98.386,13.3015,2.72245,120993,-3248.04,-548.063,65.0339,10718.1,-7290.05,244.186,84.9725
0.277479,-11624.5,-98.5024,13.3005,2.72258,121006,-3246.82,-548.096,65.0285,10804.4,-7289.94,244.113,84.9749
0.277489,-11624.5,-98.6188,13.2995,2.72272,121018,-3245.61,-548.128,65.023,10890.7,-7289.83,244.04,84.9773
0.277499,-11624.5,-98.7352,13.2985,2.72285,121031,-3244.4,-548.161,65.0175,10977,-7289.72,243.967,84.9798
0.277509,-11624.5,-98.8516,13.2975,2.72298,121043,-3243.19,-548.193,65.012,11063.4,-7289.61,243.894,84.9822
0.277519,-11624.5,-98.968,13.2965,2.72312,121056,-3241.98,-548.226,65.0065,11149.7,-7289.5,243.821,84.9847
0.277529,-11624.5,-99.0844,13.2955,2.72325,121068,-3240.76,-548.258,65.001,11236.1,-7289.39,243.748,84.9871
0.277539,-11624.5,-99.2008,13.2946,2.72338,121080,-3239.55,-548.29,64.9956,11322.5,-7289.28,243.675,84.9895
0.277549,-11624.5,-99.3172,13.2936,2.72352,121093,-3238.34,-548.323,64.9901,11408.9,-7289.16,243.602,84.992
0.277559,-11624.5,-99.4336,13.2926,2.72365,121105,-3237.13,-548.355,64.9846,11495.2,-7289.05,243.529,84.9944
0.277569,-11624.5,-99.55,13.2916,2.72378,121117,-3235.91,-548.388,64.9791,11581.6,-7288.93,243.456,84.9968
0.277579,-11624.5,-99.6664,13.2906,2.72392,121130,-3234.7,-548.42,64.9736,11668.1,-7288.82,243.383,84.9993
0.277589,-11624.5,-99.7828,13.2896,2.72405,121142,-3233.49,-548.453,64.9681,11754.5,-7288.7,243.31,85.0017
0.277599,-11624.5,-99.8992,13.2886,2.72418,121154,-3232.27,-548.485,64.9626,11840.9,-7288.58,243.237,85.0041
0.277609,-11624.5,-100.016,13.2876,2.72431,121166,-3231.06,-548.517,64.9572,11927.3,-7288.46,243.164,85.0066
0.277619,-11624.5,-100.132,13.2866,2.72445,121178,-3229.85,-548.55,64.9517,12013.8,-7288.34,243.091,85.009
0.277629,-11624.5,-100.248,13.2856,2.72458,121190,-3228.63,-548.582,64.9462,12100.2,-7288.22,243.018,85.0114
0.277639,-11624.5,-100.365,13.2846,2.72471,121202,-3227.42,-548.614,64.9407,12186.7,-7288.1,242.945,85.0139
0.277649,-11624.5,-100.481,13.2836,2.72485,121214,-3226.21,-548.647,64.9352,12273.2,-7287.98,242.872,85.0163
0.277659,-11624.5,-100.598,13.2825,2.72498,121226,-3224.99,-548.679,64.9297,12359.7,-7287.85,242.799,85.0187
0.277669,-11624.5,-100.714,13.2815,2.72511,121238,-3223.78,-548.711,64.9242,12446.2,-7287.73,242.726,85.0211
0.277679,-11624.5,-100.83,13.2805,2.72525,121250,-3222.56,-548.743,64.9188,12532.7,-7287.6,242.653,85.0236
0.277689,-11624.5,-100.947,13.2795,2.72538,121262,-3221.35,-548.776,64.9133,12619.2,-7287.48,242.58,85.026
0.277699,-11624.5,-101.063,13.2785,2.72551,121274,-3220.14,-548.808,64.9078,12705.7,-7287.35,242.507,85.0284
0.277709,-11624.5,-101.18,13.2775,2.72564,121286,-3218.92,-548.84,64.9023,12792.2,-7287.22,242.434,85.0308
0.277719,-11624.5,-101.296,13.2765,2.72578,121297,-3217.71,-548.872,64.8968,12878.8,-7287.09,242.362,85.0333
0.277729,-11624.5,-101.412,13.2755,2.72591,121309,-3216.49,-548.905,64.8913,12965.3,-7286.97,242.288,85.0357
0.277739,-11624.5,-101.529,13.2745,2.72604,121321,-3215.28,-548.937,64.8858,13051.9,-7286.83,242.215,85.0381
0.277749,-11624.5,-101.645,13.2734,2.72618,121332,-3214.06,-548.969,64.8804,13138.4,-7286.7,242.143,85.0405
0.277759,-11624.5,-101.762,13.2724,2.72631,121344,-3212.85,-549.001,64.8749,13225,-7286.57,242.07,85.043
0.277769,-11624.5,-101.878,13.2714,2.72644,121355,-3211.63,-549.033,64.8694,13311.6,-7286.44,241.997,85.0454
0.277779,-11624.5,-101.994,13.2704,2.72657,121367,-3210.42,-549.065,64.8639,13398.2,-7286.3,241.924,85.0478
0.277789,-11624.5,-102.111,13.2694,2.72671,121378,-3209.2,-549.098,64.8584,13484.8,-7286.17,241.851,85.0502
0.277799,-11624.5,-102.227,13.2683,2.72684,121390,-3207.99,-549.13,64.8529,13571.4,-7286.04,241.778,85.0526
0.277809,-11624.5,-102.344,13.2673,2.72697,121401,-3206.77,-549.162,64.8474,13658,-7285.9,241.705,85.0551
0.277819,-11624.5,-102.46,13.2663,2.72711,121413,-3205.56,-549.194,64.8419,13744.7,-7285.76,241.632,85.0575
0.277829,-11624.5,-102.576,13.2653,2.72724,121424,-3204.34,-549.226,64.8364,13831.3,-7285.62,241.559,85.0599
0.277839,-11624.5,-102.693,13.2642,2.72737,121435,-3203.12,-549.258,64.8309,13918,-7285.48,241.486,85.0623
0.277849,-11624.5,-102.809,13.2632,2.7275,121446,-3201.91,-549.29,64.8254,14004.6,-7285.35,241.413,85.0647
0.277859,-11624.5,-102.926,13.2622,2.72764,121458,-3200.69,-549.322,64.8199,14091.3,-7285.2,241.34,85.0671
0.277869,-11624.5,-103.042,13.2611,2.72777,121469,-3199.47,-549.354,64.8144,14178,-7285.06,241.267,85.0695
0.27788,-11624.5,-103.158,13.2601,2.7279,121480,-3198.26,-549.386,64.8089,14264.6,-7284.92,241.194,85.072
0.27789,-11624.5,-103.275,13.2591,2.72804,121491,-3197.04,-549.418,64.8035,14351.3,-7284.78,241.121,85.0744
0.2779,-11624.5,-103.391,13.258,2.72817,121502,-3195.83,-549.45,64.798,14438,-7284.63,241.048,85.0768
0.27791,-11624.5,-103.508,13.257,2.7283,121513,-3194.61,-549.482,64.7925,14524.7,-7284.49,240.975,85.0792
0.27792,-11624.5,-103.624,13.256,2.72843,121524,-3193.39,-549.514,64.787,14611.5,-7284.34,240.902,85.0816
0.27793,-11624.5,-103.741,13.2549,2.72857,121535,-3192.17,-549.546,64.7815,14698.2,-7284.2,240.829,85.084
0.27794,-11624.5,-103.857,13.2539,2.7287,121546,-3190.96,-549.578,64.776,14784.9,-7284.05,240.757,85.0864
0.27795,-11624.5,-103.973,13.2528,2.72883,121557,-3189.74,-549.61,64.7705,14871.7,-7283.9,240.684,85.0888
0.27796,-11624.5,-104.09,13.2518,2.72897,121568,-3188.52,-549.642,64.765,14958.4,-7283.75,240.611,85.0912
0.27797,-11624.5,-104.206,13.2508,2.7291,121579,-3187.31,-549.674,64.7595,15045.2,-7283.6,240.538,85.0936
0.27798,-11624.5,-104.323,13.2497,2.72923,121589,-3186.09,-549.706,64.754,15132,-7283.45,240.465,85.096
0.27799,-11624.5,-104.439,13.2487,2.72936,121600,-3184.87,-549.738,64.7485,15218.7,-7283.3,240.392,85.0984
0.278,-11624.5,-104.555,13.2476,2.7295,121611,-3183.65,-549.77,64.743,15305.5,-7283.14,240.319,85.1008
0.27801,-11624.5,-104.672,13.2466,2.72963,121622,-3182.44,-549.802,64.7375,15392.3,-7282.99,240.246,85.1032
0.27802,-11624.5,-104.788,13.2455,2.72976,121632,-3181.22,-549.834,64.732,15479.1,-7282.84,240.173,85.1057
0.27803,-11624.5,-104.905,13.2445,2.72989,121643,-3180,-549.865,64.7265,15565.9,-7282.68,240.1,85.1081
0.27804,-11624.5,-105.021,13.2434,2.73003,121653,-3178.78,-549.897,64.721,15652.8,-7282.52,240.027,85.1105
0.27805,-11624.5,-105.137,13.2424,2.73016,121664,-3177.56,-549.929,64.7155,15739.6,-7282.37,239.954,85.1129
0.27806,-11624.5,-105.254,13.2413,2.73029,121674,-3176.35,-549.961,64.71,15826.4,-7282.21,239.881,85.1153
0.27807,-11624.5,-105.37,13.2403,2.73042,121685,-3175.13,-549.993,64.7045,15913.3,-7282.05,239.808,85.1177
0.27808,-11624.5,-105.487,13.2392,2.73056,121695,-3173.91,-550.024,64.699,16000.1,-7281.89,239.736,85.12
0.27809,-11624.5,-105.603,13.2382,2.73069,121706,-3172.69,-550.056,64.6935,16087,-7281.73,239.662,85.1224
0.2781,-11624.5,-105.719,13.2371,2.73082,121716,-3171.47,-550.088,64.688,16173.9,-7281.57,239.59,85.1248
0.27811,-11624.5,-105.836,13.236,2.73095,121726,-3170.25,-550.12,64.6825,16260.8,-7281.4,239.517,85.1272
0.27812,-11624.5,-105.952,13.235,2.73109,121737,-3169.03,-550.151,64.677,16347.7,-7281.24,239.444,85.1296
0.27813,-11624.5,-106.069,13.2339,2.73122,121747,-3167.81,-550.183,64.6715,16434.6,-7281.08,239.371,85.132
0.27814,-11624.5,-106.185,13.2329,2.73135,121757,-3166.59,-550.215,64.666,16521.5,-7280.91,239.298,85.1344
0.27815,-11624.5,-106.301,13.2318,2.73148,121767,-3165.37,-550.247,64.6605,16608.4,-7280.75,239.225,85.1368
0.27816,-11624.5,-106.418,13.2307,2.73162,121777,-3164.16,-550.278,64.655,16695.3,-7280.58,239.152,85.1392
0.27817,-11624.5,-106.534,13.2297,2.73175,121787,-3162.94,-550.31,64.6495,16782.3,-7280.41,239.079,85.1416
0.27818,-11624.5,-106.651,13.2286,2.73188,121798,-3161.72,-550.342,64.644,16869.2,-7280.24,239.006,85.144
0.27819,-11624.5,-106.767,13.2275,2.73201,121808,-3160.5,-550.373,64.6385,16956.1,-7280.07,238.933,85.1464
0.2782,-11624.5,-106.883,13.2265,2.73215,121818,-3159.28,-550.405,64.633,17043.1,-7279.9,238.861,85.1488
0.27821,-11624.5,-107,13.2254,2.73228,121827,-3158.06,-550.437,64.6275,17130.1,-7279.73,238.788,85.1512
0.27822,-11624.5,-107.116,13.2243,2.73241,121837,-3156.84,-550.468,64.622,17217.1,-7279.56,238.715,85.1535
0.27823,-11624.5,-107.233,13.2232,2.73254,121847,-3155.62,-550.5,64.6165,17304,-7279.39,238.642,85.1559
0.27824,-11624.5,-107.349,13.2222,2.73268,121857,-3154.4,-550.531,64.611,17391,-7279.21,238.569,85.1583
0.27825,-11624.5,-107.465,13.2211,2.73281,121867,-3153.18,-550.563,64.6055,17478.1,-7279.04,238.496,85.1607
0.27826,-11624.5,-107.582,13.22,2.73294,121877,-3151.96,-550.595,64.6,17565.1,-7278.86,238.423,85.1631
0.27827,-11624.5,-107.698,13.2189,2.73307,121886,-3150.74,-550.626,64.5945,17652.1,-7278.69,238.35,85.1655
0.27828,-11624.5,-107.815,13.2179,2.73321,121896,-3149.51,-550.658,64.5889,17739.1,-7278.51,238.277,85.1679
0.27829,-11624.5,-107.931,13.2168,2.73334,121906,-3148.29,-550.689,64.5834,17826.2,-7278.33,238.204,85.1702
0.2783,-11624.5,-108.047,13.2157,2.73347,121915,-3147.07,-550.721,64.5779,17913.2,-7278.15,238.132,85.1726
0.27831,-11624.5,-108.164,13.2146,2.7336,121925,-3145.85,-550.752,64.5724,18000.3,-7277.97,238.059,85.175
0.27832,-11624.5,-108.28,13.2135,2.73374,121934,-3144.63,-550.784,64.5669,18087.3,-7277.79,237.986,85.1774
0.27833,-11624.5,-108.397,13.2124,2.73387,121944,-3143.41,-550.815,64.5614,18174.4,-7277.61,237.913,85.1798
0.27834,-11624.5,-108.513,13.2114,2.734,121953,-3142.19,-550.847,64.5559,18261.5,-7277.43,237.84,85.1821
0.27835,-11624.5,-108.629,13.2103,2.73413,121963,-3140.97,-550.878,64.5504,18348.5,-7277.25,237.767,85.1845
0.27836,-11624.5,-108.746,13.2092,2.73426,121972,-3139.75,-550.91,64.5449,18435.6,-7277.06,237.694,85.1869
0.27837,-11624.5,-108.862,13.2081,2.7344,121982,-3138.53,-550.941,64.5394,18522.7,-7276.88,237.622,85.1893
0.27838,-11624.5,-108.979,13.207,2.73453,121991,-3137.3,-550.972,64.5339,18609.9,-7276.69,237.549,85.1917
0.27839,-11624.5,-109.095,13.2059,2.73466,122000,-3136.08,-551.004,64.5284,18697,-7276.5,237.476,85.194
0.2784,-11624.5,-109.211,13.2048,2.73479,122010,-3134.86,-551.035,64.5228,18784.1,-7276.32,237.403,85.1964
0.27841,-11624.5,-109.328,13.2037,2.73493,122019,-3133.64,-551.067,64.5173,18871.2,-7276.13,237.33,85.1988
0.27842,-11624.5,-109.444,13.2026,2.73506,122028,-3132.42,-551.098,64.5118,18958.4,-7275.94,237.257,85.2011
0.27843,-11624.5,-109.561,13.2015,2.73519,122037,-3131.19,-551.129,64.5063,19045.5,-7275.75,237.184,85.2035
0.27844,-11624.5,-109.677,13.2004,2.73532,122046,-3129.97,-551.161,64.5008,19132.7,-7275.56,237.112,85.2059
0.27845,-11624.5,-109.793,13.1993,2.73545,122055,-3128.75,-551.192,64.4953,19219.8,-7275.36,237.039,85.2083
0.27846,-11624.5,-109.91,13.1982,2.73559,122064,-3127.53,-551.223,64.4898,19307,-7275.17,236.966,85.2106
0.27847,-11624.5,-110.026,13.1971,2.73572,122073,-3126.31,-551.255,64.4843,19394.2,-7274.98,236.893,85.213
0.27848,-11624.5,-110.143,13.196,2.73585,122082,-3125.08,-551.286,64.4788,19481.4,-7274.78,236.82,85.2154
0.27849,-11624.5,-110.259,13.1949,2.73598,122091,-3123.86,-551.317,64.4732,19568.6,-7274.59,236.747,85.2177
0.2785,-11624.5,-110.375,13.1938,2.73612,122100,-3122.64,-551.349,64.4677,19655.8,-7274.39,236.674,85.2201
0.27851,-11624.5,-110.492,13.1927,2.73625,122109,-3121.42,-551.38,64.4622,19743,-7274.2,236.602,85.2225
0.27852,-11624.5,-110.608,13.1916,2.73638,122118,-3120.19,-551.411,64.4567,19830.3,-7274,236.529,85.2248
0.27853,-11624.5,-110.725,13.1905,2.73651,122126,-3118.97,-551.442,64.4512,19917.5,-7273.8,236.456,85.2272
0.27854,-11624.5,-110.841,13.1894,2.73664,122135,-3117.75,-551.474,64.4457,20004.7,-7273.6,236.383,85.2296
0.27855,-11624.5,-110.957,13.1883,2.73678,122144,-3116.52,-551.505,64.4401,20092,-7273.4,236.31,85.2319
0.27856,-11624.5,-111.074,13.1872,2.73691,122153,-3115.3,-551.536,64.4346,20179.2,-7273.2,236.237,85.2343
0.27857,-11624.5,-111.19,13.1861,2.73704,122161,-3114.08,-551.567,64.4291,20266.5,-7272.99,236.165,85.2367
0.27858,-11624.5,-111.307,13.1849,2.73717,122170,-3112.86,-551.598,64.4236,20353.8,-7272.79,236.092,85.239
0.27859,-11624.5,-111.423,13.1838,2.7373,122178,-3111.63,-551.629,64.4181,20441.1,-7272.59,236.019,85.2414
0.2786,-11624.5,-111.539,13.1827,2.73744,122187,-3110.41,-551.661,64.4126,20528.4,-7272.38,235.946,85.2437
0.27861,-11624.5,-111.656,13.1816,2.73757,122195,-3109.19,-551.692,64.4071,20615.6,-7272.17,235.873,85.2461
0.278621,-11624.5,-111.772,13.1805,2.7377,122204,-3107.96,-551.723,64.4015,20702.9,-7271.97,235.8,85.2484
0.278631,-11624.5,-111.889,13.1794,2.73783,122212,-3106.74,-551.754,64.396,20790.3,-7271.76,235.728,85.2508
0.278641,-11624.5,-112.005,13.1782,2.73796,122221,-3105.51,-551.785,64.3905,20877.6,-7271.55,235.655,85.2532
0.278651,-11624.5,-112.122,13.1771,2.7381,122229,-3104.29,-551.816,64.385,20964.9,-7271.34,235.582,85.2555
0.278661,-11624.5,-112.238,13.176,2.73823,122237,-3103.07,-551.847,64.3795,21052.2,-7271.13,235.509,85.2579
0.278671,-11624.5,-112.354,13.1749,2.73836,122246,-3101.84,-551.878,64.374,21139.6,-7270.92,235.436,85.2602
0.278681,-11624.5,-112.471,13.1737,2.73849,122254,-3100.62,-551.909,64.3684,21226.9,-7270.71,235.364,85.2626
0.278691,-11624.5,-112.587,13.1726,2.73862,122262,-3099.39,-551.94,64.3629,21314.3,-7270.49,235.291,85.2649
0.278701,-11624.5,-112.704,13.1715,2.73876,122270,-3098.17,-551.971,64.3574,21401.7,-7270.28,235.218,85.2673
0.278711,-11624.5,-112.82,13.1704,2.73889,122278,-3096.94,-552.003,64.3519,21489,-7270.07,235.145,85.2696
0.278721,-11624.5,-112.936,13.1692,2.73902,122286,-3095.72,-552.034,64.3464,21576.4,-7269.85,235.072,85.272
0.278731,-11624.5,-113.053,13.1681,2.73915,122295,-3094.49,-552.065,64.3408,21663.8,-7269.63,235,85.2743
0.278741,-11624.5,-113.169,13.167,2.73928,122303,-3093.27,-552.096,64.3353,21751.2,-7269.42,234.927,85.2767
0.278751,-11624.5,-113.286,13.1658,2.73941,122311,-3092.05,-552.126,64.3298,21838.6,-7269.2,234.854,85.279
0.278761,-11624.5,-113.402,13.1647,2.73955,122318,-3090.82,-552.157,64.3243,21926,-7268.98,234.781,85.2814
0.278771,-11624.5,-113.518,13.1636,2.73968,122326,-3089.6,-552.188,64.3187,22013.4,-7268.76,234.708,85.2837
0.278781,-11624.5,-113.635,13.1624,2.73981,122334,-3088.37,-552.219,64.3132,22100.9,-7268.54,234.636,85.2861
0.278791,-11624.5,-113.751,13.1613,2.73994,122342,-3087.15,-552.25,64.3077,22188.3,-7268.32,234.563,85.2884
0.278801,-11624.5,-113.868,13.1601,2.74007,122350,-3085.92,-552.281,64.3022,22275.8,-7268.09,234.49,85.2908
0.278811,-11624.5,-113.984,13.159,2.74021,122358,-3084.7,-552.312,64.2966,22363.2,-7267.87,234.417,85.2931
0.278821,-11624.5,-114.1,13.1579,2.74034,122365,-3083.47,-552.343,64.2911,22450.7,-7267.65,234.345,85.2955
0.278831,-11624.5,-114.217,13.1567,2.74047,122373,-3082.24,-552.374,64.2856,22538.1,-7267.42,234.272,85.2978
0.278841,-11624.5,-114.333,13.1556,2.7406,122381,-3081.02,-552.405,64.2801,22625.6,-7267.19,234.199,85.3001
0.278851,-11624.5,-114.45,13.1544,2.74073,122388,-3079.79,-552.435,64.2746,22713.1,-7266.97,234.126,85.3025
0.278861,-11624.5,-114.566,13.1533,2.74086,122396,-3078.57,-552.466,64.269,22800.6,-7266.74,234.053,85.3048
0.278871,-11624.5,-114.682,13.1521,2.741,122404,-3077.34,-552.497,64.2635,22888.1,-7266.51,233.981,85.3072
0.278881,-11624.5,-114.799,13.151,2.74113,122411,-3076.12,-552.528,64.258,22975.6,-7266.28,233.908,85.3095
0.278891,-11624.5,-114.915,13.1498,2.74126,122419,-3074.89,-552.559,64.2525,23063.1,-7266.05,233.835,85.3119
0.278901,-11624.5,-115.032,13.1487,2.74139,122426,-3073.67,-552.59,64.2469,23150.6,-7265.82,233.762,85.3142
0.278911,-11624.5,-115.148,13.1475,2.74152,122433,-3072.44,-552.62,64.2414,23238.1,-7265.59,233.69,85.3165
0.278921,-11624.5,-115.264,13.1464,2.74165,122441,-3071.21,-552.651,64.2359,23325.7,-7265.35,233.617,85.3189
0.278931,-11624.5,-115.381,13.1452,2.74179,122448,-3069.99,-552.682,64.2304,23413.2,-7265.12,233.544,85.3212
0.278941,-11624.5,-115.497,13.1441,2.74192,122455,-3068.76,-552.712,64.2248,23500.8,-7264.88,233.471,85.3235
0.278951,-11624.5,-115.614,13.1429,2.74205,122463,-3067.54,-552.743,64.2193,23588.3,-7264.65,233.399,85.3259
0.278961,-11624.5,-115.73,13.1417,2.74218,122470,-3066.31,-552.774,64.2138,23675.9,-7264.41,233.326,85.3282
0.278971,-11624.5,-115.846,13.1406,2.74231,122477,-3065.08,-552.805,64.2083,23763.5,-7264.18,233.253,85.3305
0.278981,-11624.5,-115.963,13.1394,2.74244,122484,-3063.86,-552.835,64.2027,23851,-7263.94,233.18,85.3329
0.278991,-11624.5,-116.079,13.1383,2.74258,122491,-3062.63,-552.866,64.1972,23938.6,-7263.7,233.108,85.3352
0.279001,-11624.5,-116.196,13.1371,2.74271,122498,-3061.4,-552.897,64.1917,24026.2,-7263.46,233.035,85.3375
0.279011,-11624.5,-116.312,13.1359,2.74284,122505,-3060.18,-552.927,64.1861,24113.8,-7263.22,232.962,85.3399
0.279021,-11624.5,-116.428,13.1348,2.74297,122512,-3058.95,-552.958,64.1806,24201.4,-7262.97,232.889,85.3422
0.279031,-11624.5,-116.545,13.1336,2.7431,122519,-3057.72,-552.989,64.1751,24289,-7262.73,232.817,85.3445
0.279041,-11624.5,-116.661,13.1324,2.74323,122526,-3056.5,-553.019,64.1695,24376.7,-7262.49,232.744,85.3468
0.279051,-11624.5,-116.778,13.1313,2.74336,122533,-3055.27,-553.05,64.164,24464.3,-7262.24,232.671,85.3492
0.279061,-11624.5,-116.894,13.1301,2.7435,122540,-3054.04,-553.08,64.1585,24551.9,-7262,232.599,85.3515
0.279071,-11624.5,-117.01,13.1289,2.74363,122547,-3052.81,-553.111,64.1529,24639.6,-7261.75,232.526,85.3538
0.279081,-11624.5,-117.127,13.1278,2.74376,122554,-3051.59,-553.141,64.1474,24727.2,-7261.5,232.453,85.3561
0.279091,-11624.5,-117.243,13.1266,2.74389,122560,-3050.36,-553.172,64.1419,24814.9,-7261.26,232.38,85.3585
0.279101,-11624.5,-117.36,13.1254,2.74402,122567,-3049.13,-553.203,64.1363,24902.6,-7261.01,232.308,85.3608
0.279111,-11624.5,-117.476,13.1242,2.74415,122574,-3047.91,-553.233,64.1308,24990.2,-7260.76,232.235,85.3631
0.279121,-11624.5,-117.592,13.1231,2.74428,122581,-3046.68,-553.264,64.1253,25077.9,-7260.51,232.162,85.3654
0.279131,-11624.5,-117.709,13.1219,2.74442,122587,-3045.45,-553.294,64.1198,25165.6,-7260.26,232.09,85.3678
0.279141,-11624.5,-117.825,13.1207,2.74455,122594,-3044.22,-553.325,64.1142,25253.3,-7260,232.017,85.3701
0.279151,-11624.5,-117.942,13.1195,2.74468,122600,-3043,-553.355,64.1087,25341,-7259.75,231.944,85.3724
0.279161,-11624.5,-118.058,13.1183,2.74481,122607,-3041.77,-553.386,64.1032,25428.7,-7259.5,231.871,85.3747
0.279171,-11624.5,-118.174,13.1171,2.74494,122613,-3040.54,-553.416,64.0976,25516.4,-7259.24,231.799,85.377
0.279181,-11624.5,-118.291,13.116,2.74507,122620,-3039.31,-553.446,64.0921,25604.1,-7258.98,231.726,85.3793
0.279191,-11624.5,-118.407,13.1148,2.7452,122626,-3038.08,-553.477,64.0866,25691.9,-7258.73,231.653,85.3817
0.279201,-11624.5,-118.524,13.1136,2.74534,122632,-3036.86,-553.507,64.081,25779.6,-7258.47,231.581,85.384
0.279211,-11624.5,-118.64,13.1124,2.74547,122639,-3035.63,-553.538,64.0755,25867.4,-7258.21,231.508,85.3863
0.279221,-11624.5,-118.756,13.1112,2.7456,122645,-3034.4,-553.568,64.07,25955.1,-7257.95,231.435,85.3886
0.279231,-11624.5,-118.873,13.11,2.74573,122651,-3033.17,-553.599,64.0644,26042.9,-7257.69,231.363,85.3909
0.279241,-11624.5,-118.989,13.1088,2.74586,122658,-3031.94,-553.629,64.0589,26130.6,-7257.43,231.29,85.3932
0.279251,-11624.5,-119.106,13.1076,2.74599,122664,-3030.72,-553.659,64.0533,26218.4,-7257.17,231.217,85.3955
0.279261,-11624.5,-119.222,13.1065,2.74612,122670,-3029.49,-553.69,64.0478,26306.2,-7256.91,231.145,85.3979
0.279271,-11624.5,-119.338,13.1053,2.74625,122676,-3028.26,-553.72,64.0423,26394,-7256.64,231.072,85.4002
0.279281,-11624.5,-119.455,13.1041,2.74639,122682,-3027.03,-553.75,64.0367,26481.8,-7256.38,230.999,85.4025
0.279291,-11624.5,-119.571,13.1029,2.74652,122688,-3025.8,-553.781,64.0312,26569.6,-7256.11,230.927,85.4048
0.279301,-11624.5,-119.688,13.1017,2.74665,122694,-3024.57,-553.811,64.0256,26657.4,-7255.84,230.854,85.4071
0.279311,-11624.5,-119.804,13.1005,2.74678,122700,-3023.35,-553.841,64.0201,26745.2,-7255.58,230.781,85.4094
0.279321,-11624.5,-119.92,13.0993,2.74691,122706,-3022.12,-553.871,64.0146,26833,-7255.31,230.709,85.4117
0.279331,-11624.5,-120.037,13.0981,2.74704,122712,-3020.89,-553.902,64.009,26920.9,-7255.04,230.636,85.414
0.279341,-11624.5,-120.153,13.0969,2.74717,122718,-3019.66,-553.932,64.0035,27008.7,-7254.77,230.563,85.4163
0.279352,-11624.5,-120.27,13.0957,2.7473,122724,-3018.43,-553.962,63.9979,27096.5,-7254.5,230.491,85.4186
0.279362,-11624.5,-120.386,13.0945,2.74744,122729,-3017.2,-553.992,63.9924,27184.4,-7254.23,230.418,85.4209
0.279372,-11624.5,-120.503,13.0932,2.74757,122735,-3015.97,-554.023,63.9869,27272.2,-7253.96,230.346,85.4232
0.279382,-11624.5,-120.619,13.092,2.7477,122741,-3014.74,-554.053,63.9813,27360.1,-7253.68,230.273,85.4255
0.279392,-11624.5,-120.735,13.0908,2.74783,122746,-3013.51,-554.083,63.9758,27448,-7253.41,230.2,85.4278
0.279402,-11624.5,-120.852,13.0896,2.74796,122752,-3012.28,-554.113,63.9702,27535.8,-7253.13,230.128,85.4302
0.279412,-11624.5,-120.968,13.0884,2.74809,122758,-3011.06,-554.143,63.9647,27623.7,-7252.85,230.055,85.4325
0.279422,-11624.5,-121.085,13.0872,2.74822,122763,-3009.83,-554.173,63.9592,27711.6,-7252.58,229.982,85.4348
0.279432,-11624.5,-121.201,13.086,2.74835,122769,-3008.6,-554.203,63.9536,27799.5,-7252.3,229.91,85.437
0.279442,-11624.5,-121.317,13.0848,2.74848,122774,-3007.37,-554.234,63.9481,27887.4,-7252.02,229.837,85.4393
0.279452,-11624.5,-121.434,13.0836,2.74862,122780,-3006.14,-554.264,63.9425,27975.3,-7251.74,229.764,85.4416
0.279462,-11624.5,-121.55,13.0823,2.74875,122785,-3004.91,-554.294,63.937,28063.2,-7251.46,229.692,85.4439
0.279472,-11624.5,-121.667,13.0811,2.74888,122791,-3003.68,-554.324,63.9314,28151.2,-7251.18,229.619,85.4462
0.279482,-11624.5,-121.783,13.0799,2.74901,122796,-3002.45,-554.354,63.9259,28239.1,-7250.9,229.547,85.4485
0.279492,-11624.5,-121.899,13.0787,2.74914,122801,-3001.22,-554.384,63.9204,28327,-7250.61,229.474,85.4508
0.279502,-11624.5,-122.016,13.0775,2.74927,122807,-2999.99,-554.414,63.9148,28415,-7250.33,229.402,85.4531
0.279512,-11624.5,-122.132,13.0762,2.7494,122812,-2998.76,-554.444,63.9093,28502.9,-7250.05,229.329,85.4554
0.279522,-11624.5,-122.249,13.075,2.74953,122817,-2997.53,-554.474,63.9037,28590.9,-7249.76,229.256,85.4577
0.279532,-11624.5,-122.365,13.0738,2.74966,122822,-2996.3,-554.504,63.8982,28678.9,-7249.47,229.184,85.46
0.279542,-11624.5,-122.481,13.0726,2.74979,122827,-2995.07,-554.534,63.8926,28766.8,-7249.19,229.111,85.4623
0.279552,-11624.5,-122.598,13.0713,2.74992,122832,-2993.84,-554.564,63.8871,28854.8,-7248.9,229.039,85.4646
0.279562,-11624.5,-122.714,13.0701,2.75006,122837,-2992.61,-554.594,63.8815,28942.8,-7248.61,228.966,85.4669
0.279572,-11624.5,-122.831,13.0689,2.75019,122843,-2991.38,-554.624,63.876,29030.8,-7248.32,228.893,85.4692
0.279582,-11624.5,-122.947,13.0677,2.75032,122848,-2990.15,-554.654,63.8705,29118.8,-7248.03,228.821,85.4715
0.279592,-11624.5,-123.063,13.0664,2.75045,122852,-2988.92,-554.684,63.8649,29206.8,-7247.73,228.748,85.4737
0.279602,-11624.5,-123.18,13.0652,2.75058,122857,-2987.69,-554.714,63.8594,29294.8,-7247.44,228.676,85.476
0.279612,-11624.5,-123.296,13.064,2.75071,122862,-2986.46,-554.744,63.8538,29382.8,-7247.15,228.603,85.4783
0.279622,-11624.5,-123.413,13.0627,2.75084,122867,-2985.23,-554.774,63.8483,29470.9,-7246.85,228.53,85.4806
0.279632,-11624.5,-123.529,13.0615,2.75097,122872,-2984,-554.804,63.8427,29558.9,-7246.56,228.458,85.4829
0.279642,-11624.5,-123.645,13.0602,2.7511,122877,-2982.77,-554.833,63.8372,29646.9,-7246.26,228.385,85.4852
0.279652,-11624.5,-123.762,13.059,2.75123,122881,-2981.54,-554.863,63.8316,29734.9,-7245.96,228.313,85.4874
0.279662,-11624.5,-123.878,13.0578,2.75136,122886,-2980.31,-554.893,63.8261,29823,-7245.66,228.24,85.4897
0.279672,-11624.5,-123.995,13.0565,2.75149,122891,-2979.08,-554.923,63.8205,29911,-7245.37,228.168,85.492
0.279682,-11624.5,-124.111,13.0553,2.75163,122895,-2977.85,-554.953,63.815,29999.1,-7245.07,228.095,85.4943
0.279692,-11624.5,-124.227,13.054,2.75176,122900,-2976.62,-554.983,63.8094,30087.2,-7244.76,228.023,85.4966
0.279702,-11624.5,-124.344,13.0528,2.75189,122905,-2975.39,-555.012,63.8039,30175.3,-7244.46,227.95,85.4989
0.279712,-11624.5,-124.46,13.0515,2.75202,122909,-2974.15,-555.042,63.7983,30263.3,-7244.16,227.878,85.5011
0.279722,-11624.5,-124.577,13.0503,2.75215,122914,-2972.92,-555.072,63.7928,30351.5,-7243.86,227.805,85.5034
0.279732,-11624.5,-124.693,13.0491,2.75228,122918,-2971.69,-555.102,63.7872,30439.5,-7243.55,227.732,85.5057
0.279742,-11624.5,-124.809,13.0478,2.75241,122923,-2970.46,-555.132,63.7817,30527.6,-7243.25,227.66,85.508
0.279752,-11624.5,-124.926,13.0466,2.75254,122927,-2969.23,-555.161,63.7761,30615.7,-7242.94,227.587,85.5102
0.279762,-11624.5,-125.042,13.0453,2.75267,122931,-2968,-555.191,63.7706,30703.9,-7242.63,227.515,85.5125
0.279772,-11624.5,-125.159,13.0441,2.7528,122936,-2966.77,-555.221,63.765,30792,-7242.33,227.442,85.5148
0.279782,-11624.5,-125.275,13.0428,2.75293,122940,-2965.54,-555.25,63.7595,30880.1,-7242.02,227.37,85.5171
0.279792,-11624.5,-125.391,13.0415,2.75306,122944,-2964.31,-555.28,63.7539,30968.2,-7241.71,227.297,85.5193
0.279802,-11624.5,-125.508,13.0403,2.75319,122948,-2963.08,-555.31,63.7484,31056.4,-7241.4,227.225,85.5216
0.279812,-11624.5,-125.624,13.039,2.75332,122953,-2961.84,-555.339,63.7428,31144.5,-7241.09,227.152,85.5239
0.279822,-11624.5,-125.741,13.0378,2.75345,122957,-2960.61,-555.369,63.7373,31232.7,-7240.77,227.08,85.5262
0.279832,-11624.5,-125.857,13.0365,2.75358,122961,-2959.38,-555.399,63.7317,31320.8,-7240.46,227.007,85.5284
0.279842,-11624.5,-125.973,13.0352,2.75372,122965,-2958.15,-555.428,63.7261,31409,-7240.15,226.935,85.5307
0.279852,-11624.5,-126.09,13.034,2.75385,122969,-2956.92,-555.458,63.7206,31497.2,-7239.83,226.862,85.533
0.279862,-11624.5,-126.206,13.0327,2.75398,122973,-2955.69,-555.488,63.715,31585.3,-7239.52,226.79,85.5352
0.279872,-11624.5,-126.323,13.0315,2.75411,122977,-2954.46,-555.517,63.7095,31673.5,-7239.2,226.717,85.5375
0.279882,-11624.5,-126.439,13.0302,2.75424,122981,-2953.22,-555.547,63.7039,31761.7,-7238.88,226.645,85.5398
0.279892,-11624.5,-126.555,13.0289,2.75437,122985,-2951.99,-555.576,63.6984,31849.9,-7238.56,226.572,85.542
0.279902,-11624.5,-126.672,13.0277,2.7545,122989,-2950.76,-555.606,63.6928,31938.1,-7238.24,226.5,85.5443
0.279912,-11624.5,-126.788,13.0264,2.75463,122992,-2949.53,-555.635,63.6873,32026.3,-7237.92,226.427,85.5466
0.279922,-11624.5,-126.905,13.0251,2.75476,122996,-2948.3,-555.665,63.6817,32114.5,-7237.6,226.355,85.5488
0.279932,-11624.5,-127.021,13.0238,2.75489,123000,-2947.07,-555.694,63.6761,32202.7,-7237.28,226.282,85.5511
0.279942,-11624.5,-127.137,13.0226,2.75502,123004,-2945.84,-555.724,63.6706,32291,-7236.96,226.21,85.5534
0.279952,-11624.5,-127.254,13.0213,2.75515,123007,-2944.6,-555.753,63.665,32379.2,-7236.63,226.137,85.5556
0.279962,-11624.5,-127.37,13.02,2.75528,123011,-2943.37,-555.783,63.6595,32467.4,-7236.31,226.065,85.5579
0.279972,-11624.5,-127.487,13.0188,2.75541,123015,-2942.14,-555.812,63.6539,32555.7,-7235.98,225.992,85.5601
0.279982,-11624.5,-127.603,13.0175,2.75554,123018,-2940.91,-555.842,63.6484,32643.9,-7235.66,225.92,85.5624
0.279992,-11624.5,-127.719,13.0162,2.75567,123022,-2939.68,-555.871,63.6428,32732.2,-7235.33,225.848,85.5647
0.280002,-11624.5,-127.836,13.0149,2.7558,123025,-2938.44,-555.901,63.6372,32820.4,-7235,225.775,85.5669
0.280012,-11624.5,-127.952,13.0136,2.75593,123029,-2937.21,-555.93,63.6317,32908.7,-7234.67,225.703,85.5692
0.280022,-11624.5,-128.069,13.0124,2.75606,123032,-2935.98,-555.96,63.6261,32997,-7234.34,225.63,85.5714
0.280032,-11624.5,-128.185,13.0111,2.75619,123035,-2934.75,-555.989,63.6206,33085.3,-7234.01,225.558,85.5737
0.280042,-11624.5,-128.301,13.0098,2.75632,123039,-2933.52,-556.018,63.615,33173.6,-7233.68,225.485,85.5759
0.280052,-11624.5,-128.418,13.0085,2.75645,123042,-2932.29,-556.048,63.6094,33261.8,-7233.35,225.413,85.5782
0.280062,-11624.5,-128.534,13.0072,2.75658,123045,-2931.05,-556.077,63.6039,33350.1,-7233.01,225.34,85.5805
0.280072,-11624.5,-128.651,13.0059,2.75671,123049,-2929.82,-556.106,63.5983,33438.5,-7232.68,225.268,85.5827
0.280082,-11624.5,-128.767,13.0046,2.75684,123052,-2928.59,-556.136,63.5928,33526.8,-7232.34,225.196,85.585
0.280093,-11624.5,-128.884,13.0033,2.75697,123055,-2927.36,-556.165,63.5872,33615.1,-7232.01,225.123,85.5872
0.280103,-11624.5,-129,13.0021,2.7571,123058,-2926.12,-556.194,63.5816,33703.4,-7231.67,225.051,85.5895
0.280113,-11624.5,-129.116,13.0008,2.75723,123061,-2924.89,-556.224,63.5761,33791.7,-7231.33,224.978,85.5917
0.280123,-11624.5,-129.233,12.9995,2.75736,123064,-2923.66,-556.253,63.5705,33880.1,-7230.99,224.906,85.594
0.280133,-11624.5,-129.349,12.9982,2.7575,123067,-2922.43,-556.282,63.5649,33968.4,-7230.65,224.834,85.5962
0.280143,-11624.5,-129.466,12.9969,2.75763,123070,-2921.2,-556.311,63.5594,34056.7,-7230.31,224.761,85.5985
0.280153,-11624.5,-129.582,12.9956,2.75776,123073,-2919.96,-556.341,63.5538,34145.1,-7229.97,224.689,85.6007
0.280163,-11624.5,-129.698,12.9943,2.75789,123076,-2918.73,-556.37,63.5483,34233.4,-7229.63,224.616,85.603
0.280173,-11624.5,-129.815,12.993,2.75802,123079,-2917.5,-556.399,63.5427,34321.8,-7229.29,224.544,85.6052
0.280183,-11624.5,-129.931,12.9917,2.75815,123082,-2916.26,-556.428,63.5371,34410.2,-7228.94,224.472,85.6074
0.280193,-11624.5,-130.048,12.9904,2.75828,123085,-2915.03,-556.458,63.5316,34498.5,-7228.6,224.399,85.6097
0.280203,-11624.5,-130.164,12.9891,2.75841,123088,-2913.8,-556.487,63.526,34586.9,-7228.25,224.327,85.6119
0.280213,-11624.5,-130.28,12.9878,2.75854,123090,-2912.57,-556.516,63.5204,34675.3,-7227.9,224.254,85.6142
0.280223,-11624.5,-130.397,12.9865,2.75867,123093,-2911.33,-556.545,63.5149,34763.7,-7227.56,224.182,85.6164
0.280233,-11624.5,-130.513,12.9852,2.7588,123096,-2910.1,-556.574,63.5093,34852.1,-7227.21,224.11,85.6187
0.280243,-11624.5,-130.63,12.9839,2.75893,123098,-2908.87,-556.603,63.5037,34940.5,-7226.86,224.037,85.6209
0.280253,-11624.5,-130.746,12.9825,2.75906,123101,-2907.64,-556.632,63.4982,35028.9,-7226.51,223.965,85.6231
0.280263,-11624.5,-130.862,12.9812,2.75919,123104,-2906.4,-556.662,63.4926,35117.3,-7226.16,223.893,85.6254
0.280273,-11624.5,-130.979,12.9799,2.75932,123106,-2905.17,-556.691,63.487,35205.7,-7225.81,223.82,85.6276
0.280283,-11624.5,-131.095,12.9786,2.75945,123109,-2903.94,-556.72,63.4815,35294.2,-7225.45,223.748,85.6299
0.280293,-11624.5,-131.212,12.9773,2.75958,123111,-2902.71,-556.749,63.4759,35382.6,-7225.1,223.676,85.6321
0.280303,-11624.5,-131.328,12.976,2.75971,123114,-2901.47,-556.778,63.4703,35471,-7224.74,223.603,85.6343
0.280313,-11624.5,-131.444,12.9747,2.75984,123116,-2900.24,-556.807,63.4648,35559.5,-7224.39,223.531,85.6366
0.280323,-11624.5,-131.561,12.9734,2.75997,123118,-2899.01,-556.836,63.4592,35647.9,-7224.03,223.459,85.6388
0.280333,-11624.5,-131.677,12.972,2.7601,123121,-2897.77,-556.865,63.4536,35736.4,-7223.67,223.386,85.641
0.280343,-11624.5,-131.794,12.9707,2.76023,123123,-2896.54,-556.894,63.4481,35824.8,-7223.32,223.314,85.6433
0.280353,-11624.5,-131.91,12.9694,2.76036,123125,-2895.31,-556.923,63.4425,35913.3,-7222.96,223.241,85.6455
0.280363,-11624.5,-132.026,12.9681,2.76049,123127,-2894.08,-556.952,63.4369,36001.8,-7222.6,223.169,85.6477
0.280373,-11624.5,-132.143,12.9668,2.76062,123130,-2892.84,-556.981,63.4314,36090.2,-7222.24,223.097,85.65
0.280383,-11624.5,-132.259,12.9654,2.76075,123132,-2891.61,-557.01,63.4258,36178.7,-7221.87,223.024,85.6522
0.280393,-11624.5,-132.376,12.9641,2.76087,123134,-2890.38,-557.039,63.4202,36267.2,-7221.51,222.952,85.6544
0.280403,-11624.5,-132.492,12.9628,2.761,123136,-2889.14,-557.068,63.4146,36355.7,-7221.15,222.88,85.6566
0.280413,-11624.5,-132.608,12.9615,2.76113,123138,-2887.91,-557.097,63.4091,36444.2,-7220.78,222.808,85.6589
0.280423,-11624.5,-132.725,12.9601,2.76126,123140,-2886.68,-557.126,63.4035,36532.7,-7220.42,222.735,85.6611
0.280433,-11624.5,-132.841,12.9588,2.76139,123142,-2885.44,-557.155,63.3979,36621.2,-7220.05,222.663,85.6633
0.280443,-11624.5,-132.958,12.9575,2.76152,123144,-2884.21,-557.183,63.3924,36709.7,-7219.68,222.591,85.6656
0.280453,-11624.5,-133.074,12.9561,2.76165,123146,-2882.98,-557.212,63.3868,36798.2,-7219.32,222.518,85.6678
0.280463,-11624.5,-133.19,12.9548,2.76178,123148,-2881.74,-557.241,63.3812,36886.8,-7218.95,222.446,85.67
0.280473,-11624.5,-133.307,12.9535,2.76191,123150,-2880.51,-557.27,63.3756,36975.3,-7218.58,222.374,85.6722
0.280483,-11624.5,-133.423,12.9521,2.76204,123151,-2879.28,-557.299,63.3701,37063.8,-7218.21,222.302,85.6745
0.280493,-11624.5,-133.54,12.9508,2.76217,123153,-2878.05,-557.328,63.3645,37152.4,-7217.83,222.229,85.6767
0.280503,-11624.5,-133.656,12.9495,2.7623,123155,-2876.81,-557.357,63.3589,37240.9,-7217.46,222.157,85.6789
0.280513,-11624.5,-133.772,12.9481,2.76243,123157,-2875.58,-557.385,63.3533,37329.5,-7217.09,222.085,85.6811
0.280523,-11624.5,-133.889,12.9468,2.76256,123158,-2874.35,-557.414,63.3478,37418,-7216.72,222.012,85.6833
0.280533,-11624.5,-134.005,12.9454,2.76269,123160,-2873.11,-557.443,63.3422,37506.6,-7216.34,221.94,85.6856
0.280543,-11624.5,-134.122,12.9441,2.76282,123161,-2871.88,-557.472,63.3366,37595.1,-7215.96,221.868,85.6878
0.280553,-11624.5,-134.238,12.9427,2.76295,123163,-2870.65,-557.5,63.3311,37683.7,-7215.59,221.796,85.69
0.280563,-11624.5,-134.354,12.9414,2.76308,123164,-2869.41,-557.529,63.3255,37772.3,-7215.21,221.723,85.6922
0.280573,-11624.5,-134.471,12.9401,2.76321,123166,-2868.18,-557.558,63.3199,37860.9,-7214.83,221.651,85.6944
0.280583,-11624.5,-134.587,12.9387,2.76334,123167,-2866.95,-557.587,63.3143,37949.5,-7214.45,221.579,85.6967
0.280593,-11624.5,-134.704,12.9374,2.76347,123169,-2865.71,-557.615,63.3087,38038.1,-7214.07,221.507,85.6989
0.280603,-11624.5,-134.82,12.936,2.7636,123170,-2864.48,-557.644,63.3032,38126.6,-7213.69,221.434,85.7011
0.280613,-11624.5,-134.936,12.9347,2.76373,123172,-2863.25,-557.673,63.2976,38215.2,-7213.31,221.362,85.7033
0.280623,-11624.5,-135.053,12.9333,2.76386,123173,-2862.01,-557.701,63.292,38303.9,-7212.92,221.29,85.7055
0.280633,-11624.5,-135.169,12.932,2.76399,123174,-2860.78,-557.73,63.2864,38392.5,-7212.54,221.218,85.7077
0.280643,-11624.5,-135.286,12.9306,2.76412,123175,-2859.55,-557.759,63.2809,38481.1,-7212.16,221.146,85.7099
0.280653,-11624.5,-135.402,12.9292,2.76425,123177,-2858.31,-557.787,63.2753,38569.7,-7211.77,221.073,85.7121
0.280663,-11624.5,-135.518,12.9279,2.76437,123178,-2857.08,-557.816,63.2697,38658.3,-7211.38,221.001,85.7144
0.280673,-11624.5,-135.635,12.9265,2.7645,123179,-2855.84,-557.844,63.2641,38747,-7210.99,220.929,85.7166
0.280683,-11624.5,-135.751,12.9252,2.76463,123180,-2854.61,-557.873,63.2586,38835.6,-7210.61,220.857,85.7188
0.280693,-11624.5,-135.868,12.9238,2.76476,123181,-2853.38,-557.902,63.253,38924.3,-7210.22,220.784,85.721
0.280703,-11624.5,-135.984,12.9225,2.76489,123182,-2852.15,-557.93,63.2474,39012.9,-7209.83,220.712,85.7232
0.280713,-11624.5,-136.1,12.9211,2.76502,123183,-2850.91,-557.959,63.2418,39101.6,-7209.44,220.64,85.7254
0.280723,-11624.5,-136.217,12.9197,2.76515,123184,-2849.68,-557.987,63.2362,39190.2,-7209.04,220.568,85.7276
0.280733,-11624.5,-136.333,12.9184,2.76528,123185,-2848.44,-558.016,63.2307,39278.9,-7208.65,220.496,85.7298
0.280743,-11624.5,-136.45,12.917,2.76541,123186,-2847.21,-558.044,63.2251,39367.6,-7208.26,220.424,85.732
0.280753,-11624.5,-136.566,12.9156,2.76554,123187,-2845.98,-558.073,63.2195,39456.2,-7207.86,220.351,85.7342
0.280763,-11624.5,-136.682,12.9143,2.76567,123187,-2844.74,-558.101,63.2139,39544.9,-7207.47,220.279,85.7364
0.280773,-11624.5,-136.799,12.9129,2.7658,123188,-2843.51,-558.13,63.2083,39633.6,-7207.07,220.207,85.7386
0.280783,-11624.5,-136.915,12.9115,2.76593,123189,-2842.28,-558.158,63.2027,39722.3,-7206.67,220.135,85.7408
0.280793,-11624.5,-137.032,12.9102,2.76606,123190,-2841.04,-558.187,63.1972,39811,-7206.27,220.063,85.743
0.280803,-11624.5,-137.148,12.9088,2.76619,123190,-2839.81,-558.215,63.1916,39899.7,-7205.88,219.991,85.7452
0.280813,-11624.5,-137.265,12.9074,2.76632,123191,-2838.58,-558.244,63.186,39988.4,-7205.48,219.918,85.7474
0.280823,-11624.5,-137.381,12.906,2.76644,123192,-2837.34,-558.272,63.1804,40077.1,-7205.07,219.846,85.7496
0.280834,-11624.5,-137.497,12.9047,2.76657,123192,-2836.11,-558.3,63.1748,40165.8,-7204.67,219.774,85.7518
0.280844,-11624.5,-137.614,12.9033,2.7667,123193,-2834.88,-558.329,63.1693,40254.5,-7204.27,219.702,85.754
0.280854,-11624.5,-137.73,12.9019,2.76683,123193,-2833.64,-558.357,63.1637,40343.2,-7203.87,219.63,85.7562
0.280864,-11624.5,-137.847,12.9005,2.76696,123194,-2832.41,-558.386,63.1581,40432,-7203.46,219.558,85.7584
0.280874,-11624.5,-137.963,12.8991,2.76709,123194,-2831.17,-558.414,63.1525,40520.7,-7203.06,219.486,85.7606
0.280884,-11624.5,-138.079,12.8978,2.76722,123194,-2829.94,-558.442,63.1469,40609.4,-7202.65,219.413,85.7628
0.280894,-11624.5,-138.196,12.8964,2.76735,123195,-2828.71,-558.471,63.1413,40698.2,-7202.24,219.341,85.765
0.280904,-11624.5,-138.312,12.895,2.76748,123195,-2827.47,-558.499,63.1357,40786.9,-7201.84,219.269,85.7672
0.280914,-11624.5,-138.429,12.8936,2.76761,123195,-2826.24,-558.527,63.1302,40875.7,-7201.43,219.197,85.7694
0.280924,-11624.5,-138.545,12.8922,2.76774,123196,-2825.01,-558.555,63.1246,40964.5,-7201.02,219.125,85.7716
0.280934,-11624.5,-138.661,12.8908,2.76787,123196,-2823.77,-558.584,63.119,41053.2,-7200.61,219.053,85.7738
0.280944,-11624.5,-138.778,12.8894,2.76799,123196,-2822.54,-558.612,63.1134,41142,-7200.2,218.981,85.7759
0.280954,-11624.5,-138.894,12.888,2.76812,123196,-2821.31,-558.64,63.1078,41230.8,-7199.78,218.909,85.7781
0.280964,-11624.5,-139.011,12.8867,2.76825,123196,-2820.07,-558.669,63.1022,41319.5,-7199.37,218.837,85.7803
0.280974,-11624.5,-139.127,12.8853,2.76838,123196,-2818.84,-558.697,63.0966,41408.3,-7198.96,218.765,85.7825
0.280984,-11624.5,-139.243,12.8839,2.76851,123197,-2817.6,-558.725,63.0911,41497.1,-7198.54,218.692,85.7847
0.280994,-11624.5,-139.36,12.8825,2.76864,123197,-2816.37,-558.753,63.0855,41585.9,-7198.12,218.62,85.7869
0.281004,-11624.5,-139.476,12.8811,2.76877,123196,-2815.14,-558.781,63.0799,41674.7,-7197.71,218.548,85.7891
0.281014,-11624.5,-139.593,12.8797,2.7689,123196,-2813.9,-558.81,63.0743,41763.5,-7197.29,218.476,85.7913
0.281024,-11624.5,-139.709,12.8783,2.76903,123196,-2812.67,-558.838,63.0687,41852.3,-7196.87,218.404,85.7934
0.281034,-11624.5,-139.825,12.8769,2.76916,123196,-2811.44,-558.866,63.0631,41941.1,-7196.45,218.332,85.7956
0.281044,-11624.5,-139.942,12.8755,2.76928,123196,-2810.2,-558.894,63.0575,42029.9,-7196.03,218.26,85.7978
0.281054,-11624.5,-140.058,12.8741,2.76941,123196,-2808.97,-558.922,63.0519,42118.7,-7195.61,218.188,85.8
0.281064,-11624.5,-140.175,12.8727,2.76954,123196,-2807.73,-558.95,63.0464,42207.6,-7195.19,218.116,85.8022
0.281074,-11624.5,-140.291,12.8713,2.76967,123195,-2806.5,-558.978,63.0408,42296.4,-7194.76,218.044,85.8044
0.281084,-11624.5,-140.407,12.8699,2.7698,123195,-2805.27,-559.007,63.0352,42385.2,-7194.34,217.972,85.8065
0.281094,-11624.5,-140.524,12.8685,2.76993,123195,-2804.03,-559.035,63.0296,42474.1,-7193.92,217.9,85.8087
0.281104,-11624.5,-140.64,12.8671,2.77006,123194,-2802.8,-559.063,63.024,42562.9,-7193.49,217.828,85.8109
0.281114,-11624.5,-140.757,12.8656,2.77019,123194,-2801.57,-559.091,63.0184,42651.7,-7193.06,217.756,85.8131
0.281124,-11624.5,-140.873,12.8642,2.77032,123194,-2800.33,-559.119,63.0128,42740.6,-7192.64,217.684,85.8153
0.281134,-11624.5,-140.989,12.8628,2.77044,123193,-2799.1,-559.147,63.0072,42829.4,-7192.21,217.612,85.8174
0.281144,-11624.5,-141.106,12.8614,2.77057,123193,-2797.87,-559.175,63.0016,42918.3,-7191.78,217.54,85.8196
0.281154,-11624.5,-141.222,12.86,2.7707,123192,-2796.63,-559.203,62.996,43007.2,-7191.35,217.468,85.8218
0.281164,-11624.5,-141.339,12.8586,2.77083,123191,-2795.4,-559.231,62.9904,43096,-7190.92,217.396,85.824
0.281174,-11624.5,-141.455,12.8572,2.77096,123191,-2794.17,-559.259,62.9848,43184.9,-7190.48,217.324,85.8261
0.281184,-11624.5,-141.571,12.8558,2.77109,123190,-2792.93,-559.287,62.9793,43273.8,-7190.05,217.252,85.8283
0.281194,-11624.5,-141.688,12.8543,2.77122,123189,-2791.7,-559.315,62.9737,43362.7,-7189.62,217.18,85.8305
0.281204,-11624.5,-141.804,12.8529,2.77135,123189,-2790.46,-559.343,62.9681,43451.6,-7189.18,217.108,85.8326
0.281214,-11624.5,-141.921,12.8515,2.77147,123188,-2789.23,-559.371,62.9625,43540.5,-7188.75,217.036,85.8348
0.281224,-11624.5,-142.037,12.8501,2.7716,123187,-2788,-559.399,62.9569,43629.3,-7188.31,216.964,85.837
0.281234,-11624.5,-142.153,12.8486,2.77173,123186,-2786.76,-559.427,62.9513,43718.2,-7187.87,216.892,85.8392
0.281244,-11624.5,-142.27,12.8472,2.77186,123185,-2785.53,-559.454,62.9457,43807.2,-7187.44,216.82,85.8413
0.281254,-11624.5,-142.386,12.8458,2.77199,123185,-2784.3,-559.482,62.9401,43896,-7187,216.748,85.8435
0.281264,-11624.5,-142.503,12.8444,2.77212,123184,-2783.06,-559.51,62.9345,43985,-7186.56,216.676,85.8457
0.281274,-11624.5,-142.619,12.8429,2.77225,123183,-2781.83,-559.538,62.9289,44073.9,-7186.12,216.604,85.8478
0.281284,-11624.5,-142.735,12.8415,2.77237,123182,-2780.6,-559.566,62.9233,44162.8,-7185.67,216.532,85.85
0.281294,-11624.5,-142.852,12.8401,2.7725,123181,-2779.36,-559.594,62.9177,44251.7,-7185.23,216.46,85.8522
0.281304,-11624.5,-142.968,12.8387,2.77263,123180,-2778.13,-559.622,62.9121,44340.7,-7184.79,216.388,85.8543
0.281314,-11624.5,-143.085,12.8372,2.77276,123179,-2776.9,-559.649,62.9065,44429.6,-7184.34,216.316,85.8565
0.281324,-11624.5,-143.201,12.8358,2.77289,123177,-2775.66,-559.677,62.9009,44518.5,-7183.9,216.244,85.8587
0.281334,-11624.5,-143.317,12.8344,2.77302,123176,-2774.43,-559.705,62.8953,44607.5,-7183.45,216.172,85.8608
0.281344,-11624.5,-143.434,12.8329,2.77315,123175,-2773.2,-559.733,62.8897,44696.4,-7183,216.1,85.863
0.281354,-11624.5,-143.55,12.8315,2.77327,123174,-2771.96,-559.76,62.8841,44785.4,-7182.56,216.028,85.8651
0.281364,-11624.5,-143.667,12.83,2.7734,123172,-2770.73,-559.788,62.8785,44874.3,-7182.11,215.956,85.8673
0.281374,-11624.5,-143.783,12.8286,2.77353,123171,-2769.5,-559.816,62.8729,44963.3,-7181.66,215.884,85.8694
0.281384,-11624.5,-143.899,12.8272,2.77366,123170,-2768.26,-559.844,62.8673,45052.3,-7181.21,215.812,85.8716
0.281394,-11624.5,-144.016,12.8257,2.77379,123168,-2767.03,-559.871,62.8617,45141.2,-7180.76,215.741,85.8738
0.281404,-11624.5,-144.132,12.8243,2.77392,123167,-2765.8,-559.899,62.8561,45230.2,-7180.3,215.669,85.8759
0.281414,-11624.5,-144.249,12.8228,2.77404,123166,-2764.56,-559.927,62.8505,45319.2,-7179.85,215.597,85.8781
0.281424,-11624.5,-144.365,12.8214,2.77417,123164,-2763.33,-559.954,62.8449,45408.1,-7179.4,215.525,85.8802
0.281434,-11624.5,-144.481,12.8199,2.7743,123163,-2762.1,-559.982,62.8393,45497.1,-7178.94,215.453,85.8824
0.281444,-11624.5,-144.598,12.8185,2.77443,123161,-2760.86,-560.01,62.8337,45586.1,-7178.48,215.381,85.8845
0.281454,-11624.5,-144.714,12.817,2.77456,123159,-2759.63,-560.037,62.8281,45675.1,-7178.03,215.309,85.8867
0.281464,-11624.5,-144.831,12.8156,2.77469,123158,-2758.4,-560.065,62.8225,45764.1,-7177.57,215.237,85.8888
0.281474,-11624.5,-144.947,12.8141,2.77482,123156,-2757.16,-560.093,62.8169,45853.1,-7177.11,215.166,85.891
0.281484,-11624.5,-145.063,12.8127,2.77494,123154,-2755.93,-560.12,62.8113,45942.1,-7176.65,215.094,85.8932
0.281494,-11624.5,-145.18,12.8112,2.77507,123153,-2754.7,-560.148,62.8057,46031.1,-7176.19,215.022,85.8953
0.281504,-11624.5,-145.296,12.8098,2.7752,123151,-2753.46,-560.175,62.8001,46120.2,-7175.73,214.95,85.8975
0.281514,-11624.5,-145.413,12.8083,2.77533,123149,-2752.23,-560.203,62.7945,46209.2,-7175.27,214.878,85.8996
0.281524,-11624.5,-145.529,12.8069,2.77546,123147,-2751,-560.231,62.7889,46298.2,-7174.8,214.806,85.9018
0.281534,-11624.5,-145.646,12.8054,2.77558,123146,-2749.76,-560.258,62.7833,46387.2,-7174.34,214.734,85.9039
0.281544,-11624.5,-145.762,12.804,2.77571,123144,-2748.53,-560.286,62.7777,46476.2,-7173.88,214.663,85.9061
0.281554,-11624.5,-145.878,12.8025,2.77584,123142,-2747.3,-560.313,62.7721,46565.3,-7173.41,214.591,85.9082
0.281565,-11624.5,-145.995,12.801,2.77597,123140,-2746.06,-560.341,62.7665,46654.3,-7172.94,214.519,85.9103
0.281575,-11624.5,-146.111,12.7996,2.7761,123138,-2744.83,-560.368,62.7609,46743.3,-7172.47,214.447,85.9125
0.281585,-11624.5,-146.228,12.7981,2.77623,123136,-2743.6,-560.396,62.7553,46832.4,-7172.01,214.375,85.9146
0.281595,-11624.5,-146.344,12.7966,2.77635,123134,-2742.37,-560.423,62.7497,46921.4,-7171.54,214.303,85.9168
0.281605,-11624.5,-146.46,12.7952,2.77648,123132,-2741.13,-560.451,62.7441,47010.5,-7171.07,214.232,85.9189
0.281615,-11624.5,-146.577,12.7937,2.77661,123129,-2739.9,-560.478,62.7385,47099.6,-7170.6,214.16,85.9211
0.281625,-11624.5,-146.693,12.7922,2.77674,123127,-2738.67,-560.505,62.7329,47188.6,-7170.12,214.088,85.9232
0.281635,-11624.5,-146.81,12.7908,2.77687,123125,-2737.43,-560.533,62.7273,47277.7,-7169.65,214.016,85.9253
0.281645,-11624.5,-146.926,12.7893,2.77699,123123,-2736.2,-560.56,62.7217,47366.7,-7169.18,213.944,85.9275
0.281655,-11624.5,-147.042,12.7878,2.77712,123120,-2734.97,-560.588,62.7161,47455.8,-7168.7,213.873,85.9296
0.281665,-11624.5,-147.159,12.7864,2.77725,123118,-2733.73,-560.615,62.7105,47544.9,-7168.23,213.801,85.9318
0.281675,-11624.5,-147.275,12.7849,2.77738,123116,-2732.5,-560.642,62.7049,47634,-7167.75,213.729,85.9339
0.281685,-11624.5,-147.392,12.7834,2.77751,123113,-2731.27,-560.67,62.6993,47723.1,-7167.27,213.657,85.936
0.281695,-11624.5,-147.508,12.7819,2.77763,123111,-2730.04,-560.697,62.6937,47812.2,-7166.79,213.585,85.9382
0.281705,-11624.5,-147.624,12.7805,2.77776,123109,-2728.8,-560.724,62.688,47901.2,-7166.31,213.514,85.9403
0.281715,-11624.5,-147.741,12.779,2.77789,123106,-2727.57,-560.752,62.6824,47990.3,-7165.83,213.442,85.9424
0.281725,-11624.5,-147.857,12.7775,2.77802,123104,-2726.34,-560.779,62.6768,48079.4,-7165.35,213.37,85.9446
0.281735,-11624.5,-147.974,12.776,2.77815,123101,-2725.1,-560.806,62.6712,48168.5,-7164.87,213.298,85.9467
0.281745,-11624.5,-148.09,12.7745,2.77827,123098,-2723.87,-560.834,62.6656,48257.6,-7164.39,213.227,85.9488
0.281755,-11624.5,-148.206,12.7731,2.7784,123096,-2722.64,-560.861,62.66,48346.8,-7163.91,213.155,85.951
0.281765,-11624.5,-148.323,12.7716,2.77853,123093,-2721.41,-560.888,62.6544,48435.8,-7163.42,213.083,85.9531
0.281775,-11624.5,-148.439,12.7701,2.77866,123091,-2720.18,-560.915,62.6488,48525,-7162.94,213.012,85.9552
0.281785,-11624.5,-148.556,12.7686,2.77879,123088,-2718.94,-560.943,62.6432,48614.1,-7162.45,212.94,85.9574
0.281795,-11624.5,-148.672,12.7671,2.77891,123085,-2717.71,-560.97,62.6376,48703.2,-7161.96,212.868,85.9595
0.281805,-11624.5,-148.788,12.7656,2.77904,123082,-2716.48,-560.997,62.632,48792.3,-7161.47,212.796,85.9616
0.281815,-11624.5,-148.905,12.7641,2.77917,123079,-2715.25,-561.024,62.6264,48881.5,-7160.98,212.725,85.9637
0.281825,-11624.5,-149.021,12.7626,2.7793,123077,-2714.01,-561.051,62.6207,48970.6,-7160.49,212.653,85.9659
0.281835,-11624.5,-149.138,12.7611,2.77942,123074,-2712.78,-561.079,62.6151,49059.7,-7160,212.581,85.968
0.281845,-11624.5,-149.254,12.7596,2.77955,123071,-2711.55,-561.106,62.6095,49148.9,-7159.51,212.51,85.9701
0.281855,-11624.5,-149.37,12.7582,2.77968,123068,-2710.32,-561.133,62.6039,49238,-7159.02,212.438,85.9723
0.281865,-11624.5,-149.487,12.7567,2.77981,123065,-2709.08,-561.16,62.5983,49327.2,-7158.53,212.366,85.9744
0.281875,-11624.5,-149.603,12.7552,2.77994,123062,-2707.85,-561.187,62.5927,49416.4,-7158.03,212.294,85.9765
0.281885,-11624.5,-149.72,12.7537,2.78006,123059,-2706.62,-561.214,62.5871,49505.5,-7157.54,212.223,85.9786
0.281895,-11624.5,-149.836,12.7522,2.78019,123056,-2705.39,-561.241,62.5815,49594.7,-7157.04,212.151,85.9807
0.281905,-11624.5,-149.952,12.7507,2.78032,123052,-2704.15,-561.268,62.5759,49683.8,-7156.54,212.079,85.9829
0.281915,-11624.5,-150.069,12.7492,2.78045,123049,-2702.92,-561.296,62.5702,49773,-7156.04,212.008,85.985
0.281925,-11624.5,-150.185,12.7477,2.78057,123046,-2701.69,-561.323,62.5646,49862.1,-7155.55,211.936,85.9871
0.281935,-11624.5,-150.302,12.7461,2.7807,123043,-2700.46,-561.35,62.559,49951.3,-7155.05,211.865,85.9892
0.281945,-11624.5,-150.418,12.7446,2.78083,123040,-2699.23,-561.377,62.5534,50040.5,-7154.55,211.793,85.9913
0.281955,-11624.5,-150.534,12.7431,2.78096,123036,-2697.99,-561.404,62.5478,50129.7,-7154.04,211.721,85.9935
0.281965,-11624.5,-150.651,12.7416,2.78109,123033,-2696.76,-561.431,62.5422,50218.9,-7153.54,211.65,85.9956
0.281975,-11624.5,-150.767,12.7401,2.78121,123030,-2695.53,-561.458,62.5366,50308.1,-7153.04,211.578,85.9977
0.281985,-11624.5,-150.884,12.7386,2.78134,123026,-2694.3,-561.485,62.5309,50397.3,-7152.53,211.506,85.9998
0.281995,-11624.5,-151,12.7371,2.78147,123023,-2693.06,-561.512,62.5253,50486.5,-7152.03,211.435,86.0019
0.282005,-11624.5,-151.116,12.7356,2.7816,123019,-2691.83,-561.539,62.5197,50575.7,-7151.52,211.363,86.004
0.282015,-11624.5,-151.233,12.7341,2.78172,123016,-2690.6,-561.566,62.5141,50664.9,-7151.02,211.291,86.0061
0.282025,-11624.5,-151.349,12.7326,2.78185,123012,-2689.37,-561.592,62.5085,50754,-7150.51,211.22,86.0083
0.282035,-11624.5,-151.466,12.731,2.78198,123009,-2688.14,-561.619,62.5029,50843.2,-7150,211.148,86.0104
0.282045,-11624.5,-151.582,12.7295,2.78211,123005,-2686.91,-561.646,62.4972,50932.5,-7149.49,211.077,86.0125
0.282055,-11624.5,-151.698,12.728,2.78223,123001,-2685.68,-561.673,62.4916,51021.7,-7148.98,211.005,86.0146
0.282065,-11624.5,-151.815,12.7265,2.78236,122998,-2684.44,-561.7,62.486,51110.9,-7148.47,210.934,86.0167
0.282075,-11624.5,-151.931,12.725,2.78249,122994,-2683.21,-561.727,62.4804,51200.1,-7147.96,210.862,86.0188
0.282085,-11624.5,-152.048,12.7234,2.78261,122990,-2681.98,-561.754,62.4748,51289.4,-7147.44,210.79,86.0209
0.282095,-11624.5,-152.164,12.7219,2.78274,122986,-2680.75,-561.781,62.4692,51378.6,-7146.93,210.719,86.023
0.282105,-11624.5,-152.28,12.7204,2.78287,122983,-2679.52,-561.807,62.4635,51467.8,-7146.41,210.647,86.0251
0.282115,-11624.5,-152.397,12.7189,2.783,122979,-2678.28,-561.834,62.4579,51557.1,-7145.9,210.576,86.0272
0.282125,-11624.5,-152.513,12.7173,2.78312,122975,-2677.05,-561.861,62.4523,51646.3,-7145.38,210.504,86.0293
0.282135,-11624.5,-152.63,12.7158,2.78325,122971,-2675.82,-561.888,62.4467,51735.5,-7144.86,210.433,86.0314
0.282145,-11624.5,-152.746,12.7143,2.78338,122967,-2674.59,-561.915,62.4411,51824.8,-7144.35,210.361,86.0336
0.282155,-11624.5,-152.862,12.7128,2.78351,122963,-2673.36,-561.942,62.4354,51914,-7143.83,210.29,86.0357
0.282165,-11624.5,-152.979,12.7112,2.78363,122959,-2672.13,-561.968,62.4298,52003.3,-7143.31,210.218,86.0378
0.282175,-11624.5,-153.095,12.7097,2.78376,122955,-2670.9,-561.995,62.4242,52092.5,-7142.78,210.146,86.0399
0.282185,-11624.5,-153.212,12.7082,2.78389,122951,-2669.67,-562.022,62.4186,52181.8,-7142.26,210.075,86.042
0.282195,-11624.5,-153.328,12.7066,2.78402,122947,-2668.43,-562.049,62.413,52271,-7141.74,210.003,86.0441
0.282205,-11624.5,-153.444,12.7051,2.78414,122943,-2667.2,-562.075,62.4074,52360.3,-7141.22,209.932,86.0462
0.282215,-11624.5,-153.561,12.7036,2.78427,122938,-2665.97,-562.102,62.4017,52449.5,-7140.69,209.86,86.0483
0.282225,-11624.5,-153.677,12.702,2.7844,122934,-2664.74,-562.129,62.3961,52538.8,-7140.17,209.789,86.0504
0.282235,-11624.5,-153.794,12.7005,2.78452,122930,-2663.51,-562.155,62.3905,52628.1,-7139.64,209.717,86.0525
0.282245,-11624.5,-153.91,12.6989,2.78465,122926,-2662.28,-562.182,62.3849,52717.4,-7139.11,209.646,86.0546
0.282255,-11624.5,-154.027,12.6974,2.78478,122921,-2661.05,-562.209,62.3792,52806.7,-7138.58,209.574,86.0566
0.282265,-11624.5,-154.143,12.6958,2.78491,122917,-2659.82,-562.235,62.3736,52895.9,-7138.05,209.503,86.0587
0.282275,-11624.5,-154.259,12.6943,2.78503,122913,-2658.59,-562.262,62.368,52985.2,-7137.52,209.431,86.0608
0.282285,-11624.5,-154.376,12.6928,2.78516,122908,-2657.36,-562.289,62.3624,53074.5,-7136.99,209.36,86.0629
0.282295,-11624.5,-154.492,12.6912,2.78529,122904,-2656.12,-562.315,62.3568,53163.8,-7136.46,209.289,86.065
0.282306,-11624.5,-154.609,12.6897,2.78541,122899,-2654.89,-562.342,62.3511,53253.1,-7135.93,209.217,86.0671
0.282316,-11624.5,-154.725,12.6881,2.78554,122895,-2653.66,-562.368,62.3455,53342.4,-7135.4,209.146,86.0692
0.282326,-11624.5,-154.841,12.6866,2.78567,122890,-2652.43,-562.395,62.3399,53431.7,-7134.86,209.074,86.0713
0.282336,-11624.5,-154.958,12.685,2.7858,122886,-2651.2,-562.421,62.3343,53521,-7134.32,209.003,86.0734
0.282346,-11624.5,-155.074,12.6835,2.78592,122881,-2649.97,-562.448,62.3286,53610.3,-7133.79,208.931,86.0755
0.282356,-11624.5,-155.191,12.6819,2.78605,122876,-2648.74,-562.474,62.323,53699.6,-7133.25,208.86,86.0776
0.282366,-11624.5,-155.307,12.6804,2.78618,122872,-2647.51,-562.501,62.3174,53788.9,-7132.71,208.788,86.0797
0.282376,-11624.5,-155.423,12.6788,2.7863,122867,-2646.28,-562.528,62.3118,53878.2,-7132.17,208.717,86.0817
0.282386,-11624.5,-155.54,12.6772,2.78643,122862,-2645.05,-562.554,62.3061,53967.6,-7131.63,208.646,86.0838
0.282396,-11624.5,-155.656,12.6757,2.78656,122857,-2643.82,-562.581,62.3005,54056.9,-7131.09,208.574,86.0859
0.282406,-11624.5,-155.773,12.6741,2.78668,122853,-2642.59,-562.607,62.2949,54146.2,-7130.55,208.503,86.088
0.282416,-11624.5,-155.889,12.6726,2.78681,122848,-2641.36,-562.633,62.2893,54235.5,-7130.01,208.431,86.0901
0.282426,-11624.5,-156.005,12.671,2.78694,122843,-2640.13,-562.66,62.2836,54324.9,-7129.46,208.36,86.0922
0.282436,-11624.5,-156.122,12.6694,2.78706,122838,-2638.9,-562.686,62.278,54414.2,-7128.92,208.289,86.0943
0.282446,-11624.5,-156.238,12.6679,2.78719,122833,-2637.67,-562.713,62.2724,54503.5,-7128.37,208.217,86.0963
0.282456,-11624.5,-156.355,12.6663,2.78732,122828,-2636.44,-562.739,62.2667,54592.9,-7127.83,208.146,86.0984
0.282466,-11624.5,-156.471,12.6647,2.78745,122823,-2635.21,-562.766,62.2611,54682.2,-7127.28,208.074,86.1005
0.282476,-11624.5,-156.587,12.6632,2.78757,122818,-2633.98,-562.792,62.2555,54771.6,-7126.73,208.003,86.1026
0.282486,-11624.5,-156.704,12.6616,2.7877,122813,-2632.75,-562.818,62.2499,54860.9,-7126.19,207.932,86.1047
0.282496,-11624.5,-156.82,12.66,2.78783,122808,-2631.52,-562.845,62.2442,54950.2,-7125.63,207.86,86.1067
0.282506,-11624.5,-156.937,12.6585,2.78795,122802,-2630.29,-562.871,62.2386,55039.6,-7125.08,207.789,86.1088
0.282516,-11624.5,-157.053,12.6569,2.78808,122797,-2629.06,-562.897,62.233,55129,-7124.53,207.718,86.1109
0.282526,-11624.5,-157.169,12.6553,2.78821,122792,-2627.83,-562.924,62.2274,55218.3,-7123.98,207.646,86.113
0.282536,-11624.5,-157.286,12.6537,2.78833,122787,-2626.6,-562.95,62.2217,55307.7,-7123.43,207.575,86.115
0.282546,-11624.5,-157.402,12.6522,2.78846,122781,-2625.37,-562.976,62.2161,55397,-7122.87,207.504,86.1171
0.282556,-11624.5,-157.519,12.6506,2.78859,122776,-2624.14,-563.002,62.2105,55486.4,-7122.32,207.432,86.1192
0.282566,-11624.5,-157.635,12.649,2.78871,122771,-2622.91,-563.029,62.2048,55575.8,-7121.76,207.361,86.1213
0.282576,-11624.5,-157.751,12.6474,2.78884,122765,-2621.68,-563.055,62.1992,55665.1,-7121.2,207.29,86.1233
0.282586,-11624.5,-157.868,12.6459,2.78897,122760,-2620.46,-563.081,62.1936,55754.5,-7120.65,207.218,86.1254
0.282596,-11624.5,-157.984,12.6443,2.78909,122754,-2619.23,-563.107,62.1879,55843.9,-7120.09,207.147,86.1275
0.282606,-11624.5,-158.101,12.6427,2.78922,122749,-2618,-563.134,62.1823,55933.2,-7119.53,207.076,86.1296
0.282616,-11624.5,-158.217,12.6411,2.78935,122743,-2616.77,-563.16,62.1767,56022.6,-7118.97,207.005,86.1316
0.282626,-11624.5,-158.333,12.6395,2.78947,122738,-2615.54,-563.186,62.171,56112,-7118.41,206.933,86.1337
0.282636,-11624.5,-158.45,12.6379,2.7896,122732,-2614.31,-563.212,62.1654,56201.4,-7117.84,206.862,86.1358
0.282646,-11624.5,-158.566,12.6364,2.78973,122726,-2613.08,-563.239,62.1598,56290.8,-7117.28,206.791,86.1378
0.282656,-11624.5,-158.683,12.6348,2.78985,122721,-2611.85,-563.265,62.1542,56380.2,-7116.72,206.719,86.1399
0.282666,-11624.5,-158.799,12.6332,2.78998,122715,-2610.62,-563.291,62.1485,56469.6,-7116.15,206.648,86.142
0.282676,-11624.5,-158.915,12.6316,2.79011,122709,-2609.39,-563.317,62.1429,56559,-7115.59,206.577,86.144
0.282686,-11624.5,-159.032,12.63,2.79023,122704,-2608.17,-563.343,62.1372,56648.4,-7115.02,206.506,86.1461
0.282696,-11624.5,-159.148,12.6284,2.79036,122698,-2606.94,-563.369,62.1316,56737.8,-7114.45,206.434,86.1482
0.282706,-11624.5,-159.265,12.6268,2.79048,122692,-2605.71,-563.395,62.126,56827.2,-7113.88,206.363,86.1502
0.282716,-11624.5,-159.381,12.6252,2.79061,122686,-2604.48,-563.421,62.1203,56916.6,-7113.31,206.292,86.1523
0.282726,-11624.5,-159.497,12.6236,2.79074,122680,-2603.25,-563.447,62.1147,57006,-7112.74,206.221,86.1544
0.282736,-11624.5,-159.614,12.622,2.79086,122674,-2602.02,-563.473,62.1091,57095.4,-7112.17,206.15,86.1564
0.282746,-11624.5,-159.73,12.6204,2.79099,122668,-2600.79,-563.5,62.1034,57184.8,-7111.6,206.078,86.1585
0.282756,-11624.5,-159.847,12.6188,2.79112,122662,-2599.57,-563.526,62.0978,57274.2,-7111.03,206.007,86.1605
0.282766,-11624.5,-159.963,12.6172,2.79124,122656,-2598.34,-563.552,62.0922,57363.7,-7110.45,205.936,86.1626
0.282776,-11624.5,-160.079,12.6156,2.79137,122650,-2597.11,-563.578,62.0865,57453.1,-7109.88,205.865,86.1647
0.282786,-11624.5,-160.196,12.614,2.7915,122644,-2595.88,-563.604,62.0809,57542.5,-7109.3,205.794,86.1667
0.282796,-11624.5,-160.312,12.6124,2.79162,122638,-2594.65,-563.63,62.0753,57631.9,-7108.72,205.722,86.1688
0.282806,-11624.5,-160.429,12.6108,2.79175,122632,-2593.42,-563.656,62.0696,57721.4,-7108.15,205.651,86.1708
0.282816,-11624.5,-160.545,12.6092,2.79187,122626,-2592.2,-563.682,62.064,57810.8,-7107.57,205.58,86.1729
0.282826,-11624.5,-160.661,12.6076,2.792,122619,-2590.97,-563.708,62.0584,57900.2,-7106.99,205.509,86.1749
0.282836,-11624.5,-160.778,12.606,2.79213,122613,-2589.74,-563.733,62.0527,57989.6,-7106.41,205.438,86.177
0.282846,-11624.5,-160.894,12.6044,2.79225,122607,-2588.51,-563.759,62.0471,58079.1,-7105.83,205.366,86.1791
0.282856,-11624.5,-161.011,12.6028,2.79238,122600,-2587.29,-563.785,62.0414,58168.5,-7105.25,205.295,86.1811
0.282866,-11624.5,-161.127,12.6011,2.79251,122594,-2586.06,-563.811,62.0358,58258,-7104.66,205.224,86.1832
0.282876,-11624.5,-161.243,12.5995,2.79263,122588,-2584.83,-563.837,62.0302,58347.4,-7104.08,205.153,86.1852
0.282886,-11624.5,-161.36,12.5979,2.79276,122581,-2583.6,-563.863,62.0245,58436.9,-7103.49,205.082,86.1873
0.282896,-11624.5,-161.476,12.5963,2.79288,122575,-2582.38,-563.889,62.0189,58526.3,-7102.91,205.011,86.1893
0.282906,-11624.5,-161.593,12.5947,2.79301,122568,-2581.15,-563.915,62.0133,58615.8,-7102.32,204.94,86.1914
0.282916,-11624.5,-161.709,12.5931,2.79314,122562,-2579.92,-563.94,62.0076,58705.2,-7101.73,204.868,86.1934
0.282926,-11624.5,-161.826,12.5914,2.79326,122555,-2578.69,-563.966,62.002,58794.7,-7101.15,204.797,86.1955
0.282936,-11624.5,-161.942,12.5898,2.79339,122548,-2577.47,-563.992,61.9963,58884.1,-7100.56,204.726,86.1975
0.282946,-11624.5,-162.058,12.5882,2.79351,122542,-2576.24,-564.018,61.9907,58973.6,-7099.97,204.655,86.1996
0.282956,-11624.5,-162.175,12.5866,2.79364,122535,-2575.01,-564.044,61.9851,59063.1,-7099.38,204.584,86.2016
0.282966,-11624.5,-162.291,12.5849,2.79377,122528,-2573.78,-564.07,61.9794,59152.5,-7098.79,204.513,86.2036
0.282976,-11624.5,-162.408,12.5833,2.79389,122522,-2572.56,-564.095,61.9738,59242,-7098.19,204.442,86.2057
0.282986,-11624.5,-162.524,12.5817,2.79402,122515,-2571.33,-564.121,61.9681,59331.4,-7097.6,204.371,86.2077
0.282996,-11624.5,-162.64,12.5801,2.79414,122508,-2570.1,-564.147,61.9625,59420.9,-7097,204.3,86.2098
0.283006,-11624.5,-162.757,12.5784,2.79427,122501,-2568.88,-564.172,61.9568,59510.4,-7096.41,204.229,86.2118
0.283016,-11624.5,-162.873,12.5768,2.7944,122494,-2567.65,-564.198,61.9512,59599.9,-7095.81,204.158,86.2139
0.283026,-11624.5,-162.99,12.5752,2.79452,122488,-2566.42,-564.224,61.9456,59689.3,-7095.21,204.087,86.2159
0.283037,-11624.5,-163.106,12.5735,2.79465,122481,-2565.2,-564.25,61.9399,59778.8,-7094.62,204.016,86.2179
0.283047,-11624.5,-163.222,12.5719,2.79477,122474,-2563.97,-564.275,61.9343,59868.3,-7094.02,203.945,86.22
0.283057,-11624.5,-163.339,12.5703,2.7949,122467,-2562.75,-564.301,61.9286,59957.8,-7093.42,203.873,86.222
0.283067,-11624.5,-163.455,12.5686,2.79503,122460,-2561.52,-564.327,61.923,60047.3,-7092.82,203.802,86.2241
0.283077,-11624.5,-163.572,12.567,2.79515,122453,-2560.29,-564.352,61.9174,60136.8,-7092.21,203.731,86.2261
0.283087,-11624.5,-163.688,12.5654,2.79528,122445,-2559.07,-564.378,61.9117,60226.2,-7091.61,203.661,86.2281
0.283097,-11624.5,-163.804,12.5637,2.7954,122438,-2557.84,-564.404,61.9061,60315.7,-7091.01,203.589,86.2302
0.283107,-11624.5,-163.921,12.5621,2.79553,122431,-2556.61,-564.429,61.9004,60405.3,-7090.4,203.518,86.2322
0.283117,-11624.5,-164.037,12.5604,2.79565,122424,-2555.39,-564.455,61.8948,60494.7,-7089.8,203.447,86.2342
0.283127,-11624.5,-164.154,12.5588,2.79578,122417,-2554.16,-564.48,61.8891,60584.2,-7089.19,203.376,86.2363
0.283137,-11624.5,-164.27,12.5571,2.79591,122409,-2552.94,-564.506,61.8835,60673.7,-7088.58,203.306,86.2383
0.283147,-11624.5,-164.386,12.5555,2.79603,122402,-2551.71,-564.531,61.8778,60763.2,-7087.98,203.234,86.2403
0.283157,-11624.5,-164.503,12.5539,2.79616,122395,-2550.49,-564.557,61.8722,60852.7,-7087.37,203.164,86.2424
0.283167,-11624.5,-164.619,12.5522,2.79628,122387,-2549.26,-564.583,61.8665,60942.2,-7086.76,203.093,86.2444
0.283177,-11624.5,-164.736,12.5506,2.79641,122380,-2548.04,-564.608,61.8609,61031.8,-7086.15,203.022,86.2464
0.283187,-11624.5,-164.852,12.5489,2.79653,122373,-2546.81,-564.634,61.8553,61121.3,-7085.54,202.951,86.2485
0.283197,-11624.5,-164.968,12.5473,2.79666,122365,-2545.58,-564.659,61.8496,61210.8,-7084.92,202.88,86.2505
0.283207,-11624.5,-165.085,12.5456,2.79679,122358,-2544.36,-564.685,61.844,61300.3,-7084.31,202.809,86.2525
0.283217,-11624.5,-165.201,12.544,2.79691,122350,-2543.13,-564.71,61.8383,61389.8,-7083.7,202.738,86.2546
0.283227,-11624.5,-165.318,12.5423,2.79704,122343,-2541.91,-564.735,61.8327,61479.3,-7083.08,202.667,86.2566
0.283237,-11624.5,-165.434,12.5406,2.79716,122335,-2540.68,-564.761,61.827,61568.9,-7082.46,202.596,86.2586
0.283247,-11624.5,-165.55,12.539,2.79729,122327,-2539.46,-564.786,61.8214,61658.4,-7081.85,202.525,86.2606
0.283257,-11624.5,-165.667,12.5373,2.79741,122320,-2538.23,-564.812,61.8157,61747.9,-7081.23,202.454,86.2627
0.283267,-11624.5,-165.783,12.5357,2.79754,122312,-2537.01,-564.837,61.8101,61837.4,-7080.61,202.383,86.2647
0.283277,-11624.5,-165.9,12.534,2.79767,122304,-2535.78,-564.863,61.8044,61926.9,-7079.99,202.312,86.2667
0.283287,-11624.5,-166.016,12.5323,2.79779,122296,-2534.56,-564.888,61.7988,62016.4,-7079.37,202.241,86.2687
0.283297,-11624.5,-166.132,12.5307,2.79792,122289,-2533.33,-564.913,61.7931,62106,-7078.75,202.171,86.2708
0.283307,-11624.5,-166.249,12.529,2.79804,122281,-2532.11,-564.939,61.7875,62195.5,-7078.13,202.1,86.2728
0.283317,-11624.5,-166.365,12.5274,2.79817,122273,-2530.89,-564.964,61.7818,62285.1,-7077.5,202.029,86.2748
0.283327,-11624.5,-166.482,12.5257,2.79829,122265,-2529.66,-564.989,61.7762,62374.6,-7076.88,201.958,86.2768
0.283337,-11624.5,-166.598,12.524,2.79842,122257,-2528.44,-565.015,61.7705,62464.1,-7076.25,201.887,86.2788
0.283347,-11624.5,-166.714,12.5223,2.79854,122249,-2527.21,-565.04,61.7649,62553.7,-7075.63,201.816,86.2809
0.283357,-11624.5,-166.831,12.5207,2.79867,122241,-2525.99,-565.065,61.7592,62643.2,-7075,201.745,86.2829
0.283367,-11624.5,-166.947,12.519,2.79879,122233,-2524.77,-565.091,61.7536,62732.7,-7074.37,201.675,86.2849
0.283377,-11624.5,-167.064,12.5173,2.79892,122225,-2523.54,-565.116,61.7479,62822.3,-7073.75,201.604,86.2869
0.283387,-11624.5,-167.18,12.5157,2.79904,122217,-2522.32,-565.141,61.7423,62911.9,-7073.12,201.533,86.2889
0.283397,-11624.5,-167.296,12.514,2.79917,122209,-2521.09,-565.166,61.7366,63001.4,-7072.49,201.462,86.2909
0.283407,-11624.5,-167.413,12.5123,2.7993,122201,-2519.87,-565.192,61.731,63090.9,-7071.85,201.391,86.2929
0.283417,-11624.5,-167.529,12.5106,2.79942,122193,-2518.65,-565.217,61.7253,63180.5,-7071.22,201.32,86.295
0.283427,-11624.5,-167.646,12.509,2.79955,122184,-2517.42,-565.242,61.7197,63270.1,-7070.59,201.25,86.297
0.283437,-11624.5,-167.762,12.5073,2.79967,122176,-2516.2,-565.267,61.714,63359.6,-7069.95,201.179,86.299
0.283447,-11624.5,-167.878,12.5056,2.7998,122168,-2514.98,-565.292,61.7084,63449.1,-7069.32,201.108,86.301
0.283457,-11624.5,-167.995,12.5039,2.79992,122159,-2513.75,-565.318,61.7027,63538.7,-7068.68,201.037,86.303
0.283467,-11624.5,-168.111,12.5022,2.80005,122151,-2512.53,-565.343,61.6971,63628.3,-7068.05,200.966,86.305
0.283477,-11624.5,-168.228,12.5005,2.80017,122143,-2511.31,-565.368,61.6914,63717.8,-7067.41,200.896,86.307
0.283487,-11624.5,-168.344,12.4989,2.8003,122134,-2510.08,-565.393,61.6857,63807.4,-7066.77,200.825,86.309
0.283497,-11624.5,-168.46,12.4972,2.80042,122126,-2508.86,-565.418,61.6801,63896.9,-7066.13,200.754,86.311
0.283507,-11624.5,-168.577,12.4955,2.80055,122117,-2507.64,-565.443,61.6744,63986.5,-7065.49,200.683,86.313
0.283517,-11624.5,-168.693,12.4938,2.80067,122109,-2506.41,-565.468,61.6688,64076.1,-7064.85,200.613,86.3151
0.283527,-11624.5,-168.81,12.4921,2.8008,122100,-2505.19,-565.494,61.6631,64165.6,-7064.21,200.542,86.3171
0.283537,-11624.5,-168.926,12.4904,2.80092,122092,-2503.97,-565.519,61.6575,64255.2,-7063.57,200.471,86.3191
0.283547,-11624.5,-169.042,12.4887,2.80105,122083,-2502.75,-565.544,61.6518,64344.8,-7062.92,200.4,86.3211
0.283557,-11624.5,-169.159,12.487,2.80117,122074,-2501.52,-565.569,61.6462,64434.4,-7062.28,200.33,86.3231
0.283567,-11624.5,-169.275,12.4853,2.8013,122066,-2500.3,-565.594,61.6405,64523.9,-7061.63,200.259,86.3251
0.283577,-11624.5,-169.392,12.4836,2.80142,122057,-2499.08,-565.619,61.6348,64613.5,-7060.98,200.188,86.3271
0.283587,-11624.5,-169.508,12.4819,2.80155,122048,-2497.86,-565.644,61.6292,64703.1,-7060.34,200.118,86.3291
0.283597,-11624.5,-169.624,12.4803,2.80167,122040,-2496.63,-565.669,61.6235,64792.7,-7059.69,200.047,86.3311
0.283607,-11624.5,-169.741,12.4786,2.8018,122031,-2495.41,-565.694,61.6179,64882.2,-7059.04,199.976,86.3331
0.283617,-11624.5,-169.857,12.4769,2.80192,122022,-2494.19,-565.719,61.6122,64971.8,-7058.39,199.906,86.3351
0.283627,-11624.5,-169.974,12.4751,2.80205,122013,-2492.97,-565.744,61.6066,65061.4,-7057.74,199.835,86.3371
0.283637,-11624.5,-170.09,12.4734,2.80217,122004,-2491.75,-565.769,61.6009,65151,-7057.09,199.764,86.3391
0.283647,-11624.5,-170.206,12.4717,2.8023,121995,-2490.53,-565.794,61.5952,65240.6,-7056.43,199.693,86.3411
0.283657,-11624.5,-170.323,12.47,2.80242,121986,-2489.3,-565.819,61.5896,65330.2,-7055.78,199.623,86.3431
0.283667,-11624.5,-170.439,12.4683,2.80255,121977,-2488.08,-565.844,61.5839,65419.7,-7055.12,199.552,86.3451
0.283677,-11624.5,-170.556,12.4666,2.80267,121968,-2486.86,-565.868,61.5783,65509.3,-7054.47,199.482,86.3471
0.283687,-11624.5,-170.672,12.4649,2.8028,121959,-2485.64,-565.893,61.5726,65598.9,-7053.81,199.411,86.3491
0.283697,-11624.5,-170.789,12.4632,2.80292,121950,-2484.42,-565.918,61.567,65688.5,-7053.16,199.34,86.3511
0.283707,-11624.5,-170.905,12.4615,2.80305,121941,-2483.2,-565.943,61.5613,65778.1,-7052.5,199.27,86.3531
0.283717,-11624.5,-171.021,12.4598,2.80317,121932,-2481.98,-565.968,61.5556,65867.7,-7051.84,199.199,86.355
0.283727,-11624.5,-171.138,12.4581,2.8033,121922,-2480.76,-565.993,61.55,65957.3,-7051.18,199.128,86.357
0.283737,-11624.5,-171.254,12.4564,2.80342,121913,-2479.54,-566.018,61.5443,66046.9,-7050.52,199.058,86.359
0.283747,-11624.5,-171.371,12.4546,2.80355,121904,-2478.31,-566.042,61.5387,66136.5,-7049.85,198.987,86.361
0.283757,-11624.5,-171.487,12.4529,2.80367,121895,-2477.09,-566.067,61.533,66226.1,-7049.19,198.917,86.363
0.283767,-11624.5,-171.603,12.4512,2.80379,121885,-2475.87,-566.092,61.5273,66315.7,-7048.53,198.846,86.365
0.283778,-11624.5,-171.72,12.4495,2.80392,121876,-2474.65,-566.117,61.5217,66405.3,-7047.87,198.776,86.367
0.283788,-11624.5,-171.836,12.4478,2.80404,121867,-2473.43,-566.142,61.516,66494.9,-7047.2,198.705,86.369
0.283798,-11624.5,-171.953,12.446,2.80417,121857,-2472.21,-566.166,61.5104,66584.5,-7046.53,198.634,86.371
0.283808,-11624.5,-172.069,12.4443,2.80429,121848,-2470.99,-566.191,61.5047,66674.1,-7045.87,198.564,86.3729
0.283818,-11624.5,-172.185,12.4426,2.80442,121838,-2469.77,-566.216,61.499,66763.7,-7045.2,198.493,86.3749
0.283828,-11624.5,-172.302,12.4409,2.80454,121829,-2468.55,-566.241,61.4934,66853.3,-7044.53,198.423,86.3769
0.283838,-11624.5,-172.418,12.4391,2.80467,121819,-2467.33,-566.265,61.4877,66942.9,-7043.86,198.352,86.3789
0.283848,-11624.5,-172.535,12.4374,2.80479,121810,-2466.11,-566.29,61.482,67032.5,-7043.19,198.282,86.3809
0.283858,-11624.5,-172.651,12.4357,2.80492,121800,-2464.89,-566.315,61.4764,67122.1,-7042.52,198.211,86.3829
0.283868,-11624.5,-172.767,12.434,2.80504,121790,-2463.67,-566.339,61.4707,67211.7,-7041.84,198.141,86.3848
0.283878,-11624.5,-172.884,12.4322,2.80517,121781,-2462.45,-566.364,61.4651,67301.3,-7041.17,198.07,86.3868
0.283888,-11624.5,-173,12.4305,2.80529,121771,-2461.23,-566.389,61.4594,67391,-7040.5,198,86.3888
0.283898,-11624.5,-173.117,12.4288,2.80541,121761,-2460.01,-566.413,61.4537,67480.6,-7039.82,197.929,86.3908
0.283908,-11624.5,-173.233,12.427,2.80554,121751,-2458.79,-566.438,61.4481,67570.2,-7039.15,197.858,86.3928
0.283918,-11624.5,-173.349,12.4253,2.80566,121742,-2457.58,-566.463,61.4424,67659.8,-7038.47,197.788,86.3947
0.283928,-11624.5,-173.466,12.4236,2.80579,121732,-2456.36,-566.487,61.4367,67749.4,-7037.79,197.718,86.3967
0.283938,-11624.5,-173.582,12.4218,2.80591,121722,-2455.14,-566.512,61.4311,67839,-7037.11,197.647,86.3987
0.283948,-11624.5,-173.699,12.4201,2.80604,121712,-2453.92,-566.536,61.4254,67928.7,-7036.43,197.577,86.4007
0.283958,-11624.5,-173.815,12.4183,2.80616,121702,-2452.7,-566.561,61.4197,68018.3,-7035.75,197.506,86.4026
0.283968,-11624.5,-173.931,12.4166,2.80629,121692,-2451.48,-566.586,61.4141,68107.9,-7035.07,197.436,86.4046
0.283978,-11624.5,-174.048,12.4149,2.80641,121682,-2450.26,-566.61,61.4084,68197.5,-7034.39,197.365,86.4066
0.283988,-11624.5,-174.164,12.4131,2.80653,121672,-2449.04,-566.635,61.4027,68287.2,-7033.7,197.295,86.4086
0.283998,-11624.5,-174.281,12.4114,2.80666,121662,-2447.83,-566.659,61.3971,68376.8,-7033.02,197.224,86.4105
0.284008,-11624.5,-174.397,12.4096,2.80678,121652,-2446.61,-566.684,61.3914,68466.4,-7032.33,197.154,86.4125
0.284018,-11624.5,-174.513,12.4079,2.80691,121642,-2445.39,-566.708,61.3857,68556,-7031.65,197.084,86.4145
0.284028,-11624.5,-174.63,12.4061,2.80703,121631,-2444.17,-566.733,61.3801,68645.7,-7030.96,197.013,86.4165
0.284038,-11624.5,-174.746,12.4044,2.80716,121621,-2442.95,-566.757,61.3744,68735.3,-7030.27,196.943,86.4184
0.284048,-11624.5,-174.863,12.4026,2.80728,121611,-2441.74,-566.781,61.3687,68824.9,-7029.58,196.872,86.4204
0.284058,-11624.5,-174.979,12.4009,2.8074,121601,-2440.52,-566.806,61.3631,68914.5,-7028.89,196.802,86.4224
0.284068,-11624.5,-175.095,12.3991,2.80753,121590,-2439.3,-566.83,61.3574,69004.2,-7028.2,196.732,86.4243
0.284078,-11624.5,-175.212,12.3974,2.80765,121580,-2438.08,-566.855,61.3517,69093.8,-7027.51,196.661,86.4263
0.284088,-11624.5,-175.328,12.3956,2.80778,121570,-2436.87,-566.879,61.3461,69183.5,-7026.82,196.591,86.4283
0.284098,-11624.5,-175.445,12.3939,2.8079,121559,-2435.65,-566.904,61.3404,69273.1,-7026.13,196.521,86.4302
0.284108,-11624.5,-175.561,12.3921,2.80802,121549,-2434.43,-566.928,61.3347,69362.7,-7025.43,196.45,86.4322
0.284118,-11624.5,-175.677,12.3903,2.80815,121538,-2433.22,-566.952,61.3291,69452.3,-7024.74,196.38,86.4342
0.284128,-11624.5,-175.794,12.3886,2.80827,121528,-2432,-566.977,61.3234,69542,-7024.04,196.31,86.4361
0.284138,-11624.5,-175.91,12.3868,2.8084,121517,-2430.78,-567.001,61.3177,69631.6,-7023.35,196.239,86.4381
0.284148,-11624.5,-176.027,12.3851,2.80852,121507,-2429.56,-567.025,61.312,69721.3,-7022.65,196.169,86.44
0.284158,-11624.5,-176.143,12.3833,2.80864,121496,-2428.35,-567.05,61.3064,69810.9,-7021.95,196.099,86.442
0.284168,-11624.5,-176.259,12.3815,2.80877,121486,-2427.13,-567.074,61.3007,69900.5,-7021.25,196.028,86.444
0.284178,-11624.5,-176.376,12.3798,2.80889,121475,-2425.91,-567.098,61.295,69990.2,-7020.55,195.958,86.4459
0.284188,-11624.5,-176.492,12.378,2.80902,121464,-2424.7,-567.123,61.2894,70079.8,-7019.85,195.888,86.4479
0.284198,-11624.5,-176.609,12.3762,2.80914,121454,-2423.48,-567.147,61.2837,70169.5,-7019.15,195.817,86.4498
0.284208,-11624.5,-176.725,12.3745,2.80926,121443,-2422.27,-567.171,61.278,70259.1,-7018.44,195.747,86.4518
0.284218,-11624.5,-176.841,12.3727,2.80939,121432,-2421.05,-567.195,61.2723,70348.7,-7017.74,195.677,86.4538
0.284228,-11624.5,-176.958,12.3709,2.80951,121421,-2419.83,-567.22,61.2667,70438.4,-7017.03,195.606,86.4557
0.284238,-11624.5,-177.074,12.3692,2.80964,121410,-2418.62,-567.244,61.261,70528,-7016.33,195.536,86.4577
0.284248,-11624.5,-177.191,12.3674,2.80976,121400,-2417.4,-567.268,61.2553,70617.7,-7015.62,195.466,86.4596
0.284258,-11624.5,-177.307,12.3656,2.80988,121389,-2416.19,-567.292,61.2497,70707.3,-7014.91,195.396,86.4616
0.284268,-11624.5,-177.423,12.3638,2.81001,121378,-2414.97,-567.316,61.244,70797,-7014.21,195.325,86.4635
0.284278,-11624.5,-177.54,12.3621,2.81013,121367,-2413.76,-567.341,61.2383,70886.6,-7013.5,195.255,86.4655
0.284288,-11624.5,-177.656,12.3603,2.81025,121356,-2412.54,-567.365,61.2326,70976.2,-7012.78,195.185,86.4674
0.284298,-11624.5,-177.773,12.3585,2.81038,121345,-2411.33,-567.389,61.227,71065.9,-7012.07,195.115,86.4694
0.284308,-11624.5,-177.889,12.3567,2.8105,121334,-2410.11,-567.413,61.2213,71155.5,-7011.36,195.045,86.4713
0.284318,-11624.5,-178.005,12.3549,2.81063,121323,-2408.9,-567.437,61.2156,71245.2,-7010.65,194.974,86.4733
0.284328,-11624.5,-178.122,12.3532,2.81075,121311,-2407.68,-567.461,61.2099,71334.8,-7009.94,194.904,86.4753
0.284338,-11624.5,-178.238,12.3514,2.81087,121300,-2406.47,-567.485,61.2043,71424.5,-7009.22,194.834,86.4772
0.284348,-11624.5,-178.355,12.3496,2.811,121289,-2405.25,-567.51,61.1986,71514.1,-7008.5,194.764,86.4791
0.284358,-11624.5,-178.471,12.3478,2.81112,121278,-2404.04,-567.534,61.1929,71603.8,-7007.79,194.694,86.4811
0.284368,-11624.5,-178.587,12.346,2.81124,121267,-2402.82,-567.558,61.1872,71693.4,-7007.07,194.623,86.483
0.284378,-11624.5,-178.704,12.3442,2.81137,121255,-2401.61,-567.582,61.1816,71783.1,-7006.35,194.553,86.485
0.284388,-11624.5,-178.82,12.3424,2.81149,121244,-2400.39,-567.606,61.1759,71872.8,-7005.63,194.483,86.4869
0.284398,-11624.5,-178.937,12.3406,2.81162,121233,-2399.18,-567.63,61.1702,71962.4,-7004.91,194.413,86.4889
0.284408,-11624.5,-179.053,12.3388,2.81174,121221,-2397.97,-567.654,61.1645,72052,-7004.19,194.343,86.4908
0.284418,-11624.5,-179.17,12.3371,2.81186,121210,-2396.75,-567.678,61.1589,72141.7,-7003.47,194.273,86.4928
0.284428,-11624.5,-179.286,12.3353,2.81199,121198,-2395.54,-567.702,61.1532,72231.4,-7002.75,194.203,86.4947
0.284438,-11624.5,-179.402,12.3335,2.81211,121187,-2394.32,-567.726,61.1475,72321,-7002.02,194.132,86.4966
0.284448,-11624.5,-179.519,12.3317,2.81223,121175,-2393.11,-567.75,61.1418,72410.7,-7001.3,194.062,86.4986
0.284458,-11624.5,-179.635,12.3299,2.81236,121164,-2391.9,-567.774,61.1362,72500.3,-7000.57,193.992,86.5005
0.284468,-11624.5,-179.752,12.3281,2.81248,121152,-2390.69,-567.798,61.1305,72590,-6999.85,193.922,86.5025
0.284478,-11624.5,-179.868,12.3263,2.8126,121141,-2389.47,-567.822,61.1248,72679.6,-6999.12,193.852,86.5044
0.284488,-11624.5,-179.984,12.3245,2.81273,121129,-2388.26,-567.846,61.1191,72769.3,-6998.39,193.782,86.5063
0.284498,-11624.5,-180.101,12.3227,2.81285,121117,-2387.05,-567.869,61.1134,72858.9,-6997.66,193.712,86.5083
0.284508,-11624.5,-180.217,12.3209,2.81297,121106,-2385.83,-567.893,61.1078,72948.6,-6996.93,193.642,86.5102
0.284519,-11624.5,-180.334,12.3191,2.8131,121094,-2384.62,-567.917,61.1021,73038.2,-6996.2,193.572,86.5121
0.284529,-11624.5,-180.45,12.3172,2.81322,121082,-2383.41,-567.941,61.0964,73127.9,-6995.47,193.502,86.5141
0.284539,-11624.5,-180.566,12.3154,2.81334,121070,-2382.2,-567.965,61.0907,73217.6,-6994.74,193.432,86.516
0.284549,-11624.5,-180.683,12.3136,2.81347,121059,-2380.98,-567.989,61.085,73307.2,-6994,193.362,86.518
0.284559,-11624.5,-180.799,12.3118,2.81359,121047,-2379.77,-568.013,61.0794,73396.9,-6993.27,193.292,86.5199
0.284569,-11624.5,-180.916,12.31,2.81371,121035,-2378.56,-568.036,61.0737,73486.5,-6992.53,193.222,86.5218
0.284579,-11624.5,-181.032,12.3082,2.81384,121023,-2377.35,-568.06,61.068,73576.2,-6991.8,193.152,86.5237
0.284589,-11624.5,-181.148,12.3064,2.81396,121011,-2376.14,-568.084,61.0623,73665.9,-6991.06,193.082,86.5257
0.284599,-11624.5,-181.265,12.3046,2.81408,120999,-2374.92,-568.108,61.0566,73755.5,-6990.32,193.012,86.5276
0.284609,-11624.5,-181.381,12.3028,2.81421,120987,-2373.71,-568.132,61.051,73845.2,-6989.58,192.942,86.5295
0.284619,-11624.5,-181.498,12.3009,2.81433,120975,-2372.5,-568.155,61.0453,73934.8,-6988.84,192.872,86.5315
0.284629,-11624.5,-181.614,12.2991,2.81445,120963,-2371.29,-568.179,61.0396,74024.5,-6988.1,192.802,86.5334
0.284639,-11624.5,-181.73,12.2973,2.81458,120951,-2370.08,-568.203,61.0339,74114.2,-6987.36,192.732,86.5353
0.284649,-11624.5,-181.847,12.2955,2.8147,120939,-2368.87,-568.227,61.0282,74203.8,-6986.62,192.662,86.5373
0.284659,-11624.5,-181.963,12.2937,2.81482,120927,-2367.66,-568.25,61.0226,74293.5,-6985.87,192.592,86.5392
0.284669,-11624.5,-182.08,12.2918,2.81495,120914,-2366.44,-568.274,61.0169,74383.1,-6985.13,192.522,86.5411
0.284679,-11624.5,-182.196,12.29,2.81507,120902,-2365.23,-568.298,61.0112,74472.8,-6984.38,192.452,86.543
0.284689,-11624.5,-182.312,12.2882,2.81519,120890,-2364.02,-568.321,61.0055,74562.5,-6983.64,192.382,86.5449
0.284699,-11624.5,-182.429,12.2864,2.81531,120878,-2362.81,-568.345,60.9998,74652.1,-6982.89,192.312,86.5469
0.284709,-11624.5,-182.545,12.2845,2.81544,120865,-2361.6,-568.369,60.9941,74741.8,-6982.14,192.242,86.5488
0.284719,-11624.5,-182.662,12.2827,2.81556,120853,-2360.39,-568.392,60.9884,74831.4,-6981.39,192.172,86.5507
0.284729,-11624.5,-182.778,12.2809,2.81568,120840,-2359.18,-568.416,60.9828,74921.1,-6980.64,192.102,86.5526
0.284739,-11624.5,-182.894,12.279,2.81581,120828,-2357.97,-568.44,60.9771,75010.8,-6979.89,192.032,86.5546
0.284749,-11624.5,-183.011,12.2772,2.81593,120816,-2356.76,-568.463,60.9714,75100.4,-6979.14,191.962,86.5565
0.284759,-11624.5,-183.127,12.2754,2.81605,120803,-2355.55,-568.487,60.9657,75190.1,-6978.39,191.893,86.5584
0.284769,-11624.5,-183.244,12.2735,2.81617,120791,-2354.34,-568.51,60.96,75279.7,-6977.64,191.823,86.5603
0.284779,-11624.5,-183.36,12.2717,2.8163,120778,-2353.13,-568.534,60.9543,75369.4,-6976.88,191.753,86.5622
0.284789,-11624.5,-183.476,12.2699,2.81642,120765,-2351.93,-568.557,60.9487,75459.1,-6976.13,191.683,86.5641
0.284799,-11624.5,-183.593,12.268,2.81654,120753,-2350.72,-568.581,60.943,75548.7,-6975.37,191.613,86.5661
0.284809,-11624.5,-183.709,12.2662,2.81667,120740,-2349.51,-568.605,60.9373,75638.4,-6974.61,191.543,86.568
0.284819,-11624.5,-183.826,12.2644,2.81679,120728,-2348.3,-568.628,60.9316,75728.1,-6973.86,191.473,86.5699
0.284829,-11624.5,-183.942,12.2625,2.81691,120715,-2347.09,-568.652,60.9259,75817.7,-6973.1,191.404,86.5718
0.284839,-11624.5,-184.058,12.2607,2.81703,120702,-2345.88,-568.675,60.9202,75907.4,-6972.34,191.334,86.5737
0.284849,-11624.5,-184.175,12.2588,2.81716,120689,-2344.67,-568.699,60.9145,75997.1,-6971.58,191.264,86.5756
0.284859,-11624.5,-184.291,12.257,2.81728,120677,-2343.46,-568.722,60.9089,76086.7,-6970.82,191.194,86.5776
0.284869,-11624.5,-184.408,12.2551,2.8174,120664,-2342.26,-568.745,60.9032,76176.4,-6970.05,191.124,86.5795
0.284879,-11624.5,-184.524,12.2533,2.81753,120651,-2341.05,-568.769,60.8975,76266,-6969.29,191.055,86.5814
0.284889,-11624.5,-184.64,12.2514,2.81765,120638,-2339.84,-568.792,60.8918,76355.7,-6968.53,190.985,86.5833
0.284899,-11624.5,-184.757,12.2496,2.81777,120625,-2338.63,-568.816,60.8861,76445.3,-6967.76,190.915,86.5852
0.284909,-11624.5,-184.873,12.2477,2.81789,120612,-2337.42,-568.839,60.8804,76535,-6967,190.845,86.5871
0.284919,-11624.5,-184.99,12.2459,2.81802,120599,-2336.21,-568.863,60.8747,76624.7,-6966.23,190.775,86.589
0.284929,-11624.5,-185.106,12.244,2.81814,120586,-2335.01,-568.886,60.869,76714.3,-6965.46,190.706,86.5909
0.284939,-11624.5,-185.222,12.2422,2.81826,120573,-2333.8,-568.909,60.8633,76804,-6964.69,190.636,86.5928
0.284949,-11624.5,-185.339,12.2403,2.81838,120560,-2332.59,-568.933,60.8577,76893.7,-6963.92,190.566,86.5947
0.284959,-11624.5,-185.455,12.2385,2.81851,120547,-2331.39,-568.956,60.852,76983.3,-6963.15,190.496,86.5966
0.284969,-11624.5,-185.572,12.2366,2.81863,120534,-2330.18,-568.979,60.8463,77073,-6962.38,190.427,86.5985
0.284979,-11624.5,-185.688,12.2348,2.81875,120521,-2328.97,-569.003,60.8406,77162.6,-6961.61,190.357,86.6004
0.284989,-11624.5,-185.804,12.2329,2.81887,120507,-2327.77,-569.026,60.8349,77252.3,-6960.83,190.287,86.6023
0.284999,-11624.5,-185.921,12.231,2.819,120494,-2326.56,-569.049,60.8292,77342,-6960.06,190.218,86.6042
0.285009,-11624.5,-186.037,12.2292,2.81912,120481,-2325.35,-569.073,60.8235,77431.6,-6959.29,190.148,86.6061
0.285019,-11624.5,-186.154,12.2273,2.81924,120468,-2324.15,-569.096,60.8178,77521.3,-6958.51,190.078,86.608
0.285029,-11624.5,-186.27,12.2254,2.81936,120454,-2322.94,-569.119,60.8121,77610.9,-6957.73,190.009,86.6099
0.285039,-11624.5,-186.386,12.2236,2.81949,120441,-2321.73,-569.143,60.8064,77700.6,-6956.96,189.939,86.6118
0.285049,-11624.5,-186.503,12.2217,2.81961,120428,-2320.53,-569.166,60.8008,77790.3,-6956.18,189.869,86.6137
0.285059,-11624.5,-186.619,12.2198,2.81973,120414,-2319.32,-569.189,60.7951,77879.9,-6955.4,189.8,86.6156
0.285069,-11624.5,-186.736,12.218,2.81985,120401,-2318.12,-569.212,60.7894,77969.6,-6954.62,189.73,86.6175
0.285079,-11624.5,-186.852,12.2161,2.81998,120387,-2316.91,-569.235,60.7837,78059.2,-6953.84,189.66,86.6194
0.285089,-11624.5,-186.968,12.2142,2.8201,120374,-2315.7,-569.259,60.778,78148.9,-6953.05,189.591,86.6213
0.285099,-11624.5,-187.085,12.2124,2.82022,120360,-2314.5,-569.282,60.7723,78238.5,-6952.27,189.521,86.6232
0.285109,-11624.5,-187.201,12.2105,2.82034,120347,-2313.29,-569.305,60.7666,78328.2,-6951.49,189.452,86.6251
0.285119,-11624.5,-187.318,12.2086,2.82047,120333,-2312.09,-569.328,60.7609,78417.9,-6950.7,189.382,86.627
0.285129,-11624.5,-187.434,12.2067,2.82059,120319,-2310.88,-569.351,60.7552,78507.5,-6949.92,189.312,86.6289
0.285139,-11624.5,-187.551,12.2049,2.82071,120306,-2309.68,-569.374,60.7495,78597.2,-6949.13,189.243,86.6308
0.285149,-11624.5,-187.667,12.203,2.82083,120292,-2308.47,-569.398,60.7438,78686.8,-6948.34,189.173,86.6327
0.285159,-11624.5,-187.783,12.2011,2.82095,120278,-2307.27,-569.421,60.7381,78776.5,-6947.55,189.104,86.6346
0.285169,-11624.5,-187.9,12.1992,2.82108,120264,-2306.07,-569.444,60.7324,78866.1,-6946.77,189.034,86.6365
0.285179,-11624.5,-188.016,12.1973,2.8212,120251,-2304.86,-569.467,60.7267,78955.8,-6945.97,188.964,86.6384
0.285189,-11624.5,-188.133,12.1954,2.82132,120237,-2303.66,-569.49,60.721,79045.4,-6945.18,188.895,86.6403
0.285199,-11624.5,-188.249,12.1936,2.82144,120223,-2302.45,-569.513,60.7154,79135.1,-6944.39,188.825,86.6422
0.285209,-11624.5,-188.365,12.1917,2.82156,120209,-2301.25,-569.536,60.7097,79224.8,-6943.6,188.756,86.644
0.285219,-11624.5,-188.482,12.1898,2.82169,120195,-2300.05,-569.559,60.704,79314.4,-6942.81,188.686,86.6459
0.285229,-11624.5,-188.598,12.1879,2.82181,120181,-2298.84,-569.582,60.6983,79404,-6942.01,188.617,86.6478
0.285239,-11624.5,-188.715,12.186,2.82193,120167,-2297.64,-569.605,60.6926,79493.7,-6941.21,188.547,86.6497
0.28525,-11624.5,-188.831,12.1841,2.82205,120153,-2296.44,-569.628,60.6869,79583.3,-6940.42,188.478,86.6516
0.28526,-11624.5,-188.947,12.1822,2.82218,120139,-2295.23,-569.651,60.6812,79673,-6939.62,188.408,86.6535
0.28527,-11624.5,-189.064,12.1803,2.8223,120125,-2294.03,-569.674,60.6755,79762.7,-6938.82,188.339,86.6553
0.28528,-11624.5,-189.18,12.1784,2.82242,120111,-2292.83,-569.697,60.6698,79852.3,-6938.02,188.269,86.6572
0.28529,-11624.5,-189.297,12.1765,2.82254,120097,-2291.62,-569.72,60.6641,79941.9,-6937.22,188.2,86.6591
0.2853,-11624.5,-189.413,12.1747,2.82266,120083,-2290.42,-569.743,60.6584,80031.6,-6936.42,188.13,86.661
0.28531,-11624.5,-189.529,12.1728,2.82278,120069,-2289.22,-569.766,60.6527,80121.2,-6935.62,188.061,86.6629
0.28532,-11624.5,-189.646,12.1709,2.82291,120054,-2288.02,-569.789,60.647,80210.9,-6934.82,187.991,86.6648
0.28533,-11624.5,-189.762,12.169,2.82303,120040,-2286.81,-569.812,60.6413,80300.5,-6934.01,187.922,86.6666
0.28534,-11624.5,-189.879,12.1671,2.82315,120026,-2285.61,-569.835,60.6356,80390.2,-6933.21,187.853,86.6685
0.28535,-11624.5,-189.995,12.1652,2.82327,120012,-2284.41,-569.857,60.6299,80479.8,-6932.4,187.783,86.6704
0.28536,-11624.5,-190.111,12.1633,2.82339,119997,-2283.21,-569.88,60.6242,80569.5,-6931.6,187.714,86.6723
0.28537,-11624.5,-190.228,12.1613,2.82352,119983,-2282.01,-569.903,60.6185,80659.1,-6930.79,187.644,86.6741
0.28538,-11624.5,-190.344,12.1594,2.82364,119969,-2280.81,-569.926,60.6128,80748.8,-6929.98,187.575,86.676
0.28539,-11624.5,-190.461,12.1575,2.82376,119954,-2279.6,-569.949,60.6071,80838.4,-6929.17,187.505,86.6779
0.2854,-11624.5,-190.577,12.1556,2.82388,119940,-2278.4,-569.972,60.6014,80928,-6928.36,187.436,86.6798
0.28541,-11624.5,-190.693,12.1537,2.824,119925,-2277.2,-569.995,60.5957,81017.7,-6927.55,187.367,86.6817
0.28542,-11624.5,-190.81,12.1518,2.82412,119911,-2276,-570.017,60.59,81107.3,-6926.74,187.297,86.6835
0.28543,-11624.5,-190.926,12.1499,2.82425,119896,-2274.8,-570.04,60.5843,81197,-6925.93,187.228,86.6854
0.28544,-11624.5,-191.043,12.148,2.82437,119881,-2273.6,-570.063,60.5786,81286.6,-6925.11,187.159,86.6873
0.28545,-11624.5,-191.159,12.1461,2.82449,119867,-2272.4,-570.086,60.5729,81376.2,-6924.3,187.089,86.6891
0.28546,-11624.5,-191.275,12.1442,2.82461,119852,-2271.2,-570.108,60.5672,81465.9,-6923.49,187.02,86.691
0.28547,-11624.5,-191.392,12.1422,2.82473,119838,-2270,-570.131,60.5615,81555.5,-6922.67,186.951,86.6929
0.28548,-11624.5,-191.508,12.1403,2.82485,119823,-2268.8,-570.154,60.5558,81645.2,-6921.85,186.881,86.6947
0.28549,-11624.5,-191.625,12.1384,2.82498,119808,-2267.6,-570.177,60.5501,81734.8,-6921.03,186.812,86.6966
0.2855,-11624.5,-191.741,12.1365,2.8251,119793,-2266.4,-570.199,60.5444,81824.4,-6920.22,186.743,86.6985
0.28551,-11624.5,-191.857,12.1346,2.82522,119779,-2265.2,-570.222,60.5387,81914,-6919.4,186.674,86.7004
0.28552,-11624.5,-191.974,12.1326,2.82534,119764,-2264,-570.245,60.533,82003.7,-6918.57,186.604,86.7022
0.28553,-11624.5,-192.09,12.1307,2.82546,119749,-2262.8,-570.267,60.5273,82093.3,-6917.75,186.535,86.7041
0.28554,-11624.5,-192.207,12.1288,2.82558,119734,-2261.6,-570.29,60.5216,82182.9,-6916.93,186.466,86.706
0.28555,-11624.5,-192.323,12.1269,2.8257,119719,-2260.41,-570.312,60.5159,82272.6,-6916.11,186.396,86.7078
0.28556,-11624.5,-192.439,12.1249,2.82583,119704,-2259.21,-570.335,60.5102,82362.2,-6915.28,186.327,86.7097
0.28557,-11624.5,-192.556,12.123,2.82595,119689,-2258.01,-570.358,60.5045,82451.9,-6914.46,186.258,86.7115
0.28558,-11624.5,-192.672,12.1211,2.82607,119674,-2256.81,-570.38,60.4988,82541.5,-6913.63,186.189,86.7134
0.28559,-11624.5,-192.789,12.1192,2.82619,119659,-2255.61,-570.403,60.4931,82631.1,-6912.8,186.119,86.7153
0.2856,-11624.5,-192.905,12.1172,2.82631,119644,-2254.41,-570.426,60.4874,82720.7,-6911.98,186.05,86.7171
0.28561,-11624.5,-193.021,12.1153,2.82643,119629,-2253.21,-570.448,60.4817,82810.4,-6911.15,185.981,86.719
0.28562,-11624.5,-193.138,12.1134,2.82655,119614,-2252.02,-570.471,60.476,82900,-6910.32,185.912,86.7208
0.28563,-11624.5,-193.254,12.1114,2.82668,119599,-2250.82,-570.493,60.4703,82989.6,-6909.49,185.843,86.7227
0.28564,-11624.5,-193.371,12.1095,2.8268,119583,-2249.62,-570.516,60.4646,83079.2,-6908.66,185.773,86.7246
0.28565,-11624.5,-193.487,12.1076,2.82692,119568,-2248.43,-570.538,60.4588,83168.8,-6907.82,185.704,86.7264
0.28566,-11624.5,-193.603,12.1056,2.82704,119553,-2247.23,-570.561,60.4531,83258.5,-6906.99,185.635,86.7283
0.28567,-11624.5,-193.72,12.1037,2.82716,119538,-2246.03,-570.583,60.4474,83348.1,-6906.16,185.566,86.7301
0.28568,-11624.5,-193.836,12.1017,2.82728,119522,-2244.83,-570.606,60.4417,83437.7,-6905.32,185.497,86.732
0.28569,-11624.5,-193.953,12.0998,2.8274,119507,-2243.64,-570.628,60.436,83527.3,-6904.49,185.428,86.7338
0.2857,-11624.5,-194.069,12.0979,2.82752,119492,-2242.44,-570.651,60.4303,83616.9,-6903.65,185.359,86.7357
0.28571,-11624.5,-194.185,12.0959,2.82765,119476,-2241.24,-570.673,60.4246,83706.6,-6902.81,185.289,86.7375
0.28572,-11624.5,-194.302,12.094,2.82777,119461,-2240.05,-570.696,60.4189,83796.2,-6901.97,185.22,86.7394
0.28573,-11624.5,-194.418,12.092,2.82789,119445,-2238.85,-570.718,60.4132,83885.8,-6901.13,185.151,86.7413
0.28574,-11624.5,-194.535,12.0901,2.82801,119430,-2237.66,-570.74,60.4075,83975.4,-6900.29,185.082,86.7431
0.28575,-11624.5,-194.651,12.0881,2.82813,119414,-2236.46,-570.763,60.4018,84065,-6899.45,185.013,86.745
0.28576,-11624.5,-194.767,12.0862,2.82825,119399,-2235.26,-570.785,60.3961,84154.6,-6898.61,184.944,86.7468
0.28577,-11624.5,-194.884,12.0842,2.82837,119383,-2234.07,-570.808,60.3904,84244.2,-6897.77,184.875,86.7487
0.28578,-11624.5,-195,12.0823,2.82849,119368,-2232.87,-570.83,60.3847,84333.8,-6896.92,184.806,86.7505
0.28579,-11624.5,-195.117,12.0803,2.82861,119352,-2231.68,-570.852,60.3789,84423.5,-6896.08,184.737,86.7523
0.2858,-11624.5,-195.233,12.0784,2.82873,119336,-2230.48,-570.875,60.3732,84513,-6895.23,184.668,86.7542
0.28581,-11624.5,-195.35,12.0764,2.82886,119321,-2229.29,-570.897,60.3675,84602.6,-6894.38,184.599,86.756
0.28582,-11624.5,-195.466,12.0744,2.82898,119305,-2228.09,-570.919,60.3618,84692.2,-6893.54,184.53,86.7579
0.28583,-11624.5,-195.582,12.0725,2.8291,119289,-2226.9,-570.942,60.3561,84781.9,-6892.69,184.46,86.7597
0.28584,-11624.5,-195.699,12.0705,2.82922,119273,-2225.7,-570.964,60.3504,84871.5,-6891.84,184.391,86.7616
0.28585,-11624.5,-195.815,12.0686,2.82934,119258,-2224.51,-570.986,60.3447,84961,-6890.99,184.323,86.7634
0.28586,-11624.5,-195.932,12.0666,2.82946,119242,-2223.32,-571.008,60.339,85050.6,-6890.14,184.254,86.7653
0.28587,-11624.5,-196.048,12.0646,2.82958,119226,-2222.12,-571.031,60.3333,85140.3,-6889.28,184.185,86.7671
0.28588,-11624.5,-196.164,12.0627,2.8297,119210,-2220.93,-571.053,60.3276,85229.9,-6888.43,184.115,86.769
0.28589,-11624.5,-196.281,12.0607,2.82982,119194,-2219.73,-571.075,60.3218,85319.5,-6887.58,184.047,86.7708
0.2859,-11624.5,-196.397,12.0588,2.82994,119178,-2218.54,-571.097,60.3161,85409.1,-6886.72,183.978,86.7726
0.28591,-11624.5,-196.514,12.0568,2.83006,119162,-2217.35,-571.12,60.3104,85498.6,-6885.87,183.909,86.7745
0.28592,-11624.5,-196.63,12.0548,2.83018,119146,-2216.15,-571.142,60.3047,85588.2,-6885.01,183.84,86.7763
0.28593,-11624.5,-196.746,12.0528,2.83031,119130,-2214.96,-571.164,60.299,85677.8,-6884.15,183.771,86.7781
0.28594,-11624.5,-196.863,12.0509,2.83043,119114,-2213.77,-571.186,60.2933,85767.4,-6883.29,183.702,86.78
0.28595,-11624.5,-196.979,12.0489,2.83055,119098,-2212.58,-571.208,60.2876,85857,-6882.44,183.633,86.7818
0.28596,-11624.5,-197.096,12.0469,2.83067,119082,-2211.38,-571.23,60.2819,85946.6,-6881.58,183.564,86.7837
0.28597,-11624.5,-197.212,12.045,2.83079,119065,-2210.19,-571.253,60.2762,86036.2,-6880.71,183.495,86.7855
0.28598,-11624.5,-197.328,12.043,2.83091,119049,-2209,-571.275,60.2704,86125.8,-6879.85,183.426,86.7873
0.285991,-11624.5,-197.445,12.041,2.83103,119033,-2207.81,-571.297,60.2647,86215.4,-6878.99,183.357,86.7892
0.286001,-11624.5,-197.561,12.039,2.83115,119017,-2206.62,-571.319,60.259,86304.9,-6878.13,183.288,86.791
0.286011,-11624.5,-197.678,12.0371,2.83127,119000,-2205.42,-571.341,60.2533,86394.5,-6877.26,183.22,86.7928
0.286021,-11624.5,-197.794,12.0351,2.83139,118984,-2204.23,-571.363,60.2476,86484.1,-6876.4,183.151,86.7947
0.286031,-11624.5,-197.91,12.0331,2.83151,118968,-2203.04,-571.385,60.2419,86573.7,-6875.53,183.082,86.7965
0.286041,-11624.5,-198.027,12.0311,2.83163,118951,-2201.85,-571.407,60.2362,86663.2,-6874.66,183.013,86.7983
0.286051,-11624.5,-198.143,12.0291,2.83175,118935,-2200.66,-571.429,60.2304,86752.8,-6873.79,182.944,86.8001
0.286061,-11624.5,-198.26,12.0271,2.83187,118918,-2199.47,-571.451,60.2247,86842.4,-6872.92,182.875,86.802
0.286071,-11624.5,-198.376,12.0252,2.83199,118902,-2198.28,-571.473,60.219,86932,-6872.05,182.806,86.8038
0.286081,-11624.5,-198.492,12.0232,2.83211,118885,-2197.09,-571.495,60.2133,87021.5,-6871.18,182.738,86.8056
0.286091,-11624.5,-198.609,12.0212,2.83223,118869,-2195.9,-571.517,60.2076,87111.1,-6870.31,182.669,86.8075
0.286101,-11624.5,-198.725,12.0192,2.83235,118852,-2194.7,-571.539,60.2019,87200.7,-6869.44,182.6,86.8093
0.286111,-11624.5,-198.842,12.0172,2.83247,118836,-2193.52,-571.561,60.1962,87290.2,-6868.56,182.531,86.8111
0.286121,-11624.5,-198.958,12.0152,2.83259,118819,-2192.32,-571.583,60.1904,87379.8,-6867.69,182.463,86.8129
0.286131,-11624.5,-199.074,12.0132,2.83272,118802,-2191.13,-571.605,60.1847,87469.4,-6866.81,182.394,86.8148
0.286141,-11624.5,-199.191,12.0112,2.83284,118786,-2189.95,-571.627,60.179,87558.9,-6865.94,182.325,86.8166
0.286151,-11624.5,-199.307,12.0092,2.83296,118769,-2188.76,-571.649,60.1733,87648.5,-6865.06,182.256,86.8184
0.286161,-11624.5,-199.424,12.0072,2.83308,118752,-2187.57,-571.671,60.1676,87738.1,-6864.18,182.188,86.8202
0.286171,-11624.5,-199.54,12.0052,2.8332,118736,-2186.38,-571.693,60.1619,87827.6,-6863.3,182.119,86.8221
0.286181,-11624.5,-199.656,12.0032,2.83332,118719,-2185.19,-571.715,60.1561,87917.2,-6862.42,182.05,86.8239
0.286191,-11624.5,-199.773,12.0012,2.83344,118702,-2184,-571.737,60.1504,88006.7,-6861.54,181.981,86.8257
0.286201,-11624.5,-199.889,11.9992,2.83356,118685,-2182.81,-571.758,60.1447,88096.3,-6860.66,181.913,86.8275
0.286211,-11624.5,-200.006,11.9972,2.83368,118668,-2181.62,-571.78,60.139,88185.8,-6859.78,181.844,86.8293
0.286221,-11624.5,-200.122,11.9952,2.8338,118651,-2180.44,-571.802,60.1333,88275.4,-6858.9,181.775,86.8311
0.286231,-11624.5,-200.238,11.9932,2.83392,118634,-2179.25,-571.824,60.1276,88364.9,-6858.01,181.707,86.833
0.286241,-11624.5,-200.355,11.9912,2.83404,118617,-2178.06,-571.846,60.1218,88454.5,-6857.13,181.638,86.8348
0.286251,-11624.5,-200.471,11.9892,2.83416,118600,-2176.87,-571.868,60.1161,88544,-6856.24,181.569,86.8366
0.286261,-11624.5,-200.588,11.9872,2.83428,118583,-2175.68,-571.889,60.1104,88633.6,-6855.35,181.501,86.8384
0.286271,-11624.5,-200.704,11.9852,2.8344,118566,-2174.5,-571.911,60.1047,88723.1,-6854.46,181.432,86.8402
0.286281,-11624.5,-200.82,11.9832,2.83452,118549,-2173.31,-571.933,60.099,88812.6,-6853.58,181.363,86.842
0.286291,-11624.5,-200.937,11.9812,2.83464,118532,-2172.12,-571.955,60.0932,88902.2,-6852.69,181.295,86.8439
0.286301,-11624.5,-201.053,11.9792,2.83476,118515,-2170.94,-571.977,60.0875,88991.8,-6851.8,181.226,86.8457
0.286311,-11624.5,-201.17,11.9771,2.83488,118498,-2169.75,-571.998,60.0818,89081.3,-6850.9,181.158,86.8475
0.286321,-11624.5,-201.286,11.9751,2.835,118480,-2168.56,-572.02,60.0761,89170.8,-6850.01,181.089,86.8493
0.286331,-11624.5,-201.402,11.9731,2.83512,118463,-2167.38,-572.042,60.0704,89260.3,-6849.12,181.02,86.8511
0.286341,-11624.5,-201.519,11.9711,2.83524,118446,-2166.19,-572.063,60.0646,89349.9,-6848.22,180.952,86.8529
0.286351,-11624.5,-201.635,11.9691,2.83536,118429,-2165,-572.085,60.0589,89439.4,-6847.33,180.883,86.8547
0.286361,-11624.5,-201.752,11.9671,2.83548,118411,-2163.82,-572.107,60.0532,89528.9,-6846.43,180.815,86.8565
0.286371,-11624.5,-201.868,11.965,2.8356,118394,-2162.63,-572.128,60.0475,89618.5,-6845.54,180.746,86.8583
0.286381,-11624.5,-201.984,11.963,2.83572,118377,-2161.45,-572.15,60.0418,89708,-6844.64,180.678,86.8601
0.286391,-11624.5,-202.101,11.961,2.83584,118359,-2160.26,-572.172,60.036,89797.5,-6843.74,180.609,86.8619
0.286401,-11624.5,-202.217,11.959,2.83596,118342,-2159.08,-572.193,60.0303,89887,-6842.84,180.54,86.8638
0.286411,-11624.5,-202.334,11.9569,2.83608,118324,-2157.89,-572.215,60.0246,89976.5,-6841.94,180.472,86.8656
0.286421,-11624.5,-202.45,11.9549,2.83619,118307,-2156.71,-572.237,60.0189,90066.1,-6841.04,180.403,86.8674
0.286431,-11624.5,-202.566,11.9529,2.83631,118289,-2155.52,-572.258,60.0131,90155.6,-6840.13,180.335,86.8692
0.286441,-11624.5,-202.683,11.9509,2.83643,118272,-2154.34,-572.28,60.0074,90245.1,-6839.23,180.266,86.871
0.286451,-11624.5,-202.799,11.9488,2.83655,118254,-2153.15,-572.301,60.0017,90334.6,-6838.33,180.198,86.8728
0.286461,-11624.5,-202.916,11.9468,2.83667,118236,-2151.97,-572.323,59.996,90424.1,-6837.42,180.13,86.8746
0.286471,-11624.5,-203.032,11.9448,2.83679,118219,-2150.79,-572.344,59.9903,90513.6,-6836.52,180.061,86.8764
0.286481,-11624.5,-203.148,11.9427,2.83691,118201,-2149.6,-572.366,59.9845,90603.1,-6835.61,179.993,86.8782
0.286491,-11624.5,-203.265,11.9407,2.83703,118183,-2148.42,-572.387,59.9788,90692.6,-6834.7,179.924,86.88
0.286501,-11624.5,-203.381,11.9387,2.83715,118166,-2147.24,-572.409,59.9731,90782.1,-6833.79,179.856,86.8818
0.286511,-11624.5,-203.498,11.9366,2.83727,118148,-2146.05,-572.43,59.9674,90871.7,-6832.88,179.787,86.8836
0.286521,-11624.5,-203.614,11.9346,2.83739,118130,-2144.87,-572.452,59.9616,90961.1,-6831.97,179.719,86.8854
0.286531,-11624.5,-203.73,11.9325,2.83751,118112,-2143.69,-572.473,59.9559,91050.6,-6831.06,179.65,86.8872
0.286541,-11624.5,-203.847,11.9305,2.83763,118094,-2142.5,-572.495,59.9502,91140.1,-6830.15,179.582,86.889
0.286551,-11624.5,-203.963,11.9285,2.83775,118076,-2141.32,-572.516,59.9445,91229.6,-6829.24,179.514,86.8908
0.286561,-11624.5,-204.08,11.9264,2.83787,118059,-2140.14,-572.538,59.9387,91319.1,-6828.32,179.445,86.8926
0.286571,-11624.5,-204.196,11.9244,2.83799,118041,-2138.96,-572.559,59.933,91408.6,-6827.41,179.377,86.8943
0.286581,-11624.5,-204.313,11.9223,2.83811,118023,-2137.78,-572.581,59.9273,91498.1,-6826.49,179.309,86.8961
0.286591,-11624.5,-204.429,11.9203,2.83823,118005,-2136.59,-572.602,59.9216,91587.6,-6825.58,179.24,86.8979
0.286601,-11624.5,-204.545,11.9182,2.83835,117987,-2135.41,-572.623,59.9158,91677.1,-6824.66,179.172,86.8997
0.286611,-11624.5,-204.662,11.9162,2.83847,117969,-2134.23,-572.645,59.9101,91766.6,-6823.74,179.104,86.9015
0.286621,-11624.5,-204.778,11.9141,2.83859,117950,-2133.05,-572.666,59.9044,91856,-6822.82,179.035,86.9033
0.286631,-11624.5,-204.895,11.9121,2.8387,117932,-2131.87,-572.687,59.8987,91945.5,-6821.9,178.967,86.9051
0.286641,-11624.5,-205.011,11.91,2.83882,117914,-2130.69,-572.709,59.8929,92035,-6820.98,178.899,86.9069
0.286651,-11624.5,-205.127,11.908,2.83894,117896,-2129.51,-572.73,59.8872,92124.5,-6820.06,178.83,86.9087
0.286661,-11624.5,-205.244,11.9059,2.83906,117878,-2128.33,-572.751,59.8815,92213.9,-6819.13,178.762,86.9105
0.286671,-11624.5,-205.36,11.9039,2.83918,117860,-2127.15,-572.773,59.8757,92303.4,-6818.21,178.694,86.9123
0.286681,-11624.5,-205.477,11.9018,2.8393,117841,-2125.97,-572.794,59.87,92392.9,-6817.29,178.625,86.914
0.286691,-11624.5,-205.593,11.8998,2.83942,117823,-2124.79,-572.815,59.8643,92482.4,-6816.36,178.557,86.9158
0.286701,-11624.5,-205.709,11.8977,2.83954,117805,-2123.61,-572.837,59.8586,92571.8,-6815.43,178.489,86.9176
0.286711,-11624.5,-205.826,11.8956,2.83966,117786,-2122.43,-572.858,59.8528,92661.3,-6814.51,178.421,86.9194
0.286721,-11624.5,-205.942,11.8936,2.83978,117768,-2121.25,-572.879,59.8471,92750.7,-6813.58,178.352,86.9212
0.286732,-11624.5,-206.059,11.8915,2.8399,117750,-2120.07,-572.9,59.8414,92840.2,-6812.65,178.284,86.923
0.286742,-11624.5,-206.175,11.8894,2.84002,117731,-2118.89,-572.922,59.8356,92929.7,-6811.72,178.216,86.9248
0.286752,-11624.5,-206.291,11.8874,2.84013,117713,-2117.71,-572.943,59.8299,93019.1,-6810.79,178.148,86.9265
0.286762,-11624.5,-206.408,11.8853,2.84025,117694,-2116.53,-572.964,59.8242,93108.6,-6809.85,178.08,86.9283
0.286772,-11624.5,-206.524,11.8832,2.84037,117676,-2115.35,-572.985,59.8185,93198,-6808.92,178.011,86.9301
0.286782,-11624.5,-206.641,11.8812,2.84049,117657,-2114.17,-573.006,59.8127,93287.5,-6807.99,177.943,86.9319
0.286792,-11624.5,-206.757,11.8791,2.84061,117639,-2113,-573.027,59.807,93376.9,-6807.05,177.875,86.9336
0.286802,-11624.5,-206.873,11.877,2.84073,117620,-2111.82,-573.049,59.8013,93466.3,-6806.12,177.807,86.9354
0.286812,-11624.5,-206.99,11.875,2.84085,117601,-2110.64,-573.07,59.7955,93555.8,-6805.18,177.739,86.9372
0.286822,-11624.5,-207.106,11.8729,2.84097,117583,-2109.46,-573.091,59.7898,93645.2,-6804.25,177.671,86.939
0.286832,-11624.5,-207.223,11.8708,2.84109,117564,-2108.29,-573.112,59.7841,93734.6,-6803.31,177.603,86.9408
0.286842,-11624.5,-207.339,11.8687,2.8412,117545,-2107.11,-573.133,59.7783,93824.1,-6802.37,177.534,86.9425
0.286852,-11624.5,-207.455,11.8667,2.84132,117527,-2105.93,-573.154,59.7726,93913.5,-6801.43,177.466,86.9443
0.286862,-11624.5,-207.572,11.8646,2.84144,117508,-2104.76,-573.175,59.7669,94003,-6800.49,177.398,86.9461
0.286872,-11624.5,-207.688,11.8625,2.84156,117489,-2103.58,-573.196,59.7611,94092.4,-6799.54,177.33,86.9479
0.286882,-11624.5,-207.805,11.8604,2.84168,117470,-2102.4,-573.217,59.7554,94181.8,-6798.6,177.262,86.9496
0.286892,-11624.5,-207.921,11.8583,2.8418,117451,-2101.23,-573.238,59.7497,94271.2,-6797.66,177.194,86.9514
0.286902,-11624.5,-208.037,11.8563,2.84192,117432,-2100.05,-573.259,59.7439,94360.6,-6796.71,177.126,86.9532
0.286912,-11624.5,-208.154,11.8542,2.84204,117414,-2098.88,-573.28,59.7382,94450.1,-6795.77,177.058,86.9549
0.286922,-11624.5,-208.27,11.8521,2.84215,117395,-2097.7,-573.302,59.7325,94539.5,-6794.82,176.99,86.9567
0.286932,-11624.5,-208.387,11.85,2.84227,117376,-2096.52,-573.323,59.7267,94628.9,-6793.88,176.922,86.9585
0.286942,-11624.5,-208.503,11.8479,2.84239,117357,-2095.35,-573.344,59.721,94718.3,-6792.93,176.854,86.9603
0.286952,-11624.5,-208.619,11.8458,2.84251,117338,-2094.17,-573.365,59.7153,94807.8,-6791.98,176.786,86.962
0.286962,-11624.5,-208.736,11.8437,2.84263,117318,-2093,-573.385,59.7095,94897.2,-6791.03,176.718,86.9638
0.286972,-11624.5,-208.852,11.8417,2.84275,117299,-2091.82,-573.406,59.7038,94986.5,-6790.08,176.65,86.9656
0.286982,-11624.5,-208.969,11.8396,2.84287,117280,-2090.65,-573.427,59.6981,95075.9,-6789.13,176.582,86.9673
0.286992,-11624.5,-209.085,11.8375,2.84299,117261,-2089.47,-573.448,59.6923,95165.4,-6788.17,176.514,86.9691
0.287002,-11624.5,-209.201,11.8354,2.8431,117242,-2088.3,-573.469,59.6866,95254.8,-6787.22,176.446,86.9708
0.287012,-11624.5,-209.318,11.8333,2.84322,117223,-2087.13,-573.49,59.6809,95344.2,-6786.27,176.378,86.9726
0.287022,-11624.5,-209.434,11.8312,2.84334,117204,-2085.95,-573.511,59.6751,95433.6,-6785.31,176.31,86.9744
0.287032,-11624.5,-209.551,11.8291,2.84346,117184,-2084.78,-573.532,59.6694,95522.9,-6784.35,176.242,86.9761
0.287042,-11624.5,-209.667,11.827,2.84358,117165,-2083.61,-573.553,59.6637,95612.3,-6783.4,176.174,86.9779
0.287052,-11624.5,-209.783,11.8249,2.8437,117146,-2082.43,-573.574,59.6579,95701.7,-6782.44,176.106,86.9797
0.287062,-11624.5,-209.9,11.8228,2.84381,117126,-2081.26,-573.594,59.6522,95791.1,-6781.48,176.038,86.9814
0.287072,-11624.5,-210.016,11.8207,2.84393,117107,-2080.09,-573.615,59.6465,95880.5,-6780.52,175.97,86.9832
0.287082,-11624.5,-210.133,11.8186,2.84405,117088,-2078.91,-573.636,59.6407,95969.9,-6779.56,175.902,86.9849
0.287092,-11624.5,-210.249,11.8165,2.84417,117068,-2077.74,-573.657,59.635,96059.2,-6778.6,175.834,86.9867
0.287102,-11624.5,-210.365,11.8144,2.84429,117049,-2076.57,-573.678,59.6292,96148.6,-6777.64,175.767,86.9885
0.287112,-11624.5,-210.482,11.8123,2.84441,117029,-2075.4,-573.698,59.6235,96238,-6776.67,175.699,86.9902
0.287122,-11624.5,-210.598,11.8101,2.84452,117010,-2074.23,-573.719,59.6178,96327.3,-6775.71,175.631,86.992
0.287132,-11624.5,-210.715,11.808,2.84464,116990,-2073.06,-573.74,59.612,96416.7,-6774.75,175.563,86.9937
0.287142,-11624.5,-210.831,11.8059,2.84476,116971,-2071.88,-573.761,59.6063,96506.1,-6773.78,175.495,86.9955
0.287152,-11624.5,-210.947,11.8038,2.84488,116951,-2070.71,-573.782,59.6006,96595.5,-6772.81,175.427,86.9972
0.287162,-11624.5,-211.064,11.8017,2.845,116931,-2069.54,-573.802,59.5948,96684.8,-6771.84,175.359,86.999
0.287172,-11624.5,-211.18,11.7996,2.84512,116912,-2068.37,-573.823,59.5891,96774.1,-6770.88,175.292,87.0007
0.287182,-11624.5,-211.297,11.7975,2.84523,116892,-2067.2,-573.844,59.5834,96863.5,-6769.91,175.224,87.0025
0.287192,-11624.5,-211.413,11.7954,2.84535,116872,-2066.03,-573.864,59.5776,96952.9,-6768.94,175.156,87.0043
0.287202,-11624.5,-211.529,11.7932,2.84547,116853,-2064.86,-573.885,59.5719,97042.2,-6767.97,175.088,87.006
0.287212,-11624.5,-211.646,11.7911,2.84559,116833,-2063.69,-573.906,59.5661,97131.6,-6766.99,175.021,87.0078
0.287222,-11624.5,-211.762,11.789,2.84571,116813,-2062.52,-573.926,59.5604,97220.9,-6766.02,174.953,87.0095
0.287232,-11624.5,-211.879,11.7869,2.84582,116793,-2061.35,-573.947,59.5547,97310.3,-6765.05,174.885,87.0113
0.287242,-11624.5,-211.995,11.7848,2.84594,116773,-2060.18,-573.968,59.5489,97399.6,-6764.07,174.817,87.013
0.287252,-11624.5,-212.111,11.7826,2.84606,116753,-2059.01,-573.988,59.5432,97488.9,-6763.09,174.75,87.0147
0.287262,-11624.5,-212.228,11.7805,2.84618,116734,-2057.84,-574.009,59.5374,97578.3,-6762.12,174.682,87.0165
0.287272,-11624.5,-212.344,11.7784,2.8463,116714,-2056.67,-574.03,59.5317,97667.6,-6761.14,174.614,87.0182
0.287282,-11624.5,-212.461,11.7763,2.84641,116694,-2055.51,-574.05,59.526,97756.9,-6760.16,174.547,87.02
0.287292,-11624.5,-212.577,11.7741,2.84653,116674,-2054.34,-574.071,59.5202,97846.3,-6759.18,174.479,87.0217
0.287302,-11624.5,-212.694,11.772,2.84665,116654,-2053.17,-574.091,59.5145,97935.6,-6758.2,174.411,87.0235
0.287312,-11624.5,-212.81,11.7699,2.84677,116634,-2052,-574.112,59.5087,98024.9,-6757.22,174.343,87.0252
0.287322,-11624.5,-212.926,11.7677,2.84689,116614,-2050.83,-574.132,59.503,98114.2,-6756.24,174.276,87.027
0.287332,-11624.5,-213.043,11.7656,2.847,116593,-2049.67,-574.153,59.4972,98203.5,-6755.26,174.208,87.0287
0.287342,-11624.5,-213.159,11.7635,2.84712,116573,-2048.5,-574.173,59.4915,98292.8,-6754.27,174.141,87.0304
0.287352,-11624.5,-213.276,11.7613,2.84724,116553,-2047.33,-574.194,59.4858,98382.2,-6753.29,174.073,87.0322
0.287362,-11624.5,-213.392,11.7592,2.84736,116533,-2046.16,-574.214,59.48,98471.5,-6752.3,174.005,87.0339
0.287372,-11624.5,-213.508,11.7571,2.84747,116513,-2045,-574.235,59.4743,98560.8,-6751.32,173.938,87.0357
0.287382,-11624.5,-213.625,11.7549,2.84759,116493,-2043.83,-574.255,59.4685,98650.1,-6750.33,173.87,87.0374
0.287392,-11624.5,-213.741,11.7528,2.84771,116472,-2042.66,-574.276,59.4628,98739.4,-6749.34,173.802,87.0391
0.287402,-11624.5,-213.858,11.7506,2.84783,116452,-2041.5,-574.296,59.4571,98828.7,-6748.35,173.735,87.0409
0.287412,-11624.5,-213.974,11.7485,2.84795,116432,-2040.33,-574.317,59.4513,98918,-6747.36,173.667,87.0426
0.287422,-11624.5,-214.09,11.7464,2.84806,116411,-2039.17,-574.337,59.4456,99007.3,-6746.37,173.6,87.0444
0.287432,-11624.5,-214.207,11.7442,2.84818,116391,-2038,-574.357,59.4398,99096.5,-6745.38,173.532,87.0461
0.287442,-11624.5,-214.323,11.7421,2.8483,116371,-2036.83,-574.378,59.4341,99185.9,-6744.39,173.465,87.0478
0.287452,-11624.5,-214.44,11.7399,2.84842,116350,-2035.67,-574.398,59.4283,99275.1,-6743.39,173.397,87.0496
0.287463,-11624.5,-214.556,11.7378,2.84853,116330,-2034.5,-574.419,59.4226,99364.4,-6742.4,173.33,87.0513
0.287473,-11624.5,-214.672,11.7356,2.84865,116309,-2033.34,-574.439,59.4168,99453.7,-6741.4,173.262,87.053
0.287483,-11624.5,-214.789,11.7335,2.84877,116289,-2032.17,-574.459,59.4111,99543,-6740.41,173.195,87.0548
0.287493,-11624.5,-214.905,11.7313,2.84889,116268,-2031.01,-574.48,59.4054,99632.2,-6739.41,173.127,87.0565
0.287503,-11624.5,-215.022,11.7292,2.849,116248,-2029.85,-574.5,59.3996,99721.5,-6738.41,173.06,87.0582
0.287513,-11624.5,-215.138,11.727,2.84912,116227,-2028.68,-574.52,59.3939,99810.8,-6737.41,172.992,87.06
0.287523,-11624.5,-215.254,11.7249,2.84924,116206,-2027.52,-574.541,59.3881,99900,-6736.41,172.925,87.0617
0.287533,-11624.5,-215.371,11.7227,2.84936,116186,-2026.36,-574.561,59.3824,99989.3,-6735.41,172.857,87.0634
0.287543,-11624.5,-215.487,11.7205,2.84947,116165,-2025.19,-574.581,59.3766,100079,-6734.41,172.79,87.0651
0.287553,-11624.5,-215.604,11.7184,2.84959,116144,-2024.03,-574.602,59.3709,100168,-6733.41,172.722,87.0669
0.287563,-11624.5,-215.72,11.7162,2.84971,116124,-2022.87,-574.622,59.3651,100257,-6732.4,172.655,87.0686
0.287573,-11624.5,-215.836,11.7141,2.84982,116103,-2021.7,-574.642,59.3594,100346,-6731.4,172.588,87.0703
0.287583,-11624.5,-215.953,11.7119,2.84994,116082,-2020.54,-574.662,59.3537,100436,-6730.39,172.52,87.072
0.287593,-11624.5,-216.069,11.7097,2.85006,116061,-2019.38,-574.683,59.3479,100525,-6729.39,172.453,87.0738
0.287603,-11624.5,-216.186,11.7076,2.85018,116040,-2018.22,-574.703,59.3422,100614,-6728.38,172.385,87.0755
0.287613,-11624.5,-216.302,11.7054,2.85029,116019,-2017.05,-574.723,59.3364,100703,-6727.37,172.318,87.0772
0.287623,-11624.5,-216.418,11.7032,2.85041,115999,-2015.89,-574.743,59.3307,100792,-6726.36,172.251,87.0789
0.287633,-11624.5,-216.535,11.7011,2.85053,115978,-2014.73,-574.763,59.3249,100882,-6725.35,172.183,87.0807
0.287643,-11624.5,-216.651,11.6989,2.85065,115957,-2013.57,-574.784,59.3192,100971,-6724.34,172.116,87.0824
0.287653,-11624.5,-216.768,11.6967,2.85076,115936,-2012.41,-574.804,59.3134,101060,-6723.33,172.049,87.0841
0.287663,-11624.5,-216.884,11.6946,2.85088,115915,-2011.25,-574.824,59.3077,101149,-6722.32,171.981,87.0858
0.287673,-11624.5,-217,11.6924,2.851,115894,-2010.09,-574.844,59.3019,101239,-6721.31,171.914,87.0875
0.287683,-11624.5,-217.117,11.6902,2.85111,115873,-2008.93,-574.864,59.2962,101328,-6720.29,171.847,87.0893
0.287693,-11624.5,-217.233,11.6881,2.85123,115851,-2007.77,-574.884,59.2904,101417,-6719.28,171.779,87.091
0.287703,-11624.5,-217.35,11.6859,2.85135,115830,-2006.61,-574.904,59.2847,101506,-6718.26,171.712,87.0927
0.287713,-11624.5,-217.466,11.6837,2.85146,115809,-2005.45,-574.924,59.2789,101595,-6717.24,171.645,87.0944
0.287723,-11624.5,-217.582,11.6815,2.85158,115788,-2004.29,-574.944,59.2732,101685,-6716.23,171.578,87.0961
0.287733,-11624.5,-217.699,11.6793,2.8517,115767,-2003.13,-574.965,59.2674,101774,-6715.21,171.51,87.0978
0.287743,-11624.5,-217.815,11.6772,2.85182,115746,-2001.97,-574.985,59.2617,101863,-6714.19,171.443,87.0996
0.287753,-11624.5,-217.932,11.675,2.85193,115724,-2000.81,-575.005,59.2559,101952,-6713.17,171.376,87.1013
0.287763,-11624.5,-218.048,11.6728,2.85205,115703,-1999.65,-575.025,59.2502,102041,-6712.15,171.309,87.103
0.287773,-11624.5,-218.164,11.6706,2.85217,115682,-1998.49,-575.045,59.2444,102131,-6711.12,171.241,87.1047
0.287783,-11624.5,-218.281,11.6684,2.85228,115660,-1997.33,-575.065,59.2387,102220,-6710.1,171.174,87.1064
0.287793,-11624.5,-218.397,11.6662,2.8524,115639,-1996.18,-575.085,59.2329,102309,-6709.08,171.107,87.1081
0.287803,-11624.5,-218.514,11.6641,2.85252,115618,-1995.02,-575.105,59.2272,102398,-6708.05,171.04,87.1098
0.287813,-11624.5,-218.63,11.6619,2.85263,115596,-1993.86,-575.125,59.2214,102487,-6707.03,170.973,87.1115
0.287823,-11624.5,-218.746,11.6597,2.85275,115575,-1992.7,-575.145,59.2157,102577,-6706,170.906,87.1133
0.287833,-11624.5,-218.863,11.6575,2.85287,115553,-1991.55,-575.165,59.2099,102666,-6704.97,170.838,87.115
0.287843,-11624.5,-218.979,11.6553,2.85298,115532,-1990.39,-575.185,59.2042,102755,-6703.94,170.771,87.1167
0.287853,-11624.5,-219.096,11.6531,2.8531,115510,-1989.23,-575.204,59.1984,102844,-6702.91,170.704,87.1184
0.287863,-11624.5,-219.212,11.6509,2.85322,115489,-1988.08,-575.224,59.1927,102933,-6701.88,170.637,87.1201
0.287873,-11624.5,-219.328,11.6487,2.85333,115467,-1986.92,-575.244,59.1869,103022,-6700.85,170.57,87.1218
0.287883,-11624.5,-219.445,11.6465,2.85345,115446,-1985.76,-575.264,59.1812,103112,-6699.82,170.503,87.1235
0.287893,-11624.5,-219.561,11.6443,2.85357,115424,-1984.61,-575.284,59.1754,103201,-6698.79,170.436,87.1252
0.287903,-11624.5,-219.678,11.6421,2.85368,115402,-1983.45,-575.304,59.1697,103290,-6697.75,170.369,87.1269
0.287913,-11624.5,-219.794,11.6399,2.8538,115381,-1982.3,-575.324,59.1639,103379,-6696.72,170.302,87.1286
0.287923,-11624.5,-219.91,11.6377,2.85392,115359,-1981.14,-575.344,59.1581,103468,-6695.68,170.235,87.1303
0.287933,-11624.5,-220.027,11.6355,2.85403,115337,-1979.99,-575.363,59.1524,103557,-6694.65,170.167,87.132
0.287943,-11624.5,-220.143,11.6333,2.85415,115315,-1978.83,-575.383,59.1466,103646,-6693.61,170.101,87.1337
0.287953,-11624.5,-220.26,11.6311,2.85427,115293,-1977.68,-575.403,59.1409,103736,-6692.57,170.033,87.1354
0.287963,-11624.5,-220.376,11.6289,2.85438,115272,-1976.52,-575.423,59.1351,103825,-6691.53,169.967,87.1371
0.287973,-11624.5,-220.492,11.6267,2.8545,115250,-1975.37,-575.443,59.1294,103914,-6690.49,169.899,87.1388
0.287983,-11624.5,-220.609,11.6245,2.85462,115228,-1974.21,-575.462,59.1236,104003,-6689.45,169.832,87.1405
0.287993,-11624.5,-220.725,11.6223,2.85473,115206,-1973.06,-575.482,59.1179,104092,-6688.41,169.766,87.1422
0.288003,-11624.5,-220.842,11.6201,2.85485,115184,-1971.91,-575.502,59.1121,104181,-6687.37,169.699,87.1439
0.288013,-11624.5,-220.958,11.6178,2.85496,115162,-1970.75,-575.522,59.1064,104270,-6686.32,169.632,87.1456
0.288023,-11624.5,-221.075,11.6156,2.85508,115140,-1969.6,-575.541,59.1006,104359,-6685.28,169.565,87.1473
0.288033,-11624.5,-221.191,11.6134,2.8552,115118,-1968.45,-575.561,59.0948,104448,-6684.23,169.498,87.149
0.288043,-11624.5,-221.307,11.6112,2.85531,115096,-1967.29,-575.581,59.0891,104538,-6683.19,169.431,87.1507
0.288053,-11624.5,-221.424,11.609,2.85543,115074,-1966.14,-575.6,59.0833,104627,-6682.14,169.364,87.1524
0.288063,-11624.5,-221.54,11.6068,2.85555,115052,-1964.99,-575.62,59.0776,104716,-6681.09,169.297,87.1541
0.288073,-11624.5,-221.657,11.6045,2.85566,115030,-1963.84,-575.64,59.0718,104805,-6680.04,169.23,87.1558
0.288083,-11624.5,-221.773,11.6023,2.85578,115008,-1962.69,-575.659,59.0661,104894,-6678.99,169.163,87.1575
0.288093,-11624.5,-221.889,11.6001,2.85589,114985,-1961.53,-575.679,59.0603,104983,-6677.94,169.096,87.1592
0.288103,-11624.5,-222.006,11.5979,2.85601,114963,-1960.38,-575.699,59.0546,105072,-6676.89,169.029,87.1609
0.288113,-11624.5,-222.122,11.5957,2.85613,114941,-1959.23,-575.718,59.0488,105161,-6675.84,168.963,87.1625
0.288123,-11624.5,-222.239,11.5934,2.85624,114919,-1958.08,-575.738,59.043,105250,-6674.78,168.896,87.1642
0.288133,-11624.5,-222.355,11.5912,2.85636,114897,-1956.93,-575.758,59.0373,105339,-6673.73,168.829,87.1659
0.288143,-11624.5,-222.471,11.589,2.85648,114874,-1955.78,-575.777,59.0315,105428,-6672.67,168.762,87.1676
0.288153,-11624.5,-222.588,11.5868,2.85659,114852,-1954.63,-575.797,59.0258,105517,-6671.62,168.695,87.1693
0.288163,-11624.5,-222.704,11.5845,2.85671,114830,-1953.48,-575.816,59.02,105607,-6670.56,168.628,87.171
0.288173,-11624.5,-222.821,11.5823,2.85682,114807,-1952.33,-575.836,59.0143,105696,-6669.5,168.562,87.1727
0.288183,-11624.5,-222.937,11.5801,2.85694,114785,-1951.18,-575.855,59.0085,105785,-6668.44,168.495,87.1743
0.288193,-11624.5,-223.053,11.5778,2.85706,114762,-1950.03,-575.875,59.0027,105874,-6667.38,168.428,87.176
0.288204,-11624.5,-223.17,11.5756,2.85717,114740,-1948.88,-575.894,58.997,105963,-6666.32,168.361,87.1777
0.288214,-11624.5,-223.286,11.5734,2.85729,114717,-1947.73,-575.914,58.9912,106052,-6665.26,168.295,87.1794
0.288224,-11624.5,-223.403,11.5711,2.8574,114695,-1946.59,-575.933,58.9855,106141,-6664.2,168.228,87.1811
0.288234,-11624.5,-223.519,11.5689,2.85752,114672,-1945.44,-575.953,58.9797,106230,-6663.13,168.161,87.1828
0.288244,-11624.5,-223.635,11.5666,2.85763,114650,-1944.29,-575.972,58.9739,106319,-6662.07,168.094,87.1844
0.288254,-11624.5,-223.752,11.5644,2.85775,114627,-1943.14,-575.992,58.9682,106408,-6661.01,168.028,87.1861
0.288264,-11624.5,-223.868,11.5622,2.85787,114604,-1941.99,-576.011,58.9624,106497,-6659.94,167.961,87.1878
0.288274,-11624.5,-223.985,11.5599,2.85798,114582,-1940.85,-576.031,58.9567,106586,-6658.87,167.894,87.1895
0.288284,-11624.5,-224.101,11.5577,2.8581,114559,-1939.7,-576.05,58.9509,106675,-6657.8,167.828,87.1912
0.288294,-11624.5,-224.217,11.5554,2.85821,114536,-1938.55,-576.07,58.9451,106764,-6656.74,167.761,87.1928
0.288304,-11624.5,-224.334,11.5532,2.85833,114514,-1937.4,-576.089,58.9394,106853,-6655.67,167.694,87.1945
0.288314,-11624.5,-224.45,11.5509,2.85844,114491,-1936.26,-576.108,58.9336,106942,-6654.6,167.628,87.1962
0.288324,-11624.5,-224.567,11.5487,2.85856,114468,-1935.11,-576.128,58.9279,107031,-6653.53,167.561,87.1979
0.288334,-11624.5,-224.683,11.5464,2.85868,114445,-1933.97,-576.147,58.9221,107120,-6652.45,167.494,87.1996
0.288344,-11624.5,-224.799,11.5442,2.85879,114422,-1932.82,-576.167,58.9163,107209,-6651.38,167.428,87.2012
0.288354,-11624.5,-224.916,11.5419,2.85891,114400,-1931.67,-576.186,58.9106,107298,-6650.31,167.361,87.2029
0.288364,-11624.5,-225.032,11.5397,2.85902,114377,-1930.53,-576.205,58.9048,107387,-6649.23,167.295,87.2046
0.288374,-11624.5,-225.149,11.5374,2.85914,114354,-1929.38,-576.225,58.899,107476,-6648.15,167.228,87.2062
0.288384,-11624.5,-225.265,11.5352,2.85925,114331,-1928.24,-576.244,58.8933,107565,-6647.08,167.162,87.2079
0.288394,-11624.5,-225.381,11.5329,2.85937,114308,-1927.09,-576.263,58.8875,107654,-6646,167.095,87.2096
0.288404,-11624.5,-225.498,11.5307,2.85948,114285,-1925.95,-576.282,58.8818,107743,-6644.92,167.028,87.2113
0.288414,-11624.5,-225.614,11.5284,2.8596,114262,-1924.81,-576.302,58.876,107832,-6643.84,166.962,87.2129
0.288424,-11624.5,-225.731,11.5262,2.85972,114239,-1923.66,-576.321,58.8702,107921,-6642.76,166.895,87.2146
0.288434,-11624.5,-225.847,11.5239,2.85983,114216,-1922.52,-576.34,58.8645,108010,-6641.68,166.829,87.2163
0.288444,-11624.5,-225.963,11.5216,2.85995,114193,-1921.37,-576.359,58.8587,108099,-6640.6,166.762,87.2179
0.288454,-11624.5,-226.08,11.5194,2.86006,114170,-1920.23,-576.379,58.8529,108188,-6639.52,166.696,87.2196
0.288464,-11624.5,-226.196,11.5171,2.86018,114146,-1919.09,-576.398,58.8472,108277,-6638.43,166.629,87.2213
0.288474,-11624.5,-226.313,11.5148,2.86029,114123,-1917.94,-576.417,58.8414,108366,-6637.35,166.563,87.2229
0.288484,-11624.5,-226.429,11.5126,2.86041,114100,-1916.8,-576.436,58.8356,108455,-6636.26,166.496,87.2246
0.288494,-11624.5,-226.545,11.5103,2.86052,114077,-1915.66,-576.456,58.8299,108544,-6635.18,166.43,87.2263
0.288504,-11624.5,-226.662,11.508,2.86064,114054,-1914.52,-576.475,58.8241,108633,-6634.09,166.364,87.2279
0.288514,-11624.5,-226.778,11.5058,2.86075,114030,-1913.38,-576.494,58.8184,108721,-6633,166.297,87.2296
0.288524,-11624.5,-226.895,11.5035,2.86087,114007,-1912.23,-576.513,58.8126,108810,-6631.91,166.231,87.2312
0.288534,-11624.5,-227.011,11.5012,2.86098,113984,-1911.09,-576.532,58.8068,108899,-6630.82,166.164,87.2329
0.288544,-11624.5,-227.127,11.4989,2.8611,113960,-1909.95,-576.551,58.8011,108988,-6629.73,166.098,87.2346
0.288554,-11624.5,-227.244,11.4967,2.86121,113937,-1908.81,-576.57,58.7953,109077,-6628.64,166.031,87.2362
0.288564,-11624.5,-227.36,11.4944,2.86133,113913,-1907.67,-576.59,58.7895,109166,-6627.55,165.965,87.2379
0.288574,-11624.5,-227.477,11.4921,2.86144,113890,-1906.53,-576.609,58.7838,109255,-6626.45,165.899,87.2396
0.288584,-11624.5,-227.593,11.4898,2.86156,113867,-1905.39,-576.628,58.778,109344,-6625.36,165.832,87.2412
0.288594,-11624.5,-227.709,11.4876,2.86167,113843,-1904.25,-576.647,58.7722,109433,-6624.26,165.766,87.2429
0.288604,-11624.5,-227.826,11.4853,2.86179,113820,-1903.11,-576.666,58.7665,109522,-6623.17,165.7,87.2445
0.288614,-11624.5,-227.942,11.483,2.8619,113796,-1901.97,-576.685,58.7607,109611,-6622.07,165.633,87.2462
0.288624,-11624.5,-228.059,11.4807,2.86202,113772,-1900.83,-576.704,58.7549,109699,-6620.97,165.567,87.2478
0.288634,-11624.5,-228.175,11.4784,2.86213,113749,-1899.69,-576.723,58.7492,109788,-6619.87,165.501,87.2495
0.288644,-11624.5,-228.291,11.4761,2.86225,113725,-1898.55,-576.742,58.7434,109877,-6618.77,165.435,87.2511
0.288654,-11624.5,-228.408,11.4739,2.86236,113702,-1897.41,-576.761,58.7376,109966,-6617.67,165.368,87.2528
0.288664,-11624.5,-228.524,11.4716,2.86248,113678,-1896.27,-576.78,58.7319,110055,-6616.57,165.302,87.2545
0.288674,-11624.5,-228.641,11.4693,2.86259,113654,-1895.14,-576.799,58.7261,110144,-6615.47,165.236,87.2561
0.288684,-11624.5,-228.757,11.467,2.86271,113631,-1894,-576.818,58.7203,110233,-6614.36,165.17,87.2578
0.288694,-11624.5,-228.873,11.4647,2.86282,113607,-1892.86,-576.837,58.7146,110322,-6613.26,165.103,87.2594
0.288704,-11624.5,-228.99,11.4624,2.86294,113583,-1891.72,-576.856,58.7088,110411,-6612.16,165.037,87.2611
0.288714,-11624.5,-229.106,11.4601,2.86305,113559,-1890.59,-576.875,58.703,110499,-6611.05,164.971,87.2627
0.288724,-11624.5,-229.223,11.4578,2.86317,113535,-1889.45,-576.894,58.6972,110588,-6609.94,164.905,87.2644
0.288734,-11624.5,-229.339,11.4555,2.86328,113512,-1888.31,-576.913,58.6915,110677,-6608.83,164.838,87.266
0.288744,-11624.5,-229.456,11.4532,2.8634,113488,-1887.17,-576.932,58.6857,110766,-6607.73,164.772,87.2677
0.288754,-11624.5,-229.572,11.4509,2.86351,113464,-1886.04,-576.951,58.6799,110855,-6606.62,164.706,87.2693
0.288764,-11624.5,-229.688,11.4486,2.86363,113440,-1884.9,-576.969,58.6742,110944,-6605.5,164.64,87.271
0.288774,-11624.5,-229.805,11.4463,2.86374,113416,-1883.77,-576.988,58.6684,111032,-6604.39,164.574,87.2726
0.288784,-11624.5,-229.921,11.444,2.86386,113392,-1882.63,-577.007,58.6626,111121,-6603.28,164.508,87.2742
0.288794,-11624.5,-230.038,11.4417,2.86397,113368,-1881.49,-577.026,58.6569,111210,-6602.17,164.442,87.2759
0.288804,-11624.5,-230.154,11.4394,2.86409,113344,-1880.36,-577.045,58.6511,111299,-6601.05,164.376,87.2775
0.288814,-11624.5,-230.27,11.4371,2.8642,113320,-1879.23,-577.064,58.6453,111388,-6599.94,164.31,87.2792
0.288824,-11624.5,-230.387,11.4348,2.86431,113296,-1878.09,-577.082,58.6395,111477,-6598.82,164.243,87.2808
0.288834,-11624.5,-230.503,11.4325,2.86443,113272,-1876.96,-577.101,58.6338,111565,-6597.71,164.177,87.2825
0.288844,-11624.5,-230.62,11.4302,2.86454,113248,-1875.82,-577.12,58.628,111654,-6596.59,164.111,87.2841
0.288854,-11624.5,-230.736,11.4279,2.86466,113223,-1874.69,-577.139,58.6222,111743,-6595.47,164.045,87.2857
0.288864,-11624.5,-230.852,11.4256,2.86477,113199,-1873.55,-577.158,58.6165,111832,-6594.35,163.979,87.2874
0.288874,-11624.5,-230.969,11.4233,2.86489,113175,-1872.42,-577.176,58.6107,111921,-6593.23,163.913,87.289
0.288884,-11624.5,-231.085,11.4209,2.865,113151,-1871.29,-577.195,58.6049,112009,-6592.11,163.847,87.2907
0.288894,-11624.5,-231.202,11.4186,2.86512,113126,-1870.16,-577.214,58.5991,112098,-6590.99,163.781,87.2923
0.288904,-11624.5,-231.318,11.4163,2.86523,113102,-1869.02,-577.233,58.5934,112187,-6589.87,163.715,87.2939
0.288914,-11624.5,-231.434,11.414,2.86534,113078,-1867.89,-577.251,58.5876,112276,-6588.74,163.649,87.2956
0.288924,-11624.5,-231.551,11.4117,2.86546,113054,-1866.76,-577.27,58.5818,112364,-6587.62,163.583,87.2972
0.288934,-11624.5,-231.667,11.4094,2.86557,113029,-1865.63,-577.289,58.5761,112453,-6586.49,163.517,87.2988
0.288945,-11624.5,-231.784,11.407,2.86569,113005,-1864.49,-577.307,58.5703,112542,-6585.36,163.451,87.3005
0.288955,-11624.5,-231.9,11.4047,2.8658,112980,-1863.36,-577.326,58.5645,112631,-6584.24,163.385,87.3021
0.288965,-11624.5,-232.016,11.4024,2.86592,112956,-1862.23,-577.345,58.5587,112720,-6583.11,163.319,87.3037
0.288975,-11624.5,-232.133,11.4001,2.86603,112931,-1861.1,-577.363,58.553,112808,-6581.98,163.253,87.3054
0.288985,-11624.5,-232.249,11.3977,2.86614,112907,-1859.97,-577.382,58.5472,112897,-6580.85,163.188,87.307
0.288995,-11624.5,-232.366,11.3954,2.86626,112882,-1858.84,-577.4,58.5414,112986,-6579.72,163.122,87.3086
0.289005,-11624.5,-232.482,11.3931,2.86637,112858,-1857.71,-577.419,58.5356,113074,-6578.59,163.056,87.3103
0.289015,-11624.5,-232.598,11.3908,2.86649,112833,-1856.58,-577.438,58.5299,113163,-6577.45,162.99,87.3119
0.289025,-11624.5,-232.715,11.3884,2.8666,112809,-1855.45,-577.456,58.5241,113252,-6576.32,162.924,87.3135
0.289035,-11624.5,-232.831,11.3861,2.86671,112784,-1854.32,-577.475,58.5183,113341,-6575.19,162.858,87.3152
0.289045,-11624.5,-232.948,11.3838,2.86683,112760,-1853.19,-577.493,58.5125,113429,-6574.05,162.792,87.3168
0.289055,-11624.5,-233.064,11.3814,2.86694,112735,-1852.06,-577.512,58.5068,113518,-6572.91,162.727,87.3184
0.289065,-11624.5,-233.18,11.3791,2.86706,112710,-1850.93,-577.531,58.501,113607,-6571.78,162.661,87.32
0.289075,-11624.5,-233.297,11.3768,2.86717,112685,-1849.8,-577.549,58.4952,113696,-6570.64,162.595,87.3217
0.289085,-11624.5,-233.413,11.3744,2.86728,112661,-1848.68,-577.568,58.4894,113784,-6569.5,162.529,87.3233
0.289095,-11624.5,-233.53,11.3721,2.8674,112636,-1847.55,-577.586,58.4837,113873,-6568.36,162.463,87.3249
0.289105,-11624.5,-233.646,11.3698,2.86751,112611,-1846.42,-577.605,58.4779,113962,-6567.22,162.398,87.3265
0.289115,-11624.5,-233.762,11.3674,2.86763,112586,-1845.29,-577.623,58.4721,114050,-6566.08,162.332,87.3282
0.289125,-11624.5,-233.879,11.3651,2.86774,112562,-1844.17,-577.641,58.4663,114139,-6564.94,162.266,87.3298
0.289135,-11624.5,-233.995,11.3627,2.86785,112537,-1843.04,-577.66,58.4606,114228,-6563.79,162.2,87.3314
0.289145,-11624.5,-234.112,11.3604,2.86797,112512,-1841.91,-577.678,58.4548,114316,-6562.65,162.135,87.333
0.289155,-11624.5,-234.228,11.358,2.86808,112487,-1840.79,-577.697,58.449,114405,-6561.5,162.069,87.3347
0.289165,-11624.5,-234.344,11.3557,2.86819,112462,-1839.66,-577.715,58.4432,114494,-6560.36,162.003,87.3363
0.289175,-11624.5,-234.461,11.3533,2.86831,112437,-1838.53,-577.734,58.4375,114582,-6559.21,161.938,87.3379
0.289185,-11624.5,-234.577,11.351,2.86842,112412,-1837.41,-577.752,58.4317,114671,-6558.06,161.872,87.3395
0.289195,-11624.5,-234.694,11.3486,2.86854,112387,-1836.28,-577.771,58.4259,114760,-6556.91,161.806,87.3411
0.289205,-11624.5,-234.81,11.3463,2.86865,112362,-1835.16,-577.789,58.4201,114848,-6555.76,161.741,87.3428
0.289215,-11624.5,-234.926,11.3439,2.86876,112337,-1834.03,-577.807,58.4143,114937,-6554.61,161.675,87.3444
0.289225,-11624.5,-235.043,11.3416,2.86888,112312,-1832.91,-577.826,58.4086,115026,-6553.46,161.609,87.346
0.289235,-11624.5,-235.159,11.3392,2.86899,112287,-1831.78,-577.844,58.4028,115114,-6552.31,161.544,87.3476
0.289245,-11624.5,-235.276,11.3369,2.8691,112262,-1830.66,-577.862,58.397,115203,-6551.16,161.478,87.3492
0.289255,-11624.5,-235.392,11.3345,2.86922,112236,-1829.53,-577.881,58.3912,115292,-6550,161.412,87.3508
0.289265,-11624.5,-235.508,11.3322,2.86933,112211,-1828.41,-577.899,58.3854,115380,-6548.85,161.347,87.3525
0.289275,-11624.5,-235.625,11.3298,2.86944,112186,-1827.29,-577.917,58.3797,115469,-6547.69,161.281,87.3541
0.289285,-11624.5,-235.741,11.3274,2.86956,112161,-1826.16,-577.936,58.3739,115557,-6546.53,161.216,87.3557
0.289295,-11624.5,-235.858,11.3251,2.86967,112135,-1825.04,-577.954,58.3681,115646,-6545.38,161.15,87.3573
0.289305,-11624.5,-235.974,11.3227,2.86978,112110,-1823.92,-577.972,58.3623,115735,-6544.22,161.085,87.3589
0.289315,-11624.5,-236.09,11.3204,2.8699,112085,-1822.8,-577.99,58.3566,115823,-6543.06,161.019,87.3605
0.289325,-11624.5,-236.207,11.318,2.87001,112060,-1821.67,-578.009,58.3508,115912,-6541.9,160.954,87.3621
0.289335,-11624.5,-236.323,11.3156,2.87012,112034,-1820.55,-578.027,58.345,116000,-6540.74,160.888,87.3637
0.289345,-11624.5,-236.44,11.3133,2.87024,112009,-1819.43,-578.045,58.3392,116089,-6539.58,160.823,87.3653
0.289355,-11624.5,-236.556,11.3109,2.87035,111983,-1818.31,-578.063,58.3334,116178,-6538.41,160.757,87.3669
0.289365,-11624.5,-236.672,11.3085,2.87046,111958,-1817.19,-578.081,58.3277,116266,-6537.25,160.692,87.3686
0.289375,-11624.5,-236.789,11.3062,2.87058,111932,-1816.07,-578.1,58.3219,116355,-6536.08,160.626,87.3702
0.289385,-11624.5,-236.905,11.3038,2.87069,111907,-1814.94,-578.118,58.3161,116443,-6534.92,160.561,87.3718
0.289395,-11624.5,-237.022,11.3014,2.8708,111882,-1813.82,-578.136,58.3103,116532,-6533.75,160.495,87.3734
0.289405,-11624.5,-237.138,11.299,2.87092,111856,-1812.7,-578.154,58.3045,116621,-6532.59,160.43,87.375
0.289415,-11624.5,-237.255,11.2967,2.87103,111830,-1811.58,-578.172,58.2987,116709,-6531.42,160.365,87.3766
0.289425,-11624.5,-237.371,11.2943,2.87114,111805,-1810.47,-578.19,58.293,116798,-6530.25,160.299,87.3782
0.289435,-11624.5,-237.487,11.2919,2.87126,111779,-1809.34,-578.209,58.2872,116886,-6529.08,160.234,87.3798
0.289445,-11624.5,-237.604,11.2895,2.87137,111754,-1808.23,-578.227,58.2814,116975,-6527.91,160.168,87.3814
0.289455,-11624.5,-237.72,11.2871,2.87148,111728,-1807.11,-578.245,58.2756,117063,-6526.73,160.103,87.383
0.289465,-11624.5,-237.837,11.2848,2.87159,111702,-1805.99,-578.263,58.2698,117152,-6525.56,160.038,87.3846
0.289475,-11624.5,-237.953,11.2824,2.87171,111677,-1804.87,-578.281,58.264,117240,-6524.39,159.972,87.3862
0.289485,-11624.5,-238.069,11.28,2.87182,111651,-1803.75,-578.299,58.2583,117329,-6523.21,159.907,87.3878
0.289495,-11624.5,-238.186,11.2776,2.87193,111625,-1802.63,-578.317,58.2525,117417,-6522.04,159.842,87.3894
0.289505,-11624.5,-238.302,11.2752,2.87205,111599,-1801.52,-578.335,58.2467,117506,-6520.86,159.776,87.391
0.289515,-11624.5,-238.419,11.2728,2.87216,111574,-1800.4,-578.353,58.2409,117594,-6519.69,159.711,87.3926
0.289525,-11624.5,-238.535,11.2705,2.87227,111548,-1799.28,-578.371,58.2351,117683,-6518.51,159.646,87.3942
0.289535,-11624.5,-238.651,11.2681,2.87239,111522,-1798.17,-578.389,58.2294,117771,-6517.33,159.581,87.3958
0.289545,-11624.5,-238.768,11.2657,2.8725,111496,-1797.05,-578.407,58.2236,117860,-6516.15,159.515,87.3974
0.289555,-11624.5,-238.884,11.2633,2.87261,111470,-1795.93,-578.425,58.2178,117949,-6514.97,159.45,87.399
0.289565,-11624.5,-239.001,11.2609,2.87272,111444,-1794.82,-578.443,58.212,118037,-6513.79,159.385,87.4006
0.289575,-11624.5,-239.117,11.2585,2.87284,111418,-1793.7,-578.461,58.2062,118125,-6512.6,159.32,87.4021
0.289585,-11624.5,-239.233,11.2561,2.87295,111392,-1792.58,-578.479,58.2004,118214,-6511.42,159.254,87.4037
0.289595,-11624.5,-239.35,11.2537,2.87306,111366,-1791.47,-578.497,58.1947,118302,-6510.24,159.189,87.4053
0.289605,-11624.5,-239.466,11.2513,2.87317,111340,-1790.35,-578.515,58.1889,118391,-6509.05,159.124,87.4069
0.289615,-11624.5,-239.583,11.2489,2.87329,111314,-1789.24,-578.533,58.1831,118479,-6507.87,159.059,87.4085
0.289625,0,-239.597,11.2465,2.8734,111272,-1788.12,-578.551,58.1773,118509,-6506.68,158.994,87.4101
0.289635,0,-239.597,11.2441,2.87351,111227,-1787.01,-578.569,58.1715,118530,-6505.49,158.929,87.4117
0.289645,0,-239.597,11.2417,2.87362,111183,-1785.9,-578.587,58.1657,118551,-6504.31,158.863,87.4133
0.289655,0,-239.597,11.2393,2.87374,111138,-1784.78,-578.604,58.1599,118572,-6503.12,158.798,87.4149
0.289665,0,-239.597,11.2369,2.87385,111094,-1783.67,-578.622,58.1541,118593,-6501.93,158.733,87.4165
0.289676,0,-239.597,11.2345,2.87396,111049,-1782.56,-578.64,58.1484,118614,-6500.74,158.668,87.418
0.289686,0,-239.597,11.2321,2.87407,111005,-1781.45,-578.658,58.1426,118635,-6499.56,158.603,87.4196
0.289696,0,-239.597,11.2297,2.87419,110960,-1780.34,-578.676,58.1368,118656,-6498.37,158.538,87.4212
0.289706,0,-239.597,11.2273,2.8743,110915,-1779.23,-578.694,58.131,118677,-6497.18,158.473,87.4228
0.289716,0,-239.597,11.2249,2.87441,110871,-1778.11,-578.711,58.1252,118698,-6495.99,158.408,87.4244
0.289726,0,-239.597,11.2225,2.87452,110826,-1777,-578.729,58.1194,118719,-6494.8,158.343,87.426
0.289736,0,-239.597,11.2201,2.87464,110782,-1775.9,-578.747,58.1136,118740,-6493.61,158.278,87.4276
0.289746,0,-239.597,11.2177,2.87475,110737,-1774.79,-578.765,58.1078,118761,-6492.42,158.213,87.4291
0.289756,0,-239.597,11.2153,2.87486,110693,-1773.68,-578.783,58.1021,118782,-6491.23,158.148,87.4307
0.289766,0,-239.597,11.2129,2.87497,110648,-1772.57,-578.8,58.0963,118803,-6490.04,158.083,87.4323
0.289776,0,-239.597,11.2105,2.87509,110604,-1771.46,-578.818,58.0905,118824,-6488.86,158.018,87.4339
0.289786,0,-239.597,11.2081,2.8752,110560,-1770.35,-578.836,58.0847,118845,-6487.66,157.953,87.4355
0.289796,0,-239.597,11.2057,2.87531,110515,-1769.25,-578.854,58.0789,118866,-6486.48,157.888,87.437
0.289806,0,-239.597,11.2033,2.87542,110471,-1768.14,-578.871,58.0731,118887,-6485.28,157.823,87.4386
0.289816,0,-239.597,11.2009,2.87554,110426,-1767.04,-578.889,58.0673,118907,-6484.09,157.758,87.4402
0.289826,0,-239.597,11.1985,2.87565,110382,-1765.93,-578.907,58.0616,118928,-6482.9,157.693,87.4418
0.289836,0,-239.597,11.1961,2.87576,110337,-1764.82,-578.924,58.0558,118949,-6481.71,157.628,87.4434
0.289846,0,-239.597,11.1937,2.87587,110293,-1763.72,-578.942,58.05,118970,-6480.52,157.563,87.4449
0.289856,0,-239.597,11.1913,2.87598,110248,-1762.62,-578.96,58.0442,118991,-6479.33,157.498,87.4465
0.289866,0,-239.597,11.1889,2.8761,110204,-1761.51,-578.977,58.0384,119012,-6478.14,157.433,87.4481
0.289876,0,-239.597,11.1865,2.87621,110160,-1760.41,-578.995,58.0326,119032,-6476.95,157.369,87.4497
0.289886,0,-239.597,11.1841,2.87632,110115,-1759.3,-579.013,58.0268,119053,-6475.75,157.304,87.4512
0.289896,0,-239.597,11.1817,2.87643,110071,-1758.2,-579.03,58.021,119074,-6474.56,157.239,87.4528
0.289906,0,-239.597,11.1793,2.87654,110026,-1757.1,-579.048,58.0152,119095,-6473.37,157.174,87.4544
0.289916,0,-239.597,11.1769,2.87666,109982,-1756,-579.065,58.0094,119115,-6472.18,157.109,87.4559
0.289926,0,-239.597,11.1745,2.87677,109938,-1754.9,-579.083,58.0036,119136,-6470.98,157.044,87.4575
0.289936,0,-239.597,11.1721,2.87688,109893,-1753.8,-579.101,57.9979,119157,-6469.79,156.98,87.4591
0.289946,0,-239.597,11.1697,2.87699,109849,-1752.7,-579.118,57.9921,119178,-6468.6,156.915,87.4607
0.289956,0,-239.597,11.1673,2.8771,109804,-1751.6,-579.136,57.9863,119198,-6467.4,156.85,87.4622
0.289966,0,-239.597,11.1649,2.87721,109760,-1750.5,-579.153,57.9805,119219,-6466.21,156.785,87.4638
0.289976,0,-239.597,11.1625,2.87733,109716,-1749.4,-579.171,57.9747,119240,-6465.02,156.721,87.4654
0.289986,0,-239.597,11.1601,2.87744,109671,-1748.3,-579.188,57.9689,119260,-6463.82,156.656,87.4669
0.289996,0,-239.597,11.1577,2.87755,109627,-1747.2,-579.206,57.9631,119281,-6462.63,156.591,87.4685
0.290006,0,-239.597,11.1553,2.87766,109583,-1746.11,-579.223,57.9573,119302,-6461.43,156.526,87.4701
0.290016,0,-239.597,11.1529,2.87777,109538,-1745.01,-579.241,57.9515,119322,-6460.24,156.462,87.4716
0.290026,0,-239.597,11.1505,2.87789,109494,-1743.91,-579.258,57.9457,119343,-6459.04,156.397,87.4732
0.290036,0,-239.597,11.1481,2.878,109450,-1742.82,-579.276,57.9399,119363,-6457.85,156.332,87.4747
0.290046,0,-239.597,11.1457,2.87811,109405,-1741.72,-579.293,57.9341,119384,-6456.65,156.268,87.4763
0.290056,0,-239.597,11.1433,2.87822,109361,-1740.62,-579.31,57.9284,119405,-6455.46,156.203,87.4779
0.290066,0,-239.597,11.1409,2.87833,109317,-1739.53,-579.328,57.9226,119425,-6454.26,156.138,87.4794
0.290076,0,-239.597,11.1385,2.87844,109273,-1738.44,-579.345,57.9168,119446,-6453.07,156.074,87.481
0.290086,0,-239.597,11.1361,2.87855,109228,-1737.34,-579.363,57.911,119466,-6451.87,156.009,87.4826
0.290096,0,-239.597,11.1337,2.87867,109184,-1736.25,-579.38,57.9052,119487,-6450.67,155.945,87.4841
0.290106,0,-239.597,11.1314,2.87878,109140,-1735.16,-579.397,57.8994,119507,-6449.48,155.88,87.4857
0.290116,0,-239.597,11.129,2.87889,109095,-1734.06,-579.415,57.8936,119528,-6448.28,155.815,87.4872
0.290126,0,-239.597,11.1266,2.879,109051,-1732.97,-579.432,57.8878,119548,-6447.08,155.751,87.4888
0.290136,0,-239.597,11.1242,2.87911,109007,-1731.88,-579.45,57.882,119569,-6445.89,155.686,87.4903
0.290146,0,-239.597,11.1218,2.87922,108963,-1730.79,-579.467,57.8762,119589,-6444.69,155.622,87.4919
0.290156,0,-239.597,11.1194,2.87933,108918,-1729.7,-579.484,57.8704,119609,-6443.49,155.557,87.4935
0.290166,0,-239.597,11.117,2.87945,108874,-1728.6,-579.502,57.8646,119630,-6442.29,155.493,87.495
0.290176,0,-239.597,11.1146,2.87956,108830,-1727.52,-579.519,57.8588,119650,-6441.09,155.428,87.4966
0.290186,0,-239.597,11.1122,2.87967,108786,-1726.43,-579.536,57.853,119671,-6439.9,155.364,87.4981
0.290196,0,-239.597,11.1098,2.87978,108742,-1725.34,-579.553,57.8472,119691,-6438.7,155.299,87.4997
0.290206,0,-239.597,11.1074,2.87989,108697,-1724.25,-579.571,57.8414,119711,-6437.5,155.235,87.5012
0.290216,0,-239.597,11.105,2.88,108653,-1723.16,-579.588,57.8356,119732,-6436.3,155.17,87.5028
0.290226,0,-239.597,11.1026,2.88011,108609,-1722.07,-579.605,57.8298,119752,-6435.1,155.106,87.5043
0.290236,0,-239.597,11.1002,2.88022,108565,-1720.98,-579.622,57.8241,119772,-6433.9,155.041,87.5059
0.290246,0,-239.597,11.0978,2.88034,108521,-1719.9,-579.64,57.8183,119793,-6432.7,154.977,87.5074
0.290256,0,-239.597,11.0954,2.88045,108476,-1718.81,-579.657,57.8125,119813,-6431.5,154.913,87.509
0.290266,0,-239.597,11.093,2.88056,108432,-1717.72,-579.674,57.8067,119833,-6430.3,154.848,87.5105
0.290276,0,-239.597,11.0906,2.88067,108388,-1716.64,-579.691,57.8009,119854,-6429.1,154.784,87.5121
0.290286,0,-239.597,11.0882,2.88078,108344,-1715.56,-579.708,57.7951,119874,-6427.9,154.719,87.5136
0.290296,0,-239.597,11.0858,2.88089,108300,-1714.47,-579.726,57.7893,119894,-6426.7,154.655,87.5152
0.290306,0,-239.597,11.0834,2.881,108256,-1713.39,-579.743,57.7835,119914,-6425.5,154.591,87.5167
0.290316,0,-239.597,11.081,2.88111,108211,-1712.3,-579.76,57.7777,119935,-6424.3,154.526,87.5183
0.290326,0,-239.597,11.0786,2.88122,108167,-1711.22,-579.777,57.7719,119955,-6423.1,154.462,87.5198
0.290336,0,-239.597,11.0762,2.88134,108123,-1710.14,-579.794,57.7661,119975,-6421.9,154.398,87.5214
0.290346,0,-239.597,11.0738,2.88145,108079,-1709.05,-579.811,57.7603,119995,-6420.7,154.333,87.5229
0.290356,0,-239.597,11.0714,2.88156,108035,-1707.97,-579.828,57.7545,120015,-6419.5,154.269,87.5244
0.290366,0,-239.597,11.069,2.88167,107991,-1706.89,-579.846,57.7487,120036,-6418.29,154.205,87.526
0.290376,0,-239.597,11.0666,2.88178,107947,-1705.81,-579.863,57.7429,120056,-6417.09,154.141,87.5275
0.290386,0,-239.597,11.0642,2.88189,107903,-1704.73,-579.88,57.7371,120076,-6415.89,154.076,87.5291
0.290396,0,-239.597,11.0618,2.882,107859,-1703.65,-579.897,57.7313,120096,-6414.69,154.012,87.5306
0.290406,0,-239.597,11.0594,2.88211,107815,-1702.57,-579.914,57.7255,120116,-6413.48,153.948,87.5322
0.290417,0,-239.597,11.057,2.88222,107770,-1701.49,-579.931,57.7197,120136,-6412.28,153.884,87.5337
0.290427,0,-239.597,11.0546,2.88233,107726,-1700.41,-579.948,57.7139,120156,-6411.08,153.82,87.5352
0.290437,0,-239.597,11.0522,2.88244,107682,-1699.33,-579.965,57.7081,120176,-6409.88,153.755,87.5368
0.290447,0,-239.597,11.0498,2.88255,107638,-1698.25,-579.982,57.7023,120196,-6408.67,153.691,87.5383
0.290457,0,-239.597,11.0474,2.88266,107594,-1697.17,-579.999,57.6965,120217,-6407.47,153.627,87.5398
0.290467,0,-239.597,11.045,2.88277,107550,-1696.1,-580.016,57.6907,120237,-6406.26,153.563,87.5414
0.290477,0,-239.597,11.0426,2.88289,107506,-1695.02,-580.033,57.6849,120257,-6405.06,153.499,87.5429
0.290487,0,-239.597,11.0402,2.883,107462,-1693.95,-580.05,57.6791,120277,-6403.85,153.435,87.5444
0.290497,0,-239.597,11.0378,2.88311,107418,-1692.87,-580.067,57.6733,120297,-6402.65,153.37,87.546
0.290507,0,-239.597,11.0354,2.88322,107374,-1691.79,-580.084,57.6675,120317,-6401.45,153.306,87.5475
0.290517,0,-239.597,11.033,2.88333,107330,-1690.72,-580.101,57.6617,120337,-6400.24,153.242,87.549
0.290527,0,-239.597,11.0306,2.88344,107286,-1689.64,-580.118,57.6559,120357,-6399.04,153.178,87.5506
0.290537,0,-239.597,11.0282,2.88355,107242,-1688.57,-580.135,57.6501,120376,-6397.83,153.114,87.5521
0.290547,0,-239.597,11.0258,2.88366,107198,-1687.5,-580.151,57.6443,120396,-6396.63,153.05,87.5536
0.290557,0,-239.597,11.0234,2.88377,107154,-1686.42,-580.168,57.6385,120416,-6395.42,152.986,87.5552
0.290567,0,-239.597,11.021,2.88388,107110,-1685.35,-580.185,57.6327,120436,-6394.21,152.922,87.5567
0.290577,0,-239.597,11.0186,2.88399,107066,-1684.28,-580.202,57.6269,120456,-6393.01,152.858,87.5582
0.290587,0,-239.597,11.0162,2.8841,107022,-1683.21,-580.219,57.6211,120476,-6391.8,152.794,87.5598
0.290597,0,-239.597,11.0138,2.88421,106978,-1682.13,-580.236,57.6153,120496,-6390.59,152.73,87.5613
0.290607,0,-239.597,11.0114,2.88432,106934,-1681.06,-580.253,57.6095,120516,-6389.39,152.666,87.5628
0.290617,0,-239.597,11.009,2.88443,106890,-1679.99,-580.269,57.6037,120536,-6388.18,152.602,87.5643
0.290627,0,-239.597,11.0066,2.88454,106846,-1678.92,-580.286,57.5979,120556,-6386.97,152.538,87.5659
0.290637,0,-239.597,11.0042,2.88465,106802,-1677.85,-580.303,57.5921,120575,-6385.77,152.474,87.5674
0.290647,0,-239.597,11.0018,2.88476,106759,-1676.78,-580.32,57.5863,120595,-6384.56,152.41,87.5689
0.290657,0,-239.597,10.9994,2.88487,106715,-1675.71,-580.337,57.5805,120615,-6383.35,152.346,87.5704
0.290667,0,-239.597,10.997,2.88498,106671,-1674.65,-580.353,57.5747,120635,-6382.14,152.282,87.572
0.290677,0,-239.597,10.9946,2.88509,106627,-1673.58,-580.37,57.5689,120654,-6380.94,152.218,87.5735
0.290687,0,-239.597,10.9922,2.8852,106583,-1672.51,-580.387,57.563,120674,-6379.73,152.154,87.575
0.290697,0,-239.597,10.9898,2.88531,106539,-1671.44,-580.404,57.5572,120694,-6378.52,152.091,87.5765
0.290707,0,-239.597,10.9874,2.88542,106495,-1670.38,-580.42,57.5514,120714,-6377.31,152.027,87.578
0.290717,0,-239.597,10.985,2.88553,106451,-1669.31,-580.437,57.5456,120734,-6376.1,151.963,87.5796
0.290727,0,-239.597,10.9826,2.88564,106407,-1668.25,-580.454,57.5398,120753,-6374.89,151.899,87.5811
0.290737,0,-239.597,10.9802,2.88575,106364,-1667.18,-580.471,57.534,120773,-6373.68,151.835,87.5826
0.290747,0,-239.597,10.9778,2.88586,106320,-1666.12,-580.487,57.5282,120793,-6372.47,151.771,87.5841
0.290757,0,-239.597,10.9754,2.88597,106276,-1665.05,-580.504,57.5224,120812,-6371.26,151.708,87.5856
0.290767,0,-239.597,10.973,2.88608,106232,-1663.99,-580.521,57.5166,120832,-6370.05,151.644,87.5872
0.290777,0,-239.597,10.9706,2.88619,106188,-1662.92,-580.537,57.5108,120852,-6368.84,151.58,87.5887
0.290787,0,-239.597,10.9682,2.8863,106144,-1661.86,-580.554,57.505,120871,-6367.63,151.516,87.5902
0.290797,0,-239.597,10.9658,2.88641,106100,-1660.8,-580.571,57.4992,120891,-6366.42,151.452,87.5917
0.290807,0,-239.597,10.9634,2.88652,106057,-1659.74,-580.587,57.4934,120910,-6365.21,151.389,87.5932
0.290817,0,-239.597,10.961,2.88663,106013,-1658.67,-580.604,57.4876,120930,-6364,151.325,87.5947
0.290827,0,-239.597,10.9586,2.88674,105969,-1657.61,-580.62,57.4818,120950,-6362.79,151.261,87.5962
0.290837,0,-239.597,10.9562,2.88685,105925,-1656.55,-580.637,57.476,120969,-6361.58,151.197,87.5977
0.290847,0,-239.597,10.9538,2.88696,105881,-1655.49,-580.654,57.4702,120989,-6360.37,151.134,87.5993
0.290857,0,-239.597,10.9514,2.88707,105838,-1654.43,-580.67,57.4644,121008,-6359.16,151.07,87.6008
0.290867,0,-239.597,10.949,2.88718,105794,-1653.37,-580.687,57.4585,121028,-6357.94,151.006,87.6023
0.290877,0,-239.597,10.9466,2.88729,105750,-1652.31,-580.703,57.4527,121047,-6356.73,150.943,87.6038
0.290887,0,-239.597,10.9442,2.8874,105706,-1651.25,-580.72,57.4469,121067,-6355.52,150.879,87.6053
0.290897,0,-239.597,10.9418,2.88751,105663,-1650.19,-580.736,57.4411,121086,-6354.31,150.816,87.6068
0.290907,0,-239.597,10.9394,2.88762,105619,-1649.14,-580.753,57.4353,121106,-6353.09,150.752,87.6083
0.290917,0,-239.597,10.937,2.88773,105575,-1648.08,-580.769,57.4295,121125,-6351.88,150.688,87.6098
0.290927,0,-239.597,10.9346,2.88784,105531,-1647.02,-580.786,57.4237,121145,-6350.67,150.625,87.6113
0.290937,0,-239.597,10.9322,2.88795,105488,-1645.97,-580.802,57.4179,121164,-6349.46,150.561,87.6128
0.290947,0,-239.597,10.9298,2.88806,105444,-1644.91,-580.819,57.4121,121184,-6348.24,150.498,87.6143
0.290957,0,-239.597,10.9274,2.88817,105400,-1643.86,-580.835,57.4063,121203,-6347.03,150.434,87.6158
0.290967,0,-239.597,10.925,2.88827,105356,-1642.8,-580.852,57.4005,121223,-6345.82,150.37,87.6173
0.290977,0,-239.597,10.9226,2.88838,105313,-1641.74,-580.868,57.3947,121242,-6344.6,150.307,87.6189
0.290987,0,-239.597,10.9202,2.88849,105269,-1640.69,-580.885,57.3889,121261,-6343.39,150.243,87.6204
0.290997,0,-239.597,10.9178,2.8886,105225,-1639.64,-580.901,57.383,121281,-6342.17,150.18,87.6219
0.291007,0,-239.597,10.9154,2.88871,105182,-1638.58,-580.917,57.3772,121300,-6340.96,150.116,87.6234
0.291017,0,-239.597,10.913,2.88882,105138,-1637.53,-580.934,57.3714,121319,-6339.74,150.053,87.6249
0.291027,0,-239.597,10.9106,2.88893,105094,-1636.48,-580.95,57.3656,121339,-6338.53,149.989,87.6264
0.291037,0,-239.597,10.9082,2.88904,105051,-1635.42,-580.967,57.3598,121358,-6337.31,149.926,87.6279
0.291047,0,-239.597,10.9058,2.88915,105007,-1634.37,-580.983,57.354,121377,-6336.1,149.862,87.6294
0.291057,0,-239.597,10.9034,2.88926,104963,-1633.32,-580.999,57.3482,121397,-6334.88,149.799,87.6309
0.291067,0,-239.597,10.901,2.88937,104920,-1632.27,-581.016,57.3424,121416,-6333.67,149.736,87.6324
0.291077,0,-239.597,10.8986,2.88948,104876,-1631.22,-581.032,57.3366,121435,-6332.45,149.672,87.6339
0.291087,0,-239.597,10.8962,2.88959,104832,-1630.17,-581.048,57.3308,121455,-6331.23,149.609,87.6353
0.291097,0,-239.597,10.8938,2.88969,104789,-1629.12,-581.065,57.3249,121474,-6330.02,149.545,87.6368
0.291107,0,-239.597,10.8914,2.8898,104745,-1628.07,-581.081,57.3191,121493,-6328.8,149.482,87.6383
0.291117,0,-239.597,10.889,2.88991,104701,-1627.02,-581.097,57.3133,121512,-6327.59,149.419,87.6398
0.291127,0,-239.597,10.8866,2.89002,104658,-1625.98,-581.114,57.3075,121532,-6326.37,149.355,87.6413
0.291137,0,-239.597,10.8842,2.89013,104614,-1624.93,-581.13,57.3017,121551,-6325.15,149.292,87.6428
0.291148,0,-239.597,10.8818,2.89024,104571,-1623.88,-581.146,57.2959,121570,-6323.93,149.229,87.6443
0.291158,0,-239.597,10.8794,2.89035,104527,-1622.83,-581.162,57.2901,121589,-6322.72,149.165,87.6458
0.291168,0,-239.597,10.877,2.89046,104484,-1621.79,-581.179,57.2843,121608,-6321.5,149.102,87.6473
0.291178,0,-239.597,10.8746,2.89057,104440,-1620.74,-581.195,57.2785,121627,-6320.28,149.039,87.6488
0.291188,0,-239.597,10.8722,2.89068,104396,-1619.7,-581.211,57.2726,121647,-6319.06,148.975,87.6503
0.291198,0,-239.597,10.8698,2.89078,104353,-1618.65,-581.227,57.2668,121666,-6317.85,148.912,87.6518
0.291208,0,-239.597,10.8674,2.89089,104309,-1617.61,-581.244,57.261,121685,-6316.63,148.849,87.6533
0.291218,0,-239.597,10.865,2.891,104266,-1616.56,-581.26,57.2552,121704,-6315.41,148.786,87.6547
0.291228,0,-239.597,10.8626,2.89111,104222,-1615.52,-581.276,57.2494,121723,-6314.19,148.722,87.6562
0.291238,0,-239.597,10.8602,2.89122,104179,-1614.47,-581.292,57.2436,121742,-6312.97,148.659,87.6577
0.291248,0,-239.597,10.8578,2.89133,104135,-1613.43,-581.308,57.2378,121761,-6311.75,148.596,87.6592
0.291258,0,-239.597,10.8554,2.89144,104092,-1612.39,-581.324,57.2319,121780,-6310.53,148.533,87.6607
0.291268,0,-239.597,10.853,2.89155,104048,-1611.35,-581.34,57.2261,121799,-6309.31,148.47,87.6622
0.291278,0,-239.597,10.8506,2.89165,104005,-1610.31,-581.357,57.2203,121818,-6308.09,148.406,87.6637
0.291288,0,-239.597,10.8482,2.89176,103961,-1609.26,-581.373,57.2145,121837,-6306.87,148.343,87.6651
0.291298,0,-239.597,10.8458,2.89187,103918,-1608.22,-581.389,57.2087,121856,-6305.65,148.28,87.6666
0.291308,0,-239.597,10.8434,2.89198,103874,-1607.18,-581.405,57.2029,121875,-6304.43,148.217,87.6681
0.291318,0,-239.597,10.841,2.89209,103831,-1606.14,-581.421,57.1971,121894,-6303.21,148.154,87.6696
0.291328,0,-239.597,10.8386,2.8922,103787,-1605.1,-581.437,57.1913,121913,-6301.99,148.091,87.6711
0.291338,0,-239.597,10.8362,2.89231,103744,-1604.06,-581.453,57.1854,121932,-6300.77,148.028,87.6725
0.291348,0,-239.597,10.8338,2.89241,103700,-1603.02,-581.469,57.1796,121951,-6299.55,147.965,87.674
0.291358,0,-239.597,10.8314,2.89252,103657,-1601.99,-581.485,57.1738,121970,-6298.33,147.901,87.6755
0.291368,0,-239.597,10.829,2.89263,103613,-1600.95,-581.501,57.168,121989,-6297.11,147.838,87.677
0.291378,0,-239.597,10.8266,2.89274,103570,-1599.91,-581.517,57.1622,122008,-6295.88,147.775,87.6785
0.291388,0,-239.597,10.8243,2.89285,103526,-1598.88,-581.533,57.1564,122027,-6294.66,147.712,87.6799
0.291398,0,-239.597,10.8219,2.89296,103483,-1597.84,-581.549,57.1506,122046,-6293.44,147.649,87.6814
0.291408,0,-239.597,10.8195,2.89306,103440,-1596.8,-581.565,57.1447,122065,-6292.22,147.586,87.6829
0.291418,0,-239.597,10.8171,2.89317,103396,-1595.77,-581.581,57.1389,122084,-6291,147.523,87.6844
0.291428,0,-239.597,10.8147,2.89328,103353,-1594.73,-581.597,57.1331,122102,-6289.77,147.46,87.6858
0.291438,0,-239.597,10.8123,2.89339,103309,-1593.7,-581.613,57.1273,122121,-6288.55,147.397,87.6873
0.291448,0,-239.597,10.8099,2.8935,103266,-1592.66,-581.629,57.1215,122140,-6287.33,147.334,87.6888
0.291458,0,-239.597,10.8075,2.89361,103223,-1591.63,-581.645,57.1157,122159,-6286.1,147.271,87.6903
0.291468,0,-239.597,10.8051,2.89371,103179,-1590.6,-581.661,57.1098,122178,-6284.88,147.208,87.6917
0.291478,0,-239.597,10.8027,2.89382,103136,-1589.56,-581.677,57.104,122196,-6283.66,147.145,87.6932
0.291488,0,-239.597,10.8003,2.89393,103092,-1588.53,-581.693,57.0982,122215,-6282.43,147.083,87.6947
0.291498,0,-239.597,10.7979,2.89404,103049,-1587.5,-581.709,57.0924,122234,-6281.21,147.02,87.6962
0.291508,0,-239.597,10.7955,2.89415,103006,-1586.47,-581.725,57.0866,122253,-6279.99,146.957,87.6976
0.291518,0,-239.597,10.7931,2.89426,102962,-1585.43,-581.741,57.0807,122271,-6278.76,146.894,87.6991
0.291528,0,-239.597,10.7907,2.89436,102919,-1584.4,-581.757,57.0749,122290,-6277.54,146.831,87.7006
0.291538,0,-239.597,10.7883,2.89447,102876,-1583.37,-581.772,57.0691,122309,-6276.31,146.768,87.702
0.291548,0,-239.597,10.7859,2.89458,102832,-1582.34,-581.788,57.0633,122328,-6275.09,146.705,87.7035
0.291558,0,-239.597,10.7835,2.89469,102789,-1581.31,-581.804,57.0575,122346,-6273.86,146.643,87.705
0.291568,0,-239.597,10.7811,2.8948,102746,-1580.29,-581.82,57.0517,122365,-6272.64,146.58,87.7064
0.291578,0,-239.597,10.7787,2.8949,102702,-1579.26,-581.836,57.0458,122384,-6271.41,146.517,87.7079
0.291588,0,-239.597,10.7763,2.89501,102659,-1578.23,-581.852,57.04,122402,-6270.19,146.454,87.7094
0.291598,0,-239.597,10.7739,2.89512,102616,-1577.2,-581.867,57.0342,122421,-6268.96,146.391,87.7108
0.291608,0,-239.597,10.7715,2.89523,102573,-1576.17,-581.883,57.0284,122440,-6267.74,146.329,87.7123
0.291618,0,-239.597,10.7691,2.89533,102529,-1575.15,-581.899,57.0226,122458,-6266.51,146.266,87.7137
0.291628,0,-239.597,10.7667,2.89544,102486,-1574.12,-581.915,57.0168,122477,-6265.28,146.203,87.7152
0.291638,0,-239.597,10.7643,2.89555,102443,-1573.09,-581.93,57.0109,122495,-6264.06,146.14,87.7167
0.291648,0,-239.597,10.7619,2.89566,102399,-1572.07,-581.946,57.0051,122514,-6262.83,146.078,87.7181
0.291658,0,-239.597,10.7595,2.89577,102356,-1571.04,-581.962,56.9993,122533,-6261.6,146.015,87.7196
0.291668,0,-239.597,10.7571,2.89587,102313,-1570.02,-581.978,56.9935,122551,-6260.38,145.952,87.7211
0.291678,0,-239.597,10.7547,2.89598,102270,-1568.99,-581.993,56.9877,122570,-6259.15,145.889,87.7225
0.291688,0,-239.597,10.7523,2.89609,102227,-1567.97,-582.009,56.9818,122588,-6257.92,145.827,87.724
0.291698,0,-239.597,10.7499,2.8962,102183,-1566.95,-582.025,56.976,122607,-6256.69,145.764,87.7254
0.291708,0,-239.597,10.7475,2.8963,102140,-1565.92,-582.04,56.9702,122625,-6255.46,145.702,87.7269
0.291718,0,-239.597,10.7451,2.89641,102097,-1564.9,-582.056,56.9644,122644,-6254.24,145.639,87.7283
0.291728,0,-239.597,10.7427,2.89652,102054,-1563.88,-582.072,56.9585,122662,-6253.01,145.576,87.7298
0.291738,0,-239.597,10.7403,2.89663,102010,-1562.86,-582.087,56.9527,122681,-6251.78,145.514,87.7313
0.291748,0,-239.597,10.7379,2.89673,101967,-1561.84,-582.103,56.9469,122699,-6250.55,145.451,87.7327
0.291758,0,-239.597,10.7355,2.89684,101924,-1560.82,-582.119,56.9411,122718,-6249.32,145.389,87.7342
0.291768,0,-239.597,10.7331,2.89695,101881,-1559.79,-582.134,56.9353,122736,-6248.09,145.326,87.7356
0.291778,0,-239.597,10.7307,2.89706,101838,-1558.77,-582.15,56.9294,122755,-6246.87,145.263,87.7371
0.291788,0,-239.597,10.7283,2.89716,101795,-1557.76,-582.166,56.9236,122773,-6245.64,145.201,87.7385
0.291798,0,-239.597,10.7259,2.89727,101751,-1556.74,-582.181,56.9178,122791,-6244.41,145.138,87.74
0.291808,0,-239.597,10.7235,2.89738,101708,-1555.72,-582.197,56.912,122810,-6243.18,145.076,87.7414
0.291818,0,-239.597,10.7211,2.89749,101665,-1554.7,-582.212,56.9062,122828,-6241.95,145.013,87.7429
0.291828,0,-239.597,10.7187,2.89759,101622,-1553.68,-582.228,56.9003,122846,-6240.72,144.951,87.7443
0.291838,0,-239.597,10.7163,2.8977,101579,-1552.66,-582.243,56.8945,122865,-6239.49,144.888,87.7458
0.291848,0,-239.597,10.7139,2.89781,101536,-1551.65,-582.259,56.8887,122883,-6238.26,144.826,87.7472
0.291858,0,-239.597,10.7115,2.89792,101493,-1550.63,-582.274,56.8829,122902,-6237.03,144.763,87.7487
0.291868,0,-239.597,10.7091,2.89802,101450,-1549.61,-582.29,56.8771,122920,-6235.8,144.701,87.7501
0.291878,0,-239.597,10.7067,2.89813,101406,-1548.6,-582.305,56.8712,122938,-6234.56,144.639,87.7516
0.291889,0,-239.597,10.7043,2.89824,101363,-1547.58,-582.321,56.8654,122956,-6233.33,144.576,87.753
0.291899,0,-239.597,10.7019,2.89834,101320,-1546.57,-582.336,56.8596,122975,-6232.1,144.514,87.7545
0.291909,0,-239.597,10.6995,2.89845,101277,-1545.55,-582.352,56.8538,122993,-6230.87,144.451,87.7559
0.291919,0,-239.597,10.6971,2.89856,101234,-1544.54,-582.367,56.8479,123011,-6229.64,144.389,87.7573
0.291929,0,-239.597,10.6947,2.89867,101191,-1543.53,-582.383,56.8421,123030,-6228.41,144.326,87.7588
0.291939,0,-239.597,10.6923,2.89877,101148,-1542.51,-582.398,56.8363,123048,-6227.17,144.264,87.7602
0.291949,0,-239.597,10.6899,2.89888,101105,-1541.5,-582.414,56.8305,123066,-6225.94,144.202,87.7617
0.291959,0,-239.597,10.6875,2.89899,101062,-1540.49,-582.429,56.8246,123084,-6224.71,144.139,87.7631
0.291969,0,-239.597,10.6851,2.89909,101019,-1539.48,-582.445,56.8188,123102,-6223.48,144.077,87.7646
0.291979,0,-239.597,10.6827,2.8992,100976,-1538.47,-582.46,56.813,123121,-6222.24,144.015,87.766
0.291989,0,-239.597,10.6803,2.89931,100933,-1537.45,-582.475,56.8072,123139,-6221.01,143.952,87.7674
0.291999,0,-239.597,10.6779,2.89942,100890,-1536.45,-582.491,56.8013,123157,-6219.78,143.89,87.7689
0.292009,0,-239.597,10.6755,2.89952,100847,-1535.43,-582.506,56.7955,123175,-6218.55,143.828,87.7703
0.292019,0,-239.597,10.6731,2.89963,100804,-1534.43,-582.522,56.7897,123193,-6217.31,143.766,87.7718
0.292029,0,-239.597,10.6707,2.89974,100761,-1533.42,-582.537,56.7839,123211,-6216.08,143.703,87.7732
0.292039,0,-239.597,10.6683,2.89984,100718,-1532.41,-582.552,56.778,123229,-6214.84,143.641,87.7746
0.292049,0,-239.597,10.6659,2.89995,100675,-1531.4,-582.568,56.7722,123248,-6213.61,143.579,87.7761
0.292059,0,-239.597,10.6635,2.90006,100632,-1530.39,-582.583,56.7664,123266,-6212.38,143.517,87.7775
0.292069,0,-239.597,10.6611,2.90016,100589,-1529.38,-582.598,56.7606,123284,-6211.14,143.455,87.7789
0.292079,0,-239.597,10.6587,2.90027,100546,-1528.38,-582.614,56.7547,123302,-6209.91,143.392,87.7804
0.292089,0,-239.597,10.6563,2.90038,100503,-1527.37,-582.629,56.7489,123320,-6208.67,143.33,87.7818
0.292099,0,-239.597,10.6539,2.90048,100460,-1526.36,-582.644,56.7431,123338,-6207.44,143.268,87.7832
0.292109,0,-239.597,10.6515,2.90059,100417,-1525.36,-582.659,56.7373,123356,-6206.2,143.206,87.7847
0.292119,0,-239.597,10.6491,2.9007,100374,-1524.35,-582.675,56.7314,123374,-6204.97,143.144,87.7861
0.292129,0,-239.597,10.6467,2.9008,100331,-1523.35,-582.69,56.7256,123392,-6203.73,143.082,87.7875
0.292139,0,-239.597,10.6443,2.90091,100288,-1522.34,-582.705,56.7198,123410,-6202.5,143.019,87.789
0.292149,0,-239.597,10.6419,2.90102,100245,-1521.34,-582.721,56.714,123428,-6201.26,142.957,87.7904
0.292159,0,-239.597,10.6395,2.90112,100202,-1520.34,-582.736,56.7081,123446,-6200.02,142.895,87.7918
0.292169,0,-239.597,10.6371,2.90123,100160,-1519.33,-582.751,56.7023,123464,-6198.79,142.833,87.7932
0.292179,0,-239.597,10.6347,2.90134,100117,-1518.33,-582.766,56.6965,123482,-6197.55,142.771,87.7947
0.292189,0,-239.597,10.6323,2.90144,100074,-1517.33,-582.781,56.6906,123500,-6196.31,142.709,87.7961
0.292199,0,-239.597,10.6299,2.90155,100031,-1516.33,-582.797,56.6848,123518,-6195.08,142.647,87.7975
0.292209,0,-239.597,10.6275,2.90166,99988,-1515.32,-582.812,56.679,123536,-6193.84,142.585,87.799
0.292219,0,-239.597,10.6251,2.90176,99945.2,-1514.32,-582.827,56.6731,123554,-6192.6,142.523,87.8004
0.292229,0,-239.597,10.6227,2.90187,99902.3,-1513.32,-582.842,56.6673,123571,-6191.37,142.461,87.8018
0.292239,0,-239.597,10.6203,2.90197,99859.4,-1512.32,-582.857,56.6615,123589,-6190.13,142.399,87.8032
0.292249,0,-239.597,10.6179,2.90208,99816.6,-1511.32,-582.872,56.6557,123607,-6188.89,142.337,87.8047
0.292259,0,-239.597,10.6155,2.90219,99773.8,-1510.32,-582.888,56.6498,123625,-6187.65,142.275,87.8061
0.292269,0,-239.597,10.6131,2.90229,99731,-1509.32,-582.903,56.644,123643,-6186.41,142.213,87.8075
0.292279,0,-239.597,10.6107,2.9024,99688.1,-1508.33,-582.918,56.6382,123661,-6185.18,142.151,87.8089
0.292289,0,-239.597,10.6083,2.90251,99645.3,-1507.33,-582.933,56.6323,123679,-6183.94,142.089,87.8103
0.292299,0,-239.597,10.6059,2.90261,99602.5,-1506.33,-582.948,56.6265,123696,-6182.7,142.027,87.8118
0.292309,0,-239.597,10.6035,2.90272,99559.7,-1505.33,-582.963,56.6207,123714,-6181.46,141.965,87.8132
0.292319,0,-239.597,10.6011,2.90282,99516.9,-1504.34,-582.978,56.6149,123732,-6180.22,141.903,87.8146
0.292329,0,-239.597,10.5987,2.90293,99474.1,-1503.34,-582.993,56.609,123750,-6178.98,141.842,87.816
0.292339,0,-239.597,10.5963,2.90304,99431.3,-1502.34,-583.008,56.6032,123768,-6177.74,141.78,87.8174
0.292349,0,-239.597,10.5939,2.90314,99388.6,-1501.35,-583.023,56.5974,123785,-6176.5,141.718,87.8189
0.292359,0,-239.597,10.5915,2.90325,99345.8,-1500.35,-583.038,56.5915,123803,-6175.26,141.656,87.8203
0.292369,0,-239.597,10.5891,2.90336,99303,-1499.36,-583.053,56.5857,123821,-6174.02,141.594,87.8217
0.292379,0,-239.597,10.5867,2.90346,99260.3,-1498.37,-583.068,56.5799,123838,-6172.78,141.532,87.8231
0.292389,0,-239.597,10.5843,2.90357,99217.6,-1497.37,-583.083,56.5741,123856,-6171.54,141.471,87.8245
0.292399,0,-239.597,10.5819,2.90367,99174.8,-1496.38,-583.098,56.5682,123874,-6170.3,141.409,87.8259
0.292409,0,-239.597,10.5795,2.90378,99132.1,-1495.38,-583.113,56.5624,123892,-6169.06,141.347,87.8273
0.292419,0,-239.597,10.5771,2.90388,99089.4,-1494.39,-583.128,56.5566,123909,-6167.82,141.285,87.8288
0.292429,0,-239.597,10.5747,2.90399,99046.7,-1493.4,-583.143,56.5507,123927,-6166.58,141.224,87.8302
0.292439,0,-239.597,10.5723,2.9041,99003.9,-1492.41,-583.158,56.5449,123945,-6165.34,141.162,87.8316
0.292449,0,-239.597,10.5699,2.9042,98961.2,-1491.42,-583.173,56.5391,123962,-6164.1,141.1,87.833
0.292459,0,-239.597,10.5675,2.90431,98918.5,-1490.43,-583.188,56.5332,123980,-6162.86,141.038,87.8344
0.292469,0,-239.597,10.5651,2.90441,98875.9,-1489.44,-583.203,56.5274,123997,-6161.62,140.977,87.8358
0.292479,0,-239.597,10.5627,2.90452,98833.2,-1488.45,-583.218,56.5216,124015,-6160.38,140.915,87.8372
0.292489,0,-239.597,10.5603,2.90463,98790.5,-1487.46,-583.233,56.5157,124033,-6159.13,140.853,87.8386
0.292499,0,-239.597,10.5579,2.90473,98747.8,-1486.47,-583.248,56.5099,124050,-6157.89,140.792,87.84
0.292509,0,-239.597,10.5555,2.90484,98705.2,-1485.48,-583.262,56.5041,124068,-6156.65,140.73,87.8415
0.292519,0,-239.597,10.5531,2.90494,98662.5,-1484.49,-583.277,56.4982,124085,-6155.41,140.668,87.8429
0.292529,0,-239.597,10.5507,2.90505,98619.9,-1483.5,-583.292,56.4924,124103,-6154.16,140.607,87.8443
0.292539,0,-239.597,10.5483,2.90515,98577.2,-1482.52,-583.307,56.4866,124120,-6152.92,140.545,87.8457
0.292549,0,-239.597,10.5459,2.90526,98534.6,-1481.53,-583.322,56.4807,124138,-6151.68,140.483,87.8471
0.292559,0,-239.597,10.5435,2.90537,98492,-1480.54,-583.337,56.4749,124155,-6150.44,140.422,87.8485
0.292569,0,-239.597,10.5411,2.90547,98449.4,-1479.56,-583.352,56.4691,124173,-6149.19,140.36,87.8499
0.292579,0,-239.597,10.5387,2.90558,98406.8,-1478.57,-583.366,56.4632,124190,-6147.95,140.299,87.8513
0.292589,0,-239.597,10.5363,2.90568,98364.1,-1477.59,-583.381,56.4574,124208,-6146.71,140.237,87.8527
0.292599,0,-239.597,10.5339,2.90579,98321.6,-1476.6,-583.396,56.4516,124225,-6145.46,140.176,87.8541
0.292609,0,-239.597,10.5315,2.90589,98278.9,-1475.62,-583.411,56.4457,124243,-6144.22,140.114,87.8555
0.292619,0,-239.597,10.5291,2.906,98236.4,-1474.63,-583.425,56.4399,124260,-6142.97,140.052,87.8569
0.29263,0,-239.597,10.5267,2.9061,98193.8,-1473.65,-583.44,56.4341,124278,-6141.73,139.991,87.8583
0.29264,0,-239.597,10.5243,2.90621,98151.2,-1472.67,-583.455,56.4282,124295,-6140.48,139.93,87.8597
0.29265,0,-239.597,10.5219,2.90631,98108.7,-1471.68,-583.47,56.4224,124312,-6139.24,139.868,87.8611
0.29266,0,-239.597,10.5195,2.90642,98066.1,-1470.7,-583.484,56.4166,124330,-6137.99,139.807,87.8625
0.29267,0,-239.597,10.5171,2.90653,98023.6,-1469.72,-583.499,56.4107,124347,-6136.75,139.745,87.8639
0.29268,0,-239.597,10.5148,2.90663,97981.1,-1468.74,-583.514,56.4049,124365,-6135.5,139.684,87.8653
0.29269,0,-239.597,10.5124,2.90674,97938.5,-1467.76,-583.529,56.3991,124382,-6134.26,139.622,87.8667
0.2927,0,-239.597,10.51,2.90684,97896,-1466.78,-583.543,56.3932,124399,-6133.01,139.561,87.8681
0.29271,0,-239.597,10.5076,2.90695,97853.5,-1465.8,-583.558,56.3874,124417,-6131.77,139.499,87.8695
0.29272,0,-239.597,10.5052,2.90705,97811,-1464.82,-583.573,56.3815,124434,-6130.52,139.438,87.8709
0.29273,0,-239.597,10.5028,2.90716,97768.5,-1463.84,-583.587,56.3757,124451,-6129.27,139.377,87.8723
0.29274,0,-239.597,10.5004,2.90726,97726,-1462.86,-583.602,56.3699,124469,-6128.03,139.315,87.8737
0.29275,0,-239.597,10.498,2.90737,97683.5,-1461.88,-583.617,56.364,124486,-6126.78,139.254,87.8751
0.29276,0,-239.597,10.4956,2.90747,97641,-1460.9,-583.631,56.3582,124503,-6125.54,139.193,87.8764
0.29277,0,-239.597,10.4932,2.90758,97598.5,-1459.93,-583.646,56.3524,124520,-6124.29,139.131,87.8778
0.29278,0,-239.597,10.4908,2.90768,97556,-1458.95,-583.661,56.3465,124538,-6123.04,139.07,87.8792
0.29279,0,-239.597,10.4884,2.90779,97513.6,-1457.97,-583.675,56.3407,124555,-6121.79,139.009,87.8806
0.2928,0,-239.597,10.486,2.90789,97471.1,-1457,-583.69,56.3349,124572,-6120.55,138.947,87.882
0.29281,0,-239.597,10.4836,2.908,97428.7,-1456.02,-583.704,56.329,124589,-6119.3,138.886,87.8834
0.29282,0,-239.597,10.4812,2.9081,97386.3,-1455.04,-583.719,56.3232,124607,-6118.05,138.825,87.8848
0.29283,0,-239.597,10.4788,2.90821,97343.8,-1454.07,-583.733,56.3173,124624,-6116.8,138.764,87.8862
0.29284,0,-239.597,10.4764,2.90831,97301.4,-1453.09,-583.748,56.3115,124641,-6115.56,138.702,87.8876
0.29285,0,-239.597,10.474,2.90842,97259,-1452.12,-583.763,56.3057,124658,-6114.31,138.641,87.8889
0.29286,0,-239.597,10.4716,2.90852,97216.6,-1451.15,-583.777,56.2998,124675,-6113.06,138.58,87.8903
0.29287,0,-239.597,10.4692,2.90863,97174.2,-1450.17,-583.792,56.294,124692,-6111.81,138.519,87.8917
0.29288,0,-239.597,10.4668,2.90873,97131.8,-1449.2,-583.806,56.2882,124710,-6110.56,138.457,87.8931
0.29289,0,-239.597,10.4644,2.90884,97089.4,-1448.23,-583.821,56.2823,124727,-6109.31,138.396,87.8945
0.2929,0,-239.597,10.462,2.90894,97047,-1447.26,-583.835,56.2765,124744,-6108.06,138.335,87.8959
0.29291,0,-239.597,10.4596,2.90905,97004.6,-1446.29,-583.85,56.2707,124761,-6106.82,138.274,87.8972
0.29292,0,-239.597,10.4572,2.90915,96962.3,-1445.31,-583.864,56.2648,124778,-6105.57,138.213,87.8986
0.29293,0,-239.597,10.4548,2.90926,96919.9,-1444.34,-583.879,56.259,124795,-6104.32,138.152,87.9
0.29294,0,-239.597,10.4524,2.90936,96877.6,-1443.37,-583.893,56.2531,124812,-6103.07,138.091,87.9014
0.29295,0,-239.597,10.45,2.90946,96835.2,-1442.4,-583.907,56.2473,124829,-6101.82,138.029,87.9028
0.29296,0,-239.597,10.4476,2.90957,96792.9,-1441.43,-583.922,56.2415,124846,-6100.57,137.968,87.9042
0.29297,0,-239.597,10.4452,2.90967,96750.5,-1440.46,-583.936,56.2356,124863,-6099.32,137.907,87.9055
0.29298,0,-239.597,10.4428,2.90978,96708.2,-1439.5,-583.951,56.2298,124880,-6098.07,137.846,87.9069
0.29299,0,-239.597,10.4404,2.90988,96665.9,-1438.53,-583.965,56.2239,124897,-6096.82,137.785,87.9083
0.293,0,-239.597,10.438,2.90999,96623.6,-1437.56,-583.98,56.2181,124914,-6095.56,137.724,87.9097
0.29301,0,-239.597,10.4356,2.91009,96581.3,-1436.59,-583.994,56.2122,124931,-6094.31,137.663,87.911
0.29302,0,-239.597,10.4332,2.9102,96539,-1435.63,-584.008,56.2064,124948,-6093.06,137.602,87.9124
0.29303,0,-239.597,10.4308,2.9103,96496.7,-1434.66,-584.023,56.2006,124965,-6091.81,137.541,87.9138
0.29304,0,-239.597,10.4284,2.91041,96454.4,-1433.69,-584.037,56.1947,124982,-6090.56,137.48,87.9152
0.29305,0,-239.597,10.426,2.91051,96412.2,-1432.73,-584.051,56.1889,124999,-6089.31,137.419,87.9165
0.29306,0,-239.597,10.4236,2.91061,96369.9,-1431.76,-584.066,56.183,125016,-6088.06,137.358,87.9179
0.29307,0,-239.597,10.4212,2.91072,96327.6,-1430.8,-584.08,56.1772,125033,-6086.8,137.297,87.9193
0.29308,0,-239.597,10.4188,2.91082,96285.4,-1429.83,-584.094,56.1714,125050,-6085.55,137.236,87.9207
0.29309,0,-239.597,10.4164,2.91093,96243.1,-1428.87,-584.109,56.1655,125067,-6084.3,137.175,87.922
0.2931,0,-239.597,10.414,2.91103,96200.9,-1427.9,-584.123,56.1597,125084,-6083.05,137.114,87.9234
0.29311,0,-239.597,10.4116,2.91114,96158.7,-1426.94,-584.137,56.1538,125101,-6081.8,137.053,87.9248
0.29312,0,-239.597,10.4092,2.91124,96116.4,-1425.98,-584.152,56.148,125118,-6080.54,136.992,87.9262
0.29313,0,-239.597,10.4068,2.91134,96074.2,-1425.02,-584.166,56.1422,125134,-6079.29,136.932,87.9275
0.29314,0,-239.597,10.4044,2.91145,96032,-1424.06,-584.18,56.1363,125151,-6078.04,136.871,87.9289
0.29315,0,-239.597,10.402,2.91155,95989.8,-1423.09,-584.194,56.1305,125168,-6076.78,136.81,87.9303
0.29316,0,-239.597,10.3996,2.91166,95947.6,-1422.13,-584.209,56.1246,125185,-6075.53,136.749,87.9316
0.29317,0,-239.597,10.3972,2.91176,95905.4,-1421.17,-584.223,56.1188,125202,-6074.28,136.688,87.933
0.29318,0,-239.597,10.3948,2.91187,95863.2,-1420.21,-584.237,56.113,125218,-6073.02,136.627,87.9344
0.29319,0,-239.597,10.3924,2.91197,95821.1,-1419.25,-584.251,56.1071,125235,-6071.77,136.567,87.9357
0.2932,0,-239.597,10.39,2.91207,95778.9,-1418.29,-584.266,56.1013,125252,-6070.51,136.506,87.9371
0.29321,0,-239.597,10.3876,2.91218,95736.8,-1417.33,-584.28,56.0954,125269,-6069.26,136.445,87.9385
0.29322,0,-239.597,10.3852,2.91228,95694.6,-1416.38,-584.294,56.0896,125286,-6068,136.384,87.9398
0.29323,0,-239.597,10.3828,2.91239,95652.5,-1415.42,-584.308,56.0837,125302,-6066.75,136.323,87.9412
0.29324,0,-239.597,10.3804,2.91249,95610.4,-1414.46,-584.322,56.0779,125319,-6065.5,136.263,87.9426
0.29325,0,-239.597,10.378,2.91259,95568.2,-1413.5,-584.336,56.0721,125336,-6064.24,136.202,87.9439
0.29326,0,-239.597,10.3756,2.9127,95526.1,-1412.55,-584.351,56.0662,125352,-6062.99,136.141,87.9453
0.29327,0,-239.597,10.3732,2.9128,95484,-1411.59,-584.365,56.0604,125369,-6061.73,136.08,87.9466
0.29328,0,-239.597,10.3708,2.9129,95441.9,-1410.63,-584.379,56.0545,125386,-6060.47,136.02,87.948
0.29329,0,-239.597,10.3684,2.91301,95399.8,-1409.68,-584.393,56.0487,125403,-6059.22,135.959,87.9493
0.2933,0,-239.597,10.366,2.91311,95357.7,-1408.72,-584.407,56.0428,125419,-6057.96,135.899,87.9507
0.29331,0,-239.597,10.3636,2.91322,95315.6,-1407.77,-584.421,56.037,125436,-6056.71,135.838,87.9521
0.29332,0,-239.597,10.3612,2.91332,95273.5,-1406.81,-584.435,56.0311,125452,-6055.45,135.777,87.9534
0.29333,0,-239.597,10.3588,2.91342,95231.4,-1405.86,-584.449,56.0253,125469,-6054.19,135.717,87.9548
0.29334,0,-239.597,10.3564,2.91353,95189.4,-1404.91,-584.463,56.0195,125486,-6052.94,135.656,87.9561
0.29335,0,-239.597,10.354,2.91363,95147.3,-1403.95,-584.477,56.0136,125502,-6051.68,135.595,87.9575
0.293361,0,-239.597,10.3516,2.91373,95105.3,-1403,-584.492,56.0078,125519,-6050.42,135.535,87.9589
0.293371,0,-239.597,10.3492,2.91384,95063.3,-1402.05,-584.506,56.0019,125536,-6049.17,135.474,87.9602
0.293381,0,-239.597,10.3468,2.91394,95021.2,-1401.1,-584.52,55.9961,125552,-6047.91,135.414,87.9616
0.293391,0,-239.597,10.3444,2.91405,94979.2,-1400.15,-584.534,55.9902,125569,-6046.65,135.353,87.9629
0.293401,0,-239.597,10.342,2.91415,94937.2,-1399.2,-584.548,55.9844,125585,-6045.4,135.292,87.9643
0.293411,0,-239.597,10.3396,2.91425,94895.2,-1398.25,-584.562,55.9785,125602,-6044.14,135.232,87.9656
0.293421,0,-239.597,10.3372,2.91436,94853.2,-1397.3,-584.576,55.9727,125618,-6042.88,135.172,87.967
0.293431,0,-239.597,10.3348,2.91446,94811.2,-1396.35,-584.59,55.9669,125635,-6041.62,135.111,87.9683
0.293441,0,-239.597,10.3324,2.91456,94769.2,-1395.4,-584.604,55.961,125651,-6040.36,135.051,87.9697
0.293451,0,-239.597,10.33,2.91467,94727.2,-1394.45,-584.618,55.9552,125668,-6039.11,134.99,87.971
0.293461,0,-239.597,10.3276,2.91477,94685.2,-1393.5,-584.632,55.9493,125684,-6037.85,134.93,87.9724
0.293471,0,-239.597,10.3252,2.91487,94643.2,-1392.55,-584.646,55.9435,125701,-6036.59,134.869,87.9737
0.293481,0,-239.597,10.3228,2.91498,94601.3,-1391.6,-584.659,55.9376,125717,-6035.33,134.809,87.9751
0.293491,0,-239.597,10.3204,2.91508,94559.4,-1390.66,-584.673,55.9318,125734,-6034.07,134.748,87.9764
0.293501,0,-239.597,10.318,2.91518,94517.4,-1389.71,-584.687,55.9259,125750,-6032.81,134.688,87.9778
0.293511,0,-239.597,10.3156,2.91529,94475.5,-1388.76,-584.701,55.9201,125767,-6031.55,134.627,87.9791
0.293521,0,-239.597,10.3132,2.91539,94433.5,-1387.82,-584.715,55.9142,125783,-6030.29,134.567,87.9805
0.293531,0,-239.597,10.3108,2.91549,94391.6,-1386.87,-584.729,55.9084,125799,-6029.03,134.507,87.9818
0.293541,0,-239.597,10.3084,2.9156,94349.7,-1385.93,-584.743,55.9025,125816,-6027.77,134.446,87.9831
0.293551,0,-239.597,10.306,2.9157,94307.8,-1384.98,-584.757,55.8967,125832,-6026.51,134.386,87.9845
0.293561,0,-239.597,10.3036,2.9158,94265.9,-1384.04,-584.771,55.8908,125849,-6025.25,134.326,87.9858
0.293571,0,-239.597,10.3012,2.91591,94224,-1383.09,-584.784,55.885,125865,-6023.99,134.265,87.9872
0.293581,0,-239.597,10.2988,2.91601,94182.1,-1382.15,-584.798,55.8791,125881,-6022.73,134.205,87.9885
0.293591,0,-239.597,10.2964,2.91611,94140.2,-1381.21,-584.812,55.8733,125898,-6021.47,134.145,87.9899
0.293601,0,-239.597,10.294,2.91622,94098.4,-1380.27,-584.826,55.8674,125914,-6020.21,134.084,87.9912
0.293611,0,-239.597,10.2916,2.91632,94056.5,-1379.33,-584.84,55.8616,125930,-6018.95,134.024,87.9925
0.293621,0,-239.597,10.2892,2.91642,94014.7,-1378.38,-584.854,55.8558,125947,-6017.69,133.964,87.9939
0.293631,0,-239.597,10.2868,2.91652,93972.8,-1377.44,-584.867,55.8499,125963,-6016.43,133.903,87.9952
0.293641,0,-239.597,10.2844,2.91663,93930.9,-1376.5,-584.881,55.8441,125979,-6015.17,133.843,87.9966
0.293651,0,-239.597,10.282,2.91673,93889.1,-1375.56,-584.895,55.8382,125995,-6013.91,133.783,87.9979
0.293661,0,-239.597,10.2796,2.91683,93847.3,-1374.62,-584.909,55.8324,126012,-6012.64,133.723,87.9992
0.293671,0,-239.597,10.2772,2.91694,93805.5,-1373.68,-584.922,55.8265,126028,-6011.38,133.663,88.0006
0.293681,0,-239.597,10.2748,2.91704,93763.7,-1372.74,-584.936,55.8207,126044,-6010.12,133.603,88.0019
0.293691,0,-239.597,10.2724,2.91714,93721.9,-1371.8,-584.95,55.8148,126060,-6008.86,133.542,88.0032
0.293701,0,-239.597,10.27,2.91725,93680.1,-1370.86,-584.964,55.809,126077,-6007.6,133.482,88.0046
0.293711,0,-239.597,10.2676,2.91735,93638.3,-1369.93,-584.977,55.8031,126093,-6006.33,133.422,88.0059
0.293721,0,-239.597,10.2652,2.91745,93596.5,-1368.99,-584.991,55.7973,126109,-6005.07,133.362,88.0072
0.293731,0,-239.597,10.2628,2.91755,93554.7,-1368.05,-585.005,55.7914,126125,-6003.81,133.302,88.0086
0.293741,0,-239.597,10.2604,2.91766,93512.9,-1367.12,-585.019,55.7856,126141,-6002.54,133.242,88.0099
0.293751,0,-239.597,10.258,2.91776,93471.2,-1366.18,-585.032,55.7797,126158,-6001.28,133.181,88.0113
0.293761,0,-239.597,10.2556,2.91786,93429.4,-1365.24,-585.046,55.7739,126174,-6000.02,133.121,88.0126
0.293771,0,-239.597,10.2532,2.91796,93387.7,-1364.31,-585.06,55.768,126190,-5998.75,133.061,88.0139
0.293781,0,-239.597,10.2508,2.91807,93346,-1363.37,-585.073,55.7622,126206,-5997.49,133.001,88.0152
0.293791,0,-239.597,10.2484,2.91817,93304.2,-1362.44,-585.087,55.7563,126222,-5996.23,132.941,88.0166
0.293801,0,-239.597,10.246,2.91827,93262.5,-1361.51,-585.101,55.7505,126238,-5994.96,132.881,88.0179
0.293811,0,-239.597,10.2436,2.91838,93220.8,-1360.57,-585.114,55.7446,126254,-5993.7,132.821,88.0192
0.293821,0,-239.597,10.2412,2.91848,93179.1,-1359.64,-585.128,55.7388,126270,-5992.43,132.761,88.0206
0.293831,0,-239.597,10.2388,2.91858,93137.4,-1358.71,-585.141,55.7329,126286,-5991.17,132.701,88.0219
0.293841,0,-239.597,10.2364,2.91868,93095.7,-1357.77,-585.155,55.727,126302,-5989.9,132.641,88.0232
0.293851,0,-239.597,10.234,2.91879,93054,-1356.84,-585.169,55.7212,126319,-5988.64,132.581,88.0245
0.293861,0,-239.597,10.2316,2.91889,93012.3,-1355.91,-585.182,55.7153,126335,-5987.37,132.521,88.0259
0.293871,0,-239.597,10.2292,2.91899,92970.7,-1354.98,-585.196,55.7095,126351,-5986.11,132.461,88.0272
0.293881,0,-239.597,10.2268,2.91909,92929,-1354.05,-585.209,55.7036,126367,-5984.84,132.401,88.0285
0.293891,0,-239.597,10.2244,2.91919,92887.3,-1353.12,-585.223,55.6978,126383,-5983.58,132.341,88.0298
0.293901,0,-239.597,10.222,2.9193,92845.7,-1352.19,-585.236,55.6919,126399,-5982.31,132.281,88.0312
0.293911,0,-239.597,10.2196,2.9194,92804.1,-1351.26,-585.25,55.6861,126415,-5981.05,132.222,88.0325
0.293921,0,-239.597,10.2172,2.9195,92762.4,-1350.33,-585.263,55.6802,126431,-5979.78,132.162,88.0338
0.293931,0,-239.597,10.2148,2.9196,92720.8,-1349.4,-585.277,55.6744,126447,-5978.52,132.102,88.0351
0.293941,0,-239.597,10.2124,2.91971,92679.2,-1348.47,-585.29,55.6685,126462,-5977.25,132.042,88.0364
0.293951,0,-239.597,10.21,2.91981,92637.5,-1347.54,-585.304,55.6627,126478,-5975.98,131.982,88.0378
0.293961,0,-239.597,10.2077,2.91991,92596,-1346.62,-585.317,55.6568,126494,-5974.72,131.922,88.0391
0.293971,0,-239.597,10.2053,2.92001,92554.4,-1345.69,-585.331,55.651,126510,-5973.45,131.862,88.0404
0.293981,0,-239.597,10.2029,2.92012,92512.8,-1344.76,-585.344,55.6451,126526,-5972.18,131.803,88.0417
0.293991,0,-239.597,10.2005,2.92022,92471.2,-1343.84,-585.358,55.6393,126542,-5970.92,131.743,88.043
0.294001,0,-239.597,10.1981,2.92032,92429.6,-1342.91,-585.371,55.6334,126558,-5969.65,131.683,88.0444
0.294011,0,-239.597,10.1957,2.92042,92388.1,-1341.99,-585.385,55.6276,126574,-5968.38,131.623,88.0457
0.294021,0,-239.597,10.1933,2.92052,92346.5,-1341.06,-585.398,55.6217,126590,-5967.11,131.564,88.047
0.294031,0,-239.597,10.1909,2.92063,92305,-1340.14,-585.412,55.6159,126606,-5965.85,131.504,88.0483
0.294041,0,-239.597,10.1885,2.92073,92263.4,-1339.21,-585.425,55.61,126621,-5964.58,131.444,88.0496
0.294051,0,-239.597,10.1861,2.92083,92221.9,-1338.29,-585.438,55.6041,126637,-5963.31,131.384,88.0509
0.294061,0,-239.597,10.1837,2.92093,92180.4,-1337.37,-585.452,55.5983,126653,-5962.04,131.325,88.0522
0.294071,0,-239.597,10.1813,2.92103,92138.8,-1336.44,-585.465,55.5924,126669,-5960.77,131.265,88.0536
0.294081,0,-239.597,10.1789,2.92114,92097.3,-1335.52,-585.479,55.5866,126685,-5959.5,131.205,88.0549
0.294091,0,-239.597,10.1765,2.92124,92055.8,-1334.6,-585.492,55.5807,126700,-5958.24,131.146,88.0562
0.294102,0,-239.597,10.1741,2.92134,92014.3,-1333.68,-585.505,55.5749,126716,-5956.97,131.086,88.0575
0.294112,0,-239.597,10.1717,2.92144,91972.8,-1332.75,-585.519,55.569,126732,-5955.7,131.026,88.0588
0.294122,0,-239.597,10.1693,2.92154,91931.3,-1331.83,-585.532,55.5632,126748,-5954.43,130.967,88.0601
0.294132,0,-239.597,10.1669,2.92165,91889.9,-1330.91,-585.545,55.5573,126764,-5953.16,130.907,88.0614
0.294142,0,-239.597,10.1645,2.92175,91848.4,-1329.99,-585.559,55.5514,126779,-5951.89,130.847,88.0627
0.294152,0,-239.597,10.1621,2.92185,91806.9,-1329.07,-585.572,55.5456,126795,-5950.62,130.788,88.064
0.294162,0,-239.597,10.1597,2.92195,91765.5,-1328.16,-585.585,55.5397,126811,-5949.35,130.728,88.0654
0.294172,0,-239.597,10.1573,2.92205,91724,-1327.24,-585.599,55.5339,126826,-5948.08,130.669,88.0667
0.294182,0,-239.597,10.1549,2.92215,91682.6,-1326.32,-585.612,55.528,126842,-5946.81,130.609,88.068
0.294192,0,-239.597,10.1525,2.92226,91641.2,-1325.4,-585.625,55.5222,126858,-5945.54,130.55,88.0693
0.294202,0,-239.597,10.1501,2.92236,91599.8,-1324.48,-585.638,55.5163,126873,-5944.27,130.49,88.0706
0.294212,0,-239.597,10.1477,2.92246,91558.3,-1323.57,-585.652,55.5105,126889,-5943,130.431,88.0719
0.294222,0,-239.597,10.1453,2.92256,91516.9,-1322.65,-585.665,55.5046,126905,-5941.73,130.371,88.0732
0.294232,0,-239.597,10.1429,2.92266,91475.5,-1321.73,-585.678,55.4987,126920,-5940.46,130.312,88.0745
0.294242,0,-239.597,10.1405,2.92276,91434.1,-1320.82,-585.691,55.4929,126936,-5939.19,130.252,88.0758
0.294252,0,-239.597,10.1381,2.92287,91392.8,-1319.9,-585.705,55.487,126952,-5937.92,130.193,88.0771
0.294262,0,-239.597,10.1357,2.92297,91351.4,-1318.99,-585.718,55.4812,126967,-5936.65,130.133,88.0784
0.294272,0,-239.597,10.1333,2.92307,91310,-1318.07,-585.731,55.4753,126983,-5935.37,130.074,88.0797
0.294282,0,-239.597,10.1309,2.92317,91268.6,-1317.16,-585.744,55.4695,126998,-5934.1,130.014,88.081
0.294292,0,-239.597,10.1285,2.92327,91227.3,-1316.24,-585.757,55.4636,127014,-5932.83,129.955,88.0823
0.294302,0,-239.597,10.1261,2.92337,91186,-1315.33,-585.771,55.4577,127030,-5931.56,129.896,88.0836
0.294312,0,-239.597,10.1237,2.92347,91144.6,-1314.42,-585.784,55.4519,127045,-5930.29,129.836,88.0849
0.294322,0,-239.597,10.1213,2.92358,91103.3,-1313.51,-585.797,55.446,127061,-5929.01,129.777,88.0862
0.294332,0,-239.597,10.1189,2.92368,91061.9,-1312.59,-585.81,55.4402,127076,-5927.74,129.717,88.0875
0.294342,0,-239.597,10.1165,2.92378,91020.6,-1311.68,-585.823,55.4343,127092,-5926.47,129.658,88.0888
0.294352,0,-239.597,10.1141,2.92388,90979.3,-1310.77,-585.836,55.4284,127107,-5925.2,129.599,88.0901
0.294362,0,-239.597,10.1117,2.92398,90938,-1309.86,-585.849,55.4226,127123,-5923.92,129.539,88.0914
0.294372,0,-239.597,10.1093,2.92408,90896.7,-1308.95,-585.863,55.4167,127138,-5922.65,129.48,88.0927
0.294382,0,-239.597,10.1069,2.92418,90855.4,-1308.04,-585.876,55.4109,127154,-5921.38,129.421,88.094
0.294392,0,-239.597,10.1045,2.92428,90814.2,-1307.13,-585.889,55.405,127169,-5920.1,129.361,88.0953
0.294402,0,-239.597,10.1021,2.92439,90772.9,-1306.22,-585.902,55.3992,127185,-5918.83,129.302,88.0966
0.294412,0,-239.597,10.0997,2.92449,90731.6,-1305.31,-585.915,55.3933,127200,-5917.56,129.243,88.0979
0.294422,0,-239.597,10.0973,2.92459,90690.4,-1304.4,-585.928,55.3874,127216,-5916.28,129.184,88.0991
0.294432,0,-239.597,10.0949,2.92469,90649.1,-1303.5,-585.941,55.3816,127231,-5915.01,129.124,88.1004
0.294442,0,-239.597,10.0925,2.92479,90607.9,-1302.59,-585.954,55.3757,127246,-5913.73,129.065,88.1017
0.294452,0,-239.597,10.0901,2.92489,90566.7,-1301.68,-585.967,55.3699,127262,-5912.46,129.006,88.103
0.294462,0,-239.597,10.0877,2.92499,90525.4,-1300.78,-585.98,55.364,127277,-5911.19,128.947,88.1043
0.294472,0,-239.597,10.0853,2.92509,90484.2,-1299.87,-585.993,55.3581,127293,-5909.91,128.888,88.1056
0.294482,0,-239.597,10.0829,2.92519,90443,-1298.96,-586.006,55.3523,127308,-5908.64,128.828,88.1069
0.294492,0,-239.597,10.0805,2.92529,90401.8,-1298.06,-586.019,55.3464,127323,-5907.36,128.769,88.1082
0.294502,0,-239.597,10.0781,2.9254,90360.6,-1297.15,-586.032,55.3406,127339,-5906.09,128.71,88.1095
0.294512,0,-239.597,10.0757,2.9255,90319.4,-1296.25,-586.045,55.3347,127354,-5904.81,128.651,88.1107
0.294522,0,-239.597,10.0733,2.9256,90278.2,-1295.34,-586.058,55.3288,127369,-5903.54,128.592,88.112
0.294532,0,-239.597,10.0709,2.9257,90237.1,-1294.44,-586.071,55.323,127385,-5902.26,128.533,88.1133
0.294542,0,-239.597,10.0685,2.9258,90195.9,-1293.54,-586.084,55.3171,127400,-5900.99,128.474,88.1146
0.294552,0,-239.597,10.0661,2.9259,90154.8,-1292.63,-586.097,55.3113,127415,-5899.71,128.415,88.1159
0.294562,0,-239.597,10.0637,2.926,90113.6,-1291.73,-586.11,55.3054,127430,-5898.43,128.355,88.1172
0.294572,0,-239.597,10.0613,2.9261,90072.5,-1290.83,-586.123,55.2995,127446,-5897.16,128.296,88.1185
0.294582,0,-239.597,10.0589,2.9262,90031.3,-1289.93,-586.136,55.2937,127461,-5895.88,128.237,88.1197
0.294592,0,-239.597,10.0565,2.9263,89990.2,-1289.03,-586.149,55.2878,127476,-5894.6,128.178,88.121
0.294602,0,-239.597,10.0541,2.9264,89949.1,-1288.12,-586.162,55.282,127491,-5893.33,128.119,88.1223
0.294612,0,-239.597,10.0517,2.9265,89908,-1287.22,-586.174,55.2761,127507,-5892.05,128.06,88.1236
0.294622,0,-239.597,10.0493,2.9266,89866.9,-1286.32,-586.187,55.2702,127522,-5890.77,128.001,88.1249
0.294632,0,-239.597,10.0469,2.92671,89825.8,-1285.42,-586.2,55.2644,127537,-5889.5,127.942,88.1261
0.294642,0,-239.597,10.0445,2.92681,89784.7,-1284.53,-586.213,55.2585,127552,-5888.22,127.883,88.1274
0.294652,0,-239.597,10.0421,2.92691,89743.6,-1283.63,-586.226,55.2526,127568,-5886.94,127.824,88.1287
0.294662,0,-239.597,10.0397,2.92701,89702.5,-1282.73,-586.239,55.2468,127583,-5885.67,127.765,88.13
0.294672,0,-239.597,10.0373,2.92711,89661.5,-1281.83,-586.252,55.2409,127598,-5884.39,127.706,88.1313
0.294682,0,-239.597,10.0349,2.92721,89620.4,-1280.93,-586.265,55.235,127613,-5883.11,127.648,88.1325
0.294692,0,-239.597,10.0325,2.92731,89579.4,-1280.04,-586.277,55.2292,127628,-5881.83,127.589,88.1338
0.294702,0,-239.597,10.0301,2.92741,89538.3,-1279.14,-586.29,55.2233,127643,-5880.55,127.53,88.1351
0.294712,0,-239.597,10.0277,2.92751,89497.3,-1278.24,-586.303,55.2175,127658,-5879.28,127.471,88.1364
0.294722,0,-239.597,10.0253,2.92761,89456.3,-1277.35,-586.316,55.2116,127674,-5878,127.412,88.1376
0.294732,0,-239.597,10.0229,2.92771,89415.2,-1276.45,-586.329,55.2057,127689,-5876.72,127.353,88.1389
0.294742,0,-239.597,10.0205,2.92781,89374.2,-1275.55,-586.341,55.1999,127704,-5875.44,127.294,88.1402
0.294752,0,-239.597,10.0181,2.92791,89333.2,-1274.66,-586.354,55.194,127719,-5874.16,127.236,88.1415
0.294762,0,-239.597,10.0157,2.92801,89292.2,-1273.77,-586.367,55.1881,127734,-5872.88,127.177,88.1427
0.294772,0,-239.597,10.0133,2.92811,89251.2,-1272.87,-586.38,55.1823,127749,-5871.6,127.118,88.144
0.294782,0,-239.597,10.0109,2.92821,89210.3,-1271.98,-586.392,55.1764,127764,-5870.32,127.059,88.1453
0.294792,0,-239.597,10.0085,2.92831,89169.3,-1271.09,-586.405,55.1706,127779,-5869.04,127,88.1466
0.294802,0,-239.597,10.0061,2.92841,89128.3,-1270.19,-586.418,55.1647,127794,-5867.76,126.942,88.1478
0.294812,0,-239.597,10.0037,2.92851,89087.4,-1269.3,-586.431,55.1588,127809,-5866.49,126.883,88.1491
0.294822,0,-239.597,10.0013,2.92861,89046.4,-1268.41,-586.443,55.153,127824,-5865.21,126.824,88.1504
0.294832,0,-239.597,9.99892,2.92871,89005.5,-1267.52,-586.456,55.1471,127839,-5863.93,126.765,88.1516
0.294843,0,-239.597,9.99652,2.92881,88964.5,-1266.63,-586.469,55.1412,127854,-5862.65,126.707,88.1529
0.294853,0,-239.597,9.99412,2.92891,88923.6,-1265.74,-586.481,55.1354,127869,-5861.36,126.648,88.1542
0.294863,0,-239.597,9.99172,2.92901,88882.7,-1264.84,-586.494,55.1295,127884,-5860.08,126.589,88.1554
0.294873,0,-239.597,9.98932,2.92911,88841.8,-1263.95,-586.507,55.1236,127899,-5858.8,126.531,88.1567
0.294883,0,-239.597,9.98692,2.92921,88800.9,-1263.07,-586.519,55.1178,127914,-5857.52,126.472,88.158
0.294893,0,-239.597,9.98452,2.92931,88760,-1262.18,-586.532,55.1119,127929,-5856.24,126.413,88.1592
0.294903,0,-239.597,9.98212,2.92941,88719.1,-1261.29,-586.545,55.106,127944,-5854.96,126.355,88.1605
0.294913,0,-239.597,9.97972,2.92951,88678.2,-1260.4,-586.557,55.1002,127959,-5853.68,126.296,88.1618
0.294923,0,-239.597,9.97733,2.92961,88637.4,-1259.51,-586.57,55.0943,127974,-5852.4,126.237,88.163
0.294933,0,-239.597,9.97493,2.92971,88596.5,-1258.62,-586.582,55.0884,127989,-5851.12,126.179,88.1643
0.294943,0,-239.597,9.97253,2.92981,88555.6,-1257.74,-586.595,55.0826,128003,-5849.83,126.12,88.1655
0.294953,0,-239.597,9.97013,2.92991,88514.8,-1256.85,-586.608,55.0767,128018,-5848.55,126.062,88.1668
0.294963,0,-239.597,9.96773,2.93001,88474,-1255.97,-586.62,55.0708,128033,-5847.27,126.003,88.1681
0.294973,0,-239.597,9.96533,2.93011,88433.1,-1255.08,-586.633,55.065,128048,-5845.99,125.945,88.1693
0.294983,0,-239.597,9.96293,2.93021,88392.3,-1254.19,-586.645,55.0591,128063,-5844.71,125.886,88.1706
0.294993,0,-239.597,9.96053,2.93031,88351.5,-1253.31,-586.658,55.0532,128078,-5843.42,125.828,88.1718
0.295003,0,-239.597,9.95813,2.93041,88310.7,-1252.42,-586.67,55.0474,128093,-5842.14,125.769,88.1731
0.295013,0,-239.597,9.95573,2.93051,88269.9,-1251.54,-586.683,55.0415,128107,-5840.86,125.711,88.1743
0.295023,0,-239.597,9.95333,2.93061,88229.1,-1250.66,-586.695,55.0356,128122,-5839.58,125.652,88.1756
0.295033,0,-239.597,9.95093,2.93071,88188.3,-1249.77,-586.708,55.0298,128137,-5838.29,125.594,88.1769
0.295043,0,-239.597,9.94853,2.93081,88147.5,-1248.89,-586.721,55.0239,128152,-5837.01,125.535,88.1781
0.295053,0,-239.597,9.94614,2.93091,88106.7,-1248.01,-586.733,55.018,128166,-5835.73,125.477,88.1794
0.295063,0,-239.597,9.94374,2.93101,88066,-1247.13,-586.745,55.0122,128181,-5834.44,125.418,88.1806
0.295073,0,-239.597,9.94134,2.93111,88025.2,-1246.24,-586.758,55.0063,128196,-5833.16,125.36,88.1819
0.295083,0,-239.597,9.93894,2.93121,87984.5,-1245.36,-586.77,55.0004,128211,-5831.88,125.301,88.1831
0.295093,0,-239.597,9.93654,2.93131,87943.7,-1244.48,-586.783,54.9946,128225,-5830.59,125.243,88.1844
0.295103,0,-239.597,9.93414,2.93141,87903,-1243.6,-586.795,54.9887,128240,-5829.31,125.185,88.1856
0.295113,0,-239.597,9.93174,2.93151,87862.2,-1242.72,-586.808,54.9828,128255,-5828.02,125.126,88.1869
0.295123,0,-239.597,9.92934,2.93161,87821.6,-1241.84,-586.82,54.977,128270,-5826.74,125.068,88.1881
0.295133,0,-239.597,9.92694,2.93171,87780.8,-1240.96,-586.833,54.9711,128284,-5825.45,125.01,88.1894
0.295143,0,-239.597,9.92454,2.93181,87740.1,-1240.08,-586.845,54.9652,128299,-5824.17,124.951,88.1906
0.295153,0,-239.597,9.92214,2.9319,87699.5,-1239.21,-586.857,54.9594,128314,-5822.88,124.893,88.1919
0.295163,0,-239.597,9.91974,2.932,87658.8,-1238.33,-586.87,54.9535,128328,-5821.6,124.835,88.1931
0.295173,0,-239.597,9.91735,2.9321,87618.1,-1237.45,-586.882,54.9476,128343,-5820.31,124.776,88.1944
0.295183,0,-239.597,9.91495,2.9322,87577.4,-1236.57,-586.895,54.9418,128358,-5819.03,124.718,88.1956
0.295193,0,-239.597,9.91255,2.9323,87536.7,-1235.7,-586.907,54.9359,128372,-5817.74,124.66,88.1969
0.295203,0,-239.597,9.91015,2.9324,87496.1,-1234.82,-586.919,54.93,128387,-5816.46,124.602,88.1981
0.295213,0,-239.597,9.90775,2.9325,87455.5,-1233.94,-586.932,54.9242,128401,-5815.17,124.543,88.1994
0.295223,0,-239.597,9.90535,2.9326,87414.8,-1233.07,-586.944,54.9183,128416,-5813.89,124.485,88.2006
0.295233,0,-239.597,9.90295,2.9327,87374.2,-1232.19,-586.956,54.9124,128431,-5812.6,124.427,88.2019
0.295243,0,-239.597,9.90055,2.9328,87333.6,-1231.32,-586.969,54.9065,128445,-5811.31,124.369,88.2031
0.295253,0,-239.597,9.89815,2.9329,87292.9,-1230.44,-586.981,54.9007,128460,-5810.03,124.311,88.2044
0.295263,0,-239.597,9.89575,2.933,87252.3,-1229.57,-586.993,54.8948,128474,-5808.74,124.252,88.2056
0.295273,0,-239.597,9.89335,2.93309,87211.7,-1228.7,-587.006,54.8889,128489,-5807.46,124.194,88.2068
0.295283,0,-239.597,9.89095,2.93319,87171.1,-1227.82,-587.018,54.8831,128503,-5806.17,124.136,88.2081
0.295293,0,-239.597,9.88855,2.93329,87130.6,-1226.95,-587.03,54.8772,128518,-5804.88,124.078,88.2093
0.295303,0,-239.597,9.88616,2.93339,87090,-1226.08,-587.043,54.8713,128532,-5803.59,124.02,88.2106
0.295313,0,-239.597,9.88376,2.93349,87049.4,-1225.21,-587.055,54.8654,128547,-5802.31,123.962,88.2118
0.295323,0,-239.597,9.88136,2.93359,87008.9,-1224.34,-587.067,54.8596,128561,-5801.02,123.904,88.2131
0.295333,0,-239.597,9.87896,2.93369,86968.3,-1223.47,-587.079,54.8537,128576,-5799.73,123.846,88.2143
0.295343,0,-239.597,9.87656,2.93379,86927.8,-1222.59,-587.092,54.8478,128590,-5798.45,123.787,88.2155
0.295353,0,-239.597,9.87416,2.93389,86887.2,-1221.72,-587.104,54.842,128605,-5797.16,123.729,88.2168
0.295363,0,-239.597,9.87176,2.93399,86846.7,-1220.85,-587.116,54.8361,128619,-5795.87,123.671,88.218
0.295373,0,-239.597,9.86936,2.93408,86806.2,-1219.98,-587.128,54.8302,128634,-5794.58,123.613,88.2192
0.295383,0,-239.597,9.86696,2.93418,86765.6,-1219.11,-587.141,54.8244,128648,-5793.29,123.555,88.2205
0.295393,0,-239.597,9.86456,2.93428,86725.1,-1218.25,-587.153,54.8185,128662,-5792,123.497,88.2217
0.295403,0,-239.597,9.86216,2.93438,86684.6,-1217.38,-587.165,54.8126,128677,-5790.72,123.439,88.2229
0.295413,0,-239.597,9.85976,2.93448,86644.1,-1216.51,-587.177,54.8067,128691,-5789.43,123.381,88.2242
0.295423,0,-239.597,9.85736,2.93458,86603.7,-1215.64,-587.189,54.8009,128706,-5788.14,123.323,88.2254
0.295433,0,-239.597,9.85497,2.93468,86563.2,-1214.78,-587.202,54.795,128720,-5786.85,123.265,88.2266
0.295443,0,-239.597,9.85257,2.93478,86522.7,-1213.91,-587.214,54.7891,128734,-5785.56,123.208,88.2279
0.295453,0,-239.597,9.85017,2.93487,86482.3,-1213.04,-587.226,54.7833,128749,-5784.27,123.15,88.2291
0.295463,0,-239.597,9.84777,2.93497,86441.8,-1212.18,-587.238,54.7774,128763,-5782.98,123.092,88.2303
0.295473,0,-239.597,9.84537,2.93507,86401.4,-1211.31,-587.25,54.7715,128777,-5781.69,123.034,88.2316
0.295483,0,-239.597,9.84297,2.93517,86360.9,-1210.45,-587.262,54.7656,128792,-5780.4,122.976,88.2328
0.295493,0,-239.597,9.84057,2.93527,86320.5,-1209.58,-587.274,54.7598,128806,-5779.11,122.918,88.234
0.295503,0,-239.597,9.83817,2.93537,86280.1,-1208.72,-587.286,54.7539,128820,-5777.83,122.86,88.2353
0.295513,0,-239.597,9.83577,2.93547,86239.7,-1207.85,-587.299,54.748,128835,-5776.53,122.802,88.2365
0.295523,0,-239.597,9.83337,2.93556,86199.3,-1206.99,-587.311,54.7421,128849,-5775.24,122.744,88.2377
0.295533,0,-239.597,9.83097,2.93566,86158.9,-1206.13,-587.323,54.7363,128863,-5773.95,122.687,88.2389
0.295543,0,-239.597,9.82857,2.93576,86118.5,-1205.27,-587.335,54.7304,128877,-5772.66,122.629,88.2402
0.295553,0,-239.597,9.82617,2.93586,86078.1,-1204.4,-587.347,54.7245,128892,-5771.37,122.571,88.2414
0.295563,0,-239.597,9.82378,2.93596,86037.7,-1203.54,-587.359,54.7187,128906,-5770.08,122.513,88.2426
0.295574,0,-239.597,9.82138,2.93606,85997.4,-1202.68,-587.371,54.7128,128920,-5768.79,122.455,88.2439
0.295584,0,-239.597,9.81898,2.93615,85957,-1201.82,-587.383,54.7069,128934,-5767.5,122.398,88.2451
0.295594,0,-239.597,9.81658,2.93625,85916.7,-1200.96,-587.395,54.701,128949,-5766.21,122.34,88.2463
0.295604,0,-239.597,9.81418,2.93635,85876.3,-1200.1,-587.407,54.6952,128963,-5764.92,122.282,88.2475
0.295614,0,-239.597,9.81178,2.93645,85836,-1199.24,-587.419,54.6893,128977,-5763.63,122.224,88.2487
0.295624,0,-239.597,9.80938,2.93655,85795.7,-1198.38,-587.431,54.6834,128991,-5762.33,122.167,88.25
0.295634,0,-239.597,9.80698,2.93665,85755.4,-1197.52,-587.443,54.6775,129005,-5761.04,122.109,88.2512
0.295644,0,-239.597,9.80458,2.93674,85715.1,-1196.66,-587.455,54.6717,129020,-5759.75,122.051,88.2524
0.295654,0,-239.597,9.80218,2.93684,85674.8,-1195.8,-587.467,54.6658,129034,-5758.46,121.994,88.2536
0.295664,0,-239.597,9.79978,2.93694,85634.5,-1194.95,-587.479,54.6599,129048,-5757.17,121.936,88.2548
0.295674,0,-239.597,9.79738,2.93704,85594.2,-1194.09,-587.491,54.654,129062,-5755.87,121.878,88.2561
0.295684,0,-239.597,9.79498,2.93714,85553.9,-1193.23,-587.503,54.6482,129076,-5754.58,121.821,88.2573
0.295694,0,-239.597,9.79259,2.93723,85513.6,-1192.38,-587.515,54.6423,129090,-5753.29,121.763,88.2585
0.295704,0,-239.597,9.79019,2.93733,85473.4,-1191.52,-587.527,54.6364,129104,-5752,121.706,88.2597
0.295714,0,-239.597,9.78779,2.93743,85433.1,-1190.66,-587.539,54.6305,129118,-5750.7,121.648,88.2609
0.295724,0,-239.597,9.78539,2.93753,85392.9,-1189.81,-587.551,54.6247,129132,-5749.41,121.59,88.2621
0.295734,0,-239.597,9.78299,2.93763,85352.6,-1188.95,-587.563,54.6188,129147,-5748.12,121.533,88.2634
0.295744,0,-239.597,9.78059,2.93772,85312.4,-1188.1,-587.574,54.6129,129161,-5746.82,121.475,88.2646
0.295754,0,-239.597,9.77819,2.93782,85272.2,-1187.25,-587.586,54.607,129175,-5745.53,121.418,88.2658
0.295764,0,-239.597,9.77579,2.93792,85232,-1186.39,-587.598,54.6012,129189,-5744.24,121.36,88.267
0.295774,0,-239.597,9.77339,2.93802,85191.8,-1185.54,-587.61,54.5953,129203,-5742.94,121.303,88.2682
0.295784,0,-239.597,9.77099,2.93812,85151.5,-1184.68,-587.622,54.5894,129217,-5741.65,121.245,88.2694
0.295794,0,-239.597,9.76859,2.93821,85111.4,-1183.83,-587.634,54.5835,129231,-5740.36,121.188,88.2706
0.295804,0,-239.597,9.76619,2.93831,85071.2,-1182.98,-587.646,54.5777,129245,-5739.06,121.13,88.2719
0.295814,0,-239.597,9.76379,2.93841,85031,-1182.13,-587.658,54.5718,129259,-5737.77,121.073,88.2731
0.295824,0,-239.597,9.7614,2.93851,84990.9,-1181.28,-587.669,54.5659,129273,-5736.47,121.015,88.2743
0.295834,0,-239.597,9.759,2.93861,84950.7,-1180.43,-587.681,54.56,129287,-5735.18,120.958,88.2755
0.295844,0,-239.597,9.7566,2.9387,84910.5,-1179.58,-587.693,54.5541,129301,-5733.88,120.9,88.2767
0.295854,0,-239.597,9.7542,2.9388,84870.4,-1178.73,-587.705,54.5483,129315,-5732.59,120.843,88.2779
0.295864,0,-239.597,9.7518,2.9389,84830.3,-1177.88,-587.717,54.5424,129329,-5731.29,120.786,88.2791
0.295874,0,-239.597,9.7494,2.939,84790.1,-1177.03,-587.728,54.5365,129343,-5730,120.728,88.2803
0.295884,0,-239.597,9.747,2.93909,84750,-1176.18,-587.74,54.5306,129356,-5728.7,120.671,88.2815
0.295894,0,-239.597,9.7446,2.93919,84709.9,-1175.33,-587.752,54.5248,129370,-5727.41,120.613,88.2827
0.295904,0,-239.597,9.7422,2.93929,84669.8,-1174.48,-587.764,54.5189,129384,-5726.11,120.556,88.2839
0.295914,0,-239.597,9.7398,2.93939,84629.7,-1173.63,-587.776,54.513,129398,-5724.82,120.499,88.2851
0.295924,0,-239.597,9.7374,2.93948,84589.6,-1172.79,-587.787,54.5071,129412,-5723.52,120.442,88.2863
0.295934,0,-239.597,9.735,2.93958,84549.6,-1171.94,-587.799,54.5012,129426,-5722.23,120.384,88.2876
0.295944,0,-239.597,9.7326,2.93968,84509.5,-1171.09,-587.811,54.4954,129440,-5720.93,120.327,88.2888
0.295954,0,-239.597,9.73021,2.93978,84469.4,-1170.25,-587.822,54.4895,129454,-5719.63,120.27,88.29
0.295964,0,-239.597,9.72781,2.93987,84429.4,-1169.4,-587.834,54.4836,129467,-5718.34,120.212,88.2912
0.295974,0,-239.597,9.72541,2.93997,84389.3,-1168.56,-587.846,54.4777,129481,-5717.04,120.155,88.2924
0.295984,0,-239.597,9.72301,2.94007,84349.3,-1167.71,-587.858,54.4719,129495,-5715.74,120.098,88.2936
0.295994,0,-239.597,9.72061,2.94017,84309.2,-1166.87,-587.869,54.466,129509,-5714.45,120.041,88.2948
0.296004,0,-239.597,9.71821,2.94026,84269.2,-1166.02,-587.881,54.4601,129523,-5713.15,119.983,88.296
0.296014,0,-239.597,9.71581,2.94036,84229.2,-1165.18,-587.893,54.4542,129536,-5711.85,119.926,88.2972
0.296024,0,-239.597,9.71341,2.94046,84189.2,-1164.34,-587.904,54.4483,129550,-5710.56,119.869,88.2984
0.296034,0,-239.597,9.71101,2.94055,84149.2,-1163.49,-587.916,54.4425,129564,-5709.26,119.812,88.2996
0.296044,0,-239.597,9.70861,2.94065,84109.2,-1162.65,-587.928,54.4366,129578,-5707.96,119.755,88.3008
0.296054,0,-239.597,9.70621,2.94075,84069.2,-1161.81,-587.939,54.4307,129592,-5706.66,119.698,88.302
0.296064,0,-239.597,9.70381,2.94085,84029.3,-1160.97,-587.951,54.4248,129605,-5705.37,119.64,88.3032
0.296074,0,-239.597,9.70142,2.94094,83989.3,-1160.13,-587.962,54.4189,129619,-5704.07,119.583,88.3044
0.296084,0,-239.597,9.69902,2.94104,83949.3,-1159.29,-587.974,54.4131,129633,-5702.77,119.526,88.3055
0.296094,0,-239.597,9.69662,2.94114,83909.4,-1158.45,-587.986,54.4072,129646,-5701.47,119.469,88.3067
0.296104,0,-239.597,9.69422,2.94123,83869.5,-1157.61,-587.997,54.4013,129660,-5700.17,119.412,88.3079
0.296114,0,-239.597,9.69182,2.94133,83829.5,-1156.77,-588.009,54.3954,129674,-5698.88,119.355,88.3091
0.296124,0,-239.597,9.68942,2.94143,83789.6,-1155.93,-588.02,54.3896,129688,-5697.58,119.298,88.3103
0.296134,0,-239.597,9.68702,2.94153,83749.7,-1155.09,-588.032,54.3837,129701,-5696.28,119.241,88.3115
0.296144,0,-239.597,9.68462,2.94162,83709.8,-1154.25,-588.044,54.3778,129715,-5694.98,119.184,88.3127
0.296154,0,-239.597,9.68222,2.94172,83669.8,-1153.41,-588.055,54.3719,129729,-5693.68,119.127,88.3139
0.296164,0,-239.597,9.67982,2.94182,83630,-1152.57,-588.067,54.366,129742,-5692.38,119.07,88.3151
0.296174,0,-239.597,9.67742,2.94191,83590.1,-1151.74,-588.078,54.3601,129756,-5691.08,119.013,88.3163
0.296184,0,-239.597,9.67502,2.94201,83550.2,-1150.9,-588.09,54.3543,129769,-5689.78,118.956,88.3175
0.296194,0,-239.597,9.67262,2.94211,83510.3,-1150.06,-588.101,54.3484,129783,-5688.48,118.899,88.3187
0.296204,0,-239.597,9.67023,2.9422,83470.5,-1149.23,-588.113,54.3425,129797,-5687.18,118.842,88.3198
0.296214,0,-239.597,9.66783,2.9423,83430.6,-1148.39,-588.124,54.3366,129810,-5685.88,118.785,88.321
0.296224,0,-239.597,9.66543,2.9424,83390.7,-1147.56,-588.136,54.3307,129824,-5684.58,118.728,88.3222
0.296234,0,-239.597,9.66303,2.94249,83350.9,-1146.72,-588.147,54.3249,129837,-5683.28,118.671,88.3234
0.296244,0,-239.597,9.66063,2.94259,83311.1,-1145.89,-588.159,54.319,129851,-5681.98,118.614,88.3246
0.296254,0,-239.597,9.65823,2.94269,83271.3,-1145.05,-588.17,54.3131,129864,-5680.68,118.557,88.3258
0.296264,0,-239.597,9.65583,2.94279,83231.4,-1144.22,-588.182,54.3072,129878,-5679.38,118.5,88.327
0.296274,0,-239.597,9.65343,2.94288,83191.7,-1143.39,-588.193,54.3013,129892,-5678.08,118.444,88.3282
0.296284,0,-239.597,9.65103,2.94298,83151.8,-1142.55,-588.205,54.2954,129905,-5676.78,118.387,88.3293
0.296294,0,-239.597,9.64863,2.94307,83112.1,-1141.72,-588.216,54.2896,129919,-5675.48,118.33,88.3305
0.296304,0,-239.597,9.64623,2.94317,83072.3,-1140.89,-588.227,54.2837,129932,-5674.18,118.273,88.3317
0.296315,0,-239.597,9.64383,2.94327,83032.5,-1140.06,-588.239,54.2778,129946,-5672.88,118.216,88.3329
0.296325,0,-239.597,9.64143,2.94336,82992.8,-1139.23,-588.25,54.2719,129959,-5671.58,118.159,88.3341
0.296335,0,-239.597,9.63904,2.94346,82953,-1138.4,-588.262,54.266,129973,-5670.27,118.103,88.3353
0.296345,0,-239.597,9.63664,2.94356,82913.2,-1137.56,-588.273,54.2601,129986,-5668.97,118.046,88.3364
0.296355,0,-239.597,9.63424,2.94365,82873.5,-1136.73,-588.284,54.2543,129999,-5667.67,117.989,88.3376
0.296365,0,-239.597,9.63184,2.94375,82833.8,-1135.91,-588.296,54.2484,130013,-5666.37,117.932,88.3388
0.296375,0,-239.597,9.62944,2.94385,82794,-1135.08,-588.307,54.2425,130026,-5665.07,117.876,88.34
0.296385,0,-239.597,9.62704,2.94394,82754.3,-1134.25,-588.319,54.2366,130040,-5663.77,117.819,88.3412
0.296395,0,-239.597,9.62464,2.94404,82714.6,-1133.42,-588.33,54.2307,130053,-5662.46,117.762,88.3423
0.296405,0,-239.597,9.62224,2.94414,82674.9,-1132.59,-588.341,54.2249,130067,-5661.16,117.706,88.3435
0.296415,0,-239.597,9.61984,2.94423,82635.2,-1131.76,-588.353,54.219,130080,-5659.86,117.649,88.3447
0.296425,0,-239.597,9.61744,2.94433,82595.5,-1130.93,-588.364,54.2131,130093,-5658.56,117.592,88.3459
0.296435,0,-239.597,9.61504,2.94443,82555.9,-1130.11,-588.375,54.2072,130107,-5657.25,117.536,88.347
0.296445,0,-239.597,9.61264,2.94452,82516.2,-1129.28,-588.387,54.2013,130120,-5655.95,117.479,88.3482
0.296455,0,-239.597,9.61024,2.94462,82476.5,-1128.46,-588.398,54.1954,130133,-5654.65,117.422,88.3494
0.296465,0,-239.597,9.60785,2.94471,82436.9,-1127.63,-588.409,54.1896,130147,-5653.34,117.366,88.3506
0.296475,0,-239.597,9.60545,2.94481,82397.2,-1126.8,-588.42,54.1837,130160,-5652.04,117.309,88.3517
0.296485,0,-239.597,9.60305,2.94491,82357.6,-1125.98,-588.432,54.1778,130173,-5650.74,117.252,88.3529
0.296495,0,-239.597,9.60065,2.945,82318,-1125.16,-588.443,54.1719,130187,-5649.43,117.196,88.3541
0.296505,0,-239.597,9.59825,2.9451,82278.3,-1124.33,-588.454,54.166,130200,-5648.13,117.139,88.3553
0.296515,0,-239.597,9.59585,2.94519,82238.7,-1123.51,-588.466,54.1601,130213,-5646.83,117.083,88.3564
0.296525,0,-239.597,9.59345,2.94529,82199.1,-1122.68,-588.477,54.1542,130227,-5645.52,117.026,88.3576
0.296535,0,-239.597,9.59105,2.94539,82159.5,-1121.86,-588.488,54.1484,130240,-5644.22,116.97,88.3588
0.296545,0,-239.597,9.58865,2.94548,82119.9,-1121.04,-588.499,54.1425,130253,-5642.91,116.913,88.3599
0.296555,0,-239.597,9.58625,2.94558,82080.4,-1120.22,-588.51,54.1366,130266,-5641.61,116.857,88.3611
0.296565,0,-239.597,9.58385,2.94567,82040.8,-1119.39,-588.522,54.1307,130280,-5640.31,116.8,88.3623
0.296575,0,-239.597,9.58145,2.94577,82001.2,-1118.57,-588.533,54.1248,130293,-5639,116.744,88.3634
0.296585,0,-239.597,9.57905,2.94587,81961.7,-1117.75,-588.544,54.1189,130306,-5637.7,116.687,88.3646
0.296595,0,-239.597,9.57666,2.94596,81922.1,-1116.93,-588.555,54.113,130319,-5636.39,116.631,88.3658
0.296605,0,-239.597,9.57426,2.94606,81882.6,-1116.11,-588.566,54.1072,130333,-5635.09,116.574,88.3669
0.296615,0,-239.597,9.57186,2.94615,81843.1,-1115.29,-588.578,54.1013,130346,-5633.78,116.518,88.3681
0.296625,0,-239.597,9.56946,2.94625,81803.5,-1114.47,-588.589,54.0954,130359,-5632.48,116.461,88.3693
0.296635,0,-239.597,9.56706,2.94635,81764,-1113.65,-588.6,54.0895,130372,-5631.17,116.405,88.3704
0.296645,0,-239.597,9.56466,2.94644,81724.5,-1112.84,-588.611,54.0836,130385,-5629.86,116.349,88.3716
0.296655,0,-239.597,9.56226,2.94654,81685,-1112.02,-588.622,54.0777,130399,-5628.56,116.292,88.3728
0.296665,0,-239.597,9.55986,2.94663,81645.5,-1111.2,-588.633,54.0718,130412,-5627.25,116.236,88.3739
0.296675,0,-239.597,9.55746,2.94673,81606,-1110.38,-588.644,54.066,130425,-5625.95,116.18,88.3751
0.296685,0,-239.597,9.55506,2.94682,81566.6,-1109.57,-588.656,54.0601,130438,-5624.64,116.123,88.3762
0.296695,0,-239.597,9.55266,2.94692,81527.1,-1108.75,-588.667,54.0542,130451,-5623.33,116.067,88.3774
0.296705,0,-239.597,9.55026,2.94702,81487.6,-1107.93,-588.678,54.0483,130464,-5622.03,116.011,88.3786
0.296715,0,-239.597,9.54786,2.94711,81448.2,-1107.12,-588.689,54.0424,130477,-5620.72,115.954,88.3797
0.296725,0,-239.597,9.54547,2.94721,81408.8,-1106.3,-588.7,54.0365,130490,-5619.42,115.898,88.3809
0.296735,0,-239.597,9.54307,2.9473,81369.3,-1105.49,-588.711,54.0306,130504,-5618.11,115.842,88.382
0.296745,0,-239.597,9.54067,2.9474,81329.9,-1104.67,-588.722,54.0248,130517,-5616.8,115.786,88.3832
0.296755,0,-239.597,9.53827,2.94749,81290.5,-1103.86,-588.733,54.0189,130530,-5615.49,115.729,88.3844
0.296765,0,-239.597,9.53587,2.94759,81251.1,-1103.04,-588.744,54.013,130543,-5614.19,115.673,88.3855
0.296775,0,-239.597,9.53347,2.94768,81211.7,-1102.23,-588.755,54.0071,130556,-5612.88,115.617,88.3867
0.296785,0,-239.597,9.53107,2.94778,81172.3,-1101.42,-588.766,54.0012,130569,-5611.57,115.561,88.3878
0.296795,0,-239.597,9.52867,2.94788,81132.9,-1100.6,-588.777,53.9953,130582,-5610.27,115.505,88.389
0.296805,0,-239.597,9.52627,2.94797,81093.5,-1099.79,-588.788,53.9894,130595,-5608.96,115.448,88.3901
0.296815,0,-239.597,9.52387,2.94807,81054.1,-1098.98,-588.799,53.9836,130608,-5607.65,115.392,88.3913
0.296825,0,-239.597,9.52147,2.94816,81014.8,-1098.17,-588.81,53.9777,130621,-5606.34,115.336,88.3924
0.296835,0,-239.597,9.51907,2.94826,80975.4,-1097.36,-588.821,53.9718,130634,-5605.03,115.28,88.3936
0.296845,0,-239.597,9.51667,2.94835,80936.1,-1096.55,-588.832,53.9659,130647,-5603.73,115.224,88.3947
0.296855,0,-239.597,9.51428,2.94845,80896.7,-1095.74,-588.843,53.96,130660,-5602.42,115.168,88.3959
0.296865,0,-239.597,9.51188,2.94854,80857.4,-1094.93,-588.854,53.9541,130673,-5601.11,115.112,88.397
0.296875,0,-239.597,9.50948,2.94864,80818.1,-1094.12,-588.865,53.9482,130686,-5599.8,115.055,88.3982
0.296885,0,-239.597,9.50708,2.94873,80778.8,-1093.31,-588.876,53.9423,130699,-5598.49,114.999,88.3994
0.296895,0,-239.597,9.50468,2.94883,80739.5,-1092.5,-588.887,53.9364,130712,-5597.18,114.943,88.4005
0.296905,0,-239.597,9.50228,2.94892,80700.2,-1091.69,-588.898,53.9305,130724,-5595.87,114.887,88.4017
0.296915,0,-239.597,9.49988,2.94902,80660.9,-1090.88,-588.909,53.9247,130737,-5594.56,114.831,88.4028
0.296925,0,-239.597,9.49748,2.94911,80621.6,-1090.08,-588.92,53.9188,130750,-5593.26,114.775,88.404
0.296935,0,-239.597,9.49508,2.94921,80582.4,-1089.27,-588.931,53.9129,130763,-5591.95,114.719,88.4051
0.296945,0,-239.597,9.49268,2.9493,80543.1,-1088.46,-588.942,53.907,130776,-5590.64,114.663,88.4062
0.296955,0,-239.597,9.49028,2.9494,80503.8,-1087.66,-588.953,53.9011,130789,-5589.33,114.607,88.4074
0.296965,0,-239.597,9.48788,2.94949,80464.6,-1086.85,-588.963,53.8952,130802,-5588.02,114.551,88.4085
0.296975,0,-239.597,9.48549,2.94959,80425.4,-1086.05,-588.974,53.8893,130815,-5586.71,114.496,88.4097
0.296985,0,-239.597,9.48309,2.94968,80386.1,-1085.24,-588.985,53.8834,130828,-5585.4,114.439,88.4108
0.296995,0,-239.597,9.48069,2.94978,80346.9,-1084.44,-588.996,53.8775,130840,-5584.09,114.384,88.412
0.297005,0,-239.597,9.47829,2.94987,80307.7,-1083.63,-589.007,53.8716,130853,-5582.78,114.328,88.4131
0.297015,0,-239.597,9.47589,2.94997,80268.5,-1082.83,-589.018,53.8658,130866,-5581.47,114.272,88.4143
0.297025,0,-239.597,9.47349,2.95006,80229.3,-1082.02,-589.029,53.8599,130879,-5580.16,114.216,88.4154
0.297035,0,-239.597,9.47109,2.95016,80190.1,-1081.22,-589.039,53.854,130892,-5578.85,114.16,88.4165
0.297045,0,-239.597,9.46869,2.95025,80150.9,-1080.42,-589.05,53.8481,130904,-5577.54,114.104,88.4177
0.297056,0,-239.597,9.46629,2.95035,80111.8,-1079.62,-589.061,53.8422,130917,-5576.22,114.048,88.4188
0.297066,0,-239.597,9.46389,2.95044,80072.6,-1078.81,-589.072,53.8363,130930,-5574.91,113.992,88.42
0.297076,0,-239.597,9.46149,2.95054,80033.5,-1078.01,-589.083,53.8304,130943,-5573.6,113.937,88.4211
0.297086,0,-239.597,9.45909,2.95063,79994.3,-1077.21,-589.094,53.8245,130955,-5572.29,113.881,88.4222
0.297096,0,-239.597,9.45669,2.95073,79955.2,-1076.41,-589.104,53.8186,130968,-5570.98,113.825,88.4234
0.297106,0,-239.597,9.4543,2.95082,79916,-1075.61,-589.115,53.8127,130981,-5569.67,113.769,88.4245
0.297116,0,-239.597,9.4519,2.95092,79876.9,-1074.81,-589.126,53.8069,130994,-5568.36,113.714,88.4257
0.297126,0,-239.597,9.4495,2.95101,79837.8,-1074.01,-589.137,53.801,131006,-5567.04,113.658,88.4268
0.297136,0,-239.597,9.4471,2.95111,79798.7,-1073.21,-589.147,53.7951,131019,-5565.73,113.602,88.4279
0.297146,0,-239.597,9.4447,2.9512,79759.6,-1072.41,-589.158,53.7892,131032,-5564.42,113.546,88.4291
0.297156,0,-239.597,9.4423,2.9513,79720.5,-1071.61,-589.169,53.7833,131044,-5563.11,113.491,88.4302
0.297166,0,-239.597,9.4399,2.95139,79681.4,-1070.81,-589.18,53.7774,131057,-5561.8,113.435,88.4313
0.297176,0,-239.597,9.4375,2.95148,79642.4,-1070.02,-589.19,53.7715,131070,-5560.48,113.379,88.4325
0.297186,0,-239.597,9.4351,2.95158,79603.3,-1069.22,-589.201,53.7656,131082,-5559.17,113.324,88.4336
0.297196,0,-239.597,9.4327,2.95167,79564.2,-1068.42,-589.212,53.7597,131095,-5557.86,113.268,88.4347
0.297206,0,-239.597,9.4303,2.95177,79525.2,-1067.63,-589.222,53.7538,131108,-5556.54,113.212,88.4359
0.297216,0,-239.597,9.4279,2.95186,79486.1,-1066.83,-589.233,53.7479,131120,-5555.23,113.157,88.437
0.297226,0,-239.597,9.4255,2.95196,79447.1,-1066.03,-589.244,53.742,131133,-5553.92,113.101,88.4381
0.297236,0,-239.597,9.42311,2.95205,79408.1,-1065.24,-589.254,53.7361,131146,-5552.61,113.045,88.4393
0.297246,0,-239.597,9.42071,2.95215,79369.1,-1064.44,-589.265,53.7303,131158,-5551.29,112.99,88.4404
0.297256,0,-239.597,9.41831,2.95224,79330.1,-1063.65,-589.276,53.7244,131171,-5549.98,112.934,88.4415
0.297266,0,-239.597,9.41591,2.95233,79291.1,-1062.86,-589.286,53.7185,131183,-5548.67,112.879,88.4426
0.297276,0,-239.597,9.41351,2.95243,79252.1,-1062.06,-589.297,53.7126,131196,-5547.35,112.823,88.4438
0.297286,0,-239.597,9.41111,2.95252,79213.1,-1061.27,-589.308,53.7067,131208,-5546.04,112.768,88.4449
0.297296,0,-239.597,9.40871,2.95262,79174.1,-1060.48,-589.318,53.7008,131221,-5544.72,112.712,88.446
0.297306,0,-239.597,9.40631,2.95271,79135.2,-1059.68,-589.329,53.6949,131234,-5543.41,112.656,88.4472
0.297316,0,-239.597,9.40391,2.95281,79096.2,-1058.89,-589.339,53.689,131246,-5542.1,112.601,88.4483
0.297326,0,-239.597,9.40151,2.9529,79057.3,-1058.1,-589.35,53.6831,131259,-5540.78,112.546,88.4494
0.297336,0,-239.597,9.39911,2.95299,79018.3,-1057.31,-589.361,53.6772,131271,-5539.47,112.49,88.4505
0.297346,0,-239.597,9.39671,2.95309,78979.4,-1056.52,-589.371,53.6713,131284,-5538.15,112.435,88.4517
0.297356,0,-239.597,9.39431,2.95318,78940.5,-1055.73,-589.382,53.6654,131296,-5536.84,112.379,88.4528
0.297366,0,-239.597,9.39192,2.95328,78901.6,-1054.93,-589.392,53.6595,131309,-5535.52,112.324,88.4539
0.297376,0,-239.597,9.38952,2.95337,78862.6,-1054.14,-589.403,53.6536,131321,-5534.21,112.268,88.455
0.297386,0,-239.597,9.38712,2.95346,78823.8,-1053.35,-589.414,53.6477,131334,-5532.89,112.213,88.4561
0.297396,0,-239.597,9.38472,2.95356,78784.9,-1052.57,-589.424,53.6418,131346,-5531.58,112.157,88.4573
0.297406,0,-239.597,9.38232,2.95365,78746,-1051.78,-589.435,53.636,131358,-5530.26,112.102,88.4584
0.297416,0,-239.597,9.37992,2.95375,78707.1,-1050.99,-589.445,53.6301,131371,-5528.95,112.047,88.4595
0.297426,0,-239.597,9.37752,2.95384,78668.2,-1050.2,-589.456,53.6242,131383,-5527.63,111.991,88.4606
0.297436,0,-239.597,9.37512,2.95393,78629.4,-1049.41,-589.466,53.6183,131396,-5526.32,111.936,88.4618
0.297446,0,-239.597,9.37272,2.95403,78590.5,-1048.63,-589.477,53.6124,131408,-5525,111.881,88.4629
0.297456,0,-239.597,9.37032,2.95412,78551.7,-1047.84,-589.487,53.6065,131421,-5523.68,111.825,88.464
0.297466,0,-239.597,9.36792,2.95421,78512.9,-1047.05,-589.498,53.6006,131433,-5522.37,111.77,88.4651
0.297476,0,-239.597,9.36552,2.95431,78474,-1046.27,-589.508,53.5947,131445,-5521.05,111.715,88.4662
0.297486,0,-239.597,9.36312,2.9544,78435.2,-1045.48,-589.519,53.5888,131458,-5519.74,111.659,88.4673
0.297496,0,-239.597,9.36073,2.9545,78396.4,-1044.7,-589.529,53.5829,131470,-5518.42,111.604,88.4685
0.297506,0,-239.597,9.35833,2.95459,78357.6,-1043.91,-589.54,53.577,131483,-5517.1,111.549,88.4696
0.297516,0,-239.597,9.35593,2.95468,78318.8,-1043.13,-589.55,53.5711,131495,-5515.79,111.494,88.4707
0.297526,0,-239.597,9.35353,2.95478,78280,-1042.34,-589.56,53.5652,131507,-5514.47,111.438,88.4718
0.297536,0,-239.597,9.35113,2.95487,78241.3,-1041.56,-589.571,53.5593,131520,-5513.15,111.383,88.4729
0.297546,0,-239.597,9.34873,2.95496,78202.5,-1040.78,-589.581,53.5534,131532,-5511.84,111.328,88.474
0.297556,0,-239.597,9.34633,2.95506,78163.7,-1039.99,-589.592,53.5475,131544,-5510.52,111.273,88.4751
0.297566,0,-239.597,9.34393,2.95515,78125,-1039.21,-589.602,53.5416,131556,-5509.2,111.218,88.4763
0.297576,0,-239.597,9.34153,2.95525,78086.3,-1038.43,-589.612,53.5357,131569,-5507.88,111.163,88.4774
0.297586,0,-239.597,9.33913,2.95534,78047.5,-1037.65,-589.623,53.5298,131581,-5506.57,111.107,88.4785
0.297596,0,-239.597,9.33673,2.95543,78008.8,-1036.87,-589.633,53.5239,131593,-5505.25,111.052,88.4796
0.297606,0,-239.597,9.33433,2.95553,77970.1,-1036.08,-589.644,53.5181,131606,-5503.93,110.997,88.4807
0.297616,0,-239.597,9.33193,2.95562,77931.4,-1035.3,-589.654,53.5122,131618,-5502.61,110.942,88.4818
0.297626,0,-239.597,9.32954,2.95571,77892.7,-1034.52,-589.664,53.5063,131630,-5501.29,110.887,88.4829
0.297636,0,-239.597,9.32714,2.95581,77854,-1033.74,-589.675,53.5004,131642,-5499.98,110.832,88.484
0.297646,0,-239.597,9.32474,2.9559,77815.3,-1032.96,-589.685,53.4945,131654,-5498.66,110.777,88.4851
0.297656,0,-239.597,9.32234,2.95599,77776.6,-1032.19,-589.695,53.4886,131667,-5497.34,110.722,88.4862
0.297666,0,-239.597,9.31994,2.95609,77738,-1031.41,-589.706,53.4827,131679,-5496.02,110.667,88.4874
0.297676,0,-239.597,9.31754,2.95618,77699.3,-1030.63,-589.716,53.4768,131691,-5494.7,110.612,88.4885
0.297686,0,-239.597,9.31514,2.95627,77660.7,-1029.85,-589.726,53.4709,131703,-5493.38,110.557,88.4896
0.297696,0,-239.597,9.31274,2.95637,77622,-1029.07,-589.737,53.465,131716,-5492.07,110.502,88.4907
0.297706,0,-239.597,9.31034,2.95646,77583.4,-1028.3,-589.747,53.4591,131728,-5490.75,110.447,88.4918
0.297716,0,-239.597,9.30794,2.95655,77544.7,-1027.52,-589.757,53.4532,131740,-5489.43,110.392,88.4929
0.297726,0,-239.597,9.30554,2.95665,77506.2,-1026.74,-589.768,53.4473,131752,-5488.11,110.337,88.494
0.297736,0,-239.597,9.30314,2.95674,77467.5,-1025.97,-589.778,53.4414,131764,-5486.79,110.282,88.4951
0.297746,0,-239.597,9.30075,2.95683,77428.9,-1025.19,-589.788,53.4355,131776,-5485.47,110.227,88.4962
0.297756,0,-239.597,9.29835,2.95692,77390.4,-1024.42,-589.798,53.4296,131788,-5484.15,110.172,88.4973
0.297766,0,-239.597,9.29595,2.95702,77351.8,-1023.64,-589.809,53.4237,131801,-5482.83,110.117,88.4984
0.297776,0,-239.597,9.29355,2.95711,77313.2,-1022.87,-589.819,53.4178,131813,-5481.51,110.062,88.4995
0.297787,0,-239.597,9.29115,2.9572,77274.6,-1022.09,-589.829,53.4119,131825,-5480.19,110.007,88.5006
0.297797,0,-239.597,9.28875,2.9573,77236.1,-1021.32,-589.839,53.406,131837,-5478.87,109.952,88.5017
0.297807,0,-239.597,9.28635,2.95739,77197.5,-1020.55,-589.85,53.4001,131849,-5477.55,109.897,88.5028
0.297817,0,-239.597,9.28395,2.95748,77159,-1019.77,-589.86,53.3942,131861,-5476.23,109.843,88.5039
0.297827,0,-239.597,9.28155,2.95758,77120.4,-1019,-589.87,53.3883,131873,-5474.91,109.788,88.505
0.297837,0,-239.597,9.27915,2.95767,77081.9,-1018.23,-589.88,53.3824,131885,-5473.59,109.733,88.5061
0.297847,0,-239.597,9.27675,2.95776,77043.4,-1017.46,-589.89,53.3765,131897,-5472.27,109.678,88.5072
0.297857,0,-239.597,9.27435,2.95785,77004.9,-1016.69,-589.901,53.3706,131909,-5470.95,109.623,88.5083
0.297867,0,-239.597,9.27195,2.95795,76966.4,-1015.92,-589.911,53.3647,131921,-5469.63,109.569,88.5094
0.297877,0,-239.597,9.26956,2.95804,76927.9,-1015.14,-589.921,53.3588,131933,-5468.3,109.514,88.5105
0.297887,0,-239.597,9.26716,2.95813,76889.4,-1014.37,-589.931,53.3529,131945,-5466.98,109.459,88.5116
0.297897,0,-239.597,9.26476,2.95823,76851,-1013.6,-589.941,53.347,131957,-5465.66,109.404,88.5127
0.297907,0,-239.597,9.26236,2.95832,76812.5,-1012.84,-589.951,53.3411,131969,-5464.34,109.35,88.5138
0.297917,0,-239.597,9.25996,2.95841,76774,-1012.07,-589.962,53.3352,131981,-5463.02,109.295,88.5149
0.297927,0,-239.597,9.25756,2.9585,76735.6,-1011.3,-589.972,53.3293,131993,-5461.7,109.24,88.5159
0.297937,0,-239.597,9.25516,2.9586,76697.1,-1010.53,-589.982,53.3234,132005,-5460.38,109.186,88.517
0.297947,0,-239.597,9.25276,2.95869,76658.7,-1009.76,-589.992,53.3175,132017,-5459.05,109.131,88.5181
0.297957,0,-239.597,9.25036,2.95878,76620.3,-1008.99,-590.002,53.3116,132029,-5457.73,109.076,88.5192
0.297967,0,-239.597,9.24796,2.95887,76581.9,-1008.23,-590.012,53.3057,132041,-5456.41,109.022,88.5203
0.297977,0,-239.597,9.24556,2.95897,76543.5,-1007.46,-590.022,53.2998,132053,-5455.09,108.967,88.5214
0.297987,0,-239.597,9.24316,2.95906,76505.1,-1006.69,-590.032,53.2939,132065,-5453.77,108.912,88.5225
0.297997,0,-239.597,9.24076,2.95915,76466.7,-1005.93,-590.042,53.288,132077,-5452.44,108.858,88.5236
0.298007,0,-239.597,9.23837,2.95925,76428.3,-1005.16,-590.052,53.2821,132089,-5451.12,108.803,88.5247
0.298017,0,-239.597,9.23597,2.95934,76389.9,-1004.4,-590.062,53.2762,132100,-5449.8,108.749,88.5258
0.298027,0,-239.597,9.23357,2.95943,76351.6,-1003.63,-590.073,53.2703,132112,-5448.47,108.694,88.5269
0.298037,0,-239.597,9.23117,2.95952,76313.2,-1002.87,-590.083,53.2644,132124,-5447.15,108.639,88.5279
0.298047,0,-239.597,9.22877,2.95961,76274.9,-1002.11,-590.093,53.2585,132136,-5445.83,108.585,88.529
0.298057,0,-239.597,9.22637,2.95971,76236.5,-1001.34,-590.103,53.2526,132148,-5444.5,108.53,88.5301
0.298067,0,-239.597,9.22397,2.9598,76198.2,-1000.58,-590.113,53.2467,132160,-5443.18,108.476,88.5312
0.298077,0,-239.597,9.22157,2.95989,76159.9,-999.815,-590.123,53.2408,132172,-5441.86,108.421,88.5323
0.298087,0,-239.597,9.21917,2.95998,76121.6,-999.053,-590.133,53.2349,132183,-5440.54,108.367,88.5334
0.298097,0,-239.597,9.21677,2.96008,76083.3,-998.291,-590.143,53.229,132195,-5439.21,108.312,88.5344
0.298107,0,-239.597,9.21437,2.96017,76045,-997.529,-590.153,53.2231,132207,-5437.89,108.258,88.5355
0.298117,0,-239.597,9.21197,2.96026,76006.7,-996.768,-590.163,53.2172,132219,-5436.56,108.204,88.5366
0.298127,0,-239.597,9.20957,2.96035,75968.4,-996.007,-590.173,53.2113,132231,-5435.24,108.149,88.5377
0.298137,0,-239.597,9.20718,2.96045,75930.1,-995.246,-590.183,53.2054,132242,-5433.92,108.095,88.5388
0.298147,0,-239.597,9.20478,2.96054,75891.9,-994.487,-590.193,53.1995,132254,-5432.59,108.04,88.5399
0.298157,0,-239.597,9.20238,2.96063,75853.6,-993.727,-590.203,53.1936,132266,-5431.27,107.986,88.5409
0.298167,0,-239.597,9.19998,2.96072,75815.4,-992.966,-590.213,53.1877,132278,-5429.94,107.931,88.542
0.298177,0,-239.597,9.19758,2.96081,75777.1,-992.208,-590.222,53.1818,132289,-5428.62,107.877,88.5431
0.298187,0,-239.597,9.19518,2.96091,75738.9,-991.45,-590.232,53.1759,132301,-5427.29,107.823,88.5442
0.298197,0,-239.597,9.19278,2.961,75700.7,-990.692,-590.242,53.17,132313,-5425.97,107.768,88.5452
0.298207,0,-239.597,9.19038,2.96109,75662.5,-989.934,-590.252,53.1641,132325,-5424.64,107.714,88.5463
0.298217,0,-239.597,9.18798,2.96118,75624.3,-989.176,-590.262,53.1582,132336,-5423.32,107.66,88.5474
0.298227,0,-239.597,9.18558,2.96127,75586.1,-988.419,-590.272,53.1523,132348,-5421.99,107.605,88.5485
0.298237,0,-239.597,9.18318,2.96137,75547.9,-987.662,-590.282,53.1464,132360,-5420.67,107.551,88.5496
0.298247,0,-239.597,9.18078,2.96146,75509.7,-986.905,-590.292,53.1405,132371,-5419.34,107.497,88.5506
0.298257,0,-239.597,9.17838,2.96155,75471.5,-986.15,-590.302,53.1346,132383,-5418.02,107.443,88.5517
0.298267,0,-239.597,9.17599,2.96164,75433.4,-985.395,-590.312,53.1287,132395,-5416.69,107.388,88.5528
0.298277,0,-239.597,9.17359,2.96173,75395.2,-984.639,-590.321,53.1228,132406,-5415.36,107.334,88.5539
0.298287,0,-239.597,9.17119,2.96183,75357.1,-983.884,-590.331,53.1169,132418,-5414.04,107.28,88.5549
0.298297,0,-239.597,9.16879,2.96192,75319,-983.13,-590.341,53.111,132430,-5412.71,107.226,88.556
0.298307,0,-239.597,9.16639,2.96201,75280.8,-982.376,-590.351,53.1051,132441,-5411.39,107.172,88.5571
0.298317,0,-239.597,9.16399,2.9621,75242.7,-981.623,-590.361,53.0992,132453,-5410.06,107.117,88.5582
0.298327,0,-239.597,9.16159,2.96219,75204.6,-980.869,-590.371,53.0932,132465,-5408.73,107.063,88.5592
0.298337,0,-239.597,9.15919,2.96229,75166.5,-980.116,-590.38,53.0873,132476,-5407.41,107.009,88.5603
0.298347,0,-239.597,9.15679,2.96238,75128.4,-979.364,-590.39,53.0814,132488,-5406.08,106.955,88.5614
0.298357,0,-239.597,9.15439,2.96247,75090.3,-978.611,-590.4,53.0755,132499,-5404.75,106.901,88.5624
0.298367,0,-239.597,9.15199,2.96256,75052.2,-977.86,-590.41,53.0696,132511,-5403.43,106.847,88.5635
0.298377,0,-239.597,9.14959,2.96265,75014.2,-977.108,-590.42,53.0637,132522,-5402.1,106.793,88.5646
0.298387,0,-239.597,9.14719,2.96274,74976.1,-976.357,-590.429,53.0578,132534,-5400.77,106.738,88.5656
0.298397,0,-239.597,9.1448,2.96283,74938.1,-975.607,-590.439,53.0519,132546,-5399.45,106.684,88.5667
0.298407,0,-239.597,9.1424,2.96293,74900,-974.857,-590.449,53.046,132557,-5398.12,106.63,88.5678
0.298417,0,-239.597,9.14,2.96302,74862,-974.107,-590.459,53.0401,132569,-5396.79,106.576,88.5688
0.298427,0,-239.597,9.1376,2.96311,74824,-973.357,-590.468,53.0342,132580,-5395.46,106.522,88.5699
0.298437,0,-239.597,9.1352,2.9632,74785.9,-972.608,-590.478,53.0283,132592,-5394.14,106.468,88.571
0.298447,0,-239.597,9.1328,2.96329,74747.9,-971.86,-590.488,53.0224,132603,-5392.81,106.414,88.572
0.298457,0,-239.597,9.1304,2.96338,74709.9,-971.111,-590.498,53.0165,132615,-5391.48,106.36,88.5731
0.298467,0,-239.597,9.128,2.96348,74672,-970.364,-590.507,53.0106,132626,-5390.15,106.306,88.5742
0.298477,0,-239.597,9.1256,2.96357,74634,-969.617,-590.517,53.0047,132638,-5388.82,106.252,88.5752
0.298487,0,-239.597,9.1232,2.96366,74596,-968.868,-590.527,52.9988,132649,-5387.5,106.198,88.5763
0.298497,0,-239.597,9.1208,2.96375,74558,-968.122,-590.536,52.9929,132661,-5386.17,106.144,88.5773
0.298507,0,-239.597,9.1184,2.96384,74520.1,-967.375,-590.546,52.987,132672,-5384.84,106.09,88.5784
0.298517,0,-239.597,9.116,2.96393,74482.1,-966.629,-590.556,52.981,132683,-5383.51,106.036,88.5795
0.298528,0,-239.597,9.11361,2.96402,74444.2,-965.885,-590.566,52.9751,132695,-5382.18,105.983,88.5805
0.298538,0,-239.597,9.11121,2.96411,74406.2,-965.139,-590.575,52.9692,132706,-5380.85,105.929,88.5816
0.298548,0,-239.597,9.10881,2.96421,74368.3,-964.394,-590.585,52.9633,132718,-5379.52,105.875,88.5826
0.298558,0,-239.597,9.10641,2.9643,74330.4,-963.65,-590.595,52.9574,132729,-5378.19,105.821,88.5837
0.298568,0,-239.597,9.10401,2.96439,74292.5,-962.905,-590.604,52.9515,132741,-5376.87,105.767,88.5848
0.298578,0,-239.597,9.10161,2.96448,74254.6,-962.162,-590.614,52.9456,132752,-5375.54,105.713,88.5858
0.298588,0,-239.597,9.09921,2.96457,74216.7,-961.419,-590.623,52.9397,132763,-5374.21,105.66,88.5869
0.298598,0,-239.597,9.09681,2.96466,74178.8,-960.674,-590.633,52.9338,132775,-5372.88,105.606,88.5879
0.298608,0,-239.597,9.09441,2.96475,74140.9,-959.932,-590.643,52.9279,132786,-5371.55,105.552,88.589
0.298618,0,-239.597,9.09201,2.96484,74103.1,-959.189,-590.652,52.922,132797,-5370.22,105.498,88.59
0.298628,0,-239.597,9.08961,2.96493,74065.3,-958.449,-590.662,52.9161,132809,-5368.89,105.444,88.5911
0.298638,0,-239.597,9.08721,2.96503,74027.4,-957.707,-590.672,52.9102,132820,-5367.56,105.391,88.5921
0.298648,0,-239.597,9.08482,2.96512,73989.6,-956.966,-590.681,52.9043,132831,-5366.23,105.337,88.5932
0.298658,0,-239.597,9.08242,2.96521,73951.7,-956.225,-590.691,52.8984,132843,-5364.9,105.283,88.5943
0.298668,0,-239.597,9.08002,2.9653,73913.9,-955.484,-590.7,52.8925,132854,-5363.57,105.229,88.5953
0.298678,0,-239.597,9.07762,2.96539,73876.1,-954.745,-590.71,52.8866,132865,-5362.24,105.176,88.5964
0.298688,0,-239.597,9.07522,2.96548,73838.3,-954.005,-590.719,52.8807,132877,-5360.91,105.122,88.5974
0.298698,0,-239.597,9.07282,2.96557,73800.5,-953.266,-590.729,52.8747,132888,-5359.58,105.068,88.5985
0.298708,0,-239.597,9.07042,2.96566,73762.7,-952.527,-590.738,52.8688,132899,-5358.25,105.015,88.5995
0.298718,0,-239.597,9.06802,2.96575,73724.9,-951.789,-590.748,52.8629,132910,-5356.92,104.961,88.6006
0.298728,0,-239.597,9.06562,2.96584,73687.2,-951.051,-590.758,52.857,132922,-5355.58,104.907,88.6016
0.298738,0,-239.597,9.06322,2.96593,73649.4,-950.314,-590.767,52.8511,132933,-5354.25,104.854,88.6027
0.298748,0,-239.597,9.06082,2.96603,73611.7,-949.576,-590.777,52.8452,132944,-5352.92,104.8,88.6037
0.298758,0,-239.597,9.05842,2.96612,73573.9,-948.838,-590.786,52.8393,132955,-5351.59,104.747,88.6048
0.298768,0,-239.597,9.05602,2.96621,73536.2,-948.102,-590.796,52.8334,132967,-5350.26,104.693,88.6058
0.298778,0,-239.597,9.05363,2.9663,73498.5,-947.367,-590.805,52.8275,132978,-5348.93,104.639,88.6068
0.298788,0,-239.597,9.05123,2.96639,73460.8,-946.631,-590.815,52.8216,132989,-5347.6,104.586,88.6079
0.298798,0,-239.597,9.04883,2.96648,73423,-945.894,-590.824,52.8157,133000,-5346.26,104.532,88.6089
0.298808,0,-239.597,9.04643,2.96657,73385.3,-945.159,-590.833,52.8097,133011,-5344.93,104.479,88.61
0.298818,0,-239.597,9.04403,2.96666,73347.6,-944.425,-590.843,52.8038,133023,-5343.6,104.425,88.611
0.298828,0,-239.597,9.04163,2.96675,73310,-943.691,-590.852,52.7979,133034,-5342.27,104.372,88.6121
0.298838,0,-239.597,9.03923,2.96684,73272.3,-942.957,-590.862,52.792,133045,-5340.94,104.318,88.6131
0.298848,0,-239.597,9.03683,2.96693,73234.6,-942.223,-590.871,52.7861,133056,-5339.6,104.265,88.6142
0.298858,0,-239.597,9.03443,2.96702,73197,-941.49,-590.881,52.7802,133067,-5338.27,104.211,88.6152
0.298868,0,-239.597,9.03203,2.96711,73159.3,-940.758,-590.89,52.7743,133078,-5336.94,104.158,88.6163
0.298878,0,-239.597,9.02963,2.9672,73121.6,-940.025,-590.9,52.7684,133090,-5335.61,104.104,88.6173
0.298888,0,-239.597,9.02723,2.96729,73084,-939.293,-590.909,52.7625,133101,-5334.27,104.051,88.6183
0.298898,0,-239.597,9.02483,2.96738,73046.4,-938.562,-590.918,52.7566,133112,-5332.94,103.998,88.6194
0.298908,0,-239.597,9.02244,2.96747,73008.8,-937.83,-590.928,52.7507,133123,-5331.61,103.944,88.6204
0.298918,0,-239.597,9.02004,2.96756,72971.2,-937.099,-590.937,52.7448,133134,-5330.27,103.891,88.6214
0.298928,0,-239.597,9.01764,2.96765,72933.6,-936.369,-590.947,52.7388,133145,-5328.94,103.837,88.6225
0.298938,0,-239.597,9.01524,2.96774,72896,-935.638,-590.956,52.7329,133156,-5327.61,103.784,88.6235
0.298948,0,-239.597,9.01284,2.96783,72858.4,-934.909,-590.965,52.727,133167,-5326.27,103.731,88.6246
0.298958,0,-239.597,9.01044,2.96793,72820.9,-934.18,-590.975,52.7211,133178,-5324.94,103.678,88.6256
0.298968,0,-239.597,9.00804,2.96802,72783.3,-933.45,-590.984,52.7152,133189,-5323.61,103.624,88.6266
0.298978,0,-239.597,9.00564,2.96811,72745.7,-932.722,-590.993,52.7093,133200,-5322.27,103.571,88.6277
0.298988,0,-239.597,9.00324,2.9682,72708.2,-931.993,-591.003,52.7034,133211,-5320.94,103.517,88.6287
0.298998,0,-239.597,9.00084,2.96829,72670.6,-931.265,-591.012,52.6975,133222,-5319.61,103.464,88.6297
0.299008,0,-239.597,8.99844,2.96838,72633.1,-930.538,-591.021,52.6916,133233,-5318.27,103.411,88.6308
0.299018,0,-239.597,8.99604,2.96847,72595.6,-929.81,-591.031,52.6857,133244,-5316.94,103.358,88.6318
0.299028,0,-239.597,8.99364,2.96856,72558.1,-929.085,-591.04,52.6798,133255,-5315.6,103.305,88.6329
0.299038,0,-239.597,8.99125,2.96865,72520.6,-928.358,-591.049,52.6738,133266,-5314.27,103.251,88.6339
0.299048,0,-239.597,8.98885,2.96874,72483.1,-927.633,-591.058,52.6679,133277,-5312.93,103.198,88.6349
0.299058,0,-239.597,8.98645,2.96883,72445.6,-926.906,-591.068,52.662,133288,-5311.6,103.145,88.6359
0.299068,0,-239.597,8.98405,2.96892,72408.1,-926.181,-591.077,52.6561,133299,-5310.26,103.092,88.637
0.299078,0,-239.597,8.98165,2.96901,72370.6,-925.456,-591.086,52.6502,133310,-5308.93,103.039,88.638
0.299088,0,-239.597,8.97925,2.9691,72333.2,-924.732,-591.096,52.6443,133321,-5307.59,102.985,88.639
0.299098,0,-239.597,8.97685,2.96919,72295.7,-924.007,-591.105,52.6384,133332,-5306.26,102.932,88.6401
0.299108,0,-239.597,8.97445,2.96928,72258.3,-923.284,-591.114,52.6325,133343,-5304.92,102.879,88.6411
0.299118,0,-239.597,8.97205,2.96937,72220.9,-922.56,-591.123,52.6266,133354,-5303.59,102.826,88.6421
0.299128,0,-239.597,8.96965,2.96946,72183.4,-921.837,-591.133,52.6206,133365,-5302.25,102.773,88.6432
0.299138,0,-239.597,8.96725,2.96955,72146,-921.115,-591.142,52.6147,133376,-5300.92,102.72,88.6442
0.299148,0,-239.597,8.96485,2.96964,72108.6,-920.392,-591.151,52.6088,133387,-5299.58,102.667,88.6452
0.299158,0,-239.597,8.96245,2.96972,72071.2,-919.671,-591.16,52.6029,133398,-5298.25,102.614,88.6462
0.299168,0,-239.597,8.96006,2.96981,72033.8,-918.949,-591.169,52.597,133408,-5296.91,102.561,88.6473
0.299178,0,-239.597,8.95766,2.9699,71996.4,-918.228,-591.179,52.5911,133419,-5295.58,102.508,88.6483
0.299188,0,-239.597,8.95526,2.96999,71959.1,-917.507,-591.188,52.5852,133430,-5294.24,102.455,88.6493
0.299198,0,-239.597,8.95286,2.97008,71921.7,-916.787,-591.197,52.5793,133441,-5292.9,102.402,88.6503
0.299208,0,-239.597,8.95046,2.97017,71884.3,-916.067,-591.206,52.5733,133452,-5291.57,102.349,88.6514
0.299218,0,-239.597,8.94806,2.97026,71847,-915.347,-591.215,52.5674,133463,-5290.23,102.296,88.6524
0.299228,0,-239.597,8.94566,2.97035,71809.6,-914.628,-591.225,52.5615,133474,-5288.89,102.243,88.6534
0.299238,0,-239.597,8.94326,2.97044,71772.3,-913.91,-591.234,52.5556,133484,-5287.56,102.19,88.6544
0.299248,0,-239.597,8.94086,2.97053,71735,-913.191,-591.243,52.5497,133495,-5286.22,102.137,88.6554
0.299259,0,-239.597,8.93846,2.97062,71697.7,-912.473,-591.252,52.5438,133506,-5284.88,102.084,88.6565
0.299269,0,-239.597,8.93606,2.97071,71660.4,-911.754,-591.261,52.5379,133517,-5283.55,102.031,88.6575
0.299279,0,-239.597,8.93366,2.9708,71623.1,-911.037,-591.27,52.532,133528,-5282.21,101.978,88.6585
0.299289,0,-239.597,8.93126,2.97089,71585.8,-910.321,-591.279,52.526,133538,-5280.87,101.925,88.6595
0.299299,0,-239.597,8.92887,2.97098,71548.5,-909.604,-591.288,52.5201,133549,-5279.54,101.872,88.6606
0.299309,0,-239.597,8.92647,2.97107,71511.2,-908.888,-591.298,52.5142,133560,-5278.2,101.819,88.6616
0.299319,0,-239.597,8.92407,2.97116,71474,-908.172,-591.307,52.5083,133571,-5276.86,101.767,88.6626
0.299329,0,-239.597,8.92167,2.97125,71436.7,-907.456,-591.316,52.5024,133581,-5275.52,101.714,88.6636
0.299339,0,-239.597,8.91927,2.97134,71399.5,-906.741,-591.325,52.4965,133592,-5274.19,101.661,88.6646
0.299349,0,-239.597,8.91687,2.97143,71362.3,-906.026,-591.334,52.4906,133603,-5272.85,101.608,88.6656
0.299359,0,-239.597,8.91447,2.97152,71325,-905.311,-591.343,52.4846,133614,-5271.51,101.555,88.6666
0.299369,0,-239.597,8.91207,2.9716,71287.8,-904.597,-591.352,52.4787,133624,-5270.17,101.502,88.6677
0.299379,0,-239.597,8.90967,2.97169,71250.6,-903.884,-591.361,52.4728,133635,-5268.83,101.45,88.6687
0.299389,0,-239.597,8.90727,2.97178,71213.4,-903.171,-591.37,52.4669,133646,-5267.5,101.397,88.6697
0.299399,0,-239.597,8.90487,2.97187,71176.2,-902.458,-591.379,52.461,133656,-5266.16,101.344,88.6707
0.299409,0,-239.597,8.90247,2.97196,71139,-901.746,-591.388,52.4551,133667,-5264.82,101.292,88.6717
0.299419,0,-239.597,8.90007,2.97205,71101.9,-901.033,-591.397,52.4492,133678,-5263.48,101.239,88.6727
0.299429,0,-239.597,8.89768,2.97214,71064.7,-900.321,-591.406,52.4433,133688,-5262.14,101.186,88.6737
0.299439,0,-239.597,8.89528,2.97223,71027.5,-899.609,-591.415,52.4373,133699,-5260.8,101.133,88.6748
0.299449,0,-239.597,8.89288,2.97232,70990.4,-898.899,-591.424,52.4314,133710,-5259.46,101.081,88.6758
0.299459,0,-239.597,8.89048,2.97241,70953.3,-898.189,-591.433,52.4255,133720,-5258.12,101.028,88.6768
0.299469,0,-239.597,8.88808,2.9725,70916.1,-897.478,-591.442,52.4196,133731,-5256.79,100.975,88.6778
0.299479,0,-239.597,8.88568,2.97258,70879,-896.768,-591.451,52.4137,133741,-5255.45,100.923,88.6788
0.299489,0,-239.597,8.88328,2.97267,70841.9,-896.059,-591.46,52.4078,133752,-5254.11,100.87,88.6798
0.299499,0,-239.597,8.88088,2.97276,70804.8,-895.349,-591.469,52.4019,133763,-5252.77,100.818,88.6808
0.299509,0,-239.597,8.87848,2.97285,70767.7,-894.641,-591.478,52.396,133773,-5251.43,100.765,88.6818
0.299519,0,-239.597,8.87608,2.97294,70730.6,-893.932,-591.487,52.39,133784,-5250.09,100.712,88.6828
0.299529,0,-239.597,8.87368,2.97303,70693.5,-893.224,-591.496,52.3841,133794,-5248.75,100.66,88.6838
0.299539,0,-239.597,8.87128,2.97312,70656.5,-892.517,-591.505,52.3782,133805,-5247.41,100.607,88.6848
0.299549,0,-239.597,8.86889,2.97321,70619.4,-891.809,-591.514,52.3723,133815,-5246.07,100.555,88.6858
0.299559,0,-239.597,8.86649,2.9733,70582.3,-891.101,-591.523,52.3664,133826,-5244.73,100.502,88.6869
0.299569,0,-239.597,8.86409,2.97338,70545.3,-890.395,-591.532,52.3605,133837,-5243.39,100.45,88.6879
0.299579,0,-239.597,8.86169,2.97347,70508.2,-889.689,-591.541,52.3545,133847,-5242.05,100.397,88.6889
0.299589,0,-239.597,8.85929,2.97356,70471.2,-888.983,-591.55,52.3486,133858,-5240.71,100.345,88.6899
0.299599,0,-239.597,8.85689,2.97365,70434.2,-888.278,-591.558,52.3427,133868,-5239.37,100.292,88.6909
0.299609,0,-239.597,8.85449,2.97374,70397.2,-887.573,-591.567,52.3368,133879,-5238.03,100.24,88.6919
0.299619,0,-239.597,8.85209,2.97383,70360.2,-886.868,-591.576,52.3309,133889,-5236.69,100.187,88.6929
0.299629,0,-239.597,8.84969,2.97392,70323.2,-886.163,-591.585,52.325,133900,-5235.35,100.135,88.6939
0.299639,0,-239.597,8.84729,2.97401,70286.2,-885.459,-591.594,52.319,133910,-5234.01,100.082,88.6949
0.299649,0,-239.597,8.84489,2.97409,70249.2,-884.756,-591.603,52.3131,133921,-5232.66,100.03,88.6959
0.299659,0,-239.597,8.84249,2.97418,70212.3,-884.053,-591.612,52.3072,133931,-5231.32,99.9778,88.6969
0.299669,0,-239.597,8.84009,2.97427,70175.3,-883.349,-591.621,52.3013,133941,-5229.98,99.9253,88.6979
0.299679,0,-239.597,8.8377,2.97436,70138.4,-882.647,-591.629,52.2954,133952,-5228.64,99.873,88.6989
0.299689,0,-239.597,8.8353,2.97445,70101.4,-881.945,-591.638,52.2895,133962,-5227.3,99.8206,88.6999
0.299699,0,-239.597,8.8329,2.97454,70064.5,-881.243,-591.647,52.2835,133973,-5225.96,99.7683,88.7009
0.299709,0,-239.597,8.8305,2.97462,70027.6,-880.542,-591.656,52.2776,133983,-5224.62,99.716,88.7019
0.299719,0,-239.597,8.8281,2.97471,69990.7,-879.84,-591.665,52.2717,133994,-5223.27,99.6636,88.7029
0.299729,0,-239.597,8.8257,2.9748,69953.8,-879.139,-591.674,52.2658,134004,-5221.93,99.6113,88.7039
0.299739,0,-239.597,8.8233,2.97489,69916.9,-878.44,-591.682,52.2599,134014,-5220.59,99.5591,88.7049
0.299749,0,-239.597,8.8209,2.97498,69880,-877.739,-591.691,52.254,134025,-5219.25,99.5068,88.7059
0.299759,0,-239.597,8.8185,2.97507,69843.1,-877.04,-591.7,52.248,134035,-5217.91,99.4546,88.7068
0.299769,0,-239.597,8.8161,2.97515,69806.2,-876.34,-591.709,52.2421,134046,-5216.56,99.4022,88.7078
0.299779,0,-239.597,8.8137,2.97524,69769.4,-875.642,-591.717,52.2362,134056,-5215.22,99.3501,88.7088
0.299789,0,-239.597,8.8113,2.97533,69732.5,-874.943,-591.726,52.2303,134066,-5213.88,99.2978,88.7098
0.299799,0,-239.597,8.8089,2.97542,69695.7,-874.245,-591.735,52.2244,134077,-5212.54,99.2457,88.7108
0.299809,0,-239.597,8.80651,2.97551,69658.8,-873.548,-591.744,52.2185,134087,-5211.19,99.1935,88.7118
0.299819,0,-239.597,8.80411,2.9756,69622,-872.85,-591.753,52.2125,134097,-5209.85,99.1413,88.7128
0.299829,0,-239.597,8.80171,2.97568,69585.2,-872.154,-591.761,52.2066,134108,-5208.51,99.0892,88.7138
0.299839,0,-239.597,8.79931,2.97577,69548.4,-871.457,-591.77,52.2007,134118,-5207.17,99.037,88.7148
0.299849,0,-239.597,8.79691,2.97586,69511.6,-870.761,-591.779,52.1948,134128,-5205.82,98.9849,88.7158
0.299859,0,-239.597,8.79451,2.97595,69474.8,-870.065,-591.787,52.1889,134139,-5204.48,98.9327,88.7168
0.299869,0,-239.597,8.79211,2.97604,69438,-869.37,-591.796,52.183,134149,-5203.14,98.8807,88.7178
0.299879,0,-239.597,8.78971,2.97612,69401.3,-868.675,-591.805,52.177,134159,-5201.79,98.8286,88.7188
0.299889,0,-239.597,8.78731,2.97621,69364.5,-867.979,-591.813,52.1711,134169,-5200.45,98.7764,88.7197
0.299899,0,-239.597,8.78491,2.9763,69327.7,-867.286,-591.822,52.1652,134180,-5199.11,98.7245,88.7207
0.299909,0,-239.597,8.78251,2.97639,69291,-866.59,-591.831,52.1593,134190,-5197.76,98.6723,88.7217
0.299919,0,-239.597,8.78011,2.97648,69254.3,-865.898,-591.84,52.1534,134200,-5196.42,98.6203,88.7227
0.299929,0,-239.597,8.77771,2.97656,69217.5,-865.204,-591.848,52.1475,134210,-5195.07,98.5683,88.7237
0.299939,0,-239.597,8.77532,2.97665,69180.8,-864.511,-591.857,52.1415,134221,-5193.73,98.5162,88.7247
0.299949,0,-239.597,8.77292,2.97674,69144.1,-863.819,-591.865,52.1356,134231,-5192.39,98.4643,88.7256
0.299959,0,-239.597,8.77052,2.97683,69107.4,-863.126,-591.874,52.1297,134241,-5191.04,98.4122,88.7266
0.299969,0,-239.597,8.76812,2.97692,69070.7,-862.434,-591.883,52.1238,134251,-5189.7,98.3603,88.7276
0.299979,0,-239.597,8.76572,2.977,69034,-861.743,-591.891,52.1179,134261,-5188.35,98.3083,88.7286
0.299989,0,-239.597,8.76332,2.97709,68997.3,-861.052,-591.9,52.1119,134272,-5187.01,98.2564,88.7296
0.3,0,-239.597,8.76092,2.97718,68960.7,-860.361,-591.909,52.106,134282,-5185.67,98.2045,88.7306
0.30001,0,-239.597,8.75852,2.97727,68924,-859.671,-591.917,52.1001,134292,-5184.32,98.1525,88.7316
0.30002,0,-239.597,8.75612,2.97735,68887.3,-858.981,-591.926,52.0942,134302,-5182.98,98.1006,88.7325
0.30003,0,-239.597,8.75372,2.97744,68850.7,-858.291,-591.935,52.0883,134312,-5181.63,98.0487,88.7335
0.30004,0,-239.597,8.75132,2.97753,68814.1,-857.602,-591.943,52.0823,134322,-5180.29,97.9969,88.7345
0.30005,0,-239.597,8.74892,2.97762,68777.4,-856.913,-591.952,52.0764,134333,-5178.94,97.9449,88.7355
0.30006,0,-239.597,8.74652,2.9777,68740.8,-856.225,-591.96,52.0705,134343,-5177.6,97.8931,88.7365
0.30007,0,-239.597,8.74413,2.97779,68704.2,-855.537,-591.969,52.0646,134353,-5176.25,97.8413,88.7374
0.30008,0,-239.597,8.74173,2.97788,68667.6,-854.848,-591.977,52.0587,134363,-5174.9,97.7894,88.7384
0.30009,0,-239.597,8.73933,2.97797,68631,-854.161,-591.986,52.0527,134373,-5173.56,97.7376,88.7394
0.3001,0,-239.597,8.73693,2.97806,68594.5,-853.474,-591.995,52.0468,134383,-5172.21,97.6858,88.7404
0.30011,0,-239.597,8.73453,2.97814,68557.9,-852.787,-592.003,52.0409,134393,-5170.87,97.634,88.7413
0.30012,0,-239.597,8.73213,2.97823,68521.3,-852.102,-592.012,52.035,134403,-5169.52,97.5823,88.7423
0.30013,0,-239.597,8.72973,2.97832,68484.8,-851.415,-592.02,52.029,134413,-5168.18,97.5305,88.7433
0.30014,0,-239.597,8.72733,2.9784,68448.2,-850.729,-592.029,52.0231,134424,-5166.83,97.4787,88.7443
0.30015,0,-239.597,8.72493,2.97849,68411.7,-850.045,-592.037,52.0172,134434,-5165.48,97.4271,88.7452
0.30016,0,-239.597,8.72253,2.97858,68375.2,-849.359,-592.046,52.0113,134444,-5164.14,97.3753,88.7462
0.30017,0,-239.597,8.72013,2.97867,68338.7,-848.675,-592.054,52.0054,134454,-5162.79,97.3236,88.7472
0.30018,0,-239.597,8.71773,2.97875,68302.1,-847.991,-592.063,51.9994,134464,-5161.44,97.2719,88.7482
0.30019,0,-239.597,8.71533,2.97884,68265.7,-847.307,-592.071,51.9935,134474,-5160.1,97.2203,88.7491
0.3002,0,-239.597,8.71294,2.97893,68229.2,-846.624,-592.08,51.9876,134484,-5158.75,97.1686,88.7501
0.30021,0,-239.597,8.71054,2.97902,68192.7,-845.941,-592.088,51.9817,134494,-5157.41,97.117,88.7511
0.30022,0,-239.597,8.70814,2.9791,68156.2,-845.258,-592.097,51.9758,134504,-5156.06,97.0653,88.752
0.30023,0,-239.597,8.70574,2.97919,68119.7,-844.575,-592.105,51.9698,134514,-5154.71,97.0136,88.753
0.30024,0,-239.597,8.70334,2.97928,68083.3,-843.894,-592.113,51.9639,134524,-5153.36,96.9621,88.754
0.30025,0,-239.597,8.70094,2.97936,68046.8,-843.212,-592.122,51.958,134534,-5152.02,96.9104,88.755
0.30026,0,-239.597,8.69854,2.97945,68010.4,-842.531,-592.13,51.9521,134544,-5150.67,96.8589,88.7559
0.30027,0,-239.597,8.69614,2.97954,67973.9,-841.849,-592.139,51.9462,134554,-5149.32,96.8072,88.7569
0.30028,0,-239.597,8.69374,2.97963,67937.5,-841.169,-592.147,51.9402,134564,-5147.98,96.7557,88.7579
0.30029,0,-239.597,8.69134,2.97971,67901.1,-840.489,-592.156,51.9343,134574,-5146.63,96.7042,88.7588
0.3003,0,-239.597,8.68894,2.9798,67864.7,-839.809,-592.164,51.9284,134584,-5145.28,96.6526,88.7598
0.30031,0,-239.597,8.68654,2.97989,67828.3,-839.13,-592.172,51.9225,134593,-5143.93,96.6011,88.7608
0.30032,0,-239.597,8.68414,2.97997,67791.9,-838.452,-592.181,51.9166,134603,-5142.58,96.5497,88.7617
0.30033,0,-239.597,8.68175,2.98006,67755.6,-837.773,-592.189,51.9106,134613,-5141.24,96.4982,88.7627
0.30034,0,-239.597,8.67935,2.98015,67719.2,-837.094,-592.198,51.9047,134623,-5139.89,96.4466,88.7637
0.30035,0,-239.597,8.67695,2.98023,67682.8,-836.417,-592.206,51.8988,134633,-5138.54,96.3952,88.7646
0.30036,0,-239.597,8.67455,2.98032,67646.5,-835.739,-592.214,51.8929,134643,-5137.19,96.3438,88.7656
0.30037,0,-239.597,8.67215,2.98041,67610.1,-835.061,-592.223,51.887,134653,-5135.84,96.2923,88.7665
0.30038,0,-239.597,8.66975,2.9805,67573.8,-834.385,-592.231,51.881,134663,-5134.5,96.2409,88.7675
0.30039,0,-239.597,8.66735,2.98058,67537.5,-833.708,-592.24,51.8751,134673,-5133.15,96.1895,88.7685
0.3004,0,-239.597,8.66495,2.98067,67501.2,-833.032,-592.248,51.8692,134682,-5131.8,96.1381,88.7694
0.30041,0,-239.597,8.66255,2.98076,67464.9,-832.356,-592.256,51.8633,134692,-5130.45,96.0867,88.7704
0.30042,0,-239.597,8.66015,2.98084,67428.6,-831.682,-592.264,51.8573,134702,-5129.1,96.0355,88.7714
0.30043,0,-239.597,8.65775,2.98093,67392.3,-831.006,-592.273,51.8514,134712,-5127.75,95.9841,88.7723
0.30044,0,-239.597,8.65535,2.98102,67356,-830.331,-592.281,51.8455,134722,-5126.4,95.9327,88.7733
0.30045,0,-239.597,8.65296,2.9811,67319.7,-829.658,-592.289,51.8396,134732,-5125.05,95.8814,88.7742
0.30046,0,-239.597,8.65056,2.98119,67283.5,-828.983,-592.298,51.8336,134741,-5123.71,95.83,88.7752
0.30047,0,-239.597,8.64816,2.98128,67247.2,-828.31,-592.306,51.8277,134751,-5122.36,95.7787,88.7762
0.30048,0,-239.597,8.64576,2.98136,67211,-827.637,-592.314,51.8218,134761,-5121.01,95.7275,88.7771
0.30049,0,-239.597,8.64336,2.98145,67174.7,-826.964,-592.323,51.8159,134771,-5119.66,95.6762,88.7781
0.3005,0,-239.597,8.64096,2.98154,67138.5,-826.291,-592.331,51.8099,134781,-5118.31,95.625,88.779
0.30051,0,-239.597,8.63856,2.98162,67102.3,-825.619,-592.339,51.804,134790,-5116.96,95.5737,88.78
0.30052,0,-239.597,8.63616,2.98171,67066.1,-824.947,-592.347,51.7981,134800,-5115.61,95.5224,88.7809
0.30053,0,-239.597,8.63376,2.98179,67029.9,-824.275,-592.356,51.7922,134810,-5114.26,95.4712,88.7819
0.30054,0,-239.597,8.63136,2.98188,66993.7,-823.605,-592.364,51.7863,134820,-5112.91,95.42,88.7828
0.30055,0,-239.597,8.62896,2.98197,66957.5,-822.935,-592.372,51.7803,134829,-5111.56,95.3689,88.7838
0.30056,0,-239.597,8.62656,2.98205,66921.3,-822.264,-592.38,51.7744,134839,-5110.21,95.3176,88.7848
0.30057,0,-239.597,8.62416,2.98214,66885.2,-821.594,-592.389,51.7685,134849,-5108.86,95.2665,88.7857
0.30058,0,-239.597,8.62177,2.98223,66849,-820.925,-592.397,51.7626,134859,-5107.51,95.2154,88.7867
0.30059,0,-239.597,8.61937,2.98231,66812.8,-820.254,-592.405,51.7566,134868,-5106.16,95.1641,88.7876
0.3006,0,-239.597,8.61697,2.9824,66776.7,-819.587,-592.413,51.7507,134878,-5104.81,95.1131,88.7886
0.30061,0,-239.597,8.61457,2.98249,66740.6,-818.918,-592.421,51.7448,134888,-5103.45,95.062,88.7895
0.30062,0,-239.597,8.61217,2.98257,66704.5,-818.25,-592.43,51.7389,134897,-5102.1,95.0109,88.7905
0.30063,0,-239.597,8.60977,2.98266,66668.4,-817.581,-592.438,51.7329,134907,-5100.75,94.9597,88.7914
0.30064,0,-239.597,8.60737,2.98274,66632.3,-816.915,-592.446,51.727,134917,-5099.4,94.9088,88.7924
0.30065,0,-239.597,8.60497,2.98283,66596.2,-816.247,-592.454,51.7211,134926,-5098.05,94.8576,88.7933
0.30066,0,-239.597,8.60257,2.98292,66560.1,-815.581,-592.462,51.7152,134936,-5096.7,94.8066,88.7943
0.30067,0,-239.597,8.60017,2.983,66524,-814.915,-592.471,51.7092,134946,-5095.35,94.7556,88.7952
0.30068,0,-239.597,8.59777,2.98309,66488,-814.249,-592.479,51.7033,134955,-5094,94.7046,88.7962
0.30069,0,-239.597,8.59537,2.98317,66451.9,-813.583,-592.487,51.6974,134965,-5092.65,94.6536,88.7971
0.3007,0,-239.597,8.59297,2.98326,66415.8,-812.917,-592.495,51.6915,134975,-5091.29,94.6025,88.798
0.30071,0,-239.597,8.59058,2.98335,66379.8,-812.253,-592.503,51.6855,134984,-5089.94,94.5517,88.799
0.30072,0,-239.597,8.58818,2.98343,66343.8,-811.588,-592.511,51.6796,134994,-5088.59,94.5006,88.7999
0.30073,0,-239.597,8.58578,2.98352,66307.7,-810.924,-592.519,51.6737,135003,-5087.24,94.4497,88.8009
0.300741,0,-239.597,8.58338,2.9836,66271.7,-810.261,-592.528,51.6678,135013,-5085.89,94.3988,88.8018
0.300751,0,-239.597,8.58098,2.98369,66235.7,-809.596,-592.536,51.6618,135022,-5084.54,94.3478,88.8028
0.300761,0,-239.597,8.57858,2.98378,66199.7,-808.934,-592.544,51.6559,135032,-5083.18,94.2969,88.8037
0.300771,0,-239.597,8.57618,2.98386,66163.8,-808.271,-592.552,51.65,135042,-5081.83,94.2461,88.8047
0.300781,0,-239.597,8.57378,2.98395,66127.8,-807.608,-592.56,51.6441,135051,-5080.48,94.1951,88.8056
0.300791,0,-239.597,8.57138,2.98403,66091.8,-806.946,-592.568,51.6381,135061,-5079.13,94.1442,88.8065
0.300801,0,-239.597,8.56898,2.98412,66055.8,-806.284,-592.576,51.6322,135070,-5077.77,94.0934,88.8075
0.300811,0,-239.597,8.56658,2.98421,66019.9,-805.624,-592.584,51.6263,135080,-5076.42,94.0426,88.8084
0.300821,0,-239.597,8.56418,2.98429,65984,-804.963,-592.592,51.6204,135089,-5075.07,93.9918,88.8094
0.300831,0,-239.597,8.56178,2.98438,65948,-804.302,-592.6,51.6144,135099,-5073.72,93.9409,88.8103
0.300841,0,-239.597,8.55939,2.98446,65912.1,-803.642,-592.608,51.6085,135108,-5072.36,93.8902,88.8112
0.300851,0,-239.597,8.55699,2.98455,65876.2,-802.982,-592.616,51.6026,135118,-5071.01,93.8393,88.8122
0.300861,0,-239.597,8.55459,2.98463,65840.3,-802.323,-592.624,51.5967,135127,-5069.66,93.7886,88.8131
0.300871,0,-239.597,8.55219,2.98472,65804.4,-801.664,-592.632,51.5907,135137,-5068.3,93.7379,88.814
0.300881,0,-239.597,8.54979,2.98481,65768.5,-801.005,-592.64,51.5848,135146,-5066.95,93.6872,88.815
0.300891,0,-239.597,8.54739,2.98489,65732.6,-800.347,-592.648,51.5789,135156,-5065.6,93.6364,88.8159
0.300901,0,-239.597,8.54499,2.98498,65696.8,-799.689,-592.656,51.573,135165,-5064.24,93.5857,88.8169
0.300911,0,-239.597,8.54259,2.98506,65660.9,-799.031,-592.664,51.567,135175,-5062.89,93.535,88.8178
0.300921,0,-239.597,8.54019,2.98515,65625,-798.373,-592.672,51.5611,135184,-5061.54,93.4842,88.8187
0.300931,0,-239.597,8.53779,2.98523,65589.2,-797.716,-592.68,51.5552,135194,-5060.18,93.4335,88.8197
0.300941,0,-239.597,8.53539,2.98532,65553.4,-797.06,-592.688,51.5492,135203,-5058.83,93.3829,88.8206
0.300951,0,-239.597,8.53299,2.9854,65517.5,-796.403,-592.696,51.5433,135212,-5057.48,93.3322,88.8215
0.300961,0,-239.597,8.53059,2.98549,65481.7,-795.748,-592.704,51.5374,135222,-5056.12,93.2816,88.8225
0.300971,0,-239.597,8.5282,2.98558,65445.9,-795.092,-592.712,51.5315,135231,-5054.77,93.231,88.8234
0.300981,0,-239.597,8.5258,2.98566,65410.1,-794.437,-592.72,51.5255,135241,-5053.41,93.1804,88.8243
0.300991,0,-239.597,8.5234,2.98575,65374.3,-793.783,-592.728,51.5196,135250,-5052.06,93.1298,88.8253
0.301001,0,-239.597,8.521,2.98583,65338.5,-793.128,-592.736,51.5137,135259,-5050.7,93.0793,88.8262
0.301011,0,-239.597,8.5186,2.98592,65302.8,-792.474,-592.744,51.5078,135269,-5049.35,93.0287,88.8271
0.301021,0,-239.597,8.5162,2.986,65267,-791.82,-592.752,51.5018,135278,-5048,92.9781,88.828
0.301031,0,-239.597,8.5138,2.98609,65231.2,-791.167,-592.76,51.4959,135288,-5046.64,92.9276,88.829
0.301041,0,-239.597,8.5114,2.98617,65195.5,-790.514,-592.768,51.49,135297,-5045.29,92.877,88.8299
0.301051,0,-239.597,8.509,2.98626,65159.7,-789.86,-592.776,51.484,135306,-5043.93,92.8264,88.8308
0.301061,0,-239.597,8.5066,2.98634,65124,-789.208,-592.784,51.4781,135316,-5042.58,92.776,88.8318
0.301071,0,-239.597,8.5042,2.98643,65088.3,-788.557,-592.792,51.4722,135325,-5041.22,92.7255,88.8327
0.301081,0,-239.597,8.5018,2.98651,65052.6,-787.905,-592.8,51.4663,135334,-5039.87,92.675,88.8336
0.301091,0,-239.597,8.4994,2.9866,65016.9,-787.254,-592.807,51.4603,135344,-5038.51,92.6246,88.8346
0.301101,0,-239.597,8.49701,2.98668,64981.2,-786.603,-592.815,51.4544,135353,-5037.15,92.5741,88.8355
0.301111,0,-239.597,8.49461,2.98677,64945.5,-785.952,-592.823,51.4485,135362,-5035.8,92.5237,88.8364
0.301121,0,-239.597,8.49221,2.98685,64909.8,-785.302,-592.831,51.4425,135371,-5034.44,92.4732,88.8373
0.301131,0,-239.597,8.48981,2.98694,64874.2,-784.653,-592.839,51.4366,135381,-5033.09,92.4229,88.8382
0.301141,0,-239.597,8.48741,2.98702,64838.5,-784.003,-592.847,51.4307,135390,-5031.73,92.3724,88.8392
0.301151,0,-239.597,8.48501,2.98711,64802.9,-783.354,-592.855,51.4248,135399,-5030.38,92.3221,88.8401
0.301161,0,-239.597,8.48261,2.98719,64767.3,-782.706,-592.862,51.4188,135409,-5029.02,92.2718,88.841
0.301171,0,-239.597,8.48021,2.98728,64731.6,-782.056,-592.87,51.4129,135418,-5027.67,92.2213,88.8419
0.301181,0,-239.597,8.47781,2.98736,64696,-781.409,-592.878,51.407,135427,-5026.31,92.171,88.8429
0.301191,0,-239.597,8.47541,2.98745,64660.4,-780.761,-592.886,51.401,135436,-5024.95,92.1207,88.8438
0.301201,0,-239.597,8.47301,2.98753,64624.8,-780.114,-592.894,51.3951,135446,-5023.6,92.0704,88.8447
0.301211,0,-239.597,8.47061,2.98762,64589.2,-779.466,-592.902,51.3892,135455,-5022.24,92.0201,88.8456
0.301221,0,-239.597,8.46821,2.9877,64553.6,-778.821,-592.909,51.3833,135464,-5020.88,91.9699,88.8466
0.301231,0,-239.597,8.46582,2.98779,64518,-778.174,-592.917,51.3773,135473,-5019.53,91.9195,88.8475
0.301241,0,-239.597,8.46342,2.98787,64482.5,-777.529,-592.925,51.3714,135482,-5018.17,91.8694,88.8484
0.301251,0,-239.597,8.46102,2.98796,64446.9,-776.883,-592.933,51.3655,135492,-5016.81,91.819,88.8493
0.301261,0,-239.597,8.45862,2.98804,64411.4,-776.238,-592.941,51.3596,135501,-5015.46,91.7689,88.8502
0.301271,0,-239.597,8.45622,2.98813,64375.8,-775.593,-592.948,51.3536,135510,-5014.1,91.7187,88.8511
0.301281,0,-239.597,8.45382,2.98821,64340.3,-774.949,-592.956,51.3477,135519,-5012.74,91.6685,88.8521
0.301291,0,-239.597,8.45142,2.9883,64304.8,-774.304,-592.964,51.3418,135528,-5011.39,91.6182,88.853
0.301301,0,-239.597,8.44902,2.98838,64269.3,-773.661,-592.972,51.3358,135537,-5010.03,91.5681,88.8539
0.301311,0,-239.597,8.44662,2.98847,64233.8,-773.017,-592.979,51.3299,135547,-5008.67,91.5179,88.8548
0.301321,0,-239.597,8.44422,2.98855,64198.3,-772.374,-592.987,51.324,135556,-5007.32,91.4677,88.8557
0.301331,0,-239.597,8.44182,2.98863,64162.8,-771.732,-592.995,51.3181,135565,-5005.96,91.4177,88.8566
0.301341,0,-239.597,8.43942,2.98872,64127.3,-771.089,-593.003,51.3121,135574,-5004.6,91.3675,88.8576
0.301351,0,-239.597,8.43703,2.9888,64091.8,-770.446,-593.01,51.3062,135583,-5003.24,91.3173,88.8585
0.301361,0,-239.597,8.43463,2.98889,64056.4,-769.805,-593.018,51.3003,135592,-5001.88,91.2673,88.8594
0.301371,0,-239.597,8.43223,2.98897,64020.9,-769.164,-593.026,51.2943,135601,-5000.53,91.2172,88.8603
0.301381,0,-239.597,8.42983,2.98906,63985.5,-768.523,-593.033,51.2884,135610,-4999.17,91.1671,88.8612
0.301391,0,-239.597,8.42743,2.98914,63950.1,-767.883,-593.041,51.2825,135619,-4997.81,91.1171,88.8621
0.301401,0,-239.597,8.42503,2.98923,63914.6,-767.242,-593.049,51.2765,135628,-4996.45,91.067,88.863
0.301411,0,-239.597,8.42263,2.98931,63879.2,-766.602,-593.056,51.2706,135638,-4995.09,91.017,88.8639
0.301421,0,-239.597,8.42023,2.98939,63843.8,-765.964,-593.064,51.2647,135647,-4993.74,90.9671,88.8648
0.301431,0,-239.597,8.41783,2.98948,63808.4,-765.324,-593.072,51.2587,135656,-4992.38,90.917,88.8658
0.301441,0,-239.597,8.41543,2.98956,63773,-764.686,-593.079,51.2528,135665,-4991.02,90.8671,88.8667
0.301451,0,-239.597,8.41303,2.98965,63737.7,-764.047,-593.087,51.2469,135674,-4989.66,90.817,88.8676
0.301461,0,-239.597,8.41063,2.98973,63702.3,-763.409,-593.095,51.2409,135683,-4988.3,90.7671,88.8685
0.301472,0,-239.597,8.40823,2.98982,63666.9,-762.772,-593.102,51.235,135692,-4986.94,90.7172,88.8694
0.301482,0,-239.597,8.40584,2.9899,63631.6,-762.133,-593.11,51.2291,135701,-4985.58,90.6672,88.8703
0.301492,0,-239.597,8.40344,2.98998,63596.3,-761.497,-593.118,51.2231,135710,-4984.23,90.6174,88.8712
0.301502,0,-239.597,8.40104,2.99007,63560.9,-760.861,-593.125,51.2172,135719,-4982.87,90.5675,88.8721
0.301512,0,-239.597,8.39864,2.99015,63525.6,-760.224,-593.133,51.2113,135728,-4981.51,90.5175,88.873
0.301522,0,-239.597,8.39624,2.99024,63490.3,-759.588,-593.14,51.2053,135737,-4980.15,90.4676,88.8739
0.301532,0,-239.597,8.39384,2.99032,63454.9,-758.952,-593.148,51.1994,135746,-4978.79,90.4177,88.8748
0.301542,0,-239.597,8.39144,2.9904,63419.7,-758.317,-593.156,51.1935,135755,-4977.43,90.3679,88.8757
0.301552,0,-239.597,8.38904,2.99049,63384.4,-757.683,-593.163,51.1876,135764,-4976.07,90.3181,88.8766
0.301562,0,-239.597,8.38664,2.99057,63349.1,-757.047,-593.171,51.1816,135773,-4974.71,90.2682,88.8775
0.301572,0,-239.597,8.38424,2.99066,63313.8,-756.413,-593.178,51.1757,135782,-4973.35,90.2184,88.8784
0.301582,0,-239.597,8.38184,2.99074,63278.6,-755.78,-593.186,51.1698,135791,-4971.99,90.1687,88.8793
0.301592,0,-239.597,8.37944,2.99082,63243.3,-755.146,-593.194,51.1638,135800,-4970.63,90.1189,88.8802
0.301602,0,-239.597,8.37704,2.99091,63208.1,-754.513,-593.201,51.1579,135808,-4969.27,90.0691,88.8811
0.301612,0,-239.597,8.37465,2.99099,63172.8,-753.88,-593.209,51.152,135817,-4967.91,90.0193,88.882
0.301622,0,-239.597,8.37225,2.99108,63137.6,-753.248,-593.216,51.146,135826,-4966.55,89.9697,88.8829
0.301632,0,-239.597,8.36985,2.99116,63102.4,-752.616,-593.224,51.1401,135835,-4965.19,89.9199,88.8838
0.301642,0,-239.597,8.36745,2.99124,63067.2,-751.985,-593.231,51.1342,135844,-4963.83,89.8702,88.8847
0.301652,0,-239.597,8.36505,2.99133,63032,-751.352,-593.239,51.1282,135853,-4962.47,89.8204,88.8856
0.301662,0,-239.597,8.36265,2.99141,62996.8,-750.722,-593.246,51.1223,135862,-4961.11,89.7708,88.8865
0.301672,0,-239.597,8.36025,2.99149,62961.7,-750.091,-593.254,51.1164,135871,-4959.75,89.7212,88.8874
0.301682,0,-239.597,8.35785,2.99158,62926.5,-749.461,-593.261,51.1104,135880,-4958.39,89.6715,88.8883
0.301692,0,-239.597,8.35545,2.99166,62891.3,-748.831,-593.269,51.1045,135888,-4957.03,89.6219,88.8892
0.301702,0,-239.597,8.35305,2.99175,62856.2,-748.201,-593.276,51.0986,135897,-4955.67,89.5722,88.8901
0.301712,0,-239.597,8.35065,2.99183,62821,-747.572,-593.284,51.0926,135906,-4954.31,89.5226,88.891
0.301722,0,-239.597,8.34825,2.99191,62785.9,-746.943,-593.291,51.0867,135915,-4952.95,89.4729,88.8919
0.301732,0,-239.597,8.34585,2.992,62750.8,-746.315,-593.299,51.0808,135924,-4951.59,89.4234,88.8928
0.301742,0,-239.597,8.34346,2.99208,62715.7,-745.686,-593.306,51.0748,135933,-4950.23,89.3738,88.8937
0.301752,0,-239.597,8.34106,2.99216,62680.6,-745.059,-593.314,51.0689,135941,-4948.86,89.3242,88.8946
0.301762,0,-239.597,8.33866,2.99225,62645.5,-744.431,-593.321,51.063,135950,-4947.5,89.2747,88.8955
0.301772,0,-239.597,8.33626,2.99233,62610.3,-743.803,-593.329,51.0571,135959,-4946.14,89.2251,88.8964
0.301782,0,-239.597,8.33386,2.99241,62575.3,-743.177,-593.336,51.0511,135968,-4944.78,89.1756,88.8973
0.301792,0,-239.597,8.33146,2.9925,62540.2,-742.55,-593.344,51.0452,135977,-4943.42,89.1261,88.8982
0.301802,0,-239.597,8.32906,2.99258,62505.2,-741.925,-593.351,51.0393,135985,-4942.06,89.0767,88.8991
0.301812,0,-239.597,8.32666,2.99266,62470.1,-741.299,-593.358,51.0333,135994,-4940.69,89.0272,88.8999
0.301822,0,-239.597,8.32426,2.99275,62435.1,-740.673,-593.366,51.0274,136003,-4939.33,88.9777,88.9008
0.301832,0,-239.597,8.32186,2.99283,62400,-740.049,-593.373,51.0215,136012,-4937.97,88.9283,88.9017
0.301842,0,-239.597,8.31946,2.99291,62365,-739.424,-593.381,51.0155,136020,-4936.61,88.8788,88.9026
0.301852,0,-239.597,8.31706,2.993,62330,-738.8,-593.388,51.0096,136029,-4935.25,88.8294,88.9035
0.301862,0,-239.597,8.31466,2.99308,62295,-738.176,-593.395,51.0037,136038,-4933.88,88.78,88.9044
0.301872,0,-239.597,8.31227,2.99316,62260,-737.552,-593.403,50.9977,136047,-4932.52,88.7305,88.9053
0.301882,0,-239.597,8.30987,2.99325,62225,-736.928,-593.41,50.9918,136055,-4931.16,88.6811,88.9062
0.301892,0,-239.597,8.30747,2.99333,62190,-736.305,-593.418,50.9858,136064,-4929.8,88.6318,88.9071
0.301902,0,-239.597,8.30507,2.99341,62155.1,-735.684,-593.425,50.9799,136073,-4928.43,88.5825,88.9079
0.301912,0,-239.597,8.30267,2.9935,62120.1,-735.061,-593.432,50.974,136081,-4927.07,88.5331,88.9088
0.301922,0,-239.597,8.30027,2.99358,62085.1,-734.439,-593.44,50.968,136090,-4925.71,88.4838,88.9097
0.301932,0,-239.597,8.29787,2.99366,62050.2,-733.818,-593.447,50.9621,136099,-4924.35,88.4345,88.9106
0.301942,0,-239.597,8.29547,2.99375,62015.3,-733.196,-593.454,50.9562,136108,-4922.98,88.3851,88.9115
0.301952,0,-239.597,8.29307,2.99383,61980.3,-732.576,-593.462,50.9502,136116,-4921.62,88.3359,88.9124
0.301962,0,-239.597,8.29067,2.99391,61945.4,-731.955,-593.469,50.9443,136125,-4920.26,88.2865,88.9132
0.301972,0,-239.597,8.28827,2.994,61910.5,-731.335,-593.476,50.9384,136134,-4918.89,88.2373,88.9141
0.301982,0,-239.597,8.28587,2.99408,61875.6,-730.715,-593.484,50.9324,136142,-4917.53,88.188,88.915
0.301992,0,-239.597,8.28347,2.99416,61840.7,-730.096,-593.491,50.9265,136151,-4916.17,88.1388,88.9159
0.302002,0,-239.597,8.28108,2.99424,61805.8,-729.476,-593.498,50.9206,136159,-4914.8,88.0896,88.9168
0.302012,0,-239.597,8.27868,2.99433,61771,-728.859,-593.506,50.9146,136168,-4913.44,88.0405,88.9177
0.302022,0,-239.597,8.27628,2.99441,61736.1,-728.24,-593.513,50.9087,136177,-4912.08,87.9912,88.9185
0.302032,0,-239.597,8.27388,2.99449,61701.3,-727.621,-593.52,50.9027,136185,-4910.71,87.942,88.9194
0.302042,0,-239.597,8.27148,2.99458,61666.4,-727.004,-593.527,50.8968,136194,-4909.35,87.8929,88.9203
0.302052,0,-239.597,8.26908,2.99466,61631.6,-726.387,-593.535,50.8909,136202,-4907.99,87.8438,88.9212
0.302062,0,-239.597,8.26668,2.99474,61596.8,-725.769,-593.542,50.8849,136211,-4906.62,87.7945,88.922
0.302072,0,-239.597,8.26428,2.99482,61562,-725.153,-593.549,50.879,136220,-4905.26,87.7454,88.9229
0.302082,0,-239.597,8.26188,2.99491,61527.2,-724.537,-593.557,50.8731,136228,-4903.89,87.6963,88.9238
0.302092,0,-239.597,8.25948,2.99499,61492.4,-723.921,-593.564,50.8671,136237,-4902.53,87.6472,88.9247
0.302102,0,-239.597,8.25708,2.99507,61457.6,-723.306,-593.571,50.8612,136245,-4901.17,87.5982,88.9256
0.302112,0,-239.597,8.25468,2.99515,61422.8,-722.69,-593.578,50.8553,136254,-4899.8,87.5491,88.9264
0.302122,0,-239.597,8.25229,2.99524,61388,-722.075,-593.586,50.8493,136262,-4898.44,87.5,88.9273
0.302132,0,-239.597,8.24989,2.99532,61353.3,-721.461,-593.593,50.8434,136271,-4897.07,87.4511,88.9282
0.302142,0,-239.597,8.24749,2.9954,61318.5,-720.846,-593.6,50.8375,136279,-4895.71,87.402,88.9291
0.302152,0,-239.597,8.24509,2.99549,61283.8,-720.233,-593.607,50.8315,136288,-4894.34,87.353,88.9299
0.302162,0,-239.597,8.24269,2.99557,61249,-719.619,-593.614,50.8256,136296,-4892.98,87.3039,88.9308
0.302172,0,-239.597,8.24029,2.99565,61214.3,-719.006,-593.622,50.8196,136305,-4891.61,87.2549,88.9317
0.302182,0,-239.597,8.23789,2.99573,61179.6,-718.393,-593.629,50.8137,136313,-4890.25,87.2059,88.9325
0.302192,0,-239.597,8.23549,2.99582,61144.9,-717.78,-593.636,50.8078,136322,-4888.88,87.157,88.9334
0.302202,0,-239.597,8.23309,2.9959,61110.2,-717.168,-593.643,50.8018,136330,-4887.52,87.108,88.9343
0.302213,0,-239.597,8.23069,2.99598,61075.5,-716.557,-593.65,50.7959,136339,-4886.15,87.0592,88.9352
0.302223,0,-239.597,8.22829,2.99606,61040.8,-715.945,-593.658,50.79,136347,-4884.79,87.0102,88.936
0.302233,0,-239.597,8.22589,2.99614,61006.2,-715.335,-593.665,50.784,136356,-4883.42,86.9614,88.9369
0.302243,0,-239.597,8.22349,2.99623,60971.5,-714.724,-593.672,50.7781,136364,-4882.06,86.9124,88.9378
0.302253,0,-239.597,8.2211,2.99631,60936.9,-714.114,-593.679,50.7722,136373,-4880.69,86.8636,88.9386
0.302263,0,-239.597,8.2187,2.99639,60902.2,-713.504,-593.686,50.7662,136381,-4879.33,86.8147,88.9395
0.302273,0,-239.597,8.2163,2.99647,60867.6,-712.893,-593.693,50.7603,136390,-4877.96,86.7657,88.9404
0.302283,0,-239.597,8.2139,2.99656,60832.9,-712.284,-593.7,50.7544,136398,-4876.59,86.7169,88.9412
0.302293,0,-239.597,8.2115,2.99664,60798.3,-711.675,-593.708,50.7484,136406,-4875.23,86.6681,88.9421
0.302303,0,-239.597,8.2091,2.99672,60763.7,-711.067,-593.715,50.7425,136415,-4873.86,86.6194,88.943
0.302313,0,-239.597,8.2067,2.9968,60729.1,-710.459,-593.722,50.7365,136423,-4872.5,86.5705,88.9439
0.302323,0,-239.597,8.2043,2.99689,60694.5,-709.85,-593.729,50.7306,136432,-4871.13,86.5217,88.9447
0.302333,0,-239.597,8.2019,2.99697,60660,-709.243,-593.736,50.7247,136440,-4869.76,86.473,88.9456
0.302343,0,-239.597,8.1995,2.99705,60625.4,-708.635,-593.743,50.7187,136448,-4868.4,86.4242,88.9464
0.302353,0,-239.597,8.1971,2.99713,60590.8,-708.029,-593.75,50.7128,136457,-4867.03,86.3755,88.9473
0.302363,0,-239.597,8.1947,2.99721,60556.3,-707.422,-593.757,50.7069,136465,-4865.67,86.3268,88.9482
0.302373,0,-239.597,8.1923,2.9973,60521.8,-706.816,-593.764,50.7009,136474,-4864.3,86.2781,88.949
0.302383,0,-239.597,8.18991,2.99738,60487.2,-706.209,-593.771,50.695,136482,-4862.93,86.2292,88.9499
0.302393,0,-239.597,8.18751,2.99746,60452.7,-705.605,-593.779,50.6891,136490,-4861.57,86.1807,88.9508
0.302403,0,-239.597,8.18511,2.99754,60418.2,-705,-593.786,50.6831,136499,-4860.2,86.132,88.9516
0.302413,0,-239.597,8.18271,2.99762,60383.7,-704.394,-593.793,50.6772,136507,-4858.83,86.0833,88.9525
0.302423,0,-239.597,8.18031,2.99771,60349.2,-703.789,-593.8,50.6712,136515,-4857.46,86.0346,88.9533
0.302433,0,-239.597,8.17791,2.99779,60314.7,-703.186,-593.807,50.6653,136524,-4856.1,85.986,88.9542
0.302443,0,-239.597,8.17551,2.99787,60280.2,-702.581,-593.814,50.6594,136532,-4854.73,85.9373,88.9551
0.302453,0,-239.597,8.17311,2.99795,60245.8,-701.978,-593.821,50.6534,136540,-4853.36,85.8888,88.9559
0.302463,0,-239.597,8.17071,2.99803,60211.3,-701.376,-593.828,50.6475,136548,-4852,85.8402,88.9568
0.302473,0,-239.597,8.16831,2.99811,60176.8,-700.773,-593.835,50.6415,136557,-4850.63,85.7916,88.9576
0.302483,0,-239.597,8.16591,2.9982,60142.4,-700.171,-593.842,50.6356,136565,-4849.26,85.7431,88.9585
0.302493,0,-239.597,8.16351,2.99828,60108,-699.568,-593.849,50.6297,136573,-4847.89,85.6945,88.9594
0.302503,0,-239.597,8.16111,2.99836,60073.5,-698.966,-593.856,50.6237,136582,-4846.53,85.646,88.9602
0.302513,0,-239.597,8.15872,2.99844,60039.1,-698.365,-593.863,50.6178,136590,-4845.16,85.5974,88.9611
0.302523,0,-239.597,8.15632,2.99852,60004.7,-697.764,-593.87,50.6118,136598,-4843.79,85.549,88.9619
0.302533,0,-239.597,8.15392,2.99861,59970.3,-697.163,-593.877,50.6059,136606,-4842.42,85.5004,88.9628
0.302543,0,-239.597,8.15152,2.99869,59936,-696.563,-593.884,50.6,136615,-4841.05,85.452,88.9636
0.302553,0,-239.597,8.14912,2.99877,59901.6,-695.964,-593.891,50.594,136623,-4839.69,85.4035,88.9645
0.302563,0,-239.597,8.14672,2.99885,59867.2,-695.363,-593.898,50.5881,136631,-4838.32,85.355,88.9653
0.302573,0,-239.597,8.14432,2.99893,59832.8,-694.764,-593.905,50.5821,136639,-4836.95,85.3066,88.9662
0.302583,0,-239.597,8.14192,2.99901,59798.5,-694.165,-593.912,50.5762,136647,-4835.58,85.2581,88.967
0.302593,0,-239.597,8.13952,2.99909,59764.1,-693.566,-593.919,50.5703,136656,-4834.21,85.2097,88.9679
0.302603,0,-239.597,8.13712,2.99918,59729.8,-692.968,-593.926,50.5643,136664,-4832.85,85.1613,88.9688
0.302613,0,-239.597,8.13472,2.99926,59695.5,-692.371,-593.932,50.5584,136672,-4831.48,85.113,88.9696
0.302623,0,-239.597,8.13232,2.99934,59661.2,-691.773,-593.939,50.5524,136680,-4830.11,85.0646,88.9705
0.302633,0,-239.597,8.12992,2.99942,59626.9,-691.176,-593.946,50.5465,136688,-4828.74,85.0163,88.9713
0.302643,0,-239.597,8.12753,2.9995,59592.6,-690.578,-593.953,50.5406,136697,-4827.37,84.9678,88.9722
0.302653,0,-239.597,8.12513,2.99958,59558.3,-689.982,-593.96,50.5346,136705,-4826,84.9195,88.973
0.302663,0,-239.597,8.12273,2.99966,59524.1,-689.386,-593.967,50.5287,136713,-4824.63,84.8713,88.9738
0.302673,0,-239.597,8.12033,2.99975,59489.8,-688.79,-593.974,50.5227,136721,-4823.26,84.823,88.9747
0.302683,0,-239.597,8.11793,2.99983,59455.5,-688.194,-593.981,50.5168,136729,-4821.9,84.7745,88.9755
0.302693,0,-239.597,8.11553,2.99991,59421.3,-687.6,-593.988,50.5109,136737,-4820.53,84.7264,88.9764
0.302703,0,-239.597,8.11313,2.99999,59387,-687.005,-593.995,50.5049,136745,-4819.16,84.6781,88.9772
0.302713,0,-239.597,8.11073,3.00007,59352.8,-686.41,-594.002,50.499,136754,-4817.79,84.6298,88.9781
0.302723,0,-239.597,8.10833,3.00015,59318.6,-685.816,-594.008,50.493,136762,-4816.42,84.5816,88.9789
0.302733,0,-239.597,8.10593,3.00023,59284.4,-685.222,-594.015,50.4871,136770,-4815.05,84.5334,88.9798
0.302743,0,-239.597,8.10353,3.00031,59250.2,-684.629,-594.022,50.4812,136778,-4813.68,84.4852,88.9806
0.302753,0,-239.597,8.10113,3.0004,59216,-684.035,-594.029,50.4752,136786,-4812.31,84.4369,88.9815
0.302763,0,-239.597,8.09873,3.00048,59181.8,-683.442,-594.036,50.4693,136794,-4810.94,84.3888,88.9823
0.302773,0,-239.597,8.09634,3.00056,59147.6,-682.85,-594.043,50.4634,136802,-4809.57,84.3406,88.9832
0.302783,0,-239.597,8.09394,3.00064,59113.5,-682.258,-594.049,50.4574,136810,-4808.2,84.2924,88.984
0.302793,0,-239.597,8.09154,3.00072,59079.3,-681.666,-594.056,50.4515,136818,-4806.83,84.2443,88.9848
0.302803,0,-239.597,8.08914,3.0008,59045.1,-681.074,-594.063,50.4455,136826,-4805.46,84.1961,88.9857
0.302813,0,-239.597,8.08674,3.00088,59011,-680.484,-594.07,50.4396,136834,-4804.09,84.1481,88.9865
0.302823,0,-239.597,8.08434,3.00096,58976.9,-679.893,-594.077,50.4337,136842,-4802.72,84.1,88.9874
0.302833,0,-239.597,8.08194,3.00104,58942.8,-679.303,-594.084,50.4277,136850,-4801.35,84.0519,88.9882
0.302843,0,-239.597,8.07954,3.00112,58908.7,-678.712,-594.09,50.4218,136858,-4799.98,84.0038,88.989
0.302853,0,-239.597,8.07714,3.00121,58874.6,-678.123,-594.097,50.4158,136866,-4798.61,83.9558,88.9899
0.302863,0,-239.597,8.07474,3.00129,58840.5,-677.534,-594.104,50.4099,136874,-4797.24,83.9078,88.9907
0.302873,0,-239.597,8.07234,3.00137,58806.4,-676.945,-594.111,50.404,136882,-4795.87,83.8597,88.9916
0.302883,0,-239.597,8.06994,3.00145,58772.3,-676.356,-594.117,50.398,136890,-4794.5,83.8117,88.9924
0.302893,0,-239.597,8.06754,3.00153,58738.2,-675.767,-594.124,50.3921,136898,-4793.12,83.7637,88.9932
0.302903,0,-239.597,8.06515,3.00161,58704.2,-675.179,-594.131,50.3861,136906,-4791.75,83.7157,88.9941
0.302913,0,-239.597,8.06275,3.00169,58670.1,-674.591,-594.138,50.3802,136914,-4790.38,83.6677,88.9949
0.302923,0,-239.597,8.06035,3.00177,58636.1,-674.005,-594.145,50.3743,136922,-4789.01,83.6198,88.9958
0.302933,0,-239.597,8.05795,3.00185,58602.1,-673.417,-594.151,50.3683,136930,-4787.64,83.5718,88.9966
0.302943,0,-239.597,8.05555,3.00193,58568.1,-672.831,-594.158,50.3624,136938,-4786.27,83.5239,88.9974
0.302954,0,-239.597,8.05315,3.00201,58534.1,-672.245,-594.165,50.3564,136946,-4784.9,83.476,88.9983
0.302964,0,-239.597,8.05075,3.00209,58500.1,-671.659,-594.172,50.3505,136954,-4783.53,83.4281,88.9991
0.302974,0,-239.597,8.04835,3.00217,58466.1,-671.072,-594.178,50.3445,136962,-4782.16,83.3801,88.9999
0.302984,0,-239.597,8.04595,3.00226,58432.1,-670.487,-594.185,50.3386,136970,-4780.78,83.3322,89.0008
0.302994,0,-239.597,8.04355,3.00234,58398.1,-669.902,-594.192,50.3327,136978,-4779.41,83.2843,89.0016
0.303004,0,-239.597,8.04115,3.00242,58364.2,-669.318,-594.198,50.3267,136986,-4778.04,83.2366,89.0024
0.303014,0,-239.597,8.03875,3.0025,58330.2,-668.734,-594.205,50.3208,136994,-4776.67,83.1887,89.0033
0.303024,0,-239.597,8.03636,3.00258,58296.3,-668.149,-594.212,50.3148,137002,-4775.3,83.1408,89.0041
0.303034,0,-239.597,8.03396,3.00266,58262.3,-667.566,-594.218,50.3089,137010,-4773.93,83.0931,89.0049
0.303044,0,-239.597,8.03156,3.00274,58228.4,-666.983,-594.225,50.3029,137017,-4772.55,83.0453,89.0058
0.303054,0,-239.597,8.02916,3.00282,58194.5,-666.4,-594.232,50.297,137025,-4771.18,82.9974,89.0066
0.303064,0,-239.597,8.02676,3.0029,58160.6,-665.817,-594.238,50.291,137033,-4769.81,82.9497,89.0074
0.303074,0,-239.597,8.02436,3.00298,58126.7,-665.235,-594.245,50.2851,137041,-4768.44,82.902,89.0082
0.303084,0,-239.597,8.02196,3.00306,58092.8,-664.653,-594.252,50.2792,137049,-4767.06,82.8542,89.0091
0.303094,0,-239.597,8.01956,3.00314,58058.9,-664.071,-594.258,50.2732,137057,-4765.69,82.8065,89.0099
0.303104,0,-239.597,8.01716,3.00322,58025.1,-663.491,-594.265,50.2673,137065,-4764.32,82.7589,89.0107
0.303114,0,-239.597,8.01476,3.0033,57991.2,-662.91,-594.272,50.2613,137073,-4762.95,82.7111,89.0116
0.303124,0,-239.597,8.01236,3.00338,57957.3,-662.329,-594.278,50.2554,137080,-4761.57,82.6634,89.0124
0.303134,0,-239.597,8.00996,3.00346,57923.5,-661.749,-594.285,50.2494,137088,-4760.2,82.6157,89.0132
0.303144,0,-239.597,8.00756,3.00354,57889.7,-661.169,-594.292,50.2435,137096,-4758.83,82.568,89.014
0.303154,0,-239.597,8.00517,3.00362,57855.8,-660.589,-594.298,50.2376,137104,-4757.46,82.5204,89.0149
0.303164,0,-239.597,8.00277,3.0037,57822,-660.01,-594.305,50.2316,137112,-4756.08,82.4728,89.0157
0.303174,0,-239.597,8.00037,3.00378,57788.2,-659.432,-594.311,50.2257,137119,-4754.71,82.4252,89.0165
0.303184,0,-239.597,7.99797,3.00386,57754.4,-658.853,-594.318,50.2197,137127,-4753.34,82.3776,89.0173
0.303194,0,-239.597,7.99557,3.00394,57720.6,-658.275,-594.325,50.2138,137135,-4751.96,82.33,89.0182
0.303204,0,-239.597,7.99317,3.00402,57686.9,-657.697,-594.331,50.2078,137143,-4750.59,82.2823,89.019
0.303214,0,-239.597,7.99077,3.0041,57653.1,-657.12,-594.338,50.2019,137151,-4749.22,82.2349,89.0198
0.303224,0,-239.597,7.98837,3.00418,57619.3,-656.542,-594.344,50.196,137158,-4747.84,82.1873,89.0206
0.303234,0,-239.597,7.98597,3.00426,57585.6,-655.966,-594.351,50.19,137166,-4746.47,82.1398,89.0215
0.303244,0,-239.597,7.98357,3.00434,57551.8,-655.389,-594.358,50.1841,137174,-4745.1,82.0922,89.0223
0.303254,0,-239.597,7.98117,3.00442,57518.1,-654.813,-594.364,50.1781,137182,-4743.72,82.0447,89.0231
0.303264,0,-239.597,7.97877,3.0045,57484.4,-654.237,-594.371,50.1722,137189,-4742.35,81.9972,89.0239
0.303274,0,-239.597,7.97637,3.00458,57450.7,-653.662,-594.377,50.1662,137197,-4740.98,81.9498,89.0247
0.303284,0,-239.597,7.97398,3.00466,57417,-653.087,-594.384,50.1603,137205,-4739.6,81.9023,89.0256
0.303294,0,-239.597,7.97158,3.00474,57383.3,-652.512,-594.39,50.1544,137212,-4738.23,81.8548,89.0264
0.303304,0,-239.597,7.96918,3.00482,57349.6,-651.937,-594.397,50.1484,137220,-4736.85,81.8073,89.0272
0.303314,0,-239.597,7.96678,3.0049,57315.9,-651.364,-594.403,50.1425,137228,-4735.48,81.76,89.028
0.303324,0,-239.597,7.96438,3.00498,57282.3,-650.79,-594.41,50.1365,137236,-4734.11,81.7125,89.0288
0.303334,0,-239.597,7.96198,3.00506,57248.6,-650.217,-594.416,50.1306,137243,-4732.73,81.6652,89.0296
0.303344,0,-239.597,7.95958,3.00514,57215,-649.643,-594.423,50.1246,137251,-4731.36,81.6177,89.0305
0.303354,0,-239.597,7.95718,3.00522,57181.3,-649.07,-594.429,50.1187,137259,-4729.98,81.5704,89.0313
0.303364,0,-239.597,7.95478,3.0053,57147.7,-648.498,-594.436,50.1128,137266,-4728.61,81.523,89.0321
0.303374,0,-239.597,7.95238,3.00538,57114.1,-647.926,-594.442,50.1068,137274,-4727.23,81.4757,89.0329
0.303384,0,-239.597,7.94998,3.00546,57080.5,-647.354,-594.449,50.1009,137282,-4725.86,81.4284,89.0337
0.303394,0,-239.597,7.94758,3.00554,57046.9,-646.783,-594.455,50.0949,137289,-4724.48,81.3811,89.0345
0.303404,0,-239.597,7.94518,3.00562,57013.3,-646.211,-594.462,50.089,137297,-4723.11,81.3337,89.0354
0.303414,0,-239.597,7.94279,3.0057,56979.7,-645.641,-594.468,50.083,137304,-4721.73,81.2865,89.0362
0.303424,0,-239.597,7.94039,3.00578,56946.1,-645.07,-594.475,50.0771,137312,-4720.36,81.2392,89.037
0.303434,0,-239.597,7.93799,3.00586,56912.5,-644.5,-594.481,50.0711,137320,-4718.98,81.1918,89.0378
0.303444,0,-239.597,7.93559,3.00594,56879,-643.93,-594.488,50.0652,137327,-4717.61,81.1446,89.0386
0.303454,0,-239.597,7.93319,3.00602,56845.5,-643.361,-594.494,50.0593,137335,-4716.23,81.0974,89.0394
0.303464,0,-239.597,7.93079,3.00609,56811.9,-642.792,-594.5,50.0533,137343,-4714.86,81.0502,89.0402
0.303474,0,-239.597,7.92839,3.00617,56778.4,-642.224,-594.507,50.0474,137350,-4713.48,81.003,89.041
0.303484,0,-239.597,7.92599,3.00625,56744.9,-641.655,-594.513,50.0414,137358,-4712.11,80.9558,89.0418
0.303494,0,-239.597,7.92359,3.00633,56711.4,-641.087,-594.52,50.0355,137365,-4710.73,80.9086,89.0426
0.303504,0,-239.597,7.92119,3.00641,56677.9,-640.519,-594.526,50.0295,137373,-4709.36,80.8614,89.0435
0.303514,0,-239.597,7.91879,3.00649,56644.4,-639.952,-594.533,50.0236,137380,-4707.98,80.8144,89.0443
0.303524,0,-239.597,7.91639,3.00657,56610.9,-639.385,-594.539,50.0176,137388,-4706.6,80.7672,89.0451
0.303534,0,-239.597,7.91399,3.00665,56577.4,-638.819,-594.545,50.0117,137396,-4705.23,80.7201,89.0459
0.303544,0,-239.597,7.9116,3.00673,56544,-638.251,-594.552,50.0058,137403,-4703.85,80.6729,89.0467
0.303554,0,-239.597,7.9092,3.00681,56510.5,-637.686,-594.558,49.9998,137411,-4702.48,80.6258,89.0475
0.303564,0,-239.597,7.9068,3.00689,56477.1,-637.12,-594.565,49.9939,137418,-4701.1,80.5788,89.0483
0.303574,0,-239.597,7.9044,3.00697,56443.6,-636.555,-594.571,49.9879,137426,-4699.73,80.5317,89.0491
0.303584,0,-239.597,7.902,3.00705,56410.2,-635.99,-594.577,49.982,137433,-4698.35,80.4846,89.0499
0.303594,0,-239.597,7.8996,3.00713,56376.8,-635.425,-594.584,49.976,137441,-4696.97,80.4376,89.0507
0.303604,0,-239.597,7.8972,3.0072,56343.4,-634.86,-594.59,49.9701,137448,-4695.6,80.3905,89.0515
0.303614,0,-239.597,7.8948,3.00728,56310,-634.297,-594.596,49.9641,137456,-4694.22,80.3436,89.0523
0.303624,0,-239.597,7.8924,3.00736,56276.6,-633.733,-594.603,49.9582,137463,-4692.84,80.2965,89.0531
0.303634,0,-239.597,7.89,3.00744,56243.2,-633.17,-594.609,49.9522,137471,-4691.47,80.2496,89.0539
0.303644,0,-239.597,7.8876,3.00752,56209.9,-632.607,-594.615,49.9463,137478,-4690.09,80.2027,89.0547
0.303654,0,-239.597,7.8852,3.0076,56176.5,-632.043,-594.622,49.9403,137486,-4688.71,80.1556,89.0555
0.303664,0,-239.597,7.8828,3.00768,56143.1,-631.481,-594.628,49.9344,137493,-4687.34,80.1087,89.0563
0.303674,0,-239.597,7.88041,3.00776,56109.8,-630.919,-594.634,49.9284,137501,-4685.96,80.0618,89.0571
0.303685,0,-239.597,7.87801,3.00784,56076.5,-630.358,-594.641,49.9225,137508,-4684.58,80.0148,89.0579
0.303695,0,-239.597,7.87561,3.00792,56043.2,-629.796,-594.647,49.9165,137515,-4683.21,79.9679,89.0587
0.303705,0,-239.597,7.87321,3.00799,56009.9,-629.236,-594.653,49.9106,137523,-4681.83,79.9211,89.0595
0.303715,0,-239.597,7.87081,3.00807,55976.5,-628.675,-594.66,49.9047,137530,-4680.45,79.8742,89.0603
0.303725,0,-239.597,7.86841,3.00815,55943.2,-628.114,-594.666,49.8987,137538,-4679.08,79.8273,89.0611
0.303735,0,-239.597,7.86601,3.00823,55910,-627.554,-594.672,49.8928,137545,-4677.7,79.7805,89.0619
0.303745,0,-239.597,7.86361,3.00831,55876.7,-626.995,-594.679,49.8868,137553,-4676.32,79.7337,89.0627
0.303755,0,-239.597,7.86121,3.00839,55843.4,-626.436,-594.685,49.8809,137560,-4674.94,79.6869,89.0635
0.303765,0,-239.597,7.85881,3.00847,55810.2,-625.876,-594.691,49.8749,137567,-4673.57,79.64,89.0643
0.303775,0,-239.597,7.85641,3.00855,55776.9,-625.317,-594.697,49.869,137575,-4672.19,79.5932,89.0651
0.303785,0,-239.597,7.85401,3.00862,55743.7,-624.76,-594.704,49.863,137582,-4670.81,79.5465,89.0659
0.303795,0,-239.597,7.85162,3.0087,55710.5,-624.202,-594.71,49.8571,137590,-4669.43,79.4998,89.0667
0.303805,0,-239.597,7.84922,3.00878,55677.2,-623.643,-594.716,49.8511,137597,-4668.06,79.453,89.0675
0.303815,0,-239.597,7.84682,3.00886,55644,-623.086,-594.722,49.8452,137604,-4666.68,79.4062,89.0683
0.303825,0,-239.597,7.84442,3.00894,55610.8,-622.529,-594.729,49.8392,137612,-4665.3,79.3595,89.0691
0.303835,0,-239.597,7.84202,3.00902,55577.6,-621.972,-594.735,49.8333,137619,-4663.92,79.3127,89.0699
0.303845,0,-239.597,7.83962,3.0091,55544.5,-621.416,-594.741,49.8273,137626,-4662.54,79.2661,89.0707
0.303855,0,-239.597,7.83722,3.00917,55511.3,-620.86,-594.747,49.8214,137634,-4661.17,79.2194,89.0715
0.303865,0,-239.597,7.83482,3.00925,55478.1,-620.304,-594.753,49.8154,137641,-4659.79,79.1728,89.0723
0.303875,0,-239.597,7.83242,3.00933,55445,-619.749,-594.76,49.8095,137648,-4658.41,79.1261,89.0731
0.303885,0,-239.597,7.83002,3.00941,55411.8,-619.194,-594.766,49.8036,137656,-4657.03,79.0795,89.0739
0.303895,0,-239.597,7.82762,3.00949,55378.7,-618.639,-594.772,49.7976,137663,-4655.65,79.0328,89.0746
0.303905,0,-239.597,7.82522,3.00957,55345.6,-618.084,-594.778,49.7917,137670,-4654.27,78.9862,89.0754
0.303915,0,-239.597,7.82282,3.00964,55312.5,-617.531,-594.784,49.7857,137678,-4652.89,78.9396,89.0762
0.303925,0,-239.597,7.82043,3.00972,55279.3,-616.977,-594.791,49.7798,137685,-4651.52,78.893,89.077
0.303935,0,-239.597,7.81803,3.0098,55246.3,-616.424,-594.797,49.7738,137692,-4650.14,78.8465,89.0778
0.303945,0,-239.597,7.81563,3.00988,55213.1,-615.87,-594.803,49.7679,137699,-4648.76,78.7998,89.0786
0.303955,0,-239.597,7.81323,3.00996,55180.1,-615.318,-594.809,49.7619,137707,-4647.38,78.7533,89.0794
0.303965,0,-239.597,7.81083,3.01004,55147,-614.765,-594.815,49.756,137714,-4646,78.7068,89.0802
0.303975,0,-239.597,7.80843,3.01011,55113.9,-614.213,-594.821,49.75,137721,-4644.62,78.6603,89.0809
0.303985,0,-239.597,7.80603,3.01019,55080.9,-613.661,-594.828,49.7441,137728,-4643.24,78.6138,89.0817
0.303995,0,-239.597,7.80363,3.01027,55047.8,-613.11,-594.834,49.7381,137736,-4641.86,78.5672,89.0825
0.304005,0,-239.597,7.80123,3.01035,55014.8,-612.559,-594.84,49.7322,137743,-4640.48,78.5209,89.0833
0.304015,0,-239.597,7.79883,3.01043,54981.8,-612.008,-594.846,49.7262,137750,-4639.1,78.4743,89.0841
0.304025,0,-239.597,7.79643,3.0105,54948.8,-611.458,-594.852,49.7203,137757,-4637.73,78.428,89.0849
0.304035,0,-239.597,7.79403,3.01058,54915.8,-610.908,-594.858,49.7143,137765,-4636.35,78.3815,89.0857
0.304045,0,-239.597,7.79163,3.01066,54882.8,-610.358,-594.864,49.7084,137772,-4634.97,78.3351,89.0864
0.304055,0,-239.597,7.78924,3.01074,54849.8,-609.809,-594.87,49.7024,137779,-4633.59,78.2887,89.0872
0.304065,0,-239.597,7.78684,3.01082,54816.8,-609.259,-594.877,49.6965,137786,-4632.21,78.2422,89.088
0.304075,0,-239.597,7.78444,3.01089,54783.9,-608.711,-594.883,49.6906,137794,-4630.83,78.1959,89.0888
0.304085,0,-239.597,7.78204,3.01097,54750.9,-608.163,-594.889,49.6846,137801,-4629.45,78.1496,89.0896
0.304095,0,-239.597,7.77964,3.01105,54718,-607.615,-594.895,49.6787,137808,-4628.07,78.1032,89.0904
0.304105,0,-239.597,7.77724,3.01113,54685,-607.067,-594.901,49.6727,137815,-4626.69,78.0568,89.0911
0.304115,0,-239.597,7.77484,3.01121,54652.1,-606.519,-594.907,49.6668,137822,-4625.31,78.0104,89.0919
0.304125,0,-239.597,7.77244,3.01128,54619.2,-605.972,-594.913,49.6608,137829,-4623.93,77.9642,89.0927
0.304135,0,-239.597,7.77004,3.01136,54586.3,-605.426,-594.919,49.6549,137836,-4622.55,77.9179,89.0935
0.304145,0,-239.597,7.76764,3.01144,54553.4,-604.88,-594.925,49.6489,137844,-4621.17,77.8717,89.0942
0.304155,0,-239.597,7.76524,3.01152,54520.5,-604.333,-594.931,49.643,137851,-4619.79,77.8253,89.095
0.304165,0,-239.597,7.76284,3.0116,54487.6,-603.787,-594.937,49.637,137858,-4618.41,77.7791,89.0958
0.304175,0,-239.597,7.76044,3.01167,54454.7,-603.241,-594.943,49.6311,137865,-4617.02,77.7328,89.0966
0.304185,0,-239.597,7.75805,3.01175,54421.8,-602.696,-594.949,49.6251,137872,-4615.64,77.6866,89.0974
0.304195,0,-239.597,7.75565,3.01183,54389,-602.152,-594.955,49.6192,137879,-4614.26,77.6405,89.0981
0.304205,0,-239.597,7.75325,3.01191,54356.2,-601.607,-594.961,49.6132,137886,-4612.88,77.5943,89.0989
0.304215,0,-239.597,7.75085,3.01198,54323.3,-601.063,-594.967,49.6073,137894,-4611.5,77.548,89.0997
0.304225,0,-239.597,7.74845,3.01206,54290.5,-600.52,-594.974,49.6013,137901,-4610.12,77.5019,89.1005
0.304235,0,-239.597,7.74605,3.01214,54257.7,-599.976,-594.979,49.5954,137908,-4608.74,77.4557,89.1012
0.304245,0,-239.597,7.74365,3.01222,54224.9,-599.433,-594.986,49.5894,137915,-4607.36,77.4096,89.102
0.304255,0,-239.597,7.74125,3.01229,54192.1,-598.89,-594.992,49.5835,137922,-4605.98,77.3635,89.1028
0.304265,0,-239.597,7.73885,3.01237,54159.3,-598.348,-594.997,49.5775,137929,-4604.6,77.3174,89.1036
0.304275,0,-239.597,7.73645,3.01245,54126.5,-597.805,-595.003,49.5715,137936,-4603.22,77.2712,89.1043
0.304285,0,-239.597,7.73405,3.01253,54093.7,-597.263,-595.009,49.5656,137943,-4601.83,77.2252,89.1051
0.304295,0,-239.597,7.73165,3.0126,54061,-596.722,-595.015,49.5596,137950,-4600.45,77.179,89.1059
0.304305,0,-239.597,7.72925,3.01268,54028.2,-596.18,-595.021,49.5537,137957,-4599.07,77.1329,89.1066
0.304315,0,-239.597,7.72686,3.01276,53995.5,-595.64,-595.027,49.5477,137964,-4597.69,77.087,89.1074
0.304325,0,-239.597,7.72446,3.01284,53962.7,-595.099,-595.033,49.5418,137971,-4596.31,77.0409,89.1082
0.304335,0,-239.597,7.72206,3.01291,53930,-594.559,-595.039,49.5358,137978,-4594.93,76.9949,89.109
0.304345,0,-239.597,7.71966,3.01299,53897.3,-594.019,-595.045,49.5299,137985,-4593.55,76.9489,89.1097
0.304355,0,-239.597,7.71726,3.01307,53864.6,-593.48,-595.051,49.5239,137992,-4592.16,76.903,89.1105
0.304365,0,-239.597,7.71486,3.01314,53831.9,-592.94,-595.057,49.518,137999,-4590.78,76.8569,89.1113
0.304375,0,-239.597,7.71246,3.01322,53799.2,-592.401,-595.063,49.512,138006,-4589.4,76.8109,89.112
0.304385,0,-239.597,7.71006,3.0133,53766.6,-591.863,-595.069,49.5061,138013,-4588.02,76.7651,89.1128
0.304395,0,-239.597,7.70766,3.01338,53733.9,-591.325,-595.075,49.5001,138020,-4586.64,76.7191,89.1136
0.304405,0,-239.597,7.70526,3.01345,53701.2,-590.787,-595.081,49.4942,138027,-4585.25,76.6731,89.1143
0.304415,0,-239.597,7.70286,3.01353,53668.6,-590.25,-595.087,49.4882,138034,-4583.87,76.6273,89.1151
0.304426,0,-239.597,7.70046,3.01361,53635.9,-589.712,-595.093,49.4823,138041,-4582.49,76.5813,89.1159
0.304436,0,-239.597,7.69807,3.01368,53603.3,-589.175,-595.099,49.4763,138048,-4581.11,76.5355,89.1166
0.304446,0,-239.597,7.69567,3.01376,53570.7,-588.639,-595.104,49.4704,138055,-4579.73,76.4897,89.1174
0.304456,0,-239.597,7.69327,3.01384,53538.1,-588.102,-595.11,49.4644,138062,-4578.34,76.4437,89.1182
0.304466,0,-239.597,7.69087,3.01392,53505.5,-587.566,-595.116,49.4585,138069,-4576.96,76.3979,89.1189
0.304476,0,-239.597,7.68847,3.01399,53472.9,-587.03,-595.122,49.4525,138076,-4575.58,76.3521,89.1197
0.304486,0,-239.597,7.68607,3.01407,53440.3,-586.496,-595.128,49.4466,138083,-4574.19,76.3064,89.1205
0.304496,0,-239.597,7.68367,3.01415,53407.8,-585.961,-595.134,49.4406,138090,-4572.81,76.2605,89.1212
0.304506,0,-239.597,7.68127,3.01422,53375.2,-585.426,-595.14,49.4347,138097,-4571.43,76.2147,89.122
0.304516,0,-239.597,7.67887,3.0143,53342.6,-584.892,-595.146,49.4287,138104,-4570.05,76.169,89.1227
0.304526,0,-239.597,7.67647,3.01438,53310.1,-584.357,-595.151,49.4228,138111,-4568.66,76.1232,89.1235
0.304536,0,-239.597,7.67407,3.01445,53277.6,-583.824,-595.157,49.4168,138117,-4567.28,76.0775,89.1243
0.304546,0,-239.597,7.67167,3.01453,53245,-583.29,-595.163,49.4109,138124,-4565.9,76.0317,89.125
0.304556,0,-239.597,7.66927,3.01461,53212.5,-582.757,-595.169,49.4049,138131,-4564.51,75.986,89.1258
0.304566,0,-239.597,7.66688,3.01469,53180,-582.225,-595.175,49.399,138138,-4563.13,75.9403,89.1266
0.304576,0,-239.597,7.66448,3.01476,53147.5,-581.692,-595.181,49.393,138145,-4561.75,75.8946,89.1273
0.304586,0,-239.597,7.66208,3.01484,53115,-581.16,-595.186,49.3871,138152,-4560.36,75.8489,89.1281
0.304596,0,-239.597,7.65968,3.01492,53082.6,-580.629,-595.192,49.3811,138159,-4558.98,75.8033,89.1288
0.304606,0,-239.597,7.65728,3.01499,53050.1,-580.097,-595.198,49.3752,138166,-4557.6,75.7576,89.1296
0.304616,0,-239.597,7.65488,3.01507,53017.6,-579.567,-595.204,49.3692,138172,-4556.21,75.7121,89.1303
0.304626,0,-239.597,7.65248,3.01515,52985.2,-579.036,-595.21,49.3633,138179,-4554.83,75.6664,89.1311
0.304636,0,-239.597,7.65008,3.01522,52952.7,-578.504,-595.216,49.3573,138186,-4553.45,75.6207,89.1319
0.304646,0,-239.597,7.64768,3.0153,52920.3,-577.975,-595.221,49.3514,138193,-4552.06,75.5751,89.1326
0.304656,0,-239.597,7.64528,3.01538,52887.9,-577.445,-595.227,49.3454,138200,-4550.68,75.5296,89.1334
0.304666,0,-239.597,7.64288,3.01545,52855.5,-576.916,-595.233,49.3395,138207,-4549.3,75.484,89.1341
0.304676,0,-239.597,7.64048,3.01553,52823.1,-576.387,-595.239,49.3335,138213,-4547.91,75.4385,89.1349
0.304686,0,-239.597,7.63808,3.0156,52790.7,-575.858,-595.244,49.3276,138220,-4546.53,75.3929,89.1356
0.304696,0,-239.597,7.63569,3.01568,52758.3,-575.33,-595.25,49.3216,138227,-4545.14,75.3475,89.1364
0.304706,0,-239.597,7.63329,3.01576,52725.9,-574.801,-595.256,49.3157,138234,-4543.76,75.302,89.1371
0.304716,0,-239.597,7.63089,3.01583,52693.5,-574.273,-595.262,49.3097,138241,-4542.37,75.2564,89.1379
0.304726,0,-239.597,7.62849,3.01591,52661.2,-573.746,-595.267,49.3038,138247,-4540.99,75.211,89.1386
0.304736,0,-239.597,7.62609,3.01599,52628.9,-573.219,-595.273,49.2978,138254,-4539.61,75.1656,89.1394
0.304746,0,-239.597,7.62369,3.01606,52596.5,-572.692,-595.279,49.2919,138261,-4538.22,75.12,89.1402
0.304756,0,-239.597,7.62129,3.01614,52564.2,-572.165,-595.285,49.2859,138268,-4536.84,75.0746,89.1409
0.304766,0,-239.597,7.61889,3.01622,52531.9,-571.639,-595.29,49.2799,138274,-4535.45,75.0292,89.1416
0.304776,0,-239.597,7.61649,3.01629,52499.6,-571.113,-595.296,49.274,138281,-4534.07,74.9838,89.1424
0.304786,0,-239.597,7.61409,3.01637,52467.3,-570.587,-595.302,49.268,138288,-4532.68,74.9383,89.1431
0.304796,0,-239.597,7.61169,3.01644,52435,-570.063,-595.307,49.2621,138295,-4531.3,74.8931,89.1439
0.304806,0,-239.597,7.60929,3.01652,52402.7,-569.538,-595.313,49.2561,138301,-4529.91,74.8476,89.1446
0.304816,0,-239.597,7.60689,3.0166,52370.4,-569.014,-595.319,49.2502,138308,-4528.53,74.8024,89.1454
0.304826,0,-239.597,7.6045,3.01667,52338.2,-568.489,-595.325,49.2442,138315,-4527.14,74.757,89.1461
0.304836,0,-239.597,7.6021,3.01675,52305.9,-567.965,-595.33,49.2383,138321,-4525.76,74.7117,89.1469
0.304846,0,-239.597,7.5997,3.01683,52273.7,-567.441,-595.336,49.2323,138328,-4524.37,74.6663,89.1476
0.304856,0,-239.597,7.5973,3.0169,52241.4,-566.918,-595.342,49.2264,138335,-4522.99,74.621,89.1484
0.304866,0,-239.597,7.5949,3.01698,52209.2,-566.395,-595.347,49.2204,138342,-4521.6,74.5757,89.1491
0.304876,0,-239.597,7.5925,3.01705,52177,-565.872,-595.353,49.2144,138348,-4520.22,74.5304,89.1499
0.304886,0,-239.597,7.5901,3.01713,52144.8,-565.351,-595.359,49.2085,138355,-4518.83,74.4853,89.1506
0.304896,0,-239.597,7.5877,3.01721,52112.6,-564.828,-595.364,49.2025,138362,-4517.45,74.44,89.1514
0.304906,0,-239.597,7.5853,3.01728,52080.4,-564.306,-595.37,49.1966,138368,-4516.06,74.3947,89.1521
0.304916,0,-239.597,7.5829,3.01736,52048.3,-563.786,-595.376,49.1906,138375,-4514.68,74.3496,89.1529
0.304926,0,-239.597,7.5805,3.01743,52016.1,-563.264,-595.381,49.1847,138382,-4513.29,74.3043,89.1536
0.304936,0,-239.597,7.5781,3.01751,51983.9,-562.744,-595.387,49.1787,138388,-4511.9,74.2592,89.1543
0.304946,0,-239.597,7.5757,3.01759,51951.8,-562.224,-595.393,49.1728,138395,-4510.52,74.214,89.1551
0.304956,0,-239.597,7.57331,3.01766,51919.6,-561.702,-595.398,49.1668,138402,-4509.13,74.1687,89.1558
0.304966,0,-239.597,7.57091,3.01774,51887.5,-561.183,-595.404,49.1609,138408,-4507.75,74.1236,89.1566
0.304976,0,-239.597,7.56851,3.01781,51855.4,-560.663,-595.409,49.1549,138415,-4506.36,74.0785,89.1573
0.304986,0,-239.597,7.56611,3.01789,51823.3,-560.145,-595.415,49.1489,138421,-4504.97,74.0335,89.158
0.304996,0,-239.597,7.56371,3.01796,51791.2,-559.626,-595.421,49.143,138428,-4503.59,73.9883,89.1588
0.305006,0,-239.597,7.56131,3.01804,51759.1,-559.107,-595.426,49.137,138435,-4502.2,73.9432,89.1595
0.305016,0,-239.597,7.55891,3.01812,51727,-558.59,-595.432,49.1311,138441,-4500.82,73.8982,89.1603
0.305026,0,-239.597,7.55651,3.01819,51694.9,-558.071,-595.437,49.1251,138448,-4499.43,73.853,89.161
0.305036,0,-239.597,7.55411,3.01827,51662.9,-557.554,-595.443,49.1192,138454,-4498.04,73.808,89.1617
0.305046,0,-239.597,7.55171,3.01834,51630.8,-557.037,-595.449,49.1132,138461,-4496.66,73.763,89.1625
0.305056,0,-239.597,7.54931,3.01842,51598.8,-556.52,-595.454,49.1073,138468,-4495.27,73.718,89.1632
0.305066,0,-239.597,7.54691,3.01849,51566.8,-556.004,-595.46,49.1013,138474,-4493.88,73.673,89.164
0.305076,0,-239.597,7.54452,3.01857,51534.7,-555.488,-595.465,49.0954,138481,-4492.5,73.628,89.1647
0.305086,0,-239.597,7.54212,3.01864,51502.7,-554.971,-595.471,49.0894,138487,-4491.11,73.583,89.1654
0.305096,0,-239.597,7.53972,3.01872,51470.7,-554.456,-595.476,49.0834,138494,-4489.72,73.538,89.1662
0.305106,0,-239.597,7.53732,3.0188,51438.7,-553.941,-595.482,49.0775,138500,-4488.34,73.4931,89.1669
0.305116,0,-239.597,7.53492,3.01887,51406.7,-553.426,-595.488,49.0715,138507,-4486.95,73.4481,89.1676
0.305126,0,-239.597,7.53252,3.01895,51374.8,-552.911,-595.493,49.0656,138513,-4485.56,73.4033,89.1684
0.305136,0,-239.597,7.53012,3.01902,51342.8,-552.396,-595.499,49.0596,138520,-4484.18,73.3583,89.1691
0.305146,0,-239.597,7.52772,3.0191,51310.8,-551.883,-595.504,49.0537,138526,-4482.79,73.3134,89.1698
0.305156,0,-239.597,7.52532,3.01917,51278.9,-551.369,-595.51,49.0477,138533,-4481.4,73.2685,89.1706
0.305167,0,-239.597,7.52292,3.01925,51247,-550.856,-595.515,49.0418,138539,-4480.01,73.2237,89.1713
0.305177,0,-239.597,7.52052,3.01932,51215,-550.343,-595.521,49.0358,138546,-4478.63,73.1788,89.172
0.305187,0,-239.597,7.51812,3.0194,51183.1,-549.83,-595.526,49.0299,138552,-4477.24,73.1339,89.1728
0.305197,0,-239.597,7.51572,3.01947,51151.2,-549.318,-595.532,49.0239,138559,-4475.85,73.0892,89.1735
0.305207,0,-239.597,7.51333,3.01955,51119.3,-548.806,-595.537,49.0179,138565,-4474.46,73.0443,89.1742
0.305217,0,-239.597,7.51093,3.01962,51087.4,-548.294,-595.543,49.012,138572,-4473.08,72.9995,89.1749
0.305227,0,-239.597,7.50853,3.0197,51055.5,-547.783,-595.548,49.006,138578,-4471.69,72.9547,89.1757
0.305237,0,-239.597,7.50613,3.01977,51023.7,-547.272,-595.554,49.0001,138585,-4470.3,72.91,89.1764
0.305247,0,-239.597,7.50373,3.01985,50991.8,-546.761,-595.559,48.9941,138591,-4468.91,72.8653,89.1771
0.305257,0,-239.597,7.50133,3.01993,50959.9,-546.251,-595.565,48.9882,138598,-4467.53,72.8205,89.1779
0.305267,0,-239.597,7.49893,3.02,50928.1,-545.74,-595.57,48.9822,138604,-4466.14,72.7757,89.1786
0.305277,0,-239.597,7.49653,3.02008,50896.3,-545.231,-595.576,48.9763,138611,-4464.75,72.7311,89.1793
0.305287,0,-239.597,7.49413,3.02015,50864.4,-544.721,-595.581,48.9703,138617,-4463.36,72.6864,89.18
0.305297,0,-239.597,7.49173,3.02023,50832.6,-544.212,-595.586,48.9643,138623,-4461.97,72.6416,89.1808
0.305307,0,-239.597,7.48933,3.0203,50800.8,-543.703,-595.592,48.9584,138630,-4460.59,72.597,89.1815
0.305317,0,-239.597,7.48693,3.02038,50769,-543.194,-595.597,48.9524,138636,-4459.2,72.5523,89.1822
0.305327,0,-239.597,7.48453,3.02045,50737.2,-542.686,-595.603,48.9465,138643,-4457.81,72.5076,89.1829
0.305337,0,-239.597,7.48214,3.02053,50705.4,-542.178,-595.608,48.9405,138649,-4456.42,72.463,89.1837
0.305347,0,-239.597,7.47974,3.0206,50673.7,-541.671,-595.614,48.9346,138656,-4455.03,72.4184,89.1844
0.305357,0,-239.597,7.47734,3.02068,50641.9,-541.163,-595.619,48.9286,138662,-4453.64,72.3738,89.1851
0.305367,0,-239.597,7.47494,3.02075,50610.2,-540.656,-595.624,48.9227,138668,-4452.26,72.3292,89.1858
0.305377,0,-239.597,7.47254,3.02082,50578.4,-540.15,-595.63,48.9167,138675,-4450.87,72.2846,89.1866
0.305387,0,-239.597,7.47014,3.0209,50546.7,-539.643,-595.635,48.9108,138681,-4449.48,72.24,89.1873
0.305397,0,-239.597,7.46774,3.02097,50515,-539.138,-595.641,48.9048,138687,-4448.09,72.1956,89.188
0.305407,0,-239.597,7.46534,3.02105,50483.3,-538.632,-595.646,48.8988,138694,-4446.7,72.151,89.1887
0.305417,0,-239.597,7.46294,3.02112,50451.6,-538.127,-595.651,48.8929,138700,-4445.31,72.1066,89.1895
0.305427,0,-239.597,7.46054,3.0212,50419.9,-537.621,-595.657,48.8869,138706,-4443.92,72.062,89.1902
0.305437,0,-239.597,7.45814,3.02127,50388.2,-537.117,-595.662,48.881,138713,-4442.53,72.0175,89.1909
0.305447,0,-239.597,7.45574,3.02135,50356.6,-536.613,-595.668,48.875,138719,-4441.15,71.9731,89.1916
0.305457,0,-239.597,7.45334,3.02142,50324.9,-536.108,-595.673,48.8691,138726,-4439.76,71.9285,89.1923
0.305467,0,-239.597,7.45095,3.0215,50293.2,-535.605,-595.678,48.8631,138732,-4438.37,71.8842,89.1931
0.305477,0,-239.597,7.44855,3.02157,50261.6,-535.101,-595.684,48.8572,138738,-4436.98,71.8397,89.1938
0.305487,0,-239.597,7.44615,3.02165,50229.9,-534.598,-595.689,48.8512,138744,-4435.59,71.7952,89.1945
0.305497,0,-239.597,7.44375,3.02172,50198.3,-534.095,-595.694,48.8452,138751,-4434.2,71.7508,89.1952
0.305507,0,-239.597,7.44135,3.0218,50166.7,-533.592,-595.7,48.8393,138757,-4432.81,71.7063,89.1959
0.305517,0,-239.597,7.43895,3.02187,50135.1,-533.09,-595.705,48.8333,138763,-4431.42,71.662,89.1966
0.305527,0,-239.597,7.43655,3.02194,50103.5,-532.589,-595.71,48.8274,138770,-4430.03,71.6177,89.1974
0.305537,0,-239.597,7.43415,3.02202,50071.9,-532.086,-595.716,48.8214,138776,-4428.64,71.5733,89.1981
0.305547,0,-239.597,7.43175,3.02209,50040.3,-531.585,-595.721,48.8154,138782,-4427.25,71.5289,89.1988
0.305557,0,-239.597,7.42935,3.02217,50008.8,-531.085,-595.726,48.8095,138789,-4425.86,71.4846,89.1995
0.305567,0,-239.597,7.42695,3.02224,49977.2,-530.584,-595.732,48.8035,138795,-4424.47,71.4403,89.2002
0.305577,0,-239.597,7.42455,3.02232,49945.7,-530.083,-595.737,48.7976,138801,-4423.08,71.396,89.2009
0.305587,0,-239.597,7.42215,3.02239,49914.1,-529.583,-595.742,48.7916,138807,-4421.69,71.3517,89.2017
0.305597,0,-239.597,7.41976,3.02247,49882.6,-529.084,-595.748,48.7856,138814,-4420.3,71.3075,89.2024
0.305607,0,-239.597,7.41736,3.02254,49851.1,-528.585,-595.753,48.7797,138820,-4418.91,71.2632,89.2031
0.305617,0,-239.597,7.41496,3.02261,49819.6,-528.086,-595.758,48.7737,138826,-4417.52,71.219,89.2038
0.305627,0,-239.597,7.41256,3.02269,49788.1,-527.587,-595.763,48.7678,138832,-4416.13,71.1747,89.2045
0.305637,0,-239.597,7.41016,3.02276,49756.6,-527.089,-595.769,48.7618,138838,-4414.74,71.1305,89.2052
0.305647,0,-239.597,7.40776,3.02284,49725.1,-526.591,-595.774,48.7559,138845,-4413.35,71.0864,89.2059
0.305657,0,-239.597,7.40536,3.02291,49693.6,-526.093,-595.779,48.7499,138851,-4411.96,71.0422,89.2066
0.305667,0,-239.597,7.40296,3.02298,49662.2,-525.595,-595.785,48.7439,138857,-4410.57,70.998,89.2073
0.305677,0,-239.597,7.40056,3.02306,49630.7,-525.098,-595.79,48.738,138863,-4409.18,70.9538,89.208
0.305687,0,-239.597,7.39816,3.02313,49599.3,-524.601,-595.795,48.732,138870,-4407.79,70.9097,89.2088
0.305697,0,-239.597,7.39576,3.02321,49567.9,-524.105,-595.8,48.7261,138876,-4406.4,70.8656,89.2095
0.305707,0,-239.597,7.39336,3.02328,49536.4,-523.609,-595.806,48.7201,138882,-4405.01,70.8214,89.2102
0.305717,0,-239.597,7.39096,3.02336,49505,-523.113,-595.811,48.7141,138888,-4403.62,70.7774,89.2109
0.305727,0,-239.597,7.38857,3.02343,49473.6,-522.617,-595.816,48.7082,138894,-4402.23,70.7332,89.2116
0.305737,0,-239.597,7.38617,3.0235,49442.2,-522.122,-595.821,48.7022,138900,-4400.84,70.6892,89.2123
0.305747,0,-239.597,7.38377,3.02358,49410.8,-521.627,-595.827,48.6963,138907,-4399.44,70.6451,89.213
0.305757,0,-239.597,7.38137,3.02365,49379.4,-521.132,-595.832,48.6903,138913,-4398.05,70.601,89.2137
0.305767,0,-239.597,7.37897,3.02372,49348.1,-520.638,-595.837,48.6844,138919,-4396.66,70.5571,89.2144
0.305777,0,-239.597,7.37657,3.0238,49316.7,-520.144,-595.842,48.6784,138925,-4395.27,70.513,89.2151
0.305787,0,-239.597,7.37417,3.02387,49285.4,-519.65,-595.847,48.6724,138931,-4393.88,70.469,89.2158
0.305797,0,-239.597,7.37177,3.02395,49254,-519.157,-595.853,48.6665,138937,-4392.49,70.425,89.2165
0.305807,0,-239.597,7.36937,3.02402,49222.7,-518.664,-595.858,48.6605,138943,-4391.1,70.3811,89.2172
0.305817,0,-239.597,7.36697,3.02409,49191.4,-518.171,-595.863,48.6546,138950,-4389.71,70.337,89.2179
0.305827,0,-239.597,7.36457,3.02417,49160.1,-517.679,-595.868,48.6486,138956,-4388.31,70.2931,89.2186
0.305837,0,-239.597,7.36217,3.02424,49128.8,-517.187,-595.873,48.6426,138962,-4386.92,70.2492,89.2193
0.305847,0,-239.597,7.35978,3.02432,49097.5,-516.695,-595.879,48.6367,138968,-4385.53,70.2053,89.22
0.305857,0,-239.597,7.35738,3.02439,49066.2,-516.204,-595.884,48.6307,138974,-4384.14,70.1614,89.2207
0.305867,0,-239.597,7.35498,3.02446,49034.9,-515.713,-595.889,48.6248,138980,-4382.75,70.1175,89.2215
0.305877,0,-239.597,7.35258,3.02454,49003.7,-515.222,-595.894,48.6188,138986,-4381.36,70.0736,89.2222
0.305887,0,-239.597,7.35018,3.02461,48972.4,-514.731,-595.899,48.6129,138992,-4379.96,70.0297,89.2229
0.305898,0,-239.597,7.34778,3.02468,48941.2,-514.24,-595.904,48.6069,138998,-4378.57,69.9858,89.2236
0.305908,0,-239.597,7.34538,3.02476,48910,-513.751,-595.909,48.6009,139004,-4377.18,69.9421,89.2243
0.305918,0,-239.597,7.34298,3.02483,48878.7,-513.261,-595.915,48.595,139010,-4375.79,69.8982,89.225
0.305928,0,-239.597,7.34058,3.0249,48847.5,-512.772,-595.92,48.589,139016,-4374.4,69.8544,89.2257
0.305938,0,-239.597,7.33818,3.02498,48816.3,-512.283,-595.925,48.5831,139022,-4373.01,69.8106,89.2264
0.305948,0,-239.597,7.33578,3.02505,48785.1,-511.794,-595.93,48.5771,139028,-4371.61,69.7667,89.2271
0.305958,0,-239.597,7.33338,3.02512,48753.9,-511.305,-595.935,48.5711,139035,-4370.22,69.723,89.2278
0.305968,0,-239.597,7.33098,3.0252,48722.7,-510.817,-595.94,48.5652,139041,-4368.83,69.6792,89.2284
0.305978,0,-239.597,7.32859,3.02527,48691.6,-510.33,-595.945,48.5592,139047,-4367.44,69.6356,89.2291
0.305988,0,-239.597,7.32619,3.02534,48660.4,-509.843,-595.951,48.5533,139053,-4366.04,69.5918,89.2298
0.305998,0,-239.597,7.32379,3.02542,48629.3,-509.355,-595.956,48.5473,139059,-4364.65,69.5481,89.2305
0.306008,0,-239.597,7.32139,3.02549,48598.2,-508.869,-595.961,48.5413,139065,-4363.26,69.5045,89.2312
0.306018,0,-239.597,7.31899,3.02556,48567,-508.382,-595.966,48.5354,139071,-4361.87,69.4607,89.2319
0.306028,0,-239.597,7.31659,3.02564,48535.9,-507.896,-595.971,48.5294,139077,-4360.47,69.4171,89.2326
0.306038,0,-239.597,7.31419,3.02571,48504.8,-507.411,-595.976,48.5235,139083,-4359.08,69.3735,89.2333
0.306048,0,-239.597,7.31179,3.02578,48473.7,-506.924,-595.981,48.5175,139089,-4357.69,69.3297,89.234
0.306058,0,-239.597,7.30939,3.02586,48442.6,-506.439,-595.986,48.5116,139095,-4356.3,69.2861,89.2347
0.306068,0,-239.597,7.30699,3.02593,48411.5,-505.954,-595.991,48.5056,139101,-4354.9,69.2424,89.2354
0.306078,0,-239.597,7.30459,3.026,48380.5,-505.47,-595.996,48.4996,139107,-4353.51,69.199,89.2361
0.306088,0,-239.597,7.30219,3.02608,48349.4,-504.986,-596.001,48.4937,139112,-4352.12,69.1553,89.2368
0.306098,0,-239.597,7.29979,3.02615,48318.3,-504.501,-596.006,48.4877,139118,-4350.72,69.1117,89.2375
0.306108,0,-239.597,7.2974,3.02622,48287.3,-504.018,-596.011,48.4818,139124,-4349.33,69.0682,89.2382
0.306118,0,-239.597,7.295,3.0263,48256.3,-503.534,-596.016,48.4758,139130,-4347.94,69.0246,89.2389
0.306128,0,-239.597,7.2926,3.02637,48225.2,-503.051,-596.021,48.4698,139136,-4346.54,68.9811,89.2395
0.306138,0,-239.597,7.2902,3.02644,48194.2,-502.569,-596.026,48.4639,139142,-4345.15,68.9376,89.2402
0.306148,0,-239.597,7.2878,3.02652,48163.2,-502.086,-596.032,48.4579,139148,-4343.76,68.894,89.2409
0.306158,0,-239.597,7.2854,3.02659,48132.2,-501.604,-596.037,48.452,139154,-4342.36,68.8505,89.2416
0.306168,0,-239.597,7.283,3.02666,48101.3,-501.123,-596.042,48.446,139160,-4340.97,68.8072,89.2423
0.306178,0,-239.597,7.2806,3.02673,48070.3,-500.641,-596.047,48.4401,139166,-4339.58,68.7637,89.243
0.306188,0,-239.597,7.2782,3.02681,48039.3,-500.16,-596.052,48.4341,139172,-4338.18,68.7202,89.2437
0.306198,0,-239.597,7.2758,3.02688,48008.3,-499.678,-596.057,48.4281,139178,-4336.79,68.6767,89.2444
0.306208,0,-239.597,7.2734,3.02695,47977.4,-499.198,-596.062,48.4222,139184,-4335.4,68.6334,89.245
0.306218,0,-239.597,7.271,3.02703,47946.5,-498.717,-596.067,48.4162,139189,-4334,68.5899,89.2457
0.306228,0,-239.597,7.2686,3.0271,47915.5,-498.238,-596.072,48.4102,139195,-4332.61,68.5466,89.2464
0.306238,0,-239.597,7.26621,3.02717,47884.6,-497.758,-596.077,48.4043,139201,-4331.21,68.5032,89.2471
0.306248,0,-239.597,7.26381,3.02724,47853.7,-497.279,-596.082,48.3983,139207,-4329.82,68.4599,89.2478
0.306258,0,-239.597,7.26141,3.02732,47822.8,-496.8,-596.087,48.3924,139213,-4328.43,68.4165,89.2485
0.306268,0,-239.597,7.25901,3.02739,47792,-496.321,-596.091,48.3864,139219,-4327.03,68.3732,89.2492
0.306278,0,-239.597,7.25661,3.02746,47761.1,-495.843,-596.096,48.3804,139225,-4325.64,68.3298,89.2498
0.306288,0,-239.597,7.25421,3.02753,47730.2,-495.364,-596.101,48.3745,139230,-4324.24,68.2865,89.2505
0.306298,0,-239.597,7.25181,3.02761,47699.4,-494.887,-596.106,48.3685,139236,-4322.85,68.2433,89.2512
0.306308,0,-239.597,7.24941,3.02768,47668.5,-494.409,-596.111,48.3625,139242,-4321.46,68.1999,89.2519
0.306318,0,-239.597,7.24701,3.02775,47637.7,-493.933,-596.116,48.3566,139248,-4320.06,68.1567,89.2526
0.306328,0,-239.597,7.24461,3.02783,47606.8,-493.455,-596.121,48.3506,139254,-4318.67,68.1134,89.2533
0.306338,0,-239.597,7.24221,3.0279,47576,-492.979,-596.126,48.3447,139260,-4317.27,68.0702,89.2539
0.306348,0,-239.597,7.23981,3.02797,47545.2,-492.502,-596.131,48.3387,139265,-4315.88,68.027,89.2546
0.306358,0,-239.597,7.23741,3.02804,47514.4,-492.027,-596.136,48.3327,139271,-4314.48,67.9837,89.2553
0.306368,0,-239.597,7.23502,3.02812,47483.6,-491.551,-596.141,48.3268,139277,-4313.09,67.9405,89.256
0.306378,0,-239.597,7.23262,3.02819,47452.8,-491.075,-596.146,48.3208,139283,-4311.69,67.8973,89.2566
0.306388,0,-239.597,7.23022,3.02826,47422.1,-490.601,-596.151,48.3148,139289,-4310.3,67.8543,89.2573
0.306398,0,-239.597,7.22782,3.02833,47391.3,-490.126,-596.156,48.3089,139294,-4308.91,67.8111,89.258
0.306408,0,-239.597,7.22542,3.0284,47360.5,-489.651,-596.161,48.3029,139300,-4307.51,67.7678,89.2587
0.306418,0,-239.597,7.22302,3.02848,47329.8,-489.177,-596.166,48.297,139306,-4306.12,67.7248,89.2594
0.306428,0,-239.597,7.22062,3.02855,47299.1,-488.704,-596.17,48.291,139312,-4304.72,67.6817,89.26
0.306438,0,-239.597,7.21822,3.02862,47268.3,-488.23,-596.175,48.285,139318,-4303.33,67.6385,89.2607
0.306448,0,-239.597,7.21582,3.02869,47237.6,-487.757,-596.18,48.2791,139323,-4301.93,67.5954,89.2614
0.306458,0,-239.597,7.21342,3.02877,47206.9,-487.284,-596.185,48.2731,139329,-4300.54,67.5524,89.2621
0.306468,0,-239.597,7.21102,3.02884,47176.2,-486.812,-596.19,48.2671,139335,-4299.14,67.5094,89.2628
0.306478,0,-239.597,7.20862,3.02891,47145.5,-486.34,-596.195,48.2612,139340,-4297.74,67.4664,89.2634
0.306488,0,-239.597,7.20622,3.02898,47114.9,-485.867,-596.2,48.2552,139346,-4296.35,67.4233,89.2641
0.306498,0,-239.597,7.20383,3.02905,47084.2,-485.395,-596.205,48.2493,139352,-4294.95,67.3802,89.2648
0.306508,0,-239.597,7.20143,3.02913,47053.5,-484.925,-596.209,48.2433,139358,-4293.56,67.3373,89.2654
0.306518,0,-239.597,7.19903,3.0292,47022.9,-484.453,-596.214,48.2373,139363,-4292.16,67.2942,89.2661
0.306528,0,-239.597,7.19663,3.02927,46992.2,-483.983,-596.219,48.2314,139369,-4290.77,67.2513,89.2668
0.306538,0,-239.597,7.19423,3.02934,46961.6,-483.512,-596.224,48.2254,139375,-4289.37,67.2084,89.2675
0.306548,0,-239.597,7.19183,3.02942,46931,-483.042,-596.229,48.2194,139381,-4287.98,67.1654,89.2681
0.306558,0,-239.597,7.18943,3.02949,46900.4,-482.573,-596.234,48.2135,139386,-4286.58,67.1225,89.2688
0.306568,0,-239.597,7.18703,3.02956,46869.8,-482.103,-596.238,48.2075,139392,-4285.18,67.0796,89.2695
0.306578,0,-239.597,7.18463,3.02963,46839.2,-481.634,-596.243,48.2016,139398,-4283.79,67.0367,89.2701
0.306588,0,-239.597,7.18223,3.0297,46808.6,-481.164,-596.248,48.1956,139403,-4282.39,66.9937,89.2708
0.306598,0,-239.597,7.17983,3.02977,46778.1,-480.697,-596.253,48.1896,139409,-4281,66.9509,89.2715
0.306608,0,-239.597,7.17743,3.02985,46747.5,-480.228,-596.258,48.1837,139415,-4279.6,66.908,89.2722
0.306618,0,-239.597,7.17503,3.02992,46717,-479.76,-596.263,48.1777,139420,-4278.2,66.8652,89.2728
0.306628,0,-239.597,7.17264,3.02999,46686.4,-479.292,-596.267,48.1717,139426,-4276.81,66.8223,89.2735
0.306639,0,-239.597,7.17024,3.03006,46655.9,-478.825,-596.272,48.1658,139432,-4275.41,66.7795,89.2742
0.306649,0,-239.597,7.16784,3.03013,46625.3,-478.358,-596.277,48.1598,139437,-4274.02,66.7367,89.2748
0.306659,0,-239.597,7.16544,3.03021,46594.8,-477.891,-596.282,48.1539,139443,-4272.62,66.6939,89.2755
0.306669,0,-239.597,7.16304,3.03028,46564.3,-477.424,-596.287,48.1479,139449,-4271.22,66.6511,89.2762
0.306679,0,-239.597,7.16064,3.03035,46533.9,-476.959,-596.291,48.1419,139454,-4269.83,66.6085,89.2768
0.306689,0,-239.597,7.15824,3.03042,46503.4,-476.493,-596.296,48.136,139460,-4268.43,66.5657,89.2775
0.306699,0,-239.597,7.15584,3.03049,46472.9,-476.027,-596.301,48.13,139465,-4267.03,66.5229,89.2782
0.306709,0,-239.597,7.15344,3.03056,46442.4,-475.562,-596.306,48.124,139471,-4265.64,66.4802,89.2788
0.306719,0,-239.597,7.15104,3.03064,46412,-475.097,-596.31,48.1181,139477,-4264.24,66.4374,89.2795
0.306729,0,-239.597,7.14864,3.03071,46381.5,-474.633,-596.315,48.1121,139482,-4262.84,66.3948,89.2802
0.306739,0,-239.597,7.14624,3.03078,46351.1,-474.168,-596.32,48.1062,139488,-4261.45,66.3521,89.2808
0.306749,0,-239.597,7.14385,3.03085,46320.7,-473.705,-596.325,48.1002,139493,-4260.05,66.3095,89.2815
0.306759,0,-239.597,7.14145,3.03092,46290.3,-473.241,-596.329,48.0942,139499,-4258.65,66.2668,89.2821
0.306769,0,-239.597,7.13905,3.03099,46259.9,-472.777,-596.334,48.0883,139505,-4257.26,66.2242,89.2828
0.306779,0,-239.597,7.13665,3.03107,46229.4,-472.314,-596.339,48.0823,139510,-4255.86,66.1815,89.2835
0.306789,0,-239.597,7.13425,3.03114,46199.1,-471.851,-596.344,48.0763,139516,-4254.46,66.1389,89.2841
0.306799,0,-239.597,7.13185,3.03121,46168.7,-471.389,-596.348,48.0704,139521,-4253.07,66.0964,89.2848
0.306809,0,-239.597,7.12945,3.03128,46138.3,-470.927,-596.353,48.0644,139527,-4251.67,66.0537,89.2855
0.306819,0,-239.597,7.12705,3.03135,46108,-470.465,-596.358,48.0585,139532,-4250.27,66.0112,89.2861
0.306829,0,-239.597,7.12465,3.03142,46077.6,-470.004,-596.362,48.0525,139538,-4248.87,65.9687,89.2868
0.306839,0,-239.597,7.12225,3.03149,46047.3,-469.542,-596.367,48.0465,139543,-4247.48,65.926,89.2874
0.306849,0,-239.597,7.11985,3.03156,46016.9,-469.081,-596.372,48.0406,139549,-4246.08,65.8835,89.2881
0.306859,0,-239.597,7.11745,3.03164,45986.6,-468.62,-596.377,48.0346,139554,-4244.68,65.841,89.2887
0.306869,0,-239.597,7.11505,3.03171,45956.3,-468.161,-596.381,48.0286,139560,-4243.29,65.7986,89.2894
0.306879,0,-239.597,7.11266,3.03178,45926,-467.701,-596.386,48.0227,139566,-4241.89,65.7561,89.2901
0.306889,0,-239.597,7.11026,3.03185,45895.7,-467.24,-596.391,48.0167,139571,-4240.49,65.7136,89.2907
0.306899,0,-239.597,7.10786,3.03192,45865.5,-466.782,-596.395,48.0108,139577,-4239.09,65.6712,89.2914
0.306909,0,-239.597,7.10546,3.03199,45835.2,-466.322,-596.4,48.0048,139582,-4237.69,65.6287,89.292
0.306919,0,-239.597,7.10306,3.03206,45804.9,-465.862,-596.405,47.9988,139588,-4236.3,65.5862,89.2927
0.306929,0,-239.597,7.10066,3.03213,45774.7,-465.404,-596.409,47.9929,139593,-4234.9,65.5438,89.2933
0.306939,0,-239.597,7.09826,3.03221,45744.4,-464.946,-596.414,47.9869,139599,-4233.5,65.5014,89.294
0.306949,0,-239.597,7.09586,3.03228,45714.2,-464.488,-596.419,47.9809,139604,-4232.1,65.4591,89.2947
0.306959,0,-239.597,7.09346,3.03235,45684,-464.031,-596.423,47.975,139609,-4230.71,65.4167,89.2953
0.306969,0,-239.597,7.09106,3.03242,45653.8,-463.573,-596.428,47.969,139615,-4229.31,65.3743,89.296
0.306979,0,-239.597,7.08866,3.03249,45623.5,-463.116,-596.432,47.9631,139620,-4227.91,65.3319,89.2966
0.306989,0,-239.597,7.08626,3.03256,45593.4,-462.66,-596.437,47.9571,139626,-4226.51,65.2897,89.2973
0.306999,0,-239.597,7.08386,3.03263,45563.2,-462.203,-596.442,47.9511,139631,-4225.11,65.2473,89.2979
0.307009,0,-239.597,7.08147,3.0327,45533,-461.748,-596.446,47.9452,139637,-4223.71,65.2051,89.2986
0.307019,0,-239.597,7.07907,3.03277,45502.8,-461.291,-596.451,47.9392,139642,-4222.32,65.1627,89.2992
0.307029,0,-239.597,7.07667,3.03284,45472.7,-460.836,-596.456,47.9332,139648,-4220.92,65.1205,89.2999
0.307039,0,-239.597,7.07427,3.03292,45442.5,-460.381,-596.46,47.9273,139653,-4219.52,65.0782,89.3005
0.307049,0,-239.597,7.07187,3.03299,45412.4,-459.926,-596.465,47.9213,139659,-4218.12,65.036,89.3012
0.307059,0,-239.597,7.06947,3.03306,45382.3,-459.471,-596.469,47.9153,139664,-4216.72,64.9938,89.3018
0.307069,0,-239.597,7.06707,3.03313,45352.2,-459.017,-596.474,47.9094,139669,-4215.32,64.9515,89.3025
0.307079,0,-239.597,7.06467,3.0332,45322.1,-458.563,-596.479,47.9034,139675,-4213.93,64.9093,89.3031
0.307089,0,-239.597,7.06227,3.03327,45292,-458.11,-596.483,47.8974,139680,-4212.53,64.8672,89.3038
0.307099,0,-239.597,7.05987,3.03334,45261.9,-457.656,-596.488,47.8915,139686,-4211.13,64.825,89.3044
0.307109,0,-239.597,7.05747,3.03341,45231.8,-457.202,-596.492,47.8855,139691,-4209.73,64.7827,89.3051
0.307119,0,-239.597,7.05507,3.03348,45201.7,-456.75,-596.497,47.8795,139696,-4208.33,64.7406,89.3057
0.307129,0,-239.597,7.05267,3.03355,45171.7,-456.298,-596.502,47.8736,139702,-4206.93,64.6985,89.3064
0.307139,0,-239.597,7.05028,3.03362,45141.6,-455.846,-596.506,47.8676,139707,-4205.53,64.6564,89.307
0.307149,0,-239.597,7.04788,3.03369,45111.6,-455.394,-596.511,47.8616,139712,-4204.13,64.6143,89.3077
0.307159,0,-239.597,7.04548,3.03376,45081.6,-454.942,-596.515,47.8557,139718,-4202.73,64.5722,89.3083
0.307169,0,-239.597,7.04308,3.03383,45051.5,-454.491,-596.52,47.8497,139723,-4201.34,64.5302,89.309
0.307179,0,-239.597,7.04068,3.0339,45021.5,-454.04,-596.524,47.8437,139729,-4199.94,64.4881,89.3096
0.307189,0,-239.597,7.03828,3.03398,44991.5,-453.589,-596.529,47.8378,139734,-4198.54,64.446,89.3102
0.307199,0,-239.597,7.03588,3.03405,44961.5,-453.139,-596.533,47.8318,139739,-4197.14,64.404,89.3109
0.307209,0,-239.597,7.03348,3.03412,44931.6,-452.689,-596.538,47.8258,139745,-4195.74,64.362,89.3115
0.307219,0,-239.597,7.03108,3.03419,44901.6,-452.239,-596.542,47.8199,139750,-4194.34,64.3199,89.3122
0.307229,0,-239.597,7.02868,3.03426,44871.6,-451.79,-596.547,47.8139,139755,-4192.94,64.278,89.3128
0.307239,0,-239.597,7.02628,3.03433,44841.7,-451.341,-596.552,47.8079,139761,-4191.54,64.236,89.3135
0.307249,0,-239.597,7.02388,3.0344,44811.7,-450.892,-596.556,47.802,139766,-4190.14,64.1941,89.3141
0.307259,0,-239.597,7.02148,3.03447,44781.8,-450.443,-596.561,47.796,139771,-4188.74,64.1521,89.3147
0.307269,0,-239.597,7.01909,3.03454,44751.9,-449.995,-596.565,47.79,139776,-4187.34,64.1102,89.3154
0.307279,0,-239.597,7.01669,3.03461,44722,-449.546,-596.57,47.7841,139782,-4185.94,64.0682,89.316
0.307289,0,-239.597,7.01429,3.03468,44692.1,-449.099,-596.574,47.7781,139787,-4184.54,64.0264,89.3167
0.307299,0,-239.597,7.01189,3.03475,44662.2,-448.652,-596.579,47.7721,139792,-4183.14,63.9844,89.3173
0.307309,0,-239.597,7.00949,3.03482,44632.3,-448.204,-596.583,47.7662,139798,-4181.74,63.9425,89.3179
0.307319,0,-239.597,7.00709,3.03489,44602.4,-447.758,-596.588,47.7602,139803,-4180.34,63.9006,89.3186
0.307329,0,-239.597,7.00469,3.03496,44572.6,-447.311,-596.592,47.7542,139808,-4178.94,63.8588,89.3192
0.307339,0,-239.597,7.00229,3.03503,44542.7,-446.865,-596.596,47.7483,139814,-4177.54,63.817,89.3199
0.307349,0,-239.597,6.99989,3.0351,44512.9,-446.419,-596.601,47.7423,139819,-4176.14,63.7752,89.3205
0.307359,0,-239.597,6.99749,3.03517,44483,-445.974,-596.605,47.7363,139824,-4174.74,63.7334,89.3211
0.30737,0,-239.597,6.99509,3.03524,44453.2,-445.528,-596.61,47.7304,139829,-4173.34,63.6915,89.3218
0.30738,0,-239.597,6.99269,3.03531,44423.4,-445.083,-596.614,47.7244,139835,-4171.94,63.6497,89.3224
0.30739,0,-239.597,6.99029,3.03538,44393.6,-444.638,-596.619,47.7184,139840,-4170.54,63.6079,89.3231
0.3074,0,-239.597,6.9879,3.03545,44363.8,-444.194,-596.623,47.7125,139845,-4169.14,63.5662,89.3237
0.30741,0,-239.597,6.9855,3.03552,44334,-443.751,-596.628,47.7065,139850,-4167.74,63.5246,89.3243
0.30742,0,-239.597,6.9831,3.03559,44304.2,-443.306,-596.632,47.7005,139855,-4166.34,63.4827,89.325
0.30743,0,-239.597,6.9807,3.03566,44274.5,-442.863,-596.637,47.6946,139861,-4164.94,63.4411,89.3256
0.30744,0,-239.597,6.9783,3.03573,44244.7,-442.42,-596.641,47.6886,139866,-4163.54,63.3994,89.3262
0.30745,0,-239.597,6.9759,3.0358,44215,-441.977,-596.645,47.6826,139871,-4162.14,63.3577,89.3269
0.30746,0,-239.597,6.9735,3.03587,44185.2,-441.534,-596.65,47.6767,139876,-4160.74,63.316,89.3275
0.30747,0,-239.597,6.9711,3.03594,44155.5,-441.092,-596.654,47.6707,139882,-4159.34,63.2743,89.3281
0.30748,0,-239.597,6.9687,3.03601,44125.8,-440.65,-596.659,47.6647,139887,-4157.94,63.2327,89.3288
0.30749,0,-239.597,6.9663,3.03608,44096.1,-440.208,-596.663,47.6588,139892,-4156.54,63.1911,89.3294
0.3075,0,-239.597,6.9639,3.03615,44066.4,-439.767,-596.668,47.6528,139897,-4155.14,63.1494,89.33
0.30751,0,-239.597,6.9615,3.03622,44036.7,-439.326,-596.672,47.6469,139902,-4153.73,63.1079,89.3307
0.30752,0,-239.597,6.95911,3.03629,44007,-438.884,-596.676,47.6409,139907,-4152.33,63.0662,89.3313
0.30753,0,-239.597,6.95671,3.03636,43977.3,-438.444,-596.681,47.6349,139913,-4150.93,63.0247,89.3319
0.30754,0,-239.597,6.95431,3.03643,43947.7,-438.004,-596.685,47.629,139918,-4149.53,62.9831,89.3326
0.30755,0,-239.597,6.95191,3.0365,43918,-437.564,-596.69,47.623,139923,-4148.13,62.9416,89.3332
0.30756,0,-239.597,6.94951,3.03657,43888.4,-437.124,-596.694,47.617,139928,-4146.73,62.9001,89.3338
0.30757,0,-239.597,6.94711,3.03664,43858.7,-436.685,-596.698,47.6111,139933,-4145.33,62.8585,89.3344
0.30758,0,-239.597,6.94471,3.03671,43829.1,-436.246,-596.703,47.6051,139938,-4143.93,62.817,89.3351
0.30759,0,-239.597,6.94231,3.03677,43799.5,-435.807,-596.707,47.5991,139944,-4142.52,62.7756,89.3357
0.3076,0,-239.597,6.93991,3.03684,43769.9,-435.369,-596.711,47.5932,139949,-4141.12,62.734,89.3363
0.30761,0,-239.597,6.93751,3.03691,43740.3,-434.931,-596.716,47.5872,139954,-4139.72,62.6926,89.3369
0.30762,0,-239.597,6.93511,3.03698,43710.7,-434.492,-596.72,47.5812,139959,-4138.32,62.6511,89.3376
0.30763,0,-239.597,6.93271,3.03705,43681.2,-434.055,-596.724,47.5753,139964,-4136.92,62.6097,89.3382
0.30764,0,-239.597,6.93031,3.03712,43651.6,-433.618,-596.729,47.5693,139969,-4135.52,62.5683,89.3388
0.30765,0,-239.597,6.92792,3.03719,43622,-433.181,-596.733,47.5633,139974,-4134.12,62.5269,89.3394
0.30766,0,-239.597,6.92552,3.03726,43592.5,-432.744,-596.737,47.5574,139979,-4132.71,62.4855,89.3401
0.30767,0,-239.597,6.92312,3.03733,43563,-432.308,-596.742,47.5514,139984,-4131.31,62.4441,89.3407
0.30768,0,-239.597,6.92072,3.0374,43533.5,-431.872,-596.746,47.5454,139990,-4129.91,62.4028,89.3413
0.30769,0,-239.597,6.91832,3.03747,43503.9,-431.436,-596.75,47.5395,139995,-4128.51,62.3614,89.3419
0.3077,0,-239.597,6.91592,3.03754,43474.4,-431,-596.755,47.5335,140000,-4127.11,62.32,89.3426
0.30771,0,-239.597,6.91352,3.03761,43444.9,-430.565,-596.759,47.5275,140005,-4125.71,62.2788,89.3432
0.30772,0,-239.597,6.91112,3.03768,43415.5,-430.131,-596.763,47.5216,140010,-4124.3,62.2375,89.3438
0.30773,0,-239.597,6.90872,3.03775,43386,-429.695,-596.768,47.5156,140015,-4122.9,62.1961,89.3444
0.30774,0,-239.597,6.90632,3.03782,43356.5,-429.261,-596.772,47.5096,140020,-4121.5,62.1548,89.3451
0.30775,0,-239.597,6.90392,3.03788,43327,-428.827,-596.776,47.5037,140025,-4120.1,62.1136,89.3457
0.30776,0,-239.597,6.90152,3.03795,43297.6,-428.394,-596.781,47.4977,140030,-4118.69,62.0724,89.3463
0.30777,0,-239.597,6.89912,3.03802,43268.2,-427.961,-596.785,47.4917,140035,-4117.29,62.0312,89.3469
0.30778,0,-239.597,6.89673,3.03809,43238.8,-427.527,-596.789,47.4858,140040,-4115.89,61.9899,89.3475
0.30779,0,-239.597,6.89433,3.03816,43209.3,-427.094,-596.793,47.4798,140045,-4114.49,61.9487,89.3482
0.3078,0,-239.597,6.89193,3.03823,43179.9,-426.662,-596.798,47.4738,140050,-4113.09,61.9075,89.3488
0.30781,0,-239.597,6.88953,3.0383,43150.5,-426.229,-596.802,47.4679,140055,-4111.68,61.8663,89.3494
0.30782,0,-239.597,6.88713,3.03837,43121.1,-425.798,-596.806,47.4619,140060,-4110.28,61.8252,89.35
0.30783,0,-239.597,6.88473,3.03844,43091.8,-425.366,-596.81,47.4559,140065,-4108.88,61.784,89.3506
0.30784,0,-239.597,6.88233,3.03851,43062.4,-424.935,-596.815,47.45,140070,-4107.48,61.7429,89.3512
0.30785,0,-239.597,6.87993,3.03857,43033,-424.504,-596.819,47.444,140075,-4106.07,61.7018,89.3519
0.30786,0,-239.597,6.87753,3.03864,43003.7,-424.073,-596.823,47.438,140080,-4104.67,61.6607,89.3525
0.30787,0,-239.597,6.87513,3.03871,42974.3,-423.642,-596.827,47.4321,140085,-4103.27,61.6195,89.3531
0.30788,0,-239.597,6.87273,3.03878,42945,-423.212,-596.832,47.4261,140090,-4101.87,61.5784,89.3537
0.30789,0,-239.597,6.87033,3.03885,42915.7,-422.783,-596.836,47.4201,140095,-4100.46,61.5374,89.3543
0.3079,0,-239.597,6.86793,3.03892,42886.4,-422.353,-596.84,47.4141,140100,-4099.06,61.4963,89.3549
0.30791,0,-239.597,6.86554,3.03899,42857.1,-421.924,-596.844,47.4082,140105,-4097.66,61.4553,89.3556
0.30792,0,-239.597,6.86314,3.03906,42827.8,-421.495,-596.849,47.4022,140110,-4096.25,61.4143,89.3562
0.30793,0,-239.597,6.86074,3.03912,42798.5,-421.066,-596.853,47.3962,140115,-4094.85,61.3732,89.3568
0.30794,0,-239.597,6.85834,3.03919,42769.2,-420.637,-596.857,47.3903,140120,-4093.45,61.3322,89.3574
0.30795,0,-239.597,6.85594,3.03926,42740,-420.209,-596.861,47.3843,140125,-4092.04,61.2913,89.358
0.30796,0,-239.597,6.85354,3.03933,42710.7,-419.781,-596.865,47.3783,140130,-4090.64,61.2503,89.3586
0.30797,0,-239.597,6.85114,3.0394,42681.5,-419.354,-596.87,47.3724,140135,-4089.24,61.2094,89.3592
0.30798,0,-239.597,6.84874,3.03947,42652.3,-418.927,-596.874,47.3664,140140,-4087.83,61.1685,89.3598
0.30799,0,-239.597,6.84634,3.03954,42623,-418.5,-596.878,47.3604,140145,-4086.43,61.1275,89.3605
0.308,0,-239.597,6.84394,3.0396,42593.9,-418.073,-596.882,47.3544,140150,-4085.03,61.0866,89.3611
0.30801,0,-239.597,6.84154,3.03967,42564.6,-417.646,-596.886,47.3485,140155,-4083.62,61.0456,89.3617
0.30802,0,-239.597,6.83914,3.03974,42535.4,-417.221,-596.891,47.3425,140160,-4082.22,61.0048,89.3623
0.30803,0,-239.597,6.83674,3.03981,42506.3,-416.795,-596.895,47.3365,140165,-4080.82,60.964,89.3629
0.30804,0,-239.597,6.83435,3.03988,42477.1,-416.37,-596.899,47.3306,140169,-4079.41,60.9231,89.3635
0.30805,0,-239.597,6.83195,3.03995,42447.9,-415.944,-596.903,47.3246,140174,-4078.01,60.8823,89.3641
0.30806,0,-239.597,6.82955,3.04002,42418.8,-415.519,-596.907,47.3186,140179,-4076.61,60.8414,89.3647
0.30807,0,-239.597,6.82715,3.04008,42389.6,-415.095,-596.911,47.3127,140184,-4075.2,60.8006,89.3653
0.30808,0,-239.597,6.82475,3.04015,42360.5,-414.67,-596.916,47.3067,140189,-4073.8,60.7597,89.366
0.30809,0,-239.597,6.82235,3.04022,42331.4,-414.246,-596.92,47.3007,140194,-4072.4,60.719,89.3666
0.3081,0,-239.597,6.81995,3.04029,42302.3,-413.822,-596.924,47.2947,140199,-4070.99,60.6782,89.3672
0.308111,0,-239.597,6.81755,3.04036,42273.2,-413.399,-596.928,47.2888,140204,-4069.59,60.6375,89.3678
0.308121,0,-239.597,6.81515,3.04043,42244.1,-412.976,-596.932,47.2828,140209,-4068.18,60.5968,89.3684
0.308131,0,-239.597,6.81275,3.04049,42215,-412.553,-596.936,47.2768,140213,-4066.78,60.5559,89.369
0.308141,0,-239.597,6.81035,3.04056,42185.9,-412.13,-596.94,47.2709,140218,-4065.38,60.5152,89.3696
0.308151,0,-239.597,6.80795,3.04063,42156.8,-411.708,-596.945,47.2649,140223,-4063.97,60.4745,89.3702
0.308161,0,-239.597,6.80555,3.0407,42127.8,-411.286,-596.949,47.2589,140228,-4062.57,60.4338,89.3708
0.308171,0,-239.597,6.80316,3.04077,42098.8,-410.865,-596.953,47.253,140233,-4061.16,60.3933,89.3714
0.308181,0,-239.597,6.80076,3.04083,42069.7,-410.443,-596.957,47.247,140238,-4059.76,60.3526,89.372
0.308191,0,-239.597,6.79836,3.0409,42040.7,-410.022,-596.961,47.241,140242,-4058.35,60.312,89.3726
0.308201,0,-239.597,6.79596,3.04097,42011.7,-409.601,-596.965,47.235,140247,-4056.95,60.2713,89.3732
0.308211,0,-239.597,6.79356,3.04104,41982.7,-409.181,-596.969,47.2291,140252,-4055.55,60.2307,89.3738
0.308221,0,-239.597,6.79116,3.04111,41953.7,-408.76,-596.973,47.2231,140257,-4054.14,60.19,89.3744
0.308231,0,-239.597,6.78876,3.04117,41924.7,-408.34,-596.977,47.2171,140262,-4052.74,60.1495,89.375
0.308241,0,-239.597,6.78636,3.04124,41895.7,-407.921,-596.982,47.2112,140267,-4051.33,60.1089,89.3756
0.308251,0,-239.597,6.78396,3.04131,41866.7,-407.501,-596.986,47.2052,140271,-4049.93,60.0683,89.3762
0.308261,0,-239.597,6.78156,3.04138,41837.8,-407.082,-596.99,47.1992,140276,-4048.52,60.0278,89.3768
0.308271,0,-239.597,6.77916,3.04145,41808.8,-406.663,-596.994,47.1933,140281,-4047.12,59.9872,89.3774
0.308281,0,-239.597,6.77676,3.04151,41779.9,-406.245,-596.998,47.1873,140286,-4045.71,59.9468,89.378
0.308291,0,-239.597,6.77436,3.04158,41751,-405.826,-597.002,47.1813,140290,-4044.31,59.9062,89.3786
0.308301,0,-239.597,6.77197,3.04165,41722.1,-405.409,-597.006,47.1753,140295,-4042.9,59.8658,89.3792
0.308311,0,-239.597,6.76957,3.04172,41693.1,-404.991,-597.01,47.1694,140300,-4041.5,59.8252,89.3798
0.308321,0,-239.597,6.76717,3.04179,41664.2,-404.574,-597.014,47.1634,140305,-4040.09,59.7848,89.3804
0.308331,0,-239.597,6.76477,3.04185,41635.4,-404.157,-597.018,47.1574,140310,-4038.69,59.7444,89.381
0.308341,0,-239.597,6.76237,3.04192,41606.5,-403.74,-597.022,47.1515,140314,-4037.28,59.7039,89.3816
0.308351,0,-239.597,6.75997,3.04199,41577.6,-403.324,-597.026,47.1455,140319,-4035.88,59.6635,89.3822
0.308361,0,-239.597,6.75757,3.04206,41548.7,-402.907,-597.03,47.1395,140324,-4034.47,59.6231,89.3828
0.308371,0,-239.597,6.75517,3.04212,41519.9,-402.491,-597.034,47.1336,140329,-4033.07,59.5827,89.3834
0.308381,0,-239.597,6.75277,3.04219,41491.1,-402.076,-597.038,47.1276,140333,-4031.66,59.5424,89.384
0.308391,0,-239.597,6.75037,3.04226,41462.2,-401.66,-597.042,47.1216,140338,-4030.26,59.502,89.3846
0.308401,0,-239.597,6.74797,3.04233,41433.4,-401.246,-597.046,47.1156,140343,-4028.85,59.4617,89.3852
0.308411,0,-239.597,6.74557,3.04239,41404.6,-400.83,-597.05,47.1097,140348,-4027.45,59.4212,89.3858
0.308421,0,-239.597,6.74318,3.04246,41375.8,-400.416,-597.054,47.1037,140352,-4026.04,59.381,89.3864
0.308431,0,-239.597,6.74078,3.04253,41347,-400.002,-597.058,47.0977,140357,-4024.64,59.3407,89.387
0.308441,0,-239.597,6.73838,3.0426,41318.2,-399.588,-597.062,47.0918,140362,-4023.23,59.3004,89.3876
0.308451,0,-239.597,6.73598,3.04266,41289.5,-399.175,-597.066,47.0858,140366,-4021.83,59.2601,89.3882
0.308461,0,-239.597,6.73358,3.04273,41260.7,-398.761,-597.07,47.0798,140371,-4020.42,59.2198,89.3887
0.308471,0,-239.597,6.73118,3.0428,41231.9,-398.348,-597.074,47.0739,140376,-4019.01,59.1795,89.3893
0.308481,0,-239.597,6.72878,3.04287,41203.2,-397.935,-597.078,47.0679,140380,-4017.61,59.1392,89.3899
0.308491,0,-239.597,6.72638,3.04293,41174.5,-397.523,-597.082,47.0619,140385,-4016.2,59.0991,89.3905
0.308501,0,-239.597,6.72398,3.043,41145.7,-397.11,-597.086,47.0559,140390,-4014.8,59.0588,89.3911
0.308511,0,-239.597,6.72158,3.04307,41117,-396.699,-597.09,47.05,140394,-4013.39,59.0187,89.3917
0.308521,0,-239.597,6.71918,3.04314,41088.3,-396.288,-597.094,47.044,140399,-4011.99,58.9785,89.3923
0.308531,0,-239.597,6.71678,3.0432,41059.6,-395.876,-597.098,47.038,140404,-4010.58,58.9384,89.3929
0.308541,0,-239.597,6.71438,3.04327,41031,-395.465,-597.102,47.0321,140408,-4009.17,58.8982,89.3935
0.308551,0,-239.597,6.71199,3.04334,41002.3,-395.055,-597.106,47.0261,140413,-4007.77,58.8581,89.3941
0.308561,0,-239.597,6.70959,3.04341,40973.6,-394.644,-597.11,47.0201,140418,-4006.36,58.8179,89.3946
0.308571,0,-239.597,6.70719,3.04347,40945,-394.234,-597.114,47.0142,140422,-4004.96,58.7778,89.3952
0.308581,0,-239.597,6.70479,3.04354,40916.3,-393.823,-597.118,47.0082,140427,-4003.55,58.7377,89.3958
0.308591,0,-239.597,6.70239,3.04361,40887.7,-393.414,-597.122,47.0022,140432,-4002.14,58.6976,89.3964
0.308601,0,-239.597,6.69999,3.04367,40859,-393.005,-597.126,46.9962,140436,-4000.74,58.6575,89.397
0.308611,0,-239.597,6.69759,3.04374,40830.4,-392.596,-597.13,46.9903,140441,-3999.33,58.6175,89.3976
0.308621,0,-239.597,6.69519,3.04381,40801.8,-392.187,-597.134,46.9843,140446,-3997.92,58.5775,89.3982
0.308631,0,-239.597,6.69279,3.04387,40773.2,-391.779,-597.138,46.9783,140450,-3996.52,58.5375,89.3988
0.308641,0,-239.597,6.69039,3.04394,40744.7,-391.371,-597.142,46.9724,140455,-3995.11,58.4975,89.3993
0.308651,0,-239.597,6.68799,3.04401,40716.1,-390.963,-597.146,46.9664,140459,-3993.71,58.4575,89.3999
0.308661,0,-239.597,6.68559,3.04408,40687.5,-390.555,-597.149,46.9604,140464,-3992.3,58.4175,89.4005
0.308671,0,-239.597,6.68319,3.04414,40659,-390.148,-597.153,46.9545,140469,-3990.89,58.3775,89.4011
0.308681,0,-239.597,6.6808,3.04421,40630.4,-389.742,-597.157,46.9485,140473,-3989.49,58.3376,89.4017
0.308691,0,-239.597,6.6784,3.04428,40601.9,-389.334,-597.161,46.9425,140478,-3988.08,58.2976,89.4023
0.308701,0,-239.597,6.676,3.04434,40573.3,-388.927,-597.165,46.9365,140482,-3986.67,58.2576,89.4028
0.308711,0,-239.597,6.6736,3.04441,40544.8,-388.522,-597.169,46.9306,140487,-3985.26,58.2177,89.4034
0.308721,0,-239.597,6.6712,3.04448,40516.3,-388.116,-597.173,46.9246,140491,-3983.86,58.1779,89.404
0.308731,0,-239.597,6.6688,3.04454,40487.8,-387.711,-597.177,46.9186,140496,-3982.45,58.138,89.4046
0.308741,0,-239.597,6.6664,3.04461,40459.4,-387.305,-597.181,46.9127,140501,-3981.04,58.0981,89.4052
0.308751,0,-239.597,6.664,3.04468,40430.9,-386.9,-597.184,46.9067,140505,-3979.64,58.0583,89.4057
0.308761,0,-239.597,6.6616,3.04474,40402.4,-386.495,-597.188,46.9007,140510,-3978.23,58.0184,89.4063
0.308771,0,-239.597,6.6592,3.04481,40373.9,-386.091,-597.192,46.8948,140514,-3976.82,57.9785,89.4069
0.308781,0,-239.597,6.6568,3.04488,40345.5,-385.686,-597.196,46.8888,140519,-3975.42,57.9387,89.4075
0.308791,0,-239.597,6.6544,3.04494,40317.1,-385.283,-597.2,46.8828,140523,-3974.01,57.8989,89.4081
0.308801,0,-239.597,6.652,3.04501,40288.6,-384.88,-597.204,46.8768,140528,-3972.6,57.8592,89.4086
0.308811,0,-239.597,6.64961,3.04508,40260.2,-384.476,-597.208,46.8709,140532,-3971.19,57.8193,89.4092
0.308821,0,-239.597,6.64721,3.04514,40231.8,-384.073,-597.211,46.8649,140537,-3969.79,57.7796,89.4098
0.308831,0,-239.597,6.64481,3.04521,40203.4,-383.67,-597.215,46.8589,140541,-3968.38,57.7399,89.4104
0.308841,0,-239.597,6.64241,3.04528,40175,-383.268,-597.219,46.8529,140546,-3966.97,57.7002,89.411
0.308852,0,-239.597,6.64001,3.04534,40146.6,-382.866,-597.223,46.847,140550,-3965.57,57.6604,89.4115
0.308862,0,-239.597,6.63761,3.04541,40118.3,-382.464,-597.227,46.841,140555,-3964.16,57.6207,89.4121
0.308872,0,-239.597,6.63521,3.04548,40089.9,-382.062,-597.231,46.835,140559,-3962.75,57.581,89.4127
0.308882,0,-239.597,6.63281,3.04554,40061.6,-381.661,-597.234,46.829,140564,-3961.34,57.5414,89.4133
0.308892,0,-239.597,6.63041,3.04561,40033.2,-381.26,-597.238,46.8231,140568,-3959.94,57.5017,89.4138
0.308902,0,-239.597,6.62801,3.04568,40004.9,-380.859,-597.242,46.8171,140573,-3958.53,57.4621,89.4144
0.308912,0,-239.597,6.62561,3.04574,39976.6,-380.458,-597.246,46.8111,140577,-3957.12,57.4223,89.415
0.308922,0,-239.597,6.62321,3.04581,39948.3,-380.058,-597.25,46.8051,140582,-3955.71,57.3828,89.4156
0.308932,0,-239.597,6.62081,3.04587,39920,-379.659,-597.254,46.7992,140586,-3954.31,57.3432,89.4161
0.308942,0,-239.597,6.61842,3.04594,39891.7,-379.259,-597.257,46.7932,140591,-3952.9,57.3036,89.4167
0.308952,0,-239.597,6.61602,3.04601,39863.4,-378.86,-597.261,46.7872,140595,-3951.49,57.264,89.4173
0.308962,0,-239.597,6.61362,3.04607,39835.1,-378.46,-597.265,46.7812,140600,-3950.08,57.2244,89.4178
0.308972,0,-239.597,6.61122,3.04614,39806.9,-378.062,-597.269,46.7753,140604,-3948.67,57.185,89.4184
0.308982,0,-239.597,6.60882,3.04621,39778.6,-377.664,-597.272,46.7693,140609,-3947.27,57.1454,89.419
0.308992,0,-239.597,6.60642,3.04627,39750.4,-377.265,-597.276,46.7633,140613,-3945.86,57.1058,89.4196
0.309002,0,-239.597,6.60402,3.04634,39722.1,-376.867,-597.28,46.7574,140618,-3944.45,57.0664,89.4201
0.309012,0,-239.597,6.60162,3.0464,39693.9,-376.47,-597.284,46.7514,140622,-3943.04,57.0269,89.4207
0.309022,0,-239.597,6.59922,3.04647,39665.7,-376.073,-597.288,46.7454,140626,-3941.63,56.9875,89.4213
0.309032,0,-239.597,6.59682,3.04654,39637.5,-375.675,-597.291,46.7394,140631,-3940.22,56.9479,89.4218
0.309042,0,-239.597,6.59442,3.0466,39609.3,-375.278,-597.295,46.7335,140635,-3938.82,56.9084,89.4224
0.309052,0,-239.597,6.59202,3.04667,39581.1,-374.882,-597.299,46.7275,140640,-3937.41,56.869,89.423
0.309062,0,-239.597,6.58962,3.04673,39553,-374.486,-597.303,46.7215,140644,-3936,56.8297,89.4236
0.309072,0,-239.597,6.58723,3.0468,39524.8,-374.09,-597.306,46.7155,140648,-3934.59,56.7902,89.4241
0.309082,0,-239.597,6.58483,3.04687,39496.6,-373.694,-597.31,46.7096,140653,-3933.18,56.7508,89.4247
0.309092,0,-239.597,6.58243,3.04693,39468.5,-373.299,-597.314,46.7036,140657,-3931.77,56.7115,89.4253
0.309102,0,-239.597,6.58003,3.047,39440.4,-372.904,-597.318,46.6976,140662,-3930.37,56.6722,89.4258
0.309112,0,-239.597,6.57763,3.04706,39412.2,-372.509,-597.321,46.6916,140666,-3928.96,56.6327,89.4264
0.309122,0,-239.597,6.57523,3.04713,39384.1,-372.115,-597.325,46.6857,140670,-3927.55,56.5934,89.4269
0.309132,0,-239.597,6.57283,3.0472,39356,-371.721,-597.329,46.6797,140675,-3926.14,56.5541,89.4275
0.309142,0,-239.597,6.57043,3.04726,39327.9,-371.327,-597.332,46.6737,140679,-3924.73,56.5148,89.4281
0.309152,0,-239.597,6.56803,3.04733,39299.9,-370.933,-597.336,46.6677,140684,-3923.32,56.4755,89.4286
0.309162,0,-239.597,6.56563,3.04739,39271.8,-370.539,-597.34,46.6618,140688,-3921.91,56.4362,89.4292
0.309172,0,-239.597,6.56323,3.04746,39243.7,-370.146,-597.344,46.6558,140692,-3920.51,56.3969,89.4298
0.309182,0,-239.597,6.56083,3.04752,39215.7,-369.754,-597.347,46.6498,140697,-3919.1,56.3577,89.4303
0.309192,0,-239.597,6.55843,3.04759,39187.6,-369.361,-597.351,46.6439,140701,-3917.69,56.3184,89.4309
0.309202,0,-239.597,6.55604,3.04766,39159.6,-368.969,-597.355,46.6379,140705,-3916.28,56.2792,89.4315
0.309212,0,-239.597,6.55364,3.04772,39131.6,-368.577,-597.358,46.6319,140710,-3914.87,56.2401,89.432
0.309222,0,-239.597,6.55124,3.04779,39103.5,-368.185,-597.362,46.6259,140714,-3913.46,56.2008,89.4326
0.309232,0,-239.597,6.54884,3.04785,39075.5,-367.793,-597.366,46.62,140718,-3912.05,56.1616,89.4332
0.309242,0,-239.597,6.54644,3.04792,39047.5,-367.402,-597.369,46.614,140723,-3910.64,56.1224,89.4337
0.309252,0,-239.597,6.54404,3.04798,39019.6,-367.011,-597.373,46.608,140727,-3909.23,56.0833,89.4343
0.309262,0,-239.597,6.54164,3.04805,38991.6,-366.62,-597.377,46.602,140731,-3907.82,56.0441,89.4348
0.309272,0,-239.597,6.53924,3.04811,38963.6,-366.231,-597.38,46.5961,140736,-3906.42,56.0051,89.4354
0.309282,0,-239.597,6.53684,3.04818,38935.7,-365.84,-597.384,46.5901,140740,-3905.01,55.9659,89.436
0.309292,0,-239.597,6.53444,3.04825,38907.7,-365.451,-597.388,46.5841,140744,-3903.6,55.9269,89.4365
0.309302,0,-239.597,6.53204,3.04831,38879.8,-365.061,-597.391,46.5781,140748,-3902.19,55.8877,89.4371
0.309312,0,-239.597,6.52964,3.04838,38851.9,-364.672,-597.395,46.5722,140753,-3900.78,55.8487,89.4376
0.309322,0,-239.597,6.52725,3.04844,38823.9,-364.283,-597.399,46.5662,140757,-3899.37,55.8097,89.4382
0.309332,0,-239.597,6.52485,3.04851,38796,-363.895,-597.402,46.5602,140761,-3897.96,55.7706,89.4387
0.309342,0,-239.597,6.52245,3.04857,38768.1,-363.506,-597.406,46.5542,140766,-3896.55,55.7316,89.4393
0.309352,0,-239.597,6.52005,3.04864,38740.3,-363.118,-597.41,46.5483,140770,-3895.14,55.6926,89.4399
0.309362,0,-239.597,6.51765,3.0487,38712.4,-362.73,-597.413,46.5423,140774,-3893.73,55.6536,89.4404
0.309372,0,-239.597,6.51525,3.04877,38684.5,-362.343,-597.417,46.5363,140778,-3892.32,55.6145,89.441
0.309382,0,-239.597,6.51285,3.04883,38656.7,-361.956,-597.421,46.5303,140783,-3890.91,55.5756,89.4415
0.309392,0,-239.597,6.51045,3.0489,38628.8,-361.568,-597.424,46.5244,140787,-3889.5,55.5366,89.4421
0.309402,0,-239.597,6.50805,3.04896,38601,-361.182,-597.428,46.5184,140791,-3888.09,55.4977,89.4426
0.309412,0,-239.597,6.50565,3.04903,38573.2,-360.796,-597.431,46.5124,140795,-3886.68,55.4589,89.4432
0.309422,0,-239.597,6.50325,3.04909,38545.3,-360.409,-597.435,46.5065,140800,-3885.27,55.4198,89.4438
0.309432,0,-239.597,6.50085,3.04916,38517.5,-360.023,-597.439,46.5005,140804,-3883.86,55.3809,89.4443
0.309442,0,-239.597,6.49845,3.04922,38489.7,-359.639,-597.442,46.4945,140808,-3882.45,55.3422,89.4449
0.309452,0,-239.597,6.49606,3.04929,38461.9,-359.252,-597.446,46.4885,140812,-3881.04,55.3032,89.4454
0.309462,0,-239.597,6.49366,3.04935,38434.2,-358.868,-597.449,46.4826,140817,-3879.63,55.2644,89.446
0.309472,0,-239.597,6.49126,3.04942,38406.4,-358.483,-597.453,46.4766,140821,-3878.22,55.2255,89.4465
0.309482,0,-239.597,6.48886,3.04948,38378.6,-358.098,-597.457,46.4706,140825,-3876.81,55.1866,89.4471
0.309492,0,-239.597,6.48646,3.04955,38350.9,-357.715,-597.46,46.4646,140829,-3875.4,55.1479,89.4476
0.309502,0,-239.597,6.48406,3.04961,38323.2,-357.331,-597.464,46.4587,140833,-3873.99,55.1092,89.4482
0.309512,0,-239.597,6.48166,3.04968,38295.4,-356.947,-597.467,46.4527,140838,-3872.58,55.0703,89.4487
0.309522,0,-239.597,6.47926,3.04974,38267.7,-356.564,-597.471,46.4467,140842,-3871.17,55.0315,89.4493
0.309532,0,-239.597,6.47686,3.04981,38240,-356.181,-597.474,46.4407,140846,-3869.76,54.9928,89.4498
0.309542,0,-239.597,6.47446,3.04987,38212.3,-355.798,-597.478,46.4348,140850,-3868.35,54.954,89.4504
0.309552,0,-239.597,6.47206,3.04994,38184.6,-355.415,-597.482,46.4288,140854,-3866.94,54.9153,89.4509
0.309562,0,-239.597,6.46966,3.05,38156.9,-355.034,-597.485,46.4228,140859,-3865.53,54.8767,89.4515
0.309572,0,-239.597,6.46726,3.05007,38129.3,-354.651,-597.489,46.4168,140863,-3864.12,54.8379,89.452
0.309583,0,-239.597,6.46487,3.05013,38101.6,-354.269,-597.492,46.4109,140867,-3862.71,54.7992,89.4526
0.309593,0,-239.597,6.46247,3.0502,38074,-353.888,-597.496,46.4049,140871,-3861.3,54.7606,89.4531
0.309603,0,-239.597,6.46007,3.05026,38046.3,-353.507,-597.499,46.3989,140875,-3859.89,54.7218,89.4537
0.309613,0,-239.597,6.45767,3.05033,38018.7,-353.126,-597.503,46.393,140879,-3858.48,54.6832,89.4542
0.309623,0,-239.597,6.45527,3.05039,37991.1,-352.746,-597.506,46.387,140884,-3857.06,54.6446,89.4548
0.309633,0,-239.597,6.45287,3.05046,37963.5,-352.365,-597.51,46.381,140888,-3855.65,54.606,89.4553
0.309643,0,-239.597,6.45047,3.05052,37935.9,-351.985,-597.514,46.375,140892,-3854.24,54.5674,89.4559
0.309653,0,-239.597,6.44807,3.05059,37908.3,-351.606,-597.517,46.3691,140896,-3852.83,54.5288,89.4564
0.309663,0,-239.597,6.44567,3.05065,37880.7,-351.226,-597.521,46.3631,140900,-3851.42,54.4902,89.4569
0.309673,0,-239.597,6.44327,3.05071,37853.1,-350.846,-597.524,46.3571,140904,-3850.01,54.4516,89.4575
0.309683,0,-239.597,6.44087,3.05078,37825.5,-350.468,-597.528,46.3511,140908,-3848.6,54.4131,89.458
0.309693,0,-239.597,6.43847,3.05084,37798,-350.09,-597.531,46.3452,140912,-3847.19,54.3747,89.4586
0.309703,0,-239.597,6.43607,3.05091,37770.5,-349.711,-597.535,46.3392,140917,-3845.78,54.3361,89.4591
0.309713,0,-239.597,6.43368,3.05097,37742.9,-349.333,-597.538,46.3332,140921,-3844.37,54.2976,89.4597
0.309723,0,-239.597,6.43128,3.05104,37715.4,-348.955,-597.542,46.3272,140925,-3842.95,54.2591,89.4602
0.309733,0,-239.597,6.42888,3.0511,37687.9,-348.577,-597.545,46.3213,140929,-3841.54,54.2205,89.4607
0.309743,0,-239.597,6.42648,3.05117,37660.4,-348.201,-597.549,46.3153,140933,-3840.13,54.1822,89.4613
0.309753,0,-239.597,6.42408,3.05123,37632.9,-347.824,-597.552,46.3093,140937,-3838.72,54.1437,89.4618
0.309763,0,-239.597,6.42168,3.05129,37605.4,-347.447,-597.556,46.3033,140941,-3837.31,54.1053,89.4624
0.309773,0,-239.597,6.41928,3.05136,37577.9,-347.07,-597.559,46.2974,140945,-3835.9,54.0668,89.4629
0.309783,0,-239.597,6.41688,3.05142,37550.5,-346.694,-597.562,46.2914,140949,-3834.49,54.0285,89.4634
0.309793,0,-239.597,6.41448,3.05149,37523,-346.318,-597.566,46.2854,140953,-3833.08,53.99,89.464
0.309803,0,-239.597,6.41208,3.05155,37495.6,-345.943,-597.569,46.2794,140957,-3831.66,53.9517,89.4645
0.309813,0,-239.597,6.40968,3.05162,37468.2,-345.568,-597.573,46.2735,140962,-3830.25,53.9133,89.4651
0.309823,0,-239.597,6.40728,3.05168,37440.8,-345.193,-597.576,46.2675,140966,-3828.84,53.875,89.4656
0.309833,0,-239.597,6.40488,3.05174,37413.3,-344.818,-597.58,46.2615,140970,-3827.43,53.8367,89.4662
0.309843,0,-239.597,6.40249,3.05181,37385.9,-344.443,-597.583,46.2555,140974,-3826.02,53.7984,89.4667
0.309853,0,-239.597,6.40009,3.05187,37358.5,-344.069,-597.587,46.2496,140978,-3824.61,53.76,89.4672
0.309863,0,-239.597,6.39769,3.05194,37331.2,-343.695,-597.59,46.2436,140982,-3823.2,53.7217,89.4678
0.309873,0,-239.597,6.39529,3.052,37303.8,-343.321,-597.594,46.2376,140986,-3821.78,53.6834,89.4683
0.309883,0,-239.597,6.39289,3.05206,37276.4,-342.948,-597.597,46.2316,140990,-3820.37,53.6452,89.4688
0.309893,0,-239.597,6.39049,3.05213,37249.1,-342.574,-597.6,46.2257,140994,-3818.96,53.6069,89.4694
0.309903,0,-239.597,6.38809,3.05219,37221.7,-342.202,-597.604,46.2197,140998,-3817.55,53.5687,89.4699
0.309913,0,-239.597,6.38569,3.05226,37194.4,-341.829,-597.607,46.2137,141002,-3816.14,53.5305,89.4704
0.309923,0,-239.597,6.38329,3.05232,37167.1,-341.457,-597.611,46.2077,141006,-3814.72,53.4923,89.471
0.309933,0,-239.597,6.38089,3.05238,37139.7,-341.084,-597.614,46.2017,141010,-3813.31,53.454,89.4715
0.309943,0,-239.597,6.37849,3.05245,37112.4,-340.712,-597.618,46.1958,141014,-3811.9,53.4158,89.472
0.309953,0,-239.597,6.37609,3.05251,37085.2,-340.342,-597.621,46.1898,141018,-3810.49,53.3778,89.4726
0.309963,0,-239.597,6.37369,3.05258,37057.9,-339.97,-597.624,46.1838,141022,-3809.08,53.3396,89.4731
0.309973,0,-239.597,6.3713,3.05264,37030.6,-339.599,-597.628,46.1778,141026,-3807.66,53.3014,89.4736
0.309983,0,-239.597,6.3689,3.0527,37003.3,-339.229,-597.631,46.1719,141030,-3806.25,53.2634,89.4742
0.309993,0,-239.597,6.3665,3.05277,36976.1,-338.858,-597.635,46.1659,141034,-3804.84,53.2252,89.4747
0.310003,0,-239.597,6.3641,3.05283,36948.8,-338.488,-597.638,46.1599,141038,-3803.43,53.1871,89.4752
0.310013,0,-239.597,6.3617,3.05289,36921.6,-338.118,-597.641,46.1539,141042,-3802.01,53.1491,89.4758
0.310023,0,-239.597,6.3593,3.05296,36894.4,-337.749,-597.645,46.1479,141046,-3800.6,53.111,89.4763
0.310033,0,-239.597,6.3569,3.05302,36867.2,-337.38,-597.648,46.142,141050,-3799.19,53.073,89.4768
0.310043,0,-239.597,6.3545,3.05309,36840,-337.011,-597.651,46.136,141054,-3797.78,53.0349,89.4774
0.310053,0,-239.597,6.3521,3.05315,36812.8,-336.642,-597.655,46.13,141058,-3796.36,52.9969,89.4779
0.310063,0,-239.597,6.3497,3.05321,36785.6,-336.273,-597.658,46.124,141062,-3794.95,52.9589,89.4784
0.310073,0,-239.597,6.3473,3.05328,36758.4,-335.904,-597.662,46.1181,141066,-3793.54,52.9208,89.479
0.310083,0,-239.597,6.3449,3.05334,36731.3,-335.537,-597.665,46.1121,141070,-3792.13,52.8829,89.4795
0.310093,0,-239.597,6.3425,3.0534,36704.1,-335.17,-597.668,46.1061,141074,-3790.71,52.845,89.48
0.310103,0,-239.597,6.34011,3.05347,36677,-334.802,-597.672,46.1001,141078,-3789.3,52.807,89.4805
0.310113,0,-239.597,6.33771,3.05353,36649.8,-334.435,-597.675,46.0941,141081,-3787.89,52.7691,89.4811
0.310123,0,-239.597,6.33531,3.05359,36622.7,-334.068,-597.678,46.0882,141085,-3786.48,52.7312,89.4816
0.310133,0,-239.597,6.33291,3.05366,36595.6,-333.701,-597.682,46.0822,141089,-3785.06,52.6932,89.4821
0.310143,0,-239.597,6.33051,3.05372,36568.5,-333.335,-597.685,46.0762,141093,-3783.65,52.6553,89.4826
0.310153,0,-239.597,6.32811,3.05378,36541.4,-332.969,-597.688,46.0702,141097,-3782.24,52.6174,89.4832
0.310163,0,-239.597,6.32571,3.05385,36514.3,-332.603,-597.692,46.0643,141101,-3780.82,52.5795,89.4837
0.310173,0,-239.597,6.32331,3.05391,36487.2,-332.238,-597.695,46.0583,141105,-3779.41,52.5418,89.4842
0.310183,0,-239.597,6.32091,3.05397,36460.2,-331.872,-597.698,46.0523,141109,-3778,52.5039,89.4847
0.310193,0,-239.597,6.31851,3.05404,36433.1,-331.508,-597.702,46.0463,141113,-3776.59,52.4661,89.4853
0.310203,0,-239.597,6.31611,3.0541,36406,-331.142,-597.705,46.0403,141117,-3775.17,52.4282,89.4858
0.310213,0,-239.597,6.31371,3.05416,36379,-330.778,-597.708,46.0344,141121,-3773.76,52.3904,89.4863
0.310223,0,-239.597,6.31132,3.05423,36352,-330.414,-597.712,46.0284,141124,-3772.35,52.3527,89.4869
0.310233,0,-239.597,6.30892,3.05429,36325,-330.05,-597.715,46.0224,141128,-3770.93,52.3149,89.4874
0.310243,0,-239.597,6.30652,3.05435,36298,-329.687,-597.718,46.0164,141132,-3769.52,52.2771,89.4879
0.310253,0,-239.597,6.30412,3.05442,36271,-329.323,-597.722,46.0105,141136,-3768.11,52.2394,89.4884
0.310263,0,-239.597,6.30172,3.05448,36244,-328.961,-597.725,46.0045,141140,-3766.69,52.2018,89.4889
0.310273,0,-239.597,6.29932,3.05454,36217,-328.598,-597.728,45.9985,141144,-3765.28,52.164,89.4895
0.310283,0,-239.597,6.29692,3.05461,36190,-328.235,-597.731,45.9925,141148,-3763.87,52.1262,89.49
0.310293,0,-239.597,6.29452,3.05467,36163.1,-327.873,-597.735,45.9865,141152,-3762.45,52.0886,89.4905
0.310303,0,-239.597,6.29212,3.05473,36136.2,-327.511,-597.738,45.9806,141155,-3761.04,52.051,89.491
0.310313,0,-239.597,6.28972,3.0548,36109.2,-327.149,-597.741,45.9746,141159,-3759.63,52.0132,89.4915
0.310324,0,-239.597,6.28732,3.05486,36082.3,-326.787,-597.745,45.9686,141163,-3758.21,51.9756,89.4921
0.310334,0,-239.597,6.28492,3.05492,36055.4,-326.426,-597.748,45.9626,141167,-3756.8,51.938,89.4926
0.310344,0,-239.597,6.28252,3.05498,36028.5,-326.065,-597.751,45.9567,141171,-3755.39,51.9003,89.4931
0.310354,0,-239.597,6.28013,3.05505,36001.6,-325.705,-597.754,45.9507,141175,-3753.97,51.8629,89.4936
0.310364,0,-239.597,6.27773,3.05511,35974.7,-325.345,-597.758,45.9447,141178,-3752.56,51.8252,89.4941
0.310374,0,-239.597,6.27533,3.05517,35947.8,-324.984,-597.761,45.9387,141182,-3751.14,51.7876,89.4947
0.310384,0,-239.597,6.27293,3.05524,35921,-324.625,-597.764,45.9328,141186,-3749.73,51.7501,89.4952
0.310394,0,-239.597,6.27053,3.0553,35894.1,-324.265,-597.767,45.9268,141190,-3748.32,51.7125,89.4957
0.310404,0,-239.597,6.26813,3.05536,35867.2,-323.906,-597.771,45.9208,141194,-3746.9,51.675,89.4962
0.310414,0,-239.597,6.26573,3.05542,35840.4,-323.547,-597.774,45.9148,141197,-3745.49,51.6375,89.4967
0.310424,0,-239.597,6.26333,3.05549,35813.6,-323.188,-597.777,45.9088,141201,-3744.08,51.6001,89.4972
0.310434,0,-239.597,6.26093,3.05555,35786.8,-322.83,-597.78,45.9029,141205,-3742.66,51.5626,89.4978
0.310444,0,-239.597,6.25853,3.05561,35760,-322.471,-597.784,45.8969,141209,-3741.25,51.5251,89.4983
0.310454,0,-239.597,6.25613,3.05567,35733.2,-322.113,-597.787,45.8909,141213,-3739.83,51.4876,89.4988
0.310464,0,-239.597,6.25373,3.05574,35706.4,-321.755,-597.79,45.8849,141216,-3738.42,51.4501,89.4993
0.310474,0,-239.597,6.25133,3.0558,35679.6,-321.398,-597.793,45.879,141220,-3737.01,51.4128,89.4998
0.310484,0,-239.597,6.24894,3.05586,35652.8,-321.041,-597.796,45.873,141224,-3735.59,51.3753,89.5003
0.310494,0,-239.597,6.24654,3.05592,35626.1,-320.684,-597.8,45.867,141228,-3734.18,51.338,89.5008
0.310504,0,-239.597,6.24414,3.05599,35599.3,-320.327,-597.803,45.861,141231,-3732.76,51.3005,89.5014
0.310514,0,-239.597,6.24174,3.05605,35572.6,-319.971,-597.806,45.855,141235,-3731.35,51.2631,89.5019
0.310524,0,-239.597,6.23934,3.05611,35545.9,-319.615,-597.809,45.8491,141239,-3729.93,51.2258,89.5024
0.310534,0,-239.597,6.23694,3.05617,35519.1,-319.259,-597.812,45.8431,141243,-3728.52,51.1884,89.5029
0.310544,0,-239.597,6.23454,3.05624,35492.4,-318.904,-597.816,45.8371,141246,-3727.11,51.1511,89.5034
0.310554,0,-239.597,6.23214,3.0563,35465.7,-318.548,-597.819,45.8311,141250,-3725.69,51.1138,89.5039
0.310564,0,-239.597,6.22974,3.05636,35439,-318.193,-597.822,45.8252,141254,-3724.28,51.0764,89.5044
0.310574,0,-239.597,6.22734,3.05642,35412.4,-317.839,-597.825,45.8192,141258,-3722.86,51.0392,89.5049
0.310584,0,-239.597,6.22494,3.05649,35385.7,-317.485,-597.828,45.8132,141261,-3721.45,51.002,89.5054
0.310594,0,-239.597,6.22254,3.05655,35359,-317.13,-597.832,45.8072,141265,-3720.03,50.9647,89.506
0.310604,0,-239.597,6.22014,3.05661,35332.4,-316.776,-597.835,45.8012,141269,-3718.62,50.9275,89.5065
0.310614,0,-239.597,6.21775,3.05667,35305.8,-316.423,-597.838,45.7953,141273,-3717.2,50.8903,89.507
0.310624,0,-239.597,6.21535,3.05674,35279.1,-316.069,-597.841,45.7893,141276,-3715.79,50.8531,89.5075
0.310634,0,-239.597,6.21295,3.0568,35252.5,-315.716,-597.844,45.7833,141280,-3714.37,50.8159,89.508
0.310644,0,-239.597,6.21055,3.05686,35225.9,-315.362,-597.847,45.7773,141284,-3712.96,50.7785,89.5085
0.310654,0,-239.597,6.20815,3.05692,35199.3,-315.01,-597.851,45.7714,141287,-3711.55,50.7415,89.509
0.310664,0,-239.597,6.20575,3.05698,35172.7,-314.658,-597.854,45.7654,141291,-3710.13,50.7043,89.5095
0.310674,0,-239.597,6.20335,3.05705,35146.2,-314.306,-597.857,45.7594,141295,-3708.72,50.6672,89.51
0.310684,0,-239.597,6.20095,3.05711,35119.6,-313.954,-597.86,45.7534,141299,-3707.3,50.63,89.5105
0.310694,0,-239.597,6.19855,3.05717,35093,-313.603,-597.863,45.7474,141302,-3705.89,50.5929,89.511
0.310704,0,-239.597,6.19615,3.05723,35066.5,-313.252,-597.866,45.7415,141306,-3704.47,50.5559,89.5115
0.310714,0,-239.597,6.19375,3.0573,35039.9,-312.9,-597.869,45.7355,141310,-3703.06,50.5187,89.512
0.310724,0,-239.597,6.19135,3.05736,35013.4,-312.549,-597.873,45.7295,141313,-3701.64,50.4816,89.5126
0.310734,0,-239.597,6.18895,3.05742,34986.9,-312.199,-597.876,45.7235,141317,-3700.23,50.4445,89.5131
0.310744,0,-239.597,6.18656,3.05748,34960.4,-311.849,-597.879,45.7176,141321,-3698.81,50.4075,89.5136
0.310754,0,-239.597,6.18416,3.05754,34933.9,-311.499,-597.882,45.7116,141324,-3697.4,50.3706,89.5141
0.310764,0,-239.597,6.18176,3.0576,34907.4,-311.149,-597.885,45.7056,141328,-3695.98,50.3335,89.5146
0.310774,0,-239.597,6.17936,3.05767,34880.9,-310.8,-597.888,45.6996,141332,-3694.57,50.2964,89.5151
0.310784,0,-239.597,6.17696,3.05773,34854.5,-310.451,-597.891,45.6936,141335,-3693.15,50.2595,89.5156
0.310794,0,-239.597,6.17456,3.05779,34828,-310.102,-597.894,45.6877,141339,-3691.73,50.2225,89.5161
0.310804,0,-239.597,6.17216,3.05785,34801.5,-309.753,-597.898,45.6817,141342,-3690.32,50.1855,89.5166
0.310814,0,-239.597,6.16976,3.05791,34775.1,-309.405,-597.901,45.6757,141346,-3688.9,50.1486,89.5171
0.310824,0,-239.597,6.16736,3.05798,34748.7,-309.057,-597.904,45.6697,141350,-3687.49,50.1117,89.5176
0.310834,0,-239.597,6.16496,3.05804,34722.3,-308.709,-597.907,45.6638,141353,-3686.07,50.0748,89.5181
0.310844,0,-239.597,6.16256,3.0581,34695.8,-308.361,-597.91,45.6578,141357,-3684.66,50.0378,89.5186
0.310854,0,-239.597,6.16016,3.05816,34669.4,-308.014,-597.913,45.6518,141361,-3683.24,50.0009,89.5191
0.310864,0,-239.597,6.15776,3.05822,34643.1,-307.667,-597.916,45.6458,141364,-3681.83,49.9641,89.5196
0.310874,0,-239.597,6.15537,3.05828,34616.7,-307.32,-597.919,45.6398,141368,-3680.41,49.9272,89.5201
0.310884,0,-239.597,6.15297,3.05835,34590.3,-306.974,-597.922,45.6339,141371,-3679,49.8904,89.5206
0.310894,0,-239.597,6.15057,3.05841,34563.9,-306.627,-597.925,45.6279,141375,-3677.58,49.8535,89.5211
0.310904,0,-239.597,6.14817,3.05847,34537.6,-306.282,-597.928,45.6219,141379,-3676.16,49.8167,89.5216
0.310914,0,-239.597,6.14577,3.05853,34511.3,-305.936,-597.931,45.6159,141382,-3674.75,49.78,89.5221
0.310924,0,-239.597,6.14337,3.05859,34484.9,-305.591,-597.934,45.61,141386,-3673.33,49.7432,89.5226
0.310934,0,-239.597,6.14097,3.05865,34458.6,-305.245,-597.938,45.604,141389,-3671.92,49.7063,89.5231
0.310944,0,-239.597,6.13857,3.05872,34432.3,-304.901,-597.941,45.598,141393,-3670.5,49.6696,89.5236
0.310954,0,-239.597,6.13617,3.05878,34406,-304.556,-597.944,45.592,141397,-3669.09,49.6328,89.5241
0.310964,0,-239.597,6.13377,3.05884,34379.7,-304.211,-597.947,45.586,141400,-3667.67,49.5961,89.5246
0.310974,0,-239.597,6.13137,3.0589,34353.4,-303.867,-597.95,45.5801,141404,-3666.25,49.5594,89.5251
0.310984,0,-239.597,6.12897,3.05896,34327.2,-303.523,-597.953,45.5741,141407,-3664.84,49.5226,89.5256
0.310994,0,-239.597,6.12657,3.05902,34300.9,-303.18,-597.956,45.5681,141411,-3663.42,49.486,89.526
0.311004,0,-239.597,6.12418,3.05908,34274.7,-302.837,-597.959,45.5621,141414,-3662.01,49.4494,89.5265
0.311014,0,-239.597,6.12178,3.05914,34248.4,-302.493,-597.962,45.5561,141418,-3660.59,49.4126,89.527
0.311024,0,-239.597,6.11938,3.05921,34222.2,-302.15,-597.965,45.5502,141421,-3659.17,49.3759,89.5275
0.311034,0,-239.597,6.11698,3.05927,34196,-301.808,-597.968,45.5442,141425,-3657.76,49.3394,89.528
0.311044,0,-239.597,6.11458,3.05933,34169.8,-301.466,-597.971,45.5382,141429,-3656.34,49.3028,89.5285
0.311054,0,-239.597,6.11218,3.05939,34143.6,-301.124,-597.974,45.5322,141432,-3654.92,49.2662,89.529
0.311065,0,-239.597,6.10978,3.05945,34117.4,-300.782,-597.977,45.5262,141436,-3653.51,49.2295,89.5295
0.311075,0,-239.597,6.10738,3.05951,34091.2,-300.441,-597.98,45.5203,141439,-3652.09,49.193,89.53
0.311085,0,-239.597,6.10498,3.05957,34065,-300.099,-597.983,45.5143,141443,-3650.68,49.1564,89.5305
0.311095,0,-239.597,6.10258,3.05963,34038.9,-299.758,-597.986,45.5083,141446,-3649.26,49.1199,89.531
0.311105,0,-239.597,6.10018,3.0597,34012.7,-299.417,-597.989,45.5023,141450,-3647.84,49.0832,89.5315
0.311115,0,-239.597,6.09778,3.05976,33986.6,-299.077,-597.992,45.4963,141453,-3646.43,49.0467,89.532
0.311125,0,-239.597,6.09539,3.05982,33960.4,-298.736,-597.995,45.4904,141457,-3645.01,49.0103,89.5325
0.311135,0,-239.597,6.09299,3.05988,33934.3,-298.396,-597.998,45.4844,141460,-3643.59,48.9738,89.5329
0.311145,0,-239.597,6.09059,3.05994,33908.2,-298.057,-598.001,45.4784,141464,-3642.18,48.9373,89.5334
0.311155,0,-239.597,6.08819,3.06,33882.1,-297.718,-598.004,45.4724,141467,-3640.76,48.9009,89.5339
0.311165,0,-239.597,6.08579,3.06006,33856,-297.378,-598.007,45.4664,141471,-3639.34,48.8644,89.5344
0.311175,0,-239.597,6.08339,3.06012,33830,-297.04,-598.01,45.4604,141474,-3637.93,48.828,89.5349
0.311185,0,-239.597,6.08099,3.06018,33803.9,-296.701,-598.013,45.4545,141478,-3636.51,48.7915,89.5354
0.311195,0,-239.597,6.07859,3.06024,33777.8,-296.363,-598.016,45.4485,141481,-3635.09,48.7552,89.5359
0.311205,0,-239.597,6.07619,3.06031,33751.8,-296.025,-598.019,45.4425,141485,-3633.68,48.7188,89.5364
0.311215,0,-239.597,6.07379,3.06037,33725.7,-295.686,-598.022,45.4365,141488,-3632.26,48.6823,89.5368
0.311225,0,-239.597,6.07139,3.06043,33699.7,-295.349,-598.025,45.4305,141492,-3630.84,48.646,89.5373
0.311235,0,-239.597,6.06899,3.06049,33673.7,-295.011,-598.028,45.4246,141495,-3629.43,48.6096,89.5378
0.311245,0,-239.597,6.06659,3.06055,33647.7,-294.674,-598.031,45.4186,141499,-3628.01,48.5733,89.5383
0.311255,0,-239.597,6.0642,3.06061,33621.7,-294.338,-598.034,45.4126,141502,-3626.59,48.537,89.5388
0.311265,0,-239.597,6.0618,3.06067,33595.7,-294.001,-598.036,45.4066,141505,-3625.18,48.5007,89.5393
0.311275,0,-239.597,6.0594,3.06073,33569.7,-293.665,-598.039,45.4006,141509,-3623.76,48.4645,89.5398
0.311285,0,-239.597,6.057,3.06079,33543.7,-293.329,-598.042,45.3946,141512,-3622.34,48.4281,89.5403
0.311295,0,-239.597,6.0546,3.06085,33517.8,-292.993,-598.045,45.3887,141516,-3620.92,48.3919,89.5407
0.311305,0,-239.597,6.0522,3.06091,33491.8,-292.658,-598.048,45.3827,141519,-3619.51,48.3557,89.5412
0.311315,0,-239.597,6.0498,3.06097,33465.9,-292.322,-598.051,45.3767,141523,-3618.09,48.3193,89.5417
0.311325,0,-239.597,6.0474,3.06103,33439.9,-291.987,-598.054,45.3707,141526,-3616.67,48.2831,89.5422
0.311335,0,-239.597,6.045,3.06109,33414,-291.652,-598.057,45.3647,141529,-3615.26,48.2469,89.5427
0.311345,0,-239.597,6.0426,3.06115,33388.1,-291.319,-598.06,45.3588,141533,-3613.84,48.2108,89.5431
0.311355,0,-239.597,6.0402,3.06122,33362.2,-290.984,-598.063,45.3528,141536,-3612.42,48.1746,89.5436
0.311365,0,-239.597,6.0378,3.06128,33336.3,-290.65,-598.066,45.3468,141540,-3611,48.1384,89.5441
0.311375,0,-239.597,6.0354,3.06134,33310.5,-290.317,-598.069,45.3408,141543,-3609.59,48.1023,89.5446
0.311385,0,-239.597,6.03301,3.0614,33284.6,-289.983,-598.072,45.3348,141547,-3608.17,48.0661,89.5451
0.311395,0,-239.597,6.03061,3.06146,33258.7,-289.65,-598.075,45.3289,141550,-3606.75,48.03,89.5455
0.311405,0,-239.597,6.02821,3.06152,33232.9,-289.317,-598.077,45.3229,141553,-3605.33,47.9939,89.546
0.311415,0,-239.597,6.02581,3.06158,33207,-288.984,-598.08,45.3169,141557,-3603.92,47.9577,89.5465
0.311425,0,-239.597,6.02341,3.06164,33181.2,-288.652,-598.083,45.3109,141560,-3602.5,47.9216,89.547
0.311435,0,-239.597,6.02101,3.0617,33155.4,-288.32,-598.086,45.3049,141564,-3601.08,47.8857,89.5475
0.311445,0,-239.597,6.01861,3.06176,33129.6,-287.988,-598.089,45.2989,141567,-3599.66,47.8496,89.548
0.311455,0,-239.597,6.01621,3.06182,33103.8,-287.656,-598.092,45.293,141570,-3598.25,47.8135,89.5484
0.311465,0,-239.597,6.01381,3.06188,33078,-287.325,-598.095,45.287,141574,-3596.83,47.7775,89.5489
0.311475,0,-239.597,6.01141,3.06194,33052.2,-286.994,-598.098,45.281,141577,-3595.41,47.7415,89.5494
0.311485,0,-239.597,6.00901,3.062,33026.4,-286.663,-598.101,45.275,141580,-3593.99,47.7054,89.5499
0.311495,0,-239.597,6.00661,3.06206,33000.7,-286.332,-598.103,45.269,141584,-3592.58,47.6695,89.5504
0.311505,0,-239.597,6.00421,3.06212,32974.9,-286.002,-598.106,45.2631,141587,-3591.16,47.6336,89.5508
0.311515,0,-239.597,6.00182,3.06218,32949.2,-285.671,-598.109,45.2571,141590,-3589.74,47.5975,89.5513
0.311525,0,-239.597,5.99942,3.06224,32923.5,-285.342,-598.112,45.2511,141594,-3588.32,47.5617,89.5518
0.311535,0,-239.597,5.99702,3.0623,32897.8,-285.013,-598.115,45.2451,141597,-3586.9,47.5258,89.5522
0.311545,0,-239.597,5.99462,3.06236,32872,-284.683,-598.118,45.2391,141600,-3585.49,47.4898,89.5527
0.311555,0,-239.597,5.99222,3.06242,32846.3,-284.354,-598.12,45.2332,141604,-3584.07,47.4539,89.5532
0.311565,0,-239.597,5.98982,3.06248,32820.7,-284.026,-598.123,45.2272,141607,-3582.65,47.4181,89.5537
0.311575,0,-239.597,5.98742,3.06254,32795,-283.697,-598.126,45.2212,141610,-3581.23,47.3822,89.5541
0.311585,0,-239.597,5.98502,3.0626,32769.3,-283.368,-598.129,45.2152,141614,-3579.81,47.3462,89.5546
0.311595,0,-239.597,5.98262,3.06266,32743.6,-283.04,-598.132,45.2092,141617,-3578.4,47.3104,89.5551
0.311605,0,-239.597,5.98022,3.06272,32718,-282.713,-598.135,45.2032,141620,-3576.98,47.2747,89.5556
0.311615,0,-239.597,5.97782,3.06278,32692.3,-282.386,-598.138,45.1973,141624,-3575.56,47.2389,89.556
0.311625,0,-239.597,5.97542,3.06284,32666.7,-282.058,-598.14,45.1913,141627,-3574.14,47.2031,89.5565
0.311635,0,-239.597,5.97302,3.0629,32641.1,-281.731,-598.143,45.1853,141630,-3572.72,47.1673,89.557
0.311645,0,-239.597,5.97063,3.06296,32615.5,-281.404,-598.146,45.1793,141634,-3571.31,47.1315,89.5574
0.311655,0,-239.597,5.96823,3.06302,32589.9,-281.078,-598.149,45.1733,141637,-3569.89,47.0958,89.5579
0.311665,0,-239.597,5.96583,3.06308,32564.3,-280.752,-598.152,45.1674,141640,-3568.47,47.06,89.5584
0.311675,0,-239.597,5.96343,3.06314,32538.7,-280.426,-598.154,45.1614,141644,-3567.05,47.0242,89.5589
0.311685,0,-239.597,5.96103,3.0632,32513.2,-280.1,-598.157,45.1554,141647,-3565.63,46.9886,89.5593
0.311695,0,-239.597,5.95863,3.06326,32487.6,-279.775,-598.16,45.1494,141650,-3564.21,46.9529,89.5598
0.311705,0,-239.597,5.95623,3.06332,32462,-279.449,-598.163,45.1434,141653,-3562.8,46.9171,89.5603
0.311715,0,-239.597,5.95383,3.06338,32436.5,-279.124,-598.166,45.1374,141657,-3561.38,46.8815,89.5608
0.311725,0,-239.597,5.95143,3.06344,32411,-278.801,-598.168,45.1315,141660,-3559.96,46.846,89.5612
0.311735,0,-239.597,5.94903,3.0635,32385.5,-278.476,-598.171,45.1255,141663,-3558.54,46.8103,89.5617
0.311745,0,-239.597,5.94663,3.06356,32360,-278.152,-598.174,45.1195,141666,-3557.12,46.7747,89.5621
0.311755,0,-239.597,5.94423,3.06362,32334.4,-277.828,-598.177,45.1135,141670,-3555.7,46.739,89.5626
0.311765,0,-239.597,5.94183,3.06367,32308.9,-277.504,-598.18,45.1075,141673,-3554.28,46.7033,89.5631
0.311775,0,-239.597,5.93944,3.06373,32283.5,-277.181,-598.182,45.1016,141676,-3552.87,46.6678,89.5635
0.311785,0,-239.597,5.93704,3.06379,32258,-276.857,-598.185,45.0956,141680,-3551.45,46.6322,89.564
0.311796,0,-239.597,5.93464,3.06385,32232.5,-276.534,-598.188,45.0896,141683,-3550.03,46.5967,89.5645
0.311806,0,-239.597,5.93224,3.06391,32207.1,-276.212,-598.191,45.0836,141686,-3548.61,46.5612,89.5649
0.311816,0,-239.597,5.92984,3.06397,32181.7,-275.89,-598.193,45.0776,141689,-3547.19,46.5256,89.5654
0.311826,0,-239.597,5.92744,3.06403,32156.2,-275.567,-598.196,45.0717,141692,-3545.77,46.4901,89.5659
0.311836,0,-239.597,5.92504,3.06409,32130.8,-275.245,-598.199,45.0657,141696,-3544.35,46.4546,89.5663
0.311846,0,-239.597,5.92264,3.06415,32105.4,-274.924,-598.202,45.0597,141699,-3542.93,46.4191,89.5668
0.311856,0,-239.597,5.92024,3.06421,32080,-274.602,-598.204,45.0537,141702,-3541.52,46.3836,89.5673
0.311866,0,-239.597,5.91784,3.06427,32054.6,-274.281,-598.207,45.0477,141705,-3540.1,46.3482,89.5677
0.311876,0,-239.597,5.91544,3.06433,32029.2,-273.96,-598.21,45.0417,141709,-3538.68,46.3127,89.5682
0.311886,0,-239.597,5.91304,3.06439,32003.9,-273.64,-598.213,45.0358,141712,-3537.26,46.2773,89.5687
0.311896,0,-239.597,5.91065,3.06445,31978.5,-273.32,-598.215,45.0298,141715,-3535.84,46.242,89.5691
0.311906,0,-239.597,5.90825,3.06451,31953.1,-272.999,-598.218,45.0238,141718,-3534.42,46.2065,89.5696
0.311916,0,-239.597,5.90585,3.06456,31927.8,-272.679,-598.221,45.0178,141721,-3533,46.1711,89.5701
0.311926,0,-239.597,5.90345,3.06462,31902.5,-272.36,-598.224,45.0118,141725,-3531.58,46.1357,89.5705
0.311936,0,-239.597,5.90105,3.06468,31877.1,-272.04,-598.226,45.0059,141728,-3530.16,46.1003,89.571
0.311946,0,-239.597,5.89865,3.06474,31851.8,-271.721,-598.229,44.9999,141731,-3528.74,46.065,89.5714
0.311956,0,-239.597,5.89625,3.0648,31826.6,-271.403,-598.232,44.9939,141734,-3527.32,46.0297,89.5719
0.311966,0,-239.597,5.89385,3.06486,31801.3,-271.084,-598.234,44.9879,141737,-3525.9,45.9944,89.5723
0.311976,0,-239.597,5.89145,3.06492,31776,-270.766,-598.237,44.9819,141740,-3524.49,45.9591,89.5728
0.311986,0,-239.597,5.88905,3.06498,31750.7,-270.447,-598.24,44.9759,141744,-3523.07,45.9238,89.5733
0.311996,0,-239.597,5.88665,3.06504,31725.5,-270.13,-598.243,44.97,141747,-3521.65,45.8885,89.5737
0.312006,0,-239.597,5.88425,3.0651,31700.2,-269.812,-598.245,44.964,141750,-3520.23,45.8533,89.5742
0.312016,0,-239.597,5.88185,3.06515,31675,-269.495,-598.248,44.958,141753,-3518.81,45.8181,89.5746
0.312026,0,-239.597,5.87946,3.06521,31649.8,-269.178,-598.251,44.952,141756,-3517.39,45.7828,89.5751
0.312036,0,-239.597,5.87706,3.06527,31624.5,-268.861,-598.253,44.946,141759,-3515.97,45.7476,89.5756
0.312046,0,-239.597,5.87466,3.06533,31599.3,-268.545,-598.256,44.9401,141763,-3514.55,45.7124,89.576
0.312056,0,-239.597,5.87226,3.06539,31574.1,-268.229,-598.259,44.9341,141766,-3513.13,45.6773,89.5765
0.312066,0,-239.597,5.86986,3.06545,31548.9,-267.912,-598.261,44.9281,141769,-3511.71,45.6421,89.5769
0.312076,0,-239.597,5.86746,3.06551,31523.7,-267.596,-598.264,44.9221,141772,-3510.29,45.6068,89.5774
0.312086,0,-239.597,5.86506,3.06557,31498.6,-267.281,-598.267,44.9161,141775,-3508.87,45.5717,89.5778
0.312096,0,-239.597,5.86266,3.06563,31473.4,-266.966,-598.27,44.9102,141778,-3507.45,45.5366,89.5783
0.312106,0,-239.597,5.86026,3.06568,31448.3,-266.651,-598.272,44.9042,141781,-3506.03,45.5016,89.5788
0.312116,0,-239.597,5.85786,3.06574,31423.1,-266.335,-598.275,44.8982,141785,-3504.61,45.4663,89.5792
0.312126,0,-239.597,5.85546,3.0658,31398,-266.022,-598.278,44.8922,141788,-3503.19,45.4314,89.5797
0.312136,0,-239.597,5.85306,3.06586,31372.9,-265.707,-598.28,44.8862,141791,-3501.77,45.3963,89.5801
0.312146,0,-239.597,5.85066,3.06592,31347.8,-265.393,-598.283,44.8802,141794,-3500.35,45.3612,89.5806
0.312156,0,-239.597,5.84827,3.06598,31322.7,-265.079,-598.286,44.8743,141797,-3498.93,45.3261,89.581
0.312166,0,-239.597,5.84587,3.06604,31297.6,-264.766,-598.288,44.8683,141800,-3497.51,45.2912,89.5815
0.312176,0,-239.597,5.84347,3.06609,31272.5,-264.452,-598.291,44.8623,141803,-3496.09,45.2561,89.5819
0.312186,0,-239.597,5.84107,3.06615,31247.5,-264.14,-598.293,44.8563,141806,-3494.67,45.2211,89.5824
0.312196,0,-239.597,5.83867,3.06621,31222.4,-263.826,-598.296,44.8503,141809,-3493.25,45.186,89.5828
0.312206,0,-239.597,5.83627,3.06627,31197.3,-263.514,-598.299,44.8444,141812,-3491.83,45.1511,89.5833
0.312216,0,-239.597,5.83387,3.06633,31172.3,-263.202,-598.301,44.8384,141816,-3490.41,45.1161,89.5837
0.312226,0,-239.597,5.83147,3.06639,31147.3,-262.89,-598.304,44.8324,141819,-3488.99,45.0812,89.5842
0.312236,0,-239.597,5.82907,3.06644,31122.3,-262.579,-598.307,44.8264,141822,-3487.57,45.0464,89.5846
0.312246,0,-239.597,5.82667,3.0665,31097.3,-262.267,-598.309,44.8204,141825,-3486.15,45.0114,89.5851
0.312256,0,-239.597,5.82427,3.06656,31072.2,-261.955,-598.312,44.8144,141828,-3484.73,44.9765,89.5855
0.312266,0,-239.597,5.82187,3.06662,31047.2,-261.644,-598.315,44.8085,141831,-3483.31,44.9415,89.586
0.312276,0,-239.597,5.81947,3.06668,31022.3,-261.334,-598.317,44.8025,141834,-3481.89,44.9067,89.5864
0.312286,0,-239.597,5.81708,3.06674,30997.3,-261.023,-598.32,44.7965,141837,-3480.47,44.8718,89.5869
0.312296,0,-239.597,5.81468,3.06679,30972.3,-260.713,-598.322,44.7905,141840,-3479.05,44.837,89.5873
0.312306,0,-239.597,5.81228,3.06685,30947.4,-260.403,-598.325,44.7845,141843,-3477.63,44.8022,89.5878
0.312316,0,-239.597,5.80988,3.06691,30922.5,-260.093,-598.328,44.7786,141846,-3476.21,44.7674,89.5882
0.312326,0,-239.597,5.80748,3.06697,30897.5,-259.783,-598.33,44.7726,141849,-3474.79,44.7326,89.5887
0.312336,0,-239.597,5.80508,3.06703,30872.6,-259.474,-598.333,44.7666,141852,-3473.37,44.6977,89.5891
0.312346,0,-239.597,5.80268,3.06709,30847.7,-259.166,-598.335,44.7606,141855,-3471.95,44.6631,89.5896
0.312356,0,-239.597,5.80028,3.06714,30822.8,-258.857,-598.338,44.7546,141858,-3470.53,44.6283,89.59
0.312366,0,-239.597,5.79788,3.0672,30797.9,-258.548,-598.341,44.7486,141861,-3469.11,44.5935,89.5905
0.312376,0,-239.597,5.79548,3.06726,30773.1,-258.24,-598.343,44.7427,141864,-3467.69,44.5588,89.5909
0.312386,0,-239.597,5.79308,3.06732,30748.2,-257.932,-598.346,44.7367,141867,-3466.27,44.5241,89.5914
0.312396,0,-239.597,5.79068,3.06738,30723.3,-257.624,-598.348,44.7307,141870,-3464.85,44.4893,89.5918
0.312406,0,-239.597,5.78828,3.06743,30698.5,-257.316,-598.351,44.7247,141874,-3463.43,44.4547,89.5922
0.312416,0,-239.597,5.78589,3.06749,30673.7,-257.009,-598.353,44.7187,141877,-3462,44.42,89.5927
0.312426,0,-239.597,5.78349,3.06755,30648.8,-256.702,-598.356,44.7127,141880,-3460.58,44.3853,89.5931
0.312436,0,-239.597,5.78109,3.06761,30624,-256.395,-598.359,44.7067,141883,-3459.16,44.3507,89.5936
0.312446,0,-239.597,5.77869,3.06767,30599.2,-256.088,-598.361,44.7008,141886,-3457.74,44.316,89.594
0.312456,0,-239.597,5.77629,3.06772,30574.4,-255.783,-598.364,44.6948,141889,-3456.32,44.2815,89.5945
0.312466,0,-239.597,5.77389,3.06778,30549.6,-255.476,-598.366,44.6888,141892,-3454.9,44.2468,89.5949
0.312476,0,-239.597,5.77149,3.06784,30524.8,-255.171,-598.369,44.6828,141895,-3453.48,44.2123,89.5953
0.312486,0,-239.597,5.76909,3.0679,30500.1,-254.865,-598.371,44.6768,141898,-3452.06,44.1776,89.5958
0.312496,0,-239.597,5.76669,3.06795,30475.3,-254.56,-598.374,44.6708,141900,-3450.64,44.1431,89.5962
0.312506,0,-239.597,5.76429,3.06801,30450.6,-254.255,-598.377,44.6649,141903,-3449.22,44.1086,89.5967
0.312516,0,-239.597,5.76189,3.06807,30425.8,-253.95,-598.379,44.6589,141906,-3447.8,44.074,89.5971
0.312526,0,-239.597,5.75949,3.06813,30401.1,-253.645,-598.382,44.6529,141909,-3446.38,44.0395,89.5976
0.312537,0,-239.597,5.7571,3.06819,30376.4,-253.341,-598.384,44.6469,141912,-3444.95,44.005,89.598
0.312547,0,-239.597,5.7547,3.06824,30351.7,-253.037,-598.387,44.6409,141915,-3443.53,43.9705,89.5984
0.312557,0,-239.597,5.7523,3.0683,30327,-252.733,-598.389,44.6349,141918,-3442.11,43.9361,89.5989
0.312567,0,-239.597,5.7499,3.06836,30302.3,-252.429,-598.392,44.6289,141921,-3440.69,43.9016,89.5993
0.312577,0,-239.597,5.7475,3.06842,30277.6,-252.127,-598.394,44.623,141924,-3439.27,43.8672,89.5998
0.312587,0,-239.597,5.7451,3.06847,30253,-251.824,-598.397,44.617,141927,-3437.85,43.8328,89.6002
0.312597,0,-239.597,5.7427,3.06853,30228.3,-251.52,-598.399,44.611,141930,-3436.43,43.7983,89.6006
0.312607,0,-239.597,5.7403,3.06859,30203.7,-251.218,-598.402,44.605,141933,-3435.01,43.7639,89.6011
0.312617,0,-239.597,5.7379,3.06865,30179,-250.916,-598.404,44.599,141936,-3433.59,43.7295,89.6015
0.312627,0,-239.597,5.7355,3.0687,30154.4,-250.613,-598.407,44.593,141939,-3432.16,43.6951,89.6019
0.312637,0,-239.597,5.7331,3.06876,30129.8,-250.311,-598.409,44.587,141942,-3430.74,43.6607,89.6024
0.312647,0,-239.597,5.7307,3.06882,30105.2,-250.01,-598.412,44.5811,141945,-3429.32,43.6265,89.6028
0.312657,0,-239.597,5.7283,3.06888,30080.6,-249.709,-598.414,44.5751,141948,-3427.9,43.5921,89.6032
0.312667,0,-239.597,5.72591,3.06893,30056,-249.407,-598.417,44.5691,141951,-3426.48,43.5577,89.6037
0.312677,0,-239.597,5.72351,3.06899,30031.4,-249.107,-598.419,44.5631,141954,-3425.06,43.5235,89.6041
0.312687,0,-239.597,5.72111,3.06905,30006.9,-248.807,-598.422,44.5571,141956,-3423.64,43.4892,89.6046
0.312697,0,-239.597,5.71871,3.0691,29982.3,-248.506,-598.424,44.5511,141959,-3422.21,43.4549,89.605
0.312707,0,-239.597,5.71631,3.06916,29957.7,-248.206,-598.427,44.5451,141962,-3420.79,43.4206,89.6054
0.312717,0,-239.597,5.71391,3.06922,29933.2,-247.906,-598.429,44.5392,141965,-3419.37,43.3864,89.6059
0.312727,0,-239.597,5.71151,3.06928,29908.7,-247.606,-598.432,44.5332,141968,-3417.95,43.3521,89.6063
0.312737,0,-239.597,5.70911,3.06933,29884.2,-247.307,-598.434,44.5272,141971,-3416.53,43.3179,89.6067
0.312747,0,-239.597,5.70671,3.06939,29859.7,-247.008,-598.437,44.5212,141974,-3415.11,43.2838,89.6072
0.312757,0,-239.597,5.70431,3.06945,29835.2,-246.709,-598.439,44.5152,141977,-3413.68,43.2495,89.6076
0.312767,0,-239.597,5.70191,3.0695,29810.7,-246.41,-598.442,44.5092,141980,-3412.26,43.2153,89.608
0.312777,0,-239.597,5.69951,3.06956,29786.2,-246.112,-598.444,44.5033,141983,-3410.84,43.1812,89.6085
0.312787,0,-239.597,5.69711,3.06962,29761.8,-245.814,-598.447,44.4973,141985,-3409.42,43.1471,89.6089
0.312797,0,-239.597,5.69472,3.06968,29737.3,-245.515,-598.449,44.4913,141988,-3408,43.1129,89.6093
0.312807,0,-239.597,5.69232,3.06973,29712.8,-245.218,-598.451,44.4853,141991,-3406.57,43.0788,89.6098
0.312817,0,-239.597,5.68992,3.06979,29688.4,-244.92,-598.454,44.4793,141994,-3405.15,43.0446,89.6102
0.312827,0,-239.597,5.68752,3.06985,29664,-244.623,-598.456,44.4733,141997,-3403.73,43.0105,89.6106
0.312837,0,-239.597,5.68512,3.0699,29639.6,-244.326,-598.459,44.4673,142000,-3402.31,42.9764,89.611
0.312847,0,-239.597,5.68272,3.06996,29615.2,-244.03,-598.461,44.4614,142003,-3400.89,42.9425,89.6115
0.312857,0,-239.597,5.68032,3.07002,29590.8,-243.733,-598.464,44.4554,142005,-3399.47,42.9084,89.6119
0.312867,0,-239.597,5.67792,3.07007,29566.4,-243.438,-598.466,44.4494,142008,-3398.04,42.8744,89.6123
0.312877,0,-239.597,5.67552,3.07013,29542,-243.141,-598.469,44.4434,142011,-3396.62,42.8403,89.6128
0.312887,0,-239.597,5.67312,3.07019,29517.6,-242.846,-598.471,44.4374,142014,-3395.2,42.8064,89.6132
0.312897,0,-239.597,5.67072,3.07024,29493.3,-242.55,-598.474,44.4314,142017,-3393.78,42.7724,89.6136
0.312907,0,-239.597,5.66832,3.0703,29469,-242.255,-598.476,44.4254,142020,-3392.36,42.7384,89.614
0.312917,0,-239.597,5.66592,3.07036,29444.6,-241.96,-598.478,44.4195,142023,-3390.93,42.7045,89.6145
0.312927,0,-239.597,5.66353,3.07042,29420.3,-241.666,-598.481,44.4135,142025,-3389.51,42.6705,89.6149
0.312937,0,-239.597,5.66113,3.07047,29396,-241.371,-598.483,44.4075,142028,-3388.09,42.6366,89.6153
0.312947,0,-239.597,5.65873,3.07053,29371.7,-241.077,-598.486,44.4015,142031,-3386.67,42.6026,89.6157
0.312957,0,-239.597,5.65633,3.07059,29347.4,-240.782,-598.488,44.3955,142034,-3385.24,42.5686,89.6162
0.312967,0,-239.597,5.65393,3.07064,29323.1,-240.489,-598.49,44.3895,142037,-3383.82,42.5348,89.6166
0.312977,0,-239.597,5.65153,3.0707,29298.8,-240.196,-598.493,44.3835,142039,-3382.4,42.501,89.617
0.312987,0,-239.597,5.64913,3.07076,29274.6,-239.902,-598.495,44.3776,142042,-3380.98,42.4671,89.6175
0.312997,0,-239.597,5.64673,3.07081,29250.3,-239.609,-598.498,44.3716,142045,-3379.55,42.4332,89.6179
0.313007,0,-239.597,5.64433,3.07087,29226.1,-239.316,-598.5,44.3656,142048,-3378.13,42.3994,89.6183
0.313017,0,-239.597,5.64193,3.07092,29201.8,-239.024,-598.502,44.3596,142051,-3376.71,42.3656,89.6187
0.313027,0,-239.597,5.63953,3.07098,29177.6,-238.731,-598.505,44.3536,142053,-3375.29,42.3318,89.6192
0.313037,0,-239.597,5.63713,3.07104,29153.4,-238.439,-598.507,44.3476,142056,-3373.87,42.298,89.6196
0.313047,0,-239.597,5.63473,3.07109,29129.2,-238.147,-598.51,44.3416,142059,-3372.44,42.2641,89.62
0.313057,0,-239.597,5.63234,3.07115,29105,-237.856,-598.512,44.3357,142062,-3371.02,42.2305,89.6204
0.313067,0,-239.597,5.62994,3.07121,29080.8,-237.564,-598.514,44.3297,142065,-3369.6,42.1966,89.6208
0.313077,0,-239.597,5.62754,3.07126,29056.6,-237.274,-598.517,44.3237,142067,-3368.18,42.163,89.6213
0.313087,0,-239.597,5.62514,3.07132,29032.5,-236.983,-598.519,44.3177,142070,-3366.75,42.1293,89.6217
0.313097,0,-239.597,5.62274,3.07138,29008.3,-236.692,-598.521,44.3117,142073,-3365.33,42.0955,89.6221
0.313107,0,-239.597,5.62034,3.07143,28984.2,-236.402,-598.524,44.3057,142076,-3363.91,42.0618,89.6225
0.313117,0,-239.597,5.61794,3.07149,28960,-236.111,-598.526,44.2998,142078,-3362.48,42.0281,89.6229
0.313127,0,-239.597,5.61554,3.07154,28935.9,-235.822,-598.529,44.2938,142081,-3361.06,41.9944,89.6234
0.313137,0,-239.597,5.61314,3.0716,28911.8,-235.532,-598.531,44.2878,142084,-3359.64,41.9608,89.6238
0.313147,0,-239.597,5.61074,3.07166,28887.7,-235.243,-598.533,44.2818,142087,-3358.22,41.9272,89.6242
0.313157,0,-239.597,5.60834,3.07171,28863.6,-234.953,-598.536,44.2758,142090,-3356.79,41.8936,89.6246
0.313167,0,-239.597,5.60594,3.07177,28839.5,-234.665,-598.538,44.2698,142092,-3355.37,41.86,89.625
0.313177,0,-239.597,5.60354,3.07183,28815.4,-234.376,-598.54,44.2638,142095,-3353.95,41.8263,89.6255
0.313187,0,-239.597,5.60115,3.07188,28791.4,-234.088,-598.543,44.2579,142098,-3352.53,41.7928,89.6259
0.313197,0,-239.597,5.59875,3.07194,28767.4,-233.8,-598.545,44.2519,142100,-3351.1,41.7593,89.6263
0.313207,0,-239.597,5.59635,3.07199,28743.3,-233.512,-598.547,44.2459,142103,-3349.68,41.7257,89.6267
0.313217,0,-239.597,5.59395,3.07205,28719.3,-233.224,-598.55,44.2399,142106,-3348.26,41.6922,89.6271
0.313227,0,-239.597,5.59155,3.07211,28695.3,-232.936,-598.552,44.2339,142109,-3346.83,41.6587,89.6276
0.313237,0,-239.597,5.58915,3.07216,28671.2,-232.649,-598.554,44.2279,142111,-3345.41,41.6251,89.628
0.313247,0,-239.597,5.58675,3.07222,28647.2,-232.362,-598.557,44.2219,142114,-3343.99,41.5916,89.6284
0.313257,0,-239.597,5.58435,3.07227,28623.3,-232.076,-598.559,44.216,142117,-3342.56,41.5582,89.6288
0.313267,0,-239.597,5.58195,3.07233,28599.3,-231.789,-598.561,44.21,142120,-3341.14,41.5247,89.6292
0.313278,0,-239.597,5.57955,3.07239,28575.3,-231.503,-598.564,44.204,142122,-3339.72,41.4913,89.6296
0.313288,0,-239.597,5.57715,3.07244,28551.4,-231.217,-598.566,44.198,142125,-3338.29,41.4579,89.63
0.313298,0,-239.597,5.57475,3.0725,28527.4,-230.931,-598.568,44.192,142128,-3336.87,41.4245,89.6305
0.313308,0,-239.597,5.57236,3.07255,28503.4,-230.645,-598.571,44.186,142130,-3335.45,41.3909,89.6309
0.313318,0,-239.597,5.56996,3.07261,28479.5,-230.36,-598.573,44.18,142133,-3334.02,41.3575,89.6313
0.313328,0,-239.597,5.56756,3.07266,28455.6,-230.075,-598.575,44.1741,142136,-3332.6,41.3242,89.6317
0.313338,0,-239.597,5.56516,3.07272,28431.7,-229.79,-598.578,44.1681,142138,-3331.18,41.2909,89.6321
0.313348,0,-239.597,5.56276,3.07278,28407.8,-229.506,-598.58,44.1621,142141,-3329.75,41.2575,89.6325
0.313358,0,-239.597,5.56036,3.07283,28383.9,-229.222,-598.582,44.1561,142144,-3328.33,41.2243,89.6329
0.313368,0,-239.597,5.55796,3.07289,28360,-228.937,-598.584,44.1501,142146,-3326.91,41.1909,89.6333
0.313378,0,-239.597,5.55556,3.07294,28336.2,-228.654,-598.587,44.1441,142149,-3325.48,41.1576,89.6338
0.313388,0,-239.597,5.55316,3.073,28312.3,-228.369,-598.589,44.1381,142152,-3324.06,41.1242,89.6342
0.313398,0,-239.597,5.55076,3.07305,28288.4,-228.086,-598.591,44.1322,142154,-3322.64,41.091,89.6346
0.313408,0,-239.597,5.54836,3.07311,28264.6,-227.803,-598.594,44.1262,142157,-3321.21,41.0577,89.635
0.313418,0,-239.597,5.54596,3.07317,28240.8,-227.52,-598.596,44.1202,142160,-3319.79,41.0245,89.6354
0.313428,0,-239.597,5.54356,3.07322,28216.9,-227.237,-598.598,44.1142,142162,-3318.37,40.9912,89.6358
0.313438,0,-239.597,5.54117,3.07328,28193.1,-226.955,-598.6,44.1082,142165,-3316.94,40.9579,89.6362
0.313448,0,-239.597,5.53877,3.07333,28169.3,-226.673,-598.603,44.1022,142168,-3315.52,40.9248,89.6366
0.313458,0,-239.597,5.53637,3.07339,28145.5,-226.391,-598.605,44.0963,142170,-3314.1,40.8916,89.637
0.313468,0,-239.597,5.53397,3.07344,28121.8,-226.109,-598.607,44.0903,142173,-3312.67,40.8585,89.6375
0.313478,0,-239.597,5.53157,3.0735,28098,-225.827,-598.609,44.0843,142176,-3311.25,40.8252,89.6379
0.313488,0,-239.597,5.52917,3.07355,28074.2,-225.546,-598.612,44.0783,142178,-3309.83,40.7921,89.6383
0.313498,0,-239.597,5.52677,3.07361,28050.5,-225.266,-598.614,44.0723,142181,-3308.4,40.759,89.6387
0.313508,0,-239.597,5.52437,3.07366,28026.8,-224.985,-598.616,44.0663,142184,-3306.98,40.7259,89.6391
0.313518,0,-239.597,5.52197,3.07372,28003,-224.704,-598.618,44.0603,142186,-3305.55,40.6928,89.6395
0.313528,0,-239.597,5.51957,3.07377,27979.3,-224.424,-598.621,44.0544,142189,-3304.13,40.6597,89.6399
0.313538,0,-239.597,5.51717,3.07383,27955.6,-224.144,-598.623,44.0484,142191,-3302.71,40.6265,89.6403
0.313548,0,-239.597,5.51477,3.07388,27931.9,-223.864,-598.625,44.0424,142194,-3301.28,40.5936,89.6407
0.313558,0,-239.597,5.51237,3.07394,27908.2,-223.584,-598.627,44.0364,142197,-3299.86,40.5605,89.6411
0.313568,0,-239.597,5.50998,3.074,27884.5,-223.305,-598.63,44.0304,142199,-3298.44,40.5274,89.6415
0.313578,0,-239.597,5.50758,3.07405,27860.9,-223.026,-598.632,44.0244,142202,-3297.01,40.4944,89.6419
0.313588,0,-239.597,5.50518,3.07411,27837.2,-222.747,-598.634,44.0184,142205,-3295.59,40.4614,89.6423
0.313598,0,-239.597,5.50278,3.07416,27813.6,-222.469,-598.636,44.0125,142207,-3294.16,40.4284,89.6427
0.313608,0,-239.597,5.50038,3.07422,27789.9,-222.19,-598.639,44.0065,142210,-3292.74,40.3955,89.6431
0.313618,0,-239.597,5.49798,3.07427,27766.3,-221.912,-598.641,44.0005,142212,-3291.31,40.3625,89.6435
0.313628,0,-239.597,5.49558,3.07433,27742.7,-221.634,-598.643,43.9945,142215,-3289.89,40.3295,89.6439
0.313638,0,-239.597,5.49318,3.07438,27719.1,-221.356,-598.645,43.9885,142218,-3288.47,40.2966,89.6443
0.313648,0,-239.597,5.49078,3.07444,27695.5,-221.079,-598.648,43.9825,142220,-3287.04,40.2636,89.6447
0.313658,0,-239.597,5.48838,3.07449,27671.9,-220.802,-598.65,43.9765,142223,-3285.62,40.2308,89.6451
0.313668,0,-239.597,5.48598,3.07455,27648.3,-220.524,-598.652,43.9706,142225,-3284.19,40.1978,89.6456
0.313678,0,-239.597,5.48358,3.0746,27624.7,-220.248,-598.654,43.9646,142228,-3282.77,40.165,89.646
0.313688,0,-239.597,5.48118,3.07466,27601.2,-219.972,-598.656,43.9586,142230,-3281.35,40.1321,89.6464
0.313698,0,-239.597,5.47879,3.07471,27577.6,-219.695,-598.659,43.9526,142233,-3279.92,40.0992,89.6468
0.313708,0,-239.597,5.47639,3.07477,27554.1,-219.42,-598.661,43.9466,142236,-3278.5,40.0665,89.6472
0.313718,0,-239.597,5.47399,3.07482,27530.6,-219.143,-598.663,43.9406,142238,-3277.07,40.0335,89.6476
0.313728,0,-239.597,5.47159,3.07488,27507.1,-218.868,-598.665,43.9347,142241,-3275.65,40.0008,89.648
0.313738,0,-239.597,5.46919,3.07493,27483.6,-218.593,-598.667,43.9287,142243,-3274.22,39.968,89.6484
0.313748,0,-239.597,5.46679,3.07498,27460,-218.317,-598.669,43.9227,142246,-3272.8,39.9352,89.6488
0.313758,0,-239.597,5.46439,3.07504,27436.6,-218.043,-598.672,43.9167,142248,-3271.38,39.9025,89.6492
0.313768,0,-239.597,5.46199,3.07509,27413.1,-217.768,-598.674,43.9107,142251,-3269.95,39.8697,89.6496
0.313778,0,-239.597,5.45959,3.07515,27389.6,-217.494,-598.676,43.9047,142253,-3268.53,39.837,89.6499
0.313788,0,-239.597,5.45719,3.0752,27366.2,-217.22,-598.678,43.8987,142256,-3267.1,39.8043,89.6503
0.313798,0,-239.597,5.45479,3.07526,27342.7,-216.946,-598.68,43.8928,142258,-3265.68,39.7716,89.6507
0.313808,0,-239.597,5.45239,3.07531,27319.3,-216.672,-598.683,43.8868,142261,-3264.25,39.7389,89.6511
0.313818,0,-239.597,5.44999,3.07537,27295.8,-216.398,-598.685,43.8808,142264,-3262.83,39.7061,89.6515
0.313828,0,-239.597,5.4476,3.07542,27272.5,-216.125,-598.687,43.8748,142266,-3261.4,39.6735,89.6519
0.313838,0,-239.597,5.4452,3.07548,27249,-215.852,-598.689,43.8688,142269,-3259.98,39.6409,89.6523
0.313848,0,-239.597,5.4428,3.07553,27225.6,-215.579,-598.691,43.8628,142271,-3258.55,39.6082,89.6527
0.313858,0,-239.597,5.4404,3.07559,27202.3,-215.307,-598.693,43.8568,142274,-3257.13,39.5756,89.6531
0.313868,0,-239.597,5.438,3.07564,27178.9,-215.034,-598.696,43.8509,142276,-3255.71,39.5429,89.6535
0.313878,0,-239.597,5.4356,3.07569,27155.5,-214.763,-598.698,43.8449,142279,-3254.28,39.5104,89.6539
0.313888,0,-239.597,5.4332,3.07575,27132.2,-214.491,-598.7,43.8389,142281,-3252.86,39.4778,89.6543
0.313898,0,-239.597,5.4308,3.0758,27108.8,-214.219,-598.702,43.8329,142284,-3251.43,39.4452,89.6547
0.313908,0,-239.597,5.4284,3.07586,27085.5,-213.948,-598.704,43.8269,142286,-3250.01,39.4126,89.6551
0.313918,0,-239.597,5.426,3.07591,27062.1,-213.676,-598.706,43.8209,142289,-3248.58,39.3801,89.6555
0.313928,0,-239.597,5.4236,3.07597,27038.8,-213.405,-598.708,43.8149,142291,-3247.16,39.3475,89.6559
0.313938,0,-239.597,5.4212,3.07602,27015.6,-213.135,-598.711,43.809,142294,-3245.73,39.3151,89.6563
0.313948,0,-239.597,5.41881,3.07607,26992.2,-212.865,-598.713,43.803,142296,-3244.31,39.2826,89.6567
0.313958,0,-239.597,5.41641,3.07613,26969,-212.595,-598.715,43.797,142299,-3242.88,39.2502,89.6571
0.313968,0,-239.597,5.41401,3.07618,26945.7,-212.324,-598.717,43.791,142301,-3241.46,39.2176,89.6575
0.313978,0,-239.597,5.41161,3.07624,26922.4,-212.055,-598.719,43.785,142304,-3240.03,39.1852,89.6579
0.313988,0,-239.597,5.40921,3.07629,26899.2,-211.786,-598.721,43.779,142306,-3238.61,39.1528,89.6582
0.313998,0,-239.597,5.40681,3.07635,26875.9,-211.516,-598.723,43.773,142309,-3237.18,39.1203,89.6586
0.314009,0,-239.597,5.40441,3.0764,26852.7,-211.248,-598.725,43.767,142311,-3235.76,39.088,89.659
0.314019,0,-239.597,5.40201,3.07645,26829.5,-210.978,-598.728,43.7611,142313,-3234.33,39.0555,89.6594
0.314029,0,-239.597,5.39961,3.07651,26806.3,-210.71,-598.73,43.7551,142316,-3232.91,39.0232,89.6598
0.314039,0,-239.597,5.39721,3.07656,26783.1,-210.442,-598.732,43.7491,142318,-3231.48,38.9908,89.6602
0.314049,0,-239.597,5.39481,3.07662,26759.9,-210.174,-598.734,43.7431,142321,-3230.06,38.9585,89.6606
0.314059,0,-239.597,5.39241,3.07667,26736.7,-209.906,-598.736,43.7371,142323,-3228.63,38.9261,89.661
0.314069,0,-239.597,5.39001,3.07672,26713.5,-209.639,-598.738,43.7311,142326,-3227.21,38.8939,89.6614
0.314079,0,-239.597,5.38762,3.07678,26690.4,-209.371,-598.74,43.7251,142328,-3225.78,38.8615,89.6618
0.314089,0,-239.597,5.38522,3.07683,26667.2,-209.104,-598.742,43.7191,142331,-3224.36,38.8292,89.6621
0.314099,0,-239.597,5.38282,3.07689,26644.1,-208.837,-598.744,43.7131,142333,-3222.93,38.7969,89.6625
0.314109,0,-239.597,5.38042,3.07694,26620.9,-208.569,-598.746,43.7072,142336,-3221.51,38.7645,89.6629
0.314119,0,-239.597,5.37802,3.07699,26597.8,-208.304,-598.749,43.7012,142338,-3220.08,38.7324,89.6633
0.314129,0,-239.597,5.37562,3.07705,26574.7,-208.037,-598.751,43.6952,142340,-3218.66,38.7002,89.6637
0.314139,0,-239.597,5.37322,3.0771,26551.6,-207.771,-598.753,43.6892,142343,-3217.23,38.6679,89.6641
0.314149,0,-239.597,5.37082,3.07716,26528.5,-207.506,-598.755,43.6832,142345,-3215.8,38.6358,89.6645
0.314159,0,-239.597,5.36842,3.07721,26505.4,-207.24,-598.757,43.6772,142348,-3214.38,38.6035,89.6649
0.314169,0,-239.597,5.36602,3.07726,26482.4,-206.975,-598.759,43.6712,142350,-3212.95,38.5714,89.6653
0.314179,0,-239.597,5.36362,3.07732,26459.3,-206.709,-598.761,43.6652,142352,-3211.53,38.5391,89.6656
0.314189,0,-239.597,5.36122,3.07737,26436.2,-206.445,-598.763,43.6592,142355,-3210.1,38.507,89.666
0.314199,0,-239.597,5.35882,3.07742,26413.2,-206.18,-598.765,43.6533,142357,-3208.68,38.4749,89.6664
0.314209,0,-239.597,5.35643,3.07748,26390.2,-205.916,-598.767,43.6473,142360,-3207.25,38.4428,89.6668
0.314219,0,-239.597,5.35403,3.07753,26367.1,-205.652,-598.769,43.6413,142362,-3205.83,38.4106,89.6672
0.314229,0,-239.597,5.35163,3.07758,26344.1,-205.388,-598.771,43.6353,142365,-3204.4,38.3785,89.6675
0.314239,0,-239.597,5.34923,3.07764,26321.2,-205.124,-598.773,43.6293,142367,-3202.97,38.3465,89.6679
0.314249,0,-239.597,5.34683,3.07769,26298.1,-204.861,-598.775,43.6233,142369,-3201.55,38.3144,89.6683
0.314259,0,-239.597,5.34443,3.07775,26275.2,-204.597,-598.777,43.6173,142372,-3200.12,38.2823,89.6687
0.314269,0,-239.597,5.34203,3.0778,26252.2,-204.334,-598.78,43.6113,142374,-3198.7,38.2503,89.6691
0.314279,0,-239.597,5.33963,3.07785,26229.2,-204.072,-598.782,43.6053,142376,-3197.27,38.2183,89.6695
0.314289,0,-239.597,5.33723,3.07791,26206.3,-203.81,-598.784,43.5994,142379,-3195.85,38.1864,89.6698
0.314299,0,-239.597,5.33483,3.07796,26183.3,-203.547,-598.786,43.5934,142381,-3194.42,38.1543,89.6702
0.314309,0,-239.597,5.33243,3.07801,26160.4,-203.285,-598.788,43.5874,142384,-3192.99,38.1224,89.6706
0.314319,0,-239.597,5.33003,3.07807,26137.5,-203.023,-598.79,43.5814,142386,-3191.57,38.0904,89.671
0.314329,0,-239.597,5.32763,3.07812,26114.6,-202.762,-598.792,43.5754,142388,-3190.14,38.0585,89.6714
0.314339,0,-239.597,5.32524,3.07817,26091.7,-202.5,-598.794,43.5694,142391,-3188.72,38.0265,89.6717
0.314349,0,-239.597,5.32284,3.07823,26068.8,-202.238,-598.796,43.5634,142393,-3187.29,37.9945,89.6721
0.314359,0,-239.597,5.32044,3.07828,26045.9,-201.978,-598.798,43.5574,142395,-3185.87,37.9627,89.6725
0.314369,0,-239.597,5.31804,3.07833,26023,-201.717,-598.8,43.5514,142398,-3184.44,37.9307,89.6729
0.314379,0,-239.597,5.31564,3.07839,26000.2,-201.457,-598.802,43.5455,142400,-3183.01,37.8988,89.6733
0.314389,0,-239.597,5.31324,3.07844,25977.4,-201.196,-598.804,43.5395,142402,-3181.59,37.867,89.6737
0.314399,0,-239.597,5.31084,3.07849,25954.5,-200.937,-598.806,43.5335,142405,-3180.16,37.8352,89.674
0.314409,0,-239.597,5.30844,3.07855,25931.7,-200.677,-598.808,43.5275,142407,-3178.74,37.8033,89.6744
0.314419,0,-239.597,5.30604,3.0786,25908.9,-200.417,-598.81,43.5215,142410,-3177.31,37.7715,89.6748
0.314429,0,-239.597,5.30364,3.07865,25886.1,-200.158,-598.812,43.5155,142412,-3175.88,37.7397,89.6752
0.314439,0,-239.597,5.30124,3.0787,25863.2,-199.898,-598.814,43.5095,142414,-3174.46,37.7078,89.6755
0.314449,0,-239.597,5.29884,3.07876,25840.5,-199.64,-598.816,43.5035,142416,-3173.03,37.6761,89.6759
0.314459,0,-239.597,5.29644,3.07881,25817.7,-199.381,-598.818,43.4975,142419,-3171.61,37.6443,89.6763
0.314469,0,-239.597,5.29405,3.07886,25794.9,-199.123,-598.82,43.4916,142421,-3170.18,37.6126,89.6767
0.314479,0,-239.597,5.29165,3.07892,25772.2,-198.864,-598.822,43.4856,142423,-3168.75,37.5808,89.677
0.314489,0,-239.597,5.28925,3.07897,25749.4,-198.606,-598.824,43.4796,142426,-3167.33,37.5491,89.6774
0.314499,0,-239.597,5.28685,3.07902,25726.7,-198.349,-598.826,43.4736,142428,-3165.9,37.5174,89.6778
0.314509,0,-239.597,5.28445,3.07908,25704,-198.091,-598.828,43.4676,142430,-3164.48,37.4857,89.6782
0.314519,0,-239.597,5.28205,3.07913,25681.2,-197.834,-598.83,43.4616,142433,-3163.05,37.454,89.6785
0.314529,0,-239.597,5.27965,3.07918,25658.5,-197.577,-598.832,43.4556,142435,-3161.62,37.4223,89.6789
0.314539,0,-239.597,5.27725,3.07923,25635.8,-197.32,-598.834,43.4496,142437,-3160.2,37.3907,89.6793
0.314549,0,-239.597,5.27485,3.07929,25613.1,-197.063,-598.836,43.4436,142440,-3158.77,37.359,89.6797
0.314559,0,-239.597,5.27245,3.07934,25590.5,-196.807,-598.838,43.4376,142442,-3157.34,37.3275,89.68
0.314569,0,-239.597,5.27005,3.07939,25567.8,-196.551,-598.84,43.4317,142444,-3155.92,37.2958,89.6804
0.314579,0,-239.597,5.26765,3.07945,25545.2,-196.295,-598.842,43.4257,142446,-3154.49,37.2642,89.6808
0.314589,0,-239.597,5.26525,3.0795,25522.5,-196.04,-598.844,43.4197,142449,-3153.06,37.2327,89.6812
0.314599,0,-239.597,5.26286,3.07955,25499.9,-195.784,-598.846,43.4137,142451,-3151.64,37.2011,89.6815
0.314609,0,-239.597,5.26046,3.0796,25477.3,-195.529,-598.848,43.4077,142453,-3150.21,37.1696,89.6819
0.314619,0,-239.597,5.25806,3.07966,25454.6,-195.274,-598.85,43.4017,142456,-3148.79,37.138,89.6823
0.314629,0,-239.597,5.25566,3.07971,25432,-195.019,-598.852,43.3957,142458,-3147.36,37.1065,89.6826
0.314639,0,-239.597,5.25326,3.07976,25409.5,-194.765,-598.853,43.3897,142460,-3145.93,37.0751,89.683
0.314649,0,-239.597,5.25086,3.07981,25386.9,-194.51,-598.855,43.3837,142462,-3144.51,37.0435,89.6834
0.314659,0,-239.597,5.24846,3.07987,25364.3,-194.256,-598.857,43.3778,142465,-3143.08,37.0119,89.6838
0.314669,0,-239.597,5.24606,3.07992,25341.7,-194.002,-598.859,43.3718,142467,-3141.65,36.9805,89.6841
0.314679,0,-239.597,5.24366,3.07997,25319.2,-193.749,-598.861,43.3658,142469,-3140.23,36.9491,89.6845
0.314689,0,-239.597,5.24126,3.08002,25296.6,-193.495,-598.863,43.3598,142472,-3138.8,36.9177,89.6849
0.314699,0,-239.597,5.23886,3.08008,25274.1,-193.242,-598.865,43.3538,142474,-3137.37,36.8862,89.6852
0.314709,0,-239.597,5.23646,3.08013,25251.5,-192.989,-598.867,43.3478,142476,-3135.95,36.8547,89.6856
0.314719,0,-239.597,5.23407,3.08018,25229.1,-192.736,-598.869,43.3418,142478,-3134.52,36.8235,89.686
0.314729,0,-239.597,5.23167,3.08023,25206.6,-192.484,-598.871,43.3358,142481,-3133.09,36.7921,89.6863
0.314739,0,-239.597,5.22927,3.08029,25184,-192.231,-598.873,43.3298,142483,-3131.67,36.7607,89.6867
0.31475,0,-239.597,5.22687,3.08034,25161.6,-191.98,-598.875,43.3239,142485,-3130.24,36.7294,89.6871
0.31476,0,-239.597,5.22447,3.08039,25139.1,-191.727,-598.877,43.3179,142487,-3128.81,36.698,89.6874
0.31477,0,-239.597,5.22207,3.08044,25116.6,-191.476,-598.879,43.3119,142489,-3127.39,36.6667,89.6878
0.31478,0,-239.597,5.21967,3.0805,25094.2,-191.224,-598.88,43.3059,142492,-3125.96,36.6353,89.6882
0.31479,0,-239.597,5.21727,3.08055,25071.7,-190.973,-598.882,43.2999,142494,-3124.53,36.604,89.6885
0.3148,0,-239.597,5.21487,3.0806,25049.3,-190.722,-598.884,43.2939,142496,-3123.1,36.5728,89.6889
0.31481,0,-239.597,5.21247,3.08065,25026.9,-190.471,-598.886,43.2879,142498,-3121.68,36.5415,89.6893
0.31482,0,-239.597,5.21007,3.0807,25004.5,-190.221,-598.888,43.2819,142501,-3120.25,36.5102,89.6896
0.31483,0,-239.597,5.20767,3.08076,24982.1,-189.971,-598.89,43.2759,142503,-3118.82,36.4791,89.69
0.31484,0,-239.597,5.20527,3.08081,24959.7,-189.721,-598.892,43.27,142505,-3117.4,36.4478,89.6904
0.31485,0,-239.597,5.20288,3.08086,24937.3,-189.471,-598.894,43.264,142507,-3115.97,36.4165,89.6907
0.31486,0,-239.597,5.20048,3.08091,24914.9,-189.221,-598.896,43.258,142509,-3114.54,36.3854,89.6911
0.31487,0,-239.597,5.19808,3.08097,24892.6,-188.972,-598.898,43.252,142512,-3113.12,36.3541,89.6915
0.31488,0,-239.597,5.19568,3.08102,24870.2,-188.723,-598.9,43.246,142514,-3111.69,36.323,89.6918
0.31489,0,-239.597,5.19328,3.08107,24847.9,-188.474,-598.901,43.24,142516,-3110.26,36.2919,89.6922
0.3149,0,-239.597,5.19088,3.08112,24825.5,-188.225,-598.903,43.234,142518,-3108.83,36.2608,89.6926
0.31491,0,-239.597,5.18848,3.08117,24803.2,-187.977,-598.905,43.228,142520,-3107.41,36.2296,89.6929
0.31492,0,-239.597,5.18608,3.08123,24780.9,-187.728,-598.907,43.222,142523,-3105.98,36.1985,89.6933
0.31493,0,-239.597,5.18368,3.08128,24758.6,-187.481,-598.909,43.2161,142525,-3104.55,36.1675,89.6936
0.31494,0,-239.597,5.18128,3.08133,24736.3,-187.233,-598.911,43.2101,142527,-3103.13,36.1364,89.694
0.31495,0,-239.597,5.17888,3.08138,24714,-186.985,-598.913,43.2041,142529,-3101.7,36.1053,89.6944
0.31496,0,-239.597,5.17648,3.08143,24691.8,-186.737,-598.915,43.1981,142531,-3100.27,36.0741,89.6947
0.31497,0,-239.597,5.17408,3.08148,24669.5,-186.49,-598.916,43.1921,142534,-3098.84,36.0431,89.6951
0.31498,0,-239.597,5.17169,3.08154,24647.3,-186.244,-598.918,43.1861,142536,-3097.42,36.0122,89.6954
0.31499,0,-239.597,5.16929,3.08159,24625,-185.997,-598.92,43.1801,142538,-3095.99,35.9812,89.6958
0.315,0,-239.597,5.16689,3.08164,24602.8,-185.751,-598.922,43.1741,142540,-3094.56,35.9502,89.6962
0.31501,0,-239.597,5.16449,3.08169,24580.6,-185.504,-598.924,43.1681,142542,-3093.13,35.9192,89.6965
0.31502,0,-239.597,5.16209,3.08174,24558.4,-185.258,-598.926,43.1622,142544,-3091.71,35.8882,89.6969
0.31503,0,-239.597,5.15969,3.08179,24536.2,-185.012,-598.928,43.1562,142546,-3090.28,35.8572,89.6972
0.31504,0,-239.597,5.15729,3.08185,24514,-184.766,-598.929,43.1502,142549,-3088.85,35.8262,89.6976
0.31505,0,-239.597,5.15489,3.0819,24491.8,-184.521,-598.931,43.1442,142551,-3087.43,35.7954,89.6979
0.31506,0,-239.597,5.15249,3.08195,24469.6,-184.276,-598.933,43.1382,142553,-3086,35.7644,89.6983
0.31507,0,-239.597,5.15009,3.082,24447.5,-184.031,-598.935,43.1322,142555,-3084.57,35.7336,89.6987
0.31508,0,-239.597,5.14769,3.08205,24425.3,-183.787,-598.937,43.1262,142557,-3083.14,35.7027,89.699
0.31509,0,-239.597,5.14529,3.0821,24403.2,-183.542,-598.939,43.1202,142559,-3081.72,35.6719,89.6994
0.3151,0,-239.597,5.14289,3.08216,24381.1,-183.298,-598.94,43.1142,142562,-3080.29,35.641,89.6997
0.31511,0,-239.597,5.1405,3.08221,24359,-183.054,-598.942,43.1082,142564,-3078.86,35.6102,89.7001
0.31512,0,-239.597,5.1381,3.08226,24336.8,-182.81,-598.944,43.1023,142566,-3077.43,35.5793,89.7005
0.31513,0,-239.597,5.1357,3.08231,24314.7,-182.566,-598.946,43.0963,142568,-3076.01,35.5485,89.7008
0.31514,0,-239.597,5.1333,3.08236,24292.7,-182.323,-598.948,43.0903,142570,-3074.58,35.5178,89.7012
0.31515,0,-239.597,5.1309,3.08241,24270.6,-182.08,-598.95,43.0843,142572,-3073.15,35.487,89.7015
0.31516,0,-239.597,5.1285,3.08246,24248.5,-181.837,-598.951,43.0783,142574,-3071.72,35.4561,89.7019
0.31517,0,-239.597,5.1261,3.08252,24226.4,-181.594,-598.953,43.0723,142576,-3070.29,35.4254,89.7022
0.31518,0,-239.597,5.1237,3.08257,24204.4,-181.352,-598.955,43.0663,142579,-3068.87,35.3947,89.7026
0.31519,0,-239.597,5.1213,3.08262,24182.4,-181.11,-598.957,43.0603,142581,-3067.44,35.364,89.7029
0.3152,0,-239.597,5.1189,3.08267,24160.4,-180.868,-598.959,43.0543,142583,-3066.01,35.3333,89.7033
0.31521,0,-239.597,5.1165,3.08272,24138.3,-180.626,-598.961,43.0484,142585,-3064.58,35.3026,89.7036
0.31522,0,-239.597,5.1141,3.08277,24116.3,-180.384,-598.962,43.0424,142587,-3063.16,35.2719,89.704
0.31523,0,-239.597,5.1117,3.08282,24094.3,-180.143,-598.964,43.0364,142589,-3061.73,35.2412,89.7043
0.31524,0,-239.597,5.10931,3.08287,24072.4,-179.902,-598.966,43.0304,142591,-3060.3,35.2106,89.7047
0.31525,0,-239.597,5.10691,3.08293,24050.4,-179.661,-598.968,43.0244,142593,-3058.87,35.1799,89.705
0.31526,0,-239.597,5.10451,3.08298,24028.4,-179.42,-598.97,43.0184,142595,-3057.44,35.1494,89.7054
0.31527,0,-239.597,5.10211,3.08303,24006.4,-179.179,-598.971,43.0124,142597,-3056.02,35.1187,89.7057
0.31528,0,-239.597,5.09971,3.08308,23984.5,-178.939,-598.973,43.0064,142599,-3054.59,35.0881,89.7061
0.31529,0,-239.597,5.09731,3.08313,23962.6,-178.699,-598.975,43.0004,142602,-3053.16,35.0575,89.7064
0.3153,0,-239.597,5.09491,3.08318,23940.7,-178.459,-598.977,42.9945,142604,-3051.73,35.027,89.7068
0.31531,0,-239.597,5.09251,3.08323,23918.7,-178.22,-598.979,42.9885,142606,-3050.3,34.9964,89.7071
0.31532,0,-239.597,5.09011,3.08328,23896.8,-177.98,-598.98,42.9825,142608,-3048.88,34.9659,89.7075
0.31533,0,-239.597,5.08771,3.08333,23874.9,-177.741,-598.982,42.9765,142610,-3047.45,34.9353,89.7078
0.31534,0,-239.597,5.08531,3.08338,23853.1,-177.502,-598.984,42.9705,142612,-3046.02,34.9049,89.7082
0.31535,0,-239.597,5.08291,3.08344,23831.2,-177.263,-598.986,42.9645,142614,-3044.59,34.8743,89.7085
0.31536,0,-239.597,5.08051,3.08349,23809.3,-177.025,-598.987,42.9585,142616,-3043.16,34.8439,89.7089
0.31537,0,-239.597,5.07812,3.08354,23787.5,-176.787,-598.989,42.9525,142618,-3041.74,34.8135,89.7093
0.31538,0,-239.597,5.07572,3.08359,23765.6,-176.548,-598.991,42.9465,142620,-3040.31,34.7829,89.7096
0.31539,0,-239.597,5.07332,3.08364,23743.8,-176.31,-598.993,42.9406,142622,-3038.88,34.7525,89.71
0.3154,0,-239.597,5.07092,3.08369,23722,-176.073,-598.994,42.9346,142624,-3037.45,34.7221,89.7103
0.31541,0,-239.597,5.06852,3.08374,23700.2,-175.835,-598.996,42.9286,142626,-3036.02,34.6917,89.7106
0.31542,0,-239.597,5.06612,3.08379,23678.3,-175.598,-598.998,42.9226,142628,-3034.6,34.6612,89.711
0.31543,0,-239.597,5.06372,3.08384,23656.6,-175.362,-599,42.9166,142630,-3033.17,34.631,89.7113
0.31544,0,-239.597,5.06132,3.08389,23634.8,-175.124,-599.002,42.9106,142632,-3031.74,34.6006,89.7117
0.31545,0,-239.597,5.05892,3.08394,23613,-174.888,-599.003,42.9046,142634,-3030.31,34.5701,89.712
0.31546,0,-239.597,5.05652,3.08399,23591.2,-174.652,-599.005,42.8986,142637,-3028.88,34.5399,89.7124
0.31547,0,-239.597,5.05412,3.08404,23569.5,-174.416,-599.007,42.8926,142639,-3027.45,34.5096,89.7127
0.315481,0,-239.597,5.05172,3.0841,23547.7,-174.179,-599.008,42.8867,142641,-3026.03,34.4792,89.7131
0.315491,0,-239.597,5.04932,3.08415,23526,-173.944,-599.01,42.8807,142643,-3024.6,34.4489,89.7134
0.315501,0,-239.597,5.04693,3.0842,23504.3,-173.708,-599.012,42.8747,142645,-3023.17,34.4186,89.7137
0.315511,0,-239.597,5.04453,3.08425,23482.6,-173.473,-599.014,42.8687,142647,-3021.74,34.3883,89.7141
0.315521,0,-239.597,5.04213,3.0843,23460.9,-173.238,-599.015,42.8627,142649,-3020.31,34.3582,89.7144
0.315531,0,-239.597,5.03973,3.08435,23439.2,-173.003,-599.017,42.8567,142651,-3018.88,34.3279,89.7148
0.315541,0,-239.597,5.03733,3.0844,23417.5,-172.768,-599.019,42.8507,142653,-3017.46,34.2976,89.7151
0.315551,0,-239.597,5.03493,3.08445,23395.9,-172.534,-599.021,42.8447,142655,-3016.03,34.2675,89.7155
0.315561,0,-239.597,5.03253,3.0845,23374.2,-172.3,-599.022,42.8387,142657,-3014.6,34.2372,89.7158
0.315571,0,-239.597,5.03013,3.08455,23352.5,-172.066,-599.024,42.8328,142659,-3013.17,34.2071,89.7161
0.315581,0,-239.597,5.02773,3.0846,23330.9,-171.833,-599.026,42.8268,142661,-3011.74,34.177,89.7165
0.315591,0,-239.597,5.02533,3.08465,23309.3,-171.599,-599.028,42.8208,142663,-3010.31,34.1468,89.7168
0.315601,0,-239.597,5.02293,3.0847,23287.7,-171.366,-599.029,42.8148,142665,-3008.88,34.1167,89.7172
0.315611,0,-239.597,5.02053,3.08475,23266.1,-171.133,-599.031,42.8088,142667,-3007.46,34.0866,89.7175
0.315621,0,-239.597,5.01814,3.0848,23244.5,-170.9,-599.033,42.8028,142669,-3006.03,34.0564,89.7179
0.315631,0,-239.597,5.01574,3.08485,23222.9,-170.667,-599.034,42.7968,142671,-3004.6,34.0263,89.7182
0.315641,0,-239.597,5.01334,3.0849,23201.3,-170.435,-599.036,42.7908,142673,-3003.17,33.9963,89.7185
0.315651,0,-239.597,5.01094,3.08495,23179.7,-170.202,-599.038,42.7848,142675,-3001.74,33.9662,89.7189
0.315661,0,-239.597,5.00854,3.085,23158.1,-169.97,-599.039,42.7789,142677,-3000.31,33.936,89.7192
0.315671,0,-239.597,5.00614,3.08505,23136.6,-169.738,-599.041,42.7729,142679,-2998.88,33.906,89.7196
0.315681,0,-239.597,5.00374,3.0851,23115.1,-169.507,-599.043,42.7669,142681,-2997.45,33.876,89.7199
0.315691,0,-239.597,5.00134,3.08515,23093.5,-169.276,-599.045,42.7609,142683,-2996.03,33.846,89.7202
0.315701,0,-239.597,4.99894,3.0852,23072,-169.044,-599.046,42.7549,142685,-2994.6,33.816,89.7206
0.315711,0,-239.597,4.99654,3.08525,23050.5,-168.813,-599.048,42.7489,142686,-2993.17,33.7861,89.7209
0.315721,0,-239.597,4.99414,3.0853,23029,-168.583,-599.05,42.7429,142688,-2991.74,33.7561,89.7212
0.315731,0,-239.597,4.99174,3.08535,23007.5,-168.352,-599.051,42.7369,142690,-2990.31,33.7261,89.7216
0.315741,0,-239.597,4.98934,3.0854,22986.1,-168.122,-599.053,42.7309,142692,-2988.88,33.6962,89.7219
0.315751,0,-239.597,4.98695,3.08545,22964.6,-167.892,-599.055,42.7249,142694,-2987.45,33.6662,89.7223
0.315761,0,-239.597,4.98455,3.0855,22943.1,-167.662,-599.056,42.719,142696,-2986.02,33.6364,89.7226
0.315771,0,-239.597,4.98215,3.08555,22921.7,-167.433,-599.058,42.713,142698,-2984.6,33.6065,89.7229
0.315781,0,-239.597,4.97975,3.0856,22900.3,-167.203,-599.06,42.707,142700,-2983.17,33.5767,89.7233
0.315791,0,-239.597,4.97735,3.08565,22878.9,-166.974,-599.061,42.701,142702,-2981.74,33.5468,89.7236
0.315801,0,-239.597,4.97495,3.0857,22857.4,-166.745,-599.063,42.695,142704,-2980.31,33.517,89.7239
0.315811,0,-239.597,4.97255,3.08575,22836,-166.516,-599.065,42.689,142706,-2978.88,33.4871,89.7243
0.315821,0,-239.597,4.97015,3.0858,22814.6,-166.288,-599.066,42.683,142708,-2977.45,33.4573,89.7246
0.315831,0,-239.597,4.96775,3.08585,22793.2,-166.059,-599.068,42.677,142710,-2976.02,33.4274,89.7249
0.315841,0,-239.597,4.96535,3.0859,22771.9,-165.831,-599.07,42.671,142712,-2974.59,33.3977,89.7253
0.315851,0,-239.597,4.96295,3.08595,22750.5,-165.603,-599.071,42.6651,142714,-2973.16,33.3679,89.7256
0.315861,0,-239.597,4.96055,3.086,22729.2,-165.376,-599.073,42.6591,142716,-2971.73,33.3382,89.7259
0.315871,0,-239.597,4.95815,3.08605,22707.8,-165.148,-599.075,42.6531,142718,-2970.31,33.3084,89.7263
0.315881,0,-239.597,4.95576,3.0861,22686.5,-164.921,-599.076,42.6471,142719,-2968.88,33.2786,89.7266
0.315891,0,-239.597,4.95336,3.08615,22665.1,-164.694,-599.078,42.6411,142721,-2967.45,33.2489,89.727
0.315901,0,-239.597,4.95096,3.0862,22643.8,-164.467,-599.08,42.6351,142723,-2966.02,33.2192,89.7273
0.315911,0,-239.597,4.94856,3.08625,22622.5,-164.24,-599.081,42.6291,142725,-2964.59,33.1895,89.7276
0.315921,0,-239.597,4.94616,3.0863,22601.2,-164.013,-599.083,42.6231,142727,-2963.16,33.1598,89.728
0.315931,0,-239.597,4.94376,3.08635,22580,-163.788,-599.085,42.6171,142729,-2961.73,33.1302,89.7283
0.315941,0,-239.597,4.94136,3.0864,22558.7,-163.561,-599.086,42.6112,142731,-2960.3,33.1005,89.7286
0.315951,0,-239.597,4.93896,3.08645,22537.4,-163.336,-599.088,42.6052,142733,-2958.87,33.0709,89.7289
0.315961,0,-239.597,4.93656,3.0865,22516.2,-163.11,-599.09,42.5992,142735,-2957.44,33.0412,89.7293
0.315971,0,-239.597,4.93416,3.08655,22494.9,-162.885,-599.091,42.5932,142737,-2956.01,33.0116,89.7296
0.315981,0,-239.597,4.93176,3.08659,22473.7,-162.66,-599.093,42.5872,142738,-2954.58,32.9821,89.7299
0.315991,0,-239.597,4.92936,3.08664,22452.5,-162.435,-599.094,42.5812,142740,-2953.15,32.9525,89.7302
0.316001,0,-239.597,4.92696,3.08669,22431.3,-162.21,-599.096,42.5752,142742,-2951.72,32.9229,89.7306
0.316011,0,-239.597,4.92457,3.08674,22410.1,-161.986,-599.098,42.5692,142744,-2950.3,32.8934,89.7309
0.316021,0,-239.597,4.92217,3.08679,22388.9,-161.761,-599.099,42.5632,142746,-2948.87,32.8638,89.7312
0.316031,0,-239.597,4.91977,3.08684,22367.7,-161.537,-599.101,42.5572,142748,-2947.44,32.8342,89.7316
0.316041,0,-239.597,4.91737,3.08689,22346.5,-161.313,-599.103,42.5513,142750,-2946.01,32.8048,89.7319
0.316051,0,-239.597,4.91497,3.08694,22325.3,-161.089,-599.104,42.5453,142752,-2944.58,32.7752,89.7322
0.316061,0,-239.597,4.91257,3.08699,22304.2,-160.866,-599.106,42.5393,142754,-2943.15,32.7458,89.7325
0.316071,0,-239.597,4.91017,3.08704,22283.1,-160.643,-599.107,42.5333,142755,-2941.72,32.7164,89.7329
0.316081,0,-239.597,4.90777,3.08709,22261.9,-160.419,-599.109,42.5273,142757,-2940.29,32.6868,89.7332
0.316091,0,-239.597,4.90537,3.08714,22240.8,-160.197,-599.111,42.5213,142759,-2938.86,32.6574,89.7335
0.316101,0,-239.597,4.90297,3.08719,22219.7,-159.974,-599.112,42.5153,142761,-2937.43,32.628,89.7339
0.316111,0,-239.597,4.90057,3.08723,22198.6,-159.752,-599.114,42.5093,142763,-2936,32.5985,89.7342
0.316121,0,-239.597,4.89817,3.08728,22177.5,-159.53,-599.115,42.5033,142765,-2934.57,32.5693,89.7345
0.316131,0,-239.597,4.89577,3.08733,22156.4,-159.308,-599.117,42.4973,142767,-2933.14,32.5398,89.7348
0.316141,0,-239.597,4.89338,3.08738,22135.4,-159.086,-599.119,42.4913,142768,-2931.71,32.5106,89.7352
0.316151,0,-239.597,4.89098,3.08743,22114.3,-158.864,-599.12,42.4853,142770,-2930.28,32.4811,89.7355
0.316161,0,-239.597,4.88858,3.08748,22093.3,-158.643,-599.122,42.4793,142772,-2928.85,32.4519,89.7358
0.316171,0,-239.597,4.88618,3.08753,22072.2,-158.422,-599.123,42.4733,142774,-2927.42,32.4224,89.7362
0.316181,0,-239.597,4.88378,3.08758,22051.2,-158.201,-599.125,42.4674,142776,-2925.99,32.3931,89.7365
0.316191,0,-239.597,4.88138,3.08763,22030.2,-157.98,-599.127,42.4614,142778,-2924.56,32.3639,89.7368
0.316201,0,-239.597,4.87898,3.08768,22009.2,-157.76,-599.128,42.4554,142779,-2923.13,32.3346,89.7371
0.316211,0,-239.597,4.87658,3.08772,21988.2,-157.54,-599.13,42.4494,142781,-2921.7,32.3054,89.7374
0.316222,0,-239.597,4.87418,3.08777,21967.2,-157.32,-599.131,42.4434,142783,-2920.27,32.2762,89.7378
0.316232,0,-239.597,4.87178,3.08782,21946.2,-157.1,-599.133,42.4374,142785,-2918.84,32.2469,89.7381
0.316242,0,-239.597,4.86938,3.08787,21925.2,-156.88,-599.134,42.4314,142787,-2917.42,32.2176,89.7384
0.316252,0,-239.597,4.86698,3.08792,21904.3,-156.661,-599.136,42.4254,142789,-2915.99,32.1884,89.7387
0.316262,0,-239.597,4.86458,3.08797,21883.3,-156.441,-599.138,42.4194,142790,-2914.56,32.1592,89.739
0.316272,0,-239.597,4.86219,3.08802,21862.4,-156.222,-599.139,42.4134,142792,-2913.13,32.13,89.7394
0.316282,0,-239.597,4.85979,3.08807,21841.5,-156.003,-599.141,42.4074,142794,-2911.7,32.1009,89.7397
0.316292,0,-239.597,4.85739,3.08811,21820.6,-155.785,-599.142,42.4014,142796,-2910.27,32.0717,89.74
0.316302,0,-239.597,4.85499,3.08816,21799.7,-155.566,-599.144,42.3954,142798,-2908.84,32.0426,89.7403
0.316312,0,-239.597,4.85259,3.08821,21778.8,-155.348,-599.145,42.3894,142799,-2907.41,32.0135,89.7406
0.316322,0,-239.597,4.85019,3.08826,21757.9,-155.13,-599.147,42.3835,142801,-2905.98,31.9843,89.741
0.316332,0,-239.597,4.84779,3.08831,21737,-154.913,-599.148,42.3775,142803,-2904.55,31.9553,89.7413
0.316342,0,-239.597,4.84539,3.08836,21716.1,-154.695,-599.15,42.3715,142805,-2903.12,31.9262,89.7416
0.316352,0,-239.597,4.84299,3.08841,21695.3,-154.478,-599.152,42.3655,142807,-2901.69,31.8972,89.7419
0.316362,0,-239.597,4.84059,3.08845,21674.4,-154.26,-599.153,42.3595,142808,-2900.26,31.868,89.7422
0.316372,0,-239.597,4.83819,3.0885,21653.6,-154.043,-599.155,42.3535,142810,-2898.83,31.839,89.7426
0.316382,0,-239.597,4.83579,3.08855,21632.8,-153.827,-599.156,42.3475,142812,-2897.4,31.81,89.7429
0.316392,0,-239.597,4.8334,3.0886,21612,-153.61,-599.158,42.3415,142814,-2895.97,31.781,89.7432
0.316402,0,-239.597,4.831,3.08865,21591.2,-153.394,-599.159,42.3355,142816,-2894.54,31.752,89.7435
0.316412,0,-239.597,4.8286,3.0887,21570.4,-153.178,-599.161,42.3295,142817,-2893.11,31.723,89.7438
0.316422,0,-239.597,4.8262,3.08874,21549.6,-152.962,-599.162,42.3235,142819,-2891.68,31.694,89.7442
0.316432,0,-239.597,4.8238,3.08879,21528.8,-152.747,-599.164,42.3175,142821,-2890.25,31.6652,89.7445
0.316442,0,-239.597,4.8214,3.08884,21508.1,-152.531,-599.165,42.3115,142823,-2888.81,31.6362,89.7448
0.316452,0,-239.597,4.819,3.08889,21487.3,-152.316,-599.167,42.3055,142824,-2887.39,31.6073,89.7451
0.316462,0,-239.597,4.8166,3.08894,21466.6,-152.1,-599.168,42.2996,142826,-2885.96,31.5783,89.7454
0.316472,0,-239.597,4.8142,3.08899,21445.8,-151.886,-599.17,42.2936,142828,-2884.52,31.5495,89.7457
0.316482,0,-239.597,4.8118,3.08903,21425.1,-151.671,-599.172,42.2876,142830,-2883.09,31.5206,89.746
0.316492,0,-239.597,4.8094,3.08908,21404.4,-151.457,-599.173,42.2816,142831,-2881.66,31.4918,89.7464
0.316502,0,-239.597,4.807,3.08913,21383.7,-151.242,-599.174,42.2756,142833,-2880.23,31.4629,89.7467
0.316512,0,-239.597,4.8046,3.08918,21363,-151.028,-599.176,42.2696,142835,-2878.8,31.4341,89.747
0.316522,0,-239.597,4.80221,3.08923,21342.3,-150.814,-599.178,42.2636,142837,-2877.37,31.4052,89.7473
0.316532,0,-239.597,4.79981,3.08927,21321.7,-150.601,-599.179,42.2576,142838,-2875.94,31.3765,89.7476
0.316542,0,-239.597,4.79741,3.08932,21301,-150.387,-599.181,42.2516,142840,-2874.51,31.3476,89.7479
0.316552,0,-239.597,4.79501,3.08937,21280.4,-150.174,-599.182,42.2456,142842,-2873.08,31.3189,89.7482
0.316562,0,-239.597,4.79261,3.08942,21259.7,-149.962,-599.184,42.2396,142844,-2871.65,31.2902,89.7486
0.316572,0,-239.597,4.79021,3.08947,21239.1,-149.748,-599.185,42.2336,142845,-2870.22,31.2613,89.7489
0.316582,0,-239.597,4.78781,3.08951,21218.5,-149.536,-599.187,42.2276,142847,-2868.79,31.2326,89.7492
0.316592,0,-239.597,4.78541,3.08956,21197.9,-149.324,-599.188,42.2216,142849,-2867.36,31.2039,89.7495
0.316602,0,-239.597,4.78301,3.08961,21177.3,-149.111,-599.19,42.2157,142851,-2865.93,31.1752,89.7498
0.316612,0,-239.597,4.78061,3.08966,21156.7,-148.899,-599.191,42.2097,142852,-2864.5,31.1465,89.7501
0.316622,0,-239.597,4.77821,3.08971,21136.1,-148.688,-599.193,42.2037,142854,-2863.07,31.1179,89.7504
0.316632,0,-239.597,4.77581,3.08975,21115.5,-148.476,-599.194,42.1977,142856,-2861.64,31.0892,89.7507
0.316642,0,-239.597,4.77341,3.0898,21095,-148.265,-599.195,42.1917,142858,-2860.21,31.0606,89.7511
0.316652,0,-239.597,4.77102,3.08985,21074.4,-148.054,-599.197,42.1857,142859,-2858.78,31.0319,89.7514
0.316662,0,-239.597,4.76862,3.0899,21053.9,-147.843,-599.198,42.1797,142861,-2857.35,31.0033,89.7517
0.316672,0,-239.597,4.76622,3.08995,21033.3,-147.632,-599.2,42.1737,142863,-2855.92,30.9746,89.752
0.316682,0,-239.597,4.76382,3.08999,21012.8,-147.421,-599.201,42.1677,142864,-2854.49,30.9461,89.7523
0.316692,0,-239.597,4.76142,3.09004,20992.3,-147.211,-599.203,42.1617,142866,-2853.06,30.9175,89.7526
0.316702,0,-239.597,4.75902,3.09009,20971.8,-147.001,-599.204,42.1557,142868,-2851.62,30.8889,89.7529
0.316712,0,-239.597,4.75662,3.09014,20951.3,-146.791,-599.206,42.1497,142870,-2850.19,30.8603,89.7532
0.316722,0,-239.597,4.75422,3.09018,20930.9,-146.582,-599.207,42.1437,142871,-2848.76,30.8319,89.7535
0.316732,0,-239.597,4.75182,3.09023,20910.4,-146.372,-599.209,42.1377,142873,-2847.33,30.8033,89.7538
0.316742,0,-239.597,4.74942,3.09028,20890,-146.163,-599.21,42.1318,142875,-2845.9,30.7749,89.7542
0.316752,0,-239.597,4.74702,3.09033,20869.5,-145.954,-599.212,42.1258,142876,-2844.47,30.7463,89.7545
0.316762,0,-239.597,4.74462,3.09037,20849.1,-145.745,-599.213,42.1198,142878,-2843.04,30.7179,89.7548
0.316772,0,-239.597,4.74222,3.09042,20828.7,-145.536,-599.215,42.1138,142880,-2841.61,30.6895,89.7551
0.316782,0,-239.597,4.73983,3.09047,20808.2,-145.327,-599.216,42.1078,142881,-2840.18,30.6609,89.7554
0.316792,0,-239.597,4.73743,3.09052,20787.8,-145.12,-599.218,42.1018,142883,-2838.75,30.6326,89.7557
0.316802,0,-239.597,4.73503,3.09056,20767.4,-144.911,-599.219,42.0958,142885,-2837.32,30.604,89.756
0.316812,0,-239.597,4.73263,3.09061,20747,-144.704,-599.22,42.0898,142886,-2835.89,30.5758,89.7563
0.316822,0,-239.597,4.73023,3.09066,20726.7,-144.496,-599.222,42.0838,142888,-2834.46,30.5473,89.7566
0.316832,0,-239.597,4.72783,3.09071,20706.3,-144.288,-599.223,42.0778,142890,-2833.03,30.5189,89.7569
0.316842,0,-239.597,4.72543,3.09075,20686,-144.081,-599.225,42.0718,142891,-2831.59,30.4906,89.7572
0.316852,0,-239.597,4.72303,3.0908,20665.6,-143.874,-599.226,42.0658,142893,-2830.16,30.4623,89.7575
0.316862,0,-239.597,4.72063,3.09085,20645.3,-143.667,-599.228,42.0598,142895,-2828.73,30.4339,89.7578
0.316872,0,-239.597,4.71823,3.09089,20625,-143.461,-599.229,42.0538,142896,-2827.3,30.4056,89.7581
0.316882,0,-239.597,4.71583,3.09094,20604.6,-143.254,-599.231,42.0479,142898,-2825.87,30.3773,89.7584
0.316892,0,-239.597,4.71343,3.09099,20584.3,-143.048,-599.232,42.0419,142900,-2824.44,30.349,89.7587
0.316902,0,-239.597,4.71103,3.09104,20564,-142.842,-599.233,42.0359,142901,-2823.01,30.3207,89.759
0.316912,0,-239.597,4.70864,3.09108,20543.8,-142.636,-599.235,42.0299,142903,-2821.58,30.2924,89.7593
0.316922,0,-239.597,4.70624,3.09113,20523.5,-142.43,-599.236,42.0239,142905,-2820.15,30.2642,89.7596
0.316932,0,-239.597,4.70384,3.09118,20503.2,-142.225,-599.238,42.0179,142906,-2818.72,30.236,89.7599
0.316942,0,-239.597,4.70144,3.09123,20483,-142.02,-599.239,42.0119,142908,-2817.29,30.2077,89.7603
0.316952,0,-239.597,4.69904,3.09127,20462.7,-141.815,-599.24,42.0059,142910,-2815.85,30.1796,89.7606
0.316963,0,-239.597,4.69664,3.09132,20442.5,-141.61,-599.242,41.9999,142911,-2814.42,30.1513,89.7609
0.316973,0,-239.597,4.69424,3.09137,20422.3,-141.405,-599.243,41.9939,142913,-2812.99,30.1231,89.7612
0.316983,0,-239.597,4.69184,3.09141,20402.1,-141.201,-599.245,41.9879,142915,-2811.56,30.095,89.7615
0.316993,0,-239.597,4.68944,3.09146,20381.9,-140.997,-599.246,41.9819,142916,-2810.13,30.0669,89.7618
0.317003,0,-239.597,4.68704,3.09151,20361.7,-140.793,-599.248,41.9759,142918,-2808.7,30.0387,89.7621
0.317013,0,-239.597,4.68464,3.09155,20341.5,-140.589,-599.249,41.9699,142920,-2807.27,30.0106,89.7624
0.317023,0,-239.597,4.68224,3.0916,20321.3,-140.386,-599.25,41.964,142921,-2805.84,29.9826,89.7627
0.317033,0,-239.597,4.67984,3.09165,20301.2,-140.182,-599.252,41.958,142923,-2804.41,29.9544,89.763
0.317043,0,-239.597,4.67745,3.09169,20281,-139.979,-599.253,41.952,142924,-2802.97,29.9263,89.7633
0.317053,0,-239.597,4.67505,3.09174,20260.9,-139.776,-599.255,41.946,142926,-2801.54,29.8983,89.7635
0.317063,0,-239.597,4.67265,3.09179,20240.8,-139.573,-599.256,41.94,142928,-2800.11,29.8703,89.7638
0.317073,0,-239.597,4.67025,3.09184,20220.6,-139.371,-599.257,41.934,142929,-2798.68,29.8423,89.7641
0.317083,0,-239.597,4.66785,3.09188,20200.5,-139.168,-599.259,41.928,142931,-2797.25,29.8143,89.7644
0.317093,0,-239.597,4.66545,3.09193,20180.4,-138.966,-599.26,41.922,142932,-2795.82,29.7863,89.7647
0.317103,0,-239.597,4.66305,3.09198,20160.3,-138.764,-599.262,41.916,142934,-2794.39,29.7583,89.765
0.317113,0,-239.597,4.66065,3.09202,20140.3,-138.562,-599.263,41.91,142936,-2792.96,29.7302,89.7653
0.317123,0,-239.597,4.65825,3.09207,20120.2,-138.361,-599.264,41.904,142937,-2791.52,29.7022,89.7656
0.317133,0,-239.597,4.65585,3.09212,20100.1,-138.159,-599.266,41.898,142939,-2790.09,29.6742,89.7659
0.317143,0,-239.597,4.65345,3.09216,20080.1,-137.958,-599.267,41.892,142940,-2788.66,29.6464,89.7662
0.317153,0,-239.597,4.65105,3.09221,20060.1,-137.757,-599.268,41.886,142942,-2787.23,29.6185,89.7665
0.317163,0,-239.597,4.64865,3.09225,20040,-137.557,-599.27,41.8801,142944,-2785.8,29.5907,89.7668
0.317173,0,-239.597,4.64626,3.0923,20020,-137.356,-599.271,41.8741,142945,-2784.37,29.5628,89.7671
0.317183,0,-239.597,4.64386,3.09235,20000,-137.155,-599.273,41.8681,142947,-2782.94,29.5348,89.7674
0.317193,0,-239.597,4.64146,3.09239,19980,-136.955,-599.274,41.8621,142948,-2781.5,29.5069,89.7677
0.317203,0,-239.597,4.63906,3.09244,19960,-136.755,-599.275,41.8561,142950,-2780.07,29.4791,89.768
0.317213,0,-239.597,4.63666,3.09249,19940.1,-136.556,-599.277,41.8501,142952,-2778.64,29.4514,89.7683
0.317223,0,-239.597,4.63426,3.09253,19920.1,-136.356,-599.278,41.8441,142953,-2777.21,29.4235,89.7686
0.317233,0,-239.597,4.63186,3.09258,19900.1,-136.156,-599.279,41.8381,142955,-2775.78,29.3956,89.7689
0.317243,0,-239.597,4.62946,3.09263,19880.2,-135.958,-599.281,41.8321,142956,-2774.35,29.3679,89.7692
0.317253,0,-239.597,4.62706,3.09267,19860.3,-135.759,-599.282,41.8261,142958,-2772.92,29.3402,89.7695
0.317263,0,-239.597,4.62466,3.09272,19840.3,-135.56,-599.284,41.8201,142959,-2771.48,29.3123,89.7698
0.317273,0,-239.597,4.62226,3.09277,19820.4,-135.361,-599.285,41.8141,142961,-2770.05,29.2846,89.7701
0.317283,0,-239.597,4.61986,3.09281,19800.5,-135.163,-599.286,41.8081,142963,-2768.62,29.2569,89.7704
0.317293,0,-239.597,4.61747,3.09286,19780.6,-134.965,-599.288,41.8021,142964,-2767.19,29.2292,89.7707
0.317303,0,-239.597,4.61507,3.0929,19760.7,-134.767,-599.289,41.7962,142966,-2765.76,29.2015,89.7709
0.317313,0,-239.597,4.61267,3.09295,19740.8,-134.569,-599.29,41.7902,142967,-2764.33,29.1737,89.7712
0.317323,0,-239.597,4.61027,3.093,19721,-134.372,-599.292,41.7842,142969,-2762.89,29.1462,89.7715
0.317333,0,-239.597,4.60787,3.09304,19701.1,-134.174,-599.293,41.7782,142970,-2761.46,29.1184,89.7718
0.317343,0,-239.597,4.60547,3.09309,19681.3,-133.977,-599.294,41.7722,142972,-2760.03,29.0909,89.7721
0.317353,0,-239.597,4.60307,3.09314,19661.5,-133.78,-599.296,41.7662,142974,-2758.6,29.0631,89.7724
0.317363,0,-239.597,4.60067,3.09318,19641.7,-133.583,-599.297,41.7602,142975,-2757.17,29.0356,89.7727
0.317373,0,-239.597,4.59827,3.09323,19621.8,-133.386,-599.298,41.7542,142977,-2755.74,29.0078,89.773
0.317383,0,-239.597,4.59587,3.09327,19602,-133.19,-599.3,41.7482,142978,-2754.3,28.9804,89.7733
0.317393,0,-239.597,4.59347,3.09332,19582.2,-132.993,-599.301,41.7422,142980,-2752.87,28.9527,89.7736
0.317403,0,-239.597,4.59107,3.09337,19562.5,-132.798,-599.302,41.7362,142981,-2751.44,28.9253,89.7738
0.317413,0,-239.597,4.58867,3.09341,19542.7,-132.602,-599.304,41.7302,142983,-2750.01,28.8977,89.7741
0.317423,0,-239.597,4.58628,3.09346,19522.9,-132.406,-599.305,41.7242,142984,-2748.58,28.8701,89.7744
0.317433,0,-239.597,4.58388,3.0935,19503.2,-132.211,-599.306,41.7182,142986,-2747.15,28.8427,89.7747
0.317443,0,-239.597,4.58148,3.09355,19483.4,-132.016,-599.308,41.7122,142987,-2745.71,28.8151,89.775
0.317453,0,-239.597,4.57908,3.09359,19463.7,-131.821,-599.309,41.7063,142989,-2744.28,28.7877,89.7753
0.317463,0,-239.597,4.57668,3.09364,19444,-131.626,-599.31,41.7003,142990,-2742.85,28.7601,89.7756
0.317473,0,-239.597,4.57428,3.09369,19424.3,-131.431,-599.312,41.6943,142992,-2741.42,28.7327,89.7759
0.317483,0,-239.597,4.57188,3.09373,19404.6,-131.237,-599.313,41.6883,142993,-2739.99,28.7052,89.7762
0.317493,0,-239.597,4.56948,3.09378,19384.9,-131.043,-599.314,41.6823,142995,-2738.55,28.6778,89.7765
0.317503,0,-239.597,4.56708,3.09382,19365.2,-130.849,-599.316,41.6763,142996,-2737.12,28.6505,89.7767
0.317513,0,-239.597,4.56468,3.09387,19345.6,-130.655,-599.317,41.6703,142998,-2735.69,28.6231,89.777
0.317523,0,-239.597,4.56228,3.09392,19325.9,-130.461,-599.318,41.6643,142999,-2734.26,28.5956,89.7773
0.317533,0,-239.597,4.55988,3.09396,19306.3,-130.268,-599.32,41.6583,143001,-2732.83,28.5683,89.7776
0.317543,0,-239.597,4.55748,3.09401,19286.6,-130.075,-599.321,41.6523,143002,-2731.4,28.5409,89.7779
0.317553,0,-239.597,4.55509,3.09405,19266.9,-129.881,-599.322,41.6463,143004,-2729.96,28.5135,89.7782
0.317563,0,-239.597,4.55269,3.0941,19247.3,-129.689,-599.323,41.6403,143006,-2728.53,28.4862,89.7784
0.317573,0,-239.597,4.55029,3.09414,19227.7,-129.496,-599.325,41.6343,143007,-2727.1,28.4589,89.7787
0.317583,0,-239.597,4.54789,3.09419,19208.1,-129.304,-599.326,41.6283,143008,-2725.67,28.4316,89.779
0.317593,0,-239.597,4.54549,3.09423,19188.6,-129.111,-599.327,41.6224,143010,-2724.24,28.4043,89.7793
0.317603,0,-239.597,4.54309,3.09428,19169,-128.92,-599.329,41.6164,143012,-2722.8,28.3771,89.7796
0.317613,0,-239.597,4.54069,3.09433,19149.4,-128.728,-599.33,41.6104,143013,-2721.37,28.3498,89.7799
0.317623,0,-239.597,4.53829,3.09437,19129.9,-128.536,-599.331,41.6044,143014,-2719.94,28.3226,89.7801
0.317633,0,-239.597,4.53589,3.09442,19110.3,-128.344,-599.332,41.5984,143016,-2718.51,28.2953,89.7804
0.317643,0,-239.597,4.53349,3.09446,19090.8,-128.153,-599.334,41.5924,143017,-2717.07,28.2681,89.7807
0.317653,0,-239.597,4.53109,3.09451,19071.2,-127.962,-599.335,41.5864,143019,-2715.64,28.2408,89.781
0.317663,0,-239.597,4.52869,3.09455,19051.7,-127.771,-599.336,41.5804,143020,-2714.21,28.2137,89.7813
0.317673,0,-239.597,4.52629,3.0946,19032.2,-127.581,-599.338,41.5744,143022,-2712.78,28.1865,89.7815
0.317683,0,-239.597,4.5239,3.09464,19012.7,-127.39,-599.339,41.5684,143023,-2711.35,28.1594,89.7818
0.317694,0,-239.597,4.5215,3.09469,18993.3,-127.2,-599.34,41.5624,143025,-2709.91,28.1322,89.7821
0.317704,0,-239.597,4.5191,3.09473,18973.8,-127.01,-599.341,41.5564,143026,-2708.48,28.1051,89.7824
0.317714,0,-239.597,4.5167,3.09478,18954.3,-126.82,-599.343,41.5504,143028,-2707.05,28.0779,89.7827
0.317724,0,-239.597,4.5143,3.09482,18934.9,-126.63,-599.344,41.5444,143029,-2705.62,28.0509,89.783
0.317734,0,-239.597,4.5119,3.09487,18915.4,-126.44,-599.345,41.5385,143031,-2704.18,28.0238,89.7832
0.317744,0,-239.597,4.5095,3.09491,18896,-126.251,-599.346,41.5325,143032,-2702.75,27.9968,89.7835
0.317754,0,-239.597,4.5071,3.09496,18876.6,-126.062,-599.348,41.5265,143034,-2701.32,27.9696,89.7838
0.317764,0,-239.597,4.5047,3.095,18857.2,-125.874,-599.349,41.5205,143035,-2699.89,27.9427,89.7841
0.317774,0,-239.597,4.5023,3.09505,18837.8,-125.684,-599.35,41.5145,143037,-2698.46,27.9156,89.7844
0.317784,0,-239.597,4.4999,3.09509,18818.4,-125.496,-599.352,41.5085,143038,-2697.02,27.8886,89.7847
0.317794,0,-239.597,4.4975,3.09514,18799,-125.308,-599.353,41.5025,143039,-2695.59,27.8616,89.7849
0.317804,0,-239.597,4.4951,3.09519,18779.6,-125.119,-599.354,41.4965,143041,-2694.16,27.8346,89.7852
0.317814,0,-239.597,4.49271,3.09523,18760.2,-124.931,-599.355,41.4905,143042,-2692.73,27.8076,89.7855
0.317824,0,-239.597,4.49031,3.09527,18740.9,-124.744,-599.357,41.4845,143044,-2691.29,27.7807,89.7858
0.317834,0,-239.597,4.48791,3.09532,18721.5,-124.556,-599.358,41.4785,143045,-2689.86,27.7537,89.786
0.317844,0,-239.597,4.48551,3.09536,18702.2,-124.369,-599.359,41.4725,143047,-2688.43,27.7268,89.7863
0.317854,0,-239.597,4.48311,3.09541,18682.9,-124.182,-599.36,41.4665,143048,-2687,27.7,89.7866
0.317864,0,-239.597,4.48071,3.09545,18663.6,-123.994,-599.362,41.4605,143050,-2685.56,27.673,89.7869
0.317874,0,-239.597,4.47831,3.0955,18644.3,-123.808,-599.363,41.4546,143051,-2684.13,27.6461,89.7871
0.317884,0,-239.597,4.47591,3.09554,18625,-123.621,-599.364,41.4486,143052,-2682.7,27.6192,89.7874
0.317894,0,-239.597,4.47351,3.09559,18605.7,-123.435,-599.365,41.4426,143054,-2681.27,27.5924,89.7877
0.317904,0,-239.597,4.47111,3.09563,18586.4,-123.248,-599.366,41.4366,143055,-2679.83,27.5655,89.788
0.317914,0,-239.597,4.46871,3.09568,18567.2,-123.063,-599.368,41.4306,143057,-2678.4,27.5388,89.7882
0.317924,0,-239.597,4.46631,3.09572,18548,-122.877,-599.369,41.4246,143058,-2676.97,27.5119,89.7885
0.317934,0,-239.597,4.46391,3.09577,18528.7,-122.692,-599.37,41.4186,143059,-2675.54,27.4852,89.7888
0.317944,0,-239.597,4.46152,3.09581,18509.5,-122.506,-599.371,41.4126,143061,-2674.1,27.4583,89.7891
0.317954,0,-239.597,4.45912,3.09586,18490.3,-122.321,-599.373,41.4066,143062,-2672.67,27.4316,89.7893
0.317964,0,-239.597,4.45672,3.0959,18471.1,-122.136,-599.374,41.4006,143064,-2671.24,27.4049,89.7896
0.317974,0,-239.597,4.45432,3.09595,18451.9,-121.95,-599.375,41.3946,143065,-2669.81,27.378,89.7899
0.317984,0,-239.597,4.45192,3.09599,18432.7,-121.766,-599.376,41.3886,143067,-2668.37,27.3513,89.7902
0.317994,0,-239.597,4.44952,3.09604,18413.5,-121.581,-599.378,41.3826,143068,-2666.94,27.3246,89.7904
0.318004,0,-239.597,4.44712,3.09608,18394.3,-121.397,-599.379,41.3766,143069,-2665.51,27.298,89.7907
0.318014,0,-239.597,4.44472,3.09612,18375.2,-121.213,-599.38,41.3707,143071,-2664.08,27.2713,89.791
0.318024,0,-239.597,4.44232,3.09617,18356,-121.029,-599.381,41.3647,143072,-2662.64,27.2445,89.7913
0.318034,0,-239.597,4.43992,3.09621,18336.9,-120.846,-599.382,41.3587,143074,-2661.21,27.218,89.7915
0.318044,0,-239.597,4.43752,3.09626,18317.8,-120.662,-599.384,41.3527,143075,-2659.78,27.1912,89.7918
0.318054,0,-239.597,4.43512,3.0963,18298.7,-120.479,-599.385,41.3467,143076,-2658.35,27.1647,89.7921
0.318064,0,-239.597,4.43272,3.09635,18279.6,-120.296,-599.386,41.3407,143078,-2656.91,27.1381,89.7924
0.318074,0,-239.597,4.43033,3.09639,18260.4,-120.112,-599.387,41.3347,143079,-2655.48,27.1114,89.7926
0.318084,0,-239.597,4.42793,3.09644,18241.4,-119.929,-599.388,41.3287,143080,-2654.05,27.0848,89.7929
0.318094,0,-239.597,4.42553,3.09648,18222.3,-119.747,-599.39,41.3227,143082,-2652.61,27.0583,89.7932
0.318104,0,-239.597,4.42313,3.09652,18203.2,-119.565,-599.391,41.3167,143083,-2651.18,27.0318,89.7934
0.318114,0,-239.597,4.42073,3.09657,18184.2,-119.383,-599.392,41.3107,143085,-2649.75,27.0052,89.7937
0.318124,0,-239.597,4.41833,3.09661,18165.2,-119.201,-599.393,41.3047,143086,-2648.32,26.9787,89.794
0.318134,0,-239.597,4.41593,3.09666,18146.1,-119.019,-599.394,41.2987,143087,-2646.88,26.9522,89.7942
0.318144,0,-239.597,4.41353,3.0967,18127.1,-118.837,-599.396,41.2927,143089,-2645.45,26.9256,89.7945
0.318154,0,-239.597,4.41113,3.09675,18108.1,-118.656,-599.397,41.2868,143090,-2644.02,26.8991,89.7948
0.318164,0,-239.597,4.40873,3.09679,18089.1,-118.475,-599.398,41.2808,143091,-2642.59,26.8727,89.795
0.318174,0,-239.597,4.40633,3.09683,18070.1,-118.294,-599.399,41.2748,143093,-2641.15,26.8463,89.7953
0.318184,0,-239.597,4.40393,3.09688,18051.1,-118.113,-599.4,41.2688,143094,-2639.72,26.8198,89.7956
0.318194,0,-239.597,4.40154,3.09692,18032.1,-117.932,-599.401,41.2628,143096,-2638.29,26.7934,89.7958
0.318204,0,-239.597,4.39914,3.09697,18013.1,-117.751,-599.403,41.2568,143097,-2636.85,26.7669,89.7961
0.318214,0,-239.597,4.39674,3.09701,17994.2,-117.572,-599.404,41.2508,143098,-2635.42,26.7407,89.7964
0.318224,0,-239.597,4.39434,3.09705,17975.3,-117.391,-599.405,41.2448,143100,-2633.99,26.7142,89.7966
0.318234,0,-239.597,4.39194,3.0971,17956.3,-117.211,-599.406,41.2388,143101,-2632.55,26.6878,89.7969
0.318244,0,-239.597,4.38954,3.09714,17937.4,-117.032,-599.407,41.2328,143102,-2631.12,26.6615,89.7972
0.318254,0,-239.597,4.38714,3.09719,17918.5,-116.852,-599.409,41.2268,143104,-2629.69,26.635,89.7974
0.318264,0,-239.597,4.38474,3.09723,17899.6,-116.672,-599.41,41.2208,143105,-2628.26,26.6087,89.7977
0.318274,0,-239.597,4.38234,3.09727,17880.7,-116.493,-599.411,41.2148,143106,-2626.82,26.5824,89.798
0.318284,0,-239.597,4.37994,3.09732,17861.9,-116.315,-599.412,41.2088,143108,-2625.39,26.5563,89.7982
0.318294,0,-239.597,4.37754,3.09736,17843,-116.136,-599.413,41.2029,143109,-2623.96,26.53,89.7985
0.318304,0,-239.597,4.37514,3.09741,17824.1,-115.958,-599.414,41.1969,143110,-2622.52,26.5037,89.7988
0.318314,0,-239.597,4.37274,3.09745,17805.3,-115.779,-599.415,41.1909,143112,-2621.09,26.4774,89.799
0.318324,0,-239.597,4.37035,3.09749,17786.4,-115.601,-599.417,41.1849,143113,-2619.66,26.4511,89.7993
0.318334,0,-239.597,4.36795,3.09754,17767.6,-115.423,-599.418,41.1789,143114,-2618.22,26.425,89.7996
0.318344,0,-239.597,4.36555,3.09758,17748.8,-115.245,-599.419,41.1729,143116,-2616.79,26.3987,89.7999
0.318354,0,-239.597,4.36315,3.09762,17730,-115.067,-599.42,41.1669,143117,-2615.36,26.3725,89.8001
0.318364,0,-239.597,4.36075,3.09767,17711.2,-114.89,-599.421,41.1609,143118,-2613.93,26.3464,89.8004
0.318374,0,-239.597,4.35835,3.09771,17692.4,-114.713,-599.422,41.1549,143120,-2612.49,26.3202,89.8007
0.318384,0,-239.597,4.35595,3.09776,17673.6,-114.536,-599.424,41.1489,143121,-2611.06,26.2941,89.8009
0.318394,0,-239.597,4.35355,3.0978,17654.8,-114.359,-599.425,41.1429,143122,-2609.63,26.2679,89.8012
0.318404,0,-239.597,4.35115,3.09784,17636.1,-114.182,-599.426,41.1369,143124,-2608.19,26.2417,89.8014
0.318414,0,-239.597,4.34875,3.09789,17617.3,-114.005,-599.427,41.1309,143125,-2606.76,26.2156,89.8017
0.318424,0,-239.597,4.34635,3.09793,17598.6,-113.829,-599.428,41.1249,143126,-2605.33,26.1896,89.8019
0.318435,0,-239.597,4.34395,3.09797,17579.9,-113.653,-599.429,41.119,143128,-2603.89,26.1634,89.8022
0.318445,0,-239.597,4.34155,3.09802,17561.2,-113.477,-599.43,41.113,143129,-2602.46,26.1374,89.8025
0.318455,0,-239.597,4.33916,3.09806,17542.5,-113.301,-599.432,41.107,143130,-2601.03,26.1114,89.8027
0.318465,0,-239.597,4.33676,3.0981,17523.7,-113.125,-599.433,41.101,143132,-2599.59,26.0853,89.803
0.318475,0,-239.597,4.33436,3.09815,17505.1,-112.95,-599.434,41.095,143133,-2598.16,26.0592,89.8032
0.318485,0,-239.597,4.33196,3.09819,17486.4,-112.775,-599.435,41.089,143134,-2596.73,26.0332,89.8035
0.318495,0,-239.597,4.32956,3.09823,17467.7,-112.6,-599.436,41.083,143135,-2595.29,26.0072,89.8038
0.318505,0,-239.597,4.32716,3.09828,17449.1,-112.425,-599.437,41.077,143137,-2593.86,25.9812,89.804
0.318515,0,-239.597,4.32476,3.09832,17430.4,-112.251,-599.438,41.071,143138,-2592.43,25.9553,89.8043
0.318525,0,-239.597,4.32236,3.09836,17411.8,-112.076,-599.439,41.065,143139,-2590.99,25.9293,89.8045
0.318535,0,-239.597,4.31996,3.09841,17393.2,-111.902,-599.441,41.059,143141,-2589.56,25.9035,89.8048
0.318545,0,-239.597,4.31756,3.09845,17374.6,-111.728,-599.442,41.053,143142,-2588.13,25.8776,89.8051
0.318555,0,-239.597,4.31516,3.09849,17356,-111.554,-599.443,41.047,143143,-2586.69,25.8516,89.8053
0.318565,0,-239.597,4.31276,3.09854,17337.4,-111.38,-599.444,41.041,143144,-2585.26,25.8257,89.8056
0.318575,0,-239.597,4.31036,3.09858,17318.8,-111.207,-599.445,41.0351,143146,-2583.83,25.7998,89.8058
0.318585,0,-239.597,4.30797,3.09862,17300.2,-111.033,-599.446,41.0291,143147,-2582.39,25.774,89.8061
0.318595,0,-239.597,4.30557,3.09867,17281.7,-110.86,-599.447,41.0231,143148,-2580.96,25.7481,89.8064
0.318605,0,-239.597,4.30317,3.09871,17263.1,-110.687,-599.448,41.0171,143150,-2579.53,25.7222,89.8066
0.318615,0,-239.597,4.30077,3.09875,17244.6,-110.515,-599.45,41.0111,143151,-2578.09,25.6965,89.8069
0.318625,0,-239.597,4.29837,3.0988,17226,-110.342,-599.451,41.0051,143152,-2576.66,25.6706,89.8071
0.318635,0,-239.597,4.29597,3.09884,17207.5,-110.17,-599.452,40.9991,143153,-2575.23,25.6449,89.8074
0.318645,0,-239.597,4.29357,3.09888,17189,-109.997,-599.453,40.9931,143155,-2573.79,25.6191,89.8077
0.318655,0,-239.597,4.29117,3.09892,17170.5,-109.825,-599.454,40.9871,143156,-2572.36,25.5933,89.8079
0.318665,0,-239.597,4.28877,3.09897,17152,-109.654,-599.455,40.9811,143157,-2570.93,25.5676,89.8082
0.318675,0,-239.597,4.28637,3.09901,17133.5,-109.482,-599.456,40.9751,143158,-2569.49,25.5419,89.8084
0.318685,0,-239.597,4.28397,3.09905,17115,-109.31,-599.457,40.9691,143160,-2568.06,25.516,89.8087
0.318695,0,-239.597,4.28157,3.0991,17096.6,-109.139,-599.458,40.9631,143161,-2566.62,25.4904,89.8089
0.318705,0,-239.597,4.27917,3.09914,17078.2,-108.968,-599.459,40.9571,143162,-2565.19,25.4647,89.8092
0.318715,0,-239.597,4.27678,3.09918,17059.7,-108.797,-599.461,40.9512,143164,-2563.76,25.439,89.8094
0.318725,0,-239.597,4.27438,3.09922,17041.3,-108.626,-599.462,40.9452,143165,-2562.32,25.4134,89.8097
0.318735,0,-239.597,4.27198,3.09927,17022.9,-108.456,-599.463,40.9392,143166,-2560.89,25.3877,89.8099
0.318745,0,-239.597,4.26958,3.09931,17004.5,-108.285,-599.464,40.9332,143167,-2559.46,25.3621,89.8102
0.318755,0,-239.597,4.26718,3.09935,16986.1,-108.115,-599.465,40.9272,143168,-2558.02,25.3364,89.8104
0.318765,0,-239.597,4.26478,3.0994,16967.7,-107.945,-599.466,40.9212,143170,-2556.59,25.3108,89.8107
0.318775,0,-239.597,4.26238,3.09944,16949.3,-107.775,-599.467,40.9152,143171,-2555.16,25.2852,89.8109
0.318785,0,-239.597,4.25998,3.09948,16930.9,-107.605,-599.468,40.9092,143172,-2553.72,25.2596,89.8112
0.318795,0,-239.597,4.25758,3.09952,16912.6,-107.436,-599.469,40.9032,143173,-2552.29,25.234,89.8114
0.318805,0,-239.597,4.25518,3.09957,16894.2,-107.267,-599.47,40.8972,143175,-2550.86,25.2086,89.8117
0.318815,0,-239.597,4.25278,3.09961,16875.9,-107.098,-599.471,40.8912,143176,-2549.42,25.183,89.812
0.318825,0,-239.597,4.25038,3.09965,16857.6,-106.929,-599.472,40.8852,143177,-2547.99,25.1574,89.8122
0.318835,0,-239.597,4.24798,3.09969,16839.3,-106.76,-599.473,40.8792,143178,-2546.55,25.132,89.8125
0.318845,0,-239.597,4.24559,3.09974,16821,-106.592,-599.474,40.8732,143180,-2545.12,25.1065,89.8127
0.318855,0,-239.597,4.24319,3.09978,16802.7,-106.423,-599.476,40.8673,143181,-2543.69,25.0809,89.813
0.318865,0,-239.597,4.24079,3.09982,16784.4,-106.255,-599.477,40.8613,143182,-2542.25,25.0555,89.8132
0.318875,0,-239.597,4.23839,3.09986,16766.1,-106.087,-599.478,40.8553,143183,-2540.82,25.0301,89.8135
0.318885,0,-239.597,4.23599,3.09991,16747.8,-105.919,-599.479,40.8493,143184,-2539.39,25.0046,89.8137
0.318895,0,-239.597,4.23359,3.09995,16729.6,-105.752,-599.48,40.8433,143186,-2537.95,24.9793,89.814
0.318905,0,-239.597,4.23119,3.09999,16711.4,-105.585,-599.481,40.8373,143187,-2536.52,24.9539,89.8142
0.318915,0,-239.597,4.22879,3.10003,16693.1,-105.417,-599.482,40.8313,143188,-2535.08,24.9284,89.8145
0.318925,0,-239.597,4.22639,3.10008,16674.9,-105.25,-599.483,40.8253,143189,-2533.65,24.903,89.8147
0.318935,0,-239.597,4.22399,3.10012,16656.7,-105.083,-599.484,40.8193,143191,-2532.22,24.8777,89.815
0.318945,0,-239.597,4.22159,3.10016,16638.5,-104.916,-599.485,40.8133,143192,-2530.78,24.8523,89.8152
0.318955,0,-239.597,4.21919,3.1002,16620.3,-104.75,-599.486,40.8073,143193,-2529.35,24.827,89.8155
0.318965,0,-239.597,4.21679,3.10024,16602.1,-104.584,-599.487,40.8013,143194,-2527.91,24.8017,89.8157
0.318975,0,-239.597,4.2144,3.10029,16583.9,-104.417,-599.488,40.7953,143195,-2526.48,24.7764,89.816
0.318985,0,-239.597,4.212,3.10033,16565.8,-104.251,-599.489,40.7893,143197,-2525.05,24.7511,89.8162
0.318995,0,-239.597,4.2096,3.10037,16547.6,-104.086,-599.49,40.7833,143198,-2523.61,24.7258,89.8165
0.319005,0,-239.597,4.2072,3.10041,16529.5,-103.92,-599.491,40.7773,143199,-2522.18,24.7006,89.8167
0.319015,0,-239.597,4.2048,3.10046,16511.3,-103.755,-599.492,40.7713,143200,-2520.74,24.6753,89.8169
0.319025,0,-239.597,4.2024,3.1005,16493.2,-103.589,-599.493,40.7653,143201,-2519.31,24.65,89.8172
0.319035,0,-239.597,4.2,3.10054,16475.1,-103.424,-599.494,40.7593,143203,-2517.88,24.6249,89.8174
0.319045,0,-239.597,4.1976,3.10058,16457,-103.26,-599.495,40.7533,143204,-2516.44,24.5997,89.8177
0.319055,0,-239.597,4.1952,3.10062,16438.9,-103.095,-599.497,40.7473,143205,-2515.01,24.5744,89.8179
0.319065,0,-239.597,4.1928,3.10067,16420.8,-102.93,-599.498,40.7413,143206,-2513.58,24.5493,89.8182
0.319075,0,-239.597,4.1904,3.10071,16402.8,-102.766,-599.499,40.7353,143207,-2512.14,24.5241,89.8184
0.319085,0,-239.597,4.188,3.10075,16384.7,-102.602,-599.5,40.7293,143208,-2510.71,24.4989,89.8187
0.319095,0,-239.597,4.18561,3.10079,16366.7,-102.438,-599.501,40.7233,143210,-2509.27,24.4738,89.8189
0.319105,0,-239.597,4.18321,3.10083,16348.6,-102.274,-599.502,40.7174,143211,-2507.84,24.4486,89.8191
0.319115,0,-239.597,4.18081,3.10088,16330.6,-102.11,-599.503,40.7114,143212,-2506.4,24.4236,89.8194
0.319125,0,-239.597,4.17841,3.10092,16312.6,-101.947,-599.504,40.7054,143213,-2504.97,24.3985,89.8196
0.319135,0,-239.597,4.17601,3.10096,16294.6,-101.784,-599.505,40.6994,143214,-2503.54,24.3734,89.8199
0.319145,0,-239.597,4.17361,3.101,16276.6,-101.621,-599.506,40.6934,143216,-2502.1,24.3484,89.8201
0.319155,0,-239.597,4.17121,3.10104,16258.6,-101.457,-599.507,40.6874,143217,-2500.67,24.3233,89.8204
0.319165,0,-239.597,4.16881,3.10108,16240.6,-101.295,-599.508,40.6814,143218,-2499.23,24.2983,89.8206
0.319176,0,-239.597,4.16641,3.10113,16222.7,-101.132,-599.509,40.6754,143219,-2497.8,24.2732,89.8209
0.319186,0,-239.597,4.16401,3.10117,16204.7,-100.97,-599.51,40.6694,143220,-2496.37,24.2482,89.8211
0.319196,0,-239.597,4.16161,3.10121,16186.7,-100.808,-599.511,40.6634,143221,-2494.93,24.2232,89.8213
0.319206,0,-239.597,4.15921,3.10125,16168.8,-100.646,-599.512,40.6574,143222,-2493.5,24.1984,89.8216
0.319216,0,-239.597,4.15681,3.10129,16150.9,-100.484,-599.513,40.6514,143224,-2492.06,24.1733,89.8218
0.319226,0,-239.597,4.15442,3.10133,16133,-100.322,-599.514,40.6454,143225,-2490.63,24.1483,89.8221
0.319236,0,-239.597,4.15202,3.10138,16115.1,-100.161,-599.515,40.6394,143226,-2489.2,24.1235,89.8223
0.319246,0,-239.597,4.14962,3.10142,16097.2,-99.9999,-599.516,40.6334,143227,-2487.76,24.0986,89.8226
0.319256,0,-239.597,4.14722,3.10146,16079.3,-99.8389,-599.517,40.6274,143228,-2486.33,24.0737,89.8228
0.319266,0,-239.597,4.14482,3.1015,16061.4,-99.6775,-599.518,40.6214,143229,-2484.89,24.0487,89.8231
0.319276,0,-239.597,4.14242,3.10154,16043.6,-99.5168,-599.519,40.6154,143231,-2483.46,24.0238,89.8233
0.319286,0,-239.597,4.14002,3.10158,16025.7,-99.3562,-599.52,40.6094,143232,-2482.02,23.999,89.8235
0.319296,0,-239.597,4.13762,3.10162,16007.9,-99.1963,-599.521,40.6034,143233,-2480.59,23.9742,89.8238
0.319306,0,-239.597,4.13522,3.10167,15990,-99.0359,-599.522,40.5974,143234,-2479.16,23.9494,89.824
0.319316,0,-239.597,4.13282,3.10171,15972.2,-98.8756,-599.523,40.5914,143235,-2477.72,23.9245,89.8242
0.319326,0,-239.597,4.13042,3.10175,15954.4,-98.7161,-599.524,40.5854,143236,-2476.29,23.8998,89.8245
0.319336,0,-239.597,4.12802,3.10179,15936.6,-98.5561,-599.525,40.5794,143237,-2474.85,23.8749,89.8247
0.319346,0,-239.597,4.12562,3.10183,15918.8,-98.3968,-599.526,40.5734,143238,-2473.42,23.8502,89.825
0.319356,0,-239.597,4.12323,3.10187,15901,-98.2376,-599.527,40.5674,143240,-2471.98,23.8254,89.8252
0.319366,0,-239.597,4.12083,3.10191,15883.2,-98.078,-599.528,40.5614,143241,-2470.55,23.8006,89.8254
0.319376,0,-239.597,4.11843,3.10196,15865.5,-97.919,-599.529,40.5554,143242,-2469.12,23.7758,89.8257
0.319386,0,-239.597,4.11603,3.102,15847.8,-97.7608,-599.53,40.5494,143243,-2467.68,23.7512,89.8259
0.319396,0,-239.597,4.11363,3.10204,15830,-97.6021,-599.531,40.5434,143244,-2466.25,23.7265,89.8261
0.319406,0,-239.597,4.11123,3.10208,15812.3,-97.4435,-599.532,40.5374,143245,-2464.81,23.7018,89.8264
0.319416,0,-239.597,4.10883,3.10212,15794.6,-97.2856,-599.533,40.5315,143246,-2463.38,23.6772,89.8266
0.319426,0,-239.597,4.10643,3.10216,15776.9,-97.1273,-599.534,40.5255,143247,-2461.94,23.6525,89.8268
0.319436,0,-239.597,4.10403,3.1022,15759.1,-96.969,-599.535,40.5195,143249,-2460.51,23.6277,89.8271
0.319446,0,-239.597,4.10163,3.10224,15741.5,-96.8115,-599.536,40.5135,143250,-2459.07,23.6032,89.8273
0.319456,0,-239.597,4.09923,3.10228,15723.8,-96.6541,-599.536,40.5075,143251,-2457.64,23.5786,89.8276
0.319466,0,-239.597,4.09683,3.10233,15706.1,-96.4968,-599.537,40.5015,143252,-2456.21,23.554,89.8278
0.319476,0,-239.597,4.09443,3.10237,15688.5,-96.3396,-599.538,40.4955,143253,-2454.77,23.5294,89.828
0.319486,0,-239.597,4.09204,3.10241,15670.8,-96.1825,-599.539,40.4895,143254,-2453.34,23.5048,89.8283
0.319496,0,-239.597,4.08964,3.10245,15653.2,-96.0256,-599.54,40.4835,143255,-2451.9,23.4802,89.8285
0.319506,0,-239.597,4.08724,3.10249,15635.5,-95.8688,-599.541,40.4775,143256,-2450.47,23.4556,89.8287
0.319516,0,-239.597,4.08484,3.10253,15617.9,-95.7127,-599.542,40.4715,143257,-2449.03,23.4312,89.829
0.319526,0,-239.597,4.08244,3.10257,15600.3,-95.5561,-599.543,40.4655,143259,-2447.6,23.4066,89.8292
0.319536,0,-239.597,4.08004,3.10261,15582.7,-95.4002,-599.544,40.4595,143260,-2446.16,23.3822,89.8294
0.319546,0,-239.597,4.07764,3.10265,15565.1,-95.2438,-599.545,40.4535,143261,-2444.73,23.3576,89.8297
0.319556,0,-239.597,4.07524,3.10269,15547.6,-95.0882,-599.546,40.4475,143262,-2443.3,23.3331,89.8299
0.319566,0,-239.597,4.07284,3.10274,15530,-94.9326,-599.547,40.4415,143263,-2441.86,23.3087,89.8302
0.319576,0,-239.597,4.07044,3.10278,15512.4,-94.7772,-599.548,40.4355,143264,-2440.43,23.2843,89.8304
0.319586,0,-239.597,4.06804,3.10282,15494.9,-94.6219,-599.549,40.4295,143265,-2438.99,23.2598,89.8306
0.319596,0,-239.597,4.06564,3.10286,15477.4,-94.4673,-599.55,40.4235,143266,-2437.56,23.2355,89.8309
0.319606,0,-239.597,4.06324,3.1029,15459.9,-94.3123,-599.551,40.4175,143267,-2436.12,23.2111,89.8311
0.319616,0,-239.597,4.06085,3.10294,15442.3,-94.1573,-599.552,40.4115,143268,-2434.69,23.1866,89.8313
0.319626,0,-239.597,4.05845,3.10298,15424.8,-94.0031,-599.553,40.4055,143269,-2433.25,23.1623,89.8315
0.319636,0,-239.597,4.05605,3.10302,15407.3,-93.8483,-599.554,40.3995,143270,-2431.82,23.1379,89.8318
0.319646,0,-239.597,4.05365,3.10306,15389.9,-93.6943,-599.555,40.3935,143272,-2430.38,23.1136,89.832
0.319656,0,-239.597,4.05125,3.1031,15372.4,-93.5404,-599.556,40.3875,143273,-2428.95,23.0893,89.8322
0.319666,0,-239.597,4.04885,3.10314,15354.9,-93.3866,-599.557,40.3815,143274,-2427.51,23.065,89.8325
0.319676,0,-239.597,4.04645,3.10318,15337.5,-93.233,-599.557,40.3755,143275,-2426.08,23.0407,89.8327
0.319686,0,-239.597,4.04405,3.10322,15320,-93.0794,-599.558,40.3695,143276,-2424.64,23.0164,89.8329
0.319696,0,-239.597,4.04165,3.10326,15302.6,-92.926,-599.559,40.3635,143277,-2423.21,22.9921,89.8331
0.319706,0,-239.597,4.03925,3.1033,15285.2,-92.7727,-599.56,40.3575,143278,-2421.78,22.9678,89.8334
0.319716,0,-239.597,4.03685,3.10334,15267.8,-92.62,-599.561,40.3516,143279,-2420.34,22.9436,89.8336
0.319726,0,-239.597,4.03445,3.10338,15250.4,-92.4669,-599.562,40.3456,143280,-2418.91,22.9193,89.8338
0.319736,0,-239.597,4.03205,3.10342,15233,-92.3145,-599.563,40.3396,143281,-2417.47,22.8952,89.8341
0.319746,0,-239.597,4.02966,3.10347,15215.6,-92.1617,-599.564,40.3336,143282,-2416.04,22.8709,89.8343
0.319756,0,-239.597,4.02726,3.10351,15198.2,-92.0095,-599.565,40.3276,143283,-2414.6,22.8467,89.8345
0.319766,0,-239.597,4.02486,3.10355,15180.9,-91.8575,-599.566,40.3216,143284,-2413.17,22.8225,89.8347
0.319776,0,-239.597,4.02246,3.10359,15163.5,-91.7056,-599.567,40.3156,143285,-2411.73,22.7984,89.835
0.319786,0,-239.597,4.02006,3.10363,15146.2,-91.5537,-599.568,40.3096,143286,-2410.3,22.7742,89.8352
0.319796,0,-239.597,4.01766,3.10367,15128.8,-91.402,-599.569,40.3036,143287,-2408.86,22.7501,89.8354
0.319806,0,-239.597,4.01526,3.10371,15111.5,-91.251,-599.569,40.2976,143288,-2407.43,22.7261,89.8357
0.319816,0,-239.597,4.01286,3.10375,15094.2,-91.0996,-599.57,40.2916,143290,-2405.99,22.7019,89.8359
0.319826,0,-239.597,4.01046,3.10379,15076.9,-90.9488,-599.571,40.2856,143291,-2404.56,22.6779,89.8361
0.319836,0,-239.597,4.00806,3.10383,15059.6,-90.7975,-599.572,40.2796,143292,-2403.12,22.6537,89.8363
0.319846,0,-239.597,4.00566,3.10387,15042.4,-90.647,-599.573,40.2736,143293,-2401.69,22.6297,89.8366
0.319856,0,-239.597,4.00326,3.10391,15025.1,-90.4965,-599.574,40.2676,143294,-2400.25,22.6057,89.8368
0.319866,0,-239.597,4.00086,3.10395,15007.8,-90.3462,-599.575,40.2616,143295,-2398.82,22.5817,89.837
0.319876,0,-239.597,3.99847,3.10399,14990.6,-90.196,-599.576,40.2556,143296,-2397.38,22.5577,89.8373
0.319886,0,-239.597,3.99607,3.10403,14973.4,-90.0459,-599.577,40.2496,143297,-2395.95,22.5336,89.8375
0.319896,0,-239.597,3.99367,3.10407,14956.1,-89.896,-599.578,40.2436,143298,-2394.51,22.5096,89.8377
0.319907,0,-239.597,3.99127,3.10411,14938.9,-89.7461,-599.578,40.2376,143299,-2393.08,22.4856,89.8379
0.319917,0,-239.597,3.98887,3.10415,14921.7,-89.5969,-599.579,40.2316,143300,-2391.64,22.4617,89.8382
0.319927,0,-239.597,3.98647,3.10419,14904.5,-89.4479,-599.58,40.2256,143301,-2390.21,22.4379,89.8384
0.319937,0,-239.597,3.98407,3.10423,14887.3,-89.2984,-599.581,40.2196,143302,-2388.77,22.4139,89.8386
0.319947,0,-239.597,3.98167,3.10427,14870.2,-89.1495,-599.582,40.2136,143303,-2387.34,22.39,89.8388
0.319957,0,-239.597,3.97927,3.10431,14853,-89.0008,-599.583,40.2076,143304,-2385.9,22.3661,89.8391
0.319967,0,-239.597,3.97687,3.10435,14835.8,-88.8516,-599.584,40.2016,143305,-2384.47,22.3421,89.8393
0.319977,0,-239.597,3.97447,3.10439,14818.7,-88.7032,-599.585,40.1956,143306,-2383.03,22.3182,89.8395
0.319987,0,-239.597,3.97207,3.10443,14801.6,-88.5554,-599.586,40.1896,143307,-2381.6,22.2945,89.8397
0.319997,0,-239.597,3.96968,3.10447,14784.4,-88.4071,-599.587,40.1836,143308,-2380.16,22.2706,89.8399
0.320007,0,-239.597,3.96728,3.10451,14767.3,-88.259,-599.587,40.1776,143309,-2378.73,22.2467,89.8402
0.320017,0,-239.597,3.96488,3.10455,14750.2,-88.1115,-599.588,40.1716,143310,-2377.29,22.223,89.8404
0.320027,0,-239.597,3.96248,3.10459,14733.1,-87.9636,-599.589,40.1657,143311,-2375.86,22.1991,89.8406
0.320037,0,-239.597,3.96008,3.10463,14716.1,-87.8163,-599.59,40.1597,143312,-2374.42,22.1754,89.8408
0.320047,0,-239.597,3.95768,3.10467,14699,-87.6687,-599.591,40.1537,143313,-2372.99,22.1515,89.841
0.320057,0,-239.597,3.95528,3.1047,14681.9,-87.5217,-599.592,40.1477,143314,-2371.55,22.1278,89.8413
0.320067,0,-239.597,3.95288,3.10474,14664.9,-87.3748,-599.593,40.1417,143315,-2370.12,22.1041,89.8415
0.320077,0,-239.597,3.95048,3.10478,14647.8,-87.228,-599.594,40.1357,143316,-2368.68,22.0803,89.8417
0.320087,0,-239.597,3.94808,3.10482,14630.8,-87.0813,-599.594,40.1297,143317,-2367.25,22.0566,89.8419
0.320097,0,-239.597,3.94568,3.10486,14613.8,-86.9353,-599.595,40.1237,143318,-2365.81,22.033,89.8421
0.320107,0,-239.597,3.94328,3.1049,14596.8,-86.7889,-599.596,40.1177,143319,-2364.38,22.0093,89.8424
0.320117,0,-239.597,3.94088,3.10494,14579.8,-86.6426,-599.597,40.1117,143320,-2362.94,21.9856,89.8426
0.320127,0,-239.597,3.93849,3.10498,14562.8,-86.4969,-599.598,40.1057,143321,-2361.51,21.962,89.8428
0.320137,0,-239.597,3.93609,3.10502,14545.8,-86.3514,-599.599,40.0997,143322,-2360.07,21.9384,89.843
0.320147,0,-239.597,3.93369,3.10506,14528.8,-86.2054,-599.6,40.0937,143323,-2358.64,21.9147,89.8433
0.320157,0,-239.597,3.93129,3.1051,14511.9,-86.0601,-599.601,40.0877,143324,-2357.2,21.8911,89.8435
0.320167,0,-239.597,3.92889,3.10514,14494.9,-85.9149,-599.601,40.0817,143325,-2355.77,21.8675,89.8437
0.320177,0,-239.597,3.92649,3.10518,14478,-85.7698,-599.602,40.0757,143326,-2354.33,21.8439,89.8439
0.320187,0,-239.597,3.92409,3.10522,14461.1,-85.6248,-599.603,40.0697,143327,-2352.9,21.8203,89.8441
0.320197,0,-239.597,3.92169,3.10526,14444.2,-85.4805,-599.604,40.0637,143328,-2351.46,21.7969,89.8444
0.320207,0,-239.597,3.91929,3.1053,14427.2,-85.3358,-599.605,40.0577,143329,-2350.03,21.7733,89.8446
0.320217,0,-239.597,3.91689,3.10534,14410.3,-85.1912,-599.606,40.0517,143330,-2348.59,21.7497,89.8448
0.320227,0,-239.597,3.91449,3.10537,14393.5,-85.0472,-599.607,40.0457,143331,-2347.16,21.7262,89.845
0.320237,0,-239.597,3.91209,3.10541,14376.6,-84.9028,-599.607,40.0397,143332,-2345.72,21.7027,89.8452
0.320247,0,-239.597,3.90969,3.10545,14359.7,-84.7591,-599.608,40.0337,143333,-2344.29,21.6792,89.8454
0.320257,0,-239.597,3.9073,3.10549,14342.9,-84.6155,-599.609,40.0277,143334,-2342.85,21.6558,89.8457
0.320267,0,-239.597,3.9049,3.10553,14326,-84.472,-599.61,40.0217,143335,-2341.41,21.6323,89.8459
0.320277,0,-239.597,3.9025,3.10557,14309.2,-84.3285,-599.611,40.0157,143336,-2339.98,21.6089,89.8461
0.320287,0,-239.597,3.9001,3.10561,14292.3,-84.1853,-599.612,40.0097,143337,-2338.54,21.5854,89.8463
0.320297,0,-239.597,3.8977,3.10565,14275.5,-84.0421,-599.612,40.0037,143338,-2337.11,21.562,89.8465
0.320307,0,-239.597,3.8953,3.10569,14258.7,-83.8996,-599.613,39.9977,143339,-2335.67,21.5387,89.8467
0.320317,0,-239.597,3.8929,3.10573,14241.9,-83.7566,-599.614,39.9917,143340,-2334.24,21.5152,89.8469
0.320327,0,-239.597,3.8905,3.10577,14225.1,-83.6138,-599.615,39.9858,143341,-2332.8,21.4918,89.8472
0.320337,0,-239.597,3.8881,3.1058,14208.4,-83.4717,-599.616,39.9798,143341,-2331.37,21.4685,89.8474
0.320347,0,-239.597,3.8857,3.10584,14191.6,-83.3296,-599.617,39.9738,143342,-2329.93,21.4452,89.8476
0.320357,0,-239.597,3.8833,3.10588,14174.9,-83.1877,-599.617,39.9678,143343,-2328.5,21.4219,89.8478
0.320367,0,-239.597,3.8809,3.10592,14158.1,-83.0458,-599.618,39.9618,143344,-2327.06,21.3986,89.848
0.320377,0,-239.597,3.8785,3.10596,14141.4,-82.9041,-599.619,39.9558,143345,-2325.63,21.3753,89.8482
0.320387,0,-239.597,3.87611,3.106,14124.7,-82.7625,-599.62,39.9498,143346,-2324.19,21.352,89.8484
0.320397,0,-239.597,3.87371,3.10604,14108,-82.621,-599.621,39.9438,143347,-2322.75,21.3287,89.8486
0.320407,0,-239.597,3.87131,3.10608,14091.3,-82.4802,-599.622,39.9378,143348,-2321.32,21.3055,89.8489
0.320417,0,-239.597,3.86891,3.10611,14074.6,-82.3389,-599.622,39.9318,143349,-2319.88,21.2822,89.8491
0.320427,0,-239.597,3.86651,3.10615,14057.9,-82.1983,-599.623,39.9258,143350,-2318.45,21.259,89.8493
0.320437,0,-239.597,3.86411,3.10619,14041.2,-82.0573,-599.624,39.9198,143351,-2317.01,21.2357,89.8495
0.320447,0,-239.597,3.86171,3.10623,14024.6,-81.9169,-599.625,39.9138,143352,-2315.58,21.2126,89.8497
0.320457,0,-239.597,3.85931,3.10627,14007.9,-81.7766,-599.626,39.9078,143353,-2314.14,21.1894,89.8499
0.320467,0,-239.597,3.85691,3.10631,13991.3,-81.6364,-599.627,39.9018,143354,-2312.71,21.1663,89.8501
0.320477,0,-239.597,3.85451,3.10635,13974.6,-81.4964,-599.627,39.8958,143355,-2311.27,21.1431,89.8504
0.320487,0,-239.597,3.85211,3.10639,13958,-81.3564,-599.628,39.8898,143356,-2309.84,21.1199,89.8506
0.320497,0,-239.597,3.84971,3.10642,13941.4,-81.2166,-599.629,39.8838,143356,-2308.4,21.0968,89.8508
0.320507,0,-239.597,3.84731,3.10646,13924.8,-81.0774,-599.63,39.8778,143357,-2306.96,21.0738,89.851
0.320517,0,-239.597,3.84492,3.1065,13908.2,-80.9378,-599.631,39.8718,143358,-2305.53,21.0506,89.8512
0.320527,0,-239.597,3.84252,3.10654,13891.7,-80.7989,-599.631,39.8658,143359,-2304.09,21.0276,89.8514
0.320537,0,-239.597,3.84012,3.10658,13875.1,-80.66,-599.632,39.8598,143360,-2302.66,21.0046,89.8516
0.320547,0,-239.597,3.83772,3.10662,13858.5,-80.5208,-599.633,39.8538,143361,-2301.22,20.9814,89.8519
0.320557,0,-239.597,3.83532,3.10665,13842,-80.3821,-599.634,39.8478,143362,-2299.79,20.9584,89.8521
0.320567,0,-239.597,3.83292,3.10669,13825.4,-80.2436,-599.635,39.8418,143363,-2298.35,20.9354,89.8523
0.320577,0,-239.597,3.83052,3.10673,13808.9,-80.1052,-599.635,39.8358,143364,-2296.92,20.9124,89.8525
0.320587,0,-239.597,3.82812,3.10677,13792.4,-79.9669,-599.636,39.8298,143365,-2295.48,20.8893,89.8527
0.320597,0,-239.597,3.82572,3.10681,13775.9,-79.8293,-599.637,39.8238,143366,-2294.04,20.8665,89.8529
0.320607,0,-239.597,3.82332,3.10685,13759.4,-79.6913,-599.638,39.8178,143367,-2292.61,20.8435,89.8531
0.320617,0,-239.597,3.82092,3.10688,13742.9,-79.5538,-599.639,39.8118,143368,-2291.17,20.8206,89.8533
0.320627,0,-239.597,3.81852,3.10692,13726.4,-79.416,-599.639,39.8059,143368,-2289.74,20.7976,89.8535
0.320637,0,-239.597,3.81612,3.10696,13710,-79.2788,-599.64,39.7999,143369,-2288.3,20.7747,89.8537
0.320648,0,-239.597,3.81373,3.107,13693.5,-79.1412,-599.641,39.7939,143370,-2286.87,20.7517,89.8539
0.320658,0,-239.597,3.81133,3.10704,13677.1,-79.0042,-599.642,39.7879,143371,-2285.43,20.7288,89.8541
0.320668,0,-239.597,3.80893,3.10708,13660.6,-78.8674,-599.643,39.7819,143372,-2284,20.7059,89.8543
0.320678,0,-239.597,3.80653,3.10711,13644.2,-78.7306,-599.643,39.7759,143373,-2282.56,20.683,89.8545
0.320688,0,-239.597,3.80413,3.10715,13627.8,-78.5945,-599.644,39.7699,143374,-2281.12,20.6603,89.8547
0.320698,0,-239.597,3.80173,3.10719,13611.4,-78.458,-599.645,39.7639,143375,-2279.69,20.6374,89.8549
0.320708,0,-239.597,3.79933,3.10723,13595,-78.3215,-599.646,39.7579,143376,-2278.25,20.6146,89.8551
0.320718,0,-239.597,3.79693,3.10727,13578.7,-78.1858,-599.647,39.7519,143376,-2276.82,20.5918,89.8554
0.320728,0,-239.597,3.79453,3.1073,13562.3,-78.0496,-599.647,39.7459,143377,-2275.38,20.569,89.8556
0.320738,0,-239.597,3.79213,3.10734,13545.9,-77.914,-599.648,39.7399,143378,-2273.95,20.5462,89.8558
0.320748,0,-239.597,3.78973,3.10738,13529.6,-77.7786,-599.649,39.7339,143379,-2272.51,20.5235,89.856
0.320758,0,-239.597,3.78733,3.10742,13513.2,-77.6432,-599.65,39.7279,143380,-2271.07,20.5008,89.8562
0.320768,0,-239.597,3.78493,3.10746,13496.9,-77.508,-599.65,39.7219,143381,-2269.64,20.478,89.8564
0.320778,0,-239.597,3.78254,3.10749,13480.6,-77.3729,-599.651,39.7159,143382,-2268.2,20.4553,89.8566
0.320788,0,-239.597,3.78014,3.10753,13464.3,-77.2379,-599.652,39.7099,143383,-2266.77,20.4326,89.8568
0.320798,0,-239.597,3.77774,3.10757,13448,-77.103,-599.653,39.7039,143384,-2265.33,20.4098,89.857
0.320808,0,-239.597,3.77534,3.10761,13431.7,-76.9688,-599.654,39.6979,143384,-2263.89,20.3872,89.8572
0.320818,0,-239.597,3.77294,3.10765,13415.4,-76.8341,-599.654,39.6919,143385,-2262.46,20.3645,89.8574
0.320828,0,-239.597,3.77054,3.10768,13399.1,-76.6995,-599.655,39.6859,143386,-2261.02,20.3418,89.8576
0.320838,0,-239.597,3.76814,3.10772,13382.9,-76.5656,-599.656,39.6799,143387,-2259.59,20.3192,89.8578
0.320848,0,-239.597,3.76574,3.10776,13366.6,-76.4318,-599.657,39.6739,143388,-2258.15,20.2966,89.858
0.320858,0,-239.597,3.76334,3.1078,13350.4,-76.2981,-599.657,39.6679,143389,-2256.72,20.274,89.8582
0.320868,0,-239.597,3.76094,3.10783,13334.2,-76.1645,-599.658,39.6619,143390,-2255.28,20.2514,89.8584
0.320878,0,-239.597,3.75854,3.10787,13317.9,-76.031,-599.659,39.6559,143391,-2253.84,20.2288,89.8587
0.320888,0,-239.597,3.75614,3.10791,13301.7,-75.8976,-599.66,39.6499,143391,-2252.41,20.2062,89.8588
0.320898,0,-239.597,3.75375,3.10795,13285.5,-75.7643,-599.66,39.6439,143392,-2250.97,20.1837,89.859
0.320908,0,-239.597,3.75135,3.10798,13269.4,-75.6317,-599.661,39.6379,143393,-2249.54,20.1612,89.8592
0.320918,0,-239.597,3.74895,3.10802,13253.2,-75.4986,-599.662,39.6319,143394,-2248.1,20.1386,89.8594
0.320928,0,-239.597,3.74655,3.10806,13237,-75.3662,-599.663,39.6259,143395,-2246.66,20.1162,89.8596
0.320938,0,-239.597,3.74415,3.1081,13220.9,-75.2339,-599.663,39.62,143396,-2245.23,20.0937,89.8598
0.320948,0,-239.597,3.74175,3.10813,13204.7,-75.1017,-599.664,39.614,143397,-2243.79,20.0713,89.86
0.320958,0,-239.597,3.73935,3.10817,13188.6,-74.9691,-599.665,39.608,143397,-2242.36,20.0487,89.8602
0.320968,0,-239.597,3.73695,3.10821,13172.5,-74.8376,-599.666,39.602,143398,-2240.92,20.0264,89.8604
0.320978,0,-239.597,3.73455,3.10825,13156.3,-74.7052,-599.666,39.596,143399,-2239.49,20.0038,89.8606
0.320988,0,-239.597,3.73215,3.10828,13140.2,-74.574,-599.667,39.59,143400,-2238.05,19.9815,89.8608
0.320998,0,-239.597,3.72975,3.10832,13124.1,-74.4423,-599.668,39.584,143401,-2236.61,19.9591,89.861
0.321008,0,-239.597,3.72735,3.10836,13108,-74.3108,-599.669,39.578,143402,-2235.18,19.9366,89.8612
0.321018,0,-239.597,3.72495,3.1084,13092,-74.1799,-599.669,39.572,143403,-2233.74,19.9143,89.8614
0.321028,0,-239.597,3.72256,3.10843,13075.9,-74.0491,-599.67,39.566,143403,-2232.31,19.892,89.8616
0.321038,0,-239.597,3.72016,3.10847,13059.9,-73.9178,-599.671,39.56,143404,-2230.87,19.8696,89.8618
0.321048,0,-239.597,3.71776,3.10851,13043.8,-73.7872,-599.672,39.554,143405,-2229.43,19.8472,89.862
0.321058,0,-239.597,3.71536,3.10855,13027.8,-73.6568,-599.672,39.548,143406,-2228,19.8249,89.8622
0.321068,0,-239.597,3.71296,3.10858,13011.8,-73.5264,-599.673,39.542,143407,-2226.56,19.8026,89.8624
0.321078,0,-239.597,3.71056,3.10862,12995.8,-73.3961,-599.674,39.536,143408,-2225.13,19.7803,89.8626
0.321088,0,-239.597,3.70816,3.10866,12979.8,-73.2659,-599.675,39.53,143408,-2223.69,19.758,89.8628
0.321098,0,-239.597,3.70576,3.10869,12963.8,-73.1364,-599.675,39.524,143409,-2222.25,19.7359,89.863
0.321108,0,-239.597,3.70336,3.10873,12947.8,-73.0065,-599.676,39.518,143410,-2220.82,19.7136,89.8632
0.321118,0,-239.597,3.70096,3.10877,12931.8,-72.8766,-599.677,39.512,143411,-2219.38,19.6913,89.8634
0.321128,0,-239.597,3.69856,3.1088,12915.9,-72.7474,-599.678,39.506,143412,-2217.95,19.6691,89.8636
0.321138,0,-239.597,3.69616,3.10884,12899.9,-72.6183,-599.678,39.5,143413,-2216.51,19.6469,89.8638
0.321148,0,-239.597,3.69376,3.10888,12884,-72.4893,-599.679,39.494,143413,-2215.07,19.6248,89.864
0.321158,0,-239.597,3.69137,3.10892,12868.1,-72.3604,-599.68,39.488,143414,-2213.64,19.6026,89.8642
0.321168,0,-239.597,3.68897,3.10895,12852.1,-72.2311,-599.68,39.482,143415,-2212.2,19.5803,89.8644
0.321178,0,-239.597,3.68657,3.10899,12836.2,-72.103,-599.681,39.476,143416,-2210.76,19.5583,89.8646
0.321188,0,-239.597,3.68417,3.10903,12820.3,-71.9744,-599.682,39.47,143417,-2209.33,19.5361,89.8648
0.321198,0,-239.597,3.68177,3.10906,12804.4,-71.8459,-599.683,39.464,143417,-2207.89,19.514,89.865
0.321208,0,-239.597,3.67937,3.1091,12788.6,-71.7181,-599.683,39.458,143418,-2206.46,19.492,89.8652
0.321218,0,-239.597,3.67697,3.10914,12772.7,-71.5899,-599.684,39.452,143419,-2205.02,19.4698,89.8654
0.321228,0,-239.597,3.67457,3.10917,12756.9,-71.4622,-599.685,39.446,143420,-2203.58,19.4478,89.8656
0.321238,0,-239.597,3.67217,3.10921,12741,-71.3342,-599.685,39.4401,143421,-2202.15,19.4256,89.8658
0.321248,0,-239.597,3.66977,3.10925,12725.2,-71.2068,-599.686,39.4341,143422,-2200.71,19.4036,89.866
0.321258,0,-239.597,3.66737,3.10928,12709.3,-71.0795,-599.687,39.4281,143422,-2199.28,19.3816,89.8662
0.321268,0,-239.597,3.66497,3.10932,12693.5,-70.9523,-599.688,39.4221,143423,-2197.84,19.3596,89.8664
0.321278,0,-239.597,3.66257,3.10936,12677.7,-70.8252,-599.688,39.4161,143424,-2196.4,19.3375,89.8665
0.321288,0,-239.597,3.66018,3.10939,12661.9,-70.6982,-599.689,39.4101,143425,-2194.97,19.3155,89.8667
0.321298,0,-239.597,3.65778,3.10943,12646.1,-70.5718,-599.69,39.4041,143426,-2193.53,19.2936,89.8669
0.321308,0,-239.597,3.65538,3.10947,12630.4,-70.4456,-599.69,39.3981,143426,-2192.09,19.2718,89.8671
0.321318,0,-239.597,3.65298,3.1095,12614.6,-70.3189,-599.691,39.3921,143427,-2190.66,19.2498,89.8673
0.321328,0,-239.597,3.65058,3.10954,12598.8,-70.1924,-599.692,39.3861,143428,-2189.22,19.2277,89.8675
0.321338,0,-239.597,3.64818,3.10958,12583.1,-70.0664,-599.693,39.3801,143429,-2187.79,19.2059,89.8677
0.321348,0,-239.597,3.64578,3.10961,12567.4,-69.9406,-599.693,39.3741,143430,-2186.35,19.184,89.8679
0.321358,0,-239.597,3.64338,3.10965,12551.7,-69.8149,-599.694,39.3681,143430,-2184.91,19.1621,89.8681
0.321368,0,-239.597,3.64098,3.10969,12535.9,-69.6892,-599.695,39.3621,143431,-2183.48,19.1402,89.8683
0.321378,0,-239.597,3.63858,3.10972,12520.2,-69.5637,-599.695,39.3561,143432,-2182.04,19.1184,89.8685
0.321389,0,-239.597,3.63618,3.10976,12504.5,-69.4383,-599.696,39.3501,143433,-2180.6,19.0965,89.8686
0.321399,0,-239.597,3.63378,3.1098,12488.9,-69.3135,-599.697,39.3441,143434,-2179.17,19.0747,89.8688
0.321409,0,-239.597,3.63138,3.10983,12473.2,-69.1883,-599.697,39.3381,143434,-2177.73,19.0529,89.869
0.321419,0,-239.597,3.62899,3.10987,12457.5,-69.0632,-599.698,39.3321,143435,-2176.3,19.031,89.8692
0.321429,0,-239.597,3.62659,3.10991,12441.9,-68.9387,-599.699,39.3261,143436,-2174.86,19.0093,89.8694
0.321439,0,-239.597,3.62419,3.10994,12426.2,-68.8144,-599.699,39.3201,143437,-2173.42,18.9875,89.8696
0.321449,0,-239.597,3.62179,3.10998,12410.6,-68.6901,-599.7,39.3141,143437,-2171.99,18.9658,89.8698
0.321459,0,-239.597,3.61939,3.11001,12395,-68.5659,-599.701,39.3081,143438,-2170.55,18.9441,89.87
0.321469,0,-239.597,3.61699,3.11005,12379.4,-68.4419,-599.702,39.3021,143439,-2169.11,18.9223,89.8702
0.321479,0,-239.597,3.61459,3.11009,12363.8,-68.3179,-599.702,39.2961,143440,-2167.68,18.9006,89.8704
0.321489,0,-239.597,3.61219,3.11012,12348.2,-68.1941,-599.703,39.2901,143441,-2166.24,18.8789,89.8706
0.321499,0,-239.597,3.60979,3.11016,12332.6,-68.0703,-599.704,39.2841,143441,-2164.81,18.8571,89.8707
0.321509,0,-239.597,3.60739,3.11019,12317.1,-67.9472,-599.704,39.2781,143442,-2163.37,18.8355,89.8709
0.321519,0,-239.597,3.60499,3.11023,12301.5,-67.8242,-599.705,39.2721,143443,-2161.93,18.814,89.8711
0.321529,0,-239.597,3.60259,3.11027,12285.9,-67.7008,-599.706,39.2661,143444,-2160.5,18.7922,89.8713
0.321539,0,-239.597,3.60019,3.1103,12270.4,-67.5779,-599.706,39.2602,143444,-2159.06,18.7706,89.8715
0.321549,0,-239.597,3.5978,3.11034,12254.9,-67.4552,-599.707,39.2542,143445,-2157.62,18.749,89.8717
0.321559,0,-239.597,3.5954,3.11038,12239.3,-67.3321,-599.708,39.2482,143446,-2156.19,18.7273,89.8719
0.321569,0,-239.597,3.593,3.11041,12223.9,-67.2101,-599.708,39.2422,143447,-2154.75,18.7059,89.8721
0.321579,0,-239.597,3.5906,3.11045,12208.4,-67.0877,-599.709,39.2362,143447,-2153.31,18.6843,89.8723
0.321589,0,-239.597,3.5882,3.11048,12192.9,-66.9654,-599.71,39.2302,143448,-2151.88,18.6627,89.8725
0.321599,0,-239.597,3.5858,3.11052,12177.4,-66.8437,-599.71,39.2242,143449,-2150.44,18.6412,89.8726
0.321609,0,-239.597,3.5834,3.11055,12162,-66.7216,-599.711,39.2182,143450,-2149.01,18.6196,89.8728
0.321619,0,-239.597,3.581,3.11059,12146.5,-66.5996,-599.712,39.2122,143450,-2147.57,18.5981,89.873
0.321629,0,-239.597,3.5786,3.11063,12131,-66.4783,-599.712,39.2062,143451,-2146.13,18.5766,89.8732
0.321639,0,-239.597,3.5762,3.11066,12115.6,-66.357,-599.713,39.2002,143452,-2144.7,18.5552,89.8734
0.321649,0,-239.597,3.5738,3.1107,12100.2,-66.2358,-599.714,39.1942,143453,-2143.26,18.5337,89.8736
0.321659,0,-239.597,3.5714,3.11073,12084.8,-66.1148,-599.714,39.1882,143453,-2141.82,18.5123,89.8737
0.321669,0,-239.597,3.56901,3.11077,12069.4,-65.9938,-599.715,39.1822,143454,-2140.39,18.4908,89.8739
0.321679,0,-239.597,3.56661,3.11081,12054,-65.873,-599.716,39.1762,143455,-2138.95,18.4694,89.8741
0.321689,0,-239.597,3.56421,3.11084,12038.6,-65.7522,-599.716,39.1702,143456,-2137.51,18.4479,89.8743
0.321699,0,-239.597,3.56181,3.11088,12023.2,-65.6315,-599.717,39.1642,143456,-2136.08,18.4265,89.8745
0.321709,0,-239.597,3.55941,3.11091,12007.9,-65.5115,-599.718,39.1582,143457,-2134.64,18.4052,89.8746
0.321719,0,-239.597,3.55701,3.11095,11992.5,-65.3916,-599.718,39.1522,143458,-2133.2,18.3839,89.8748
0.321729,0,-239.597,3.55461,3.11098,11977.2,-65.2712,-599.719,39.1462,143459,-2131.77,18.3624,89.875
0.321739,0,-239.597,3.55221,3.11102,11961.9,-65.1515,-599.72,39.1402,143459,-2130.33,18.3411,89.8752
0.321749,0,-239.597,3.54981,3.11105,11946.5,-65.0319,-599.72,39.1342,143460,-2128.89,18.3198,89.8754
0.321759,0,-239.597,3.54741,3.11109,11931.2,-64.9123,-599.721,39.1282,143461,-2127.46,18.2985,89.8756
0.321769,0,-239.597,3.54501,3.11113,11915.9,-64.7929,-599.722,39.1222,143462,-2126.02,18.2772,89.8757
0.321779,0,-239.597,3.54261,3.11116,11900.6,-64.6736,-599.722,39.1162,143462,-2124.58,18.2559,89.8759
0.321789,0,-239.597,3.54021,3.1112,11885.3,-64.5544,-599.723,39.1102,143463,-2123.15,18.2346,89.8761
0.321799,0,-239.597,3.53782,3.11123,11870.1,-64.4352,-599.724,39.1042,143464,-2121.71,18.2133,89.8763
0.321809,0,-239.597,3.53542,3.11127,11854.8,-64.3167,-599.724,39.0982,143465,-2120.27,18.1921,89.8765
0.321819,0,-239.597,3.53302,3.1113,11839.6,-64.1978,-599.725,39.0922,143465,-2118.84,18.1708,89.8767
0.321829,0,-239.597,3.53062,3.11134,11824.3,-64.0795,-599.725,39.0862,143466,-2117.4,18.1497,89.8768
0.321839,0,-239.597,3.52822,3.11137,11809.1,-63.9613,-599.726,39.0802,143467,-2115.96,18.1285,89.877
0.321849,0,-239.597,3.52582,3.11141,11793.9,-63.8432,-599.727,39.0743,143467,-2114.53,18.1073,89.8772
0.321859,0,-239.597,3.52342,3.11144,11778.7,-63.7252,-599.727,39.0683,143468,-2113.09,18.0862,89.8774
0.321869,0,-239.597,3.52102,3.11148,11763.5,-63.6073,-599.728,39.0623,143469,-2111.65,18.065,89.8776
0.321879,0,-239.597,3.51862,3.11152,11748.3,-63.4895,-599.729,39.0563,143470,-2110.22,18.0438,89.8778
0.321889,0,-239.597,3.51622,3.11155,11733.1,-63.3718,-599.729,39.0503,143470,-2108.78,18.0227,89.8779
0.321899,0,-239.597,3.51382,3.11159,11717.9,-63.2542,-599.73,39.0443,143471,-2107.34,18.0015,89.8781
0.321909,0,-239.597,3.51142,3.11162,11702.8,-63.1372,-599.731,39.0383,143472,-2105.91,17.9805,89.8783
0.321919,0,-239.597,3.50902,3.11166,11687.7,-63.0203,-599.731,39.0323,143473,-2104.47,17.9595,89.8785
0.321929,0,-239.597,3.50663,3.11169,11672.5,-62.903,-599.732,39.0263,143473,-2103.03,17.9383,89.8787
0.321939,0,-239.597,3.50423,3.11173,11657.4,-62.7863,-599.732,39.0203,143474,-2101.6,17.9173,89.8789
0.321949,0,-239.597,3.50183,3.11176,11642.3,-62.6697,-599.733,39.0143,143475,-2100.16,17.8963,89.879
0.321959,0,-239.597,3.49943,3.1118,11627.2,-62.5532,-599.734,39.0083,143475,-2098.72,17.8753,89.8792
0.321969,0,-239.597,3.49703,3.11183,11612.1,-62.4368,-599.734,39.0023,143476,-2097.29,17.8542,89.8794
0.321979,0,-239.597,3.49463,3.11187,11597,-62.3205,-599.735,38.9963,143477,-2095.85,17.8332,89.8796
0.321989,0,-239.597,3.49223,3.1119,11581.9,-62.2043,-599.736,38.9903,143477,-2094.41,17.8122,89.8797
0.321999,0,-239.597,3.48983,3.11194,11566.9,-62.0887,-599.736,38.9843,143478,-2092.98,17.7913,89.8799
0.322009,0,-239.597,3.48743,3.11197,11551.8,-61.9732,-599.737,38.9783,143479,-2091.54,17.7705,89.8801
0.322019,0,-239.597,3.48503,3.11201,11536.8,-61.8574,-599.737,38.9723,143480,-2090.1,17.7494,89.8803
0.322029,0,-239.597,3.48263,3.11204,11521.7,-61.7416,-599.738,38.9663,143480,-2088.67,17.7284,89.8804
0.322039,0,-239.597,3.48023,3.11208,11506.7,-61.6264,-599.739,38.9603,143481,-2087.23,17.7075,89.8806
0.322049,0,-239.597,3.47783,3.11211,11491.7,-61.5113,-599.739,38.9543,143482,-2085.79,17.6867,89.8808
0.322059,0,-239.597,3.47544,3.11215,11476.7,-61.3963,-599.74,38.9483,143482,-2084.36,17.6658,89.881
0.322069,0,-239.597,3.47304,3.11218,11461.7,-61.2814,-599.74,38.9423,143483,-2082.92,17.6449,89.8811
0.322079,0,-239.597,3.47064,3.11222,11446.7,-61.1666,-599.741,38.9363,143484,-2081.48,17.624,89.8813
0.322089,0,-239.597,3.46824,3.11225,11431.8,-61.0524,-599.742,38.9303,143484,-2080.05,17.6033,89.8815
0.322099,0,-239.597,3.46584,3.11228,11416.8,-60.9378,-599.742,38.9243,143485,-2078.61,17.5824,89.8817
0.322109,0,-239.597,3.46344,3.11232,11401.9,-60.8238,-599.743,38.9183,143486,-2077.17,17.5617,89.8818
0.32212,0,-239.597,3.46104,3.11235,11386.9,-60.7094,-599.744,38.9123,143486,-2075.74,17.5408,89.882
0.32213,0,-239.597,3.45864,3.11239,11372,-60.5957,-599.744,38.9063,143487,-2074.3,17.5201,89.8822
0.32214,0,-239.597,3.45624,3.11242,11357.1,-60.482,-599.745,38.9003,143488,-2072.86,17.4993,89.8824
0.32215,0,-239.597,3.45384,3.11246,11342.2,-60.3679,-599.745,38.8944,143489,-2071.43,17.4785,89.8825
0.32216,0,-239.597,3.45144,3.11249,11327.3,-60.2549,-599.746,38.8884,143489,-2069.99,17.4579,89.8827
0.32217,0,-239.597,3.44904,3.11253,11312.4,-60.1415,-599.747,38.8824,143490,-2068.55,17.4371,89.8829
0.32218,0,-239.597,3.44664,3.11256,11297.5,-60.0282,-599.747,38.8764,143491,-2067.12,17.4164,89.8831
0.32219,0,-239.597,3.44425,3.1126,11282.7,-59.915,-599.748,38.8704,143491,-2065.68,17.3957,89.8832
0.3222,0,-239.597,3.44185,3.11263,11267.8,-59.8019,-599.748,38.8644,143492,-2064.24,17.3749,89.8834
0.32221,0,-239.597,3.43945,3.11266,11253,-59.6894,-599.749,38.8584,143493,-2062.8,17.3544,89.8836
0.32222,0,-239.597,3.43705,3.1127,11238.1,-59.577,-599.75,38.8524,143493,-2061.37,17.3338,89.8838
0.32223,0,-239.597,3.43465,3.11273,11223.3,-59.4642,-599.75,38.8464,143494,-2059.93,17.313,89.8839
0.32224,0,-239.597,3.43225,3.11277,11208.5,-59.352,-599.751,38.8404,143495,-2058.49,17.2924,89.8841
0.32225,0,-239.597,3.42985,3.1128,11193.7,-59.2398,-599.751,38.8344,143495,-2057.06,17.2718,89.8843
0.32226,0,-239.597,3.42745,3.11284,11178.9,-59.1278,-599.752,38.8284,143496,-2055.62,17.2513,89.8845
0.32227,0,-239.597,3.42505,3.11287,11164.1,-59.0159,-599.753,38.8224,143497,-2054.18,17.2307,89.8846
0.32228,0,-239.597,3.42265,3.11291,11149.4,-58.9046,-599.753,38.8164,143497,-2052.75,17.2102,89.8848
0.32229,0,-239.597,3.42025,3.11294,11134.6,-58.7929,-599.754,38.8104,143498,-2051.31,17.1896,89.885
0.3223,0,-239.597,3.41785,3.11297,11119.8,-58.6813,-599.754,38.8044,143499,-2049.87,17.169,89.8852
0.32231,0,-239.597,3.41545,3.11301,11105.1,-58.5697,-599.755,38.7984,143499,-2048.44,17.1484,89.8853
0.32232,0,-239.597,3.41306,3.11304,11090.3,-58.4588,-599.755,38.7924,143500,-2047,17.128,89.8855
0.32233,0,-239.597,3.41066,3.11308,11075.6,-58.348,-599.756,38.7864,143501,-2045.56,17.1075,89.8857
0.32234,0,-239.597,3.40826,3.11311,11060.9,-58.2367,-599.757,38.7804,143501,-2044.13,17.087,89.8858
0.32235,0,-239.597,3.40586,3.11314,11046.2,-58.1266,-599.757,38.7744,143502,-2042.69,17.0667,89.886
0.32236,0,-239.597,3.40346,3.11318,11031.5,-58.0156,-599.758,38.7684,143503,-2041.25,17.0461,89.8862
0.32237,0,-239.597,3.40106,3.11321,11016.8,-57.9056,-599.758,38.7624,143503,-2039.81,17.0258,89.8863
0.32238,0,-239.597,3.39866,3.11325,11002.2,-57.7953,-599.759,38.7564,143504,-2038.38,17.0053,89.8865
0.32239,0,-239.597,3.39626,3.11328,10987.5,-57.685,-599.76,38.7504,143505,-2036.94,16.9849,89.8867
0.3224,0,-239.597,3.39386,3.11331,10972.9,-57.5754,-599.76,38.7444,143505,-2035.5,16.9646,89.8868
0.32241,0,-239.597,3.39146,3.11335,10958.2,-57.4653,-599.761,38.7384,143506,-2034.07,16.9441,89.887
0.32242,0,-239.597,3.38906,3.11338,10943.6,-57.3554,-599.761,38.7324,143506,-2032.63,16.9237,89.8872
0.32243,0,-239.597,3.38666,3.11342,10929,-57.246,-599.762,38.7264,143507,-2031.19,16.9034,89.8874
0.32244,0,-239.597,3.38426,3.11345,10914.4,-57.1367,-599.762,38.7204,143508,-2029.76,16.883,89.8875
0.32245,0,-239.597,3.38187,3.11348,10899.8,-57.0275,-599.763,38.7145,143508,-2028.32,16.8627,89.8877
0.32246,0,-239.597,3.37947,3.11352,10885.2,-56.9184,-599.764,38.7085,143509,-2026.88,16.8424,89.8879
0.32247,0,-239.597,3.37707,3.11355,10870.6,-56.8095,-599.764,38.7025,143510,-2025.44,16.8221,89.888
0.32248,0,-239.597,3.37467,3.11359,10856,-56.7006,-599.765,38.6965,143510,-2024.01,16.8018,89.8882
0.32249,0,-239.597,3.37227,3.11362,10841.4,-56.5918,-599.765,38.6905,143511,-2022.57,16.7815,89.8884
0.3225,0,-239.597,3.36987,3.11365,10826.9,-56.4836,-599.766,38.6845,143512,-2021.13,16.7614,89.8885
0.32251,0,-239.597,3.36747,3.11369,10812.4,-56.3755,-599.766,38.6785,143512,-2019.7,16.7412,89.8887
0.32252,0,-239.597,3.36507,3.11372,10797.9,-56.267,-599.767,38.6725,143513,-2018.26,16.7209,89.8889
0.32253,0,-239.597,3.36267,3.11375,10783.4,-56.1591,-599.768,38.6665,143514,-2016.82,16.7007,89.889
0.32254,0,-239.597,3.36027,3.11379,10768.9,-56.0513,-599.768,38.6605,143514,-2015.38,16.6806,89.8892
0.32255,0,-239.597,3.35787,3.11382,10754.4,-55.9435,-599.769,38.6545,143515,-2013.95,16.6604,89.8894
0.32256,0,-239.597,3.35547,3.11386,10739.9,-55.8359,-599.769,38.6485,143515,-2012.51,16.6402,89.8895
0.32257,0,-239.597,3.35308,3.11389,10725.4,-55.7284,-599.77,38.6425,143516,-2011.07,16.6201,89.8897
0.32258,0,-239.597,3.35068,3.11392,10710.9,-55.6209,-599.77,38.6365,143517,-2009.64,16.5999,89.8899
0.32259,0,-239.597,3.34828,3.11396,10696.5,-55.5141,-599.771,38.6305,143517,-2008.2,16.5799,89.89
0.3226,0,-239.597,3.34588,3.11399,10682,-55.4068,-599.771,38.6245,143518,-2006.76,16.5597,89.8902
0.32261,0,-239.597,3.34348,3.11402,10667.6,-55.2997,-599.772,38.6185,143519,-2005.32,16.5396,89.8904
0.32262,0,-239.597,3.34108,3.11406,10653.2,-55.1931,-599.773,38.6125,143519,-2003.89,16.5196,89.8905
0.32263,0,-239.597,3.33868,3.11409,10638.8,-55.0867,-599.773,38.6065,143520,-2002.45,16.4995,89.8907
0.32264,0,-239.597,3.33628,3.11412,10624.4,-54.9803,-599.774,38.6005,143520,-2001.01,16.4795,89.8909
0.32265,0,-239.597,3.33388,3.11416,10610,-54.874,-599.774,38.5945,143521,-1999.58,16.4595,89.891
0.32266,0,-239.597,3.33148,3.11419,10595.6,-54.7678,-599.775,38.5885,143522,-1998.14,16.4395,89.8912
0.32267,0,-239.597,3.32908,3.11422,10581.2,-54.6617,-599.775,38.5825,143522,-1996.7,16.4195,89.8914
0.32268,0,-239.597,3.32668,3.11426,10566.9,-54.5557,-599.776,38.5765,143523,-1995.26,16.3994,89.8915
0.32269,0,-239.597,3.32428,3.11429,10552.5,-54.4498,-599.776,38.5705,143523,-1993.83,16.3794,89.8917
0.3227,0,-239.597,3.32189,3.11432,10538.2,-54.3445,-599.777,38.5645,143524,-1992.39,16.3595,89.8919
0.32271,0,-239.597,3.31949,3.11436,10523.8,-54.2388,-599.777,38.5585,143525,-1990.95,16.3395,89.892
0.32272,0,-239.597,3.31709,3.11439,10509.5,-54.1337,-599.778,38.5525,143525,-1989.52,16.3196,89.8922
0.32273,0,-239.597,3.31469,3.11442,10495.2,-54.0282,-599.779,38.5465,143526,-1988.08,16.2996,89.8923
0.32274,0,-239.597,3.31229,3.11446,10480.9,-53.9232,-599.779,38.5405,143527,-1986.64,16.2797,89.8925
0.32275,0,-239.597,3.30989,3.11449,10466.6,-53.8184,-599.78,38.5345,143527,-1985.2,16.2599,89.8927
0.32276,0,-239.597,3.30749,3.11452,10452.4,-53.7141,-599.78,38.5286,143528,-1983.77,16.2401,89.8928
0.32277,0,-239.597,3.30509,3.11456,10438.1,-53.609,-599.781,38.5226,143528,-1982.33,16.2201,89.893
0.32278,0,-239.597,3.30269,3.11459,10423.8,-53.5049,-599.781,38.5166,143529,-1980.89,16.2004,89.8932
0.32279,0,-239.597,3.30029,3.11462,10409.6,-53.4004,-599.782,38.5106,143530,-1979.46,16.1805,89.8933
0.3228,0,-239.597,3.29789,3.11466,10395.3,-53.296,-599.782,38.5046,143530,-1978.02,16.1606,89.8935
0.32281,0,-239.597,3.29549,3.11469,10381.1,-53.1922,-599.783,38.4986,143531,-1976.58,16.1409,89.8936
0.32282,0,-239.597,3.29309,3.11472,10366.9,-53.0885,-599.783,38.4926,143531,-1975.14,16.1212,89.8938
0.32283,0,-239.597,3.2907,3.11475,10352.7,-52.9844,-599.784,38.4866,143532,-1973.71,16.1013,89.894
0.32284,0,-239.597,3.2883,3.11479,10338.5,-52.8809,-599.784,38.4806,143533,-1972.27,16.0815,89.8941
0.32285,0,-239.597,3.2859,3.11482,10324.3,-52.7775,-599.785,38.4746,143533,-1970.83,16.0618,89.8943
0.322861,0,-239.597,3.2835,3.11485,10310.2,-52.6746,-599.786,38.4686,143534,-1969.39,16.0422,89.8944
0.322871,0,-239.597,3.2811,3.11489,10296,-52.5714,-599.786,38.4626,143534,-1967.96,16.0225,89.8946
0.322881,0,-239.597,3.2787,3.11492,10281.8,-52.4682,-599.787,38.4566,143535,-1966.52,16.0028,89.8948
0.322891,0,-239.597,3.2763,3.11495,10267.7,-52.3652,-599.787,38.4506,143535,-1965.08,15.983,89.8949
0.322901,0,-239.597,3.2739,3.11498,10253.5,-52.2622,-599.788,38.4446,143536,-1963.65,15.9633,89.8951
0.322911,0,-239.597,3.2715,3.11502,10239.4,-52.1598,-599.788,38.4386,143537,-1962.21,15.9437,89.8952
0.322921,0,-239.597,3.2691,3.11505,10225.3,-52.0575,-599.789,38.4326,143537,-1960.77,15.9241,89.8954
0.322931,0,-239.597,3.2667,3.11508,10211.2,-51.9549,-599.789,38.4266,143538,-1959.33,15.9044,89.8956
0.322941,0,-239.597,3.2643,3.11511,10197.1,-51.8527,-599.79,38.4206,143538,-1957.9,15.8848,89.8957
0.322951,0,-239.597,3.2619,3.11515,10183,-51.7507,-599.79,38.4146,143539,-1956.46,15.8652,89.8959
0.322961,0,-239.597,3.25951,3.11518,10169,-51.6488,-599.791,38.4086,143540,-1955.02,15.8456,89.896
0.322971,0,-239.597,3.25711,3.11521,10154.9,-51.547,-599.791,38.4026,143540,-1953.58,15.826,89.8962
0.322981,0,-239.597,3.25471,3.11525,10140.9,-51.4457,-599.792,38.3966,143541,-1952.15,15.8066,89.8964
0.322991,0,-239.597,3.25231,3.11528,10126.8,-51.3441,-599.792,38.3906,143541,-1950.71,15.787,89.8965
0.323001,0,-239.597,3.24991,3.11531,10112.8,-51.2425,-599.793,38.3846,143542,-1949.27,15.7674,89.8967
0.323011,0,-239.597,3.24751,3.11534,10098.8,-51.1416,-599.793,38.3786,143542,-1947.83,15.7479,89.8968
0.323021,0,-239.597,3.24511,3.11538,10084.8,-51.0407,-599.794,38.3726,143543,-1946.4,15.7285,89.897
0.323031,0,-239.597,3.24271,3.11541,10070.7,-50.9394,-599.794,38.3666,143544,-1944.96,15.7089,89.8972
0.323041,0,-239.597,3.24031,3.11544,10056.8,-50.8391,-599.795,38.3606,143544,-1943.52,15.6896,89.8973
0.323051,0,-239.597,3.23791,3.11547,10042.8,-50.7381,-599.795,38.3546,143545,-1942.09,15.67,89.8975
0.323061,0,-239.597,3.23551,3.11551,10028.8,-50.6375,-599.796,38.3487,143545,-1940.65,15.6505,89.8976
0.323071,0,-239.597,3.23311,3.11554,10014.9,-50.5376,-599.796,38.3427,143546,-1939.21,15.6312,89.8978
0.323081,0,-239.597,3.23071,3.11557,10000.9,-50.4372,-599.797,38.3367,143546,-1937.77,15.6118,89.8979
0.323091,0,-239.597,3.22832,3.1156,9986.97,-50.337,-599.797,38.3307,143547,-1936.34,15.5923,89.8981
0.323101,0,-239.597,3.22592,3.11563,9973.03,-50.2369,-599.798,38.3247,143548,-1934.9,15.5729,89.8983
0.323111,0,-239.597,3.22352,3.11567,9959.13,-50.1373,-599.798,38.3187,143548,-1933.46,15.5536,89.8984
0.323121,0,-239.597,3.22112,3.1157,9945.24,-50.0378,-599.799,38.3127,143549,-1932.02,15.5343,89.8986
0.323131,0,-239.597,3.21872,3.11573,9931.31,-49.9379,-599.799,38.3067,143549,-1930.59,15.5148,89.8987
0.323141,0,-239.597,3.21632,3.11576,9917.47,-49.839,-599.8,38.3007,143550,-1929.15,15.4957,89.8989
0.323151,0,-239.597,3.21392,3.1158,9903.56,-49.7393,-599.8,38.2947,143550,-1927.71,15.4762,89.899
0.323161,0,-239.597,3.21152,3.11583,9889.7,-49.6402,-599.801,38.2887,143551,-1926.27,15.4569,89.8992
0.323171,0,-239.597,3.20912,3.11586,9875.83,-49.5412,-599.801,38.2827,143551,-1924.84,15.4376,89.8993
0.323181,0,-239.597,3.20672,3.11589,9862.02,-49.4427,-599.802,38.2767,143552,-1923.4,15.4184,89.8995
0.323191,0,-239.597,3.20432,3.11592,9848.17,-49.3438,-599.802,38.2707,143553,-1921.96,15.3991,89.8996
0.323201,0,-239.597,3.20192,3.11596,9834.33,-49.2451,-599.803,38.2647,143553,-1920.52,15.3798,89.8998
0.323211,0,-239.597,3.19952,3.11599,9820.53,-49.1469,-599.803,38.2587,143554,-1919.09,15.3607,89.8999
0.323221,0,-239.597,3.19713,3.11602,9806.74,-49.0487,-599.804,38.2527,143554,-1917.65,15.3415,89.9001
0.323231,0,-239.597,3.19473,3.11605,9792.96,-48.9507,-599.804,38.2467,143555,-1916.21,15.3223,89.9002
0.323241,0,-239.597,3.19233,3.11608,9779.18,-48.8528,-599.805,38.2407,143555,-1914.77,15.3032,89.9004
0.323251,0,-239.597,3.18993,3.11612,9765.41,-48.7549,-599.805,38.2347,143556,-1913.34,15.284,89.9005
0.323261,0,-239.597,3.18753,3.11615,9751.64,-48.6572,-599.806,38.2287,143556,-1911.9,15.2649,89.9007
0.323271,0,-239.597,3.18513,3.11618,9737.89,-48.5595,-599.806,38.2227,143557,-1910.46,15.2457,89.9008
0.323281,0,-239.597,3.18273,3.11621,9724.14,-48.462,-599.807,38.2167,143558,-1909.02,15.2265,89.901
0.323291,0,-239.597,3.18033,3.11624,9710.39,-48.3645,-599.807,38.2107,143558,-1907.59,15.2074,89.9012
0.323301,0,-239.597,3.17793,3.11628,9696.69,-48.2676,-599.808,38.2047,143559,-1906.15,15.1884,89.9013
0.323311,0,-239.597,3.17553,3.11631,9683,-48.1707,-599.808,38.1987,143559,-1904.71,15.1693,89.9015
0.323321,0,-239.597,3.17313,3.11634,9669.27,-48.0735,-599.809,38.1927,143560,-1903.27,15.1502,89.9016
0.323331,0,-239.597,3.17073,3.11637,9655.59,-47.9769,-599.809,38.1867,143560,-1901.84,15.1312,89.9018
0.323341,0,-239.597,3.16833,3.1164,9641.92,-47.8803,-599.81,38.1807,143561,-1900.4,15.1121,89.9019
0.323351,0,-239.597,3.16594,3.11644,9628.21,-47.7834,-599.81,38.1747,143561,-1898.96,15.093,89.9021
0.323361,0,-239.597,3.16354,3.11647,9614.59,-47.6875,-599.811,38.1688,143562,-1897.52,15.0741,89.9022
0.323371,0,-239.597,3.16114,3.1165,9600.93,-47.5912,-599.811,38.1628,143562,-1896.09,15.0551,89.9024
0.323381,0,-239.597,3.15874,3.11653,9587.29,-47.495,-599.812,38.1568,143563,-1894.65,15.0361,89.9025
0.323391,0,-239.597,3.15634,3.11656,9573.68,-47.3993,-599.812,38.1508,143563,-1893.21,15.0172,89.9027
0.323401,0,-239.597,3.15394,3.11659,9560.05,-47.3033,-599.813,38.1448,143564,-1891.77,14.9982,89.9028
0.323411,0,-239.597,3.15154,3.11662,9546.46,-47.2078,-599.813,38.1388,143564,-1890.34,14.9793,89.903
0.323421,0,-239.597,3.14914,3.11666,9532.83,-47.112,-599.813,38.1328,143565,-1888.9,14.9603,89.9031
0.323431,0,-239.597,3.14674,3.11669,9519.25,-47.0167,-599.814,38.1268,143566,-1887.46,14.9414,89.9033
0.323441,0,-239.597,3.14434,3.11672,9505.69,-46.9215,-599.814,38.1208,143566,-1886.02,14.9225,89.9034
0.323451,0,-239.597,3.14194,3.11675,9492.12,-46.8264,-599.815,38.1148,143567,-1884.58,14.9036,89.9036
0.323461,0,-239.597,3.13954,3.11678,9478.56,-46.7313,-599.815,38.1088,143567,-1883.15,14.8848,89.9037
0.323471,0,-239.597,3.13715,3.11681,9465.01,-46.6364,-599.816,38.1028,143568,-1881.71,14.8659,89.9039
0.323481,0,-239.597,3.13475,3.11684,9451.5,-46.542,-599.816,38.0968,143568,-1880.27,14.8471,89.904
0.323491,0,-239.597,3.13235,3.11688,9437.96,-46.4473,-599.817,38.0908,143569,-1878.83,14.8283,89.9042
0.323501,0,-239.597,3.12995,3.11691,9424.47,-46.3531,-599.817,38.0848,143569,-1877.4,14.8095,89.9043
0.323511,0,-239.597,3.12755,3.11694,9410.94,-46.2585,-599.818,38.0788,143570,-1875.96,14.7907,89.9045
0.323521,0,-239.597,3.12515,3.11697,9397.46,-46.1645,-599.818,38.0728,143570,-1874.52,14.7719,89.9046
0.323531,0,-239.597,3.12275,3.117,9383.99,-46.0705,-599.819,38.0668,143571,-1873.08,14.7532,89.9048
0.323541,0,-239.597,3.12035,3.11703,9370.48,-45.9762,-599.819,38.0608,143571,-1871.65,14.7343,89.9049
0.323551,0,-239.597,3.11795,3.11706,9357.06,-45.8829,-599.82,38.0548,143572,-1870.21,14.7157,89.9051
0.323561,0,-239.597,3.11555,3.1171,9343.6,-45.7892,-599.82,38.0488,143572,-1868.77,14.697,89.9052
0.323571,0,-239.597,3.11315,3.11713,9330.16,-45.6956,-599.82,38.0428,143573,-1867.33,14.6782,89.9053
0.323581,0,-239.597,3.11075,3.11716,9316.71,-45.6021,-599.821,38.0368,143573,-1865.9,14.6595,89.9055
0.323592,0,-239.597,3.10835,3.11719,9303.28,-45.5087,-599.821,38.0308,143574,-1864.46,14.6408,89.9056
0.323602,0,-239.597,3.10596,3.11722,9289.88,-45.4159,-599.822,38.0248,143574,-1863.02,14.6222,89.9058
0.323612,0,-239.597,3.10356,3.11725,9276.5,-45.3231,-599.822,38.0188,143575,-1861.58,14.6036,89.9059
0.323622,0,-239.597,3.10116,3.11728,9263.09,-45.23,-599.823,38.0128,143575,-1860.14,14.5849,89.9061
0.323632,0,-239.597,3.09876,3.11731,9249.71,-45.1374,-599.823,38.0068,143576,-1858.71,14.5663,89.9062
0.323642,0,-239.597,3.09636,3.11734,9236.35,-45.0448,-599.824,38.0008,143576,-1857.27,14.5477,89.9064
0.323652,0,-239.597,3.09396,3.11738,9222.99,-44.9524,-599.824,37.9948,143577,-1855.83,14.5291,89.9065
0.323662,0,-239.597,3.09156,3.11741,9209.64,-44.8601,-599.825,37.9888,143577,-1854.39,14.5105,89.9066
0.323672,0,-239.597,3.08916,3.11744,9196.29,-44.7678,-599.825,37.9829,143578,-1852.96,14.4919,89.9068
0.323682,0,-239.597,3.08676,3.11747,9182.99,-44.6761,-599.825,37.9769,143578,-1851.52,14.4735,89.9069
0.323692,0,-239.597,3.08436,3.1175,9169.66,-44.584,-599.826,37.9709,143579,-1850.08,14.4549,89.9071
0.323702,0,-239.597,3.08196,3.11753,9156.33,-44.4921,-599.826,37.9649,143579,-1848.64,14.4363,89.9072
0.323712,0,-239.597,3.07956,3.11756,9143.05,-44.4006,-599.827,37.9589,143580,-1847.2,14.4178,89.9074
0.323722,0,-239.597,3.07716,3.11759,9129.77,-44.3093,-599.827,37.9529,143580,-1845.77,14.3994,89.9075
0.323732,0,-239.597,3.07477,3.11762,9116.5,-44.218,-599.828,37.9469,143581,-1844.33,14.3809,89.9077
0.323742,0,-239.597,3.07237,3.11765,9103.24,-44.1268,-599.828,37.9409,143581,-1842.89,14.3625,89.9078
0.323752,0,-239.597,3.06997,3.11768,9089.95,-44.0353,-599.828,37.9349,143582,-1841.45,14.3439,89.908
0.323762,0,-239.597,3.06757,3.11771,9076.74,-43.9447,-599.829,37.9289,143582,-1840.02,14.3256,89.9081
0.323772,0,-239.597,3.06517,3.11775,9063.5,-43.8538,-599.829,37.9229,143583,-1838.58,14.3071,89.9082
0.323782,0,-239.597,3.06277,3.11778,9050.26,-43.763,-599.83,37.9169,143583,-1837.14,14.2887,89.9084
0.323792,0,-239.597,3.06037,3.11781,9037.07,-43.6727,-599.83,37.9109,143584,-1835.7,14.2704,89.9085
0.323802,0,-239.597,3.05797,3.11784,9023.85,-43.582,-599.831,37.9049,143584,-1834.26,14.2519,89.9087
0.323812,0,-239.597,3.05557,3.11787,9010.67,-43.4919,-599.831,37.8989,143585,-1832.83,14.2336,89.9088
0.323822,0,-239.597,3.05317,3.1179,8997.46,-43.4014,-599.832,37.8929,143585,-1831.39,14.2152,89.909
0.323832,0,-239.597,3.05077,3.11793,8984.29,-43.3115,-599.832,37.8869,143586,-1829.95,14.1969,89.9091
0.323842,0,-239.597,3.04837,3.11796,8971.13,-43.2216,-599.832,37.8809,143586,-1828.51,14.1786,89.9093
0.323852,0,-239.597,3.04597,3.11799,8957.98,-43.1318,-599.833,37.8749,143587,-1827.08,14.1603,89.9094
0.323862,0,-239.597,3.04358,3.11802,8944.83,-43.0421,-599.833,37.8689,143587,-1825.64,14.142,89.9095
0.323872,0,-239.597,3.04118,3.11805,8931.7,-42.9525,-599.834,37.8629,143588,-1824.2,14.1237,89.9097
0.323882,0,-239.597,3.03878,3.11808,8918.6,-42.8635,-599.834,37.8569,143588,-1822.76,14.1055,89.9098
0.323892,0,-239.597,3.03638,3.11811,8905.47,-42.774,-599.835,37.8509,143589,-1821.32,14.0872,89.91
0.323902,0,-239.597,3.03398,3.11814,8892.39,-42.6851,-599.835,37.8449,143589,-1819.89,14.069,89.9101
0.323912,0,-239.597,3.03158,3.11817,8879.28,-42.5959,-599.835,37.8389,143589,-1818.45,14.0507,89.9102
0.323922,0,-239.597,3.02918,3.1182,8866.21,-42.5071,-599.836,37.8329,143590,-1817.01,14.0326,89.9104
0.323932,0,-239.597,3.02678,3.11823,8853.15,-42.4185,-599.836,37.8269,143590,-1815.57,14.0144,89.9105
0.323942,0,-239.597,3.02438,3.11826,8840.09,-42.3299,-599.837,37.8209,143591,-1814.14,13.9962,89.9107
0.323952,0,-239.597,3.02198,3.11829,8827.04,-42.2415,-599.837,37.8149,143591,-1812.7,13.9781,89.9108
0.323962,0,-239.597,3.01958,3.11832,8814,-42.1531,-599.838,37.8089,143592,-1811.26,13.9599,89.9109
0.323972,0,-239.597,3.01718,3.11835,8800.96,-42.0648,-599.838,37.803,143592,-1809.82,13.9417,89.9111
0.323982,0,-239.597,3.01478,3.11838,8787.97,-41.977,-599.838,37.797,143593,-1808.38,13.9237,89.9112
0.323992,0,-239.597,3.01239,3.11841,8774.95,-41.8889,-599.839,37.791,143593,-1806.95,13.9056,89.9113
0.324002,0,-239.597,3.00999,3.11844,8761.97,-41.8013,-599.839,37.785,143594,-1805.51,13.8875,89.9115
0.324012,0,-239.597,3.00759,3.11847,8748.96,-41.7134,-599.84,37.779,143594,-1804.07,13.8694,89.9116
0.324022,0,-239.597,3.00519,3.11851,8735.99,-41.6259,-599.84,37.773,143595,-1802.63,13.8514,89.9118
0.324032,0,-239.597,3.00279,3.11854,8723.03,-41.5386,-599.841,37.767,143595,-1801.19,13.8333,89.9119
0.324042,0,-239.597,3.00039,3.11857,8710.08,-41.4514,-599.841,37.761,143596,-1799.76,13.8153,89.912
0.324052,0,-239.597,2.99799,3.1186,8697.13,-41.3642,-599.841,37.755,143596,-1798.32,13.7973,89.9122
0.324062,0,-239.597,2.99559,3.11863,8684.19,-41.2771,-599.842,37.749,143596,-1796.88,13.7793,89.9123
0.324072,0,-239.597,2.99319,3.11866,8671.26,-41.1901,-599.842,37.743,143597,-1795.44,13.7613,89.9124
0.324082,0,-239.597,2.99079,3.11869,8658.33,-41.1032,-599.843,37.737,143597,-1794.01,13.7432,89.9126
0.324092,0,-239.597,2.98839,3.11872,8645.45,-41.0168,-599.843,37.731,143598,-1792.57,13.7254,89.9127
0.324102,0,-239.597,2.98599,3.11874,8632.57,-40.9305,-599.843,37.725,143598,-1791.13,13.7075,89.9129
0.324112,0,-239.597,2.98359,3.11877,8619.67,-40.8438,-599.844,37.719,143599,-1789.69,13.6895,89.913
0.324122,0,-239.597,2.9812,3.1188,8606.8,-40.7577,-599.844,37.713,143599,-1788.25,13.6716,89.9131
0.324132,0,-239.597,2.9788,3.11883,8593.95,-40.6716,-599.845,37.707,143600,-1786.82,13.6537,89.9133
0.324142,0,-239.597,2.9764,3.11886,8581.06,-40.5853,-599.845,37.701,143600,-1785.38,13.6357,89.9134
0.324152,0,-239.597,2.974,3.11889,8568.25,-40.4998,-599.845,37.695,143601,-1783.94,13.618,89.9135
0.324162,0,-239.597,2.9716,3.11892,8555.42,-40.414,-599.846,37.689,143601,-1782.5,13.6001,89.9137
0.324172,0,-239.597,2.9692,3.11895,8542.59,-40.3283,-599.846,37.683,143601,-1781.06,13.5822,89.9138
0.324182,0,-239.597,2.9668,3.11898,8529.8,-40.2431,-599.847,37.677,143602,-1779.63,13.5645,89.914
0.324192,0,-239.597,2.9644,3.11901,8516.98,-40.1576,-599.847,37.671,143602,-1778.19,13.5466,89.9141
0.324202,0,-239.597,2.962,3.11904,8504.17,-40.0721,-599.847,37.665,143603,-1776.75,13.5287,89.9142
0.324212,0,-239.597,2.9596,3.11907,8491.41,-39.9872,-599.848,37.659,143603,-1775.31,13.511,89.9144
0.324222,0,-239.597,2.9572,3.1191,8478.65,-39.9023,-599.848,37.653,143604,-1773.87,13.4933,89.9145
0.324232,0,-239.597,2.9548,3.11913,8465.89,-39.8175,-599.849,37.647,143604,-1772.44,13.4755,89.9146
0.324242,0,-239.597,2.9524,3.11916,8453.14,-39.7328,-599.849,37.641,143605,-1771,13.4578,89.9148
0.324252,0,-239.597,2.95001,3.11919,8440.41,-39.6482,-599.849,37.635,143605,-1769.56,13.4401,89.9149
0.324262,0,-239.597,2.94761,3.11922,8427.67,-39.5637,-599.85,37.629,143605,-1768.12,13.4223,89.9151
0.324272,0,-239.597,2.94521,3.11925,8414.95,-39.4793,-599.85,37.6231,143606,-1766.68,13.4046,89.9152
0.324282,0,-239.597,2.94281,3.11928,8402.22,-39.3949,-599.851,37.6171,143606,-1765.25,13.3869,89.9153
0.324292,0,-239.597,2.94041,3.11931,8389.55,-39.3111,-599.851,37.6111,143607,-1763.81,13.3693,89.9155
0.324302,0,-239.597,2.93801,3.11934,8376.84,-39.2269,-599.851,37.6051,143607,-1762.37,13.3515,89.9156
0.324312,0,-239.597,2.93561,3.11937,8364.18,-39.1432,-599.852,37.5991,143608,-1760.93,13.3339,89.9157
0.324322,0,-239.597,2.93321,3.1194,8351.52,-39.0597,-599.852,37.5931,143608,-1759.49,13.3163,89.9159
0.324333,0,-239.597,2.93081,3.11943,8338.87,-38.9761,-599.853,37.5871,143608,-1758.06,13.2988,89.916
0.324343,0,-239.597,2.92841,3.11946,8326.22,-38.8927,-599.853,37.5811,143609,-1756.62,13.2812,89.9161
0.324353,0,-239.597,2.92601,3.11948,8313.59,-38.8094,-599.853,37.5751,143609,-1755.18,13.2636,89.9163
0.324363,0,-239.597,2.92361,3.11951,8300.96,-38.7261,-599.854,37.5691,143610,-1753.74,13.246,89.9164
0.324373,0,-239.597,2.92122,3.11954,8288.33,-38.643,-599.854,37.5631,143610,-1752.3,13.2284,89.9165
0.324383,0,-239.597,2.91882,3.11957,8275.72,-38.5599,-599.855,37.5571,143611,-1750.87,13.2108,89.9166
0.324393,0,-239.597,2.91642,3.1196,8263.14,-38.4773,-599.855,37.5511,143611,-1749.43,13.1933,89.9168
0.324403,0,-239.597,2.91402,3.11963,8250.54,-38.3944,-599.855,37.5451,143612,-1747.99,13.1758,89.9169
0.324413,0,-239.597,2.91162,3.11966,8237.98,-38.312,-599.856,37.5391,143612,-1746.55,13.1583,89.917
0.324423,0,-239.597,2.90922,3.11969,8225.43,-38.2297,-599.856,37.5331,143612,-1745.11,13.1409,89.9172
0.324433,0,-239.597,2.90682,3.11972,8212.88,-38.1474,-599.856,37.5271,143613,-1743.67,13.1234,89.9173
0.324443,0,-239.597,2.90442,3.11975,8200.33,-38.0652,-599.857,37.5211,143613,-1742.24,13.106,89.9174
0.324453,0,-239.597,2.90202,3.11978,8187.8,-37.9832,-599.857,37.5151,143614,-1740.8,13.0885,89.9175
0.324463,0,-239.597,2.89962,3.11981,8175.28,-37.9012,-599.858,37.5091,143614,-1739.36,13.0711,89.9177
0.324473,0,-239.597,2.89722,3.11983,8162.76,-37.8193,-599.858,37.5031,143614,-1737.92,13.0536,89.9178
0.324483,0,-239.597,2.89482,3.11986,8150.24,-37.7374,-599.858,37.4971,143615,-1736.48,13.0362,89.9179
0.324493,0,-239.597,2.89242,3.11989,8137.77,-37.6561,-599.859,37.4911,143615,-1735.05,13.0189,89.9181
0.324503,0,-239.597,2.89003,3.11992,8125.3,-37.5748,-599.859,37.4851,143616,-1733.61,13.0016,89.9182
0.324513,0,-239.597,2.88763,3.11995,8112.81,-37.4933,-599.859,37.4791,143616,-1732.17,12.9841,89.9183
0.324523,0,-239.597,2.88523,3.11998,8100.36,-37.4122,-599.86,37.4731,143617,-1730.73,12.9668,89.9185
0.324533,0,-239.597,2.88283,3.12001,8087.92,-37.3312,-599.86,37.4671,143617,-1729.29,12.9495,89.9186
0.324543,0,-239.597,2.88043,3.12004,8075.48,-37.2503,-599.861,37.4611,143617,-1727.86,12.9322,89.9187
0.324553,0,-239.597,2.87803,3.12007,8063.05,-37.1695,-599.861,37.4551,143618,-1726.42,12.9149,89.9188
0.324563,0,-239.597,2.87563,3.1201,8050.62,-37.0887,-599.861,37.4491,143618,-1724.98,12.8976,89.919
0.324573,0,-239.597,2.87323,3.12012,8038.21,-37.008,-599.862,37.4431,143619,-1723.54,12.8803,89.9191
0.324583,0,-239.597,2.87083,3.12015,8025.83,-36.9279,-599.862,37.4371,143619,-1722.1,12.8631,89.9192
0.324593,0,-239.597,2.86843,3.12018,8013.46,-36.8478,-599.862,37.4311,143619,-1720.67,12.846,89.9194
0.324603,0,-239.597,2.86603,3.12021,8001.07,-36.7674,-599.863,37.4251,143620,-1719.23,12.8287,89.9195
0.324613,0,-239.597,2.86363,3.12024,7988.68,-36.687,-599.863,37.4191,143620,-1717.79,12.8113,89.9196
0.324623,0,-239.597,2.86123,3.12027,7976.33,-36.6072,-599.864,37.4131,143621,-1716.35,12.7942,89.9198
0.324633,0,-239.597,2.85884,3.1203,7963.99,-36.5274,-599.864,37.4071,143621,-1714.91,12.777,89.9199
0.324643,0,-239.597,2.85644,3.12032,7951.65,-36.4477,-599.864,37.4011,143621,-1713.47,12.7599,89.92
0.324653,0,-239.597,2.85404,3.12035,7939.32,-36.3681,-599.865,37.3951,143622,-1712.04,12.7427,89.9201
0.324663,0,-239.597,2.85164,3.12038,7927,-36.2886,-599.865,37.3891,143622,-1710.6,12.7255,89.9203
0.324673,0,-239.597,2.84924,3.12041,7914.72,-36.2096,-599.865,37.3831,143623,-1709.16,12.7085,89.9204
0.324683,0,-239.597,2.84684,3.12044,7902.42,-36.1303,-599.866,37.3771,143623,-1707.72,12.6914,89.9205
0.324693,0,-239.597,2.84444,3.12047,7890.15,-36.0514,-599.866,37.3711,143623,-1706.28,12.6743,89.9207
0.324703,0,-239.597,2.84204,3.1205,7877.86,-35.9722,-599.867,37.3651,143624,-1704.85,12.6572,89.9208
0.324713,0,-239.597,2.83964,3.12052,7865.61,-35.8935,-599.867,37.3591,143624,-1703.41,12.6402,89.9209
0.324723,0,-239.597,2.83724,3.12055,7853.36,-35.8149,-599.867,37.3531,143625,-1701.97,12.6231,89.9211
0.324733,0,-239.597,2.83484,3.12058,7841.09,-35.736,-599.868,37.3471,143625,-1700.53,12.606,89.9212
0.324743,0,-239.597,2.83244,3.12061,7828.89,-35.6579,-599.868,37.3411,143625,-1699.09,12.5891,89.9213
0.324753,0,-239.597,2.83004,3.12064,7816.63,-35.5791,-599.868,37.3351,143626,-1697.65,12.5719,89.9214
0.324763,0,-239.597,2.82765,3.12067,7804.45,-35.5013,-599.869,37.3291,143626,-1696.22,12.5551,89.9216
0.324773,0,-239.597,2.82525,3.12069,7792.24,-35.4231,-599.869,37.3231,143627,-1694.78,12.538,89.9217
0.324783,0,-239.597,2.82285,3.12072,7780.04,-35.3449,-599.869,37.3171,143627,-1693.34,12.521,89.9218
0.324793,0,-239.597,2.82045,3.12075,7767.87,-35.2673,-599.87,37.3111,143627,-1691.9,12.5041,89.9219
0.324803,0,-239.597,2.81805,3.12078,7755.71,-35.1897,-599.87,37.3051,143628,-1690.46,12.4873,89.922
0.324813,0,-239.597,2.81565,3.12081,7743.54,-35.1119,-599.87,37.2991,143628,-1689.03,12.4702,89.9222
0.324823,0,-239.597,2.81325,3.12084,7731.39,-35.0345,-599.871,37.2931,143629,-1687.59,12.4534,89.9223
0.324833,0,-239.597,2.81085,3.12086,7719.26,-34.9571,-599.871,37.2871,143629,-1686.15,12.4365,89.9224
0.324843,0,-239.597,2.80845,3.12089,7707.13,-34.8799,-599.871,37.2811,143629,-1684.71,12.4196,89.9225
0.324853,0,-239.597,2.80605,3.12092,7695.01,-34.8028,-599.872,37.2751,143630,-1683.27,12.4027,89.9227
0.324863,0,-239.597,2.80365,3.12095,7682.89,-34.7257,-599.872,37.2691,143630,-1681.83,12.3859,89.9228
0.324873,0,-239.597,2.80125,3.12098,7670.82,-34.6491,-599.872,37.2631,143630,-1680.4,12.3691,89.9229
0.324883,0,-239.597,2.79885,3.121,7658.72,-34.5722,-599.873,37.2571,143631,-1678.96,12.3523,89.923
0.324893,0,-239.597,2.79646,3.12103,7646.63,-34.4953,-599.873,37.2511,143631,-1677.52,12.3354,89.9231
0.324903,0,-239.597,2.79406,3.12106,7634.57,-34.419,-599.874,37.2451,143632,-1676.08,12.3186,89.9233
0.324913,0,-239.597,2.79166,3.12109,7622.53,-34.3427,-599.874,37.2391,143632,-1674.64,12.3019,89.9234
0.324923,0,-239.597,2.78926,3.12112,7610.45,-34.2661,-599.874,37.2331,143632,-1673.2,12.285,89.9235
0.324933,0,-239.597,2.78686,3.12114,7598.46,-34.1904,-599.875,37.2271,143633,-1671.77,12.2684,89.9236
0.324943,0,-239.597,2.78446,3.12117,7586.4,-34.114,-599.875,37.2211,143633,-1670.33,12.2516,89.9238
0.324953,0,-239.597,2.78206,3.1212,7574.41,-34.0385,-599.875,37.2151,143633,-1668.89,12.235,89.9239
0.324963,0,-239.597,2.77966,3.12123,7562.4,-33.9626,-599.876,37.2091,143634,-1667.45,12.2182,89.924
0.324973,0,-239.597,2.77726,3.12126,7550.4,-33.8868,-599.876,37.2031,143634,-1666.01,12.2015,89.9241
0.324983,0,-239.597,2.77486,3.12128,7538.4,-33.8111,-599.876,37.1971,143635,-1664.57,12.1848,89.9242
0.324993,0,-239.597,2.77246,3.12131,7526.44,-33.7359,-599.877,37.1911,143635,-1663.14,12.1682,89.9244
0.325003,0,-239.597,2.77006,3.12134,7514.46,-33.6603,-599.877,37.1851,143635,-1661.7,12.1515,89.9245
0.325013,0,-239.597,2.76766,3.12137,7502.52,-33.5852,-599.877,37.1791,143636,-1660.26,12.1349,89.9246
0.325023,0,-239.597,2.76527,3.12139,7490.58,-33.5103,-599.878,37.1731,143636,-1658.82,12.1183,89.9247
0.325033,0,-239.597,2.76287,3.12142,7478.65,-33.4353,-599.878,37.1671,143636,-1657.38,12.1017,89.9249
0.325043,0,-239.597,2.76047,3.12145,7466.73,-33.3605,-599.878,37.1611,143637,-1655.94,12.0851,89.925
0.325053,0,-239.597,2.75807,3.12148,7454.81,-33.2858,-599.879,37.1551,143637,-1654.51,12.0685,89.9251
0.325063,0,-239.597,2.75567,3.1215,7442.91,-33.2111,-599.879,37.1491,143638,-1653.07,12.0519,89.9252
0.325074,0,-239.597,2.75327,3.12153,7431.01,-33.1365,-599.879,37.1431,143638,-1651.63,12.0353,89.9253
0.325084,0,-239.597,2.75087,3.12156,7419.15,-33.0624,-599.88,37.1371,143638,-1650.19,12.0189,89.9255
0.325094,0,-239.597,2.74847,3.12159,7407.29,-32.9883,-599.88,37.1311,143639,-1648.75,12.0024,89.9256
0.325104,0,-239.597,2.74607,3.12161,7395.41,-32.914,-599.88,37.1251,143639,-1647.31,11.9858,89.9257
0.325114,0,-239.597,2.74367,3.12164,7383.57,-32.8401,-599.881,37.1191,143639,-1645.88,11.9694,89.9258
0.325124,0,-239.597,2.74127,3.12167,7371.74,-32.7663,-599.881,37.1131,143640,-1644.44,11.9529,89.9259
0.325134,0,-239.597,2.73887,3.1217,7359.88,-32.6922,-599.881,37.1071,143640,-1643,11.9363,89.9261
0.325144,0,-239.597,2.73647,3.12172,7348.09,-32.6189,-599.882,37.1011,143640,-1641.56,11.92,89.9262
0.325154,0,-239.597,2.73408,3.12175,7336.25,-32.545,-599.882,37.0951,143641,-1640.12,11.9035,89.9263
0.325164,0,-239.597,2.73168,3.12178,7324.48,-32.4719,-599.882,37.0891,143641,-1638.68,11.8871,89.9264
0.325174,0,-239.597,2.72928,3.12181,7312.68,-32.3984,-599.883,37.0831,143642,-1637.25,11.8707,89.9266
0.325184,0,-239.597,2.72688,3.12183,7300.92,-32.3255,-599.883,37.0771,143642,-1635.81,11.8544,89.9267
0.325194,0,-239.597,2.72448,3.12186,7289.14,-32.2523,-599.883,37.0711,143642,-1634.37,11.8379,89.9268
0.325204,0,-239.597,2.72208,3.12189,7277.4,-32.1795,-599.884,37.0651,143643,-1632.93,11.8216,89.9269
0.325214,0,-239.597,2.71968,3.12192,7265.66,-32.1068,-599.884,37.0591,143643,-1631.49,11.8053,89.927
0.325224,0,-239.597,2.71728,3.12194,7253.93,-32.0341,-599.884,37.0531,143643,-1630.05,11.789,89.9272
0.325234,0,-239.597,2.71488,3.12197,7242.18,-31.9612,-599.884,37.0471,143644,-1628.62,11.7726,89.9273
0.325244,0,-239.597,2.71248,3.122,7230.46,-31.8887,-599.885,37.0411,143644,-1627.18,11.7563,89.9274
0.325254,0,-239.597,2.71008,3.12202,7218.75,-31.8163,-599.885,37.0351,143644,-1625.74,11.74,89.9275
0.325264,0,-239.597,2.70768,3.12205,7207.08,-31.7444,-599.885,37.0291,143645,-1624.3,11.7238,89.9276
0.325274,0,-239.597,2.70529,3.12208,7195.39,-31.6722,-599.886,37.0231,143645,-1622.86,11.7075,89.9277
0.325284,0,-239.597,2.70289,3.12211,7183.7,-31.6,-599.886,37.0171,143645,-1621.42,11.6912,89.9278
0.325294,0,-239.597,2.70049,3.12213,7172.05,-31.5283,-599.886,37.0111,143646,-1619.99,11.675,89.928
0.325304,0,-239.597,2.69809,3.12216,7160.41,-31.4567,-599.887,37.0051,143646,-1618.55,11.6589,89.9281
0.325314,0,-239.597,2.69569,3.12219,7148.74,-31.3848,-599.887,36.9991,143646,-1617.11,11.6426,89.9282
0.325324,0,-239.597,2.69329,3.12221,7137.12,-31.3133,-599.887,36.9931,143647,-1615.67,11.6264,89.9283
0.325334,0,-239.597,2.69089,3.12224,7125.5,-31.2419,-599.888,36.9871,143647,-1614.23,11.6103,89.9284
0.325344,0,-239.597,2.68849,3.12227,7113.89,-31.1706,-599.888,36.9811,143647,-1612.79,11.5941,89.9285
0.325354,0,-239.597,2.68609,3.12229,7102.28,-31.0994,-599.888,36.9751,143648,-1611.35,11.5779,89.9286
0.325364,0,-239.597,2.68369,3.12232,7090.72,-31.0286,-599.889,36.9691,143648,-1609.92,11.5619,89.9288
0.325374,0,-239.597,2.68129,3.12235,7079.13,-30.9575,-599.889,36.9631,143648,-1608.48,11.5458,89.9289
0.325384,0,-239.597,2.67889,3.12238,7067.54,-30.8865,-599.889,36.9571,143649,-1607.04,11.5296,89.929
0.325394,0,-239.597,2.67649,3.1224,7056,-30.816,-599.89,36.9511,143649,-1605.6,11.5136,89.9291
0.325404,0,-239.597,2.6741,3.12243,7044.46,-30.7456,-599.89,36.9451,143649,-1604.16,11.4976,89.9292
0.325414,0,-239.597,2.6717,3.12246,7032.9,-30.6748,-599.89,36.9391,143650,-1602.72,11.4814,89.9293
0.325424,0,-239.597,2.6693,3.12248,7021.37,-30.6045,-599.89,36.9331,143650,-1601.29,11.4654,89.9294
0.325434,0,-239.597,2.6669,3.12251,7009.86,-30.5343,-599.891,36.9271,143650,-1599.85,11.4494,89.9296
0.325444,0,-239.597,2.6645,3.12254,6998.35,-30.4641,-599.891,36.9211,143651,-1598.41,11.4333,89.9297
0.325454,0,-239.597,2.6621,3.12256,6986.85,-30.394,-599.891,36.9151,143651,-1596.97,11.4173,89.9298
0.325464,0,-239.597,2.6597,3.12259,6975.38,-30.3244,-599.892,36.9091,143651,-1595.53,11.4014,89.9299
0.325474,0,-239.597,2.6573,3.12262,6963.9,-30.2545,-599.892,36.9031,143652,-1594.09,11.3854,89.93
0.325484,0,-239.597,2.6549,3.12264,6952.41,-30.1846,-599.892,36.8971,143652,-1592.65,11.3694,89.9301
0.325494,0,-239.597,2.6525,3.12267,6940.94,-30.1149,-599.893,36.8911,143652,-1591.22,11.3534,89.9302
0.325504,0,-239.597,2.6501,3.1227,6929.51,-30.0456,-599.893,36.8851,143653,-1589.78,11.3375,89.9304
0.325514,0,-239.597,2.6477,3.12272,6918.08,-29.9763,-599.893,36.8791,143653,-1588.34,11.3216,89.9305
0.325524,0,-239.597,2.6453,3.12275,6906.66,-29.9072,-599.893,36.8731,143653,-1586.9,11.3058,89.9306
0.325534,0,-239.597,2.64291,3.12278,6895.25,-29.8381,-599.894,36.8671,143654,-1585.46,11.2899,89.9307
0.325544,0,-239.597,2.64051,3.1228,6883.84,-29.7691,-599.894,36.8611,143654,-1584.02,11.274,89.9308
0.325554,0,-239.597,2.63811,3.12283,6872.44,-29.7001,-599.894,36.8551,143654,-1582.59,11.2581,89.9309
0.325564,0,-239.597,2.63571,3.12285,6861.08,-29.6317,-599.895,36.8491,143655,-1581.15,11.2424,89.931
0.325574,0,-239.597,2.63331,3.12288,6849.67,-29.5625,-599.895,36.8431,143655,-1579.71,11.2264,89.9312
0.325584,0,-239.597,2.63091,3.12291,6838.32,-29.4942,-599.895,36.8371,143655,-1578.27,11.2106,89.9313
0.325594,0,-239.597,2.62851,3.12293,6826.98,-29.4259,-599.896,36.8311,143656,-1576.83,11.1949,89.9314
0.325604,0,-239.597,2.62611,3.12296,6815.65,-29.3578,-599.896,36.8251,143656,-1575.39,11.1792,89.9315
0.325614,0,-239.597,2.62371,3.12299,6804.29,-29.2893,-599.896,36.8191,143656,-1573.95,11.1633,89.9316
0.325624,0,-239.597,2.62131,3.12301,6792.98,-29.2213,-599.896,36.8131,143657,-1572.52,11.1476,89.9317
0.325634,0,-239.597,2.61891,3.12304,6781.67,-29.1533,-599.897,36.8071,143657,-1571.08,11.1318,89.9318
0.325644,0,-239.597,2.61651,3.12306,6770.36,-29.0854,-599.897,36.8011,143657,-1569.64,11.1161,89.932
0.325654,0,-239.597,2.61411,3.12309,6759.07,-29.0176,-599.897,36.7951,143658,-1568.2,11.1004,89.9321
0.325664,0,-239.597,2.61172,3.12312,6747.78,-28.9499,-599.898,36.7891,143658,-1566.76,11.0846,89.9322
0.325674,0,-239.597,2.60932,3.12314,6736.53,-28.8826,-599.898,36.7831,143658,-1565.32,11.069,89.9323
0.325684,0,-239.597,2.60692,3.12317,6725.26,-28.8151,-599.898,36.7771,143659,-1563.89,11.0533,89.9324
0.325694,0,-239.597,2.60452,3.1232,6714.02,-28.7479,-599.898,36.7711,143659,-1562.45,11.0377,89.9325
0.325704,0,-239.597,2.60212,3.12322,6702.8,-28.6809,-599.899,36.7651,143659,-1561.01,11.0221,89.9326
0.325714,0,-239.597,2.59972,3.12325,6691.54,-28.6136,-599.899,36.7591,143659,-1559.57,11.0064,89.9327
0.325724,0,-239.597,2.59732,3.12327,6680.33,-28.5467,-599.899,36.7531,143660,-1558.13,10.9908,89.9328
0.325734,0,-239.597,2.59492,3.1233,6669.12,-28.4798,-599.9,36.7471,143660,-1556.69,10.9752,89.9329
0.325744,0,-239.597,2.59252,3.12333,6657.92,-28.4131,-599.9,36.7411,143660,-1555.25,10.9596,89.9331
0.325754,0,-239.597,2.59012,3.12335,6646.73,-28.3464,-599.9,36.7351,143661,-1553.82,10.944,89.9332
0.325764,0,-239.597,2.58772,3.12338,6635.58,-28.2802,-599.9,36.7291,143661,-1552.38,10.9286,89.9333
0.325774,0,-239.597,2.58532,3.1234,6624.4,-28.2137,-599.901,36.7231,143661,-1550.94,10.913,89.9334
0.325784,0,-239.597,2.58292,3.12343,6613.23,-28.1472,-599.901,36.7171,143662,-1549.5,10.8974,89.9335
0.325794,0,-239.597,2.58053,3.12346,6602.1,-28.0812,-599.901,36.7111,143662,-1548.06,10.882,89.9336
0.325805,0,-239.597,2.57813,3.12348,6590.97,-28.0153,-599.902,36.7051,143662,-1546.62,10.8665,89.9337
0.325815,0,-239.597,2.57573,3.12351,6579.85,-27.9494,-599.902,36.6991,143663,-1545.18,10.8511,89.9338
0.325825,0,-239.597,2.57333,3.12353,6568.71,-27.8833,-599.902,36.6931,143663,-1543.74,10.8355,89.9339
0.325835,0,-239.597,2.57093,3.12356,6557.61,-27.8176,-599.902,36.6871,143663,-1542.31,10.82,89.934
0.325845,0,-239.597,2.56853,3.12358,6546.51,-27.7519,-599.903,36.6811,143663,-1540.87,10.8046,89.9341
0.325855,0,-239.597,2.56613,3.12361,6535.42,-27.6863,-599.903,36.6751,143664,-1539.43,10.7891,89.9342
0.325865,0,-239.597,2.56373,3.12364,6524.37,-27.6212,-599.903,36.6691,143664,-1537.99,10.7738,89.9343
0.325875,0,-239.597,2.56133,3.12366,6513.3,-27.5558,-599.904,36.6631,143664,-1536.55,10.7584,89.9344
0.325885,0,-239.597,2.55893,3.12369,6502.26,-27.4908,-599.904,36.6571,143665,-1535.11,10.7431,89.9345
0.325895,0,-239.597,2.55653,3.12371,6491.2,-27.4256,-599.904,36.6511,143665,-1533.68,10.7276,89.9347
0.325905,0,-239.597,2.55413,3.12374,6480.18,-27.3607,-599.904,36.6451,143665,-1532.24,10.7123,89.9348
0.325915,0,-239.597,2.55173,3.12376,6469.13,-27.2956,-599.905,36.6391,143666,-1530.8,10.6969,89.9349
0.325925,0,-239.597,2.54934,3.12379,6458.16,-27.2313,-599.905,36.6331,143666,-1529.36,10.6817,89.935
0.325935,0,-239.597,2.54694,3.12381,6447.12,-27.1663,-599.905,36.6271,143666,-1527.92,10.6663,89.9351
0.325945,0,-239.597,2.54454,3.12384,6436.13,-27.1018,-599.905,36.6211,143666,-1526.48,10.651,89.9352
0.325955,0,-239.597,2.54214,3.12387,6425.18,-27.0377,-599.906,36.6151,143667,-1525.04,10.6358,89.9353
0.325965,0,-239.597,2.53974,3.12389,6414.2,-26.9733,-599.906,36.6091,143667,-1523.61,10.6205,89.9354
0.325975,0,-239.597,2.53734,3.12392,6403.26,-26.9094,-599.906,36.6031,143667,-1522.17,10.6054,89.9355
0.325985,0,-239.597,2.53494,3.12394,6392.29,-26.8451,-599.907,36.5971,143668,-1520.73,10.59,89.9356
0.325995,0,-239.597,2.53254,3.12397,6381.34,-26.781,-599.907,36.5911,143668,-1519.29,10.5747,89.9357
0.326005,0,-239.597,2.53014,3.12399,6370.42,-26.7172,-599.907,36.5851,143668,-1517.85,10.5596,89.9358
0.326015,0,-239.597,2.52774,3.12402,6359.51,-26.6536,-599.907,36.5791,143668,-1516.41,10.5444,89.9359
0.326025,0,-239.597,2.52534,3.12404,6348.6,-26.59,-599.908,36.5731,143669,-1514.97,10.5293,89.936
0.326035,0,-239.597,2.52294,3.12407,6337.71,-26.5265,-599.908,36.5671,143669,-1513.53,10.5141,89.9361
0.326045,0,-239.597,2.52055,3.12409,6326.82,-26.4631,-599.908,36.5611,143669,-1512.1,10.4989,89.9363
0.326055,0,-239.597,2.51815,3.12412,6315.93,-26.3997,-599.908,36.5551,143670,-1510.66,10.4838,89.9364
0.326065,0,-239.597,2.51575,3.12414,6305.06,-26.3364,-599.909,36.5491,143670,-1509.22,10.4686,89.9365
0.326075,0,-239.597,2.51335,3.12417,6294.22,-26.2735,-599.909,36.5431,143670,-1507.78,10.4536,89.9366
0.326085,0,-239.597,2.51095,3.12419,6283.36,-26.2104,-599.909,36.5371,143670,-1506.34,10.4384,89.9367
0.326095,0,-239.597,2.50855,3.12422,6272.54,-26.1477,-599.909,36.5311,143671,-1504.9,10.4234,89.9368
0.326105,0,-239.597,2.50615,3.12424,6261.69,-26.0847,-599.91,36.5251,143671,-1503.46,10.4083,89.9369
0.326115,0,-239.597,2.50375,3.12427,6250.88,-26.0221,-599.91,36.5191,143671,-1502.03,10.3932,89.937
0.326125,0,-239.597,2.50135,3.12429,6240.08,-25.9596,-599.91,36.5131,143672,-1500.59,10.3782,89.9371
0.326135,0,-239.597,2.49895,3.12432,6229.29,-25.8972,-599.91,36.5071,143672,-1499.15,10.3632,89.9372
0.326145,0,-239.597,2.49655,3.12434,6218.5,-25.8348,-599.911,36.5011,143672,-1497.71,10.3482,89.9373
0.326155,0,-239.597,2.49415,3.12437,6207.76,-25.7729,-599.911,36.4951,143672,-1496.27,10.3333,89.9374
0.326165,0,-239.597,2.49175,3.12439,6196.98,-25.7106,-599.911,36.4891,143673,-1494.83,10.3183,89.9375
0.326175,0,-239.597,2.48936,3.12442,6186.22,-25.6485,-599.911,36.4831,143673,-1493.39,10.3033,89.9376
0.326185,0,-239.597,2.48696,3.12444,6175.49,-25.5868,-599.912,36.4771,143673,-1491.95,10.2884,89.9377
0.326195,0,-239.597,2.48456,3.12447,6164.74,-25.5248,-599.912,36.4711,143674,-1490.52,10.2734,89.9378
0.326205,0,-239.597,2.48216,3.12449,6154.03,-25.4632,-599.912,36.4651,143674,-1489.08,10.2585,89.9379
0.326215,0,-239.597,2.47976,3.12452,6143.32,-25.4017,-599.913,36.4591,143674,-1487.64,10.2436,89.938
0.326225,0,-239.597,2.47736,3.12454,6132.59,-25.3399,-599.913,36.4531,143674,-1486.2,10.2286,89.9381
0.326235,0,-239.597,2.47496,3.12457,6121.94,-25.2789,-599.913,36.4471,143675,-1484.76,10.2139,89.9382
0.326245,0,-239.597,2.47256,3.12459,6111.25,-25.2177,-599.913,36.4411,143675,-1483.32,10.199,89.9383
0.326255,0,-239.597,2.47016,3.12462,6100.58,-25.1564,-599.914,36.4351,143675,-1481.88,10.1841,89.9384
0.326265,11624.5,-239.527,2.46776,3.12464,6089.2,-25.0953,-599.914,36.4291,143633,-1480.45,10.1693,89.9385
0.326275,11624.5,-239.41,2.46537,3.12467,6077.36,-25.0343,-599.914,36.4231,143564,-1479.01,10.1544,89.9386
0.326285,11624.5,-239.294,2.46297,3.12469,6065.56,-24.9736,-599.914,36.4171,143494,-1477.57,10.1396,89.9387
0.326295,11624.5,-239.177,2.46057,3.12472,6053.75,-24.9127,-599.915,36.4111,143425,-1476.13,10.1248,89.9388
0.326305,11624.5,-239.061,2.45818,3.12474,6041.99,-24.8523,-599.915,36.4051,143355,-1474.7,10.11,89.9389
0.326315,11624.5,-238.945,2.45579,3.12477,6030.24,-24.7919,-599.915,36.3991,143286,-1473.26,10.0953,89.939
0.326325,11624.5,-238.828,2.45339,3.12479,6018.5,-24.7316,-599.915,36.3931,143216,-1471.83,10.0806,89.9391
0.326335,11624.5,-238.712,2.451,3.12482,6006.78,-24.6714,-599.916,36.3871,143146,-1470.39,10.0658,89.9392
0.326345,11624.5,-238.595,2.44861,3.12484,5995.07,-24.6113,-599.916,36.3811,143077,-1468.96,10.0511,89.9393
0.326355,11624.5,-238.479,2.44622,3.12486,5983.37,-24.5512,-599.916,36.375,143007,-1467.53,10.0364,89.9394
0.326365,11624.5,-238.363,2.44384,3.12489,5971.72,-24.4916,-599.916,36.369,142938,-1466.1,10.0218,89.9395
0.326375,11624.5,-238.246,2.44145,3.12491,5960.05,-24.4317,-599.917,36.363,142868,-1464.67,10.0071,89.9396
0.326385,11624.5,-238.13,2.43907,3.12494,5948.4,-24.3719,-599.917,36.357,142799,-1463.24,9.99232,89.9397
0.326395,11624.5,-238.013,2.43668,3.12496,5936.79,-24.3126,-599.917,36.351,142729,-1461.81,9.97773,89.9398
0.326405,11624.5,-237.897,2.4343,3.12499,5925.2,-24.2533,-599.917,36.345,142659,-1460.38,9.96314,89.9399
0.326415,11624.5,-237.781,2.43192,3.12501,5913.62,-24.1941,-599.918,36.339,142590,-1458.95,9.94856,89.94
0.326425,11624.5,-237.664,2.42954,3.12504,5902.05,-24.1349,-599.918,36.333,142520,-1457.52,9.93397,89.9401
0.326435,11624.5,-237.548,2.42716,3.12506,5890.5,-24.0759,-599.918,36.327,142451,-1456.1,9.91938,89.9402
0.326445,11624.5,-237.431,2.42478,3.12508,5878.96,-24.0169,-599.918,36.321,142381,-1454.67,9.90479,89.9403
0.326455,11624.5,-237.315,2.4224,3.12511,5867.43,-23.958,-599.919,36.315,142312,-1453.24,9.8902,89.9404
0.326465,11624.5,-237.199,2.42003,3.12513,5855.92,-23.8992,-599.919,36.309,142242,-1451.82,9.87561,89.9405
0.326475,11624.5,-237.082,2.41765,3.12516,5844.42,-23.8405,-599.919,36.303,142172,-1450.4,9.86102,89.9406
0.326485,11624.5,-236.966,2.41528,3.12518,5832.97,-23.7822,-599.919,36.297,142103,-1448.97,9.84657,89.9407
0.326495,11624.5,-236.849,2.41291,3.12521,5821.53,-23.724,-599.919,36.291,142033,-1447.55,9.83213,89.9408
0.326505,11624.5,-236.733,2.41053,3.12523,5810.08,-23.6655,-599.92,36.285,141964,-1446.13,9.81754,89.9409
0.326515,11624.5,-236.617,2.40816,3.12525,5798.66,-23.6075,-599.92,36.279,141894,-1444.71,9.80309,89.941
0.326525,11624.5,-236.5,2.4058,3.12528,5787.27,-23.5495,-599.92,36.273,141825,-1443.29,9.78865,89.9411
0.326535,11624.5,-236.384,2.40343,3.1253,5775.88,-23.4916,-599.92,36.267,141755,-1441.87,9.7742,89.9412
0.326546,11624.5,-236.267,2.40106,3.12533,5764.51,-23.4338,-599.921,36.261,141685,-1440.45,9.75975,89.9413
0.326556,11624.5,-236.151,2.3987,3.12535,5753.19,-23.3764,-599.921,36.255,141616,-1439.03,9.74545,89.9414
0.326566,11624.5,-236.035,2.39633,3.12537,5741.85,-23.3187,-599.921,36.249,141546,-1437.61,9.731,89.9415
0.326576,11624.5,-235.918,2.39397,3.1254,5730.52,-23.2611,-599.921,36.243,141477,-1436.19,9.71656,89.9416
0.326586,11624.5,-235.802,2.39161,3.12542,5719.23,-23.204,-599.922,36.237,141407,-1434.78,9.70226,89.9417
0.326596,11624.5,-235.685,2.38925,3.12545,5707.93,-23.1466,-599.922,36.231,141337,-1433.36,9.68781,89.9418
0.326606,11624.5,-235.569,2.38689,3.12547,5696.67,-23.0896,-599.922,36.225,141268,-1431.95,9.6735,89.9419
0.326616,11624.5,-235.452,2.38453,3.12549,5685.43,-23.0327,-599.922,36.219,141198,-1430.53,9.6592,89.942
0.326626,11624.5,-235.336,2.38217,3.12552,5674.17,-22.9755,-599.922,36.213,141129,-1429.12,9.64476,89.9421
0.326636,11624.5,-235.22,2.37982,3.12554,5662.95,-22.9187,-599.923,36.207,141059,-1427.71,9.63045,89.9422
0.326646,11624.5,-235.103,2.37746,3.12556,5651.78,-22.8624,-599.923,36.201,140990,-1426.29,9.61629,89.9423
0.326656,11624.5,-234.987,2.37511,3.12559,5640.59,-22.8058,-599.923,36.195,140920,-1424.88,9.60199,89.9424
0.326666,11624.5,-234.87,2.37276,3.12561,5629.41,-22.7492,-599.923,36.189,140850,-1423.47,9.58769,89.9425
0.326676,11624.5,-234.754,2.3704,3.12564,5618.28,-22.6931,-599.924,36.183,140781,-1422.06,9.57353,89.9426
0.326686,11624.5,-234.638,2.36805,3.12566,5607.13,-22.6368,-599.924,36.177,140711,-1420.65,9.55922,89.9427
0.326696,11624.5,-234.521,2.36571,3.12568,5596.03,-22.5808,-599.924,36.171,140642,-1419.24,9.54506,89.9428
0.326706,11624.5,-234.405,2.36336,3.12571,5584.91,-22.5246,-599.924,36.165,140572,-1417.84,9.53076,89.9429
0.326716,11624.5,-234.288,2.36101,3.12573,5573.83,-22.4688,-599.925,36.159,140502,-1416.43,9.5166,89.943
0.326726,11624.5,-234.172,2.35866,3.12575,5562.77,-22.4131,-599.925,36.153,140433,-1415.02,9.50244,89.9431
0.326736,11624.5,-234.056,2.35632,3.12578,5551.72,-22.3574,-599.925,36.147,140363,-1413.62,9.48828,89.9432
0.326746,11624.5,-233.939,2.35398,3.1258,5540.68,-22.3019,-599.925,36.141,140294,-1412.21,9.47412,89.9433
0.326756,11624.5,-233.823,2.35164,3.12583,5529.66,-22.2464,-599.925,36.135,140224,-1410.81,9.45996,89.9434
0.326766,11624.5,-233.706,2.34929,3.12585,5518.68,-22.1913,-599.926,36.129,140154,-1409.4,9.44594,89.9435
0.326776,11624.5,-233.59,2.34696,3.12587,5507.68,-22.136,-599.926,36.123,140085,-1408,9.43178,89.9435
0.326786,11624.5,-233.474,2.34462,3.1259,5496.7,-22.0807,-599.926,36.117,140015,-1406.6,9.41762,89.9436
0.326796,11624.5,-233.357,2.34228,3.12592,5485.76,-22.0259,-599.926,36.111,139946,-1405.19,9.4036,89.9437
0.326806,11624.5,-233.241,2.33994,3.12594,5474.83,-21.9711,-599.927,36.105,139876,-1403.79,9.38958,89.9438
0.326816,11624.5,-233.124,2.33761,3.12597,5463.92,-21.9164,-599.927,36.099,139806,-1402.39,9.37557,89.9439
0.326826,11624.5,-233.008,2.33527,3.12599,5452.99,-21.8615,-599.927,36.093,139737,-1400.99,9.36141,89.944
0.326836,11624.5,-232.892,2.33294,3.12601,5442.1,-21.8069,-599.927,36.087,139667,-1399.6,9.34739,89.9441
0.326846,11624.5,-232.775,2.33061,3.12604,5431.23,-21.7525,-599.927,36.081,139598,-1398.2,9.33337,89.9442
0.326856,11624.5,-232.659,2.32828,3.12606,5420.4,-21.6984,-599.928,36.075,139528,-1396.8,9.3195,89.9443
0.326866,11624.5,-232.542,2.32595,3.12608,5409.56,-21.6441,-599.928,36.069,139458,-1395.4,9.30548,89.9444
0.326876,11624.5,-232.426,2.32362,3.12611,5398.72,-21.5899,-599.928,36.063,139389,-1394.01,9.29146,89.9445
0.326886,11624.5,-232.31,2.3213,3.12613,5387.9,-21.5357,-599.928,36.057,139319,-1392.61,9.27745,89.9445
0.326896,11624.5,-232.193,2.31897,3.12615,5377.13,-21.4819,-599.928,36.051,139250,-1391.22,9.26357,89.9446
0.326906,11624.5,-232.077,2.31665,3.12618,5366.37,-21.4283,-599.929,36.045,139180,-1389.82,9.2497,89.9447
0.326916,11624.5,-231.96,2.31432,3.1262,5355.58,-21.3743,-599.929,36.039,139110,-1388.43,9.23568,89.9448
0.326926,11624.5,-231.844,2.312,3.12622,5344.88,-21.3211,-599.929,36.033,139041,-1387.04,9.22195,89.9449
0.326936,11624.5,-231.728,2.30968,3.12625,5334.12,-21.2674,-599.929,36.027,138971,-1385.64,9.20793,89.945
0.326946,11624.5,-231.611,2.30736,3.12627,5323.42,-21.214,-599.93,36.021,138901,-1384.25,9.19406,89.9451
0.326956,11624.5,-231.495,2.30504,3.12629,5312.72,-21.1607,-599.93,36.015,138832,-1382.86,9.18018,89.9452
0.326966,11624.5,-231.378,2.30272,3.12631,5302.07,-21.1078,-599.93,36.009,138762,-1381.47,9.16645,89.9453
0.326976,11624.5,-231.262,2.30041,3.12634,5291.4,-21.0547,-599.93,36.003,138693,-1380.08,9.15258,89.9454
0.326986,11624.5,-231.146,2.29809,3.12636,5280.74,-21.0016,-599.93,35.997,138623,-1378.69,9.1387,89.9455
0.326996,11624.5,-231.029,2.29578,3.12638,5270.13,-20.9489,-599.931,35.991,138553,-1377.31,9.12497,89.9456
0.327006,11624.5,-230.913,2.29346,3.12641,5259.53,-20.8963,-599.931,35.985,138484,-1375.92,9.11124,89.9456
0.327016,11624.5,-230.796,2.29115,3.12643,5248.94,-20.8438,-599.931,35.979,138414,-1374.53,9.09751,89.9457
0.327026,11624.5,-230.68,2.28884,3.12645,5238.33,-20.791,-599.931,35.973,138345,-1373.15,9.08363,89.9458
0.327036,11624.5,-230.564,2.28653,3.12648,5227.77,-20.7386,-599.931,35.967,138275,-1371.76,9.0699,89.9459
0.327046,11624.5,-230.447,2.28422,3.1265,5217.22,-20.6863,-599.932,35.961,138205,-1370.38,9.05617,89.946
0.327056,11624.5,-230.331,2.28192,3.12652,5206.69,-20.6341,-599.932,35.955,138136,-1369,9.04244,89.9461
0.327066,11624.5,-230.214,2.27961,3.12654,5196.2,-20.5823,-599.932,35.949,138066,-1367.61,9.02885,89.9462
0.327076,11624.5,-230.098,2.27731,3.12657,5185.69,-20.5302,-599.932,35.943,137996,-1366.23,9.01512,89.9463
0.327086,11624.5,-229.982,2.275,3.12659,5175.19,-20.4782,-599.932,35.937,137927,-1364.85,9.00139,89.9464
0.327096,11624.5,-229.865,2.2727,3.12661,5164.74,-20.4266,-599.933,35.931,137857,-1363.47,8.9878,89.9465
0.327106,11624.5,-229.749,2.2704,3.12664,5154.27,-20.3747,-599.933,35.925,137788,-1362.09,8.97407,89.9466
0.327116,11624.5,-229.632,2.2681,3.12666,5143.84,-20.3233,-599.933,35.919,137718,-1360.71,8.96048,89.9467
0.327126,11624.5,-229.516,2.2658,3.12668,5133.43,-20.2719,-599.933,35.913,137648,-1359.33,8.94689,89.9467
0.327136,11624.5,-229.4,2.2635,3.1267,5123.02,-20.2206,-599.933,35.907,137579,-1357.95,8.9333,89.9468
0.327146,11624.5,-229.283,2.26121,3.12673,5112.6,-20.169,-599.934,35.901,137509,-1356.57,8.91957,89.9469
0.327156,11624.5,-229.167,2.25891,3.12675,5102.26,-20.1182,-599.934,35.895,137439,-1355.2,8.90613,89.947
0.327166,11624.5,-229.05,2.25662,3.12677,5091.9,-20.0671,-599.934,35.889,137370,-1353.82,8.89254,89.9471
0.327176,11624.5,-228.934,2.25432,3.12679,5081.55,-20.016,-599.934,35.883,137300,-1352.45,8.87895,89.9472
0.327186,11624.5,-228.818,2.25203,3.12682,5071.24,-19.9654,-599.935,35.877,137231,-1351.07,8.86551,89.9473
0.327196,11624.5,-228.701,2.24974,3.12684,5060.92,-19.9145,-599.935,35.871,137161,-1349.7,8.85192,89.9474
0.327206,11624.5,-228.585,2.24745,3.12686,5050.6,-19.8637,-599.935,35.865,137091,-1348.33,8.83833,89.9475
0.327216,11624.5,-228.468,2.24516,3.12688,5040.34,-19.8133,-599.935,35.859,137022,-1346.95,8.82488,89.9476
0.327226,11624.5,-228.352,2.24288,3.12691,5030.08,-19.763,-599.935,35.853,136952,-1345.58,8.81144,89.9477
0.327236,11624.5,-228.236,2.24059,3.12693,5019.84,-19.7127,-599.935,35.847,136882,-1344.21,8.79799,89.9478
0.327246,11624.5,-228.119,2.23831,3.12695,5009.61,-19.6625,-599.936,35.841,136813,-1342.84,8.78455,89.9478
0.327256,11624.5,-228.003,2.23602,3.12697,4999.39,-19.6124,-599.936,35.835,136743,-1341.47,8.7711,89.9479
0.327266,11624.5,-227.886,2.23374,3.127,4989.19,-19.5623,-599.936,35.829,136674,-1340.1,8.75766,89.948
0.327276,11624.5,-227.77,2.23146,3.12702,4978.99,-19.5123,-599.936,35.823,136604,-1338.73,8.74421,89.9481
0.327287,11624.5,-227.654,2.22918,3.12704,4968.81,-19.4624,-599.936,35.817,136534,-1337.37,8.73077,89.9482
0.327297,11624.5,-227.537,2.2269,3.12706,4958.68,-19.4129,-599.937,35.811,136465,-1336,8.71746,89.9483
0.327307,11624.5,-227.421,2.22462,3.12709,4948.56,-19.3635,-599.937,35.805,136395,-1334.63,8.70416,89.9484
0.327317,11624.5,-227.304,2.22234,3.12711,4938.42,-19.3138,-599.937,35.799,136325,-1333.27,8.69072,89.9484
0.327327,11624.5,-227.188,2.22007,3.12713,4928.32,-19.2645,-599.937,35.793,136256,-1331.9,8.67741,89.9485
0.327337,11624.5,-227.072,2.21779,3.12715,4918.23,-19.2152,-599.937,35.787,136186,-1330.54,8.66411,89.9486
0.327347,11624.5,-226.955,2.21552,3.12717,4908.13,-19.1657,-599.938,35.781,136116,-1329.17,8.65067,89.9487
0.327357,11624.5,-226.839,2.21325,3.1272,4898.1,-19.117,-599.938,35.775,136047,-1327.81,8.63751,89.9488
0.327367,11624.5,-226.722,2.21098,3.12722,4888.02,-19.0676,-599.938,35.769,135977,-1326.45,8.62406,89.9489
0.327377,11624.5,-226.606,2.20871,3.12724,4878.02,-19.019,-599.938,35.763,135908,-1325.09,8.6109,89.9489
0.327387,11624.5,-226.489,2.20644,3.12726,4867.99,-18.9701,-599.938,35.757,135838,-1323.73,8.5976,89.949
0.327397,11624.5,-226.373,2.20417,3.12729,4857.98,-18.9213,-599.939,35.751,135768,-1322.37,8.5843,89.9491
0.327407,11624.5,-226.257,2.20191,3.12731,4848.02,-18.8728,-599.939,35.745,135699,-1321.01,8.57114,89.9492
0.327417,11624.5,-226.14,2.19964,3.12733,4838.06,-18.8245,-599.939,35.739,135629,-1319.65,8.55798,89.9493
0.327427,11624.5,-226.024,2.19738,3.12735,4828.09,-18.7759,-599.939,35.733,135559,-1318.29,8.54468,89.9494
0.327437,11624.5,-225.907,2.19511,3.12737,4818.16,-18.7277,-599.939,35.727,135490,-1316.94,8.53152,89.9494
0.327447,11624.5,-225.791,2.19285,3.12739,4808.24,-18.6795,-599.94,35.721,135420,-1315.58,8.51836,89.9495
0.327457,11624.5,-225.675,2.19059,3.12742,4798.3,-18.6311,-599.94,35.715,135350,-1314.22,8.50505,89.9496
0.327467,11624.5,-225.558,2.18833,3.12744,4788.44,-18.5834,-599.94,35.709,135281,-1312.87,8.49204,89.9497
0.327477,11624.5,-225.442,2.18608,3.12746,4778.56,-18.5355,-599.94,35.703,135211,-1311.51,8.47888,89.9498
0.327487,11624.5,-225.325,2.18382,3.12748,4768.7,-18.4876,-599.94,35.697,135141,-1310.16,8.46572,89.9499
0.327497,11624.5,-225.209,2.18156,3.1275,4758.84,-18.4398,-599.94,35.691,135072,-1308.81,8.45256,89.95
0.327507,11624.5,-225.093,2.17931,3.12753,4749.03,-18.3924,-599.941,35.685,135002,-1307.46,8.43954,89.95
0.327517,11624.5,-224.976,2.17706,3.12755,4739.2,-18.3447,-599.941,35.679,134932,-1306.1,8.42638,89.9501
0.327527,11624.5,-224.86,2.1748,3.12757,4729.41,-18.2974,-599.941,35.673,134863,-1304.75,8.41337,89.9502
0.327537,11624.5,-224.743,2.17255,3.12759,4719.64,-18.2502,-599.941,35.667,134793,-1303.4,8.40035,89.9503
0.327547,11624.5,-224.627,2.1703,3.12761,4709.84,-18.2027,-599.941,35.661,134724,-1302.05,8.38719,89.9504
0.327557,11624.5,-224.511,2.16805,3.12764,4700.09,-18.1557,-599.942,35.655,134654,-1300.71,8.37418,89.9505
0.327567,11624.5,-224.394,2.16581,3.12766,4690.35,-18.1086,-599.942,35.649,134584,-1299.36,8.36116,89.9505
0.327577,11624.5,-224.278,2.16356,3.12768,4680.62,-18.0617,-599.942,35.643,134515,-1298.01,8.34814,89.9506
0.327587,11624.5,-224.161,2.16131,3.1277,4670.91,-18.0148,-599.942,35.637,134445,-1296.66,8.33513,89.9507
0.327597,11624.5,-224.045,2.15907,3.12772,4661.24,-17.9683,-599.942,35.631,134375,-1295.32,8.32225,89.9508
0.327607,11624.5,-223.929,2.15683,3.12774,4651.55,-17.9216,-599.942,35.625,134306,-1293.97,8.30924,89.9509
0.327617,11624.5,-223.812,2.15459,3.12776,4641.9,-17.8752,-599.943,35.619,134236,-1292.63,8.29636,89.951
0.327627,11624.5,-223.696,2.15234,3.12779,4632.24,-17.8286,-599.943,35.613,134166,-1291.28,8.28335,89.951
0.327637,11624.5,-223.579,2.15011,3.12781,4622.62,-17.7824,-599.943,35.607,134097,-1289.94,8.27047,89.9511
0.327647,11624.5,-223.463,2.14787,3.12783,4613.01,-17.7362,-599.943,35.601,134027,-1288.6,8.2576,89.9512
0.327657,11624.5,-223.347,2.14563,3.12785,4603.41,-17.6901,-599.943,35.595,133957,-1287.26,8.24473,89.9513
0.327667,11624.5,-223.23,2.14339,3.12787,4593.79,-17.6438,-599.944,35.589,133888,-1285.92,8.23171,89.9514
0.327677,11624.5,-223.114,2.14116,3.12789,4584.25,-17.5981,-599.944,35.583,133818,-1284.58,8.21898,89.9515
0.327687,11624.5,-222.997,2.13893,3.12792,4574.69,-17.5523,-599.944,35.577,133748,-1283.24,8.20611,89.9515
0.327697,11624.5,-222.881,2.13669,3.12794,4565.14,-17.5064,-599.944,35.571,133679,-1281.9,8.19323,89.9516
0.327707,11624.5,-222.765,2.13446,3.12796,4555.6,-17.4607,-599.944,35.565,133609,-1280.56,8.18036,89.9517
0.327717,11624.5,-222.648,2.13223,3.12798,4546.07,-17.415,-599.944,35.559,133539,-1279.22,8.16749,89.9518
0.327727,11624.5,-222.532,2.13,3.128,4536.59,-17.3697,-599.945,35.553,133470,-1277.88,8.15476,89.9519
0.327737,11624.5,-222.415,2.12778,3.12802,4527.12,-17.3244,-599.945,35.547,133400,-1276.55,8.14203,89.952
0.327747,11624.5,-222.299,2.12555,3.12804,4517.63,-17.2789,-599.945,35.541,133330,-1275.21,8.12915,89.952
0.327757,11624.5,-222.183,2.12332,3.12806,4508.18,-17.2338,-599.945,35.535,133261,-1273.88,8.11642,89.9521
0.327767,11624.5,-222.066,2.1211,3.12809,4498.75,-17.1887,-599.945,35.529,133191,-1272.54,8.10369,89.9522
0.327777,11624.5,-221.95,2.11888,3.12811,4489.32,-17.1437,-599.945,35.523,133121,-1271.21,8.09096,89.9523
0.327787,11624.5,-221.833,2.11665,3.12813,4479.91,-17.0988,-599.946,35.517,133052,-1269.88,8.07823,89.9524
0.327797,11624.5,-221.717,2.11443,3.12815,4470.51,-17.054,-599.946,35.511,132982,-1268.55,8.0655,89.9525
0.327807,11624.5,-221.601,2.11221,3.12817,4461.12,-17.0092,-599.946,35.505,132912,-1267.21,8.05277,89.9526
0.327817,11624.5,-221.484,2.11,3.12819,4451.78,-16.9647,-599.946,35.499,132843,-1265.88,8.04018,89.9526
0.327827,11624.5,-221.368,2.10778,3.12821,4442.42,-16.9201,-599.946,35.493,132773,-1264.55,8.02745,89.9527
0.327837,11624.5,-221.251,2.10556,3.12823,4433.06,-16.8755,-599.946,35.487,132703,-1263.22,8.01472,89.9528
0.327847,11624.5,-221.135,2.10335,3.12826,4423.76,-16.8313,-599.947,35.481,132634,-1261.9,8.00213,89.9529
0.327857,11624.5,-221.019,2.10113,3.12828,4414.46,-16.7871,-599.947,35.475,132564,-1260.57,7.98955,89.953
0.327867,11624.5,-220.902,2.09892,3.1283,4405.17,-16.743,-599.947,35.469,132494,-1259.24,7.97696,89.953
0.327877,11624.5,-220.786,2.09671,3.12832,4395.9,-16.699,-599.947,35.463,132425,-1257.91,7.96437,89.9531
0.327887,11624.5,-220.669,2.0945,3.12834,4386.64,-16.655,-599.947,35.457,132355,-1256.59,7.95179,89.9532
0.327897,11624.5,-220.553,2.09229,3.12836,4377.39,-16.6111,-599.947,35.451,132285,-1255.26,7.9392,89.9533
0.327907,11624.5,-220.437,2.09008,3.12838,4368.15,-16.5673,-599.948,35.445,132216,-1253.94,7.92661,89.9533
0.327917,11624.5,-220.32,2.08787,3.1284,4358.92,-16.5235,-599.948,35.439,132146,-1252.62,7.91402,89.9534
0.327927,11624.5,-220.204,2.08567,3.12842,4349.71,-16.4798,-599.948,35.433,132076,-1251.29,7.90144,89.9535
0.327937,11624.5,-220.087,2.08346,3.12844,4340.54,-16.4364,-599.948,35.427,132007,-1249.97,7.88899,89.9536
0.327947,11624.5,-219.971,2.08126,3.12846,4331.35,-16.3929,-599.948,35.421,131937,-1248.65,7.8764,89.9536
0.327957,11624.5,-219.855,2.07906,3.12849,4322.2,-16.3496,-599.948,35.415,131867,-1247.33,7.86396,89.9537
0.327967,11624.5,-219.738,2.07686,3.12851,4313.06,-16.3065,-599.949,35.409,131798,-1246.01,7.85151,89.9538
0.327977,11624.5,-219.622,2.07466,3.12853,4303.93,-16.2634,-599.949,35.403,131728,-1244.69,7.83907,89.9539
0.327987,11624.5,-219.505,2.07246,3.12855,4294.79,-16.2201,-599.949,35.397,131658,-1243.37,7.82648,89.9539
0.327997,11624.5,-219.389,2.07026,3.12857,4285.72,-16.1774,-599.949,35.391,131589,-1242.05,7.81418,89.954
0.328007,11624.5,-219.273,2.06807,3.12859,4276.6,-16.1342,-599.949,35.385,131519,-1240.73,7.80159,89.9541
0.328018,11624.5,-219.156,2.06587,3.12861,4267.55,-16.0917,-599.949,35.379,131449,-1239.42,7.78929,89.9542
0.328028,11624.5,-219.04,2.06368,3.12863,4258.48,-16.0489,-599.95,35.373,131380,-1238.1,7.77685,89.9543
0.328038,11624.5,-218.923,2.06148,3.12865,4249.43,-16.0062,-599.95,35.367,131310,-1236.79,7.7644,89.9543
0.328048,11624.5,-218.807,2.05929,3.12867,4240.41,-15.9638,-599.95,35.361,131240,-1235.47,7.7521,89.9544
0.328058,11624.5,-218.691,2.0571,3.12869,4231.41,-15.9216,-599.95,35.355,131171,-1234.16,7.7398,89.9545
0.328068,11624.5,-218.574,2.05491,3.12871,4222.39,-15.879,-599.95,35.349,131101,-1232.85,7.72736,89.9546
0.328078,11624.5,-218.458,2.05273,3.12873,4213.41,-15.8369,-599.95,35.343,131031,-1231.53,7.71506,89.9546
0.328088,11624.5,-218.341,2.05054,3.12875,4204.41,-15.7945,-599.951,35.337,130962,-1230.22,7.70261,89.9547
0.328098,11624.5,-218.225,2.04835,3.12878,4195.46,-15.7525,-599.951,35.331,130892,-1228.91,7.69031,89.9548
0.328108,11624.5,-218.108,2.04617,3.1288,4186.51,-15.7105,-599.951,35.325,130822,-1227.6,7.67801,89.9549
0.328118,11624.5,-217.992,2.04398,3.12882,4177.61,-15.6689,-599.951,35.319,130753,-1226.29,7.66585,89.9549
0.328128,11624.5,-217.876,2.0418,3.12884,4168.69,-15.627,-599.951,35.313,130683,-1224.98,7.65355,89.955
0.328138,11624.5,-217.759,2.03962,3.12886,4159.78,-15.5852,-599.951,35.307,130613,-1223.67,7.64125,89.9551
0.328148,11624.5,-217.643,2.03744,3.12888,4150.91,-15.5438,-599.951,35.301,130544,-1222.37,7.62909,89.9552
0.328158,11624.5,-217.526,2.03526,3.1289,4142.03,-15.5022,-599.952,35.295,130474,-1221.06,7.61679,89.9552
0.328168,11624.5,-217.41,2.03308,3.12892,4133.15,-15.4606,-599.952,35.289,130404,-1219.75,7.60449,89.9553
0.328178,11624.5,-217.294,2.03091,3.12894,4124.32,-15.4193,-599.952,35.283,130334,-1218.45,7.59233,89.9554
0.328188,11624.5,-217.177,2.02873,3.12896,4115.5,-15.3781,-599.952,35.277,130265,-1217.14,7.58017,89.9555
0.328198,11624.5,-217.061,2.02656,3.12898,4106.69,-15.337,-599.952,35.271,130195,-1215.84,7.56801,89.9556
0.328208,11624.5,-216.944,2.02439,3.129,4097.89,-15.296,-599.952,35.265,130125,-1214.53,7.55585,89.9556
0.328218,11624.5,-216.828,2.02221,3.12902,4089.1,-15.255,-599.953,35.259,130056,-1213.23,7.54369,89.9557
0.328228,11624.5,-216.712,2.02004,3.12904,4080.32,-15.214,-599.953,35.253,129986,-1211.93,7.53154,89.9558
0.328238,11624.5,-216.595,2.01787,3.12906,4071.56,-15.1732,-599.953,35.247,129916,-1210.63,7.51938,89.9559
0.328248,11624.5,-216.479,2.01571,3.12908,4062.8,-15.1323,-599.953,35.241,129847,-1209.33,7.50722,89.9559
0.328258,11624.5,-216.362,2.01354,3.1291,4054.09,-15.0919,-599.953,35.235,129777,-1208.03,7.4952,89.956
0.328268,11624.5,-216.246,2.01137,3.12912,4045.36,-15.0512,-599.953,35.229,129707,-1206.73,7.48305,89.9561
0.328278,11624.5,-216.13,2.00921,3.12914,4036.67,-15.0108,-599.953,35.2229,129638,-1205.43,7.47103,89.9562
0.328288,11624.5,-216.013,2.00704,3.12916,4027.96,-14.9703,-599.954,35.2169,129568,-1204.13,7.45887,89.9562
0.328298,11624.5,-215.897,2.00488,3.12918,4019.3,-14.9301,-599.954,35.2109,129498,-1202.84,7.44686,89.9563
0.328308,11624.5,-215.78,2.00272,3.1292,4010.64,-14.8899,-599.954,35.2049,129428,-1201.54,7.43484,89.9564
0.328318,11624.5,-215.664,2.00056,3.12922,4002,-14.8498,-599.954,35.1989,129359,-1200.24,7.42283,89.9565
0.328328,11624.5,-215.548,1.9984,3.12924,3993.36,-14.8098,-599.954,35.1929,129289,-1198.95,7.41081,89.9565
0.328338,11624.5,-215.431,1.99624,3.12926,3984.74,-14.7698,-599.954,35.1869,129219,-1197.65,7.39879,89.9566
0.328348,11624.5,-215.315,1.99409,3.12928,3976.13,-14.7299,-599.955,35.1809,129150,-1196.36,7.38678,89.9567
0.328358,11624.5,-215.198,1.99193,3.1293,3967.53,-14.69,-599.955,35.1749,129080,-1195.07,7.37476,89.9568
0.328368,11624.5,-215.082,1.98978,3.12932,3958.97,-14.6505,-599.955,35.1689,129010,-1193.78,7.36289,89.9568
0.328378,11624.5,-214.966,1.98762,3.12934,3950.43,-14.6111,-599.955,35.1629,128941,-1192.48,7.35102,89.9569
0.328388,11624.5,-214.849,1.98547,3.12936,3941.86,-14.5714,-599.955,35.1569,128871,-1191.19,7.339,89.957
0.328398,11624.5,-214.733,1.98332,3.12938,3933.33,-14.532,-599.955,35.1509,128801,-1189.9,7.32713,89.9571
0.328408,11624.5,-214.616,1.98117,3.1294,3924.82,-14.4928,-599.955,35.1449,128732,-1188.61,7.31526,89.9572
0.328418,11624.5,-214.5,1.97902,3.12942,3916.29,-14.4533,-599.956,35.1389,128662,-1187.33,7.30324,89.9572
0.328428,11624.5,-214.384,1.97687,3.12944,3907.8,-14.4141,-599.956,35.1329,128592,-1186.04,7.29137,89.9573
0.328438,11624.5,-214.267,1.97473,3.12946,3899.32,-14.375,-599.956,35.1269,128522,-1184.75,7.2795,89.9574
0.328448,11624.5,-214.151,1.97258,3.12948,3890.85,-14.336,-599.956,35.1209,128453,-1183.46,7.26763,89.9575
0.328458,11624.5,-214.034,1.97044,3.1295,3882.39,-14.297,-599.956,35.1149,128383,-1182.18,7.25575,89.9575
0.328468,11624.5,-213.918,1.9683,3.12952,3873.97,-14.2584,-599.956,35.1089,128313,-1180.89,7.24402,89.9576
0.328478,11624.5,-213.802,1.96616,3.12954,3865.54,-14.2195,-599.956,35.1029,128244,-1179.61,7.23215,89.9577
0.328488,11624.5,-213.685,1.96402,3.12956,3857.14,-14.181,-599.957,35.0969,128174,-1178.32,7.22042,89.9577
0.328498,11624.5,-213.569,1.96188,3.12958,3848.73,-14.1423,-599.957,35.0909,128104,-1177.04,7.20855,89.9578
0.328508,11624.5,-213.452,1.95974,3.1296,3840.36,-14.1039,-599.957,35.0849,128035,-1175.76,7.19682,89.9579
0.328518,11624.5,-213.336,1.9576,3.12962,3832,-14.0655,-599.957,35.0789,127965,-1174.48,7.18509,89.958
0.328528,11624.5,-213.22,1.95547,3.12964,3823.64,-14.0273,-599.957,35.0729,127895,-1173.2,7.17336,89.958
0.328538,11624.5,-213.103,1.95333,3.12966,3815.27,-13.9888,-599.957,35.0669,127825,-1171.92,7.16149,89.9581
0.328548,11624.5,-212.987,1.9512,3.12968,3806.95,-13.9506,-599.957,35.0609,127756,-1170.64,7.14976,89.9582
0.328558,11624.5,-212.87,1.94907,3.1297,3798.66,-13.9128,-599.958,35.0549,127686,-1169.36,7.13817,89.9582
0.328568,11624.5,-212.754,1.94693,3.12971,3790.35,-13.8747,-599.958,35.0489,127616,-1168.08,7.12644,89.9583
0.328578,11624.5,-212.638,1.9448,3.12973,3782.06,-13.8367,-599.958,35.0429,127547,-1166.8,7.11472,89.9584
0.328588,11624.5,-212.521,1.94268,3.12975,3773.77,-13.7988,-599.958,35.0369,127477,-1165.52,7.10299,89.9584
0.328598,11624.5,-212.405,1.94055,3.12977,3765.53,-13.7612,-599.958,35.0309,127407,-1164.25,7.0914,89.9585
0.328608,11624.5,-212.288,1.93842,3.12979,3757.26,-13.7234,-599.958,35.0249,127338,-1162.97,7.07967,89.9586
0.328618,11624.5,-212.172,1.9363,3.12981,3749.04,-13.6859,-599.958,35.0189,127268,-1161.7,7.06808,89.9586
0.328628,11624.5,-212.056,1.93417,3.12983,3740.8,-13.6482,-599.958,35.0129,127198,-1160.42,7.05635,89.9587
0.328638,11624.5,-211.939,1.93205,3.12985,3732.63,-13.6111,-599.959,35.0069,127128,-1159.15,7.04491,89.9588
0.328648,11624.5,-211.823,1.92993,3.12987,3724.41,-13.5735,-599.959,35.0009,127059,-1157.88,7.03318,89.9588
0.328658,11624.5,-211.706,1.92781,3.12989,3716.23,-13.5363,-599.959,34.9949,126989,-1156.61,7.0216,89.9589
0.328668,11624.5,-211.59,1.92569,3.12991,3708.06,-13.4991,-599.959,34.9889,126919,-1155.33,7.01001,89.959
0.328678,11624.5,-211.474,1.92357,3.12993,3699.93,-13.4622,-599.959,34.9829,126850,-1154.06,6.99857,89.9591
0.328688,11624.5,-211.357,1.92145,3.12995,3691.79,-13.4252,-599.959,34.9769,126780,-1152.79,6.98698,89.9591
0.328698,11624.5,-211.241,1.91934,3.12997,3683.65,-13.3881,-599.959,34.9709,126710,-1151.52,6.97539,89.9592
0.328708,11624.5,-211.124,1.91722,3.12999,3675.56,-13.3514,-599.96,34.9649,126640,-1150.26,6.96395,89.9593
0.328718,11624.5,-211.008,1.91511,3.13001,3667.44,-13.3145,-599.96,34.9589,126571,-1148.99,6.95236,89.9593
0.328728,11624.5,-210.892,1.913,3.13002,3659.37,-13.278,-599.96,34.9529,126501,-1147.72,6.94092,89.9594
0.328738,11624.5,-210.775,1.91089,3.13004,3651.28,-13.2412,-599.96,34.9469,126431,-1146.45,6.92933,89.9595
0.328748,11624.5,-210.659,1.90878,3.13006,3643.22,-13.2047,-599.96,34.9409,126362,-1145.19,6.91789,89.9595
0.328759,11624.5,-210.542,1.90667,3.13008,3635.18,-13.1683,-599.96,34.9349,126292,-1143.92,6.90645,89.9596
0.328769,11624.5,-210.426,1.90456,3.1301,3627.15,-13.1319,-599.96,34.9289,126222,-1142.66,6.895,89.9597
0.328779,11624.5,-210.31,1.90245,3.13012,3619.13,-13.0956,-599.961,34.9229,126152,-1141.4,6.88356,89.9597
0.328789,11624.5,-210.193,1.90035,3.13014,3611.12,-13.0594,-599.961,34.9169,126083,-1140.13,6.87212,89.9598
0.328799,11624.5,-210.077,1.89824,3.13016,3603.12,-13.0232,-599.961,34.9109,126013,-1138.87,6.86067,89.9599
0.328809,11624.5,-209.96,1.89614,3.13018,3595.16,-12.9874,-599.961,34.9049,125943,-1137.61,6.84937,89.9599
0.328819,11624.5,-209.844,1.89404,3.1302,3587.19,-12.9513,-599.961,34.8989,125874,-1136.35,6.83793,89.96
0.328829,11624.5,-209.727,1.89194,3.13021,3579.25,-12.9156,-599.961,34.8929,125804,-1135.09,6.82663,89.9601
0.328839,11624.5,-209.611,1.88984,3.13023,3571.29,-12.8796,-599.961,34.8869,125734,-1133.83,6.81519,89.9602
0.328849,11624.5,-209.495,1.88774,3.13025,3563.38,-12.844,-599.961,34.8809,125664,-1132.57,6.80389,89.9602
0.328859,11624.5,-209.378,1.88564,3.13027,3555.47,-12.8084,-599.962,34.8749,125595,-1131.31,6.79259,89.9603
0.328869,11624.5,-209.262,1.88355,3.13029,3547.55,-12.7726,-599.962,34.8689,125525,-1130.06,6.78114,89.9604
0.328879,11624.5,-209.145,1.88145,3.13031,3539.69,-12.7374,-599.962,34.8629,125455,-1128.8,6.76999,89.9604
0.328889,11624.5,-209.029,1.87936,3.13033,3531.79,-12.7017,-599.962,34.8569,125386,-1127.54,6.75854,89.9605
0.328899,11624.5,-208.913,1.87727,3.13035,3523.96,-12.6666,-599.962,34.8509,125316,-1126.29,6.74739,89.9606
0.328909,11624.5,-208.796,1.87517,3.13037,3516.1,-12.6313,-599.962,34.8449,125246,-1125.03,6.73608,89.9606
0.328919,11624.5,-208.68,1.87308,3.13038,3508.26,-12.5961,-599.962,34.8389,125176,-1123.78,6.72478,89.9607
0.328929,11624.5,-208.563,1.87099,3.1304,3500.46,-12.5612,-599.962,34.8329,125107,-1122.53,6.71363,89.9608
0.328939,11624.5,-208.447,1.86891,3.13042,3492.64,-12.526,-599.963,34.8269,125037,-1121.27,6.70233,89.9608
0.328949,11624.5,-208.331,1.86682,3.13044,3484.83,-12.4909,-599.963,34.8209,124967,-1120.02,6.69103,89.9609
0.328959,11624.5,-208.214,1.86473,3.13046,3477.06,-12.4562,-599.963,34.8149,124898,-1118.77,6.67987,89.961
0.328969,11624.5,-208.098,1.86265,3.13048,3469.29,-12.4215,-599.963,34.8089,124828,-1117.52,6.66871,89.961
0.328979,11624.5,-207.981,1.86057,3.1305,3461.55,-12.3868,-599.963,34.8029,124758,-1116.27,6.65755,89.9611
0.328989,11624.5,-207.865,1.85848,3.13052,3453.81,-12.3522,-599.963,34.7969,124688,-1115.02,6.6464,89.9612
0.328999,11624.5,-207.749,1.8564,3.13053,3446.08,-12.3177,-599.963,34.7909,124619,-1113.77,6.63524,89.9613
0.329009,11624.5,-207.632,1.85432,3.13055,3438.36,-12.2832,-599.963,34.7849,124549,-1112.53,6.62408,89.9613
0.329019,11624.5,-207.516,1.85225,3.13057,3430.65,-12.2488,-599.964,34.7789,124479,-1111.28,6.61293,89.9614
0.329029,11624.5,-207.399,1.85017,3.13059,3422.95,-12.2144,-599.964,34.7729,124410,-1110.03,6.60177,89.9615
0.329039,11624.5,-207.283,1.84809,3.13061,3415.26,-12.1801,-599.964,34.7669,124340,-1108.79,6.59061,89.9615
0.329049,11624.5,-207.167,1.84602,3.13063,3407.62,-12.146,-599.964,34.7609,124270,-1107.54,6.5796,89.9616
0.329059,11624.5,-207.05,1.84394,3.13065,3399.95,-12.1118,-599.964,34.7549,124200,-1106.3,6.56844,89.9617
0.329069,11624.5,-206.934,1.84187,3.13066,3392.32,-12.0779,-599.964,34.7489,124131,-1105.06,6.55743,89.9617
0.329079,11624.5,-206.817,1.8398,3.13068,3384.68,-12.0438,-599.964,34.7429,124061,-1103.81,6.54627,89.9618
0.329089,11624.5,-206.701,1.83773,3.1307,3377.07,-12.01,-599.964,34.7369,123991,-1102.57,6.53525,89.9619
0.329099,11624.5,-206.585,1.83566,3.13072,3369.47,-11.9763,-599.965,34.7309,123921,-1101.33,6.52424,89.9619
0.329109,11624.5,-206.468,1.83359,3.13074,3361.89,-11.9426,-599.965,34.7249,123852,-1100.09,6.51322,89.962
0.329119,11624.5,-206.352,1.83152,3.13076,3354.31,-11.909,-599.965,34.7189,123782,-1098.85,6.50221,89.9621
0.329129,11624.5,-206.235,1.82946,3.13077,3346.75,-11.8754,-599.965,34.7129,123712,-1097.61,6.4912,89.9621
0.329139,11624.5,-206.119,1.82739,3.13079,3339.19,-11.8418,-599.965,34.7069,123643,-1096.37,6.48018,89.9622
0.329149,11624.5,-206.003,1.82533,3.13081,3331.68,-11.8086,-599.965,34.7009,123573,-1095.13,6.46931,89.9623
0.329159,11624.5,-205.886,1.82327,3.13083,3324.14,-11.7752,-599.965,34.6949,123503,-1093.9,6.4583,89.9623
0.329169,11624.5,-205.77,1.82121,3.13085,3316.62,-11.7418,-599.965,34.6889,123433,-1092.66,6.44728,89.9624
0.329179,11624.5,-205.653,1.81915,3.13087,3309.13,-11.7088,-599.966,34.6829,123364,-1091.43,6.43641,89.9625
0.329189,11624.5,-205.537,1.81709,3.13088,3301.66,-11.6758,-599.966,34.6769,123294,-1090.19,6.42554,89.9625
0.329199,11624.5,-205.421,1.81503,3.1309,3294.19,-11.6428,-599.966,34.6709,123224,-1088.96,6.41467,89.9626
0.329209,11624.5,-205.304,1.81297,3.13092,3286.71,-11.6097,-599.966,34.6649,123154,-1087.72,6.40365,89.9626
0.329219,11624.5,-205.188,1.81092,3.13094,3279.27,-11.5768,-599.966,34.6589,123085,-1086.49,6.39278,89.9627
0.329229,11624.5,-205.071,1.80886,3.13096,3271.83,-11.544,-599.966,34.6529,123015,-1085.26,6.38191,89.9628
0.329239,11624.5,-204.955,1.80681,3.13097,3264.41,-11.5113,-599.966,34.6469,122945,-1084.03,6.37104,89.9628
0.329249,11624.5,-204.839,1.80476,3.13099,3257.02,-11.4788,-599.966,34.6409,122876,-1082.8,6.36031,89.9629
0.329259,11624.5,-204.722,1.80271,3.13101,3249.62,-11.4462,-599.966,34.6349,122806,-1081.57,6.34944,89.9629
0.329269,11624.5,-204.606,1.80066,3.13103,3242.23,-11.4136,-599.967,34.6289,122736,-1080.34,6.33857,89.963
0.329279,11624.5,-204.489,1.79861,3.13105,3234.84,-11.3811,-599.967,34.6229,122666,-1079.11,6.3277,89.9631
0.329289,11624.5,-204.373,1.79656,3.13106,3227.5,-11.3488,-599.967,34.6169,122597,-1077.88,6.31697,89.9631
0.329299,11624.5,-204.257,1.79452,3.13108,3220.16,-11.3167,-599.967,34.6109,122527,-1076.65,6.30624,89.9632
0.329309,11624.5,-204.14,1.79247,3.1311,3212.81,-11.2843,-599.967,34.6049,122457,-1075.43,6.29537,89.9632
0.329319,11624.5,-204.024,1.79043,3.13112,3205.5,-11.2522,-599.967,34.5989,122387,-1074.2,6.28464,89.9633
0.329329,11624.5,-203.907,1.78839,3.13114,3198.19,-11.2202,-599.967,34.5929,122318,-1072.97,6.27391,89.9634
0.329339,11624.5,-203.791,1.78635,3.13115,3190.9,-11.1882,-599.967,34.5869,122248,-1071.75,6.26319,89.9634
0.329349,11624.5,-203.675,1.78431,3.13117,3183.61,-11.1563,-599.967,34.5809,122178,-1070.53,6.25246,89.9635
0.329359,11624.5,-203.558,1.78227,3.13119,3176.34,-11.1244,-599.968,34.5749,122108,-1069.3,6.24173,89.9636
0.329369,11624.5,-203.442,1.78023,3.13121,3169.07,-11.0926,-599.968,34.5689,122039,-1068.08,6.231,89.9636
0.329379,11624.5,-203.325,1.77819,3.13123,3161.82,-11.0608,-599.968,34.5629,121969,-1066.86,6.22027,89.9637
0.329389,11624.5,-203.209,1.77616,3.13124,3154.61,-11.0294,-599.968,34.5569,121899,-1065.64,6.20969,89.9637
0.329399,11624.5,-203.093,1.77412,3.13126,3147.37,-10.9977,-599.968,34.5509,121830,-1064.42,6.19896,89.9638
0.329409,11624.5,-202.976,1.77209,3.13128,3140.18,-10.9664,-599.968,34.5449,121760,-1063.2,6.18837,89.9639
0.329419,11624.5,-202.86,1.77006,3.1313,3132.96,-10.9348,-599.968,34.5389,121690,-1061.98,6.17765,89.9639
0.329429,11624.5,-202.743,1.76803,3.13131,3125.79,-10.9035,-599.968,34.5329,121620,-1060.76,6.16706,89.964
0.329439,11624.5,-202.627,1.766,3.13133,3118.62,-10.8723,-599.968,34.5269,121551,-1059.54,6.15648,89.964
0.329449,11624.5,-202.511,1.76397,3.13135,3111.46,-10.8412,-599.969,34.5209,121481,-1058.33,6.14589,89.9641
0.329459,11624.5,-202.394,1.76194,3.13137,3104.29,-10.8098,-599.969,34.5149,121411,-1057.11,6.13516,89.9642
0.329469,11624.5,-202.278,1.75992,3.13138,3097.18,-10.779,-599.969,34.5089,121341,-1055.9,6.12472,89.9642
0.329479,11624.5,-202.161,1.75789,3.1314,3090.06,-10.748,-599.969,34.5029,121272,-1054.68,6.11413,89.9643
0.329489,11624.5,-202.045,1.75587,3.13142,3082.94,-10.717,-599.969,34.4969,121202,-1053.47,6.10355,89.9643
0.3295,11624.5,-201.928,1.75385,3.13144,3075.83,-10.6861,-599.969,34.4909,121132,-1052.25,6.09296,89.9644
0.32951,11624.5,-201.812,1.75182,3.13145,3068.76,-10.6555,-599.969,34.4849,121062,-1051.04,6.08252,89.9645
0.32952,11624.5,-201.696,1.7498,3.13147,3061.68,-10.6247,-599.969,34.4789,120993,-1049.83,6.07194,89.9645
0.32953,11624.5,-201.579,1.74778,3.13149,3054.63,-10.5942,-599.969,34.4729,120923,-1048.62,6.06149,89.9646
0.32954,11624.5,-201.463,1.74577,3.13151,3047.56,-10.5635,-599.969,34.4669,120853,-1047.41,6.05091,89.9647
0.32955,11624.5,-201.346,1.74375,3.13153,3040.53,-10.5331,-599.97,34.4609,120783,-1046.2,6.04047,89.9647
0.32956,11624.5,-201.23,1.74173,3.13154,3033.51,-10.5027,-599.97,34.4549,120714,-1044.99,6.03002,89.9648
0.32957,11624.5,-201.114,1.73972,3.13156,3026.5,-10.4724,-599.97,34.4489,120644,-1043.78,6.01958,89.9648
0.32958,11624.5,-200.997,1.73771,3.13158,3019.5,-10.4421,-599.97,34.4429,120574,-1042.57,6.00914,89.9649
0.32959,11624.5,-200.881,1.73569,3.13159,3012.51,-10.4119,-599.97,34.4369,120504,-1041.36,5.9987,89.965
0.3296,11624.5,-200.764,1.73368,3.13161,3005.53,-10.3817,-599.97,34.4309,120435,-1040.16,5.98826,89.965
0.32961,11624.5,-200.648,1.73167,3.13163,2998.56,-10.3516,-599.97,34.4249,120365,-1038.95,5.97781,89.9651
0.32962,11624.5,-200.532,1.72967,3.13165,2991.63,-10.3218,-599.97,34.4189,120295,-1037.75,5.96751,89.9651
0.32963,11624.5,-200.415,1.72766,3.13166,2984.68,-10.2918,-599.97,34.4129,120225,-1036.54,5.95707,89.9652
0.32964,11624.5,-200.299,1.72565,3.13168,2977.74,-10.2618,-599.971,34.4069,120156,-1035.34,5.94663,89.9653
0.32965,11624.5,-200.182,1.72365,3.1317,2970.84,-10.2321,-599.971,34.4009,120086,-1034.14,5.93633,89.9653
0.32966,11624.5,-200.066,1.72164,3.13172,2963.94,-10.2025,-599.971,34.3949,120016,-1032.93,5.92603,89.9654
0.32967,11624.5,-199.95,1.71964,3.13173,2957.03,-10.1727,-599.971,34.3889,119946,-1031.73,5.91559,89.9654
0.32968,11624.5,-199.833,1.71764,3.13175,2950.16,-10.1431,-599.971,34.3829,119877,-1030.53,5.90529,89.9655
0.32969,11624.5,-199.717,1.71564,3.13177,2943.29,-10.1137,-599.971,34.3769,119807,-1029.33,5.89499,89.9656
0.3297,11624.5,-199.6,1.71364,3.13178,2936.44,-10.0842,-599.971,34.3709,119737,-1028.13,5.88469,89.9656
0.32971,11624.5,-199.484,1.71164,3.1318,2929.59,-10.0548,-599.971,34.3649,119667,-1026.93,5.87439,89.9657
0.32972,11624.5,-199.368,1.70964,3.13182,2922.75,-10.0255,-599.971,34.3589,119598,-1025.74,5.86409,89.9658
0.32973,11624.5,-199.251,1.70765,3.13184,2915.96,-9.99646,-599.971,34.3529,119528,-1024.54,5.85394,89.9658
0.32974,11624.5,-199.135,1.70565,3.13185,2909.14,-9.96721,-599.972,34.3469,119458,-1023.34,5.84364,89.9659
0.32975,11624.5,-199.018,1.70366,3.13187,2902.33,-9.93802,-599.972,34.3409,119388,-1022.15,5.83334,89.9659
0.32976,11624.5,-198.902,1.70167,3.13189,2895.53,-9.90887,-599.972,34.3349,119319,-1020.95,5.82304,89.966
0.32977,11624.5,-198.786,1.69968,3.1319,2888.77,-9.88002,-599.972,34.3289,119249,-1019.76,5.81288,89.9661
0.32978,11624.5,-198.669,1.69769,3.13192,2882.02,-9.8512,-599.972,34.3229,119179,-1018.56,5.80273,89.9661
0.32979,11624.5,-198.553,1.6957,3.13194,2875.25,-9.8222,-599.972,34.3169,119109,-1017.37,5.79243,89.9662
0.3298,11624.5,-198.436,1.69371,3.13196,2868.55,-9.79373,-599.972,34.3109,119040,-1016.18,5.78241,89.9662
0.32981,11624.5,-198.32,1.69172,3.13197,2861.8,-9.76482,-599.972,34.3049,118970,-1014.99,5.77212,89.9663
0.32982,11624.5,-198.204,1.68974,3.13199,2855.09,-9.7362,-599.972,34.2989,118900,-1013.8,5.76196,89.9664
0.32983,11624.5,-198.087,1.68775,3.13201,2848.39,-9.70762,-599.972,34.2929,118830,-1012.61,5.7518,89.9664
0.32984,11624.5,-197.971,1.68577,3.13202,2841.72,-9.67934,-599.973,34.2869,118761,-1011.42,5.74179,89.9665
0.32985,11624.5,-197.854,1.68379,3.13204,2835.04,-9.65086,-599.973,34.2809,118691,-1010.23,5.73163,89.9665
0.32986,11624.5,-197.738,1.68181,3.13206,2828.36,-9.62243,-599.973,34.2749,118621,-1009.04,5.72148,89.9666
0.32987,11624.5,-197.622,1.67983,3.13207,2821.73,-9.59428,-599.973,34.2689,118551,-1007.85,5.71146,89.9667
0.32988,11624.5,-197.505,1.67785,3.13209,2815.07,-9.56594,-599.973,34.2629,118482,-1006.66,5.70131,89.9667
0.32989,11624.5,-197.389,1.67587,3.13211,2808.42,-9.53765,-599.973,34.2569,118412,-1005.48,5.69115,89.9668
0.3299,11624.5,-197.272,1.6739,3.13212,2801.81,-9.50964,-599.973,34.2509,118342,-1004.29,5.68114,89.9668
0.32991,11624.5,-197.156,1.67192,3.13214,2795.22,-9.48168,-599.973,34.2449,118272,-1003.11,5.67113,89.9669
0.32992,11624.5,-197.04,1.66995,3.13216,2788.62,-9.45376,-599.973,34.2389,118203,-1001.92,5.66111,89.9669
0.32993,11624.5,-196.923,1.66798,3.13217,2782.04,-9.4259,-599.973,34.2329,118133,-1000.74,5.6511,89.967
0.32994,11624.5,-196.807,1.666,3.13219,2775.47,-9.39807,-599.973,34.2269,118063,-999.558,5.64109,89.967
0.32995,11624.5,-196.69,1.66403,3.13221,2768.91,-9.3703,-599.974,34.2209,117993,-998.377,5.63107,89.9671
0.32996,11624.5,-196.574,1.66207,3.13222,2762.36,-9.34257,-599.974,34.2149,117924,-997.195,5.62106,89.9671
0.32997,11624.5,-196.458,1.6601,3.13224,2755.81,-9.31489,-599.974,34.2089,117854,-996.015,5.61105,89.9672
0.32998,11624.5,-196.341,1.65813,3.13226,2749.28,-9.28725,-599.974,34.2029,117784,-994.835,5.60103,89.9672
0.32999,11624.5,-196.225,1.65617,3.13227,2742.78,-9.25989,-599.974,34.1969,117714,-993.656,5.59116,89.9673
0.33,11624.5,-196.108,1.6542,3.13229,2736.27,-9.23234,-599.974,34.1909,117645,-992.478,5.58115,89.9674
0.33001,11624.5,-195.992,1.65224,3.13231,2729.79,-9.20508,-599.974,34.1849,117575,-991.3,5.57128,89.9674
0.33002,11624.5,-195.876,1.65028,3.13232,2723.29,-9.17763,-599.974,34.1789,117505,-990.123,5.56127,89.9675
0.33003,11624.5,-195.759,1.64832,3.13234,2716.83,-9.15045,-599.974,34.1729,117435,-988.947,5.5514,89.9675
0.33004,11624.5,-195.643,1.64636,3.13236,2710.38,-9.12332,-599.974,34.1669,117366,-987.771,5.54153,89.9676
0.33005,11624.5,-195.526,1.6444,3.13237,2703.94,-9.09624,-599.974,34.1609,117296,-986.596,5.53166,89.9676
0.33006,11624.5,-195.41,1.64244,3.13239,2697.51,-9.0692,-599.975,34.1549,117226,-985.422,5.52179,89.9677
0.33007,11624.5,-195.294,1.64048,3.13241,2691.08,-9.04221,-599.975,34.1489,117156,-984.248,5.51192,89.9677
0.33008,11624.5,-195.177,1.63853,3.13242,2684.67,-9.01526,-599.975,34.1429,117087,-983.076,5.50205,89.9678
0.33009,11624.5,-195.061,1.63657,3.13244,2678.27,-8.98836,-599.975,34.1369,117017,-981.904,5.49218,89.9678
0.3301,11624.5,-194.944,1.63462,3.13246,2671.9,-8.96173,-599.975,34.1309,116947,-980.732,5.48245,89.9679
0.33011,11624.5,-194.828,1.63267,3.13247,2665.51,-8.93492,-599.975,34.1249,116877,-979.561,5.47258,89.9679
0.33012,11624.5,-194.712,1.63072,3.13249,2659.16,-8.90838,-599.975,34.1189,116808,-978.391,5.46285,89.968
0.33013,11624.5,-194.595,1.62877,3.1325,2652.79,-8.88166,-599.975,34.1129,116738,-977.222,5.45298,89.968
0.33014,11624.5,-194.479,1.62682,3.13252,2646.46,-8.85521,-599.975,34.1069,116668,-976.054,5.44326,89.9681
0.33015,11624.5,-194.362,1.62488,3.13254,2640.11,-8.82858,-599.975,34.1009,116598,-974.886,5.43338,89.9682
0.33016,11624.5,-194.246,1.62293,3.13255,2633.8,-8.80222,-599.976,34.0949,116529,-973.718,5.42366,89.9682
0.33017,11624.5,-194.13,1.62099,3.13257,2627.5,-8.7759,-599.976,34.0889,116459,-972.552,5.41393,89.9683
0.33018,11624.5,-194.013,1.61904,3.13259,2621.2,-8.74963,-599.976,34.0829,116389,-971.386,5.4042,89.9683
0.33019,11624.5,-193.897,1.6171,3.1326,2614.92,-8.72341,-599.976,34.0769,116319,-970.221,5.39448,89.9684
0.3302,11624.5,-193.78,1.61516,3.13262,2608.64,-8.69723,-599.976,34.0709,116249,-969.056,5.38475,89.9684
0.33021,11624.5,-193.664,1.61322,3.13263,2602.37,-8.67109,-599.976,34.0648,116180,-967.893,5.37502,89.9685
0.33022,11624.5,-193.548,1.61128,3.13265,2596.14,-8.64523,-599.976,34.0588,116110,-966.73,5.36544,89.9685
0.330231,11624.5,-193.431,1.60934,3.13267,2589.89,-8.61918,-599.976,34.0528,116040,-965.568,5.35571,89.9686
0.330241,11624.5,-193.315,1.60741,3.13268,2583.68,-8.5934,-599.976,34.0468,115970,-964.406,5.34613,89.9686
0.330251,11624.5,-193.198,1.60547,3.1327,2577.45,-8.56744,-599.976,34.0408,115901,-963.245,5.3364,89.9687
0.330261,11624.5,-193.082,1.60354,3.13271,2571.25,-8.54175,-599.976,34.0348,115831,-962.085,5.32682,89.9687
0.330271,11624.5,-192.965,1.6016,3.13273,2565.04,-8.51588,-599.976,34.0288,115761,-960.925,5.31709,89.9688
0.330281,11624.5,-192.849,1.59967,3.13275,2558.86,-8.49027,-599.977,34.0228,115691,-959.766,5.30751,89.9688
0.330291,11624.5,-192.733,1.59774,3.13276,2552.69,-8.46471,-599.977,34.0168,115622,-958.608,5.29792,89.9689
0.330301,11624.5,-192.616,1.59581,3.13278,2546.53,-8.4392,-599.977,34.0108,115552,-957.451,5.28834,89.969
0.330311,11624.5,-192.5,1.59388,3.13279,2540.38,-8.41372,-599.977,34.0048,115482,-956.294,5.27875,89.969
0.330321,11624.5,-192.383,1.59196,3.13281,2534.24,-8.38829,-599.977,33.9988,115412,-955.138,5.26917,89.9691
0.330331,11624.5,-192.267,1.59003,3.13283,2528.11,-8.36291,-599.977,33.9928,115343,-953.983,5.25958,89.9691
0.330341,11624.5,-192.151,1.58811,3.13284,2521.98,-8.33756,-599.977,33.9868,115273,-952.828,5.25,89.9692
0.330351,11624.5,-192.034,1.58618,3.13286,2515.9,-8.31249,-599.977,33.9808,115203,-951.674,5.24056,89.9692
0.330361,11624.5,-191.918,1.58426,3.13287,2509.79,-8.28723,-599.977,33.9748,115133,-950.521,5.23098,89.9693
0.330371,11624.5,-191.801,1.58234,3.13289,2503.72,-8.26225,-599.977,33.9688,115063,-949.368,5.22153,89.9693
0.330381,11624.5,-191.685,1.58042,3.13291,2497.63,-8.23707,-599.977,33.9628,114994,-948.216,5.21195,89.9694
0.330391,11624.5,-191.569,1.5785,3.13292,2491.58,-8.21217,-599.977,33.9568,114924,-947.065,5.20251,89.9694
0.330401,11624.5,-191.452,1.57658,3.13294,2485.54,-8.18731,-599.978,33.9508,114854,-945.915,5.19307,89.9695
0.330411,11624.5,-191.336,1.57467,3.13295,2479.5,-8.16249,-599.978,33.9448,114784,-944.765,5.18363,89.9695
0.330421,11624.5,-191.219,1.57275,3.13297,2473.48,-8.13771,-599.978,33.9388,114715,-943.616,5.17419,89.9696
0.330431,11624.5,-191.103,1.57084,3.13298,2467.46,-8.11298,-599.978,33.9328,114645,-942.468,5.16475,89.9697
0.330441,11624.5,-190.987,1.56892,3.133,2461.45,-8.08828,-599.978,33.9268,114575,-941.32,5.1553,89.9697
0.330451,11624.5,-190.87,1.56701,3.13302,2455.45,-8.06363,-599.978,33.9208,114505,-940.173,5.14586,89.9698
0.330461,11624.5,-190.754,1.5651,3.13303,2449.46,-8.03902,-599.978,33.9148,114436,-939.027,5.13642,89.9698
0.330471,11624.5,-190.637,1.56319,3.13305,2443.48,-8.01446,-599.978,33.9088,114366,-937.881,5.12698,89.9699
0.330481,11624.5,-190.521,1.56128,3.13306,2437.51,-7.98993,-599.978,33.9028,114296,-936.736,5.11754,89.9699
0.330491,11624.5,-190.405,1.55938,3.13308,2431.57,-7.96567,-599.978,33.8968,114226,-935.592,5.10824,89.97
0.330501,11624.5,-190.288,1.55747,3.13309,2425.65,-7.94146,-599.978,33.8908,114156,-934.449,5.09894,89.97
0.330511,11624.5,-190.172,1.55557,3.13311,2419.7,-7.91706,-599.978,33.8848,114087,-933.306,5.0895,89.9701
0.330521,11624.5,-190.055,1.55366,3.13313,2413.79,-7.89292,-599.979,33.8788,114017,-932.164,5.0802,89.9701
0.330531,11624.5,-189.939,1.55176,3.13314,2407.89,-7.86883,-599.979,33.8728,113947,-931.022,5.07091,89.9702
0.330541,11624.5,-189.823,1.54986,3.13316,2401.97,-7.84455,-599.979,33.8668,113877,-929.882,5.06147,89.9702
0.330551,11624.5,-189.706,1.54796,3.13317,2396.11,-7.82076,-599.979,33.8608,113808,-928.742,5.05231,89.9703
0.330561,11624.5,-189.59,1.54606,3.13319,2390.21,-7.79657,-599.979,33.8548,113738,-927.603,5.04287,89.9703
0.330571,11624.5,-189.473,1.54416,3.1332,2384.36,-7.77287,-599.979,33.8488,113668,-926.464,5.03372,89.9704
0.330581,11624.5,-189.357,1.54226,3.13322,2378.51,-7.74898,-599.979,33.8428,113598,-925.326,5.02442,89.9705
0.330591,11624.5,-189.241,1.54037,3.13323,2372.66,-7.72513,-599.979,33.8368,113528,-924.189,5.01512,89.9705
0.330601,11624.5,-189.124,1.53847,3.13325,2366.84,-7.70155,-599.979,33.8308,113459,-923.052,5.00596,89.9706
0.330611,11624.5,-189.008,1.53658,3.13326,2361.01,-7.67778,-599.979,33.8248,113389,-921.917,4.99667,89.9706
0.330621,11624.5,-188.891,1.53469,3.13328,2355.18,-7.65406,-599.979,33.8188,113319,-920.781,4.98737,89.9707
0.330631,11624.5,-188.775,1.5328,3.1333,2349.4,-7.6306,-599.979,33.8128,113249,-919.647,4.97821,89.9707
0.330641,11624.5,-188.659,1.53091,3.13331,2343.62,-7.60717,-599.979,33.8068,113180,-918.513,4.96906,89.9708
0.330651,11624.5,-188.542,1.52902,3.13333,2337.82,-7.58357,-599.979,33.8008,113110,-917.381,4.95976,89.9708
0.330661,11624.5,-188.426,1.52713,3.13334,2332.05,-7.56023,-599.98,33.7948,113040,-916.248,4.95061,89.9709
0.330671,11624.5,-188.309,1.52525,3.13336,2326.3,-7.53693,-599.98,33.7888,112970,-915.117,4.94145,89.9709
0.330681,11624.5,-188.193,1.52336,3.13337,2320.55,-7.51367,-599.98,33.7828,112901,-913.986,4.9323,89.971
0.330691,11624.5,-188.077,1.52148,3.13339,2314.82,-7.49045,-599.98,33.7768,112831,-912.856,4.92314,89.971
0.330701,11624.5,-187.96,1.51959,3.1334,2309.09,-7.46727,-599.98,33.7708,112761,-911.726,4.91399,89.9711
0.330711,11624.5,-187.844,1.51771,3.13342,2303.39,-7.44434,-599.98,33.7648,112691,-910.597,4.90497,89.9711
0.330721,11624.5,-187.727,1.51583,3.13343,2297.68,-7.42124,-599.98,33.7588,112621,-909.469,4.89582,89.9711
0.330731,11624.5,-187.611,1.51395,3.13345,2291.98,-7.39818,-599.98,33.7528,112552,-908.342,4.88666,89.9712
0.330741,11624.5,-187.495,1.51208,3.13346,2286.28,-7.37516,-599.98,33.7468,112482,-907.215,4.87751,89.9712
0.330751,11624.5,-187.378,1.5102,3.13348,2280.62,-7.3524,-599.98,33.7408,112412,-906.089,4.8685,89.9713
0.330761,11624.5,-187.262,1.50832,3.13349,2274.97,-7.32967,-599.98,33.7348,112342,-904.964,4.85949,89.9713
0.330771,11624.5,-187.145,1.50645,3.13351,2269.3,-7.30677,-599.98,33.7288,112273,-903.839,4.85033,89.9714
0.330781,11624.5,-187.029,1.50457,3.13352,2263.67,-7.28412,-599.98,33.7228,112203,-902.715,4.84132,89.9714
0.330791,11624.5,-186.913,1.5027,3.13354,2258.04,-7.26152,-599.981,33.7168,112133,-901.592,4.83231,89.9715
0.330801,11624.5,-186.796,1.50083,3.13355,2252.43,-7.23895,-599.981,33.7108,112063,-900.47,4.82329,89.9715
0.330811,11624.5,-186.68,1.49896,3.13357,2246.82,-7.21642,-599.981,33.7048,111993,-899.348,4.81428,89.9716
0.330821,11624.5,-186.563,1.49709,3.13358,2241.22,-7.19393,-599.981,33.6988,111924,-898.227,4.80527,89.9716
0.330831,11624.5,-186.447,1.49522,3.1336,2235.62,-7.17149,-599.981,33.6928,111854,-897.106,4.79626,89.9716
0.330841,11624.5,-186.331,1.49336,3.13361,2230.07,-7.14929,-599.981,33.6868,111784,-895.987,4.78739,89.9717
0.330851,11624.5,-186.214,1.49149,3.13363,2224.49,-7.12692,-599.981,33.6808,111714,-894.868,4.77838,89.9717
0.330861,11624.5,-186.098,1.48963,3.13364,2218.92,-7.10459,-599.981,33.6748,111645,-893.749,4.76937,89.9718
0.330871,11624.5,-185.981,1.48777,3.13366,2213.39,-7.08251,-599.981,33.6688,111575,-892.632,4.7605,89.9718
0.330881,11624.5,-185.865,1.4859,3.13367,2207.84,-7.06025,-599.981,33.6628,111505,-891.515,4.75148,89.9719
0.330891,11624.5,-185.749,1.48404,3.13369,2202.32,-7.03825,-599.981,33.6568,111435,-890.399,4.74262,89.9719
0.330901,11624.5,-185.632,1.48218,3.1337,2196.79,-7.01607,-599.981,33.6508,111365,-889.283,4.7336,89.972
0.330911,11624.5,-185.516,1.48033,3.13372,2191.29,-6.99415,-599.981,33.6448,111296,-888.168,4.72474,89.972
0.330921,11624.5,-185.399,1.47847,3.13373,2185.8,-6.97226,-599.981,33.6388,111226,-887.054,4.71587,89.9721
0.330931,11624.5,-185.283,1.47661,3.13375,2180.32,-6.95041,-599.982,33.6328,111156,-885.941,4.707,89.9721
0.330941,11624.5,-185.167,1.47476,3.13376,2174.84,-6.9286,-599.982,33.6268,111086,-884.828,4.69813,89.9722
0.330951,11624.5,-185.05,1.4729,3.13378,2169.38,-6.90683,-599.982,33.6208,111016,-883.716,4.68926,89.9722
0.330961,11624.5,-184.934,1.47105,3.13379,2163.92,-6.8851,-599.982,33.6148,110947,-882.605,4.68039,89.9722
0.330972,11624.5,-184.817,1.4692,3.13381,2158.5,-6.86362,-599.982,33.6088,110877,-881.494,4.67166,89.9723
0.330982,11624.5,-184.701,1.46735,3.13382,2153.06,-6.84196,-599.982,33.6028,110807,-880.384,4.6628,89.9723
0.330992,11624.5,-184.584,1.4655,3.13384,2147.65,-6.82055,-599.982,33.5968,110737,-879.275,4.65407,89.9724
0.331002,11624.5,-184.468,1.46365,3.13385,2142.22,-6.79897,-599.982,33.5908,110668,-878.166,4.6452,89.9724
0.331012,11624.5,-184.352,1.46181,3.13387,2136.81,-6.77743,-599.982,33.5848,110598,-877.058,4.63633,89.9725
0.331022,11624.5,-184.235,1.45996,3.13388,2131.42,-6.75613,-599.982,33.5788,110528,-875.951,4.62761,89.9725
0.331032,11624.5,-184.119,1.45812,3.13389,2126.05,-6.73487,-599.982,33.5728,110458,-874.845,4.61888,89.9726
0.331042,11624.5,-184.002,1.45627,3.13391,2120.68,-6.71365,-599.982,33.5668,110388,-873.739,4.61015,89.9726
0.331052,11624.5,-183.886,1.45443,3.13392,2115.33,-6.69247,-599.982,33.5608,110319,-872.634,4.60143,89.9727
0.331062,11624.5,-183.77,1.45259,3.13394,2109.95,-6.67112,-599.982,33.5548,110249,-871.53,4.59256,89.9727
0.331072,11624.5,-183.653,1.45075,3.13395,2104.64,-6.65022,-599.982,33.5488,110179,-870.426,4.58398,89.9727
0.331082,11624.5,-183.537,1.44891,3.13397,2099.28,-6.62894,-599.983,33.5428,110109,-869.323,4.57511,89.9728
0.331092,11624.5,-183.42,1.44708,3.13398,2093.98,-6.60811,-599.983,33.5368,110040,-868.221,4.56652,89.9728
0.331102,11624.5,-183.304,1.44524,3.134,2088.66,-6.58712,-599.983,33.5308,109970,-867.119,4.5578,89.9729
0.331112,11624.5,-183.188,1.44341,3.13401,2083.35,-6.56616,-599.983,33.5248,109900,-866.019,4.54907,89.9729
0.331122,11624.5,-183.071,1.44157,3.13403,2078.08,-6.54544,-599.983,33.5188,109830,-864.919,4.54049,89.973
0.331132,11624.5,-182.955,1.43974,3.13404,2072.78,-6.52456,-599.983,33.5128,109760,-863.819,4.53176,89.973
0.331142,11624.5,-182.838,1.43791,3.13405,2067.52,-6.50392,-599.983,33.5068,109691,-862.72,4.52318,89.9731
0.331152,11624.5,-182.722,1.43608,3.13407,2062.25,-6.48311,-599.983,33.5008,109621,-861.622,4.51446,89.9731
0.331162,11624.5,-182.606,1.43425,3.13408,2057,-6.46254,-599.983,33.4948,109551,-860.525,4.50587,89.9732
0.331172,11624.5,-182.489,1.43242,3.1341,2051.77,-6.44201,-599.983,33.4888,109481,-859.428,4.49729,89.9732
0.331182,11624.5,-182.373,1.43059,3.13411,2046.54,-6.42152,-599.983,33.4828,109411,-858.332,4.48871,89.9733
0.331192,11624.5,-182.256,1.42877,3.13413,2041.32,-6.40106,-599.983,33.4768,109342,-857.237,4.48012,89.9733
0.331202,11624.5,-182.14,1.42694,3.13414,2036.11,-6.38064,-599.983,33.4708,109272,-856.143,4.47154,89.9733
0.331212,11624.5,-182.024,1.42512,3.13415,2030.91,-6.36026,-599.983,33.4648,109202,-855.049,4.46296,89.9734
0.331222,11624.5,-181.907,1.4233,3.13417,2025.72,-6.33991,-599.983,33.4588,109132,-853.955,4.45438,89.9734
0.331232,11624.5,-181.791,1.42148,3.13418,2020.53,-6.31959,-599.984,33.4528,109063,-852.863,4.44579,89.9735
0.331242,11624.5,-181.674,1.41966,3.1342,2015.38,-6.29952,-599.984,33.4468,108993,-851.771,4.43735,89.9735
0.331252,11624.5,-181.558,1.41784,3.13421,2010.21,-6.27928,-599.984,33.4408,108923,-850.68,4.42877,89.9736
0.331262,11624.5,-181.442,1.41602,3.13423,2005.07,-6.25928,-599.984,33.4348,108853,-849.59,4.42033,89.9736
0.331272,11624.5,-181.325,1.41421,3.13424,1999.91,-6.23912,-599.984,33.4288,108783,-848.5,4.41175,89.9737
0.331282,11624.5,-181.209,1.41239,3.13425,1994.79,-6.21919,-599.984,33.4228,108714,-847.411,4.40331,89.9737
0.331292,11624.5,-181.092,1.41058,3.13427,1989.68,-6.1993,-599.984,33.4168,108644,-846.323,4.39487,89.9738
0.331302,11624.5,-180.976,1.40876,3.13428,1984.55,-6.17924,-599.984,33.4108,108574,-845.235,4.38629,89.9738
0.331312,11624.5,-180.86,1.40695,3.1343,1979.45,-6.15942,-599.984,33.4048,108504,-844.148,4.37785,89.9738
0.331322,11624.5,-180.743,1.40514,3.13431,1974.36,-6.13963,-599.984,33.3988,108434,-843.062,4.36941,89.9739
0.331332,11624.5,-180.627,1.40333,3.13432,1969.28,-6.11988,-599.984,33.3928,108365,-841.977,4.36097,89.9739
0.331342,11624.5,-180.51,1.40152,3.13434,1964.21,-6.10017,-599.984,33.3868,108295,-840.892,4.35253,89.974
0.331352,11624.5,-180.394,1.39972,3.13435,1959.17,-6.08069,-599.984,33.3808,108225,-839.808,4.34423,89.974
0.331362,11624.5,-180.278,1.39791,3.13437,1954.11,-6.06105,-599.984,33.3748,108155,-838.725,4.33579,89.9741
0.331372,11624.5,-180.161,1.39611,3.13438,1949.06,-6.04144,-599.984,33.3688,108085,-837.642,4.32735,89.9741
0.331382,11624.5,-180.045,1.3943,3.13439,1944.04,-6.02207,-599.984,33.3628,108016,-836.56,4.31905,89.9742
0.331392,11624.5,-179.928,1.3925,3.13441,1939.01,-6.00253,-599.984,33.3568,107946,-835.479,4.31061,89.9742
0.331402,11624.5,-179.812,1.3907,3.13442,1933.98,-5.98303,-599.985,33.3508,107876,-834.398,4.30217,89.9743
0.331412,11624.5,-179.696,1.3889,3.13444,1928.99,-5.96376,-599.985,33.3448,107806,-833.318,4.29388,89.9743
0.331422,11624.5,-179.579,1.3871,3.13445,1924,-5.94453,-599.985,33.3388,107737,-832.239,4.28558,89.9743
0.331432,11624.5,-179.463,1.3853,3.13446,1919.02,-5.92533,-599.985,33.3328,107667,-831.161,4.27728,89.9744
0.331442,11624.5,-179.346,1.38351,3.13448,1914.05,-5.90617,-599.985,33.3268,107597,-830.083,4.26899,89.9744
0.331452,11624.5,-179.23,1.38171,3.13449,1909.09,-5.88704,-599.985,33.3208,107527,-829.006,4.26069,89.9745
0.331462,11624.5,-179.114,1.37992,3.13451,1904.14,-5.86795,-599.985,33.3148,107457,-827.929,4.25239,89.9745
0.331472,11624.5,-178.997,1.37812,3.13452,1899.19,-5.84889,-599.985,33.3088,107388,-826.854,4.2441,89.9746
0.331482,11624.5,-178.881,1.37633,3.13453,1894.25,-5.82987,-599.985,33.3028,107318,-825.779,4.2358,89.9746
0.331492,11624.5,-178.764,1.37454,3.13455,1889.32,-5.81088,-599.985,33.2968,107248,-824.705,4.2275,89.9747
0.331502,11624.5,-178.648,1.37275,3.13456,1884.39,-5.79192,-599.985,33.2908,107178,-823.631,4.21921,89.9747
0.331512,11624.5,-178.532,1.37096,3.13457,1879.48,-5.773,-599.985,33.2848,107108,-822.558,4.21091,89.9748
0.331522,11624.5,-178.415,1.36918,3.13459,1874.59,-5.75432,-599.985,33.2788,107039,-821.486,4.20276,89.9748
0.331532,11624.5,-178.299,1.36739,3.1346,1869.72,-5.73566,-599.985,33.2728,106969,-820.414,4.1946,89.9749
0.331542,11624.5,-178.182,1.36561,3.13462,1864.83,-5.71684,-599.985,33.2668,106899,-819.344,4.18631,89.9749
0.331552,11624.5,-178.066,1.36382,3.13463,1859.97,-5.69826,-599.985,33.2608,106829,-818.273,4.17815,89.9749
0.331562,11624.5,-177.95,1.36204,3.13464,1855.11,-5.6797,-599.986,33.2548,106759,-817.204,4.17,89.975
0.331572,11624.5,-177.833,1.36026,3.13466,1850.24,-5.66099,-599.986,33.2488,106690,-816.135,4.1617,89.975
0.331582,11624.5,-177.717,1.35848,3.13467,1845.41,-5.6425,-599.986,33.2428,106620,-815.067,4.15355,89.975
0.331592,11624.5,-177.6,1.3567,3.13468,1840.58,-5.62405,-599.986,33.2368,106550,-814,4.14539,89.9751
0.331602,11624.5,-177.484,1.35492,3.1347,1835.78,-5.60583,-599.986,33.2308,106480,-812.933,4.13738,89.9751
0.331612,11624.5,-177.368,1.35314,3.13471,1830.94,-5.58725,-599.986,33.2248,106410,-811.868,4.12909,89.9752
0.331622,11624.5,-177.251,1.35137,3.13472,1826.16,-5.56909,-599.986,33.2188,106341,-810.802,4.12108,89.9752
0.331632,11624.5,-177.135,1.34959,3.13474,1821.36,-5.55078,-599.986,33.2128,106271,-809.738,4.11292,89.9752
0.331642,11624.5,-177.018,1.34782,3.13475,1816.57,-5.5325,-599.986,33.2068,106201,-808.674,4.10477,89.9753
0.331652,11624.5,-176.902,1.34605,3.13476,1811.81,-5.51444,-599.986,33.2008,106131,-807.611,4.09676,89.9753
0.331662,11624.5,-176.786,1.34428,3.13478,1807.03,-5.49622,-599.986,33.1948,106061,-806.549,4.0886,89.9753
0.331672,11624.5,-176.669,1.34251,3.13479,1802.29,-5.47823,-599.986,33.1888,105992,-805.487,4.08059,89.9754
0.331682,11624.5,-176.553,1.34074,3.13481,1797.53,-5.46008,-599.986,33.1828,105922,-804.426,4.07244,89.9754
0.331692,11624.5,-176.436,1.33897,3.13482,1792.8,-5.44216,-599.986,33.1768,105852,-803.365,4.06443,89.9755
0.331703,11624.5,-176.32,1.33721,3.13483,1788.08,-5.42427,-599.986,33.1708,105782,-802.306,4.05642,89.9755
0.331713,11624.5,-176.203,1.33544,3.13485,1783.36,-5.40641,-599.986,33.1648,105712,-801.247,4.04841,89.9755
0.331723,11624.5,-176.087,1.33368,3.13486,1778.66,-5.38859,-599.986,33.1588,105643,-800.189,4.0404,89.9756
0.331733,11624.5,-175.971,1.33192,3.13487,1773.96,-5.3708,-599.986,33.1528,105573,-799.131,4.03239,89.9756
0.331743,11624.5,-175.854,1.33015,3.13489,1769.27,-5.35304,-599.987,33.1468,105503,-798.075,4.02438,89.9757
0.331753,11624.5,-175.738,1.32839,3.1349,1764.58,-5.33531,-599.987,33.1408,105433,-797.018,4.01636,89.9757
0.331763,11624.5,-175.621,1.32663,3.13491,1759.91,-5.31762,-599.987,33.1348,105363,-795.963,4.00835,89.9757
0.331773,11624.5,-175.505,1.32488,3.13493,1755.26,-5.30015,-599.987,33.1288,105294,-794.908,4.00049,89.9758
0.331783,11624.5,-175.389,1.32312,3.13494,1750.6,-5.28252,-599.987,33.1228,105224,-793.854,3.99248,89.9758
0.331793,11624.5,-175.272,1.32136,3.13495,1745.97,-5.26512,-599.987,33.1168,105154,-792.801,3.98461,89.9758
0.331803,11624.5,-175.156,1.31961,3.13496,1741.32,-5.24756,-599.987,33.1108,105084,-791.748,3.9766,89.9759
0.331813,11624.5,-175.039,1.31786,3.13498,1736.71,-5.23021,-599.987,33.1048,105014,-790.696,3.96873,89.9759
0.331823,11624.5,-174.923,1.3161,3.13499,1732.1,-5.21291,-599.987,33.0988,104945,-789.645,3.96086,89.976
0.331833,11624.5,-174.807,1.31435,3.135,1727.48,-5.19544,-599.987,33.0928,104875,-788.595,3.95285,89.976
0.331843,11624.5,-174.69,1.3126,3.13502,1722.88,-5.1782,-599.987,33.0868,104805,-787.545,3.94498,89.976
0.331853,11624.5,-174.574,1.31085,3.13503,1718.3,-5.16099,-599.987,33.0808,104735,-786.496,3.93712,89.9761
0.331863,11624.5,-174.457,1.30911,3.13504,1713.72,-5.14381,-599.987,33.0748,104665,-785.447,3.92925,89.9761
0.331873,11624.5,-174.341,1.30736,3.13506,1709.15,-5.12666,-599.987,33.0688,104596,-784.4,3.92138,89.9762
0.331883,11624.5,-174.225,1.30562,3.13507,1704.59,-5.10954,-599.987,33.0628,104526,-783.352,3.91351,89.9762
0.331893,11624.5,-174.108,1.30387,3.13508,1700.03,-5.09246,-599.987,33.0568,104456,-782.306,3.90565,89.9762
0.331903,11624.5,-173.992,1.30213,3.1351,1695.51,-5.07559,-599.987,33.0508,104386,-781.261,3.89792,89.9763
0.331913,11624.5,-173.875,1.30039,3.13511,1690.97,-5.05857,-599.987,33.0448,104316,-780.216,3.89005,89.9763
0.331923,11624.5,-173.759,1.29865,3.13512,1686.43,-5.04158,-599.987,33.0388,104247,-779.171,3.88219,89.9763
0.331933,11624.5,-173.643,1.29691,3.13514,1681.93,-5.02481,-599.987,33.0328,104177,-778.128,3.87446,89.9764
0.331943,11624.5,-173.526,1.29517,3.13515,1677.44,-5.00808,-599.988,33.0268,104107,-777.085,3.86674,89.9764
0.331953,11624.5,-173.41,1.29343,3.13516,1672.92,-4.99118,-599.988,33.0208,104037,-776.043,3.85887,89.9765
0.331963,11624.5,-173.293,1.2917,3.13517,1668.44,-4.97451,-599.988,33.0148,103967,-775.001,3.85114,89.9765
0.331973,11624.5,-173.177,1.28996,3.13519,1663.95,-4.95768,-599.988,33.0088,103898,-773.961,3.84328,89.9765
0.331983,11624.5,-173.061,1.28823,3.1352,1659.48,-4.94106,-599.988,33.0028,103828,-772.921,3.83555,89.9766
0.331993,11624.5,-172.944,1.2865,3.13521,1655.02,-4.92448,-599.988,32.9968,103758,-771.881,3.82783,89.9766
0.332003,11624.5,-172.828,1.28476,3.13523,1650.57,-4.90793,-599.988,32.9908,103688,-770.843,3.8201,89.9766
0.332013,11624.5,-172.711,1.28303,3.13524,1646.13,-4.89141,-599.988,32.9848,103618,-769.805,3.81238,89.9767
0.332023,11624.5,-172.595,1.2813,3.13525,1641.69,-4.87492,-599.988,32.9788,103549,-768.768,3.80465,89.9767
0.332033,11624.5,-172.479,1.27958,3.13526,1637.28,-4.85865,-599.988,32.9728,103479,-767.731,3.79707,89.9768
0.332043,11624.5,-172.362,1.27785,3.13528,1632.86,-4.84222,-599.988,32.9668,103409,-766.695,3.78935,89.9768
0.332053,11624.5,-172.246,1.27613,3.13529,1628.47,-4.82601,-599.988,32.9608,103339,-765.66,3.78177,89.9768
0.332063,11624.5,-172.129,1.2744,3.1353,1624.06,-4.80964,-599.988,32.9548,103269,-764.625,3.77404,89.9769
0.332073,11624.5,-172.013,1.27268,3.13532,1619.66,-4.79331,-599.988,32.9488,103200,-763.592,3.76632,89.9769
0.332083,11624.5,-171.897,1.27096,3.13533,1615.29,-4.77719,-599.988,32.9428,103130,-762.559,3.75873,89.977
0.332093,11624.5,-171.78,1.26924,3.13534,1610.93,-4.7611,-599.988,32.9368,103060,-761.526,3.75115,89.977
0.332103,11624.5,-171.664,1.26752,3.13535,1606.55,-4.74486,-599.988,32.9308,102990,-760.495,3.74343,89.977
0.332113,11624.5,-171.547,1.2658,3.13537,1602.2,-4.72883,-599.988,32.9248,102920,-759.464,3.73585,89.9771
0.332123,11624.5,-171.431,1.26408,3.13538,1597.86,-4.71283,-599.988,32.9188,102851,-758.433,3.72827,89.9771
0.332133,11624.5,-171.315,1.26236,3.13539,1593.53,-4.69686,-599.988,32.9128,102781,-757.404,3.72068,89.9771
0.332143,11624.5,-171.198,1.26065,3.1354,1589.2,-4.68092,-599.989,32.9067,102711,-756.375,3.7131,89.9772
0.332153,11624.5,-171.082,1.25894,3.13542,1584.88,-4.66501,-599.989,32.9007,102641,-755.347,3.70552,89.9772
0.332163,11624.5,-170.965,1.25722,3.13543,1580.57,-4.64913,-599.989,32.8947,102571,-754.319,3.69794,89.9773
0.332173,11624.5,-170.849,1.25551,3.13544,1576.29,-4.63347,-599.989,32.8887,102502,-753.293,3.6905,89.9773
0.332183,11624.5,-170.733,1.2538,3.13545,1571.99,-4.61765,-599.989,32.8827,102432,-752.267,3.68292,89.9773
0.332193,11624.5,-170.616,1.25209,3.13547,1567.7,-4.60186,-599.989,32.8767,102362,-751.241,3.67534,89.9774
0.332203,11624.5,-170.5,1.25038,3.13548,1563.44,-4.58628,-599.989,32.8707,102292,-750.217,3.6679,89.9774
0.332213,11624.5,-170.383,1.24868,3.13549,1559.16,-4.57056,-599.989,32.8647,102222,-749.193,3.66032,89.9774
0.332223,11624.5,-170.267,1.24697,3.1355,1554.91,-4.55504,-599.989,32.8587,102153,-748.169,3.65288,89.9775
0.332233,11624.5,-170.151,1.24527,3.13552,1550.65,-4.53937,-599.989,32.8527,102083,-747.147,3.6453,89.9775
0.332243,11624.5,-170.034,1.24356,3.13553,1546.42,-4.52391,-599.989,32.8467,102013,-746.125,3.63786,89.9776
0.332253,11624.5,-169.918,1.24186,3.13554,1542.19,-4.50848,-599.989,32.8407,101943,-745.104,3.63042,89.9776
0.332263,11624.5,-169.801,1.24016,3.13555,1537.97,-4.49308,-599.989,32.8347,101873,-744.083,3.62298,89.9776
0.332273,11624.5,-169.685,1.23846,3.13557,1533.76,-4.47771,-599.989,32.8287,101804,-743.064,3.61554,89.9777
0.332283,11624.5,-169.569,1.23676,3.13558,1529.55,-4.46237,-599.989,32.8227,101734,-742.044,3.6081,89.9777
0.332293,11624.5,-169.452,1.23507,3.13559,1525.36,-4.44706,-599.989,32.8167,101664,-741.026,3.60067,89.9778
0.332303,11624.5,-169.336,1.23337,3.1356,1521.17,-4.43178,-599.989,32.8107,101594,-740.008,3.59323,89.9778
0.332313,11624.5,-169.219,1.23167,3.13562,1516.98,-4.41653,-599.989,32.8047,101524,-738.992,3.58579,89.9778
0.332323,11624.5,-169.103,1.22998,3.13563,1512.8,-4.4013,-599.989,32.7987,101455,-737.975,3.57835,89.9779
0.332333,11624.5,-168.987,1.22829,3.13564,1508.66,-4.38628,-599.989,32.7927,101385,-736.96,3.57106,89.9779
0.332343,11624.5,-168.87,1.2266,3.13565,1504.5,-4.37112,-599.989,32.7867,101315,-735.945,3.56362,89.9779
0.332353,11624.5,-168.754,1.22491,3.13567,1500.36,-4.35616,-599.989,32.7807,101245,-734.931,3.55632,89.978
0.332363,11624.5,-168.637,1.22322,3.13568,1496.21,-4.34105,-599.99,32.7747,101175,-733.917,3.54888,89.978
0.332373,11624.5,-168.521,1.22153,3.13569,1492.1,-4.32615,-599.99,32.7687,101106,-732.904,3.54159,89.9781
0.332383,11624.5,-168.405,1.21984,3.1357,1487.98,-4.31128,-599.99,32.7627,101036,-731.892,3.53429,89.9781
0.332393,11624.5,-168.288,1.21816,3.13571,1483.88,-4.29643,-599.99,32.7567,100966,-730.881,3.527,89.9781
0.332403,11624.5,-168.172,1.21647,3.13573,1479.78,-4.28161,-599.99,32.7507,100896,-729.87,3.5197,89.9782
0.332413,11624.5,-168.055,1.21479,3.13574,1475.67,-4.26665,-599.99,32.7447,100826,-728.86,3.51226,89.9782
0.332423,11624.5,-167.939,1.21311,3.13575,1471.6,-4.25207,-599.99,32.7387,100756,-727.851,3.50511,89.9782
0.332433,11624.5,-167.822,1.21142,3.13576,1467.5,-4.23716,-599.99,32.7327,100687,-726.842,3.49767,89.9783
0.332444,11624.5,-167.706,1.20974,3.13578,1463.46,-4.22264,-599.99,32.7267,100617,-725.834,3.49052,89.9783
0.332454,11624.5,-167.59,1.20807,3.13579,1459.39,-4.20796,-599.99,32.7207,100547,-724.827,3.48322,89.9784
0.332464,11624.5,-167.473,1.20639,3.1358,1455.33,-4.19332,-599.99,32.7147,100477,-723.821,3.47593,89.9784
0.332474,11624.5,-167.357,1.20471,3.13581,1451.31,-4.17887,-599.99,32.7087,100407,-722.815,3.46878,89.9784
0.332484,11624.5,-167.24,1.20304,3.13582,1447.26,-4.16429,-599.99,32.7027,100338,-721.81,3.46148,89.9785
0.332494,11624.5,-167.124,1.20136,3.13584,1443.23,-4.14973,-599.99,32.6967,100268,-720.806,3.45418,89.9785
0.332504,11624.5,-167.008,1.19969,3.13585,1439.22,-4.13537,-599.99,32.6907,100198,-719.802,3.44703,89.9786
0.332514,11624.5,-166.891,1.19802,3.13586,1435.22,-4.12104,-599.99,32.6847,100128,-718.799,3.43988,89.9786
0.332524,11624.5,-166.775,1.19635,3.13587,1431.23,-4.10673,-599.99,32.6787,100058,-717.797,3.43273,89.9786
0.332534,11624.5,-166.658,1.19468,3.13588,1427.22,-4.09229,-599.99,32.6727,99988.6,-716.795,3.42543,89.9787
0.332544,11624.5,-166.542,1.19301,3.1359,1423.24,-4.07804,-599.99,32.6667,99918.8,-715.794,3.41828,89.9787
0.332554,11624.5,-166.426,1.19134,3.13591,1419.26,-4.06382,-599.99,32.6607,99848.9,-714.794,3.41113,89.9787
0.332564,11624.5,-166.309,1.18968,3.13592,1415.3,-4.04963,-599.99,32.6547,99779.1,-713.794,3.40397,89.9788
0.332574,11624.5,-166.193,1.18801,3.13593,1411.34,-4.03546,-599.99,32.6487,99709.3,-712.796,3.39682,89.9788
0.332584,11624.5,-166.076,1.18635,3.13594,1407.38,-4.02133,-599.99,32.6427,99639.5,-711.797,3.38967,89.9788
0.332594,11624.5,-165.96,1.18469,3.13595,1403.46,-4.00739,-599.99,32.6367,99569.7,-710.8,3.38266,89.9788
0.332604,11624.5,-165.844,1.18302,3.13597,1399.52,-3.99331,-599.99,32.6307,99499.9,-709.803,3.37551,89.9789
0.332614,11624.5,-165.727,1.18136,3.13598,1395.59,-3.97925,-599.991,32.6247,99430.1,-708.807,3.36836,89.9789
0.332624,11624.5,-165.611,1.17971,3.13599,1391.66,-3.96523,-599.991,32.6187,99360.3,-707.812,3.3612,89.9789
0.332634,11624.5,-165.494,1.17805,3.136,1387.76,-3.9514,-599.991,32.6127,99290.4,-706.817,3.35419,89.979
0.332644,11624.5,-165.378,1.17639,3.13601,1383.88,-3.9376,-599.991,32.6067,99220.6,-705.824,3.34718,89.979
0.332654,11624.5,-165.262,1.17474,3.13603,1379.97,-3.92365,-599.991,32.6007,99150.8,-704.83,3.34003,89.979
0.332664,11624.5,-165.145,1.17308,3.13604,1376.09,-3.90991,-599.991,32.5947,99081,-703.838,3.33302,89.9791
0.332674,11624.5,-165.029,1.17143,3.13605,1372.22,-3.89618,-599.991,32.5887,99011.2,-702.846,3.32601,89.9791
0.332684,11624.5,-164.912,1.16978,3.13606,1368.33,-3.88232,-599.991,32.5827,98941.4,-701.855,3.31886,89.9791
0.332694,11624.5,-164.796,1.16813,3.13607,1364.5,-3.86882,-599.991,32.5767,98871.6,-700.865,3.31199,89.9791
0.332704,11624.5,-164.68,1.16648,3.13608,1360.63,-3.85502,-599.991,32.5707,98801.8,-699.875,3.30484,89.9792
0.332714,11624.5,-164.563,1.16483,3.1361,1356.81,-3.84157,-599.991,32.5647,98732,-698.886,3.29798,89.9792
0.332724,11624.5,-164.447,1.16318,3.13611,1352.95,-3.82782,-599.991,32.5587,98662.1,-697.898,3.29082,89.9792
0.332734,11624.5,-164.33,1.16153,3.13612,1349.14,-3.81443,-599.991,32.5527,98592.3,-696.91,3.28396,89.9793
0.332744,11624.5,-164.214,1.15989,3.13613,1345.31,-3.80089,-599.991,32.5467,98522.5,-695.923,3.27695,89.9793
0.332754,11624.5,-164.098,1.15825,3.13614,1341.5,-3.78739,-599.991,32.5407,98452.7,-694.937,3.26994,89.9793
0.332764,11624.5,-163.981,1.1566,3.13615,1337.71,-3.77408,-599.991,32.5347,98382.9,-693.951,3.26307,89.9794
0.332774,11624.5,-163.865,1.15496,3.13617,1333.9,-3.76062,-599.991,32.5287,98313.1,-692.966,3.25606,89.9794
0.332784,11624.5,-163.748,1.15332,3.13618,1330.13,-3.74736,-599.991,32.5227,98243.3,-691.982,3.2492,89.9794
0.332794,11624.5,-163.632,1.15168,3.13619,1326.34,-3.73397,-599.991,32.5167,98173.5,-690.999,3.24219,89.9795
0.332804,11624.5,-163.516,1.15004,3.1362,1322.57,-3.72076,-599.991,32.5107,98103.6,-690.016,3.23532,89.9795
0.332814,11624.5,-163.399,1.14841,3.13621,1318.82,-3.70758,-599.991,32.5047,98033.8,-689.034,3.22845,89.9795
0.332824,11624.5,-163.283,1.14677,3.13622,1315.07,-3.69442,-599.991,32.4987,97964,-688.053,3.22159,89.9795
0.332834,11624.5,-163.166,1.14514,3.13623,1311.3,-3.68113,-599.991,32.4927,97894.2,-687.072,3.21458,89.9796
0.332844,11624.5,-163.05,1.1435,3.13625,1307.57,-3.66803,-599.991,32.4867,97824.4,-686.092,3.20771,89.9796
0.332854,11624.5,-162.934,1.14187,3.13626,1303.84,-3.65495,-599.991,32.4807,97754.6,-685.113,3.20084,89.9796
0.332864,11624.5,-162.817,1.14024,3.13627,1300.11,-3.6419,-599.992,32.4747,97684.8,-684.135,3.19398,89.9797
0.332874,11624.5,-162.701,1.13861,3.13628,1296.42,-3.62904,-599.992,32.4687,97615,-683.157,3.18726,89.9797
0.332884,11624.5,-162.584,1.13698,3.13629,1292.71,-3.61605,-599.992,32.4627,97545.1,-682.18,3.18039,89.9797
0.332894,11624.5,-162.468,1.13535,3.1363,1289,-3.60307,-599.992,32.4567,97475.3,-681.203,3.17352,89.9798
0.332904,11624.5,-162.352,1.13373,3.13631,1285.3,-3.59013,-599.992,32.4507,97405.5,-680.227,3.16666,89.9798
0.332914,11624.5,-162.235,1.1321,3.13633,1281.64,-3.57737,-599.992,32.4447,97335.7,-679.252,3.15993,89.9798
0.332924,11624.5,-162.119,1.13048,3.13634,1277.95,-3.56448,-599.992,32.4387,97265.9,-678.278,3.15307,89.9799
0.332934,11624.5,-162.002,1.12886,3.13635,1274.29,-3.55177,-599.992,32.4327,97196.1,-677.305,3.14634,89.9799
0.332944,11624.5,-161.886,1.12723,3.13636,1270.62,-3.53893,-599.992,32.4267,97126.2,-676.332,3.13948,89.9799
0.332954,11624.5,-161.77,1.12561,3.13637,1266.98,-3.52627,-599.992,32.4207,97056.4,-675.359,3.13275,89.9799
0.332964,11624.5,-161.653,1.12399,3.13638,1263.34,-3.51364,-599.992,32.4147,96986.6,-674.388,3.12603,89.98
0.332974,11624.5,-161.537,1.12238,3.13639,1259.71,-3.50104,-599.992,32.4087,96916.8,-673.417,3.11931,89.98
0.332984,11624.5,-161.42,1.12076,3.1364,1256.09,-3.48846,-599.992,32.4027,96847,-672.447,3.11258,89.98
0.332994,11624.5,-161.304,1.11914,3.13642,1252.44,-3.47574,-599.992,32.3967,96777.2,-671.477,3.10572,89.9801
0.333004,11624.5,-161.188,1.11753,3.13643,1248.86,-3.46338,-599.992,32.3907,96707.4,-670.509,3.09914,89.9801
0.333014,11624.5,-161.071,1.11592,3.13644,1245.25,-3.45087,-599.992,32.3847,96637.5,-669.541,3.09241,89.9801
0.333024,11624.5,-160.955,1.1143,3.13645,1241.65,-3.4384,-599.992,32.3787,96567.7,-668.573,3.08569,89.9802
0.333034,11624.5,-160.838,1.11269,3.13646,1238.06,-3.42594,-599.992,32.3727,96497.9,-667.607,3.07897,89.9802
0.333044,11624.5,-160.722,1.11108,3.13647,1234.47,-3.41352,-599.992,32.3667,96428.1,-666.641,3.07224,89.9802
0.333054,11624.5,-160.606,1.10947,3.13648,1230.91,-3.40127,-599.992,32.3607,96358.3,-665.675,3.06566,89.9802
0.333064,11624.5,-160.489,1.10787,3.13649,1227.34,-3.3889,-599.992,32.3547,96288.5,-664.711,3.05894,89.9803
0.333074,11624.5,-160.373,1.10626,3.13651,1223.79,-3.3767,-599.992,32.3487,96218.6,-663.747,3.05236,89.9803
0.333084,11624.5,-160.256,1.10465,3.13652,1220.23,-3.36438,-599.992,32.3427,96148.8,-662.784,3.04564,89.9803
0.333094,11624.5,-160.14,1.10305,3.13653,1216.7,-3.35223,-599.992,32.3367,96079,-661.822,3.03906,89.9804
0.333104,11624.5,-160.023,1.10145,3.13654,1213.17,-3.34011,-599.992,32.3307,96009.2,-660.86,3.03248,89.9804
0.333114,11624.5,-159.907,1.09985,3.13655,1209.63,-3.32786,-599.992,32.3247,95939.4,-659.899,3.02575,89.9804
0.333124,11624.5,-159.791,1.09824,3.13656,1206.11,-3.31579,-599.992,32.3187,95869.6,-658.938,3.01917,89.9805
0.333134,11624.5,-159.674,1.09664,3.13657,1202.6,-3.30374,-599.992,32.3127,95799.8,-657.979,3.01259,89.9805
0.333144,11624.5,-159.558,1.09505,3.13658,1199.1,-3.29172,-599.992,32.3067,95729.9,-657.02,3.00601,89.9805
0.333154,11624.5,-159.441,1.09345,3.13659,1195.6,-3.27973,-599.992,32.3007,95660.1,-656.062,2.99943,89.9806
0.333164,11624.5,-159.325,1.09185,3.1366,1192.11,-3.26776,-599.993,32.2947,95590.3,-655.104,2.99285,89.9806
0.333174,11624.5,-159.209,1.09026,3.13662,1188.65,-3.25596,-599.993,32.2887,95520.5,-654.147,2.98641,89.9806
0.333185,11624.5,-159.092,1.08867,3.13663,1185.17,-3.24404,-599.993,32.2827,95450.7,-653.191,2.97983,89.9806
0.333195,11624.5,-158.976,1.08707,3.13664,1181.7,-3.23214,-599.993,32.2767,95380.8,-652.235,2.97325,89.9807
0.333205,11624.5,-158.859,1.08548,3.13665,1178.24,-3.22027,-599.993,32.2707,95311,-651.281,2.96667,89.9807
0.333215,11624.5,-158.743,1.08389,3.13666,1174.8,-3.20857,-599.993,32.2647,95241.2,-650.327,2.96024,89.9807
0.333225,11624.5,-158.627,1.0823,3.13667,1171.35,-3.19675,-599.993,32.2587,95171.4,-649.373,2.95366,89.9808
0.333235,11624.5,-158.51,1.08071,3.13668,1167.92,-3.1851,-599.993,32.2527,95101.6,-648.421,2.94722,89.9808
0.333245,11624.5,-158.394,1.07913,3.13669,1164.48,-3.17332,-599.993,32.2467,95031.8,-647.469,2.94064,89.9808
0.333255,11624.5,-158.277,1.07754,3.1367,1161.07,-3.16172,-599.993,32.2407,94961.9,-646.517,2.9342,89.9809
0.333265,11624.5,-158.161,1.07596,3.13671,1157.66,-3.15015,-599.993,32.2347,94892.1,-645.567,2.92776,89.9809
0.333275,11624.5,-158.045,1.07437,3.13672,1154.26,-3.1386,-599.993,32.2287,94822.3,-644.617,2.92133,89.9809
0.333285,11624.5,-157.928,1.07279,3.13673,1150.87,-3.12707,-599.993,32.2227,94752.5,-643.668,2.91489,89.9809
0.333295,11624.5,-157.812,1.07121,3.13675,1147.48,-3.11557,-599.993,32.2167,94682.7,-642.719,2.90845,89.981
0.333305,11624.5,-157.695,1.06963,3.13676,1144.09,-3.10409,-599.993,32.2107,94612.8,-641.772,2.90201,89.981
0.333315,11624.5,-157.579,1.06805,3.13677,1140.72,-3.09263,-599.993,32.2047,94543,-640.825,2.89558,89.981
0.333325,11624.5,-157.463,1.06648,3.13678,1137.35,-3.0812,-599.993,32.1987,94473.2,-639.878,2.88914,89.9811
0.333335,11624.5,-157.346,1.0649,3.13679,1133.98,-3.06979,-599.993,32.1927,94403.4,-638.933,2.8827,89.9811
0.333345,11624.5,-157.23,1.06332,3.1368,1130.62,-3.05841,-599.993,32.1867,94333.6,-637.988,2.87627,89.9811
0.333355,11624.5,-157.113,1.06175,3.13681,1127.29,-3.0472,-599.993,32.1807,94263.8,-637.043,2.86997,89.9812
0.333365,11624.5,-156.997,1.06018,3.13682,1123.97,-3.03601,-599.993,32.1747,94193.9,-636.1,2.86368,89.9812
0.333375,11624.5,-156.881,1.05861,3.13683,1120.63,-3.02469,-599.993,32.1687,94124.1,-635.157,2.85724,89.9812
0.333385,11624.5,-156.764,1.05704,3.13684,1117.29,-3.0134,-599.993,32.1627,94054.3,-634.215,2.8508,89.9813
0.333395,11624.5,-156.648,1.05547,3.13685,1113.99,-3.00229,-599.993,32.1567,93984.5,-633.273,2.84451,89.9813
0.333405,11624.5,-156.531,1.0539,3.13686,1110.68,-2.99119,-599.993,32.1507,93914.6,-632.333,2.83821,89.9813
0.333415,11624.5,-156.415,1.05233,3.13687,1107.39,-2.98012,-599.993,32.1447,93844.8,-631.392,2.83192,89.9813
0.333425,11624.5,-156.299,1.05077,3.13688,1104.1,-2.96907,-599.993,32.1387,93775,-630.453,2.82563,89.9814
0.333435,11624.5,-156.182,1.0492,3.13689,1100.8,-2.9579,-599.993,32.1327,93705.2,-629.514,2.81919,89.9814
0.333445,11624.5,-156.066,1.04764,3.1369,1097.52,-2.9469,-599.993,32.1267,93635.4,-628.576,2.81289,89.9814
0.333455,11624.5,-155.949,1.04608,3.13691,1094.25,-2.93592,-599.993,32.1207,93565.5,-627.639,2.8066,89.9815
0.333465,11624.5,-155.833,1.04452,3.13693,1091,-2.92511,-599.993,32.1147,93495.7,-626.703,2.80045,89.9815
0.333475,11624.5,-155.717,1.04296,3.13694,1087.74,-2.91418,-599.993,32.1087,93425.9,-625.767,2.79416,89.9815
0.333485,11624.5,-155.6,1.0414,3.13695,1084.49,-2.90327,-599.994,32.1027,93356.1,-624.832,2.78786,89.9816
0.333495,11624.5,-155.484,1.03984,3.13696,1081.24,-2.89238,-599.994,32.0967,93286.3,-623.897,2.78157,89.9816
0.333505,11624.5,-155.367,1.03828,3.13697,1078,-2.88152,-599.994,32.0907,93216.4,-622.963,2.77527,89.9816
0.333515,11624.5,-155.251,1.03673,3.13698,1074.79,-2.87083,-599.994,32.0847,93146.6,-622.03,2.76912,89.9817
0.333525,11624.5,-155.135,1.03517,3.13699,1071.58,-2.86016,-599.994,32.0787,93076.8,-621.098,2.76297,89.9817
0.333535,11624.5,-155.018,1.03362,3.137,1068.35,-2.84936,-599.994,32.0727,93007,-620.166,2.75668,89.9817
0.333545,11624.5,-154.902,1.03207,3.13701,1065.13,-2.83859,-599.994,32.0667,92937.2,-619.235,2.75038,89.9817
0.333555,11624.5,-154.785,1.03052,3.13702,1061.94,-2.82798,-599.994,32.0607,92867.3,-618.305,2.74423,89.9818
0.333565,11624.5,-154.669,1.02897,3.13703,1058.76,-2.8174,-599.994,32.0547,92797.5,-617.375,2.73808,89.9818
0.333575,11624.5,-154.553,1.02742,3.13704,1055.58,-2.80684,-599.994,32.0487,92727.7,-616.446,2.73193,89.9818
0.333585,11624.5,-154.436,1.02587,3.13705,1052.4,-2.7963,-599.994,32.0427,92657.9,-615.518,2.72578,89.9819
0.333595,11624.5,-154.32,1.02433,3.13706,1049.23,-2.78579,-599.994,32.0367,92588.1,-614.591,2.71963,89.9819
0.333605,11624.5,-154.203,1.02278,3.13707,1046.07,-2.7753,-599.994,32.0307,92518.2,-613.664,2.71348,89.9819
0.333615,11624.5,-154.087,1.02124,3.13708,1042.92,-2.76483,-599.994,32.0247,92448.4,-612.738,2.70732,89.982
0.333625,11624.5,-153.971,1.0197,3.13709,1039.76,-2.75438,-599.994,32.0187,92378.6,-611.812,2.70117,89.982
0.333635,11624.5,-153.854,1.01816,3.1371,1036.62,-2.74395,-599.994,32.0127,92308.8,-610.888,2.69502,89.982
0.333645,11624.5,-153.738,1.01662,3.13711,1033.48,-2.73355,-599.994,32.0067,92238.9,-609.964,2.68887,89.982
0.333655,11624.5,-153.621,1.01508,3.13712,1030.37,-2.72331,-599.994,32.0007,92169.1,-609.04,2.68286,89.9821
0.333665,11624.5,-153.505,1.01354,3.13713,1027.24,-2.71295,-599.994,31.9947,92099.3,-608.118,2.67671,89.9821
0.333675,11624.5,-153.389,1.012,3.13714,1024.12,-2.70262,-599.994,31.9887,92029.5,-607.196,2.67056,89.9821
0.333685,11624.5,-153.272,1.01047,3.13715,1021.02,-2.69244,-599.994,31.9827,91959.7,-606.275,2.66455,89.9822
0.333695,11624.5,-153.156,1.00893,3.13716,1017.93,-2.68229,-599.994,31.9767,91889.8,-605.354,2.65854,89.9822
0.333705,11624.5,-153.039,1.0074,3.13717,1014.83,-2.67202,-599.994,31.9707,91820,-604.434,2.65239,89.9822
0.333715,11624.5,-152.923,1.00587,3.13718,1011.75,-2.66192,-599.994,31.9647,91750.2,-603.515,2.64639,89.9822
0.333725,11624.5,-152.807,1.00434,3.13719,1008.68,-2.65183,-599.994,31.9587,91680.4,-602.597,2.64038,89.9823
0.333735,11624.5,-152.69,1.00281,3.1372,1005.61,-2.64177,-599.994,31.9527,91610.5,-601.679,2.63437,89.9823
0.333745,11624.5,-152.574,1.00128,3.13721,1002.53,-2.63158,-599.994,31.9467,91540.7,-600.762,2.62822,89.9823
0.333755,11624.5,-152.457,0.999753,3.13722,999.473,-2.62156,-599.994,31.9407,91470.9,-599.846,2.62221,89.9823
0.333765,11624.5,-152.341,0.998227,3.13723,996.423,-2.61156,-599.994,31.9347,91401.1,-598.93,2.6162,89.9823
0.333775,11624.5,-152.225,0.996702,3.13724,993.4,-2.60173,-599.994,31.9287,91331.2,-598.015,2.61034,89.9824
0.333785,11624.5,-152.108,0.995178,3.13725,990.362,-2.59177,-599.994,31.9227,91261.4,-597.101,2.60433,89.9824
0.333795,11624.5,-151.992,0.993656,3.13726,987.328,-2.58184,-599.994,31.9167,91191.6,-596.188,2.59832,89.9824
0.333805,11624.5,-151.875,0.992134,3.13727,984.323,-2.57206,-599.994,31.9107,91121.8,-595.275,2.59246,89.9824
0.333815,11624.5,-151.759,0.990614,3.13728,981.301,-2.56217,-599.994,31.9047,91052,-594.363,2.58645,89.9825
0.333825,11624.5,-151.643,0.989095,3.13729,978.284,-2.5523,-599.994,31.8987,90982.1,-593.451,2.58044,89.9825
0.333835,11624.5,-151.526,0.987577,3.1373,975.295,-2.54259,-599.995,31.8927,90912.3,-592.541,2.57457,89.9825
0.333845,11624.5,-151.41,0.98606,3.13731,972.289,-2.53276,-599.995,31.8867,90842.5,-591.631,2.56857,89.9825
0.333855,11624.5,-151.293,0.984545,3.13732,969.311,-2.52309,-599.995,31.8807,90772.7,-590.721,2.5627,89.9826
0.333865,11624.5,-151.177,0.98303,3.13733,966.317,-2.51331,-599.995,31.8747,90702.8,-589.813,2.55669,89.9826
0.333875,11624.5,-151.06,0.981517,3.13734,963.349,-2.50368,-599.995,31.8687,90633,-588.905,2.55083,89.9826
0.333885,11624.5,-150.944,0.980005,3.13735,960.388,-2.49408,-599.995,31.8627,90563.2,-587.998,2.54496,89.9826
0.333895,11624.5,-150.828,0.978494,3.13736,957.431,-2.48449,-599.995,31.8567,90493.4,-587.091,2.5391,89.9826
0.333905,11624.5,-150.711,0.976984,3.13737,954.481,-2.47493,-599.995,31.8507,90423.5,-586.185,2.53323,89.9827
0.333916,11624.5,-150.595,0.975476,3.13738,951.535,-2.46539,-599.995,31.8447,90353.7,-585.28,2.52737,89.9827
0.333926,11624.5,-150.478,0.973968,3.13739,948.595,-2.45586,-599.995,31.8387,90283.9,-584.376,2.5215,89.9827
0.333936,11624.5,-150.362,0.972462,3.1374,945.661,-2.44636,-599.995,31.8327,90214.1,-583.472,2.51564,89.9827
0.333946,11624.5,-150.246,0.970957,3.13741,942.732,-2.43688,-599.995,31.8267,90144.2,-582.569,2.50977,89.9828
0.333956,11624.5,-150.129,0.969453,3.13742,939.83,-2.42756,-599.995,31.8207,90074.4,-581.667,2.50405,89.9828
0.333966,11624.5,-150.013,0.96795,3.13743,936.912,-2.41812,-599.995,31.8147,90004.6,-580.765,2.49819,89.9828
0.333976,11624.5,-149.896,0.966449,3.13744,933.999,-2.4087,-599.995,31.8087,89934.8,-579.864,2.49232,89.9828
0.333986,11624.5,-149.78,0.964948,3.13745,931.113,-2.39944,-599.995,31.8027,89865,-578.964,2.4866,89.9828
0.333996,11624.5,-149.664,0.963449,3.13746,928.211,-2.39006,-599.995,31.7967,89795.1,-578.064,2.48073,89.9829
0.334006,11624.5,-149.547,0.961951,3.13747,925.336,-2.38084,-599.995,31.7907,89725.3,-577.166,2.47501,89.9829
0.334016,11624.5,-149.431,0.960454,3.13748,922.445,-2.3715,-599.995,31.7847,89655.5,-576.268,2.46915,89.9829
0.334026,11624.5,-149.314,0.958958,3.13749,919.581,-2.36232,-599.995,31.7787,89585.6,-575.37,2.46342,89.9829
0.334036,11624.5,-149.198,0.957464,3.1375,916.722,-2.35316,-599.995,31.7727,89515.8,-574.473,2.4577,89.983
0.334046,11624.5,-149.082,0.95597,3.13751,913.868,-2.34402,-599.995,31.7667,89446,-573.577,2.45198,89.983
0.334056,11624.5,-148.965,0.954478,3.13752,911.02,-2.3349,-599.995,31.7607,89376.2,-572.682,2.44626,89.983
0.334066,11624.5,-148.849,0.952987,3.13753,908.177,-2.3258,-599.995,31.7547,89306.3,-571.787,2.44054,89.983
0.334076,11624.5,-148.732,0.951497,3.13753,905.339,-2.31672,-599.995,31.7486,89236.5,-570.893,2.43481,89.9831
0.334086,11624.5,-148.616,0.950008,3.13754,902.507,-2.30766,-599.995,31.7426,89166.7,-570,2.42909,89.9831
0.334096,11624.5,-148.5,0.948521,3.13755,899.68,-2.29862,-599.995,31.7366,89096.9,-569.108,2.42337,89.9831
0.334106,11624.5,-148.383,0.947034,3.13756,896.858,-2.2896,-599.995,31.7306,89027,-568.216,2.41765,89.9831
0.334116,11624.5,-148.267,0.945549,3.13757,894.042,-2.28059,-599.995,31.7246,88957.2,-567.325,2.41193,89.9831
0.334126,11624.5,-148.15,0.944065,3.13758,891.231,-2.27161,-599.995,31.7186,88887.4,-566.434,2.4062,89.9832
0.334136,11624.5,-148.034,0.942582,3.13759,888.446,-2.26279,-599.995,31.7126,88817.6,-565.545,2.40063,89.9832
0.334146,11624.5,-147.918,0.9411,3.1376,885.646,-2.25384,-599.995,31.7066,88747.7,-564.656,2.3949,89.9832
0.334156,11624.5,-147.801,0.93962,3.13761,882.872,-2.24506,-599.995,31.7006,88677.9,-563.767,2.38932,89.9832
0.334166,11624.5,-147.685,0.93814,3.13762,880.082,-2.23615,-599.995,31.6946,88608.1,-562.88,2.3836,89.9833
0.334176,11624.5,-147.568,0.936662,3.13763,877.318,-2.2274,-599.995,31.6886,88538.3,-561.993,2.37802,89.9833
0.334186,11624.5,-147.452,0.935185,3.13764,874.56,-2.21867,-599.995,31.6826,88468.4,-561.106,2.37244,89.9833
0.334196,11624.5,-147.336,0.933709,3.13765,871.786,-2.20983,-599.995,31.6766,88398.6,-560.221,2.36672,89.9833
0.334206,11624.5,-147.219,0.932234,3.13766,869.038,-2.20114,-599.995,31.6706,88328.8,-559.336,2.36114,89.9834
0.334216,11624.5,-147.103,0.93076,3.13767,866.295,-2.19247,-599.995,31.6646,88259,-558.452,2.35556,89.9834
0.334226,11624.5,-146.986,0.929288,3.13768,863.558,-2.18381,-599.995,31.6586,88189.1,-557.568,2.34999,89.9834
0.334236,11624.5,-146.87,0.927817,3.13769,860.825,-2.17518,-599.995,31.6526,88119.3,-556.686,2.34441,89.9834
0.334246,11624.5,-146.754,0.926347,3.13769,858.098,-2.16657,-599.995,31.6466,88049.5,-555.804,2.33883,89.9834
0.334256,11624.5,-146.637,0.924878,3.1377,855.376,-2.15797,-599.995,31.6406,87979.7,-554.922,2.33325,89.9835
0.334266,11624.5,-146.521,0.92341,3.13771,852.681,-2.14953,-599.995,31.6346,87909.8,-554.042,2.32781,89.9835
0.334276,11624.5,-146.404,0.921943,3.13772,849.969,-2.14097,-599.995,31.6286,87840,-553.162,2.32223,89.9835
0.334286,11624.5,-146.288,0.920478,3.13773,847.263,-2.13243,-599.996,31.6226,87770.2,-552.283,2.31666,89.9835
0.334296,11624.5,-146.172,0.919014,3.13774,844.561,-2.12391,-599.996,31.6166,87700.3,-551.404,2.31108,89.9836
0.334306,11624.5,-146.055,0.91755,3.13775,841.886,-2.11554,-599.996,31.6106,87630.5,-550.526,2.30564,89.9836
0.334316,11624.5,-145.939,0.916088,3.13776,839.195,-2.10706,-599.996,31.6046,87560.7,-549.649,2.30006,89.9836
0.334326,11624.5,-145.822,0.914628,3.13777,836.53,-2.09873,-599.996,31.5986,87490.9,-548.773,2.29463,89.9836
0.334336,11624.5,-145.706,0.913168,3.13778,833.87,-2.09041,-599.996,31.5926,87421,-547.897,2.28919,89.9837
0.334346,11624.5,-145.59,0.91171,3.13779,831.195,-2.08199,-599.996,31.5866,87351.2,-547.022,2.28361,89.9837
0.334356,11624.5,-145.473,0.910252,3.1378,828.545,-2.07371,-599.996,31.5806,87281.4,-546.147,2.27817,89.9837
0.334366,11624.5,-145.357,0.908796,3.1378,825.901,-2.06546,-599.996,31.5746,87211.6,-545.274,2.27274,89.9837
0.334376,11624.5,-145.24,0.907341,3.13781,823.24,-2.05709,-599.996,31.5686,87141.7,-544.401,2.26716,89.9837
0.334386,11624.5,-145.124,0.905887,3.13782,820.606,-2.04887,-599.996,31.5626,87071.9,-543.529,2.26172,89.9838
0.334396,11624.5,-145.008,0.904435,3.13783,817.977,-2.04067,-599.996,31.5566,87002.1,-542.657,2.25629,89.9838
0.334406,11624.5,-144.891,0.902983,3.13784,815.352,-2.03248,-599.996,31.5506,86932.2,-541.786,2.25085,89.9838
0.334416,11624.5,-144.775,0.901533,3.13785,812.733,-2.02432,-599.996,31.5446,86862.4,-540.916,2.24542,89.9838
0.334426,11624.5,-144.658,0.900084,3.13786,810.14,-2.0163,-599.996,31.5386,86792.6,-540.047,2.24012,89.9839
0.334436,11624.5,-144.542,0.898636,3.13787,807.531,-2.00817,-599.996,31.5326,86722.8,-539.178,2.23469,89.9839
0.334446,11624.5,-144.426,0.897189,3.13788,804.927,-2.00006,-599.996,31.5266,86652.9,-538.31,2.22925,89.9839
0.334456,11624.5,-144.309,0.895743,3.13789,802.348,-1.9921,-599.996,31.5206,86583.1,-537.442,2.22396,89.9839
0.334466,11624.5,-144.193,0.894299,3.1379,799.754,-1.98402,-599.996,31.5146,86513.3,-536.576,2.21852,89.9839
0.334476,11624.5,-144.076,0.892856,3.1379,797.165,-1.97597,-599.996,31.5086,86443.4,-535.71,2.21309,89.984
0.334486,11624.5,-143.96,0.891414,3.13791,794.601,-1.96806,-599.996,31.5026,86373.6,-534.844,2.20779,89.984
0.334496,11624.5,-143.844,0.889973,3.13792,792.043,-1.96017,-599.996,31.4966,86303.8,-533.98,2.2025,89.984
0.334506,11624.5,-143.727,0.888533,3.13793,789.469,-1.95216,-599.996,31.4906,86234,-533.116,2.19707,89.984
0.334516,11624.5,-143.611,0.887094,3.13794,786.921,-1.94431,-599.996,31.4846,86164.1,-532.253,2.19177,89.9841
0.334526,11624.5,-143.494,0.885657,3.13795,784.377,-1.93647,-599.996,31.4786,86094.3,-531.391,2.18648,89.9841
0.334536,11624.5,-143.378,0.88422,3.13796,781.818,-1.92852,-599.996,31.4726,86024.5,-530.529,2.18104,89.9841
0.334546,11624.5,-143.262,0.882785,3.13797,779.305,-1.92085,-599.996,31.4666,85954.6,-529.668,2.17589,89.9841
0.334556,11624.5,-143.145,0.881351,3.13798,776.755,-1.91294,-599.996,31.4606,85884.8,-528.807,2.17046,89.9842
0.334566,11624.5,-143.029,0.879918,3.13798,774.252,-1.90529,-599.996,31.4546,85815,-527.948,2.16531,89.9842
0.334576,11624.5,-142.912,0.878487,3.13799,771.713,-1.89742,-599.996,31.4486,85745.2,-527.089,2.15987,89.9842
0.334586,11624.5,-142.796,0.877056,3.138,769.219,-1.88981,-599.996,31.4426,85675.3,-526.23,2.15472,89.9842
0.334596,11624.5,-142.679,0.875627,3.13801,766.71,-1.8821,-599.996,31.4366,85605.5,-525.373,2.14943,89.9842
0.334606,11624.5,-142.563,0.874199,3.13802,764.206,-1.8744,-599.996,31.4306,85535.7,-524.516,2.14414,89.9843
0.334616,11624.5,-142.447,0.872772,3.13803,761.727,-1.86685,-599.996,31.4246,85465.8,-523.66,2.13899,89.9843
0.334626,11624.5,-142.33,0.871346,3.13804,759.233,-1.85919,-599.996,31.4186,85396,-522.804,2.13369,89.9843
0.334636,11624.5,-142.214,0.869921,3.13805,756.743,-1.85154,-599.996,31.4126,85326.2,-521.95,2.1284,89.9843
0.334646,11624.5,-142.097,0.868498,3.13805,754.279,-1.84404,-599.996,31.4066,85256.3,-521.095,2.12325,89.9844
0.334657,11624.5,-141.981,0.867076,3.13806,751.799,-1.83643,-599.996,31.4006,85186.5,-520.242,2.11796,89.9844
0.334667,11624.5,-141.865,0.865654,3.13807,749.345,-1.82896,-599.996,31.3946,85116.7,-519.389,2.11281,89.9844
0.334677,11624.5,-141.748,0.864235,3.13808,746.875,-1.82139,-599.996,31.3886,85046.9,-518.538,2.10752,89.9844
0.334687,11624.5,-141.632,0.862816,3.13809,744.43,-1.81395,-599.996,31.3826,84977,-517.686,2.10237,89.9845
0.334697,11624.5,-141.515,0.861398,3.1381,741.99,-1.80654,-599.996,31.3766,84907.2,-516.836,2.09722,89.9845
0.334707,11624.5,-141.399,0.859981,3.13811,739.554,-1.79914,-599.996,31.3706,84837.4,-515.986,2.09207,89.9845
0.334717,11624.5,-141.283,0.858566,3.13811,737.124,-1.79176,-599.996,31.3646,84767.5,-515.137,2.08692,89.9845
0.334727,11624.5,-141.166,0.857152,3.13812,734.698,-1.78439,-599.996,31.3586,84697.7,-514.288,2.08177,89.9845
0.334737,11624.5,-141.05,0.855739,3.13813,732.277,-1.77704,-599.996,31.3526,84627.9,-513.44,2.07662,89.9846
0.334747,11624.5,-140.933,0.854327,3.13814,729.861,-1.76971,-599.996,31.3466,84558,-512.593,2.07147,89.9846
0.334757,11624.5,-140.817,0.852916,3.13815,727.45,-1.7624,-599.996,31.3406,84488.2,-511.747,2.06632,89.9846
0.334767,11624.5,-140.701,0.851507,3.13816,725.043,-1.7551,-599.996,31.3346,84418.4,-510.901,2.06117,89.9846
0.334777,11624.5,-140.584,0.850099,3.13817,722.642,-1.74782,-599.996,31.3286,84348.6,-510.056,2.05602,89.9847
0.334787,11624.5,-140.468,0.848691,3.13817,720.265,-1.74068,-599.997,31.3226,84278.7,-509.212,2.05101,89.9847
0.334797,11624.5,-140.351,0.847286,3.13818,717.873,-1.73343,-599.997,31.3166,84208.9,-508.368,2.04586,89.9847
0.334807,11624.5,-140.235,0.845881,3.13819,715.505,-1.72632,-599.997,31.3106,84139.1,-507.525,2.04085,89.9847
0.334817,11624.5,-140.119,0.844477,3.1382,713.122,-1.71911,-599.997,31.3046,84069.2,-506.683,2.0357,89.9847
0.334827,11624.5,-140.002,0.843075,3.13821,710.765,-1.71203,-599.997,31.2986,83999.4,-505.842,2.0307,89.9848
0.334837,11624.5,-139.886,0.841673,3.13822,708.391,-1.70485,-599.997,31.2926,83929.6,-505.001,2.02555,89.9848
0.334847,11624.5,-139.769,0.840273,3.13823,706.043,-1.69781,-599.997,31.2866,83859.8,-504.161,2.02054,89.9848
0.334857,11624.5,-139.653,0.838874,3.13823,703.699,-1.69078,-599.997,31.2806,83789.9,-503.321,2.01553,89.9848
0.334867,11624.5,-139.537,0.837476,3.13824,701.36,-1.68377,-599.997,31.2746,83720.1,-502.483,2.01053,89.9849
0.334877,11624.5,-139.42,0.836079,3.13825,699.005,-1.67666,-599.997,31.2686,83650.3,-501.645,2.00538,89.9849
0.334887,11624.5,-139.304,0.834684,3.13826,696.675,-1.66968,-599.997,31.2626,83580.4,-500.808,2.00037,89.9849
0.334897,11624.5,-139.187,0.83329,3.13827,694.35,-1.66272,-599.997,31.2566,83510.6,-499.971,1.99536,89.9849
0.334907,11624.5,-139.071,0.831896,3.13828,692.03,-1.65577,-599.997,31.2506,83440.8,-499.135,1.99036,89.985
0.334917,11624.5,-138.955,0.830504,3.13828,689.714,-1.64884,-599.997,31.2446,83370.9,-498.3,1.98535,89.985
0.334927,11624.5,-138.838,0.829113,3.13829,687.422,-1.64205,-599.997,31.2386,83301.1,-497.465,1.98049,89.985
0.334937,11624.5,-138.722,0.827724,3.1383,685.116,-1.63515,-599.997,31.2326,83231.3,-496.632,1.97548,89.985
0.334947,11624.5,-138.605,0.826335,3.13831,682.814,-1.62827,-599.997,31.2266,83161.4,-495.799,1.97047,89.985
0.334957,11624.5,-138.489,0.824948,3.13832,680.517,-1.62141,-599.997,31.2206,83091.6,-494.966,1.96547,89.9851
0.334967,11624.5,-138.373,0.823562,3.13832,678.244,-1.61468,-599.997,31.2146,83021.8,-494.134,1.9606,89.9851
0.334977,11624.5,-138.256,0.822177,3.13833,675.956,-1.60785,-599.997,31.2086,82951.9,-493.303,1.9556,89.9851
0.334987,11624.5,-138.14,0.820793,3.13834,673.692,-1.60115,-599.997,31.2026,82882.1,-492.473,1.95073,89.9851
0.334997,11624.5,-138.023,0.81941,3.13835,671.413,-1.59435,-599.997,31.1966,82812.3,-491.644,1.94573,89.9852
0.335007,11624.5,-137.907,0.818029,3.13836,669.159,-1.58768,-599.997,31.1906,82742.5,-490.815,1.94086,89.9852
0.335017,11624.5,-137.791,0.816648,3.13837,666.889,-1.58091,-599.997,31.1846,82672.6,-489.986,1.93586,89.9852
0.335027,11624.5,-137.674,0.815269,3.13837,664.644,-1.57428,-599.997,31.1786,82602.8,-489.159,1.93099,89.9852
0.335037,11624.5,-137.558,0.813891,3.13838,662.403,-1.56766,-599.997,31.1726,82533,-488.332,1.92613,89.9853
0.335047,11624.5,-137.441,0.812514,3.13839,660.167,-1.56105,-599.997,31.1666,82463.1,-487.506,1.92126,89.9853
0.335057,11624.5,-137.325,0.811139,3.1384,657.935,-1.55447,-599.997,31.1606,82393.3,-486.681,1.9164,89.9853
0.335067,11624.5,-137.209,0.809764,3.13841,655.708,-1.54789,-599.997,31.1546,82323.5,-485.856,1.91154,89.9853
0.335077,11624.5,-137.092,0.808391,3.13841,653.485,-1.54134,-599.997,31.1486,82253.6,-485.032,1.90667,89.9853
0.335087,11624.5,-136.976,0.807018,3.13842,651.267,-1.5348,-599.997,31.1426,82183.8,-484.209,1.90181,89.9854
0.335097,11624.5,-136.859,0.805647,3.13843,649.053,-1.52827,-599.997,31.1366,82114,-483.386,1.89695,89.9854
0.335107,11624.5,-136.743,0.804278,3.13844,646.844,-1.52176,-599.997,31.1306,82044.1,-482.564,1.89208,89.9854
0.335117,11624.5,-136.627,0.802909,3.13845,644.64,-1.51526,-599.997,31.1246,81974.3,-481.743,1.88722,89.9854
0.335127,11624.5,-136.51,0.801541,3.13846,642.459,-1.5089,-599.997,31.1186,81904.5,-480.922,1.8825,89.9854
0.335137,11624.5,-136.394,0.800175,3.13846,640.264,-1.50244,-599.997,31.1126,81834.6,-480.103,1.87763,89.9854
0.335147,11624.5,-136.277,0.79881,3.13847,638.092,-1.4961,-599.997,31.1066,81764.8,-479.284,1.87291,89.9855
0.335157,11624.5,-136.161,0.797446,3.13848,635.905,-1.48967,-599.997,31.1006,81695,-478.465,1.86805,89.9855
0.335167,11624.5,-136.045,0.796083,3.13849,633.723,-1.48325,-599.997,31.0946,81625.1,-477.647,1.86319,89.9855
0.335177,11624.5,-135.928,0.794721,3.1385,631.565,-1.47696,-599.997,31.0886,81555.3,-476.83,1.85847,89.9855
0.335187,11624.5,-135.812,0.793361,3.1385,629.411,-1.47069,-599.997,31.0826,81485.5,-476.014,1.85374,89.9855
0.335197,11624.5,-135.695,0.792001,3.13851,627.242,-1.46432,-599.997,31.0766,81415.6,-475.198,1.84888,89.9855
0.335207,11624.5,-135.579,0.790643,3.13852,625.097,-1.45807,-599.997,31.0706,81345.8,-474.384,1.84416,89.9855
0.335217,11624.5,-135.463,0.789286,3.13853,622.957,-1.45184,-599.997,31.0646,81276,-473.569,1.83944,89.9856
0.335227,11624.5,-135.346,0.78793,3.13853,620.821,-1.44563,-599.997,31.0586,81206.1,-472.756,1.83472,89.9856
0.335237,11624.5,-135.23,0.786575,3.13854,618.689,-1.43943,-599.997,31.0526,81136.3,-471.943,1.83,89.9856
0.335247,11624.5,-135.113,0.785222,3.13855,616.561,-1.43325,-599.997,31.0466,81066.5,-471.131,1.82528,89.9856
0.335257,11624.5,-134.997,0.783869,3.13856,614.438,-1.42708,-599.997,31.0406,80996.7,-470.319,1.82056,89.9856
0.335267,11624.5,-134.881,0.782518,3.13857,612.32,-1.42092,-599.997,31.0346,80926.8,-469.509,1.81584,89.9856
0.335277,11624.5,-134.764,0.781168,3.13857,610.206,-1.41479,-599.997,31.0286,80857,-468.699,1.81112,89.9856
0.335287,11624.5,-134.648,0.779819,3.13858,608.115,-1.40877,-599.997,31.0226,80787.1,-467.889,1.80654,89.9857
0.335297,11624.5,-134.531,0.778471,3.13859,606.01,-1.40266,-599.997,31.0166,80717.3,-467.081,1.80182,89.9857
0.335307,11624.5,-134.415,0.777125,3.1386,603.909,-1.39657,-599.997,31.0106,80647.5,-466.273,1.7971,89.9857
0.335317,11624.5,-134.298,0.77578,3.13861,601.831,-1.3906,-599.997,31.0046,80577.7,-465.466,1.79252,89.9857
0.335327,11624.5,-134.182,0.774435,3.13861,599.739,-1.38453,-599.997,30.9986,80507.8,-464.659,1.7878,89.9857
0.335337,11624.5,-134.066,0.773092,3.13862,597.651,-1.37848,-599.997,30.9926,80438,-463.853,1.78308,89.9857
0.335347,11624.5,-133.949,0.77175,3.13863,595.586,-1.37256,-599.997,30.9866,80368.2,-463.048,1.7785,89.9858
0.335357,11624.5,-133.833,0.77041,3.13864,593.526,-1.36665,-599.997,30.9806,80298.3,-462.244,1.77392,89.9858
0.335367,11624.5,-133.716,0.76907,3.13864,591.451,-1.36064,-599.997,30.9746,80228.5,-461.44,1.7692,89.9858
0.335377,11624.5,-133.6,0.767732,3.13865,589.399,-1.35476,-599.997,30.9686,80158.6,-460.637,1.76462,89.9858
0.335387,11624.5,-133.484,0.766394,3.13866,587.352,-1.34889,-599.997,30.9626,80088.8,-459.835,1.76005,89.9858
0.335398,11624.5,-133.367,0.765058,3.13867,585.29,-1.34293,-599.997,30.9566,80019,-459.033,1.75533,89.9858
0.335408,11624.5,-133.251,0.763723,3.13867,583.251,-1.33709,-599.997,30.9506,79949.2,-458.232,1.75075,89.9858
0.335418,11624.5,-133.134,0.76239,3.13868,581.217,-1.33126,-599.997,30.9446,79879.3,-457.432,1.74617,89.9859
0.335428,11624.5,-133.018,0.761057,3.13869,579.187,-1.32545,-599.997,30.9386,79809.5,-456.632,1.74159,89.9859
0.335438,11624.5,-132.902,0.759726,3.1387,577.161,-1.31966,-599.997,30.9326,79739.7,-455.834,1.73702,89.9859
0.335448,11624.5,-132.785,0.758395,3.13871,575.139,-1.31387,-599.997,30.9266,79669.8,-455.035,1.73244,89.9859
0.335458,11624.5,-132.669,0.757066,3.13871,573.141,-1.30821,-599.997,30.9206,79600,-454.238,1.728,89.9859
0.335468,11624.5,-132.552,0.755738,3.13872,571.127,-1.30246,-599.998,30.9146,79530.2,-453.441,1.72343,89.9859
0.335478,11624.5,-132.436,0.754412,3.13873,569.118,-1.29672,-599.998,30.9086,79460.3,-452.645,1.71885,89.986
0.335488,11624.5,-132.32,0.753086,3.13874,567.132,-1.2911,-599.998,30.9026,79390.5,-451.85,1.71441,89.986
0.335498,11624.5,-132.203,0.751762,3.13874,565.132,-1.28539,-599.998,30.8966,79320.7,-451.055,1.70984,89.986
0.335508,11624.5,-132.087,0.750439,3.13875,563.136,-1.27969,-599.998,30.8906,79250.8,-450.261,1.70526,89.986
0.335518,11624.5,-131.97,0.749116,3.13876,561.162,-1.27411,-599.998,30.8846,79181,-449.468,1.70082,89.986
0.335528,11624.5,-131.854,0.747796,3.13877,559.193,-1.26855,-599.998,30.8786,79111.2,-448.676,1.69639,89.986
0.335538,11624.5,-131.738,0.746476,3.13877,557.21,-1.2629,-599.998,30.8726,79041.3,-447.884,1.69181,89.986
0.335548,11624.5,-131.621,0.745157,3.13878,555.249,-1.25736,-599.998,30.8666,78971.5,-447.093,1.68738,89.9861
0.335558,11624.5,-131.505,0.74384,3.13879,553.292,-1.25184,-599.998,30.8606,78901.6,-446.302,1.68294,89.9861
0.335568,11624.5,-131.388,0.742524,3.1388,551.321,-1.24623,-599.998,30.8546,78831.8,-445.512,1.67836,89.9861
0.335578,11624.5,-131.272,0.741208,3.1388,549.373,-1.24073,-599.998,30.8486,78762,-444.723,1.67393,89.9861
0.335588,11624.5,-131.156,0.739895,3.13881,547.429,-1.23525,-599.998,30.8426,78692.1,-443.935,1.6695,89.9861
0.335598,11624.5,-131.039,0.738582,3.13882,545.489,-1.22978,-599.998,30.8366,78622.3,-443.147,1.66506,89.9861
0.335608,11624.5,-130.923,0.73727,3.13882,543.553,-1.22433,-599.998,30.8306,78552.5,-442.36,1.66063,89.9862
0.335618,11624.5,-130.806,0.73596,3.13883,541.621,-1.21889,-599.998,30.8246,78482.6,-441.574,1.65619,89.9862
0.335628,11624.5,-130.69,0.73465,3.13884,539.694,-1.21346,-599.998,30.8186,78412.8,-440.789,1.65176,89.9862
0.335638,11624.5,-130.574,0.733342,3.13885,537.789,-1.20816,-599.998,30.8126,78343,-440.004,1.64747,89.9862
0.335648,11624.5,-130.457,0.732036,3.13885,535.87,-1.20276,-599.998,30.8066,78273.1,-439.22,1.64303,89.9862
0.335658,11624.5,-130.341,0.73073,3.13886,533.954,-1.19737,-599.998,30.8006,78203.3,-438.436,1.6386,89.9862
0.335668,11624.5,-130.224,0.729425,3.13887,532.043,-1.192,-599.998,30.7946,78133.5,-437.654,1.63416,89.9862
0.335678,11624.5,-130.108,0.728122,3.13888,530.155,-1.18674,-599.998,30.7886,78063.6,-436.871,1.62987,89.9863
0.335688,11624.5,-129.992,0.72682,3.13888,528.252,-1.1814,-599.998,30.7826,77993.8,-436.09,1.62544,89.9863
0.335698,11624.5,-129.875,0.725518,3.13889,526.371,-1.17617,-599.998,30.7766,77924,-435.309,1.62114,89.9863
0.335708,11624.5,-129.759,0.724218,3.1389,524.477,-1.17085,-599.998,30.7706,77854.1,-434.53,1.61671,89.9863
0.335718,11624.5,-129.642,0.72292,3.13891,522.604,-1.16565,-599.998,30.7646,77784.3,-433.75,1.61242,89.9863
0.335728,11624.5,-129.526,0.721622,3.13891,520.718,-1.16036,-599.998,30.7586,77714.5,-432.972,1.60798,89.9863
0.335738,11624.5,-129.41,0.720326,3.13892,518.853,-1.15518,-599.998,30.7526,77644.6,-432.194,1.60369,89.9864
0.335748,11624.5,-129.293,0.71903,3.13893,516.993,-1.15002,-599.998,30.7466,77574.8,-431.417,1.5994,89.9864
0.335758,11624.5,-129.177,0.717736,3.13893,515.137,-1.14487,-599.998,30.7406,77505,-430.64,1.59511,89.9864
0.335768,11624.5,-129.06,0.716443,3.13894,513.285,-1.13973,-599.998,30.7346,77435.1,-429.864,1.59082,89.9864
0.335778,11624.5,-128.944,0.715152,3.13895,511.437,-1.13461,-599.998,30.7286,77365.3,-429.089,1.58653,89.9864
0.335788,11624.5,-128.828,0.713861,3.13896,509.593,-1.1295,-599.998,30.7226,77295.5,-428.315,1.58223,89.9864
0.335798,11624.5,-128.711,0.712571,3.13896,507.753,-1.1244,-599.998,30.7166,77225.6,-427.541,1.57794,89.9864
0.335808,11624.5,-128.595,0.711283,3.13897,505.917,-1.11931,-599.998,30.7106,77155.8,-426.768,1.57365,89.9865
0.335818,11624.5,-128.478,0.709996,3.13898,504.084,-1.11424,-599.998,30.7046,77086,-425.996,1.56936,89.9865
0.335828,11624.5,-128.362,0.70871,3.13898,502.256,-1.10918,-599.998,30.6986,77016.1,-425.225,1.56507,89.9865
0.335838,11624.5,-128.246,0.707425,3.13899,500.432,-1.10413,-599.998,30.6926,76946.3,-424.454,1.56078,89.9865
0.335848,11624.5,-128.129,0.706142,3.139,498.63,-1.0992,-599.998,30.6866,76876.5,-423.684,1.55663,89.9865
0.335858,11624.5,-128.013,0.704859,3.13901,496.814,-1.09418,-599.998,30.6806,76806.6,-422.914,1.55234,89.9865
0.335868,11624.5,-127.896,0.703578,3.13901,495.02,-1.08927,-599.998,30.6746,76736.8,-422.145,1.54819,89.9865
0.335878,11624.5,-127.78,0.702298,3.13902,493.211,-1.08428,-599.998,30.6686,76666.9,-421.377,1.5439,89.9866
0.335888,11624.5,-127.664,0.701019,3.13903,491.407,-1.07929,-599.998,30.6626,76597.1,-420.61,1.53961,89.9866
0.335898,11624.5,-127.547,0.699741,3.13903,489.625,-1.07442,-599.998,30.6566,76527.3,-419.843,1.53546,89.9866
0.335908,11624.5,-127.431,0.698465,3.13904,487.846,-1.06956,-599.998,30.6506,76457.4,-419.077,1.53131,89.9866
0.335918,11624.5,-127.314,0.697189,3.13905,486.054,-1.06462,-599.998,30.6446,76387.6,-418.312,1.52702,89.9866
0.335928,11624.5,-127.198,0.695915,3.13905,484.283,-1.05979,-599.998,30.6386,76317.8,-417.548,1.52287,89.9866
0.335938,11624.5,-127.082,0.694642,3.13906,482.517,-1.05497,-599.998,30.6326,76247.9,-416.784,1.51872,89.9867
0.335948,11624.5,-126.965,0.69337,3.13907,480.754,-1.05016,-599.998,30.6266,76178.1,-416.021,1.51457,89.9867
0.335958,11624.5,-126.849,0.692099,3.13908,478.995,-1.04536,-599.998,30.6206,76108.3,-415.258,1.51042,89.9867
0.335968,11624.5,-126.732,0.690829,3.13908,477.222,-1.04048,-599.998,30.6146,76038.4,-414.496,1.50613,89.9867
0.335978,11624.5,-126.616,0.689561,3.13909,475.489,-1.03581,-599.998,30.6086,75968.6,-413.735,1.50213,89.9867
0.335988,11624.5,-126.5,0.688294,3.1391,473.741,-1.03105,-599.998,30.6026,75898.8,-412.975,1.49798,89.9867
0.335998,11624.5,-126.383,0.687027,3.1391,471.998,-1.0263,-599.998,30.5965,75828.9,-412.215,1.49383,89.9867
0.336008,11624.5,-126.267,0.685762,3.13911,470.258,-1.02157,-599.998,30.5905,75759.1,-411.456,1.48968,89.9868
0.336018,11624.5,-126.15,0.684499,3.13912,468.523,-1.01684,-599.998,30.5845,75689.2,-410.698,1.48553,89.9868
0.336028,11624.5,-126.034,0.683236,3.13912,466.809,-1.01223,-599.998,30.5785,75619.4,-409.94,1.48153,89.9868
0.336038,11624.5,-125.917,0.681975,3.13913,465.08,-1.00753,-599.998,30.5725,75549.6,-409.183,1.47738,89.9868
0.336048,11624.5,-125.801,0.680714,3.13914,463.356,-1.00285,-599.998,30.5665,75479.7,-408.427,1.47323,89.9868
0.336058,11624.5,-125.685,0.679455,3.13914,461.654,-0.998272,-599.998,30.5605,75409.9,-407.672,1.46922,89.9868
0.336068,11624.5,-125.568,0.678197,3.13915,459.937,-0.99361,-599.998,30.5545,75340.1,-406.917,1.46508,89.9869
0.336078,11624.5,-125.452,0.67694,3.13916,458.242,-0.989058,-599.998,30.5485,75270.2,-406.163,1.46107,89.9869
0.336088,11624.5,-125.335,0.675685,3.13916,456.533,-0.98442,-599.998,30.5425,75200.4,-405.41,1.45692,89.9869
0.336098,11624.5,-125.219,0.67443,3.13917,454.846,-0.979891,-599.998,30.5365,75130.6,-404.657,1.45292,89.9869
0.336108,11624.5,-125.103,0.673177,3.13918,453.162,-0.975374,-599.998,30.5305,75060.7,-403.905,1.44891,89.9869
0.336118,11624.5,-124.986,0.671925,3.13918,451.464,-0.970772,-599.998,30.5245,74990.9,-403.154,1.44476,89.9869
0.336129,11624.5,-124.87,0.670674,3.13919,449.788,-0.966278,-599.998,30.5185,74921.1,-402.403,1.44076,89.9869
0.336139,11624.5,-124.753,0.669424,3.1392,448.116,-0.961796,-599.998,30.5125,74851.2,-401.653,1.43675,89.987
0.336149,11624.5,-124.637,0.668175,3.1392,446.448,-0.957326,-599.998,30.5065,74781.4,-400.904,1.43275,89.987
0.336159,11624.5,-124.521,0.666928,3.13921,444.783,-0.952867,-599.998,30.5005,74711.5,-400.156,1.42874,89.987
0.336169,11624.5,-124.404,0.665682,3.13922,443.122,-0.94842,-599.998,30.4945,74641.7,-399.408,1.42474,89.987
0.336179,11624.5,-124.288,0.664436,3.13922,441.464,-0.943985,-599.998,30.4885,74571.9,-398.661,1.42073,89.987
0.336189,11624.5,-124.171,0.663192,3.13923,439.81,-0.939561,-599.998,30.4825,74502,-397.914,1.41672,89.987
0.336199,11624.5,-124.055,0.66195,3.13924,438.161,-0.935149,-599.998,30.4765,74432.2,-397.169,1.41272,89.9871
0.336209,11624.5,-123.939,0.660708,3.13924,436.532,-0.930843,-599.998,30.4705,74362.4,-396.424,1.40886,89.9871
0.336219,11624.5,-123.822,0.659467,3.13925,434.89,-0.926454,-599.998,30.4645,74292.5,-395.679,1.40485,89.9871
0.336229,11624.5,-123.706,0.658228,3.13926,433.251,-0.922076,-599.998,30.4585,74222.7,-394.936,1.40085,89.9871
0.336239,11624.5,-123.589,0.65699,3.13926,431.616,-0.91771,-599.998,30.4525,74152.9,-394.193,1.39684,89.9871
0.336249,11624.5,-123.473,0.655753,3.13927,430.002,-0.91345,-599.998,30.4465,74083,-393.451,1.39298,89.9871
0.336259,11624.5,-123.357,0.654517,3.13928,428.392,-0.9092,-599.998,30.4405,74013.2,-392.709,1.38912,89.9871
0.336269,11624.5,-123.24,0.653283,3.13928,426.768,-0.904869,-599.998,30.4345,73943.3,-391.968,1.38511,89.9872
0.336279,11624.5,-123.124,0.652049,3.13929,425.147,-0.900548,-599.998,30.4285,73873.5,-391.228,1.38111,89.9872
0.336289,11624.5,-123.007,0.650817,3.1393,423.548,-0.896333,-599.998,30.4225,73803.7,-390.489,1.37724,89.9872
0.336299,11624.5,-122.891,0.649586,3.1393,421.952,-0.892128,-599.998,30.4165,73733.8,-389.75,1.37338,89.9872
0.336309,11624.5,-122.775,0.648355,3.13931,420.343,-0.887842,-599.998,30.4105,73664,-389.012,1.36937,89.9872
0.336319,11624.5,-122.658,0.647127,3.13932,418.772,-0.883752,-599.998,30.4045,73594.2,-388.275,1.36566,89.9872
0.336329,11624.5,-122.542,0.645899,3.13932,417.17,-0.879489,-599.998,30.3985,73524.3,-387.538,1.36165,89.9873
0.336339,11624.5,-122.425,0.644673,3.13933,415.589,-0.875328,-599.998,30.3925,73454.5,-386.803,1.35779,89.9873
0.336349,11624.5,-122.309,0.643447,3.13934,414.011,-0.87118,-599.998,30.3865,73384.7,-386.067,1.35393,89.9873
0.336359,11624.5,-122.193,0.642223,3.13934,412.437,-0.867042,-599.998,30.3805,73314.8,-385.333,1.35006,89.9873
0.336369,11624.5,-122.076,0.641,3.13935,410.867,-0.862915,-599.998,30.3745,73245,-384.599,1.3462,89.9873
0.336379,11624.5,-121.96,0.639778,3.13936,409.3,-0.858799,-599.998,30.3685,73175.1,-383.866,1.34234,89.9873
0.336389,11624.5,-121.843,0.638557,3.13936,407.737,-0.854694,-599.998,30.3625,73105.3,-383.134,1.33848,89.9873
0.336399,11624.5,-121.727,0.637338,3.13937,406.195,-0.850691,-599.998,30.3565,73035.5,-382.402,1.33476,89.9874
0.336409,11624.5,-121.611,0.63612,3.13937,404.639,-0.846608,-599.999,30.3505,72965.6,-381.671,1.33089,89.9874
0.336419,11624.5,-121.494,0.634902,3.13938,403.087,-0.842536,-599.999,30.3445,72895.8,-380.941,1.32703,89.9874
0.336429,11624.5,-121.378,0.633686,3.13939,401.555,-0.838565,-599.999,30.3385,72826,-380.211,1.32331,89.9874
0.336439,11624.5,-121.261,0.632472,3.13939,400.01,-0.834515,-599.999,30.3325,72756.1,-379.482,1.31945,89.9874
0.336449,11624.5,-121.145,0.631258,3.1394,398.468,-0.830475,-599.999,30.3265,72686.3,-378.754,1.31559,89.9874
0.336459,11624.5,-121.029,0.630045,3.13941,396.947,-0.826537,-599.999,30.3205,72616.5,-378.026,1.31187,89.9874
0.336469,11624.5,-120.912,0.628834,3.13941,395.43,-0.822609,-599.999,30.3145,72546.6,-377.3,1.30815,89.9875
0.336479,11624.5,-120.796,0.627624,3.13942,393.899,-0.818602,-599.999,30.3085,72476.8,-376.573,1.30429,89.9875
0.336489,11624.5,-120.679,0.626415,3.13943,392.388,-0.814695,-599.999,30.3025,72406.9,-375.848,1.30057,89.9875
0.336499,11624.5,-120.563,0.625207,3.13943,390.864,-0.810709,-599.999,30.2965,72337.1,-375.123,1.29671,89.9875
0.336509,11624.5,-120.447,0.624,3.13944,389.361,-0.806824,-599.999,30.2905,72267.3,-374.399,1.29299,89.9875
0.336519,11624.5,-120.33,0.622795,3.13944,387.861,-0.802949,-599.999,30.2845,72197.4,-373.676,1.28927,89.9875
0.336529,11624.5,-120.214,0.62159,3.13945,386.365,-0.799084,-599.999,30.2785,72127.6,-372.953,1.28555,89.9876
0.336539,11624.5,-120.097,0.620387,3.13946,384.872,-0.79523,-599.999,30.2725,72057.8,-372.232,1.28183,89.9876
0.336549,11624.5,-119.981,0.619185,3.13946,383.382,-0.791386,-599.999,30.2665,71987.9,-371.51,1.27811,89.9876
0.336559,11624.5,-119.865,0.617984,3.13947,381.896,-0.787553,-599.999,30.2605,71918.1,-370.79,1.27439,89.9876
0.336569,11624.5,-119.748,0.616785,3.13947,380.414,-0.78373,-599.999,30.2545,71848.2,-370.07,1.27067,89.9876
0.336579,11624.5,-119.632,0.615586,3.13948,378.935,-0.779917,-599.999,30.2485,71778.4,-369.351,1.26695,89.9876
0.336589,11624.5,-119.515,0.614389,3.13949,377.459,-0.776115,-599.999,30.2425,71708.6,-368.633,1.26323,89.9876
0.336599,11624.5,-119.399,0.613193,3.13949,375.987,-0.772323,-599.999,30.2365,71638.7,-367.915,1.25951,89.9877
0.336609,11624.5,-119.283,0.611998,3.1395,374.535,-0.76863,-599.999,30.2305,71568.9,-367.198,1.25594,89.9877
0.336619,11624.5,-119.166,0.610804,3.13951,373.07,-0.764858,-599.999,30.2245,71499,-366.481,1.25222,89.9877
0.336629,11624.5,-119.05,0.609611,3.13951,371.625,-0.761185,-599.999,30.2185,71429.2,-365.766,1.24864,89.9877
0.336639,11624.5,-118.933,0.60842,3.13952,370.167,-0.757434,-599.999,30.2125,71359.4,-365.051,1.24492,89.9877
0.336649,11624.5,-118.817,0.607229,3.13952,368.712,-0.753694,-599.999,30.2065,71289.5,-364.337,1.2412,89.9877
0.336659,11624.5,-118.701,0.60604,3.13953,367.277,-0.75005,-599.999,30.2005,71219.7,-363.623,1.23763,89.9878
0.336669,11624.5,-118.584,0.604852,3.13954,365.829,-0.74633,-599.999,30.1945,71149.9,-362.91,1.23391,89.9878
0.336679,11624.5,-118.468,0.603665,3.13954,364.401,-0.742707,-599.999,30.1885,71080,-362.198,1.23033,89.9878
0.336689,11624.5,-118.351,0.602479,3.13955,362.976,-0.739094,-599.999,30.1825,71010.2,-361.487,1.22675,89.9878
0.336699,11624.5,-118.235,0.601295,3.13955,361.555,-0.73549,-599.999,30.1765,70940.4,-360.776,1.22318,89.9878
0.336709,11624.5,-118.119,0.600111,3.13956,360.12,-0.731811,-599.999,30.1705,70870.5,-360.066,1.21946,89.9878
0.336719,11624.5,-118.002,0.598929,3.13957,358.706,-0.728227,-599.999,30.1645,70800.7,-359.357,1.21588,89.9878
0.336729,11624.5,-117.886,0.597748,3.13957,357.295,-0.724653,-599.999,30.1585,70730.8,-358.648,1.21231,89.9879
0.336739,11624.5,-117.769,0.596568,3.13958,355.887,-0.721089,-599.999,30.1525,70661,-357.94,1.20873,89.9879
0.336749,11624.5,-117.653,0.59539,3.13958,354.483,-0.717535,-599.999,30.1465,70591.2,-357.233,1.20515,89.9879
0.336759,11624.5,-117.536,0.594212,3.13959,353.081,-0.713991,-599.999,30.1405,70521.3,-356.527,1.20158,89.9879
0.336769,11624.5,-117.42,0.593036,3.1396,351.684,-0.710457,-599.999,30.1345,70451.5,-355.821,1.198,89.9879
0.336779,11624.5,-117.304,0.591861,3.1396,350.289,-0.706932,-599.999,30.1285,70381.7,-355.116,1.19442,89.9879
0.336789,11624.5,-117.187,0.590687,3.13961,348.898,-0.703418,-599.999,30.1225,70311.8,-354.411,1.19085,89.988
0.336799,11624.5,-117.071,0.589514,3.13961,347.51,-0.699913,-599.999,30.1165,70242,-353.707,1.18727,89.988
0.336809,11624.5,-116.954,0.588342,3.13962,346.126,-0.696417,-599.999,30.1105,70172.1,-353.004,1.1837,89.988
0.336819,11624.5,-116.838,0.587171,3.13963,344.761,-0.693016,-599.999,30.1045,70102.3,-352.302,1.18026,89.988
0.336829,11624.5,-116.722,0.586002,3.13963,343.383,-0.68954,-599.999,30.0985,70032.5,-351.6,1.17669,89.988
0.336839,11624.5,-116.605,0.584834,3.13964,342.025,-0.686158,-599.999,30.0925,69962.6,-350.9,1.17325,89.988
0.336849,11624.5,-116.489,0.583667,3.13964,340.654,-0.682701,-599.999,30.0865,69892.8,-350.199,1.16968,89.988
0.336859,11624.5,-116.372,0.582501,3.13965,339.302,-0.679337,-599.999,30.0805,69822.9,-349.5,1.16624,89.9881
0.33687,11624.5,-116.256,0.581336,3.13965,337.938,-0.6759,-599.999,30.0745,69753.1,-348.801,1.16267,89.9881
0.33688,11624.5,-116.14,0.580172,3.13966,336.593,-0.672555,-599.999,30.0685,69683.3,-348.103,1.15923,89.9881
0.33689,11624.5,-116.023,0.57901,3.13967,335.234,-0.669137,-599.999,30.0625,69613.4,-347.405,1.15566,89.9881
0.3369,11624.5,-115.907,0.577849,3.13967,333.896,-0.665811,-599.999,30.0565,69543.6,-346.709,1.15222,89.9881
0.33691,11624.5,-115.79,0.576689,3.13968,332.561,-0.662495,-599.999,30.0505,69473.8,-346.013,1.14879,89.9881
0.33692,11624.5,-115.674,0.57553,3.13968,331.229,-0.659187,-599.999,30.0445,69403.9,-345.317,1.14536,89.9882
0.33693,11624.5,-115.558,0.574372,3.13969,329.9,-0.655889,-599.999,30.0385,69334.1,-344.623,1.14192,89.9882
0.33694,11624.5,-115.441,0.573216,3.1397,328.574,-0.652601,-599.999,30.0325,69264.2,-343.929,1.13849,89.9882
0.33695,11624.5,-115.325,0.57206,3.1397,327.252,-0.649321,-599.999,30.0265,69194.4,-343.236,1.13506,89.9882
0.33696,11624.5,-115.208,0.570906,3.13971,325.932,-0.646051,-599.999,30.0205,69124.6,-342.543,1.13162,89.9882
0.33697,11624.5,-115.092,0.569753,3.13971,324.617,-0.64279,-599.999,30.0145,69054.7,-341.851,1.12819,89.9882
0.33698,11624.5,-114.976,0.568601,3.13972,323.304,-0.639539,-599.999,30.0085,68984.9,-341.16,1.12476,89.9882
0.33699,11624.5,-114.859,0.56745,3.13972,321.994,-0.636296,-599.999,30.0025,68915.1,-340.47,1.12132,89.9882
0.337,11624.5,-114.743,0.566301,3.13973,320.688,-0.633063,-599.999,29.9965,68845.2,-339.78,1.11789,89.9882
0.33701,11624.5,-114.626,0.565152,3.13974,319.384,-0.629839,-599.999,29.9905,68775.4,-339.091,1.11446,89.9882
0.33702,11624.5,-114.51,0.564005,3.13974,318.084,-0.626624,-599.999,29.9845,68705.5,-338.402,1.11103,89.9882
0.33703,11624.5,-114.394,0.562859,3.13975,316.804,-0.623499,-599.999,29.9785,68635.7,-337.715,1.10774,89.9882
0.33704,11624.5,-114.277,0.561714,3.13975,315.51,-0.620302,-599.999,29.9725,68565.9,-337.028,1.1043,89.9882
0.33705,11624.5,-114.161,0.56057,3.13976,314.236,-0.617194,-599.999,29.9665,68496,-336.342,1.10101,89.9883
0.33706,11624.5,-114.044,0.559428,3.13976,312.948,-0.614016,-599.999,29.9605,68426.2,-335.656,1.09758,89.9883
0.33707,11624.5,-113.928,0.558286,3.13977,311.664,-0.610846,-599.999,29.9545,68356.3,-334.971,1.09415,89.9883
0.33708,11624.5,-113.812,0.557146,3.13977,310.399,-0.607766,-599.999,29.9485,68286.5,-334.287,1.09086,89.9883
0.33709,11624.5,-113.695,0.556007,3.13978,309.137,-0.604694,-599.999,29.9425,68216.7,-333.604,1.08756,89.9883
0.3371,11624.5,-113.579,0.554869,3.13979,307.862,-0.601551,-599.999,29.9365,68146.8,-332.921,1.08413,89.9883
0.33711,11624.5,-113.462,0.553732,3.13979,306.606,-0.598497,-599.999,29.9305,68077,-332.239,1.08084,89.9883
0.33712,11624.5,-113.346,0.552597,3.1398,305.354,-0.595451,-599.999,29.9245,68007.2,-331.558,1.07755,89.9883
0.33713,11624.5,-113.23,0.551462,3.1398,304.104,-0.592415,-599.999,29.9185,67937.3,-330.877,1.07426,89.9883
0.33714,11624.5,-113.113,0.550329,3.13981,302.858,-0.589387,-599.999,29.9125,67867.5,-330.197,1.07097,89.9883
0.33715,11624.5,-112.997,0.549197,3.13981,301.598,-0.586289,-599.999,29.9065,67797.6,-329.518,1.06754,89.9883
0.33716,11624.5,-112.88,0.548066,3.13982,300.374,-0.583356,-599.999,29.9005,67727.8,-328.839,1.06439,89.9883
0.33717,11624.5,-112.764,0.546936,3.13982,299.121,-0.580276,-599.999,29.8945,67658,-328.161,1.06096,89.9883
0.33718,11624.5,-112.648,0.545808,3.13983,297.903,-0.577361,-599.999,29.8885,67588.1,-327.484,1.05781,89.9883
0.33719,11624.5,-112.531,0.54468,3.13984,296.672,-0.574376,-599.999,29.8825,67518.3,-326.808,1.05452,89.9884
0.3372,11624.5,-112.415,0.543554,3.13984,295.444,-0.5714,-599.999,29.8765,67448.4,-326.132,1.05123,89.9884
0.33721,11624.5,-112.298,0.542429,3.13985,294.219,-0.568433,-599.999,29.8705,67378.6,-325.457,1.04794,89.9884
0.33722,11624.5,-112.182,0.541305,3.13985,292.997,-0.565474,-599.999,29.8645,67308.8,-324.783,1.04465,89.9884
0.33723,11624.5,-112.066,0.540182,3.13986,291.794,-0.562601,-599.999,29.8585,67238.9,-324.109,1.0415,89.9884
0.33724,11624.5,-111.949,0.539061,3.13986,290.579,-0.55966,-599.999,29.8525,67169.1,-323.436,1.03821,89.9884
0.33725,11624.5,-111.833,0.53794,3.13987,289.366,-0.556726,-599.999,29.8465,67099.3,-322.764,1.03492,89.9884
0.33726,11624.5,-111.716,0.536821,3.13987,288.172,-0.553879,-599.999,29.8405,67029.4,-322.092,1.03177,89.9884
0.33727,11624.5,-111.6,0.535703,3.13988,286.965,-0.550962,-599.999,29.8345,66959.6,-321.421,1.02848,89.9884
0.33728,11624.5,-111.484,0.534586,3.13988,285.777,-0.548131,-599.999,29.8285,66889.7,-320.751,1.02534,89.9884
0.33729,11624.5,-111.367,0.53347,3.13989,284.577,-0.545232,-599.999,29.8225,66819.9,-320.082,1.02205,89.9884
0.3373,11624.5,-111.251,0.532356,3.13989,283.395,-0.542417,-599.999,29.8165,66750.1,-319.413,1.0189,89.9884
0.33731,11624.5,-111.134,0.531242,3.1399,282.216,-0.539611,-599.999,29.8105,66680.2,-318.745,1.01575,89.9884
0.33732,11624.5,-111.018,0.53013,3.13991,281.024,-0.536737,-599.999,29.8045,66610.4,-318.078,1.01246,89.9885
0.33733,11624.5,-110.902,0.529019,3.13991,279.851,-0.533947,-599.999,29.7985,66540.5,-317.411,1.00932,89.9885
0.33734,11624.5,-110.785,0.527909,3.13992,278.681,-0.531165,-599.999,29.7925,66470.7,-316.745,1.00617,89.9885
0.33735,11624.5,-110.669,0.5268,3.13992,277.514,-0.528392,-599.999,29.7865,66400.9,-316.08,1.00302,89.9885
0.33736,11624.5,-110.552,0.525693,3.13993,276.334,-0.525551,-599.999,29.7805,66331,-315.415,0.999732,89.9885
0.33737,11624.5,-110.436,0.524586,3.13993,275.173,-0.522794,-599.999,29.7745,66261.2,-314.751,0.996584,89.9885
0.33738,11624.5,-110.32,0.523481,3.13994,274.015,-0.520045,-599.999,29.7685,66191.4,-314.088,0.993437,89.9885
0.33739,11624.5,-110.203,0.522377,3.13994,272.859,-0.517305,-599.999,29.7625,66121.5,-313.426,0.99029,89.9885
0.3374,11624.5,-110.087,0.521274,3.13995,271.707,-0.514572,-599.999,29.7565,66051.7,-312.764,0.987143,89.9885
0.33741,11624.5,-109.97,0.520172,3.13995,270.573,-0.511922,-599.999,29.7505,65981.8,-312.103,0.984139,89.9885
0.33742,11624.5,-109.854,0.519071,3.13996,269.427,-0.509205,-599.999,29.7445,65912,-311.442,0.980992,89.9885
0.33743,11624.5,-109.738,0.517972,3.13996,268.283,-0.506496,-599.999,29.7385,65842.1,-310.783,0.977845,89.9885
0.33744,11624.5,-109.621,0.516874,3.13997,267.158,-0.503869,-599.999,29.7325,65772.3,-310.124,0.974841,89.9885
0.33745,11624.5,-109.505,0.515777,3.13997,266.02,-0.501177,-599.999,29.7265,65702.5,-309.465,0.971694,89.9886
0.33746,11624.5,-109.388,0.514681,3.13998,264.885,-0.498492,-599.999,29.7205,65632.6,-308.808,0.968546,89.9886
0.33747,11624.5,-109.272,0.513586,3.13998,263.753,-0.495815,-599.999,29.7145,65562.8,-308.151,0.965399,89.9886
0.33748,11624.5,-109.155,0.512492,3.13999,262.639,-0.49322,-599.999,29.7085,65493,-307.495,0.962395,89.9886
0.33749,11624.5,-109.039,0.5114,3.13999,261.529,-0.490632,-599.999,29.7025,65423.1,-306.839,0.959391,89.9886
0.3375,11624.5,-108.923,0.510308,3.14,260.405,-0.487979,-599.999,29.6965,65353.3,-306.185,0.956244,89.9886
0.33751,11624.5,-108.806,0.509218,3.14,259.285,-0.485334,-599.999,29.6905,65283.4,-305.531,0.953097,89.9886
0.33752,11624.5,-108.69,0.508129,3.14001,258.183,-0.48277,-599.999,29.6845,65213.6,-304.877,0.950093,89.9886
0.33753,11624.5,-108.573,0.507042,3.14001,257.083,-0.480213,-599.999,29.6785,65143.8,-304.225,0.947089,89.9886
0.33754,11624.5,-108.457,0.505955,3.14002,255.971,-0.477592,-599.999,29.6725,65073.9,-303.573,0.943942,89.9886
0.33755,11624.5,-108.341,0.504869,3.14002,254.893,-0.475123,-599.999,29.6665,65004.1,-302.921,0.941081,89.9886
0.33756,11624.5,-108.224,0.503785,3.14003,253.787,-0.472517,-599.999,29.6605,64934.2,-302.271,0.937934,89.9886
0.33757,11624.5,-108.108,0.502702,3.14003,252.699,-0.469991,-599.999,29.6545,64864.4,-301.621,0.934929,89.9886
0.33758,11624.5,-107.991,0.50162,3.14004,251.613,-0.467472,-599.999,29.6485,64794.6,-300.972,0.931925,89.9887
0.33759,11624.5,-107.875,0.500539,3.14004,250.531,-0.464962,-599.999,29.6425,64724.7,-300.323,0.928921,89.9887
0.3376,11624.5,-107.759,0.49946,3.14005,249.451,-0.462458,-599.999,29.6365,64654.9,-299.675,0.925917,89.9887
0.337611,11624.5,-107.642,0.498381,3.14005,248.375,-0.459963,-599.999,29.6305,64585,-299.028,0.922913,89.9887
0.337621,11624.5,-107.526,0.497304,3.14006,247.301,-0.457474,-599.999,29.6245,64515.2,-298.382,0.919909,89.9887
0.337631,11624.5,-107.409,0.496228,3.14006,246.229,-0.454994,-599.999,29.6185,64445.4,-297.736,0.916905,89.9887
0.337641,11624.5,-107.293,0.495153,3.14007,245.161,-0.452521,-599.999,29.6125,64375.5,-297.091,0.913901,89.9887
0.337651,11624.5,-107.177,0.494079,3.14007,244.11,-0.450126,-599.999,29.6065,64305.7,-296.447,0.91104,89.9887
0.337661,11624.5,-107.06,0.493006,3.14008,243.048,-0.447667,-599.999,29.6005,64235.9,-295.803,0.908036,89.9887
0.337671,11624.5,-106.944,0.491935,3.14008,241.987,-0.445217,-599.999,29.5945,64166,-295.161,0.905032,89.9887
0.337681,11624.5,-106.827,0.490865,3.14009,240.945,-0.442844,-599.999,29.5885,64096.2,-294.518,0.902171,89.9887
0.337691,11624.5,-106.711,0.489795,3.14009,239.891,-0.440408,-599.999,29.5825,64026.3,-293.877,0.899167,89.9887
0.337701,11624.5,-106.595,0.488727,3.1401,238.839,-0.437979,-599.999,29.5765,63956.5,-293.236,0.896163,89.9887
0.337711,11624.5,-106.478,0.487661,3.1401,237.805,-0.435628,-599.999,29.5705,63886.7,-292.596,0.893302,89.9888
0.337721,11624.5,-106.362,0.486595,3.14011,236.773,-0.433284,-599.999,29.5645,63816.8,-291.957,0.890441,89.9888
0.337731,11624.5,-106.245,0.48553,3.14011,235.73,-0.430877,-599.999,29.5585,63747,-291.318,0.887437,89.9888
0.337741,11624.5,-106.129,0.484467,3.14012,234.704,-0.428548,-599.999,29.5525,63677.1,-290.68,0.884575,89.9888
0.337751,11624.5,-106.013,0.483405,3.14012,233.666,-0.426156,-599.999,29.5465,63607.3,-290.043,0.881571,89.9888
0.337761,11624.5,-105.896,0.482344,3.14013,232.645,-0.423841,-599.999,29.5405,63537.5,-289.406,0.87871,89.9888
0.337771,11624.5,-105.78,0.481284,3.14013,231.628,-0.421532,-599.999,29.5345,63467.6,-288.77,0.875849,89.9888
0.337781,11624.5,-105.663,0.480226,3.14014,230.613,-0.419231,-599.999,29.5285,63397.8,-288.135,0.872988,89.9888
0.337791,11624.5,-105.547,0.479168,3.14014,229.6,-0.416937,-599.999,29.5225,63327.9,-287.501,0.870127,89.9888
0.337801,11624.5,-105.431,0.478112,3.14015,228.591,-0.41465,-599.999,29.5165,63258.1,-286.867,0.867266,89.9888
0.337811,11624.5,-105.314,0.477057,3.14015,227.569,-0.412302,-599.999,29.5105,63188.3,-286.234,0.864262,89.9888
0.337821,11624.5,-105.198,0.476003,3.14016,226.564,-0.410029,-599.999,29.5045,63118.4,-285.601,0.861401,89.9888
0.337831,11624.5,-105.081,0.47495,3.14016,225.563,-0.407763,-599.999,29.4985,63048.6,-284.97,0.85854,89.9888
0.337841,11624.5,-104.965,0.473898,3.14017,224.579,-0.405573,-599.999,29.4925,62978.7,-284.339,0.855822,89.9889
0.337851,11624.5,-104.849,0.472848,3.14017,223.583,-0.403321,-599.999,29.4865,62908.9,-283.708,0.852961,89.9889
0.337861,11624.5,-104.732,0.471798,3.14018,222.589,-0.401076,-599.999,29.4805,62839.1,-283.079,0.8501,89.9889
0.337871,11624.5,-104.616,0.47075,3.14018,221.598,-0.398838,-599.999,29.4745,62769.2,-282.45,0.847239,89.9889
0.337881,11624.5,-104.499,0.469703,3.14019,220.61,-0.396607,-599.999,29.4685,62699.4,-281.822,0.844378,89.9889
0.337891,11624.5,-104.383,0.468657,3.14019,219.624,-0.394383,-599.999,29.4625,62629.5,-281.194,0.841517,89.9889
0.337901,11624.5,-104.267,0.467613,3.14019,218.656,-0.392233,-599.999,29.4565,62559.7,-280.567,0.838799,89.9889
0.337911,11624.5,-104.15,0.466569,3.1402,217.675,-0.390023,-599.999,29.4505,62489.9,-279.941,0.835938,89.9889
0.337921,11624.5,-104.034,0.465527,3.1402,216.712,-0.387886,-599.999,29.4445,62420,-279.316,0.83322,89.9889
0.337931,11624.5,-103.917,0.464486,3.14021,215.737,-0.38569,-599.999,29.4384,62350.2,-278.691,0.830359,89.9889
0.337941,11624.5,-103.801,0.463446,3.14021,214.764,-0.3835,-599.999,29.4324,62280.3,-278.067,0.827498,89.9889
0.337951,11624.5,-103.685,0.462407,3.14022,213.809,-0.381384,-599.999,29.4264,62210.5,-277.444,0.82478,89.9889
0.337961,11624.5,-103.568,0.461369,3.14022,212.856,-0.379274,-599.999,29.4204,62140.7,-276.821,0.822062,89.9889
0.337971,11624.5,-103.452,0.460333,3.14023,211.891,-0.377105,-599.999,29.4144,62070.8,-276.199,0.819201,89.989
0.337981,11624.5,-103.335,0.459297,3.14023,210.944,-0.375009,-599.999,29.4084,62001,-275.578,0.816483,89.989
0.337991,11624.5,-103.219,0.458263,3.14024,209.999,-0.372919,-599.999,29.4024,61931.1,-274.958,0.813765,89.989
0.338001,11624.5,-103.103,0.45723,3.14024,209.042,-0.37077,-599.999,29.3964,61861.3,-274.338,0.810904,89.989
0.338011,11624.5,-102.986,0.456198,3.14025,208.117,-0.368758,-599.999,29.3904,61791.5,-273.719,0.808329,89.989
0.338021,11624.5,-102.87,0.455168,3.14025,207.165,-0.366623,-599.999,29.3844,61721.6,-273.1,0.805468,89.989
0.338031,11624.5,-102.753,0.454138,3.14025,206.23,-0.36456,-599.999,29.3784,61651.8,-272.483,0.80275,89.989
0.338041,11624.5,-102.637,0.45311,3.14026,205.298,-0.362502,-599.999,29.3724,61581.9,-271.866,0.800032,89.989
0.338051,11624.5,-102.521,0.452083,3.14026,204.368,-0.360452,-599.999,29.3664,61512.1,-271.249,0.797314,89.989
0.338061,11624.5,-102.404,0.451057,3.14027,203.441,-0.358408,-599.999,29.3604,61442.3,-270.634,0.794596,89.989
0.338071,11624.5,-102.288,0.450032,3.14027,202.516,-0.35637,-599.999,29.3544,61372.4,-270.019,0.791878,89.989
0.338081,11624.5,-102.171,0.449008,3.14028,201.594,-0.354339,-599.999,29.3484,61302.6,-269.405,0.78916,89.989
0.338091,11624.5,-102.055,0.447986,3.14028,200.689,-0.352379,-600,29.3424,61232.8,-268.791,0.786586,89.989
0.338101,11624.5,-101.939,0.446964,3.14029,199.772,-0.350361,-600,29.3364,61162.9,-268.178,0.783868,89.9891
0.338111,11624.5,-101.822,0.445944,3.14029,198.858,-0.348349,-600,29.3304,61093.1,-267.566,0.78115,89.9891
0.338121,11624.5,-101.706,0.444925,3.1403,197.946,-0.346344,-600,29.3244,61023.2,-266.955,0.778432,89.9891
0.338131,11624.5,-101.589,0.443907,3.1403,197.036,-0.344345,-600,29.3184,60953.4,-266.344,0.775714,89.9891
0.338141,11624.5,-101.473,0.44289,3.1403,196.144,-0.342416,-600,29.3124,60883.5,-265.734,0.773139,89.9891
0.338151,11624.5,-101.357,0.441875,3.14031,195.239,-0.34043,-600,29.3064,60813.7,-265.125,0.770421,89.9891
0.338161,11624.5,-101.24,0.440861,3.14031,194.351,-0.338513,-600,29.3004,60743.9,-264.516,0.767846,89.9891
0.338171,11624.5,-101.124,0.439847,3.14032,193.452,-0.336539,-600,29.2944,60674,-263.908,0.765128,89.9891
0.338181,11624.5,-101.007,0.438835,3.14032,192.569,-0.334635,-600,29.2884,60604.2,-263.301,0.762553,89.9891
0.338191,11624.5,-100.891,0.437824,3.14033,191.689,-0.332737,-600,29.2824,60534.3,-262.694,0.759978,89.9891
0.338201,11624.5,-100.774,0.436815,3.14033,190.797,-0.330782,-600,29.2764,60464.5,-262.089,0.75726,89.9891
0.338211,11624.5,-100.658,0.435806,3.14033,189.921,-0.328896,-600,29.2704,60394.7,-261.484,0.754685,89.9891
0.338221,11624.5,-100.542,0.434799,3.14034,189.034,-0.326954,-600,29.2644,60324.8,-260.879,0.751967,89.9891
0.338231,11624.5,-100.425,0.433793,3.14034,188.163,-0.325081,-600,29.2584,60255,-260.275,0.749392,89.9892
0.338241,11624.5,-100.309,0.432788,3.14035,187.295,-0.323213,-600,29.2524,60185.1,-259.672,0.746817,89.9892
0.338251,11624.5,-100.192,0.431784,3.14035,186.43,-0.321352,-600,29.2464,60115.3,-259.07,0.744242,89.9892
0.338261,11624.5,-100.076,0.430781,3.14036,185.566,-0.319496,-600,29.2404,60045.5,-258.468,0.741668,89.9892
0.338271,11624.5,-99.9597,0.429779,3.14036,184.706,-0.317647,-600,29.2344,59975.6,-257.867,0.739093,89.9892
0.338281,11624.5,-99.8433,0.428779,3.14037,183.847,-0.315803,-600,29.2284,59905.8,-257.267,0.736518,89.9892
0.338291,11624.5,-99.7269,0.42778,3.14037,182.991,-0.313966,-600,29.2224,59835.9,-256.668,0.733943,89.9892
0.338301,11624.5,-99.6105,0.426782,3.14037,182.137,-0.312135,-600,29.2164,59766.1,-256.069,0.731368,89.9892
0.338311,11624.5,-99.4941,0.425785,3.14038,181.286,-0.310309,-600,29.2104,59696.3,-255.471,0.728793,89.9892
0.338321,11624.5,-99.3777,0.424789,3.14038,180.437,-0.30849,-600,29.2044,59626.4,-254.873,0.726218,89.9892
0.338331,11624.5,-99.2613,0.423795,3.14039,179.591,-0.306676,-600,29.1984,59556.6,-254.277,0.723643,89.9892
0.338342,11624.5,-99.1449,0.422801,3.14039,178.747,-0.304869,-600,29.1924,59486.7,-253.681,0.721068,89.9892
0.338352,11624.5,-99.0285,0.421809,3.14039,177.919,-0.303127,-600,29.1864,59416.9,-253.085,0.718636,89.9892
0.338362,11624.5,-98.912,0.420818,3.1404,177.08,-0.301332,-600,29.1804,59347.1,-252.491,0.716061,89.9893
0.338372,11624.5,-98.7956,0.419828,3.1404,176.243,-0.299542,-600,29.1744,59277.2,-251.897,0.713487,89.9893
0.338382,11624.5,-98.6792,0.41884,3.14041,175.422,-0.297818,-600,29.1684,59207.4,-251.304,0.711055,89.9893
0.338392,11624.5,-98.5628,0.417852,3.14041,174.59,-0.29604,-600,29.1624,59137.5,-250.711,0.70848,89.9893
0.338402,11624.5,-98.4464,0.416866,3.14042,173.76,-0.294267,-600,29.1564,59067.7,-250.119,0.705905,89.9893
0.338412,11624.5,-98.33,0.41588,3.14042,172.946,-0.292561,-600,29.1504,58997.9,-249.528,0.703473,89.9893
0.338422,11624.5,-98.2136,0.414896,3.14042,172.135,-0.290859,-600,29.1444,58928,-248.938,0.701041,89.9893
0.338432,11624.5,-98.0972,0.413913,3.14043,171.312,-0.289105,-600,29.1384,58858.2,-248.348,0.698466,89.9893
0.338442,11624.5,-97.9808,0.412932,3.14043,170.506,-0.287415,-600,29.1324,58788.3,-247.759,0.696034,89.9893
0.338452,11624.5,-97.8644,0.411951,3.14044,169.701,-0.28573,-600,29.1264,58718.5,-247.171,0.693602,89.9893
0.338462,11624.5,-97.748,0.410972,3.14044,168.885,-0.283993,-600,29.1204,58648.7,-246.583,0.691028,89.9893
0.338472,11624.5,-97.6316,0.409994,3.14044,168.085,-0.28232,-600,29.1144,58578.8,-245.996,0.688596,89.9893
0.338482,11624.5,-97.5152,0.409016,3.14045,167.288,-0.280652,-600,29.1084,58509,-245.41,0.686164,89.9893
0.338492,11624.5,-97.3988,0.408041,3.14045,166.493,-0.27899,-600,29.1024,58439.1,-244.824,0.683732,89.9893
0.338502,11624.5,-97.2824,0.407066,3.14046,165.7,-0.277334,-600,29.0964,58369.3,-244.239,0.6813,89.9894
0.338512,11624.5,-97.166,0.406092,3.14046,164.896,-0.275625,-600,29.0904,58299.5,-243.655,0.678725,89.9894
0.338522,11624.5,-97.0496,0.40512,3.14047,164.121,-0.274038,-600,29.0844,58229.6,-243.072,0.676436,89.9894
0.338532,11624.5,-96.9332,0.404149,3.14047,163.321,-0.27234,-600,29.0784,58159.8,-242.489,0.673861,89.9894
0.338542,11624.5,-96.8168,0.403179,3.14047,162.551,-0.270764,-600,29.0724,58089.9,-241.907,0.671573,89.9894
0.338552,11624.5,-96.7004,0.40221,3.14048,161.756,-0.269077,-600,29.0664,58020.1,-241.326,0.668998,89.9894
0.338562,11624.5,-96.584,0.401242,3.14048,160.99,-0.267512,-600,29.0604,57950.3,-240.745,0.666709,89.9894
0.338572,11624.5,-96.4676,0.400275,3.14049,160.213,-0.265894,-600,29.0544,57880.4,-240.165,0.664277,89.9894
0.338582,11624.5,-96.3512,0.39931,3.14049,159.439,-0.264281,-600,29.0484,57810.6,-239.586,0.661845,89.9894
0.338592,11624.5,-96.2348,0.398346,3.14049,158.666,-0.262674,-600,29.0424,57740.7,-239.007,0.659413,89.9894
0.338602,11624.5,-96.1184,0.397383,3.1405,157.909,-0.26113,-600,29.0364,57670.9,-238.429,0.657124,89.9894
0.338612,11624.5,-96.002,0.396421,3.1405,157.141,-0.259534,-600,29.0304,57601.1,-237.852,0.654693,89.9894
0.338622,11624.5,-95.8856,0.39546,3.14051,156.376,-0.257943,-600,29.0244,57531.2,-237.276,0.652261,89.9894
0.338632,11624.5,-95.7692,0.3945,3.14051,155.626,-0.256414,-600,29.0184,57461.4,-236.7,0.649972,89.9895
0.338642,11624.5,-95.6528,0.393542,3.14051,154.864,-0.254834,-600,29.0124,57391.5,-236.125,0.64754,89.9895
0.338652,11624.5,-95.5364,0.392585,3.14052,154.119,-0.253316,-600,29.0064,57321.7,-235.551,0.645251,89.9895
0.338662,11624.5,-95.42,0.391629,3.14052,153.362,-0.251746,-600,29.0004,57251.8,-234.977,0.642819,89.9895
0.338672,11624.5,-95.3036,0.390674,3.14053,152.62,-0.250238,-600,28.9944,57182,-234.404,0.64053,89.9895
0.338682,11624.5,-95.1872,0.38972,3.14053,151.868,-0.24868,-600,28.9884,57112.2,-233.832,0.638099,89.9895
0.338692,11624.5,-95.0708,0.388767,3.14053,151.131,-0.247182,-600,28.9824,57042.3,-233.26,0.63581,89.9895
0.338702,11624.5,-94.9544,0.387816,3.14054,150.396,-0.24569,-600,28.9764,56972.5,-232.69,0.633521,89.9895
0.338712,11624.5,-94.838,0.386866,3.14054,149.664,-0.244202,-600,28.9704,56902.6,-232.119,0.631232,89.9895
0.338722,11624.5,-94.7215,0.385917,3.14054,148.92,-0.242665,-600,28.9644,56832.8,-231.55,0.6288,89.9895
0.338732,11624.5,-94.6051,0.384969,3.14055,148.192,-0.241187,-600,28.9584,56763,-230.981,0.626511,89.9895
0.338742,11624.5,-94.4887,0.384022,3.14055,147.466,-0.239715,-600,28.9524,56693.1,-230.413,0.624223,89.9895
0.338752,11624.5,-94.3723,0.383076,3.14056,146.742,-0.238248,-600,28.9464,56623.3,-229.846,0.621934,89.9895
0.338762,11624.5,-94.2559,0.382132,3.14056,146.02,-0.236786,-600,28.9404,56553.4,-229.279,0.619645,89.9896
0.338772,11624.5,-94.1395,0.381189,3.14056,145.301,-0.235329,-600,28.9344,56483.6,-228.713,0.617356,89.9896
0.338782,11624.5,-94.0231,0.380247,3.14057,144.583,-0.233877,-600,28.9284,56413.8,-228.148,0.615067,89.9896
0.338792,11624.5,-93.9067,0.379306,3.14057,143.868,-0.23243,-600,28.9224,56343.9,-227.583,0.612779,89.9896
0.338802,11624.5,-93.7903,0.378366,3.14058,143.155,-0.230989,-600,28.9164,56274.1,-227.02,0.61049,89.9896
0.338812,11624.5,-93.6739,0.377427,3.14058,142.443,-0.229552,-600,28.9104,56204.2,-226.456,0.608201,89.9896
0.338822,11624.5,-93.5575,0.37649,3.14058,141.734,-0.22812,-600,28.9044,56134.4,-225.894,0.605912,89.9896
0.338832,11624.5,-93.4411,0.375554,3.14059,141.028,-0.226693,-600,28.8984,56064.6,-225.332,0.603623,89.9896
0.338842,11624.5,-93.3247,0.374619,3.14059,140.336,-0.225325,-600,28.8924,55994.7,-224.771,0.601478,89.9896
0.338852,11624.5,-93.2083,0.373685,3.14059,139.633,-0.223908,-600,28.8864,55924.9,-224.211,0.599189,89.9896
0.338862,11624.5,-93.0919,0.372752,3.1406,138.933,-0.222496,-600,28.8804,55855,-223.651,0.5969,89.9896
0.338872,11624.5,-92.9755,0.37182,3.1406,138.234,-0.221088,-600,28.8744,55785.2,-223.092,0.594611,89.9896
0.338882,11624.5,-92.8591,0.37089,3.14061,137.551,-0.219739,-600,28.8684,55715.4,-222.534,0.592465,89.9896
0.338892,11624.5,-92.7427,0.369961,3.14061,136.87,-0.218395,-600,28.8624,55645.5,-221.976,0.59032,89.9897
0.338902,11624.5,-92.6263,0.369033,3.14061,136.178,-0.217002,-600,28.8564,55575.7,-221.419,0.588031,89.9897
0.338912,11624.5,-92.5099,0.368106,3.14062,135.488,-0.215615,-600,28.8504,55505.8,-220.863,0.585742,89.9897
0.338922,11624.5,-92.3935,0.36718,3.14062,134.813,-0.214285,-600,28.8444,55436,-220.308,0.583596,89.9897
0.338932,11624.5,-92.2771,0.366255,3.14062,134.14,-0.212959,-600,28.8384,55366.1,-219.753,0.58145,89.9897
0.338942,11624.5,-92.1607,0.365332,3.14063,133.456,-0.211586,-600,28.8324,55296.3,-219.199,0.579162,89.9897
0.338952,11624.5,-92.0443,0.364409,3.14063,132.788,-0.21027,-600,28.8264,55226.5,-218.646,0.577016,89.9897
0.338962,11624.5,-91.9279,0.363488,3.14063,132.121,-0.208959,-600,28.8204,55156.6,-218.093,0.57487,89.9897
0.338972,11624.5,-91.8115,0.362568,3.14064,131.443,-0.2076,-600,28.8144,55086.8,-217.541,0.572581,89.9897
0.338982,11624.5,-91.6951,0.36165,3.14064,130.78,-0.206298,-600,28.8084,55016.9,-216.99,0.570435,89.9897
0.338992,11624.5,-91.5787,0.360732,3.14065,130.12,-0.205,-600,28.8024,54947.1,-216.439,0.56829,89.9897
0.339002,11624.5,-91.4623,0.359816,3.14065,129.461,-0.203707,-600,28.7964,54877.3,-215.889,0.566144,89.9897
0.339012,11624.5,-91.3459,0.3589,3.14065,128.805,-0.202419,-600,28.7904,54807.4,-215.34,0.563998,89.9897
0.339022,11624.5,-91.2295,0.357986,3.14066,128.15,-0.201135,-600,28.7844,54737.6,-214.792,0.561852,89.9898
0.339032,11624.5,-91.1131,0.357073,3.14066,127.497,-0.199856,-600,28.7784,54667.7,-214.244,0.559707,89.9898
0.339042,11624.5,-90.9967,0.356161,3.14066,126.847,-0.198582,-600,28.7724,54597.9,-213.697,0.557561,89.9898
0.339052,11624.5,-90.8803,0.355251,3.14067,126.198,-0.197312,-600,28.7664,54528.1,-213.15,0.555415,89.9898
0.339062,11624.5,-90.7639,0.354341,3.14067,125.552,-0.196046,-600,28.7604,54458.2,-212.605,0.553269,89.9898
0.339072,11624.5,-90.6475,0.353433,3.14067,124.907,-0.194785,-600,28.7544,54388.4,-212.06,0.551124,89.9898
0.339083,11624.5,-90.531,0.352526,3.14068,124.264,-0.193529,-600,28.7484,54318.5,-211.516,0.548978,89.9898
0.339093,11624.5,-90.4146,0.35162,3.14068,123.624,-0.192277,-600,28.7424,54248.7,-210.972,0.546832,89.9898
0.339103,11624.5,-90.2982,0.350715,3.14068,122.998,-0.19108,-600,28.7364,54178.9,-210.429,0.544829,89.9898
0.339113,11624.5,-90.1818,0.349812,3.14069,122.361,-0.189837,-600,28.7304,54109,-209.887,0.542684,89.9898
0.339123,11624.5,-90.0654,0.348909,3.14069,121.726,-0.188599,-600,28.7244,54039.2,-209.345,0.540538,89.9898
0.339133,11624.5,-89.949,0.348008,3.1407,121.106,-0.187414,-600,28.7184,53969.3,-208.805,0.538535,89.9898
0.339143,11624.5,-89.8326,0.347108,3.1407,120.476,-0.186185,-600,28.7124,53899.5,-208.265,0.536389,89.9898
0.339153,11624.5,-89.7162,0.346209,3.1407,119.847,-0.18496,-600,28.7064,53829.7,-207.725,0.534244,89.9899
0.339163,11624.5,-89.5998,0.345311,3.14071,119.232,-0.183789,-600,28.7004,53759.8,-207.186,0.532241,89.9899
0.339173,11624.5,-89.4834,0.344414,3.14071,118.62,-0.182622,-600,28.6944,53690,-206.649,0.530238,89.9899
0.339183,11624.5,-89.367,0.343519,3.14071,117.997,-0.18141,-600,28.6884,53620.1,-206.111,0.528092,89.9899
0.339193,11624.5,-89.2506,0.342625,3.14072,117.376,-0.180202,-600,28.6824,53550.3,-205.575,0.525947,89.9899
0.339203,11624.5,-89.1342,0.341731,3.14072,116.77,-0.179048,-600,28.6764,53480.4,-205.039,0.523944,89.9899
0.339213,11624.5,-89.0178,0.340839,3.14072,116.165,-0.177898,-600,28.6704,53410.6,-204.504,0.521941,89.9899
0.339223,11624.5,-88.9014,0.339949,3.14073,115.562,-0.176752,-600,28.6644,53340.8,-203.969,0.519938,89.9899
0.339233,11624.5,-88.785,0.339059,3.14073,114.949,-0.175562,-600,28.6584,53270.9,-203.435,0.517793,89.9899
0.339243,11624.5,-88.6686,0.338171,3.14073,114.35,-0.174425,-600,28.6524,53201.1,-202.902,0.51579,89.9899
0.339253,11624.5,-88.5522,0.337283,3.14074,113.753,-0.173292,-600,28.6464,53131.2,-202.37,0.513787,89.9899
0.339263,11624.5,-88.4358,0.336397,3.14074,113.158,-0.172163,-600,28.6404,53061.4,-201.838,0.511784,89.9899
0.339273,11624.5,-88.3194,0.335512,3.14074,112.565,-0.171038,-600,28.6344,52991.6,-201.307,0.509782,89.9899
0.339283,11624.5,-88.203,0.334628,3.14075,111.961,-0.169869,-600,28.6284,52921.7,-200.777,0.507636,89.99
0.339293,11624.5,-88.0866,0.333746,3.14075,111.371,-0.168753,-600,28.6224,52851.9,-200.247,0.505633,89.99
0.339303,11624.5,-87.9702,0.332864,3.14075,110.784,-0.167641,-600,28.6164,52782,-199.718,0.503631,89.99
0.339313,11624.5,-87.8538,0.331984,3.14076,110.198,-0.166532,-600,28.6104,52712.2,-199.19,0.501628,89.99
0.339323,11624.5,-87.7374,0.331105,3.14076,109.627,-0.165476,-600,28.6044,52642.4,-198.663,0.499768,89.99
0.339333,11624.5,-87.621,0.330227,3.14076,109.044,-0.164375,-600,28.5984,52572.5,-198.136,0.497765,89.99
0.339343,11624.5,-87.5046,0.32935,3.14077,108.464,-0.163279,-600,28.5924,52502.7,-197.61,0.495763,89.99
0.339353,11624.5,-87.3882,0.328474,3.14077,107.886,-0.162187,-600,28.5864,52432.8,-197.084,0.49376,89.99
0.339363,11624.5,-87.2718,0.3276,3.14077,107.309,-0.1611,-600,28.5804,52363,-196.56,0.491757,89.99
0.339373,11624.5,-87.1554,0.326726,3.14078,106.747,-0.160063,-600,28.5744,52293.1,-196.036,0.489898,89.99
0.339383,11624.5,-87.039,0.325854,3.14078,106.174,-0.158983,-600,28.5684,52223.3,-195.512,0.487895,89.99
0.339393,11624.5,-86.9226,0.324983,3.14078,105.603,-0.157907,-600,28.5624,52153.5,-194.99,0.485892,89.99
0.339403,11624.5,-86.8062,0.324114,3.14079,105.034,-0.156835,-600,28.5564,52083.6,-194.468,0.48389,89.99
0.339413,11624.5,-86.6898,0.323245,3.14079,104.479,-0.155814,-600,28.5504,52013.8,-193.947,0.48203,89.9901
0.339423,11624.5,-86.5733,0.322377,3.14079,103.926,-0.154796,-600,28.5444,51943.9,-193.426,0.48017,89.9901
0.339433,11624.5,-86.4569,0.321511,3.1408,103.362,-0.153736,-600,28.5384,51874.1,-192.907,0.478168,89.9901
0.339443,11624.5,-86.3405,0.320646,3.1408,102.801,-0.15268,-600,28.5324,51804.3,-192.387,0.476165,89.9901
0.339453,11624.5,-86.2241,0.319782,3.1408,102.253,-0.151674,-600,28.5264,51734.4,-191.869,0.474305,89.9901
0.339463,11624.5,-86.1077,0.318919,3.14081,101.707,-0.150672,-600,28.5204,51664.6,-191.351,0.472445,89.9901
0.339473,11624.5,-85.9913,0.318057,3.14081,101.15,-0.149628,-600,28.5144,51594.7,-190.834,0.470443,89.9901
0.339483,11624.5,-85.8749,0.317197,3.14081,100.608,-0.148633,-600,28.5084,51524.9,-190.318,0.468583,89.9901
0.339493,11624.5,-85.7585,0.316338,3.14081,100.067,-0.147642,-600,28.5024,51455.1,-189.802,0.466723,89.9901
0.339503,11624.5,-85.6421,0.315479,3.14082,99.516,-0.14661,-600,28.4964,51385.2,-189.288,0.464721,89.9901
0.339513,11624.5,-85.5257,0.314622,3.14082,98.9789,-0.145626,-600,28.4904,51315.4,-188.773,0.462861,89.9901
0.339523,11624.5,-85.4093,0.313767,3.14082,98.4435,-0.144647,-600,28.4844,51245.5,-188.26,0.461001,89.9901
0.339533,11624.5,-85.2929,0.312912,3.14083,97.9098,-0.143671,-600,28.4784,51175.7,-187.747,0.459142,89.9901
0.339543,11624.5,-85.1765,0.312058,3.14083,97.3779,-0.142699,-600,28.4724,51105.9,-187.235,0.457282,89.9902
0.339553,11624.5,-85.0601,0.311206,3.14083,96.8356,-0.141686,-600,28.4664,51036,-186.724,0.455279,89.9902
0.339563,11624.5,-84.9437,0.310355,3.14084,96.3194,-0.140765,-600,28.4604,50966.2,-186.213,0.453563,89.9902
0.339573,11624.5,-84.8273,0.309505,3.14084,95.7805,-0.13976,-600,28.4544,50896.3,-185.703,0.45156,89.9902
0.339583,11624.5,-84.7109,0.308656,3.14084,95.2677,-0.138847,-600,28.4484,50826.5,-185.194,0.449843,89.9902
0.339593,11624.5,-84.5945,0.307808,3.14085,94.7324,-0.137849,-600,28.4424,50756.6,-184.685,0.447841,89.9902
0.339603,11624.5,-84.4781,0.306962,3.14085,94.223,-0.136943,-600,28.4364,50686.8,-184.177,0.446124,89.9902
0.339613,11624.5,-84.3617,0.306116,3.14085,93.7033,-0.135997,-600,28.4304,50617,-183.67,0.444264,89.9902
0.339623,11624.5,-84.2453,0.305272,3.14086,93.1852,-0.135054,-600,28.4244,50547.1,-183.163,0.442405,89.9902
0.339633,11624.5,-84.1289,0.304429,3.14086,92.6689,-0.134115,-600,28.4184,50477.3,-182.658,0.440545,89.9902
0.339643,11624.5,-84.0125,0.303587,3.14086,92.1542,-0.133179,-600,28.4124,50407.4,-182.152,0.438685,89.9902
0.339653,11624.5,-83.8961,0.302747,3.14086,91.6533,-0.132291,-600,28.4064,50337.6,-181.648,0.436969,89.9902
0.339663,11624.5,-83.7797,0.301907,3.14087,91.1421,-0.131363,-600,28.4004,50267.8,-181.144,0.435109,89.9902
0.339673,11624.5,-83.6633,0.301069,3.14087,90.6325,-0.130438,-600,28.3944,50197.9,-180.641,0.433249,89.9902
0.339683,11624.5,-83.5469,0.300232,3.14087,90.1367,-0.12956,-600,28.3884,50128.1,-180.139,0.431533,89.9903
0.339693,11624.5,-83.4305,0.299396,3.14088,89.6305,-0.128642,-600,28.3824,50058.2,-179.637,0.429673,89.9903
0.339703,11624.5,-83.3141,0.298561,3.14088,89.126,-0.127728,-600,28.3764,49988.4,-179.136,0.427814,89.9903
0.339713,11624.5,-83.1977,0.297727,3.14088,88.6351,-0.126861,-600,28.3704,49918.6,-178.636,0.426097,89.9903
0.339723,11624.5,-83.0813,0.296895,3.14089,88.1459,-0.125996,-600,28.3644,49848.7,-178.137,0.42438,89.9903
0.339733,11624.5,-82.9649,0.296063,3.14089,87.6464,-0.125093,-600,28.3584,49778.9,-177.638,0.422521,89.9903
0.339743,11624.5,-82.8485,0.295233,3.14089,87.1486,-0.124193,-600,28.3524,49709,-177.14,0.420661,89.9903
0.339753,11624.5,-82.7321,0.294404,3.14089,86.6644,-0.123339,-600,28.3464,49639.2,-176.642,0.418944,89.9903
0.339763,11624.5,-82.6157,0.293576,3.1409,86.1817,-0.122488,-600,28.3404,49569.4,-176.146,0.417228,89.9903
0.339773,11624.5,-82.4993,0.292749,3.1409,85.7007,-0.121641,-600,28.3344,49499.5,-175.65,0.415511,89.9903
0.339783,11624.5,-82.3829,0.291924,3.1409,85.2095,-0.120755,-600,28.3284,49429.7,-175.154,0.413651,89.9903
0.339793,11624.5,-82.2664,0.2911,3.14091,84.7318,-0.119914,-600,28.3224,49359.8,-174.66,0.411935,89.9903
0.339803,11624.5,-82.15,0.290276,3.14091,84.2557,-0.119077,-600,28.3164,49290,-174.166,0.410218,89.9903
0.339814,11624.5,-82.0336,0.289454,3.14091,83.7694,-0.118201,-600,28.3104,49220.1,-173.673,0.408359,89.9904
0.339824,11624.5,-81.9172,0.288633,3.14091,83.2965,-0.11737,-600,28.3044,49150.3,-173.18,0.406642,89.9904
0.339834,11624.5,-81.8008,0.287814,3.14092,82.8253,-0.116543,-600,28.2984,49080.5,-172.688,0.404925,89.9904
0.339844,11624.5,-81.6844,0.286995,3.14092,82.3556,-0.115719,-600,28.2924,49010.6,-172.197,0.403209,89.9904
0.339854,11624.5,-81.568,0.286178,3.14092,81.8876,-0.114898,-600,28.2864,48940.8,-171.707,0.401492,89.9904
0.339864,11624.5,-81.4516,0.285362,3.14093,81.4211,-0.114081,-600,28.2803,48870.9,-171.217,0.399775,89.9904
0.339874,11624.5,-81.3352,0.284547,3.14093,80.9563,-0.113266,-600,28.2743,48801.1,-170.728,0.398059,89.9904
0.339884,11624.5,-81.2188,0.283733,3.14093,80.493,-0.112455,-600,28.2683,48731.3,-170.24,0.396342,89.9904
0.339894,11624.5,-81.1024,0.28292,3.14093,80.0313,-0.111647,-600,28.2623,48661.4,-169.752,0.394626,89.9904
0.339904,11624.5,-80.986,0.282109,3.14094,79.5713,-0.110843,-600,28.2563,48591.6,-169.265,0.392909,89.9904
0.339914,11624.5,-80.8696,0.281298,3.14094,79.1243,-0.110082,-600,28.2503,48521.7,-168.779,0.391335,89.9904
0.339924,11624.5,-80.7532,0.280489,3.14094,78.6674,-0.109284,-600,28.2443,48451.9,-168.293,0.389619,89.9904
0.339934,11624.5,-80.6368,0.279681,3.14095,78.212,-0.108489,-600,28.2383,48382,-167.808,0.387902,89.9904
0.339944,11624.5,-80.5204,0.278874,3.14095,77.7698,-0.107737,-600,28.2323,48312.2,-167.324,0.386329,89.9905
0.339954,11624.5,-80.404,0.278068,3.14095,77.3175,-0.106948,-600,28.2263,48242.4,-166.841,0.384612,89.9905
0.339964,11624.5,-80.2876,0.277264,3.14095,76.8669,-0.106163,-600,28.2203,48172.5,-166.358,0.382895,89.9905
0.339974,11624.5,-80.1712,0.27646,3.14096,76.4177,-0.105381,-600,28.2143,48102.7,-165.876,0.381179,89.9905
0.339984,11624.5,-80.0548,0.275658,3.14096,75.9816,-0.104641,-600,28.2083,48032.8,-165.395,0.379605,89.9905
0.339994,11624.5,-79.9384,0.274857,3.14096,75.5356,-0.103865,-600,28.2023,47963,-164.914,0.377889,89.9905
0.340004,11624.5,-79.822,0.274057,3.14097,75.1026,-0.103132,-600,28.1963,47893.2,-164.434,0.376315,89.9905
0.340014,11624.5,-79.7056,0.273258,3.14097,74.6597,-0.102362,-600,28.1903,47823.3,-163.955,0.374598,89.9905
0.340024,11624.5,-79.5892,0.272461,3.14097,74.2297,-0.101635,-600,28.1843,47753.5,-163.477,0.373025,89.9905
0.340034,11624.5,-79.4728,0.271665,3.14097,73.8012,-0.10091,-600,28.1783,47683.6,-162.999,0.371451,89.9905
0.340044,11624.5,-79.3564,0.270869,3.14098,73.3629,-0.10015,-600,28.1723,47613.8,-162.522,0.369735,89.9905
0.340054,11624.5,-79.24,0.270075,3.14098,72.9374,-0.0994312,-600,28.1663,47543.9,-162.045,0.368161,89.9905
0.340064,11624.5,-79.1236,0.269282,3.14098,72.5022,-0.098677,-600,28.1603,47474.1,-161.569,0.366445,89.9905
0.340074,11624.5,-79.0072,0.268491,3.14098,72.0797,-0.0979644,-600,28.1543,47404.3,-161.094,0.364871,89.9905
0.340084,11624.5,-78.8908,0.2677,3.14099,71.6588,-0.0972547,-600,28.1483,47334.4,-160.62,0.363297,89.9905
0.340094,11624.5,-78.7744,0.266911,3.14099,71.2393,-0.096548,-600,28.1423,47264.6,-160.146,0.361724,89.9905
0.340104,11624.5,-78.658,0.266122,3.14099,70.8101,-0.095806,-600,28.1363,47194.7,-159.673,0.360007,89.9905
0.340114,11624.5,-78.5416,0.265335,3.141,70.3936,-0.0951051,-600,28.1303,47124.9,-159.201,0.358434,89.9905
0.340124,11624.5,-78.4252,0.264549,3.141,69.9786,-0.0944071,-600,28.1243,47055.1,-158.73,0.35686,89.9905
0.340134,11624.5,-78.3088,0.263765,3.141,69.5651,-0.0937121,-600,28.1183,46985.2,-158.259,0.355287,89.9905
0.340144,11624.5,-78.1924,0.262981,3.141,69.1531,-0.0930199,-600,28.1123,46915.4,-157.789,0.353713,89.9905
0.340154,11624.5,-78.076,0.262199,3.14101,68.7425,-0.0923305,-600,28.1063,46845.5,-157.319,0.352139,89.9905
0.340164,11624.5,-77.9595,0.261418,3.14101,68.3334,-0.0916441,-600,28.1003,46775.7,-156.85,0.350566,89.9905
0.340174,11624.5,-77.8431,0.260637,3.14101,67.9258,-0.0909605,-600,28.0943,46705.9,-156.382,0.348992,89.9905
0.340184,11624.5,-77.7267,0.259859,3.14101,67.5196,-0.0902797,-600,28.0883,46636,-155.915,0.347419,89.9905
0.340194,11624.5,-77.6103,0.259081,3.14102,67.1149,-0.0896018,-600,28.0823,46566.2,-155.448,0.345845,89.9905
0.340204,11624.5,-77.4939,0.258304,3.14102,66.7116,-0.0889268,-600,28.0763,46496.3,-154.982,0.344272,89.9905
0.340214,11624.5,-77.3775,0.257529,3.14102,66.3208,-0.0882915,-600,28.0703,46426.5,-154.517,0.342841,89.9905
0.340224,11624.5,-77.2611,0.256755,3.14102,65.9094,-0.0875853,-600,28.0643,46356.6,-154.053,0.341125,89.9905
0.340234,11624.5,-77.1447,0.255981,3.14103,65.5215,-0.0869554,-600,28.0583,46286.8,-153.589,0.339694,89.9905
0.340244,11624.5,-77.0283,0.25521,3.14103,65.124,-0.0862916,-600,28.0523,46217,-153.126,0.33812,89.9905
0.340254,11624.5,-76.9119,0.254439,3.14103,64.7279,-0.0856306,-600,28.0463,46147.1,-152.663,0.336547,89.9905
0.340264,11624.5,-76.7955,0.253669,3.14103,64.3443,-0.0850087,-600,28.0403,46077.3,-152.202,0.335116,89.9905
0.340274,11624.5,-76.6791,0.252901,3.14104,63.9511,-0.0843533,-600,28.0343,46007.4,-151.74,0.333543,89.9905
0.340284,11624.5,-76.5627,0.252134,3.14104,63.5593,-0.0837006,-600,28.0283,45937.6,-151.28,0.331969,89.9905
0.340294,11624.5,-76.4463,0.251368,3.14104,63.1798,-0.0830867,-600,28.0223,45867.8,-150.82,0.330539,89.9905
0.340304,11624.5,-76.3299,0.250603,3.14104,62.7909,-0.0824395,-600,28.0163,45797.9,-150.362,0.328965,89.9905
0.340314,11624.5,-76.2135,0.249839,3.14105,62.4142,-0.0818309,-600,28.0103,45728.1,-149.903,0.327535,89.9905
0.340324,11624.5,-76.0971,0.249076,3.14105,62.0281,-0.0811892,-600,28.0043,45658.2,-149.446,0.325961,89.9905
0.340334,11624.5,-75.9807,0.248315,3.14105,61.6542,-0.0805858,-600,27.9983,45588.4,-148.989,0.324531,89.9905
0.340344,11624.5,-75.8643,0.247555,3.14105,61.2817,-0.0799849,-600,27.9923,45518.6,-148.533,0.3231,89.9905
0.340354,11624.5,-75.7479,0.246795,3.14106,60.8998,-0.0793513,-600,27.9863,45448.7,-148.077,0.321527,89.9905
0.340364,11624.5,-75.6315,0.246038,3.14106,60.53,-0.0787556,-600,27.9803,45378.9,-147.623,0.320096,89.9905
0.340374,11624.5,-75.5151,0.245281,3.14106,60.1508,-0.0781274,-600,27.9743,45309,-147.168,0.318522,89.9905
0.340384,11624.5,-75.3987,0.244525,3.14106,59.7839,-0.077537,-600,27.9683,45239.2,-146.715,0.317092,89.9905
0.340394,11624.5,-75.2823,0.243771,3.14107,59.4182,-0.076949,-600,27.9623,45169.3,-146.262,0.315661,89.9905
0.340404,11624.5,-75.1659,0.243017,3.14107,59.0539,-0.0763636,-600,27.9563,45099.5,-145.81,0.314231,89.9905
0.340414,11624.5,-75.0495,0.242265,3.14107,58.691,-0.0757807,-600,27.9503,45029.7,-145.359,0.3128,89.9905
0.340424,11624.5,-74.9331,0.241514,3.14107,58.3187,-0.0751658,-600,27.9443,44959.8,-144.909,0.311227,89.9905
0.340434,11624.5,-74.8167,0.240765,3.14108,57.9585,-0.074588,-600,27.9383,44890,-144.459,0.309796,89.9905
0.340444,11624.5,-74.7003,0.240016,3.14108,57.5997,-0.0740128,-600,27.9323,44820.1,-144.01,0.308366,89.9905
0.340454,11624.5,-74.5839,0.239269,3.14108,57.2421,-0.07344,-600,27.9263,44750.3,-143.561,0.306935,89.9905
0.340464,11624.5,-74.4675,0.238522,3.14108,56.8859,-0.0728697,-600,27.9203,44680.5,-143.113,0.305505,89.9905
0.340474,11624.5,-74.3511,0.237777,3.14109,56.5311,-0.072302,-600,27.9143,44610.6,-142.666,0.304074,89.9905
0.340484,11624.5,-74.2347,0.237033,3.14109,56.1775,-0.0717367,-600,27.9083,44540.8,-142.22,0.302644,89.9905
0.340494,11624.5,-74.1183,0.236291,3.14109,55.8253,-0.0711739,-600,27.9023,44470.9,-141.774,0.301213,89.9905
0.340504,11624.5,-74.0019,0.235549,3.14109,55.4745,-0.0706135,-600,27.8963,44401.1,-141.329,0.299783,89.9905
0.340514,11624.5,-73.8855,0.234809,3.1411,55.1249,-0.0700557,-600,27.8903,44331.2,-140.885,0.298352,89.9905
0.340524,11624.5,-73.7691,0.234069,3.1411,54.7872,-0.0695337,-600,27.8843,44261.4,-140.442,0.297065,89.9905
0.340534,11624.5,-73.6526,0.233331,3.1411,54.4403,-0.0689807,-600,27.8783,44191.6,-139.999,0.295634,89.9905
0.340544,11624.5,-73.5362,0.232594,3.1411,54.0947,-0.0684301,-600,27.8723,44121.7,-139.557,0.294204,89.9905
0.340555,11624.5,-73.4198,0.231858,3.1411,53.7504,-0.0678819,-600,27.8663,44051.9,-139.115,0.292773,89.9905
0.340565,11624.5,-73.3034,0.231124,3.14111,53.4073,-0.0673362,-600,27.8603,43982,-138.674,0.291343,89.9905
0.340575,11624.5,-73.187,0.23039,3.14111,53.0761,-0.0668259,-600,27.8543,43912.2,-138.234,0.290055,89.9905
0.340585,11624.5,-73.0706,0.229658,3.14111,52.7357,-0.066285,-600,27.8483,43842.4,-137.795,0.288625,89.9905
0.340595,11624.5,-72.9542,0.228927,3.14111,52.407,-0.0657793,-600,27.8423,43772.5,-137.356,0.287337,89.9905
0.340605,11624.5,-72.8378,0.228197,3.14112,52.0692,-0.0652431,-600,27.8363,43702.7,-136.918,0.285907,89.9905
0.340615,11624.5,-72.7214,0.227468,3.14112,51.7326,-0.0647093,-600,27.8303,43632.8,-136.481,0.284476,89.9905
0.340625,11624.5,-72.605,0.226741,3.14112,51.4077,-0.0642104,-600,27.8243,43563,-136.044,0.283189,89.9905
0.340635,11624.5,-72.4886,0.226014,3.14112,51.0737,-0.0636814,-600,27.8183,43493.1,-135.608,0.281758,89.9905
0.340645,11624.5,-72.3722,0.225289,3.14113,50.7513,-0.063187,-600,27.8123,43423.3,-135.173,0.280471,89.9905
0.340655,11624.5,-72.2558,0.224565,3.14113,50.4199,-0.0626626,-600,27.8063,43353.5,-134.739,0.27904,89.9905
0.340665,11624.5,-72.1394,0.223842,3.14113,50.1,-0.0621727,-600,27.8003,43283.6,-134.305,0.277753,89.9905
0.340675,11624.5,-72.023,0.22312,3.14113,49.7814,-0.061685,-600,27.7943,43213.8,-133.872,0.276465,89.9905
0.340685,11624.5,-71.9066,0.222399,3.14113,49.4537,-0.0611676,-600,27.7883,43143.9,-133.44,0.275035,89.9905
0.340695,11624.5,-71.7902,0.22168,3.14114,49.1376,-0.0606843,-600,27.7823,43074.1,-133.008,0.273747,89.9905
0.340705,11624.5,-71.6738,0.220962,3.14114,48.8227,-0.0602032,-600,27.7763,43004.3,-132.577,0.27246,89.9905
0.340715,11624.5,-71.5574,0.220245,3.14114,48.4987,-0.0596928,-600,27.7703,42934.4,-132.147,0.271029,89.9905
0.340725,11624.5,-71.441,0.219529,3.14114,48.1863,-0.0592161,-600,27.7643,42864.6,-131.717,0.269742,89.9905
0.340735,11624.5,-71.3246,0.218814,3.14115,47.8751,-0.0587415,-600,27.7583,42794.7,-131.288,0.268455,89.9905
0.340745,11624.5,-71.2082,0.2181,3.14115,47.5651,-0.0582692,-600,27.7523,42724.9,-130.86,0.267167,89.9905
0.340755,11624.5,-71.0918,0.217388,3.14115,47.2563,-0.0577989,-600,27.7463,42655.1,-130.433,0.26588,89.9905
0.340765,11624.5,-70.9754,0.216676,3.14115,46.9386,-0.0572999,-600,27.7403,42585.2,-130.006,0.264449,89.9905
0.340775,11624.5,-70.859,0.215966,3.14115,46.6322,-0.056834,-600,27.7343,42515.4,-129.58,0.263162,89.9905
0.340785,11624.5,-70.7426,0.215257,3.14116,46.3271,-0.0563703,-600,27.7283,42445.5,-129.154,0.261874,89.9905
0.340795,11624.5,-70.6262,0.214549,3.14116,46.0231,-0.0559087,-600,27.7223,42375.7,-128.73,0.260587,89.9905
0.340805,11624.5,-70.5098,0.213843,3.14116,45.7204,-0.0554493,-600,27.7163,42305.8,-128.306,0.259299,89.9905
0.340815,11624.5,-70.3934,0.213137,3.14116,45.4188,-0.0549919,-600,27.7103,42236,-127.882,0.258012,89.9905
0.340825,11624.5,-70.277,0.212433,3.14116,45.1185,-0.0545367,-600,27.7043,42166.2,-127.46,0.256724,89.9905
0.340835,11624.5,-70.1606,0.21173,3.14117,44.8294,-0.0541139,-600,27.6983,42096.3,-127.038,0.25558,89.9905
0.340845,11624.5,-70.0442,0.211028,3.14117,44.5213,-0.0536326,-600,27.6923,42026.5,-126.617,0.254149,89.9905
0.340855,11624.5,-69.9278,0.210327,3.14117,44.2346,-0.0532138,-600,27.6863,41956.6,-126.196,0.253005,89.9905
0.340865,11624.5,-69.8114,0.209627,3.14117,43.9389,-0.0527669,-600,27.6803,41886.8,-125.776,0.251718,89.9905
0.340875,11624.5,-69.6949,0.208929,3.14118,43.6445,-0.0523221,-600,27.6743,41817,-125.357,0.25043,89.9905
0.340885,11624.5,-69.5785,0.208232,3.14118,43.3512,-0.0518794,-600,27.6683,41747.1,-124.939,0.249143,89.9905
0.340895,11624.5,-69.4621,0.207536,3.14118,43.0591,-0.0514388,-600,27.6623,41677.3,-124.521,0.247855,89.9905
0.340905,11624.5,-69.3457,0.206841,3.14118,42.7781,-0.0510298,-600,27.6563,41607.4,-124.104,0.246711,89.9905
0.340915,11624.5,-69.2293,0.206147,3.14118,42.4884,-0.0505932,-600,27.6503,41537.6,-123.688,0.245423,89.9905
0.340925,11624.5,-69.1129,0.205454,3.14119,42.1998,-0.0501587,-600,27.6443,41467.7,-123.272,0.244136,89.9905
0.340935,11624.5,-68.9965,0.204763,3.14119,41.9222,-0.0497556,-600,27.6383,41397.9,-122.858,0.242991,89.9905
0.340945,11624.5,-68.8801,0.204072,3.14119,41.6359,-0.0493251,-600,27.6323,41328.1,-122.443,0.241704,89.9905
0.340955,11624.5,-68.7637,0.203383,3.14119,41.3606,-0.0489258,-600,27.6263,41258.2,-122.03,0.24056,89.9905
0.340965,11624.5,-68.6473,0.202695,3.14119,41.0766,-0.0484993,-600,27.6203,41188.4,-121.617,0.239272,89.9905
0.340975,11624.5,-68.5309,0.202008,3.1412,40.8035,-0.0481038,-600,27.6143,41118.5,-121.205,0.238128,89.9905
0.340985,11624.5,-68.4145,0.201323,3.1412,40.5218,-0.0476813,-600,27.6083,41048.7,-120.794,0.23684,89.9905
0.340995,11624.5,-68.2981,0.200638,3.1412,40.251,-0.0472896,-600,27.6023,40978.9,-120.383,0.235696,89.9905
0.341005,11624.5,-68.1817,0.199955,3.1412,39.9715,-0.0468711,-600,27.5963,40909,-119.973,0.234408,89.9905
0.341015,11624.5,-68.0653,0.199273,3.1412,39.7029,-0.0464831,-600,27.5903,40839.2,-119.564,0.233264,89.9905
0.341025,11624.5,-67.9489,0.198592,3.14121,39.4355,-0.046097,-600,27.5843,40769.3,-119.155,0.23212,89.9905
0.341035,11624.5,-67.8325,0.197912,3.14121,39.1691,-0.0457127,-600,27.5783,40699.5,-118.747,0.230975,89.9905
0.341045,11624.5,-67.7161,0.197233,3.14121,38.8941,-0.045302,-600,27.5723,40629.6,-118.34,0.229688,89.9905
0.341055,11624.5,-67.5997,0.196556,3.14121,38.6299,-0.0449215,-600,27.5663,40559.8,-117.933,0.228543,89.9905
0.341065,11624.5,-67.4833,0.195879,3.14121,38.3572,-0.0445147,-600,27.5603,40490,-117.528,0.227256,89.9905
0.341075,11624.5,-67.3669,0.195204,3.14122,38.0952,-0.0441379,-600,27.5543,40420.1,-117.122,0.226111,89.9905
0.341085,11624.5,-67.2505,0.19453,3.14122,37.8343,-0.0437629,-600,27.5483,40350.3,-116.718,0.224967,89.9905
0.341095,11624.5,-67.1341,0.193857,3.14122,37.5745,-0.0433896,-600,27.5423,40280.4,-116.314,0.223823,89.9905
0.341105,11624.5,-67.0177,0.193186,3.14122,37.3158,-0.0430182,-600,27.5363,40210.6,-115.911,0.222678,89.9905
0.341115,11624.5,-66.9013,0.192515,3.14122,37.0581,-0.0426486,-600,27.5303,40140.8,-115.509,0.221534,89.9905
0.341125,11624.5,-66.7849,0.191846,3.14123,36.8016,-0.0422808,-600,27.5243,40070.9,-115.107,0.220389,89.9905
0.341135,11624.5,-66.6685,0.191178,3.14123,36.5461,-0.0419147,-600,27.5183,40001.1,-114.707,0.219245,89.9905
0.341145,11624.5,-66.5521,0.190511,3.14123,36.2916,-0.0415505,-600,27.5123,39931.2,-114.306,0.218101,89.9905
0.341155,11624.5,-66.4357,0.189845,3.14123,36.0383,-0.041188,-600,27.5063,39861.4,-113.907,0.216956,89.9905
0.341165,11624.5,-66.3193,0.18918,3.14123,35.7859,-0.0408273,-600,27.5003,39791.5,-113.508,0.215812,89.9905
0.341175,11624.5,-66.2029,0.188517,3.14123,35.5347,-0.0404684,-600,27.4943,39721.7,-113.11,0.214667,89.9905
0.341185,11624.5,-66.0865,0.187854,3.14124,35.2845,-0.0401112,-600,27.4883,39651.9,-112.713,0.213523,89.9905
0.341195,11624.5,-65.9701,0.187193,3.14124,35.0354,-0.0397558,-600,27.4823,39582,-112.316,0.212379,89.9905
0.341205,11624.5,-65.8537,0.186533,3.14124,34.7873,-0.0394021,-600,27.4763,39512.2,-111.92,0.211234,89.9905
0.341215,11624.5,-65.7373,0.185874,3.14124,34.5403,-0.0390503,-600,27.4703,39442.3,-111.525,0.21009,89.9905
0.341225,11624.5,-65.6208,0.185217,3.14124,34.2943,-0.0387001,-600,27.4643,39372.5,-111.13,0.208945,89.9905
0.341235,11624.5,-65.5044,0.18456,3.14125,34.0587,-0.0383781,-600,27.4583,39302.7,-110.736,0.207944,89.9905
0.341245,11624.5,-65.388,0.183905,3.14125,33.8148,-0.0380314,-600,27.4523,39232.8,-110.343,0.2068,89.9905
0.341255,11624.5,-65.2716,0.183251,3.14125,33.5719,-0.0376864,-600,27.4463,39163,-109.95,0.205655,89.9905
0.341265,11624.5,-65.1552,0.182597,3.14125,33.3394,-0.0373693,-600,27.4403,39093.1,-109.558,0.204654,89.9905
0.341275,11624.5,-65.0388,0.181946,3.14125,33.0985,-0.0370276,-600,27.4343,39023.3,-109.167,0.203509,89.9905
0.341285,11624.5,-64.9224,0.181295,3.14126,32.8587,-0.0366877,-600,27.4283,38953.5,-108.777,0.202365,89.9905
0.341296,11624.5,-64.806,0.180645,3.14126,32.6292,-0.0363754,-600,27.4223,38883.6,-108.387,0.201364,89.9905
0.341306,11624.5,-64.6896,0.179997,3.14126,32.3915,-0.0360389,-600,27.4163,38813.8,-107.998,0.200219,89.9905
0.341316,11624.5,-64.5732,0.17935,3.14126,32.164,-0.0357297,-600,27.4103,38743.9,-107.61,0.199218,89.9905
0.341326,11624.5,-64.4568,0.178704,3.14126,31.9282,-0.0353965,-600,27.4043,38674.1,-107.222,0.198073,89.9905
0.341336,11624.5,-64.3404,0.178059,3.14126,31.7027,-0.0350904,-600,27.3983,38604.2,-106.835,0.197072,89.9905
0.341346,11624.5,-64.224,0.177415,3.14127,31.469,-0.0347606,-600,27.3923,38534.4,-106.449,0.195928,89.9905
0.341356,11624.5,-64.1076,0.176773,3.14127,31.2454,-0.0344577,-600,27.3863,38464.6,-106.064,0.194926,89.9905
0.341366,11624.5,-63.9912,0.176131,3.14127,31.0137,-0.0341311,-600,27.3803,38394.7,-105.679,0.193782,89.9905
0.341376,11624.5,-63.8748,0.175491,3.14127,30.7921,-0.0338313,-600,27.3743,38324.9,-105.295,0.19278,89.9905
0.341386,11624.5,-63.7584,0.174852,3.14127,30.5715,-0.033533,-600,27.3683,38255,-104.911,0.191779,89.9905
0.341396,11624.5,-63.642,0.174214,3.14127,30.3427,-0.0332113,-600,27.3623,38185.2,-104.529,0.190635,89.9905
0.341406,11624.5,-63.5256,0.173578,3.14128,30.1241,-0.0329161,-600,27.3563,38115.4,-104.147,0.189633,89.9905
0.341416,11624.5,-63.4092,0.172942,3.14128,29.9064,-0.0326224,-600,27.3503,38045.5,-103.765,0.188632,89.9905
0.341426,11624.5,-63.2928,0.172308,3.14128,29.6806,-0.0323056,-600,27.3443,37975.7,-103.385,0.187488,89.9905
0.341436,11624.5,-63.1764,0.171674,3.14128,29.4648,-0.0320149,-600,27.3383,37905.8,-103.005,0.186486,89.9905
0.341446,11624.5,-63.06,0.171042,3.14128,29.25,-0.0317258,-600,27.3323,37836,-102.625,0.185485,89.9905
0.341456,11624.5,-62.9436,0.170412,3.14129,29.0361,-0.0314381,-600,27.3263,37766.1,-102.247,0.184484,89.9905
0.341466,11624.5,-62.8272,0.169782,3.14129,28.8232,-0.0311519,-600,27.3203,37696.3,-101.869,0.183482,89.9905
0.341476,11624.5,-62.7108,0.169153,3.14129,28.6022,-0.030843,-600,27.3143,37626.5,-101.492,0.182338,89.9905
0.341486,11624.5,-62.5944,0.168526,3.14129,28.4002,-0.030584,-600,27.3083,37556.6,-101.116,0.181479,89.9905
0.341496,11624.5,-62.478,0.1679,3.14129,28.1812,-0.0302782,-600,27.3023,37486.8,-100.74,0.180335,89.9905
0.341506,11624.5,-62.3616,0.167275,3.14129,27.972,-0.029998,-600,27.2963,37416.9,-100.365,0.179334,89.9905
0.341516,11624.5,-62.2452,0.166651,3.1413,27.7638,-0.0297192,-600,27.2903,37347.1,-99.9905,0.178332,89.9905
0.341526,11624.5,-62.1288,0.166028,3.1413,27.5565,-0.0294419,-600,27.2843,37277.3,-99.6168,0.177331,89.9905
0.341536,11624.5,-62.0124,0.165407,3.1413,27.3502,-0.0291661,-600,27.2783,37207.4,-99.2439,0.17633,89.9905
0.341546,11624.5,-61.896,0.164786,3.1413,27.1537,-0.0289152,-600,27.2723,37137.6,-98.8717,0.175471,89.9905
0.341556,11624.5,-61.7796,0.164167,3.1413,26.9403,-0.0286187,-600,27.2663,37067.7,-98.5001,0.174327,89.9905
0.341566,11624.5,-61.6632,0.163549,3.1413,26.7456,-0.0283706,-600,27.2603,36997.9,-98.1293,0.173469,89.9905
0.341576,11624.5,-61.5468,0.162932,3.14131,26.5429,-0.0281004,-600,27.2543,36928,-97.7592,0.172467,89.9905
0.341586,11624.5,-61.4304,0.162316,3.14131,26.3412,-0.0278317,-600,27.2483,36858.2,-97.3898,0.171466,89.9905
0.341596,11624.5,-61.3139,0.161702,3.14131,26.1403,-0.0275644,-600,27.2423,36788.4,-97.021,0.170465,89.9905
0.341606,11624.5,-61.1975,0.161088,3.14131,25.9404,-0.0272985,-600,27.2363,36718.5,-96.653,0.169463,89.9905
0.341616,11624.5,-61.0811,0.160476,3.14131,25.7501,-0.0270571,-600,27.2303,36648.7,-96.2857,0.168605,89.9905
0.341626,11624.5,-60.9647,0.159865,3.14131,25.552,-0.0267939,-600,27.2243,36578.8,-95.919,0.167603,89.9905
0.341636,11624.5,-60.8483,0.159255,3.14131,25.3548,-0.0265322,-600,27.2183,36509,-95.5531,0.166602,89.9905
0.341646,11624.5,-60.7319,0.158646,3.14132,25.1672,-0.0262947,-600,27.2123,36439.2,-95.1879,0.165744,89.9905
0.341656,11624.5,-60.6155,0.158039,3.14132,24.9717,-0.0260357,-600,27.2063,36369.3,-94.8233,0.164742,89.9905
0.341666,11624.5,-60.4991,0.157432,3.14132,24.7772,-0.0257782,-600,27.2003,36299.5,-94.4595,0.163741,89.9905
0.341676,11624.5,-60.3827,0.156827,3.14132,24.5922,-0.0255445,-600,27.1943,36229.6,-94.0963,0.162883,89.9905
0.341686,11624.5,-60.2663,0.156223,3.14132,24.3994,-0.0252896,-600,27.1883,36159.8,-93.7339,0.161881,89.9905
0.341696,11624.5,-60.1499,0.15562,3.14132,24.2075,-0.0250362,-600,27.1823,36089.9,-93.3722,0.16088,89.9905
0.341706,11624.5,-60.0335,0.155019,3.14133,24.0251,-0.0248063,-600,27.1763,36020.1,-93.0111,0.160022,89.9905
0.341716,11624.5,-59.9171,0.154418,3.14133,23.8436,-0.0245777,-600,27.1703,35950.3,-92.6508,0.159163,89.9905
0.341726,11624.5,-59.8007,0.153819,3.14133,23.6543,-0.0243283,-600,27.1643,35880.4,-92.2911,0.158162,89.9905
0.341736,11624.5,-59.6843,0.15322,3.14133,23.4659,-0.0240802,-600,27.1583,35810.6,-91.9322,0.157161,89.9905
0.341746,11624.5,-59.5679,0.152623,3.14133,23.2869,-0.0238554,-600,27.1523,35740.7,-91.574,0.156302,89.9905
0.341756,11624.5,-59.4515,0.152027,3.14133,23.1088,-0.0236318,-600,27.1463,35670.9,-91.2164,0.155444,89.9905
0.341766,11624.5,-59.3351,0.151433,3.14134,22.9315,-0.0234093,-600,27.1403,35601.1,-90.8596,0.154586,89.9905
0.341776,11624.5,-59.2187,0.150839,3.14134,22.7465,-0.0231665,-600,27.1343,35531.2,-90.5034,0.153584,89.9905
0.341786,11624.5,-59.1023,0.150247,3.14134,22.5709,-0.0229466,-600,27.1283,35461.4,-90.148,0.152726,89.9905
0.341796,11624.5,-58.9859,0.149655,3.14134,22.3877,-0.0227064,-600,27.1222,35391.5,-89.7932,0.151725,89.9905
0.341806,11624.5,-58.8695,0.149065,3.14134,22.2137,-0.022489,-600,27.1162,35321.7,-89.4392,0.150867,89.9905
0.341816,11624.5,-58.7531,0.148476,3.14134,22.0406,-0.0222727,-600,27.1102,35251.8,-89.0858,0.150008,89.9905
0.341826,11624.5,-58.6367,0.147889,3.14134,21.8683,-0.0220576,-600,27.1042,35182,-88.7332,0.14915,89.9905
0.341836,11624.5,-58.5203,0.147302,3.14135,21.6968,-0.0218437,-600,27.0982,35112.2,-88.3812,0.148292,89.9905
0.341846,11624.5,-58.4039,0.146717,3.14135,21.5178,-0.0216099,-600,27.0922,35042.3,-88.03,0.14729,89.9905
0.341856,11624.5,-58.2875,0.146132,3.14135,21.348,-0.0213985,-600,27.0862,34972.5,-87.6795,0.146432,89.9905
0.341866,11624.5,-58.1711,0.145549,3.14135,21.1789,-0.0211881,-600,27.0802,34902.6,-87.3296,0.145574,89.9905
0.341876,11624.5,-58.0547,0.144967,3.14135,21.0107,-0.020979,-600,27.0742,34832.8,-86.9805,0.144715,89.9905
0.341886,11624.5,-57.9383,0.144387,3.14135,20.8433,-0.020771,-600,27.0682,34763,-86.632,0.143857,89.9905
0.341896,11624.5,-57.8219,0.143807,3.14135,20.6767,-0.0205642,-600,27.0622,34693.1,-86.2842,0.142999,89.9905
0.341906,11624.5,-57.7055,0.143229,3.14136,20.5109,-0.0203586,-600,27.0562,34623.3,-85.9372,0.14214,89.9905
0.341916,11624.5,-57.5891,0.142651,3.14136,20.346,-0.0201541,-600,27.0502,34553.4,-85.5908,0.141282,89.9905
0.341926,11624.5,-57.4727,0.142075,3.14136,20.1818,-0.0199508,-600,27.0442,34483.6,-85.2452,0.140424,89.9905
0.341936,11624.5,-57.3563,0.1415,3.14136,20.0184,-0.0197486,-600,27.0382,34413.8,-84.9002,0.139565,89.9905
0.341946,11624.5,-57.2399,0.140927,3.14136,19.8558,-0.0195475,-600,27.0322,34343.9,-84.556,0.138707,89.9905
0.341956,11624.5,-57.1235,0.140354,3.14136,19.694,-0.0193476,-600,27.0262,34274.1,-84.2124,0.137849,89.9905
0.341966,11624.5,-57.007,0.139783,3.14136,19.5329,-0.0191489,-600,27.0202,34204.2,-83.8696,0.136991,89.9905
0.341976,11624.5,-56.8906,0.139212,3.14137,19.3727,-0.0189513,-600,27.0142,34134.4,-83.5274,0.136132,89.9905
0.341986,11624.5,-56.7742,0.138643,3.14137,19.2214,-0.0187747,-600,27.0082,34064.5,-83.186,0.135417,89.9905
0.341996,11624.5,-56.6578,0.138075,3.14137,19.0627,-0.0185792,-600,27.0022,33994.7,-82.8452,0.134559,89.9905
0.342006,11624.5,-56.5414,0.137509,3.14137,18.9048,-0.0183849,-600,26.9962,33924.9,-82.5051,0.1337,89.9905
0.342016,11624.5,-56.425,0.136943,3.14137,18.7476,-0.0181918,-600,26.9902,33855,-82.1658,0.132842,89.9905
0.342027,11624.5,-56.3086,0.136379,3.14137,18.5913,-0.0179997,-600,26.9842,33785.2,-81.8271,0.131984,89.9905
0.342037,11624.5,-56.1922,0.135815,3.14137,18.4437,-0.0178283,-600,26.9782,33715.3,-81.4892,0.131269,89.9905
0.342047,11624.5,-56.0758,0.135253,3.14138,18.2889,-0.0176384,-600,26.9722,33645.5,-81.1519,0.13041,89.9905
0.342057,11624.5,-55.9594,0.134692,3.14138,18.1348,-0.0174496,-600,26.9662,33575.6,-80.8153,0.129552,89.9905
0.342067,11624.5,-55.843,0.134132,3.14138,17.9895,-0.0172812,-600,26.9602,33505.8,-80.4795,0.128837,89.9905
0.342077,11624.5,-55.7266,0.133574,3.14138,17.837,-0.0170946,-600,26.9542,33436,-80.1443,0.127978,89.9905
0.342087,11624.5,-55.6102,0.133016,3.14138,17.6852,-0.016909,-600,26.9482,33366.1,-79.8098,0.12712,89.9905
0.342097,11624.5,-55.4938,0.13246,3.14138,17.5421,-0.0167436,-600,26.9422,33296.3,-79.4761,0.126405,89.9905
0.342107,11624.5,-55.3774,0.131905,3.14138,17.3918,-0.0165602,-600,26.9362,33226.4,-79.143,0.125546,89.9905
0.342117,11624.5,-55.261,0.131351,3.14138,17.2502,-0.0163967,-600,26.9302,33156.6,-78.8106,0.124831,89.9905
0.342127,11624.5,-55.1446,0.130798,3.14139,17.1014,-0.0162154,-600,26.9242,33086.8,-78.479,0.123973,89.9905
0.342137,11624.5,-55.0282,0.130247,3.14139,16.9612,-0.0160539,-600,26.9182,33016.9,-78.148,0.123258,89.9905
0.342147,11624.5,-54.9118,0.129696,3.14139,16.8138,-0.0158747,-600,26.9122,32947.1,-77.8177,0.122399,89.9905
0.342157,11624.5,-54.7954,0.129147,3.14139,16.6751,-0.0157151,-600,26.9062,32877.2,-77.4882,0.121684,89.9905
0.342167,11624.5,-54.679,0.128599,3.14139,16.5292,-0.0155381,-600,26.9002,32807.4,-77.1593,0.120826,89.9905
0.342177,11624.5,-54.5626,0.128052,3.14139,16.3919,-0.0153804,-600,26.8942,32737.6,-76.8311,0.120111,89.9905
0.342187,11624.5,-54.4462,0.127506,3.14139,16.2553,-0.0152236,-600,26.8882,32667.7,-76.5037,0.119395,89.9905
0.342197,11624.5,-54.3298,0.126961,3.1414,16.1116,-0.0150496,-600,26.8822,32597.9,-76.1769,0.118537,89.9905
0.342207,11624.5,-54.2134,0.126418,3.1414,15.9764,-0.0148948,-600,26.8762,32528,-75.8508,0.117822,89.9905
0.342217,11624.5,-54.097,0.125876,3.1414,15.8419,-0.0147409,-600,26.8702,32458.2,-75.5254,0.117106,89.9905
0.342227,11624.5,-53.9806,0.125335,3.1414,15.7004,-0.0145699,-600,26.8642,32388.3,-75.2008,0.116248,89.9905
0.342237,11624.5,-53.8642,0.124795,3.1414,15.5673,-0.0144179,-600,26.8582,32318.5,-74.8768,0.115533,89.9905
0.342247,11624.5,-53.7478,0.124256,3.1414,15.4349,-0.0142668,-600,26.8522,32248.7,-74.5535,0.114818,89.9905
0.342257,11624.5,-53.6314,0.123718,3.1414,15.3032,-0.0141165,-600,26.8462,32178.8,-74.2309,0.114102,89.9905
0.342267,11624.5,-53.515,0.123182,3.1414,15.1722,-0.0139672,-600,26.8402,32109,-73.9091,0.113387,89.9905
0.342277,11624.5,-53.3986,0.122646,3.14141,15.0342,-0.0138013,-600,26.8342,32039.1,-73.5879,0.112529,89.9905
0.342287,11624.5,-53.2822,0.122112,3.14141,14.9045,-0.0136538,-600,26.8282,31969.3,-73.2674,0.111814,89.9905
0.342297,11624.5,-53.1658,0.121579,3.14141,14.7756,-0.0135073,-600,26.8222,31899.5,-72.9476,0.111098,89.9905
0.342307,11624.5,-53.0494,0.121048,3.14141,14.6473,-0.0133616,-600,26.8162,31829.6,-72.6286,0.110383,89.9905
0.342317,11624.5,-52.9329,0.120517,3.14141,14.5196,-0.0132168,-600,26.8102,31759.8,-72.3102,0.109668,89.9905
0.342327,11624.5,-52.8165,0.119988,3.14141,14.3927,-0.0130729,-600,26.8042,31689.9,-71.9925,0.108953,89.9905
0.342337,11624.5,-52.7001,0.119459,3.14141,14.2664,-0.0129299,-600,26.7982,31620.1,-71.6755,0.108237,89.9905
0.342347,11624.5,-52.5837,0.118932,3.14141,14.1408,-0.0127878,-600,26.7922,31550.2,-71.3592,0.107522,89.9905
0.342357,11624.5,-52.4673,0.118406,3.14141,14.0159,-0.0126466,-600,26.7862,31480.4,-71.0437,0.106807,89.9905
0.342367,11624.5,-52.3509,0.117881,3.14142,13.8916,-0.0125062,-600,26.7802,31410.6,-70.7288,0.106091,89.9905
0.342377,11624.5,-52.2345,0.117358,3.14142,13.768,-0.0123667,-600,26.7742,31340.7,-70.4146,0.105376,89.9905
0.342387,11624.5,-52.1181,0.116835,3.14142,13.645,-0.0122281,-600,26.7682,31270.9,-70.1011,0.104661,89.9905
0.342397,11624.5,-52.0017,0.116314,3.14142,13.5227,-0.0120903,-600,26.7622,31201,-69.7883,0.103946,89.9905
0.342407,11624.5,-51.8853,0.115794,3.14142,13.4011,-0.0119534,-600,26.7562,31131.2,-69.4763,0.10323,89.9905
0.342417,11624.5,-51.7689,0.115275,3.14142,13.2801,-0.0118174,-600,26.7502,31061.3,-69.1649,0.102515,89.9905
0.342427,11624.5,-51.6525,0.114757,3.14142,13.1671,-0.0116987,-600,26.7442,30991.5,-68.8542,0.101943,89.9905
0.342437,11624.5,-51.5361,0.11424,3.14142,13.0474,-0.0115643,-600,26.7382,30921.7,-68.5442,0.101228,89.9905
0.342447,11624.5,-51.4197,0.113725,3.14143,12.9283,-0.0114308,-600,26.7322,30851.8,-68.2349,0.100512,89.9905
0.342457,11624.5,-51.3033,0.113211,3.14143,12.8099,-0.0112981,-600,26.7262,30782,-67.9263,0.0997972,89.9905
0.342467,11624.5,-51.1869,0.112697,3.14143,12.6921,-0.0111663,-600,26.7202,30712.1,-67.6184,0.099082,89.9905
0.342477,11624.5,-51.0705,0.112185,3.14143,12.5823,-0.0110514,-600,26.7142,30642.3,-67.3112,0.0985098,89.9905
0.342487,11624.5,-50.9541,0.111675,3.14143,12.4658,-0.0109212,-600,26.7082,30572.5,-67.0048,0.0977945,89.9905
0.342497,11624.5,-50.8377,0.111165,3.14143,12.3499,-0.0107918,-600,26.7022,30502.6,-66.699,0.0970793,89.9905
0.342507,11624.5,-50.7213,0.110656,3.14143,12.2419,-0.0106791,-600,26.6962,30432.8,-66.3939,0.0965071,89.9905
0.342517,11624.5,-50.6049,0.110149,3.14143,12.1272,-0.0105514,-600,26.6902,30362.9,-66.0895,0.0957918,89.9905
0.342527,11624.5,-50.4885,0.109643,3.14143,12.0132,-0.0104245,-600,26.6842,30293.1,-65.7858,0.0950766,89.9905
0.342537,11624.5,-50.3721,0.109138,3.14144,11.907,-0.010314,-600,26.6782,30223.3,-65.4828,0.0945043,89.9905
0.342547,11624.5,-50.2557,0.108634,3.14144,11.7943,-0.0101887,-600,26.6722,30153.4,-65.1805,0.0937891,89.9905
0.342557,11624.5,-50.1393,0.108132,3.14144,11.6893,-0.0100797,-600,26.6662,30083.6,-64.8789,0.0932169,89.9905
0.342567,11624.5,-50.0229,0.10763,3.14144,11.5777,-0.00995595,-600,26.6602,30013.7,-64.578,0.0925016,89.9905
0.342577,11624.5,-49.9065,0.10713,3.14144,11.4739,-0.00984837,-600,26.6542,29943.9,-64.2778,0.0919294,89.9905
0.342587,11624.5,-49.7901,0.106631,3.14144,11.3636,-0.00972622,-600,26.6482,29874,-63.9783,0.0912142,89.9905
0.342597,11624.5,-49.6737,0.106133,3.14144,11.261,-0.00962006,-600,26.6422,29804.2,-63.6795,0.090642,89.9905
0.342607,11624.5,-49.5573,0.105636,3.14144,11.1519,-0.00949947,-600,26.6362,29734.4,-63.3814,0.0899267,89.9905
0.342617,11624.5,-49.4409,0.10514,3.14144,11.0504,-0.00939474,-600,26.6302,29664.5,-63.084,0.0893545,89.9905
0.342627,11624.5,-49.3245,0.104646,3.14144,10.9496,-0.00929067,-600,26.6242,29594.7,-62.7873,0.0887823,89.9905
0.342637,11624.5,-49.2081,0.104152,3.14145,10.8422,-0.00917238,-600,26.6182,29524.8,-62.4913,0.088067,89.9905
0.342647,11624.5,-49.0917,0.10366,3.14145,10.7425,-0.00906972,-600,26.6122,29455,-62.196,0.0874948,89.9905
0.342657,11624.5,-48.9753,0.103169,3.14145,10.6364,-0.00895297,-600,26.6062,29385.2,-61.9014,0.0867796,89.9905
0.342667,11624.5,-48.8589,0.102679,3.14145,10.5378,-0.00885171,-600,26.6002,29315.3,-61.6075,0.0862074,89.9905
0.342677,11624.5,-48.7425,0.102191,3.14145,10.4398,-0.00875111,-600,26.5942,29245.5,-61.3143,0.0856352,89.9905
0.342687,11624.5,-48.626,0.101703,3.14145,10.3424,-0.00865116,-600,26.5882,29175.6,-61.0218,0.085063,89.9905
0.342697,11624.5,-48.5096,0.101217,3.14145,10.2386,-0.0085374,-600,26.5822,29105.8,-60.73,0.0843477,89.9905
0.342707,11624.5,-48.3932,0.100732,3.14145,10.1423,-0.00843884,-600,26.5762,29035.9,-60.4389,0.0837755,89.9905
0.342717,11624.5,-48.2768,0.100248,3.14145,10.0465,-0.00834093,-600,26.5702,28966.1,-60.1485,0.0832033,89.9905
0.342727,11624.5,-48.1604,0.0997647,3.14146,9.94446,-0.0082294,-600,26.5642,28896.3,-59.8588,0.0824881,89.9905
0.342737,11624.5,-48.044,0.099283,3.14146,9.84984,-0.00813285,-600,26.5582,28826.4,-59.5698,0.0819158,89.9905
0.342747,11624.5,-47.9276,0.0988025,3.14146,9.75577,-0.00803696,-600,26.5522,28756.6,-59.2815,0.0813436,89.9905
0.342757,11624.5,-47.8112,0.0983232,3.14146,9.66225,-0.0079417,-600,26.5462,28686.7,-58.9939,0.0807714,89.9905
0.342768,11624.5,-47.6948,0.097845,3.14146,9.56927,-0.00784709,-600,26.5402,28616.9,-58.707,0.0801992,89.9905
0.342778,11624.5,-47.5784,0.097368,3.14146,9.47684,-0.00775312,-600,26.5342,28547.1,-58.4208,0.079627,89.9905
0.342788,11624.5,-47.462,0.0968921,3.14146,9.38495,-0.00765979,-600,26.5282,28477.2,-58.1353,0.0790548,89.9905
0.342798,11624.5,-47.3456,0.0964174,3.14146,9.2936,-0.00756709,-600,26.5222,28407.4,-57.8505,0.0784826,89.9905
0.342808,11624.5,-47.2292,0.0959439,3.14146,9.20279,-0.00747503,-600,26.5162,28337.5,-57.5664,0.0779104,89.9905
0.342818,11624.5,-47.1128,0.0954716,3.14146,9.11251,-0.0073836,-600,26.5102,28267.7,-57.2829,0.0773382,89.9905
0.342828,11624.5,-46.9964,0.0950004,3.14146,9.02277,-0.0072928,-600,26.5042,28197.8,-57.0002,0.076766,89.9905
0.342838,11624.5,-46.88,0.0945304,3.14147,8.93356,-0.00720263,-600,26.4982,28128,-56.7182,0.0761938,89.9905
0.342848,11624.5,-46.7636,0.0940615,3.14147,8.84488,-0.00711308,-600,26.4922,28058.2,-56.4369,0.0756216,89.9905
0.342858,11624.5,-46.6472,0.0935938,3.14147,8.75673,-0.00702416,-600,26.4862,27988.3,-56.1563,0.0750494,89.9905
0.342868,11624.5,-46.5308,0.0931273,3.14147,8.6691,-0.00693586,-600,26.4802,27918.5,-55.8764,0.0744772,89.9905
0.342878,11624.5,-46.4144,0.0926619,3.14147,8.582,-0.00684818,-600,26.4742,27848.6,-55.5972,0.073905,89.9905
0.342888,11624.5,-46.298,0.0921978,3.14147,8.49542,-0.00676112,-600,26.4682,27778.8,-55.3187,0.0733328,89.9905
0.342898,11624.5,-46.1816,0.0917347,3.14147,8.40936,-0.00667467,-600,26.4622,27709,-55.0408,0.0727606,89.9905
0.342908,11624.5,-46.0652,0.0912729,3.14147,8.32381,-0.00658884,-600,26.4562,27639.1,-54.7637,0.0721884,89.9905
0.342918,11624.5,-45.9488,0.0908122,3.14147,8.23879,-0.00650362,-600,26.4502,27569.3,-54.4873,0.0716162,89.9905
0.342928,11624.5,-45.8324,0.0903527,3.14147,8.16083,-0.00643194,-600,26.4442,27499.4,-54.2116,0.071187,89.9905
0.342938,11624.5,-45.716,0.0898943,3.14147,8.07681,-0.00634787,-600,26.4382,27429.6,-53.9366,0.0706148,89.9905
0.342948,11624.5,-45.5996,0.0894371,3.14148,7.99331,-0.00626441,-600,26.4322,27359.7,-53.6623,0.0700426,89.9905
0.342958,11624.5,-45.4832,0.0889811,3.14148,7.91682,-0.00619428,-600,26.4262,27289.9,-53.3886,0.0696135,89.9905
0.342968,11624.5,-45.3668,0.0885262,3.14148,7.83431,-0.00611196,-600,26.4202,27220.1,-53.1157,0.0690413,89.9905
0.342978,11624.5,-45.2504,0.0880725,3.14148,7.75231,-0.00603024,-600,26.4142,27150.2,-52.8435,0.068469,89.9905
0.342988,11624.5,-45.134,0.08762,3.14148,7.67081,-0.00594912,-600,26.4082,27080.4,-52.572,0.0678968,89.9905
0.342998,11624.5,-45.0176,0.0871686,3.14148,7.59625,-0.00588106,-600,26.4022,27010.5,-52.3011,0.0674677,89.9905
0.343008,11624.5,-44.9012,0.0867184,3.14148,7.51573,-0.00580107,-600,26.3962,26940.7,-52.031,0.0668955,89.9905
0.343018,11624.5,-44.7848,0.0862693,3.14148,7.44212,-0.00573401,-600,26.3902,26870.9,-51.7616,0.0664663,89.9905
0.343028,11624.5,-44.6684,0.0858215,3.14148,7.36258,-0.00565513,-600,26.3842,26801,-51.4929,0.0658941,89.9905
0.343038,11624.5,-44.5519,0.0853748,3.14148,7.28353,-0.00557684,-600,26.3782,26731.2,-51.2249,0.0653219,89.9905
0.343048,11624.5,-44.4355,0.0849292,3.14148,7.21133,-0.00551129,-600,26.3722,26661.3,-50.9575,0.0648928,89.9905
0.343058,11624.5,-44.3191,0.0844848,3.14149,7.13325,-0.00543411,-600,26.3662,26591.5,-50.6909,0.0643206,89.9905
0.343068,11624.5,-44.2027,0.0840416,3.14149,7.06197,-0.00536954,-600,26.3602,26521.6,-50.425,0.0638914,89.9905
0.343078,11624.5,-44.0863,0.0835996,3.14149,6.98485,-0.00529346,-600,26.3542,26451.8,-50.1597,0.0633192,89.9905
0.343088,11624.5,-43.9699,0.0831587,3.14149,6.9082,-0.00521796,-600,26.3482,26382,-49.8952,0.062747,89.9905
0.343098,11624.5,-43.8535,0.082719,3.14149,6.83832,-0.00515487,-600,26.3422,26312.1,-49.6314,0.0623178,89.9905
0.343108,11624.5,-43.7371,0.0822804,3.14149,6.76888,-0.00509223,-600,26.3362,26242.3,-49.3683,0.0618887,89.9905
0.343118,11624.5,-43.6207,0.0818431,3.14149,6.69364,-0.00501833,-600,26.3302,26172.4,-49.1058,0.0613165,89.9905
0.343128,11624.5,-43.5043,0.0814068,3.14149,6.62511,-0.00495665,-600,26.3242,26102.6,-48.8441,0.0608873,89.9905
0.343138,11624.5,-43.3879,0.0809718,3.14149,6.55081,-0.00488382,-600,26.3182,26032.8,-48.5831,0.0603151,89.9905
0.343148,11624.5,-43.2715,0.0805379,3.14149,6.48317,-0.00482309,-600,26.3122,25962.9,-48.3227,0.059886,89.9905
0.343158,11624.5,-43.1551,0.0801052,3.14149,6.4098,-0.00475134,-600,26.3062,25893.1,-48.0631,0.0593138,89.9905
0.343168,11624.5,-43.0387,0.0796736,3.14149,6.34305,-0.00469155,-600,26.3002,25823.2,-47.8042,0.0588846,89.9905
0.343178,11624.5,-42.9223,0.0792432,3.1415,6.27674,-0.0046322,-600,26.2942,25753.4,-47.5459,0.0584555,89.9905
0.343188,11624.5,-42.8059,0.078814,3.1415,6.20474,-0.00456201,-600,26.2882,25683.5,-47.2884,0.0578833,89.9905
0.343198,11624.5,-42.6895,0.078386,3.1415,6.1393,-0.0045036,-600,26.2822,25613.7,-47.0316,0.0574541,89.9905
0.343208,11624.5,-42.5731,0.0779591,3.1415,6.0743,-0.00444561,-600,26.2762,25543.9,-46.7754,0.057025,89.9905
0.343218,11624.5,-42.4567,0.0775333,3.1415,6.00972,-0.00438806,-600,26.2702,25474,-46.52,0.0565958,89.9905
0.343228,11624.5,-42.3403,0.0771088,3.1415,5.94557,-0.00433094,-600,26.2642,25404.2,-46.2653,0.0561666,89.9905
0.343238,11624.5,-42.2239,0.0766854,3.1415,5.8758,-0.00426328,-600,26.2582,25334.3,-46.0112,0.0555944,89.9905
0.343248,11624.5,-42.1075,0.0762632,3.1415,5.81251,-0.00420708,-600,26.2522,25264.5,-45.7579,0.0551653,89.9905
0.343258,11624.5,-41.9911,0.0758421,3.1415,5.74964,-0.0041513,-600,26.2462,25194.7,-45.5053,0.0547361,89.9905
0.343268,11624.5,-41.8747,0.0754222,3.1415,5.6812,-0.00408516,-600,26.2402,25124.8,-45.2533,0.0541639,89.9905
0.343278,11624.5,-41.7583,0.0750035,3.1415,5.62516,-0.00404102,-600,26.2342,25055,-45.0021,0.0538778,89.9905
0.343288,11624.5,-41.6419,0.0745859,3.1415,5.55758,-0.00397585,-600,26.2282,24985.1,-44.7515,0.0533056,89.9905
0.343298,11624.5,-41.5255,0.0741695,3.1415,5.49639,-0.00392182,-600,26.2222,24915.3,-44.5017,0.0528765,89.9905
0.343308,11624.5,-41.4091,0.0737543,3.14151,5.43561,-0.00386821,-600,26.2162,24845.4,-44.2526,0.0524473,89.9905
0.343318,11624.5,-41.2927,0.0733402,3.14151,5.37524,-0.00381502,-600,26.2102,24775.6,-44.0041,0.0520182,89.9905
0.343328,11624.5,-41.1763,0.0729273,3.14151,5.31528,-0.00376225,-600,26.2042,24705.8,-43.7564,0.051589,89.9905
0.343338,11624.5,-41.0599,0.0725155,3.14151,5.25572,-0.00370989,-600,26.1982,24635.9,-43.5093,0.0511599,89.9905
0.343348,11624.5,-40.9435,0.072105,3.14151,5.19657,-0.00365794,-600,26.1922,24566.1,-43.263,0.0507307,89.9905
0.343358,11624.5,-40.8271,0.0716956,3.14151,5.13782,-0.0036064,-600,26.1862,24496.2,-43.0173,0.0503016,89.9905
0.343368,11624.5,-40.7107,0.0712873,3.14151,5.07947,-0.00355527,-600,26.1802,24426.4,-42.7724,0.0498724,89.9905
0.343378,11624.5,-40.5943,0.0708802,3.14151,5.02152,-0.00350455,-600,26.1742,24356.6,-42.5281,0.0494432,89.9905
0.343388,11624.5,-40.4779,0.0704743,3.14151,4.96396,-0.00345424,-600,26.1682,24286.7,-42.2846,0.0490141,89.9905
0.343398,11624.5,-40.3615,0.0700696,3.14151,4.90681,-0.00340433,-600,26.1622,24216.9,-42.0418,0.0485849,89.9905
0.343408,11624.5,-40.245,0.069666,3.14151,4.85004,-0.00335482,-600,26.1562,24147,-41.7996,0.0481558,89.9905
0.343418,11624.5,-40.1286,0.0692636,3.14151,4.79367,-0.00330572,-600,26.1502,24077.2,-41.5582,0.0477266,89.9905
0.343428,11624.5,-40.0122,0.0688623,3.14151,4.73769,-0.00325702,-600,26.1442,24007.3,-41.3174,0.0472975,89.9905
0.343438,11624.5,-39.8958,0.0684623,3.14151,4.6821,-0.00320871,-600,26.1382,23937.5,-41.0774,0.0468683,89.9905
0.343448,11624.5,-39.7794,0.0680633,3.14152,4.6269,-0.00316081,-600,26.1322,23867.7,-40.838,0.0464392,89.9905
0.343458,11624.5,-39.663,0.0676656,3.14152,4.57775,-0.00312297,-600,26.1262,23797.8,-40.5994,0.0461531,89.9905
0.343468,11624.5,-39.5466,0.067269,3.14152,4.5233,-0.0030758,-600,26.1202,23728,-40.3614,0.0457239,89.9905
0.343478,11624.5,-39.4302,0.0668736,3.14152,4.46923,-0.00302902,-600,26.1142,23658.1,-40.1242,0.0452948,89.9905
0.343488,11624.5,-39.3138,0.0664793,3.14152,4.41554,-0.00298264,-600,26.1082,23588.3,-39.8876,0.0448656,89.9905
0.343498,11624.5,-39.1974,0.0660862,3.14152,4.36223,-0.00293664,-600,26.1022,23518.5,-39.6517,0.0444365,89.9905
0.343509,11624.5,-39.081,0.0656943,3.14152,4.31489,-0.00290043,-600,26.0962,23448.6,-39.4166,0.0441504,89.9905
0.343519,11624.5,-38.9646,0.0653036,3.14152,4.26231,-0.00285515,-600,26.0902,23378.8,-39.1821,0.0437212,89.9905
0.343529,11624.5,-38.8482,0.064914,3.14152,4.21011,-0.00281026,-600,26.0842,23308.9,-38.9484,0.043292,89.9905
0.343539,11624.5,-38.7318,0.0645255,3.14152,4.15829,-0.00276575,-600,26.0782,23239.1,-38.7153,0.0428629,89.9905
0.343549,11624.5,-38.6154,0.0641383,3.14152,4.11235,-0.0027308,-600,26.0722,23169.2,-38.483,0.0425768,89.9905
0.343559,11624.5,-38.499,0.0637522,3.14152,4.06125,-0.002687,-600,26.0662,23099.4,-38.2513,0.0421476,89.9905
0.343569,11624.5,-38.3826,0.0633673,3.14152,4.01051,-0.00264359,-600,26.0602,23029.6,-38.0204,0.0417185,89.9905
0.343579,11624.5,-38.2662,0.0629835,3.14152,3.96014,-0.00260055,-600,26.0542,22959.7,-37.7901,0.0412893,89.9905
0.343589,11624.5,-38.1498,0.0626009,3.14152,3.91559,-0.00256684,-600,26.0482,22889.9,-37.5605,0.0410032,89.9905
0.343599,11624.5,-38.0334,0.0622195,3.14153,3.86593,-0.0025245,-600,26.0422,22820,-37.3317,0.0405741,89.9905
0.343609,11624.5,-37.917,0.0618392,3.14153,3.82205,-0.00249138,-600,26.0362,22750.2,-37.1035,0.040288,89.9905
0.343619,11624.5,-37.8006,0.0614601,3.14153,3.77309,-0.00244973,-600,26.0302,22680.4,-36.8761,0.0398588,89.9905
0.343629,11624.5,-37.6842,0.0610822,3.14153,3.72988,-0.00241719,-600,26.0242,22610.5,-36.6493,0.0395727,89.9905
0.343639,11624.5,-37.5678,0.0607054,3.14153,3.68162,-0.00237622,-600,26.0182,22540.7,-36.4232,0.0391436,89.9905
0.343649,11624.5,-37.4514,0.0603298,3.14153,3.63372,-0.00233563,-600,26.0122,22470.8,-36.1979,0.0387144,89.9905
0.343659,11624.5,-37.335,0.0599553,3.14153,3.59151,-0.00230398,-600,26.0062,22401,-35.9732,0.0384283,89.9905
0.343669,11624.5,-37.2186,0.0595821,3.14153,3.54961,-0.00227259,-600,26.0002,22331.1,-35.7492,0.0381422,89.9905
0.343679,11624.5,-37.1022,0.05921,3.14153,3.50273,-0.00223299,-600,25.9942,22261.3,-35.526,0.0377131,89.9905
0.343689,11624.5,-36.9858,0.058839,3.14153,3.45619,-0.00219375,-600,25.9882,22191.5,-35.3034,0.0372839,89.9905
0.343699,11624.5,-36.8694,0.0584692,3.14153,3.41528,-0.00216323,-600,25.9822,22121.6,-35.0815,0.0369978,89.9905
0.343709,11624.5,-36.753,0.0581006,3.14153,3.37467,-0.00213297,-600,25.9762,22051.8,-34.8604,0.0367117,89.9905
0.343719,11624.5,-36.6366,0.0577332,3.14153,3.32914,-0.00209471,-600,25.9701,21981.9,-34.6399,0.0362825,89.9905
0.343729,11624.5,-36.5202,0.0573669,3.14153,3.28917,-0.002065,-600,25.9641,21912.1,-34.4201,0.0359964,89.9905
0.343739,11624.5,-36.4038,0.0570018,3.14153,3.2443,-0.0020274,-600,25.9581,21842.3,-34.2011,0.0355673,89.9905
0.343749,11624.5,-36.2874,0.0566378,3.14153,3.20497,-0.00199825,-600,25.9521,21772.4,-33.9827,0.0352812,89.9905
0.343759,11624.5,-36.171,0.0562751,3.14153,3.16593,-0.00196935,-600,25.9461,21702.6,-33.765,0.0349951,89.9905
0.343769,11624.5,-36.0545,0.0559134,3.14154,3.12205,-0.0019327,-600,25.9401,21632.7,-33.5481,0.0345659,89.9905
0.343779,11624.5,-35.9381,0.055553,3.14154,3.08363,-0.00190435,-600,25.9341,21562.9,-33.3318,0.0342798,89.9905
0.343789,11624.5,-35.8217,0.0551937,3.14154,3.0404,-0.00186834,-600,25.9281,21493,-33.1162,0.0338507,89.9905
0.343799,11624.5,-35.7053,0.0548356,3.14154,3.0026,-0.00184053,-600,25.9221,21423.2,-32.9013,0.0335646,89.9905
0.343809,11624.5,-35.5889,0.0544786,3.14154,2.9651,-0.00181296,-600,25.9161,21353.4,-32.6872,0.0332785,89.9905
0.343819,11624.5,-35.4725,0.0541228,3.14154,2.92789,-0.00178564,-600,25.9101,21283.5,-32.4737,0.0329924,89.9905
0.343829,11624.5,-35.3561,0.0537682,3.14154,2.89098,-0.00175856,-600,25.9041,21213.7,-32.2609,0.0327063,89.9905
0.343839,11624.5,-35.2397,0.0534147,3.14154,2.84932,-0.00172407,-600,25.8981,21143.8,-32.0488,0.0322771,89.9905
0.343849,11624.5,-35.1233,0.0530625,3.14154,2.813,-0.00169752,-600,25.8921,21074,-31.8375,0.031991,89.9905
0.343859,11624.5,-35.0069,0.0527113,3.14154,2.77698,-0.00167121,-600,25.8861,21004.2,-31.6268,0.0317049,89.9905
0.343869,11624.5,-34.8905,0.0523614,3.14154,2.73625,-0.00163764,-600,25.8801,20934.3,-31.4168,0.0312757,89.9905
0.343879,11624.5,-34.7741,0.0520126,3.14154,2.70082,-0.00161185,-600,25.8741,20864.5,-31.2075,0.0309896,89.9905
0.343889,11624.5,-34.6577,0.0516649,3.14154,2.66567,-0.0015863,-600,25.8681,20794.6,-30.999,0.0307035,89.9905
0.343899,11624.5,-34.5413,0.0513185,3.14154,2.63081,-0.00156098,-600,25.8621,20724.8,-30.7911,0.0304174,89.9905
0.343909,11624.5,-34.4249,0.0509732,3.14154,2.59623,-0.00153589,-600,25.8561,20654.9,-30.5839,0.0301313,89.9905
0.343919,11624.5,-34.3085,0.050629,3.14154,2.56192,-0.00151104,-600,25.8501,20585.1,-30.3774,0.0298452,89.9905
0.343929,11624.5,-34.1921,0.0502861,3.14154,2.5279,-0.00148641,-600,25.8441,20515.3,-30.1716,0.0295591,89.9905
0.343939,11624.5,-34.0757,0.0499443,3.14154,2.49416,-0.00146202,-600,25.8381,20445.4,-29.9666,0.029273,89.9905
0.343949,11624.5,-33.9593,0.0496036,3.14154,2.45583,-0.00143076,-600,25.8321,20375.6,-29.7622,0.0288439,89.9905
0.343959,11624.5,-33.8429,0.0492642,3.14155,2.42265,-0.00140687,-600,25.8261,20305.7,-29.5585,0.0285578,89.9905
0.343969,11624.5,-33.7265,0.0489259,3.14155,2.38975,-0.00138322,-600,25.8201,20235.9,-29.3555,0.0282717,89.9905
0.343979,11624.5,-33.6101,0.0485887,3.14155,2.35712,-0.00135978,-600,25.8141,20166.1,-29.1532,0.0279856,89.9905
0.343989,11624.5,-33.4937,0.0482527,3.14155,2.32475,-0.00133658,-600,25.8081,20096.2,-28.9516,0.0276995,89.9905
0.343999,11624.5,-33.3773,0.0479179,3.14155,2.29266,-0.00131359,-600,25.8021,20026.4,-28.7508,0.0274134,89.9905
0.344009,11624.5,-33.2609,0.0475843,3.14155,2.26084,-0.00129083,-600,25.7961,19956.5,-28.5506,0.0271273,89.9905
0.344019,11624.5,-33.1445,0.0472518,3.14155,2.22928,-0.00126829,-600,25.7901,19886.7,-28.3511,0.0268412,89.9905
0.344029,11624.5,-33.0281,0.0469205,3.14155,2.19798,-0.00124598,-600,25.7841,19816.8,-28.1523,0.0265551,89.9905
0.344039,11624.5,-32.9117,0.0465903,3.14155,2.16695,-0.00122388,-600,25.7781,19747,-27.9542,0.026269,89.9905
0.344049,11624.5,-32.7953,0.0462614,3.14155,2.13618,-0.001202,-600,25.7721,19677.2,-27.7568,0.0259829,89.9905
0.344059,11624.5,-32.6789,0.0459336,3.14155,2.10568,-0.00118034,-600,25.7661,19607.3,-27.5601,0.0256968,89.9905
0.344069,11624.5,-32.5625,0.0456069,3.14155,2.07543,-0.0011589,-600,25.7601,19537.5,-27.3641,0.0254107,89.9905
0.344079,11624.5,-32.4461,0.0452814,3.14155,2.05008,-0.00114415,-600,25.7541,19467.6,-27.1688,0.0252676,89.9905
0.344089,11624.5,-32.3297,0.0449571,3.14155,2.02033,-0.0011231,-600,25.7481,19397.8,-26.9743,0.0249815,89.9905
0.344099,11624.5,-32.2133,0.0446339,3.14155,1.99083,-0.00110225,-600,25.7421,19328,-26.7804,0.0246954,89.9905
0.344109,11624.5,-32.0969,0.044312,3.14155,1.96159,-0.00108162,-600,25.7361,19258.1,-26.5872,0.0244093,89.9905
0.344119,11624.5,-31.9804,0.0439911,3.14155,1.9326,-0.00106121,-600,25.7301,19188.3,-26.3947,0.0241232,89.9905
0.344129,11624.5,-31.864,0.0436715,3.14155,1.90387,-0.001041,-600,25.7241,19118.4,-26.2029,0.0238371,89.9905
0.344139,11624.5,-31.7476,0.043353,3.14155,1.87538,-0.00102101,-600,25.7181,19048.6,-26.0118,0.023551,89.9905
0.344149,11624.5,-31.6312,0.0430357,3.14155,1.84714,-0.00100122,-600,25.7121,18978.7,-25.8214,0.0232649,89.9905
0.344159,11624.5,-31.5148,0.0427195,3.14155,1.82365,-0.000987753,-600,25.7061,18908.9,-25.6317,0.0231218,89.9905
0.344169,11624.5,-31.3984,0.0424045,3.14155,1.79589,-0.000968338,-600,25.7001,18839.1,-25.4427,0.0228357,89.9905
0.344179,11624.5,-31.282,0.0420907,3.14156,1.76837,-0.000949129,-600,25.6941,18769.2,-25.2544,0.0225496,89.9905
0.344189,11624.5,-31.1656,0.041778,3.14156,1.7411,-0.000930126,-600,25.6881,18699.4,-25.0668,0.0222635,89.9905
0.344199,11624.5,-31.0492,0.0414665,3.14156,1.71851,-0.000917259,-600,25.6821,18629.5,-24.8799,0.0221205,89.9905
0.344209,11624.5,-30.9328,0.0411562,3.14156,1.6917,-0.00089862,-600,25.6761,18559.7,-24.6937,0.0218344,89.9905
0.344219,11624.5,-30.8164,0.040847,3.14156,1.66513,-0.000880183,-600,25.6701,18489.9,-24.5082,0.0215483,89.9905
0.344229,11624.5,-30.7,0.040539,3.14156,1.6388,-0.000861948,-600,25.6641,18420,-24.3234,0.0212622,89.9905
0.34424,11624.5,-30.5836,0.0402322,3.14156,1.61708,-0.000849668,-600,25.6581,18350.2,-24.1393,0.0211191,89.9905
0.34425,11624.5,-30.4672,0.0399265,3.14156,1.5912,-0.00083179,-600,25.6521,18280.3,-23.9559,0.020833,89.9905
0.34426,11624.5,-30.3508,0.039622,3.14156,1.5699,-0.000819778,-600,25.6461,18210.5,-23.7732,0.02069,89.9905
0.34427,11624.5,-30.2344,0.0393187,3.14156,1.54447,-0.000802253,-600,25.6401,18140.6,-23.5912,0.0204039,89.9905
0.34428,11624.5,-30.118,0.0390165,3.14156,1.51928,-0.000784925,-600,25.6341,18070.8,-23.4099,0.0201178,89.9905
0.34429,11624.5,-30.0016,0.0387155,3.14156,1.49432,-0.000767793,-600,25.6281,18001,-23.2293,0.0198317,89.9905
0.3443,11624.5,-29.8852,0.0384157,3.14156,1.47386,-0.000756351,-600,25.6221,17931.1,-23.0494,0.0196886,89.9905
0.34431,11624.5,-29.7688,0.038117,3.14156,1.44933,-0.000739565,-600,25.6161,17861.3,-22.8702,0.0194025,89.9905
0.34432,11624.5,-29.6524,0.0378195,3.14156,1.42928,-0.000728383,-600,25.6101,17791.4,-22.6917,0.0192595,89.9905
0.34433,11624.5,-29.536,0.0375231,3.14156,1.40519,-0.00071194,-600,25.6041,17721.6,-22.5139,0.0189733,89.9905
0.34434,11624.5,-29.4196,0.037228,3.14156,1.38132,-0.000695688,-600,25.5981,17651.8,-22.3368,0.0186872,89.9905
0.34435,11624.5,-29.3032,0.0369339,3.14156,1.36187,-0.00068491,-600,25.5921,17581.9,-22.1604,0.0185442,89.9905
0.34436,11624.5,-29.1868,0.0366411,3.14156,1.33844,-0.000668997,-600,25.5861,17512.1,-21.9847,0.0182581,89.9905
0.34437,11624.5,-29.0704,0.0363494,3.14156,1.31938,-0.000658471,-600,25.5801,17442.2,-21.8097,0.018115,89.9905
0.34438,11624.5,-28.954,0.0360589,3.14156,1.29637,-0.000642892,-600,25.5741,17372.4,-21.6353,0.0178289,89.9905
0.34439,11624.5,-28.8376,0.0357696,3.14156,1.27769,-0.000632616,-600,25.5681,17302.5,-21.4617,0.0176859,89.9905
0.3444,11624.5,-28.7212,0.0354814,3.14156,1.2551,-0.000617368,-600,25.5621,17232.7,-21.2888,0.0173998,89.9905
0.34441,11624.5,-28.6048,0.0351944,3.14156,1.23681,-0.00060734,-600,25.5561,17162.9,-21.1166,0.0172567,89.9905
0.34442,11624.5,-28.4884,0.0349085,3.14156,1.21463,-0.000592419,-600,25.5501,17093,-20.9451,0.0169706,89.9905
0.34443,11624.5,-28.372,0.0346238,3.14156,1.19672,-0.000582635,-600,25.5441,17023.2,-20.7743,0.0168276,89.9905
0.34444,11624.5,-28.2556,0.0343403,3.14156,1.17898,-0.000572952,-600,25.5381,16953.3,-20.6042,0.0166845,89.9905
0.34445,11624.5,-28.1392,0.0340579,3.14157,1.1574,-0.000558497,-600,25.5321,16883.5,-20.4348,0.0163984,89.9905
0.34446,11624.5,-28.0228,0.0337767,3.14157,1.13603,-0.000544222,-600,25.5261,16813.7,-20.266,0.0161123,89.9905
0.34447,11624.5,-27.9064,0.0334967,3.14157,1.11886,-0.000534918,-600,25.5201,16743.8,-20.098,0.0159693,89.9905
0.34448,11624.5,-27.7899,0.0332179,3.14157,1.10187,-0.000525713,-600,25.5141,16674,-19.9307,0.0158262,89.9905
0.34449,11624.5,-27.6735,0.0329402,3.14157,1.08108,-0.000511894,-600,25.5081,16604.1,-19.7641,0.0155401,89.9905
0.3445,11624.5,-27.5571,0.0326636,3.14157,1.06445,-0.000502924,-600,25.5021,16534.3,-19.5982,0.0153971,89.9905
0.34451,11624.5,-27.4407,0.0323883,3.14157,1.04798,-0.000494051,-600,25.4961,16464.4,-19.433,0.015254,89.9905
0.34452,11624.5,-27.3243,0.0321141,3.14157,1.02778,-0.000480681,-600,25.4901,16394.6,-19.2684,0.0149679,89.9905
0.34453,11624.5,-27.2079,0.031841,3.14157,1.01167,-0.000472039,-600,25.4841,16324.8,-19.1046,0.0148249,89.9905
0.34454,11624.5,-27.0915,0.0315692,3.14157,0.995721,-0.000463493,-600,25.4781,16254.9,-18.9415,0.0146818,89.9905
0.34455,11624.5,-26.9751,0.0312985,3.14157,0.976083,-0.000450564,-600,25.4721,16185.1,-18.7791,0.0143957,89.9905
0.34456,11624.5,-26.8587,0.0310289,3.14157,0.960485,-0.000442245,-600,25.4661,16115.2,-18.6174,0.0142527,89.9905
0.34457,11624.5,-26.7423,0.0307606,3.14157,0.945051,-0.00043402,-600,25.4601,16045.4,-18.4563,0.0141096,89.9905
0.34458,11624.5,-26.6259,0.0304934,3.14157,0.925971,-0.000421525,-600,25.4541,15975.6,-18.296,0.0138235,89.9905
0.34459,11624.5,-26.5095,0.0302273,3.14157,0.910877,-0.000413524,-600,25.4481,15905.7,-18.1364,0.0136805,89.9905
0.3446,11624.5,-26.3931,0.0299625,3.14157,0.895944,-0.000405614,-600,25.4421,15835.9,-17.9775,0.0135374,89.9905
0.34461,11624.5,-26.2767,0.0296988,3.14157,0.87741,-0.000393547,-600,25.4361,15766,-17.8193,0.0132513,89.9905
0.34462,11624.5,-26.1603,0.0294362,3.14157,0.86281,-0.000385857,-600,25.4301,15696.2,-17.6617,0.0131083,89.9905
0.34463,11624.5,-26.0439,0.0291748,3.14157,0.848367,-0.000378258,-600,25.4241,15626.3,-17.5049,0.0129652,89.9905
0.34464,11624.5,-25.9275,0.0289146,3.14157,0.83408,-0.000370748,-600,25.4181,15556.5,-17.3488,0.0128222,89.9905
0.34465,11624.5,-25.8111,0.0286556,3.14157,0.819947,-0.000363327,-600,25.4121,15486.7,-17.1933,0.0126791,89.9905
0.34466,11624.5,-25.6947,0.0283977,3.14157,0.802292,-0.000351933,-600,25.4061,15416.8,-17.0386,0.012393,89.9905
0.34467,11624.5,-25.5783,0.028141,3.14157,0.788482,-0.000344726,-600,25.4001,15347,-16.8846,0.0122499,89.9905
0.34468,11624.5,-25.4619,0.0278854,3.14157,0.774823,-0.000337606,-600,25.3941,15277.1,-16.7313,0.0121069,89.9905
0.34469,11624.5,-25.3455,0.0276311,3.14157,0.761315,-0.000330574,-600,25.3881,15207.3,-16.5786,0.0119638,89.9905
0.3447,11624.5,-25.2291,0.0273778,3.14157,0.747956,-0.000323628,-600,25.3821,15137.5,-16.4267,0.0118208,89.9905
0.34471,11624.5,-25.1127,0.0271258,3.14157,0.734745,-0.000316768,-600,25.3761,15067.6,-16.2755,0.0116777,89.9905
0.34472,11624.5,-24.9963,0.0268749,3.14157,0.721681,-0.000309994,-600,25.3701,14997.8,-16.1249,0.0115347,89.9905
0.34473,11624.5,-24.8799,0.0266252,3.14157,0.705204,-0.000299496,-600,25.3641,14927.9,-15.9751,0.0112486,89.9905
0.34474,11624.5,-24.7635,0.0263766,3.14157,0.692448,-0.000292927,-600,25.3581,14858.1,-15.826,0.0111055,89.9905
0.34475,11624.5,-24.6471,0.0261292,3.14157,0.679836,-0.000286441,-600,25.3521,14788.2,-15.6775,0.0109625,89.9905
0.34476,11624.5,-24.5307,0.025883,3.14157,0.667366,-0.00028004,-600,25.3461,14718.4,-15.5298,0.0108194,89.9905
0.34477,11624.5,-24.4143,0.025638,3.14157,0.655039,-0.000273721,-600,25.3401,14648.6,-15.3828,0.0106764,89.9905
0.34478,11624.5,-24.2979,0.0253941,3.14158,0.642853,-0.000267484,-600,25.3341,14578.7,-15.2364,0.0105333,89.9905
0.34479,11624.5,-24.1815,0.0251513,3.14158,0.630806,-0.00026133,-600,25.3281,14508.9,-15.0908,0.0103903,89.9905
0.3448,11624.5,-24.0651,0.0249098,3.14158,0.618899,-0.000255256,-600,25.3221,14439,-14.9459,0.0102472,89.9905
0.34481,11624.5,-23.9487,0.0246694,3.14158,0.607129,-0.000249264,-600,25.3161,14369.2,-14.8016,0.0101042,89.9905
0.34482,11624.5,-23.8323,0.0244302,3.14158,0.595496,-0.000243352,-600,25.3101,14299.4,-14.6581,0.00996113,89.9905
0.34483,11624.5,-23.7159,0.0241921,3.14158,0.583999,-0.00023752,-600,25.3041,14229.5,-14.5153,0.00981808,89.9905
0.34484,11624.5,-23.5995,0.0239552,3.14158,0.572636,-0.000231767,-600,25.2981,14159.7,-14.3731,0.00967503,89.9905
0.34485,11624.5,-23.483,0.0237195,3.14158,0.561408,-0.000226093,-600,25.2921,14089.8,-14.2317,0.00953197,89.9905
0.34486,11624.5,-23.3666,0.0234849,3.14158,0.550312,-0.000220498,-600,25.2861,14020,-14.0909,0.00938892,89.9905
0.34487,11624.5,-23.2502,0.0232515,3.14158,0.539348,-0.00021498,-600,25.2801,13950.1,-13.9509,0.00924587,89.9905
0.34488,11624.5,-23.1338,0.0230193,3.14158,0.528515,-0.00020954,-600,25.2741,13880.3,-13.8116,0.00910282,89.9905
0.34489,11624.5,-23.0174,0.0227882,3.14158,0.517812,-0.000204177,-600,25.2681,13810.5,-13.6729,0.00895977,89.9905
0.3449,11624.5,-22.901,0.0225583,3.14158,0.507238,-0.00019889,-600,25.2621,13740.6,-13.535,0.00881672,89.9905
0.34491,11624.5,-22.7846,0.0223296,3.14158,0.496792,-0.000193679,-600,25.2561,13670.8,-13.3977,0.00867367,89.9905
0.34492,11624.5,-22.6682,0.022102,3.14158,0.486472,-0.000188544,-600,25.2501,13600.9,-13.2612,0.00853062,89.9905
0.34493,11624.5,-22.5518,0.0218756,3.14158,0.476279,-0.000183483,-600,25.2441,13531.1,-13.1253,0.00838756,89.9905
0.34494,11624.5,-22.4354,0.0216503,3.14158,0.466211,-0.000178496,-600,25.2381,13461.3,-12.9902,0.00824451,89.9905
0.34495,11624.5,-22.319,0.0214263,3.14158,0.456267,-0.000173584,-600,25.2321,13391.4,-12.8558,0.00810146,89.9905
0.34496,11624.5,-22.2026,0.0212033,3.14158,0.446447,-0.000168745,-600,25.2261,13321.6,-12.722,0.00795841,89.9905
0.34497,11624.5,-22.0862,0.0209816,3.14158,0.436748,-0.000163979,-600,25.2201,13251.7,-12.589,0.00781536,89.9905
0.344981,11624.5,-21.9698,0.020761,3.14158,0.430314,-0.000162255,-600,25.2141,13181.9,-12.4566,0.00781536,89.9905
0.344991,11624.5,-21.8534,0.0205416,3.14158,0.420841,-0.000157602,-600,25.2081,13112,-12.325,0.00767231,89.9905
0.345001,11624.5,-21.737,0.0203234,3.14158,0.411487,-0.00015302,-600,25.2021,13042.2,-12.194,0.00752926,89.9905
0.345011,11624.5,-21.6206,0.0201063,3.14158,0.402252,-0.000148509,-600,25.1961,12972.4,-12.0638,0.00738621,89.9905
0.345021,11624.5,-21.5042,0.0198904,3.14158,0.393134,-0.000144069,-600,25.1901,12902.5,-11.9342,0.00724316,89.9905
0.345031,11624.5,-21.3878,0.0196756,3.14158,0.384133,-0.000139699,-600,25.1841,12832.7,-11.8054,0.0071001,89.9905
0.345041,11624.5,-21.2714,0.019462,3.14158,0.375248,-0.000135398,-600,25.1781,12762.8,-11.6772,0.00695705,89.9905
0.345051,11624.5,-21.155,0.0192496,3.14158,0.369505,-0.000133921,-600,25.1721,12693,-11.5498,0.00695705,89.9905
0.345061,11624.5,-21.0386,0.0190383,3.14158,0.360832,-0.000129727,-600,25.1661,12623.2,-11.423,0.006814,89.9905
0.345071,11624.5,-20.9222,0.0188283,3.14158,0.352273,-0.000125602,-600,25.1601,12553.3,-11.297,0.00667095,89.9905
0.345081,11624.5,-20.8058,0.0186193,3.14158,0.343826,-0.000121545,-600,25.1541,12483.5,-11.1716,0.0065279,89.9905
0.345091,11624.5,-20.6894,0.0184116,3.14158,0.33549,-0.000117555,-600,25.1481,12413.6,-11.0469,0.00638485,89.9905
0.345101,11624.5,-20.573,0.018205,3.14158,0.330208,-0.000116236,-600,25.1421,12343.8,-10.923,0.00638485,89.9905
0.345111,11624.5,-20.4566,0.0179996,3.14158,0.322076,-0.00011235,-600,25.1361,12273.9,-10.7997,0.0062418,89.9905
0.345121,11624.5,-20.3402,0.0177953,3.14158,0.314053,-0.000108529,-600,25.1301,12204.1,-10.6772,0.00609875,89.9905
0.345131,11624.5,-20.2238,0.0175922,3.14158,0.309031,-0.00010729,-600,25.1241,12134.3,-10.5553,0.00609875,89.9905
0.345141,11624.5,-20.1074,0.0173903,3.14158,0.301206,-0.000103571,-600,25.1181,12064.4,-10.4342,0.00595569,89.9905
0.345151,11624.5,-19.991,0.0171895,3.14158,0.293488,-9.99165e-05,-600,25.1121,11994.6,-10.3137,0.00581264,89.9905
0.345161,11624.5,-19.8746,0.0169899,3.14158,0.285875,-9.63259e-05,-600,25.1061,11924.7,-10.1939,0.00566959,89.9905
0.345171,11624.5,-19.7582,0.0167915,3.14158,0.281193,-9.52009e-05,-600,25.1001,11854.9,-10.0749,0.00566959,89.9905
0.345181,11624.5,-19.6418,0.0165942,3.14158,0.273772,-9.17086e-05,-600,25.0941,11785.1,-9.95653,0.00552654,89.9905
0.345191,11624.5,-19.5254,0.0163981,3.14158,0.266453,-8.82791e-05,-600,25.0881,11715.2,-9.83887,0.00538349,89.9905
0.345201,11624.5,-19.409,0.0162032,3.14158,0.259237,-8.49118e-05,-600,25.0821,11645.4,-9.72191,0.00524044,89.9905
0.345211,11624.5,-19.2925,0.0160094,3.14158,0.254882,-8.38963e-05,-600,25.0761,11575.5,-9.60564,0.00524044,89.9905
0.345221,11624.5,-19.1761,0.0158168,3.14158,0.247851,-8.06244e-05,-600,25.0701,11505.7,-9.49008,0.00509739,89.9905
0.345231,11624.5,-19.0597,0.0156254,3.14158,0.24092,-7.74133e-05,-600,25.0641,11435.8,-9.37522,0.00495434,89.9905
0.345241,11624.5,-18.9433,0.0154351,3.14158,0.236797,-7.64706e-05,-600,25.0581,11366,-9.26105,0.00495434,89.9905
0.345251,11624.5,-18.8269,0.015246,3.14158,0.230046,-7.33528e-05,-600,25.0521,11296.2,-9.14759,0.00481129,89.9905
0.345261,11624.5,-18.7105,0.015058,3.14158,0.226068,-7.24485e-05,-600,25.0461,11226.3,-9.03482,0.00481129,89.9905
0.345271,11624.5,-18.5941,0.0148713,3.14158,0.219494,-6.94225e-05,-600,25.0401,11156.5,-8.92276,0.00466823,89.9905
0.345281,11624.5,-18.4777,0.0146857,3.14158,0.215659,-6.85561e-05,-600,25.0341,11086.6,-8.81139,0.00466823,89.9905
0.345291,11624.5,-18.3613,0.0145012,3.14159,0.209259,-6.56206e-05,-600,25.0281,11016.8,-8.70072,0.00452518,89.9905
0.345301,11624.5,-18.2449,0.0143179,3.14159,0.202953,-6.2743e-05,-600,25.0221,10947,-8.59076,0.00438213,89.9905
0.345311,11624.5,-18.1285,0.0141358,3.14159,0.199334,-6.1945e-05,-600,25.0161,10877.1,-8.48149,0.00438213,89.9905
0.345321,11624.5,-18.0121,0.0139549,3.14159,0.193198,-5.91558e-05,-600,25.0101,10807.3,-8.37292,0.00423908,89.9905
0.345331,11624.5,-17.8957,0.0137751,3.14159,0.187153,-5.64231e-05,-600,25.0041,10737.4,-8.26505,0.00409603,89.9905
0.345341,11624.5,-17.7793,0.0135965,3.14159,0.183743,-5.56915e-05,-600,24.9981,10667.6,-8.15788,0.00409603,89.9905
0.345351,11624.5,-17.6629,0.013419,3.14159,0.177863,-5.30451e-05,-600,24.9921,10597.7,-8.05141,0.00395298,89.9905
0.345361,11624.5,-17.5465,0.0132427,3.14159,0.174583,-5.23482e-05,-600,24.9861,10527.9,-7.94564,0.00395298,89.9905
0.345371,11624.5,-17.4301,0.0130676,3.14159,0.168865,-4.97866e-05,-600,24.9801,10458.1,-7.84056,0.00380993,89.9905
0.345381,11624.5,-17.3137,0.0128936,3.14159,0.165712,-4.91239e-05,-600,24.9741,10388.2,-7.73619,0.00380993,89.9905
0.345391,11624.5,-17.1973,0.0127209,3.14159,0.160153,-4.66458e-05,-600,24.9681,10318.4,-7.63252,0.00366688,89.9905
0.345401,11624.5,-17.0809,0.0125492,3.14159,0.15468,-4.42213e-05,-600,24.9621,10248.5,-7.52954,0.00352382,89.9905
0.345411,11624.5,-16.9645,0.0123788,3.14159,0.15172,-4.36206e-05,-600,24.9561,10178.7,-7.42727,0.00352382,89.9905
0.345421,11624.5,-16.8481,0.0122095,3.14159,0.148813,-4.30241e-05,-600,24.9501,10108.9,-7.32569,0.00352382,89.9905
0.345431,11624.5,-16.7317,0.0120414,3.14159,0.143563,-4.07091e-05,-600,24.9441,10039,-7.22481,0.00338077,89.9905
0.345441,11624.5,-16.6153,0.0118744,3.14159,0.138396,-3.8446e-05,-600,24.9381,9969.17,-7.12464,0.00323772,89.9905
0.345451,11624.5,-16.4989,0.0117086,3.14159,0.135674,-3.79092e-05,-600,24.9321,9899.33,-7.02516,0.00323772,89.9905
0.345461,11624.5,-16.3825,0.011544,3.14159,0.133,-3.73762e-05,-600,24.9261,9829.49,-6.92638,0.00323772,89.9905
0.345471,11624.5,-16.2661,0.0113805,3.14159,0.128048,-3.52189e-05,-600,24.9201,9759.65,-6.8283,0.00309467,89.9905
0.345481,11624.5,-16.1497,0.0112182,3.14159,0.123177,-3.31119e-05,-600,24.9141,9689.8,-6.73093,0.00295162,89.9905
0.345491,11624.5,-16.0333,0.0110571,3.14159,0.120679,-3.26363e-05,-600,24.9081,9619.96,-6.63424,0.00295162,89.9905
0.345501,11624.5,-15.9169,0.0108971,3.14159,0.118229,-3.21641e-05,-600,24.9021,9550.12,-6.53826,0.00295162,89.9905
0.345511,11624.5,-15.8005,0.0107383,3.14159,0.113563,-3.01593e-05,-600,24.8961,9480.28,-6.44298,0.00280857,89.9905
0.345521,11624.5,-15.6841,0.0105807,3.14159,0.11122,-2.97165e-05,-600,24.8901,9410.44,-6.3484,0.00280857,89.9905
0.345531,11624.5,-15.5677,0.0104242,3.14159,0.106694,-2.77859e-05,-600,24.8841,9340.59,-6.25452,0.00266552,89.9905
0.345541,11624.5,-15.4513,0.0102689,3.14159,0.104456,-2.73719e-05,-600,24.8781,9270.75,-6.16134,0.00266552,89.9905
0.345551,11624.5,-15.3349,0.0101148,3.14159,0.10226,-2.69611e-05,-600,24.8721,9200.91,-6.06885,0.00266552,89.9905
0.345561,11624.5,-15.2185,0.00996178,3.14159,0.0979303,-2.51283e-05,-600,24.8661,9131.07,-5.97707,0.00252247,89.9905
0.345571,11624.5,-15.102,0.00980997,3.14159,0.0936754,-2.3342e-05,-600,24.8601,9061.23,-5.88598,0.00237942,89.9905
0.345581,11624.5,-14.9856,0.00965933,3.14159,0.0916387,-2.29836e-05,-600,24.8541,8991.39,-5.7956,0.00237942,89.9905
0.345591,11624.5,-14.8692,0.00950985,3.14159,0.0896425,-2.26279e-05,-600,24.8481,8921.54,-5.70591,0.00237942,89.9905
0.345601,11624.5,-14.7528,0.00936154,3.14159,0.0855758,-2.09358e-05,-600,24.8421,8851.7,-5.61692,0.00223636,89.9905
0.345611,11624.5,-14.6364,0.00921439,3.14159,0.0836754,-2.06067e-05,-600,24.8361,8781.86,-5.52864,0.00223636,89.9905
0.345621,11624.5,-14.52,0.00906841,3.14159,0.0797367,-1.8983e-05,-600,24.8301,8712.02,-5.44105,0.00209331,89.9905
0.345631,11624.5,-14.4036,0.0089236,3.14159,0.0779297,-1.86799e-05,-600,24.8241,8642.18,-5.35416,0.00209331,89.9905
0.345641,11624.5,-14.2872,0.00877995,3.14159,0.0761602,-1.83792e-05,-600,24.8181,8572.34,-5.26797,0.00209331,89.9905
0.345651,11624.5,-14.1708,0.00863747,3.14159,0.0744275,-1.80809e-05,-600,24.812,8502.5,-5.18248,0.00209331,89.9905
0.345661,11624.5,-14.0544,0.00849615,3.14159,0.0707205,-1.65697e-05,-600,24.806,8432.65,-5.09769,0.00195026,89.9905
0.345671,11624.5,-13.938,0.008356,3.14159,0.0690764,-1.62964e-05,-600,24.8,8362.81,-5.0136,0.00195026,89.9905
0.345681,11624.5,-13.8216,0.00821701,3.14159,0.0654901,-1.48499e-05,-600,24.794,8292.97,-4.93021,0.00180721,89.9905
0.345691,11624.5,-13.7052,0.00807919,3.14159,0.0639322,-1.46008e-05,-600,24.788,8223.13,-4.84751,0.00180721,89.9905
0.345701,11624.5,-13.5888,0.00794253,3.14159,0.0624082,-1.43538e-05,-600,24.782,8153.29,-4.76552,0.00180721,89.9905
0.345711,11624.5,-13.4724,0.00780704,3.14159,0.0609174,-1.4109e-05,-600,24.776,8083.45,-4.68423,0.00180721,89.9905
0.345722,11624.5,-13.356,0.00767272,3.14159,0.0575489,-1.27686e-05,-600,24.77,8013.6,-4.60363,0.00166416,89.9905
0.345732,11624.5,-13.2396,0.00753956,3.14159,0.0561398,-1.2547e-05,-600,24.764,7943.76,-4.52374,0.00166416,89.9905
0.345742,11624.5,-13.1232,0.00740757,3.14159,0.052885,-1.12677e-05,-600,24.758,7873.92,-4.44454,0.00152111,89.9905
0.345752,11624.5,-13.0068,0.00727674,3.14159,0.0515553,-1.10687e-05,-600,24.752,7804.08,-4.36604,0.00152111,89.9905
0.345762,11624.5,-12.8904,0.00714708,3.14159,0.0502561,-1.08715e-05,-600,24.746,7734.24,-4.28825,0.00152111,89.9905
0.345772,11624.5,-12.774,0.00701858,3.14159,0.0489869,-1.0676e-05,-600,24.74,7664.4,-4.21115,0.00152111,89.9905
0.345782,11624.5,-12.6576,0.00689125,3.14159,0.0459365,-9.49654e-06,-600,24.734,7594.55,-4.13475,0.00137806,89.9905
0.345792,11624.5,-12.5412,0.00676509,3.14159,0.0447423,-9.32268e-06,-600,24.728,7524.71,-4.05905,0.00137806,89.9905
0.345802,11624.5,-12.4248,0.00664009,3.14159,0.0435765,-9.15042e-06,-600,24.722,7454.87,-3.98405,0.00137806,89.9905
0.345812,11624.5,-12.3084,0.00651625,3.14159,0.0406779,-8.04762e-06,-600,24.716,7385.03,-3.90975,0.00123501,89.9905
0.345822,11624.5,-12.192,0.00639358,3.14159,0.0395839,-7.89612e-06,-600,24.71,7315.19,-3.83615,0.00123501,89.9905
0.345832,11624.5,-12.0756,0.00627208,3.14159,0.0385168,-7.74606e-06,-600,24.704,7245.35,-3.76325,0.00123501,89.9905
0.345842,11624.5,-11.9592,0.00615175,3.14159,0.037476,-7.59745e-06,-600,24.698,7175.5,-3.69105,0.00123501,89.9905
0.345852,11624.5,-11.8428,0.00603257,3.14159,0.0347669,-6.5873e-06,-600,24.692,7105.66,-3.61954,0.00109196,89.9905
0.345862,11624.5,-11.7264,0.00591457,3.14159,0.0337939,-6.45844e-06,-600,24.686,7035.82,-3.54874,0.00109196,89.9905
0.345872,11624.5,-11.61,0.00579773,3.14159,0.0328458,-6.33086e-06,-600,24.68,6965.98,-3.47864,0.00109196,89.9905
0.345882,11624.5,-11.4936,0.00568205,3.14159,0.0302777,-5.39173e-06,-600,24.674,6896.14,-3.40923,0.000948904,89.9905
0.345892,11624.5,-11.3772,0.00556754,3.14159,0.0293944,-5.28307e-06,-600,24.668,6826.3,-3.34053,0.000948904,89.9905
0.345902,11624.5,-11.2608,0.0054542,3.14159,0.0285344,-5.17552e-06,-600,24.662,6756.45,-3.27252,0.000948904,89.9905
0.345912,11624.5,-11.1444,0.00534202,3.14159,0.0276973,-5.06907e-06,-600,24.656,6686.61,-3.20521,0.000948904,89.9905
0.345922,11624.5,-11.028,0.00523101,3.14159,0.0268826,-4.96373e-06,-600,24.65,6616.77,-3.13861,0.000948904,89.9905
0.345932,11624.5,-10.9115,0.00512116,3.14159,0.0260898,-4.8595e-06,-600,24.644,6546.93,-3.0727,0.000948904,89.9905
0.345942,11624.5,-10.7951,0.00501248,3.14159,0.0237743,-4.03933e-06,-600,24.638,6477.09,-3.00749,0.000805853,89.9905
0.345952,11624.5,-10.6787,0.00490497,3.14159,0.0230407,-3.95269e-06,-600,24.632,6407.25,-2.94298,0.000805853,89.9905
0.345962,11624.5,-10.5623,0.00479862,3.14159,0.0223277,-3.86698e-06,-600,24.626,6337.4,-2.87917,0.000805853,89.9905
0.345972,11624.5,-10.4459,0.00469344,3.14159,0.0216349,-3.78222e-06,-600,24.62,6267.56,-2.81606,0.000805853,89.9905
0.345982,11624.5,-10.3295,0.00458942,3.14159,0.0194841,-3.04187e-06,-600,24.614,6197.72,-2.75365,0.000662802,89.9905
0.345992,11624.5,-10.2131,0.00448656,3.14159,0.0188468,-2.9737e-06,-600,24.608,6127.88,-2.69194,0.000662802,89.9905
0.346002,11624.5,-10.0967,0.00438488,3.14159,0.0182284,-2.90631e-06,-600,24.602,6058.04,-2.63093,0.000662802,89.9905
0.346012,11624.5,-9.98033,0.00428436,3.14159,0.0176284,-2.83968e-06,-600,24.596,5988.2,-2.57061,0.000662802,89.9905
0.346022,11624.5,-9.86392,0.004185,3.14159,0.0170464,-2.77383e-06,-600,24.59,5918.35,-2.511,0.000662802,89.9905
0.346032,11624.5,-9.74752,0.00408681,3.14159,0.0164819,-2.70875e-06,-600,24.584,5848.51,-2.45209,0.000662802,89.9905
0.346042,11624.5,-9.63112,0.00398978,3.14159,0.0145568,-2.07369e-06,-600,24.578,5778.67,-2.39387,0.000519751,89.9905
0.346052,11624.5,-9.51471,0.00389392,3.14159,0.0140429,-2.02387e-06,-600,24.572,5708.83,-2.33635,0.000519751,89.9905
0.346062,11624.5,-9.39831,0.00379923,3.14159,0.0135453,-1.97465e-06,-600,24.566,5638.99,-2.27954,0.000519751,89.9905
0.346072,11624.5,-9.28191,0.0037057,3.14159,0.0130636,-1.92604e-06,-600,24.56,5569.15,-2.22342,0.000519751,89.9905
0.346082,11624.5,-9.16551,0.00361334,3.14159,0.0125975,-1.87804e-06,-600,24.554,5499.3,-2.168,0.000519751,89.9905
0.346092,11624.5,-9.0491,0.00352214,3.14159,0.0108521,-1.32679e-06,-600,24.548,5429.46,-2.11329,0.0003767,89.9905
0.346102,11624.5,-8.9327,0.00343211,3.14159,0.0104326,-1.29288e-06,-600,24.542,5359.62,-2.05927,0.0003767,89.9905
0.346112,11624.5,-8.8163,0.00334325,3.14159,0.0100275,-1.2594e-06,-600,24.536,5289.78,-2.00595,0.0003767,89.9905
0.346122,11624.5,-8.69989,0.00325555,3.14159,0.0096364,-1.22636e-06,-600,24.53,5219.94,-1.95333,0.0003767,89.9905
0.346132,11624.5,-8.58349,0.00316901,3.14159,0.00925899,-1.19377e-06,-600,24.524,5150.1,-1.90141,0.0003767,89.9905
0.346142,11624.5,-8.46709,0.00308364,3.14159,0.00889487,-1.16161e-06,-600,24.518,5080.25,-1.85019,0.0003767,89.9905
0.346152,11624.5,-8.35069,0.00299944,3.14159,0.00854369,-1.12989e-06,-600,24.512,5010.41,-1.79967,0.0003767,89.9905
0.346162,11624.5,-8.23428,0.0029164,3.14159,0.0082051,-1.09861e-06,-600,24.506,4940.57,-1.74984,0.0003767,89.9905
0.346172,11624.5,-8.11788,0.00283453,3.14159,0.00787875,-1.06777e-06,-600,24.5,4870.73,-1.70072,0.0003767,89.9905
0.346182,11624.5,-8.00148,0.00275383,3.14159,0.00756429,-1.03737e-06,-600,24.494,4800.89,-1.6523,0.0003767,89.9905
0.346192,11624.5,-7.88508,0.00267429,3.14159,0.00613342,-6.24843e-07,-600,24.488,4731.05,-1.60457,0.000233649,89.9905
0.346202,11624.5,-7.76867,0.00259591,3.14159,0.00585839,-6.06531e-07,-600,24.482,4661.2,-1.55755,0.000233649,89.9905
0.346212,11624.5,-7.65227,0.0025187,3.14159,0.00559425,-5.88491e-07,-600,24.476,4591.36,-1.51122,0.000233649,89.9905
0.346222,11624.5,-7.53587,0.00244266,3.14159,0.00534069,-5.70724e-07,-600,24.47,4521.52,-1.46559,0.000233649,89.9905
0.346232,11624.5,-7.41946,0.00236778,3.14159,0.00509737,-5.53228e-07,-600,24.464,4451.68,-1.42067,0.000233649,89.9905
0.346242,11624.5,-7.30306,0.00229407,3.14159,0.00486399,-5.36005e-07,-600,24.458,4381.84,-1.37644,0.000233649,89.9905
0.346252,11624.5,-7.18666,0.00222152,3.14159,0.00464024,-5.19055e-07,-600,24.452,4312,-1.33291,0.000233649,89.9905
0.346262,11624.5,-7.07026,0.00215014,3.14159,0.0034144,-1.94797e-07,-600,24.446,4242.15,-1.29008,9.05975e-05,89.9905
0.346272,11624.5,-6.95385,0.00207992,3.14159,0.00322565,-1.88436e-07,-600,24.44,4172.31,-1.24795,9.05975e-05,89.9905
0.346282,11624.5,-6.83745,0.00201087,3.14159,0.00304562,-1.8218e-07,-600,24.434,4102.47,-1.20652,9.05975e-05,89.9905
0.346292,11624.5,-6.72105,0.00194299,3.14159,0.00287403,-1.7603e-07,-600,24.428,4032.63,-1.16579,9.05975e-05,89.9905
0.346302,11624.5,-6.60465,0.00187627,3.14159,0.00271059,-1.69985e-07,-600,24.422,3962.79,-1.12576,9.05975e-05,89.9905
0.346312,11624.5,-6.48824,0.00181072,3.14159,0.00255503,-1.64046e-07,-600,24.416,3892.95,-1.08643,9.05975e-05,89.9905
0.346322,11624.5,-6.37184,0.00174633,3.14159,0.00240707,-1.58213e-07,-600,24.41,3823.1,-1.0478,9.05975e-05,89.9905
0.346332,11624.5,-6.25544,0.00168311,3.14159,0.00226643,-1.52485e-07,-600,24.404,3753.26,-1.00986,9.05975e-05,89.9905
0.346342,11624.5,-6.13903,0.00162105,3.14159,0.00213286,-1.46863e-07,-600,24.398,3683.42,-0.972629,9.05975e-05,89.9905
0.346352,11624.5,-6.02263,0.00156016,3.14159,0.00200609,-1.41346e-07,-600,24.392,3613.58,-0.936095,9.05975e-05,89.9905
0.346362,11624.5,-5.90623,0.00150043,3.14159,0.00188587,-1.35935e-07,-600,24.386,3543.74,-0.90026,9.05975e-05,89.9905
0.346372,11624.5,-5.78983,0.00144187,3.14159,0.00177194,-1.3063e-07,-600,24.38,3473.9,-0.865124,9.05975e-05,89.9905
0.346382,11624.5,-5.67342,0.00138448,3.14159,0.00166407,-1.2543e-07,-600,24.374,3404.05,-0.830687,9.05975e-05,89.9905
0.346392,11624.5,-5.55702,0.00132825,3.14159,0.001562,-1.20336e-07,-600,24.368,3334.21,-0.79695,9.05975e-05,89.9905
0.346402,11624.5,-5.44062,0.00127319,3.14159,0.00146551,-1.15348e-07,-600,24.362,3264.37,-0.763913,9.05975e-05,89.9905
0.346412,11624.5,-5.32421,0.00121929,3.14159,0.00137436,-1.10465e-07,-600,24.356,3194.53,-0.731574,9.05975e-05,89.9905
0.346422,11624.5,-5.20781,0.00116656,3.14159,0.00128833,-1.05687e-07,-600,24.35,3124.69,-0.699935,9.05975e-05,89.9905
0.346432,11624.5,-5.09141,0.00111499,3.14159,0.00120719,-1.01016e-07,-600,24.344,3054.85,-0.668996,9.05975e-05,89.9905
0.346442,11624.5,-4.97501,0.00106459,3.14159,0.00113074,-9.64494e-08,-600,24.338,2985,-0.638755,9.05975e-05,89.9905
0.346453,11624.5,-4.8586,0.00101536,3.14159,0.000363719,5.32592e-08,-600,24.332,2915.16,-0.609214,-5.24537e-05,89.9905
0.346463,11624.5,-4.7422,0.000967288,3.14159,0.000312642,5.07378e-08,-600,24.326,2845.32,-0.580373,-5.24537e-05,89.9905
0.346473,11624.5,-4.6258,0.000920385,3.14159,0.000265625,4.82775e-08,-600,24.32,2775.48,-0.552231,-5.24537e-05,89.9905
0.346483,11624.5,-4.5094,0.000874647,3.14159,0.00022247,4.58784e-08,-600,24.314,2705.64,-0.524788,-5.24537e-05,89.9905
0.346493,11624.5,-4.39299,0.000830074,3.14159,0.000182985,4.35404e-08,-600,24.308,2635.8,-0.498045,-5.24537e-05,89.9905
0.346503,11624.5,-4.27659,0.000786667,3.14159,0.000146985,4.12636e-08,-600,24.302,2565.95,-0.472,-5.24537e-05,89.9905
0.346513,11624.5,-4.16019,0.000744426,3.14159,0.000114285,3.90479e-08,-600,24.296,2496.11,-0.446656,-5.24537e-05,89.9905
0.346523,11624.5,-4.04378,0.000703351,3.14159,8.47101e-05,3.68933e-08,-600,24.29,2426.27,-0.42201,-5.24537e-05,89.9905
0.346533,11624.5,-3.92738,0.000663441,3.14159,5.80867e-05,3.47999e-08,-600,24.284,2356.43,-0.398064,-5.24537e-05,89.9905
0.346543,11624.5,-3.81098,0.000624696,3.14159,3.42476e-05,3.27676e-08,-600,24.278,2286.59,-0.374818,-5.24537e-05,89.9905
0.346553,11624.5,-3.69458,0.000587118,3.14159,1.30303e-05,3.07965e-08,-600,24.272,2216.75,-0.352271,-5.24537e-05,89.9905
0.346563,11624.5,-3.57817,0.000550705,3.14159,-5.72295e-06,2.88865e-08,-600,24.266,2146.9,-0.330423,-5.24537e-05,89.9905
0.346573,11624.5,-3.46177,0.000515457,3.14159,-2.2165e-05,2.70376e-08,-600,24.26,2077.06,-0.309274,-5.24537e-05,89.9905
0.346583,11624.5,-3.34537,0.000481375,3.14159,-3.64436e-05,2.52499e-08,-600,24.254,2007.22,-0.288825,-5.24537e-05,89.9905
0.346593,11624.5,-3.22896,0.000448459,3.14159,-4.87018e-05,2.35233e-08,-600,24.248,1937.38,-0.269075,-5.24537e-05,89.9905
0.346603,11624.5,-3.11256,0.000416708,3.14159,-5.90779e-05,2.18579e-08,-600,24.242,1867.54,-0.250025,-5.24537e-05,89.9905
0.346613,11624.5,-2.99616,0.000386123,3.14159,-6.77049e-05,2.02536e-08,-600,24.236,1797.7,-0.231674,-5.24537e-05,89.9905
0.346623,11624.5,-2.87976,0.000356704,3.14159,-7.47113e-05,1.87104e-08,-600,24.23,1727.85,-0.214022,-5.24537e-05,89.9905
0.346633,11624.5,-2.76335,0.00032845,3.14159,-8.02205e-05,1.72284e-08,-600,24.224,1658.01,-0.19707,-5.24537e-05,89.9905
0.346643,11624.5,-2.64695,0.000301361,3.14159,-8.4351e-05,1.58075e-08,-600,24.218,1588.17,-0.180817,-5.24537e-05,89.9905
0.346653,11624.5,-2.53055,0.000275439,3.14159,-8.72166e-05,1.44478e-08,-600,24.212,1518.33,-0.165263,-5.24537e-05,89.9905
0.346663,11624.5,-2.41414,0.000250682,3.14159,-8.89259e-05,1.31492e-08,-600,24.206,1448.49,-0.150409,-5.24537e-05,89.9905
0.346673,11624.5,-2.29774,0.00022709,3.14159,-8.9583e-05,1.19117e-08,-600,24.2,1378.65,-0.136254,-5.24537e-05,89.9905
0.346683,11624.5,-2.18134,0.000204665,3.14159,-8.92867e-05,1.07354e-08,-600,24.194,1308.8,-0.122799,-5.24537e-05,89.9905
0.346693,11624.5,-2.06494,0.000183404,3.14159,-8.81312e-05,9.62023e-09,-600,24.188,1238.96,-0.110043,-5.24537e-05,89.9905
0.346703,11624.5,-1.94853,0.00016331,3.14159,-8.62057e-05,8.56619e-09,-600,24.182,1169.12,-0.0979858,-5.24537e-05,89.9905
0.346713,11624.5,-1.83213,0.000144381,3.14159,-8.35945e-05,7.5733e-09,-600,24.176,1099.28,-0.0866284,-5.24537e-05,89.9905
0.346723,11624.5,-1.71573,0.000126617,3.14159,-8.03771e-05,6.64154e-09,-600,24.17,1029.44,-0.0759704,-5.24537e-05,89.9905
0.346733,11624.5,-1.59933,0.00011002,3.14159,-7.66279e-05,5.77093e-09,-600,24.164,959.595,-0.0660117,-5.24537e-05,89.9905
0.346743,11624.5,-1.48292,9.45874e-05,3.14159,-7.24167e-05,4.96145e-09,-600,24.158,889.754,-0.0567524,-5.24537e-05,89.9905
0.346753,11624.5,-1.36652,8.03208e-05,3.14159,-6.78081e-05,4.21312e-09,-600,24.152,819.912,-0.0481925,-5.24537e-05,89.9905
0.346763,11624.5,-1.25012,6.72199e-05,3.14159,-6.28621e-05,3.52593e-09,-600,24.146,750.07,-0.0403319,-5.24537e-05,89.9905
0.346773,11624.5,-1.13371,5.52845e-05,3.14159,-5.76337e-05,2.89988e-09,-600,24.14,680.229,-0.0331707,-5.24537e-05,89.9905
0.346783,11624.5,-1.01731,4.45148e-05,3.14159,-5.21728e-05,2.33496e-09,-600,24.134,610.387,-0.0267089,-5.24537e-05,89.9905
0.346793,11624.5,-0.900909,3.49106e-05,3.14159,-4.65247e-05,1.83119e-09,-600,24.128,540.545,-0.0209464,-5.24537e-05,89.9905
0.346803,11624.5,-0.784506,2.64721e-05,3.14159,-4.07298e-05,1.38856e-09,-600,24.122,470.704,-0.0158833,-5.24537e-05,89.9905
0.346813,11624.5,-0.668103,1.91992e-05,3.14159,-3.48233e-05,1.00707e-09,-600,24.116,400.862,-0.0115195,-5.24537e-05,89.9905
0.346823,11624.5,-0.551701,1.30919e-05,3.14159,-2.88359e-05,6.86719e-10,-600,24.11,331.02,-0.00785515,-5.24537e-05,89.9905
0.346833,11624.5,-0.435298,8.15022e-06,3.14159,-2.27931e-05,4.27509e-10,-600,24.104,261.179,-0.00489013,-5.24537e-05,89.9905
0.346843,11624.5,-0.318895,4.37413e-06,3.14159,-1.67157e-05,2.29439e-10,-600,24.098,191.337,-0.00262448,-5.24537e-05,89.9905
0.346853,11624.5,-0.202492,1.76365e-06,3.14159,-1.06196e-05,9.25101e-11,-600,24.092,121.495,-0.00105819,-5.24537e-05,89.9905
0.346863,11624.5,-0.0860896,3.18784e-07,3.14159,-4.51565e-06,1.67214e-11,-600,24.086,51.6537,-0.000191271,-5.24537e-05,89.9905
0.346873,0,0,0,3.14159,0,0,-600,24.08,0,-0,-5.24537e-05,89.9905
