0.103231,0,0,15.9918,0.534237,-132062,-4885.68,516.395,60.9188,-78131,8258.1,305.51,6.31083
0.103241,0,0,15.9918,0.534396,-132050,-4887,516.346,60.924,-78152.1,8257.32,305.593,6.31389
0.103251,0,0,15.9918,0.534556,-132037,-4888.32,516.297,60.9292,-78173.2,8256.54,305.676,6.31694
0.103261,0,0,15.9918,0.534716,-132025,-4889.64,516.248,60.9343,-78194.3,8255.76,305.758,6.32
0.103271,0,0,15.9918,0.534876,-132012,-4890.96,516.199,60.9395,-78215.4,8254.97,305.841,6.32306
0.103281,0,0,15.9918,0.535036,-132000,-4892.28,516.15,60.9446,-78236.5,8254.19,305.923,6.32612
0.103291,0,0,15.9918,0.535196,-131987,-4893.6,516.101,60.9498,-78257.6,8253.41,306.006,6.32918
0.103301,0,0,15.9918,0.535356,-131975,-4894.92,516.052,60.955,-78278.7,8252.63,306.088,6.33224
0.103311,0,0,15.9918,0.535516,-131962,-4896.24,516.003,60.9601,-78299.8,8251.85,306.171,6.3353
0.103321,0,0,15.9918,0.535676,-131950,-4897.56,515.954,60.9653,-78320.9,8251.06,306.253,6.33836
0.103331,0,0,15.9918,0.535836,-131937,-4898.87,515.905,60.9704,-78342,8250.28,306.336,6.34142
0.103341,0,0,15.9918,0.535995,-131925,-4900.19,515.856,60.9756,-78363.1,8249.5,306.418,6.34449
0.103351,0,0,15.9918,0.536155,-131912,-4901.51,515.807,60.9808,-78384.2,8248.71,306.501,6.34755
0.103361,0,0,15.9918,0.536315,-131900,-4902.83,515.758,60.9859,-78405.3,8247.93,306.583,6.35062
0.103371,0,0,15.9918,0.536475,-131887,-4904.15,515.709,60.9911,-78426.4,8247.14,306.666,6.35368
0.103381,0,0,15.9918,0.536635,-131874,-4905.47,515.66,60.9962,-78447.5,8246.36,306.748,6.35675
0.103391,0,0,15.9918,0.536795,-131862,-4906.79,515.611,61.0014,-78468.6,8245.58,306.831,6.35982
0.103401,0,0,15.9918,0.536955,-131849,-4908.11,515.562,61.0065,-78489.7,8244.79,306.913,6.36289
0.103411,0,0,15.9918,0.537115,-131837,-4909.42,515.513,61.0117,-78510.7,8244.01,306.995,6.36596
0.103421,0,0,15.9918,0.537275,-131824,-4910.74,515.464,61.0169,-78531.8,8243.22,307.078,6.36903
0.103431,0,0,15.9918,0.537435,-131812,-4912.06,515.415,61.022,-78552.9,8242.43,307.16,6.3721
0.103441,0,0,15.9918,0.537594,-131799,-4913.38,515.366,61.0272,-78574,8241.65,307.243,6.37517
0.103451,0,0,15.9918,0.537754,-131787,-4914.7,515.317,61.0323,-78595,8240.86,307.325,6.37824
0.103461,0,0,15.9918,0.537914,-131774,-4916.01,515.268,61.0375,-78616.1,8240.08,307.408,6.38132
0.103471,0,0,15.9918,0.538074,-131761,-4917.33,515.218,61.0426,-78637.2,8239.29,307.49,6.38439
0.103481,0,0,15.9918,0.538234,-131749,-4918.65,515.169,61.0478,-78658.2,8238.51,307.572,6.38747
0.103491,0,0,15.9918,0.538394,-131736,-4919.97,515.12,61.0529,-78679.3,8237.72,307.655,6.39054
0.103501,0,0,15.9918,0.538554,-131724,-4921.28,515.071,61.0581,-78700.4,8236.93,307.737,6.39362
0.103511,0,0,15.9918,0.538714,-131711,-4922.6,515.022,61.0632,-78721.4,8236.14,307.819,6.3967
0.103521,0,0,15.9918,0.538874,-131699,-4923.92,514.972,61.0684,-78742.5,8235.36,307.902,6.39978
0.103531,0,0,15.9918,0.539034,-131686,-4925.23,514.923,61.0735,-78763.6,8234.57,307.984,6.40285
0.103541,0,0,15.9918,0.539193,-131673,-4926.55,514.874,61.0787,-78784.6,8233.78,308.066,6.40594
0.103551,0,0,15.9918,0.539353,-131661,-4927.87,514.825,61.0838,-78805.7,8232.99,308.149,6.40902
0.103561,0,0,15.9918,0.539513,-131648,-4929.18,514.775,61.089,-78826.7,8232.21,308.231,6.4121
0.103571,0,0,15.9918,0.539673,-131636,-4930.5,514.726,61.0941,-78847.8,8231.42,308.313,6.41518
0.103581,0,0,15.9918,0.539833,-131623,-4931.81,514.677,61.0993,-78868.8,8230.63,308.396,6.41826
0.103591,0,0,15.9918,0.539993,-131610,-4933.13,514.627,61.1044,-78889.9,8229.84,308.478,6.42135
0.103601,0,0,15.9918,0.540153,-131598,-4934.45,514.578,61.1096,-78910.9,8229.05,308.56,6.42443
0.103611,0,0,15.9918,0.540313,-131585,-4935.76,514.529,61.1147,-78932,8228.26,308.643,6.42752
0.103621,0,0,15.9918,0.540473,-131572,-4937.08,514.479,61.1199,-78953,8227.47,308.725,6.43061
0.103631,0,0,15.9918,0.540632,-131560,-4938.39,514.43,61.125,-78974,8226.68,308.807,6.43369
0.103641,0,0,15.9918,0.540792,-131547,-4939.71,514.381,61.1301,-78995.1,8225.89,308.889,6.43678
0.103651,0,0,15.9918,0.540952,-131535,-4941.02,514.331,61.1353,-79016.1,8225.11,308.972,6.43987
0.103661,0,0,15.9918,0.541112,-131522,-4942.34,514.282,61.1404,-79037.1,8224.31,309.054,6.44296
0.103671,0,0,15.9918,0.541272,-131509,-4943.65,514.232,61.1456,-79058.1,8223.52,309.136,6.44605
0.103681,0,0,15.9918,0.541432,-131497,-4944.97,514.183,61.1507,-79079.2,8222.73,309.218,6.44914
0.103691,0,0,15.9918,0.541592,-131484,-4946.28,514.133,61.1559,-79100.2,8221.94,309.3,6.45224
0.103701,0,0,15.9918,0.541752,-131471,-4947.6,514.084,61.161,-79121.2,8221.15,309.383,6.45533
0.103711,0,0,15.9918,0.541912,-131459,-4948.91,514.035,61.1661,-79142.3,8220.36,309.465,6.45843
0.103721,0,0,15.9918,0.542072,-131446,-4950.23,513.985,61.1713,-79163.3,8219.57,309.547,6.46152
0.103731,0,0,15.9918,0.542231,-131433,-4951.54,513.936,61.1764,-79184.3,8218.78,309.629,6.46462
0.103741,0,0,15.9918,0.542391,-131421,-4952.86,513.886,61.1816,-79205.3,8217.99,309.711,6.46771
0.103751,0,0,15.9918,0.542551,-131408,-4954.17,513.837,61.1867,-79226.3,8217.19,309.793,6.47081
0.103761,0,0,15.9918,0.542711,-131395,-4955.48,513.787,61.1918,-79247.3,8216.4,309.876,6.47391
0.103771,0,0,15.9918,0.542871,-131383,-4956.8,513.737,61.197,-79268.3,8215.61,309.958,6.47701
0.103781,0,0,15.9918,0.543031,-131370,-4958.11,513.688,61.2021,-79289.3,8214.82,310.04,6.48011
0.103791,0,0,15.9918,0.543191,-131357,-4959.42,513.638,61.2072,-79310.4,8214.02,310.122,6.48321
0.103801,0,0,15.9918,0.543351,-131345,-4960.74,513.589,61.2124,-79331.3,8213.23,310.204,6.48631
0.103811,0,0,15.9918,0.543511,-131332,-4962.05,513.539,61.2175,-79352.3,8212.44,310.286,6.48941
0.103821,0,0,15.9918,0.543671,-131319,-4963.36,513.489,61.2226,-79373.4,8211.64,310.368,6.49252
0.103831,0,0,15.9918,0.54383,-131307,-4964.68,513.44,61.2278,-79394.3,8210.85,310.451,6.49562
0.103841,0,0,15.9918,0.54399,-131294,-4965.99,513.39,61.2329,-79415.3,8210.06,310.533,6.49872
0.103851,0,0,15.9918,0.54415,-131281,-4967.3,513.341,61.2381,-79436.3,8209.26,310.615,6.50183
0.103861,0,0,15.9918,0.54431,-131269,-4968.61,513.291,61.2432,-79457.3,8208.47,310.697,6.50494
0.103871,0,0,15.9918,0.54447,-131256,-4969.93,513.241,61.2483,-79478.3,8207.67,310.779,6.50804
0.103881,0,0,15.9918,0.54463,-131243,-4971.24,513.191,61.2534,-79499.3,8206.88,310.861,6.51115
0.103891,0,0,15.9918,0.54479,-131230,-4972.55,513.142,61.2586,-79520.3,8206.08,310.943,6.51426
0.103901,0,0,15.9918,0.54495,-131218,-4973.86,513.092,61.2637,-79541.3,8205.29,311.025,6.51737
0.103911,0,0,15.9918,0.54511,-131205,-4975.18,513.042,61.2688,-79562.2,8204.49,311.107,6.52048
0.103921,0,0,15.9918,0.545269,-131192,-4976.49,512.993,61.274,-79583.2,8203.7,311.189,6.52359
0.103931,0,0,15.9918,0.545429,-131180,-4977.8,512.943,61.2791,-79604.2,8202.9,311.271,6.52671
0.103941,0,0,15.9918,0.545589,-131167,-4979.11,512.893,61.2842,-79625.2,8202.11,311.353,6.52982
0.103951,0,0,15.9918,0.545749,-131154,-4980.42,512.843,61.2894,-79646.1,8201.31,311.435,6.53293
0.103961,0,0,15.9918,0.545909,-131141,-4981.73,512.793,61.2945,-79667.1,8200.51,311.517,6.53605
0.103971,0,0,15.9918,0.546069,-131129,-4983.04,512.744,61.2996,-79688.1,8199.72,311.599,6.53916
0.103981,0,0,15.9918,0.546229,-131116,-4984.36,512.694,61.3047,-79709,8198.92,311.681,6.54228
0.103991,0,0,15.9918,0.546389,-131103,-4985.67,512.644,61.3099,-79730,8198.12,311.763,6.5454
0.104001,0,0,15.9918,0.546549,-131090,-4986.98,512.594,61.315,-79751,8197.32,311.845,6.54852
0.104011,0,0,15.9918,0.546709,-131078,-4988.29,512.544,61.3201,-79771.9,8196.53,311.927,6.55163
0.104021,0,0,15.9918,0.546868,-131065,-4989.6,512.494,61.3252,-79792.9,8195.73,312.009,6.55475
0.104031,0,0,15.9918,0.547028,-131052,-4990.91,512.444,61.3304,-79813.9,8194.93,312.091,6.55787
0.104041,0,0,15.9918,0.547188,-131039,-4992.22,512.394,61.3355,-79834.8,8194.13,312.173,6.561
0.104051,0,0,15.9918,0.547348,-131027,-4993.53,512.345,61.3406,-79855.7,8193.33,312.255,6.56412
0.104061,0,0,15.9918,0.547508,-131014,-4994.84,512.295,61.3457,-79876.7,8192.54,312.337,6.56724
0.104071,0,0,15.9918,0.547668,-131001,-4996.15,512.245,61.3509,-79897.7,8191.74,312.419,6.57036
0.104081,0,0,15.9918,0.547828,-130988,-4997.46,512.195,61.356,-79918.6,8190.94,312.5,6.57349
0.104091,0,0,15.9918,0.547988,-130975,-4998.77,512.145,61.3611,-79939.5,8190.14,312.582,6.57661
0.104101,0,0,15.9918,0.548148,-130963,-5000.08,512.095,61.3662,-79960.5,8189.34,312.664,6.57974
0.104111,0,0,15.9918,0.548308,-130950,-5001.39,512.045,61.3713,-79981.4,8188.54,312.746,6.58287
0.104121,0,0,15.9918,0.548467,-130937,-5002.7,511.995,61.3765,-80002.4,8187.74,312.828,6.586
0.104131,0,0,15.9918,0.548627,-130924,-5004.01,511.945,61.3816,-80023.3,8186.94,312.91,6.58912
0.104141,0,0,15.9918,0.548787,-130911,-5005.32,511.895,61.3867,-80044.2,8186.14,312.992,6.59225
0.104151,0,0,15.9918,0.548947,-130899,-5006.62,511.845,61.3918,-80065.2,8185.34,313.074,6.59538
0.104161,0,0,15.9918,0.549107,-130886,-5007.93,511.795,61.3969,-80086.1,8184.54,313.155,6.59852
0.104171,0,0,15.9918,0.549267,-130873,-5009.24,511.744,61.4021,-80107,8183.74,313.237,6.60165
0.104181,0,0,15.9918,0.549427,-130860,-5010.55,511.694,61.4072,-80127.9,8182.94,313.319,6.60478
0.104191,0,0,15.9918,0.549587,-130847,-5011.86,511.644,61.4123,-80148.9,8182.14,313.401,6.60791
0.104201,0,0,15.9918,0.549747,-130835,-5013.17,511.594,61.4174,-80169.8,8181.33,313.483,6.61105
0.104211,0,0,15.9918,0.549906,-130822,-5014.47,511.544,61.4225,-80190.7,8180.53,313.565,6.61418
0.104221,0,0,15.9918,0.550066,-130809,-5015.78,511.494,61.4276,-80211.6,8179.73,313.646,6.61732
0.104231,0,0,15.9918,0.550226,-130796,-5017.09,511.444,61.4328,-80232.5,8178.93,313.728,6.62046
0.104241,0,0,15.9918,0.550386,-130783,-5018.4,511.394,61.4379,-80253.4,8178.13,313.81,6.62359
0.104251,0,0,15.9918,0.550546,-130770,-5019.71,511.343,61.443,-80274.4,8177.32,313.892,6.62673
0.104261,0,0,15.9918,0.550706,-130758,-5021.01,511.293,61.4481,-80295.3,8176.52,313.973,6.62987
0.104271,0,0,15.9918,0.550866,-130745,-5022.32,511.243,61.4532,-80316.2,8175.72,314.055,6.63301
0.104281,0,0,15.9918,0.551026,-130732,-5023.63,511.193,61.4583,-80337.1,8174.91,314.137,6.63615
0.104291,0,0,15.9918,0.551186,-130719,-5024.94,511.142,61.4634,-80358,8174.11,314.219,6.63929
0.104301,0,0,15.9918,0.551346,-130706,-5026.24,511.092,61.4685,-80378.9,8173.31,314.3,6.64244
0.104311,0,0,15.9918,0.551506,-130693,-5027.55,511.042,61.4737,-80399.8,8172.5,314.382,6.64558
0.104321,0,0,15.9918,0.551665,-130681,-5028.85,510.992,61.4788,-80420.7,8171.7,314.464,6.64872
0.104331,0,0,15.9918,0.551825,-130668,-5030.16,510.941,61.4839,-80441.6,8170.9,314.545,6.65187
0.104341,0,0,15.9918,0.551985,-130655,-5031.47,510.891,61.489,-80462.5,8170.09,314.627,6.65501
0.104351,0,0,15.9918,0.552145,-130642,-5032.77,510.841,61.4941,-80483.3,8169.29,314.709,6.65816
0.104361,0,0,15.9918,0.552305,-130629,-5034.08,510.79,61.4992,-80504.2,8168.48,314.791,6.66131
0.104371,0,0,15.9918,0.552465,-130616,-5035.39,510.74,61.5043,-80525.1,8167.68,314.872,6.66446
0.104381,0,0,15.9918,0.552625,-130603,-5036.69,510.69,61.5094,-80546,8166.87,314.954,6.66761
0.104391,0,0,15.9918,0.552785,-130590,-5038,510.639,61.5145,-80566.9,8166.07,315.036,6.67076
0.104401,0,0,15.9918,0.552945,-130578,-5039.3,510.589,61.5196,-80587.8,8165.26,315.117,6.67391
0.104411,0,0,15.9918,0.553104,-130565,-5040.61,510.539,61.5247,-80608.6,8164.45,315.199,6.67706
0.104421,0,0,15.9918,0.553264,-130552,-5041.92,510.488,61.5298,-80629.5,8163.65,315.28,6.68021
0.104431,0,0,15.9918,0.553424,-130539,-5043.22,510.438,61.5349,-80650.4,8162.84,315.362,6.68336
0.104441,0,0,15.9918,0.553584,-130526,-5044.53,510.387,61.5401,-80671.3,8162.04,315.444,6.68652
0.104451,0,0,15.9918,0.553744,-130513,-5045.83,510.337,61.5452,-80692.1,8161.23,315.525,6.68967
0.104461,0,0,15.9918,0.553904,-130500,-5047.14,510.286,61.5503,-80713,8160.42,315.607,6.69283
0.104471,0,0,15.9918,0.554064,-130487,-5048.44,510.236,61.5554,-80733.9,8159.61,315.688,6.69599
0.104481,0,0,15.9918,0.554224,-130474,-5049.75,510.186,61.5605,-80754.8,8158.81,315.77,6.69914
0.104491,0,0,15.9918,0.554384,-130461,-5051.05,510.135,61.5656,-80775.6,8158,315.852,6.7023
0.104501,0,0,15.9918,0.554544,-130449,-5052.35,510.085,61.5707,-80796.5,8157.19,315.933,6.70546
0.104511,0,0,15.9918,0.554703,-130436,-5053.66,510.034,61.5758,-80817.3,8156.38,316.015,6.70862
0.104521,0,0,15.9918,0.554863,-130423,-5054.96,509.983,61.5809,-80838.2,8155.58,316.096,6.71178
0.104531,0,0,15.9918,0.555023,-130410,-5056.27,509.933,61.586,-80859,8154.77,316.178,6.71494
0.104541,0,0,15.9918,0.555183,-130397,-5057.57,509.882,61.5911,-80879.9,8153.96,316.259,6.7181
0.104551,0,0,15.9918,0.555343,-130384,-5058.87,509.832,61.5962,-80900.7,8153.15,316.341,6.72127
0.104561,0,0,15.9918,0.555503,-130371,-5060.18,509.781,61.6013,-80921.6,8152.34,316.422,6.72443
0.104571,0,0,15.9918,0.555663,-130358,-5061.48,509.731,61.6064,-80942.4,8151.53,316.504,6.72759
0.104581,0,0,15.9918,0.555823,-130345,-5062.78,509.68,61.6115,-80963.3,8150.72,316.585,6.73076
0.104591,0,0,15.9918,0.555983,-130332,-5064.09,509.629,61.6166,-80984.1,8149.91,316.667,6.73393
0.104601,0,0,15.9918,0.556143,-130319,-5065.39,509.579,61.6216,-81004.9,8149.1,316.748,6.73709
0.104611,0,0,15.9918,0.556302,-130306,-5066.69,509.528,61.6267,-81025.8,8148.29,316.83,6.74026
0.104621,0,0,15.9918,0.556462,-130293,-5068,509.477,61.6318,-81046.6,8147.48,316.911,6.74343
0.104631,0,0,15.9918,0.556622,-130280,-5069.3,509.427,61.6369,-81067.4,8146.67,316.993,6.7466
0.104641,0,0,15.9918,0.556782,-130267,-5070.6,509.376,61.642,-81088.3,8145.86,317.074,6.74977
0.104651,0,0,15.9918,0.556942,-130254,-5071.9,509.325,61.6471,-81109.1,8145.05,317.156,6.75294
0.104661,0,0,15.9918,0.557102,-130241,-5073.21,509.275,61.6522,-81129.9,8144.24,317.237,6.75611
0.104671,0,0,15.9918,0.557262,-130228,-5074.51,509.224,61.6573,-81150.8,8143.43,317.319,6.75929
0.104681,0,0,15.9918,0.557422,-130215,-5075.81,509.173,61.6624,-81171.6,8142.62,317.4,6.76246
0.104691,0,0,15.9918,0.557582,-130202,-5077.11,509.122,61.6675,-81192.4,8141.81,317.481,6.76563
0.104701,0,0,15.9918,0.557741,-130189,-5078.41,509.072,61.6726,-81213.2,8140.99,317.563,6.76881
0.104711,0,0,15.9918,0.557901,-130177,-5079.72,509.021,61.6777,-81234,8140.18,317.644,6.77199
0.104721,0,0,15.9918,0.558061,-130164,-5081.02,508.97,61.6828,-81254.9,8139.37,317.726,6.77516
0.104731,0,0,15.9918,0.558221,-130151,-5082.32,508.919,61.6878,-81275.7,8138.56,317.807,6.77834
0.104741,0,0,15.9918,0.558381,-130138,-5083.62,508.868,61.6929,-81296.5,8137.74,317.888,6.78152
0.104751,0,0,15.9918,0.558541,-130125,-5084.92,508.818,61.698,-81317.3,8136.93,317.97,6.7847
0.104761,0,0,15.9918,0.558701,-130112,-5086.22,508.767,61.7031,-81338.1,8136.12,318.051,6.78788
0.104771,0,0,15.9918,0.558861,-130099,-5087.52,508.716,61.7082,-81358.9,8135.3,318.132,6.79106
0.104781,0,0,15.9918,0.559021,-130086,-5088.82,508.665,61.7133,-81379.7,8134.49,318.214,6.79424
0.104791,0,0,15.9918,0.559181,-130072,-5090.12,508.614,61.7184,-81400.5,8133.68,318.295,6.79742
0.104801,0,0,15.9918,0.55934,-130059,-5091.43,508.563,61.7235,-81421.3,8132.86,318.376,6.80061
0.104811,0,0,15.9918,0.5595,-130046,-5092.73,508.512,61.7285,-81442.1,8132.05,318.458,6.80379
0.104821,0,0,15.9918,0.55966,-130033,-5094.03,508.461,61.7336,-81462.9,8131.23,318.539,6.80698
0.104831,0,0,15.9918,0.55982,-130020,-5095.33,508.41,61.7387,-81483.7,8130.42,318.62,6.81016
0.104841,0,0,15.9918,0.55998,-130007,-5096.63,508.359,61.7438,-81504.4,8129.6,318.702,6.81335
0.104851,0,0,15.9918,0.56014,-129994,-5097.93,508.308,61.7489,-81525.2,8128.79,318.783,6.81654
0.104861,0,0,15.9918,0.5603,-129981,-5099.23,508.257,61.754,-81546,8127.97,318.864,6.81972
0.104871,0,0,15.9918,0.56046,-129968,-5100.53,508.206,61.759,-81566.8,8127.16,318.945,6.82291
0.104881,0,0,15.9918,0.56062,-129955,-5101.82,508.155,61.7641,-81587.6,8126.34,319.027,6.8261
0.104891,0,0,15.9918,0.56078,-129942,-5103.12,508.104,61.7692,-81608.4,8125.53,319.108,6.82929
0.104901,0,0,15.9918,0.560939,-129929,-5104.42,508.053,61.7743,-81629.1,8124.71,319.189,6.83248
0.104911,0,0,15.9918,0.561099,-129916,-5105.72,508.002,61.7794,-81649.9,8123.9,319.27,6.83568
0.104921,0,0,15.9918,0.561259,-129903,-5107.02,507.951,61.7845,-81670.7,8123.08,319.352,6.83887
0.104931,0,0,15.9918,0.561419,-129890,-5108.32,507.9,61.7895,-81691.5,8122.26,319.433,6.84206
0.104941,0,0,15.9918,0.561579,-129877,-5109.62,507.849,61.7946,-81712.2,8121.44,319.514,6.84526
0.104951,0,0,15.9918,0.561739,-129864,-5110.92,507.798,61.7997,-81733,8120.63,319.595,6.84845
0.104961,0,0,15.9918,0.561899,-129851,-5112.22,507.747,61.8048,-81753.8,8119.81,319.676,6.85165
0.104971,0,0,15.9918,0.562059,-129838,-5113.51,507.696,61.8098,-81774.5,8118.99,319.758,6.85485
0.104981,0,0,15.9918,0.562219,-129825,-5114.81,507.645,61.8149,-81795.3,8118.18,319.839,6.85805
0.104991,0,0,15.9918,0.562379,-129812,-5116.11,507.594,61.82,-81816,8117.36,319.92,6.86124
0.105001,0,0,15.9918,0.562538,-129798,-5117.41,507.542,61.8251,-81836.8,8116.54,320.001,6.86444
0.105011,0,0,15.9918,0.562698,-129785,-5118.71,507.491,61.8301,-81857.5,8115.72,320.082,6.86764
0.105021,0,0,15.9918,0.562858,-129772,-5120,507.44,61.8352,-81878.3,8114.9,320.163,6.87085
0.105031,0,0,15.9918,0.563018,-129759,-5121.3,507.389,61.8403,-81899,8114.08,320.245,6.87405
0.105041,0,0,15.9918,0.563178,-129746,-5122.6,507.338,61.8454,-81919.8,8113.26,320.326,6.87725
0.105051,0,0,15.9918,0.563338,-129733,-5123.9,507.286,61.8504,-81940.5,8112.45,320.407,6.88045
0.105061,0,0,15.9918,0.563498,-129720,-5125.19,507.235,61.8555,-81961.3,8111.63,320.488,6.88366
0.105071,0,0,15.9918,0.563658,-129707,-5126.49,507.184,61.8606,-81982,8110.81,320.569,6.88686
0.105081,0,0,15.9918,0.563818,-129694,-5127.79,507.133,61.8657,-82002.8,8109.99,320.65,6.89007
0.105091,0,0,15.9918,0.563977,-129681,-5129.08,507.081,61.8707,-82023.5,8109.17,320.731,6.89328
0.105101,0,0,15.9918,0.564137,-129667,-5130.38,507.03,61.8758,-82044.2,8108.35,320.812,6.89648
0.105111,0,0,15.9918,0.564297,-129654,-5131.68,506.979,61.8809,-82065,8107.53,320.893,6.89969
0.105121,0,0,15.9918,0.564457,-129641,-5132.97,506.927,61.8859,-82085.7,8106.71,320.974,6.9029
0.105131,0,0,15.9918,0.564617,-129628,-5134.27,506.876,61.891,-82106.4,8105.88,321.055,6.90611
0.105141,0,0,15.9918,0.564777,-129615,-5135.56,506.825,61.8961,-82127.1,8105.06,321.136,6.90932
0.105151,0,0,15.9918,0.564937,-129602,-5136.86,506.773,61.9011,-82147.9,8104.24,321.217,6.91254
0.105161,0,0,15.9918,0.565097,-129589,-5138.16,506.722,61.9062,-82168.6,8103.42,321.299,6.91575
0.105171,0,0,15.9918,0.565257,-129575,-5139.45,506.671,61.9113,-82189.3,8102.6,321.38,6.91896
0.105181,0,0,15.9918,0.565417,-129562,-5140.75,506.619,61.9163,-82210,8101.78,321.461,6.92218
0.105191,0,0,15.9918,0.565576,-129549,-5142.04,506.568,61.9214,-82230.7,8100.96,321.542,6.92539
0.105201,0,0,15.9918,0.565736,-129536,-5143.34,506.516,61.9265,-82251.5,8100.13,321.623,6.92861
0.105211,0,0,15.9918,0.565896,-129523,-5144.63,506.465,61.9315,-82272.2,8099.31,321.704,6.93182
0.105221,0,0,15.9918,0.566056,-129510,-5145.93,506.414,61.9366,-82292.9,8098.49,321.785,6.93504
0.105231,0,0,15.9918,0.566216,-129497,-5147.22,506.362,61.9417,-82313.6,8097.66,321.865,6.93826
0.105241,0,0,15.9918,0.566376,-129483,-5148.52,506.311,61.9467,-82334.3,8096.84,321.946,6.94148
0.105251,0,0,15.9918,0.566536,-129470,-5149.81,506.259,61.9518,-82355,8096.02,322.027,6.9447
0.105261,0,0,15.9918,0.566696,-129457,-5151.11,506.208,61.9569,-82375.7,8095.19,322.108,6.94792
0.105271,0,0,15.9918,0.566856,-129444,-5152.4,506.156,61.9619,-82396.4,8094.37,322.189,6.95114
0.105281,0,0,15.9918,0.567016,-129431,-5153.69,506.105,61.967,-82417.1,8093.55,322.27,6.95436
0.105291,0,0,15.9918,0.567175,-129418,-5154.99,506.053,61.972,-82437.8,8092.72,322.351,6.95759
0.105301,0,0,15.9918,0.567335,-129404,-5156.28,506.002,61.9771,-82458.5,8091.9,322.432,6.96081
0.105311,0,0,15.9918,0.567495,-129391,-5157.58,505.95,61.9822,-82479.2,8091.07,322.513,6.96403
0.105321,0,0,15.9918,0.567655,-129378,-5158.87,505.898,61.9872,-82499.9,8090.25,322.594,6.96726
0.105331,0,0,15.9918,0.567815,-129365,-5160.16,505.847,61.9923,-82520.5,8089.42,322.675,6.97049
0.105341,0,0,15.9918,0.567975,-129352,-5161.46,505.795,61.9973,-82541.2,8088.6,322.756,6.97371
0.105351,0,0,15.9918,0.568135,-129338,-5162.75,505.744,62.0024,-82561.9,8087.77,322.837,6.97694
0.105361,0,0,15.9918,0.568295,-129325,-5164.04,505.692,62.0075,-82582.6,8086.95,322.917,6.98017
0.105371,0,0,15.9918,0.568455,-129312,-5165.34,505.64,62.0125,-82603.3,8086.12,322.998,6.9834
0.105381,0,0,15.9918,0.568614,-129299,-5166.63,505.589,62.0176,-82623.9,8085.3,323.079,6.98663
0.105391,0,0,15.9918,0.568774,-129286,-5167.92,505.537,62.0226,-82644.6,8084.47,323.16,6.98986
0.105401,0,0,15.9918,0.568934,-129272,-5169.22,505.485,62.0277,-82665.3,8083.64,323.241,6.99309
0.105411,0,0,15.9918,0.569094,-129259,-5170.51,505.434,62.0327,-82686,8082.82,323.322,6.99633
0.105421,0,0,15.9918,0.569254,-129246,-5171.8,505.382,62.0378,-82706.6,8081.99,323.402,6.99956
0.105431,0,0,15.9918,0.569414,-129233,-5173.09,505.33,62.0428,-82727.3,8081.16,323.483,7.00279
0.105441,0,0,15.9918,0.569574,-129219,-5174.38,505.279,62.0479,-82747.9,8080.33,323.564,7.00603
0.105451,0,0,15.9918,0.569734,-129206,-5175.68,505.227,62.0529,-82768.6,8079.51,323.645,7.00926
0.105461,0,0,15.9918,0.569894,-129193,-5176.97,505.175,62.058,-82789.3,8078.68,323.726,7.0125
0.105471,0,0,15.9918,0.570054,-129180,-5178.26,505.123,62.063,-82809.9,8077.85,323.806,7.01574
0.105481,0,0,15.9918,0.570213,-129167,-5179.55,505.071,62.0681,-82830.6,8077.02,323.887,7.01898
0.105491,0,0,15.9918,0.570373,-129153,-5180.84,505.02,62.0731,-82851.2,8076.2,323.968,7.02222
0.105501,0,0,15.9918,0.570533,-129140,-5182.13,504.968,62.0782,-82871.9,8075.37,324.049,7.02546
0.105511,0,0,15.9918,0.570693,-129127,-5183.43,504.916,62.0832,-82892.5,8074.54,324.129,7.0287
0.105521,0,0,15.9918,0.570853,-129114,-5184.72,504.864,62.0883,-82913.2,8073.71,324.21,7.03194
0.105531,0,0,15.9918,0.571013,-129100,-5186.01,504.812,62.0933,-82933.8,8072.88,324.291,7.03518
0.105541,0,0,15.9918,0.571173,-129087,-5187.3,504.76,62.0984,-82954.5,8072.05,324.371,7.03843
0.105551,0,0,15.9918,0.571333,-129074,-5188.59,504.709,62.1034,-82975.1,8071.22,324.452,7.04167
0.105561,0,0,15.9918,0.571493,-129060,-5189.88,504.657,62.1085,-82995.7,8070.39,324.533,7.04491
0.105571,0,0,15.9918,0.571653,-129047,-5191.17,504.605,62.1135,-83016.4,8069.56,324.614,7.04816
0.105581,0,0,15.9918,0.571812,-129034,-5192.46,504.553,62.1186,-83037,8068.73,324.694,7.05141
0.105591,0,0,15.9918,0.571972,-129021,-5193.75,504.501,62.1236,-83057.6,8067.9,324.775,7.05465
0.105601,0,0,15.9918,0.572132,-129007,-5195.04,504.449,62.1287,-83078.3,8067.07,324.856,7.0579
0.105611,0,0,15.9918,0.572292,-128994,-5196.33,504.397,62.1337,-83098.9,8066.24,324.936,7.06115
0.105621,0,0,15.9918,0.572452,-128981,-5197.62,504.345,62.1388,-83119.5,8065.41,325.017,7.0644
0.105631,0,0,15.9918,0.572612,-128967,-5198.91,504.293,62.1438,-83140.1,8064.58,325.098,7.06765
0.105641,0,0,15.9918,0.572772,-128954,-5200.2,504.241,62.1488,-83160.8,8063.75,325.178,7.0709
0.105651,0,0,15.9918,0.572932,-128941,-5201.49,504.189,62.1539,-83181.4,8062.91,325.259,7.07416
0.105661,0,0,15.9918,0.573092,-128928,-5202.78,504.137,62.1589,-83202,8062.08,325.339,7.07741
0.105671,0,0,15.9918,0.573252,-128914,-5204.07,504.085,62.164,-83222.6,8061.25,325.42,7.08066
0.105681,0,0,15.9918,0.573411,-128901,-5205.35,504.033,62.169,-83243.2,8060.42,325.501,7.08392
0.105691,0,0,15.9918,0.573571,-128888,-5206.64,503.981,62.174,-83263.8,8059.59,325.581,7.08717
0.105701,0,0,15.9918,0.573731,-128874,-5207.93,503.929,62.1791,-83284.4,8058.75,325.662,7.09043
0.105711,0,0,15.9918,0.573891,-128861,-5209.22,503.877,62.1841,-83305,8057.92,325.742,7.09369
0.105721,0,0,15.9918,0.574051,-128848,-5210.51,503.825,62.1892,-83325.7,8057.09,325.823,7.09694
0.105731,0,0,15.9918,0.574211,-128834,-5211.8,503.773,62.1942,-83346.2,8056.25,325.903,7.1002
0.105741,0,0,15.9918,0.574371,-128821,-5213.08,503.721,62.1992,-83366.8,8055.42,325.984,7.10346
0.105751,0,0,15.9918,0.574531,-128808,-5214.37,503.668,62.2043,-83387.5,8054.59,326.065,7.10672
0.105761,0,0,15.9918,0.574691,-128794,-5215.66,503.616,62.2093,-83408,8053.75,326.145,7.10998
0.105771,0,0,15.9918,0.57485,-128781,-5216.95,503.564,62.2143,-83428.6,8052.92,326.226,7.11324
0.105781,0,0,15.9918,0.57501,-128768,-5218.24,503.512,62.2194,-83449.2,8052.08,326.306,7.11651
0.105791,0,0,15.9918,0.57517,-128754,-5219.52,503.46,62.2244,-83469.8,8051.25,326.387,7.11977
0.105801,0,0,15.9918,0.57533,-128741,-5220.81,503.408,62.2295,-83490.4,8050.42,326.467,7.12303
0.105811,0,0,15.9918,0.57549,-128728,-5222.1,503.355,62.2345,-83511,8049.58,326.548,7.1263
0.105821,0,0,15.9918,0.57565,-128714,-5223.39,503.303,62.2395,-83531.6,8048.75,326.628,7.12957
0.105831,0,0,15.9918,0.57581,-128701,-5224.67,503.251,62.2446,-83552.2,8047.91,326.709,7.13283
0.105841,0,0,15.9918,0.57597,-128688,-5225.96,503.199,62.2496,-83572.7,8047.07,326.789,7.1361
0.105851,0,0,15.9918,0.57613,-128674,-5227.25,503.146,62.2546,-83593.3,8046.24,326.869,7.13937
0.105861,0,0,15.9918,0.57629,-128661,-5228.53,503.094,62.2596,-83613.9,8045.4,326.95,7.14264
0.105871,0,0,15.9918,0.576449,-128647,-5229.82,503.042,62.2647,-83634.4,8044.57,327.03,7.14591
0.105881,0,0,15.9918,0.576609,-128634,-5231.1,502.99,62.2697,-83655,8043.73,327.111,7.14918
0.105891,0,0,15.9918,0.576769,-128621,-5232.39,502.937,62.2747,-83675.6,8042.89,327.191,7.15245
0.105901,0,0,15.9918,0.576929,-128607,-5233.68,502.885,62.2798,-83696.1,8042.06,327.272,7.15572
0.105911,0,0,15.9918,0.577089,-128594,-5234.96,502.833,62.2848,-83716.7,8041.22,327.352,7.15899
0.105921,0,0,15.9918,0.577249,-128581,-5236.25,502.78,62.2898,-83737.3,8040.38,327.432,7.16227
0.105931,0,0,15.9918,0.577409,-128567,-5237.53,502.728,62.2948,-83757.8,8039.55,327.513,7.16554
0.105941,0,0,15.9918,0.577569,-128554,-5238.82,502.676,62.2999,-83778.4,8038.71,327.593,7.16882
0.105951,0,0,15.9918,0.577729,-128540,-5240.1,502.623,62.3049,-83798.9,8037.87,327.674,7.1721
0.105961,0,0,15.9918,0.577889,-128527,-5241.39,502.571,62.3099,-83819.5,8037.03,327.754,7.17537
0.105971,0,0,15.9918,0.578048,-128514,-5242.68,502.518,62.315,-83840,8036.19,327.834,7.17865
0.105981,0,0,15.9918,0.578208,-128500,-5243.96,502.466,62.32,-83860.6,8035.36,327.915,7.18193
0.105991,0,0,15.9918,0.578368,-128487,-5245.24,502.413,62.325,-83881.1,8034.52,327.995,7.18521
0.106001,0,0,15.9918,0.578528,-128473,-5246.53,502.361,62.33,-83901.7,8033.68,328.075,7.18849
0.106011,0,0,15.9918,0.578688,-128460,-5247.81,502.309,62.3351,-83922.2,8032.84,328.156,7.19177
0.106021,0,0,15.9918,0.578848,-128447,-5249.1,502.256,62.3401,-83942.8,8032,328.236,7.19505
0.106031,0,0,15.9918,0.579008,-128433,-5250.38,502.204,62.3451,-83963.3,8031.16,328.316,7.19833
0.106041,0,0,15.9918,0.579168,-128420,-5251.67,502.151,62.3501,-83983.8,8030.32,328.397,7.20162
0.106051,0,0,15.9918,0.579328,-128406,-5252.95,502.099,62.3551,-84004.4,8029.48,328.477,7.2049
0.106061,0,0,15.9918,0.579488,-128393,-5254.23,502.046,62.3602,-84024.9,8028.64,328.557,7.20819
0.106071,0,0,15.9918,0.579647,-128379,-5255.52,501.993,62.3652,-84045.4,8027.8,328.637,7.21147
0.106081,0,0,15.9918,0.579807,-128366,-5256.8,501.941,62.3702,-84065.9,8026.96,328.718,7.21476
0.106091,0,0,15.9918,0.579967,-128352,-5258.08,501.888,62.3752,-84086.5,8026.12,328.798,7.21805
0.106101,0,0,15.9918,0.580127,-128339,-5259.37,501.836,62.3802,-84107,8025.28,328.878,7.22134
0.106111,0,0,15.9918,0.580287,-128326,-5260.65,501.783,62.3853,-84127.5,8024.44,328.958,7.22463
0.106121,0,0,15.9918,0.580447,-128312,-5261.93,501.731,62.3903,-84148,8023.6,329.039,7.22792
0.106131,0,0,15.9918,0.580607,-128299,-5263.22,501.678,62.3953,-84168.5,8022.76,329.119,7.23121
0.106141,0,0,15.9918,0.580767,-128285,-5264.5,501.625,62.4003,-84189.1,8021.91,329.199,7.2345
0.106151,0,0,15.9918,0.580927,-128272,-5265.78,501.573,62.4053,-84209.6,8021.07,329.279,7.23779
0.106161,0,0,15.9918,0.581087,-128258,-5267.07,501.52,62.4103,-84230.1,8020.23,329.359,7.24108
0.106171,0,0,15.9918,0.581246,-128245,-5268.35,501.467,62.4154,-84250.6,8019.39,329.44,7.24438
0.106181,0,0,15.9918,0.581406,-128231,-5269.63,501.415,62.4204,-84271.1,8018.55,329.52,7.24767
0.106191,0,0,15.9918,0.581566,-128218,-5270.91,501.362,62.4254,-84291.6,8017.7,329.6,7.25097
0.106201,0,0,15.9918,0.581726,-128204,-5272.19,501.309,62.4304,-84312.1,8016.86,329.68,7.25426
0.106211,0,0,15.9918,0.581886,-128191,-5273.48,501.257,62.4354,-84332.6,8016.02,329.76,7.25756
0.106221,0,0,15.9918,0.582046,-128177,-5274.76,501.204,62.4404,-84353.1,8015.17,329.84,7.26086
0.106231,0,0,15.9918,0.582206,-128164,-5276.04,501.151,62.4454,-84373.6,8014.33,329.921,7.26416
0.106241,0,0,15.9918,0.582366,-128150,-5277.32,501.098,62.4504,-84394.1,8013.49,330.001,7.26746
0.106251,0,0,15.9918,0.582526,-128137,-5278.6,501.046,62.4555,-84414.6,8012.64,330.081,7.27076
0.106261,0,0,15.9918,0.582685,-128123,-5279.88,500.993,62.4605,-84435.1,8011.8,330.161,7.27406
0.106271,0,0,15.9918,0.582845,-128110,-5281.16,500.94,62.4655,-84455.6,8010.95,330.241,7.27736
0.106281,0,0,15.9918,0.583005,-128096,-5282.44,500.887,62.4705,-84476,8010.11,330.321,7.28066
0.106291,0,0,15.9918,0.583165,-128083,-5283.73,500.834,62.4755,-84496.5,8009.26,330.401,7.28397
0.106301,0,0,15.9918,0.583325,-128069,-5285.01,500.781,62.4805,-84517,8008.42,330.481,7.28727
0.106311,0,0,15.9918,0.583485,-128056,-5286.29,500.729,62.4855,-84537.5,8007.57,330.561,7.29058
0.106321,0,0,15.9918,0.583645,-128042,-5287.57,500.676,62.4905,-84557.9,8006.73,330.641,7.29388
0.106331,0,0,15.9918,0.583805,-128029,-5288.85,500.623,62.4955,-84578.4,8005.88,330.721,7.29719
0.106341,0,0,15.9918,0.583965,-128015,-5290.13,500.57,62.5005,-84598.9,8005.04,330.802,7.3005
0.106351,0,0,15.9918,0.584125,-128002,-5291.41,500.517,62.5055,-84619.4,8004.19,330.882,7.30381
0.106361,0,0,15.9918,0.584284,-127988,-5292.69,500.464,62.5105,-84639.8,8003.35,330.962,7.30712
0.106371,0,0,15.9918,0.584444,-127975,-5293.97,500.411,62.5155,-84660.3,8002.5,331.042,7.31043
0.106381,0,0,15.9918,0.584604,-127961,-5295.25,500.358,62.5205,-84680.7,8001.65,331.122,7.31374
0.106391,0,0,15.9918,0.584764,-127948,-5296.52,500.305,62.5256,-84701.2,8000.81,331.202,7.31705
0.106401,0,0,15.9918,0.584924,-127934,-5297.8,500.252,62.5306,-84721.7,7999.96,331.282,7.32036
0.106411,0,0,15.9918,0.585084,-127921,-5299.08,500.199,62.5356,-84742.1,7999.11,331.362,7.32367
0.106421,0,0,15.9918,0.585244,-127907,-5300.36,500.146,62.5406,-84762.6,7998.26,331.442,7.32699
0.106431,0,0,15.9918,0.585404,-127893,-5301.64,500.093,62.5456,-84783,7997.42,331.522,7.3303
0.106441,0,0,15.9918,0.585564,-127880,-5302.92,500.04,62.5506,-84803.5,7996.57,331.602,7.33362
0.106451,0,0,15.9918,0.585724,-127866,-5304.2,499.987,62.5556,-84823.9,7995.72,331.681,7.33694
0.106461,0,0,15.9918,0.585883,-127853,-5305.48,499.934,62.5606,-84844.4,7994.87,331.761,7.34025
0.106471,0,0,15.9918,0.586043,-127839,-5306.75,499.881,62.5656,-84864.8,7994.02,331.841,7.34357
0.106481,0,0,15.9918,0.586203,-127826,-5308.03,499.828,62.5706,-84885.2,7993.18,331.921,7.34689
0.106491,0,0,15.9918,0.586363,-127812,-5309.31,499.775,62.5756,-84905.7,7992.33,332.001,7.35021
0.106501,0,0,15.9918,0.586523,-127798,-5310.59,499.722,62.5805,-84926.1,7991.48,332.081,7.35353
0.106511,0,0,15.9918,0.586683,-127785,-5311.87,499.669,62.5855,-84946.6,7990.63,332.161,7.35685
0.106521,0,0,15.9918,0.586843,-127771,-5313.14,499.616,62.5905,-84967,7989.78,332.241,7.36017
0.106531,0,0,15.9918,0.587003,-127758,-5314.42,499.563,62.5955,-84987.4,7988.93,332.321,7.36349
0.106541,0,0,15.9918,0.587163,-127744,-5315.7,499.51,62.6005,-85007.8,7988.08,332.401,7.36682
0.106551,0,0,15.9918,0.587322,-127731,-5316.98,499.456,62.6055,-85028.3,7987.23,332.48,7.37014
0.106561,0,0,15.9918,0.587482,-127717,-5318.25,499.403,62.6105,-85048.7,7986.38,332.56,7.37347
0.106571,0,0,15.9918,0.587642,-127703,-5319.53,499.35,62.6155,-85069.1,7985.53,332.64,7.37679
0.106581,0,0,15.9918,0.587802,-127690,-5320.81,499.297,62.6205,-85089.5,7984.68,332.72,7.38012
0.106591,0,0,15.9918,0.587962,-127676,-5322.08,499.244,62.6255,-85109.9,7983.83,332.8,7.38345
0.106601,0,0,15.9918,0.588122,-127662,-5323.36,499.19,62.6305,-85130.4,7982.98,332.88,7.38678
0.106611,0,0,15.9918,0.588282,-127649,-5324.64,499.137,62.6355,-85150.8,7982.12,332.96,7.39011
0.106621,0,0,15.9918,0.588442,-127635,-5325.91,499.084,62.6405,-85171.2,7981.27,333.039,7.39344
0.106631,0,0,15.9918,0.588602,-127622,-5327.19,499.031,62.6455,-85191.6,7980.42,333.119,7.39677
0.106641,0,0,15.9918,0.588762,-127608,-5328.47,498.977,62.6505,-85212,7979.57,333.199,7.4001
0.106651,0,0,15.9918,0.588921,-127594,-5329.74,498.924,62.6554,-85232.4,7978.72,333.279,7.40343
0.106661,0,0,15.9918,0.589081,-127581,-5331.02,498.871,62.6604,-85252.8,7977.86,333.358,7.40676
0.106671,0,0,15.9918,0.589241,-127567,-5332.29,498.818,62.6654,-85273.2,7977.01,333.438,7.4101
0.106681,0,0,15.9918,0.589401,-127553,-5333.57,498.764,62.6704,-85293.6,7976.16,333.518,7.41343
0.106691,0,0,15.9918,0.589561,-127540,-5334.84,498.711,62.6754,-85314,7975.31,333.598,7.41677
0.106701,0,0,15.9918,0.589721,-127526,-5336.12,498.658,62.6804,-85334.4,7974.45,333.677,7.4201
0.106711,0,0,15.9918,0.589881,-127513,-5337.39,498.604,62.6854,-85354.8,7973.6,333.757,7.42344
0.106721,0,0,15.9918,0.590041,-127499,-5338.67,498.551,62.6904,-85375.1,7972.75,333.837,7.42678
0.106731,0,0,15.9918,0.590201,-127485,-5339.94,498.497,62.6953,-85395.5,7971.89,333.917,7.43012
0.106741,0,0,15.9918,0.590361,-127472,-5341.22,498.444,62.7003,-85415.9,7971.04,333.996,7.43346
0.106751,0,0,15.9918,0.59052,-127458,-5342.49,498.391,62.7053,-85436.3,7970.18,334.076,7.4368
0.106761,0,0,15.9918,0.59068,-127444,-5343.77,498.337,62.7103,-85456.7,7969.33,334.156,7.44014
0.106771,0,0,15.9918,0.59084,-127431,-5345.04,498.284,62.7153,-85477,7968.48,334.235,7.44348
0.106781,0,0,15.9918,0.591,-127417,-5346.31,498.23,62.7203,-85497.4,7967.62,334.315,7.44683
0.106791,0,0,15.9918,0.59116,-127403,-5347.59,498.177,62.7252,-85517.8,7966.77,334.395,7.45017
0.106801,0,0,15.9918,0.59132,-127390,-5348.86,498.123,62.7302,-85538.2,7965.91,334.474,7.45351
0.106811,0,0,15.9918,0.59148,-127376,-5350.14,498.07,62.7352,-85558.5,7965.06,334.554,7.45686
0.106821,0,0,15.9918,0.59164,-127362,-5351.41,498.016,62.7402,-85578.9,7964.2,334.634,7.4602
0.106831,0,0,15.9918,0.5918,-127349,-5352.68,497.963,62.7452,-85599.3,7963.34,334.713,7.46355
0.106841,0,0,15.9918,0.59196,-127335,-5353.96,497.909,62.7501,-85619.6,7962.49,334.793,7.4669
0.106851,0,0,15.9918,0.592119,-127321,-5355.23,497.856,62.7551,-85640,7961.63,334.872,7.47025
0.106861,0,0,15.9918,0.592279,-127307,-5356.5,497.802,62.7601,-85660.3,7960.78,334.952,7.4736
0.106871,0,0,15.9918,0.592439,-127294,-5357.78,497.749,62.7651,-85680.7,7959.92,335.032,7.47695
0.106881,0,0,15.9918,0.592599,-127280,-5359.05,497.695,62.7701,-85701.1,7959.06,335.111,7.4803
0.106891,0,0,15.9918,0.592759,-127266,-5360.32,497.642,62.775,-85721.4,7958.21,335.191,7.48365
0.106901,0,0,15.9918,0.592919,-127253,-5361.59,497.588,62.78,-85741.8,7957.35,335.27,7.487
0.106911,0,0,15.9918,0.593079,-127239,-5362.87,497.534,62.785,-85762.1,7956.49,335.35,7.49035
0.106921,0,0,15.9918,0.593239,-127225,-5364.14,497.481,62.79,-85782.4,7955.63,335.43,7.49371
0.106931,0,0,15.9918,0.593399,-127212,-5365.41,497.427,62.7949,-85802.8,7954.78,335.509,7.49706
0.106941,0,0,15.9918,0.593558,-127198,-5366.68,497.373,62.7999,-85823.1,7953.92,335.589,7.50042
0.106951,0,0,15.9918,0.593718,-127184,-5367.95,497.32,62.8049,-85843.5,7953.06,335.668,7.50377
0.106961,0,0,15.9918,0.593878,-127170,-5369.22,497.266,62.8099,-85863.8,7952.2,335.748,7.50713
0.106971,0,0,15.9918,0.594038,-127157,-5370.5,497.212,62.8148,-85884.1,7951.34,335.827,7.51049
0.106981,0,0,15.9918,0.594198,-127143,-5371.77,497.159,62.8198,-85904.5,7950.48,335.907,7.51385
0.106991,0,0,15.9918,0.594358,-127129,-5373.04,497.105,62.8248,-85924.8,7949.62,335.986,7.51721
0.107001,0,0,15.9918,0.594518,-127115,-5374.31,497.051,62.8297,-85945.1,7948.77,336.066,7.52057
0.107011,0,0,15.9918,0.594678,-127102,-5375.58,496.997,62.8347,-85965.4,7947.91,336.145,7.52393
0.107021,0,0,15.9918,0.594838,-127088,-5376.85,496.944,62.8397,-85985.8,7947.05,336.225,7.52729
0.107031,0,0,15.9918,0.594998,-127074,-5378.12,496.89,62.8447,-86006.1,7946.19,336.304,7.53065
0.107041,0,0,15.9918,0.595157,-127060,-5379.39,496.836,62.8496,-86026.4,7945.33,336.383,7.53402
0.107051,0,0,15.9918,0.595317,-127047,-5380.66,496.782,62.8546,-86046.7,7944.47,336.463,7.53738
0.107061,0,0,15.9918,0.595477,-127033,-5381.93,496.729,62.8596,-86067,7943.6,336.542,7.54075
0.107071,0,0,15.9918,0.595637,-127019,-5383.2,496.675,62.8645,-86087.3,7942.75,336.622,7.54411
0.107081,0,0,15.9918,0.595797,-127005,-5384.47,496.621,62.8695,-86107.7,7941.88,336.701,7.54748
0.107091,0,0,15.9918,0.595957,-126992,-5385.74,496.567,62.8745,-86128,7941.02,336.781,7.55085
0.107101,0,0,15.9918,0.596117,-126978,-5387.01,496.513,62.8794,-86148.3,7940.16,336.86,7.55421
0.107111,0,0,15.9918,0.596277,-126964,-5388.28,496.459,62.8844,-86168.6,7939.3,336.939,7.55758
0.107121,0,0,15.9918,0.596437,-126950,-5389.55,496.405,62.8894,-86188.9,7938.44,337.019,7.56095
0.107131,0,0,15.9918,0.596597,-126936,-5390.82,496.352,62.8943,-86209.2,7937.58,337.098,7.56432
0.107141,0,0,15.9918,0.596756,-126923,-5392.09,496.298,62.8993,-86229.5,7936.71,337.177,7.56769
0.107151,0,0,15.9918,0.596916,-126909,-5393.36,496.244,62.9042,-86249.8,7935.85,337.257,7.57107
0.107161,0,0,15.9918,0.597076,-126895,-5394.63,496.19,62.9092,-86270,7934.99,337.336,7.57444
0.107171,0,0,15.9918,0.597236,-126881,-5395.9,496.136,62.9142,-86290.3,7934.13,337.416,7.57781
0.107181,0,0,15.9918,0.597396,-126868,-5397.17,496.082,62.9191,-86310.6,7933.26,337.495,7.58119
0.107191,0,0,15.9918,0.597556,-126854,-5398.43,496.028,62.9241,-86330.9,7932.4,337.574,7.58456
0.107201,0,0,15.9918,0.597716,-126840,-5399.7,495.974,62.929,-86351.2,7931.54,337.653,7.58794
0.107211,0,0,15.9918,0.597876,-126826,-5400.97,495.92,62.934,-86371.5,7930.67,337.733,7.59132
0.107221,0,0,15.9918,0.598036,-126812,-5402.24,495.866,62.939,-86391.7,7929.81,337.812,7.59469
0.107231,0,0,15.9918,0.598195,-126798,-5403.51,495.812,62.9439,-86412,7928.95,337.891,7.59807
0.107241,0,0,15.9918,0.598355,-126785,-5404.77,495.758,62.9489,-86432.3,7928.08,337.971,7.60145
0.107251,0,0,15.9918,0.598515,-126771,-5406.04,495.704,62.9538,-86452.6,7927.22,338.05,7.60483
0.107261,0,0,15.9918,0.598675,-126757,-5407.31,495.65,62.9588,-86472.8,7926.35,338.129,7.60821
0.107271,0,0,15.9918,0.598835,-126743,-5408.58,495.596,62.9638,-86493.1,7925.49,338.208,7.6116
0.107281,0,0,15.9918,0.598995,-126729,-5409.84,495.542,62.9687,-86513.4,7924.62,338.288,7.61498
0.107291,0,0,15.9918,0.599155,-126716,-5411.11,495.488,62.9737,-86533.6,7923.76,338.367,7.61836
0.107301,0,0,15.9918,0.599315,-126702,-5412.38,495.433,62.9786,-86553.9,7922.89,338.446,7.62175
0.107311,0,0,15.9918,0.599475,-126688,-5413.64,495.379,62.9836,-86574.1,7922.03,338.525,7.62513
0.107321,0,0,15.9918,0.599635,-126674,-5414.91,495.325,62.9885,-86594.4,7921.16,338.604,7.62852
0.107331,0,0,15.9918,0.599795,-126660,-5416.18,495.271,62.9935,-86614.7,7920.3,338.684,7.6319
0.107341,0,0,15.9918,0.599954,-126646,-5417.44,495.217,62.9984,-86634.9,7919.43,338.763,7.63529
0.107351,0,0,15.9918,0.600114,-126632,-5418.71,495.163,63.0034,-86655.2,7918.56,338.842,7.63868
0.107361,0,0,15.9918,0.600274,-126619,-5419.98,495.108,63.0083,-86675.4,7917.7,338.921,7.64207
0.107371,0,0,15.9918,0.600434,-126605,-5421.24,495.054,63.0133,-86695.7,7916.83,339,7.64546
0.107381,0,0,15.9918,0.600594,-126591,-5422.51,495,63.0182,-86715.9,7915.96,339.08,7.64885
0.107391,0,0,15.9918,0.600754,-126577,-5423.77,494.946,63.0232,-86736.1,7915.1,339.159,7.65224
0.107401,0,0,15.9918,0.600914,-126563,-5425.04,494.892,63.0281,-86756.4,7914.23,339.238,7.65563
0.107411,0,0,15.9918,0.601074,-126549,-5426.3,494.837,63.0331,-86776.6,7913.36,339.317,7.65902
0.107421,0,0,15.9918,0.601234,-126535,-5427.57,494.783,63.038,-86796.8,7912.49,339.396,7.66242
0.107431,0,0,15.9918,0.601393,-126521,-5428.83,494.729,63.043,-86817.1,7911.63,339.475,7.66581
0.107441,0,0,15.9918,0.601553,-126508,-5430.1,494.675,63.0479,-86837.3,7910.76,339.554,7.66921
0.107451,0,0,15.9918,0.601713,-126494,-5431.36,494.62,63.0529,-86857.5,7909.89,339.633,7.6726
0.107461,0,0,15.9918,0.601873,-126480,-5432.63,494.566,63.0578,-86877.8,7909.02,339.712,7.676
0.107471,0,0,15.9918,0.602033,-126466,-5433.89,494.512,63.0628,-86898,7908.15,339.792,7.6794
0.107481,0,0,15.9918,0.602193,-126452,-5435.16,494.457,63.0677,-86918.2,7907.28,339.871,7.68279
0.107491,0,0,15.9918,0.602353,-126438,-5436.42,494.403,63.0727,-86938.4,7906.41,339.95,7.68619
0.107501,0,0,15.9918,0.602513,-126424,-5437.69,494.349,63.0776,-86958.6,7905.54,340.029,7.68959
0.107511,0,0,15.9918,0.602673,-126410,-5438.95,494.294,63.0825,-86978.8,7904.67,340.108,7.69299
0.107521,0,0,15.9918,0.602833,-126396,-5440.21,494.24,63.0875,-86999.1,7903.81,340.187,7.69639
0.107531,0,0,15.9918,0.602992,-126383,-5441.48,494.185,63.0924,-87019.3,7902.94,340.266,7.6998
0.107541,0,0,15.9918,0.603152,-126369,-5442.74,494.131,63.0974,-87039.5,7902.06,340.345,7.7032
0.107551,0,0,15.9918,0.603312,-126355,-5444.01,494.077,63.1023,-87059.7,7901.19,340.424,7.7066
0.107561,0,0,15.9918,0.603472,-126341,-5445.27,494.022,63.1073,-87079.9,7900.32,340.503,7.71001
0.10757,0,0,15.9918,0.603632,-126327,-5446.53,493.968,63.1122,-87100.1,7899.45,340.582,7.71341
0.10758,0,0,15.9918,0.603792,-126313,-5447.79,493.913,63.1171,-87120.3,7898.58,340.661,7.71682
0.10759,0,0,15.9918,0.603952,-126299,-5449.06,493.859,63.1221,-87140.5,7897.71,340.74,7.72023
0.1076,0,0,15.9918,0.604112,-126285,-5450.32,493.804,63.127,-87160.7,7896.84,340.819,7.72364
0.10761,0,0,15.9918,0.604272,-126271,-5451.58,493.75,63.1319,-87180.9,7895.97,340.898,7.72704
0.10762,0,0,15.9918,0.604432,-126257,-5452.85,493.695,63.1369,-87201.1,7895.1,340.977,7.73045
0.10763,0,0,15.9918,0.604591,-126243,-5454.11,493.641,63.1418,-87221.2,7894.22,341.056,7.73386
0.10764,0,0,15.9918,0.604751,-126229,-5455.37,493.586,63.1468,-87241.4,7893.35,341.134,7.73727
0.10765,0,0,15.9918,0.604911,-126215,-5456.63,493.532,63.1517,-87261.6,7892.48,341.213,7.74069
0.10766,0,0,15.9918,0.605071,-126201,-5457.89,493.477,63.1566,-87281.8,7891.61,341.292,7.7441
0.10767,0,0,15.9918,0.605231,-126187,-5459.16,493.422,63.1616,-87302,7890.73,341.371,7.74751
0.10768,0,0,15.9918,0.605391,-126173,-5460.42,493.368,63.1665,-87322.1,7889.86,341.45,7.75093
0.10769,0,0,15.9918,0.605551,-126159,-5461.68,493.313,63.1714,-87342.3,7888.99,341.529,7.75434
0.1077,0,0,15.9918,0.605711,-126146,-5462.94,493.259,63.1764,-87362.5,7888.11,341.608,7.75776
0.10771,0,0,15.9918,0.605871,-126132,-5464.2,493.204,63.1813,-87382.7,7887.24,341.687,7.76117
0.10772,0,0,15.9918,0.60603,-126118,-5465.46,493.149,63.1862,-87402.8,7886.37,341.766,7.76459
0.10773,0,0,15.9918,0.60619,-126104,-5466.72,493.095,63.1912,-87423,7885.49,341.844,7.76801
0.10774,0,0,15.9918,0.60635,-126090,-5467.98,493.04,63.1961,-87443.2,7884.62,341.923,7.77143
0.10775,0,0,15.9918,0.60651,-126076,-5469.24,492.985,63.201,-87463.3,7883.74,342.002,7.77485
0.10776,0,0,15.9918,0.60667,-126062,-5470.51,492.931,63.2059,-87483.5,7882.87,342.081,7.77827
0.10777,0,0,15.9918,0.60683,-126048,-5471.77,492.876,63.2109,-87503.6,7882,342.16,7.78169
0.10778,0,0,15.9918,0.60699,-126034,-5473.03,492.821,63.2158,-87523.8,7881.12,342.239,7.78511
0.10779,0,0,15.9918,0.60715,-126020,-5474.29,492.767,63.2207,-87543.9,7880.25,342.317,7.78853
0.1078,0,0,15.9918,0.60731,-126006,-5475.55,492.712,63.2257,-87564.1,7879.37,342.396,7.79196
0.10781,0,0,15.9918,0.60747,-125992,-5476.81,492.657,63.2306,-87584.2,7878.49,342.475,7.79538
0.10782,0,0,15.9918,0.607629,-125978,-5478.07,492.602,63.2355,-87604.4,7877.62,342.554,7.79881
0.10783,0,0,15.9918,0.607789,-125964,-5479.32,492.547,63.2404,-87624.5,7876.74,342.632,7.80223
0.10784,0,0,15.9918,0.607949,-125950,-5480.58,492.493,63.2454,-87644.7,7875.87,342.711,7.80566
0.10785,0,0,15.9918,0.608109,-125936,-5481.84,492.438,63.2503,-87664.8,7874.99,342.79,7.80909
0.10786,0,0,15.9918,0.608269,-125922,-5483.1,492.383,63.2552,-87684.9,7874.11,342.869,7.81251
0.10787,0,0,15.9918,0.608429,-125908,-5484.36,492.328,63.2601,-87705.1,7873.24,342.947,7.81594
0.10788,0,0,15.9918,0.608589,-125894,-5485.62,492.273,63.2651,-87725.2,7872.36,343.026,7.81937
0.10789,0,0,15.9918,0.608749,-125880,-5486.88,492.219,63.27,-87745.3,7871.48,343.105,7.8228
0.1079,0,0,15.9918,0.608909,-125865,-5488.14,492.164,63.2749,-87765.5,7870.6,343.184,7.82624
0.10791,0,0,15.9918,0.609069,-125851,-5489.4,492.109,63.2798,-87785.6,7869.73,343.262,7.82967
0.10792,0,0,15.9918,0.609228,-125837,-5490.65,492.054,63.2847,-87805.7,7868.85,343.341,7.8331
0.10793,0,0,15.9918,0.609388,-125823,-5491.91,491.999,63.2897,-87825.8,7867.97,343.42,7.83653
0.10794,0,0,15.9918,0.609548,-125809,-5493.17,491.944,63.2946,-87845.9,7867.09,343.498,7.83997
0.10795,0,0,15.9918,0.609708,-125795,-5494.43,491.889,63.2995,-87866,7866.21,343.577,7.84341
0.10796,0,0,15.9918,0.609868,-125781,-5495.69,491.834,63.3044,-87886.2,7865.34,343.656,7.84684
0.10797,0,0,15.9918,0.610028,-125767,-5496.94,491.779,63.3093,-87906.3,7864.46,343.734,7.85028
0.10798,0,0,15.9918,0.610188,-125753,-5498.2,491.724,63.3143,-87926.4,7863.58,343.813,7.85372
0.10799,0,0,15.9918,0.610348,-125739,-5499.46,491.669,63.3192,-87946.5,7862.7,343.891,7.85715
0.108,0,0,15.9918,0.610508,-125725,-5500.72,491.614,63.3241,-87966.6,7861.82,343.97,7.86059
0.10801,0,0,15.9918,0.610668,-125711,-5501.97,491.559,63.329,-87986.7,7860.94,344.049,7.86403
0.10802,0,0,15.9918,0.610827,-125697,-5503.23,491.504,63.3339,-88006.8,7860.06,344.127,7.86747
0.10803,0,0,15.9918,0.610987,-125683,-5504.49,491.449,63.3388,-88026.9,7859.18,344.206,7.87092
0.10804,0,0,15.9918,0.611147,-125669,-5505.74,491.394,63.3438,-88047,7858.3,344.284,7.87436
0.10805,0,0,15.9918,0.611307,-125655,-5507,491.339,63.3487,-88067.1,7857.42,344.363,7.8778
0.10806,0,0,15.9918,0.611467,-125641,-5508.26,491.284,63.3536,-88087.2,7856.54,344.442,7.88125
0.10807,0,0,15.9918,0.611627,-125626,-5509.51,491.229,63.3585,-88107.2,7855.66,344.52,7.88469
0.10808,0,0,15.9918,0.611787,-125612,-5510.77,491.174,63.3634,-88127.3,7854.78,344.599,7.88814
0.10809,0,0,15.9918,0.611947,-125598,-5512.02,491.119,63.3683,-88147.4,7853.9,344.677,7.89158
0.1081,0,0,15.9918,0.612107,-125584,-5513.28,491.064,63.3732,-88167.5,7853.01,344.756,7.89503
0.10811,0,0,15.9918,0.612266,-125570,-5514.54,491.009,63.3781,-88187.6,7852.13,344.834,7.89848
0.10812,0,0,15.9918,0.612426,-125556,-5515.79,490.953,63.3831,-88207.7,7851.25,344.913,7.90193
0.10813,0,0,15.9918,0.612586,-125542,-5517.05,490.898,63.388,-88227.8,7850.37,344.991,7.90538
0.10814,0,0,15.9918,0.612746,-125528,-5518.3,490.843,63.3929,-88247.8,7849.49,345.07,7.90883
0.10815,0,0,15.9918,0.612906,-125514,-5519.56,490.788,63.3978,-88267.9,7848.6,345.148,7.91228
0.10816,0,0,15.9918,0.613066,-125500,-5520.81,490.733,63.4027,-88288,7847.72,345.227,7.91573
0.10817,0,0,15.9918,0.613226,-125485,-5522.07,490.677,63.4076,-88308,7846.84,345.305,7.91918
0.10818,0,0,15.9918,0.613386,-125471,-5523.32,490.622,63.4125,-88328.1,7845.95,345.384,7.92264
0.10819,0,0,15.9918,0.613546,-125457,-5524.57,490.567,63.4174,-88348.1,7845.07,345.462,7.92609
0.1082,0,0,15.9918,0.613706,-125443,-5525.83,490.512,63.4223,-88368.2,7844.19,345.54,7.92954
0.10821,0,0,15.9918,0.613865,-125429,-5527.08,490.457,63.4272,-88388.2,7843.3,345.619,7.933
0.10822,0,0,15.9918,0.614025,-125415,-5528.34,490.401,63.4321,-88408.3,7842.42,345.697,7.93646
0.10823,0,0,15.9918,0.614185,-125401,-5529.59,490.346,63.437,-88428.4,7841.54,345.776,7.93991
0.10824,0,0,15.9918,0.614345,-125386,-5530.85,490.291,63.4419,-88448.4,7840.65,345.854,7.94337
0.10825,0,0,15.9918,0.614505,-125372,-5532.1,490.235,63.4468,-88468.5,7839.77,345.932,7.94683
0.10826,0,0,15.9918,0.614665,-125358,-5533.35,490.18,63.4517,-88488.5,7838.88,346.011,7.95029
0.10827,0,0,15.9918,0.614825,-125344,-5534.61,490.125,63.4566,-88508.5,7838,346.089,7.95375
0.10828,0,0,15.9918,0.614985,-125330,-5535.86,490.069,63.4615,-88528.6,7837.11,346.168,7.95721
0.10829,0,0,15.9918,0.615145,-125316,-5537.11,490.014,63.4664,-88548.6,7836.23,346.246,7.96068
0.1083,0,0,15.9918,0.615305,-125302,-5538.36,489.959,63.4713,-88568.7,7835.34,346.324,7.96414
0.10831,0,0,15.9918,0.615464,-125287,-5539.62,489.903,63.4762,-88588.7,7834.46,346.403,7.9676
0.10832,0,0,15.9918,0.615624,-125273,-5540.87,489.848,63.4811,-88608.7,7833.57,346.481,7.97107
0.10833,0,0,15.9918,0.615784,-125259,-5542.12,489.792,63.486,-88628.8,7832.68,346.559,7.97453
0.10834,0,0,15.9918,0.615944,-125245,-5543.38,489.737,63.4909,-88648.8,7831.8,346.638,7.978
0.10835,0,0,15.9918,0.616104,-125231,-5544.63,489.682,63.4958,-88668.8,7830.91,346.716,7.98146
0.10836,0,0,15.9918,0.616264,-125217,-5545.88,489.626,63.5007,-88688.8,7830.02,346.794,7.98493
0.10837,0,0,15.9918,0.616424,-125202,-5547.13,489.571,63.5056,-88708.9,7829.14,346.872,7.9884
0.10838,0,0,15.9918,0.616584,-125188,-5548.38,489.515,63.5105,-88728.9,7828.25,346.951,7.99187
0.10839,0,0,15.9918,0.616744,-125174,-5549.63,489.46,63.5154,-88748.9,7827.36,347.029,7.99534
0.1084,0,0,15.9918,0.616903,-125160,-5550.89,489.404,63.5203,-88768.9,7826.48,347.107,7.99881
0.10841,0,0,15.9918,0.617063,-125146,-5552.14,489.349,63.5252,-88788.9,7825.59,347.186,8.00228
0.10842,0,0,15.9918,0.617223,-125131,-5553.39,489.293,63.5301,-88808.9,7824.7,347.264,8.00575
0.10843,0,0,15.9918,0.617383,-125117,-5554.64,489.238,63.535,-88828.9,7823.81,347.342,8.00923
0.10844,0,0,15.9918,0.617543,-125103,-5555.89,489.182,63.5399,-88848.9,7822.92,347.42,8.0127
0.10845,0,0,15.9918,0.617703,-125089,-5557.14,489.127,63.5448,-88868.9,7822.04,347.498,8.01618
0.10846,0,0,15.9918,0.617863,-125075,-5558.39,489.071,63.5497,-88888.9,7821.15,347.577,8.01965
0.10847,0,0,15.9918,0.618023,-125060,-5559.64,489.015,63.5545,-88908.9,7820.26,347.655,8.02313
0.10848,0,0,15.9918,0.618183,-125046,-5560.89,488.96,63.5594,-88928.9,7819.37,347.733,8.0266
0.10849,0,0,15.9918,0.618343,-125032,-5562.14,488.904,63.5643,-88948.9,7818.48,347.811,8.03008
0.1085,0,0,15.9918,0.618502,-125018,-5563.39,488.849,63.5692,-88968.9,7817.59,347.889,8.03356
0.10851,0,0,15.9918,0.618662,-125003,-5564.64,488.793,63.5741,-88988.9,7816.7,347.968,8.03704
0.10852,0,0,15.9918,0.618822,-124989,-5565.89,488.737,63.579,-89008.9,7815.81,348.046,8.04052
0.10853,0,0,15.9918,0.618982,-124975,-5567.14,488.682,63.5839,-89028.9,7814.92,348.124,8.044
0.10854,0,0,15.9918,0.619142,-124961,-5568.39,488.626,63.5888,-89048.9,7814.03,348.202,8.04748
0.10855,0,0,15.9918,0.619302,-124947,-5569.64,488.57,63.5936,-89068.9,7813.14,348.28,8.05096
0.10856,0,0,15.9918,0.619462,-124932,-5570.89,488.515,63.5985,-89088.8,7812.25,348.358,8.05445
0.10857,0,0,15.9918,0.619622,-124918,-5572.14,488.459,63.6034,-89108.8,7811.36,348.436,8.05793
0.10858,0,0,15.9918,0.619782,-124904,-5573.39,488.403,63.6083,-89128.8,7810.47,348.514,8.06142
0.10859,0,0,15.9918,0.619942,-124890,-5574.64,488.347,63.6132,-89148.7,7809.58,348.593,8.0649
0.1086,0,0,15.9918,0.620101,-124875,-5575.89,488.292,63.6181,-89168.7,7808.69,348.671,8.06839
0.10861,0,0,15.9918,0.620261,-124861,-5577.13,488.236,63.623,-89188.7,7807.79,348.749,8.07187
0.10862,0,0,15.9918,0.620421,-124847,-5578.38,488.18,63.6278,-89208.6,7806.9,348.827,8.07536
0.10863,0,0,15.9918,0.620581,-124832,-5579.63,488.124,63.6327,-89228.6,7806.01,348.905,8.07885
0.10864,0,0,15.9918,0.620741,-124818,-5580.88,488.069,63.6376,-89248.6,7805.12,348.983,8.08234
0.10865,0,0,15.9918,0.620901,-124804,-5582.13,488.013,63.6425,-89268.5,7804.23,349.061,8.08583
0.10866,0,0,15.9918,0.621061,-124790,-5583.38,487.957,63.6474,-89288.5,7803.33,349.139,8.08932
0.10867,0,0,15.9918,0.621221,-124775,-5584.62,487.901,63.6522,-89308.4,7802.44,349.217,8.09281
0.10868,0,0,15.9918,0.621381,-124761,-5585.87,487.845,63.6571,-89328.4,7801.55,349.295,8.09631
0.10869,0,0,15.9918,0.621541,-124747,-5587.12,487.789,63.662,-89348.3,7800.65,349.373,8.0998
0.1087,0,0,15.9918,0.6217,-124733,-5588.37,487.734,63.6669,-89368.3,7799.76,349.451,8.10329
0.10871,0,0,15.9918,0.62186,-124718,-5589.61,487.678,63.6717,-89388.2,7798.87,349.529,8.10679
0.10872,0,0,15.9918,0.62202,-124704,-5590.86,487.622,63.6766,-89408.1,7797.97,349.607,8.11028
0.10873,0,0,15.9918,0.62218,-124690,-5592.11,487.566,63.6815,-89428.1,7797.08,349.685,8.11378
0.10874,0,0,15.9918,0.62234,-124675,-5593.35,487.51,63.6864,-89448,7796.18,349.763,8.11728
0.10875,0,0,15.9918,0.6225,-124661,-5594.6,487.454,63.6912,-89468,7795.29,349.841,8.12078
0.10876,0,0,15.9918,0.62266,-124647,-5595.85,487.398,63.6961,-89487.9,7794.39,349.919,8.12427
0.10877,0,0,15.9918,0.62282,-124632,-5597.09,487.342,63.701,-89507.8,7793.5,349.997,8.12777
0.10878,0,0,15.9918,0.62298,-124618,-5598.34,487.286,63.7059,-89527.8,7792.6,350.075,8.13127
0.10879,0,0,15.9918,0.62314,-124604,-5599.58,487.23,63.7107,-89547.7,7791.71,350.152,8.13478
0.1088,0,0,15.9918,0.623299,-124589,-5600.83,487.174,63.7156,-89567.6,7790.81,350.23,8.13828
0.10881,0,0,15.9918,0.623459,-124575,-5602.08,487.118,63.7205,-89587.5,7789.92,350.308,8.14178
0.10882,0,0,15.9918,0.623619,-124561,-5603.32,487.062,63.7254,-89607.4,7789.02,350.386,8.14528
0.10883,0,0,15.9918,0.623779,-124546,-5604.57,487.006,63.7302,-89627.3,7788.13,350.464,8.14879
0.10884,0,0,15.9918,0.623939,-124532,-5605.81,486.95,63.7351,-89647.3,7787.23,350.542,8.15229
0.10885,0,0,15.9918,0.624099,-124518,-5607.06,486.894,63.74,-89667.2,7786.33,350.62,8.1558
0.10886,0,0,15.9918,0.624259,-124503,-5608.3,486.838,63.7448,-89687.1,7785.44,350.698,8.1593
0.10887,0,0,15.9918,0.624419,-124489,-5609.55,486.782,63.7497,-89707,7784.54,350.775,8.16281
0.10888,0,0,15.9918,0.624579,-124475,-5610.79,486.726,63.7546,-89726.9,7783.64,350.853,8.16632
0.10889,0,0,15.9918,0.624738,-124460,-5612.03,486.67,63.7594,-89746.8,7782.75,350.931,8.16983
0.1089,0,0,15.9918,0.624898,-124446,-5613.28,486.614,63.7643,-89766.7,7781.85,351.009,8.17334
0.10891,0,0,15.9918,0.625058,-124432,-5614.52,486.557,63.7692,-89786.6,7780.95,351.087,8.17685
0.10892,0,0,15.9918,0.625218,-124417,-5615.77,486.501,63.774,-89806.5,7780.05,351.164,8.18036
0.10893,0,0,15.9918,0.625378,-124403,-5617.01,486.445,63.7789,-89826.4,7779.15,351.242,8.18387
0.10894,0,0,15.9918,0.625538,-124389,-5618.26,486.389,63.7838,-89846.3,7778.26,351.32,8.18739
0.10895,0,0,15.9918,0.625698,-124374,-5619.5,486.333,63.7886,-89866.2,7777.36,351.398,8.1909
0.10896,0,0,15.9918,0.625858,-124360,-5620.74,486.277,63.7935,-89886,7776.46,351.476,8.19441
0.10897,0,0,15.9918,0.626018,-124346,-5621.99,486.22,63.7984,-89905.9,7775.56,351.553,8.19793
0.10898,0,0,15.9918,0.626178,-124331,-5623.23,486.164,63.8032,-89925.8,7774.66,351.631,8.20144
0.10899,0,0,15.9918,0.626337,-124317,-5624.47,486.108,63.8081,-89945.7,7773.76,351.709,8.20496
0.109,0,0,15.9918,0.626497,-124302,-5625.72,486.052,63.8129,-89965.6,7772.86,351.787,8.20848
0.10901,0,0,15.9918,0.626657,-124288,-5626.96,485.995,63.8178,-89985.4,7771.96,351.864,8.212
0.10902,0,0,15.9918,0.626817,-124274,-5628.2,485.939,63.8227,-90005.3,7771.06,351.942,8.21552
0.10903,0,0,15.9918,0.626977,-124259,-5629.44,485.883,63.8275,-90025.2,7770.16,352.02,8.21904
0.10904,0,0,15.9918,0.627137,-124245,-5630.69,485.827,63.8324,-90045.1,7769.26,352.097,8.22256
0.10905,0,0,15.9918,0.627297,-124230,-5631.93,485.77,63.8372,-90064.9,7768.36,352.175,8.22608
0.10906,0,0,15.9918,0.627457,-124216,-5633.17,485.714,63.8421,-90084.8,7767.46,352.253,8.2296
0.10907,0,0,15.9918,0.627617,-124202,-5634.41,485.658,63.8469,-90104.6,7766.56,352.33,8.23312
0.10908,0,0,15.9918,0.627777,-124187,-5635.65,485.601,63.8518,-90124.5,7765.66,352.408,8.23665
0.10909,0,0,15.9918,0.627936,-124173,-5636.9,485.545,63.8567,-90144.4,7764.76,352.486,8.24017
0.1091,0,0,15.9918,0.628096,-124158,-5638.14,485.489,63.8615,-90164.2,7763.86,352.563,8.2437
0.10911,0,0,15.9918,0.628256,-124144,-5639.38,485.432,63.8664,-90184.1,7762.96,352.641,8.24722
0.10912,0,0,15.9918,0.628416,-124130,-5640.62,485.376,63.8712,-90203.9,7762.05,352.719,8.25075
0.10913,0,0,15.9918,0.628576,-124115,-5641.86,485.319,63.8761,-90223.8,7761.15,352.796,8.25428
0.10914,0,0,15.9918,0.628736,-124101,-5643.1,485.263,63.8809,-90243.6,7760.25,352.874,8.2578
0.10915,0,0,15.9918,0.628896,-124086,-5644.34,485.207,63.8858,-90263.5,7759.35,352.951,8.26133
0.10916,0,0,15.9918,0.629056,-124072,-5645.58,485.15,63.8906,-90283.3,7758.44,353.029,8.26486
0.10917,0,0,15.9918,0.629216,-124057,-5646.82,485.094,63.8955,-90303.1,7757.54,353.106,8.26839
0.10918,0,0,15.9918,0.629375,-124043,-5648.06,485.037,63.9003,-90323,7756.64,353.184,8.27193
0.10919,0,0,15.9918,0.629535,-124029,-5649.3,484.981,63.9052,-90342.8,7755.74,353.262,8.27546
0.1092,0,0,15.9918,0.629695,-124014,-5650.54,484.924,63.91,-90362.6,7754.83,353.339,8.27899
0.10921,0,0,15.9918,0.629855,-124000,-5651.78,484.868,63.9149,-90382.4,7753.93,353.417,8.28253
0.10922,0,0,15.9918,0.630015,-123985,-5653.02,484.811,63.9197,-90402.3,7753.02,353.494,8.28606
0.10923,0,0,15.9918,0.630175,-123971,-5654.26,484.755,63.9246,-90422.1,7752.12,353.572,8.28959
0.10924,0,0,15.9918,0.630335,-123956,-5655.5,484.698,63.9294,-90441.9,7751.22,353.649,8.29313
0.10925,0,0,15.9918,0.630495,-123942,-5656.74,484.642,63.9343,-90461.7,7750.31,353.727,8.29667
0.10926,0,0,15.9918,0.630655,-123927,-5657.98,484.585,63.9391,-90481.5,7749.41,353.804,8.30021
0.10927,0,0,15.9918,0.630815,-123913,-5659.22,484.528,63.944,-90501.4,7748.5,353.882,8.30374
0.10928,0,0,15.9918,0.630974,-123898,-5660.46,484.472,63.9488,-90521.2,7747.6,353.959,8.30728
0.10929,0,0,15.9918,0.631134,-123884,-5661.7,484.415,63.9537,-90541,7746.69,354.037,8.31082
0.1093,0,0,15.9918,0.631294,-123869,-5662.94,484.359,63.9585,-90560.8,7745.79,354.114,8.31436
0.10931,0,0,15.9918,0.631454,-123855,-5664.18,484.302,63.9633,-90580.6,7744.88,354.191,8.31791
0.10932,0,0,15.9918,0.631614,-123840,-5665.41,484.245,63.9682,-90600.4,7743.98,354.269,8.32145
0.10933,0,0,15.9918,0.631774,-123826,-5666.65,484.189,63.973,-90620.2,7743.07,354.346,8.32499
0.10934,0,0,15.9918,0.631934,-123811,-5667.89,484.132,63.9779,-90640,7742.16,354.424,8.32853
0.10935,0,0,15.9918,0.632094,-123797,-5669.13,484.075,63.9827,-90659.8,7741.26,354.501,8.33208
0.10936,0,0,15.9918,0.632254,-123782,-5670.36,484.019,63.9875,-90679.6,7740.35,354.579,8.33562
0.10937,0,0,15.9918,0.632414,-123768,-5671.6,483.962,63.9924,-90699.4,7739.44,354.656,8.33917
0.10938,0,0,15.9918,0.632573,-123753,-5672.84,483.905,63.9972,-90719.2,7738.54,354.733,8.34272
0.10939,0,0,15.9918,0.632733,-123739,-5674.08,483.848,64.0021,-90739,7737.63,354.811,8.34626
0.1094,0,0,15.9918,0.632893,-123724,-5675.31,483.792,64.0069,-90758.7,7736.72,354.888,8.34981
0.10941,0,0,15.9918,0.633053,-123710,-5676.55,483.735,64.0117,-90778.5,7735.81,354.965,8.35336
0.10942,0,0,15.9918,0.633213,-123695,-5677.79,483.678,64.0166,-90798.3,7734.91,355.043,8.35691
0.10943,0,0,15.9918,0.633373,-123681,-5679.02,483.621,64.0214,-90818.1,7734,355.12,8.36046
0.10944,0,0,15.9918,0.633533,-123666,-5680.26,483.565,64.0263,-90837.9,7733.09,355.197,8.36401
0.10945,0,0,15.9918,0.633693,-123652,-5681.5,483.508,64.0311,-90857.6,7732.18,355.275,8.36757
0.10946,0,0,15.9918,0.633853,-123637,-5682.73,483.451,64.0359,-90877.4,7731.27,355.352,8.37112
0.10947,0,0,15.9918,0.634013,-123623,-5683.97,483.394,64.0408,-90897.2,7730.37,355.429,8.37467
0.10948,0,0,15.9918,0.634172,-123608,-5685.21,483.337,64.0456,-90916.9,7729.46,355.507,8.37823
0.10949,0,0,15.9918,0.634332,-123594,-5686.44,483.281,64.0504,-90936.7,7728.55,355.584,8.38178
0.1095,0,0,15.9918,0.634492,-123579,-5687.68,483.224,64.0553,-90956.5,7727.64,355.661,8.38534
0.10951,0,0,15.9918,0.634652,-123565,-5688.91,483.167,64.0601,-90976.2,7726.73,355.738,8.3889
0.10952,0,0,15.9918,0.634812,-123550,-5690.15,483.11,64.0649,-90996,7725.82,355.816,8.39246
0.10953,0,0,15.9918,0.634972,-123536,-5691.38,483.053,64.0697,-91015.7,7724.91,355.893,8.39601
0.10954,0,0,15.9918,0.635132,-123521,-5692.62,482.996,64.0746,-91035.5,7724,355.97,8.39957
0.10955,0,0,15.9918,0.635292,-123506,-5693.85,482.939,64.0794,-91055.2,7723.09,356.047,8.40313
0.10956,0,0,15.9918,0.635452,-123492,-5695.09,482.882,64.0842,-91075,7722.18,356.125,8.40669
0.10957,0,0,15.9918,0.635611,-123477,-5696.32,482.825,64.0891,-91094.7,7721.27,356.202,8.41026
0.10958,0,0,15.9918,0.635771,-123463,-5697.56,482.768,64.0939,-91114.5,7720.36,356.279,8.41382
0.10959,0,0,15.9918,0.635931,-123448,-5698.79,482.711,64.0987,-91134.2,7719.44,356.356,8.41738
0.1096,0,0,15.9918,0.636091,-123434,-5700.03,482.654,64.1036,-91153.9,7718.53,356.433,8.42095
0.10961,0,0,15.9918,0.636251,-123419,-5701.26,482.597,64.1084,-91173.7,7717.62,356.511,8.42451
0.10962,0,0,15.9918,0.636411,-123404,-5702.5,482.54,64.1132,-91193.4,7716.71,356.588,8.42808
0.10963,0,0,15.9918,0.636571,-123390,-5703.73,482.483,64.118,-91213.2,7715.8,356.665,8.43164
0.10964,0,0,15.9918,0.636731,-123375,-5704.96,482.426,64.1229,-91232.9,7714.89,356.742,8.43521
0.10965,0,0,15.9918,0.636891,-123361,-5706.2,482.369,64.1277,-91252.6,7713.97,356.819,8.43878
0.10966,0,0,15.9918,0.637051,-123346,-5707.43,482.312,64.1325,-91272.3,7713.06,356.896,8.44234
0.10967,0,0,15.9918,0.63721,-123331,-5708.66,482.255,64.1373,-91292,7712.15,356.973,8.44591
0.10968,0,0,15.9918,0.63737,-123317,-5709.9,482.198,64.1421,-91311.8,7711.24,357.05,8.44948
0.10969,0,0,15.9918,0.63753,-123302,-5711.13,482.141,64.147,-91331.5,7710.32,357.128,8.45306
0.1097,0,0,15.9918,0.63769,-123288,-5712.36,482.084,64.1518,-91351.2,7709.41,357.205,8.45663
0.10971,0,0,15.9918,0.63785,-123273,-5713.59,482.027,64.1566,-91370.9,7708.5,357.282,8.4602
0.10972,0,0,15.9918,0.63801,-123258,-5714.83,481.97,64.1614,-91390.6,7707.58,357.359,8.46377
0.10973,0,0,15.9918,0.63817,-123244,-5716.06,481.912,64.1663,-91410.3,7706.67,357.436,8.46735
0.10974,0,0,15.9918,0.63833,-123229,-5717.29,481.855,64.1711,-91430,7705.75,357.513,8.47092
0.10975,0,0,15.9918,0.63849,-123215,-5718.52,481.798,64.1759,-91449.7,7704.84,357.59,8.4745
0.10976,0,0,15.9918,0.63865,-123200,-5719.76,481.741,64.1807,-91469.4,7703.93,357.667,8.47807
0.10977,0,0,15.9918,0.638809,-123185,-5720.99,481.684,64.1855,-91489.1,7703.01,357.744,8.48165
0.10978,0,0,15.9918,0.638969,-123171,-5722.22,481.626,64.1903,-91508.8,7702.1,357.821,8.48523
0.10979,0,0,15.9918,0.639129,-123156,-5723.45,481.569,64.1952,-91528.5,7701.18,357.898,8.48881
0.1098,0,0,15.9918,0.639289,-123141,-5724.68,481.512,64.2,-91548.2,7700.27,357.975,8.49239
0.10981,0,0,15.9918,0.639449,-123127,-5725.91,481.455,64.2048,-91567.9,7699.35,358.052,8.49597
0.10982,0,0,15.9918,0.639609,-123112,-5727.14,481.398,64.2096,-91587.6,7698.43,358.129,8.49955
0.10983,0,0,15.9918,0.639769,-123098,-5728.38,481.34,64.2144,-91607.3,7697.52,358.206,8.50313
0.10984,0,0,15.9918,0.639929,-123083,-5729.6,481.283,64.2192,-91627,7696.6,358.283,8.50671
0.10985,0,0,15.9918,0.640089,-123068,-5730.84,481.226,64.224,-91646.6,7695.69,358.36,8.51029
0.10986,0,0,15.9918,0.640249,-123054,-5732.07,481.168,64.2289,-91666.3,7694.77,358.437,8.51388
0.10987,0,0,15.9918,0.640408,-123039,-5733.3,481.111,64.2337,-91686,7693.85,358.514,8.51746
0.10988,0,0,15.9918,0.640568,-123024,-5734.53,481.054,64.2385,-91705.6,7692.94,358.591,8.52105
0.10989,0,0,15.9918,0.640728,-123010,-5735.76,480.996,64.2433,-91725.3,7692.02,358.668,8.52463
0.1099,0,0,15.9918,0.640888,-122995,-5736.99,480.939,64.2481,-91745,7691.1,358.745,8.52822
0.10991,0,0,15.9918,0.641048,-122980,-5738.22,480.882,64.2529,-91764.7,7690.18,358.821,8.53181
0.10992,0,0,15.9918,0.641208,-122966,-5739.45,480.824,64.2577,-91784.3,7689.27,358.898,8.5354
0.10993,0,0,15.9918,0.641368,-122951,-5740.68,480.767,64.2625,-91804,7688.35,358.975,8.53899
0.10994,0,0,15.9918,0.641528,-122936,-5741.9,480.71,64.2673,-91823.6,7687.43,359.052,8.54258
0.10995,0,0,15.9918,0.641688,-122922,-5743.13,480.652,64.2721,-91843.3,7686.51,359.129,8.54617
0.10996,0,0,15.9918,0.641847,-122907,-5744.36,480.595,64.2769,-91862.9,7685.59,359.206,8.54976
0.10997,0,0,15.9918,0.642007,-122892,-5745.59,480.537,64.2817,-91882.6,7684.68,359.283,8.55335
0.10998,0,0,15.9918,0.642167,-122877,-5746.82,480.48,64.2865,-91902.3,7683.76,359.359,8.55695
0.10999,0,0,15.9918,0.642327,-122863,-5748.05,480.422,64.2914,-91921.9,7682.84,359.436,8.56054
0.11,0,0,15.9918,0.642487,-122848,-5749.28,480.365,64.2962,-91941.5,7681.92,359.513,8.56413
0.11001,0,0,15.9918,0.642647,-122833,-5750.51,480.307,64.301,-91961.2,7681,359.59,8.56773
0.11002,0,0,15.9918,0.642807,-122819,-5751.73,480.25,64.3058,-91980.8,7680.08,359.667,8.57133
0.11003,0,0,15.9918,0.642967,-122804,-5752.96,480.192,64.3106,-92000.5,7679.16,359.743,8.57492
0.11004,0,0,15.9918,0.643127,-122789,-5754.19,480.135,64.3154,-92020.1,7678.24,359.82,8.57852
0.11005,0,0,15.9918,0.643287,-122774,-5755.42,480.077,64.3202,-92039.7,7677.32,359.897,8.58212
0.11006,0,0,15.9918,0.643446,-122760,-5756.64,480.02,64.325,-92059.4,7676.4,359.974,8.58572
0.11007,0,0,15.9918,0.643606,-122745,-5757.87,479.962,64.3298,-92079,7675.48,360.051,8.58932
0.11008,0,0,15.9918,0.643766,-122730,-5759.1,479.905,64.3346,-92098.6,7674.56,360.127,8.59292
0.11009,0,0,15.9918,0.643926,-122716,-5760.33,479.847,64.3394,-92118.2,7673.64,360.204,8.59652
0.1101,0,0,15.9918,0.644086,-122701,-5761.55,479.789,64.3442,-92137.9,7672.72,360.281,8.60012
0.11011,0,0,15.9918,0.644246,-122686,-5762.78,479.732,64.349,-92157.5,7671.8,360.357,8.60373
0.11012,0,0,15.9918,0.644406,-122671,-5764.01,479.674,64.3538,-92177.1,7670.87,360.434,8.60733
0.11013,0,0,15.9918,0.644566,-122657,-5765.23,479.616,64.3586,-92196.7,7669.95,360.511,8.61094
0.11014,0,0,15.9918,0.644726,-122642,-5766.46,479.559,64.3634,-92216.3,7669.03,360.587,8.61454
0.11015,0,0,15.9918,0.644886,-122627,-5767.69,479.501,64.3682,-92235.9,7668.11,360.664,8.61815
0.11016,0,0,15.9918,0.645045,-122612,-5768.91,479.443,64.3729,-92255.5,7667.19,360.741,8.62175
0.11017,0,0,15.9918,0.645205,-122598,-5770.14,479.386,64.3777,-92275.1,7666.26,360.817,8.62536
0.11018,0,0,15.9918,0.645365,-122583,-5771.36,479.328,64.3825,-92294.7,7665.34,360.894,8.62897
0.11019,0,0,15.9918,0.645525,-122568,-5772.59,479.27,64.3873,-92314.3,7664.42,360.971,8.63258
0.1102,0,0,15.9918,0.645685,-122553,-5773.81,479.213,64.3921,-92333.9,7663.49,361.047,8.63619
0.11021,0,0,15.9918,0.645845,-122539,-5775.04,479.155,64.3969,-92353.5,7662.57,361.124,8.6398
0.11022,0,0,15.9918,0.646005,-122524,-5776.26,479.097,64.4017,-92373.1,7661.65,361.201,8.64341
0.11023,0,0,15.9918,0.646165,-122509,-5777.49,479.039,64.4065,-92392.7,7660.72,361.277,8.64703
0.11024,0,0,15.9918,0.646325,-122494,-5778.71,478.982,64.4113,-92412.3,7659.8,361.354,8.65064
0.11025,0,0,15.9918,0.646484,-122480,-5779.94,478.924,64.4161,-92431.9,7658.88,361.43,8.65425
0.11026,0,0,15.9918,0.646644,-122465,-5781.16,478.866,64.4209,-92451.5,7657.95,361.507,8.65787
0.11027,0,0,15.9918,0.646804,-122450,-5782.39,478.808,64.4257,-92471,7657.03,361.584,8.66148
0.11028,0,0,15.9918,0.646964,-122435,-5783.61,478.75,64.4304,-92490.6,7656.1,361.66,8.6651
0.11029,0,0,15.9918,0.647124,-122420,-5784.84,478.693,64.4352,-92510.2,7655.18,361.737,8.66872
0.1103,0,0,15.9918,0.647284,-122406,-5786.06,478.635,64.44,-92529.8,7654.25,361.813,8.67233
0.11031,0,0,15.9918,0.647444,-122391,-5787.28,478.577,64.4448,-92549.3,7653.33,361.89,8.67595
0.11032,0,0,15.9918,0.647604,-122376,-5788.51,478.519,64.4496,-92568.9,7652.4,361.966,8.67957
0.11033,0,0,15.9918,0.647764,-122361,-5789.73,478.461,64.4544,-92588.5,7651.48,362.043,8.68319
0.11034,0,0,15.9918,0.647924,-122346,-5790.95,478.403,64.4591,-92608,7650.55,362.119,8.68681
0.11035,0,0,15.9918,0.648083,-122332,-5792.18,478.345,64.4639,-92627.6,7649.62,362.196,8.69043
0.11036,0,0,15.9918,0.648243,-122317,-5793.4,478.287,64.4687,-92647.2,7648.7,362.272,8.69405
0.11037,0,0,15.9918,0.648403,-122302,-5794.62,478.229,64.4735,-92666.7,7647.77,362.349,8.69768
0.11038,0,0,15.9918,0.648563,-122287,-5795.85,478.172,64.4783,-92686.3,7646.84,362.425,8.7013
0.11039,0,0,15.9918,0.648723,-122272,-5797.07,478.114,64.4831,-92705.8,7645.92,362.502,8.70493
0.1104,0,0,15.9918,0.648883,-122257,-5798.29,478.056,64.4878,-92725.4,7644.99,362.578,8.70855
0.11041,0,0,15.9918,0.649043,-122243,-5799.51,477.998,64.4926,-92744.9,7644.06,362.655,8.71218
0.11042,0,0,15.9918,0.649203,-122228,-5800.74,477.94,64.4974,-92764.5,7643.14,362.731,8.71581
0.11043,0,0,15.9918,0.649363,-122213,-5801.96,477.882,64.5022,-92784,7642.21,362.807,8.71943
0.11044,0,0,15.9918,0.649523,-122198,-5803.18,477.824,64.507,-92803.6,7641.28,362.884,8.72306
0.11045,0,0,15.9918,0.649682,-122183,-5804.4,477.766,64.5117,-92823.1,7640.35,362.96,8.72669
0.11046,0,0,15.9918,0.649842,-122168,-5805.62,477.708,64.5165,-92842.6,7639.42,363.037,8.73032
0.11047,0,0,15.9918,0.650002,-122154,-5806.85,477.649,64.5213,-92862.2,7638.5,363.113,8.73395
0.11048,0,0,15.9918,0.650162,-122139,-5808.07,477.591,64.5261,-92881.7,7637.57,363.189,8.73758
0.11049,0,0,15.9918,0.650322,-122124,-5809.29,477.533,64.5308,-92901.2,7636.64,363.266,8.74122
0.1105,0,0,15.9918,0.650482,-122109,-5810.51,477.475,64.5356,-92920.8,7635.71,363.342,8.74485
0.11051,0,0,15.9918,0.650642,-122094,-5811.73,477.417,64.5404,-92940.3,7634.78,363.418,8.74848
0.11052,0,0,15.9918,0.650802,-122079,-5812.95,477.359,64.5452,-92959.8,7633.85,363.495,8.75212
0.11053,0,0,15.9918,0.650962,-122064,-5814.17,477.301,64.5499,-92979.3,7632.92,363.571,8.75575
0.11054,0,0,15.9918,0.651121,-122050,-5815.39,477.243,64.5547,-92998.8,7631.99,363.647,8.75939
0.11055,0,0,15.9918,0.651281,-122035,-5816.61,477.185,64.5595,-93018.3,7631.06,363.724,8.76303
0.11056,0,0,15.9918,0.651441,-122020,-5817.83,477.126,64.5643,-93037.9,7630.13,363.8,8.76666
0.11057,0,0,15.9918,0.651601,-122005,-5819.05,477.068,64.569,-93057.4,7629.2,363.876,8.7703
0.11058,0,0,15.9918,0.651761,-121990,-5820.27,477.01,64.5738,-93076.9,7628.27,363.952,8.77394
0.11059,0,0,15.9918,0.651921,-121975,-5821.49,476.952,64.5786,-93096.4,7627.34,364.029,8.77758
0.1106,0,0,15.9918,0.652081,-121960,-5822.71,476.894,64.5833,-93115.9,7626.41,364.105,8.78122
0.11061,0,0,15.9918,0.652241,-121945,-5823.93,476.835,64.5881,-93135.4,7625.48,364.181,8.78486
0.11062,0,0,15.9918,0.652401,-121931,-5825.15,476.777,64.5929,-93154.9,7624.55,364.258,8.78851
0.11063,0,0,15.9918,0.652561,-121916,-5826.37,476.719,64.5976,-93174.4,7623.62,364.334,8.79215
0.11064,0,0,15.9918,0.652721,-121901,-5827.59,476.661,64.6024,-93193.9,7622.68,364.41,8.79579
0.11065,0,0,15.9918,0.65288,-121886,-5828.81,476.602,64.6072,-93213.4,7621.75,364.486,8.79944
0.11066,0,0,15.9918,0.65304,-121871,-5830.02,476.544,64.6119,-93232.8,7620.82,364.562,8.80308
0.11067,0,0,15.9918,0.6532,-121856,-5831.24,476.486,64.6167,-93252.3,7619.89,364.639,8.80673
0.11068,0,0,15.9918,0.65336,-121841,-5832.46,476.428,64.6215,-93271.8,7618.95,364.715,8.81038
0.11069,0,0,15.9918,0.65352,-121826,-5833.68,476.369,64.6262,-93291.3,7618.02,364.791,8.81402
0.1107,0,0,15.9918,0.65368,-121811,-5834.9,476.311,64.631,-93310.8,7617.09,364.867,8.81767
0.11071,0,0,15.9918,0.65384,-121796,-5836.11,476.253,64.6358,-93330.2,7616.16,364.943,8.82132
0.11072,0,0,15.9918,0.654,-121781,-5837.33,476.194,64.6405,-93349.7,7615.22,365.019,8.82497
0.11073,0,0,15.9918,0.65416,-121767,-5838.55,476.136,64.6453,-93369.2,7614.29,365.095,8.82862
0.11074,0,0,15.9918,0.654319,-121752,-5839.77,476.077,64.65,-93388.7,7613.35,365.172,8.83227
0.11075,0,0,15.9918,0.654479,-121737,-5840.99,476.019,64.6548,-93408.1,7612.42,365.248,8.83593
0.11076,0,0,15.9918,0.654639,-121722,-5842.2,475.961,64.6596,-93427.6,7611.49,365.324,8.83958
0.11077,0,0,15.9918,0.654799,-121707,-5843.42,475.902,64.6643,-93447.1,7610.55,365.4,8.84323
0.11078,0,0,15.9918,0.654959,-121692,-5844.64,475.844,64.6691,-93466.5,7609.62,365.476,8.84689
0.11079,0,0,15.9918,0.655119,-121677,-5845.85,475.785,64.6738,-93486,7608.68,365.552,8.85054
0.1108,0,0,15.9918,0.655279,-121662,-5847.07,475.727,64.6786,-93505.4,7607.75,365.628,8.8542
0.11081,0,0,15.9918,0.655439,-121647,-5848.29,475.668,64.6834,-93524.9,7606.81,365.704,8.85785
0.11082,0,0,15.9918,0.655599,-121632,-5849.5,475.61,64.6881,-93544.3,7605.88,365.78,8.86151
0.11083,0,0,15.9918,0.655759,-121617,-5850.72,475.551,64.6929,-93563.8,7604.94,365.856,8.86517
0.11084,0,0,15.9918,0.655918,-121602,-5851.93,475.493,64.6976,-93583.2,7604.01,365.932,8.86883
0.11085,0,0,15.9918,0.656078,-121587,-5853.15,475.434,64.7024,-93602.7,7603.07,366.008,8.87249
0.11086,0,0,15.9918,0.656238,-121572,-5854.37,475.376,64.7071,-93622.1,7602.14,366.084,8.87615
0.11087,0,0,15.9918,0.656398,-121557,-5855.58,475.317,64.7119,-93641.5,7601.2,366.16,8.87981
0.11088,0,0,15.9918,0.656558,-121542,-5856.8,475.259,64.7166,-93661,7600.26,366.236,8.88347
0.11089,0,0,15.9918,0.656718,-121527,-5858.01,475.2,64.7214,-93680.4,7599.33,366.312,8.88713
0.1109,0,0,15.9918,0.656878,-121512,-5859.23,475.142,64.7261,-93699.8,7598.39,366.388,8.8908
0.11091,0,0,15.9918,0.657038,-121497,-5860.44,475.083,64.7309,-93719.3,7597.45,366.464,8.89446
0.11092,0,0,15.9918,0.657198,-121482,-5861.66,475.024,64.7356,-93738.7,7596.52,366.54,8.89813
0.11093,0,0,15.9918,0.657358,-121467,-5862.87,474.966,64.7404,-93758.1,7595.58,366.616,8.90179
0.11094,0,0,15.9918,0.657517,-121452,-5864.09,474.907,64.7452,-93777.5,7594.64,366.692,8.90546
0.11095,0,0,15.9918,0.657677,-121437,-5865.3,474.849,64.7499,-93797,7593.7,366.768,8.90913
0.11096,0,0,15.9918,0.657837,-121422,-5866.51,474.79,64.7546,-93816.4,7592.77,366.844,8.91279
0.11097,0,0,15.9918,0.657997,-121407,-5867.73,474.731,64.7594,-93835.8,7591.83,366.92,8.91646
0.11098,0,0,15.9918,0.658157,-121392,-5868.94,474.673,64.7641,-93855.2,7590.89,366.996,8.92013
0.11099,0,0,15.9918,0.658317,-121377,-5870.16,474.614,64.7689,-93874.6,7589.95,367.072,8.9238
0.111,0,0,15.9918,0.658477,-121362,-5871.37,474.555,64.7736,-93894,7589.01,367.148,8.92747
0.11101,0,0,15.9918,0.658637,-121347,-5872.58,474.496,64.7784,-93913.4,7588.07,367.224,8.93114
0.11102,0,0,15.9918,0.658797,-121332,-5873.8,474.438,64.7831,-93932.8,7587.13,367.299,8.93482
0.11103,0,0,15.9918,0.658956,-121317,-5875.01,474.379,64.7879,-93952.2,7586.19,367.375,8.93849
0.11104,0,0,15.9918,0.659116,-121302,-5876.22,474.32,64.7926,-93971.6,7585.25,367.451,8.94217
0.11105,0,0,15.9918,0.659276,-121287,-5877.43,474.261,64.7974,-93991,7584.31,367.527,8.94584
0.11106,0,0,15.9918,0.659436,-121272,-5878.65,474.203,64.8021,-94010.4,7583.38,367.603,8.94952
0.11107,0,0,15.9918,0.659596,-121257,-5879.86,474.144,64.8068,-94029.8,7582.44,367.679,8.95319
0.11108,0,0,15.9918,0.659756,-121242,-5881.07,474.085,64.8116,-94049.2,7581.49,367.754,8.95687
0.11109,0,0,15.9918,0.659916,-121227,-5882.28,474.026,64.8163,-94068.6,7580.55,367.83,8.96055
0.1111,0,0,15.9918,0.660076,-121212,-5883.5,473.967,64.8211,-94088,7579.61,367.906,8.96423
0.11111,0,0,15.9918,0.660236,-121197,-5884.71,473.909,64.8258,-94107.3,7578.67,367.982,8.96791
0.11112,0,0,15.9918,0.660396,-121182,-5885.92,473.85,64.8305,-94126.7,7577.73,368.058,8.97159
0.11113,0,0,15.9918,0.660555,-121167,-5887.13,473.791,64.8353,-94146.1,7576.79,368.133,8.97527
0.11114,0,0,15.9918,0.660715,-121152,-5888.34,473.732,64.84,-94165.5,7575.85,368.209,8.97895
0.11115,0,0,15.9918,0.660875,-121137,-5889.55,473.673,64.8447,-94184.8,7574.91,368.285,8.98263
0.11116,0,0,15.9918,0.661035,-121122,-5890.76,473.614,64.8495,-94204.2,7573.97,368.361,8.98631
0.11117,0,0,15.9918,0.661195,-121107,-5891.98,473.555,64.8542,-94223.6,7573.02,368.436,8.99
0.11118,0,0,15.9918,0.661355,-121092,-5893.19,473.496,64.859,-94242.9,7572.08,368.512,8.99368
0.11119,0,0,15.9918,0.661515,-121076,-5894.4,473.438,64.8637,-94262.3,7571.14,368.588,8.99737
0.1112,0,0,15.9918,0.661675,-121061,-5895.61,473.379,64.8684,-94281.6,7570.2,368.663,9.00105
0.11121,0,0,15.9918,0.661835,-121046,-5896.82,473.32,64.8732,-94301,7569.25,368.739,9.00474
0.11122,0,0,15.9918,0.661995,-121031,-5898.03,473.261,64.8779,-94320.4,7568.31,368.815,9.00843
0.11123,0,0,15.9918,0.662154,-121016,-5899.24,473.202,64.8826,-94339.7,7567.37,368.89,9.01212
0.11124,0,0,15.9918,0.662314,-121001,-5900.45,473.143,64.8874,-94359,7566.42,368.966,9.01581
0.11125,0,0,15.9918,0.662474,-120986,-5901.66,473.084,64.8921,-94378.4,7565.48,369.042,9.0195
0.11126,0,0,15.9918,0.662634,-120971,-5902.87,473.025,64.8968,-94397.8,7564.54,369.117,9.02319
0.11127,0,0,15.9918,0.662794,-120956,-5904.08,472.966,64.9016,-94417.1,7563.59,369.193,9.02688
0.11128,0,0,15.9918,0.662954,-120941,-5905.29,472.907,64.9063,-94436.4,7562.65,369.269,9.03057
0.11129,0,0,15.9918,0.663114,-120926,-5906.5,472.848,64.911,-94455.8,7561.7,369.344,9.03426
0.1113,0,0,15.9918,0.663274,-120910,-5907.71,472.789,64.9157,-94475.1,7560.76,369.42,9.03796
0.11131,0,0,15.9918,0.663434,-120895,-5908.91,472.729,64.9205,-94494.4,7559.82,369.495,9.04165
0.11132,0,0,15.9918,0.663594,-120880,-5910.12,472.67,64.9252,-94513.8,7558.87,369.571,9.04535
0.11133,0,0,15.9918,0.663753,-120865,-5911.33,472.611,64.9299,-94533.1,7557.93,369.647,9.04904
0.11134,0,0,15.9918,0.663913,-120850,-5912.54,472.552,64.9346,-94552.4,7556.98,369.722,9.05274
0.11135,0,0,15.9918,0.664073,-120835,-5913.75,472.493,64.9394,-94571.7,7556.03,369.798,9.05644
0.11136,0,0,15.9918,0.664233,-120820,-5914.96,472.434,64.9441,-94591,7555.09,369.873,9.06014
0.11137,0,0,15.9918,0.664393,-120805,-5916.16,472.375,64.9488,-94610.4,7554.14,369.949,9.06384
0.11138,0,0,15.9918,0.664553,-120790,-5917.37,472.316,64.9535,-94629.7,7553.2,370.024,9.06754
0.11139,0,0,15.9918,0.664713,-120774,-5918.58,472.256,64.9583,-94649,7552.25,370.1,9.07124
0.1114,0,0,15.9918,0.664873,-120759,-5919.79,472.197,64.963,-94668.3,7551.3,370.175,9.07494
0.11141,0,0,15.9918,0.665033,-120744,-5920.99,472.138,64.9677,-94687.6,7550.36,370.251,9.07864
0.11142,0,0,15.9918,0.665192,-120729,-5922.2,472.079,64.9724,-94706.9,7549.41,370.326,9.08234
0.11143,0,0,15.9918,0.665352,-120714,-5923.41,472.02,64.9771,-94726.2,7548.46,370.402,9.08605
0.11144,0,0,15.9918,0.665512,-120699,-5924.62,471.96,64.9819,-94745.5,7547.52,370.477,9.08975
0.11145,0,0,15.9918,0.665672,-120684,-5925.82,471.901,64.9866,-94764.8,7546.57,370.553,9.09346
0.11146,0,0,15.9918,0.665832,-120668,-5927.03,471.842,64.9913,-94784.1,7545.62,370.628,9.09716
0.11147,0,0,15.9918,0.665992,-120653,-5928.23,471.783,64.996,-94803.4,7544.67,370.704,9.10087
0.11148,0,0,15.9918,0.666152,-120638,-5929.44,471.723,65.0007,-94822.7,7543.73,370.779,9.10458
0.11149,0,0,15.9918,0.666312,-120623,-5930.65,471.664,65.0055,-94842,7542.78,370.854,9.10828
0.1115,0,0,15.9918,0.666472,-120608,-5931.85,471.605,65.0102,-94861.3,7541.83,370.93,9.11199
0.11151,0,0,15.9918,0.666632,-120593,-5933.06,471.545,65.0149,-94880.6,7540.88,371.005,9.1157
0.11152,0,0,15.9918,0.666791,-120577,-5934.27,471.486,65.0196,-94899.8,7539.93,371.081,9.11941
0.11153,0,0,15.9918,0.666951,-120562,-5935.47,471.427,65.0243,-94919.1,7538.98,371.156,9.12313
0.11154,0,0,15.9918,0.667111,-120547,-5936.68,471.367,65.029,-94938.4,7538.03,371.232,9.12684
0.11155,0,0,15.9918,0.667271,-120532,-5937.88,471.308,65.0337,-94957.7,7537.08,371.307,9.13055
0.11156,0,0,15.9918,0.667431,-120517,-5939.09,471.249,65.0385,-94976.9,7536.13,371.382,9.13426
0.11157,0,0,15.9918,0.667591,-120502,-5940.29,471.189,65.0432,-94996.2,7535.18,371.458,9.13798
0.11158,0,0,15.9918,0.667751,-120486,-5941.5,471.13,65.0479,-95015.5,7534.23,371.533,9.14169
0.11159,0,0,15.9918,0.667911,-120471,-5942.7,471.07,65.0526,-95034.7,7533.28,371.608,9.14541
0.1116,0,0,15.9918,0.668071,-120456,-5943.91,471.011,65.0573,-95054,7532.33,371.684,9.14912
0.11161,0,0,15.9918,0.668231,-120441,-5945.11,470.952,65.062,-95073.3,7531.38,371.759,9.15284
0.11162,0,0,15.9918,0.66839,-120426,-5946.31,470.892,65.0667,-95092.5,7530.43,371.834,9.15656
0.11163,0,0,15.9918,0.66855,-120410,-5947.52,470.833,65.0714,-95111.8,7529.48,371.909,9.16028
0.11164,0,0,15.9918,0.66871,-120395,-5948.72,470.773,65.0761,-95131,7528.53,371.985,9.164
0.11165,0,0,15.9918,0.66887,-120380,-5949.92,470.714,65.0808,-95150.3,7527.58,372.06,9.16772
0.11166,0,0,15.9918,0.66903,-120365,-5951.13,470.654,65.0855,-95169.5,7526.63,372.135,9.17144
0.11167,0,0,15.9918,0.66919,-120349,-5952.33,470.595,65.0903,-95188.8,7525.68,372.211,9.17516
0.11168,0,0,15.9918,0.66935,-120334,-5953.54,470.535,65.095,-95208,7524.73,372.286,9.17888
0.11169,0,0,15.9918,0.66951,-120319,-5954.74,470.476,65.0997,-95227.2,7523.77,372.361,9.18261
0.1117,0,0,15.9918,0.66967,-120304,-5955.94,470.416,65.1044,-95246.5,7522.82,372.436,9.18633
0.11171,0,0,15.9918,0.669829,-120289,-5957.14,470.357,65.1091,-95265.7,7521.87,372.511,9.19006
0.11172,0,0,15.9918,0.669989,-120273,-5958.35,470.297,65.1138,-95285,7520.92,372.587,9.19378
0.11173,0,0,15.9918,0.670149,-120258,-5959.55,470.237,65.1185,-95304.2,7519.96,372.662,9.19751
0.11174,0,0,15.9918,0.670309,-120243,-5960.75,470.178,65.1232,-95323.4,7519.01,372.737,9.20123
0.11175,0,0,15.9918,0.670469,-120228,-5961.95,470.118,65.1279,-95342.6,7518.06,372.812,9.20496
0.11176,0,0,15.9918,0.670629,-120212,-5963.16,470.059,65.1326,-95361.9,7517.1,372.887,9.20869
0.11177,0,0,15.9918,0.670789,-120197,-5964.36,469.999,65.1373,-95381.1,7516.15,372.962,9.21242
0.11178,0,0,15.9918,0.670949,-120182,-5965.56,469.939,65.142,-95400.3,7515.2,373.038,9.21615
0.11179,0,0,15.9918,0.671109,-120167,-5966.76,469.88,65.1467,-95419.5,7514.24,373.113,9.21988
0.1118,0,0,15.9918,0.671269,-120151,-5967.96,469.82,65.1514,-95438.7,7513.29,373.188,9.22361
0.11181,0,0,15.9918,0.671429,-120136,-5969.16,469.76,65.1561,-95457.9,7512.33,373.263,9.22734
0.11182,0,0,15.9918,0.671588,-120121,-5970.36,469.701,65.1608,-95477.1,7511.38,373.338,9.23108
0.11183,0,0,15.9918,0.671748,-120106,-5971.57,469.641,65.1655,-95496.4,7510.42,373.413,9.23481
0.11184,0,0,15.9918,0.671908,-120090,-5972.77,469.581,65.1702,-95515.6,7509.47,373.488,9.23855
0.11185,0,0,15.9918,0.672068,-120075,-5973.97,469.521,65.1749,-95534.8,7508.51,373.563,9.24228
0.11186,0,0,15.9918,0.672228,-120060,-5975.17,469.462,65.1796,-95554,7507.56,373.638,9.24602
0.11187,0,0,15.9918,0.672388,-120044,-5976.37,469.402,65.1843,-95573.1,7506.6,373.714,9.24975
0.11188,0,0,15.9918,0.672548,-120029,-5977.57,469.342,65.1889,-95592.4,7505.65,373.789,9.25349
0.11189,0,0,15.9918,0.672708,-120014,-5978.77,469.282,65.1936,-95611.5,7504.69,373.864,9.25723
0.1119,0,0,15.9918,0.672868,-119999,-5979.97,469.223,65.1983,-95630.7,7503.74,373.939,9.26097
0.11191,0,0,15.9918,0.673027,-119983,-5981.17,469.163,65.203,-95649.9,7502.78,374.014,9.26471
0.11192,0,0,15.9918,0.673187,-119968,-5982.37,469.103,65.2077,-95669.1,7501.82,374.089,9.26845
0.11193,0,0,15.9918,0.673347,-119953,-5983.57,469.043,65.2124,-95688.3,7500.87,374.164,9.27219
0.11194,0,0,15.9918,0.673507,-119937,-5984.77,468.983,65.2171,-95707.5,7499.91,374.239,9.27593
0.11195,0,0,15.9918,0.673667,-119922,-5985.97,468.924,65.2218,-95726.6,7498.95,374.314,9.27967
0.11196,0,0,15.9918,0.673827,-119907,-5987.17,468.864,65.2265,-95745.8,7498,374.389,9.28342
0.11197,0,0,15.9918,0.673987,-119891,-5988.36,468.804,65.2312,-95765,7497.04,374.464,9.28716
0.11198,0,0,15.9918,0.674147,-119876,-5989.56,468.744,65.2359,-95784.1,7496.08,374.539,9.29091
0.11199,0,0,15.9918,0.674307,-119861,-5990.76,468.684,65.2405,-95803.3,7495.12,374.614,9.29465
0.112,0,0,15.9918,0.674467,-119846,-5991.96,468.624,65.2452,-95822.5,7494.16,374.688,9.2984
0.11201,0,0,15.9918,0.674626,-119830,-5993.16,468.564,65.2499,-95841.6,7493.21,374.763,9.30215
0.11202,0,0,15.9918,0.674786,-119815,-5994.36,468.504,65.2546,-95860.8,7492.25,374.838,9.30589
0.11203,0,0,15.9918,0.674946,-119800,-5995.55,468.444,65.2593,-95880,7491.29,374.913,9.30964
0.11204,0,0,15.9918,0.675106,-119784,-5996.75,468.384,65.264,-95899.1,7490.33,374.988,9.31339
0.11205,0,0,15.9918,0.675266,-119769,-5997.95,468.324,65.2687,-95918.3,7489.37,375.063,9.31714
0.11206,0,0,15.9918,0.675426,-119754,-5999.15,468.264,65.2733,-95937.4,7488.41,375.138,9.32089
0.11207,0,0,15.9918,0.675586,-119738,-6000.34,468.204,65.278,-95956.6,7487.45,375.213,9.32465
0.11208,0,0,15.9918,0.675746,-119723,-6001.54,468.144,65.2827,-95975.7,7486.49,375.288,9.3284
0.11209,0,0,15.9918,0.675906,-119707,-6002.74,468.084,65.2874,-95994.8,7485.53,375.362,9.33215
0.1121,0,0,15.9918,0.676066,-119692,-6003.93,468.024,65.2921,-96014,7484.57,375.437,9.33591
0.11211,0,0,15.9918,0.676225,-119677,-6005.13,467.964,65.2967,-96033.1,7483.61,375.512,9.33966
0.11212,0,0,15.9918,0.676385,-119661,-6006.33,467.904,65.3014,-96052.3,7482.65,375.587,9.34342
0.11213,0,0,15.9918,0.676545,-119646,-6007.52,467.844,65.3061,-96071.4,7481.69,375.662,9.34717
0.11214,0,0,15.9918,0.676705,-119631,-6008.72,467.784,65.3108,-96090.5,7480.73,375.737,9.35093
0.11215,0,0,15.9918,0.676865,-119615,-6009.92,467.724,65.3155,-96109.6,7479.77,375.811,9.35469
0.11216,0,0,15.9918,0.677025,-119600,-6011.11,467.664,65.3201,-96128.8,7478.81,375.886,9.35845
0.11217,0,0,15.9918,0.677185,-119585,-6012.31,467.604,65.3248,-96147.9,7477.85,375.961,9.3622
0.11218,0,0,15.9918,0.677345,-119569,-6013.5,467.544,65.3295,-96167,7476.89,376.036,9.36596
0.11219,0,0,15.9918,0.677505,-119554,-6014.7,467.484,65.3342,-96186.1,7475.93,376.11,9.36973
0.1122,0,0,15.9918,0.677664,-119538,-6015.89,467.423,65.3388,-96205.2,7474.96,376.185,9.37349
0.11221,0,0,15.9918,0.677824,-119523,-6017.09,467.363,65.3435,-96224.4,7474,376.26,9.37725
0.11222,0,0,15.9918,0.677984,-119508,-6018.28,467.303,65.3482,-96243.5,7473.04,376.335,9.38101
0.11223,0,0,15.9918,0.678144,-119492,-6019.48,467.243,65.3529,-96262.6,7472.08,376.409,9.38478
0.11224,0,0,15.9918,0.678304,-119477,-6020.67,467.183,65.3575,-96281.7,7471.11,376.484,9.38854
0.11225,0,0,15.9918,0.678464,-119462,-6021.87,467.123,65.3622,-96300.8,7470.15,376.559,9.39231
0.11226,0,0,15.9918,0.678624,-119446,-6023.06,467.062,65.3669,-96319.9,7469.19,376.633,9.39607
0.11227,0,0,15.9918,0.678784,-119431,-6024.26,467.002,65.3715,-96339,7468.23,376.708,9.39984
0.11228,0,0,15.9918,0.678944,-119415,-6025.45,466.942,65.3762,-96358.1,7467.26,376.783,9.40361
0.11229,0,0,15.9918,0.679104,-119400,-6026.65,466.882,65.3809,-96377.2,7466.3,376.857,9.40737
0.1123,0,0,15.9918,0.679263,-119384,-6027.84,466.821,65.3855,-96396.3,7465.33,376.932,9.41114
0.11231,0,0,15.9918,0.679423,-119369,-6029.03,466.761,65.3902,-96415.4,7464.37,377.007,9.41491
0.11232,0,0,15.9918,0.679583,-119354,-6030.23,466.701,65.3949,-96434.4,7463.41,377.081,9.41868
0.11233,0,0,15.9918,0.679743,-119338,-6031.42,466.641,65.3996,-96453.5,7462.44,377.156,9.42245
0.11234,0,0,15.9918,0.679903,-119323,-6032.61,466.58,65.4042,-96472.6,7461.48,377.231,9.42623
0.11235,0,0,15.9918,0.680063,-119307,-6033.81,466.52,65.4089,-96491.7,7460.51,377.305,9.43
0.11236,0,0,15.9918,0.680223,-119292,-6035,466.46,65.4136,-96510.8,7459.55,377.38,9.43377
0.11237,0,0,15.9918,0.680383,-119277,-6036.19,466.399,65.4182,-96529.8,7458.58,377.454,9.43755
0.11238,0,0,15.9918,0.680543,-119261,-6037.38,466.339,65.4229,-96548.9,7457.62,377.529,9.44132
0.11239,0,0,15.9918,0.680703,-119246,-6038.58,466.278,65.4275,-96568,7456.65,377.603,9.4451
0.1124,0,0,15.9918,0.680862,-119230,-6039.77,466.218,65.4322,-96587,7455.69,377.678,9.44887
0.11241,0,0,15.9918,0.681022,-119215,-6040.96,466.158,65.4369,-96606.1,7454.72,377.753,9.45265
0.11242,0,0,15.9918,0.681182,-119199,-6042.15,466.097,65.4415,-96625.1,7453.76,377.827,9.45643
0.11243,0,0,15.9918,0.681342,-119184,-6043.34,466.037,65.4462,-96644.2,7452.79,377.902,9.46021
0.11244,0,0,15.9918,0.681502,-119168,-6044.54,465.976,65.4508,-96663.3,7451.82,377.976,9.46399
0.11245,0,0,15.9918,0.681662,-119153,-6045.73,465.916,65.4555,-96682.3,7450.86,378.051,9.46777
0.11246,0,0,15.9918,0.681822,-119137,-6046.92,465.856,65.4602,-96701.4,7449.89,378.125,9.47155
0.11247,0,0,15.9918,0.681982,-119122,-6048.11,465.795,65.4648,-96720.4,7448.92,378.2,9.47533
0.11248,0,0,15.9918,0.682142,-119107,-6049.3,465.735,65.4695,-96739.5,7447.96,378.274,9.47911
0.11249,0,0,15.9918,0.682302,-119091,-6050.49,465.674,65.4741,-96758.5,7446.99,378.349,9.48289
0.1125,0,0,15.9918,0.682461,-119076,-6051.68,465.614,65.4788,-96777.5,7446.02,378.423,9.48668
0.11251,0,0,15.9918,0.682621,-119060,-6052.87,465.553,65.4834,-96796.6,7445.05,378.497,9.49046
0.11252,0,0,15.9918,0.682781,-119045,-6054.06,465.493,65.4881,-96815.6,7444.08,378.572,9.49425
0.11253,0,0,15.9918,0.682941,-119029,-6055.25,465.432,65.4928,-96834.7,7443.12,378.646,9.49803
0.11254,0,0,15.9918,0.683101,-119014,-6056.44,465.371,65.4974,-96853.7,7442.15,378.721,9.50182
0.11255,0,0,15.9918,0.683261,-118998,-6057.63,465.311,65.5021,-96872.7,7441.18,378.795,9.50561
0.11256,0,0,15.9918,0.683421,-118983,-6058.82,465.25,65.5067,-96891.8,7440.21,378.87,9.5094
0.11257,0,0,15.9918,0.683581,-118967,-6060.01,465.19,65.5114,-96910.8,7439.24,378.944,9.51319
0.11258,0,0,15.9918,0.683741,-118952,-6061.2,465.129,65.516,-96929.8,7438.27,379.018,9.51698
0.11259,0,0,15.9918,0.6839,-118936,-6062.39,465.069,65.5207,-96948.8,7437.3,379.093,9.52077
0.1126,0,0,15.9918,0.68406,-118921,-6063.58,465.008,65.5253,-96967.8,7436.33,379.167,9.52456
0.11261,0,0,15.9918,0.68422,-118905,-6064.77,464.947,65.53,-96986.8,7435.36,379.241,9.52835
0.11262,0,0,15.9918,0.68438,-118890,-6065.96,464.887,65.5346,-97005.9,7434.39,379.316,9.53214
0.11263,0,0,15.9918,0.68454,-118874,-6067.15,464.826,65.5393,-97024.9,7433.42,379.39,9.53594
0.11264,0,0,15.9918,0.6847,-118859,-6068.34,464.765,65.5439,-97043.9,7432.45,379.464,9.53973
0.11265,0,0,15.9918,0.68486,-118843,-6069.52,464.705,65.5486,-97062.9,7431.48,379.539,9.54353
0.11266,0,0,15.9918,0.68502,-118828,-6070.71,464.644,65.5532,-97081.9,7430.51,379.613,9.54732
0.11267,0,0,15.9918,0.68518,-118812,-6071.9,464.583,65.5579,-97100.9,7429.54,379.687,9.55112
0.11268,0,0,15.9918,0.68534,-118797,-6073.09,464.523,65.5625,-97119.9,7428.57,379.762,9.55492
0.11269,0,0,15.9918,0.685499,-118781,-6074.28,464.462,65.5671,-97138.9,7427.6,379.836,9.55871
0.1127,0,0,15.9918,0.685659,-118765,-6075.46,464.401,65.5718,-97157.9,7426.63,379.91,9.56251
0.11271,0,0,15.9918,0.685819,-118750,-6076.65,464.34,65.5764,-97176.9,7425.66,379.984,9.56631
0.11272,0,0,15.9918,0.685979,-118734,-6077.84,464.28,65.5811,-97195.8,7424.69,380.059,9.57011
0.11273,0,0,15.9918,0.686139,-118719,-6079.02,464.219,65.5857,-97214.8,7423.71,380.133,9.57391
0.11274,0,0,15.9918,0.686299,-118703,-6080.21,464.158,65.5904,-97233.8,7422.74,380.207,9.57771
0.11275,0,0,15.9918,0.686459,-118688,-6081.4,464.097,65.595,-97252.8,7421.77,380.281,9.58152
0.11276,0,0,15.9918,0.686619,-118672,-6082.59,464.036,65.5996,-97271.8,7420.8,380.355,9.58532
0.11277,0,0,15.9918,0.686779,-118657,-6083.77,463.975,65.6043,-97290.7,7419.82,380.43,9.58912
0.11278,0,0,15.9918,0.686939,-118641,-6084.96,463.915,65.6089,-97309.7,7418.85,380.504,9.59293
0.11279,0,0,15.9918,0.687098,-118626,-6086.14,463.854,65.6136,-97328.7,7417.88,380.578,9.59673
0.1128,0,0,15.9918,0.687258,-118610,-6087.33,463.793,65.6182,-97347.6,7416.91,380.652,9.60054
0.11281,0,0,15.9918,0.687418,-118594,-6088.52,463.732,65.6228,-97366.6,7415.93,380.726,9.60435
0.11282,0,0,15.9918,0.687578,-118579,-6089.7,463.671,65.6275,-97385.6,7414.96,380.8,9.60815
0.11283,0,0,15.9918,0.687738,-118563,-6090.89,463.61,65.6321,-97404.5,7413.98,380.875,9.61196
0.11284,0,0,15.9918,0.687898,-118548,-6092.07,463.549,65.6368,-97423.5,7413.01,380.949,9.61577
0.11285,0,0,15.9918,0.688058,-118532,-6093.26,463.488,65.6414,-97442.4,7412.04,381.023,9.61958
0.11286,0,0,15.9918,0.688218,-118517,-6094.44,463.428,65.646,-97461.4,7411.06,381.097,9.62339
0.11287,0,0,15.9918,0.688378,-118501,-6095.63,463.367,65.6507,-97480.3,7410.09,381.171,9.6272
0.11288,0,0,15.9918,0.688537,-118485,-6096.81,463.306,65.6553,-97499.3,7409.11,381.245,9.63101
0.11289,0,0,15.9918,0.688697,-118470,-6098,463.245,65.6599,-97518.2,7408.14,381.319,9.63483
0.1129,0,0,15.9918,0.688857,-118454,-6099.18,463.184,65.6646,-97537.2,7407.16,381.393,9.63864
0.11291,0,0,15.9918,0.689017,-118439,-6100.37,463.123,65.6692,-97556.1,7406.19,381.467,9.64246
0.11292,0,0,15.9918,0.689177,-118423,-6101.55,463.062,65.6738,-97575,7405.21,381.541,9.64627
0.11293,0,0,15.9918,0.689337,-118407,-6102.73,463.001,65.6784,-97594,7404.23,381.615,9.65009
0.11294,0,0,15.9918,0.689497,-118392,-6103.92,462.94,65.6831,-97612.9,7403.26,381.689,9.6539
0.11295,0,0,15.9918,0.689657,-118376,-6105.1,462.879,65.6877,-97631.8,7402.28,381.763,9.65772
0.11296,0,0,15.9918,0.689817,-118361,-6106.29,462.818,65.6923,-97650.8,7401.31,381.837,9.66154
0.11297,0,0,15.9918,0.689977,-118345,-6107.47,462.757,65.697,-97669.7,7400.33,381.911,9.66536
0.11298,0,0,15.9918,0.690136,-118329,-6108.65,462.695,65.7016,-97688.6,7399.35,381.985,9.66918
0.11299,0,0,15.9918,0.690296,-118314,-6109.83,462.634,65.7062,-97707.5,7398.38,382.059,9.673
0.113,0,0,15.9918,0.690456,-118298,-6111.02,462.573,65.7108,-97726.4,7397.4,382.133,9.67682
0.11301,0,0,15.9918,0.690616,-118282,-6112.2,462.512,65.7155,-97745.4,7396.42,382.207,9.68064
0.11302,0,0,15.9918,0.690776,-118267,-6113.38,462.451,65.7201,-97764.3,7395.45,382.281,9.68446
0.11303,0,0,15.9918,0.690936,-118251,-6114.57,462.39,65.7247,-97783.2,7394.47,382.355,9.68828
0.11304,0,0,15.9918,0.691096,-118236,-6115.75,462.329,65.7293,-97802.1,7393.49,382.429,9.69211
0.11305,0,0,15.9918,0.691256,-118220,-6116.93,462.268,65.734,-97821,7392.51,382.503,9.69593
0.11306,0,0,15.9918,0.691416,-118204,-6118.11,462.206,65.7386,-97839.9,7391.53,382.577,9.69976
0.11307,0,0,15.9918,0.691576,-118189,-6119.29,462.145,65.7432,-97858.8,7390.56,382.651,9.70358
0.11308,0,0,15.9918,0.691735,-118173,-6120.48,462.084,65.7478,-97877.7,7389.58,382.725,9.70741
0.11309,0,0,15.9918,0.691895,-118157,-6121.66,462.023,65.7525,-97896.6,7388.6,382.799,9.71124
0.1131,0,0,15.9918,0.692055,-118142,-6122.84,461.962,65.7571,-97915.5,7387.62,382.873,9.71507
0.11311,0,0,15.9918,0.692215,-118126,-6124.02,461.9,65.7617,-97934.4,7386.64,382.946,9.7189
0.11312,0,0,15.9918,0.692375,-118110,-6125.2,461.839,65.7663,-97953.2,7385.66,383.02,9.72273
0.11313,0,0,15.9918,0.692535,-118095,-6126.38,461.778,65.7709,-97972.1,7384.68,383.094,9.72656
0.11314,0,0,15.9918,0.692695,-118079,-6127.56,461.717,65.7755,-97991,7383.7,383.168,9.73039
0.11315,0,0,15.9918,0.692855,-118063,-6128.74,461.655,65.7802,-98009.9,7382.72,383.242,9.73422
0.11316,0,0,15.9918,0.693015,-118048,-6129.92,461.594,65.7848,-98028.8,7381.74,383.316,9.73805
0.11317,0,0,15.9918,0.693175,-118032,-6131.1,461.533,65.7894,-98047.6,7380.76,383.389,9.74189
0.11318,0,0,15.9918,0.693334,-118016,-6132.28,461.472,65.794,-98066.5,7379.78,383.463,9.74572
0.11319,0,0,15.9918,0.693494,-118001,-6133.46,461.41,65.7986,-98085.4,7378.8,383.537,9.74956
0.1132,0,0,15.9918,0.693654,-117985,-6134.64,461.349,65.8032,-98104.3,7377.82,383.611,9.75339
0.11321,0,0,15.9918,0.693814,-117969,-6135.82,461.288,65.8079,-98123.1,7376.84,383.684,9.75723
0.11322,0,0,15.9918,0.693974,-117954,-6137,461.226,65.8125,-98142,7375.86,383.758,9.76107
0.11323,0,0,15.9918,0.694134,-117938,-6138.18,461.165,65.8171,-98160.8,7374.88,383.832,9.7649
0.11324,0,0,15.9918,0.694294,-117922,-6139.36,461.103,65.8217,-98179.7,7373.89,383.906,9.76874
0.11325,0,0,15.9918,0.694454,-117906,-6140.54,461.042,65.8263,-98198.6,7372.91,383.979,9.77258
0.11326,0,0,15.9918,0.694614,-117891,-6141.72,460.981,65.8309,-98217.4,7371.93,384.053,9.77642
0.11327,0,0,15.9918,0.694773,-117875,-6142.9,460.919,65.8355,-98236.3,7370.95,384.127,9.78026
0.11328,0,0,15.9918,0.694933,-117859,-6144.08,460.858,65.8401,-98255.1,7369.97,384.201,9.7841
0.11329,0,0,15.9918,0.695093,-117844,-6145.25,460.796,65.8447,-98273.9,7368.98,384.274,9.78795
0.1133,0,0,15.9918,0.695253,-117828,-6146.43,460.735,65.8493,-98292.8,7368,384.348,9.79179
0.11331,0,0,15.9918,0.695413,-117812,-6147.61,460.673,65.8539,-98311.6,7367.02,384.422,9.79563
0.11332,0,0,15.9918,0.695573,-117796,-6148.79,460.612,65.8586,-98330.5,7366.04,384.495,9.79948
0.11333,0,0,15.9918,0.695733,-117781,-6149.97,460.55,65.8632,-98349.3,7365.05,384.569,9.80332
0.11334,0,0,15.9918,0.695893,-117765,-6151.14,460.489,65.8678,-98368.1,7364.07,384.643,9.80717
0.11335,0,0,15.9918,0.696053,-117749,-6152.32,460.427,65.8724,-98387,7363.08,384.716,9.81102
0.11336,0,0,15.9918,0.696213,-117734,-6153.5,460.366,65.877,-98405.8,7362.1,384.79,9.81486
0.11337,0,0,15.9918,0.696372,-117718,-6154.68,460.304,65.8816,-98424.6,7361.12,384.863,9.81871
0.11338,0,0,15.9918,0.696532,-117702,-6155.85,460.243,65.8862,-98443.4,7360.13,384.937,9.82256
0.11339,0,0,15.9918,0.696692,-117686,-6157.03,460.181,65.8908,-98462.2,7359.15,385.011,9.82641
0.1134,0,0,15.9918,0.696852,-117671,-6158.21,460.12,65.8954,-98481.1,7358.16,385.084,9.83026
0.11341,0,0,15.9918,0.697012,-117655,-6159.38,460.058,65.9,-98499.9,7357.18,385.158,9.83411
0.11342,0,0,15.9918,0.697172,-117639,-6160.56,459.997,65.9046,-98518.7,7356.19,385.231,9.83797
0.11343,0,0,15.9918,0.697332,-117623,-6161.73,459.935,65.9092,-98537.5,7355.21,385.305,9.84182
0.11344,0,0,15.9918,0.697492,-117608,-6162.91,459.873,65.9138,-98556.3,7354.22,385.378,9.84567
0.11345,0,0,15.9918,0.697652,-117592,-6164.09,459.812,65.9184,-98575.1,7353.24,385.452,9.84953
0.11346,0,0,15.9918,0.697812,-117576,-6165.26,459.75,65.923,-98593.9,7352.25,385.525,9.85338
0.11347,0,0,15.9918,0.697971,-117560,-6166.44,459.688,65.9276,-98612.7,7351.27,385.599,9.85724
0.11348,0,0,15.9918,0.698131,-117545,-6167.61,459.627,65.9322,-98631.5,7350.28,385.672,9.86109
0.11349,0,0,15.9918,0.698291,-117529,-6168.79,459.565,65.9368,-98650.3,7349.29,385.746,9.86495
0.1135,0,0,15.9918,0.698451,-117513,-6169.96,459.503,65.9414,-98669.1,7348.31,385.819,9.86881
0.11351,0,0,15.9918,0.698611,-117497,-6171.14,459.442,65.946,-98687.9,7347.32,385.893,9.87267
0.11352,0,0,15.9918,0.698771,-117481,-6172.31,459.38,65.9505,-98706.7,7346.33,385.966,9.87652
0.11353,0,0,15.9918,0.698931,-117466,-6173.49,459.318,65.9551,-98725.5,7345.35,386.04,9.88039
0.11354,0,0,15.9918,0.699091,-117450,-6174.66,459.257,65.9597,-98744.2,7344.36,386.113,9.88425
0.11355,0,0,15.9918,0.699251,-117434,-6175.84,459.195,65.9643,-98763,7343.37,386.187,9.88811
0.11356,0,0,15.9918,0.69941,-117418,-6177.01,459.133,65.9689,-98781.8,7342.38,386.26,9.89197
0.11357,0,0,15.9918,0.69957,-117402,-6178.18,459.071,65.9735,-98800.6,7341.4,386.333,9.89583
0.11358,0,0,15.9918,0.69973,-117387,-6179.36,459.01,65.9781,-98819.3,7340.41,386.407,9.8997
0.11359,0,0,15.9918,0.69989,-117371,-6180.53,458.948,65.9827,-98838.1,7339.42,386.48,9.90356
0.1136,0,0,15.9918,0.70005,-117355,-6181.7,458.886,65.9873,-98856.9,7338.43,386.554,9.90743
0.11361,0,0,15.9918,0.70021,-117339,-6182.88,458.824,65.9919,-98875.6,7337.44,386.627,9.91129
0.11362,0,0,15.9918,0.70037,-117323,-6184.05,458.762,65.9965,-98894.4,7336.46,386.7,9.91516
0.11363,0,0,15.9918,0.70053,-117308,-6185.22,458.7,66.001,-98913.1,7335.47,386.774,9.91903
0.11364,0,0,15.9918,0.70069,-117292,-6186.4,458.639,66.0056,-98931.9,7334.48,386.847,9.92289
0.11365,0,0,15.9918,0.70085,-117276,-6187.57,458.577,66.0102,-98950.7,7333.49,386.92,9.92676
0.11366,0,0,15.9918,0.70101,-117260,-6188.74,458.515,66.0148,-98969.4,7332.5,386.994,9.93063
0.11367,0,0,15.9918,0.701169,-117244,-6189.92,458.453,66.0194,-98988.2,7331.51,387.067,9.9345
0.11368,0,0,15.9918,0.701329,-117229,-6191.09,458.391,66.024,-99006.9,7330.52,387.14,9.93837
0.11369,0,0,15.9918,0.701489,-117213,-6192.26,458.329,66.0286,-99025.6,7329.53,387.214,9.94225
0.1137,0,0,15.9918,0.701649,-117197,-6193.43,458.267,66.0331,-99044.4,7328.54,387.287,9.94612
0.11371,0,0,15.9918,0.701809,-117181,-6194.6,458.205,66.0377,-99063.1,7327.55,387.36,9.94999
0.11372,0,0,15.9918,0.701969,-117165,-6195.77,458.143,66.0423,-99081.9,7326.56,387.433,9.95387
0.11373,0,0,15.9918,0.702129,-117149,-6196.95,458.081,66.0469,-99100.6,7325.57,387.507,9.95774
0.11374,0,0,15.9918,0.702289,-117133,-6198.12,458.019,66.0515,-99119.3,7324.58,387.58,9.96162
0.11375,0,0,15.9918,0.702449,-117118,-6199.29,457.958,66.056,-99138,7323.59,387.653,9.96549
0.11376,0,0,15.9918,0.702608,-117102,-6200.46,457.896,66.0606,-99156.8,7322.59,387.726,9.96937
0.11377,0,0,15.9918,0.702768,-117086,-6201.63,457.834,66.0652,-99175.5,7321.6,387.8,9.97325
0.11378,0,0,15.9918,0.702928,-117070,-6202.8,457.772,66.0698,-99194.2,7320.61,387.873,9.97712
0.11379,0,0,15.9918,0.703088,-117054,-6203.97,457.709,66.0744,-99212.9,7319.62,387.946,9.981
0.1138,0,0,15.9918,0.703248,-117038,-6205.14,457.647,66.0789,-99231.7,7318.63,388.019,9.98488
0.11381,0,0,15.9918,0.703408,-117022,-6206.31,457.585,66.0835,-99250.4,7317.63,388.092,9.98876
0.11382,0,0,15.9918,0.703568,-117007,-6207.48,457.523,66.0881,-99269.1,7316.64,388.165,9.99265
0.11383,0,0,15.9918,0.703728,-116991,-6208.65,457.461,66.0927,-99287.8,7315.65,388.239,9.99653
0.11384,0,0,15.9918,0.703888,-116975,-6209.82,457.399,66.0972,-99306.5,7314.66,388.312,10.0004
0.11385,0,0,15.9918,0.704048,-116959,-6210.99,457.337,66.1018,-99325.2,7313.66,388.385,10.0043
0.11386,0,0,15.9918,0.704207,-116943,-6212.16,457.275,66.1064,-99343.9,7312.67,388.458,10.0082
0.11387,0,0,15.9918,0.704367,-116927,-6213.33,457.213,66.111,-99362.6,7311.68,388.531,10.0121
0.11388,0,0,15.9918,0.704527,-116911,-6214.5,457.151,66.1155,-99381.3,7310.68,388.604,10.0159
0.11389,0,0,15.9918,0.704687,-116895,-6215.67,457.089,66.1201,-99400,7309.69,388.677,10.0198
0.1139,0,0,15.9918,0.704847,-116880,-6216.84,457.026,66.1247,-99418.7,7308.69,388.75,10.0237
0.11391,0,0,15.9918,0.705007,-116864,-6218,456.964,66.1292,-99437.4,7307.7,388.823,10.0276
0.11392,0,0,15.9918,0.705167,-116848,-6219.17,456.902,66.1338,-99456,7306.71,388.897,10.0315
0.11393,0,0,15.9918,0.705327,-116832,-6220.34,456.84,66.1384,-99474.7,7305.71,388.97,10.0354
0.11394,0,0,15.9918,0.705487,-116816,-6221.51,456.778,66.1429,-99493.4,7304.72,389.043,10.0393
0.11395,0,0,15.9918,0.705647,-116800,-6222.68,456.715,66.1475,-99512.1,7303.72,389.116,10.0432
0.11396,0,0,15.9918,0.705806,-116784,-6223.84,456.653,66.1521,-99530.8,7302.73,389.189,10.0471
0.11397,0,0,15.9918,0.705966,-116768,-6225.01,456.591,66.1567,-99549.4,7301.73,389.262,10.051
0.11398,0,0,15.9918,0.706126,-116752,-6226.18,456.529,66.1612,-99568.1,7300.74,389.335,10.0548
0.11399,0,0,15.9918,0.706286,-116736,-6227.35,456.467,66.1658,-99586.8,7299.74,389.408,10.0587
0.114,0,0,15.9918,0.706446,-116720,-6228.51,456.404,66.1703,-99605.4,7298.75,389.481,10.0626
0.11401,0,0,15.9918,0.706606,-116704,-6229.68,456.342,66.1749,-99624.1,7297.75,389.554,10.0665
0.11402,0,0,15.9918,0.706766,-116689,-6230.85,456.28,66.1795,-99642.7,7296.75,389.627,10.0704
0.11403,0,0,15.9918,0.706926,-116673,-6232.01,456.217,66.184,-99661.4,7295.76,389.7,10.0743
0.11404,0,0,15.9918,0.707086,-116657,-6233.18,456.155,66.1886,-99680.1,7294.76,389.772,10.0782
0.11405,0,0,15.9918,0.707245,-116641,-6234.35,456.093,66.1932,-99698.7,7293.76,389.845,10.0821
0.11406,0,0,15.9918,0.707405,-116625,-6235.51,456.03,66.1977,-99717.4,7292.77,389.918,10.086
0.11407,0,0,15.9918,0.707565,-116609,-6236.68,455.968,66.2023,-99736,7291.77,389.991,10.0899
0.11408,0,0,15.9918,0.707725,-116593,-6237.85,455.906,66.2068,-99754.7,7290.77,390.064,10.0938
0.11409,0,0,15.9918,0.707885,-116577,-6239.01,455.843,66.2114,-99773.3,7289.77,390.137,10.0977
0.1141,0,0,15.9918,0.708045,-116561,-6240.18,455.781,66.216,-99791.9,7288.78,390.21,10.1016
0.11411,0,0,15.9918,0.708205,-116545,-6241.34,455.718,66.2205,-99810.6,7287.78,390.283,10.1055
0.11412,0,0,15.9918,0.708365,-116529,-6242.51,455.656,66.2251,-99829.2,7286.78,390.356,10.1094
0.11413,0,0,15.9918,0.708525,-116513,-6243.67,455.594,66.2296,-99847.8,7285.78,390.429,10.1133
0.11414,0,0,15.9918,0.708685,-116497,-6244.84,455.531,66.2342,-99866.5,7284.78,390.501,10.1172
0.11415,0,0,15.9918,0.708844,-116481,-6246,455.469,66.2387,-99885.1,7283.79,390.574,10.1211
0.11416,0,0,15.9918,0.709004,-116465,-6247.17,455.406,66.2433,-99903.7,7282.79,390.647,10.125
0.11417,0,0,15.9918,0.709164,-116449,-6248.33,455.344,66.2478,-99922.3,7281.79,390.72,10.129
0.11418,0,0,15.9918,0.709324,-116433,-6249.5,455.281,66.2524,-99941,7280.79,390.793,10.1329
0.11419,0,0,15.9918,0.709484,-116417,-6250.66,455.219,66.257,-99959.6,7279.79,390.865,10.1368
0.1142,0,0,15.9918,0.709644,-116401,-6251.82,455.156,66.2615,-99978.2,7278.79,390.938,10.1407
0.11421,0,0,15.9918,0.709804,-116385,-6252.99,455.094,66.2661,-99996.8,7277.79,391.011,10.1446
0.11422,0,0,15.9918,0.709964,-116369,-6254.15,455.031,66.2706,-100015,7276.79,391.084,10.1485
0.11423,0,0,15.9918,0.710124,-116353,-6255.31,454.969,66.2752,-100034,7275.79,391.157,10.1524
0.11424,0,0,15.9918,0.710284,-116337,-6256.48,454.906,66.2797,-100053,7274.79,391.229,10.1563
0.11425,0,0,15.9918,0.710443,-116321,-6257.64,454.844,66.2842,-100071,7273.79,391.302,10.1602
0.11426,0,0,15.9918,0.710603,-116305,-6258.8,454.781,66.2888,-100090,7272.79,391.375,10.1641
0.11427,0,0,15.9918,0.710763,-116289,-6259.97,454.719,66.2933,-100108,7271.79,391.447,10.1681
0.11428,0,0,15.9918,0.710923,-116273,-6261.13,454.656,66.2979,-100127,7270.79,391.52,10.172
0.11429,0,0,15.9918,0.711083,-116257,-6262.29,454.593,66.3024,-100146,7269.78,391.593,10.1759
0.1143,0,0,15.9918,0.711243,-116241,-6263.45,454.531,66.307,-100164,7268.78,391.665,10.1798
0.11431,0,0,15.9918,0.711403,-116225,-6264.62,454.468,66.3115,-100183,7267.78,391.738,10.1837
0.11432,0,0,15.9918,0.711563,-116209,-6265.78,454.405,66.3161,-100201,7266.78,391.811,10.1876
0.11433,0,0,15.9918,0.711723,-116193,-6266.94,454.343,66.3206,-100220,7265.78,391.884,10.1916
0.11434,0,0,15.9918,0.711882,-116177,-6268.1,454.28,66.3252,-100238,7264.78,391.956,10.1955
0.11435,0,0,15.9918,0.712042,-116161,-6269.26,454.217,66.3297,-100257,7263.77,392.029,10.1994
0.11436,0,0,15.9918,0.712202,-116145,-6270.42,454.155,66.3342,-100276,7262.77,392.101,10.2033
0.11437,0,0,15.9918,0.712362,-116129,-6271.59,454.092,66.3388,-100294,7261.77,392.174,10.2072
0.11438,0,0,15.9918,0.712522,-116113,-6272.75,454.029,66.3433,-100313,7260.77,392.247,10.2112
0.11439,0,0,15.9918,0.712682,-116097,-6273.91,453.967,66.3479,-100331,7259.76,392.319,10.2151
0.1144,0,0,15.9918,0.712842,-116081,-6275.07,453.904,66.3524,-100350,7258.76,392.392,10.219
0.11441,0,0,15.9918,0.713002,-116065,-6276.23,453.841,66.3569,-100368,7257.76,392.464,10.2229
0.11442,0,0,15.9918,0.713162,-116049,-6277.39,453.778,66.3615,-100387,7256.75,392.537,10.2269
0.11443,0,0,15.9918,0.713322,-116033,-6278.55,453.716,66.366,-100406,7255.75,392.609,10.2308
0.11444,0,0,15.9918,0.713481,-116017,-6279.71,453.653,66.3706,-100424,7254.74,392.682,10.2347
0.11445,0,0,15.9918,0.713641,-116001,-6280.87,453.59,66.3751,-100443,7253.74,392.755,10.2386
0.11446,0,0,15.9918,0.713801,-115985,-6282.03,453.527,66.3796,-100461,7252.74,392.827,10.2426
0.11447,0,0,15.9918,0.713961,-115969,-6283.19,453.464,66.3842,-100480,7251.73,392.9,10.2465
0.11448,0,0,15.9918,0.714121,-115952,-6284.35,453.402,66.3887,-100498,7250.73,392.972,10.2504
0.11449,0,0,15.9918,0.714281,-115936,-6285.51,453.339,66.3932,-100517,7249.72,393.045,10.2544
0.1145,0,0,15.9918,0.714441,-115920,-6286.67,453.276,66.3978,-100535,7248.72,393.117,10.2583
0.11451,0,0,15.9918,0.714601,-115904,-6287.83,453.213,66.4023,-100554,7247.71,393.19,10.2622
0.11452,0,0,15.9918,0.714761,-115888,-6288.98,453.15,66.4068,-100572,7246.71,393.262,10.2661
0.11453,0,0,15.9918,0.714921,-115872,-6290.14,453.087,66.4114,-100591,7245.7,393.334,10.2701
0.11454,0,0,15.9918,0.71508,-115856,-6291.3,453.024,66.4159,-100610,7244.69,393.407,10.274
0.11455,0,0,15.9918,0.71524,-115840,-6292.46,452.961,66.4204,-100628,7243.69,393.479,10.2779
0.11456,0,0,15.9918,0.7154,-115824,-6293.62,452.898,66.4249,-100647,7242.68,393.552,10.2819
0.11457,0,0,15.9918,0.71556,-115808,-6294.78,452.836,66.4295,-100665,7241.67,393.624,10.2858
0.11458,0,0,15.9918,0.71572,-115792,-6295.93,452.773,66.434,-100684,7240.67,393.697,10.2898
0.11459,0,0,15.9918,0.71588,-115776,-6297.09,452.71,66.4385,-100702,7239.66,393.769,10.2937
0.1146,0,0,15.9918,0.71604,-115759,-6298.25,452.647,66.4431,-100721,7238.65,393.841,10.2976
0.11461,0,0,15.9918,0.7162,-115743,-6299.41,452.584,66.4476,-100739,7237.65,393.914,10.3016
0.11462,0,0,15.9918,0.71636,-115727,-6300.56,452.521,66.4521,-100758,7236.64,393.986,10.3055
0.11463,0,0,15.9918,0.71652,-115711,-6301.72,452.458,66.4566,-100776,7235.63,394.058,10.3095
0.11464,0,0,15.9918,0.716679,-115695,-6302.88,452.395,66.4612,-100795,7234.63,394.131,10.3134
0.11465,0,0,15.9918,0.716839,-115679,-6304.03,452.332,66.4657,-100813,7233.62,394.203,10.3173
0.11466,0,0,15.9918,0.716999,-115663,-6305.19,452.269,66.4702,-100832,7232.61,394.275,10.3213
0.11467,0,0,15.9918,0.717159,-115647,-6306.35,452.206,66.4747,-100850,7231.6,394.348,10.3252
0.11468,0,0,15.9918,0.717319,-115631,-6307.5,452.143,66.4792,-100869,7230.59,394.42,10.3292
0.11469,0,0,15.9918,0.717479,-115614,-6308.66,452.079,66.4838,-100887,7229.58,394.492,10.3331
0.1147,0,0,15.9918,0.717639,-115598,-6309.82,452.016,66.4883,-100906,7228.57,394.565,10.3371
0.11471,0,0,15.9918,0.717799,-115582,-6310.97,451.953,66.4928,-100924,7227.57,394.637,10.341
0.11472,0,0,15.9918,0.717959,-115566,-6312.13,451.89,66.4973,-100943,7226.56,394.709,10.3449
0.11473,0,0,15.9918,0.718118,-115550,-6313.28,451.827,66.5018,-100961,7225.55,394.781,10.3489
0.11474,0,0,15.9918,0.718278,-115534,-6314.44,451.764,66.5064,-100980,7224.54,394.854,10.3528
0.11475,0,0,15.9918,0.718438,-115518,-6315.59,451.701,66.5109,-100998,7223.53,394.926,10.3568
0.11476,0,0,15.9918,0.718598,-115501,-6316.75,451.638,66.5154,-101016,7222.52,394.998,10.3607
0.11477,0,0,15.9918,0.718758,-115485,-6317.9,451.574,66.5199,-101035,7221.51,395.07,10.3647
0.11478,0,0,15.9918,0.718918,-115469,-6319.06,451.511,66.5244,-101053,7220.5,395.142,10.3686
0.11479,0,0,15.9918,0.719078,-115453,-6320.21,451.448,66.5289,-101072,7219.49,395.215,10.3726
0.1148,0,0,15.9918,0.719238,-115437,-6321.37,451.385,66.5335,-101090,7218.48,395.287,10.3765
0.11481,0,0,15.9918,0.719398,-115421,-6322.52,451.322,66.538,-101109,7217.47,395.359,10.3805
0.11482,0,0,15.9918,0.719558,-115404,-6323.67,451.258,66.5425,-101127,7216.45,395.431,10.3845
0.11483,0,0,15.9918,0.719718,-115388,-6324.83,451.195,66.547,-101146,7215.44,395.503,10.3884
0.11484,0,0,15.9918,0.719877,-115372,-6325.98,451.132,66.5515,-101164,7214.43,395.575,10.3924
0.11485,0,0,15.9918,0.720037,-115356,-6327.13,451.069,66.556,-101183,7213.42,395.648,10.3963
0.11486,0,0,15.9918,0.720197,-115340,-6328.29,451.005,66.5605,-101201,7212.41,395.72,10.4003
0.11487,0,0,15.9918,0.720357,-115324,-6329.44,450.942,66.565,-101219,7211.4,395.792,10.4042
0.11488,0,0,15.9918,0.720517,-115307,-6330.59,450.879,66.5695,-101238,7210.38,395.864,10.4082
0.11489,0,0,15.9918,0.720677,-115291,-6331.75,450.816,66.5741,-101256,7209.37,395.936,10.4122
0.1149,0,0,15.9918,0.720837,-115275,-6332.9,450.752,66.5786,-101275,7208.36,396.008,10.4161
0.11491,0,0,15.9918,0.720997,-115259,-6334.05,450.689,66.5831,-101293,7207.35,396.08,10.4201
0.11492,0,0,15.9918,0.721157,-115243,-6335.2,450.626,66.5876,-101312,7206.33,396.152,10.424
0.11493,0,0,15.9918,0.721316,-115226,-6336.36,450.562,66.5921,-101330,7205.32,396.224,10.428
0.11494,0,0,15.9918,0.721476,-115210,-6337.51,450.499,66.5966,-101348,7204.31,396.296,10.432
0.11495,0,0,15.9918,0.721636,-115194,-6338.66,450.435,66.6011,-101367,7203.29,396.368,10.4359
0.11496,0,0,15.9918,0.721796,-115178,-6339.81,450.372,66.6056,-101385,7202.28,396.44,10.4399
0.11497,0,0,15.9918,0.721956,-115162,-6340.96,450.309,66.6101,-101404,7201.27,396.512,10.4438
0.11498,0,0,15.9918,0.722116,-115145,-6342.12,450.245,66.6146,-101422,7200.25,396.584,10.4478
0.11499,0,0,15.9918,0.722276,-115129,-6343.27,450.182,66.6191,-101441,7199.24,396.656,10.4518
0.115,0,0,15.9918,0.722436,-115113,-6344.42,450.118,66.6236,-101459,7198.22,396.728,10.4557
0.11501,0,0,15.9918,0.722596,-115097,-6345.57,450.055,66.6281,-101477,7197.21,396.8,10.4597
0.11502,0,0,15.9918,0.722756,-115080,-6346.72,449.992,66.6326,-101496,7196.19,396.872,10.4637
0.11503,0,0,15.9918,0.722915,-115064,-6347.87,449.928,66.6371,-101514,7195.18,396.944,10.4677
0.11504,0,0,15.9918,0.723075,-115048,-6349.02,449.865,66.6416,-101533,7194.16,397.016,10.4716
0.11505,0,0,15.9918,0.723235,-115032,-6350.17,449.801,66.6461,-101551,7193.15,397.088,10.4756
0.11506,0,0,15.9918,0.723395,-115015,-6351.32,449.738,66.6506,-101569,7192.13,397.16,10.4796
0.11507,0,0,15.9918,0.723555,-114999,-6352.47,449.674,66.6551,-101588,7191.12,397.232,10.4835
0.11508,0,0,15.9918,0.723715,-114983,-6353.62,449.611,66.6596,-101606,7190.1,397.304,10.4875
0.11509,0,0,15.9918,0.723875,-114967,-6354.77,449.547,66.6641,-101624,7189.09,397.376,10.4915
0.1151,0,0,15.9918,0.724035,-114951,-6355.92,449.484,66.6686,-101643,7188.07,397.448,10.4955
0.11511,0,0,15.9918,0.724195,-114934,-6357.07,449.42,66.6731,-101661,7187.05,397.519,10.4994
0.11512,0,0,15.9918,0.724355,-114918,-6358.22,449.356,66.6776,-101680,7186.04,397.591,10.5034
0.11513,0,0,15.9918,0.724514,-114902,-6359.37,449.293,66.6821,-101698,7185.02,397.663,10.5074
0.115139,0,0,15.9918,0.724674,-114885,-6360.52,449.229,66.6866,-101716,7184,397.735,10.5114
0.115149,0,0,15.9918,0.724834,-114869,-6361.66,449.166,66.6911,-101735,7182.99,397.807,10.5153
0.115159,0,0,15.9918,0.724994,-114853,-6362.81,449.102,66.6956,-101753,7181.97,397.879,10.5193
0.115169,0,0,15.9918,0.725154,-114837,-6363.96,449.038,66.7001,-101771,7180.95,397.95,10.5233
0.115179,0,0,15.9918,0.725314,-114820,-6365.11,448.975,66.7045,-101790,7179.93,398.022,10.5273
0.115189,0,0,15.9918,0.725474,-114804,-6366.26,448.911,66.709,-101808,7178.92,398.094,10.5313
0.115199,0,0,15.9918,0.725634,-114788,-6367.4,448.847,66.7135,-101827,7177.9,398.166,10.5352
0.115209,0,0,15.9918,0.725794,-114772,-6368.55,448.784,66.718,-101845,7176.88,398.238,10.5392
0.115219,0,0,15.9918,0.725953,-114755,-6369.7,448.72,66.7225,-101863,7175.86,398.309,10.5432
0.115229,0,0,15.9918,0.726113,-114739,-6370.85,448.656,66.727,-101882,7174.84,398.381,10.5472
0.115239,0,0,15.9918,0.726273,-114723,-6371.99,448.593,66.7315,-101900,7173.82,398.453,10.5512
0.115249,0,0,15.9918,0.726433,-114706,-6373.14,448.529,66.7359,-101918,7172.81,398.524,10.5552
0.115259,0,0,15.9918,0.726593,-114690,-6374.29,448.465,66.7404,-101937,7171.79,398.596,10.5591
0.115269,0,0,15.9918,0.726753,-114674,-6375.43,448.402,66.7449,-101955,7170.77,398.668,10.5631
0.115279,0,0,15.9918,0.726913,-114657,-6376.58,448.338,66.7494,-101973,7169.75,398.74,10.5671
0.115289,0,0,15.9918,0.727073,-114641,-6377.73,448.274,66.7539,-101992,7168.73,398.811,10.5711
0.115299,0,0,15.9918,0.727233,-114625,-6378.87,448.21,66.7584,-102010,7167.71,398.883,10.5751
0.115309,0,0,15.9918,0.727393,-114609,-6380.02,448.146,66.7629,-102028,7166.69,398.955,10.5791
0.115319,0,0,15.9918,0.727552,-114592,-6381.17,448.083,66.7673,-102047,7165.67,399.026,10.5831
0.115329,0,0,15.9918,0.727712,-114576,-6382.31,448.019,66.7718,-102065,7164.65,399.098,10.5871
0.115339,0,0,15.9918,0.727872,-114560,-6383.46,447.955,66.7763,-102083,7163.63,399.17,10.591
0.115349,0,0,15.9918,0.728032,-114543,-6384.6,447.891,66.7808,-102102,7162.61,399.241,10.595
0.115359,0,0,15.9918,0.728192,-114527,-6385.75,447.827,66.7852,-102120,7161.58,399.313,10.599
0.115369,0,0,15.9918,0.728352,-114511,-6386.89,447.763,66.7897,-102138,7160.56,399.384,10.603
0.115379,0,0,15.9918,0.728512,-114494,-6388.04,447.7,66.7942,-102156,7159.54,399.456,10.607
0.115389,0,0,15.9918,0.728672,-114478,-6389.18,447.636,66.7987,-102175,7158.52,399.528,10.611
0.115399,0,0,15.9918,0.728832,-114462,-6390.33,447.572,66.8032,-102193,7157.5,399.599,10.615
0.115409,0,0,15.9918,0.728992,-114445,-6391.47,447.508,66.8076,-102211,7156.48,399.671,10.619
0.115419,0,0,15.9918,0.729151,-114429,-6392.62,447.444,66.8121,-102230,7155.45,399.742,10.623
0.115429,0,0,15.9918,0.729311,-114413,-6393.76,447.38,66.8166,-102248,7154.43,399.814,10.627
0.115439,0,0,15.9918,0.729471,-114396,-6394.9,447.316,66.8211,-102266,7153.41,399.885,10.631
0.115449,0,0,15.9918,0.729631,-114380,-6396.05,447.252,66.8255,-102285,7152.39,399.957,10.635
0.115459,0,0,15.9918,0.729791,-114364,-6397.19,447.188,66.83,-102303,7151.37,400.028,10.639
0.115469,0,0,15.9918,0.729951,-114347,-6398.33,447.124,66.8345,-102321,7150.34,400.1,10.643
0.115479,0,0,15.9918,0.730111,-114331,-6399.48,447.06,66.8389,-102339,7149.32,400.171,10.647
0.115489,0,0,15.9918,0.730271,-114314,-6400.62,446.996,66.8434,-102358,7148.3,400.243,10.651
0.115499,0,0,15.9918,0.730431,-114298,-6401.76,446.932,66.8479,-102376,7147.27,400.314,10.655
0.115509,0,0,15.9918,0.73059,-114282,-6402.91,446.868,66.8524,-102394,7146.25,400.386,10.659
0.115519,0,0,15.9918,0.73075,-114265,-6404.05,446.804,66.8568,-102413,7145.22,400.457,10.663
0.115529,0,0,15.9918,0.73091,-114249,-6405.19,446.74,66.8613,-102431,7144.2,400.529,10.667
0.115539,0,0,15.9918,0.73107,-114233,-6406.33,446.676,66.8658,-102449,7143.18,400.6,10.671
0.115549,0,0,15.9918,0.73123,-114216,-6407.48,446.612,66.8702,-102467,7142.15,400.671,10.675
0.115559,0,0,15.9918,0.73139,-114200,-6408.62,446.548,66.8747,-102486,7141.13,400.743,10.679
0.115569,0,0,15.9918,0.73155,-114183,-6409.76,446.484,66.8792,-102504,7140.1,400.814,10.683
0.115579,0,0,15.9918,0.73171,-114167,-6410.9,446.42,66.8836,-102522,7139.08,400.886,10.6871
0.115589,0,0,15.9918,0.73187,-114151,-6412.04,446.356,66.8881,-102540,7138.05,400.957,10.6911
0.115599,0,0,15.9918,0.73203,-114134,-6413.18,446.292,66.8925,-102559,7137.03,401.028,10.6951
0.115609,0,0,15.9918,0.732189,-114118,-6414.32,446.228,66.897,-102577,7136,401.1,10.6991
0.115619,0,0,15.9918,0.732349,-114101,-6415.47,446.163,66.9015,-102595,7134.98,401.171,10.7031
0.115629,0,0,15.9918,0.732509,-114085,-6416.61,446.099,66.9059,-102613,7133.95,401.242,10.7071
0.115639,0,0,15.9918,0.732669,-114069,-6417.75,446.035,66.9104,-102632,7132.92,401.314,10.7111
0.115649,0,0,15.9918,0.732829,-114052,-6418.89,445.971,66.9149,-102650,7131.9,401.385,10.7151
0.115659,0,0,15.9918,0.732989,-114036,-6420.03,445.907,66.9193,-102668,7130.87,401.456,10.7191
0.115669,0,0,15.9918,0.733149,-114019,-6421.17,445.842,66.9238,-102686,7129.84,401.528,10.7232
0.115679,0,0,15.9918,0.733309,-114003,-6422.31,445.778,66.9282,-102705,7128.82,401.599,10.7272
0.115689,0,0,15.9918,0.733469,-113987,-6423.45,445.714,66.9327,-102723,7127.79,401.67,10.7312
0.115699,0,0,15.9918,0.733629,-113970,-6424.59,445.65,66.9371,-102741,7126.76,401.741,10.7352
0.115709,0,0,15.9918,0.733788,-113954,-6425.73,445.586,66.9416,-102759,7125.74,401.813,10.7392
0.115719,0,0,15.9918,0.733948,-113937,-6426.87,445.521,66.9461,-102777,7124.71,401.884,10.7432
0.115729,0,0,15.9918,0.734108,-113921,-6428,445.457,66.9505,-102796,7123.68,401.955,10.7473
0.115739,0,0,15.9918,0.734268,-113904,-6429.14,445.393,66.955,-102814,7122.65,402.026,10.7513
0.115749,0,0,15.9918,0.734428,-113888,-6430.28,445.329,66.9594,-102832,7121.62,402.098,10.7553
0.115759,0,0,15.9918,0.734588,-113871,-6431.42,445.264,66.9639,-102850,7120.6,402.169,10.7593
0.115769,0,0,15.9918,0.734748,-113855,-6432.56,445.2,66.9683,-102868,7119.57,402.24,10.7633
0.115779,0,0,15.9918,0.734908,-113839,-6433.7,445.136,66.9728,-102887,7118.54,402.311,10.7674
0.115789,0,0,15.9918,0.735068,-113822,-6434.84,445.071,66.9772,-102905,7117.51,402.382,10.7714
0.115799,0,0,15.9918,0.735228,-113806,-6435.97,445.007,66.9817,-102923,7116.48,402.454,10.7754
0.115809,0,0,15.9918,0.735387,-113789,-6437.11,444.943,66.9861,-102941,7115.45,402.525,10.7794
0.115819,0,0,15.9918,0.735547,-113773,-6438.25,444.878,66.9906,-102959,7114.42,402.596,10.7835
0.115829,0,0,15.9918,0.735707,-113756,-6439.39,444.814,66.995,-102978,7113.39,402.667,10.7875
0.115839,0,0,15.9918,0.735867,-113740,-6440.52,444.749,66.9995,-102996,7112.36,402.738,10.7915
0.115849,0,0,15.9918,0.736027,-113723,-6441.66,444.685,67.0039,-103014,7111.33,402.809,10.7956
0.115859,0,0,15.9918,0.736187,-113707,-6442.8,444.621,67.0084,-103032,7110.3,402.88,10.7996
0.115869,0,0,15.9918,0.736347,-113690,-6443.94,444.556,67.0128,-103050,7109.27,402.951,10.8036
0.115879,0,0,15.9918,0.736507,-113674,-6445.07,444.492,67.0173,-103069,7108.24,403.022,10.8076
0.115889,0,0,15.9918,0.736667,-113657,-6446.21,444.427,67.0217,-103087,7107.21,403.094,10.8117
0.115899,0,0,15.9918,0.736826,-113641,-6447.35,444.363,67.0262,-103105,7106.18,403.165,10.8157
0.115909,0,0,15.9918,0.736986,-113624,-6448.48,444.298,67.0306,-103123,7105.15,403.236,10.8197
0.115919,0,0,15.9918,0.737146,-113608,-6449.62,444.234,67.035,-103141,7104.12,403.307,10.8238
0.115929,0,0,15.9918,0.737306,-113591,-6450.75,444.169,67.0395,-103159,7103.09,403.378,10.8278
0.115939,0,0,15.9918,0.737466,-113575,-6451.89,444.105,67.0439,-103178,7102.06,403.449,10.8318
0.115949,0,0,15.9918,0.737626,-113558,-6453.02,444.04,67.0484,-103196,7101.02,403.52,10.8359
0.115959,0,0,15.9918,0.737786,-113542,-6454.16,443.976,67.0528,-103214,7099.99,403.591,10.8399
0.115969,0,0,15.9918,0.737946,-113525,-6455.3,443.911,67.0572,-103232,7098.96,403.662,10.8439
0.115979,0,0,15.9918,0.738106,-113509,-6456.43,443.847,67.0617,-103250,7097.93,403.733,10.848
0.115989,0,0,15.9918,0.738266,-113492,-6457.56,443.782,67.0661,-103268,7096.9,403.804,10.852
0.115999,0,0,15.9918,0.738425,-113476,-6458.7,443.718,67.0706,-103287,7095.86,403.875,10.8561
0.116009,0,0,15.9918,0.738585,-113459,-6459.83,443.653,67.075,-103305,7094.83,403.946,10.8601
0.116019,0,0,15.9918,0.738745,-113443,-6460.97,443.588,67.0794,-103323,7093.8,404.016,10.8641
0.116029,0,0,15.9918,0.738905,-113426,-6462.1,443.524,67.0839,-103341,7092.76,404.087,10.8682
0.116039,0,0,15.9918,0.739065,-113410,-6463.24,443.459,67.0883,-103359,7091.73,404.158,10.8722
0.116049,0,0,15.9918,0.739225,-113393,-6464.37,443.395,67.0927,-103377,7090.7,404.229,10.8763
0.116059,0,0,15.9918,0.739385,-113377,-6465.5,443.33,67.0972,-103395,7089.66,404.3,10.8803
0.116069,0,0,15.9918,0.739545,-113360,-6466.64,443.265,67.1016,-103413,7088.63,404.371,10.8843
0.116079,0,0,15.9918,0.739705,-113344,-6467.77,443.201,67.106,-103432,7087.6,404.442,10.8884
0.116089,0,0,15.9918,0.739865,-113327,-6468.9,443.136,67.1105,-103450,7086.56,404.513,10.8924
0.116099,0,0,15.9918,0.740024,-113311,-6470.04,443.071,67.1149,-103468,7085.53,404.584,10.8965
0.116109,0,0,15.9918,0.740184,-113294,-6471.17,443.007,67.1193,-103486,7084.49,404.654,10.9005
0.116119,0,0,15.9918,0.740344,-113278,-6472.3,442.942,67.1238,-103504,7083.46,404.725,10.9046
0.116129,0,0,15.9918,0.740504,-113261,-6473.44,442.877,67.1282,-103522,7082.42,404.796,10.9086
0.116139,0,0,15.9918,0.740664,-113244,-6474.57,442.812,67.1326,-103540,7081.39,404.867,10.9127
0.116149,0,0,15.9918,0.740824,-113228,-6475.7,442.748,67.137,-103558,7080.35,404.938,10.9167
0.116159,0,0,15.9918,0.740984,-113211,-6476.83,442.683,67.1415,-103576,7079.32,405.008,10.9208
0.116169,0,0,15.9918,0.741144,-113195,-6477.96,442.618,67.1459,-103595,7078.28,405.079,10.9248
0.116179,0,0,15.9918,0.741304,-113178,-6479.1,442.553,67.1503,-103613,7077.24,405.15,10.9289
0.116189,0,0,15.9918,0.741464,-113162,-6480.23,442.489,67.1547,-103631,7076.21,405.221,10.9329
0.116199,0,0,15.9918,0.741623,-113145,-6481.36,442.424,67.1592,-103649,7075.17,405.292,10.937
0.116209,0,0,15.9918,0.741783,-113128,-6482.49,442.359,67.1636,-103667,7074.14,405.362,10.941
0.116219,0,0,15.9918,0.741943,-113112,-6483.62,442.294,67.168,-103685,7073.1,405.433,10.9451
0.116229,0,0,15.9918,0.742103,-113095,-6484.75,442.229,67.1724,-103703,7072.06,405.504,10.9491
0.116239,0,0,15.9918,0.742263,-113079,-6485.88,442.164,67.1769,-103721,7071.02,405.574,10.9532
0.116249,0,0,15.9918,0.742423,-113062,-6487.01,442.1,67.1813,-103739,7069.99,405.645,10.9572
0.116259,0,0,15.9918,0.742583,-113046,-6488.14,442.035,67.1857,-103757,7068.95,405.716,10.9613
0.116269,0,0,15.9918,0.742743,-113029,-6489.27,441.97,67.1901,-103775,7067.91,405.786,10.9654
0.116279,0,0,15.9918,0.742903,-113012,-6490.4,441.905,67.1945,-103794,7066.88,405.857,10.9694
0.116289,0,0,15.9918,0.743062,-112996,-6491.53,441.84,67.199,-103812,7065.84,405.928,10.9735
0.116299,0,0,15.9918,0.743222,-112979,-6492.66,441.775,67.2034,-103830,7064.8,405.998,10.9775
0.116309,0,0,15.9918,0.743382,-112963,-6493.79,441.71,67.2078,-103848,7063.76,406.069,10.9816
0.116319,0,0,15.9918,0.743542,-112946,-6494.92,441.645,67.2122,-103866,7062.72,406.14,10.9857
0.116329,0,0,15.9918,0.743702,-112929,-6496.05,441.58,67.2166,-103884,7061.68,406.21,10.9897
0.116339,0,0,15.9918,0.743862,-112913,-6497.18,441.515,67.221,-103902,7060.65,406.281,10.9938
0.116349,0,0,15.9918,0.744022,-112896,-6498.31,441.45,67.2255,-103920,7059.61,406.351,10.9978
0.116359,0,0,15.9918,0.744182,-112880,-6499.44,441.385,67.2299,-103938,7058.57,406.422,11.0019
0.116369,0,0,15.9918,0.744342,-112863,-6500.57,441.32,67.2343,-103956,7057.53,406.493,11.006
0.116379,0,0,15.9918,0.744502,-112846,-6501.7,441.255,67.2387,-103974,7056.49,406.563,11.01
0.116389,0,0,15.9918,0.744661,-112830,-6502.82,441.19,67.2431,-103992,7055.45,406.634,11.0141
0.116399,0,0,15.9918,0.744821,-112813,-6503.95,441.125,67.2475,-104010,7054.41,406.704,11.0182
0.116409,0,0,15.9918,0.744981,-112796,-6505.08,441.06,67.2519,-104028,7053.37,406.775,11.0222
0.116419,0,0,15.9918,0.745141,-112780,-6506.21,440.995,67.2563,-104046,7052.33,406.845,11.0263
0.116429,0,0,15.9918,0.745301,-112763,-6507.33,440.93,67.2607,-104064,7051.29,406.916,11.0304
0.116439,0,0,15.9918,0.745461,-112746,-6508.46,440.865,67.2652,-104082,7050.25,406.986,11.0344
0.116449,0,0,15.9918,0.745621,-112730,-6509.59,440.8,67.2696,-104100,7049.21,407.057,11.0385
0.116459,0,0,15.9918,0.745781,-112713,-6510.72,440.735,67.274,-104118,7048.17,407.127,11.0426
0.116469,0,0,15.9918,0.745941,-112697,-6511.84,440.67,67.2784,-104136,7047.12,407.198,11.0467
0.116479,0,0,15.9918,0.746101,-112680,-6512.97,440.605,67.2828,-104154,7046.08,407.268,11.0507
0.116489,0,0,15.9918,0.74626,-112663,-6514.1,440.54,67.2872,-104172,7045.04,407.339,11.0548
0.116499,0,0,15.9918,0.74642,-112647,-6515.22,440.475,67.2916,-104190,7044,407.409,11.0589
0.116509,0,0,15.9918,0.74658,-112630,-6516.35,440.409,67.296,-104208,7042.96,407.48,11.0629
0.116519,0,0,15.9918,0.74674,-112613,-6517.48,440.344,67.3004,-104226,7041.92,407.55,11.067
0.116529,0,0,15.9918,0.7469,-112597,-6518.6,440.279,67.3048,-104244,7040.87,407.62,11.0711
0.116539,0,0,15.9918,0.74706,-112580,-6519.73,440.214,67.3092,-104262,7039.83,407.691,11.0752
0.116549,0,0,15.9918,0.74722,-112563,-6520.85,440.149,67.3136,-104280,7038.79,407.761,11.0793
0.116559,0,0,15.9918,0.74738,-112547,-6521.98,440.083,67.318,-104298,7037.75,407.832,11.0833
0.116569,0,0,15.9918,0.74754,-112530,-6523.1,440.018,67.3224,-104316,7036.7,407.902,11.0874
0.116579,0,0,15.9918,0.747699,-112513,-6524.23,439.953,67.3268,-104334,7035.66,407.972,11.0915
0.116589,0,0,15.9918,0.747859,-112496,-6525.35,439.888,67.3312,-104352,7034.62,408.043,11.0956
0.116599,0,0,15.9918,0.748019,-112480,-6526.48,439.823,67.3356,-104370,7033.57,408.113,11.0997
0.116609,0,0,15.9918,0.748179,-112463,-6527.6,439.757,67.34,-104388,7032.53,408.183,11.1037
0.116619,0,0,15.9918,0.748339,-112446,-6528.73,439.692,67.3444,-104406,7031.49,408.254,11.1078
0.116629,0,0,15.9918,0.748499,-112430,-6529.85,439.627,67.3488,-104424,7030.44,408.324,11.1119
0.116639,0,0,15.9918,0.748659,-112413,-6530.98,439.561,67.3532,-104442,7029.4,408.394,11.116
0.116649,0,0,15.9918,0.748819,-112396,-6532.1,439.496,67.3576,-104460,7028.35,408.464,11.1201
0.116659,0,0,15.9918,0.748979,-112380,-6533.22,439.431,67.362,-104478,7027.31,408.535,11.1241
0.116669,0,0,15.9918,0.749139,-112363,-6534.35,439.365,67.3664,-104496,7026.26,408.605,11.1282
0.116679,0,0,15.9918,0.749298,-112346,-6535.47,439.3,67.3708,-104514,7025.22,408.675,11.1323
0.116689,0,0,15.9918,0.749458,-112329,-6536.59,439.235,67.3752,-104532,7024.17,408.745,11.1364
0.116699,0,0,15.9918,0.749618,-112313,-6537.72,439.169,67.3796,-104550,7023.13,408.816,11.1405
0.116709,0,0,15.9918,0.749778,-112296,-6538.84,439.104,67.384,-104568,7022.08,408.886,11.1446
0.116719,0,0,15.9918,0.749938,-112279,-6539.96,439.039,67.3884,-104586,7021.04,408.956,11.1487
0.116729,0,0,15.9918,0.750098,-112263,-6541.08,438.973,67.3927,-104604,7019.99,409.026,11.1528
0.116739,0,0,15.9918,0.750258,-112246,-6542.21,438.908,67.3971,-104622,7018.95,409.096,11.1569
0.116749,0,0,15.9918,0.750418,-112229,-6543.33,438.842,67.4015,-104640,7017.9,409.167,11.1609
0.116759,0,0,15.9918,0.750578,-112212,-6544.45,438.777,67.4059,-104658,7016.85,409.237,11.165
0.116769,0,0,15.9918,0.750738,-112196,-6545.57,438.712,67.4103,-104676,7015.81,409.307,11.1691
0.116779,0,0,15.9918,0.750897,-112179,-6546.69,438.646,67.4147,-104694,7014.76,409.377,11.1732
0.116789,0,0,15.9918,0.751057,-112162,-6547.82,438.581,67.4191,-104712,7013.71,409.447,11.1773
0.116799,0,0,15.9918,0.751217,-112145,-6548.94,438.515,67.4234,-104730,7012.67,409.517,11.1814
0.116809,0,0,15.9918,0.751377,-112129,-6550.06,438.45,67.4278,-104748,7011.62,409.587,11.1855
0.116819,0,0,15.9918,0.751537,-112112,-6551.18,438.384,67.4322,-104765,7010.57,409.658,11.1896
0.116829,0,0,15.9918,0.751697,-112095,-6552.3,438.319,67.4366,-104783,7009.52,409.728,11.1937
0.116839,0,0,15.9918,0.751857,-112078,-6553.42,438.253,67.441,-104801,7008.48,409.798,11.1978
0.116849,0,0,15.9918,0.752017,-112062,-6554.54,438.188,67.4454,-104819,7007.43,409.868,11.2019
0.116859,0,0,15.9918,0.752177,-112045,-6555.66,438.122,67.4497,-104837,7006.38,409.938,11.206
0.116869,0,0,15.9918,0.752337,-112028,-6556.78,438.057,67.4541,-104855,7005.33,410.008,11.2101
0.116879,0,0,15.9918,0.752496,-112011,-6557.9,437.991,67.4585,-104873,7004.28,410.078,11.2142
0.116889,0,0,15.9918,0.752656,-111995,-6559.02,437.925,67.4629,-104891,7003.23,410.148,11.2183
0.116899,0,0,15.9918,0.752816,-111978,-6560.14,437.86,67.4673,-104909,7002.19,410.218,11.2224
0.116909,0,0,15.9918,0.752976,-111961,-6561.26,437.794,67.4716,-104927,7001.14,410.288,11.2265
0.116919,0,0,15.9918,0.753136,-111944,-6562.38,437.729,67.476,-104945,7000.09,410.358,11.2306
0.116929,0,0,15.9918,0.753296,-111928,-6563.5,437.663,67.4804,-104962,6999.04,410.428,11.2347
0.116939,0,0,15.9918,0.753456,-111911,-6564.62,437.597,67.4848,-104980,6997.99,410.498,11.2388
0.116949,0,0,15.9918,0.753616,-111894,-6565.74,437.532,67.4892,-104998,6996.94,410.568,11.2429
0.116959,0,0,15.9918,0.753776,-111877,-6566.86,437.466,67.4935,-105016,6995.89,410.638,11.247
0.116969,0,0,15.9918,0.753936,-111860,-6567.98,437.4,67.4979,-105034,6994.84,410.708,11.2511
0.116979,0,0,15.9918,0.754095,-111844,-6569.09,437.335,67.5023,-105052,6993.79,410.778,11.2552
0.116989,0,0,15.9918,0.754255,-111827,-6570.21,437.269,67.5066,-105070,6992.74,410.848,11.2593
0.116999,0,0,15.9918,0.754415,-111810,-6571.33,437.203,67.511,-105088,6991.69,410.918,11.2635
0.117009,0,0,15.9918,0.754575,-111793,-6572.45,437.138,67.5154,-105106,6990.64,410.987,11.2676
0.117019,0,0,15.9918,0.754735,-111776,-6573.57,437.072,67.5198,-105123,6989.59,411.057,11.2717
0.117029,0,0,15.9918,0.754895,-111760,-6574.68,437.006,67.5241,-105141,6988.53,411.127,11.2758
0.117039,0,0,15.9918,0.755055,-111743,-6575.8,436.94,67.5285,-105159,6987.48,411.197,11.2799
0.117049,0,0,15.9918,0.755215,-111726,-6576.92,436.875,67.5329,-105177,6986.43,411.267,11.284
0.117059,0,0,15.9918,0.755375,-111709,-6578.03,436.809,67.5372,-105195,6985.38,411.337,11.2881
0.117069,0,0,15.9918,0.755534,-111692,-6579.15,436.743,67.5416,-105213,6984.33,411.407,11.2922
0.117079,0,0,15.9918,0.755694,-111675,-6580.27,436.677,67.546,-105231,6983.27,411.477,11.2964
0.117089,0,0,15.9918,0.755854,-111659,-6581.38,436.612,67.5503,-105248,6982.22,411.546,11.3005
0.117099,0,0,15.9918,0.756014,-111642,-6582.5,436.546,67.5547,-105266,6981.17,411.616,11.3046
0.117109,0,0,15.9918,0.756174,-111625,-6583.62,436.48,67.5591,-105284,6980.12,411.686,11.3087
0.117119,0,0,15.9918,0.756334,-111608,-6584.73,436.414,67.5634,-105302,6979.07,411.756,11.3128
0.117129,0,0,15.9918,0.756494,-111591,-6585.85,436.348,67.5678,-105320,6978.01,411.826,11.3169
0.117139,0,0,15.9918,0.756654,-111574,-6586.97,436.282,67.5722,-105338,6976.96,411.895,11.3211
0.117149,0,0,15.9918,0.756814,-111558,-6588.08,436.216,67.5765,-105356,6975.91,411.965,11.3252
0.117159,0,0,15.9918,0.756974,-111541,-6589.2,436.151,67.5809,-105373,6974.85,412.035,11.3293
0.117169,0,0,15.9918,0.757133,-111524,-6590.31,436.085,67.5853,-105391,6973.8,412.105,11.3334
0.117179,0,0,15.9918,0.757293,-111507,-6591.43,436.019,67.5896,-105409,6972.75,412.174,11.3375
0.117189,0,0,15.9918,0.757453,-111490,-6592.54,435.953,67.594,-105427,6971.69,412.244,11.3417
0.117199,0,0,15.9918,0.757613,-111473,-6593.66,435.887,67.5983,-105445,6970.64,412.314,11.3458
0.117209,0,0,15.9918,0.757773,-111456,-6594.77,435.821,67.6027,-105463,6969.58,412.383,11.3499
0.117219,0,0,15.9918,0.757933,-111440,-6595.88,435.755,67.607,-105480,6968.53,412.453,11.354
0.117229,0,0,15.9918,0.758093,-111423,-6597,435.689,67.6114,-105498,6967.47,412.523,11.3582
0.117239,0,0,15.9918,0.758253,-111406,-6598.11,435.623,67.6158,-105516,6966.42,412.592,11.3623
0.117249,0,0,15.9918,0.758413,-111389,-6599.23,435.557,67.6201,-105534,6965.36,412.662,11.3664
0.117259,0,0,15.9918,0.758573,-111372,-6600.34,435.491,67.6245,-105552,6964.31,412.732,11.3705
0.117269,0,0,15.9918,0.758732,-111355,-6601.45,435.425,67.6288,-105569,6963.25,412.801,11.3747
0.117279,0,0,15.9918,0.758892,-111338,-6602.57,435.359,67.6332,-105587,6962.2,412.871,11.3788
0.117289,0,0,15.9918,0.759052,-111321,-6603.68,435.293,67.6375,-105605,6961.14,412.94,11.3829
0.117299,0,0,15.9918,0.759212,-111305,-6604.79,435.227,67.6419,-105623,6960.08,413.01,11.387
0.117309,0,0,15.9918,0.759372,-111288,-6605.91,435.161,67.6462,-105641,6959.03,413.08,11.3912
0.117319,0,0,15.9918,0.759532,-111271,-6607.02,435.095,67.6506,-105658,6957.97,413.149,11.3953
0.117329,0,0,15.9918,0.759692,-111254,-6608.13,435.029,67.6549,-105676,6956.92,413.219,11.3994
0.117339,0,0,15.9918,0.759852,-111237,-6609.24,434.963,67.6593,-105694,6955.86,413.288,11.4036
0.117349,0,0,15.9918,0.760012,-111220,-6610.36,434.897,67.6636,-105712,6954.8,413.358,11.4077
0.117359,0,0,15.9918,0.760172,-111203,-6611.47,434.831,67.668,-105730,6953.75,413.427,11.4118
0.117369,0,0,15.9918,0.760331,-111186,-6612.58,434.765,67.6723,-105747,6952.69,413.497,11.416
0.117379,0,0,15.9918,0.760491,-111169,-6613.69,434.698,67.6767,-105765,6951.63,413.566,11.4201
0.117389,0,0,15.9918,0.760651,-111152,-6614.8,434.632,67.681,-105783,6950.57,413.636,11.4242
0.117399,0,0,15.9918,0.760811,-111136,-6615.91,434.566,67.6854,-105801,6949.52,413.706,11.4284
0.117409,0,0,15.9918,0.760971,-111119,-6617.02,434.5,67.6897,-105818,6948.46,413.775,11.4325
0.117419,0,0,15.9918,0.761131,-111102,-6618.14,434.434,67.6941,-105836,6947.4,413.844,11.4367
0.117429,0,0,15.9918,0.761291,-111085,-6619.25,434.368,67.6984,-105854,6946.34,413.914,11.4408
0.117439,0,0,15.9918,0.761451,-111068,-6620.36,434.302,67.7028,-105872,6945.28,413.983,11.4449
0.117449,0,0,15.9918,0.761611,-111051,-6621.47,434.235,67.7071,-105889,6944.22,414.053,11.4491
0.117459,0,0,15.9918,0.76177,-111034,-6622.58,434.169,67.7114,-105907,6943.16,414.122,11.4532
0.117469,0,0,15.9918,0.76193,-111017,-6623.69,434.103,67.7158,-105925,6942.11,414.192,11.4574
0.117479,0,0,15.9918,0.76209,-111000,-6624.8,434.037,67.7201,-105943,6941.05,414.261,11.4615
0.117489,0,0,15.9918,0.76225,-110983,-6625.91,433.97,67.7245,-105960,6939.99,414.33,11.4656
0.117499,0,0,15.9918,0.76241,-110966,-6627.02,433.904,67.7288,-105978,6938.93,414.4,11.4698
0.117509,0,0,15.9918,0.76257,-110949,-6628.13,433.838,67.7331,-105996,6937.87,414.469,11.4739
0.117519,0,0,15.9918,0.76273,-110932,-6629.24,433.772,67.7375,-106014,6936.81,414.539,11.4781
0.117529,0,0,15.9918,0.76289,-110915,-6630.34,433.705,67.7418,-106031,6935.75,414.608,11.4822
0.117539,0,0,15.9918,0.76305,-110898,-6631.45,433.639,67.7462,-106049,6934.69,414.677,11.4864
0.117549,0,0,15.9918,0.76321,-110881,-6632.56,433.573,67.7505,-106067,6933.63,414.747,11.4905
0.117559,0,0,15.9918,0.763369,-110865,-6633.67,433.506,67.7548,-106085,6932.57,414.816,11.4947
0.117569,0,0,15.9918,0.763529,-110848,-6634.78,433.44,67.7592,-106102,6931.51,414.885,11.4988
0.117579,0,0,15.9918,0.763689,-110831,-6635.89,433.374,67.7635,-106120,6930.44,414.954,11.503
0.117589,0,0,15.9918,0.763849,-110814,-6637,433.307,67.7678,-106138,6929.38,415.024,11.5071
0.117599,0,0,15.9918,0.764009,-110797,-6638.1,433.241,67.7722,-106156,6928.32,415.093,11.5113
0.117609,0,0,15.9918,0.764169,-110780,-6639.21,433.175,67.7765,-106173,6927.26,415.162,11.5154
0.117619,0,0,15.9918,0.764329,-110763,-6640.32,433.108,67.7808,-106191,6926.2,415.232,11.5196
0.117629,0,0,15.9918,0.764489,-110746,-6641.43,433.042,67.7852,-106209,6925.14,415.301,11.5237
0.117639,0,0,15.9918,0.764649,-110729,-6642.53,432.975,67.7895,-106226,6924.08,415.37,11.5279
0.117649,0,0,15.9918,0.764809,-110712,-6643.64,432.909,67.7938,-106244,6923.01,415.439,11.532
0.117659,0,0,15.9918,0.764968,-110695,-6644.75,432.843,67.7981,-106262,6921.95,415.509,11.5362
0.117669,0,0,15.9918,0.765128,-110678,-6645.85,432.776,67.8025,-106279,6920.89,415.578,11.5403
0.117679,0,0,15.9918,0.765288,-110661,-6646.96,432.71,67.8068,-106297,6919.82,415.647,11.5445
0.117689,0,0,15.9918,0.765448,-110644,-6648.07,432.643,67.8111,-106315,6918.76,415.716,11.5486
0.117699,0,0,15.9918,0.765608,-110627,-6649.17,432.577,67.8154,-106333,6917.7,415.785,11.5528
0.117709,0,0,15.9918,0.765768,-110610,-6650.28,432.51,67.8198,-106350,6916.64,415.854,11.557
0.117719,0,0,15.9918,0.765928,-110593,-6651.39,432.444,67.8241,-106368,6915.57,415.924,11.5611
0.117729,0,0,15.9918,0.766088,-110576,-6652.49,432.377,67.8284,-106386,6914.51,415.993,11.5653
0.117739,0,0,15.9918,0.766248,-110559,-6653.6,432.311,67.8327,-106403,6913.44,416.062,11.5694
0.117749,0,0,15.9918,0.766407,-110542,-6654.7,432.244,67.8371,-106421,6912.38,416.131,11.5736
0.117759,0,0,15.9918,0.766567,-110525,-6655.81,432.178,67.8414,-106439,6911.32,416.2,11.5778
0.117769,0,0,15.9918,0.766727,-110508,-6656.91,432.111,67.8457,-106456,6910.25,416.269,11.5819
0.117779,0,0,15.9918,0.766887,-110491,-6658.02,432.044,67.85,-106474,6909.19,416.338,11.5861
0.117789,0,0,15.9918,0.767047,-110474,-6659.12,431.978,67.8544,-106492,6908.12,416.407,11.5903
0.117799,0,0,15.9918,0.767207,-110457,-6660.23,431.911,67.8587,-106509,6907.06,416.476,11.5944
0.117809,0,0,15.9918,0.767367,-110440,-6661.33,431.845,67.863,-106527,6905.99,416.545,11.5986
0.117819,0,0,15.9918,0.767527,-110423,-6662.43,431.778,67.8673,-106545,6904.93,416.615,11.6027
0.117829,0,0,15.9918,0.767687,-110406,-6663.54,431.711,67.8716,-106562,6903.86,416.684,11.6069
0.117839,0,0,15.9918,0.767847,-110388,-6664.64,431.645,67.8759,-106580,6902.8,416.753,11.6111
0.117849,0,0,15.9918,0.768006,-110371,-6665.75,431.578,67.8803,-106598,6901.73,416.822,11.6153
0.117859,0,0,15.9918,0.768166,-110354,-6666.85,431.512,67.8846,-106615,6900.67,416.891,11.6194
0.117869,0,0,15.9918,0.768326,-110337,-6667.95,431.445,67.8889,-106633,6899.6,416.96,11.6236
0.117879,0,0,15.9918,0.768486,-110320,-6669.06,431.378,67.8932,-106650,6898.53,417.029,11.6278
0.117889,0,0,15.9918,0.768646,-110303,-6670.16,431.312,67.8975,-106668,6897.47,417.098,11.6319
0.117899,0,0,15.9918,0.768806,-110286,-6671.26,431.245,67.9018,-106686,6896.4,417.167,11.6361
0.117909,0,0,15.9918,0.768966,-110269,-6672.36,431.178,67.9061,-106703,6895.33,417.235,11.6403
0.117919,0,0,15.9918,0.769126,-110252,-6673.47,431.111,67.9105,-106721,6894.27,417.304,11.6444
0.117929,0,0,15.9918,0.769286,-110235,-6674.57,431.045,67.9148,-106739,6893.2,417.373,11.6486
0.117939,0,0,15.9918,0.769446,-110218,-6675.67,430.978,67.9191,-106756,6892.13,417.442,11.6528
0.117949,0,0,15.9918,0.769605,-110201,-6676.77,430.911,67.9234,-106774,6891.06,417.511,11.657
0.117959,0,0,15.9918,0.769765,-110184,-6677.87,430.844,67.9277,-106792,6890,417.58,11.6611
0.117969,0,0,15.9918,0.769925,-110167,-6678.98,430.778,67.932,-106809,6888.93,417.649,11.6653
0.117979,0,0,15.9918,0.770085,-110150,-6680.08,430.711,67.9363,-106827,6887.86,417.718,11.6695
0.117989,0,0,15.9918,0.770245,-110133,-6681.18,430.644,67.9406,-106844,6886.79,417.787,11.6737
0.117999,0,0,15.9918,0.770405,-110115,-6682.28,430.577,67.9449,-106862,6885.72,417.856,11.6779
0.118009,0,0,15.9918,0.770565,-110098,-6683.38,430.51,67.9492,-106880,6884.66,417.924,11.682
0.118019,0,0,15.9918,0.770725,-110081,-6684.48,430.444,67.9535,-106897,6883.59,417.993,11.6862
0.118029,0,0,15.9918,0.770885,-110064,-6685.58,430.377,67.9578,-106915,6882.52,418.062,11.6904
0.118039,0,0,15.9918,0.771044,-110047,-6686.68,430.31,67.9621,-106932,6881.45,418.131,11.6946
0.118049,0,0,15.9918,0.771204,-110030,-6687.78,430.243,67.9664,-106950,6880.38,418.2,11.6988
0.118059,0,0,15.9918,0.771364,-110013,-6688.88,430.176,67.9707,-106968,6879.31,418.268,11.7029
0.118069,0,0,15.9918,0.771524,-109996,-6689.98,430.109,67.975,-106985,6878.24,418.337,11.7071
0.118079,0,0,15.9918,0.771684,-109979,-6691.08,430.042,67.9793,-107003,6877.17,418.406,11.7113
0.118089,0,0,15.9918,0.771844,-109962,-6692.18,429.975,67.9837,-107020,6876.1,418.475,11.7155
0.118099,0,0,15.9918,0.772004,-109944,-6693.28,429.909,67.988,-107038,6875.03,418.543,11.7197
0.118109,0,0,15.9918,0.772164,-109927,-6694.38,429.842,67.9922,-107056,6873.96,418.612,11.7239
0.118119,0,0,15.9918,0.772324,-109910,-6695.48,429.775,67.9965,-107073,6872.89,418.681,11.728
0.118129,0,0,15.9918,0.772484,-109893,-6696.58,429.708,68.0008,-107091,6871.82,418.75,11.7322
0.118139,0,0,15.9918,0.772644,-109876,-6697.68,429.641,68.0051,-107108,6870.75,418.818,11.7364
0.118149,0,0,15.9918,0.772803,-109859,-6698.78,429.574,68.0094,-107126,6869.68,418.887,11.7406
0.118159,0,0,15.9918,0.772963,-109842,-6699.87,429.507,68.0137,-107143,6868.61,418.956,11.7448
0.118169,0,0,15.9918,0.773123,-109825,-6700.97,429.44,68.018,-107161,6867.53,419.024,11.749
0.118179,0,0,15.9918,0.773283,-109807,-6702.07,429.373,68.0223,-107178,6866.46,419.093,11.7532
0.118189,0,0,15.9918,0.773443,-109790,-6703.17,429.306,68.0266,-107196,6865.39,419.162,11.7574
0.118199,0,0,15.9918,0.773603,-109773,-6704.27,429.239,68.0309,-107214,6864.32,419.23,11.7616
0.118209,0,0,15.9918,0.773763,-109756,-6705.36,429.172,68.0352,-107231,6863.25,419.299,11.7658
0.118219,0,0,15.9918,0.773923,-109739,-6706.46,429.105,68.0395,-107249,6862.18,419.368,11.7699
0.118229,0,0,15.9918,0.774083,-109722,-6707.56,429.038,68.0438,-107266,6861.1,419.436,11.7741
0.118239,0,0,15.9918,0.774242,-109705,-6708.66,428.971,68.0481,-107284,6860.03,419.505,11.7783
0.118249,0,0,15.9918,0.774402,-109687,-6709.75,428.903,68.0524,-107301,6858.96,419.573,11.7825
0.118259,0,0,15.9918,0.774562,-109670,-6710.85,428.836,68.0566,-107319,6857.88,419.642,11.7867
0.118269,0,0,15.9918,0.774722,-109653,-6711.95,428.769,68.0609,-107336,6856.81,419.711,11.7909
0.118279,0,0,15.9918,0.774882,-109636,-6713.04,428.702,68.0652,-107354,6855.74,419.779,11.7951
0.118289,0,0,15.9918,0.775042,-109619,-6714.14,428.635,68.0695,-107371,6854.66,419.848,11.7993
0.118299,0,0,15.9918,0.775202,-109602,-6715.23,428.568,68.0738,-107389,6853.59,419.916,11.8035
0.118309,0,0,15.9918,0.775362,-109584,-6716.33,428.501,68.0781,-107406,6852.52,419.985,11.8077
0.118319,0,0,15.9918,0.775522,-109567,-6717.42,428.434,68.0824,-107424,6851.44,420.053,11.8119
0.118329,0,0,15.9918,0.775682,-109550,-6718.52,428.366,68.0867,-107442,6850.37,420.122,11.8161
0.118339,0,0,15.9918,0.775841,-109533,-6719.62,428.299,68.0909,-107459,6849.29,420.19,11.8203
0.118349,0,0,15.9918,0.776001,-109516,-6720.71,428.232,68.0952,-107477,6848.22,420.259,11.8245
0.118359,0,0,15.9918,0.776161,-109498,-6721.81,428.165,68.0995,-107494,6847.15,420.327,11.8287
0.118369,0,0,15.9918,0.776321,-109481,-6722.9,428.098,68.1038,-107512,6846.07,420.396,11.8329
0.118379,0,0,15.9918,0.776481,-109464,-6724,428.03,68.1081,-107529,6845,420.464,11.8371
0.118389,0,0,15.9918,0.776641,-109447,-6725.09,427.963,68.1123,-107547,6843.92,420.532,11.8413
0.118399,0,0,15.9918,0.776801,-109430,-6726.18,427.896,68.1166,-107564,6842.84,420.601,11.8455
0.118409,0,0,15.9918,0.776961,-109412,-6727.28,427.829,68.1209,-107582,6841.77,420.669,11.8497
0.118419,0,0,15.9918,0.777121,-109395,-6728.37,427.761,68.1252,-107599,6840.69,420.738,11.854
0.118429,0,0,15.9918,0.777281,-109378,-6729.47,427.694,68.1295,-107617,6839.62,420.806,11.8582
0.118439,0,0,15.9918,0.77744,-109361,-6730.56,427.627,68.1337,-107634,6838.54,420.875,11.8624
0.118449,0,0,15.9918,0.7776,-109344,-6731.65,427.56,68.138,-107652,6837.46,420.943,11.8666
0.118459,0,0,15.9918,0.77776,-109326,-6732.75,427.492,68.1423,-107669,6836.39,421.011,11.8708
0.118469,0,0,15.9918,0.77792,-109309,-6733.84,427.425,68.1466,-107686,6835.31,421.08,11.875
0.118479,0,0,15.9918,0.77808,-109292,-6734.93,427.358,68.1508,-107704,6834.23,421.148,11.8792
0.118489,0,0,15.9918,0.77824,-109275,-6736.02,427.29,68.1551,-107721,6833.16,421.216,11.8834
0.118499,0,0,15.9918,0.7784,-109258,-6737.12,427.223,68.1594,-107739,6832.08,421.285,11.8876
0.118509,0,0,15.9918,0.77856,-109240,-6738.21,427.155,68.1636,-107756,6831,421.353,11.8919
0.118519,0,0,15.9918,0.77872,-109223,-6739.3,427.088,68.1679,-107774,6829.93,421.421,11.8961
0.118529,0,0,15.9918,0.778879,-109206,-6740.39,427.021,68.1722,-107791,6828.85,421.489,11.9003
0.118539,0,0,15.9918,0.779039,-109189,-6741.49,426.953,68.1765,-107809,6827.77,421.558,11.9045
0.118549,0,0,15.9918,0.779199,-109171,-6742.58,426.886,68.1807,-107826,6826.69,421.626,11.9087
0.118559,0,0,15.9918,0.779359,-109154,-6743.67,426.818,68.185,-107844,6825.61,421.694,11.9129
0.118569,0,0,15.9918,0.779519,-109137,-6744.76,426.751,68.1893,-107861,6824.54,421.762,11.9171
0.118579,0,0,15.9918,0.779679,-109120,-6745.85,426.684,68.1935,-107879,6823.46,421.831,11.9214
0.118589,0,0,15.9918,0.779839,-109102,-6746.94,426.616,68.1978,-107896,6822.38,421.899,11.9256
0.118599,0,0,15.9918,0.779999,-109085,-6748.03,426.549,68.2021,-107913,6821.3,421.967,11.9298
0.118609,0,0,15.9918,0.780159,-109068,-6749.12,426.481,68.2063,-107931,6820.22,422.035,11.934
0.118619,0,0,15.9918,0.780319,-109051,-6750.21,426.414,68.2106,-107948,6819.14,422.104,11.9382
0.118629,0,0,15.9918,0.780478,-109033,-6751.3,426.346,68.2149,-107966,6818.06,422.172,11.9425
0.118639,0,0,15.9918,0.780638,-109016,-6752.39,426.279,68.2191,-107983,6816.98,422.24,11.9467
0.118649,0,0,15.9918,0.780798,-108999,-6753.48,426.211,68.2234,-108001,6815.9,422.308,11.9509
0.118659,0,0,15.9918,0.780958,-108982,-6754.57,426.144,68.2276,-108018,6814.82,422.376,11.9551
0.118669,0,0,15.9918,0.781118,-108964,-6755.66,426.076,68.2319,-108036,6813.74,422.444,11.9594
0.118679,0,0,15.9918,0.781278,-108947,-6756.75,426.009,68.2362,-108053,6812.66,422.512,11.9636
0.118689,0,0,15.9918,0.781438,-108930,-6757.84,425.941,68.2404,-108070,6811.58,422.581,11.9678
0.118699,0,0,15.9918,0.781598,-108912,-6758.93,425.873,68.2447,-108088,6810.5,422.649,11.972
0.118709,0,0,15.9918,0.781758,-108895,-6760.02,425.806,68.2489,-108105,6809.42,422.717,11.9763
0.118719,0,0,15.9918,0.781918,-108878,-6761.11,425.738,68.2532,-108123,6808.34,422.785,11.9805
0.118729,0,0,15.9918,0.782077,-108861,-6762.2,425.671,68.2575,-108140,6807.26,422.853,11.9847
0.118739,0,0,15.9918,0.782237,-108843,-6763.29,425.603,68.2617,-108157,6806.18,422.921,11.9889
0.118749,0,0,15.9918,0.782397,-108826,-6764.37,425.535,68.266,-108175,6805.1,422.989,11.9932
0.118759,0,0,15.9918,0.782557,-108809,-6765.46,425.468,68.2702,-108192,6804.01,423.057,11.9974
0.118769,0,0,15.9918,0.782717,-108791,-6766.55,425.4,68.2745,-108210,6802.93,423.125,12.0016
0.118779,0,0,15.9918,0.782877,-108774,-6767.64,425.332,68.2787,-108227,6801.85,423.193,12.0059
0.118789,0,0,15.9918,0.783037,-108757,-6768.72,425.265,68.283,-108244,6800.77,423.261,12.0101
0.118799,0,0,15.9918,0.783197,-108740,-6769.81,425.197,68.2872,-108262,6799.69,423.329,12.0143
0.118809,0,0,15.9918,0.783357,-108722,-6770.9,425.129,68.2915,-108279,6798.6,423.397,12.0186
0.118819,0,0,15.9918,0.783517,-108705,-6771.99,425.062,68.2957,-108297,6797.52,423.465,12.0228
0.118829,0,0,15.9918,0.783676,-108688,-6773.07,424.994,68.3,-108314,6796.44,423.533,12.027
0.118839,0,0,15.9918,0.783836,-108670,-6774.16,424.926,68.3042,-108331,6795.35,423.601,12.0313
0.118849,0,0,15.9918,0.783996,-108653,-6775.25,424.858,68.3085,-108349,6794.27,423.669,12.0355
0.118859,0,0,15.9918,0.784156,-108636,-6776.33,424.791,68.3127,-108366,6793.19,423.737,12.0397
0.118869,0,0,15.9918,0.784316,-108618,-6777.42,424.723,68.317,-108383,6792.1,423.805,12.044
0.118879,0,0,15.9918,0.784476,-108601,-6778.5,424.655,68.3212,-108401,6791.02,423.873,12.0482
0.118889,0,0,15.9918,0.784636,-108584,-6779.59,424.587,68.3255,-108418,6789.94,423.94,12.0525
0.118899,0,0,15.9918,0.784796,-108566,-6780.68,424.52,68.3297,-108436,6788.85,424.008,12.0567
0.118909,0,0,15.9918,0.784956,-108549,-6781.76,424.452,68.334,-108453,6787.77,424.076,12.0609
0.118919,0,0,15.9918,0.785115,-108532,-6782.85,424.384,68.3382,-108470,6786.68,424.144,12.0652
0.118929,0,0,15.9918,0.785275,-108514,-6783.93,424.316,68.3425,-108488,6785.6,424.212,12.0694
0.118939,0,0,15.9918,0.785435,-108497,-6785.02,424.248,68.3467,-108505,6784.51,424.28,12.0737
0.118949,0,0,15.9918,0.785595,-108480,-6786.1,424.18,68.3509,-108522,6783.43,424.348,12.0779
0.118959,0,0,15.9918,0.785755,-108462,-6787.19,424.113,68.3552,-108540,6782.34,424.415,12.0821
0.118969,0,0,15.9918,0.785915,-108445,-6788.27,424.045,68.3594,-108557,6781.26,424.483,12.0864
0.118979,0,0,15.9918,0.786075,-108427,-6789.35,423.977,68.3637,-108574,6780.17,424.551,12.0906
0.118989,0,0,15.9918,0.786235,-108410,-6790.44,423.909,68.3679,-108592,6779.09,424.619,12.0949
0.118999,0,0,15.9918,0.786395,-108393,-6791.52,423.841,68.3721,-108609,6778,424.687,12.0991
0.119009,0,0,15.9918,0.786555,-108375,-6792.61,423.773,68.3764,-108626,6776.91,424.754,12.1034
0.119019,0,0,15.9918,0.786714,-108358,-6793.69,423.705,68.3806,-108644,6775.83,424.822,12.1076
0.119029,0,0,15.9918,0.786874,-108341,-6794.77,423.637,68.3848,-108661,6774.74,424.89,12.1119
0.119039,0,0,15.9918,0.787034,-108323,-6795.86,423.569,68.3891,-108678,6773.66,424.958,12.1161
0.119049,0,0,15.9918,0.787194,-108306,-6796.94,423.501,68.3933,-108696,6772.57,425.025,12.1204
0.119059,0,0,15.9918,0.787354,-108288,-6798.02,423.433,68.3976,-108713,6771.48,425.093,12.1246
0.119069,0,0,15.9918,0.787514,-108271,-6799.1,423.365,68.4018,-108730,6770.39,425.161,12.1289
0.119079,0,0,15.9918,0.787674,-108254,-6800.19,423.297,68.406,-108748,6769.31,425.228,12.1331
0.119089,0,0,15.9918,0.787834,-108236,-6801.27,423.23,68.4103,-108765,6768.22,425.296,12.1374
0.119099,0,0,15.9918,0.787994,-108219,-6802.35,423.161,68.4145,-108782,6767.13,425.364,12.1416
0.119109,0,0,15.9918,0.788154,-108202,-6803.43,423.093,68.4187,-108799,6766.04,425.431,12.1459
0.119119,0,0,15.9918,0.788313,-108184,-6804.52,423.025,68.423,-108817,6764.96,425.499,12.1501
0.119129,0,0,15.9918,0.788473,-108167,-6805.6,422.957,68.4272,-108834,6763.87,425.567,12.1544
0.119139,0,0,15.9918,0.788633,-108149,-6806.68,422.889,68.4314,-108851,6762.78,425.634,12.1587
0.119149,0,0,15.9918,0.788793,-108132,-6807.76,422.821,68.4356,-108869,6761.69,425.702,12.1629
0.119159,0,0,15.9918,0.788953,-108115,-6808.84,422.753,68.4399,-108886,6760.6,425.77,12.1672
0.119169,0,0,15.9918,0.789113,-108097,-6809.92,422.685,68.4441,-108903,6759.51,425.837,12.1714
0.119179,0,0,15.9918,0.789273,-108080,-6811,422.617,68.4483,-108920,6758.43,425.905,12.1757
0.119189,0,0,15.9918,0.789433,-108062,-6812.08,422.549,68.4525,-108938,6757.34,425.972,12.1799
0.119199,0,0,15.9918,0.789593,-108045,-6813.16,422.481,68.4568,-108955,6756.25,426.04,12.1842
0.119209,0,0,15.9918,0.789752,-108027,-6814.24,422.413,68.461,-108972,6755.16,426.107,12.1885
0.119219,0,0,15.9918,0.789912,-108010,-6815.32,422.345,68.4652,-108990,6754.07,426.175,12.1927
0.119229,0,0,15.9918,0.790072,-107993,-6816.4,422.276,68.4695,-109007,6752.98,426.242,12.197
0.119239,0,0,15.9918,0.790232,-107975,-6817.48,422.208,68.4737,-109024,6751.89,426.31,12.2013
0.119249,0,0,15.9918,0.790392,-107958,-6818.56,422.14,68.4779,-109041,6750.8,426.378,12.2055
0.119259,0,0,15.9918,0.790552,-107940,-6819.64,422.072,68.4821,-109059,6749.71,426.445,12.2098
0.119269,0,0,15.9918,0.790712,-107923,-6820.72,422.004,68.4863,-109076,6748.62,426.513,12.214
0.119279,0,0,15.9918,0.790872,-107905,-6821.8,421.935,68.4905,-109093,6747.53,426.58,12.2183
0.119289,0,0,15.9918,0.791032,-107888,-6822.88,421.867,68.4948,-109110,6746.44,426.647,12.2226
0.119299,0,0,15.9918,0.791192,-107870,-6823.96,421.799,68.499,-109128,6745.34,426.715,12.2268
0.119309,0,0,15.9918,0.791351,-107853,-6825.04,421.731,68.5032,-109145,6744.25,426.782,12.2311
0.119319,0,0,15.9918,0.791511,-107836,-6826.11,421.663,68.5074,-109162,6743.16,426.85,12.2354
0.119329,0,0,15.9918,0.791671,-107818,-6827.19,421.594,68.5116,-109179,6742.07,426.917,12.2396
0.119339,0,0,15.9918,0.791831,-107801,-6828.27,421.526,68.5159,-109197,6740.98,426.985,12.2439
0.119349,0,0,15.9918,0.791991,-107783,-6829.35,421.458,68.5201,-109214,6739.89,427.052,12.2482
0.119359,0,0,15.9918,0.792151,-107766,-6830.43,421.389,68.5243,-109231,6738.79,427.119,12.2525
0.119369,0,0,15.9918,0.792311,-107748,-6831.5,421.321,68.5285,-109248,6737.7,427.187,12.2567
0.119379,0,0,15.9918,0.792471,-107731,-6832.58,421.253,68.5327,-109266,6736.61,427.254,12.261
0.119389,0,0,15.9918,0.792631,-107713,-6833.66,421.184,68.5369,-109283,6735.52,427.321,12.2653
0.119399,0,0,15.9918,0.792791,-107696,-6834.73,421.116,68.5411,-109300,6734.42,427.389,12.2695
0.119409,0,0,15.9918,0.79295,-107678,-6835.81,421.048,68.5453,-109317,6733.33,427.456,12.2738
0.119419,0,0,15.9918,0.79311,-107661,-6836.89,420.979,68.5496,-109334,6732.24,427.523,12.2781
0.119429,0,0,15.9918,0.79327,-107643,-6837.96,420.911,68.5538,-109352,6731.15,427.591,12.2824
0.119439,0,0,15.9918,0.79343,-107626,-6839.04,420.843,68.558,-109369,6730.05,427.658,12.2866
0.119449,0,0,15.9918,0.79359,-107608,-6840.12,420.774,68.5622,-109386,6728.96,427.725,12.2909
0.119459,0,0,15.9918,0.79375,-107591,-6841.19,420.706,68.5664,-109403,6727.86,427.793,12.2952
0.119469,0,0,15.9918,0.79391,-107573,-6842.27,420.638,68.5706,-109420,6726.77,427.86,12.2995
0.119479,0,0,15.9918,0.79407,-107556,-6843.34,420.569,68.5748,-109438,6725.68,427.927,12.3038
0.119489,0,0,15.9918,0.79423,-107538,-6844.42,420.501,68.579,-109455,6724.58,427.994,12.308
0.119499,0,0,15.9918,0.794389,-107521,-6845.49,420.432,68.5832,-109472,6723.49,428.062,12.3123
0.119509,0,0,15.9918,0.794549,-107503,-6846.57,420.364,68.5874,-109489,6722.39,428.129,12.3166
0.119519,0,0,15.9918,0.794709,-107486,-6847.64,420.295,68.5916,-109506,6721.3,428.196,12.3209
0.119529,0,0,15.9918,0.794869,-107468,-6848.72,420.227,68.5958,-109524,6720.2,428.263,12.3252
0.119539,0,0,15.9918,0.795029,-107451,-6849.79,420.158,68.6,-109541,6719.11,428.33,12.3294
0.119549,0,0,15.9918,0.795189,-107433,-6850.87,420.09,68.6042,-109558,6718.01,428.398,12.3337
0.119559,0,0,15.9918,0.795349,-107416,-6851.94,420.021,68.6084,-109575,6716.92,428.465,12.338
0.119569,0,0,15.9918,0.795509,-107398,-6853.02,419.953,68.6126,-109592,6715.82,428.532,12.3423
0.119579,0,0,15.9918,0.795669,-107381,-6854.09,419.884,68.6168,-109610,6714.73,428.599,12.3466
0.119589,0,0,15.9918,0.795829,-107363,-6855.16,419.816,68.621,-109627,6713.63,428.666,12.3509
0.119599,0,0,15.9918,0.795989,-107346,-6856.24,419.747,68.6252,-109644,6712.53,428.733,12.3552
0.119609,0,0,15.9918,0.796148,-107328,-6857.31,419.679,68.6294,-109661,6711.44,428.8,12.3594
0.119619,0,0,15.9918,0.796308,-107311,-6858.38,419.61,68.6336,-109678,6710.34,428.867,12.3637
0.119629,0,0,15.9918,0.796468,-107293,-6859.46,419.542,68.6378,-109695,6709.24,428.935,12.368
0.119639,0,0,15.9918,0.796628,-107276,-6860.53,419.473,68.642,-109712,6708.15,429.002,12.3723
0.119649,0,0,15.9918,0.796788,-107258,-6861.6,419.404,68.6462,-109730,6707.05,429.069,12.3766
0.119659,0,0,15.9918,0.796948,-107241,-6862.67,419.336,68.6504,-109747,6705.95,429.136,12.3809
0.119669,0,0,15.9918,0.797108,-107223,-6863.75,419.267,68.6546,-109764,6704.85,429.203,12.3852
0.119679,0,0,15.9918,0.797268,-107205,-6864.82,419.198,68.6588,-109781,6703.76,429.27,12.3895
0.119689,0,0,15.9918,0.797428,-107188,-6865.89,419.13,68.663,-109798,6702.66,429.337,12.3938
0.119699,0,0,15.9918,0.797588,-107170,-6866.96,419.061,68.6672,-109815,6701.56,429.404,12.3981
0.119709,0,0,15.9918,0.797747,-107153,-6868.03,418.993,68.6713,-109832,6700.46,429.471,12.4024
0.119719,0,0,15.9918,0.797907,-107135,-6869.1,418.924,68.6755,-109850,6699.37,429.538,12.4067
0.119729,0,0,15.9918,0.798067,-107118,-6870.17,418.855,68.6797,-109867,6698.27,429.605,12.411
0.119739,0,0,15.9918,0.798227,-107100,-6871.25,418.786,68.6839,-109884,6697.17,429.672,12.4152
0.119749,0,0,15.9918,0.798387,-107082,-6872.32,418.718,68.6881,-109901,6696.07,429.739,12.4195
0.119759,0,0,15.9918,0.798547,-107065,-6873.39,418.649,68.6923,-109918,6694.97,429.806,12.4238
0.119769,0,0,15.9918,0.798707,-107047,-6874.46,418.58,68.6965,-109935,6693.87,429.873,12.4281
0.119779,0,0,15.9918,0.798867,-107030,-6875.53,418.512,68.7007,-109952,6692.77,429.94,12.4324
0.119789,0,0,15.9918,0.799027,-107012,-6876.6,418.443,68.7048,-109969,6691.67,430.007,12.4367
0.119799,0,0,15.9918,0.799186,-106995,-6877.67,418.374,68.709,-109987,6690.57,430.073,12.441
0.119809,0,0,15.9918,0.799346,-106977,-6878.74,418.305,68.7132,-110004,6689.47,430.14,12.4453
0.119819,0,0,15.9918,0.799506,-106959,-6879.81,418.236,68.7174,-110021,6688.37,430.207,12.4496
0.119829,0,0,15.9918,0.799666,-106942,-6880.88,418.168,68.7216,-110038,6687.27,430.274,12.4539
0.119839,0,0,15.9918,0.799826,-106924,-6881.94,418.099,68.7258,-110055,6686.17,430.341,12.4582
0.119849,0,0,15.9918,0.799986,-106907,-6883.01,418.03,68.7299,-110072,6685.07,430.408,12.4626
0.119859,0,0,15.9918,0.800146,-106889,-6884.08,417.961,68.7341,-110089,6683.97,430.475,12.4669
0.119869,0,0,15.9918,0.800306,-106871,-6885.15,417.892,68.7383,-110106,6682.87,430.541,12.4712
0.119879,0,0,15.9918,0.800466,-106854,-6886.22,417.824,68.7425,-110123,6681.77,430.608,12.4755
0.119889,0,0,15.9918,0.800626,-106836,-6887.29,417.755,68.7467,-110140,6680.67,430.675,12.4798
0.119899,0,0,15.9918,0.800785,-106819,-6888.36,417.686,68.7508,-110158,6679.57,430.742,12.4841
0.119909,0,0,15.9918,0.800945,-106801,-6889.42,417.617,68.755,-110175,6678.47,430.809,12.4884
0.119919,0,0,15.9918,0.801105,-106783,-6890.49,417.548,68.7592,-110192,6677.36,430.875,12.4927
0.119929,0,0,15.9918,0.801265,-106766,-6891.56,417.479,68.7634,-110209,6676.26,430.942,12.497
0.119939,0,0,15.9918,0.801425,-106748,-6892.63,417.41,68.7675,-110226,6675.16,431.009,12.5013
0.119949,0,0,15.9918,0.801585,-106730,-6893.69,417.341,68.7717,-110243,6674.06,431.076,12.5056
0.119959,0,0,15.9918,0.801745,-106713,-6894.76,417.272,68.7759,-110260,6672.96,431.142,12.5099
0.119969,0,0,15.9918,0.801905,-106695,-6895.83,417.203,68.7801,-110277,6671.85,431.209,12.5142
0.119979,0,0,15.9918,0.802065,-106678,-6896.9,417.134,68.7842,-110294,6670.75,431.276,12.5186
0.119989,0,0,15.9918,0.802225,-106660,-6897.96,417.066,68.7884,-110311,6669.65,431.342,12.5229
0.119999,0,0,15.9918,0.802384,-106642,-6899.03,416.997,68.7926,-110328,6668.54,431.409,12.5272
0.120009,0,0,15.9918,0.802544,-106625,-6900.09,416.928,68.7967,-110345,6667.44,431.476,12.5315
0.120019,0,0,15.9918,0.802704,-106607,-6901.16,416.859,68.8009,-110362,6666.34,431.543,12.5358
0.120029,0,0,15.9918,0.802864,-106589,-6902.23,416.79,68.8051,-110379,6665.23,431.609,12.5401
0.120039,0,0,15.9918,0.803024,-106572,-6903.29,416.721,68.8092,-110396,6664.13,431.676,12.5444
0.120049,0,0,15.9918,0.803184,-106554,-6904.36,416.652,68.8134,-110413,6663.03,431.742,12.5488
0.120059,0,0,15.9918,0.803344,-106536,-6905.42,416.582,68.8176,-110430,6661.92,431.809,12.5531
0.120069,0,0,15.9918,0.803504,-106519,-6906.49,416.513,68.8217,-110447,6660.82,431.876,12.5574
0.120079,0,0,15.9918,0.803664,-106501,-6907.55,416.444,68.8259,-110465,6659.71,431.942,12.5617
0.120089,0,0,15.9918,0.803823,-106483,-6908.62,416.375,68.8301,-110482,6658.61,432.009,12.566
0.120099,0,0,15.9918,0.803983,-106466,-6909.68,416.306,68.8342,-110499,6657.5,432.075,12.5704
0.120109,0,0,15.9918,0.804143,-106448,-6910.75,416.237,68.8384,-110516,6656.4,432.142,12.5747
0.120119,0,0,15.9918,0.804303,-106430,-6911.81,416.168,68.8426,-110533,6655.29,432.208,12.579
0.120129,0,0,15.9918,0.804463,-106413,-6912.87,416.099,68.8467,-110550,6654.19,432.275,12.5833
0.120139,0,0,15.9918,0.804623,-106395,-6913.94,416.03,68.8509,-110567,6653.08,432.342,12.5877
0.120149,0,0,15.9918,0.804783,-106377,-6915,415.961,68.855,-110584,6651.98,432.408,12.592
0.120159,0,0,15.9918,0.804943,-106360,-6916.07,415.892,68.8592,-110601,6650.87,432.475,12.5963
0.120169,0,0,15.9918,0.805103,-106342,-6917.13,415.822,68.8634,-110618,6649.77,432.541,12.6006
0.120179,0,0,15.9918,0.805263,-106324,-6918.19,415.753,68.8675,-110635,6648.66,432.608,12.6049
0.120189,0,0,15.9918,0.805422,-106307,-6919.26,415.684,68.8717,-110652,6647.55,432.674,12.6093
0.120199,0,0,15.9918,0.805582,-106289,-6920.32,415.615,68.8758,-110669,6646.45,432.74,12.6136
0.120209,0,0,15.9918,0.805742,-106271,-6921.38,415.546,68.88,-110686,6645.34,432.807,12.6179
0.120219,0,0,15.9918,0.805902,-106254,-6922.44,415.476,68.8841,-110703,6644.23,432.873,12.6223
0.120229,0,0,15.9918,0.806062,-106236,-6923.51,415.407,68.8883,-110720,6643.13,432.94,12.6266
0.120239,0,0,15.9918,0.806222,-106218,-6924.57,415.338,68.8925,-110737,6642.02,433.006,12.6309
0.120249,0,0,15.9918,0.806382,-106200,-6925.63,415.269,68.8966,-110754,6640.91,433.073,12.6352
0.120259,0,0,15.9918,0.806542,-106183,-6926.69,415.199,68.9008,-110771,6639.81,433.139,12.6396
0.120269,0,0,15.9918,0.806702,-106165,-6927.75,415.13,68.9049,-110788,6638.7,433.205,12.6439
0.120279,0,0,15.9918,0.806862,-106147,-6928.81,415.061,68.9091,-110805,6637.59,433.272,12.6482
0.120289,0,0,15.9918,0.807021,-106130,-6929.88,414.992,68.9132,-110821,6636.48,433.338,12.6526
0.120299,0,0,15.9918,0.807181,-106112,-6930.94,414.922,68.9174,-110838,6635.37,433.404,12.6569
0.120309,0,0,15.9918,0.807341,-106094,-6932,414.853,68.9215,-110855,6634.27,433.471,12.6612
0.120319,0,0,15.9918,0.807501,-106076,-6933.06,414.784,68.9257,-110872,6633.16,433.537,12.6656
0.120329,0,0,15.9918,0.807661,-106059,-6934.12,414.714,68.9298,-110889,6632.05,433.603,12.6699
0.120339,0,0,15.9918,0.807821,-106041,-6935.18,414.645,68.934,-110906,6630.94,433.67,12.6743
0.120349,0,0,15.9918,0.807981,-106023,-6936.24,414.576,68.9381,-110923,6629.83,433.736,12.6786
0.120359,0,0,15.9918,0.808141,-106005,-6937.3,414.506,68.9422,-110940,6628.72,433.802,12.6829
0.120369,0,0,15.9918,0.808301,-105988,-6938.36,414.437,68.9464,-110957,6627.61,433.869,12.6873
0.120379,0,0,15.9918,0.80846,-105970,-6939.42,414.368,68.9505,-110974,6626.5,433.935,12.6916
0.120389,0,0,15.9918,0.80862,-105952,-6940.48,414.298,68.9547,-110991,6625.39,434.001,12.6959
0.120399,0,0,15.9918,0.80878,-105934,-6941.54,414.229,68.9588,-111008,6624.28,434.067,12.7003
0.120409,0,0,15.9918,0.80894,-105917,-6942.6,414.159,68.963,-111025,6623.17,434.134,12.7046
0.120419,0,0,15.9918,0.8091,-105899,-6943.66,414.09,68.9671,-111042,6622.06,434.2,12.709
0.120429,0,0,15.9918,0.80926,-105881,-6944.71,414.021,68.9712,-111059,6620.95,434.266,12.7133
0.120439,0,0,15.9918,0.80942,-105863,-6945.77,413.951,68.9754,-111076,6619.84,434.332,12.7177
0.120449,0,0,15.9918,0.80958,-105846,-6946.83,413.882,68.9795,-111093,6618.73,434.398,12.722
0.120459,0,0,15.9918,0.80974,-105828,-6947.89,413.812,68.9837,-111110,6617.62,434.465,12.7263
0.120469,0,0,15.9918,0.8099,-105810,-6948.95,413.743,68.9878,-111126,6616.51,434.531,12.7307
0.120479,0,0,15.9918,0.810059,-105792,-6950.01,413.673,68.9919,-111143,6615.4,434.597,12.735
0.120489,0,0,15.9918,0.810219,-105775,-6951.06,413.604,68.9961,-111160,6614.29,434.663,12.7394
0.120499,0,0,15.9918,0.810379,-105757,-6952.12,413.534,69.0002,-111177,6613.17,434.729,12.7437
0.120509,0,0,15.9918,0.810539,-105739,-6953.18,413.465,69.0043,-111194,6612.06,434.795,12.7481
0.120519,0,0,15.9918,0.810699,-105721,-6954.24,413.395,69.0085,-111211,6610.95,434.861,12.7524
0.120529,0,0,15.9918,0.810859,-105704,-6955.29,413.326,69.0126,-111228,6609.84,434.927,12.7568
0.120539,0,0,15.9918,0.811019,-105686,-6956.35,413.256,69.0167,-111245,6608.73,434.994,12.7611
0.120549,0,0,15.9918,0.811179,-105668,-6957.41,413.187,69.0209,-111262,6607.61,435.06,12.7655
0.120559,0,0,15.9918,0.811339,-105650,-6958.46,413.117,69.025,-111279,6606.5,435.126,12.7698
0.120569,0,0,15.9918,0.811499,-105632,-6959.52,413.047,69.0291,-111296,6605.39,435.192,12.7742
0.120579,0,0,15.9918,0.811658,-105615,-6960.57,412.978,69.0333,-111312,6604.28,435.258,12.7785
0.120589,0,0,15.9918,0.811818,-105597,-6961.63,412.908,69.0374,-111329,6603.16,435.324,12.7829
0.120599,0,0,15.9918,0.811978,-105579,-6962.69,412.839,69.0415,-111346,6602.05,435.39,12.7872
0.120609,0,0,15.9918,0.812138,-105561,-6963.74,412.769,69.0457,-111363,6600.94,435.456,12.7916
0.120619,0,0,15.9918,0.812298,-105543,-6964.8,412.699,69.0498,-111380,6599.82,435.522,12.7959
0.120629,0,0,15.9918,0.812458,-105526,-6965.85,412.63,69.0539,-111397,6598.71,435.588,12.8003
0.120639,0,0,15.9918,0.812618,-105508,-6966.91,412.56,69.058,-111414,6597.6,435.654,12.8047
0.120649,0,0,15.9918,0.812778,-105490,-6967.96,412.49,69.0622,-111431,6596.48,435.72,12.809
0.120659,0,0,15.9918,0.812938,-105472,-6969.02,412.421,69.0663,-111447,6595.37,435.786,12.8134
0.120669,0,0,15.9918,0.813097,-105454,-6970.07,412.351,69.0704,-111464,6594.25,435.852,12.8177
0.120679,0,0,15.9918,0.813257,-105436,-6971.13,412.281,69.0745,-111481,6593.14,435.918,12.8221
0.120689,0,0,15.9918,0.813417,-105419,-6972.18,412.212,69.0787,-111498,6592.02,435.983,12.8264
0.120699,0,0,15.9918,0.813577,-105401,-6973.23,412.142,69.0828,-111515,6590.91,436.049,12.8308
0.120709,0,0,15.9918,0.813737,-105383,-6974.29,412.072,69.0869,-111532,6589.79,436.115,12.8352
0.120719,0,0,15.9918,0.813897,-105365,-6975.34,412.002,69.091,-111549,6588.68,436.181,12.8395
0.120729,0,0,15.9918,0.814057,-105347,-6976.4,411.933,69.0951,-111565,6587.56,436.247,12.8439
0.120739,0,0,15.9918,0.814217,-105329,-6977.45,411.863,69.0993,-111582,6586.45,436.313,12.8482
0.120749,0,0,15.9918,0.814377,-105312,-6978.5,411.793,69.1034,-111599,6585.33,436.379,12.8526
0.120759,0,0,15.9918,0.814537,-105294,-6979.55,411.723,69.1075,-111616,6584.22,436.445,12.857
0.120769,0,0,15.9918,0.814696,-105276,-6980.61,411.654,69.1116,-111633,6583.1,436.51,12.8613
0.120779,0,0,15.9918,0.814856,-105258,-6981.66,411.584,69.1157,-111650,6581.98,436.576,12.8657
0.120789,0,0,15.9918,0.815016,-105240,-6982.71,411.514,69.1199,-111666,6580.87,436.642,12.8701
0.120799,0,0,15.9918,0.815176,-105222,-6983.76,411.444,69.124,-111683,6579.75,436.708,12.8744
0.120809,0,0,15.9918,0.815336,-105204,-6984.82,411.374,69.1281,-111700,6578.63,436.774,12.8788
0.120819,0,0,15.9918,0.815496,-105187,-6985.87,411.304,69.1322,-111717,6577.52,436.839,12.8832
0.120829,0,0,15.9918,0.815656,-105169,-6986.92,411.235,69.1363,-111734,6576.4,436.905,12.8875
0.120839,0,0,15.9918,0.815816,-105151,-6987.97,411.165,69.1404,-111751,6575.28,436.971,12.8919
0.120849,0,0,15.9918,0.815976,-105133,-6989.02,411.095,69.1445,-111767,6574.16,437.037,12.8963
0.120859,0,0,15.9918,0.816136,-105115,-6990.07,411.025,69.1486,-111784,6573.05,437.102,12.9007
0.120869,0,0,15.9918,0.816295,-105097,-6991.12,410.955,69.1527,-111801,6571.93,437.168,12.905
0.120879,0,0,15.9918,0.816455,-105079,-6992.17,410.885,69.1569,-111818,6570.81,437.234,12.9094
0.120889,0,0,15.9918,0.816615,-105062,-6993.23,410.815,69.161,-111835,6569.69,437.299,12.9138
0.120899,0,0,15.9918,0.816775,-105044,-6994.28,410.745,69.1651,-111851,6568.57,437.365,12.9181
0.120909,0,0,15.9918,0.816935,-105026,-6995.33,410.675,69.1692,-111868,6567.46,437.431,12.9225
0.120919,0,0,15.9918,0.817095,-105008,-6996.38,410.605,69.1733,-111885,6566.34,437.497,12.9269
0.120929,0,0,15.9918,0.817255,-104990,-6997.43,410.535,69.1774,-111902,6565.22,437.562,12.9313
0.120939,0,0,15.9918,0.817415,-104972,-6998.48,410.465,69.1815,-111919,6564.1,437.628,12.9356
0.120949,0,0,15.9918,0.817575,-104954,-6999.52,410.396,69.1856,-111935,6562.98,437.693,12.94
0.120959,0,0,15.9918,0.817735,-104936,-7000.57,410.326,69.1897,-111952,6561.86,437.759,12.9444
0.120969,0,0,15.9918,0.817894,-104918,-7001.62,410.255,69.1938,-111969,6560.74,437.825,12.9488
0.120979,0,0,15.9918,0.818054,-104900,-7002.67,410.186,69.1979,-111986,6559.62,437.89,12.9532
0.120989,0,0,15.9918,0.818214,-104883,-7003.72,410.115,69.202,-112002,6558.5,437.956,12.9575
0.120999,0,0,15.9918,0.818374,-104865,-7004.77,410.045,69.2061,-112019,6557.38,438.021,12.9619
0.121009,0,0,15.9918,0.818534,-104847,-7005.82,409.975,69.2102,-112036,6556.26,438.087,12.9663
0.121019,0,0,15.9918,0.818694,-104829,-7006.87,409.905,69.2143,-112053,6555.14,438.152,12.9707
0.121029,0,0,15.9918,0.818854,-104811,-7007.91,409.835,69.2184,-112069,6554.02,438.218,12.9751
0.121039,0,0,15.9918,0.819014,-104793,-7008.96,409.765,69.2225,-112086,6552.9,438.284,12.9794
0.121049,0,0,15.9918,0.819174,-104775,-7010.01,409.695,69.2266,-112103,6551.78,438.349,12.9838
0.121059,0,0,15.9918,0.819333,-104757,-7011.06,409.625,69.2307,-112120,6550.66,438.415,12.9882
0.121069,0,0,15.9918,0.819493,-104739,-7012.11,409.555,69.2348,-112136,6549.54,438.48,12.9926
0.121079,0,0,15.9918,0.819653,-104721,-7013.15,409.485,69.2389,-112153,6548.42,438.546,12.997
0.121089,0,0,15.9918,0.819813,-104703,-7014.2,409.415,69.243,-112170,6547.3,438.611,13.0014
0.121099,0,0,15.9918,0.819973,-104685,-7015.25,409.345,69.2471,-112187,6546.17,438.677,13.0057
0.121109,0,0,15.9918,0.820133,-104667,-7016.29,409.274,69.2512,-112203,6545.05,438.742,13.0101
0.121119,0,0,15.9918,0.820293,-104650,-7017.34,409.204,69.2553,-112220,6543.93,438.807,13.0145
0.121129,0,0,15.9918,0.820453,-104632,-7018.39,409.134,69.2594,-112237,6542.81,438.873,13.0189
0.121139,0,0,15.9918,0.820613,-104614,-7019.43,409.064,69.2635,-112254,6541.69,438.938,13.0233
0.121149,0,0,15.9918,0.820773,-104596,-7020.48,408.994,69.2675,-112270,6540.56,439.004,13.0277
0.121159,0,0,15.9918,0.820933,-104578,-7021.52,408.923,69.2716,-112287,6539.44,439.069,13.0321
0.121169,0,0,15.9918,0.821092,-104560,-7022.57,408.853,69.2757,-112304,6538.32,439.134,13.0365
0.121179,0,0,15.9918,0.821252,-104542,-7023.61,408.783,69.2798,-112321,6537.19,439.2,13.0409
0.121189,0,0,15.9918,0.821412,-104524,-7024.66,408.713,69.2839,-112337,6536.07,439.265,13.0453
0.121199,0,0,15.9918,0.821572,-104506,-7025.7,408.643,69.288,-112354,6534.95,439.33,13.0496
0.121209,0,0,15.9918,0.821732,-104488,-7026.75,408.572,69.2921,-112371,6533.83,439.396,13.054
0.121219,0,0,15.9918,0.821892,-104470,-7027.79,408.502,69.2962,-112387,6532.7,439.461,13.0584
0.121229,0,0,15.9918,0.822052,-104452,-7028.84,408.432,69.3002,-112404,6531.58,439.526,13.0628
0.121239,0,0,15.9918,0.822212,-104434,-7029.88,408.362,69.3043,-112421,6530.45,439.592,13.0672
0.121249,0,0,15.9918,0.822372,-104416,-7030.93,408.291,69.3084,-112437,6529.33,439.657,13.0716
0.121259,0,0,15.9918,0.822531,-104398,-7031.97,408.221,69.3125,-112454,6528.21,439.722,13.076
0.121269,0,0,15.9918,0.822691,-104380,-7033.01,408.151,69.3166,-112471,6527.08,439.788,13.0804
0.121279,0,0,15.9918,0.822851,-104362,-7034.06,408.08,69.3206,-112488,6525.96,439.853,13.0848
0.121289,0,0,15.9918,0.823011,-104344,-7035.1,408.01,69.3247,-112504,6524.83,439.918,13.0892
0.121299,0,0,15.9918,0.823171,-104326,-7036.14,407.94,69.3288,-112521,6523.71,439.983,13.0936
0.121309,0,0,15.9918,0.823331,-104308,-7037.19,407.869,69.3329,-112538,6522.58,440.049,13.098
0.121319,0,0,15.9918,0.823491,-104290,-7038.23,407.799,69.337,-112554,6521.46,440.114,13.1024
0.121329,0,0,15.9918,0.823651,-104272,-7039.27,407.728,69.341,-112571,6520.33,440.179,13.1068
0.121339,0,0,15.9918,0.823811,-104254,-7040.32,407.658,69.3451,-112588,6519.2,440.244,13.1112
0.121349,0,0,15.9918,0.823971,-104236,-7041.36,407.588,69.3492,-112604,6518.08,440.309,13.1156
0.121359,0,0,15.9918,0.82413,-104218,-7042.4,407.517,69.3533,-112621,6516.95,440.374,13.12
0.121369,0,0,15.9918,0.82429,-104200,-7043.44,407.447,69.3573,-112638,6515.83,440.44,13.1244
0.121379,0,0,15.9918,0.82445,-104182,-7044.48,407.376,69.3614,-112654,6514.7,440.505,13.1288
0.121389,0,0,15.9918,0.82461,-104164,-7045.52,407.306,69.3655,-112671,6513.57,440.57,13.1332
0.121399,0,0,15.9918,0.82477,-104146,-7046.57,407.236,69.3696,-112688,6512.45,440.635,13.1376
0.121409,0,0,15.9918,0.82493,-104128,-7047.61,407.165,69.3736,-112704,6511.32,440.7,13.1421
0.121419,0,0,15.9918,0.82509,-104110,-7048.65,407.095,69.3777,-112721,6510.19,440.765,13.1465
0.121429,0,0,15.9918,0.82525,-104092,-7049.69,407.024,69.3818,-112738,6509.07,440.83,13.1509
0.121439,0,0,15.9918,0.82541,-104074,-7050.73,406.954,69.3859,-112754,6507.94,440.895,13.1553
0.121449,0,0,15.9918,0.82557,-104056,-7051.77,406.883,69.3899,-112771,6506.81,440.96,13.1597
0.121459,0,0,15.9918,0.825729,-104038,-7052.81,406.813,69.394,-112787,6505.68,441.026,13.1641
0.121469,0,0,15.9918,0.825889,-104020,-7053.85,406.742,69.3981,-112804,6504.56,441.091,13.1685
0.121479,0,0,15.9918,0.826049,-104002,-7054.89,406.672,69.4021,-112821,6503.43,441.156,13.1729
0.121489,0,0,15.9918,0.826209,-103984,-7055.93,406.601,69.4062,-112837,6502.3,441.221,13.1773
0.121499,0,0,15.9918,0.826369,-103966,-7056.97,406.53,69.4103,-112854,6501.17,441.286,13.1817
0.121509,0,0,15.9918,0.826529,-103948,-7058.01,406.46,69.4143,-112871,6500.04,441.351,13.1862
0.121519,0,0,15.9918,0.826689,-103930,-7059.05,406.389,69.4184,-112887,6498.91,441.416,13.1906
0.121529,0,0,15.9918,0.826849,-103912,-7060.09,406.319,69.4225,-112904,6497.79,441.481,13.195
0.121539,0,0,15.9918,0.827009,-103894,-7061.13,406.248,69.4265,-112920,6496.66,441.546,13.1994
0.121549,0,0,15.9918,0.827168,-103875,-7062.17,406.178,69.4306,-112937,6495.53,441.61,13.2038
0.121559,0,0,15.9918,0.827328,-103857,-7063.2,406.107,69.4346,-112954,6494.4,441.675,13.2082
0.121569,0,0,15.9918,0.827488,-103839,-7064.24,406.036,69.4387,-112970,6493.27,441.74,13.2126
0.121579,0,0,15.9918,0.827648,-103821,-7065.28,405.966,69.4428,-112987,6492.14,441.805,13.2171
0.121589,0,0,15.9918,0.827808,-103803,-7066.32,405.895,69.4468,-113003,6491.01,441.87,13.2215
0.121599,0,0,15.9918,0.827968,-103785,-7067.36,405.824,69.4509,-113020,6489.88,441.935,13.2259
0.121609,0,0,15.9918,0.828128,-103767,-7068.39,405.754,69.4549,-113037,6488.75,442,13.2303
0.121619,0,0,15.9918,0.828288,-103749,-7069.43,405.683,69.459,-113053,6487.62,442.065,13.2347
0.121629,0,0,15.9918,0.828448,-103731,-7070.47,405.612,69.4631,-113070,6486.49,442.13,13.2392
0.121639,0,0,15.9918,0.828608,-103713,-7071.51,405.542,69.4671,-113086,6485.36,442.195,13.2436
0.121649,0,0,15.9918,0.828767,-103695,-7072.54,405.471,69.4712,-113103,6484.23,442.259,13.248
0.121659,0,0,15.9918,0.828927,-103677,-7073.58,405.4,69.4752,-113120,6483.1,442.324,13.2524
0.121669,0,0,15.9918,0.829087,-103659,-7074.62,405.329,69.4793,-113136,6481.96,442.389,13.2569
0.121679,0,0,15.9918,0.829247,-103640,-7075.65,405.259,69.4833,-113153,6480.83,442.454,13.2613
0.121689,0,0,15.9918,0.829407,-103622,-7076.69,405.188,69.4874,-113169,6479.7,442.519,13.2657
0.121699,0,0,15.9918,0.829567,-103604,-7077.73,405.117,69.4914,-113186,6478.57,442.583,13.2701
0.121709,0,0,15.9918,0.829727,-103586,-7078.76,405.046,69.4955,-113202,6477.44,442.648,13.2746
0.121719,0,0,15.9918,0.829887,-103568,-7079.8,404.976,69.4995,-113219,6476.31,442.713,13.279
0.121729,0,0,15.9918,0.830047,-103550,-7080.83,404.905,69.5036,-113236,6475.17,442.778,13.2834
0.121739,0,0,15.9918,0.830207,-103532,-7081.87,404.834,69.5076,-113252,6474.04,442.842,13.2878
0.121749,0,0,15.9918,0.830366,-103514,-7082.9,404.763,69.5117,-113269,6472.91,442.907,13.2923
0.121759,0,0,15.9918,0.830526,-103496,-7083.94,404.692,69.5157,-113285,6471.78,442.972,13.2967
0.121769,0,0,15.9918,0.830686,-103478,-7084.97,404.622,69.5198,-113302,6470.64,443.037,13.3011
0.121779,0,0,15.9918,0.830846,-103459,-7086.01,404.551,69.5238,-113318,6469.51,443.101,13.3056
0.121789,0,0,15.9918,0.831006,-103441,-7087.04,404.48,69.5279,-113335,6468.38,443.166,13.31
0.121799,0,0,15.9918,0.831166,-103423,-7088.08,404.409,69.5319,-113351,6467.25,443.231,13.3144
0.121809,0,0,15.9918,0.831326,-103405,-7089.11,404.338,69.5359,-113368,6466.11,443.295,13.3189
0.121819,0,0,15.9918,0.831486,-103387,-7090.14,404.267,69.54,-113384,6464.98,443.36,13.3233
0.121829,0,0,15.9918,0.831646,-103369,-7091.18,404.196,69.544,-113401,6463.84,443.425,13.3277
0.121839,0,0,15.9918,0.831805,-103351,-7092.21,404.125,69.5481,-113418,6462.71,443.489,13.3322
0.121849,0,0,15.9918,0.831965,-103333,-7093.24,404.054,69.5521,-113434,6461.58,443.554,13.3366
0.121859,0,0,15.9918,0.832125,-103314,-7094.28,403.984,69.5562,-113451,6460.44,443.618,13.341
0.121869,0,0,15.9918,0.832285,-103296,-7095.31,403.913,69.5602,-113467,6459.31,443.683,13.3455
0.121879,0,0,15.9918,0.832445,-103278,-7096.34,403.842,69.5642,-113484,6458.17,443.748,13.3499
0.121889,0,0,15.9918,0.832605,-103260,-7097.37,403.771,69.5683,-113500,6457.04,443.812,13.3543
0.121899,0,0,15.9918,0.832765,-103242,-7098.41,403.7,69.5723,-113517,6455.9,443.877,13.3588
0.121909,0,0,15.9918,0.832925,-103224,-7099.44,403.629,69.5763,-113533,6454.77,443.941,13.3632
0.121919,0,0,15.9918,0.833085,-103205,-7100.47,403.558,69.5804,-113550,6453.63,444.006,13.3677
0.121929,0,0,15.9918,0.833245,-103187,-7101.5,403.487,69.5844,-113566,6452.5,444.07,13.3721
0.121939,0,0,15.9918,0.833404,-103169,-7102.54,403.416,69.5884,-113583,6451.36,444.135,13.3765
0.121949,0,0,15.9918,0.833564,-103151,-7103.57,403.345,69.5925,-113599,6450.23,444.199,13.381
0.121959,0,0,15.9918,0.833724,-103133,-7104.6,403.274,69.5965,-113616,6449.09,444.264,13.3854
0.121969,0,0,15.9918,0.833884,-103115,-7105.63,403.203,69.6006,-113632,6447.95,444.328,13.3899
0.121979,0,0,15.9918,0.834044,-103096,-7106.66,403.132,69.6046,-113649,6446.82,444.393,13.3943
0.121989,0,0,15.9918,0.834204,-103078,-7107.69,403.061,69.6086,-113665,6445.68,444.457,13.3987
0.121999,0,0,15.9918,0.834364,-103060,-7108.72,402.99,69.6126,-113682,6444.55,444.522,13.4032
0.122009,0,0,15.9918,0.834524,-103042,-7109.75,402.918,69.6167,-113698,6443.41,444.586,13.4076
0.122019,0,0,15.9918,0.834684,-103024,-7110.78,402.847,69.6207,-113715,6442.27,444.65,13.4121
0.122029,0,0,15.9918,0.834844,-103006,-7111.81,402.776,69.6247,-113731,6441.13,444.715,13.4165
0.122039,0,0,15.9918,0.835003,-102987,-7112.84,402.705,69.6288,-113747,6440,444.779,13.421
0.122049,0,0,15.9918,0.835163,-102969,-7113.87,402.634,69.6328,-113764,6438.86,444.844,13.4254
0.122059,0,0,15.9918,0.835323,-102951,-7114.9,402.563,69.6368,-113780,6437.72,444.908,13.4299
0.122069,0,0,15.9918,0.835483,-102933,-7115.93,402.492,69.6408,-113797,6436.58,444.972,13.4343
0.122079,0,0,15.9918,0.835643,-102915,-7116.96,402.421,69.6449,-113813,6435.45,445.037,13.4388
0.122089,0,0,15.9918,0.835803,-102896,-7117.99,402.349,69.6489,-113830,6434.31,445.101,13.4432
0.122099,0,0,15.9918,0.835963,-102878,-7119.02,402.278,69.6529,-113846,6433.17,445.165,13.4477
0.122109,0,0,15.9918,0.836123,-102860,-7120.04,402.207,69.6569,-113863,6432.03,445.23,13.4521
0.122119,0,0,15.9918,0.836283,-102842,-7121.07,402.136,69.6609,-113879,6430.89,445.294,13.4566
0.122129,0,0,15.9918,0.836443,-102824,-7122.1,402.065,69.665,-113896,6429.75,445.358,13.461
0.122139,0,0,15.9918,0.836602,-102805,-7123.13,401.993,69.669,-113912,6428.61,445.423,13.4655
0.122149,0,0,15.9918,0.836762,-102787,-7124.16,401.922,69.673,-113928,6427.48,445.487,13.4699
0.122159,0,0,15.9918,0.836922,-102769,-7125.18,401.851,69.677,-113945,6426.34,445.551,13.4744
0.122169,0,0,15.9918,0.837082,-102751,-7126.21,401.78,69.6811,-113961,6425.2,445.615,13.4789
0.122179,0,0,15.9918,0.837242,-102733,-7127.24,401.708,69.6851,-113978,6424.06,445.68,13.4833
0.122189,0,0,15.9918,0.837402,-102714,-7128.27,401.637,69.6891,-113994,6422.92,445.744,13.4878
0.122199,0,0,15.9918,0.837562,-102696,-7129.29,401.566,69.6931,-114011,6421.78,445.808,13.4922
0.122209,0,0,15.9918,0.837722,-102678,-7130.32,401.495,69.6971,-114027,6420.64,445.872,13.4967
0.122219,0,0,15.9918,0.837882,-102660,-7131.35,401.423,69.7011,-114043,6419.5,445.936,13.5011
0.122229,0,0,15.9918,0.838041,-102641,-7132.37,401.352,69.7051,-114060,6418.36,446.001,13.5056
0.122239,0,0,15.9918,0.838201,-102623,-7133.4,401.281,69.7092,-114076,6417.22,446.065,13.5101
0.122249,0,0,15.9918,0.838361,-102605,-7134.43,401.209,69.7132,-114093,6416.08,446.129,13.5145
0.122259,0,0,15.9918,0.838521,-102587,-7135.45,401.138,69.7172,-114109,6414.94,446.193,13.519
0.122269,0,0,15.9918,0.838681,-102568,-7136.48,401.067,69.7212,-114125,6413.79,446.257,13.5234
0.122279,0,0,15.9918,0.838841,-102550,-7137.5,400.995,69.7252,-114142,6412.65,446.321,13.5279
0.122289,0,0,15.9918,0.839001,-102532,-7138.53,400.924,69.7292,-114158,6411.51,446.386,13.5324
0.122299,0,0,15.9918,0.839161,-102514,-7139.55,400.852,69.7332,-114175,6410.37,446.45,13.5368
0.122309,0,0,15.9918,0.839321,-102495,-7140.58,400.781,69.7372,-114191,6409.23,446.514,13.5413
0.122319,0,0,15.9918,0.839481,-102477,-7141.6,400.71,69.7412,-114207,6408.09,446.578,13.5458
0.122329,0,0,15.9918,0.83964,-102459,-7142.63,400.638,69.7452,-114224,6406.95,446.642,13.5502
0.122339,0,0,15.9918,0.8398,-102441,-7143.65,400.567,69.7492,-114240,6405.8,446.706,13.5547
0.122349,0,0,15.9918,0.83996,-102422,-7144.68,400.495,69.7533,-114257,6404.66,446.77,13.5592
0.122359,0,0,15.9918,0.84012,-102404,-7145.7,400.424,69.7573,-114273,6403.52,446.834,13.5636
0.122369,0,0,15.9918,0.84028,-102386,-7146.72,400.353,69.7613,-114289,6402.38,446.898,13.5681
0.122379,0,0,15.9918,0.84044,-102368,-7147.75,400.281,69.7653,-114306,6401.23,446.962,13.5726
0.122389,0,0,15.9918,0.8406,-102349,-7148.77,400.21,69.7693,-114322,6400.09,447.026,13.577
0.122399,0,0,15.9918,0.84076,-102331,-7149.79,400.138,69.7733,-114338,6398.95,447.09,13.5815
0.122409,0,0,15.9918,0.84092,-102313,-7150.82,400.067,69.7773,-114355,6397.8,447.154,13.586
0.122419,0,0,15.9918,0.84108,-102294,-7151.84,399.995,69.7813,-114371,6396.66,447.218,13.5905
0.122429,0,0,15.9918,0.841239,-102276,-7152.86,399.924,69.7853,-114387,6395.52,447.282,13.5949
0.122439,0,0,15.9918,0.841399,-102258,-7153.88,399.852,69.7893,-114404,6394.37,447.346,13.5994
0.122449,0,0,15.9918,0.841559,-102240,-7154.91,399.781,69.7933,-114420,6393.23,447.41,13.6039
0.122459,0,0,15.9918,0.841719,-102221,-7155.93,399.709,69.7973,-114437,6392.08,447.474,13.6084
0.122469,0,0,15.9918,0.841879,-102203,-7156.95,399.637,69.8013,-114453,6390.94,447.538,13.6128
0.122479,0,0,15.9918,0.842039,-102185,-7157.97,399.566,69.8053,-114469,6389.8,447.602,13.6173
0.122489,0,0,15.9918,0.842199,-102166,-7159,399.494,69.8093,-114486,6388.65,447.665,13.6218
0.122499,0,0,15.9918,0.842359,-102148,-7160.02,399.423,69.8133,-114502,6387.51,447.729,13.6263
0.122509,0,0,15.9918,0.842519,-102130,-7161.04,399.351,69.8172,-114518,6386.36,447.793,13.6307
0.122519,0,0,15.9918,0.842679,-102111,-7162.06,399.28,69.8212,-114535,6385.22,447.857,13.6352
0.122529,0,0,15.9918,0.842838,-102093,-7163.08,399.208,69.8252,-114551,6384.07,447.921,13.6397
0.122539,0,0,15.9918,0.842998,-102075,-7164.1,399.136,69.8292,-114567,6382.93,447.985,13.6442
0.122549,0,0,15.9918,0.843158,-102056,-7165.12,399.065,69.8332,-114584,6381.78,448.048,13.6487
0.122559,0,0,15.9918,0.843318,-102038,-7166.14,398.993,69.8372,-114600,6380.63,448.112,13.6531
0.122569,0,0,15.9918,0.843478,-102020,-7167.16,398.921,69.8412,-114616,6379.49,448.176,13.6576
0.122579,0,0,15.9918,0.843638,-102001,-7168.18,398.85,69.8452,-114632,6378.34,448.24,13.6621
0.122589,0,0,15.9918,0.843798,-101983,-7169.2,398.778,69.8492,-114649,6377.2,448.304,13.6666
0.122599,0,0,15.9918,0.843958,-101965,-7170.22,398.706,69.8532,-114665,6376.05,448.367,13.6711
0.122609,0,0,15.9918,0.844118,-101946,-7171.24,398.635,69.8571,-114681,6374.9,448.431,13.6755
0.122619,0,0,15.9918,0.844278,-101928,-7172.26,398.563,69.8611,-114698,6373.76,448.495,13.68
0.122629,0,0,15.9918,0.844437,-101910,-7173.28,398.491,69.8651,-114714,6372.61,448.559,13.6845
0.122639,0,0,15.9918,0.844597,-101891,-7174.3,398.419,69.8691,-114730,6371.46,448.622,13.689
0.122649,0,0,15.9918,0.844757,-101873,-7175.32,398.348,69.8731,-114747,6370.31,448.686,13.6935
0.122659,0,0,15.9918,0.844917,-101855,-7176.33,398.276,69.8771,-114763,6369.17,448.75,13.698
0.122669,0,0,15.9918,0.845077,-101836,-7177.35,398.204,69.881,-114779,6368.02,448.813,13.7025
0.122679,0,0,15.9918,0.845237,-101818,-7178.37,398.132,69.885,-114795,6366.87,448.877,13.7069
0.122689,0,0,15.9918,0.845397,-101800,-7179.39,398.061,69.889,-114812,6365.72,448.941,13.7114
0.122699,0,0,15.9918,0.845557,-101781,-7180.41,397.989,69.893,-114828,6364.58,449.004,13.7159
0.122708,0,0,15.9918,0.845717,-101763,-7181.42,397.917,69.897,-114844,6363.43,449.068,13.7204
0.122718,0,0,15.9918,0.845876,-101745,-7182.44,397.845,69.901,-114860,6362.28,449.132,13.7249
0.122728,0,0,15.9918,0.846036,-101726,-7183.46,397.773,69.9049,-114877,6361.13,449.195,13.7294
0.122738,0,0,15.9918,0.846196,-101708,-7184.48,397.702,69.9089,-114893,6359.98,449.259,13.7339
0.122748,0,0,15.9918,0.846356,-101689,-7185.49,397.63,69.9129,-114909,6358.83,449.322,13.7384
0.122758,0,0,15.9918,0.846516,-101671,-7186.51,397.558,69.9169,-114926,6357.69,449.386,13.7429
0.122768,0,0,15.9918,0.846676,-101653,-7187.53,397.486,69.9208,-114942,6356.54,449.449,13.7474
0.122778,0,0,15.9918,0.846836,-101634,-7188.54,397.414,69.9248,-114958,6355.39,449.513,13.7519
0.122788,0,0,15.9918,0.846996,-101616,-7189.56,397.342,69.9288,-114974,6354.24,449.577,13.7564
0.122798,0,0,15.9918,0.847156,-101598,-7190.57,397.27,69.9328,-114991,6353.09,449.64,13.7609
0.122808,0,0,15.9918,0.847316,-101579,-7191.59,397.199,69.9367,-115007,6351.94,449.704,13.7654
0.122818,0,0,15.9918,0.847475,-101561,-7192.61,397.127,69.9407,-115023,6350.79,449.767,13.7699
0.122828,0,0,15.9918,0.847635,-101542,-7193.62,397.055,69.9447,-115039,6349.64,449.831,13.7744
0.122838,0,0,15.9918,0.847795,-101524,-7194.64,396.983,69.9486,-115056,6348.49,449.894,13.7788
0.122848,0,0,15.9918,0.847955,-101506,-7195.65,396.911,69.9526,-115072,6347.34,449.958,13.7833
0.122858,0,0,15.9918,0.848115,-101487,-7196.67,396.839,69.9566,-115088,6346.19,450.021,13.7878
0.122868,0,0,15.9918,0.848275,-101469,-7197.68,396.767,69.9605,-115104,6345.03,450.084,13.7923
0.122878,0,0,15.9918,0.848435,-101450,-7198.69,396.695,69.9645,-115120,6343.88,450.148,13.7968
0.122888,0,0,15.9918,0.848595,-101432,-7199.71,396.623,69.9685,-115137,6342.73,450.211,13.8014
0.122898,0,0,15.9918,0.848755,-101414,-7200.72,396.551,69.9724,-115153,6341.58,450.275,13.8059
0.122908,0,0,15.9918,0.848915,-101395,-7201.74,396.479,69.9764,-115169,6340.43,450.338,13.8104
0.122918,0,0,15.9918,0.849074,-101377,-7202.75,396.407,69.9804,-115185,6339.28,450.402,13.8149
0.122928,0,0,15.9918,0.849234,-101358,-7203.76,396.335,69.9843,-115201,6338.13,450.465,13.8194
0.122938,0,0,15.9918,0.849394,-101340,-7204.78,396.263,69.9883,-115218,6336.97,450.528,13.8239
0.122948,0,0,15.9918,0.849554,-101321,-7205.79,396.191,69.9923,-115234,6335.82,450.592,13.8284
0.122958,0,0,15.9918,0.849714,-101303,-7206.8,396.119,69.9962,-115250,6334.67,450.655,13.8329
0.122968,0,0,15.9918,0.849874,-101285,-7207.82,396.047,70.0002,-115266,6333.52,450.718,13.8374
0.122978,0,0,15.9918,0.850034,-101266,-7208.83,395.975,70.0041,-115282,6332.37,450.782,13.8419
0.122988,0,0,15.9918,0.850194,-101248,-7209.84,395.903,70.0081,-115299,6331.21,450.845,13.8464
0.122998,0,0,15.9918,0.850354,-101229,-7210.85,395.83,70.0121,-115315,6330.06,450.908,13.8509
0.123008,0,0,15.9918,0.850513,-101211,-7211.87,395.758,70.016,-115331,6328.91,450.971,13.8554
0.123018,0,0,15.9918,0.850673,-101192,-7212.88,395.686,70.02,-115347,6327.75,451.035,13.8599
0.123028,0,0,15.9918,0.850833,-101174,-7213.89,395.614,70.0239,-115363,6326.6,451.098,13.8644
0.123038,0,0,15.9918,0.850993,-101156,-7214.9,395.542,70.0279,-115380,6325.45,451.161,13.869
0.123048,0,0,15.9918,0.851153,-101137,-7215.91,395.47,70.0318,-115396,6324.29,451.225,13.8735
0.123058,0,0,15.9918,0.851313,-101119,-7216.92,395.398,70.0358,-115412,6323.14,451.288,13.878
0.123068,0,0,15.9918,0.851473,-101100,-7217.93,395.326,70.0397,-115428,6321.98,451.351,13.8825
0.123078,0,0,15.9918,0.851633,-101082,-7218.95,395.253,70.0437,-115444,6320.83,451.414,13.887
0.123088,0,0,15.9918,0.851793,-101063,-7219.96,395.181,70.0477,-115460,6319.68,451.477,13.8915
0.123098,0,0,15.9918,0.851953,-101045,-7220.97,395.109,70.0516,-115477,6318.52,451.541,13.896
0.123108,0,0,15.9918,0.852112,-101026,-7221.98,395.037,70.0556,-115493,6317.37,451.604,13.9005
0.123118,0,0,15.9918,0.852272,-101008,-7222.99,394.965,70.0595,-115509,6316.21,451.667,13.9051
0.123128,0,0,15.9918,0.852432,-100989,-7224,394.892,70.0635,-115525,6315.06,451.73,13.9096
0.123138,0,0,15.9918,0.852592,-100971,-7225.01,394.82,70.0674,-115541,6313.9,451.793,13.9141
0.123148,0,0,15.9918,0.852752,-100952,-7226.02,394.748,70.0714,-115557,6312.75,451.856,13.9186
0.123158,0,0,15.9918,0.852912,-100934,-7227.03,394.676,70.0753,-115573,6311.59,451.919,13.9231
0.123168,0,0,15.9918,0.853072,-100915,-7228.03,394.603,70.0792,-115590,6310.44,451.983,13.9277
0.123178,0,0,15.9918,0.853232,-100897,-7229.04,394.531,70.0832,-115606,6309.28,452.046,13.9322
0.123188,0,0,15.9918,0.853392,-100879,-7230.05,394.459,70.0871,-115622,6308.12,452.109,13.9367
0.123198,0,0,15.9918,0.853552,-100860,-7231.06,394.386,70.0911,-115638,6306.97,452.172,13.9412
0.123208,0,0,15.9918,0.853711,-100842,-7232.07,394.314,70.095,-115654,6305.81,452.235,13.9457
0.123218,0,0,15.9918,0.853871,-100823,-7233.08,394.242,70.099,-115670,6304.65,452.298,13.9503
0.123228,0,0,15.9918,0.854031,-100805,-7234.08,394.17,70.1029,-115686,6303.5,452.361,13.9548
0.123238,0,0,15.9918,0.854191,-100786,-7235.09,394.097,70.1069,-115702,6302.34,452.424,13.9593
0.123248,0,0,15.9918,0.854351,-100768,-7236.1,394.025,70.1108,-115719,6301.18,452.487,13.9638
0.123258,0,0,15.9918,0.854511,-100749,-7237.11,393.952,70.1147,-115735,6300.03,452.55,13.9684
0.123268,0,0,15.9918,0.854671,-100731,-7238.12,393.88,70.1187,-115751,6298.87,452.613,13.9729
0.123278,0,0,15.9918,0.854831,-100712,-7239.12,393.808,70.1226,-115767,6297.71,452.676,13.9774
0.123288,0,0,15.9918,0.854991,-100694,-7240.13,393.735,70.1265,-115783,6296.55,452.739,13.9819
0.123298,0,0,15.9918,0.85515,-100675,-7241.14,393.663,70.1305,-115799,6295.4,452.802,13.9865
0.123308,0,0,15.9918,0.85531,-100656,-7242.14,393.591,70.1344,-115815,6294.24,452.865,13.991
0.123318,0,0,15.9918,0.85547,-100638,-7243.15,393.518,70.1384,-115831,6293.08,452.928,13.9955
0.123328,0,0,15.9918,0.85563,-100619,-7244.15,393.446,70.1423,-115847,6291.92,452.991,14.0001
0.123338,0,0,15.9918,0.85579,-100601,-7245.16,393.373,70.1462,-115863,6290.76,453.053,14.0046
0.123348,0,0,15.9918,0.85595,-100582,-7246.17,393.301,70.1502,-115880,6289.61,453.116,14.0091
0.123358,0,0,15.9918,0.85611,-100564,-7247.17,393.228,70.1541,-115896,6288.45,453.179,14.0136
0.123368,0,0,15.9918,0.85627,-100545,-7248.18,393.156,70.158,-115912,6287.29,453.242,14.0182
0.123378,0,0,15.9918,0.85643,-100527,-7249.18,393.083,70.162,-115928,6286.13,453.305,14.0227
0.123388,0,0,15.9918,0.85659,-100508,-7250.19,393.011,70.1659,-115944,6284.97,453.368,14.0272
0.123398,0,0,15.9918,0.856749,-100490,-7251.19,392.938,70.1698,-115960,6283.81,453.431,14.0318
0.123408,0,0,15.9918,0.856909,-100471,-7252.2,392.866,70.1737,-115976,6282.65,453.494,14.0363
0.123418,0,0,15.9918,0.857069,-100453,-7253.2,392.793,70.1777,-115992,6281.49,453.556,14.0408
0.123428,0,0,15.9918,0.857229,-100434,-7254.21,392.721,70.1816,-116008,6280.33,453.619,14.0454
0.123438,0,0,15.9918,0.857389,-100416,-7255.21,392.648,70.1855,-116024,6279.17,453.682,14.0499
0.123448,0,0,15.9918,0.857549,-100397,-7256.21,392.576,70.1895,-116040,6278.01,453.745,14.0545
0.123458,0,0,15.9918,0.857709,-100378,-7257.22,392.503,70.1934,-116056,6276.85,453.807,14.059
0.123468,0,0,15.9918,0.857869,-100360,-7258.22,392.431,70.1973,-116072,6275.69,453.87,14.0635
0.123478,0,0,15.9918,0.858029,-100341,-7259.23,392.358,70.2012,-116088,6274.53,453.933,14.0681
0.123488,0,0,15.9918,0.858189,-100323,-7260.23,392.286,70.2052,-116104,6273.37,453.996,14.0726
0.123498,0,0,15.9918,0.858348,-100304,-7261.23,392.213,70.2091,-116120,6272.21,454.058,14.0772
0.123508,0,0,15.9918,0.858508,-100286,-7262.23,392.14,70.213,-116137,6271.05,454.121,14.0817
0.123518,0,0,15.9918,0.858668,-100267,-7263.24,392.068,70.2169,-116153,6269.89,454.184,14.0862
0.123528,0,0,15.9918,0.858828,-100248,-7264.24,391.995,70.2208,-116169,6268.72,454.247,14.0908
0.123538,0,0,15.9918,0.858988,-100230,-7265.24,391.922,70.2248,-116185,6267.56,454.309,14.0953
0.123548,0,0,15.9918,0.859148,-100211,-7266.24,391.85,70.2287,-116201,6266.4,454.372,14.0999
0.123558,0,0,15.9918,0.859308,-100193,-7267.25,391.777,70.2326,-116217,6265.24,454.434,14.1044
0.123568,0,0,15.9918,0.859468,-100174,-7268.25,391.704,70.2365,-116233,6264.08,454.497,14.109
0.123578,0,0,15.9918,0.859628,-100156,-7269.25,391.632,70.2404,-116249,6262.91,454.56,14.1135
0.123588,0,0,15.9918,0.859788,-100137,-7270.25,391.559,70.2443,-116265,6261.75,454.622,14.118
0.123598,0,0,15.9918,0.859947,-100118,-7271.25,391.486,70.2483,-116281,6260.59,454.685,14.1226
0.123608,0,0,15.9918,0.860107,-100100,-7272.25,391.414,70.2522,-116297,6259.43,454.748,14.1271
0.123618,0,0,15.9918,0.860267,-100081,-7273.25,391.341,70.2561,-116313,6258.26,454.81,14.1317
0.123628,0,0,15.9918,0.860427,-100063,-7274.25,391.268,70.26,-116329,6257.1,454.873,14.1362
0.123638,0,0,15.9918,0.860587,-100044,-7275.25,391.195,70.2639,-116345,6255.94,454.935,14.1408
0.123648,0,0,15.9918,0.860747,-100025,-7276.25,391.123,70.2678,-116361,6254.77,454.998,14.1453
0.123658,0,0,15.9918,0.860907,-100007,-7277.25,391.05,70.2717,-116377,6253.61,455.06,14.1499
0.123668,0,0,15.9918,0.861067,-99988.2,-7278.25,390.977,70.2757,-116393,6252.45,455.123,14.1544
0.123678,0,0,15.9918,0.861227,-99969.5,-7279.25,390.904,70.2796,-116409,6251.28,455.185,14.159
0.123688,0,0,15.9918,0.861387,-99950.9,-7280.25,390.832,70.2835,-116425,6250.12,455.248,14.1635
0.123698,0,0,15.9918,0.861546,-99932.3,-7281.25,390.759,70.2874,-116441,6248.96,455.31,14.1681
0.123708,0,0,15.9918,0.861706,-99913.7,-7282.25,390.686,70.2913,-116457,6247.79,455.373,14.1726
0.123718,0,0,15.9918,0.861866,-99895.1,-7283.25,390.613,70.2952,-116473,6246.63,455.435,14.1772
0.123728,0,0,15.9918,0.862026,-99876.4,-7284.25,390.54,70.2991,-116489,6245.46,455.498,14.1818
0.123738,0,0,15.9918,0.862186,-99857.8,-7285.25,390.468,70.303,-116505,6244.3,455.56,14.1863
0.123748,0,0,15.9918,0.862346,-99839.2,-7286.25,390.395,70.3069,-116521,6243.13,455.623,14.1909
0.123758,0,0,15.9918,0.862506,-99820.5,-7287.24,390.322,70.3108,-116536,6241.97,455.685,14.1954
0.123768,0,0,15.9918,0.862666,-99801.9,-7288.24,390.249,70.3147,-116552,6240.8,455.747,14.2
0.123778,0,0,15.9918,0.862826,-99783.3,-7289.24,390.176,70.3186,-116568,6239.64,455.81,14.2045
0.123788,0,0,15.9918,0.862985,-99764.6,-7290.24,390.103,70.3225,-116584,6238.47,455.872,14.2091
0.123798,0,0,15.9918,0.863145,-99746,-7291.23,390.03,70.3264,-116600,6237.3,455.935,14.2137
0.123808,0,0,15.9918,0.863305,-99727.4,-7292.23,389.957,70.3303,-116616,6236.14,455.997,14.2182
0.123818,0,0,15.9918,0.863465,-99708.7,-7293.23,389.885,70.3342,-116632,6234.97,456.059,14.2228
0.123828,0,0,15.9918,0.863625,-99690.1,-7294.23,389.812,70.3381,-116648,6233.81,456.122,14.2273
0.123838,0,0,15.9918,0.863785,-99671.4,-7295.22,389.739,70.342,-116664,6232.64,456.184,14.2319
0.123848,0,0,15.9918,0.863945,-99652.7,-7296.22,389.666,70.3459,-116680,6231.47,456.246,14.2365
0.123858,0,0,15.9918,0.864105,-99634.1,-7297.22,389.593,70.3498,-116696,6230.31,456.309,14.241
0.123868,0,0,15.9918,0.864265,-99615.4,-7298.21,389.52,70.3537,-116712,6229.14,456.371,14.2456
0.123878,0,0,15.9918,0.864425,-99596.8,-7299.21,389.447,70.3576,-116728,6227.97,456.433,14.2501
0.123888,0,0,15.9918,0.864584,-99578.1,-7300.2,389.374,70.3615,-116744,6226.81,456.495,14.2547
0.123898,0,0,15.9918,0.864744,-99559.4,-7301.2,389.301,70.3654,-116760,6225.64,456.558,14.2593
0.123908,0,0,15.9918,0.864904,-99540.8,-7302.19,389.228,70.3693,-116776,6224.47,456.62,14.2638
0.123918,0,0,15.9918,0.865064,-99522.1,-7303.19,389.155,70.3732,-116791,6223.3,456.682,14.2684
0.123928,0,0,15.9918,0.865224,-99503.4,-7304.18,389.082,70.3771,-116807,6222.14,456.744,14.273
0.123938,0,0,15.9918,0.865384,-99484.7,-7305.18,389.009,70.381,-116823,6220.97,456.807,14.2775
0.123948,0,0,15.9918,0.865544,-99466,-7306.17,388.936,70.3848,-116839,6219.8,456.869,14.2821
0.123958,0,0,15.9918,0.865704,-99447.4,-7307.17,388.863,70.3887,-116855,6218.63,456.931,14.2867
0.123968,0,0,15.9918,0.865864,-99428.7,-7308.16,388.79,70.3926,-116871,6217.46,456.993,14.2913
0.123978,0,0,15.9918,0.866024,-99410,-7309.16,388.716,70.3965,-116887,6216.29,457.055,14.2958
0.123988,0,0,15.9918,0.866183,-99391.3,-7310.15,388.643,70.4004,-116903,6215.12,457.117,14.3004
0.123998,0,0,15.9918,0.866343,-99372.6,-7311.14,388.57,70.4043,-116919,6213.96,457.18,14.305
0.124008,0,0,15.9918,0.866503,-99353.9,-7312.14,388.497,70.4082,-116935,6212.79,457.242,14.3095
0.124018,0,0,15.9918,0.866663,-99335.2,-7313.13,388.424,70.412,-116950,6211.62,457.304,14.3141
0.124028,0,0,15.9918,0.866823,-99316.5,-7314.12,388.351,70.4159,-116966,6210.45,457.366,14.3187
0.124038,0,0,15.9918,0.866983,-99297.8,-7315.12,388.278,70.4198,-116982,6209.28,457.428,14.3233
0.124048,0,0,15.9918,0.867143,-99279.1,-7316.11,388.205,70.4237,-116998,6208.11,457.49,14.3278
0.124058,0,0,15.9918,0.867303,-99260.4,-7317.1,388.132,70.4276,-117014,6206.94,457.552,14.3324
0.124068,0,0,15.9918,0.867463,-99241.7,-7318.09,388.058,70.4315,-117030,6205.77,457.614,14.337
0.124078,0,0,15.9918,0.867622,-99223,-7319.09,387.985,70.4353,-117046,6204.6,457.676,14.3416
0.124088,0,0,15.9918,0.867782,-99204.3,-7320.08,387.912,70.4392,-117062,6203.43,457.738,14.3461
0.124098,0,0,15.9918,0.867942,-99185.5,-7321.07,387.839,70.4431,-117077,6202.26,457.8,14.3507
0.124108,0,0,15.9918,0.868102,-99166.8,-7322.06,387.766,70.447,-117093,6201.09,457.862,14.3553
0.124118,0,0,15.9918,0.868262,-99148.1,-7323.05,387.692,70.4509,-117109,6199.92,457.924,14.3599
0.124128,0,0,15.9918,0.868422,-99129.4,-7324.04,387.619,70.4547,-117125,6198.74,457.986,14.3644
0.124138,0,0,15.9918,0.868582,-99110.6,-7325.04,387.546,70.4586,-117141,6197.57,458.048,14.369
0.124148,0,0,15.9918,0.868742,-99091.9,-7326.03,387.473,70.4625,-117157,6196.4,458.11,14.3736
0.124158,0,0,15.9918,0.868902,-99073.2,-7327.02,387.399,70.4664,-117173,6195.23,458.172,14.3782
0.124168,0,0,15.9918,0.869062,-99054.4,-7328.01,387.326,70.4702,-117188,6194.06,458.234,14.3828
0.124178,0,0,15.9918,0.869221,-99035.7,-7329,387.253,70.4741,-117204,6192.89,458.296,14.3874
0.124188,0,0,15.9918,0.869381,-99016.9,-7329.99,387.18,70.478,-117220,6191.72,458.358,14.3919
0.124198,0,0,15.9918,0.869541,-98998.2,-7330.98,387.106,70.4818,-117236,6190.54,458.42,14.3965
0.124208,0,0,15.9918,0.869701,-98979.5,-7331.97,387.033,70.4857,-117252,6189.37,458.482,14.4011
0.124218,0,0,15.9918,0.869861,-98960.7,-7332.96,386.96,70.4896,-117268,6188.2,458.544,14.4057
0.124228,0,0,15.9918,0.870021,-98941.9,-7333.95,386.886,70.4935,-117283,6187.03,458.605,14.4103
0.124238,0,0,15.9918,0.870181,-98923.2,-7334.94,386.813,70.4973,-117299,6185.85,458.667,14.4149
0.124248,0,0,15.9918,0.870341,-98904.4,-7335.93,386.74,70.5012,-117315,6184.68,458.729,14.4195
0.124258,0,0,15.9918,0.870501,-98885.7,-7336.91,386.666,70.5051,-117331,6183.51,458.791,14.424
0.124268,0,0,15.9918,0.870661,-98866.9,-7337.9,386.593,70.5089,-117347,6182.33,458.853,14.4286
0.124278,0,0,15.9918,0.87082,-98848.2,-7338.89,386.52,70.5128,-117362,6181.16,458.915,14.4332
0.124288,0,0,15.9918,0.87098,-98829.4,-7339.88,386.446,70.5167,-117378,6179.99,458.976,14.4378
0.124298,0,0,15.9918,0.87114,-98810.6,-7340.87,386.373,70.5205,-117394,6178.81,459.038,14.4424
0.124308,0,0,15.9918,0.8713,-98791.9,-7341.86,386.299,70.5244,-117410,6177.64,459.1,14.447
0.124318,0,0,15.9918,0.87146,-98773.1,-7342.84,386.226,70.5282,-117426,6176.47,459.162,14.4516
0.124328,0,0,15.9918,0.87162,-98754.3,-7343.83,386.153,70.5321,-117441,6175.29,459.224,14.4562
0.124338,0,0,15.9918,0.87178,-98735.5,-7344.82,386.079,70.536,-117457,6174.12,459.285,14.4608
0.124348,0,0,15.9918,0.87194,-98716.7,-7345.8,386.006,70.5398,-117473,6172.94,459.347,14.4654
0.124358,0,0,15.9918,0.8721,-98697.9,-7346.79,385.932,70.5437,-117489,6171.77,459.409,14.47
0.124368,0,0,15.9918,0.872259,-98679.2,-7347.78,385.859,70.5475,-117505,6170.59,459.47,14.4745
0.124378,0,0,15.9918,0.872419,-98660.4,-7348.77,385.785,70.5514,-117520,6169.42,459.532,14.4791
0.124388,0,0,15.9918,0.872579,-98641.6,-7349.75,385.712,70.5553,-117536,6168.24,459.594,14.4837
0.124398,0,0,15.9918,0.872739,-98622.8,-7350.74,385.638,70.5591,-117552,6167.07,459.655,14.4883
0.124408,0,0,15.9918,0.872899,-98604,-7351.72,385.565,70.563,-117568,6165.89,459.717,14.4929
0.124418,0,0,15.9918,0.873059,-98585.2,-7352.71,385.491,70.5668,-117583,6164.72,459.779,14.4975
0.124428,0,0,15.9918,0.873219,-98566.4,-7353.69,385.418,70.5707,-117599,6163.54,459.84,14.5021
0.124438,0,0,15.9918,0.873379,-98547.6,-7354.68,385.344,70.5745,-117615,6162.36,459.902,14.5067
0.124448,0,0,15.9918,0.873539,-98528.8,-7355.67,385.271,70.5784,-117631,6161.19,459.964,14.5113
0.124458,0,0,15.9918,0.873699,-98510,-7356.65,385.197,70.5822,-117646,6160.01,460.025,14.5159
0.124468,0,0,15.9918,0.873858,-98491.2,-7357.64,385.124,70.5861,-117662,6158.84,460.087,14.5205
0.124478,0,0,15.9918,0.874018,-98472.3,-7358.62,385.05,70.59,-117678,6157.66,460.148,14.5251
0.124488,0,0,15.9918,0.874178,-98453.5,-7359.61,384.976,70.5938,-117694,6156.48,460.21,14.5297
0.124498,0,0,15.9918,0.874338,-98434.7,-7360.59,384.903,70.5977,-117709,6155.31,460.271,14.5343
0.124508,0,0,15.9918,0.874498,-98415.9,-7361.57,384.829,70.6015,-117725,6154.13,460.333,14.5389
0.124518,0,0,15.9918,0.874658,-98397,-7362.56,384.756,70.6053,-117741,6152.95,460.395,14.5435
0.124528,0,0,15.9918,0.874818,-98378.2,-7363.54,384.682,70.6092,-117757,6151.77,460.456,14.5481
0.124538,0,0,15.9918,0.874978,-98359.4,-7364.52,384.608,70.613,-117772,6150.6,460.518,14.5527
0.124548,0,0,15.9918,0.875138,-98340.6,-7365.51,384.535,70.6169,-117788,6149.42,460.579,14.5574
0.124558,0,0,15.9918,0.875298,-98321.7,-7366.49,384.461,70.6207,-117804,6148.24,460.641,14.562
0.124568,0,0,15.9918,0.875457,-98302.9,-7367.47,384.387,70.6246,-117820,6147.06,460.702,14.5666
0.124578,0,0,15.9918,0.875617,-98284,-7368.46,384.314,70.6284,-117835,6145.88,460.763,14.5712
0.124588,0,0,15.9918,0.875777,-98265.2,-7369.44,384.24,70.6323,-117851,6144.71,460.825,14.5758
0.124598,0,0,15.9918,0.875937,-98246.3,-7370.42,384.166,70.6361,-117867,6143.53,460.886,14.5804
0.124608,0,0,15.9918,0.876097,-98227.5,-7371.41,384.093,70.6399,-117882,6142.35,460.948,14.585
0.124618,0,0,15.9918,0.876257,-98208.7,-7372.39,384.019,70.6438,-117898,6141.17,461.009,14.5896
0.124628,0,0,15.9918,0.876417,-98189.8,-7373.37,383.945,70.6476,-117914,6139.99,461.071,14.5942
0.124638,0,0,15.9918,0.876577,-98170.9,-7374.35,383.871,70.6515,-117929,6138.81,461.132,14.5988
0.124648,0,0,15.9918,0.876737,-98152.1,-7375.33,383.798,70.6553,-117945,6137.63,461.193,14.6034
0.124658,0,0,15.9918,0.876897,-98133.2,-7376.31,383.724,70.6591,-117961,6136.46,461.255,14.6081
0.124668,0,0,15.9918,0.877056,-98114.4,-7377.29,383.65,70.663,-117977,6135.27,461.316,14.6127
0.124678,0,0,15.9918,0.877216,-98095.5,-7378.27,383.576,70.6668,-117992,6134.1,461.377,14.6173
0.124688,0,0,15.9918,0.877376,-98076.6,-7379.26,383.503,70.6706,-118008,6132.92,461.439,14.6219
0.124698,0,0,15.9918,0.877536,-98057.8,-7380.24,383.429,70.6745,-118024,6131.74,461.5,14.6265
0.124708,0,0,15.9918,0.877696,-98038.9,-7381.22,383.355,70.6783,-118039,6130.56,461.561,14.6311
0.124718,0,0,15.9918,0.877856,-98020,-7382.2,383.281,70.6822,-118055,6129.38,461.623,14.6357
0.124728,0,0,15.9918,0.878016,-98001.1,-7383.18,383.208,70.686,-118071,6128.19,461.684,14.6404
0.124738,0,0,15.9918,0.878176,-97982.2,-7384.16,383.134,70.6898,-118086,6127.01,461.745,14.645
0.124748,0,0,15.9918,0.878336,-97963.4,-7385.14,383.06,70.6936,-118102,6125.83,461.806,14.6496
0.124758,0,0,15.9918,0.878496,-97944.5,-7386.12,382.986,70.6975,-118118,6124.65,461.868,14.6542
0.124768,0,0,15.9918,0.878655,-97925.6,-7387.09,382.912,70.7013,-118133,6123.47,461.929,14.6588
0.124778,0,0,15.9918,0.878815,-97906.7,-7388.07,382.838,70.7051,-118149,6122.29,461.99,14.6634
0.124788,0,0,15.9918,0.878975,-97887.8,-7389.05,382.764,70.709,-118165,6121.11,462.051,14.6681
0.124798,0,0,15.9918,0.879135,-97868.9,-7390.03,382.69,70.7128,-118180,6119.93,462.113,14.6727
0.124808,0,0,15.9918,0.879295,-97850,-7391.01,382.617,70.7166,-118196,6118.75,462.174,14.6773
0.124818,0,0,15.9918,0.879455,-97831.1,-7391.99,382.543,70.7204,-118212,6117.56,462.235,14.6819
0.124828,0,0,15.9918,0.879615,-97812.2,-7392.97,382.469,70.7243,-118227,6116.38,462.296,14.6866
0.124838,0,0,15.9918,0.879775,-97793.3,-7393.94,382.395,70.7281,-118243,6115.2,462.357,14.6912
0.124848,0,0,15.9918,0.879935,-97774.4,-7394.92,382.321,70.7319,-118258,6114.02,462.418,14.6958
0.124858,0,0,15.9918,0.880095,-97755.5,-7395.9,382.247,70.7357,-118274,6112.83,462.479,14.7004
0.124868,0,0,15.9918,0.880254,-97736.6,-7396.88,382.173,70.7396,-118290,6111.65,462.541,14.705
0.124878,0,0,15.9918,0.880414,-97717.7,-7397.85,382.099,70.7434,-118305,6110.47,462.602,14.7097
0.124888,0,0,15.9918,0.880574,-97698.7,-7398.83,382.025,70.7472,-118321,6109.29,462.663,14.7143
0.124898,0,0,15.9918,0.880734,-97679.8,-7399.81,381.951,70.751,-118337,6108.1,462.724,14.7189
0.124908,0,0,15.9918,0.880894,-97660.9,-7400.78,381.877,70.7548,-118352,6106.92,462.785,14.7236
0.124918,0,0,15.9918,0.881054,-97642,-7401.76,381.803,70.7587,-118368,6105.74,462.846,14.7282
0.124928,0,0,15.9918,0.881214,-97623,-7402.74,381.729,70.7625,-118383,6104.55,462.907,14.7328
0.124938,0,0,15.9918,0.881374,-97604.1,-7403.71,381.655,70.7663,-118399,6103.37,462.968,14.7374
0.124948,0,0,15.9918,0.881534,-97585.2,-7404.69,381.581,70.7701,-118415,6102.18,463.029,14.7421
0.124958,0,0,15.9918,0.881693,-97566.2,-7405.66,381.507,70.7739,-118430,6101,463.09,14.7467
0.124968,0,0,15.9918,0.881853,-97547.3,-7406.64,381.433,70.7777,-118446,6099.82,463.151,14.7513
0.124978,0,0,15.9918,0.882013,-97528.4,-7407.61,381.359,70.7815,-118461,6098.63,463.212,14.756
0.124988,0,0,15.9918,0.882173,-97509.4,-7408.59,381.285,70.7854,-118477,6097.45,463.273,14.7606
0.124998,0,0,15.9918,0.882333,-97490.5,-7409.56,381.211,70.7892,-118493,6096.26,463.334,14.7652
0.125008,0,0,15.9918,0.882493,-97471.5,-7410.54,381.137,70.793,-118508,6095.08,463.395,14.7699
0.125018,0,0,15.9918,0.882653,-97452.6,-7411.51,381.063,70.7968,-118524,6093.89,463.456,14.7745
0.125028,0,0,15.9918,0.882813,-97433.6,-7412.49,380.988,70.8006,-118539,6092.71,463.517,14.7791
0.125038,0,0,15.9918,0.882973,-97414.7,-7413.46,380.914,70.8044,-118555,6091.52,463.578,14.7838
0.125048,0,0,15.9918,0.883133,-97395.7,-7414.44,380.84,70.8082,-118571,6090.34,463.639,14.7884
0.125058,0,0,15.9918,0.883292,-97376.8,-7415.41,380.766,70.812,-118586,6089.15,463.699,14.793
0.125068,0,0,15.9918,0.883452,-97357.8,-7416.38,380.692,70.8158,-118602,6087.97,463.76,14.7977
0.125078,0,0,15.9918,0.883612,-97338.8,-7417.36,380.618,70.8196,-118617,6086.78,463.821,14.8023
0.125088,0,0,15.9918,0.883772,-97319.9,-7418.33,380.544,70.8235,-118633,6085.59,463.882,14.807
0.125098,0,0,15.9918,0.883932,-97300.9,-7419.3,380.469,70.8273,-118648,6084.41,463.943,14.8116
0.125108,0,0,15.9918,0.884092,-97281.9,-7420.28,380.395,70.8311,-118664,6083.22,464.004,14.8162
0.125118,0,0,15.9918,0.884252,-97262.9,-7421.25,380.321,70.8349,-118679,6082.03,464.065,14.8209
0.125128,0,0,15.9918,0.884412,-97244,-7422.22,380.247,70.8387,-118695,6080.85,464.125,14.8255
0.125138,0,0,15.9918,0.884572,-97225,-7423.19,380.173,70.8425,-118711,6079.66,464.186,14.8302
0.125148,0,0,15.9918,0.884732,-97206,-7424.17,380.098,70.8463,-118726,6078.47,464.247,14.8348
0.125158,0,0,15.9918,0.884891,-97187,-7425.14,380.024,70.8501,-118742,6077.29,464.308,14.8394
0.125168,0,0,15.9918,0.885051,-97168,-7426.11,379.95,70.8539,-118757,6076.1,464.368,14.8441
0.125178,0,0,15.9918,0.885211,-97149,-7427.08,379.876,70.8577,-118773,6074.91,464.429,14.8487
0.125188,0,0,15.9918,0.885371,-97130,-7428.05,379.801,70.8615,-118788,6073.72,464.49,14.8534
0.125198,0,0,15.9918,0.885531,-97111.1,-7429.02,379.727,70.8653,-118804,6072.54,464.551,14.858
0.125208,0,0,15.9918,0.885691,-97092.1,-7429.99,379.653,70.8691,-118819,6071.35,464.611,14.8627
0.125218,0,0,15.9918,0.885851,-97073.1,-7430.96,379.578,70.8729,-118835,6070.16,464.672,14.8673
0.125228,0,0,15.9918,0.886011,-97054.1,-7431.93,379.504,70.8767,-118850,6068.97,464.733,14.872
0.125238,0,0,15.9918,0.886171,-97035,-7432.9,379.43,70.8805,-118866,6067.78,464.793,14.8766
0.125248,0,0,15.9918,0.88633,-97016,-7433.88,379.356,70.8842,-118881,6066.6,464.854,14.8813
0.125258,0,0,15.9918,0.88649,-96997,-7434.84,379.281,70.888,-118897,6065.41,464.915,14.8859
0.125268,0,0,15.9918,0.88665,-96978,-7435.81,379.207,70.8918,-118912,6064.22,464.975,14.8906
0.125278,0,0,15.9918,0.88681,-96959,-7436.78,379.133,70.8956,-118928,6063.03,465.036,14.8952
0.125288,0,0,15.9918,0.88697,-96940,-7437.75,379.058,70.8994,-118943,6061.84,465.097,14.8999
0.125298,0,0,15.9918,0.88713,-96921,-7438.72,378.984,70.9032,-118959,6060.65,465.157,14.9045
0.125308,0,0,15.9918,0.88729,-96901.9,-7439.69,378.909,70.907,-118974,6059.46,465.218,14.9092
0.125318,0,0,15.9918,0.88745,-96882.9,-7440.66,378.835,70.9108,-118990,6058.27,465.278,14.9138
0.125328,0,0,15.9918,0.88761,-96863.9,-7441.63,378.761,70.9146,-119005,6057.08,465.339,14.9185
0.125338,0,0,15.9918,0.88777,-96844.9,-7442.6,378.686,70.9184,-119021,6055.89,465.4,14.9231
0.125348,0,0,15.9918,0.887929,-96825.8,-7443.57,378.612,70.9221,-119036,6054.7,465.46,14.9278
0.125358,0,0,15.9918,0.888089,-96806.8,-7444.53,378.537,70.9259,-119052,6053.51,465.521,14.9324
0.125368,0,0,15.9918,0.888249,-96787.8,-7445.5,378.463,70.9297,-119067,6052.32,465.581,14.9371
0.125378,0,0,15.9918,0.888409,-96768.7,-7446.47,378.388,70.9335,-119083,6051.13,465.642,14.9417
0.125388,0,0,15.9918,0.888569,-96749.7,-7447.44,378.314,70.9373,-119098,6049.94,465.702,14.9464
0.125398,0,0,15.9918,0.888729,-96730.6,-7448.4,378.24,70.9411,-119114,6048.75,465.763,14.951
0.125408,0,0,15.9918,0.888889,-96711.6,-7449.37,378.165,70.9448,-119129,6047.56,465.823,14.9557
0.125418,0,0,15.9918,0.889049,-96692.5,-7450.34,378.091,70.9486,-119145,6046.37,465.884,14.9604
0.125428,0,0,15.9918,0.889209,-96673.5,-7451.3,378.016,70.9524,-119160,6045.17,465.944,14.965
0.125438,0,0,15.9918,0.889369,-96654.4,-7452.27,377.942,70.9562,-119176,6043.98,466.004,14.9697
0.125448,0,0,15.9918,0.889528,-96635.4,-7453.24,377.867,70.96,-119191,6042.79,466.065,14.9743
0.125458,0,0,15.9918,0.889688,-96616.3,-7454.2,377.793,70.9637,-119206,6041.6,466.125,14.979
0.125468,0,0,15.9918,0.889848,-96597.2,-7455.17,377.718,70.9675,-119222,6040.41,466.186,14.9837
0.125478,0,0,15.9918,0.890008,-96578.2,-7456.13,377.643,70.9713,-119237,6039.21,466.246,14.9883
0.125488,0,0,15.9918,0.890168,-96559.1,-7457.1,377.569,70.9751,-119253,6038.02,466.307,14.993
0.125498,0,0,15.9918,0.890328,-96540.1,-7458.07,377.494,70.9789,-119268,6036.83,466.367,14.9977
0.125508,0,0,15.9918,0.890488,-96521,-7459.03,377.42,70.9826,-119284,6035.64,466.427,15.0023
0.125518,0,0,15.9918,0.890648,-96501.9,-7460,377.345,70.9864,-119299,6034.44,466.488,15.007
0.125528,0,0,15.9918,0.890808,-96482.8,-7460.96,377.271,70.9902,-119315,6033.25,466.548,15.0117
0.125538,0,0,15.9918,0.890967,-96463.8,-7461.93,377.196,70.9939,-119330,6032.06,466.608,15.0163
0.125548,0,0,15.9918,0.891127,-96444.7,-7462.89,377.121,70.9977,-119345,6030.87,466.668,15.021
0.125558,0,0,15.9918,0.891287,-96425.6,-7463.85,377.047,71.0015,-119361,6029.67,466.729,15.0256
0.125568,0,0,15.9918,0.891447,-96406.5,-7464.82,376.972,71.0053,-119376,6028.48,466.789,15.0303
0.125578,0,0,15.9918,0.891607,-96387.4,-7465.78,376.897,71.009,-119392,6027.29,466.849,15.035
0.125588,0,0,15.9918,0.891767,-96368.3,-7466.75,376.823,71.0128,-119407,6026.09,466.91,15.0397
0.125598,0,0,15.9918,0.891927,-96349.2,-7467.71,376.748,71.0166,-119422,6024.9,466.97,15.0443
0.125608,0,0,15.9918,0.892087,-96330.1,-7468.67,376.673,71.0203,-119438,6023.7,467.03,15.049
0.125618,0,0,15.9918,0.892247,-96311,-7469.64,376.599,71.0241,-119453,6022.51,467.09,15.0537
0.125628,0,0,15.9918,0.892407,-96291.9,-7470.6,376.524,71.0279,-119469,6021.31,467.151,15.0583
0.125638,0,0,15.9918,0.892566,-96272.8,-7471.56,376.449,71.0316,-119484,6020.12,467.211,15.063
0.125648,0,0,15.9918,0.892726,-96253.7,-7472.52,376.375,71.0354,-119499,6018.92,467.271,15.0677
0.125658,0,0,15.9918,0.892886,-96234.6,-7473.49,376.3,71.0392,-119515,6017.73,467.331,15.0724
0.125668,0,0,15.9918,0.893046,-96215.5,-7474.45,376.225,71.0429,-119530,6016.54,467.391,15.077
0.125678,0,0,15.9918,0.893206,-96196.4,-7475.41,376.15,71.0467,-119546,6015.34,467.451,15.0817
0.125688,0,0,15.9918,0.893366,-96177.3,-7476.37,376.076,71.0504,-119561,6014.14,467.512,15.0864
0.125698,0,0,15.9918,0.893526,-96158.1,-7477.33,376.001,71.0542,-119576,6012.95,467.572,15.0911
0.125708,0,0,15.9918,0.893686,-96139,-7478.29,375.926,71.058,-119592,6011.75,467.632,15.0957
0.125718,0,0,15.9918,0.893846,-96119.9,-7479.26,375.851,71.0617,-119607,6010.56,467.692,15.1004
0.125728,0,0,15.9918,0.894006,-96100.8,-7480.22,375.777,71.0655,-119622,6009.36,467.752,15.1051
0.125738,0,0,15.9918,0.894165,-96081.6,-7481.18,375.702,71.0692,-119638,6008.17,467.812,15.1098
0.125748,0,0,15.9918,0.894325,-96062.5,-7482.14,375.627,71.073,-119653,6006.97,467.872,15.1144
0.125758,0,0,15.9918,0.894485,-96043.4,-7483.1,375.552,71.0767,-119669,6005.77,467.932,15.1191
0.125768,0,0,15.9918,0.894645,-96024.2,-7484.06,375.477,71.0805,-119684,6004.58,467.992,15.1238
0.125778,0,0,15.9918,0.894805,-96005.1,-7485.02,375.403,71.0843,-119699,6003.38,468.052,15.1285
0.125788,0,0,15.9918,0.894965,-95986,-7485.98,375.328,71.088,-119715,6002.18,468.112,15.1332
0.125798,0,0,15.9918,0.895125,-95966.8,-7486.94,375.253,71.0918,-119730,6000.99,468.172,15.1378
0.125808,0,0,15.9918,0.895285,-95947.7,-7487.9,375.178,71.0955,-119745,5999.79,468.232,15.1425
0.125818,0,0,15.9918,0.895445,-95928.5,-7488.86,375.103,71.0993,-119761,5998.59,468.292,15.1472
0.125828,0,0,15.9918,0.895604,-95909.4,-7489.82,375.028,71.103,-119776,5997.39,468.352,15.1519
0.125838,0,0,15.9918,0.895764,-95890.2,-7490.78,374.953,71.1068,-119791,5996.2,468.412,15.1566
0.125848,0,0,15.9918,0.895924,-95871.1,-7491.73,374.878,71.1105,-119807,5995,468.472,15.1613
0.125858,0,0,15.9918,0.896084,-95851.9,-7492.69,374.804,71.1143,-119822,5993.8,468.532,15.1659
0.125868,0,0,15.9918,0.896244,-95832.8,-7493.65,374.729,71.118,-119837,5992.6,468.592,15.1706
0.125878,0,0,15.9918,0.896404,-95813.6,-7494.61,374.654,71.1218,-119853,5991.4,468.652,15.1753
0.125888,0,0,15.9918,0.896564,-95794.4,-7495.57,374.579,71.1255,-119868,5990.2,468.712,15.18
0.125898,0,0,15.9918,0.896724,-95775.3,-7496.52,374.504,71.1292,-119883,5989.01,468.772,15.1847
0.125908,0,0,15.9918,0.896884,-95756.1,-7497.48,374.429,71.133,-119899,5987.81,468.832,15.1894
0.125918,0,0,15.9918,0.897044,-95736.9,-7498.44,374.354,71.1367,-119914,5986.61,468.891,15.1941
0.125928,0,0,15.9918,0.897204,-95717.7,-7499.4,374.279,71.1405,-119929,5985.41,468.951,15.1987
0.125938,0,0,15.9918,0.897363,-95698.6,-7500.35,374.204,71.1442,-119944,5984.21,469.011,15.2034
0.125948,0,0,15.9918,0.897523,-95679.4,-7501.31,374.129,71.148,-119960,5983.01,469.071,15.2081
0.125958,0,0,15.9918,0.897683,-95660.2,-7502.27,374.054,71.1517,-119975,5981.81,469.131,15.2128
0.125968,0,0,15.9918,0.897843,-95641,-7503.22,373.979,71.1554,-119990,5980.61,469.191,15.2175
0.125978,0,0,15.9918,0.898003,-95621.8,-7504.18,373.904,71.1592,-120006,5979.41,469.25,15.2222
0.125988,0,0,15.9918,0.898163,-95602.6,-7505.13,373.829,71.1629,-120021,5978.21,469.31,15.2269
0.125998,0,0,15.9918,0.898323,-95583.4,-7506.09,373.754,71.1667,-120036,5977.01,469.37,15.2316
0.126008,0,0,15.9918,0.898483,-95564.2,-7507.05,373.679,71.1704,-120052,5975.81,469.43,15.2363
0.126018,0,0,15.9918,0.898643,-95545.1,-7508,373.604,71.1741,-120067,5974.61,469.489,15.241
0.126028,0,0,15.9918,0.898802,-95525.8,-7508.96,373.529,71.1779,-120082,5973.41,469.549,15.2457
0.126038,0,0,15.9918,0.898962,-95506.6,-7509.91,373.453,71.1816,-120097,5972.21,469.609,15.2504
0.126048,0,0,15.9918,0.899122,-95487.4,-7510.87,373.378,71.1853,-120113,5971.01,469.669,15.2551
0.126058,0,0,15.9918,0.899282,-95468.2,-7511.82,373.303,71.1891,-120128,5969.81,469.728,15.2598
0.126068,0,0,15.9918,0.899442,-95449,-7512.78,373.228,71.1928,-120143,5968.61,469.788,15.2645
0.126078,0,0,15.9918,0.899602,-95429.8,-7513.73,373.153,71.1965,-120158,5967.41,469.848,15.2692
0.126088,0,0,15.9918,0.899762,-95410.6,-7514.68,373.078,71.2003,-120174,5966.2,469.907,15.2739
0.126098,0,0,15.9918,0.899922,-95391.4,-7515.64,373.003,71.204,-120189,5965,469.967,15.2786
0.126108,0,0,15.9918,0.900082,-95372.2,-7516.59,372.928,71.2077,-120204,5963.8,470.027,15.2833
0.126118,0,0,15.9918,0.900242,-95352.9,-7517.55,372.852,71.2115,-120219,5962.6,470.086,15.288
0.126128,0,0,15.9918,0.900401,-95333.7,-7518.5,372.777,71.2152,-120235,5961.4,470.146,15.2927
0.126138,0,0,15.9918,0.900561,-95314.5,-7519.45,372.702,71.2189,-120250,5960.19,470.205,15.2974
0.126148,0,0,15.9918,0.900721,-95295.3,-7520.4,372.627,71.2226,-120265,5958.99,470.265,15.3021
0.126158,0,0,15.9918,0.900881,-95276,-7521.36,372.552,71.2264,-120280,5957.79,470.325,15.3068
0.126168,0,0,15.9918,0.901041,-95256.8,-7522.31,372.477,71.2301,-120296,5956.59,470.384,15.3115
0.126178,0,0,15.9918,0.901201,-95237.6,-7523.26,372.401,71.2338,-120311,5955.38,470.444,15.3162
0.126188,0,0,15.9918,0.901361,-95218.3,-7524.21,372.326,71.2375,-120326,5954.18,470.503,15.3209
0.126198,0,0,15.9918,0.901521,-95199.1,-7525.17,372.251,71.2413,-120341,5952.98,470.563,15.3256
0.126208,0,0,15.9918,0.901681,-95179.9,-7526.12,372.176,71.245,-120357,5951.77,470.622,15.3303
0.126218,0,0,15.9918,0.901841,-95160.6,-7527.07,372.1,71.2487,-120372,5950.57,470.682,15.335
0.126228,0,0,15.9918,0.902,-95141.3,-7528.02,372.025,71.2524,-120387,5949.37,470.741,15.3397
0.126238,0,0,15.9918,0.90216,-95122.1,-7528.97,371.95,71.2562,-120402,5948.16,470.801,15.3444
0.126248,0,0,15.9918,0.90232,-95102.8,-7529.92,371.874,71.2599,-120417,5946.96,470.86,15.3491
0.126258,0,0,15.9918,0.90248,-95083.6,-7530.87,371.799,71.2636,-120433,5945.75,470.92,15.3538
0.126268,0,0,15.9918,0.90264,-95064.3,-7531.82,371.724,71.2673,-120448,5944.55,470.979,15.3585
0.126278,0,0,15.9918,0.9028,-95045.1,-7532.78,371.649,71.271,-120463,5943.35,471.039,15.3632
0.126288,0,0,15.9918,0.90296,-95025.8,-7533.73,371.573,71.2747,-120478,5942.14,471.098,15.368
0.126298,0,0,15.9918,0.90312,-95006.5,-7534.68,371.498,71.2785,-120493,5940.94,471.157,15.3727
0.126308,0,0,15.9918,0.90328,-94987.3,-7535.63,371.423,71.2822,-120509,5939.73,471.217,15.3774
0.126318,0,0,15.9918,0.90344,-94968,-7536.58,371.347,71.2859,-120524,5938.53,471.276,15.3821
0.126328,0,0,15.9918,0.903599,-94948.7,-7537.52,371.272,71.2896,-120539,5937.32,471.336,15.3868
0.126338,0,0,15.9918,0.903759,-94929.4,-7538.47,371.196,71.2933,-120554,5936.12,471.395,15.3915
0.126348,0,0,15.9918,0.903919,-94910.2,-7539.42,371.121,71.297,-120569,5934.91,471.454,15.3962
0.126358,0,0,15.9918,0.904079,-94890.9,-7540.37,371.046,71.3007,-120584,5933.71,471.514,15.401
0.126368,0,0,15.9918,0.904239,-94871.6,-7541.32,370.97,71.3044,-120600,5932.5,471.573,15.4057
0.126378,0,0,15.9918,0.904399,-94852.3,-7542.27,370.895,71.3081,-120615,5931.29,471.632,15.4104
0.126388,0,0,15.9918,0.904559,-94833,-7543.22,370.82,71.3119,-120630,5930.09,471.692,15.4151
0.126398,0,0,15.9918,0.904719,-94813.8,-7544.17,370.744,71.3156,-120645,5928.88,471.751,15.4198
0.126408,0,0,15.9918,0.904879,-94794.5,-7545.11,370.669,71.3193,-120660,5927.68,471.81,15.4245
0.126418,0,0,15.9918,0.905038,-94775.2,-7546.06,370.593,71.323,-120675,5926.47,471.869,15.4293
0.126428,0,0,15.9918,0.905198,-94755.9,-7547.01,370.518,71.3267,-120691,5925.26,471.929,15.434
0.126438,0,0,15.9918,0.905358,-94736.6,-7547.96,370.442,71.3304,-120706,5924.06,471.988,15.4387
0.126448,0,0,15.9918,0.905518,-94717.3,-7548.9,370.367,71.3341,-120721,5922.85,472.047,15.4434
0.126458,0,0,15.9918,0.905678,-94698,-7549.85,370.291,71.3378,-120736,5921.64,472.106,15.4481
0.126468,0,0,15.9918,0.905838,-94678.6,-7550.8,370.216,71.3415,-120751,5920.43,472.165,15.4529
0.126478,0,0,15.9918,0.905998,-94659.3,-7551.74,370.14,71.3452,-120766,5919.23,472.225,15.4576
0.126488,0,0,15.9918,0.906158,-94640,-7552.69,370.065,71.3489,-120781,5918.02,472.284,15.4623
0.126498,0,0,15.9918,0.906318,-94620.7,-7553.64,369.989,71.3526,-120797,5916.81,472.343,15.467
0.126508,0,0,15.9918,0.906478,-94601.4,-7554.58,369.914,71.3563,-120812,5915.6,472.402,15.4717
0.126518,0,0,15.9918,0.906637,-94582.1,-7555.53,369.838,71.36,-120827,5914.4,472.461,15.4765
0.126528,0,0,15.9918,0.906797,-94562.8,-7556.47,369.763,71.3637,-120842,5913.19,472.52,15.4812
0.126538,0,0,15.9918,0.906957,-94543.4,-7557.42,369.687,71.3674,-120857,5911.98,472.58,15.4859
0.126548,0,0,15.9918,0.907117,-94524.1,-7558.36,369.612,71.3711,-120872,5910.77,472.639,15.4906
0.126558,0,0,15.9918,0.907277,-94504.8,-7559.31,369.536,71.3748,-120887,5909.56,472.698,15.4954
0.126568,0,0,15.9918,0.907437,-94485.5,-7560.25,369.46,71.3785,-120902,5908.35,472.757,15.5001
0.126578,0,0,15.9918,0.907597,-94466.1,-7561.2,369.385,71.3822,-120918,5907.14,472.816,15.5048
0.126588,0,0,15.9918,0.907757,-94446.8,-7562.14,369.309,71.3859,-120933,5905.93,472.875,15.5096
0.126598,0,0,15.9918,0.907917,-94427.5,-7563.09,369.234,71.3896,-120948,5904.73,472.934,15.5143
0.126608,0,0,15.9918,0.908077,-94408.1,-7564.03,369.158,71.3932,-120963,5903.52,472.993,15.519
0.126618,0,0,15.9918,0.908236,-94388.8,-7564.98,369.082,71.3969,-120978,5902.31,473.052,15.5237
0.126628,0,0,15.9918,0.908396,-94369.4,-7565.92,369.007,71.4006,-120993,5901.1,473.111,15.5285
0.126638,0,0,15.9918,0.908556,-94350.1,-7566.86,368.931,71.4043,-121008,5899.89,473.17,15.5332
0.126648,0,0,15.9918,0.908716,-94330.7,-7567.81,368.855,71.408,-121023,5898.68,473.229,15.5379
0.126658,0,0,15.9918,0.908876,-94311.4,-7568.75,368.78,71.4117,-121038,5897.47,473.288,15.5427
0.126668,0,0,15.9918,0.909036,-94292,-7569.69,368.704,71.4154,-121053,5896.26,473.347,15.5474
0.126678,0,0,15.9918,0.909196,-94272.7,-7570.63,368.628,71.4191,-121068,5895.05,473.406,15.5521
0.126688,0,0,15.9918,0.909356,-94253.3,-7571.58,368.553,71.4228,-121083,5893.84,473.465,15.5569
0.126698,0,0,15.9918,0.909516,-94233.9,-7572.52,368.477,71.4264,-121099,5892.62,473.524,15.5616
0.126708,0,0,15.9918,0.909675,-94214.6,-7573.46,368.401,71.4301,-121114,5891.41,473.583,15.5663
0.126718,0,0,15.9918,0.909835,-94195.2,-7574.4,368.325,71.4338,-121129,5890.2,473.642,15.5711
0.126728,0,0,15.9918,0.909995,-94175.8,-7575.35,368.25,71.4375,-121144,5888.99,473.701,15.5758
0.126738,0,0,15.9918,0.910155,-94156.5,-7576.29,368.174,71.4412,-121159,5887.78,473.759,15.5806
0.126748,0,0,15.9918,0.910315,-94137.1,-7577.23,368.098,71.4449,-121174,5886.57,473.818,15.5853
0.126758,0,0,15.9918,0.910475,-94117.7,-7578.17,368.022,71.4485,-121189,5885.36,473.877,15.59
0.126768,0,0,15.9918,0.910635,-94098.3,-7579.11,367.947,71.4522,-121204,5884.15,473.936,15.5948
0.126778,0,0,15.9918,0.910795,-94079,-7580.05,367.871,71.4559,-121219,5882.93,473.995,15.5995
0.126788,0,0,15.9918,0.910955,-94059.6,-7580.99,367.795,71.4596,-121234,5881.72,474.054,15.6042
0.126798,0,0,15.9918,0.911115,-94040.2,-7581.93,367.719,71.4633,-121249,5880.51,474.112,15.609
0.126808,0,0,15.9918,0.911274,-94020.8,-7582.87,367.643,71.4669,-121264,5879.3,474.171,15.6137
0.126818,0,0,15.9918,0.911434,-94001.4,-7583.81,367.568,71.4706,-121279,5878.08,474.23,15.6185
0.126828,0,0,15.9918,0.911594,-93982,-7584.75,367.492,71.4743,-121294,5876.87,474.289,15.6232
0.126838,0,0,15.9918,0.911754,-93962.6,-7585.69,367.416,71.478,-121309,5875.66,474.347,15.628
0.126848,0,0,15.9918,0.911914,-93943.2,-7586.63,367.34,71.4816,-121324,5874.45,474.406,15.6327
0.126858,0,0,15.9918,0.912074,-93923.8,-7587.57,367.264,71.4853,-121339,5873.23,474.465,15.6374
0.126868,0,0,15.9918,0.912234,-93904.4,-7588.51,367.188,71.489,-121354,5872.02,474.524,15.6422
0.126878,0,0,15.9918,0.912394,-93885,-7589.45,367.112,71.4927,-121369,5870.81,474.582,15.6469
0.126888,0,0,15.9918,0.912554,-93865.6,-7590.39,367.037,71.4963,-121384,5869.59,474.641,15.6517
0.126898,0,0,15.9918,0.912714,-93846.2,-7591.32,366.961,71.5,-121399,5868.38,474.7,15.6564
0.126908,0,0,15.9918,0.912873,-93826.8,-7592.26,366.885,71.5037,-121414,5867.16,474.758,15.6612
0.126918,0,0,15.9918,0.913033,-93807.4,-7593.2,366.809,71.5073,-121429,5865.95,474.817,15.6659
0.126928,0,0,15.9918,0.913193,-93787.9,-7594.14,366.733,71.511,-121444,5864.74,474.876,15.6707
0.126938,0,0,15.9918,0.913353,-93768.5,-7595.08,366.657,71.5147,-121459,5863.52,474.934,15.6754
0.126948,0,0,15.9918,0.913513,-93749.1,-7596.01,366.581,71.5183,-121474,5862.31,474.993,15.6802
0.126958,0,0,15.9918,0.913673,-93729.7,-7596.95,366.505,71.522,-121489,5861.09,475.052,15.6849
0.126968,0,0,15.9918,0.913833,-93710.3,-7597.89,366.429,71.5257,-121504,5859.88,475.11,15.6897
0.126978,0,0,15.9918,0.913993,-93690.8,-7598.82,366.353,71.5293,-121519,5858.66,475.169,15.6944
0.126988,0,0,15.9918,0.914153,-93671.4,-7599.76,366.277,71.533,-121534,5857.45,475.227,15.6992
0.126998,0,0,15.9918,0.914312,-93652,-7600.7,366.201,71.5367,-121549,5856.23,475.286,15.7039
0.127008,0,0,15.9918,0.914472,-93632.5,-7601.63,366.125,71.5403,-121564,5855.02,475.344,15.7087
0.127018,0,0,15.9918,0.914632,-93613.1,-7602.57,366.049,71.544,-121579,5853.8,475.403,15.7134
0.127028,0,0,15.9918,0.914792,-93593.6,-7603.51,365.973,71.5476,-121594,5852.59,475.461,15.7182
0.127038,0,0,15.9918,0.914952,-93574.2,-7604.44,365.897,71.5513,-121609,5851.37,475.52,15.7229
0.127048,0,0,15.9918,0.915112,-93554.8,-7605.38,365.821,71.555,-121624,5850.15,475.579,15.7277
0.127058,0,0,15.9918,0.915272,-93535.3,-7606.31,365.745,71.5586,-121639,5848.94,475.637,15.7325
0.127068,0,0,15.9918,0.915432,-93515.8,-7607.25,365.669,71.5623,-121654,5847.72,475.695,15.7372
0.127078,0,0,15.9918,0.915592,-93496.4,-7608.18,365.593,71.5659,-121669,5846.5,475.754,15.742
0.127088,0,0,15.9918,0.915752,-93476.9,-7609.12,365.517,71.5696,-121684,5845.29,475.812,15.7467
0.127098,0,0,15.9918,0.915911,-93457.5,-7610.05,365.441,71.5732,-121699,5844.07,475.871,15.7515
0.127108,0,0,15.9918,0.916071,-93438,-7610.99,365.365,71.5769,-121714,5842.85,475.929,15.7562
0.127118,0,0,15.9918,0.916231,-93418.6,-7611.92,365.289,71.5805,-121729,5841.64,475.988,15.761
0.127128,0,0,15.9918,0.916391,-93399.1,-7612.85,365.212,71.5842,-121744,5840.42,476.046,15.7658
0.127138,0,0,15.9918,0.916551,-93379.6,-7613.79,365.136,71.5879,-121759,5839.2,476.105,15.7705
0.127148,0,0,15.9918,0.916711,-93360.1,-7614.72,365.06,71.5915,-121773,5837.98,476.163,15.7753
0.127158,0,0,15.9918,0.916871,-93340.7,-7615.66,364.984,71.5952,-121788,5836.77,476.221,15.7801
0.127168,0,0,15.9918,0.917031,-93321.2,-7616.59,364.908,71.5988,-121803,5835.55,476.28,15.7848
0.127178,0,0,15.9918,0.917191,-93301.7,-7617.52,364.832,71.6024,-121818,5834.33,476.338,15.7896
0.127188,0,0,15.9918,0.917351,-93282.3,-7618.45,364.756,71.6061,-121833,5833.11,476.396,15.7943
0.127198,0,0,15.9918,0.91751,-93262.8,-7619.39,364.679,71.6097,-121848,5831.9,476.455,15.7991
0.127208,0,0,15.9918,0.91767,-93243.3,-7620.32,364.603,71.6134,-121863,5830.68,476.513,15.8039
0.127218,0,0,15.9918,0.91783,-93223.8,-7621.25,364.527,71.617,-121878,5829.46,476.571,15.8086
0.127228,0,0,15.9918,0.91799,-93204.3,-7622.18,364.451,71.6207,-121893,5828.24,476.629,15.8134
0.127238,0,0,15.9918,0.91815,-93184.8,-7623.12,364.375,71.6243,-121908,5827.02,476.688,15.8182
0.127248,0,0,15.9918,0.91831,-93165.3,-7624.05,364.298,71.628,-121923,5825.8,476.746,15.8229
0.127258,0,0,15.9918,0.91847,-93145.8,-7624.98,364.222,71.6316,-121937,5824.58,476.804,15.8277
0.127268,0,0,15.9918,0.91863,-93126.3,-7625.91,364.146,71.6353,-121952,5823.36,476.862,15.8325
0.127278,0,0,15.9918,0.91879,-93106.8,-7626.84,364.07,71.6389,-121967,5822.14,476.921,15.8372
0.127288,0,0,15.9918,0.91895,-93087.3,-7627.77,363.993,71.6425,-121982,5820.92,476.979,15.842
0.127298,0,0,15.9918,0.919109,-93067.8,-7628.7,363.917,71.6462,-121997,5819.7,477.037,15.8468
0.127308,0,0,15.9918,0.919269,-93048.3,-7629.63,363.841,71.6498,-122012,5818.49,477.095,15.8516
0.127318,0,0,15.9918,0.919429,-93028.8,-7630.56,363.765,71.6535,-122027,5817.27,477.153,15.8563
0.127328,0,0,15.9918,0.919589,-93009.3,-7631.49,363.688,71.6571,-122042,5816.04,477.212,15.8611
0.127338,0,0,15.9918,0.919749,-92989.8,-7632.42,363.612,71.6607,-122057,5814.82,477.27,15.8659
0.127348,0,0,15.9918,0.919909,-92970.3,-7633.35,363.536,71.6644,-122071,5813.6,477.328,15.8706
0.127358,0,0,15.9918,0.920069,-92950.7,-7634.28,363.459,71.668,-122086,5812.38,477.386,15.8754
0.127368,0,0,15.9918,0.920229,-92931.2,-7635.21,363.383,71.6716,-122101,5811.16,477.444,15.8802
0.127378,0,0,15.9918,0.920389,-92911.7,-7636.14,363.307,71.6753,-122116,5809.94,477.502,15.885
0.127388,0,0,15.9918,0.920548,-92892.2,-7637.07,363.23,71.6789,-122131,5808.72,477.56,15.8897
0.127398,0,0,15.9918,0.920708,-92872.6,-7638,363.154,71.6825,-122146,5807.5,477.618,15.8945
0.127408,0,0,15.9918,0.920868,-92853.1,-7638.93,363.077,71.6862,-122161,5806.28,477.676,15.8993
0.127418,0,0,15.9918,0.921028,-92833.6,-7639.85,363.001,71.6898,-122175,5805.06,477.734,15.9041
0.127428,0,0,15.9918,0.921188,-92814,-7640.78,362.925,71.6934,-122190,5803.83,477.793,15.9088
0.127438,0,0,15.9918,0.921348,-92794.5,-7641.71,362.848,71.6971,-122205,5802.61,477.851,15.9136
0.127448,0,0,15.9918,0.921508,-92775,-7642.64,362.772,71.7007,-122220,5801.39,477.909,15.9184
0.127458,0,0,15.9918,0.921668,-92755.4,-7643.57,362.695,71.7043,-122235,5800.17,477.967,15.9232
0.127468,0,0,15.9918,0.921828,-92735.9,-7644.49,362.619,71.7079,-122250,5798.95,478.025,15.928
0.127478,0,0,15.9918,0.921988,-92716.3,-7645.42,362.543,71.7116,-122264,5797.72,478.083,15.9327
0.127488,0,0,15.9918,0.922148,-92696.8,-7646.35,362.466,71.7152,-122279,5796.5,478.14,15.9375
0.127498,0,0,15.9918,0.922307,-92677.2,-7647.27,362.39,71.7188,-122294,5795.28,478.198,15.9423
0.127508,0,0,15.9918,0.922467,-92657.6,-7648.2,362.313,71.7224,-122309,5794.06,478.256,15.9471
0.127518,0,0,15.9918,0.922627,-92638.1,-7649.13,362.237,71.7261,-122324,5792.83,478.314,15.9519
0.127528,0,0,15.9918,0.922787,-92618.5,-7650.05,362.16,71.7297,-122338,5791.61,478.372,15.9567
0.127538,0,0,15.9918,0.922947,-92599,-7650.98,362.084,71.7333,-122353,5790.39,478.43,15.9614
0.127548,0,0,15.9918,0.923107,-92579.4,-7651.91,362.007,71.7369,-122368,5789.16,478.488,15.9662
0.127558,0,0,15.9918,0.923267,-92559.8,-7652.83,361.931,71.7405,-122383,5787.94,478.546,15.971
0.127568,0,0,15.9918,0.923427,-92540.3,-7653.76,361.854,71.7442,-122398,5786.72,478.604,15.9758
0.127578,0,0,15.9918,0.923587,-92520.7,-7654.68,361.778,71.7478,-122412,5785.49,478.662,15.9806
0.127588,0,0,15.9918,0.923746,-92501.1,-7655.61,361.701,71.7514,-122427,5784.27,478.719,15.9854
0.127598,0,0,15.9918,0.923906,-92481.5,-7656.53,361.625,71.755,-122442,5783.04,478.777,15.9902
0.127608,0,0,15.9918,0.924066,-92462,-7657.46,361.548,71.7586,-122457,5781.82,478.835,15.9949
0.127618,0,0,15.9918,0.924226,-92442.4,-7658.38,361.471,71.7622,-122472,5780.59,478.893,15.9997
0.127628,0,0,15.9918,0.924386,-92422.8,-7659.3,361.395,71.7659,-122486,5779.37,478.951,16.0045
0.127638,0,0,15.9918,0.924546,-92403.2,-7660.23,361.318,71.7695,-122501,5778.15,479.008,16.0093
0.127648,0,0,15.9918,0.924706,-92383.6,-7661.15,361.242,71.7731,-122516,5776.92,479.066,16.0141
0.127658,0,0,15.9918,0.924866,-92364,-7662.08,361.165,71.7767,-122531,5775.7,479.124,16.0189
0.127668,0,0,15.9918,0.925026,-92344.4,-7663,361.088,71.7803,-122545,5774.47,479.182,16.0237
0.127678,0,0,15.9918,0.925186,-92324.8,-7663.92,361.012,71.7839,-122560,5773.25,479.239,16.0285
0.127688,0,0,15.9918,0.925345,-92305.2,-7664.85,360.935,71.7875,-122575,5772.02,479.297,16.0333
0.127698,0,0,15.9918,0.925505,-92285.7,-7665.77,360.859,71.7911,-122590,5770.79,479.355,16.0381
0.127708,0,0,15.9918,0.925665,-92266,-7666.69,360.782,71.7947,-122605,5769.57,479.413,16.0429
0.127718,0,0,15.9918,0.925825,-92246.4,-7667.61,360.705,71.7983,-122619,5768.34,479.47,16.0476
0.127728,0,0,15.9918,0.925985,-92226.8,-7668.54,360.629,71.802,-122634,5767.12,479.528,16.0524
0.127738,0,0,15.9918,0.926145,-92207.2,-7669.46,360.552,71.8056,-122649,5765.89,479.586,16.0572
0.127748,0,0,15.9918,0.926305,-92187.6,-7670.38,360.475,71.8092,-122664,5764.66,479.643,16.062
0.127758,0,0,15.9918,0.926465,-92168,-7671.3,360.399,71.8128,-122678,5763.44,479.701,16.0668
0.127768,0,0,15.9918,0.926625,-92148.4,-7672.22,360.322,71.8164,-122693,5762.21,479.758,16.0716
0.127778,0,0,15.9918,0.926785,-92128.8,-7673.14,360.245,71.82,-122708,5760.98,479.816,16.0764
0.127788,0,0,15.9918,0.926944,-92109.1,-7674.06,360.168,71.8236,-122722,5759.76,479.874,16.0812
0.127798,0,0,15.9918,0.927104,-92089.5,-7674.99,360.092,71.8272,-122737,5758.53,479.931,16.086
0.127808,0,0,15.9918,0.927264,-92069.9,-7675.91,360.015,71.8308,-122752,5757.3,479.989,16.0908
0.127818,0,0,15.9918,0.927424,-92050.2,-7676.83,359.938,71.8344,-122767,5756.07,480.046,16.0956
0.127828,0,0,15.9918,0.927584,-92030.6,-7677.75,359.861,71.838,-122781,5754.85,480.104,16.1004
0.127838,0,0,15.9918,0.927744,-92011,-7678.67,359.785,71.8416,-122796,5753.62,480.161,16.1052
0.127848,0,0,15.9918,0.927904,-91991.4,-7679.59,359.708,71.8452,-122811,5752.39,480.219,16.11
0.127858,0,0,15.9918,0.928064,-91971.7,-7680.51,359.631,71.8488,-122825,5751.16,480.277,16.1148
0.127868,0,0,15.9918,0.928224,-91952.1,-7681.43,359.554,71.8524,-122840,5749.94,480.334,16.1196
0.127878,0,0,15.9918,0.928383,-91932.4,-7682.35,359.477,71.856,-122855,5748.71,480.392,16.1244
0.127888,0,0,15.9918,0.928543,-91912.8,-7683.26,359.401,71.8596,-122870,5747.48,480.449,16.1292
0.127898,0,0,15.9918,0.928703,-91893.1,-7684.18,359.324,71.8632,-122884,5746.25,480.506,16.134
0.127908,0,0,15.9918,0.928863,-91873.5,-7685.1,359.247,71.8667,-122899,5745.02,480.564,16.1388
0.127918,0,0,15.9918,0.929023,-91853.8,-7686.02,359.17,71.8703,-122914,5743.79,480.621,16.1437
0.127928,0,0,15.9918,0.929183,-91834.2,-7686.94,359.093,71.8739,-122928,5742.56,480.679,16.1485
0.127938,0,0,15.9918,0.929343,-91814.5,-7687.86,359.016,71.8775,-122943,5741.33,480.736,16.1533
0.127948,0,0,15.9918,0.929503,-91794.9,-7688.78,358.94,71.8811,-122958,5740.1,480.794,16.1581
0.127958,0,0,15.9918,0.929663,-91775.2,-7689.69,358.863,71.8847,-122972,5738.88,480.851,16.1629
0.127968,0,0,15.9918,0.929823,-91755.5,-7690.61,358.786,71.8883,-122987,5737.65,480.908,16.1677
0.127978,0,0,15.9918,0.929982,-91735.9,-7691.53,358.709,71.8919,-123002,5736.42,480.966,16.1725
0.127988,0,0,15.9918,0.930142,-91716.2,-7692.44,358.632,71.8955,-123016,5735.19,481.023,16.1773
0.127998,0,0,15.9918,0.930302,-91696.5,-7693.36,358.555,71.899,-123031,5733.96,481.08,16.1821
0.128008,0,0,15.9918,0.930462,-91676.9,-7694.28,358.478,71.9026,-123046,5732.73,481.138,16.1869
0.128018,0,0,15.9918,0.930622,-91657.2,-7695.2,358.401,71.9062,-123060,5731.5,481.195,16.1917
0.128028,0,0,15.9918,0.930782,-91637.5,-7696.11,358.324,71.9098,-123075,5730.26,481.252,16.1966
0.128038,0,0,15.9918,0.930942,-91617.8,-7697.03,358.247,71.9134,-123090,5729.03,481.31,16.2014
0.128048,0,0,15.9918,0.931102,-91598.1,-7697.94,358.17,71.917,-123104,5727.8,481.367,16.2062
0.128058,0,0,15.9918,0.931262,-91578.5,-7698.86,358.093,71.9206,-123119,5726.57,481.424,16.211
0.128068,0,0,15.9918,0.931422,-91558.8,-7699.78,358.016,71.9241,-123134,5725.34,481.481,16.2158
0.128078,0,0,15.9918,0.931581,-91539.1,-7700.69,357.939,71.9277,-123148,5724.11,481.539,16.2206
0.128088,0,0,15.9918,0.931741,-91519.4,-7701.61,357.862,71.9313,-123163,5722.88,481.596,16.2254
0.128098,0,0,15.9918,0.931901,-91499.7,-7702.52,357.785,71.9349,-123178,5721.65,481.653,16.2303
0.128108,0,0,15.9918,0.932061,-91480,-7703.44,357.708,71.9384,-123192,5720.42,481.71,16.2351
0.128118,0,0,15.9918,0.932221,-91460.3,-7704.35,357.631,71.942,-123207,5719.18,481.767,16.2399
0.128128,0,0,15.9918,0.932381,-91440.6,-7705.26,357.554,71.9456,-123221,5717.95,481.825,16.2447
0.128138,0,0,15.9918,0.932541,-91420.9,-7706.18,357.477,71.9492,-123236,5716.72,481.882,16.2495
0.128148,0,0,15.9918,0.932701,-91401.2,-7707.09,357.4,71.9528,-123251,5715.49,481.939,16.2543
0.128158,0,0,15.9918,0.932861,-91381.5,-7708.01,357.323,71.9563,-123265,5714.25,481.996,16.2592
0.128168,0,0,15.9918,0.93302,-91361.8,-7708.92,357.246,71.9599,-123280,5713.02,482.053,16.264
0.128178,0,0,15.9918,0.93318,-91342,-7709.83,357.169,71.9635,-123294,5711.79,482.11,16.2688
0.128188,0,0,15.9918,0.93334,-91322.3,-7710.75,357.092,71.967,-123309,5710.56,482.167,16.2736
0.128198,0,0,15.9918,0.9335,-91302.6,-7711.66,357.015,71.9706,-123324,5709.32,482.225,16.2785
0.128208,0,0,15.9918,0.93366,-91282.9,-7712.57,356.938,71.9742,-123338,5708.09,482.282,16.2833
0.128218,0,0,15.9918,0.93382,-91263.2,-7713.48,356.86,71.9778,-123353,5706.86,482.339,16.2881
0.128228,0,0,15.9918,0.93398,-91243.5,-7714.4,356.783,71.9813,-123367,5705.62,482.396,16.2929
0.128238,0,0,15.9918,0.93414,-91223.7,-7715.31,356.706,71.9849,-123382,5704.39,482.453,16.2977
0.128248,0,0,15.9918,0.9343,-91204,-7716.22,356.629,71.9885,-123397,5703.16,482.51,16.3026
0.128258,0,0,15.9918,0.93446,-91184.3,-7717.13,356.552,71.992,-123411,5701.92,482.567,16.3074
0.128268,0,0,15.9918,0.934619,-91164.5,-7718.05,356.475,71.9956,-123426,5700.69,482.624,16.3122
0.128278,0,0,15.9918,0.934779,-91144.8,-7718.96,356.398,71.9991,-123440,5699.45,482.681,16.317
0.128288,0,0,15.9918,0.934939,-91125,-7719.87,356.32,72.0027,-123455,5698.22,482.738,16.3219
0.128298,0,0,15.9918,0.935099,-91105.3,-7720.78,356.243,72.0063,-123469,5696.99,482.795,16.3267
0.128308,0,0,15.9918,0.935259,-91085.6,-7721.69,356.166,72.0098,-123484,5695.75,482.852,16.3315
0.128318,0,0,15.9918,0.935419,-91065.8,-7722.6,356.089,72.0134,-123499,5694.52,482.909,16.3364
0.128328,0,0,15.9918,0.935579,-91046.1,-7723.51,356.012,72.017,-123513,5693.28,482.966,16.3412
0.128338,0,0,15.9918,0.935739,-91026.3,-7724.42,355.934,72.0205,-123528,5692.05,483.023,16.346
0.128348,0,0,15.9918,0.935899,-91006.6,-7725.33,355.857,72.0241,-123542,5690.81,483.079,16.3508
0.128358,0,0,15.9918,0.936059,-90986.8,-7726.24,355.78,72.0276,-123557,5689.58,483.136,16.3557
0.128368,0,0,15.9918,0.936218,-90967.1,-7727.15,355.703,72.0312,-123571,5688.34,483.193,16.3605
0.128378,0,0,15.9918,0.936378,-90947.3,-7728.06,355.625,72.0347,-123586,5687.1,483.25,16.3653
0.128388,0,0,15.9918,0.936538,-90927.5,-7728.97,355.548,72.0383,-123600,5685.87,483.307,16.3702
0.128398,0,0,15.9918,0.936698,-90907.8,-7729.88,355.471,72.0419,-123615,5684.63,483.364,16.375
0.128408,0,0,15.9918,0.936858,-90888,-7730.79,355.393,72.0454,-123630,5683.4,483.421,16.3798
0.128418,0,0,15.9918,0.937018,-90868.2,-7731.7,355.316,72.049,-123644,5682.16,483.477,16.3847
0.128428,0,0,15.9918,0.937178,-90848.4,-7732.6,355.239,72.0525,-123659,5680.92,483.534,16.3895
0.128438,0,0,15.9918,0.937338,-90828.7,-7733.51,355.162,72.0561,-123673,5679.69,483.591,16.3943
0.128448,0,0,15.9918,0.937498,-90808.9,-7734.42,355.084,72.0596,-123688,5678.45,483.648,16.3992
0.128458,0,0,15.9918,0.937658,-90789.1,-7735.33,355.007,72.0632,-123702,5677.21,483.705,16.404
0.128468,0,0,15.9918,0.937817,-90769.4,-7736.24,354.93,72.0667,-123717,5675.98,483.761,16.4089
0.128478,0,0,15.9918,0.937977,-90749.6,-7737.14,354.852,72.0703,-123731,5674.74,483.818,16.4137
0.128488,0,0,15.9918,0.938137,-90729.8,-7738.05,354.775,72.0738,-123746,5673.5,483.875,16.4185
0.128498,0,0,15.9918,0.938297,-90710,-7738.96,354.697,72.0774,-123760,5672.27,483.932,16.4234
0.128508,0,0,15.9918,0.938457,-90690.2,-7739.87,354.62,72.0809,-123775,5671.03,483.988,16.4282
0.128518,0,0,15.9918,0.938617,-90670.4,-7740.77,354.543,72.0845,-123789,5669.79,484.045,16.4331
0.128528,0,0,15.9918,0.938777,-90650.6,-7741.68,354.465,72.088,-123804,5668.55,484.102,16.4379
0.128538,0,0,15.9918,0.938937,-90630.8,-7742.58,354.388,72.0916,-123818,5667.31,484.158,16.4427
0.128548,0,0,15.9918,0.939097,-90611,-7743.49,354.31,72.0951,-123833,5666.08,484.215,16.4476
0.128558,0,0,15.9918,0.939256,-90591.2,-7744.4,354.233,72.0986,-123847,5664.84,484.272,16.4524
0.128568,0,0,15.9918,0.939416,-90571.4,-7745.3,354.156,72.1022,-123862,5663.6,484.328,16.4573
0.128578,0,0,15.9918,0.939576,-90551.6,-7746.21,354.078,72.1057,-123876,5662.36,484.385,16.4621
0.128588,0,0,15.9918,0.939736,-90531.8,-7747.11,354.001,72.1093,-123891,5661.12,484.441,16.4669
0.128598,0,0,15.9918,0.939896,-90512,-7748.02,353.923,72.1128,-123905,5659.88,484.498,16.4718
0.128608,0,0,15.9918,0.940056,-90492.2,-7748.92,353.846,72.1163,-123920,5658.65,484.555,16.4766
0.128618,0,0,15.9918,0.940216,-90472.4,-7749.83,353.768,72.1199,-123934,5657.41,484.611,16.4815
0.128628,0,0,15.9918,0.940376,-90452.5,-7750.73,353.691,72.1234,-123949,5656.17,484.668,16.4863
0.128638,0,0,15.9918,0.940536,-90432.7,-7751.64,353.613,72.127,-123963,5654.93,484.724,16.4912
0.128648,0,0,15.9918,0.940696,-90412.9,-7752.54,353.536,72.1305,-123977,5653.69,484.781,16.496
0.128658,0,0,15.9918,0.940856,-90393.1,-7753.44,353.458,72.134,-123992,5652.45,484.837,16.5009
0.128668,0,0,15.9918,0.941015,-90373.2,-7754.35,353.381,72.1376,-124006,5651.21,484.894,16.5057
0.128678,0,0,15.9918,0.941175,-90353.4,-7755.25,353.303,72.1411,-124021,5649.97,484.95,16.5106
0.128688,0,0,15.9918,0.941335,-90333.6,-7756.15,353.226,72.1446,-124035,5648.73,485.007,16.5154
0.128698,0,0,15.9918,0.941495,-90313.7,-7757.06,353.148,72.1481,-124050,5647.49,485.063,16.5203
0.128708,0,0,15.9918,0.941655,-90293.9,-7757.96,353.07,72.1517,-124064,5646.25,485.12,16.5251
0.128718,0,0,15.9918,0.941815,-90274.1,-7758.86,352.993,72.1552,-124079,5645.01,485.176,16.53
0.128728,0,0,15.9918,0.941975,-90254.2,-7759.77,352.915,72.1587,-124093,5643.77,485.233,16.5348
0.128738,0,0,15.9918,0.942135,-90234.4,-7760.67,352.838,72.1623,-124107,5642.53,485.289,16.5397
0.128748,0,0,15.9918,0.942295,-90214.5,-7761.57,352.76,72.1658,-124122,5641.28,485.346,16.5445
0.128758,0,0,15.9918,0.942454,-90194.7,-7762.47,352.682,72.1693,-124136,5640.04,485.402,16.5494
0.128768,0,0,15.9918,0.942614,-90174.8,-7763.37,352.605,72.1729,-124151,5638.8,485.458,16.5542
0.128778,0,0,15.9918,0.942774,-90155,-7764.28,352.527,72.1764,-124165,5637.56,485.515,16.5591
0.128788,0,0,15.9918,0.942934,-90135.1,-7765.18,352.45,72.1799,-124180,5636.32,485.571,16.5639
0.128798,0,0,15.9918,0.943094,-90115.3,-7766.08,352.372,72.1834,-124194,5635.08,485.627,16.5688
0.128808,0,0,15.9918,0.943254,-90095.4,-7766.98,352.294,72.187,-124208,5633.84,485.684,16.5737
0.128818,0,0,15.9918,0.943414,-90075.6,-7767.88,352.217,72.1905,-124223,5632.59,485.74,16.5785
0.128828,0,0,15.9918,0.943574,-90055.7,-7768.78,352.139,72.194,-124237,5631.35,485.796,16.5834
0.128838,0,0,15.9918,0.943734,-90035.8,-7769.68,352.061,72.1975,-124252,5630.11,485.853,16.5882
0.128848,0,0,15.9918,0.943894,-90016,-7770.58,351.984,72.201,-124266,5628.87,485.909,16.5931
0.128858,0,0,15.9918,0.944053,-89996.1,-7771.48,351.906,72.2046,-124280,5627.62,485.965,16.598
0.128868,0,0,15.9918,0.944213,-89976.2,-7772.38,351.828,72.2081,-124295,5626.38,486.022,16.6028
0.128878,0,0,15.9918,0.944373,-89956.3,-7773.28,351.75,72.2116,-124309,5625.14,486.078,16.6077
0.128888,0,0,15.9918,0.944533,-89936.5,-7774.18,351.673,72.2151,-124323,5623.9,486.134,16.6125
0.128898,0,0,15.9918,0.944693,-89916.6,-7775.08,351.595,72.2186,-124338,5622.65,486.19,16.6174
0.128908,0,0,15.9918,0.944853,-89896.7,-7775.98,351.517,72.2221,-124352,5621.41,486.246,16.6223
0.128918,0,0,15.9918,0.945013,-89876.8,-7776.88,351.44,72.2257,-124367,5620.17,486.303,16.6271
0.128928,0,0,15.9918,0.945173,-89856.9,-7777.77,351.362,72.2292,-124381,5618.92,486.359,16.632
0.128938,0,0,15.9918,0.945333,-89837,-7778.67,351.284,72.2327,-124395,5617.68,486.415,16.6368
0.128948,0,0,15.9918,0.945493,-89817.2,-7779.57,351.206,72.2362,-124410,5616.44,486.471,16.6417
0.128958,0,0,15.9918,0.945652,-89797.3,-7780.47,351.128,72.2397,-124424,5615.19,486.527,16.6466
0.128968,0,0,15.9918,0.945812,-89777.4,-7781.37,351.051,72.2432,-124438,5613.95,486.583,16.6514
0.128978,0,0,15.9918,0.945972,-89757.5,-7782.27,350.973,72.2467,-124453,5612.7,486.64,16.6563
0.128988,0,0,15.9918,0.946132,-89737.6,-7783.16,350.895,72.2502,-124467,5611.46,486.696,16.6612
0.128998,0,0,15.9918,0.946292,-89717.6,-7784.06,350.817,72.2537,-124481,5610.21,486.752,16.666
0.129008,0,0,15.9918,0.946452,-89697.8,-7784.96,350.739,72.2573,-124496,5608.97,486.808,16.6709
0.129018,0,0,15.9918,0.946612,-89677.8,-7785.85,350.661,72.2608,-124510,5607.72,486.864,16.6758
0.129028,0,0,15.9918,0.946772,-89657.9,-7786.75,350.584,72.2643,-124524,5606.48,486.92,16.6806
0.129038,0,0,15.9918,0.946932,-89638,-7787.65,350.506,72.2678,-124539,5605.23,486.976,16.6855
0.129048,0,0,15.9918,0.947091,-89618.1,-7788.54,350.428,72.2713,-124553,5603.99,487.032,16.6904
0.129058,0,0,15.9918,0.947251,-89598.2,-7789.44,350.35,72.2748,-124567,5602.74,487.088,16.6953
0.129068,0,0,15.9918,0.947411,-89578.3,-7790.33,350.272,72.2783,-124582,5601.5,487.144,16.7001
0.129078,0,0,15.9918,0.947571,-89558.4,-7791.23,350.194,72.2818,-124596,5600.25,487.2,16.705
0.129088,0,0,15.9918,0.947731,-89538.4,-7792.12,350.116,72.2853,-124610,5599.01,487.256,16.7099
0.129098,0,0,15.9918,0.947891,-89518.5,-7793.02,350.038,72.2888,-124625,5597.76,487.312,16.7147
0.129108,0,0,15.9918,0.948051,-89498.6,-7793.91,349.96,72.2923,-124639,5596.51,487.368,16.7196
0.129118,0,0,15.9918,0.948211,-89478.6,-7794.81,349.883,72.2958,-124653,5595.27,487.424,16.7245
0.129128,0,0,15.9918,0.948371,-89458.7,-7795.7,349.805,72.2993,-124668,5594.02,487.48,16.7294
0.129138,0,0,15.9918,0.948531,-89438.8,-7796.6,349.727,72.3028,-124682,5592.77,487.536,16.7342
0.129148,0,0,15.9918,0.94869,-89418.8,-7797.49,349.649,72.3063,-124696,5591.53,487.592,16.7391
0.129158,0,0,15.9918,0.94885,-89398.9,-7798.39,349.571,72.3098,-124711,5590.28,487.648,16.744
0.129168,0,0,15.9918,0.94901,-89378.9,-7799.28,349.493,72.3133,-124725,5589.03,487.704,16.7489
0.129178,0,0,15.9918,0.94917,-89359,-7800.17,349.415,72.3168,-124739,5587.79,487.759,16.7537
0.129188,0,0,15.9918,0.94933,-89339.1,-7801.07,349.337,72.3203,-124753,5586.54,487.815,16.7586
0.129198,0,0,15.9918,0.94949,-89319.1,-7801.96,349.259,72.3238,-124768,5585.29,487.871,16.7635
0.129208,0,0,15.9918,0.94965,-89299.2,-7802.85,349.181,72.3272,-124782,5584.04,487.927,16.7684
0.129218,0,0,15.9918,0.94981,-89279.2,-7803.75,349.103,72.3307,-124796,5582.8,487.983,16.7733
0.129228,0,0,15.9918,0.94997,-89259.2,-7804.64,349.025,72.3342,-124811,5581.55,488.039,16.7781
0.129238,0,0,15.9918,0.95013,-89239.3,-7805.53,348.947,72.3377,-124825,5580.3,488.094,16.783
0.129248,0,0,15.9918,0.950289,-89219.3,-7806.42,348.869,72.3412,-124839,5579.05,488.15,16.7879
0.129258,0,0,15.9918,0.950449,-89199.4,-7807.31,348.791,72.3447,-124853,5577.8,488.206,16.7928
0.129268,0,0,15.9918,0.950609,-89179.4,-7808.21,348.712,72.3482,-124868,5576.56,488.262,16.7977
0.129278,0,0,15.9918,0.950769,-89159.5,-7809.1,348.634,72.3517,-124882,5575.31,488.318,16.8026
0.129288,0,0,15.9918,0.950929,-89139.5,-7809.99,348.556,72.3552,-124896,5574.06,488.373,16.8074
0.129298,0,0,15.9918,0.951089,-89119.5,-7810.88,348.478,72.3586,-124910,5572.81,488.429,16.8123
0.129308,0,0,15.9918,0.951249,-89099.5,-7811.77,348.4,72.3621,-124925,5571.56,488.485,16.8172
0.129318,0,0,15.9918,0.951409,-89079.5,-7812.66,348.322,72.3656,-124939,5570.31,488.54,16.8221
0.129328,0,0,15.9918,0.951569,-89059.6,-7813.55,348.244,72.3691,-124953,5569.06,488.596,16.827
0.129338,0,0,15.9918,0.951728,-89039.6,-7814.44,348.166,72.3726,-124967,5567.81,488.652,16.8319
0.129348,0,0,15.9918,0.951888,-89019.6,-7815.33,348.088,72.3761,-124982,5566.56,488.707,16.8368
0.129358,0,0,15.9918,0.952048,-88999.6,-7816.22,348.009,72.3795,-124996,5565.31,488.763,16.8416
0.129368,0,0,15.9918,0.952208,-88979.6,-7817.11,347.931,72.383,-125010,5564.06,488.819,16.8465
0.129378,0,0,15.9918,0.952368,-88959.6,-7818,347.853,72.3865,-125024,5562.81,488.874,16.8514
0.129388,0,0,15.9918,0.952528,-88939.6,-7818.89,347.775,72.39,-125039,5561.56,488.93,16.8563
0.129398,0,0,15.9918,0.952688,-88919.7,-7819.78,347.697,72.3935,-125053,5560.31,488.986,16.8612
0.129408,0,0,15.9918,0.952848,-88899.7,-7820.67,347.619,72.3969,-125067,5559.06,489.041,16.8661
0.129418,0,0,15.9918,0.953008,-88879.7,-7821.56,347.54,72.4004,-125081,5557.81,489.097,16.871
0.129428,0,0,15.9918,0.953168,-88859.7,-7822.45,347.462,72.4039,-125095,5556.56,489.152,16.8759
0.129438,0,0,15.9918,0.953327,-88839.7,-7823.34,347.384,72.4074,-125110,5555.31,489.208,16.8808
0.129448,0,0,15.9918,0.953487,-88819.6,-7824.23,347.306,72.4108,-125124,5554.06,489.263,16.8856
0.129458,0,0,15.9918,0.953647,-88799.6,-7825.11,347.227,72.4143,-125138,5552.81,489.319,16.8905
0.129468,0,0,15.9918,0.953807,-88779.6,-7826,347.149,72.4178,-125152,5551.56,489.374,16.8954
0.129478,0,0,15.9918,0.953967,-88759.6,-7826.89,347.071,72.4212,-125166,5550.31,489.43,16.9003
0.129488,0,0,15.9918,0.954127,-88739.6,-7827.78,346.993,72.4247,-125181,5549.05,489.485,16.9052
0.129498,0,0,15.9918,0.954287,-88719.6,-7828.66,346.914,72.4282,-125195,5547.8,489.541,16.9101
0.129508,0,0,15.9918,0.954447,-88699.6,-7829.55,346.836,72.4317,-125209,5546.55,489.596,16.915
0.129518,0,0,15.9918,0.954607,-88679.5,-7830.44,346.758,72.4351,-125223,5545.3,489.652,16.9199
0.129528,0,0,15.9918,0.954767,-88659.5,-7831.32,346.68,72.4386,-125237,5544.05,489.707,16.9248
0.129538,0,0,15.9918,0.954926,-88639.5,-7832.21,346.601,72.4421,-125251,5542.79,489.763,16.9297
0.129548,0,0,15.9918,0.955086,-88619.5,-7833.1,346.523,72.4455,-125266,5541.54,489.818,16.9346
0.129558,0,0,15.9918,0.955246,-88599.4,-7833.98,346.445,72.449,-125280,5540.29,489.874,16.9395
0.129568,0,0,15.9918,0.955406,-88579.4,-7834.87,346.366,72.4524,-125294,5539.04,489.929,16.9444
0.129578,0,0,15.9918,0.955566,-88559.4,-7835.75,346.288,72.4559,-125308,5537.78,489.984,16.9493
0.129588,0,0,15.9918,0.955726,-88539.3,-7836.64,346.21,72.4594,-125322,5536.53,490.04,16.9542
0.129598,0,0,15.9918,0.955886,-88519.3,-7837.52,346.131,72.4628,-125336,5535.28,490.095,16.9591
0.129608,0,0,15.9918,0.956046,-88499.2,-7838.41,346.053,72.4663,-125351,5534.02,490.15,16.964
0.129618,0,0,15.9918,0.956206,-88479.2,-7839.29,345.975,72.4698,-125365,5532.77,490.206,16.9689
0.129628,0,0,15.9918,0.956365,-88459.2,-7840.18,345.896,72.4732,-125379,5531.52,490.261,16.9738
0.129638,0,0,15.9918,0.956525,-88439.1,-7841.06,345.818,72.4767,-125393,5530.26,490.316,16.9787
0.129648,0,0,15.9918,0.956685,-88419.1,-7841.95,345.739,72.4801,-125407,5529.01,490.372,16.9836
0.129658,0,0,15.9918,0.956845,-88399,-7842.83,345.661,72.4836,-125421,5527.76,490.427,16.9885
0.129668,0,0,15.9918,0.957005,-88379,-7843.71,345.582,72.487,-125435,5526.5,490.482,16.9934
0.129678,0,0,15.9918,0.957165,-88358.9,-7844.6,345.504,72.4905,-125450,5525.25,490.537,16.9983
0.129688,0,0,15.9918,0.957325,-88338.8,-7845.48,345.426,72.494,-125464,5523.99,490.593,17.0032
0.129698,0,0,15.9918,0.957485,-88318.8,-7846.36,345.347,72.4974,-125478,5522.74,490.648,17.0081
0.129708,0,0,15.9918,0.957645,-88298.7,-7847.25,345.269,72.5009,-125492,5521.48,490.703,17.013
0.129718,0,0,15.9918,0.957805,-88278.6,-7848.13,345.19,72.5043,-125506,5520.23,490.758,17.018
0.129728,0,0,15.9918,0.957964,-88258.6,-7849.01,345.112,72.5078,-125520,5518.97,490.814,17.0229
0.129738,0,0,15.9918,0.958124,-88238.5,-7849.9,345.033,72.5112,-125534,5517.72,490.869,17.0278
0.129748,0,0,15.9918,0.958284,-88218.4,-7850.78,344.955,72.5147,-125548,5516.46,490.924,17.0327
0.129758,0,0,15.9918,0.958444,-88198.3,-7851.66,344.876,72.5181,-125563,5515.21,490.979,17.0376
0.129768,0,0,15.9918,0.958604,-88178.3,-7852.54,344.798,72.5216,-125577,5513.95,491.034,17.0425
0.129778,0,0,15.9918,0.958764,-88158.2,-7853.42,344.719,72.525,-125591,5512.7,491.089,17.0474
0.129788,0,0,15.9918,0.958924,-88138.1,-7854.3,344.641,72.5285,-125605,5511.44,491.144,17.0523
0.129798,0,0,15.9918,0.959084,-88118,-7855.18,344.562,72.5319,-125619,5510.19,491.199,17.0572
0.129808,0,0,15.9918,0.959244,-88097.9,-7856.07,344.484,72.5354,-125633,5508.93,491.255,17.0621
0.129818,0,0,15.9918,0.959404,-88077.8,-7856.95,344.405,72.5388,-125647,5507.67,491.31,17.0671
0.129828,0,0,15.9918,0.959563,-88057.8,-7857.83,344.327,72.5422,-125661,5506.42,491.365,17.072
0.129838,0,0,15.9918,0.959723,-88037.6,-7858.71,344.248,72.5457,-125675,5505.16,491.42,17.0769
0.129848,0,0,15.9918,0.959883,-88017.6,-7859.59,344.169,72.5491,-125689,5503.9,491.475,17.0818
0.129858,0,0,15.9918,0.960043,-87997.5,-7860.47,344.091,72.5526,-125703,5502.65,491.53,17.0867
0.129868,0,0,15.9918,0.960203,-87977.4,-7861.35,344.012,72.556,-125717,5501.39,491.585,17.0916
0.129878,0,0,15.9918,0.960363,-87957.3,-7862.23,343.934,72.5594,-125732,5500.13,491.64,17.0965
0.129888,0,0,15.9918,0.960523,-87937.2,-7863.11,343.855,72.5629,-125746,5498.88,491.695,17.1015
0.129898,0,0,15.9918,0.960683,-87917,-7863.99,343.776,72.5663,-125760,5497.62,491.75,17.1064
0.129908,0,0,15.9918,0.960843,-87896.9,-7864.86,343.698,72.5698,-125774,5496.36,491.805,17.1113
0.129918,0,0,15.9918,0.961003,-87876.8,-7865.74,343.619,72.5732,-125788,5495.1,491.86,17.1162
0.129928,0,0,15.9918,0.961162,-87856.7,-7866.62,343.54,72.5766,-125802,5493.84,491.915,17.1211
0.129938,0,0,15.9918,0.961322,-87836.6,-7867.5,343.462,72.5801,-125816,5492.59,491.97,17.1261
0.129948,0,0,15.9918,0.961482,-87816.5,-7868.38,343.383,72.5835,-125830,5491.33,492.024,17.131
0.129958,0,0,15.9918,0.961642,-87796.4,-7869.26,343.304,72.5869,-125844,5490.07,492.079,17.1359
0.129968,0,0,15.9918,0.961802,-87776.2,-7870.13,343.226,72.5904,-125858,5488.81,492.134,17.1408
0.129978,0,0,15.9918,0.961962,-87756.1,-7871.01,343.147,72.5938,-125872,5487.55,492.189,17.1457
0.129988,0,0,15.9918,0.962122,-87736,-7871.89,343.068,72.5972,-125886,5486.29,492.244,17.1507
0.129998,0,0,15.9918,0.962282,-87715.8,-7872.77,342.99,72.6007,-125900,5485.04,492.299,17.1556
0.130008,0,0,15.9918,0.962442,-87695.7,-7873.64,342.911,72.6041,-125914,5483.78,492.354,17.1605
0.130018,0,0,15.9918,0.962602,-87675.6,-7874.52,342.832,72.6075,-125928,5482.52,492.409,17.1654
0.130028,0,0,15.9918,0.962761,-87655.4,-7875.4,342.753,72.6109,-125942,5481.26,492.463,17.1703
0.130038,0,0,15.9918,0.962921,-87635.3,-7876.27,342.675,72.6144,-125956,5480,492.518,17.1753
0.130048,0,0,15.9918,0.963081,-87615.2,-7877.15,342.596,72.6178,-125970,5478.74,492.573,17.1802
0.130058,0,0,15.9918,0.963241,-87595,-7878.02,342.517,72.6212,-125984,5477.48,492.628,17.1851
0.130068,0,0,15.9918,0.963401,-87574.9,-7878.9,342.438,72.6246,-125998,5476.22,492.682,17.1901
0.130078,0,0,15.9918,0.963561,-87554.7,-7879.78,342.36,72.6281,-126012,5474.96,492.737,17.195
0.130088,0,0,15.9918,0.963721,-87534.6,-7880.65,342.281,72.6315,-126026,5473.7,492.792,17.1999
0.130098,0,0,15.9918,0.963881,-87514.4,-7881.53,342.202,72.6349,-126040,5472.44,492.847,17.2048
0.130108,0,0,15.9918,0.964041,-87494.3,-7882.4,342.123,72.6383,-126054,5471.18,492.901,17.2098
0.130118,0,0,15.9918,0.9642,-87474.1,-7883.28,342.044,72.6418,-126068,5469.92,492.956,17.2147
0.130128,0,0,15.9918,0.96436,-87454,-7884.15,341.966,72.6452,-126082,5468.66,493.011,17.2196
0.130138,0,0,15.9918,0.96452,-87433.8,-7885.02,341.887,72.6486,-126096,5467.4,493.065,17.2246
0.130148,0,0,15.9918,0.96468,-87413.6,-7885.9,341.808,72.652,-126110,5466.14,493.12,17.2295
0.130158,0,0,15.9918,0.96484,-87393.5,-7886.77,341.729,72.6554,-126124,5464.88,493.175,17.2344
0.130168,0,0,15.9918,0.965,-87373.3,-7887.65,341.65,72.6589,-126138,5463.62,493.229,17.2393
0.130178,0,0,15.9918,0.96516,-87353.1,-7888.52,341.571,72.6623,-126152,5462.35,493.284,17.2443
0.130188,0,0,15.9918,0.96532,-87333,-7889.39,341.492,72.6657,-126166,5461.09,493.339,17.2492
0.130198,0,0,15.9918,0.96548,-87312.8,-7890.27,341.414,72.6691,-126180,5459.83,493.393,17.2541
0.130208,0,0,15.9918,0.96564,-87292.6,-7891.14,341.335,72.6725,-126194,5458.57,493.448,17.2591
0.130218,0,0,15.9918,0.965799,-87272.4,-7892.01,341.256,72.6759,-126208,5457.31,493.502,17.264
0.130228,0,0,15.9918,0.965959,-87252.2,-7892.88,341.177,72.6793,-126222,5456.05,493.557,17.269
0.130238,0,0,15.9918,0.966119,-87232.1,-7893.76,341.098,72.6827,-126236,5454.78,493.611,17.2739
0.130248,0,0,15.9918,0.966279,-87211.9,-7894.63,341.019,72.6862,-126250,5453.52,493.666,17.2788
0.130258,0,0,15.9918,0.966439,-87191.7,-7895.5,340.94,72.6896,-126264,5452.26,493.72,17.2838
0.130268,0,0,15.9918,0.966599,-87171.5,-7896.37,340.861,72.693,-126278,5451,493.775,17.2887
0.130277,0,0,15.9918,0.966759,-87151.3,-7897.24,340.782,72.6964,-126292,5449.73,493.829,17.2936
0.130287,0,0,15.9918,0.966919,-87131.1,-7898.12,340.703,72.6998,-126305,5448.47,493.884,17.2986
0.130297,0,0,15.9918,0.967079,-87110.9,-7898.99,340.624,72.7032,-126319,5447.21,493.938,17.3035
0.130307,0,0,15.9918,0.967239,-87090.7,-7899.86,340.545,72.7066,-126333,5445.95,493.993,17.3085
0.130317,0,0,15.9918,0.967398,-87070.5,-7900.73,340.466,72.71,-126347,5444.68,494.047,17.3134
0.130327,0,0,15.9918,0.967558,-87050.3,-7901.6,340.387,72.7134,-126361,5443.42,494.102,17.3183
0.130337,0,0,15.9918,0.967718,-87030.1,-7902.47,340.308,72.7168,-126375,5442.16,494.156,17.3233
0.130347,0,0,15.9918,0.967878,-87009.9,-7903.34,340.229,72.7202,-126389,5440.89,494.211,17.3282
0.130357,0,0,15.9918,0.968038,-86989.7,-7904.21,340.15,72.7236,-126403,5439.63,494.265,17.3332
0.130367,0,0,15.9918,0.968198,-86969.5,-7905.08,340.071,72.727,-126417,5438.36,494.319,17.3381
0.130377,0,0,15.9918,0.968358,-86949.2,-7905.95,339.992,72.7304,-126431,5437.1,494.374,17.3431
0.130387,0,0,15.9918,0.968518,-86929,-7906.82,339.913,72.7338,-126445,5435.84,494.428,17.348
0.130397,0,0,15.9918,0.968678,-86908.8,-7907.69,339.834,72.7372,-126458,5434.57,494.482,17.3529
0.130407,0,0,15.9918,0.968837,-86888.6,-7908.56,339.755,72.7406,-126472,5433.31,494.537,17.3579
0.130417,0,0,15.9918,0.968997,-86868.4,-7909.42,339.676,72.744,-126486,5432.04,494.591,17.3628
0.130427,0,0,15.9918,0.969157,-86848.2,-7910.29,339.597,72.7474,-126500,5430.78,494.645,17.3678
0.130437,0,0,15.9918,0.969317,-86827.9,-7911.16,339.518,72.7508,-126514,5429.51,494.7,17.3727
0.130447,0,0,15.9918,0.969477,-86807.7,-7912.03,339.438,72.7542,-126528,5428.25,494.754,17.3777
0.130457,0,0,15.9918,0.969637,-86787.5,-7912.9,339.359,72.7576,-126542,5426.98,494.808,17.3826
0.130467,0,0,15.9918,0.969797,-86767.2,-7913.76,339.28,72.761,-126556,5425.72,494.863,17.3876
0.130477,0,0,15.9918,0.969957,-86747,-7914.63,339.201,72.7644,-126570,5424.45,494.917,17.3925
0.130487,0,0,15.9918,0.970117,-86726.7,-7915.5,339.122,72.7678,-126583,5423.19,494.971,17.3975
0.130497,0,0,15.9918,0.970277,-86706.5,-7916.37,339.043,72.7712,-126597,5421.92,495.025,17.4024
0.130507,0,0,15.9918,0.970436,-86686.2,-7917.23,338.964,72.7746,-126611,5420.65,495.079,17.4074
0.130517,0,0,15.9918,0.970596,-86666,-7918.1,338.884,72.7779,-126625,5419.39,495.134,17.4123
0.130527,0,0,15.9918,0.970756,-86645.8,-7918.97,338.805,72.7813,-126639,5418.12,495.188,17.4173
0.130537,0,0,15.9918,0.970916,-86625.5,-7919.83,338.726,72.7847,-126653,5416.86,495.242,17.4222
0.130547,0,0,15.9918,0.971076,-86605.3,-7920.7,338.647,72.7881,-126667,5415.59,495.296,17.4272
0.130557,0,0,15.9918,0.971236,-86585,-7921.56,338.568,72.7915,-126680,5414.32,495.35,17.4321
0.130567,0,0,15.9918,0.971396,-86564.8,-7922.43,338.489,72.7949,-126694,5413.06,495.404,17.4371
0.130577,0,0,15.9918,0.971556,-86544.5,-7923.29,338.409,72.7983,-126708,5411.79,495.458,17.442
0.130587,0,0,15.9918,0.971716,-86524.2,-7924.16,338.33,72.8017,-126722,5410.52,495.513,17.447
0.130597,0,0,15.9918,0.971876,-86504,-7925.02,338.251,72.805,-126736,5409.25,495.567,17.4519
0.130607,0,0,15.9918,0.972035,-86483.7,-7925.89,338.172,72.8084,-126750,5407.99,495.621,17.4569
0.130617,0,0,15.9918,0.972195,-86463.4,-7926.75,338.092,72.8118,-126763,5406.72,495.675,17.4619
0.130627,0,0,15.9918,0.972355,-86443.2,-7927.62,338.013,72.8152,-126777,5405.45,495.729,17.4668
0.130637,0,0,15.9918,0.972515,-86422.9,-7928.48,337.934,72.8186,-126791,5404.19,495.783,17.4718
0.130647,0,0,15.9918,0.972675,-86402.6,-7929.35,337.855,72.8219,-126805,5402.92,495.837,17.4767
0.130657,0,0,15.9918,0.972835,-86382.3,-7930.21,337.775,72.8253,-126819,5401.65,495.891,17.4817
0.130667,0,0,15.9918,0.972995,-86362.1,-7931.07,337.696,72.8287,-126833,5400.38,495.945,17.4866
0.130677,0,0,15.9918,0.973155,-86341.8,-7931.94,337.617,72.8321,-126846,5399.11,495.999,17.4916
0.130687,0,0,15.9918,0.973315,-86321.5,-7932.8,337.537,72.8354,-126860,5397.84,496.053,17.4966
0.130697,0,0,15.9918,0.973475,-86301.2,-7933.66,337.458,72.8388,-126874,5396.58,496.107,17.5015
0.130707,0,0,15.9918,0.973634,-86280.9,-7934.53,337.379,72.8422,-126888,5395.31,496.161,17.5065
0.130717,0,0,15.9918,0.973794,-86260.6,-7935.39,337.299,72.8456,-126902,5394.04,496.215,17.5114
0.130727,0,0,15.9918,0.973954,-86240.3,-7936.25,337.22,72.8489,-126915,5392.77,496.269,17.5164
0.130737,0,0,15.9918,0.974114,-86220,-7937.11,337.141,72.8523,-126929,5391.5,496.323,17.5214
0.130747,0,0,15.9918,0.974274,-86199.7,-7937.98,337.061,72.8557,-126943,5390.23,496.377,17.5263
0.130757,0,0,15.9918,0.974434,-86179.4,-7938.84,336.982,72.8591,-126957,5388.96,496.43,17.5313
0.130767,0,0,15.9918,0.974594,-86159.2,-7939.7,336.903,72.8624,-126970,5387.69,496.484,17.5363
0.130777,0,0,15.9918,0.974754,-86138.8,-7940.56,336.823,72.8658,-126984,5386.42,496.538,17.5412
0.130787,0,0,15.9918,0.974914,-86118.5,-7941.42,336.744,72.8692,-126998,5385.15,496.592,17.5462
0.130797,0,0,15.9918,0.975073,-86098.2,-7942.28,336.664,72.8725,-127012,5383.88,496.646,17.5512
0.130807,0,0,15.9918,0.975233,-86077.9,-7943.15,336.585,72.8759,-127026,5382.61,496.7,17.5561
0.130817,0,0,15.9918,0.975393,-86057.6,-7944,336.505,72.8793,-127039,5381.34,496.754,17.5611
0.130827,0,0,15.9918,0.975553,-86037.3,-7944.87,336.426,72.8826,-127053,5380.07,496.807,17.5661
0.130837,0,0,15.9918,0.975713,-86017,-7945.73,336.347,72.886,-127067,5378.8,496.861,17.571
0.130847,0,0,15.9918,0.975873,-85996.6,-7946.59,336.267,72.8894,-127081,5377.53,496.915,17.576
0.130857,0,0,15.9918,0.976033,-85976.3,-7947.44,336.188,72.8927,-127094,5376.26,496.969,17.581
0.130867,0,0,15.9918,0.976193,-85956,-7948.3,336.108,72.8961,-127108,5374.99,497.022,17.5859
0.130877,0,0,15.9918,0.976353,-85935.7,-7949.16,336.029,72.8994,-127122,5373.72,497.076,17.5909
0.130887,0,0,15.9918,0.976513,-85915.4,-7950.02,335.949,72.9028,-127136,5372.45,497.13,17.5959
0.130897,0,0,15.9918,0.976672,-85895,-7950.88,335.87,72.9062,-127149,5371.18,497.184,17.6009
0.130907,0,0,15.9918,0.976832,-85874.7,-7951.74,335.79,72.9095,-127163,5369.91,497.237,17.6058
0.130917,0,0,15.9918,0.976992,-85854.4,-7952.6,335.711,72.9129,-127177,5368.63,497.291,17.6108
0.130927,0,0,15.9918,0.977152,-85834,-7953.46,335.631,72.9162,-127190,5367.36,497.345,17.6158
0.130937,0,0,15.9918,0.977312,-85813.7,-7954.32,335.552,72.9196,-127204,5366.09,497.398,17.6207
0.130947,0,0,15.9918,0.977472,-85793.3,-7955.17,335.472,72.9229,-127218,5364.82,497.452,17.6257
0.130957,0,0,15.9918,0.977632,-85773,-7956.03,335.393,72.9263,-127232,5363.55,497.506,17.6307
0.130967,0,0,15.9918,0.977792,-85752.7,-7956.89,335.313,72.9296,-127245,5362.27,497.559,17.6357
0.130977,0,0,15.9918,0.977952,-85732.3,-7957.75,335.234,72.933,-127259,5361,497.613,17.6406
0.130987,0,0,15.9918,0.978112,-85712,-7958.6,335.154,72.9363,-127273,5359.73,497.666,17.6456
0.130997,0,0,15.9918,0.978271,-85691.6,-7959.46,335.074,72.9397,-127286,5358.46,497.72,17.6506
0.131007,0,0,15.9918,0.978431,-85671.3,-7960.32,334.995,72.943,-127300,5357.18,497.774,17.6556
0.131017,0,0,15.9918,0.978591,-85650.9,-7961.17,334.915,72.9464,-127314,5355.91,497.827,17.6606
0.131027,0,0,15.9918,0.978751,-85630.5,-7962.03,334.836,72.9497,-127328,5354.64,497.881,17.6655
0.131037,0,0,15.9918,0.978911,-85610.2,-7962.89,334.756,72.9531,-127341,5353.37,497.934,17.6705
0.131047,0,0,15.9918,0.979071,-85589.8,-7963.74,334.676,72.9564,-127355,5352.09,497.988,17.6755
0.131057,0,0,15.9918,0.979231,-85569.5,-7964.6,334.597,72.9598,-127369,5350.82,498.041,17.6805
0.131067,0,0,15.9918,0.979391,-85549.1,-7965.45,334.517,72.9631,-127382,5349.54,498.095,17.6855
0.131077,0,0,15.9918,0.979551,-85528.7,-7966.31,334.437,72.9665,-127396,5348.27,498.148,17.6904
0.131087,0,0,15.9918,0.979711,-85508.4,-7967.16,334.358,72.9698,-127410,5347,498.202,17.6954
0.131097,0,0,15.9918,0.97987,-85488,-7968.02,334.278,72.9732,-127423,5345.72,498.255,17.7004
0.131107,0,0,15.9918,0.98003,-85467.6,-7968.87,334.198,72.9765,-127437,5344.45,498.309,17.7054
0.131117,0,0,15.9918,0.98019,-85447.2,-7969.73,334.119,72.9799,-127451,5343.17,498.362,17.7104
0.131127,0,0,15.9918,0.98035,-85426.8,-7970.58,334.039,72.9832,-127464,5341.9,498.415,17.7153
0.131137,0,0,15.9918,0.98051,-85406.5,-7971.44,333.959,72.9865,-127478,5340.63,498.469,17.7203
0.131147,0,0,15.9918,0.98067,-85386.1,-7972.29,333.88,72.9899,-127492,5339.35,498.522,17.7253
0.131157,0,0,15.9918,0.98083,-85365.7,-7973.14,333.8,72.9932,-127505,5338.08,498.576,17.7303
0.131167,0,0,15.9918,0.98099,-85345.3,-7974,333.72,72.9966,-127519,5336.8,498.629,17.7353
0.131177,0,0,15.9918,0.98115,-85324.9,-7974.85,333.64,72.9999,-127533,5335.53,498.682,17.7403
0.131187,0,0,15.9918,0.98131,-85304.5,-7975.7,333.561,73.0032,-127546,5334.25,498.736,17.7453
0.131197,0,0,15.9918,0.981469,-85284.1,-7976.56,333.481,73.0066,-127560,5332.98,498.789,17.7503
0.131207,0,0,15.9918,0.981629,-85263.7,-7977.41,333.401,73.0099,-127573,5331.7,498.842,17.7552
0.131217,0,0,15.9918,0.981789,-85243.3,-7978.26,333.321,73.0132,-127587,5330.42,498.896,17.7602
0.131227,0,0,15.9918,0.981949,-85222.9,-7979.11,333.242,73.0166,-127601,5329.15,498.949,17.7652
0.131237,0,0,15.9918,0.982109,-85202.5,-7979.96,333.162,73.0199,-127614,5327.87,499.002,17.7702
0.131247,0,0,15.9918,0.982269,-85182.1,-7980.82,333.082,73.0232,-127628,5326.6,499.055,17.7752
0.131257,0,0,15.9918,0.982429,-85161.7,-7981.67,333.002,73.0266,-127642,5325.32,499.109,17.7802
0.131267,0,0,15.9918,0.982589,-85141.3,-7982.52,332.923,73.0299,-127655,5324.04,499.162,17.7852
0.131277,0,0,15.9918,0.982749,-85120.9,-7983.37,332.843,73.0332,-127669,5322.77,499.215,17.7902
0.131287,0,0,15.9918,0.982908,-85100.5,-7984.22,332.763,73.0365,-127682,5321.49,499.268,17.7952
0.131297,0,0,15.9918,0.983068,-85080,-7985.07,332.683,73.0399,-127696,5320.21,499.322,17.8002
0.131307,0,0,15.9918,0.983228,-85059.6,-7985.92,332.603,73.0432,-127710,5318.94,499.375,17.8052
0.131317,0,0,15.9918,0.983388,-85039.2,-7986.77,332.523,73.0465,-127723,5317.66,499.428,17.8101
0.131327,0,0,15.9918,0.983548,-85018.8,-7987.62,332.443,73.0498,-127737,5316.38,499.481,17.8151
0.131337,0,0,15.9918,0.983708,-84998.4,-7988.47,332.364,73.0532,-127750,5315.11,499.534,17.8201
0.131347,0,0,15.9918,0.983868,-84977.9,-7989.32,332.284,73.0565,-127764,5313.83,499.587,17.8251
0.131357,0,0,15.9918,0.984028,-84957.5,-7990.17,332.204,73.0598,-127778,5312.55,499.641,17.8301
0.131367,0,0,15.9918,0.984188,-84937.1,-7991.02,332.124,73.0631,-127791,5311.27,499.694,17.8351
0.131377,0,0,15.9918,0.984348,-84916.6,-7991.87,332.044,73.0665,-127805,5310,499.747,17.8401
0.131387,0,0,15.9918,0.984507,-84896.2,-7992.72,331.964,73.0698,-127818,5308.72,499.8,17.8451
0.131397,0,0,15.9918,0.984667,-84875.8,-7993.57,331.884,73.0731,-127832,5307.44,499.853,17.8501
0.131407,0,0,15.9918,0.984827,-84855.3,-7994.42,331.804,73.0764,-127845,5306.16,499.906,17.8551
0.131417,0,0,15.9918,0.984987,-84834.9,-7995.27,331.724,73.0797,-127859,5304.88,499.959,17.8601
0.131427,0,0,15.9918,0.985147,-84814.4,-7996.11,331.644,73.083,-127873,5303.61,500.012,17.8651
0.131437,0,0,15.9918,0.985307,-84794,-7996.96,331.564,73.0864,-127886,5302.33,500.065,17.8701
0.131447,0,0,15.9918,0.985467,-84773.5,-7997.81,331.484,73.0897,-127900,5301.05,500.118,17.8751
0.131457,0,0,15.9918,0.985627,-84753.1,-7998.66,331.404,73.093,-127913,5299.77,500.171,17.8801
0.131467,0,0,15.9918,0.985787,-84732.6,-7999.5,331.324,73.0963,-127927,5298.49,500.224,17.8851
0.131477,0,0,15.9918,0.985947,-84712.2,-8000.35,331.244,73.0996,-127940,5297.21,500.277,17.8901
0.131487,0,0,15.9918,0.986106,-84691.7,-8001.2,331.165,73.1029,-127954,5295.93,500.33,17.8951
0.131497,0,0,15.9918,0.986266,-84671.2,-8002.05,331.084,73.1062,-127967,5294.65,500.383,17.9001
0.131507,0,0,15.9918,0.986426,-84650.8,-8002.89,331.004,73.1096,-127981,5293.37,500.436,17.9051
0.131517,0,0,15.9918,0.986586,-84630.3,-8003.74,330.924,73.1129,-127995,5292.09,500.489,17.9101
0.131527,0,0,15.9918,0.986746,-84609.9,-8004.58,330.844,73.1162,-128008,5290.81,500.542,17.9151
0.131537,0,0,15.9918,0.986906,-84589.4,-8005.43,330.764,73.1195,-128022,5289.53,500.595,17.9201
0.131547,0,0,15.9918,0.987066,-84568.9,-8006.28,330.684,73.1228,-128035,5288.25,500.647,17.9252
0.131557,0,0,15.9918,0.987226,-84548.4,-8007.12,330.604,73.1261,-128049,5286.97,500.7,17.9302
0.131567,0,0,15.9918,0.987386,-84527.9,-8007.97,330.524,73.1294,-128062,5285.69,500.753,17.9352
0.131577,0,0,15.9918,0.987545,-84507.5,-8008.81,330.444,73.1327,-128076,5284.41,500.806,17.9402
0.131587,0,0,15.9918,0.987705,-84487,-8009.66,330.364,73.136,-128089,5283.13,500.859,17.9452
0.131597,0,0,15.9918,0.987865,-84466.5,-8010.5,330.284,73.1393,-128103,5281.85,500.912,17.9502
0.131607,0,0,15.9918,0.988025,-84446,-8011.35,330.204,73.1426,-128116,5280.57,500.964,17.9552
0.131617,0,0,15.9918,0.988185,-84425.6,-8012.19,330.124,73.1459,-128130,5279.29,501.017,17.9602
0.131627,0,0,15.9918,0.988345,-84405.1,-8013.03,330.044,73.1492,-128143,5278.01,501.07,17.9652
0.131637,0,0,15.9918,0.988505,-84384.6,-8013.88,329.964,73.1525,-128157,5276.73,501.123,17.9702
0.131647,0,0,15.9918,0.988665,-84364.1,-8014.72,329.883,73.1558,-128170,5275.44,501.176,17.9752
0.131657,0,0,15.9918,0.988825,-84343.6,-8015.56,329.803,73.1591,-128184,5274.16,501.228,17.9803
0.131667,0,0,15.9918,0.988985,-84323.1,-8016.41,329.723,73.1624,-128197,5272.88,501.281,17.9853
0.131677,0,0,15.9918,0.989144,-84302.6,-8017.25,329.643,73.1657,-128211,5271.6,501.334,17.9903
0.131687,0,0,15.9918,0.989304,-84282.1,-8018.09,329.563,73.169,-128224,5270.32,501.386,17.9953
0.131697,0,0,15.9918,0.989464,-84261.6,-8018.94,329.483,73.1723,-128238,5269.03,501.439,18.0003
0.131707,0,0,15.9918,0.989624,-84241.1,-8019.78,329.402,73.1756,-128251,5267.75,501.492,18.0053
0.131717,0,0,15.9918,0.989784,-84220.6,-8020.62,329.322,73.1789,-128265,5266.47,501.544,18.0103
0.131727,0,0,15.9918,0.989944,-84200,-8021.46,329.242,73.1822,-128278,5265.19,501.597,18.0154
0.131737,0,0,15.9918,0.990104,-84179.5,-8022.3,329.162,73.1855,-128291,5263.9,501.65,18.0204
0.131747,0,0,15.9918,0.990264,-84159,-8023.15,329.082,73.1888,-128305,5262.62,501.702,18.0254
0.131757,0,0,15.9918,0.990424,-84138.5,-8023.99,329.001,73.192,-128318,5261.34,501.755,18.0304
0.131767,0,0,15.9918,0.990584,-84118,-8024.83,328.921,73.1953,-128332,5260.06,501.808,18.0354
0.131777,0,0,15.9918,0.990743,-84097.5,-8025.67,328.841,73.1986,-128345,5258.77,501.86,18.0404
0.131787,0,0,15.9918,0.990903,-84076.9,-8026.51,328.761,73.2019,-128359,5257.49,501.913,18.0455
0.131797,0,0,15.9918,0.991063,-84056.4,-8027.35,328.68,73.2052,-128372,5256.21,501.965,18.0505
0.131807,0,0,15.9918,0.991223,-84035.9,-8028.19,328.6,73.2085,-128386,5254.92,502.018,18.0555
0.131817,0,0,15.9918,0.991383,-84015.4,-8029.03,328.52,73.2118,-128399,5253.64,502.07,18.0605
0.131827,0,0,15.9918,0.991543,-83994.8,-8029.87,328.44,73.2151,-128412,5252.35,502.123,18.0655
0.131837,0,0,15.9918,0.991703,-83974.3,-8030.71,328.359,73.2183,-128426,5251.07,502.175,18.0706
0.131847,0,0,15.9918,0.991863,-83953.8,-8031.55,328.279,73.2216,-128439,5249.79,502.228,18.0756
0.131857,0,0,15.9918,0.992023,-83933.2,-8032.39,328.199,73.2249,-128453,5248.5,502.28,18.0806
0.131867,0,0,15.9918,0.992182,-83912.7,-8033.23,328.118,73.2282,-128466,5247.22,502.333,18.0856
0.131877,0,0,15.9918,0.992342,-83892.1,-8034.07,328.038,73.2315,-128480,5245.93,502.385,18.0907
0.131887,0,0,15.9918,0.992502,-83871.6,-8034.91,327.958,73.2347,-128493,5244.65,502.438,18.0957
0.131897,0,0,15.9918,0.992662,-83851,-8035.75,327.877,73.238,-128506,5243.36,502.49,18.1007
0.131907,0,0,15.9918,0.992822,-83830.5,-8036.58,327.797,73.2413,-128520,5242.08,502.543,18.1057
0.131917,0,0,15.9918,0.992982,-83809.9,-8037.42,327.717,73.2446,-128533,5240.79,502.595,18.1108
0.131927,0,0,15.9918,0.993142,-83789.4,-8038.26,327.636,73.2479,-128547,5239.51,502.647,18.1158
0.131937,0,0,15.9918,0.993302,-83768.9,-8039.1,327.556,73.2511,-128560,5238.22,502.7,18.1208
0.131947,0,0,15.9918,0.993462,-83748.3,-8039.94,327.475,73.2544,-128573,5236.94,502.752,18.1258
0.131957,0,0,15.9918,0.993622,-83727.7,-8040.77,327.395,73.2577,-128587,5235.65,502.805,18.1309
0.131967,0,0,15.9918,0.993781,-83707.2,-8041.61,327.315,73.261,-128600,5234.37,502.857,18.1359
0.131977,0,0,15.9918,0.993941,-83686.6,-8042.45,327.234,73.2642,-128614,5233.08,502.909,18.1409
0.131987,0,0,15.9918,0.994101,-83666,-8043.28,327.154,73.2675,-128627,5231.79,502.962,18.146
0.131997,0,0,15.9918,0.994261,-83645.5,-8044.12,327.073,73.2708,-128640,5230.51,503.014,18.151
0.132007,0,0,15.9918,0.994421,-83624.9,-8044.96,326.993,73.274,-128654,5229.22,503.066,18.156
0.132017,0,0,15.9918,0.994581,-83604.3,-8045.79,326.913,73.2773,-128667,5227.94,503.118,18.161
0.132027,0,0,15.9918,0.994741,-83583.8,-8046.63,326.832,73.2806,-128680,5226.65,503.171,18.1661
0.132037,0,0,15.9918,0.994901,-83563.2,-8047.46,326.752,73.2839,-128694,5225.36,503.223,18.1711
0.132047,0,0,15.9918,0.995061,-83542.6,-8048.3,326.671,73.2871,-128707,5224.08,503.275,18.1761
0.132057,0,0,15.9918,0.995221,-83522,-8049.13,326.591,73.2904,-128720,5222.79,503.327,18.1812
0.132067,0,0,15.9918,0.99538,-83501.4,-8049.97,326.51,73.2936,-128734,5221.5,503.38,18.1862
0.132077,0,0,15.9918,0.99554,-83480.8,-8050.8,326.43,73.2969,-128747,5220.21,503.432,18.1912
0.132087,0,0,15.9918,0.9957,-83460.3,-8051.64,326.349,73.3002,-128761,5218.93,503.484,18.1963
0.132097,0,0,15.9918,0.99586,-83439.7,-8052.47,326.269,73.3034,-128774,5217.64,503.536,18.2013
0.132107,0,0,15.9918,0.99602,-83419.1,-8053.31,326.188,73.3067,-128787,5216.35,503.588,18.2063
0.132117,0,0,15.9918,0.99618,-83398.5,-8054.14,326.108,73.31,-128801,5215.06,503.641,18.2114
0.132127,0,0,15.9918,0.99634,-83377.9,-8054.97,326.027,73.3132,-128814,5213.78,503.693,18.2164
0.132137,0,0,15.9918,0.9965,-83357.3,-8055.81,325.947,73.3165,-128827,5212.49,503.745,18.2215
0.132147,0,0,15.9918,0.99666,-83336.7,-8056.64,325.866,73.3197,-128841,5211.2,503.797,18.2265
0.132157,0,0,15.9918,0.996819,-83316.1,-8057.47,325.785,73.323,-128854,5209.91,503.849,18.2315
0.132167,0,0,15.9918,0.996979,-83295.5,-8058.31,325.705,73.3263,-128867,5208.62,503.901,18.2366
0.132177,0,0,15.9918,0.997139,-83274.9,-8059.14,325.624,73.3295,-128881,5207.33,503.953,18.2416
0.132187,0,0,15.9918,0.997299,-83254.3,-8059.97,325.544,73.3328,-128894,5206.05,504.005,18.2466
0.132197,0,0,15.9918,0.997459,-83233.7,-8060.81,325.463,73.336,-128907,5204.76,504.057,18.2517
0.132207,0,0,15.9918,0.997619,-83213,-8061.64,325.383,73.3393,-128920,5203.47,504.109,18.2567
0.132217,0,0,15.9918,0.997779,-83192.4,-8062.47,325.302,73.3425,-128934,5202.18,504.161,18.2618
0.132227,0,0,15.9918,0.997939,-83171.8,-8063.3,325.221,73.3458,-128947,5200.89,504.213,18.2668
0.132237,0,0,15.9918,0.998099,-83151.2,-8064.13,325.141,73.349,-128960,5199.6,504.265,18.2719
0.132247,0,0,15.9918,0.998259,-83130.6,-8064.96,325.06,73.3523,-128974,5198.31,504.317,18.2769
0.132257,0,0,15.9918,0.998419,-83110,-8065.79,324.979,73.3555,-128987,5197.02,504.369,18.2819
0.132267,0,0,15.9918,0.998578,-83089.3,-8066.63,324.899,73.3588,-129000,5195.73,504.421,18.287
0.132277,0,0,15.9918,0.998738,-83068.7,-8067.46,324.818,73.362,-129014,5194.44,504.473,18.292
0.132287,0,0,15.9918,0.998898,-83048.1,-8068.29,324.737,73.3653,-129027,5193.15,504.525,18.2971
0.132297,0,0,15.9918,0.999058,-83027.4,-8069.12,324.657,73.3685,-129040,5191.86,504.577,18.3021
0.132307,0,0,15.9918,0.999218,-83006.8,-8069.95,324.576,73.3718,-129053,5190.57,504.629,18.3072
0.132317,0,0,15.9918,0.999378,-82986.2,-8070.78,324.495,73.375,-129067,5189.28,504.681,18.3122
0.132327,0,0,15.9918,0.999538,-82965.5,-8071.61,324.415,73.3783,-129080,5187.99,504.733,18.3173
0.132337,0,0,15.9918,0.999698,-82944.9,-8072.44,324.334,73.3815,-129093,5186.7,504.785,18.3223
0.132347,0,0,15.9918,0.999858,-82924.2,-8073.27,324.253,73.3848,-129106,5185.41,504.836,18.3274
0.132357,0,0,15.9918,1.00002,-82903.6,-8074.09,324.173,73.388,-129120,5184.12,504.888,18.3324
0.132367,0,0,15.9918,1.00018,-82882.9,-8074.92,324.092,73.3912,-129133,5182.83,504.94,18.3375
0.132377,0,0,15.9918,1.00034,-82862.3,-8075.75,324.011,73.3945,-129146,5181.54,504.992,18.3425
0.132387,0,0,15.9918,1.0005,-82841.7,-8076.58,323.93,73.3977,-129159,5180.24,505.044,18.3475
0.132397,0,0,15.9918,1.00066,-82821,-8077.41,323.85,73.401,-129173,5178.95,505.096,18.3526
0.132407,0,0,15.9918,1.00082,-82800.3,-8078.24,323.769,73.4042,-129186,5177.66,505.147,18.3577
0.132417,0,0,15.9918,1.00098,-82779.7,-8079.06,323.688,73.4074,-129199,5176.37,505.199,18.3627
0.132427,0,0,15.9918,1.00114,-82759,-8079.89,323.607,73.4107,-129212,5175.08,505.251,18.3678
0.132437,0,0,15.9918,1.0013,-82738.4,-8080.72,323.526,73.4139,-129226,5173.79,505.302,18.3728
0.132447,0,0,15.9918,1.00146,-82717.7,-8081.55,323.446,73.4171,-129239,5172.49,505.354,18.3779
0.132457,0,0,15.9918,1.00162,-82697,-8082.37,323.365,73.4204,-129252,5171.2,505.406,18.3829
0.132467,0,0,15.9918,1.00178,-82676.4,-8083.2,323.284,73.4236,-129265,5169.91,505.458,18.388
0.132477,0,0,15.9918,1.00194,-82655.7,-8084.03,323.203,73.4268,-129278,5168.62,505.509,18.393
0.132487,0,0,15.9918,1.0021,-82635,-8084.85,323.122,73.4301,-129292,5167.32,505.561,18.3981
0.132497,0,0,15.9918,1.00226,-82614.3,-8085.68,323.042,73.4333,-129305,5166.03,505.613,18.4031
0.132507,0,0,15.9918,1.00242,-82593.7,-8086.5,322.961,73.4365,-129318,5164.74,505.664,18.4082
0.132517,0,0,15.9918,1.00258,-82573,-8087.33,322.88,73.4398,-129331,5163.44,505.716,18.4132
0.132527,0,0,15.9918,1.00274,-82552.3,-8088.16,322.799,73.443,-129345,5162.15,505.768,18.4183
0.132537,0,0,15.9918,1.0029,-82531.6,-8088.98,322.718,73.4462,-129358,5160.86,505.819,18.4234
0.132547,0,0,15.9918,1.00306,-82510.9,-8089.81,322.637,73.4494,-129371,5159.56,505.871,18.4284
0.132557,0,0,15.9918,1.00322,-82490.2,-8090.63,322.556,73.4527,-129384,5158.27,505.922,18.4335
0.132567,0,0,15.9918,1.00338,-82469.6,-8091.46,322.475,73.4559,-129397,5156.98,505.974,18.4385
0.132577,0,0,15.9918,1.00354,-82448.9,-8092.28,322.394,73.4591,-129410,5155.68,506.026,18.4436
0.132587,0,0,15.9918,1.0037,-82428.2,-8093.11,322.314,73.4623,-129424,5154.39,506.077,18.4487
0.132597,0,0,15.9918,1.00385,-82407.5,-8093.93,322.233,73.4656,-129437,5153.09,506.129,18.4537
0.132607,0,0,15.9918,1.00401,-82386.8,-8094.75,322.152,73.4688,-129450,5151.8,506.18,18.4588
0.132617,0,0,15.9918,1.00417,-82366.1,-8095.58,322.071,73.472,-129463,5150.5,506.232,18.4638
0.132627,0,0,15.9918,1.00433,-82345.4,-8096.4,321.99,73.4752,-129476,5149.21,506.283,18.4689
0.132637,0,0,15.9918,1.00449,-82324.7,-8097.22,321.909,73.4784,-129490,5147.92,506.335,18.474
0.132647,0,0,15.9918,1.00465,-82304,-8098.05,321.828,73.4817,-129503,5146.62,506.386,18.479
0.132657,0,0,15.9918,1.00481,-82283.3,-8098.87,321.747,73.4849,-129516,5145.33,506.437,18.4841
0.132667,0,0,15.9918,1.00497,-82262.5,-8099.69,321.666,73.4881,-129529,5144.03,506.489,18.4892
0.132677,0,0,15.9918,1.00513,-82241.8,-8100.51,321.585,73.4913,-129542,5142.74,506.54,18.4942
0.132687,0,0,15.9918,1.00529,-82221.1,-8101.34,321.504,73.4945,-129555,5141.44,506.592,18.4993
0.132697,0,0,15.9918,1.00545,-82200.4,-8102.16,321.423,73.4977,-129568,5140.15,506.643,18.5044
0.132707,0,0,15.9918,1.00561,-82179.7,-8102.98,321.342,73.501,-129582,5138.85,506.695,18.5094
0.132717,0,0,15.9918,1.00577,-82159,-8103.8,321.261,73.5042,-129595,5137.55,506.746,18.5145
0.132727,0,0,15.9918,1.00593,-82138.2,-8104.62,321.18,73.5074,-129608,5136.26,506.797,18.5196
0.132737,0,0,15.9918,1.00609,-82117.5,-8105.44,321.099,73.5106,-129621,5134.96,506.849,18.5246
0.132747,0,0,15.9918,1.00625,-82096.8,-8106.27,321.018,73.5138,-129634,5133.67,506.9,18.5297
0.132757,0,0,15.9918,1.00641,-82076.1,-8107.09,320.937,73.517,-129647,5132.37,506.951,18.5348
0.132767,0,0,15.9918,1.00657,-82055.3,-8107.91,320.856,73.5202,-129660,5131.07,507.003,18.5398
0.132777,0,0,15.9918,1.00673,-82034.6,-8108.73,320.775,73.5234,-129674,5129.78,507.054,18.5449
0.132787,0,0,15.9918,1.00689,-82013.9,-8109.55,320.694,73.5266,-129687,5128.48,507.105,18.55
0.132797,0,0,15.9918,1.00705,-81993.1,-8110.37,320.612,73.5298,-129700,5127.18,507.156,18.5551
0.132807,0,0,15.9918,1.00721,-81972.4,-8111.19,320.531,73.5331,-129713,5125.89,507.208,18.5601
0.132817,0,0,15.9918,1.00737,-81951.6,-8112.01,320.45,73.5363,-129726,5124.59,507.259,18.5652
0.132827,0,0,15.9918,1.00753,-81930.9,-8112.83,320.369,73.5395,-129739,5123.29,507.31,18.5703
0.132837,0,0,15.9918,1.00769,-81910.1,-8113.64,320.288,73.5427,-129752,5122,507.361,18.5753
0.132847,0,0,15.9918,1.00785,-81889.4,-8114.46,320.207,73.5459,-129765,5120.7,507.413,18.5804
0.132857,0,0,15.9918,1.00801,-81868.7,-8115.28,320.126,73.5491,-129778,5119.4,507.464,18.5855
0.132867,0,0,15.9918,1.00817,-81847.9,-8116.1,320.045,73.5523,-129791,5118.1,507.515,18.5906
0.132877,0,0,15.9918,1.00833,-81827.2,-8116.92,319.963,73.5555,-129804,5116.81,507.566,18.5956
0.132887,0,0,15.9918,1.00849,-81806.4,-8117.74,319.882,73.5587,-129818,5115.51,507.617,18.6007
0.132897,0,0,15.9918,1.00865,-81785.6,-8118.55,319.801,73.5619,-129831,5114.21,507.668,18.6058
0.132907,0,0,15.9918,1.00881,-81764.9,-8119.37,319.72,73.5651,-129844,5112.91,507.72,18.6109
0.132917,0,0,15.9918,1.00897,-81744.1,-8120.19,319.639,73.5683,-129857,5111.61,507.771,18.6159
0.132927,0,0,15.9918,1.00913,-81723.3,-8121.01,319.558,73.5715,-129870,5110.31,507.822,18.621
0.132937,0,0,15.9918,1.00929,-81702.6,-8121.82,319.476,73.5747,-129883,5109.02,507.873,18.6261
0.132947,0,0,15.9918,1.00945,-81681.8,-8122.64,319.395,73.5779,-129896,5107.72,507.924,18.6312
0.132957,0,0,15.9918,1.00961,-81661,-8123.46,319.314,73.581,-129909,5106.42,507.975,18.6363
0.132967,0,0,15.9918,1.00977,-81640.3,-8124.27,319.233,73.5842,-129922,5105.12,508.026,18.6413
0.132977,0,0,15.9918,1.00993,-81619.5,-8125.09,319.151,73.5874,-129935,5103.82,508.077,18.6464
0.132987,0,0,15.9918,1.01009,-81598.7,-8125.91,319.07,73.5906,-129948,5102.52,508.128,18.6515
0.132997,0,0,15.9918,1.01025,-81577.9,-8126.72,318.989,73.5938,-129961,5101.22,508.179,18.6566
0.133007,0,0,15.9918,1.01041,-81557.2,-8127.54,318.908,73.597,-129974,5099.92,508.23,18.6617
0.133017,0,0,15.9918,1.01057,-81536.4,-8128.35,318.826,73.6002,-129987,5098.62,508.281,18.6667
0.133027,0,0,15.9918,1.01073,-81515.6,-8129.17,318.745,73.6034,-130000,5097.32,508.332,18.6718
0.133037,0,0,15.9918,1.01089,-81494.8,-8129.98,318.664,73.6066,-130013,5096.02,508.383,18.6769
0.133047,0,0,15.9918,1.01105,-81474,-8130.8,318.583,73.6097,-130026,5094.72,508.434,18.682
0.133057,0,0,15.9918,1.01121,-81453.2,-8131.61,318.501,73.6129,-130039,5093.42,508.485,18.6871
0.133067,0,0,15.9918,1.01137,-81432.4,-8132.43,318.42,73.6161,-130052,5092.12,508.536,18.6922
0.133077,0,0,15.9918,1.01153,-81411.6,-8133.24,318.339,73.6193,-130066,5090.82,508.587,18.6973
0.133087,0,0,15.9918,1.01169,-81390.8,-8134.05,318.257,73.6225,-130079,5089.52,508.638,18.7023
0.133097,0,0,15.9918,1.01185,-81370,-8134.87,318.176,73.6257,-130092,5088.22,508.689,18.7074
0.133107,0,0,15.9918,1.01201,-81349.2,-8135.68,318.095,73.6288,-130105,5086.92,508.739,18.7125
0.133117,0,0,15.9918,1.01217,-81328.4,-8136.49,318.013,73.632,-130118,5085.62,508.79,18.7176
0.133127,0,0,15.9918,1.01233,-81307.6,-8137.31,317.932,73.6352,-130131,5084.32,508.841,18.7227
0.133137,0,0,15.9918,1.01249,-81286.8,-8138.12,317.851,73.6384,-130144,5083.02,508.892,18.7278
0.133147,0,0,15.9918,1.01265,-81266,-8138.93,317.769,73.6416,-130157,5081.72,508.943,18.7329
0.133157,0,0,15.9918,1.01281,-81245.2,-8139.75,317.688,73.6447,-130170,5080.41,508.994,18.738
0.133167,0,0,15.9918,1.01297,-81224.4,-8140.56,317.606,73.6479,-130183,5079.11,509.044,18.743
0.133177,0,0,15.9918,1.01313,-81203.6,-8141.37,317.525,73.6511,-130196,5077.81,509.095,18.7481
0.133187,0,0,15.9918,1.01329,-81182.7,-8142.18,317.444,73.6543,-130209,5076.51,509.146,18.7532
0.133197,0,0,15.9918,1.01345,-81161.9,-8142.99,317.362,73.6574,-130221,5075.21,509.197,18.7583
0.133207,0,0,15.9918,1.01361,-81141.1,-8143.8,317.281,73.6606,-130234,5073.9,509.247,18.7634
0.133217,0,0,15.9918,1.01377,-81120.3,-8144.62,317.199,73.6638,-130247,5072.6,509.298,18.7685
0.133227,0,0,15.9918,1.01393,-81099.4,-8145.43,317.118,73.667,-130260,5071.3,509.349,18.7736
0.133237,0,0,15.9918,1.01409,-81078.6,-8146.24,317.036,73.6701,-130273,5070,509.4,18.7787
0.133247,0,0,15.9918,1.01425,-81057.8,-8147.05,316.955,73.6733,-130286,5068.69,509.45,18.7838
0.133257,0,0,15.9918,1.01441,-81036.9,-8147.86,316.874,73.6765,-130299,5067.39,509.501,18.7889
0.133267,0,0,15.9918,1.01457,-81016.1,-8148.67,316.792,73.6796,-130312,5066.09,509.552,18.794
0.133277,0,0,15.9918,1.01473,-80995.3,-8149.48,316.711,73.6828,-130325,5064.79,509.602,18.7991
0.133287,0,0,15.9918,1.01489,-80974.4,-8150.29,316.629,73.686,-130338,5063.48,509.653,18.8042
0.133297,0,0,15.9918,1.01505,-80953.6,-8151.1,316.548,73.6891,-130351,5062.18,509.703,18.8093
0.133307,0,0,15.9918,1.01521,-80932.7,-8151.91,316.466,73.6923,-130364,5060.88,509.754,18.8144
0.133317,0,0,15.9918,1.01537,-80911.9,-8152.72,316.385,73.6955,-130377,5059.57,509.805,18.8195
0.133327,0,0,15.9918,1.01553,-80891.1,-8153.53,316.303,73.6986,-130390,5058.27,509.855,18.8246
0.133337,0,0,15.9918,1.01569,-80870.2,-8154.33,316.221,73.7018,-130403,5056.96,509.906,18.8297
0.133347,0,0,15.9918,1.01585,-80849.3,-8155.14,316.14,73.705,-130416,5055.66,509.956,18.8348
0.133357,0,0,15.9918,1.01601,-80828.5,-8155.95,316.058,73.7081,-130429,5054.36,510.007,18.8399
0.133367,0,0,15.9918,1.01617,-80807.6,-8156.76,315.977,73.7113,-130442,5053.05,510.057,18.845
0.133377,0,0,15.9918,1.01633,-80786.8,-8157.57,315.895,73.7144,-130455,5051.75,510.108,18.8501
0.133387,0,0,15.9918,1.01649,-80765.9,-8158.38,315.814,73.7176,-130467,5050.44,510.158,18.8552
0.133397,0,0,15.9918,1.01665,-80745,-8159.18,315.732,73.7207,-130480,5049.14,510.209,18.8603
0.133407,0,0,15.9918,1.01681,-80724.2,-8159.99,315.651,73.7239,-130493,5047.83,510.259,18.8654
0.133417,0,0,15.9918,1.01697,-80703.3,-8160.8,315.569,73.7271,-130506,5046.53,510.31,18.8705
0.133427,0,0,15.9918,1.01713,-80682.4,-8161.6,315.487,73.7302,-130519,5045.22,510.36,18.8756
0.133437,0,0,15.9918,1.01729,-80661.6,-8162.41,315.406,73.7334,-130532,5043.92,510.411,18.8807
0.133447,0,0,15.9918,1.01745,-80640.7,-8163.22,315.324,73.7365,-130545,5042.62,510.461,18.8858
0.133457,0,0,15.9918,1.01761,-80619.8,-8164.02,315.243,73.7397,-130558,5041.31,510.512,18.8909
0.133467,0,0,15.9918,1.01777,-80599,-8164.83,315.161,73.7428,-130571,5040,510.562,18.896
0.133477,0,0,15.9918,1.01793,-80578.1,-8165.63,315.079,73.746,-130584,5038.7,510.612,18.9011
0.133487,0,0,15.9918,1.01809,-80557.2,-8166.44,314.998,73.7491,-130596,5037.39,510.663,18.9062
0.133497,0,0,15.9918,1.01825,-80536.3,-8167.24,314.916,73.7523,-130609,5036.09,510.713,18.9113
0.133507,0,0,15.9918,1.01841,-80515.4,-8168.05,314.834,73.7554,-130622,5034.78,510.764,18.9164
0.133517,0,0,15.9918,1.01857,-80494.6,-8168.86,314.753,73.7586,-130635,5033.48,510.814,18.9215
0.133527,0,0,15.9918,1.01873,-80473.7,-8169.66,314.671,73.7617,-130648,5032.17,510.864,18.9266
0.133537,0,0,15.9918,1.01889,-80452.8,-8170.46,314.589,73.7649,-130661,5030.86,510.914,18.9317
0.133547,0,0,15.9918,1.01905,-80431.9,-8171.27,314.508,73.768,-130674,5029.56,510.965,18.9369
0.133557,0,0,15.9918,1.01921,-80411,-8172.07,314.426,73.7712,-130687,5028.25,511.015,18.942
0.133567,0,0,15.9918,1.01937,-80390.1,-8172.88,314.344,73.7743,-130699,5026.94,511.065,18.9471
0.133577,0,0,15.9918,1.01952,-80369.2,-8173.68,314.262,73.7774,-130712,5025.64,511.116,18.9522
0.133587,0,0,15.9918,1.01968,-80348.3,-8174.48,314.181,73.7806,-130725,5024.33,511.166,18.9573
0.133597,0,0,15.9918,1.01984,-80327.4,-8175.29,314.099,73.7837,-130738,5023.02,511.216,18.9624
0.133607,0,0,15.9918,1.02,-80306.5,-8176.09,314.017,73.7869,-130751,5021.71,511.266,18.9675
0.133617,0,0,15.9918,1.02016,-80285.6,-8176.89,313.935,73.79,-130764,5020.41,511.316,18.9726
0.133627,0,0,15.9918,1.02032,-80264.6,-8177.7,313.854,73.7932,-130776,5019.1,511.367,18.9777
0.133637,0,0,15.9918,1.02048,-80243.8,-8178.5,313.772,73.7963,-130789,5017.79,511.417,18.9829
0.133647,0,0,15.9918,1.02064,-80222.8,-8179.3,313.69,73.7994,-130802,5016.48,511.467,18.988
0.133657,0,0,15.9918,1.0208,-80201.9,-8180.1,313.608,73.8026,-130815,5015.18,511.517,18.9931
0.133667,0,0,15.9918,1.02096,-80181,-8180.9,313.527,73.8057,-130828,5013.87,511.567,18.9982
0.133677,0,0,15.9918,1.02112,-80160.1,-8181.71,313.445,73.8088,-130841,5012.56,511.617,19.0033
0.133687,0,0,15.9918,1.02128,-80139.1,-8182.51,313.363,73.812,-130853,5011.25,511.668,19.0084
0.133697,0,0,15.9918,1.02144,-80118.2,-8183.31,313.281,73.8151,-130866,5009.94,511.718,19.0136
0.133707,0,0,15.9918,1.0216,-80097.3,-8184.11,313.199,73.8182,-130879,5008.63,511.768,19.0187
0.133717,0,0,15.9918,1.02176,-80076.4,-8184.91,313.117,73.8214,-130892,5007.33,511.818,19.0238
0.133727,0,0,15.9918,1.02192,-80055.4,-8185.71,313.036,73.8245,-130905,5006.02,511.868,19.0289
0.133737,0,0,15.9918,1.02208,-80034.5,-8186.51,312.954,73.8276,-130917,5004.71,511.918,19.034
0.133747,0,0,15.9918,1.02224,-80013.6,-8187.31,312.872,73.8307,-130930,5003.4,511.968,19.0391
0.133757,0,0,15.9918,1.0224,-79992.6,-8188.11,312.79,73.8339,-130943,5002.09,512.018,19.0443
0.133767,0,0,15.9918,1.02256,-79971.7,-8188.91,312.708,73.837,-130956,5000.78,512.068,19.0494
0.133777,0,0,15.9918,1.02272,-79950.8,-8189.71,312.626,73.8401,-130969,4999.47,512.118,19.0545
0.133787,0,0,15.9918,1.02288,-79929.8,-8190.51,312.544,73.8433,-130981,4998.16,512.168,19.0596
0.133797,0,0,15.9918,1.02304,-79908.9,-8191.31,312.462,73.8464,-130994,4996.85,512.218,19.0648
0.133807,0,0,15.9918,1.0232,-79887.9,-8192.11,312.381,73.8495,-131007,4995.54,512.268,19.0699
0.133817,0,0,15.9918,1.02336,-79867,-8192.91,312.299,73.8526,-131020,4994.23,512.318,19.075
0.133827,0,0,15.9918,1.02352,-79846,-8193.71,312.217,73.8558,-131032,4992.92,512.368,19.0801
0.133837,0,0,15.9918,1.02368,-79825.1,-8194.5,312.135,73.8589,-131045,4991.61,512.418,19.0852
0.133847,0,0,15.9918,1.02384,-79804.1,-8195.3,312.053,73.862,-131058,4990.3,512.468,19.0904
0.133857,0,0,15.9918,1.024,-79783.2,-8196.1,311.971,73.8651,-131071,4988.99,512.517,19.0955
0.133867,0,0,15.9918,1.02416,-79762.2,-8196.9,311.889,73.8682,-131083,4987.68,512.567,19.1006
0.133877,0,0,15.9918,1.02432,-79741.2,-8197.69,311.807,73.8714,-131096,4986.37,512.617,19.1057
0.133887,0,0,15.9918,1.02448,-79720.3,-8198.49,311.725,73.8745,-131109,4985.06,512.667,19.1109
0.133897,0,0,15.9918,1.02464,-79699.3,-8199.29,311.643,73.8776,-131122,4983.75,512.717,19.116
0.133907,0,0,15.9918,1.0248,-79678.4,-8200.08,311.561,73.8807,-131134,4982.44,512.767,19.1211
0.133917,0,0,15.9918,1.02496,-79657.4,-8200.88,311.479,73.8838,-131147,4981.12,512.817,19.1263
0.133927,0,0,15.9918,1.02512,-79636.4,-8201.68,311.397,73.8869,-131160,4979.81,512.866,19.1314
0.133937,0,0,15.9918,1.02528,-79615.4,-8202.47,311.315,73.89,-131173,4978.5,512.916,19.1365
0.133947,0,0,15.9918,1.02544,-79594.5,-8203.27,311.233,73.8932,-131185,4977.19,512.966,19.1416
0.133957,0,0,15.9918,1.0256,-79573.5,-8204.07,311.151,73.8963,-131198,4975.88,513.016,19.1468
0.133967,0,0,15.9918,1.02576,-79552.5,-8204.86,311.069,73.8994,-131211,4974.57,513.065,19.1519
0.133977,0,0,15.9918,1.02592,-79531.5,-8205.66,310.987,73.9025,-131224,4973.25,513.115,19.157
0.133987,0,0,15.9918,1.02608,-79510.5,-8206.45,310.905,73.9056,-131236,4971.94,513.165,19.1622
0.133997,0,0,15.9918,1.02624,-79489.6,-8207.25,310.823,73.9087,-131249,4970.63,513.215,19.1673
0.134007,0,0,15.9918,1.0264,-79468.6,-8208.04,310.741,73.9118,-131262,4969.32,513.264,19.1724
0.134017,0,0,15.9918,1.02656,-79447.6,-8208.84,310.659,73.9149,-131274,4968.01,513.314,19.1776
0.134027,0,0,15.9918,1.02672,-79426.6,-8209.63,310.577,73.918,-131287,4966.69,513.364,19.1827
0.134037,0,0,15.9918,1.02688,-79405.6,-8210.42,310.495,73.9211,-131300,4965.38,513.413,19.1878
0.134047,0,0,15.9918,1.02704,-79384.6,-8211.22,310.412,73.9242,-131313,4964.07,513.463,19.193
0.134057,0,0,15.9918,1.0272,-79363.6,-8212.01,310.33,73.9273,-131325,4962.75,513.513,19.1981
0.134067,0,0,15.9918,1.02736,-79342.6,-8212.81,310.248,73.9305,-131338,4961.44,513.562,19.2032
0.134077,0,0,15.9918,1.02752,-79321.6,-8213.6,310.166,73.9336,-131351,4960.13,513.612,19.2084
0.134087,0,0,15.9918,1.02768,-79300.6,-8214.39,310.084,73.9367,-131363,4958.81,513.661,19.2135
0.134097,0,0,15.9918,1.02784,-79279.6,-8215.18,310.002,73.9398,-131376,4957.5,513.711,19.2186
0.134107,0,0,15.9918,1.028,-79258.6,-8215.98,309.92,73.9428,-131389,4956.19,513.76,19.2238
0.134117,0,0,15.9918,1.02816,-79237.6,-8216.77,309.838,73.9459,-131401,4954.87,513.81,19.2289
0.134127,0,0,15.9918,1.02832,-79216.6,-8217.56,309.755,73.949,-131414,4953.56,513.86,19.2341
0.134137,0,0,15.9918,1.02848,-79195.5,-8218.35,309.673,73.9521,-131427,4952.25,513.909,19.2392
0.134147,0,0,15.9918,1.02864,-79174.5,-8219.14,309.591,73.9552,-131439,4950.93,513.958,19.2443
0.134157,0,0,15.9918,1.0288,-79153.5,-8219.94,309.509,73.9583,-131452,4949.62,514.008,19.2495
0.134167,0,0,15.9918,1.02896,-79132.5,-8220.73,309.427,73.9614,-131465,4948.3,514.057,19.2546
0.134177,0,0,15.9918,1.02912,-79111.5,-8221.52,309.344,73.9645,-131477,4946.99,514.107,19.2598
0.134187,0,0,15.9918,1.02928,-79090.4,-8222.31,309.262,73.9676,-131490,4945.67,514.156,19.2649
0.134197,0,0,15.9918,1.02944,-79069.4,-8223.1,309.18,73.9707,-131503,4944.36,514.206,19.27
0.134207,0,0,15.9918,1.0296,-79048.4,-8223.89,309.098,73.9738,-131515,4943.04,514.255,19.2752
0.134217,0,0,15.9918,1.02976,-79027.4,-8224.68,309.016,73.9769,-131528,4941.73,514.305,19.2803
0.134227,0,0,15.9918,1.02992,-79006.3,-8225.47,308.933,73.98,-131540,4940.41,514.354,19.2855
0.134237,0,0,15.9918,1.03008,-78985.3,-8226.26,308.851,73.9831,-131553,4939.1,514.404,19.2906
0.134247,0,0,15.9918,1.03024,-78964.3,-8227.05,308.769,73.9862,-131566,4937.78,514.453,19.2958
0.134257,0,0,15.9918,1.0304,-78943.2,-8227.84,308.687,73.9893,-131578,4936.47,514.502,19.3009
0.134267,0,0,15.9918,1.03056,-78922.2,-8228.63,308.604,73.9923,-131591,4935.15,514.552,19.306
0.134277,0,0,15.9918,1.03072,-78901.1,-8229.42,308.522,73.9954,-131604,4933.84,514.601,19.3112
0.134287,0,0,15.9918,1.03088,-78880.1,-8230.21,308.44,73.9985,-131616,4932.52,514.65,19.3163
0.134297,0,0,15.9918,1.03104,-78859,-8231,308.357,74.0016,-131629,4931.2,514.7,19.3215
0.134307,0,0,15.9918,1.0312,-78838,-8231.78,308.275,74.0047,-131641,4929.89,514.749,19.3266
0.134317,0,0,15.9918,1.03136,-78817,-8232.57,308.193,74.0078,-131654,4928.57,514.798,19.3318
0.134327,0,0,15.9918,1.03152,-78795.9,-8233.36,308.111,74.0108,-131667,4927.26,514.847,19.3369
0.134337,0,0,15.9918,1.03168,-78774.9,-8234.15,308.028,74.0139,-131679,4925.94,514.897,19.3421
0.134347,0,0,15.9918,1.03184,-78753.8,-8234.94,307.946,74.017,-131692,4924.62,514.946,19.3472
0.134357,0,0,15.9918,1.032,-78732.7,-8235.72,307.863,74.0201,-131704,4923.31,514.995,19.3524
0.134367,0,0,15.9918,1.03216,-78711.7,-8236.51,307.781,74.0232,-131717,4921.99,515.044,19.3575
0.134377,0,0,15.9918,1.03232,-78690.6,-8237.3,307.699,74.0262,-131730,4920.67,515.094,19.3627
0.134387,0,0,15.9918,1.03248,-78669.5,-8238.08,307.616,74.0293,-131742,4919.35,515.143,19.3678
0.134397,0,0,15.9918,1.03264,-78648.5,-8238.87,307.534,74.0324,-131755,4918.04,515.192,19.373
0.134407,0,0,15.9918,1.0328,-78627.4,-8239.66,307.452,74.0355,-131767,4916.72,515.241,19.3781
0.134417,0,0,15.9918,1.03296,-78606.3,-8240.44,307.369,74.0385,-131780,4915.4,515.29,19.3833
0.134427,0,0,15.9918,1.03312,-78585.3,-8241.23,307.287,74.0416,-131792,4914.08,515.339,19.3884
0.134437,0,0,15.9918,1.03328,-78564.2,-8242.01,307.205,74.0447,-131805,4912.77,515.389,19.3936
0.134447,0,0,15.9918,1.03344,-78543.1,-8242.8,307.122,74.0478,-131818,4911.45,515.438,19.3987
0.134457,0,0,15.9918,1.0336,-78522,-8243.58,307.04,74.0508,-131830,4910.13,515.487,19.4039
0.134467,0,0,15.9918,1.03376,-78501,-8244.37,306.957,74.0539,-131843,4908.81,515.536,19.4091
0.134477,0,0,15.9918,1.03392,-78479.9,-8245.15,306.875,74.057,-131855,4907.49,515.585,19.4142
0.134487,0,0,15.9918,1.03408,-78458.8,-8245.94,306.792,74.06,-131868,4906.18,515.634,19.4194
0.134497,0,0,15.9918,1.03424,-78437.7,-8246.72,306.71,74.0631,-131880,4904.86,515.683,19.4245
0.134507,0,0,15.9918,1.0344,-78416.6,-8247.51,306.627,74.0662,-131893,4903.54,515.732,19.4297
0.134517,0,0,15.9918,1.03456,-78395.5,-8248.29,306.545,74.0692,-131905,4902.22,515.781,19.4348
0.134527,0,0,15.9918,1.03472,-78374.4,-8249.08,306.462,74.0723,-131918,4900.9,515.83,19.44
0.134537,0,0,15.9918,1.03488,-78353.3,-8249.86,306.38,74.0754,-131930,4899.58,515.879,19.4452
0.134547,0,0,15.9918,1.03504,-78332.2,-8250.64,306.298,74.0784,-131943,4898.26,515.928,19.4503
0.134557,0,0,15.9918,1.03519,-78311.1,-8251.43,306.215,74.0815,-131956,4896.94,515.977,19.4555
0.134567,0,0,15.9918,1.03535,-78290,-8252.21,306.132,74.0845,-131968,4895.62,516.026,19.4606
0.134577,0,0,15.9918,1.03551,-78269,-8252.99,306.05,74.0876,-131981,4894.3,516.075,19.4658
0.134587,0,0,15.9918,1.03567,-78247.8,-8253.77,305.967,74.0907,-131993,4892.98,516.124,19.471
0.134597,0,0,15.9918,1.03583,-78226.7,-8254.56,305.885,74.0937,-132006,4891.66,516.173,19.4761
0.134607,0,0,15.9918,1.03599,-78205.6,-8255.34,305.802,74.0968,-132018,4890.34,516.222,19.4813
0.134617,0,0,15.9918,1.03615,-78184.5,-8256.12,305.72,74.0998,-132031,4889.02,516.271,19.4864
0.134627,0,0,15.9918,1.03631,-78163.4,-8256.9,305.637,74.1029,-132043,4887.7,516.32,19.4916
0.134637,0,0,15.9918,1.03647,-78142.3,-8257.68,305.555,74.106,-132056,4886.38,516.368,19.4968
0.134647,0,0,15.9918,1.03663,-78121.2,-8258.46,305.472,74.109,-132068,4885.06,516.417,19.5019
0.134657,0,0,15.9918,1.03679,-78100,-8259.25,305.39,74.1121,-132081,4883.74,516.466,19.5071
0.134667,0,0,15.9918,1.03695,-78078.9,-8260.03,305.307,74.1151,-132093,4882.42,516.515,19.5123
0.134677,0,0,15.9918,1.03711,-78057.8,-8260.81,305.224,74.1182,-132106,4881.1,516.564,19.5174
0.134687,0,0,15.9918,1.03727,-78036.7,-8261.59,305.142,74.1212,-132118,4879.78,516.612,19.5226
0.134697,0,0,15.9918,1.03743,-78015.6,-8262.37,305.059,74.1243,-132130,4878.46,516.661,19.5278
0.134707,0,0,15.9918,1.03759,-77994.4,-8263.15,304.977,74.1273,-132143,4877.14,516.71,19.5329
0.134717,0,0,15.9918,1.03775,-77973.3,-8263.93,304.894,74.1304,-132155,4875.82,516.759,19.5381
0.134727,0,0,15.9918,1.03791,-77952.2,-8264.71,304.811,74.1334,-132168,4874.5,516.808,19.5433
0.134737,0,0,15.9918,1.03807,-77931,-8265.49,304.729,74.1365,-132180,4873.17,516.856,19.5484
0.134747,0,0,15.9918,1.03823,-77909.9,-8266.26,304.646,74.1395,-132193,4871.85,516.905,19.5536
0.134757,0,0,15.9918,1.03839,-77888.8,-8267.04,304.563,74.1426,-132205,4870.53,516.954,19.5588
0.134767,0,0,15.9918,1.03855,-77867.6,-8267.82,304.481,74.1456,-132218,4869.21,517.002,19.5639
0.134777,0,0,15.9918,1.03871,-77846.5,-8268.6,304.398,74.1486,-132230,4867.89,517.051,19.5691
0.134787,0,0,15.9918,1.03887,-77825.3,-8269.38,304.315,74.1517,-132243,4866.56,517.1,19.5743
0.134797,0,0,15.9918,1.03903,-77804.2,-8270.16,304.233,74.1547,-132255,4865.24,517.148,19.5794
0.134807,0,0,15.9918,1.03919,-77783,-8270.94,304.15,74.1578,-132268,4863.92,517.197,19.5846
0.134817,0,0,15.9918,1.03935,-77761.9,-8271.71,304.067,74.1608,-132280,4862.6,517.246,19.5898
0.134827,0,0,15.9918,1.03951,-77740.7,-8272.49,303.985,74.1639,-132292,4861.27,517.294,19.595
0.134837,0,0,15.9918,1.03967,-77719.6,-8273.27,303.902,74.1669,-132305,4859.95,517.343,19.6001
0.134847,0,0,15.9918,1.03983,-77698.4,-8274.04,303.819,74.1699,-132317,4858.63,517.391,19.6053
0.134857,0,0,15.9918,1.03999,-77677.3,-8274.82,303.736,74.173,-132330,4857.3,517.44,19.6105
0.134867,0,0,15.9918,1.04015,-77656.1,-8275.6,303.654,74.176,-132342,4855.98,517.489,19.6157
0.134877,0,0,15.9918,1.04031,-77634.9,-8276.37,303.571,74.179,-132354,4854.66,517.537,19.6208
0.134887,0,0,15.9918,1.04047,-77613.8,-8277.15,303.488,74.1821,-132367,4853.33,517.586,19.626
0.134897,0,0,15.9918,1.04063,-77592.6,-8277.93,303.405,74.1851,-132379,4852.01,517.634,19.6312
0.134907,0,0,15.9918,1.04079,-77571.4,-8278.7,303.323,74.1881,-132392,4850.69,517.683,19.6364
0.134917,0,0,15.9918,1.04095,-77550.3,-8279.48,303.24,74.1912,-132404,4849.36,517.731,19.6415
0.134927,0,0,15.9918,1.04111,-77529.1,-8280.25,303.157,74.1942,-132417,4848.04,517.78,19.6467
0.134937,0,0,15.9918,1.04127,-77507.9,-8281.03,303.074,74.1972,-132429,4846.72,517.828,19.6519
0.134947,0,0,15.9918,1.04143,-77486.8,-8281.8,302.991,74.2003,-132441,4845.39,517.877,19.6571
0.134957,0,0,15.9918,1.04159,-77465.6,-8282.58,302.909,74.2033,-132454,4844.07,517.925,19.6623
0.134967,0,0,15.9918,1.04175,-77444.4,-8283.35,302.826,74.2063,-132466,4842.74,517.973,19.6674
0.134977,0,0,15.9918,1.04191,-77423.2,-8284.13,302.743,74.2094,-132478,4841.42,518.022,19.6726
0.134987,0,0,15.9918,1.04207,-77402,-8284.9,302.66,74.2124,-132491,4840.09,518.07,19.6778
0.134997,0,0,15.9918,1.04223,-77380.9,-8285.67,302.577,74.2154,-132503,4838.77,518.119,19.683
0.135007,0,0,15.9918,1.04239,-77359.6,-8286.45,302.494,74.2184,-132516,4837.44,518.167,19.6882
0.135017,0,0,15.9918,1.04255,-77338.5,-8287.22,302.412,74.2215,-132528,4836.12,518.215,19.6933
0.135027,0,0,15.9918,1.04271,-77317.3,-8287.99,302.329,74.2245,-132540,4834.79,518.264,19.6985
0.135037,0,0,15.9918,1.04287,-77296.1,-8288.77,302.246,74.2275,-132553,4833.47,518.312,19.7037
0.135047,0,0,15.9918,1.04303,-77274.9,-8289.54,302.163,74.2305,-132565,4832.14,518.36,19.7089
0.135057,0,0,15.9918,1.04319,-77253.7,-8290.31,302.08,74.2336,-132577,4830.82,518.409,19.7141
0.135067,0,0,15.9918,1.04335,-77232.5,-8291.08,301.997,74.2366,-132590,4829.49,518.457,19.7193
0.135077,0,0,15.9918,1.04351,-77211.3,-8291.86,301.914,74.2396,-132602,4828.17,518.505,19.7244
0.135087,0,0,15.9918,1.04367,-77190.1,-8292.63,301.831,74.2426,-132614,4826.84,518.554,19.7296
0.135097,0,0,15.9918,1.04383,-77168.9,-8293.4,301.748,74.2456,-132627,4825.51,518.602,19.7348
0.135107,0,0,15.9918,1.04399,-77147.7,-8294.17,301.666,74.2486,-132639,4824.19,518.65,19.74
0.135117,0,0,15.9918,1.04415,-77126.5,-8294.94,301.583,74.2517,-132651,4822.86,518.698,19.7452
0.135127,0,0,15.9918,1.04431,-77105.2,-8295.71,301.5,74.2547,-132664,4821.54,518.747,19.7504
0.135137,0,0,15.9918,1.04447,-77084,-8296.48,301.417,74.2577,-132676,4820.21,518.795,19.7556
0.135147,0,0,15.9918,1.04463,-77062.8,-8297.26,301.334,74.2607,-132688,4818.88,518.843,19.7607
0.135157,0,0,15.9918,1.04479,-77041.6,-8298.02,301.251,74.2637,-132701,4817.56,518.891,19.7659
0.135167,0,0,15.9918,1.04495,-77020.4,-8298.8,301.168,74.2667,-132713,4816.23,518.939,19.7711
0.135177,0,0,15.9918,1.04511,-76999.2,-8299.57,301.085,74.2697,-132725,4814.9,518.987,19.7763
0.135187,0,0,15.9918,1.04527,-76977.9,-8300.33,301.002,74.2728,-132738,4813.57,519.036,19.7815
0.135197,0,0,15.9918,1.04543,-76956.7,-8301.11,300.919,74.2758,-132750,4812.25,519.084,19.7867
0.135207,0,0,15.9918,1.04559,-76935.5,-8301.87,300.836,74.2788,-132762,4810.92,519.132,19.7919
0.135217,0,0,15.9918,1.04575,-76914.2,-8302.64,300.753,74.2818,-132775,4809.59,519.18,19.7971
0.135227,0,0,15.9918,1.04591,-76893,-8303.41,300.67,74.2848,-132787,4808.27,519.228,19.8023
0.135237,0,0,15.9918,1.04607,-76871.8,-8304.18,300.587,74.2878,-132799,4806.94,519.276,19.8075
0.135247,0,0,15.9918,1.04623,-76850.6,-8304.95,300.504,74.2908,-132811,4805.61,519.324,19.8127
0.135257,0,0,15.9918,1.04639,-76829.3,-8305.72,300.421,74.2938,-132824,4804.28,519.372,19.8178
0.135267,0,0,15.9918,1.04655,-76808.1,-8306.49,300.338,74.2968,-132836,4802.95,519.42,19.823
0.135277,0,0,15.9918,1.04671,-76786.8,-8307.25,300.255,74.2998,-132848,4801.62,519.468,19.8282
0.135287,0,0,15.9918,1.04687,-76765.6,-8308.02,300.172,74.3028,-132861,4800.3,519.516,19.8334
0.135297,0,0,15.9918,1.04703,-76744.3,-8308.79,300.088,74.3058,-132873,4798.97,519.564,19.8386
0.135307,0,0,15.9918,1.04719,-76723.1,-8309.56,300.005,74.3088,-132885,4797.64,519.612,19.8438
0.135317,0,0,15.9918,1.04735,-76701.9,-8310.32,299.922,74.3118,-132897,4796.31,519.66,19.849
0.135327,0,0,15.9918,1.04751,-76680.6,-8311.09,299.839,74.3148,-132910,4794.98,519.708,19.8542
0.135337,0,0,15.9918,1.04767,-76659.4,-8311.86,299.756,74.3178,-132922,4793.65,519.756,19.8594
0.135347,0,0,15.9918,1.04783,-76638.1,-8312.62,299.673,74.3208,-132934,4792.32,519.804,19.8646
0.135357,0,0,15.9918,1.04799,-76616.8,-8313.39,299.59,74.3238,-132946,4790.99,519.852,19.8698
0.135367,0,0,15.9918,1.04815,-76595.6,-8314.16,299.507,74.3268,-132959,4789.67,519.9,19.875
0.135377,0,0,15.9918,1.04831,-76574.3,-8314.92,299.424,74.3298,-132971,4788.34,519.948,19.8802
0.135387,0,0,15.9918,1.04847,-76553,-8315.69,299.34,74.3328,-132983,4787.01,519.995,19.8854
0.135397,0,0,15.9918,1.04863,-76531.8,-8316.45,299.257,74.3358,-132995,4785.68,520.043,19.8906
0.135407,0,0,15.9918,1.04879,-76510.5,-8317.22,299.174,74.3388,-133008,4784.35,520.091,19.8958
0.135417,0,0,15.9918,1.04895,-76489.2,-8317.98,299.091,74.3418,-133020,4783.02,520.139,19.901
0.135427,0,0,15.9918,1.04911,-76468,-8318.75,299.008,74.3447,-133032,4781.69,520.187,19.9062
0.135437,0,0,15.9918,1.04927,-76446.7,-8319.51,298.925,74.3477,-133044,4780.36,520.235,19.9114
0.135447,0,0,15.9918,1.04943,-76425.4,-8320.28,298.841,74.3507,-133057,4779.03,520.282,19.9166
0.135457,0,0,15.9918,1.04959,-76404.2,-8321.04,298.758,74.3537,-133069,4777.7,520.33,19.9218
0.135467,0,0,15.9918,1.04975,-76382.9,-8321.8,298.675,74.3567,-133081,4776.36,520.378,19.927
0.135477,0,0,15.9918,1.04991,-76361.6,-8322.57,298.592,74.3597,-133093,4775.03,520.426,19.9322
0.135487,0,0,15.9918,1.05007,-76340.3,-8323.33,298.509,74.3627,-133105,4773.7,520.473,19.9374
0.135497,0,0,15.9918,1.05023,-76319,-8324.09,298.425,74.3657,-133118,4772.37,520.521,19.9426
0.135507,0,0,15.9918,1.05039,-76297.8,-8324.86,298.342,74.3686,-133130,4771.04,520.569,19.9478
0.135517,0,0,15.9918,1.05054,-76276.5,-8325.62,298.259,74.3716,-133142,4769.71,520.617,19.953
0.135527,0,0,15.9918,1.0507,-76255.2,-8326.38,298.176,74.3746,-133154,4768.38,520.664,19.9583
0.135537,0,0,15.9918,1.05086,-76233.9,-8327.14,298.092,74.3776,-133166,4767.05,520.712,19.9635
0.135547,0,0,15.9918,1.05102,-76212.6,-8327.91,298.009,74.3806,-133179,4765.72,520.76,19.9687
0.135557,0,0,15.9918,1.05118,-76191.3,-8328.67,297.926,74.3836,-133191,4764.38,520.807,19.9739
0.135567,0,0,15.9918,1.05134,-76170,-8329.43,297.843,74.3865,-133203,4763.05,520.855,19.9791
0.135577,0,0,15.9918,1.0515,-76148.7,-8330.19,297.759,74.3895,-133215,4761.72,520.902,19.9843
0.135587,0,0,15.9918,1.05166,-76127.4,-8330.95,297.676,74.3925,-133227,4760.39,520.95,19.9895
0.135597,0,0,15.9918,1.05182,-76106.1,-8331.71,297.593,74.3955,-133239,4759.06,520.998,19.9947
0.135607,0,0,15.9918,1.05198,-76084.8,-8332.47,297.509,74.3984,-133252,4757.72,521.045,19.9999
0.135617,0,0,15.9918,1.05214,-76063.5,-8333.24,297.426,74.4014,-133264,4756.39,521.093,20.0051
0.135627,0,0,15.9918,1.0523,-76042.2,-8334,297.343,74.4044,-133276,4755.06,521.14,20.0103
0.135637,0,0,15.9918,1.05246,-76020.9,-8334.76,297.259,74.4074,-133288,4753.73,521.188,20.0156
0.135647,0,0,15.9918,1.05262,-75999.5,-8335.52,297.176,74.4103,-133300,4752.39,521.235,20.0208
0.135657,0,0,15.9918,1.05278,-75978.2,-8336.28,297.093,74.4133,-133312,4751.06,521.283,20.026
0.135667,0,0,15.9918,1.05294,-75956.9,-8337.04,297.009,74.4163,-133325,4749.73,521.33,20.0312
0.135677,0,0,15.9918,1.0531,-75935.6,-8337.79,296.926,74.4192,-133337,4748.39,521.378,20.0364
0.135687,0,0,15.9918,1.05326,-75914.3,-8338.55,296.843,74.4222,-133349,4747.06,521.425,20.0416
0.135697,0,0,15.9918,1.05342,-75892.9,-8339.31,296.759,74.4252,-133361,4745.73,521.473,20.0468
0.135707,0,0,15.9918,1.05358,-75871.6,-8340.07,296.676,74.4281,-133373,4744.39,521.52,20.052
0.135717,0,0,15.9918,1.05374,-75850.3,-8340.83,296.593,74.4311,-133385,4743.06,521.568,20.0573
0.135727,0,0,15.9918,1.0539,-75829,-8341.59,296.509,74.4341,-133397,4741.73,521.615,20.0625
0.135737,0,0,15.9918,1.05406,-75807.6,-8342.35,296.426,74.437,-133410,4740.39,521.663,20.0677
0.135747,0,0,15.9918,1.05422,-75786.3,-8343.1,296.342,74.44,-133422,4739.06,521.71,20.0729
0.135757,0,0,15.9918,1.05438,-75765,-8343.86,296.259,74.443,-133434,4737.73,521.757,20.0781
0.135767,0,0,15.9918,1.05454,-75743.6,-8344.62,296.175,74.4459,-133446,4736.39,521.805,20.0833
0.135777,0,0,15.9918,1.0547,-75722.3,-8345.38,296.092,74.4489,-133458,4735.06,521.852,20.0886
0.135787,0,0,15.9918,1.05486,-75701,-8346.13,296.009,74.4519,-133470,4733.72,521.899,20.0938
0.135797,0,0,15.9918,1.05502,-75679.6,-8346.89,295.925,74.4548,-133482,4732.39,521.947,20.099
0.135807,0,0,15.9918,1.05518,-75658.3,-8347.65,295.842,74.4578,-133494,4731.05,521.994,20.1042
0.135817,0,0,15.9918,1.05534,-75636.9,-8348.4,295.758,74.4607,-133506,4729.72,522.041,20.1094
0.135827,0,0,15.9918,1.0555,-75615.6,-8349.16,295.675,74.4637,-133518,4728.38,522.089,20.1147
0.135837,0,0,15.9918,1.05566,-75594.2,-8349.91,295.591,74.4666,-133531,4727.05,522.136,20.1199
0.135847,0,0,15.9918,1.05582,-75572.9,-8350.67,295.508,74.4696,-133543,4725.71,522.183,20.1251
0.135857,0,0,15.9918,1.05598,-75551.5,-8351.43,295.424,74.4725,-133555,4724.38,522.23,20.1303
0.135867,0,0,15.9918,1.05614,-75530.2,-8352.18,295.341,74.4755,-133567,4723.04,522.278,20.1356
0.135877,0,0,15.9918,1.0563,-75508.8,-8352.94,295.257,74.4785,-133579,4721.71,522.325,20.1408
0.135887,0,0,15.9918,1.05646,-75487.4,-8353.69,295.174,74.4814,-133591,4720.37,522.372,20.146
0.135897,0,0,15.9918,1.05662,-75466.1,-8354.45,295.09,74.4844,-133603,4719.04,522.419,20.1512
0.135907,0,0,15.9918,1.05678,-75444.7,-8355.2,295.007,74.4873,-133615,4717.7,522.466,20.1564
0.135917,0,0,15.9918,1.05694,-75423.3,-8355.96,294.923,74.4903,-133627,4716.36,522.514,20.1617
0.135927,0,0,15.9918,1.0571,-75402,-8356.71,294.84,74.4932,-133639,4715.03,522.561,20.1669
0.135937,0,0,15.9918,1.05726,-75380.6,-8357.46,294.756,74.4962,-133651,4713.69,522.608,20.1721
0.135947,0,0,15.9918,1.05742,-75359.2,-8358.22,294.672,74.4991,-133663,4712.35,522.655,20.1773
0.135957,0,0,15.9918,1.05758,-75337.9,-8358.97,294.589,74.5021,-133675,4711.02,522.702,20.1826
0.135967,0,0,15.9918,1.05774,-75316.5,-8359.72,294.505,74.505,-133687,4709.68,522.749,20.1878
0.135977,0,0,15.9918,1.0579,-75295.1,-8360.48,294.422,74.5079,-133699,4708.34,522.796,20.193
0.135987,0,0,15.9918,1.05806,-75273.7,-8361.23,294.338,74.5109,-133711,4707.01,522.843,20.1983
0.135997,0,0,15.9918,1.05822,-75252.4,-8361.98,294.254,74.5138,-133724,4705.67,522.89,20.2035
0.136007,0,0,15.9918,1.05838,-75231,-8362.73,294.171,74.5168,-133736,4704.33,522.937,20.2087
0.136017,0,0,15.9918,1.05854,-75209.6,-8363.49,294.087,74.5197,-133748,4703,522.984,20.2139
0.136027,0,0,15.9918,1.0587,-75188.2,-8364.24,294.004,74.5227,-133760,4701.66,523.031,20.2192
0.136037,0,0,15.9918,1.05886,-75166.8,-8364.99,293.92,74.5256,-133772,4700.32,523.078,20.2244
0.136047,0,0,15.9918,1.05902,-75145.4,-8365.74,293.836,74.5285,-133784,4698.98,523.125,20.2296
0.136057,0,0,15.9918,1.05918,-75124,-8366.49,293.753,74.5315,-133796,4697.65,523.172,20.2349
0.136067,0,0,15.9918,1.05934,-75102.6,-8367.24,293.669,74.5344,-133808,4696.31,523.219,20.2401
0.136077,0,0,15.9918,1.0595,-75081.2,-8367.99,293.585,74.5373,-133820,4694.97,523.266,20.2453
0.136087,0,0,15.9918,1.05966,-75059.8,-8368.75,293.502,74.5403,-133832,4693.63,523.313,20.2506
0.136097,0,0,15.9918,1.05982,-75038.4,-8369.5,293.418,74.5432,-133844,4692.29,523.36,20.2558
0.136107,0,0,15.9918,1.05998,-75017,-8370.25,293.334,74.5462,-133856,4690.96,523.407,20.261
0.136117,0,0,15.9918,1.06014,-74995.6,-8371,293.251,74.5491,-133868,4689.62,523.454,20.2663
0.136127,0,0,15.9918,1.0603,-74974.2,-8371.74,293.167,74.552,-133880,4688.28,523.501,20.2715
0.136137,0,0,15.9918,1.06046,-74952.8,-8372.5,293.083,74.5549,-133892,4686.94,523.548,20.2767
0.136147,0,0,15.9918,1.06062,-74931.4,-8373.24,292.999,74.5579,-133904,4685.6,523.595,20.282
0.136157,0,0,15.9918,1.06078,-74910,-8373.99,292.916,74.5608,-133916,4684.26,523.641,20.2872
0.136167,0,0,15.9918,1.06094,-74888.6,-8374.74,292.832,74.5637,-133928,4682.92,523.688,20.2924
0.136177,0,0,15.9918,1.0611,-74867.1,-8375.49,292.748,74.5667,-133940,4681.58,523.735,20.2977
0.136187,0,0,15.9918,1.06126,-74845.8,-8376.24,292.665,74.5696,-133952,4680.25,523.782,20.3029
0.136197,0,0,15.9918,1.06142,-74824.3,-8376.99,292.581,74.5725,-133963,4678.91,523.829,20.3082
0.136207,0,0,15.9918,1.06158,-74802.9,-8377.74,292.497,74.5754,-133975,4677.57,523.875,20.3134
0.136217,0,0,15.9918,1.06174,-74781.5,-8378.48,292.413,74.5784,-133987,4676.23,523.922,20.3186
0.136227,0,0,15.9918,1.0619,-74760.1,-8379.23,292.329,74.5813,-133999,4674.89,523.969,20.3239
0.136237,0,0,15.9918,1.06206,-74738.6,-8379.98,292.246,74.5842,-134011,4673.55,524.016,20.3291
0.136247,0,0,15.9918,1.06222,-74717.2,-8380.72,292.162,74.5871,-134023,4672.21,524.062,20.3344
0.136257,0,0,15.9918,1.06238,-74695.8,-8381.47,292.078,74.5901,-134035,4670.87,524.109,20.3396
0.136267,0,0,15.9918,1.06254,-74674.3,-8382.22,291.994,74.593,-134047,4669.53,524.156,20.3448
0.136277,0,0,15.9918,1.0627,-74652.9,-8382.96,291.91,74.5959,-134059,4668.19,524.203,20.3501
0.136287,0,0,15.9918,1.06286,-74631.5,-8383.71,291.827,74.5988,-134071,4666.85,524.249,20.3553
0.136297,0,0,15.9918,1.06302,-74610,-8384.46,291.743,74.6017,-134083,4665.5,524.296,20.3606
0.136307,0,0,15.9918,1.06318,-74588.6,-8385.2,291.659,74.6047,-134095,4664.16,524.343,20.3658
0.136317,0,0,15.9918,1.06334,-74567.1,-8385.95,291.575,74.6076,-134107,4662.82,524.389,20.3711
0.136327,0,0,15.9918,1.0635,-74545.7,-8386.7,291.491,74.6105,-134119,4661.48,524.436,20.3763
0.136337,0,0,15.9918,1.06366,-74524.3,-8387.44,291.407,74.6134,-134131,4660.14,524.482,20.3815
0.136347,0,0,15.9918,1.06382,-74502.8,-8388.19,291.323,74.6163,-134143,4658.8,524.529,20.3868
0.136357,0,0,15.9918,1.06398,-74481.4,-8388.93,291.24,74.6192,-134154,4657.46,524.576,20.392
0.136367,0,0,15.9918,1.06414,-74459.9,-8389.67,291.156,74.6221,-134166,4656.12,524.622,20.3973
0.136377,0,0,15.9918,1.0643,-74438.4,-8390.42,291.072,74.6251,-134178,4654.78,524.669,20.4025
0.136387,0,0,15.9918,1.06446,-74417,-8391.16,290.988,74.628,-134190,4653.43,524.715,20.4078
0.136397,0,0,15.9918,1.06462,-74395.5,-8391.91,290.904,74.6309,-134202,4652.09,524.762,20.413
0.136407,0,0,15.9918,1.06478,-74374.1,-8392.65,290.82,74.6338,-134214,4650.75,524.808,20.4183
0.136417,0,0,15.9918,1.06494,-74352.6,-8393.39,290.736,74.6367,-134226,4649.41,524.855,20.4235
0.136427,0,0,15.9918,1.0651,-74331.2,-8394.14,290.652,74.6396,-134238,4648.07,524.901,20.4288
0.136437,0,0,15.9918,1.06526,-74309.7,-8394.88,290.568,74.6425,-134250,4646.72,524.948,20.434
0.136447,0,0,15.9918,1.06542,-74288.2,-8395.62,290.484,74.6454,-134262,4645.38,524.994,20.4393
0.136457,0,0,15.9918,1.06558,-74266.8,-8396.37,290.4,74.6483,-134273,4644.04,525.041,20.4445
0.136467,0,0,15.9918,1.06574,-74245.3,-8397.11,290.316,74.6512,-134285,4642.7,525.087,20.4498
0.136477,0,0,15.9918,1.0659,-74223.8,-8397.85,290.233,74.6541,-134297,4641.35,525.133,20.455
0.136487,0,0,15.9918,1.06606,-74202.3,-8398.59,290.149,74.657,-134309,4640.01,525.18,20.4603
0.136497,0,0,15.9918,1.06622,-74180.8,-8399.34,290.065,74.6599,-134321,4638.67,525.226,20.4655
0.136507,0,0,15.9918,1.06637,-74159.4,-8400.08,289.981,74.6628,-134333,4637.33,525.273,20.4708
0.136517,0,0,15.9918,1.06653,-74137.9,-8400.82,289.897,74.6657,-134345,4635.98,525.319,20.476
0.136527,0,0,15.9918,1.06669,-74116.4,-8401.56,289.813,74.6686,-134356,4634.64,525.365,20.4813
0.136537,0,0,15.9918,1.06685,-74094.9,-8402.3,289.729,74.6715,-134368,4633.3,525.412,20.4865
0.136547,0,0,15.9918,1.06701,-74073.4,-8403.04,289.645,74.6744,-134380,4631.95,525.458,20.4918
0.136557,0,0,15.9918,1.06717,-74051.9,-8403.78,289.561,74.6773,-134392,4630.61,525.504,20.497
0.136567,0,0,15.9918,1.06733,-74030.5,-8404.52,289.477,74.6802,-134404,4629.26,525.55,20.5023
0.136577,0,0,15.9918,1.06749,-74009,-8405.26,289.393,74.6831,-134416,4627.92,525.597,20.5076
0.136587,0,0,15.9918,1.06765,-73987.5,-8406,289.308,74.686,-134427,4626.58,525.643,20.5128
0.136597,0,0,15.9918,1.06781,-73966,-8406.74,289.224,74.6889,-134439,4625.23,525.689,20.5181
0.136607,0,0,15.9918,1.06797,-73944.5,-8407.48,289.14,74.6918,-134451,4623.89,525.736,20.5233
0.136617,0,0,15.9918,1.06813,-73923,-8408.22,289.056,74.6947,-134463,4622.54,525.782,20.5286
0.136627,0,0,15.9918,1.06829,-73901.5,-8408.96,288.972,74.6975,-134475,4621.2,525.828,20.5338
0.136637,0,0,15.9918,1.06845,-73880,-8409.7,288.888,74.7004,-134487,4619.85,525.874,20.5391
0.136647,0,0,15.9918,1.06861,-73858.5,-8410.44,288.804,74.7033,-134498,4618.51,525.92,20.5444
0.136657,0,0,15.9918,1.06877,-73837,-8411.17,288.72,74.7062,-134510,4617.16,525.967,20.5496
0.136667,0,0,15.9918,1.06893,-73815.5,-8411.91,288.636,74.7091,-134522,4615.82,526.013,20.5549
0.136677,0,0,15.9918,1.06909,-73794,-8412.65,288.552,74.712,-134534,4614.47,526.059,20.5601
0.136687,0,0,15.9918,1.06925,-73772.4,-8413.39,288.468,74.7149,-134546,4613.13,526.105,20.5654
0.136697,0,0,15.9918,1.06941,-73750.9,-8414.13,288.383,74.7178,-134557,4611.78,526.151,20.5707
0.136707,0,0,15.9918,1.06957,-73729.4,-8414.86,288.299,74.7206,-134569,4610.44,526.197,20.5759
0.136717,0,0,15.9918,1.06973,-73707.9,-8415.6,288.215,74.7235,-134581,4609.09,526.243,20.5812
0.136727,0,0,15.9918,1.06989,-73686.4,-8416.34,288.131,74.7264,-134593,4607.75,526.289,20.5864
0.136737,0,0,15.9918,1.07005,-73664.9,-8417.07,288.047,74.7293,-134605,4606.4,526.335,20.5917
0.136747,0,0,15.9918,1.07021,-73643.3,-8417.81,287.963,74.7322,-134616,4605.06,526.381,20.597
0.136757,0,0,15.9918,1.07037,-73621.8,-8418.55,287.879,74.735,-134628,4603.71,526.428,20.6022
0.136767,0,0,15.9918,1.07053,-73600.3,-8419.28,287.794,74.7379,-134640,4602.36,526.474,20.6075
0.136777,0,0,15.9918,1.07069,-73578.8,-8420.02,287.71,74.7408,-134652,4601.02,526.52,20.6128
0.136787,0,0,15.9918,1.07085,-73557.2,-8420.75,287.626,74.7437,-134663,4599.67,526.566,20.618
0.136797,0,0,15.9918,1.07101,-73535.7,-8421.49,287.542,74.7465,-134675,4598.32,526.612,20.6233
0.136807,0,0,15.9918,1.07117,-73514.1,-8422.22,287.458,74.7494,-134687,4596.98,526.657,20.6286
0.136817,0,0,15.9918,1.07133,-73492.6,-8422.96,287.373,74.7523,-134699,4595.63,526.703,20.6338
0.136827,0,0,15.9918,1.07149,-73471.1,-8423.69,287.289,74.7552,-134710,4594.28,526.749,20.6391
0.136837,0,0,15.9918,1.07165,-73449.5,-8424.43,287.205,74.758,-134722,4592.94,526.795,20.6444
0.136847,0,0,15.9918,1.07181,-73428,-8425.16,287.121,74.7609,-134734,4591.59,526.841,20.6496
0.136857,0,0,15.9918,1.07197,-73406.4,-8425.9,287.036,74.7638,-134746,4590.24,526.887,20.6549
0.136867,0,0,15.9918,1.07213,-73384.9,-8426.63,286.952,74.7667,-134757,4588.9,526.933,20.6602
0.136877,0,0,15.9918,1.07229,-73363.3,-8427.37,286.868,74.7695,-134769,4587.55,526.979,20.6654
0.136887,0,0,15.9918,1.07245,-73341.8,-8428.1,286.784,74.7724,-134781,4586.2,527.025,20.6707
0.136897,0,0,15.9918,1.07261,-73320.2,-8428.83,286.699,74.7753,-134793,4584.85,527.071,20.676
0.136907,0,0,15.9918,1.07277,-73298.7,-8429.56,286.615,74.7781,-134804,4583.5,527.116,20.6812
0.136917,0,0,15.9918,1.07293,-73277.1,-8430.3,286.531,74.781,-134816,4582.16,527.162,20.6865
0.136927,0,0,15.9918,1.07309,-73255.6,-8431.03,286.447,74.7839,-134828,4580.81,527.208,20.6918
0.136937,0,0,15.9918,1.07325,-73234,-8431.76,286.362,74.7867,-134839,4579.46,527.254,20.6971
0.136947,0,0,15.9918,1.07341,-73212.5,-8432.49,286.278,74.7896,-134851,4578.11,527.3,20.7023
0.136957,0,0,15.9918,1.07357,-73190.9,-8433.23,286.194,74.7924,-134863,4576.76,527.345,20.7076
0.136967,0,0,15.9918,1.07373,-73169.3,-8433.96,286.109,74.7953,-134875,4575.42,527.391,20.7129
0.136977,0,0,15.9918,1.07389,-73147.8,-8434.69,286.025,74.7982,-134886,4574.07,527.437,20.7182
0.136987,0,0,15.9918,1.07405,-73126.2,-8435.42,285.941,74.801,-134898,4572.72,527.483,20.7234
0.136997,0,0,15.9918,1.07421,-73104.6,-8436.15,285.856,74.8039,-134910,4571.37,527.528,20.7287
0.137007,0,0,15.9918,1.07437,-73083.1,-8436.88,285.772,74.8068,-134921,4570.02,527.574,20.734
0.137017,0,0,15.9918,1.07453,-73061.5,-8437.61,285.688,74.8096,-134933,4568.67,527.62,20.7393
0.137027,0,0,15.9918,1.07469,-73039.9,-8438.34,285.603,74.8125,-134945,4567.32,527.665,20.7445
0.137037,0,0,15.9918,1.07485,-73018.3,-8439.07,285.519,74.8153,-134956,4565.97,527.711,20.7498
0.137047,0,0,15.9918,1.07501,-72996.7,-8439.8,285.434,74.8182,-134968,4564.62,527.757,20.7551
0.137057,0,0,15.9918,1.07517,-72975.2,-8440.53,285.35,74.821,-134980,4563.27,527.802,20.7604
0.137067,0,0,15.9918,1.07533,-72953.6,-8441.26,285.266,74.8239,-134991,4561.92,527.848,20.7656
0.137077,0,0,15.9918,1.07549,-72932,-8441.99,285.181,74.8267,-135003,4560.57,527.894,20.7709
0.137087,0,0,15.9918,1.07565,-72910.4,-8442.72,285.097,74.8296,-135015,4559.22,527.939,20.7762
0.137097,0,0,15.9918,1.07581,-72888.8,-8443.45,285.012,74.8324,-135026,4557.87,527.985,20.7815
0.137107,0,0,15.9918,1.07597,-72867.2,-8444.18,284.928,74.8353,-135038,4556.52,528.03,20.7868
0.137117,0,0,15.9918,1.07613,-72845.6,-8444.91,284.844,74.8381,-135050,4555.17,528.076,20.792
0.137127,0,0,15.9918,1.07629,-72824,-8445.64,284.759,74.841,-135061,4553.82,528.121,20.7973
0.137137,0,0,15.9918,1.07645,-72802.4,-8446.36,284.675,74.8438,-135073,4552.47,528.167,20.8026
0.137147,0,0,15.9918,1.07661,-72780.8,-8447.09,284.59,74.8467,-135085,4551.12,528.212,20.8079
0.137157,0,0,15.9918,1.07677,-72759.2,-8447.82,284.506,74.8495,-135096,4549.77,528.258,20.8132
0.137167,0,0,15.9918,1.07693,-72737.6,-8448.55,284.421,74.8524,-135108,4548.42,528.303,20.8185
0.137177,0,0,15.9918,1.07709,-72716,-8449.27,284.337,74.8552,-135119,4547.07,528.349,20.8237
0.137187,0,0,15.9918,1.07725,-72694.4,-8450,284.252,74.8581,-135131,4545.72,528.394,20.829
0.137197,0,0,15.9918,1.07741,-72672.8,-8450.73,284.168,74.8609,-135143,4544.37,528.44,20.8343
0.137207,0,0,15.9918,1.07757,-72651.2,-8451.45,284.083,74.8637,-135154,4543.02,528.485,20.8396
0.137217,0,0,15.9918,1.07773,-72629.6,-8452.18,283.999,74.8666,-135166,4541.66,528.531,20.8449
0.137227,0,0,15.9918,1.07789,-72608,-8452.91,283.914,74.8694,-135178,4540.31,528.576,20.8502
0.137237,0,0,15.9918,1.07805,-72586.4,-8453.63,283.83,74.8723,-135189,4538.96,528.621,20.8554
0.137247,0,0,15.9918,1.07821,-72564.8,-8454.36,283.745,74.8751,-135201,4537.61,528.667,20.8607
0.137257,0,0,15.9918,1.07837,-72543.1,-8455.08,283.661,74.8779,-135212,4536.26,528.712,20.866
0.137267,0,0,15.9918,1.07853,-72521.5,-8455.81,283.576,74.8808,-135224,4534.91,528.758,20.8713
0.137277,0,0,15.9918,1.07869,-72499.9,-8456.53,283.492,74.8836,-135236,4533.55,528.803,20.8766
0.137287,0,0,15.9918,1.07885,-72478.2,-8457.26,283.407,74.8865,-135247,4532.2,528.848,20.8819
0.137297,0,0,15.9918,1.07901,-72456.6,-8457.98,283.323,74.8893,-135259,4530.85,528.894,20.8872
0.137307,0,0,15.9918,1.07917,-72435,-8458.71,283.238,74.8921,-135270,4529.5,528.939,20.8925
0.137317,0,0,15.9918,1.07933,-72413.4,-8459.43,283.153,74.8949,-135282,4528.14,528.984,20.8978
0.137327,0,0,15.9918,1.07949,-72391.8,-8460.16,283.069,74.8978,-135293,4526.79,529.029,20.903
0.137337,0,0,15.9918,1.07965,-72370.1,-8460.88,282.984,74.9006,-135305,4525.44,529.075,20.9083
0.137347,0,0,15.9918,1.07981,-72348.5,-8461.6,282.9,74.9034,-135317,4524.09,529.12,20.9136
0.137357,0,0,15.9918,1.07997,-72326.8,-8462.33,282.815,74.9063,-135328,4522.73,529.165,20.9189
0.137367,0,0,15.9918,1.08013,-72305.2,-8463.05,282.73,74.9091,-135340,4521.38,529.21,20.9242
0.137377,0,0,15.9918,1.08029,-72283.6,-8463.77,282.646,74.9119,-135351,4520.03,529.255,20.9295
0.137387,0,0,15.9918,1.08045,-72261.9,-8464.49,282.561,74.9147,-135363,4518.67,529.301,20.9348
0.137397,0,0,15.9918,1.08061,-72240.3,-8465.22,282.476,74.9176,-135374,4517.32,529.346,20.9401
0.137407,0,0,15.9918,1.08077,-72218.6,-8465.94,282.392,74.9204,-135386,4515.97,529.391,20.9454
0.137417,0,0,15.9918,1.08093,-72197,-8466.66,282.307,74.9232,-135398,4514.61,529.436,20.9507
0.137427,0,0,15.9918,1.08109,-72175.3,-8467.38,282.222,74.926,-135409,4513.26,529.481,20.956
0.137437,0,0,15.9918,1.08125,-72153.7,-8468.1,282.138,74.9289,-135421,4511.9,529.526,20.9613
0.137447,0,0,15.9918,1.08141,-72132,-8468.83,282.053,74.9317,-135432,4510.55,529.572,20.9666
0.137457,0,0,15.9918,1.08157,-72110.4,-8469.55,281.968,74.9345,-135444,4509.2,529.617,20.9719
0.137467,0,0,15.9918,1.08173,-72088.7,-8470.27,281.884,74.9373,-135455,4507.84,529.662,20.9771
0.137477,0,0,15.9918,1.08188,-72067,-8470.99,281.799,74.9401,-135467,4506.49,529.707,20.9824
0.137487,0,0,15.9918,1.08204,-72045.4,-8471.71,281.714,74.943,-135478,4505.13,529.752,20.9877
0.137497,0,0,15.9918,1.0822,-72023.7,-8472.43,281.63,74.9458,-135490,4503.78,529.797,20.993
0.137507,0,0,15.9918,1.08236,-72002.1,-8473.15,281.545,74.9486,-135501,4502.42,529.842,20.9983
0.137517,0,0,15.9918,1.08252,-71980.4,-8473.87,281.46,74.9514,-135513,4501.07,529.887,21.0036
0.137527,0,0,15.9918,1.08268,-71958.7,-8474.59,281.375,74.9542,-135524,4499.71,529.932,21.0089
0.137537,0,0,15.9918,1.08284,-71937,-8475.31,281.291,74.957,-135536,4498.36,529.977,21.0142
0.137547,0,0,15.9918,1.083,-71915.4,-8476.03,281.206,74.9599,-135547,4497,530.022,21.0195
0.137557,0,0,15.9918,1.08316,-71893.7,-8476.75,281.121,74.9627,-135559,4495.65,530.067,21.0248
0.137567,0,0,15.9918,1.08332,-71872,-8477.46,281.036,74.9655,-135570,4494.29,530.112,21.0301
0.137577,0,0,15.9918,1.08348,-71850.3,-8478.18,280.952,74.9683,-135582,4492.94,530.157,21.0354
0.137587,0,0,15.9918,1.08364,-71828.7,-8478.9,280.867,74.9711,-135593,4491.58,530.202,21.0407
0.137597,0,0,15.9918,1.0838,-71807,-8479.62,280.782,74.9739,-135605,4490.23,530.247,21.046
0.137607,0,0,15.9918,1.08396,-71785.3,-8480.34,280.697,74.9767,-135616,4488.87,530.291,21.0513
0.137617,0,0,15.9918,1.08412,-71763.6,-8481.06,280.613,74.9795,-135628,4487.51,530.336,21.0566
0.137627,0,0,15.9918,1.08428,-71741.9,-8481.77,280.528,74.9823,-135639,4486.16,530.381,21.062
0.137637,0,0,15.9918,1.08444,-71720.2,-8482.49,280.443,74.9851,-135651,4484.8,530.426,21.0673
0.137647,0,0,15.9918,1.0846,-71698.6,-8483.21,280.358,74.9879,-135662,4483.44,530.471,21.0726
0.137657,0,0,15.9918,1.08476,-71676.9,-8483.92,280.273,74.9907,-135674,4482.09,530.516,21.0779
0.137667,0,0,15.9918,1.08492,-71655.1,-8484.64,280.188,74.9935,-135685,4480.73,530.56,21.0832
0.137677,0,0,15.9918,1.08508,-71633.5,-8485.36,280.104,74.9963,-135696,4479.37,530.605,21.0885
0.137687,0,0,15.9918,1.08524,-71611.8,-8486.07,280.019,74.9991,-135708,4478.02,530.65,21.0938
0.137697,0,0,15.9918,1.0854,-71590,-8486.79,279.934,75.0019,-135719,4476.66,530.695,21.0991
0.137707,0,0,15.9918,1.08556,-71568.4,-8487.5,279.849,75.0047,-135731,4475.3,530.74,21.1044
0.137717,0,0,15.9918,1.08572,-71546.6,-8488.22,279.764,75.0075,-135742,4473.95,530.784,21.1097
0.137727,0,0,15.9918,1.08588,-71524.9,-8488.94,279.679,75.0103,-135754,4472.59,530.829,21.115
0.137737,0,0,15.9918,1.08604,-71503.2,-8489.65,279.595,75.0131,-135765,4471.23,530.874,21.1203
0.137747,0,0,15.9918,1.0862,-71481.5,-8490.37,279.51,75.0159,-135777,4469.87,530.918,21.1256
0.137757,0,0,15.9918,1.08636,-71459.8,-8491.08,279.425,75.0187,-135788,4468.52,530.963,21.1309
0.137767,0,0,15.9918,1.08652,-71438.1,-8491.79,279.34,75.0215,-135799,4467.16,531.008,21.1362
0.137777,0,0,15.9918,1.08668,-71416.4,-8492.51,279.255,75.0243,-135811,4465.8,531.052,21.1416
0.137787,0,0,15.9918,1.08684,-71394.7,-8493.22,279.17,75.0271,-135822,4464.44,531.097,21.1469
0.137797,0,0,15.9918,1.087,-71373,-8493.94,279.085,75.0299,-135834,4463.08,531.142,21.1522
0.137807,0,0,15.9918,1.08716,-71351.2,-8494.65,279,75.0327,-135845,4461.73,531.186,21.1575
0.137817,0,0,15.9918,1.08732,-71329.5,-8495.36,278.915,75.0355,-135857,4460.37,531.231,21.1628
0.137827,0,0,15.9918,1.08748,-71307.8,-8496.08,278.83,75.0383,-135868,4459.01,531.276,21.1681
0.137837,0,0,15.9918,1.08764,-71286,-8496.79,278.745,75.0411,-135879,4457.65,531.32,21.1734
0.137846,0,0,15.9918,1.0878,-71264.3,-8497.5,278.66,75.0438,-135891,4456.29,531.365,21.1787
0.137856,0,0,15.9918,1.08796,-71242.6,-8498.21,278.575,75.0466,-135902,4454.93,531.409,21.1841
0.137866,0,0,15.9918,1.08812,-71220.9,-8498.93,278.49,75.0494,-135914,4453.57,531.454,21.1894
0.137876,0,0,15.9918,1.08828,-71199.1,-8499.64,278.405,75.0522,-135925,4452.22,531.498,21.1947
0.137886,0,0,15.9918,1.08844,-71177.4,-8500.35,278.32,75.055,-135936,4450.86,531.543,21.2
0.137896,0,0,15.9918,1.0886,-71155.7,-8501.06,278.235,75.0578,-135948,4449.5,531.587,21.2053
0.137906,0,0,15.9918,1.08876,-71133.9,-8501.77,278.15,75.0605,-135959,4448.14,531.632,21.2106
0.137916,0,0,15.9918,1.08892,-71112.2,-8502.48,278.065,75.0633,-135970,4446.78,531.676,21.216
0.137926,0,0,15.9918,1.08908,-71090.4,-8503.19,277.98,75.0661,-135982,4445.42,531.721,21.2213
0.137936,0,0,15.9918,1.08924,-71068.7,-8503.91,277.895,75.0689,-135993,4444.06,531.765,21.2266
0.137946,0,0,15.9918,1.0894,-71047,-8504.62,277.81,75.0717,-136004,4442.7,531.81,21.2319
0.137956,0,0,15.9918,1.08956,-71025.2,-8505.33,277.725,75.0744,-136016,4441.34,531.854,21.2372
0.137966,0,0,15.9918,1.08972,-71003.5,-8506.04,277.64,75.0772,-136027,4439.98,531.898,21.2425
0.137976,0,0,15.9918,1.08988,-70981.7,-8506.75,277.555,75.08,-136039,4438.62,531.943,21.2479
0.137986,0,0,15.9918,1.09004,-70959.9,-8507.46,277.47,75.0828,-136050,4437.26,531.987,21.2532
0.137996,0,0,15.9918,1.0902,-70938.2,-8508.17,277.385,75.0855,-136061,4435.9,532.032,21.2585
0.138006,0,0,15.9918,1.09036,-70916.4,-8508.87,277.3,75.0883,-136073,4434.54,532.076,21.2638
0.138016,0,0,15.9918,1.09052,-70894.7,-8509.58,277.215,75.0911,-136084,4433.18,532.12,21.2691
0.138026,0,0,15.9918,1.09068,-70872.9,-8510.29,277.13,75.0939,-136095,4431.82,532.164,21.2745
0.138036,0,0,15.9918,1.09084,-70851.2,-8511,277.045,75.0966,-136107,4430.46,532.209,21.2798
0.138046,0,0,15.9918,1.091,-70829.4,-8511.71,276.96,75.0994,-136118,4429.09,532.253,21.2851
0.138056,0,0,15.9918,1.09116,-70807.6,-8512.42,276.875,75.1022,-136129,4427.73,532.297,21.2904
0.138066,0,0,15.9918,1.09132,-70785.9,-8513.12,276.789,75.1049,-136141,4426.37,532.342,21.2958
0.138076,0,0,15.9918,1.09148,-70764.1,-8513.83,276.704,75.1077,-136152,4425.01,532.386,21.3011
0.138086,0,0,15.9918,1.09164,-70742.3,-8514.54,276.619,75.1105,-136163,4423.65,532.43,21.3064
0.138096,0,0,15.9918,1.0918,-70720.5,-8515.25,276.534,75.1133,-136174,4422.29,532.474,21.3117
0.138106,0,0,15.9918,1.09196,-70698.8,-8515.96,276.449,75.116,-136186,4420.93,532.519,21.317
0.138116,0,0,15.9918,1.09212,-70677,-8516.66,276.364,75.1188,-136197,4419.57,532.563,21.3224
0.138126,0,0,15.9918,1.09228,-70655.2,-8517.37,276.279,75.1215,-136208,4418.2,532.607,21.3277
0.138136,0,0,15.9918,1.09244,-70633.4,-8518.07,276.193,75.1243,-136220,4416.84,532.651,21.333
0.138146,0,0,15.9918,1.0926,-70611.7,-8518.78,276.108,75.1271,-136231,4415.48,532.695,21.3384
0.138156,0,0,15.9918,1.09276,-70589.9,-8519.49,276.023,75.1298,-136242,4414.12,532.739,21.3437
0.138166,0,0,15.9918,1.09292,-70568.1,-8520.19,275.938,75.1326,-136254,4412.75,532.784,21.349
0.138176,0,0,15.9918,1.09308,-70546.3,-8520.9,275.853,75.1353,-136265,4411.39,532.828,21.3543
0.138186,0,0,15.9918,1.09324,-70524.5,-8521.6,275.767,75.1381,-136276,4410.03,532.872,21.3597
0.138196,0,0,15.9918,1.0934,-70502.7,-8522.31,275.682,75.1409,-136287,4408.67,532.916,21.365
0.138206,0,0,15.9918,1.09356,-70480.9,-8523.01,275.597,75.1436,-136299,4407.3,532.96,21.3703
0.138216,0,0,15.9918,1.09372,-70459.1,-8523.72,275.512,75.1464,-136310,4405.94,533.004,21.3757
0.138226,0,0,15.9918,1.09388,-70437.3,-8524.42,275.427,75.1491,-136321,4404.58,533.048,21.381
0.138236,0,0,15.9918,1.09404,-70415.5,-8525.12,275.341,75.1519,-136332,4403.22,533.092,21.3863
0.138246,0,0,15.9918,1.0942,-70393.7,-8525.83,275.256,75.1546,-136344,4401.85,533.136,21.3916
0.138256,0,0,15.9918,1.09436,-70371.9,-8526.53,275.171,75.1574,-136355,4400.49,533.18,21.397
0.138266,0,0,15.9918,1.09452,-70350.1,-8527.24,275.086,75.1601,-136366,4399.13,533.224,21.4023
0.138276,0,0,15.9918,1.09468,-70328.3,-8527.94,275,75.1629,-136377,4397.76,533.268,21.4076
0.138286,0,0,15.9918,1.09484,-70306.5,-8528.64,274.915,75.1656,-136389,4396.4,533.312,21.413
0.138296,0,0,15.9918,1.095,-70284.7,-8529.35,274.83,75.1684,-136400,4395.03,533.356,21.4183
0.138306,0,0,15.9918,1.09516,-70262.9,-8530.05,274.744,75.1711,-136411,4393.67,533.4,21.4236
0.138316,0,0,15.9918,1.09532,-70241.1,-8530.75,274.659,75.1739,-136422,4392.31,533.444,21.429
0.138326,0,0,15.9918,1.09548,-70219.3,-8531.45,274.574,75.1766,-136434,4390.94,533.488,21.4343
0.138336,0,0,15.9918,1.09564,-70197.5,-8532.16,274.489,75.1794,-136445,4389.58,533.532,21.4396
0.138346,0,0,15.9918,1.0958,-70175.6,-8532.86,274.403,75.1821,-136456,4388.21,533.576,21.445
0.138356,0,0,15.9918,1.09596,-70153.8,-8533.56,274.318,75.1849,-136467,4386.85,533.619,21.4503
0.138366,0,0,15.9918,1.09612,-70132,-8534.26,274.233,75.1876,-136479,4385.48,533.663,21.4557
0.138376,0,0,15.9918,1.09628,-70110.2,-8534.96,274.147,75.1903,-136490,4384.12,533.707,21.461
0.138386,0,0,15.9918,1.09644,-70088.4,-8535.66,274.062,75.1931,-136501,4382.76,533.751,21.4663
0.138396,0,0,15.9918,1.0966,-70066.5,-8536.36,273.977,75.1958,-136512,4381.39,533.795,21.4717
0.138406,0,0,15.9918,1.09676,-70044.7,-8537.06,273.891,75.1986,-136523,4380.03,533.839,21.477
0.138416,0,0,15.9918,1.09692,-70022.9,-8537.76,273.806,75.2013,-136535,4378.66,533.882,21.4823
0.138426,0,0,15.9918,1.09708,-70001,-8538.46,273.72,75.204,-136546,4377.29,533.926,21.4877
0.138436,0,0,15.9918,1.09723,-69979.2,-8539.16,273.635,75.2068,-136557,4375.93,533.97,21.493
0.138446,0,0,15.9918,1.09739,-69957.4,-8539.86,273.55,75.2095,-136568,4374.56,534.014,21.4984
0.138456,0,0,15.9918,1.09755,-69935.5,-8540.56,273.464,75.2122,-136579,4373.2,534.057,21.5037
0.138466,0,0,15.9918,1.09771,-69913.7,-8541.26,273.379,75.215,-136591,4371.83,534.101,21.509
0.138476,0,0,15.9918,1.09787,-69891.8,-8541.96,273.294,75.2177,-136602,4370.47,534.145,21.5144
0.138486,0,0,15.9918,1.09803,-69870,-8542.66,273.208,75.2204,-136613,4369.1,534.188,21.5197
0.138496,0,0,15.9918,1.09819,-69848.2,-8543.36,273.123,75.2232,-136624,4367.74,534.232,21.5251
0.138506,0,0,15.9918,1.09835,-69826.3,-8544.06,273.037,75.2259,-136635,4366.37,534.276,21.5304
0.138516,0,0,15.9918,1.09851,-69804.5,-8544.75,272.952,75.2286,-136646,4365,534.319,21.5358
0.138526,0,0,15.9918,1.09867,-69782.6,-8545.45,272.866,75.2314,-136658,4363.64,534.363,21.5411
0.138536,0,0,15.9918,1.09883,-69760.8,-8546.15,272.781,75.2341,-136669,4362.27,534.407,21.5464
0.138546,0,0,15.9918,1.09899,-69738.9,-8546.85,272.696,75.2368,-136680,4360.9,534.45,21.5518
0.138556,0,0,15.9918,1.09915,-69717.1,-8547.54,272.61,75.2395,-136691,4359.54,534.494,21.5571
0.138566,0,0,15.9918,1.09931,-69695.2,-8548.24,272.525,75.2423,-136702,4358.17,534.537,21.5625
0.138576,0,0,15.9918,1.09947,-69673.3,-8548.94,272.439,75.245,-136713,4356.8,534.581,21.5678
0.138586,0,0,15.9918,1.09963,-69651.5,-8549.63,272.354,75.2477,-136724,4355.44,534.625,21.5732
0.138596,0,0,15.9918,1.09979,-69629.6,-8550.33,272.268,75.2504,-136736,4354.07,534.668,21.5785
0.138606,0,0,15.9918,1.09995,-69607.7,-8551.03,272.183,75.2532,-136747,4352.7,534.712,21.5839
0.138616,0,0,15.9918,1.10011,-69585.9,-8551.72,272.097,75.2559,-136758,4351.34,534.755,21.5892
0.138626,0,0,15.9918,1.10027,-69564,-8552.42,272.012,75.2586,-136769,4349.97,534.799,21.5946
0.138636,0,0,15.9918,1.10043,-69542.1,-8553.11,271.926,75.2613,-136780,4348.6,534.842,21.5999
0.138646,0,0,15.9918,1.10059,-69520.3,-8553.81,271.841,75.264,-136791,4347.23,534.886,21.6053
0.138656,0,0,15.9918,1.10075,-69498.4,-8554.5,271.755,75.2668,-136802,4345.86,534.929,21.6106
0.138666,0,0,15.9918,1.10091,-69476.5,-8555.2,271.67,75.2695,-136813,4344.5,534.973,21.6159
0.138676,0,0,15.9918,1.10107,-69454.6,-8555.89,271.584,75.2722,-136824,4343.13,535.016,21.6213
0.138686,0,0,15.9918,1.10123,-69432.8,-8556.59,271.498,75.2749,-136836,4341.76,535.059,21.6266
0.138696,0,0,15.9918,1.10139,-69410.9,-8557.28,271.413,75.2776,-136847,4340.39,535.103,21.632
0.138706,0,0,15.9918,1.10155,-69389,-8557.98,271.327,75.2803,-136858,4339.02,535.146,21.6374
0.138716,0,0,15.9918,1.10171,-69367.1,-8558.67,271.242,75.2831,-136869,4337.65,535.19,21.6427
0.138726,0,0,15.9918,1.10187,-69345.2,-8559.36,271.156,75.2858,-136880,4336.29,535.233,21.6481
0.138736,0,0,15.9918,1.10203,-69323.3,-8560.06,271.071,75.2885,-136891,4334.92,535.276,21.6534
0.138746,0,0,15.9918,1.10219,-69301.4,-8560.75,270.985,75.2912,-136902,4333.55,535.32,21.6588
0.138756,0,0,15.9918,1.10235,-69279.6,-8561.44,270.899,75.2939,-136913,4332.18,535.363,21.6641
0.138766,0,0,15.9918,1.10251,-69257.7,-8562.13,270.814,75.2966,-136924,4330.81,535.406,21.6695
0.138776,0,0,15.9918,1.10267,-69235.8,-8562.83,270.728,75.2993,-136935,4329.44,535.45,21.6748
0.138786,0,0,15.9918,1.10283,-69213.9,-8563.52,270.643,75.302,-136946,4328.07,535.493,21.6802
0.138796,0,0,15.9918,1.10299,-69192,-8564.21,270.557,75.3047,-136958,4326.7,535.536,21.6855
0.138806,0,0,15.9918,1.10315,-69170.1,-8564.9,270.471,75.3074,-136969,4325.33,535.579,21.6909
0.138816,0,0,15.9918,1.10331,-69148.2,-8565.59,270.386,75.3101,-136980,4323.97,535.623,21.6962
0.138826,0,0,15.9918,1.10347,-69126.3,-8566.28,270.3,75.3128,-136991,4322.6,535.666,21.7016
0.138836,0,0,15.9918,1.10363,-69104.4,-8566.98,270.214,75.3155,-137002,4321.23,535.709,21.707
0.138846,0,0,15.9918,1.10379,-69082.5,-8567.67,270.129,75.3182,-137013,4319.86,535.752,21.7123
0.138856,0,0,15.9918,1.10395,-69060.5,-8568.36,270.043,75.3209,-137024,4318.49,535.795,21.7177
0.138866,0,0,15.9918,1.10411,-69038.6,-8569.05,269.957,75.3236,-137035,4317.11,535.839,21.723
0.138876,0,0,15.9918,1.10427,-69016.7,-8569.74,269.872,75.3263,-137046,4315.75,535.882,21.7284
0.138886,0,0,15.9918,1.10443,-68994.8,-8570.43,269.786,75.329,-137057,4314.38,535.925,21.7337
0.138896,0,0,15.9918,1.10459,-68972.9,-8571.12,269.7,75.3317,-137068,4313,535.968,21.7391
0.138906,0,0,15.9918,1.10475,-68951,-8571.81,269.615,75.3344,-137079,4311.63,536.011,21.7445
0.138916,0,0,15.9918,1.10491,-68929.1,-8572.5,269.529,75.3371,-137090,4310.26,536.054,21.7498
0.138926,0,0,15.9918,1.10507,-68907.1,-8573.19,269.443,75.3398,-137101,4308.89,536.097,21.7552
0.138936,0,0,15.9918,1.10523,-68885.2,-8573.87,269.357,75.3425,-137112,4307.52,536.14,21.7606
0.138946,0,0,15.9918,1.10539,-68863.3,-8574.56,269.272,75.3452,-137123,4306.15,536.184,21.7659
0.138956,0,0,15.9918,1.10555,-68841.4,-8575.25,269.186,75.3479,-137134,4304.78,536.227,21.7713
0.138966,0,0,15.9918,1.10571,-68819.4,-8575.94,269.1,75.3506,-137145,4303.41,536.27,21.7766
0.138976,0,0,15.9918,1.10587,-68797.5,-8576.63,269.014,75.3533,-137156,4302.04,536.313,21.782
0.138986,0,0,15.9918,1.10603,-68775.6,-8577.32,268.929,75.356,-137167,4300.67,536.356,21.7874
0.138996,0,0,15.9918,1.10619,-68753.6,-8578,268.843,75.3587,-137178,4299.29,536.399,21.7927
0.139006,0,0,15.9918,1.10635,-68731.7,-8578.69,268.757,75.3614,-137189,4297.92,536.442,21.7981
0.139016,0,0,15.9918,1.10651,-68709.8,-8579.38,268.671,75.364,-137200,4296.55,536.485,21.8035
0.139026,0,0,15.9918,1.10667,-68687.8,-8580.06,268.586,75.3667,-137211,4295.18,536.528,21.8088
0.139036,0,0,15.9918,1.10683,-68665.9,-8580.75,268.5,75.3694,-137222,4293.81,536.57,21.8142
0.139046,0,0,15.9918,1.10699,-68643.9,-8581.44,268.414,75.3721,-137233,4292.43,536.613,21.8196
0.139056,0,0,15.9918,1.10715,-68622,-8582.12,268.328,75.3748,-137244,4291.06,536.656,21.8249
0.139066,0,0,15.9918,1.10731,-68600.1,-8582.81,268.242,75.3775,-137255,4289.69,536.699,21.8303
0.139076,0,0,15.9918,1.10747,-68578.1,-8583.5,268.157,75.3801,-137266,4288.32,536.742,21.8357
0.139086,0,0,15.9918,1.10763,-68556.2,-8584.18,268.071,75.3828,-137277,4286.95,536.785,21.841
0.139096,0,0,15.9918,1.10779,-68534.2,-8584.87,267.985,75.3855,-137288,4285.57,536.828,21.8464
0.139106,0,0,15.9918,1.10795,-68512.3,-8585.55,267.899,75.3882,-137299,4284.2,536.871,21.8518
0.139116,0,0,15.9918,1.10811,-68490.3,-8586.24,267.813,75.3909,-137310,4282.83,536.913,21.8571
0.139126,0,0,15.9918,1.10827,-68468.3,-8586.92,267.727,75.3935,-137321,4281.45,536.956,21.8625
0.139136,0,0,15.9918,1.10843,-68446.4,-8587.61,267.641,75.3962,-137332,4280.08,536.999,21.8679
0.139146,0,0,15.9918,1.10859,-68424.4,-8588.29,267.556,75.3989,-137343,4278.71,537.042,21.8732
0.139156,0,0,15.9918,1.10875,-68402.5,-8588.97,267.47,75.4016,-137354,4277.33,537.085,21.8786
0.139166,0,0,15.9918,1.10891,-68380.5,-8589.66,267.384,75.4043,-137364,4275.96,537.127,21.884
0.139176,0,0,15.9918,1.10907,-68358.5,-8590.34,267.298,75.4069,-137375,4274.59,537.17,21.8893
0.139186,0,0,15.9918,1.10923,-68336.6,-8591.02,267.212,75.4096,-137386,4273.21,537.213,21.8947
0.139196,0,0,15.9918,1.10939,-68314.6,-8591.71,267.126,75.4123,-137397,4271.84,537.256,21.9001
0.139206,0,0,15.9918,1.10955,-68292.6,-8592.39,267.04,75.4149,-137408,4270.47,537.298,21.9055
0.139216,0,0,15.9918,1.10971,-68270.6,-8593.07,266.954,75.4176,-137419,4269.09,537.341,21.9108
0.139226,0,0,15.9918,1.10987,-68248.7,-8593.76,266.868,75.4203,-137430,4267.72,537.384,21.9162
0.139236,0,0,15.9918,1.11003,-68226.7,-8594.44,266.783,75.4229,-137441,4266.34,537.426,21.9216
0.139246,0,0,15.9918,1.11019,-68204.7,-8595.12,266.697,75.4256,-137452,4264.97,537.469,21.927
0.139256,0,0,15.9918,1.11035,-68182.8,-8595.8,266.611,75.4283,-137463,4263.6,537.512,21.9323
0.139266,0,0,15.9918,1.11051,-68160.8,-8596.48,266.525,75.4309,-137474,4262.22,537.554,21.9377
0.139276,0,0,15.9918,1.11067,-68138.8,-8597.17,266.439,75.4336,-137485,4260.85,537.597,21.9431
0.139286,0,0,15.9918,1.11083,-68116.8,-8597.85,266.353,75.4363,-137495,4259.47,537.639,21.9485
0.139296,0,0,15.9918,1.11099,-68094.8,-8598.53,266.267,75.4389,-137506,4258.1,537.682,21.9538
0.139306,0,0,15.9918,1.11115,-68072.8,-8599.21,266.181,75.4416,-137517,4256.72,537.725,21.9592
0.139316,0,0,15.9918,1.11131,-68050.9,-8599.89,266.095,75.4443,-137528,4255.35,537.767,21.9646
0.139326,0,0,15.9918,1.11147,-68028.9,-8600.57,266.009,75.4469,-137539,4253.97,537.81,21.97
0.139336,0,0,15.9918,1.11163,-68006.9,-8601.25,265.923,75.4496,-137550,4252.6,537.852,21.9754
0.139346,0,0,15.9918,1.11179,-67984.9,-8601.93,265.837,75.4522,-137561,4251.22,537.895,21.9807
0.139356,0,0,15.9918,1.11195,-67962.9,-8602.61,265.751,75.4549,-137572,4249.85,537.937,21.9861
0.139366,0,0,15.9918,1.11211,-67940.9,-8603.29,265.665,75.4576,-137582,4248.47,537.98,21.9915
0.139376,0,0,15.9918,1.11227,-67918.9,-8603.97,265.579,75.4602,-137593,4247.09,538.022,21.9969
0.139386,0,0,15.9918,1.11243,-67896.9,-8604.65,265.493,75.4629,-137604,4245.72,538.065,22.0022
0.139396,0,0,15.9918,1.11259,-67874.9,-8605.33,265.407,75.4655,-137615,4244.34,538.107,22.0076
0.139406,0,0,15.9918,1.11275,-67852.9,-8606,265.321,75.4682,-137626,4242.97,538.15,22.013
0.139416,0,0,15.9918,1.11291,-67830.8,-8606.68,265.235,75.4708,-137637,4241.59,538.192,22.0184
0.139426,0,0,15.9918,1.11306,-67808.8,-8607.36,265.149,75.4735,-137648,4240.21,538.234,22.0238
0.139436,0,0,15.9918,1.11322,-67786.8,-8608.04,265.062,75.4761,-137658,4238.84,538.277,22.0292
0.139446,0,0,15.9918,1.11338,-67764.8,-8608.72,264.976,75.4788,-137669,4237.46,538.319,22.0345
0.139456,0,0,15.9918,1.11354,-67742.8,-8609.39,264.89,75.4814,-137680,4236.08,538.362,22.0399
0.139466,0,0,15.9918,1.1137,-67720.8,-8610.07,264.804,75.4841,-137691,4234.71,538.404,22.0453
0.139476,0,0,15.9918,1.11386,-67698.8,-8610.75,264.718,75.4867,-137702,4233.33,538.446,22.0507
0.139486,0,0,15.9918,1.11402,-67676.8,-8611.42,264.632,75.4894,-137713,4231.95,538.489,22.0561
0.139496,0,0,15.9918,1.11418,-67654.7,-8612.1,264.546,75.492,-137723,4230.58,538.531,22.0615
0.139506,0,0,15.9918,1.11434,-67632.7,-8612.78,264.46,75.4947,-137734,4229.2,538.573,22.0668
0.139516,0,0,15.9918,1.1145,-67610.7,-8613.45,264.374,75.4973,-137745,4227.82,538.615,22.0722
0.139526,0,0,15.9918,1.11466,-67588.7,-8614.13,264.288,75.4999,-137756,4226.45,538.658,22.0776
0.139536,0,0,15.9918,1.11482,-67566.6,-8614.81,264.201,75.5026,-137767,4225.07,538.7,22.083
0.139546,0,0,15.9918,1.11498,-67544.6,-8615.48,264.115,75.5052,-137777,4223.69,538.742,22.0884
0.139556,0,0,15.9918,1.11514,-67522.6,-8616.16,264.029,75.5079,-137788,4222.31,538.784,22.0938
0.139566,0,0,15.9918,1.1153,-67500.5,-8616.83,263.943,75.5105,-137799,4220.93,538.827,22.0992
0.139576,0,0,15.9918,1.11546,-67478.5,-8617.51,263.857,75.5131,-137810,4219.56,538.869,22.1046
0.139586,0,0,15.9918,1.11562,-67456.5,-8618.18,263.771,75.5158,-137821,4218.18,538.911,22.1099
0.139596,0,0,15.9918,1.11578,-67434.4,-8618.86,263.684,75.5184,-137831,4216.8,538.953,22.1153
0.139606,0,0,15.9918,1.11594,-67412.4,-8619.53,263.598,75.5211,-137842,4215.42,538.995,22.1207
0.139616,0,0,15.9918,1.1161,-67390.4,-8620.2,263.512,75.5237,-137853,4214.04,539.037,22.1261
0.139626,0,0,15.9918,1.11626,-67368.3,-8620.88,263.426,75.5263,-137864,4212.67,539.08,22.1315
0.139636,0,0,15.9918,1.11642,-67346.3,-8621.55,263.34,75.529,-137874,4211.29,539.122,22.1369
0.139646,0,0,15.9918,1.11658,-67324.2,-8622.22,263.254,75.5316,-137885,4209.91,539.164,22.1423
0.139656,0,0,15.9918,1.11674,-67302.2,-8622.9,263.167,75.5342,-137896,4208.53,539.206,22.1477
0.139666,0,0,15.9918,1.1169,-67280.1,-8623.57,263.081,75.5369,-137907,4207.15,539.248,22.1531
0.139676,0,0,15.9918,1.11706,-67258.1,-8624.24,262.995,75.5395,-137918,4205.77,539.29,22.1585
0.139686,0,0,15.9918,1.11722,-67236,-8624.91,262.909,75.5421,-137928,4204.39,539.332,22.1639
0.139696,0,0,15.9918,1.11738,-67214,-8625.59,262.822,75.5448,-137939,4203.02,539.374,22.1693
0.139706,0,0,15.9918,1.11754,-67191.9,-8626.26,262.736,75.5474,-137950,4201.63,539.416,22.1746
0.139716,0,0,15.9918,1.1177,-67169.8,-8626.93,262.65,75.55,-137961,4200.26,539.458,22.18
0.139726,0,0,15.9918,1.11786,-67147.8,-8627.6,262.564,75.5526,-137971,4198.88,539.5,22.1854
0.139736,0,0,15.9918,1.11802,-67125.7,-8628.27,262.477,75.5553,-137982,4197.5,539.542,22.1908
0.139746,0,0,15.9918,1.11818,-67103.6,-8628.94,262.391,75.5579,-137993,4196.12,539.584,22.1962
0.139756,0,0,15.9918,1.11834,-67081.6,-8629.61,262.305,75.5605,-138003,4194.74,539.626,22.2016
0.139766,0,0,15.9918,1.1185,-67059.5,-8630.29,262.219,75.5631,-138014,4193.36,539.668,22.207
0.139776,0,0,15.9918,1.11866,-67037.5,-8630.96,262.132,75.5658,-138025,4191.98,539.71,22.2124
0.139786,0,0,15.9918,1.11882,-67015.4,-8631.62,262.046,75.5684,-138036,4190.6,539.752,22.2178
0.139796,0,0,15.9918,1.11898,-66993.3,-8632.3,261.96,75.571,-138046,4189.22,539.794,22.2232
0.139806,0,0,15.9918,1.11914,-66971.2,-8632.97,261.873,75.5736,-138057,4187.84,539.836,22.2286
0.139816,0,0,15.9918,1.1193,-66949.2,-8633.63,261.787,75.5762,-138068,4186.46,539.877,22.234
0.139826,0,0,15.9918,1.11946,-66927.1,-8634.3,261.701,75.5788,-138078,4185.08,539.919,22.2394
0.139836,0,0,15.9918,1.11962,-66905,-8634.97,261.614,75.5815,-138089,4183.69,539.961,22.2448
0.139846,0,0,15.9918,1.11978,-66882.9,-8635.64,261.528,75.5841,-138100,4182.31,540.003,22.2502
0.139856,0,0,15.9918,1.11994,-66860.8,-8636.31,261.442,75.5867,-138111,4180.93,540.045,22.2556
0.139866,0,0,15.9918,1.1201,-66838.8,-8636.98,261.355,75.5893,-138121,4179.55,540.086,22.261
0.139876,0,0,15.9918,1.12026,-66816.7,-8637.65,261.269,75.5919,-138132,4178.17,540.128,22.2664
0.139886,0,0,15.9918,1.12042,-66794.6,-8638.32,261.182,75.5945,-138143,4176.79,540.17,22.2718
0.139896,0,0,15.9918,1.12058,-66772.5,-8638.98,261.096,75.5971,-138153,4175.41,540.212,22.2772
0.139906,0,0,15.9918,1.12074,-66750.4,-8639.65,261.01,75.5998,-138164,4174.03,540.254,22.2826
0.139916,0,0,15.9918,1.1209,-66728.3,-8640.32,260.923,75.6024,-138175,4172.65,540.295,22.288
0.139926,0,0,15.9918,1.12106,-66706.2,-8640.99,260.837,75.605,-138185,4171.26,540.337,22.2934
0.139936,0,0,15.9918,1.12122,-66684.1,-8641.65,260.751,75.6076,-138196,4169.88,540.379,22.2988
0.139946,0,0,15.9918,1.12138,-66662,-8642.32,260.664,75.6102,-138207,4168.5,540.42,22.3042
0.139956,0,0,15.9918,1.12154,-66639.9,-8642.98,260.578,75.6128,-138217,4167.12,540.462,22.3096
0.139966,0,0,15.9918,1.1217,-66617.8,-8643.65,260.491,75.6154,-138228,4165.74,540.504,22.315
0.139976,0,0,15.9918,1.12186,-66595.7,-8644.32,260.405,75.618,-138239,4164.35,540.545,22.3204
0.139986,0,0,15.9918,1.12202,-66573.6,-8644.98,260.319,75.6206,-138249,4162.97,540.587,22.3258
0.139996,0,0,15.9918,1.12218,-66551.5,-8645.65,260.232,75.6232,-138260,4161.59,540.629,22.3313
0.140006,0,0,15.9918,1.12234,-66529.4,-8646.31,260.146,75.6258,-138271,4160.21,540.67,22.3367
0.140016,0,0,15.9918,1.1225,-66507.3,-8646.98,260.059,75.6284,-138281,4158.83,540.712,22.3421
0.140026,0,0,15.9918,1.12266,-66485.2,-8647.64,259.973,75.631,-138292,4157.44,540.753,22.3475
0.140036,0,0,15.9918,1.12282,-66463.1,-8648.31,259.886,75.6336,-138302,4156.06,540.795,22.3529
0.140046,0,0,15.9918,1.12298,-66441,-8648.97,259.8,75.6362,-138313,4154.68,540.836,22.3583
0.140056,0,0,15.9918,1.12314,-66418.8,-8649.64,259.713,75.6388,-138324,4153.29,540.878,22.3637
0.140066,0,0,15.9918,1.1233,-66396.7,-8650.3,259.627,75.6414,-138334,4151.91,540.919,22.3691
0.140076,0,0,15.9918,1.12346,-66374.6,-8650.96,259.54,75.644,-138345,4150.53,540.961,22.3745
0.140086,0,0,15.9918,1.12362,-66352.5,-8651.63,259.454,75.6466,-138355,4149.14,541.003,22.3799
0.140096,0,0,15.9918,1.12378,-66330.4,-8652.29,259.367,75.6492,-138366,4147.76,541.044,22.3853
0.140106,0,0,15.9918,1.12394,-66308.2,-8652.95,259.281,75.6518,-138377,4146.38,541.085,22.3907
0.140116,0,0,15.9918,1.1241,-66286.1,-8653.62,259.194,75.6544,-138387,4144.99,541.127,22.3962
0.140126,0,0,15.9918,1.12426,-66264,-8654.28,259.108,75.657,-138398,4143.61,541.168,22.4016
0.140136,0,0,15.9918,1.12442,-66241.8,-8654.94,259.021,75.6596,-138408,4142.23,541.21,22.407
0.140146,0,0,15.9918,1.12458,-66219.7,-8655.61,258.935,75.6621,-138419,4140.84,541.251,22.4124
0.140156,0,0,15.9918,1.12474,-66197.6,-8656.27,258.848,75.6647,-138430,4139.46,541.293,22.4178
0.140166,0,0,15.9918,1.1249,-66175.4,-8656.93,258.762,75.6673,-138440,4138.07,541.334,22.4232
0.140176,0,0,15.9918,1.12506,-66153.3,-8657.59,258.675,75.6699,-138451,4136.69,541.375,22.4286
0.140186,0,0,15.9918,1.12522,-66131.2,-8658.25,258.588,75.6725,-138461,4135.31,541.417,22.434
0.140196,0,0,15.9918,1.12538,-66109,-8658.91,258.502,75.6751,-138472,4133.92,541.458,22.4395
0.140206,0,0,15.9918,1.12554,-66086.9,-8659.57,258.415,75.6777,-138483,4132.54,541.499,22.4449
0.140216,0,0,15.9918,1.1257,-66064.7,-8660.23,258.329,75.6803,-138493,4131.15,541.541,22.4503
0.140226,0,0,15.9918,1.12586,-66042.6,-8660.89,258.242,75.6828,-138504,4129.77,541.582,22.4557
0.140236,0,0,15.9918,1.12602,-66020.4,-8661.56,258.155,75.6854,-138514,4128.38,541.623,22.4611
0.140246,0,0,15.9918,1.12618,-65998.3,-8662.21,258.069,75.688,-138525,4127,541.665,22.4665
0.140256,0,0,15.9918,1.12634,-65976.1,-8662.88,257.982,75.6906,-138535,4125.61,541.706,22.472
0.140266,0,0,15.9918,1.1265,-65954,-8663.54,257.896,75.6932,-138546,4124.23,541.747,22.4774
0.140276,0,0,15.9918,1.12666,-65931.8,-8664.19,257.809,75.6957,-138556,4122.84,541.788,22.4828
0.140286,0,0,15.9918,1.12682,-65909.7,-8664.85,257.722,75.6983,-138567,4121.46,541.829,22.4882
0.140296,0,0,15.9918,1.12698,-65887.5,-8665.51,257.636,75.7009,-138578,4120.07,541.871,22.4936
0.140306,0,0,15.9918,1.12714,-65865.4,-8666.17,257.549,75.7035,-138588,4118.68,541.912,22.499
0.140316,0,0,15.9918,1.1273,-65843.2,-8666.83,257.462,75.706,-138599,4117.3,541.953,22.5045
0.140326,0,0,15.9918,1.12746,-65821,-8667.49,257.376,75.7086,-138609,4115.91,541.994,22.5099
0.140336,0,0,15.9918,1.12762,-65798.9,-8668.14,257.289,75.7112,-138620,4114.53,542.035,22.5153
0.140346,0,0,15.9918,1.12778,-65776.7,-8668.8,257.202,75.7138,-138630,4113.14,542.076,22.5207
0.140356,0,0,15.9918,1.12794,-65754.5,-8669.46,257.116,75.7163,-138641,4111.75,542.118,22.5261
0.140366,0,0,15.9918,1.1281,-65732.4,-8670.12,257.029,75.7189,-138651,4110.37,542.159,22.5316
0.140376,0,0,15.9918,1.12826,-65710.2,-8670.77,256.942,75.7215,-138662,4108.98,542.2,22.537
0.140386,0,0,15.9918,1.12842,-65688,-8671.43,256.856,75.724,-138672,4107.59,542.241,22.5424
0.140396,0,0,15.9918,1.12857,-65665.9,-8672.09,256.769,75.7266,-138683,4106.21,542.282,22.5478
0.140406,0,0,15.9918,1.12873,-65643.7,-8672.75,256.682,75.7292,-138693,4104.82,542.323,22.5533
0.140416,0,0,15.9918,1.12889,-65621.5,-8673.4,256.596,75.7317,-138704,4103.44,542.364,22.5587
0.140426,0,0,15.9918,1.12905,-65599.3,-8674.06,256.509,75.7343,-138714,4102.05,542.405,22.5641
0.140436,0,0,15.9918,1.12921,-65577.1,-8674.71,256.422,75.7369,-138725,4100.66,542.446,22.5695
0.140446,0,0,15.9918,1.12937,-65555,-8675.37,256.335,75.7394,-138735,4099.27,542.487,22.575
0.140456,0,0,15.9918,1.12953,-65532.8,-8676.02,256.249,75.742,-138746,4097.89,542.528,22.5804
0.140466,0,0,15.9918,1.12969,-65510.6,-8676.68,256.162,75.7446,-138756,4096.5,542.569,22.5858
0.140476,0,0,15.9918,1.12985,-65488.4,-8677.33,256.075,75.7471,-138767,4095.11,542.61,22.5912
0.140486,0,0,15.9918,1.13001,-65466.2,-8677.99,255.988,75.7497,-138777,4093.73,542.651,22.5967
0.140496,0,0,15.9918,1.13017,-65444,-8678.64,255.902,75.7522,-138788,4092.34,542.692,22.6021
0.140506,0,0,15.9918,1.13033,-65421.8,-8679.3,255.815,75.7548,-138798,4090.95,542.733,22.6075
0.140516,0,0,15.9918,1.13049,-65399.6,-8679.95,255.728,75.7574,-138808,4089.56,542.774,22.6129
0.140526,0,0,15.9918,1.13065,-65377.4,-8680.61,255.641,75.7599,-138819,4088.17,542.815,22.6184
0.140536,0,0,15.9918,1.13081,-65355.2,-8681.26,255.554,75.7625,-138829,4086.79,542.855,22.6238
0.140546,0,0,15.9918,1.13097,-65333,-8681.91,255.468,75.765,-138840,4085.4,542.896,22.6292
0.140556,0,0,15.9918,1.13113,-65310.8,-8682.57,255.381,75.7676,-138850,4084.01,542.937,22.6347
0.140566,0,0,15.9918,1.13129,-65288.6,-8683.22,255.294,75.7701,-138861,4082.62,542.978,22.6401
0.140576,0,0,15.9918,1.13145,-65266.4,-8683.87,255.207,75.7727,-138871,4081.23,543.019,22.6455
0.140586,0,0,15.9918,1.13161,-65244.2,-8684.52,255.12,75.7752,-138882,4079.84,543.06,22.6509
0.140596,0,0,15.9918,1.13177,-65222,-8685.17,255.033,75.7778,-138892,4078.46,543.1,22.6564
0.140606,0,0,15.9918,1.13193,-65199.8,-8685.83,254.947,75.7803,-138902,4077.07,543.141,22.6618
0.140616,0,0,15.9918,1.13209,-65177.6,-8686.48,254.86,75.7829,-138913,4075.68,543.182,22.6672
0.140626,0,0,15.9918,1.13225,-65155.4,-8687.13,254.773,75.7854,-138923,4074.29,543.223,22.6727
0.140636,0,0,15.9918,1.13241,-65133.2,-8687.78,254.686,75.788,-138934,4072.9,543.263,22.6781
0.140646,0,0,15.9918,1.13257,-65110.9,-8688.43,254.599,75.7905,-138944,4071.51,543.304,22.6835
0.140656,0,0,15.9918,1.13273,-65088.7,-8689.08,254.512,75.7931,-138954,4070.12,543.345,22.689
0.140666,0,0,15.9918,1.13289,-65066.5,-8689.74,254.425,75.7956,-138965,4068.73,543.385,22.6944
0.140676,0,0,15.9918,1.13305,-65044.3,-8690.39,254.338,75.7982,-138975,4067.34,543.426,22.6998
0.140686,0,0,15.9918,1.13321,-65022.1,-8691.04,254.252,75.8007,-138986,4065.95,543.467,22.7053
0.140696,0,0,15.9918,1.13337,-64999.9,-8691.69,254.165,75.8032,-138996,4064.56,543.507,22.7107
0.140706,0,0,15.9918,1.13353,-64977.6,-8692.34,254.078,75.8058,-139006,4063.17,543.548,22.7161
0.140716,0,0,15.9918,1.13369,-64955.4,-8692.98,253.991,75.8083,-139017,4061.78,543.589,22.7216
0.140726,0,0,15.9918,1.13385,-64933.2,-8693.63,253.904,75.8109,-139027,4060.39,543.629,22.727
0.140736,0,0,15.9918,1.13401,-64910.9,-8694.29,253.817,75.8134,-139038,4059,543.67,22.7324
0.140746,0,0,15.9918,1.13417,-64888.7,-8694.93,253.73,75.8159,-139048,4057.61,543.71,22.7379
0.140756,0,0,15.9918,1.13433,-64866.5,-8695.58,253.643,75.8185,-139058,4056.22,543.751,22.7433
0.140766,0,0,15.9918,1.13449,-64844.2,-8696.23,253.556,75.821,-139069,4054.83,543.792,22.7488
0.140776,0,0,15.9918,1.13465,-64822,-8696.88,253.469,75.8236,-139079,4053.44,543.832,22.7542
0.140786,0,0,15.9918,1.13481,-64799.8,-8697.53,253.382,75.8261,-139089,4052.05,543.873,22.7596
0.140796,0,0,15.9918,1.13497,-64777.5,-8698.17,253.295,75.8286,-139100,4050.66,543.913,22.7651
0.140806,0,0,15.9918,1.13513,-64755.3,-8698.82,253.208,75.8312,-139110,4049.27,543.954,22.7705
0.140816,0,0,15.9918,1.13529,-64733,-8699.47,253.121,75.8337,-139121,4047.88,543.994,22.776
0.140826,0,0,15.9918,1.13545,-64710.8,-8700.12,253.034,75.8362,-139131,4046.49,544.035,22.7814
0.140836,0,0,15.9918,1.13561,-64688.5,-8700.76,252.947,75.8388,-139141,4045.1,544.075,22.7868
0.140846,0,0,15.9918,1.13577,-64666.3,-8701.41,252.86,75.8413,-139152,4043.7,544.115,22.7923
0.140856,0,0,15.9918,1.13593,-64644,-8702.06,252.773,75.8438,-139162,4042.31,544.156,22.7977
0.140866,0,0,15.9918,1.13609,-64621.8,-8702.7,252.686,75.8463,-139172,4040.92,544.196,22.8032
0.140876,0,0,15.9918,1.13625,-64599.5,-8703.35,252.599,75.8489,-139183,4039.53,544.237,22.8086
0.140886,0,0,15.9918,1.13641,-64577.3,-8703.99,252.512,75.8514,-139193,4038.14,544.277,22.814
0.140896,0,0,15.9918,1.13657,-64555,-8704.64,252.425,75.8539,-139203,4036.75,544.317,22.8195
0.140906,0,0,15.9918,1.13673,-64532.8,-8705.29,252.338,75.8564,-139214,4035.35,544.358,22.8249
0.140916,0,0,15.9918,1.13689,-64510.5,-8705.93,252.251,75.859,-139224,4033.96,544.398,22.8304
0.140926,0,0,15.9918,1.13705,-64488.2,-8706.57,252.164,75.8615,-139234,4032.57,544.438,22.8358
0.140936,0,0,15.9918,1.13721,-64466,-8707.22,252.077,75.864,-139244,4031.18,544.479,22.8413
0.140946,0,0,15.9918,1.13737,-64443.7,-8707.86,251.99,75.8665,-139255,4029.79,544.519,22.8467
0.140956,0,0,15.9918,1.13753,-64421.4,-8708.51,251.903,75.869,-139265,4028.39,544.559,22.8522
0.140966,0,0,15.9918,1.13769,-64399.2,-8709.15,251.816,75.8716,-139275,4027,544.6,22.8576
0.140976,0,0,15.9918,1.13785,-64376.9,-8709.8,251.729,75.8741,-139286,4025.61,544.64,22.863
0.140986,0,0,15.9918,1.13801,-64354.6,-8710.44,251.642,75.8766,-139296,4024.22,544.68,22.8685
0.140996,0,0,15.9918,1.13817,-64332.3,-8711.08,251.555,75.8791,-139306,4022.82,544.72,22.8739
0.141006,0,0,15.9918,1.13833,-64310.1,-8711.73,251.468,75.8816,-139317,4021.43,544.761,22.8794
0.141016,0,0,15.9918,1.13849,-64287.8,-8712.37,251.38,75.8841,-139327,4020.04,544.801,22.8848
0.141026,0,0,15.9918,1.13865,-64265.5,-8713.01,251.293,75.8867,-139337,4018.64,544.841,22.8903
0.141036,0,0,15.9918,1.13881,-64243.2,-8713.65,251.206,75.8892,-139347,4017.25,544.881,22.8957
0.141046,0,0,15.9918,1.13897,-64221,-8714.3,251.119,75.8917,-139358,4015.86,544.921,22.9012
0.141056,0,0,15.9918,1.13913,-64198.7,-8714.94,251.032,75.8942,-139368,4014.46,544.961,22.9066
0.141066,0,0,15.9918,1.13929,-64176.4,-8715.58,250.945,75.8967,-139378,4013.07,545.002,22.9121
0.141076,0,0,15.9918,1.13945,-64154.1,-8716.22,250.858,75.8992,-139388,4011.68,545.042,22.9175
0.141086,0,0,15.9918,1.13961,-64131.8,-8716.86,250.77,75.9017,-139399,4010.28,545.082,22.923
0.141096,0,0,15.9918,1.13977,-64109.5,-8717.5,250.683,75.9042,-139409,4008.89,545.122,22.9284
0.141106,0,0,15.9918,1.13993,-64087.2,-8718.14,250.596,75.9067,-139419,4007.49,545.162,22.9339
0.141116,0,0,15.9918,1.14009,-64064.9,-8718.79,250.509,75.9092,-139429,4006.1,545.202,22.9393
0.141126,0,0,15.9918,1.14025,-64042.7,-8719.43,250.422,75.9117,-139440,4004.71,545.242,22.9448
0.141136,0,0,15.9918,1.14041,-64020.3,-8720.07,250.335,75.9142,-139450,4003.31,545.282,22.9502
0.141146,0,0,15.9918,1.14057,-63998,-8720.71,250.247,75.9167,-139460,4001.92,545.322,22.9557
0.141156,0,0,15.9918,1.14073,-63975.8,-8721.35,250.16,75.9192,-139470,4000.52,545.362,22.9611
0.141166,0,0,15.9918,1.14089,-63953.4,-8721.99,250.073,75.9217,-139481,3999.13,545.402,22.9666
0.141176,0,0,15.9918,1.14105,-63931.1,-8722.63,249.986,75.9242,-139491,3997.73,545.442,22.9721
0.141186,0,0,15.9918,1.14121,-63908.8,-8723.26,249.899,75.9268,-139501,3996.34,545.482,22.9775
0.141196,0,0,15.9918,1.14137,-63886.5,-8723.9,249.811,75.9292,-139511,3994.94,545.522,22.983
0.141206,0,0,15.9918,1.14153,-63864.2,-8724.54,249.724,75.9317,-139522,3993.55,545.562,22.9884
0.141216,0,0,15.9918,1.14169,-63841.9,-8725.18,249.637,75.9342,-139532,3992.16,545.602,22.9939
0.141226,0,0,15.9918,1.14185,-63819.6,-8725.82,249.55,75.9367,-139542,3990.76,545.642,22.9993
0.141236,0,0,15.9918,1.14201,-63797.3,-8726.46,249.462,75.9392,-139552,3989.36,545.682,23.0048
0.141246,0,0,15.9918,1.14217,-63775,-8727.09,249.375,75.9417,-139562,3987.97,545.722,23.0102
0.141256,0,0,15.9918,1.14233,-63752.6,-8727.73,249.288,75.9442,-139573,3986.57,545.761,23.0157
0.141266,0,0,15.9918,1.14249,-63730.3,-8728.37,249.201,75.9467,-139583,3985.18,545.801,23.0212
0.141276,0,0,15.9918,1.14265,-63708,-8729.01,249.113,75.9492,-139593,3983.78,545.841,23.0266
0.141286,0,0,15.9918,1.14281,-63685.7,-8729.64,249.026,75.9517,-139603,3982.39,545.881,23.0321
0.141296,0,0,15.9918,1.14297,-63663.4,-8730.28,248.939,75.9542,-139613,3980.99,545.921,23.0375
0.141306,0,0,15.9918,1.14313,-63641.1,-8730.92,248.852,75.9567,-139623,3979.59,545.961,23.043
0.141316,0,0,15.9918,1.14329,-63618.7,-8731.55,248.764,75.9592,-139634,3978.2,546,23.0485
0.141326,0,0,15.9918,1.14345,-63596.4,-8732.19,248.677,75.9616,-139644,3976.8,546.04,23.0539
0.141336,0,0,15.9918,1.14361,-63574.1,-8732.82,248.59,75.9641,-139654,3975.41,546.08,23.0594
0.141346,0,0,15.9918,1.14377,-63551.7,-8733.46,248.502,75.9666,-139664,3974.01,546.12,23.0648
0.141356,0,0,15.9918,1.14393,-63529.4,-8734.1,248.415,75.9691,-139674,3972.61,546.159,23.0703
0.141366,0,0,15.9918,1.14408,-63507.1,-8734.73,248.328,75.9716,-139684,3971.22,546.199,23.0758
0.141376,0,0,15.9918,1.14424,-63484.7,-8735.37,248.24,75.9741,-139695,3969.82,546.239,23.0812
0.141386,0,0,15.9918,1.1444,-63462.4,-8736,248.153,75.9765,-139705,3968.42,546.278,23.0867
0.141396,0,0,15.9918,1.14456,-63440.1,-8736.63,248.066,75.979,-139715,3967.03,546.318,23.0921
0.141406,0,0,15.9918,1.14472,-63417.7,-8737.27,247.978,75.9815,-139725,3965.63,546.358,23.0976
0.141416,0,0,15.9918,1.14488,-63395.4,-8737.9,247.891,75.984,-139735,3964.23,546.397,23.1031
0.141426,0,0,15.9918,1.14504,-63373,-8738.54,247.803,75.9865,-139745,3962.83,546.437,23.1085
0.141436,0,0,15.9918,1.1452,-63350.7,-8739.17,247.716,75.9889,-139755,3961.44,546.477,23.114
0.141446,0,0,15.9918,1.14536,-63328.3,-8739.8,247.629,75.9914,-139766,3960.04,546.516,23.1195
0.141456,0,0,15.9918,1.14552,-63306,-8740.44,247.541,75.9939,-139776,3958.64,546.556,23.1249
0.141466,0,0,15.9918,1.14568,-63283.6,-8741.07,247.454,75.9964,-139786,3957.24,546.595,23.1304
0.141476,0,0,15.9918,1.14584,-63261.3,-8741.7,247.367,75.9988,-139796,3955.85,546.635,23.1359
0.141486,0,0,15.9918,1.146,-63238.9,-8742.33,247.279,76.0013,-139806,3954.45,546.675,23.1413
0.141496,0,0,15.9918,1.14616,-63216.6,-8742.97,247.192,76.0038,-139816,3953.05,546.714,23.1468
0.141506,0,0,15.9918,1.14632,-63194.2,-8743.6,247.104,76.0063,-139826,3951.65,546.754,23.1523
0.141516,0,0,15.9918,1.14648,-63171.9,-8744.23,247.017,76.0087,-139836,3950.25,546.793,23.1577
0.141526,0,0,15.9918,1.14664,-63149.5,-8744.86,246.929,76.0112,-139846,3948.86,546.833,23.1632
0.141536,0,0,15.9918,1.1468,-63127.1,-8745.49,246.842,76.0137,-139857,3947.46,546.872,23.1687
0.141546,0,0,15.9918,1.14696,-63104.8,-8746.12,246.755,76.0161,-139867,3946.06,546.912,23.1741
0.141556,0,0,15.9918,1.14712,-63082.4,-8746.75,246.667,76.0186,-139877,3944.66,546.951,23.1796
0.141566,0,0,15.9918,1.14728,-63060.1,-8747.39,246.58,76.0211,-139887,3943.26,546.99,23.1851
0.141576,0,0,15.9918,1.14744,-63037.7,-8748.02,246.492,76.0235,-139897,3941.86,547.03,23.1905
0.141586,0,0,15.9918,1.1476,-63015.3,-8748.65,246.405,76.026,-139907,3940.47,547.069,23.196
0.141596,0,0,15.9918,1.14776,-62992.9,-8749.28,246.317,76.0285,-139917,3939.07,547.109,23.2015
0.141606,0,0,15.9918,1.14792,-62970.6,-8749.91,246.23,76.0309,-139927,3937.67,547.148,23.207
0.141616,0,0,15.9918,1.14808,-62948.2,-8750.54,246.142,76.0334,-139937,3936.27,547.187,23.2124
0.141626,0,0,15.9918,1.14824,-62925.8,-8751.16,246.055,76.0359,-139947,3934.87,547.227,23.2179
0.141636,0,0,15.9918,1.1484,-62903.4,-8751.79,245.967,76.0383,-139957,3933.47,547.266,23.2234
0.141646,0,0,15.9918,1.14856,-62881.1,-8752.42,245.88,76.0408,-139967,3932.07,547.305,23.2289
0.141656,0,0,15.9918,1.14872,-62858.7,-8753.05,245.792,76.0432,-139977,3930.67,547.345,23.2343
0.141666,0,0,15.9918,1.14888,-62836.3,-8753.68,245.705,76.0457,-139987,3929.27,547.384,23.2398
0.141676,0,0,15.9918,1.14904,-62813.9,-8754.31,245.617,76.0481,-139998,3927.87,547.423,23.2453
0.141686,0,0,15.9918,1.1492,-62791.5,-8754.94,245.53,76.0506,-140008,3926.47,547.463,23.2507
0.141696,0,0,15.9918,1.14936,-62769.1,-8755.56,245.442,76.0531,-140018,3925.07,547.502,23.2562
0.141706,0,0,15.9918,1.14952,-62746.7,-8756.19,245.355,76.0555,-140028,3923.67,547.541,23.2617
0.141716,0,0,15.9918,1.14968,-62724.4,-8756.82,245.267,76.058,-140038,3922.27,547.58,23.2672
0.141726,0,0,15.9918,1.14984,-62701.9,-8757.45,245.179,76.0604,-140048,3920.87,547.619,23.2726
0.141736,0,0,15.9918,1.15,-62679.6,-8758.07,245.092,76.0629,-140058,3919.47,547.659,23.2781
0.141746,0,0,15.9918,1.15016,-62657.2,-8758.7,245.004,76.0653,-140068,3918.07,547.698,23.2836
0.141756,0,0,15.9918,1.15032,-62634.8,-8759.33,244.917,76.0678,-140078,3916.67,547.737,23.2891
0.141766,0,0,15.9918,1.15048,-62612.4,-8759.95,244.829,76.0702,-140088,3915.27,547.776,23.2946
0.141776,0,0,15.9918,1.15064,-62590,-8760.58,244.742,76.0727,-140098,3913.87,547.815,23.3
0.141786,0,0,15.9918,1.1508,-62567.6,-8761.2,244.654,76.0751,-140108,3912.47,547.854,23.3055
0.141796,0,0,15.9918,1.15096,-62545.2,-8761.83,244.566,76.0776,-140118,3911.07,547.894,23.311
0.141806,0,0,15.9918,1.15112,-62522.8,-8762.45,244.479,76.08,-140128,3909.67,547.933,23.3165
0.141816,0,0,15.9918,1.15128,-62500.3,-8763.08,244.391,76.0825,-140138,3908.26,547.972,23.322
0.141826,0,0,15.9918,1.15144,-62477.9,-8763.7,244.303,76.0849,-140148,3906.86,548.011,23.3274
0.141836,0,0,15.9918,1.1516,-62455.5,-8764.33,244.216,76.0873,-140158,3905.46,548.05,23.3329
0.141846,0,0,15.9918,1.15176,-62433.1,-8764.95,244.128,76.0898,-140168,3904.06,548.089,23.3384
0.141856,0,0,15.9918,1.15192,-62410.7,-8765.58,244.041,76.0922,-140178,3902.66,548.128,23.3439
0.141866,0,0,15.9918,1.15208,-62388.3,-8766.2,243.953,76.0947,-140188,3901.26,548.167,23.3494
0.141876,0,0,15.9918,1.15224,-62365.9,-8766.82,243.865,76.0971,-140198,3899.85,548.206,23.3548
0.141886,0,0,15.9918,1.1524,-62343.5,-8767.45,243.778,76.0995,-140208,3898.45,548.245,23.3603
0.141896,0,0,15.9918,1.15256,-62321,-8768.07,243.69,76.102,-140218,3897.05,548.284,23.3658
0.141906,0,0,15.9918,1.15272,-62298.6,-8768.69,243.602,76.1044,-140228,3895.65,548.323,23.3713
0.141916,0,0,15.9918,1.15288,-62276.2,-8769.32,243.515,76.1068,-140238,3894.25,548.362,23.3768
0.141926,0,0,15.9918,1.15304,-62253.8,-8769.94,243.427,76.1093,-140248,3892.84,548.401,23.3822
0.141936,0,0,15.9918,1.1532,-62231.3,-8770.56,243.339,76.1117,-140257,3891.44,548.44,23.3877
0.141946,0,0,15.9918,1.15336,-62208.9,-8771.18,243.252,76.1141,-140267,3890.04,548.479,23.3932
0.141956,0,0,15.9918,1.15352,-62186.5,-8771.81,243.164,76.1166,-140277,3888.64,548.517,23.3987
0.141966,0,0,15.9918,1.15368,-62164.1,-8772.43,243.076,76.119,-140287,3887.24,548.556,23.4042
0.141976,0,0,15.9918,1.15384,-62141.6,-8773.05,242.988,76.1214,-140297,3885.83,548.595,23.4097
0.141986,0,0,15.9918,1.154,-62119.2,-8773.67,242.901,76.1239,-140307,3884.43,548.634,23.4152
0.141996,0,0,15.9918,1.15416,-62096.8,-8774.29,242.813,76.1263,-140317,3883.03,548.673,23.4206
0.142006,0,0,15.9918,1.15432,-62074.3,-8774.91,242.725,76.1287,-140327,3881.62,548.712,23.4261
0.142016,0,0,15.9918,1.15448,-62051.9,-8775.53,242.637,76.1311,-140337,3880.22,548.75,23.4316
0.142026,0,0,15.9918,1.15464,-62029.4,-8776.15,242.55,76.1336,-140347,3878.82,548.789,23.4371
0.142036,0,0,15.9918,1.1548,-62007,-8776.77,242.462,76.136,-140357,3877.41,548.828,23.4426
0.142046,0,0,15.9918,1.15496,-61984.5,-8777.39,242.374,76.1384,-140367,3876.01,548.867,23.4481
0.142056,0,0,15.9918,1.15512,-61962.1,-8778.01,242.286,76.1409,-140377,3874.61,548.906,23.4536
0.142066,0,0,15.9918,1.15528,-61939.7,-8778.63,242.199,76.1433,-140386,3873.2,548.944,23.4591
0.142076,0,0,15.9918,1.15544,-61917.2,-8779.25,242.111,76.1457,-140396,3871.8,548.983,23.4646
0.142086,0,0,15.9918,1.1556,-61894.8,-8779.87,242.023,76.1481,-140406,3870.4,549.022,23.47
0.142096,0,0,15.9918,1.15576,-61872.3,-8780.49,241.935,76.1505,-140416,3868.99,549.06,23.4755
0.142106,0,0,15.9918,1.15592,-61849.9,-8781.11,241.847,76.153,-140426,3867.59,549.099,23.481
0.142116,0,0,15.9918,1.15608,-61827.4,-8781.73,241.76,76.1554,-140436,3866.18,549.138,23.4865
0.142126,0,0,15.9918,1.15624,-61805,-8782.34,241.672,76.1578,-140446,3864.78,549.176,23.492
0.142136,0,0,15.9918,1.1564,-61782.5,-8782.96,241.584,76.1602,-140456,3863.37,549.215,23.4975
0.142146,0,0,15.9918,1.15656,-61760,-8783.58,241.496,76.1626,-140466,3861.97,549.254,23.503
0.142156,0,0,15.9918,1.15672,-61737.6,-8784.2,241.408,76.165,-140476,3860.57,549.292,23.5085
0.142166,0,0,15.9918,1.15688,-61715.1,-8784.81,241.321,76.1674,-140485,3859.16,549.331,23.514
0.142176,0,0,15.9918,1.15704,-61692.6,-8785.43,241.233,76.1699,-140495,3857.76,549.369,23.5195
0.142186,0,0,15.9918,1.1572,-61670.2,-8786.05,241.145,76.1723,-140505,3856.35,549.408,23.525
0.142196,0,0,15.9918,1.15736,-61647.7,-8786.66,241.057,76.1747,-140515,3854.95,549.447,23.5305
0.142206,0,0,15.9918,1.15752,-61625.2,-8787.28,240.969,76.1771,-140525,3853.54,549.485,23.536
0.142216,0,0,15.9918,1.15768,-61602.8,-8787.9,240.881,76.1795,-140535,3852.14,549.524,23.5415
0.142226,0,0,15.9918,1.15784,-61580.3,-8788.51,240.793,76.1819,-140545,3850.73,549.562,23.5469
0.142236,0,0,15.9918,1.158,-61557.8,-8789.13,240.706,76.1843,-140554,3849.33,549.601,23.5524
0.142246,0,0,15.9918,1.15816,-61535.3,-8789.74,240.618,76.1867,-140564,3847.92,549.639,23.5579
0.142256,0,0,15.9918,1.15832,-61512.9,-8790.36,240.53,76.1891,-140574,3846.51,549.678,23.5634
0.142266,0,0,15.9918,1.15848,-61490.4,-8790.97,240.442,76.1915,-140584,3845.11,549.716,23.5689
0.142276,0,0,15.9918,1.15864,-61467.9,-8791.59,240.354,76.1939,-140594,3843.7,549.754,23.5744
0.142286,0,0,15.9918,1.1588,-61445.4,-8792.2,240.266,76.1963,-140604,3842.3,549.793,23.5799
0.142296,0,0,15.9918,1.15896,-61423,-8792.82,240.178,76.1987,-140613,3840.89,549.831,23.5854
0.142306,0,0,15.9918,1.15912,-61400.5,-8793.43,240.09,76.2011,-140623,3839.49,549.87,23.5909
0.142316,0,0,15.9918,1.15928,-61378,-8794.04,240.002,76.2036,-140633,3838.08,549.908,23.5964
0.142326,0,0,15.9918,1.15944,-61355.5,-8794.66,239.914,76.206,-140643,3836.67,549.946,23.6019
0.142336,0,0,15.9918,1.1596,-61333,-8795.27,239.826,76.2084,-140653,3835.27,549.985,23.6074
0.142346,0,0,15.9918,1.15975,-61310.5,-8795.88,239.739,76.2107,-140662,3833.86,550.023,23.6129
0.142356,0,0,15.9918,1.15991,-61288,-8796.5,239.651,76.2131,-140672,3832.46,550.061,23.6184
0.142366,0,0,15.9918,1.16007,-61265.5,-8797.11,239.563,76.2155,-140682,3831.05,550.1,23.6239
0.142376,0,0,15.9918,1.16023,-61243,-8797.72,239.475,76.2179,-140692,3829.64,550.138,23.6294
0.142386,0,0,15.9918,1.16039,-61220.5,-8798.33,239.387,76.2203,-140702,3828.24,550.176,23.6349
0.142396,0,0,15.9918,1.16055,-61198,-8798.95,239.299,76.2227,-140711,3826.83,550.215,23.6404
0.142406,0,0,15.9918,1.16071,-61175.5,-8799.56,239.211,76.2251,-140721,3825.42,550.253,23.6459
0.142416,0,0,15.9918,1.16087,-61153,-8800.17,239.123,76.2275,-140731,3824.01,550.291,23.6514
0.142426,0,0,15.9918,1.16103,-61130.5,-8800.78,239.035,76.2299,-140741,3822.61,550.329,23.6569
0.142436,0,0,15.9918,1.16119,-61108,-8801.39,238.947,76.2323,-140750,3821.2,550.368,23.6624
0.142446,0,0,15.9918,1.16135,-61085.5,-8802,238.859,76.2347,-140760,3819.79,550.406,23.6679
0.142456,0,0,15.9918,1.16151,-61063,-8802.61,238.771,76.2371,-140770,3818.38,550.444,23.6734
0.142466,0,0,15.9918,1.16167,-61040.5,-8803.22,238.683,76.2394,-140780,3816.98,550.482,23.679
0.142476,0,0,15.9918,1.16183,-61018,-8803.83,238.595,76.2418,-140790,3815.57,550.52,23.6845
0.142486,0,0,15.9918,1.16199,-60995.5,-8804.44,238.507,76.2442,-140799,3814.16,550.558,23.69
0.142496,0,0,15.9918,1.16215,-60973,-8805.05,238.419,76.2466,-140809,3812.75,550.597,23.6955
0.142506,0,0,15.9918,1.16231,-60950.4,-8805.66,238.331,76.249,-140819,3811.35,550.635,23.701
0.142516,0,0,15.9918,1.16247,-60927.9,-8806.27,238.243,76.2514,-140829,3809.94,550.673,23.7065
0.142526,0,0,15.9918,1.16263,-60905.4,-8806.88,238.154,76.2538,-140838,3808.53,550.711,23.712
0.142536,0,0,15.9918,1.16279,-60882.9,-8807.49,238.066,76.2561,-140848,3807.12,550.749,23.7175
0.142546,0,0,15.9918,1.16295,-60860.4,-8808.1,237.978,76.2585,-140858,3805.71,550.787,23.723
0.142556,0,0,15.9918,1.16311,-60837.8,-8808.71,237.89,76.2609,-140867,3804.3,550.825,23.7285
0.142566,0,0,15.9918,1.16327,-60815.3,-8809.32,237.802,76.2633,-140877,3802.9,550.863,23.734
0.142576,0,0,15.9918,1.16343,-60792.8,-8809.92,237.714,76.2657,-140887,3801.49,550.901,23.7395
0.142586,0,0,15.9918,1.16359,-60770.3,-8810.53,237.626,76.268,-140897,3800.08,550.939,23.745
0.142596,0,0,15.9918,1.16375,-60747.7,-8811.14,237.538,76.2704,-140906,3798.67,550.977,23.7505
0.142606,0,0,15.9918,1.16391,-60725.2,-8811.75,237.45,76.2728,-140916,3797.26,551.015,23.7561
0.142616,0,0,15.9918,1.16407,-60702.7,-8812.35,237.362,76.2752,-140926,3795.85,551.053,23.7616
0.142626,0,0,15.9918,1.16423,-60680.1,-8812.96,237.274,76.2775,-140936,3794.44,551.091,23.7671
0.142636,0,0,15.9918,1.16439,-60657.6,-8813.57,237.185,76.2799,-140945,3793.03,551.129,23.7726
0.142646,0,0,15.9918,1.16455,-60635.1,-8814.17,237.097,76.2823,-140955,3791.62,551.167,23.7781
0.142656,0,0,15.9918,1.16471,-60612.5,-8814.78,237.009,76.2846,-140965,3790.21,551.205,23.7836
0.142666,0,0,15.9918,1.16487,-60590,-8815.39,236.921,76.287,-140974,3788.8,551.243,23.7891
0.142676,0,0,15.9918,1.16503,-60567.4,-8815.99,236.833,76.2894,-140984,3787.4,551.28,23.7946
0.142686,0,0,15.9918,1.16519,-60544.9,-8816.6,236.745,76.2917,-140994,3785.99,551.318,23.8001
0.142696,0,0,15.9918,1.16535,-60522.3,-8817.2,236.657,76.2941,-141003,3784.58,551.356,23.8057
0.142706,0,0,15.9918,1.16551,-60499.8,-8817.81,236.569,76.2965,-141013,3783.17,551.394,23.8112
0.142716,0,0,15.9918,1.16567,-60477.3,-8818.41,236.48,76.2988,-141023,3781.76,551.432,23.8167
0.142726,0,0,15.9918,1.16583,-60454.7,-8819.02,236.392,76.3012,-141032,3780.35,551.47,23.8222
0.142736,0,0,15.9918,1.16599,-60432.2,-8819.62,236.304,76.3036,-141042,3778.94,551.507,23.8277
0.142746,0,0,15.9918,1.16615,-60409.6,-8820.23,236.216,76.3059,-141052,3777.53,551.545,23.8332
0.142756,0,0,15.9918,1.16631,-60387.1,-8820.83,236.128,76.3083,-141061,3776.12,551.583,23.8388
0.142766,0,0,15.9918,1.16647,-60364.5,-8821.43,236.039,76.3107,-141071,3774.71,551.621,23.8443
0.142776,0,0,15.9918,1.16663,-60341.9,-8822.04,235.951,76.313,-141081,3773.29,551.658,23.8498
0.142786,0,0,15.9918,1.16679,-60319.4,-8822.64,235.863,76.3154,-141090,3771.88,551.696,23.8553
0.142796,0,0,15.9918,1.16695,-60296.8,-8823.24,235.775,76.3177,-141100,3770.47,551.734,23.8608
0.142806,0,0,15.9918,1.16711,-60274.2,-8823.85,235.686,76.3201,-141110,3769.06,551.772,23.8663
0.142816,0,0,15.9918,1.16727,-60251.7,-8824.45,235.598,76.3224,-141119,3767.65,551.809,23.8719
0.142826,0,0,15.9918,1.16743,-60229.1,-8825.05,235.51,76.3248,-141129,3766.24,551.847,23.8774
0.142836,0,0,15.9918,1.16759,-60206.6,-8825.65,235.422,76.3272,-141138,3764.83,551.885,23.8829
0.142846,0,0,15.9918,1.16775,-60184,-8826.25,235.334,76.3295,-141148,3763.42,551.922,23.8884
0.142856,0,0,15.9918,1.16791,-60161.4,-8826.86,235.245,76.3319,-141158,3762.01,551.96,23.8939
0.142866,0,0,15.9918,1.16807,-60138.8,-8827.46,235.157,76.3342,-141167,3760.59,551.997,23.8995
0.142876,0,0,15.9918,1.16823,-60116.3,-8828.06,235.069,76.3366,-141177,3759.18,552.035,23.905
0.142886,0,0,15.9918,1.16839,-60093.7,-8828.66,234.981,76.3389,-141187,3757.77,552.073,23.9105
0.142896,0,0,15.9918,1.16855,-60071.1,-8829.26,234.892,76.3413,-141196,3756.36,552.11,23.916
0.142906,0,0,15.9918,1.16871,-60048.5,-8829.86,234.804,76.3436,-141206,3754.95,552.148,23.9215
0.142916,0,0,15.9918,1.16887,-60026,-8830.46,234.716,76.346,-141215,3753.54,552.185,23.9271
0.142926,0,0,15.9918,1.16903,-60003.4,-8831.06,234.627,76.3483,-141225,3752.12,552.223,23.9326
0.142936,0,0,15.9918,1.16919,-59980.8,-8831.66,234.539,76.3507,-141235,3750.71,552.26,23.9381
0.142946,0,0,15.9918,1.16935,-59958.2,-8832.26,234.451,76.353,-141244,3749.3,552.298,23.9436
0.142956,0,0,15.9918,1.16951,-59935.6,-8832.86,234.362,76.3553,-141254,3747.89,552.335,23.9491
0.142966,0,0,15.9918,1.16967,-59913,-8833.46,234.274,76.3577,-141263,3746.48,552.373,23.9547
0.142976,0,0,15.9918,1.16983,-59890.5,-8834.06,234.186,76.36,-141273,3745.06,552.41,23.9602
0.142986,0,0,15.9918,1.16999,-59867.9,-8834.66,234.097,76.3624,-141282,3743.65,552.448,23.9657
0.142996,0,0,15.9918,1.17015,-59845.3,-8835.25,234.009,76.3647,-141292,3742.24,552.485,23.9712
0.143006,0,0,15.9918,1.17031,-59822.7,-8835.85,233.921,76.3671,-141302,3740.82,552.522,23.9768
0.143016,0,0,15.9918,1.17047,-59800.1,-8836.45,233.832,76.3694,-141311,3739.41,552.56,23.9823
0.143026,0,0,15.9918,1.17063,-59777.5,-8837.05,233.744,76.3717,-141321,3738,552.597,23.9878
0.143036,0,0,15.9918,1.17079,-59754.9,-8837.65,233.656,76.3741,-141330,3736.59,552.635,23.9933
0.143046,0,0,15.9918,1.17095,-59732.3,-8838.24,233.567,76.3764,-141340,3735.17,552.672,23.9989
0.143056,0,0,15.9918,1.17111,-59709.7,-8838.84,233.479,76.3787,-141349,3733.76,552.709,24.0044
0.143066,0,0,15.9918,1.17127,-59687.1,-8839.44,233.391,76.3811,-141359,3732.35,552.747,24.0099
0.143076,0,0,15.9918,1.17143,-59664.5,-8840.03,233.302,76.3834,-141368,3730.93,552.784,24.0155
0.143086,0,0,15.9918,1.17159,-59641.9,-8840.63,233.214,76.3857,-141378,3729.52,552.821,24.021
0.143096,0,0,15.9918,1.17175,-59619.3,-8841.23,233.125,76.3881,-141388,3728.11,552.859,24.0265
0.143106,0,0,15.9918,1.17191,-59596.7,-8841.82,233.037,76.3904,-141397,3726.69,552.896,24.032
0.143116,0,0,15.9918,1.17207,-59574.1,-8842.42,232.949,76.3927,-141407,3725.28,552.933,24.0376
0.143126,0,0,15.9918,1.17223,-59551.4,-8843.01,232.86,76.3951,-141416,3723.86,552.97,24.0431
0.143136,0,0,15.9918,1.17239,-59528.8,-8843.61,232.772,76.3974,-141426,3722.45,553.008,24.0486
0.143146,0,0,15.9918,1.17255,-59506.2,-8844.21,232.683,76.3997,-141435,3721.04,553.045,24.0542
0.143156,0,0,15.9918,1.17271,-59483.6,-8844.8,232.595,76.402,-141445,3719.62,553.082,24.0597
0.143166,0,0,15.9918,1.17287,-59461,-8845.39,232.506,76.4044,-141454,3718.21,553.119,24.0652
0.143176,0,0,15.9918,1.17303,-59438.4,-8845.99,232.418,76.4067,-141464,3716.79,553.156,24.0707
0.143186,0,0,15.9918,1.17319,-59415.7,-8846.58,232.33,76.409,-141473,3715.38,553.193,24.0763
0.143196,0,0,15.9918,1.17335,-59393.1,-8847.18,232.241,76.4113,-141483,3713.96,553.231,24.0818
0.143206,0,0,15.9918,1.17351,-59370.5,-8847.77,232.153,76.4137,-141492,3712.55,553.268,24.0873
0.143216,0,0,15.9918,1.17367,-59347.9,-8848.36,232.064,76.416,-141502,3711.13,553.305,24.0929
0.143226,0,0,15.9918,1.17383,-59325.3,-8848.96,231.976,76.4183,-141511,3709.72,553.342,24.0984
0.143236,0,0,15.9918,1.17399,-59302.6,-8849.55,231.887,76.4206,-141521,3708.3,553.379,24.1039
0.143246,0,0,15.9918,1.17415,-59280,-8850.14,231.799,76.4229,-141530,3706.89,553.416,24.1095
0.143256,0,0,15.9918,1.17431,-59257.4,-8850.74,231.71,76.4253,-141540,3705.47,553.453,24.115
0.143266,0,0,15.9918,1.17447,-59234.7,-8851.33,231.622,76.4276,-141549,3704.06,553.49,24.1205
0.143276,0,0,15.9918,1.17463,-59212.1,-8851.92,231.533,76.4299,-141559,3702.64,553.527,24.1261
0.143286,0,0,15.9918,1.17479,-59189.5,-8852.51,231.445,76.4322,-141568,3701.23,553.564,24.1316
0.143296,0,0,15.9918,1.17495,-59166.8,-8853.1,231.356,76.4345,-141577,3699.81,553.601,24.1372
0.143306,0,0,15.9918,1.17511,-59144.2,-8853.7,231.268,76.4368,-141587,3698.4,553.638,24.1427
0.143316,0,0,15.9918,1.17526,-59121.5,-8854.29,231.179,76.4391,-141596,3696.98,553.675,24.1482
0.143326,0,0,15.9918,1.17542,-59098.9,-8854.88,231.091,76.4415,-141606,3695.57,553.712,24.1538
0.143336,0,0,15.9918,1.17558,-59076.2,-8855.47,231.002,76.4438,-141615,3694.15,553.749,24.1593
0.143346,0,0,15.9918,1.17574,-59053.6,-8856.06,230.914,76.4461,-141625,3692.73,553.786,24.1648
0.143356,0,0,15.9918,1.1759,-59031,-8856.65,230.825,76.4484,-141634,3691.32,553.823,24.1704
0.143366,0,0,15.9918,1.17606,-59008.3,-8857.24,230.736,76.4507,-141644,3689.9,553.86,24.1759
0.143376,0,0,15.9918,1.17622,-58985.7,-8857.83,230.648,76.453,-141653,3688.48,553.897,24.1815
0.143386,0,0,15.9918,1.17638,-58963,-8858.42,230.559,76.4553,-141662,3687.07,553.934,24.187
0.143396,0,0,15.9918,1.17654,-58940.4,-8859.01,230.471,76.4576,-141672,3685.65,553.97,24.1925
0.143406,0,0,15.9918,1.1767,-58917.7,-8859.6,230.382,76.4599,-141681,3684.24,554.007,24.1981
0.143416,0,0,15.9918,1.17686,-58895.1,-8860.19,230.294,76.4622,-141691,3682.82,554.044,24.2036
0.143426,0,0,15.9918,1.17702,-58872.4,-8860.78,230.205,76.4645,-141700,3681.4,554.081,24.2092
0.143436,0,0,15.9918,1.17718,-58849.8,-8861.36,230.116,76.4668,-141710,3679.99,554.118,24.2147
0.143446,0,0,15.9918,1.17734,-58827.1,-8861.95,230.028,76.4691,-141719,3678.57,554.154,24.2202
0.143456,0,0,15.9918,1.1775,-58804.4,-8862.54,229.939,76.4714,-141728,3677.15,554.191,24.2258
0.143466,0,0,15.9918,1.17766,-58781.8,-8863.13,229.851,76.4737,-141738,3675.73,554.228,24.2313
0.143476,0,0,15.9918,1.17782,-58759.1,-8863.72,229.762,76.476,-141747,3674.32,554.265,24.2369
0.143486,0,0,15.9918,1.17798,-58736.4,-8864.3,229.673,76.4783,-141757,3672.9,554.302,24.2424
0.143496,0,0,15.9918,1.17814,-58713.8,-8864.89,229.585,76.4806,-141766,3671.48,554.338,24.2479
0.143506,0,0,15.9918,1.1783,-58691.1,-8865.48,229.496,76.4829,-141775,3670.06,554.375,24.2535
0.143516,0,0,15.9918,1.17846,-58668.4,-8866.06,229.407,76.4852,-141785,3668.65,554.412,24.259
0.143526,0,0,15.9918,1.17862,-58645.8,-8866.65,229.319,76.4875,-141794,3667.23,554.448,24.2646
0.143536,0,0,15.9918,1.17878,-58623.1,-8867.24,229.23,76.4898,-141803,3665.81,554.485,24.2701
0.143546,0,0,15.9918,1.17894,-58600.4,-8867.82,229.141,76.4921,-141813,3664.39,554.522,24.2757
0.143556,0,0,15.9918,1.1791,-58577.7,-8868.41,229.053,76.4944,-141822,3662.98,554.558,24.2812
0.143566,0,0,15.9918,1.17926,-58555,-8869,228.964,76.4967,-141832,3661.56,554.595,24.2868
0.143576,0,0,15.9918,1.17942,-58532.4,-8869.58,228.875,76.499,-141841,3660.14,554.631,24.2923
0.143586,0,0,15.9918,1.17958,-58509.7,-8870.17,228.787,76.5012,-141850,3658.72,554.668,24.2979
0.143596,0,0,15.9918,1.17974,-58487,-8870.75,228.698,76.5035,-141860,3657.3,554.705,24.3034
0.143606,0,0,15.9918,1.1799,-58464.3,-8871.33,228.609,76.5058,-141869,3655.88,554.741,24.3089
0.143616,0,0,15.9918,1.18006,-58441.6,-8871.92,228.521,76.5081,-141878,3654.47,554.778,24.3145
0.143626,0,0,15.9918,1.18022,-58419,-8872.5,228.432,76.5104,-141888,3653.05,554.814,24.32
0.143636,0,0,15.9918,1.18038,-58396.3,-8873.09,228.343,76.5127,-141897,3651.63,554.851,24.3256
0.143646,0,0,15.9918,1.18054,-58373.6,-8873.67,228.254,76.515,-141906,3650.21,554.887,24.3311
0.143656,0,0,15.9918,1.1807,-58350.9,-8874.25,228.166,76.5172,-141916,3648.79,554.924,24.3367
0.143666,0,0,15.9918,1.18086,-58328.2,-8874.84,228.077,76.5195,-141925,3647.37,554.96,24.3422
0.143676,0,0,15.9918,1.18102,-58305.5,-8875.42,227.988,76.5218,-141934,3645.95,554.997,24.3478
0.143686,0,0,15.9918,1.18118,-58282.8,-8876,227.899,76.5241,-141944,3644.53,555.033,24.3533
0.143696,0,0,15.9918,1.18134,-58260.1,-8876.59,227.811,76.5264,-141953,3643.11,555.07,24.3589
0.143706,0,0,15.9918,1.1815,-58237.4,-8877.17,227.722,76.5286,-141962,3641.69,555.106,24.3644
0.143716,0,0,15.9918,1.18166,-58214.7,-8877.75,227.633,76.5309,-141972,3640.27,555.142,24.37
0.143726,0,0,15.9918,1.18182,-58192,-8878.33,227.544,76.5332,-141981,3638.86,555.179,24.3755
0.143736,0,0,15.9918,1.18198,-58169.3,-8878.92,227.456,76.5355,-141990,3637.44,555.215,24.3811
0.143746,0,0,15.9918,1.18214,-58146.6,-8879.5,227.367,76.5377,-142000,3636.02,555.252,24.3866
0.143756,0,0,15.9918,1.1823,-58123.9,-8880.08,227.278,76.54,-142009,3634.6,555.288,24.3922
0.143766,0,0,15.9918,1.18246,-58101.2,-8880.66,227.189,76.5423,-142018,3633.18,555.324,24.3978
0.143776,0,0,15.9918,1.18262,-58078.5,-8881.24,227.1,76.5446,-142027,3631.76,555.361,24.4033
0.143786,0,0,15.9918,1.18278,-58055.8,-8881.82,227.012,76.5468,-142037,3630.34,555.397,24.4089
0.143796,0,0,15.9918,1.18294,-58033.1,-8882.4,226.923,76.5491,-142046,3628.92,555.433,24.4144
0.143806,0,0,15.9918,1.1831,-58010.3,-8882.98,226.834,76.5514,-142055,3627.49,555.469,24.42
0.143816,0,0,15.9918,1.18326,-57987.6,-8883.56,226.745,76.5536,-142065,3626.08,555.506,24.4255
0.143826,0,0,15.9918,1.18342,-57964.9,-8884.14,226.656,76.5559,-142074,3624.65,555.542,24.4311
0.143836,0,0,15.9918,1.18358,-57942.2,-8884.72,226.568,76.5582,-142083,3623.23,555.578,24.4366
0.143846,0,0,15.9918,1.18374,-57919.5,-8885.3,226.479,76.5604,-142092,3621.81,555.614,24.4422
0.143856,0,0,15.9918,1.1839,-57896.8,-8885.88,226.39,76.5627,-142102,3620.39,555.651,24.4477
0.143866,0,0,15.9918,1.18406,-57874,-8886.46,226.301,76.565,-142111,3618.97,555.687,24.4533
0.143876,0,0,15.9918,1.18422,-57851.3,-8887.04,226.212,76.5672,-142120,3617.55,555.723,24.4589
0.143886,0,0,15.9918,1.18438,-57828.6,-8887.61,226.123,76.5695,-142129,3616.13,555.759,24.4644
0.143896,0,0,15.9918,1.18454,-57805.9,-8888.19,226.034,76.5717,-142139,3614.71,555.795,24.47
0.143906,0,0,15.9918,1.1847,-57783.1,-8888.77,225.946,76.574,-142148,3613.29,555.831,24.4755
0.143916,0,0,15.9918,1.18486,-57760.4,-8889.35,225.857,76.5763,-142157,3611.87,555.868,24.4811
0.143926,0,0,15.9918,1.18502,-57737.7,-8889.92,225.768,76.5785,-142166,3610.44,555.904,24.4866
0.143936,0,0,15.9918,1.18518,-57714.9,-8890.5,225.679,76.5808,-142176,3609.02,555.94,24.4922
0.143946,0,0,15.9918,1.18534,-57692.2,-8891.08,225.59,76.583,-142185,3607.6,555.976,24.4978
0.143956,0,0,15.9918,1.1855,-57669.5,-8891.66,225.501,76.5853,-142194,3606.18,556.012,24.5033
0.143966,0,0,15.9918,1.18566,-57646.7,-8892.23,225.412,76.5875,-142203,3604.76,556.048,24.5089
0.143976,0,0,15.9918,1.18582,-57624,-8892.81,225.323,76.5898,-142212,3603.34,556.084,24.5144
0.143986,0,0,15.9918,1.18598,-57601.2,-8893.38,225.234,76.592,-142222,3601.91,556.12,24.52
0.143996,0,0,15.9918,1.18614,-57578.5,-8893.96,225.146,76.5943,-142231,3600.49,556.156,24.5256
0.144006,0,0,15.9918,1.1863,-57555.8,-8894.54,225.057,76.5965,-142240,3599.07,556.192,24.5311
0.144016,0,0,15.9918,1.18646,-57533,-8895.11,224.968,76.5988,-142249,3597.65,556.228,24.5367
0.144026,0,0,15.9918,1.18662,-57510.3,-8895.69,224.879,76.6011,-142258,3596.23,556.264,24.5423
0.144036,0,0,15.9918,1.18678,-57487.5,-8896.26,224.79,76.6033,-142268,3594.8,556.3,24.5478
0.144046,0,0,15.9918,1.18694,-57464.8,-8896.84,224.701,76.6056,-142277,3593.38,556.336,24.5534
0.144056,0,0,15.9918,1.1871,-57442,-8897.41,224.612,76.6078,-142286,3591.96,556.372,24.5589
0.144066,0,0,15.9918,1.18726,-57419.3,-8897.98,224.523,76.61,-142295,3590.53,556.408,24.5645
0.144076,0,0,15.9918,1.18742,-57396.5,-8898.56,224.434,76.6123,-142304,3589.11,556.444,24.5701
0.144086,0,0,15.9918,1.18758,-57373.8,-8899.13,224.345,76.6145,-142314,3587.69,556.479,24.5756
0.144096,0,0,15.9918,1.18774,-57351,-8899.71,224.256,76.6168,-142323,3586.27,556.515,24.5812
0.144106,0,0,15.9918,1.1879,-57328.2,-8900.28,224.167,76.619,-142332,3584.84,556.551,24.5868
0.144116,0,0,15.9918,1.18806,-57305.5,-8900.85,224.078,76.6213,-142341,3583.42,556.587,24.5923
0.144126,0,0,15.9918,1.18822,-57282.7,-8901.42,223.989,76.6235,-142350,3582,556.623,24.5979
0.144136,0,0,15.9918,1.18838,-57260,-8902,223.9,76.6257,-142359,3580.57,556.659,24.6035
0.144146,0,0,15.9918,1.18854,-57237.2,-8902.57,223.811,76.628,-142369,3579.15,556.694,24.609
0.144156,0,0,15.9918,1.1887,-57214.4,-8903.14,223.722,76.6302,-142378,3577.73,556.73,24.6146
0.144166,0,0,15.9918,1.18886,-57191.7,-8903.71,223.633,76.6324,-142387,3576.3,556.766,24.6202
0.144176,0,0,15.9918,1.18902,-57168.9,-8904.29,223.544,76.6347,-142396,3574.88,556.802,24.6257
0.144186,0,0,15.9918,1.18918,-57146.1,-8904.86,223.455,76.6369,-142405,3573.45,556.837,24.6313
0.144196,0,0,15.9918,1.18934,-57123.4,-8905.43,223.366,76.6392,-142414,3572.03,556.873,24.6369
0.144206,0,0,15.9918,1.1895,-57100.6,-8906,223.277,76.6414,-142423,3570.61,556.909,24.6424
0.144216,0,0,15.9918,1.18966,-57077.8,-8906.57,223.188,76.6436,-142432,3569.18,556.945,24.648
0.144226,0,0,15.9918,1.18982,-57055.1,-8907.14,223.099,76.6459,-142442,3567.76,556.98,24.6536
0.144236,0,0,15.9918,1.18998,-57032.3,-8907.71,223.01,76.6481,-142451,3566.33,557.016,24.6592
0.144246,0,0,15.9918,1.19014,-57009.5,-8908.28,222.921,76.6503,-142460,3564.91,557.052,24.6647
0.144256,0,0,15.9918,1.1903,-56986.7,-8908.85,222.831,76.6525,-142469,3563.49,557.087,24.6703
0.144266,0,0,15.9918,1.19046,-56963.9,-8909.42,222.742,76.6548,-142478,3562.06,557.123,24.6759
0.144276,0,0,15.9918,1.19062,-56941.1,-8909.99,222.653,76.657,-142487,3560.64,557.158,24.6814
0.144286,0,0,15.9918,1.19077,-56918.4,-8910.56,222.564,76.6592,-142496,3559.21,557.194,24.687
0.144296,0,0,15.9918,1.19093,-56895.6,-8911.13,222.475,76.6614,-142505,3557.79,557.23,24.6926
0.144306,0,0,15.9918,1.19109,-56872.8,-8911.7,222.386,76.6637,-142514,3556.36,557.265,24.6982
0.144316,0,0,15.9918,1.19125,-56850,-8912.27,222.297,76.6659,-142524,3554.94,557.301,24.7037
0.144326,0,0,15.9918,1.19141,-56827.2,-8912.83,222.208,76.6681,-142533,3553.51,557.336,24.7093
0.144336,0,0,15.9918,1.19157,-56804.4,-8913.4,222.119,76.6703,-142542,3552.09,557.372,24.7149
0.144346,0,0,15.9918,1.19173,-56781.6,-8913.97,222.03,76.6726,-142551,3550.66,557.407,24.7204
0.144356,0,0,15.9918,1.19189,-56758.8,-8914.54,221.94,76.6748,-142560,3549.24,557.443,24.726
0.144366,0,0,15.9918,1.19205,-56736,-8915.11,221.851,76.677,-142569,3547.81,557.478,24.7316
0.144376,0,0,15.9918,1.19221,-56713.2,-8915.67,221.762,76.6792,-142578,3546.39,557.514,24.7372
0.144386,0,0,15.9918,1.19237,-56690.4,-8916.24,221.673,76.6814,-142587,3544.96,557.549,24.7427
0.144396,0,0,15.9918,1.19253,-56667.6,-8916.81,221.584,76.6836,-142596,3543.53,557.585,24.7483
0.144406,0,0,15.9918,1.19269,-56644.8,-8917.37,221.495,76.6859,-142605,3542.11,557.62,24.7539
0.144416,0,0,15.9918,1.19285,-56622,-8917.94,221.405,76.6881,-142614,3540.68,557.655,24.7595
0.144426,0,0,15.9918,1.19301,-56599.2,-8918.5,221.316,76.6903,-142623,3539.26,557.691,24.7651
0.144436,0,0,15.9918,1.19317,-56576.4,-8919.07,221.227,76.6925,-142632,3537.83,557.726,24.7706
0.144446,0,0,15.9918,1.19333,-56553.6,-8919.64,221.138,76.6947,-142641,3536.4,557.762,24.7762
0.144456,0,0,15.9918,1.19349,-56530.8,-8920.2,221.049,76.6969,-142650,3534.98,557.797,24.7818
0.144466,0,0,15.9918,1.19365,-56508,-8920.77,220.96,76.6991,-142660,3533.55,557.832,24.7874
0.144476,0,0,15.9918,1.19381,-56485.2,-8921.33,220.87,76.7013,-142669,3532.12,557.868,24.7929
0.144486,0,0,15.9918,1.19397,-56462.4,-8921.9,220.781,76.7036,-142678,3530.7,557.903,24.7985
0.144496,0,0,15.9918,1.19413,-56439.6,-8922.46,220.692,76.7058,-142687,3529.27,557.938,24.8041
0.144506,0,0,15.9918,1.19429,-56416.7,-8923.03,220.603,76.708,-142696,3527.84,557.974,24.8097
0.144516,0,0,15.9918,1.19445,-56393.9,-8923.59,220.514,76.7102,-142705,3526.42,558.009,24.8153
0.144526,0,0,15.9918,1.19461,-56371.1,-8924.15,220.424,76.7124,-142714,3524.99,558.044,24.8208
0.144536,0,0,15.9918,1.19477,-56348.3,-8924.72,220.335,76.7146,-142723,3523.56,558.079,24.8264
0.144546,0,0,15.9918,1.19493,-56325.5,-8925.28,220.246,76.7168,-142732,3522.14,558.115,24.832
0.144556,0,0,15.9918,1.19509,-56302.6,-8925.84,220.157,76.719,-142741,3520.71,558.15,24.8376
0.144566,0,0,15.9918,1.19525,-56279.8,-8926.41,220.067,76.7212,-142750,3519.28,558.185,24.8432
0.144576,0,0,15.9918,1.19541,-56257,-8926.97,219.978,76.7234,-142759,3517.86,558.22,24.8487
0.144586,0,0,15.9918,1.19557,-56234.2,-8927.53,219.889,76.7256,-142768,3516.43,558.255,24.8543
0.144596,0,0,15.9918,1.19573,-56211.3,-8928.09,219.799,76.7278,-142777,3515,558.29,24.8599
0.144606,0,0,15.9918,1.19589,-56188.5,-8928.65,219.71,76.73,-142786,3513.57,558.326,24.8655
0.144616,0,0,15.9918,1.19605,-56165.7,-8929.22,219.621,76.7322,-142795,3512.14,558.361,24.8711
0.144626,0,0,15.9918,1.19621,-56142.8,-8929.78,219.532,76.7344,-142804,3510.72,558.396,24.8767
0.144636,0,0,15.9918,1.19637,-56120,-8930.34,219.442,76.7366,-142813,3509.29,558.431,24.8822
0.144646,0,0,15.9918,1.19653,-56097.2,-8930.9,219.353,76.7388,-142822,3507.86,558.466,24.8878
0.144656,0,0,15.9918,1.19669,-56074.3,-8931.46,219.264,76.741,-142831,3506.43,558.501,24.8934
0.144666,0,0,15.9918,1.19685,-56051.5,-8932.02,219.175,76.7431,-142840,3505.01,558.536,24.899
0.144676,0,0,15.9918,1.19701,-56028.6,-8932.58,219.085,76.7453,-142848,3503.58,558.571,24.9046
0.144686,0,0,15.9918,1.19717,-56005.8,-8933.14,218.996,76.7475,-142857,3502.15,558.606,24.9102
0.144696,0,0,15.9918,1.19733,-55983,-8933.7,218.907,76.7497,-142866,3500.72,558.641,24.9158
0.144706,0,0,15.9918,1.19749,-55960.1,-8934.26,218.817,76.7519,-142875,3499.29,558.676,24.9213
0.144716,0,0,15.9918,1.19765,-55937.3,-8934.82,218.728,76.7541,-142884,3497.86,558.711,24.9269
0.144726,0,0,15.9918,1.19781,-55914.4,-8935.38,218.639,76.7563,-142893,3496.43,558.746,24.9325
0.144736,0,0,15.9918,1.19797,-55891.6,-8935.94,218.549,76.7585,-142902,3495,558.781,24.9381
0.144746,0,0,15.9918,1.19813,-55868.7,-8936.5,218.46,76.7607,-142911,3493.58,558.816,24.9437
0.144756,0,0,15.9918,1.19829,-55845.9,-8937.06,218.371,76.7628,-142920,3492.15,558.851,24.9493
0.144766,0,0,15.9918,1.19845,-55823,-8937.61,218.281,76.765,-142929,3490.72,558.886,24.9549
0.144776,0,0,15.9918,1.19861,-55800.2,-8938.17,218.192,76.7672,-142938,3489.29,558.921,24.9605
0.144786,0,0,15.9918,1.19877,-55777.3,-8938.73,218.102,76.7694,-142947,3487.86,558.956,24.966
0.144796,0,0,15.9918,1.19893,-55754.5,-8939.29,218.013,76.7716,-142956,3486.43,558.99,24.9716
0.144806,0,0,15.9918,1.19909,-55731.6,-8939.84,217.924,76.7738,-142965,3485,559.025,24.9772
0.144816,0,0,15.9918,1.19925,-55708.7,-8940.4,217.834,76.7759,-142974,3483.57,559.06,24.9828
0.144826,0,0,15.9918,1.19941,-55685.9,-8940.96,217.745,76.7781,-142982,3482.14,559.095,24.9884
0.144836,0,0,15.9918,1.19957,-55663,-8941.52,217.655,76.7803,-142991,3480.71,559.13,24.994
0.144846,0,0,15.9918,1.19973,-55640.2,-8942.07,217.566,76.7825,-143000,3479.28,559.165,24.9996
0.144856,0,0,15.9918,1.19989,-55617.3,-8942.63,217.477,76.7846,-143009,3477.85,559.199,25.0052
0.144866,0,0,15.9918,1.20005,-55594.4,-8943.19,217.387,76.7868,-143018,3476.42,559.234,25.0108
0.144876,0,0,15.9918,1.20021,-55571.5,-8943.74,217.298,76.789,-143027,3474.99,559.269,25.0164
0.144886,0,0,15.9918,1.20037,-55548.7,-8944.3,217.208,76.7912,-143036,3473.56,559.304,25.022
0.144896,0,0,15.9918,1.20053,-55525.8,-8944.85,217.119,76.7933,-143045,3472.13,559.338,25.0276
0.144906,0,0,15.9918,1.20069,-55502.9,-8945.41,217.03,76.7955,-143054,3470.7,559.373,25.0331
0.144916,0,0,15.9918,1.20085,-55480,-8945.96,216.94,76.7977,-143062,3469.27,559.408,25.0387
0.144926,0,0,15.9918,1.20101,-55457.2,-8946.52,216.851,76.7998,-143071,3467.84,559.442,25.0443
0.144936,0,0,15.9918,1.20117,-55434.3,-8947.07,216.761,76.802,-143080,3466.41,559.477,25.0499
0.144946,0,0,15.9918,1.20133,-55411.4,-8947.62,216.672,76.8042,-143089,3464.98,559.512,25.0555
0.144956,0,0,15.9918,1.20149,-55388.6,-8948.18,216.582,76.8063,-143098,3463.55,559.546,25.0611
0.144966,0,0,15.9918,1.20165,-55365.7,-8948.73,216.493,76.8085,-143107,3462.12,559.581,25.0667
0.144976,0,0,15.9918,1.20181,-55342.8,-8949.29,216.403,76.8107,-143116,3460.69,559.616,25.0723
0.144986,0,0,15.9918,1.20197,-55319.9,-8949.84,216.314,76.8128,-143124,3459.26,559.65,25.0779
0.144996,0,0,15.9918,1.20213,-55297,-8950.39,216.224,76.815,-143133,3457.83,559.685,25.0835
0.145006,0,0,15.9918,1.20229,-55274.1,-8950.94,216.135,76.8172,-143142,3456.39,559.719,25.0891
0.145016,0,0,15.9918,1.20245,-55251.2,-8951.5,216.045,76.8193,-143151,3454.96,559.754,25.0947
0.145026,0,0,15.9918,1.20261,-55228.3,-8952.05,215.956,76.8215,-143160,3453.53,559.788,25.1003
0.145036,0,0,15.9918,1.20277,-55205.4,-8952.6,215.866,76.8236,-143169,3452.1,559.823,25.1059
0.145046,0,0,15.9918,1.20293,-55182.6,-8953.15,215.777,76.8258,-143177,3450.67,559.857,25.1115
0.145056,0,0,15.9918,1.20309,-55159.7,-8953.71,215.687,76.8279,-143186,3449.24,559.892,25.1171
0.145066,0,0,15.9918,1.20325,-55136.8,-8954.26,215.598,76.8301,-143195,3447.81,559.926,25.1227
0.145076,0,0,15.9918,1.20341,-55113.9,-8954.81,215.508,76.8323,-143204,3446.37,559.961,25.1283
0.145086,0,0,15.9918,1.20357,-55091,-8955.36,215.419,76.8344,-143213,3444.94,559.995,25.1339
0.145096,0,0,15.9918,1.20373,-55068.1,-8955.91,215.329,76.8366,-143222,3443.51,560.03,25.1395
0.145106,0,0,15.9918,1.20389,-55045.2,-8956.46,215.24,76.8387,-143230,3442.08,560.064,25.1451
0.145116,0,0,15.9918,1.20405,-55022.3,-8957.01,215.15,76.8409,-143239,3440.65,560.099,25.1507
0.145126,0,0,15.9918,1.20421,-54999.4,-8957.56,215.06,76.843,-143248,3439.21,560.133,25.1563
0.145136,0,0,15.9918,1.20437,-54976.5,-8958.11,214.971,76.8452,-143257,3437.78,560.167,25.1619
0.145146,0,0,15.9918,1.20453,-54953.5,-8958.66,214.881,76.8473,-143265,3436.35,560.202,25.1675
0.145156,0,0,15.9918,1.20469,-54930.6,-8959.21,214.792,76.8495,-143274,3434.92,560.236,25.1731
0.145166,0,0,15.9918,1.20485,-54907.7,-8959.76,214.702,76.8516,-143283,3433.48,560.27,25.1787
0.145176,0,0,15.9918,1.20501,-54884.8,-8960.31,214.613,76.8538,-143292,3432.05,560.305,25.1843
0.145186,0,0,15.9918,1.20517,-54861.9,-8960.86,214.523,76.8559,-143301,3430.62,560.339,25.1899
0.145196,0,0,15.9918,1.20533,-54839,-8961.4,214.433,76.8581,-143309,3429.19,560.373,25.1955
0.145206,0,0,15.9918,1.20549,-54816.1,-8961.95,214.344,76.8602,-143318,3427.75,560.408,25.2011
0.145216,0,0,15.9918,1.20565,-54793.2,-8962.5,214.254,76.8623,-143327,3426.32,560.442,25.2067
0.145226,0,0,15.9918,1.20581,-54770.2,-8963.05,214.165,76.8645,-143336,3424.89,560.476,25.2123
0.145236,0,0,15.9918,1.20597,-54747.3,-8963.6,214.075,76.8666,-143344,3423.45,560.51,25.2179
0.145246,0,0,15.9918,1.20613,-54724.4,-8964.14,213.985,76.8688,-143353,3422.02,560.545,25.2235
0.145256,0,0,15.9918,1.20628,-54701.5,-8964.69,213.896,76.8709,-143362,3420.59,560.579,25.2291
0.145266,0,0,15.9918,1.20644,-54678.5,-8965.24,213.806,76.873,-143371,3419.15,560.613,25.2347
0.145276,0,0,15.9918,1.2066,-54655.6,-8965.78,213.716,76.8752,-143379,3417.72,560.647,25.2404
0.145286,0,0,15.9918,1.20676,-54632.7,-8966.33,213.627,76.8773,-143388,3416.29,560.681,25.246
0.145296,0,0,15.9918,1.20692,-54609.8,-8966.88,213.537,76.8795,-143397,3414.85,560.716,25.2516
0.145306,0,0,15.9918,1.20708,-54586.9,-8967.42,213.447,76.8816,-143406,3413.42,560.75,25.2572
0.145316,0,0,15.9918,1.20724,-54563.9,-8967.97,213.358,76.8837,-143414,3411.98,560.784,25.2628
0.145326,0,0,15.9918,1.2074,-54541,-8968.51,213.268,76.8859,-143423,3410.55,560.818,25.2684
0.145336,0,0,15.9918,1.20756,-54518.1,-8969.06,213.178,76.888,-143432,3409.12,560.852,25.274
0.145346,0,0,15.9918,1.20772,-54495.1,-8969.6,213.089,76.8901,-143440,3407.68,560.886,25.2796
0.145356,0,0,15.9918,1.20788,-54472.2,-8970.15,212.999,76.8923,-143449,3406.25,560.92,25.2852
0.145366,0,0,15.9918,1.20804,-54449.2,-8970.69,212.909,76.8944,-143458,3404.81,560.954,25.2908
0.145376,0,0,15.9918,1.2082,-54426.3,-8971.24,212.82,76.8965,-143467,3403.38,560.988,25.2964
0.145386,0,0,15.9918,1.20836,-54403.3,-8971.78,212.73,76.8986,-143475,3401.94,561.022,25.302
0.145396,0,0,15.9918,1.20852,-54380.4,-8972.32,212.64,76.9008,-143484,3400.51,561.056,25.3077
0.145406,0,0,15.9918,1.20868,-54357.5,-8972.87,212.551,76.9029,-143493,3399.07,561.09,25.3133
0.145415,0,0,15.9918,1.20884,-54334.5,-8973.41,212.461,76.905,-143501,3397.64,561.124,25.3189
0.145425,0,0,15.9918,1.209,-54311.6,-8973.95,212.371,76.9071,-143510,3396.21,561.158,25.3245
0.145435,0,0,15.9918,1.20916,-54288.6,-8974.5,212.281,76.9093,-143519,3394.77,561.192,25.3301
0.145445,0,0,15.9918,1.20932,-54265.7,-8975.04,212.192,76.9114,-143527,3393.33,561.226,25.3357
0.145455,0,0,15.9918,1.20948,-54242.7,-8975.58,212.102,76.9135,-143536,3391.9,561.26,25.3413
0.145465,0,0,15.9918,1.20964,-54219.8,-8976.12,212.012,76.9156,-143545,3390.46,561.294,25.3469
0.145475,0,0,15.9918,1.2098,-54196.8,-8976.67,211.922,76.9177,-143553,3389.03,561.328,25.3526
0.145485,0,0,15.9918,1.20996,-54173.9,-8977.21,211.833,76.9199,-143562,3387.59,561.362,25.3582
0.145495,0,0,15.9918,1.21012,-54150.9,-8977.75,211.743,76.922,-143571,3386.16,561.396,25.3638
0.145505,0,0,15.9918,1.21028,-54128,-8978.29,211.653,76.9241,-143579,3384.72,561.429,25.3694
0.145515,0,0,15.9918,1.21044,-54105,-8978.83,211.563,76.9262,-143588,3383.29,561.463,25.375
0.145525,0,0,15.9918,1.2106,-54082,-8979.37,211.473,76.9283,-143597,3381.85,561.497,25.3806
0.145535,0,0,15.9918,1.21076,-54059.1,-8979.91,211.384,76.9304,-143605,3380.42,561.531,25.3862
0.145545,0,0,15.9918,1.21092,-54036.1,-8980.45,211.294,76.9326,-143614,3378.98,561.565,25.3919
0.145555,0,0,15.9918,1.21108,-54013.1,-8981,211.204,76.9347,-143623,3377.54,561.598,25.3975
0.145565,0,0,15.9918,1.21124,-53990.2,-8981.53,211.114,76.9368,-143631,3376.11,561.632,25.4031
0.145575,0,0,15.9918,1.2114,-53967.2,-8982.07,211.025,76.9389,-143640,3374.67,561.666,25.4087
0.145585,0,0,15.9918,1.21156,-53944.2,-8982.61,210.935,76.941,-143649,3373.23,561.7,25.4143
0.145595,0,0,15.9918,1.21172,-53921.3,-8983.15,210.845,76.9431,-143657,3371.8,561.733,25.4199
0.145605,0,0,15.9918,1.21188,-53898.3,-8983.69,210.755,76.9452,-143666,3370.36,561.767,25.4256
0.145615,0,0,15.9918,1.21204,-53875.3,-8984.23,210.665,76.9473,-143674,3368.93,561.801,25.4312
0.145625,0,0,15.9918,1.2122,-53852.4,-8984.77,210.575,76.9494,-143683,3367.49,561.834,25.4368
0.145635,0,0,15.9918,1.21236,-53829.4,-8985.31,210.486,76.9515,-143692,3366.05,561.868,25.4424
0.145645,0,0,15.9918,1.21252,-53806.4,-8985.85,210.396,76.9536,-143700,3364.62,561.902,25.448
0.145655,0,0,15.9918,1.21268,-53783.4,-8986.38,210.306,76.9557,-143709,3363.18,561.935,25.4536
0.145665,0,0,15.9918,1.21284,-53760.5,-8986.92,210.216,76.9579,-143717,3361.74,561.969,25.4593
0.145675,0,0,15.9918,1.213,-53737.5,-8987.46,210.126,76.96,-143726,3360.3,562.003,25.4649
0.145685,0,0,15.9918,1.21316,-53714.5,-8988,210.036,76.9621,-143735,3358.87,562.036,25.4705
0.145695,0,0,15.9918,1.21332,-53691.5,-8988.53,209.946,76.9641,-143743,3357.43,562.07,25.4761
0.145705,0,0,15.9918,1.21348,-53668.5,-8989.07,209.857,76.9662,-143752,3355.99,562.103,25.4817
0.145715,0,0,15.9918,1.21364,-53645.6,-8989.61,209.767,76.9683,-143760,3354.56,562.137,25.4874
0.145725,0,0,15.9918,1.2138,-53622.6,-8990.14,209.677,76.9704,-143769,3353.12,562.17,25.493
0.145735,0,0,15.9918,1.21396,-53599.6,-8990.68,209.587,76.9725,-143778,3351.68,562.204,25.4986
0.145745,0,0,15.9918,1.21412,-53576.6,-8991.21,209.497,76.9746,-143786,3350.24,562.237,25.5042
0.145755,0,0,15.9918,1.21428,-53553.6,-8991.75,209.407,76.9767,-143795,3348.81,562.271,25.5099
0.145765,0,0,15.9918,1.21444,-53530.6,-8992.29,209.317,76.9788,-143803,3347.37,562.305,25.5155
0.145775,0,0,15.9918,1.2146,-53507.6,-8992.82,209.227,76.9809,-143812,3345.93,562.338,25.5211
0.145785,0,0,15.9918,1.21476,-53484.6,-8993.35,209.137,76.983,-143820,3344.49,562.371,25.5267
0.145795,0,0,15.9918,1.21492,-53461.6,-8993.89,209.047,76.9851,-143829,3343.05,562.405,25.5323
0.145805,0,0,15.9918,1.21508,-53438.6,-8994.42,208.958,76.9872,-143837,3341.62,562.438,25.538
0.145815,0,0,15.9918,1.21524,-53415.6,-8994.96,208.868,76.9893,-143846,3340.18,562.472,25.5436
0.145825,0,0,15.9918,1.2154,-53392.6,-8995.49,208.778,76.9914,-143855,3338.74,562.505,25.5492
0.145835,0,0,15.9918,1.21556,-53369.6,-8996.03,208.688,76.9935,-143863,3337.3,562.538,25.5548
0.145845,0,0,15.9918,1.21572,-53346.6,-8996.56,208.598,76.9955,-143872,3335.86,562.572,25.5605
0.145855,0,0,15.9918,1.21588,-53323.6,-8997.09,208.508,76.9976,-143880,3334.42,562.605,25.5661
0.145865,0,0,15.9918,1.21604,-53300.6,-8997.63,208.418,76.9997,-143889,3332.99,562.638,25.5717
0.145875,0,0,15.9918,1.2162,-53277.6,-8998.16,208.328,77.0018,-143897,3331.55,562.672,25.5774
0.145885,0,0,15.9918,1.21636,-53254.6,-8998.69,208.238,77.0039,-143906,3330.11,562.705,25.583
0.145895,0,0,15.9918,1.21652,-53231.6,-8999.22,208.148,77.006,-143914,3328.67,562.738,25.5886
0.145905,0,0,15.9918,1.21668,-53208.5,-8999.76,208.058,77.008,-143923,3327.23,562.772,25.5942
0.145915,0,0,15.9918,1.21684,-53185.5,-9000.29,207.968,77.0101,-143931,3325.79,562.805,25.5999
0.145925,0,0,15.9918,1.217,-53162.5,-9000.82,207.878,77.0122,-143940,3324.35,562.838,25.6055
0.145935,0,0,15.9918,1.21716,-53139.5,-9001.35,207.788,77.0143,-143948,3322.91,562.871,25.6111
0.145945,0,0,15.9918,1.21732,-53116.5,-9001.88,207.698,77.0164,-143957,3321.47,562.905,25.6167
0.145955,0,0,15.9918,1.21748,-53093.5,-9002.41,207.608,77.0184,-143965,3320.03,562.938,25.6224
0.145965,0,0,15.9918,1.21764,-53070.4,-9002.94,207.518,77.0205,-143974,3318.59,562.971,25.628
0.145975,0,0,15.9918,1.2178,-53047.4,-9003.47,207.428,77.0226,-143982,3317.15,563.004,25.6336
0.145985,0,0,15.9918,1.21796,-53024.4,-9004,207.338,77.0247,-143991,3315.72,563.037,25.6393
0.145995,0,0,15.9918,1.21812,-53001.4,-9004.53,207.248,77.0267,-143999,3314.27,563.07,25.6449
0.146005,0,0,15.9918,1.21828,-52978.3,-9005.06,207.158,77.0288,-144008,3312.84,563.104,25.6505
0.146015,0,0,15.9918,1.21844,-52955.3,-9005.59,207.068,77.0309,-144016,3311.4,563.137,25.6562
0.146025,0,0,15.9918,1.2186,-52932.3,-9006.12,206.978,77.0329,-144025,3309.95,563.17,25.6618
0.146035,0,0,15.9918,1.21876,-52909.3,-9006.65,206.888,77.035,-144033,3308.52,563.203,25.6674
0.146045,0,0,15.9918,1.21892,-52886.2,-9007.18,206.798,77.0371,-144041,3307.08,563.236,25.6731
0.146055,0,0,15.9918,1.21908,-52863.2,-9007.71,206.708,77.0391,-144050,3305.63,563.269,25.6787
0.146065,0,0,15.9918,1.21924,-52840.2,-9008.24,206.618,77.0412,-144058,3304.2,563.302,25.6843
0.146075,0,0,15.9918,1.2194,-52817.1,-9008.77,206.527,77.0433,-144067,3302.75,563.335,25.69
0.146085,0,0,15.9918,1.21956,-52794.1,-9009.3,206.437,77.0453,-144075,3301.31,563.368,25.6956
0.146095,0,0,15.9918,1.21972,-52771.1,-9009.82,206.347,77.0474,-144084,3299.87,563.401,25.7012
0.146105,0,0,15.9918,1.21988,-52748,-9010.35,206.257,77.0495,-144092,3298.43,563.434,25.7069
0.146115,0,0,15.9918,1.22004,-52725,-9010.88,206.167,77.0515,-144101,3296.99,563.467,25.7125
0.146125,0,0,15.9918,1.2202,-52701.9,-9011.41,206.077,77.0536,-144109,3295.55,563.5,25.7181
0.146135,0,0,15.9918,1.22036,-52678.9,-9011.93,205.987,77.0557,-144117,3294.11,563.533,25.7238
0.146145,0,0,15.9918,1.22052,-52655.8,-9012.46,205.897,77.0577,-144126,3292.67,563.566,25.7294
0.146155,0,0,15.9918,1.22068,-52632.8,-9012.98,205.807,77.0598,-144134,3291.23,563.599,25.735
0.146165,0,0,15.9918,1.22084,-52609.8,-9013.51,205.717,77.0618,-144143,3289.79,563.632,25.7407
0.146175,0,0,15.9918,1.221,-52586.7,-9014.04,205.626,77.0639,-144151,3288.35,563.665,25.7463
0.146185,0,0,15.9918,1.22116,-52563.7,-9014.56,205.536,77.0659,-144159,3286.9,563.698,25.7519
0.146195,0,0,15.9918,1.22132,-52540.6,-9015.09,205.446,77.068,-144168,3285.46,563.73,25.7576
0.146205,0,0,15.9918,1.22148,-52517.6,-9015.61,205.356,77.0701,-144176,3284.02,563.763,25.7632
0.146215,0,0,15.9918,1.22164,-52494.5,-9016.14,205.266,77.0721,-144185,3282.58,563.796,25.7689
0.146225,0,0,15.9918,1.2218,-52471.4,-9016.66,205.176,77.0742,-144193,3281.14,563.829,25.7745
0.146235,0,0,15.9918,1.22195,-52448.4,-9017.19,205.086,77.0762,-144201,3279.7,563.862,25.7801
0.146245,0,0,15.9918,1.22211,-52425.3,-9017.71,204.995,77.0783,-144210,3278.25,563.894,25.7858
0.146255,0,0,15.9918,1.22227,-52402.3,-9018.24,204.905,77.0803,-144218,3276.81,563.927,25.7914
0.146265,0,0,15.9918,1.22243,-52379.2,-9018.76,204.815,77.0824,-144227,3275.37,563.96,25.797
0.146275,0,0,15.9918,1.22259,-52356.1,-9019.28,204.725,77.0844,-144235,3273.93,563.993,25.8027
0.146285,0,0,15.9918,1.22275,-52333.1,-9019.81,204.635,77.0865,-144243,3272.49,564.025,25.8083
0.146295,0,0,15.9918,1.22291,-52310,-9020.33,204.544,77.0885,-144252,3271.04,564.058,25.814
0.146305,0,0,15.9918,1.22307,-52287,-9020.85,204.454,77.0905,-144260,3269.6,564.091,25.8196
0.146315,0,0,15.9918,1.22323,-52263.9,-9021.38,204.364,77.0926,-144268,3268.16,564.124,25.8252
0.146325,0,0,15.9918,1.22339,-52240.8,-9021.9,204.274,77.0946,-144277,3266.72,564.156,25.8309
0.146335,0,0,15.9918,1.22355,-52217.7,-9022.42,204.184,77.0967,-144285,3265.27,564.189,25.8365
0.146345,0,0,15.9918,1.22371,-52194.7,-9022.94,204.093,77.0987,-144293,3263.83,564.221,25.8422
0.146355,0,0,15.9918,1.22387,-52171.6,-9023.46,204.003,77.1008,-144302,3262.39,564.254,25.8478
0.146365,0,0,15.9918,1.22403,-52148.5,-9023.98,203.913,77.1028,-144310,3260.95,564.287,25.8535
0.146375,0,0,15.9918,1.22419,-52125.4,-9024.51,203.823,77.1048,-144318,3259.5,564.319,25.8591
0.146385,0,0,15.9918,1.22435,-52102.4,-9025.03,203.733,77.1069,-144327,3258.06,564.352,25.8647
0.146395,0,0,15.9918,1.22451,-52079.3,-9025.55,203.642,77.1089,-144335,3256.62,564.384,25.8704
0.146405,0,0,15.9918,1.22467,-52056.2,-9026.07,203.552,77.1109,-144344,3255.17,564.417,25.876
0.146415,0,0,15.9918,1.22483,-52033.1,-9026.59,203.462,77.113,-144352,3253.73,564.45,25.8817
0.146425,0,0,15.9918,1.22499,-52010.1,-9027.11,203.372,77.115,-144360,3252.29,564.482,25.8873
0.146435,0,0,15.9918,1.22515,-51987,-9027.63,203.281,77.1171,-144368,3250.84,564.515,25.893
0.146445,0,0,15.9918,1.22531,-51963.9,-9028.15,203.191,77.1191,-144377,3249.4,564.547,25.8986
0.146455,0,0,15.9918,1.22547,-51940.8,-9028.67,203.101,77.1211,-144385,3247.96,564.58,25.9043
0.146465,0,0,15.9918,1.22563,-51917.7,-9029.19,203.01,77.1231,-144393,3246.51,564.612,25.9099
0.146475,0,0,15.9918,1.22579,-51894.6,-9029.71,202.92,77.1252,-144402,3245.07,564.644,25.9155
0.146485,0,0,15.9918,1.22595,-51871.5,-9030.23,202.83,77.1272,-144410,3243.62,564.677,25.9212
0.146495,0,0,15.9918,1.22611,-51848.4,-9030.75,202.74,77.1292,-144418,3242.18,564.709,25.9268
0.146505,0,0,15.9918,1.22627,-51825.4,-9031.26,202.649,77.1313,-144427,3240.74,564.742,25.9325
0.146515,0,0,15.9918,1.22643,-51802.2,-9031.78,202.559,77.1333,-144435,3239.29,564.774,25.9381
0.146525,0,0,15.9918,1.22659,-51779.1,-9032.3,202.469,77.1353,-144443,3237.85,564.807,25.9438
0.146535,0,0,15.9918,1.22675,-51756.1,-9032.82,202.378,77.1373,-144451,3236.4,564.839,25.9494
0.146545,0,0,15.9918,1.22691,-51733,-9033.33,202.288,77.1394,-144460,3234.96,564.871,25.9551
0.146555,0,0,15.9918,1.22707,-51709.9,-9033.85,202.198,77.1414,-144468,3233.51,564.904,25.9607
0.146565,0,0,15.9918,1.22723,-51686.8,-9034.37,202.107,77.1434,-144476,3232.07,564.936,25.9664
0.146575,0,0,15.9918,1.22739,-51663.7,-9034.88,202.017,77.1454,-144484,3230.62,564.968,25.972
0.146585,0,0,15.9918,1.22755,-51640.6,-9035.4,201.927,77.1474,-144493,3229.18,565.001,25.9777
0.146595,0,0,15.9918,1.22771,-51617.5,-9035.92,201.836,77.1495,-144501,3227.74,565.033,25.9833
0.146605,0,0,15.9918,1.22787,-51594.3,-9036.43,201.746,77.1515,-144509,3226.29,565.065,25.989
0.146615,0,0,15.9918,1.22803,-51571.2,-9036.95,201.656,77.1535,-144517,3224.85,565.097,25.9946
0.146625,0,0,15.9918,1.22819,-51548.1,-9037.46,201.565,77.1555,-144526,3223.4,565.13,26.0003
0.146635,0,0,15.9918,1.22835,-51525,-9037.98,201.475,77.1575,-144534,3221.96,565.162,26.0059
0.146645,0,0,15.9918,1.22851,-51501.9,-9038.5,201.385,77.1595,-144542,3220.51,565.194,26.0116
0.146655,0,0,15.9918,1.22867,-51478.8,-9039.01,201.294,77.1616,-144550,3219.07,565.226,26.0172
0.146665,0,0,15.9918,1.22883,-51455.7,-9039.52,201.204,77.1636,-144559,3217.62,565.258,26.0229
0.146675,0,0,15.9918,1.22899,-51432.6,-9040.04,201.113,77.1656,-144567,3216.18,565.291,26.0285
0.146685,0,0,15.9918,1.22915,-51409.5,-9040.55,201.023,77.1676,-144575,3214.73,565.323,26.0342
0.146695,0,0,15.9918,1.22931,-51386.3,-9041.07,200.933,77.1696,-144583,3213.28,565.355,26.0398
0.146705,0,0,15.9918,1.22947,-51363.2,-9041.58,200.842,77.1716,-144592,3211.84,565.387,26.0455
0.146715,0,0,15.9918,1.22963,-51340.1,-9042.09,200.752,77.1736,-144600,3210.39,565.419,26.0512
0.146725,0,0,15.9918,1.22979,-51317,-9042.61,200.661,77.1756,-144608,3208.95,565.451,26.0568
0.146735,0,0,15.9918,1.22995,-51293.8,-9043.12,200.571,77.1776,-144616,3207.5,565.483,26.0625
0.146745,0,0,15.9918,1.23011,-51270.7,-9043.63,200.481,77.1796,-144624,3206.05,565.515,26.0681
0.146755,0,0,15.9918,1.23027,-51247.6,-9044.15,200.39,77.1816,-144633,3204.61,565.547,26.0738
0.146765,0,0,15.9918,1.23043,-51224.5,-9044.66,200.3,77.1836,-144641,3203.16,565.579,26.0794
0.146775,0,0,15.9918,1.23059,-51201.3,-9045.17,200.209,77.1856,-144649,3201.72,565.611,26.0851
0.146785,0,0,15.9918,1.23075,-51178.2,-9045.68,200.119,77.1876,-144657,3200.27,565.643,26.0907
0.146795,0,0,15.9918,1.23091,-51155.1,-9046.19,200.028,77.1896,-144665,3198.82,565.675,26.0964
0.146805,0,0,15.9918,1.23107,-51131.9,-9046.7,199.938,77.1916,-144673,3197.38,565.707,26.1021
0.146815,0,0,15.9918,1.23123,-51108.8,-9047.21,199.847,77.1936,-144682,3195.93,565.739,26.1077
0.146825,0,0,15.9918,1.23139,-51085.7,-9047.73,199.757,77.1956,-144690,3194.48,565.771,26.1134
0.146835,0,0,15.9918,1.23155,-51062.5,-9048.24,199.667,77.1976,-144698,3193.04,565.803,26.119
0.146845,0,0,15.9918,1.23171,-51039.4,-9048.75,199.576,77.1996,-144706,3191.59,565.835,26.1247
0.146855,0,0,15.9918,1.23187,-51016.3,-9049.26,199.486,77.2016,-144714,3190.14,565.867,26.1303
0.146865,0,0,15.9918,1.23203,-50993.1,-9049.77,199.395,77.2036,-144722,3188.7,565.899,26.136
0.146875,0,0,15.9918,1.23219,-50970,-9050.28,199.305,77.2056,-144731,3187.25,565.931,26.1417
0.146885,0,0,15.9918,1.23235,-50946.9,-9050.79,199.214,77.2076,-144739,3185.8,565.963,26.1473
0.146895,0,0,15.9918,1.23251,-50923.7,-9051.3,199.124,77.2096,-144747,3184.35,565.995,26.153
0.146905,0,0,15.9918,1.23267,-50900.5,-9051.81,199.033,77.2116,-144755,3182.91,566.026,26.1586
0.146915,0,0,15.9918,1.23283,-50877.4,-9052.31,198.943,77.2136,-144763,3181.46,566.058,26.1643
0.146925,0,0,15.9918,1.23299,-50854.3,-9052.82,198.852,77.2156,-144771,3180.01,566.09,26.17
0.146935,0,0,15.9918,1.23315,-50831.1,-9053.33,198.762,77.2176,-144779,3178.56,566.122,26.1756
0.146945,0,0,15.9918,1.23331,-50808,-9053.84,198.671,77.2196,-144788,3177.12,566.154,26.1813
0.146955,0,0,15.9918,1.23347,-50784.8,-9054.35,198.581,77.2215,-144796,3175.67,566.185,26.1869
0.146965,0,0,15.9918,1.23363,-50761.7,-9054.85,198.49,77.2235,-144804,3174.22,566.217,26.1926
0.146975,0,0,15.9918,1.23379,-50738.5,-9055.36,198.4,77.2255,-144812,3172.77,566.249,26.1983
0.146985,0,0,15.9918,1.23395,-50715.3,-9055.87,198.309,77.2275,-144820,3171.33,566.28,26.2039
0.146995,0,0,15.9918,1.23411,-50692.2,-9056.38,198.218,77.2295,-144828,3169.88,566.312,26.2096
0.147005,0,0,15.9918,1.23427,-50669,-9056.88,198.128,77.2315,-144836,3168.43,566.344,26.2153
0.147015,0,0,15.9918,1.23443,-50645.9,-9057.39,198.037,77.2334,-144844,3166.98,566.376,26.2209
0.147025,0,0,15.9918,1.23459,-50622.7,-9057.9,197.947,77.2354,-144852,3165.53,566.407,26.2266
0.147035,0,0,15.9918,1.23475,-50599.6,-9058.4,197.856,77.2374,-144861,3164.08,566.439,26.2323
0.147045,0,0,15.9918,1.23491,-50576.4,-9058.91,197.766,77.2394,-144869,3162.64,566.47,26.2379
0.147055,0,0,15.9918,1.23507,-50553.2,-9059.41,197.675,77.2413,-144877,3161.19,566.502,26.2436
0.147065,0,0,15.9918,1.23523,-50530.1,-9059.92,197.584,77.2433,-144885,3159.74,566.534,26.2493
0.147075,0,0,15.9918,1.23539,-50506.9,-9060.42,197.494,77.2453,-144893,3158.29,566.565,26.2549
0.147085,0,0,15.9918,1.23555,-50483.7,-9060.93,197.403,77.2473,-144901,3156.84,566.597,26.2606
0.147095,0,0,15.9918,1.23571,-50460.6,-9061.43,197.313,77.2493,-144909,3155.39,566.628,26.2662
0.147105,0,0,15.9918,1.23587,-50437.4,-9061.94,197.222,77.2512,-144917,3153.94,566.66,26.2719
0.147115,0,0,15.9918,1.23603,-50414.2,-9062.44,197.131,77.2532,-144925,3152.49,566.691,26.2776
0.147125,0,0,15.9918,1.23619,-50391,-9062.95,197.041,77.2552,-144933,3151.05,566.723,26.2832
0.147135,0,0,15.9918,1.23635,-50367.8,-9063.45,196.95,77.2571,-144941,3149.6,566.754,26.2889
0.147145,0,0,15.9918,1.23651,-50344.7,-9063.95,196.86,77.2591,-144949,3148.15,566.786,26.2946
0.147155,0,0,15.9918,1.23667,-50321.5,-9064.46,196.769,77.2611,-144957,3146.7,566.817,26.3003
0.147165,0,0,15.9918,1.23683,-50298.3,-9064.96,196.678,77.263,-144965,3145.25,566.849,26.3059
0.147175,0,0,15.9918,1.23699,-50275.1,-9065.46,196.588,77.265,-144973,3143.8,566.88,26.3116
0.147185,0,0,15.9918,1.23715,-50252,-9065.96,196.497,77.267,-144981,3142.35,566.912,26.3173
0.147195,0,0,15.9918,1.23731,-50228.8,-9066.47,196.406,77.2689,-144990,3140.9,566.943,26.3229
0.147205,0,0,15.9918,1.23747,-50205.6,-9066.97,196.316,77.2709,-144998,3139.45,566.975,26.3286
0.147215,0,0,15.9918,1.23762,-50182.4,-9067.47,196.225,77.2729,-145006,3138,567.006,26.3343
0.147225,0,0,15.9918,1.23778,-50159.2,-9067.97,196.134,77.2748,-145014,3136.55,567.037,26.3399
0.147235,0,0,15.9918,1.23794,-50136,-9068.47,196.044,77.2768,-145022,3135.1,567.069,26.3456
0.147245,0,0,15.9918,1.2381,-50112.8,-9068.97,195.953,77.2787,-145030,3133.65,567.1,26.3513
0.147255,0,0,15.9918,1.23826,-50089.6,-9069.48,195.862,77.2807,-145038,3132.2,567.131,26.3569
0.147265,0,0,15.9918,1.23842,-50066.5,-9069.98,195.772,77.2827,-145046,3130.75,567.163,26.3626
0.147275,0,0,15.9918,1.23858,-50043.3,-9070.48,195.681,77.2846,-145054,3129.3,567.194,26.3683
0.147285,0,0,15.9918,1.23874,-50020.1,-9070.98,195.59,77.2866,-145062,3127.85,567.225,26.374
0.147295,0,0,15.9918,1.2389,-49996.9,-9071.48,195.5,77.2885,-145070,3126.4,567.256,26.3796
0.147305,0,0,15.9918,1.23906,-49973.7,-9071.98,195.409,77.2905,-145078,3124.95,567.288,26.3853
0.147315,0,0,15.9918,1.23922,-49950.5,-9072.48,195.318,77.2924,-145086,3123.5,567.319,26.391
0.147325,0,0,15.9918,1.23938,-49927.3,-9072.98,195.227,77.2944,-145094,3122.05,567.35,26.3967
0.147335,0,0,15.9918,1.23954,-49904.1,-9073.47,195.137,77.2963,-145102,3120.6,567.381,26.4023
0.147345,0,0,15.9918,1.2397,-49880.9,-9073.97,195.046,77.2983,-145110,3119.15,567.413,26.408
0.147355,0,0,15.9918,1.23986,-49857.7,-9074.47,194.955,77.3002,-145118,3117.69,567.444,26.4137
0.147365,0,0,15.9918,1.24002,-49834.5,-9074.97,194.865,77.3022,-145126,3116.24,567.475,26.4194
0.147375,0,0,15.9918,1.24018,-49811.3,-9075.47,194.774,77.3041,-145133,3114.79,567.506,26.425
0.147385,0,0,15.9918,1.24034,-49788.1,-9075.97,194.683,77.3061,-145141,3113.34,567.537,26.4307
0.147395,0,0,15.9918,1.2405,-49764.8,-9076.46,194.592,77.308,-145149,3111.89,567.568,26.4364
0.147405,0,0,15.9918,1.24066,-49741.6,-9076.96,194.502,77.31,-145157,3110.44,567.599,26.4421
0.147415,0,0,15.9918,1.24082,-49718.4,-9077.46,194.411,77.3119,-145165,3108.99,567.631,26.4477
0.147425,0,0,15.9918,1.24098,-49695.2,-9077.96,194.32,77.3139,-145173,3107.53,567.662,26.4534
0.147435,0,0,15.9918,1.24114,-49672,-9078.45,194.229,77.3158,-145181,3106.08,567.693,26.4591
0.147445,0,0,15.9918,1.2413,-49648.8,-9078.95,194.138,77.3178,-145189,3104.63,567.724,26.4648
0.147455,0,0,15.9918,1.24146,-49625.6,-9079.45,194.048,77.3197,-145197,3103.18,567.755,26.4704
0.147465,0,0,15.9918,1.24162,-49602.4,-9079.94,193.957,77.3216,-145205,3101.73,567.786,26.4761
0.147475,0,0,15.9918,1.24178,-49579.1,-9080.44,193.866,77.3236,-145213,3100.28,567.817,26.4818
0.147485,0,0,15.9918,1.24194,-49555.9,-9080.93,193.775,77.3255,-145221,3098.82,567.848,26.4875
0.147495,0,0,15.9918,1.2421,-49532.7,-9081.43,193.684,77.3274,-145229,3097.37,567.879,26.4931
0.147505,0,0,15.9918,1.24226,-49509.5,-9081.92,193.594,77.3294,-145237,3095.92,567.91,26.4988
0.147515,0,0,15.9918,1.24242,-49486.2,-9082.42,193.503,77.3313,-145245,3094.47,567.941,26.5045
0.147525,0,0,15.9918,1.24258,-49463,-9082.91,193.412,77.3333,-145253,3093.02,567.972,26.5102
0.147535,0,0,15.9918,1.24274,-49439.8,-9083.41,193.321,77.3352,-145260,3091.56,568.003,26.5159
0.147545,0,0,15.9918,1.2429,-49416.6,-9083.9,193.23,77.3371,-145268,3090.11,568.033,26.5215
0.147555,0,0,15.9918,1.24306,-49393.3,-9084.4,193.14,77.3391,-145276,3088.66,568.064,26.5272
0.147565,0,0,15.9918,1.24322,-49370.1,-9084.89,193.049,77.341,-145284,3087.21,568.095,26.5329
0.147575,0,0,15.9918,1.24338,-49346.9,-9085.38,192.958,77.3429,-145292,3085.75,568.126,26.5386
0.147585,0,0,15.9918,1.24354,-49323.6,-9085.88,192.867,77.3448,-145300,3084.3,568.157,26.5443
0.147595,0,0,15.9918,1.2437,-49300.4,-9086.37,192.776,77.3468,-145308,3082.85,568.188,26.55
0.147605,0,0,15.9918,1.24386,-49277.2,-9086.86,192.685,77.3487,-145316,3081.39,568.219,26.5556
0.147615,0,0,15.9918,1.24402,-49254,-9087.36,192.595,77.3506,-145324,3079.94,568.249,26.5613
0.147625,0,0,15.9918,1.24418,-49230.7,-9087.85,192.504,77.3525,-145331,3078.49,568.28,26.567
0.147635,0,0,15.9918,1.24434,-49207.5,-9088.34,192.413,77.3545,-145339,3077.03,568.311,26.5727
0.147645,0,0,15.9918,1.2445,-49184.2,-9088.83,192.322,77.3564,-145347,3075.58,568.342,26.5784
0.147655,0,0,15.9918,1.24466,-49161,-9089.32,192.231,77.3583,-145355,3074.13,568.372,26.5841
0.147665,0,0,15.9918,1.24482,-49137.7,-9089.82,192.14,77.3602,-145363,3072.67,568.403,26.5897
0.147675,0,0,15.9918,1.24498,-49114.5,-9090.31,192.049,77.3622,-145371,3071.22,568.434,26.5954
0.147685,0,0,15.9918,1.24514,-49091.3,-9090.8,191.958,77.3641,-145379,3069.77,568.465,26.6011
0.147695,0,0,15.9918,1.2453,-49068,-9091.29,191.867,77.366,-145386,3068.31,568.495,26.6068
0.147705,0,0,15.9918,1.24546,-49044.8,-9091.78,191.777,77.3679,-145394,3066.86,568.526,26.6125
0.147715,0,0,15.9918,1.24562,-49021.5,-9092.27,191.686,77.3698,-145402,3065.41,568.557,26.6182
0.147725,0,0,15.9918,1.24578,-48998.3,-9092.76,191.595,77.3717,-145410,3063.95,568.587,26.6238
0.147735,0,0,15.9918,1.24594,-48975,-9093.25,191.504,77.3737,-145418,3062.5,568.618,26.6295
0.147745,0,0,15.9918,1.2461,-48951.8,-9093.74,191.413,77.3756,-145426,3061.05,568.648,26.6352
0.147755,0,0,15.9918,1.24626,-48928.5,-9094.23,191.322,77.3775,-145433,3059.59,568.679,26.6409
0.147765,0,0,15.9918,1.24642,-48905.3,-9094.72,191.231,77.3794,-145441,3058.14,568.71,26.6466
0.147775,0,0,15.9918,1.24658,-48882,-9095.21,191.14,77.3813,-145449,3056.68,568.74,26.6523
0.147785,0,0,15.9918,1.24674,-48858.7,-9095.69,191.049,77.3832,-145457,3055.23,568.771,26.658
0.147795,0,0,15.9918,1.2469,-48835.5,-9096.18,190.958,77.3851,-145465,3053.77,568.801,26.6637
0.147805,0,0,15.9918,1.24706,-48812.2,-9096.67,190.867,77.387,-145473,3052.32,568.832,26.6693
0.147815,0,0,15.9918,1.24722,-48789,-9097.16,190.776,77.389,-145480,3050.87,568.862,26.675
0.147825,0,0,15.9918,1.24738,-48765.7,-9097.65,190.685,77.3909,-145488,3049.41,568.893,26.6807
0.147835,0,0,15.9918,1.24754,-48742.4,-9098.13,190.594,77.3928,-145496,3047.96,568.923,26.6864
0.147845,0,0,15.9918,1.2477,-48719.2,-9098.62,190.503,77.3947,-145504,3046.5,568.954,26.6921
0.147855,0,0,15.9918,1.24786,-48695.9,-9099.11,190.412,77.3966,-145512,3045.05,568.984,26.6978
0.147865,0,0,15.9918,1.24802,-48672.6,-9099.59,190.321,77.3985,-145519,3043.59,569.015,26.7035
0.147875,0,0,15.9918,1.24818,-48649.4,-9100.08,190.23,77.4004,-145527,3042.14,569.045,26.7092
0.147885,0,0,15.9918,1.24834,-48626.1,-9100.57,190.139,77.4023,-145535,3040.68,569.076,26.7149
0.147895,0,0,15.9918,1.2485,-48602.8,-9101.05,190.048,77.4042,-145543,3039.23,569.106,26.7205
0.147905,0,0,15.9918,1.24866,-48579.5,-9101.54,189.957,77.4061,-145550,3037.77,569.136,26.7262
0.147915,0,0,15.9918,1.24882,-48556.3,-9102.03,189.866,77.408,-145558,3036.31,569.167,26.7319
0.147925,0,0,15.9918,1.24898,-48533,-9102.51,189.775,77.4099,-145566,3034.86,569.197,26.7376
0.147935,0,0,15.9918,1.24914,-48509.7,-9103,189.684,77.4118,-145574,3033.4,569.227,26.7433
0.147945,0,0,15.9918,1.2493,-48486.4,-9103.48,189.593,77.4137,-145581,3031.95,569.258,26.749
0.147955,0,0,15.9918,1.24946,-48463.2,-9103.97,189.502,77.4156,-145589,3030.49,569.288,26.7547
0.147965,0,0,15.9918,1.24962,-48439.9,-9104.45,189.411,77.4175,-145597,3029.04,569.318,26.7604
0.147975,0,0,15.9918,1.24978,-48416.6,-9104.93,189.32,77.4194,-145605,3027.58,569.349,26.7661
0.147985,0,0,15.9918,1.24994,-48393.3,-9105.42,189.229,77.4213,-145612,3026.12,569.379,26.7718
0.147995,0,0,15.9918,1.2501,-48370.1,-9105.9,189.138,77.4231,-145620,3024.67,569.409,26.7775
0.148005,0,0,15.9918,1.25026,-48346.8,-9106.38,189.047,77.425,-145628,3023.21,569.439,26.7832
0.148015,0,0,15.9918,1.25042,-48323.5,-9106.87,188.956,77.4269,-145636,3021.76,569.47,26.7889
0.148025,0,0,15.9918,1.25058,-48300.2,-9107.35,188.865,77.4288,-145643,3020.3,569.5,26.7946
0.148035,0,0,15.9918,1.25074,-48276.9,-9107.83,188.774,77.4307,-145651,3018.84,569.53,26.8003
0.148045,0,0,15.9918,1.2509,-48253.6,-9108.32,188.683,77.4326,-145659,3017.39,569.56,26.8059
0.148055,0,0,15.9918,1.25106,-48230.3,-9108.8,188.592,77.4345,-145666,3015.93,569.59,26.8116
0.148065,0,0,15.9918,1.25122,-48207,-9109.28,188.501,77.4364,-145674,3014.48,569.62,26.8173
0.148075,0,0,15.9918,1.25138,-48183.7,-9109.76,188.41,77.4382,-145682,3013.02,569.651,26.823
0.148085,0,0,15.9918,1.25154,-48160.4,-9110.24,188.319,77.4401,-145690,3011.56,569.681,26.8287
0.148095,0,0,15.9918,1.2517,-48137.1,-9110.73,188.228,77.442,-145697,3010.11,569.711,26.8344
0.148105,0,0,15.9918,1.25186,-48113.8,-9111.21,188.136,77.4439,-145705,3008.65,569.741,26.8401
0.148115,0,0,15.9918,1.25202,-48090.6,-9111.69,188.045,77.4458,-145713,3007.19,569.771,26.8458
0.148125,0,0,15.9918,1.25218,-48067.2,-9112.17,187.954,77.4477,-145720,3005.73,569.801,26.8515
0.148135,0,0,15.9918,1.25234,-48043.9,-9112.65,187.863,77.4495,-145728,3004.28,569.831,26.8572
0.148145,0,0,15.9918,1.2525,-48020.6,-9113.13,187.772,77.4514,-145736,3002.82,569.861,26.8629
0.148155,0,0,15.9918,1.25266,-47997.3,-9113.61,187.681,77.4533,-145743,3001.36,569.891,26.8686
0.148165,0,0,15.9918,1.25282,-47974,-9114.09,187.59,77.4552,-145751,2999.91,569.921,26.8743
0.148175,0,0,15.9918,1.25297,-47950.7,-9114.57,187.499,77.457,-145759,2998.45,569.951,26.88
0.148185,0,0,15.9918,1.25313,-47927.4,-9115.05,187.407,77.4589,-145766,2996.99,569.981,26.8857
0.148195,0,0,15.9918,1.25329,-47904.1,-9115.53,187.316,77.4608,-145774,2995.53,570.011,26.8914
0.148205,0,0,15.9918,1.25345,-47880.8,-9116.01,187.225,77.4627,-145782,2994.08,570.041,26.8971
0.148215,0,0,15.9918,1.25361,-47857.5,-9116.49,187.134,77.4645,-145789,2992.62,570.071,26.9028
0.148225,0,0,15.9918,1.25377,-47834.2,-9116.96,187.043,77.4664,-145797,2991.16,570.101,26.9085
0.148235,0,0,15.9918,1.25393,-47810.9,-9117.44,186.952,77.4683,-145805,2989.7,570.131,26.9142
0.148245,0,0,15.9918,1.25409,-47787.5,-9117.92,186.861,77.4701,-145812,2988.24,570.161,26.9199
0.148255,0,0,15.9918,1.25425,-47764.2,-9118.4,186.769,77.472,-145820,2986.79,570.19,26.9256
0.148265,0,0,15.9918,1.25441,-47740.9,-9118.88,186.678,77.4739,-145828,2985.33,570.22,26.9313
0.148275,0,0,15.9918,1.25457,-47717.6,-9119.35,186.587,77.4758,-145835,2983.87,570.25,26.937
0.148285,0,0,15.9918,1.25473,-47694.3,-9119.83,186.496,77.4776,-145843,2982.41,570.28,26.9427
0.148295,0,0,15.9918,1.25489,-47671,-9120.31,186.405,77.4795,-145850,2980.95,570.31,26.9484
0.148305,0,0,15.9918,1.25505,-47647.6,-9120.78,186.313,77.4813,-145858,2979.5,570.34,26.9541
0.148315,0,0,15.9918,1.25521,-47624.3,-9121.26,186.222,77.4832,-145866,2978.04,570.369,26.9598
0.148325,0,0,15.9918,1.25537,-47601,-9121.73,186.131,77.4851,-145873,2976.58,570.399,26.9655
0.148335,0,0,15.9918,1.25553,-47577.7,-9122.21,186.04,77.4869,-145881,2975.12,570.429,26.9712
0.148345,0,0,15.9918,1.25569,-47554.3,-9122.69,185.949,77.4888,-145889,2973.66,570.459,26.977
0.148355,0,0,15.9918,1.25585,-47531,-9123.16,185.857,77.4907,-145896,2972.2,570.488,26.9827
0.148365,0,0,15.9918,1.25601,-47507.7,-9123.64,185.766,77.4925,-145904,2970.74,570.518,26.9884
0.148375,0,0,15.9918,1.25617,-47484.4,-9124.11,185.675,77.4944,-145911,2969.29,570.548,26.9941
0.148385,0,0,15.9918,1.25633,-47461,-9124.59,185.584,77.4962,-145919,2967.83,570.578,26.9998
0.148395,0,0,15.9918,1.25649,-47437.7,-9125.06,185.492,77.4981,-145927,2966.37,570.607,27.0055
0.148405,0,0,15.9918,1.25665,-47414.4,-9125.53,185.401,77.4999,-145934,2964.91,570.637,27.0112
0.148415,0,0,15.9918,1.25681,-47391,-9126.01,185.31,77.5018,-145942,2963.45,570.666,27.0169
0.148425,0,0,15.9918,1.25697,-47367.7,-9126.48,185.219,77.5036,-145949,2961.99,570.696,27.0226
0.148435,0,0,15.9918,1.25713,-47344.4,-9126.96,185.128,77.5055,-145957,2960.53,570.726,27.0283
0.148445,0,0,15.9918,1.25729,-47321,-9127.43,185.036,77.5073,-145964,2959.07,570.755,27.034
0.148455,0,0,15.9918,1.25745,-47297.7,-9127.9,184.945,77.5092,-145972,2957.61,570.785,27.0397
0.148465,0,0,15.9918,1.25761,-47274.3,-9128.38,184.854,77.511,-145980,2956.15,570.814,27.0454
0.148475,0,0,15.9918,1.25777,-47251,-9128.85,184.762,77.5129,-145987,2954.69,570.844,27.0511
0.148485,0,0,15.9918,1.25793,-47227.6,-9129.32,184.671,77.5147,-145995,2953.23,570.873,27.0568
0.148495,0,0,15.9918,1.25809,-47204.3,-9129.79,184.58,77.5166,-146002,2951.77,570.903,27.0626
0.148505,0,0,15.9918,1.25825,-47180.9,-9130.26,184.489,77.5184,-146010,2950.31,570.933,27.0683
0.148515,0,0,15.9918,1.25841,-47157.6,-9130.74,184.397,77.5203,-146017,2948.85,570.962,27.074
0.148525,0,0,15.9918,1.25857,-47134.3,-9131.21,184.306,77.5221,-146025,2947.39,570.991,27.0797
0.148535,0,0,15.9918,1.25873,-47110.9,-9131.68,184.215,77.524,-146032,2945.93,571.021,27.0854
0.148545,0,0,15.9918,1.25889,-47087.6,-9132.15,184.123,77.5258,-146040,2944.47,571.05,27.0911
0.148555,0,0,15.9918,1.25905,-47064.2,-9132.62,184.032,77.5276,-146047,2943.01,571.08,27.0968
0.148565,0,0,15.9918,1.25921,-47040.8,-9133.09,183.941,77.5295,-146055,2941.55,571.109,27.1025
0.148575,0,0,15.9918,1.25937,-47017.5,-9133.56,183.849,77.5313,-146062,2940.09,571.139,27.1082
0.148585,0,0,15.9918,1.25953,-46994.1,-9134.03,183.758,77.5332,-146070,2938.63,571.168,27.1139
0.148595,0,0,15.9918,1.25969,-46970.8,-9134.5,183.667,77.535,-146078,2937.17,571.197,27.1197
0.148605,0,0,15.9918,1.25985,-46947.4,-9134.97,183.575,77.5368,-146085,2935.71,571.227,27.1254
0.148615,0,0,15.9918,1.26001,-46924.1,-9135.44,183.484,77.5387,-146093,2934.25,571.256,27.1311
0.148625,0,0,15.9918,1.26017,-46900.7,-9135.91,183.393,77.5405,-146100,2932.79,571.285,27.1368
0.148635,0,0,15.9918,1.26033,-46877.3,-9136.38,183.301,77.5423,-146108,2931.33,571.315,27.1425
0.148645,0,0,15.9918,1.26049,-46854,-9136.84,183.21,77.5442,-146115,2929.87,571.344,27.1482
0.148655,0,0,15.9918,1.26065,-46830.6,-9137.31,183.119,77.546,-146123,2928.41,571.373,27.1539
0.148665,0,0,15.9918,1.26081,-46807.2,-9137.78,183.027,77.5478,-146130,2926.95,571.403,27.1596
0.148675,0,0,15.9918,1.26097,-46783.9,-9138.25,182.936,77.5497,-146137,2925.48,571.432,27.1654
0.148685,0,0,15.9918,1.26113,-46760.5,-9138.72,182.845,77.5515,-146145,2924.02,571.461,27.1711
0.148695,0,0,15.9918,1.26129,-46737.1,-9139.18,182.753,77.5533,-146152,2922.56,571.49,27.1768
0.148705,0,0,15.9918,1.26145,-46713.8,-9139.65,182.662,77.5551,-146160,2921.1,571.52,27.1825
0.148715,0,0,15.9918,1.26161,-46690.4,-9140.12,182.57,77.557,-146167,2919.64,571.549,27.1882
0.148725,0,0,15.9918,1.26177,-46667,-9140.59,182.479,77.5588,-146175,2918.18,571.578,27.1939
0.148735,0,0,15.9918,1.26193,-46643.7,-9141.05,182.388,77.5606,-146182,2916.72,571.607,27.1997
0.148745,0,0,15.9918,1.26209,-46620.3,-9141.52,182.296,77.5624,-146190,2915.25,571.636,27.2054
0.148755,0,0,15.9918,1.26225,-46596.9,-9141.98,182.205,77.5643,-146197,2913.79,571.665,27.2111
0.148765,0,0,15.9918,1.26241,-46573.5,-9142.45,182.113,77.5661,-146205,2912.33,571.695,27.2168
0.148775,0,0,15.9918,1.26257,-46550.1,-9142.92,182.022,77.5679,-146212,2910.87,571.724,27.2225
0.148785,0,0,15.9918,1.26273,-46526.8,-9143.38,181.931,77.5697,-146220,2909.41,571.753,27.2282
0.148795,0,0,15.9918,1.26289,-46503.4,-9143.85,181.839,77.5715,-146227,2907.94,571.782,27.234
0.148805,0,0,15.9918,1.26305,-46480,-9144.31,181.748,77.5734,-146234,2906.48,571.811,27.2397
0.148815,0,0,15.9918,1.26321,-46456.6,-9144.78,181.656,77.5752,-146242,2905.02,571.84,27.2454
0.148825,0,0,15.9918,1.26337,-46433.2,-9145.24,181.565,77.577,-146249,2903.56,571.869,27.2511
0.148835,0,0,15.9918,1.26353,-46409.9,-9145.7,181.473,77.5788,-146257,2902.1,571.898,27.2568
0.148845,0,0,15.9918,1.26369,-46386.5,-9146.17,181.382,77.5806,-146264,2900.63,571.927,27.2625
0.148855,0,0,15.9918,1.26385,-46363.1,-9146.63,181.291,77.5824,-146272,2899.17,571.956,27.2683
0.148865,0,0,15.9918,1.26401,-46339.7,-9147.1,181.199,77.5843,-146279,2897.71,571.985,27.274
0.148875,0,0,15.9918,1.26417,-46316.3,-9147.56,181.108,77.5861,-146286,2896.25,572.014,27.2797
0.148885,0,0,15.9918,1.26433,-46292.9,-9148.02,181.016,77.5879,-146294,2894.78,572.043,27.2854
0.148895,0,0,15.9918,1.26449,-46269.5,-9148.48,180.925,77.5897,-146301,2893.32,572.072,27.2911
0.148905,0,0,15.9918,1.26465,-46246.1,-9148.95,180.833,77.5915,-146309,2891.86,572.101,27.2969
0.148915,0,0,15.9918,1.26481,-46222.7,-9149.41,180.742,77.5933,-146316,2890.39,572.13,27.3026
0.148925,0,0,15.9918,1.26497,-46199.3,-9149.87,180.65,77.5951,-146323,2888.93,572.159,27.3083
0.148935,0,0,15.9918,1.26513,-46175.9,-9150.33,180.559,77.5969,-146331,2887.47,572.188,27.314
0.148945,0,0,15.9918,1.26529,-46152.5,-9150.79,180.467,77.5987,-146338,2886,572.216,27.3198
0.148955,0,0,15.9918,1.26545,-46129.1,-9151.26,180.376,77.6005,-146345,2884.54,572.245,27.3255
0.148965,0,0,15.9918,1.26561,-46105.7,-9151.72,180.284,77.6023,-146353,2883.08,572.274,27.3312
0.148975,0,0,15.9918,1.26577,-46082.3,-9152.18,180.193,77.6041,-146360,2881.61,572.303,27.3369
0.148985,0,0,15.9918,1.26593,-46058.9,-9152.64,180.101,77.6059,-146368,2880.15,572.332,27.3426
0.148995,0,0,15.9918,1.26609,-46035.5,-9153.1,180.01,77.6077,-146375,2878.69,572.36,27.3484
0.149005,0,0,15.9918,1.26625,-46012.1,-9153.56,179.918,77.6095,-146382,2877.22,572.389,27.3541
0.149015,0,0,15.9918,1.26641,-45988.7,-9154.02,179.827,77.6113,-146390,2875.76,572.418,27.3598
0.149025,0,0,15.9918,1.26657,-45965.3,-9154.48,179.735,77.6131,-146397,2874.3,572.447,27.3655
0.149035,0,0,15.9918,1.26673,-45941.9,-9154.94,179.644,77.6149,-146404,2872.83,572.475,27.3713
0.149045,0,0,15.9918,1.26689,-45918.5,-9155.4,179.552,77.6167,-146412,2871.37,572.504,27.377
0.149055,0,0,15.9918,1.26705,-45895.1,-9155.86,179.461,77.6185,-146419,2869.91,572.533,27.3827
0.149065,0,0,15.9918,1.26721,-45871.7,-9156.32,179.369,77.6203,-146426,2868.44,572.562,27.3884
0.149075,0,0,15.9918,1.26737,-45848.2,-9156.77,179.277,77.6221,-146434,2866.98,572.59,27.3942
0.149085,0,0,15.9918,1.26753,-45824.8,-9157.23,179.186,77.6239,-146441,2865.51,572.619,27.3999
0.149095,0,0,15.9918,1.26769,-45801.4,-9157.69,179.094,77.6257,-146448,2864.05,572.648,27.4056
0.149105,0,0,15.9918,1.26785,-45778,-9158.15,179.003,77.6275,-146456,2862.58,572.676,27.4113
0.149115,0,0,15.9918,1.26801,-45754.6,-9158.61,178.911,77.6293,-146463,2861.12,572.705,27.4171
0.149125,0,0,15.9918,1.26817,-45731.2,-9159.06,178.82,77.6311,-146470,2859.65,572.733,27.4228
0.149135,0,0,15.9918,1.26833,-45707.8,-9159.52,178.728,77.6328,-146478,2858.19,572.762,27.4285
0.149145,0,0,15.9918,1.26849,-45684.3,-9159.98,178.636,77.6346,-146485,2856.73,572.791,27.4343
0.149155,0,0,15.9918,1.26865,-45660.9,-9160.43,178.545,77.6364,-146492,2855.26,572.819,27.44
0.149165,0,0,15.9918,1.2688,-45637.5,-9160.89,178.453,77.6382,-146500,2853.8,572.848,27.4457
0.149175,0,0,15.9918,1.26896,-45614.1,-9161.35,178.362,77.64,-146507,2852.33,572.876,27.4514
0.149185,0,0,15.9918,1.26912,-45590.6,-9161.8,178.27,77.6418,-146514,2850.87,572.905,27.4572
0.149195,0,0,15.9918,1.26928,-45567.2,-9162.26,178.179,77.6436,-146521,2849.4,572.933,27.4629
0.149205,0,0,15.9918,1.26944,-45543.8,-9162.71,178.087,77.6453,-146529,2847.94,572.962,27.4686
0.149215,0,0,15.9918,1.2696,-45520.3,-9163.17,177.995,77.6471,-146536,2846.47,572.99,27.4744
0.149225,0,0,15.9918,1.26976,-45496.9,-9163.62,177.904,77.6489,-146543,2845.01,573.019,27.4801
0.149235,0,0,15.9918,1.26992,-45473.5,-9164.08,177.812,77.6507,-146551,2843.54,573.047,27.4858
0.149245,0,0,15.9918,1.27008,-45450,-9164.53,177.72,77.6524,-146558,2842.08,573.075,27.4915
0.149255,0,0,15.9918,1.27024,-45426.6,-9164.99,177.629,77.6542,-146565,2840.61,573.104,27.4973
0.149265,0,0,15.9918,1.2704,-45403.2,-9165.44,177.537,77.656,-146572,2839.15,573.132,27.503
0.149275,0,0,15.9918,1.27056,-45379.7,-9165.9,177.445,77.6578,-146580,2837.68,573.161,27.5087
0.149285,0,0,15.9918,1.27072,-45356.3,-9166.35,177.354,77.6596,-146587,2836.21,573.189,27.5145
0.149295,0,0,15.9918,1.27088,-45332.8,-9166.8,177.262,77.6613,-146594,2834.75,573.217,27.5202
0.149305,0,0,15.9918,1.27104,-45309.4,-9167.26,177.17,77.6631,-146601,2833.28,573.246,27.5259
0.149315,0,0,15.9918,1.2712,-45286,-9167.71,177.079,77.6649,-146609,2831.82,573.274,27.5317
0.149325,0,0,15.9918,1.27136,-45262.5,-9168.16,176.987,77.6666,-146616,2830.35,573.302,27.5374
0.149335,0,0,15.9918,1.27152,-45239.1,-9168.61,176.895,77.6684,-146623,2828.89,573.331,27.5431
0.149345,0,0,15.9918,1.27168,-45215.7,-9169.07,176.804,77.6702,-146630,2827.42,573.359,27.5489
0.149355,0,0,15.9918,1.27184,-45192.2,-9169.52,176.712,77.6719,-146638,2825.95,573.387,27.5546
0.149365,0,0,15.9918,1.272,-45168.8,-9169.97,176.62,77.6737,-146645,2824.49,573.415,27.5603
0.149375,0,0,15.9918,1.27216,-45145.3,-9170.42,176.529,77.6755,-146652,2823.02,573.444,27.5661
0.149385,0,0,15.9918,1.27232,-45121.8,-9170.87,176.437,77.6772,-146659,2821.55,573.472,27.5718
0.149395,0,0,15.9918,1.27248,-45098.4,-9171.32,176.345,77.679,-146666,2820.09,573.5,27.5775
0.149405,0,0,15.9918,1.27264,-45074.9,-9171.77,176.254,77.6808,-146674,2818.62,573.528,27.5833
0.149415,0,0,15.9918,1.2728,-45051.5,-9172.22,176.162,77.6825,-146681,2817.15,573.556,27.589
0.149425,0,0,15.9918,1.27296,-45028,-9172.68,176.07,77.6843,-146688,2815.69,573.585,27.5947
0.149435,0,0,15.9918,1.27312,-45004.6,-9173.12,175.979,77.6861,-146695,2814.22,573.613,27.6005
0.149445,0,0,15.9918,1.27328,-44981.1,-9173.58,175.887,77.6878,-146702,2812.75,573.641,27.6062
0.149455,0,0,15.9918,1.27344,-44957.7,-9174.02,175.795,77.6896,-146710,2811.29,573.669,27.612
0.149465,0,0,15.9918,1.2736,-44934.2,-9174.47,175.703,77.6913,-146717,2809.82,573.697,27.6177
0.149475,0,0,15.9918,1.27376,-44910.7,-9174.92,175.612,77.6931,-146724,2808.35,573.725,27.6234
0.149485,0,0,15.9918,1.27392,-44887.3,-9175.37,175.52,77.6948,-146731,2806.89,573.753,27.6292
0.149495,0,0,15.9918,1.27408,-44863.8,-9175.82,175.428,77.6966,-146738,2805.42,573.781,27.6349
0.149505,0,0,15.9918,1.27424,-44840.4,-9176.27,175.336,77.6983,-146745,2803.95,573.809,27.6406
0.149515,0,0,15.9918,1.2744,-44816.9,-9176.72,175.245,77.7001,-146753,2802.49,573.837,27.6464
0.149525,0,0,15.9918,1.27456,-44793.4,-9177.17,175.153,77.7019,-146760,2801.02,573.865,27.6521
0.149535,0,0,15.9918,1.27472,-44770,-9177.61,175.061,77.7036,-146767,2799.55,573.893,27.6579
0.149545,0,0,15.9918,1.27488,-44746.5,-9178.06,174.969,77.7054,-146774,2798.08,573.921,27.6636
0.149555,0,0,15.9918,1.27504,-44723,-9178.51,174.878,77.7071,-146781,2796.61,573.949,27.6693
0.149565,0,0,15.9918,1.2752,-44699.5,-9178.96,174.786,77.7088,-146788,2795.15,573.977,27.6751
0.149575,0,0,15.9918,1.27536,-44676.1,-9179.4,174.694,77.7106,-146796,2793.68,574.005,27.6808
0.149585,0,0,15.9918,1.27552,-44652.6,-9179.85,174.602,77.7123,-146803,2792.21,574.033,27.6866
0.149595,0,0,15.9918,1.27568,-44629.1,-9180.3,174.51,77.7141,-146810,2790.74,574.061,27.6923
0.149605,0,0,15.9918,1.27584,-44605.7,-9180.74,174.419,77.7158,-146817,2789.28,574.089,27.698
0.149615,0,0,15.9918,1.276,-44582.2,-9181.19,174.327,77.7176,-146824,2787.81,574.117,27.7038
0.149625,0,0,15.9918,1.27616,-44558.7,-9181.63,174.235,77.7193,-146831,2786.34,574.145,27.7095
0.149635,0,0,15.9918,1.27632,-44535.2,-9182.08,174.143,77.7211,-146838,2784.87,574.173,27.7153
0.149645,0,0,15.9918,1.27648,-44511.8,-9182.52,174.051,77.7228,-146845,2783.4,574.2,27.721
0.149655,0,0,15.9918,1.27664,-44488.3,-9182.97,173.96,77.7245,-146853,2781.94,574.228,27.7267
0.149665,0,0,15.9918,1.2768,-44464.8,-9183.41,173.868,77.7263,-146860,2780.47,574.256,27.7325
0.149675,0,0,15.9918,1.27696,-44441.3,-9183.86,173.776,77.728,-146867,2779,574.284,27.7382
0.149685,0,0,15.9918,1.27712,-44417.8,-9184.3,173.684,77.7298,-146874,2777.53,574.312,27.744
0.149695,0,0,15.9918,1.27728,-44394.3,-9184.75,173.592,77.7315,-146881,2776.06,574.339,27.7497
0.149705,0,0,15.9918,1.27744,-44370.8,-9185.19,173.5,77.7332,-146888,2774.59,574.367,27.7555
0.149715,0,0,15.9918,1.2776,-44347.4,-9185.63,173.409,77.735,-146895,2773.12,574.395,27.7612
0.149725,0,0,15.9918,1.27776,-44323.9,-9186.08,173.317,77.7367,-146902,2771.66,574.423,27.7669
0.149735,0,0,15.9918,1.27792,-44300.4,-9186.52,173.225,77.7384,-146909,2770.19,574.45,27.7727
0.149745,0,0,15.9918,1.27808,-44276.9,-9186.96,173.133,77.7402,-146916,2768.72,574.478,27.7784
0.149755,0,0,15.9918,1.27824,-44253.4,-9187.4,173.041,77.7419,-146924,2767.25,574.506,27.7842
0.149765,0,0,15.9918,1.2784,-44229.9,-9187.85,172.949,77.7436,-146931,2765.78,574.533,27.7899
0.149775,0,0,15.9918,1.27856,-44206.4,-9188.29,172.857,77.7454,-146938,2764.31,574.561,27.7957
0.149785,0,0,15.9918,1.27872,-44182.9,-9188.73,172.766,77.7471,-146945,2762.84,574.589,27.8014
0.149795,0,0,15.9918,1.27888,-44159.4,-9189.17,172.674,77.7488,-146952,2761.37,574.616,27.8072
0.149805,0,0,15.9918,1.27904,-44135.9,-9189.61,172.582,77.7505,-146959,2759.9,574.644,27.8129
0.149815,0,0,15.9918,1.2792,-44112.4,-9190.06,172.49,77.7523,-146966,2758.43,574.671,27.8187
0.149825,0,0,15.9918,1.27936,-44088.9,-9190.5,172.398,77.754,-146973,2756.96,574.699,27.8244
0.149835,0,0,15.9918,1.27952,-44065.4,-9190.94,172.306,77.7557,-146980,2755.49,574.727,27.8302
0.149845,0,0,15.9918,1.27968,-44041.9,-9191.38,172.214,77.7574,-146987,2754.02,574.754,27.8359
0.149855,0,0,15.9918,1.27984,-44018.4,-9191.82,172.122,77.7592,-146994,2752.55,574.782,27.8416
0.149865,0,0,15.9918,1.28,-43994.9,-9192.26,172.03,77.7609,-147001,2751.08,574.809,27.8474
0.149875,0,0,15.9918,1.28016,-43971.4,-9192.7,171.939,77.7626,-147008,2749.61,574.837,27.8531
0.149885,0,0,15.9918,1.28032,-43947.9,-9193.14,171.847,77.7643,-147015,2748.14,574.864,27.8589
0.149895,0,0,15.9918,1.28048,-43924.4,-9193.58,171.755,77.766,-147022,2746.68,574.892,27.8646
0.149905,0,0,15.9918,1.28064,-43900.9,-9194.02,171.663,77.7677,-147029,2745.2,574.919,27.8704
0.149915,0,0,15.9918,1.2808,-43877.4,-9194.45,171.571,77.7695,-147036,2743.73,574.946,27.8761
0.149925,0,0,15.9918,1.28096,-43853.9,-9194.89,171.479,77.7712,-147043,2742.27,574.974,27.8819
0.149935,0,0,15.9918,1.28112,-43830.3,-9195.33,171.387,77.7729,-147050,2740.79,575.001,27.8876
0.149945,0,0,15.9918,1.28128,-43806.8,-9195.77,171.295,77.7746,-147057,2739.32,575.029,27.8934
0.149955,0,0,15.9918,1.28144,-43783.3,-9196.21,171.203,77.7763,-147064,2737.85,575.056,27.8991
0.149965,0,0,15.9918,1.2816,-43759.8,-9196.64,171.111,77.778,-147071,2736.38,575.083,27.9049
0.149975,0,0,15.9918,1.28176,-43736.3,-9197.08,171.019,77.7797,-147078,2734.91,575.111,27.9106
0.149985,0,0,15.9918,1.28192,-43712.8,-9197.52,170.927,77.7814,-147085,2733.44,575.138,27.9164
0.149995,0,0,15.9918,1.28208,-43689.2,-9197.96,170.835,77.7832,-147092,2731.97,575.165,27.9221
0.150005,0,0,15.9918,1.28224,-43665.7,-9198.39,170.743,77.7849,-147099,2730.5,575.193,27.9279
0.150015,0,0,15.9918,1.2824,-43642.2,-9198.83,170.651,77.7866,-147106,2729.03,575.22,27.9336
0.150025,0,0,15.9918,1.28256,-43618.7,-9199.27,170.559,77.7883,-147113,2727.56,575.247,27.9394
0.150035,0,0,15.9918,1.28272,-43595.2,-9199.7,170.467,77.79,-147120,2726.09,575.275,27.9452
0.150045,0,0,15.9918,1.28288,-43571.6,-9200.14,170.375,77.7917,-147127,2724.62,575.302,27.9509
0.150055,0,0,15.9918,1.28304,-43548.1,-9200.57,170.283,77.7934,-147134,2723.14,575.329,27.9567
0.150065,0,0,15.9918,1.2832,-43524.6,-9201.01,170.191,77.7951,-147141,2721.67,575.356,27.9624
0.150075,0,0,15.9918,1.28336,-43501.1,-9201.44,170.099,77.7968,-147148,2720.2,575.383,27.9682
0.150085,0,0,15.9918,1.28352,-43477.5,-9201.88,170.007,77.7985,-147155,2718.73,575.411,27.9739
0.150095,0,0,15.9918,1.28368,-43454,-9202.31,169.915,77.8002,-147162,2717.26,575.438,27.9797
0.150105,0,0,15.9918,1.28384,-43430.5,-9202.75,169.823,77.8019,-147169,2715.79,575.465,27.9854
0.150115,0,0,15.9918,1.284,-43406.9,-9203.18,169.731,77.8036,-147176,2714.32,575.492,27.9912
0.150125,0,0,15.9918,1.28416,-43383.4,-9203.62,169.639,77.8053,-147183,2712.85,575.519,27.9969
0.150135,0,0,15.9918,1.28431,-43359.9,-9204.05,169.547,77.807,-147190,2711.37,575.546,28.0027
0.150145,0,0,15.9918,1.28447,-43336.3,-9204.48,169.455,77.8087,-147197,2709.9,575.574,28.0084
0.150155,0,0,15.9918,1.28463,-43312.8,-9204.92,169.363,77.8104,-147204,2708.43,575.601,28.0142
0.150165,0,0,15.9918,1.28479,-43289.3,-9205.35,169.271,77.8121,-147210,2706.96,575.628,28.02
0.150175,0,0,15.9918,1.28495,-43265.7,-9205.78,169.179,77.8138,-147217,2705.49,575.655,28.0257
0.150185,0,0,15.9918,1.28511,-43242.2,-9206.21,169.087,77.8155,-147224,2704.01,575.682,28.0315
0.150195,0,0,15.9918,1.28527,-43218.6,-9206.65,168.995,77.8171,-147231,2702.54,575.709,28.0372
0.150205,0,0,15.9918,1.28543,-43195.1,-9207.08,168.903,77.8188,-147238,2701.07,575.736,28.043
0.150215,0,0,15.9918,1.28559,-43171.5,-9207.51,168.811,77.8205,-147245,2699.6,575.763,28.0487
0.150225,0,0,15.9918,1.28575,-43148,-9207.94,168.719,77.8222,-147252,2698.13,575.79,28.0545
0.150235,0,0,15.9918,1.28591,-43124.4,-9208.37,168.627,77.8239,-147259,2696.65,575.817,28.0603
0.150245,0,0,15.9918,1.28607,-43100.9,-9208.8,168.535,77.8256,-147266,2695.18,575.844,28.066
0.150255,0,0,15.9918,1.28623,-43077.4,-9209.24,168.443,77.8273,-147273,2693.71,575.871,28.0718
0.150265,0,0,15.9918,1.28639,-43053.8,-9209.67,168.351,77.8289,-147280,2692.24,575.898,28.0775
0.150275,0,0,15.9918,1.28655,-43030.3,-9210.09,168.259,77.8306,-147286,2690.76,575.924,28.0833
0.150285,0,0,15.9918,1.28671,-43006.7,-9210.53,168.166,77.8323,-147293,2689.29,575.951,28.0891
0.150295,0,0,15.9918,1.28687,-42983.1,-9210.96,168.074,77.834,-147300,2687.82,575.978,28.0948
0.150305,0,0,15.9918,1.28703,-42959.6,-9211.38,167.982,77.8357,-147307,2686.35,576.005,28.1006
0.150315,0,0,15.9918,1.28719,-42936,-9211.81,167.89,77.8373,-147314,2684.87,576.032,28.1063
0.150325,0,0,15.9918,1.28735,-42912.5,-9212.24,167.798,77.839,-147321,2683.4,576.059,28.1121
0.150335,0,0,15.9918,1.28751,-42888.9,-9212.67,167.706,77.8407,-147328,2681.93,576.086,28.1179
0.150345,0,0,15.9918,1.28767,-42865.4,-9213.1,167.614,77.8424,-147334,2680.45,576.113,28.1236
0.150355,0,0,15.9918,1.28783,-42841.8,-9213.53,167.522,77.8441,-147341,2678.98,576.139,28.1294
0.150365,0,0,15.9918,1.28799,-42818.3,-9213.96,167.43,77.8457,-147348,2677.51,576.166,28.1351
0.150375,0,0,15.9918,1.28815,-42794.7,-9214.39,167.337,77.8474,-147355,2676.03,576.193,28.1409
0.150385,0,0,15.9918,1.28831,-42771.1,-9214.81,167.245,77.8491,-147362,2674.56,576.22,28.1467
0.150395,0,0,15.9918,1.28847,-42747.6,-9215.24,167.153,77.8508,-147369,2673.09,576.246,28.1524
0.150405,0,0,15.9918,1.28863,-42724,-9215.67,167.061,77.8524,-147376,2671.61,576.273,28.1582
0.150415,0,0,15.9918,1.28879,-42700.4,-9216.1,166.969,77.8541,-147382,2670.14,576.3,28.1639
0.150425,0,0,15.9918,1.28895,-42676.9,-9216.52,166.877,77.8558,-147389,2668.67,576.326,28.1697
0.150435,0,0,15.9918,1.28911,-42653.3,-9216.95,166.784,77.8574,-147396,2667.19,576.353,28.1755
0.150445,0,0,15.9918,1.28927,-42629.7,-9217.38,166.692,77.8591,-147403,2665.72,576.38,28.1812
0.150455,0,0,15.9918,1.28943,-42606.2,-9217.8,166.6,77.8608,-147410,2664.24,576.406,28.187
0.150465,0,0,15.9918,1.28959,-42582.6,-9218.23,166.508,77.8624,-147416,2662.77,576.433,28.1928
0.150475,0,0,15.9918,1.28975,-42559,-9218.65,166.416,77.8641,-147423,2661.3,576.46,28.1985
0.150485,0,0,15.9918,1.28991,-42535.5,-9219.08,166.324,77.8658,-147430,2659.82,576.486,28.2043
0.150495,0,0,15.9918,1.29007,-42511.9,-9219.5,166.231,77.8674,-147437,2658.35,576.513,28.2101
0.150505,0,0,15.9918,1.29023,-42488.3,-9219.93,166.139,77.8691,-147444,2656.87,576.539,28.2158
0.150515,0,0,15.9918,1.29039,-42464.7,-9220.35,166.047,77.8708,-147450,2655.4,576.566,28.2216
0.150525,0,0,15.9918,1.29055,-42441.1,-9220.78,165.955,77.8724,-147457,2653.92,576.593,28.2274
0.150535,0,0,15.9918,1.29071,-42417.6,-9221.2,165.863,77.8741,-147464,2652.45,576.619,28.2331
0.150545,0,0,15.9918,1.29087,-42394,-9221.63,165.771,77.8757,-147471,2650.98,576.646,28.2389
0.150555,0,0,15.9918,1.29103,-42370.4,-9222.05,165.678,77.8774,-147478,2649.5,576.672,28.2447
0.150565,0,0,15.9918,1.29119,-42346.8,-9222.47,165.586,77.879,-147484,2648.03,576.699,28.2504
0.150575,0,0,15.9918,1.29135,-42323.2,-9222.9,165.494,77.8807,-147491,2646.55,576.725,28.2562
0.150585,0,0,15.9918,1.29151,-42299.7,-9223.32,165.402,77.8823,-147498,2645.08,576.752,28.262
0.150595,0,0,15.9918,1.29167,-42276.1,-9223.74,165.309,77.884,-147505,2643.6,576.778,28.2677
0.150605,0,0,15.9918,1.29183,-42252.5,-9224.17,165.217,77.8857,-147511,2642.13,576.804,28.2735
0.150615,0,0,15.9918,1.29199,-42228.9,-9224.59,165.125,77.8873,-147518,2640.65,576.831,28.2793
0.150625,0,0,15.9918,1.29215,-42205.3,-9225.01,165.033,77.889,-147525,2639.18,576.857,28.285
0.150635,0,0,15.9918,1.29231,-42181.7,-9225.43,164.94,77.8906,-147532,2637.7,576.884,28.2908
0.150645,0,0,15.9918,1.29247,-42158.1,-9225.85,164.848,77.8923,-147538,2636.23,576.91,28.2966
0.150655,0,0,15.9918,1.29263,-42134.6,-9226.28,164.756,77.8939,-147545,2634.75,576.936,28.3023
0.150665,0,0,15.9918,1.29279,-42111,-9226.7,164.664,77.8955,-147552,2633.28,576.963,28.3081
0.150675,0,0,15.9918,1.29295,-42087.4,-9227.12,164.571,77.8972,-147559,2631.8,576.989,28.3139
0.150685,0,0,15.9918,1.29311,-42063.8,-9227.54,164.479,77.8988,-147565,2630.33,577.015,28.3196
0.150695,0,0,15.9918,1.29327,-42040.2,-9227.96,164.387,77.9005,-147572,2628.85,577.042,28.3254
0.150705,0,0,15.9918,1.29343,-42016.6,-9228.38,164.295,77.9021,-147579,2627.37,577.068,28.3312
0.150715,0,0,15.9918,1.29359,-41993,-9228.8,164.202,77.9038,-147586,2625.9,577.094,28.337
0.150725,0,0,15.9918,1.29375,-41969.4,-9229.22,164.11,77.9054,-147592,2624.42,577.12,28.3427
0.150735,0,0,15.9918,1.29391,-41945.8,-9229.64,164.018,77.9071,-147599,2622.95,577.147,28.3485
0.150745,0,0,15.9918,1.29407,-41922.2,-9230.06,163.926,77.9087,-147606,2621.47,577.173,28.3543
0.150755,0,0,15.9918,1.29423,-41898.6,-9230.48,163.833,77.9103,-147612,2620,577.199,28.36
0.150765,0,0,15.9918,1.29439,-41875,-9230.89,163.741,77.912,-147619,2618.52,577.225,28.3658
0.150775,0,0,15.9918,1.29455,-41851.4,-9231.31,163.649,77.9136,-147626,2617.04,577.251,28.3716
0.150785,0,0,15.9918,1.29471,-41827.8,-9231.73,163.556,77.9152,-147632,2615.57,577.278,28.3774
0.150795,0,0,15.9918,1.29487,-41804.2,-9232.15,163.464,77.9169,-147639,2614.09,577.304,28.3831
0.150805,0,0,15.9918,1.29503,-41780.6,-9232.57,163.372,77.9185,-147646,2612.62,577.33,28.3889
0.150815,0,0,15.9918,1.29519,-41756.9,-9232.99,163.279,77.9201,-147652,2611.14,577.356,28.3947
0.150825,0,0,15.9918,1.29535,-41733.3,-9233.4,163.187,77.9218,-147659,2609.66,577.382,28.4005
0.150835,0,0,15.9918,1.29551,-41709.7,-9233.82,163.095,77.9234,-147666,2608.19,577.408,28.4062
0.150845,0,0,15.9918,1.29567,-41686.1,-9234.24,163.002,77.925,-147672,2606.71,577.434,28.412
0.150855,0,0,15.9918,1.29583,-41662.5,-9234.65,162.91,77.9267,-147679,2605.23,577.46,28.4178
0.150865,0,0,15.9918,1.29599,-41638.9,-9235.07,162.818,77.9283,-147686,2603.76,577.486,28.4236
0.150875,0,0,15.9918,1.29615,-41615.3,-9235.49,162.725,77.9299,-147692,2602.28,577.512,28.4293
0.150885,0,0,15.9918,1.29631,-41591.6,-9235.9,162.633,77.9315,-147699,2600.8,577.538,28.4351
0.150895,0,0,15.9918,1.29647,-41568,-9236.32,162.541,77.9332,-147706,2599.33,577.564,28.4409
0.150905,0,0,15.9918,1.29663,-41544.4,-9236.73,162.448,77.9348,-147712,2597.85,577.59,28.4467
0.150915,0,0,15.9918,1.29679,-41520.8,-9237.15,162.356,77.9364,-147719,2596.37,577.616,28.4524
0.150925,0,0,15.9918,1.29695,-41497.2,-9237.56,162.264,77.938,-147726,2594.9,577.642,28.4582
0.150935,0,0,15.9918,1.29711,-41473.5,-9237.98,162.171,77.9397,-147732,2593.42,577.668,28.464
0.150945,0,0,15.9918,1.29727,-41449.9,-9238.39,162.079,77.9413,-147739,2591.94,577.694,28.4698
0.150955,0,0,15.9918,1.29743,-41426.3,-9238.81,161.987,77.9429,-147746,2590.46,577.72,28.4755
0.150965,0,0,15.9918,1.29759,-41402.7,-9239.22,161.894,77.9445,-147752,2588.99,577.746,28.4813
0.150975,0,0,15.9918,1.29775,-41379.1,-9239.64,161.802,77.9462,-147759,2587.51,577.772,28.4871
0.150985,0,0,15.9918,1.29791,-41355.4,-9240.05,161.709,77.9478,-147765,2586.03,577.798,28.4929
0.150995,0,0,15.9918,1.29807,-41331.8,-9240.46,161.617,77.9494,-147772,2584.55,577.823,28.4986
0.151005,0,0,15.9918,1.29823,-41308.2,-9240.88,161.525,77.951,-147779,2583.08,577.849,28.5044
0.151015,0,0,15.9918,1.29839,-41284.5,-9241.29,161.432,77.9526,-147785,2581.6,577.875,28.5102
0.151025,0,0,15.9918,1.29855,-41260.9,-9241.7,161.34,77.9542,-147792,2580.12,577.901,28.516
0.151035,0,0,15.9918,1.29871,-41237.3,-9242.11,161.247,77.9558,-147798,2578.64,577.927,28.5218
0.151045,0,0,15.9918,1.29887,-41213.6,-9242.53,161.155,77.9575,-147805,2577.17,577.952,28.5275
0.151055,0,0,15.9918,1.29903,-41190,-9242.94,161.063,77.9591,-147812,2575.69,577.978,28.5333
0.151065,0,0,15.9918,1.29919,-41166.4,-9243.35,160.97,77.9607,-147818,2574.21,578.004,28.5391
0.151075,0,0,15.9918,1.29935,-41142.7,-9243.76,160.878,77.9623,-147825,2572.73,578.03,28.5449
0.151085,0,0,15.9918,1.29951,-41119.1,-9244.17,160.785,77.9639,-147831,2571.25,578.055,28.5507
0.151095,0,0,15.9918,1.29966,-41095.5,-9244.58,160.693,77.9655,-147838,2569.78,578.081,28.5564
0.151105,0,0,15.9918,1.29982,-41071.8,-9244.99,160.6,77.9671,-147844,2568.3,578.107,28.5622
0.151115,0,0,15.9918,1.29998,-41048.2,-9245.41,160.508,77.9687,-147851,2566.82,578.133,28.568
0.151125,0,0,15.9918,1.30014,-41024.6,-9245.81,160.416,77.9703,-147858,2565.34,578.158,28.5738
0.151135,0,0,15.9918,1.3003,-41000.9,-9246.22,160.323,77.9719,-147864,2563.86,578.184,28.5796
0.151145,0,0,15.9918,1.30046,-40977.3,-9246.63,160.231,77.9735,-147871,2562.38,578.209,28.5854
0.151155,0,0,15.9918,1.30062,-40953.6,-9247.04,160.138,77.9751,-147877,2560.91,578.235,28.5911
0.151165,0,0,15.9918,1.30078,-40930,-9247.45,160.046,77.9767,-147884,2559.43,578.261,28.5969
0.151175,0,0,15.9918,1.30094,-40906.3,-9247.86,159.953,77.9783,-147890,2557.95,578.286,28.6027
0.151185,0,0,15.9918,1.3011,-40882.7,-9248.27,159.861,77.9799,-147897,2556.47,578.312,28.6085
0.151195,0,0,15.9918,1.30126,-40859,-9248.68,159.768,77.9815,-147903,2554.99,578.337,28.6143
0.151205,0,0,15.9918,1.30142,-40835.4,-9249.09,159.676,77.9831,-147910,2553.51,578.363,28.62
0.151215,0,0,15.9918,1.30158,-40811.7,-9249.5,159.583,77.9847,-147917,2552.03,578.388,28.6258
0.151225,0,0,15.9918,1.30174,-40788.1,-9249.9,159.491,77.9863,-147923,2550.55,578.414,28.6316
0.151235,0,0,15.9918,1.3019,-40764.4,-9250.31,159.398,77.9879,-147930,2549.08,578.439,28.6374
0.151245,0,0,15.9918,1.30206,-40740.8,-9250.72,159.306,77.9895,-147936,2547.6,578.465,28.6432
0.151255,0,0,15.9918,1.30222,-40717.1,-9251.13,159.213,77.9911,-147943,2546.12,578.49,28.649
0.151265,0,0,15.9918,1.30238,-40693.4,-9251.53,159.121,77.9927,-147949,2544.64,578.516,28.6548
0.151275,0,0,15.9918,1.30254,-40669.8,-9251.94,159.028,77.9943,-147956,2543.16,578.541,28.6605
0.151285,0,0,15.9918,1.3027,-40646.1,-9252.35,158.936,77.9959,-147962,2541.68,578.567,28.6663
0.151295,0,0,15.9918,1.30286,-40622.5,-9252.75,158.843,77.9975,-147969,2540.2,578.592,28.6721
0.151305,0,0,15.9918,1.30302,-40598.8,-9253.16,158.751,77.999,-147975,2538.72,578.617,28.6779
0.151315,0,0,15.9918,1.30318,-40575.1,-9253.57,158.658,78.0006,-147982,2537.24,578.643,28.6837
0.151325,0,0,15.9918,1.30334,-40551.5,-9253.97,158.566,78.0022,-147988,2535.76,578.668,28.6895
0.151335,0,0,15.9918,1.3035,-40527.8,-9254.38,158.473,78.0038,-147995,2534.28,578.694,28.6953
0.151345,0,0,15.9918,1.30366,-40504.2,-9254.78,158.381,78.0054,-148001,2532.8,578.719,28.701
0.151355,0,0,15.9918,1.30382,-40480.5,-9255.19,158.288,78.007,-148008,2531.32,578.744,28.7068
0.151365,0,0,15.9918,1.30398,-40456.8,-9255.59,158.196,78.0086,-148014,2529.84,578.769,28.7126
0.151375,0,0,15.9918,1.30414,-40433.2,-9256,158.103,78.0101,-148020,2528.36,578.795,28.7184
0.151385,0,0,15.9918,1.3043,-40409.5,-9256.4,158.011,78.0117,-148027,2526.88,578.82,28.7242
0.151395,0,0,15.9918,1.30446,-40385.8,-9256.8,157.918,78.0133,-148033,2525.4,578.845,28.73
0.151405,0,0,15.9918,1.30462,-40362.1,-9257.21,157.825,78.0149,-148040,2523.92,578.871,28.7358
0.151415,0,0,15.9918,1.30478,-40338.5,-9257.61,157.733,78.0165,-148046,2522.44,578.896,28.7416
0.151425,0,0,15.9918,1.30494,-40314.8,-9258.01,157.64,78.018,-148053,2520.96,578.921,28.7473
0.151435,0,0,15.9918,1.3051,-40291.1,-9258.42,157.548,78.0196,-148059,2519.48,578.946,28.7531
0.151445,0,0,15.9918,1.30526,-40267.5,-9258.82,157.455,78.0212,-148066,2518,578.971,28.7589
0.151455,0,0,15.9918,1.30542,-40243.8,-9259.22,157.363,78.0228,-148072,2516.52,578.997,28.7647
0.151465,0,0,15.9918,1.30558,-40220.1,-9259.62,157.27,78.0243,-148078,2515.04,579.022,28.7705
0.151475,0,0,15.9918,1.30574,-40196.4,-9260.03,157.178,78.0259,-148085,2513.56,579.047,28.7763
0.151485,0,0,15.9918,1.3059,-40172.8,-9260.43,157.085,78.0275,-148091,2512.08,579.072,28.7821
0.151495,0,0,15.9918,1.30606,-40149.1,-9260.83,156.992,78.029,-148098,2510.6,579.097,28.7879
0.151505,0,0,15.9918,1.30622,-40125.4,-9261.23,156.9,78.0306,-148104,2509.12,579.122,28.7937
0.151515,0,0,15.9918,1.30638,-40101.7,-9261.63,156.807,78.0322,-148111,2507.64,579.147,28.7995
0.151525,0,0,15.9918,1.30654,-40078,-9262.03,156.715,78.0338,-148117,2506.15,579.172,28.8053
0.151535,0,0,15.9918,1.3067,-40054.4,-9262.43,156.622,78.0353,-148123,2504.67,579.197,28.811
0.151545,0,0,15.9918,1.30686,-40030.7,-9262.83,156.529,78.0369,-148130,2503.19,579.222,28.8168
0.151555,0,0,15.9918,1.30702,-40007,-9263.23,156.437,78.0384,-148136,2501.71,579.247,28.8226
0.151565,0,0,15.9918,1.30718,-39983.3,-9263.63,156.344,78.04,-148143,2500.23,579.272,28.8284
0.151575,0,0,15.9918,1.30734,-39959.6,-9264.03,156.251,78.0416,-148149,2498.75,579.297,28.8342
0.151585,0,0,15.9918,1.3075,-39935.9,-9264.43,156.159,78.0431,-148155,2497.27,579.322,28.84
0.151595,0,0,15.9918,1.30766,-39912.2,-9264.83,156.066,78.0447,-148162,2495.79,579.347,28.8458
0.151605,0,0,15.9918,1.30782,-39888.5,-9265.23,155.974,78.0463,-148168,2494.3,579.372,28.8516
0.151615,0,0,15.9918,1.30798,-39864.8,-9265.63,155.881,78.0478,-148175,2492.82,579.397,28.8574
0.151625,0,0,15.9918,1.30814,-39841.1,-9266.03,155.788,78.0494,-148181,2491.34,579.422,28.8632
0.151635,0,0,15.9918,1.3083,-39817.4,-9266.43,155.696,78.0509,-148187,2489.86,579.447,28.869
0.151645,0,0,15.9918,1.30846,-39793.8,-9266.83,155.603,78.0525,-148194,2488.38,579.472,28.8748
0.151655,0,0,15.9918,1.30862,-39770.1,-9267.22,155.51,78.054,-148200,2486.9,579.497,28.8806
0.151665,0,0,15.9918,1.30878,-39746.4,-9267.62,155.418,78.0556,-148206,2485.41,579.522,28.8864
0.151675,0,0,15.9918,1.30894,-39722.7,-9268.02,155.325,78.0572,-148213,2483.93,579.547,28.8922
0.151685,0,0,15.9918,1.3091,-39699,-9268.42,155.232,78.0587,-148219,2482.45,579.571,28.898
0.151695,0,0,15.9918,1.30926,-39675.2,-9268.81,155.14,78.0603,-148225,2480.97,579.596,28.9037
0.151705,0,0,15.9918,1.30942,-39651.6,-9269.21,155.047,78.0618,-148232,2479.49,579.621,28.9095
0.151715,0,0,15.9918,1.30958,-39627.9,-9269.6,154.954,78.0634,-148238,2478,579.646,28.9153
0.151725,0,0,15.9918,1.30974,-39604.1,-9270,154.862,78.0649,-148244,2476.52,579.67,28.9211
0.151735,0,0,15.9918,1.3099,-39580.4,-9270.4,154.769,78.0665,-148251,2475.04,579.695,28.9269
0.151745,0,0,15.9918,1.31006,-39556.7,-9270.79,154.676,78.068,-148257,2473.56,579.72,28.9327
0.151755,0,0,15.9918,1.31022,-39533,-9271.19,154.583,78.0695,-148263,2472.07,579.745,28.9385
0.151765,0,0,15.9918,1.31038,-39509.3,-9271.58,154.491,78.0711,-148270,2470.59,579.769,28.9443
0.151775,0,0,15.9918,1.31054,-39485.6,-9271.98,154.398,78.0726,-148276,2469.11,579.794,28.9501
0.151785,0,0,15.9918,1.3107,-39461.9,-9272.37,154.305,78.0742,-148282,2467.63,579.819,28.9559
0.151795,0,0,15.9918,1.31086,-39438.2,-9272.77,154.213,78.0757,-148289,2466.14,579.844,28.9617
0.151805,0,0,15.9918,1.31102,-39414.5,-9273.16,154.12,78.0773,-148295,2464.66,579.868,28.9675
0.151815,0,0,15.9918,1.31118,-39390.8,-9273.55,154.027,78.0788,-148301,2463.18,579.893,28.9733
0.151825,0,0,15.9918,1.31134,-39367.1,-9273.95,153.935,78.0803,-148308,2461.7,579.917,28.9791
0.151835,0,0,15.9918,1.3115,-39343.4,-9274.34,153.842,78.0819,-148314,2460.21,579.942,28.9849
0.151845,0,0,15.9918,1.31166,-39319.6,-9274.73,153.749,78.0834,-148320,2458.73,579.967,28.9907
0.151855,0,0,15.9918,1.31182,-39295.9,-9275.13,153.656,78.085,-148326,2457.25,579.991,28.9965
0.151865,0,0,15.9918,1.31198,-39272.2,-9275.52,153.564,78.0865,-148333,2455.76,580.016,29.0023
0.151875,0,0,15.9918,1.31214,-39248.5,-9275.91,153.471,78.088,-148339,2454.28,580.04,29.0081
0.151885,0,0,15.9918,1.3123,-39224.8,-9276.31,153.378,78.0896,-148345,2452.8,580.065,29.0139
0.151895,0,0,15.9918,1.31246,-39201,-9276.7,153.285,78.0911,-148352,2451.31,580.089,29.0197
0.151905,0,0,15.9918,1.31262,-39177.3,-9277.09,153.193,78.0926,-148358,2449.83,580.114,29.0255
0.151915,0,0,15.9918,1.31278,-39153.6,-9277.48,153.1,78.0942,-148364,2448.35,580.138,29.0313
0.151925,0,0,15.9918,1.31294,-39129.9,-9277.87,153.007,78.0957,-148370,2446.86,580.163,29.0371
0.151935,0,0,15.9918,1.3131,-39106.2,-9278.26,152.914,78.0972,-148377,2445.38,580.187,29.0429
0.151945,0,0,15.9918,1.31326,-39082.4,-9278.65,152.822,78.0987,-148383,2443.9,580.212,29.0487
0.151955,0,0,15.9918,1.31342,-39058.7,-9279.05,152.729,78.1003,-148389,2442.41,580.236,29.0545
0.151965,0,0,15.9918,1.31358,-39035,-9279.44,152.636,78.1018,-148395,2440.93,580.26,29.0603
0.151975,0,0,15.9918,1.31374,-39011.2,-9279.83,152.543,78.1033,-148402,2439.45,580.285,29.0661
0.151985,0,0,15.9918,1.3139,-38987.5,-9280.22,152.45,78.1049,-148408,2437.96,580.309,29.0719
0.151995,0,0,15.9918,1.31406,-38963.8,-9280.61,152.358,78.1064,-148414,2436.48,580.334,29.0777
0.152005,0,0,15.9918,1.31422,-38940.1,-9281,152.265,78.1079,-148420,2434.99,580.358,29.0835
0.152015,0,0,15.9918,1.31438,-38916.3,-9281.38,152.172,78.1094,-148426,2433.51,580.382,29.0893
0.152025,0,0,15.9918,1.31454,-38892.6,-9281.77,152.079,78.1109,-148433,2432.03,580.407,29.0952
0.152035,0,0,15.9918,1.3147,-38868.9,-9282.16,151.986,78.1125,-148439,2430.54,580.431,29.101
0.152045,0,0,15.9918,1.31486,-38845.1,-9282.55,151.894,78.114,-148445,2429.06,580.455,29.1068
0.152055,0,0,15.9918,1.31502,-38821.4,-9282.94,151.801,78.1155,-148451,2427.57,580.48,29.1126
0.152065,0,0,15.9918,1.31518,-38797.6,-9283.33,151.708,78.117,-148458,2426.09,580.504,29.1184
0.152075,0,0,15.9918,1.31534,-38773.9,-9283.71,151.615,78.1185,-148464,2424.6,580.528,29.1242
0.152085,0,0,15.9918,1.31549,-38750.2,-9284.1,151.522,78.1201,-148470,2423.12,580.552,29.13
0.152095,0,0,15.9918,1.31565,-38726.4,-9284.49,151.429,78.1216,-148476,2421.64,580.577,29.1358
0.152105,0,0,15.9918,1.31581,-38702.7,-9284.88,151.337,78.1231,-148482,2420.15,580.601,29.1416
0.152115,0,0,15.9918,1.31597,-38678.9,-9285.26,151.244,78.1246,-148488,2418.67,580.625,29.1474
0.152125,0,0,15.9918,1.31613,-38655.2,-9285.65,151.151,78.1261,-148495,2417.18,580.649,29.1532
0.152135,0,0,15.9918,1.31629,-38631.4,-9286.04,151.058,78.1276,-148501,2415.7,580.673,29.159
0.152145,0,0,15.9918,1.31645,-38607.7,-9286.42,150.965,78.1291,-148507,2414.21,580.697,29.1648
0.152155,0,0,15.9918,1.31661,-38584,-9286.81,150.872,78.1306,-148513,2412.73,580.722,29.1706
0.152165,0,0,15.9918,1.31677,-38560.2,-9287.19,150.779,78.1321,-148519,2411.24,580.746,29.1764
0.152175,0,0,15.9918,1.31693,-38536.5,-9287.58,150.687,78.1337,-148526,2409.76,580.77,29.1822
0.152185,0,0,15.9918,1.31709,-38512.7,-9287.96,150.594,78.1352,-148532,2408.27,580.794,29.188
0.152195,0,0,15.9918,1.31725,-38488.9,-9288.35,150.501,78.1367,-148538,2406.79,580.818,29.1939
0.152205,0,0,15.9918,1.31741,-38465.2,-9288.73,150.408,78.1382,-148544,2405.3,580.842,29.1997
0.152215,0,0,15.9918,1.31757,-38441.5,-9289.12,150.315,78.1397,-148550,2403.82,580.866,29.2055
0.152225,0,0,15.9918,1.31773,-38417.7,-9289.5,150.222,78.1412,-148556,2402.33,580.89,29.2113
0.152235,0,0,15.9918,1.31789,-38394,-9289.89,150.129,78.1427,-148562,2400.85,580.914,29.2171
0.152245,0,0,15.9918,1.31805,-38370.2,-9290.27,150.036,78.1442,-148569,2399.36,580.938,29.2229
0.152255,0,0,15.9918,1.31821,-38346.4,-9290.66,149.944,78.1457,-148575,2397.87,580.962,29.2287
0.152265,0,0,15.9918,1.31837,-38322.7,-9291.04,149.851,78.1472,-148581,2396.39,580.986,29.2345
0.152275,0,0,15.9918,1.31853,-38298.9,-9291.42,149.758,78.1487,-148587,2394.9,581.01,29.2403
0.152285,0,0,15.9918,1.31869,-38275.2,-9291.8,149.665,78.1502,-148593,2393.42,581.034,29.2461
0.152295,0,0,15.9918,1.31885,-38251.4,-9292.19,149.572,78.1517,-148599,2391.93,581.058,29.2519
0.152305,0,0,15.9918,1.31901,-38227.6,-9292.57,149.479,78.1532,-148605,2390.45,581.082,29.2578
0.152315,0,0,15.9918,1.31917,-38203.9,-9292.95,149.386,78.1547,-148611,2388.96,581.106,29.2636
0.152325,0,0,15.9918,1.31933,-38180.1,-9293.33,149.293,78.1562,-148618,2387.48,581.13,29.2694
0.152335,0,0,15.9918,1.31949,-38156.4,-9293.71,149.2,78.1576,-148624,2385.99,581.153,29.2752
0.152345,0,0,15.9918,1.31965,-38132.6,-9294.1,149.107,78.1591,-148630,2384.5,581.177,29.281
0.152355,0,0,15.9918,1.31981,-38108.8,-9294.48,149.014,78.1606,-148636,2383.02,581.201,29.2868
0.152365,0,0,15.9918,1.31997,-38085.1,-9294.86,148.922,78.1621,-148642,2381.53,581.225,29.2926
0.152375,0,0,15.9918,1.32013,-38061.3,-9295.24,148.829,78.1636,-148648,2380.04,581.249,29.2984
0.152385,0,0,15.9918,1.32029,-38037.5,-9295.62,148.736,78.1651,-148654,2378.56,581.273,29.3043
0.152395,0,0,15.9918,1.32045,-38013.7,-9296,148.643,78.1666,-148660,2377.07,581.296,29.3101
0.152405,0,0,15.9918,1.32061,-37990,-9296.38,148.55,78.1681,-148666,2375.58,581.32,29.3159
0.152415,0,0,15.9918,1.32077,-37966.2,-9296.76,148.457,78.1695,-148672,2374.1,581.344,29.3217
0.152425,0,0,15.9918,1.32093,-37942.4,-9297.14,148.364,78.171,-148678,2372.61,581.367,29.3275
0.152435,0,0,15.9918,1.32109,-37918.7,-9297.52,148.271,78.1725,-148684,2371.12,581.391,29.3333
0.152445,0,0,15.9918,1.32125,-37894.9,-9297.9,148.178,78.174,-148691,2369.64,581.415,29.3391
0.152455,0,0,15.9918,1.32141,-37871.1,-9298.28,148.085,78.1755,-148697,2368.15,581.439,29.3449
0.152465,0,0,15.9918,1.32157,-37847.3,-9298.65,147.992,78.177,-148703,2366.66,581.462,29.3508
0.152475,0,0,15.9918,1.32173,-37823.6,-9299.03,147.899,78.1784,-148709,2365.18,581.486,29.3566
0.152485,0,0,15.9918,1.32189,-37799.8,-9299.41,147.806,78.1799,-148715,2363.69,581.51,29.3624
0.152495,0,0,15.9918,1.32205,-37776,-9299.79,147.713,78.1814,-148721,2362.2,581.533,29.3682
0.152505,0,0,15.9918,1.32221,-37752.2,-9300.17,147.62,78.1829,-148727,2360.72,581.557,29.374
0.152515,0,0,15.9918,1.32237,-37728.4,-9300.54,147.527,78.1843,-148733,2359.23,581.58,29.3798
0.152525,0,0,15.9918,1.32253,-37704.7,-9300.92,147.434,78.1858,-148739,2357.74,581.604,29.3857
0.152535,0,0,15.9918,1.32269,-37680.9,-9301.3,147.341,78.1873,-148745,2356.26,581.628,29.3915
0.152545,0,0,15.9918,1.32285,-37657.1,-9301.67,147.248,78.1888,-148751,2354.77,581.651,29.3973
0.152555,0,0,15.9918,1.32301,-37633.3,-9302.05,147.155,78.1902,-148757,2353.28,581.675,29.4031
0.152565,0,0,15.9918,1.32317,-37609.5,-9302.43,147.062,78.1917,-148763,2351.79,581.698,29.4089
0.152575,0,0,15.9918,1.32333,-37585.7,-9302.8,146.969,78.1932,-148769,2350.31,581.722,29.4147
0.152585,0,0,15.9918,1.32349,-37562,-9303.18,146.876,78.1947,-148775,2348.82,581.745,29.4206
0.152595,0,0,15.9918,1.32365,-37538.2,-9303.55,146.783,78.1961,-148781,2347.33,581.769,29.4264
0.152605,0,0,15.9918,1.32381,-37514.3,-9303.93,146.69,78.1976,-148787,2345.84,581.792,29.4322
0.152615,0,0,15.9918,1.32397,-37490.6,-9304.3,146.597,78.1991,-148793,2344.36,581.816,29.438
0.152625,0,0,15.9918,1.32413,-37466.8,-9304.68,146.504,78.2005,-148799,2342.87,581.839,29.4438
0.152635,0,0,15.9918,1.32429,-37443,-9305.05,146.411,78.202,-148805,2341.38,581.862,29.4496
0.152645,0,0,15.9918,1.32445,-37419.2,-9305.43,146.318,78.2034,-148811,2339.89,581.886,29.4555
0.152655,0,0,15.9918,1.32461,-37395.4,-9305.8,146.225,78.2049,-148817,2338.4,581.909,29.4613
0.152665,0,0,15.9918,1.32477,-37371.6,-9306.17,146.132,78.2064,-148823,2336.92,581.933,29.4671
0.152675,0,0,15.9918,1.32493,-37347.8,-9306.55,146.039,78.2078,-148829,2335.43,581.956,29.4729
0.152685,0,0,15.9918,1.32509,-37324,-9306.92,145.946,78.2093,-148835,2333.94,581.979,29.4787
0.152695,0,0,15.9918,1.32525,-37300.2,-9307.29,145.853,78.2107,-148841,2332.45,582.003,29.4846
0.152705,0,0,15.9918,1.32541,-37276.4,-9307.67,145.76,78.2122,-148847,2330.96,582.026,29.4904
0.152715,0,0,15.9918,1.32557,-37252.6,-9308.04,145.666,78.2137,-148853,2329.48,582.049,29.4962
0.152725,0,0,15.9918,1.32573,-37228.8,-9308.41,145.573,78.2151,-148859,2327.99,582.073,29.502
0.152735,0,0,15.9918,1.32589,-37205,-9308.79,145.48,78.2166,-148865,2326.5,582.096,29.5078
0.152745,0,0,15.9918,1.32605,-37181.2,-9309.16,145.387,78.218,-148871,2325.01,582.119,29.5137
0.152755,0,0,15.9918,1.32621,-37157.4,-9309.53,145.294,78.2195,-148877,2323.52,582.142,29.5195
0.152765,0,0,15.9918,1.32637,-37133.6,-9309.9,145.201,78.2209,-148882,2322.03,582.165,29.5253
0.152775,0,0,15.9918,1.32653,-37109.8,-9310.27,145.108,78.2224,-148888,2320.54,582.189,29.5311
0.152785,0,0,15.9918,1.32669,-37086,-9310.64,145.015,78.2238,-148894,2319.06,582.212,29.5369
0.152795,0,0,15.9918,1.32685,-37062.2,-9311.01,144.922,78.2253,-148900,2317.57,582.235,29.5428
0.152805,0,0,15.9918,1.32701,-37038.3,-9311.38,144.829,78.2267,-148906,2316.08,582.258,29.5486
0.152815,0,0,15.9918,1.32717,-37014.5,-9311.75,144.736,78.2282,-148912,2314.59,582.281,29.5544
0.152825,0,0,15.9918,1.32733,-36990.7,-9312.12,144.643,78.2296,-148918,2313.1,582.305,29.5602
0.152835,0,0,15.9918,1.32749,-36966.9,-9312.49,144.549,78.2311,-148924,2311.61,582.328,29.5661
0.152845,0,0,15.9918,1.32765,-36943.1,-9312.86,144.456,78.2325,-148930,2310.12,582.351,29.5719
0.152855,0,0,15.9918,1.32781,-36919.3,-9313.23,144.363,78.234,-148936,2308.63,582.374,29.5777
0.152865,0,0,15.9918,1.32797,-36895.5,-9313.6,144.27,78.2354,-148942,2307.14,582.397,29.5835
0.152875,0,0,15.9918,1.32813,-36871.7,-9313.97,144.177,78.2369,-148948,2305.65,582.42,29.5894
0.152885,0,0,15.9918,1.32829,-36847.9,-9314.34,144.084,78.2383,-148953,2304.17,582.443,29.5952
0.152895,0,0,15.9918,1.32845,-36824,-9314.71,143.991,78.2397,-148959,2302.68,582.466,29.601
0.152905,0,0,15.9918,1.32861,-36800.2,-9315.07,143.897,78.2412,-148965,2301.19,582.489,29.6068
0.152915,0,0,15.9918,1.32877,-36776.4,-9315.44,143.804,78.2426,-148971,2299.7,582.512,29.6127
0.152925,0,0,15.9918,1.32893,-36752.6,-9315.81,143.711,78.2441,-148977,2298.21,582.535,29.6185
0.152935,0,0,15.9918,1.32909,-36728.7,-9316.18,143.618,78.2455,-148983,2296.72,582.558,29.6243
0.152945,0,0,15.9918,1.32925,-36704.9,-9316.54,143.525,78.2469,-148989,2295.23,582.581,29.6301
0.152955,0,0,15.9918,1.32941,-36681.1,-9316.91,143.432,78.2484,-148995,2293.74,582.604,29.636
0.152965,0,0,15.9918,1.32957,-36657.3,-9317.28,143.339,78.2498,-149000,2292.25,582.627,29.6418
0.152975,0,0,15.9918,1.32973,-36633.5,-9317.64,143.245,78.2512,-149006,2290.76,582.65,29.6476
0.152984,0,0,15.9918,1.32989,-36609.6,-9318.01,143.152,78.2527,-149012,2289.27,582.673,29.6534
0.152994,0,0,15.9918,1.33005,-36585.8,-9318.38,143.059,78.2541,-149018,2287.78,582.696,29.6593
0.153004,0,0,15.9918,1.33021,-36562,-9318.74,142.966,78.2555,-149024,2286.29,582.718,29.6651
0.153014,0,0,15.9918,1.33037,-36538.1,-9319.11,142.873,78.257,-149030,2284.8,582.741,29.6709
0.153024,0,0,15.9918,1.33053,-36514.3,-9319.47,142.78,78.2584,-149036,2283.31,582.764,29.6767
0.153034,0,0,15.9918,1.33069,-36490.5,-9319.84,142.686,78.2598,-149041,2281.82,582.787,29.6826
0.153044,0,0,15.9918,1.33085,-36466.6,-9320.2,142.593,78.2612,-149047,2280.33,582.81,29.6884
0.153054,0,0,15.9918,1.331,-36442.8,-9320.57,142.5,78.2627,-149053,2278.84,582.833,29.6942
0.153064,0,0,15.9918,1.33116,-36419,-9320.93,142.407,78.2641,-149059,2277.35,582.855,29.7001
0.153074,0,0,15.9918,1.33132,-36395.2,-9321.29,142.314,78.2655,-149065,2275.86,582.878,29.7059
0.153084,0,0,15.9918,1.33148,-36371.3,-9321.66,142.22,78.2669,-149071,2274.37,582.901,29.7117
0.153094,0,0,15.9918,1.33164,-36347.5,-9322.02,142.127,78.2683,-149076,2272.88,582.924,29.7175
0.153104,0,0,15.9918,1.3318,-36323.6,-9322.39,142.034,78.2698,-149082,2271.39,582.946,29.7234
0.153114,0,0,15.9918,1.33196,-36299.8,-9322.75,141.941,78.2712,-149088,2269.9,582.969,29.7292
0.153124,0,0,15.9918,1.33212,-36276,-9323.11,141.848,78.2726,-149094,2268.4,582.992,29.735
0.153134,0,0,15.9918,1.33228,-36252.1,-9323.47,141.754,78.274,-149100,2266.91,583.014,29.7409
0.153144,0,0,15.9918,1.33244,-36228.3,-9323.84,141.661,78.2754,-149105,2265.42,583.037,29.7467
0.153154,0,0,15.9918,1.3326,-36204.4,-9324.2,141.568,78.2769,-149111,2263.93,583.06,29.7525
0.153164,0,0,15.9918,1.33276,-36180.6,-9324.56,141.475,78.2783,-149117,2262.44,583.082,29.7584
0.153174,0,0,15.9918,1.33292,-36156.8,-9324.92,141.381,78.2797,-149123,2260.95,583.105,29.7642
0.153184,0,0,15.9918,1.33308,-36132.9,-9325.28,141.288,78.2811,-149128,2259.46,583.128,29.77
0.153194,0,0,15.9918,1.33324,-36109.1,-9325.64,141.195,78.2825,-149134,2257.97,583.15,29.7758
0.153204,0,0,15.9918,1.3334,-36085.2,-9326.01,141.102,78.2839,-149140,2256.48,583.173,29.7817
0.153214,0,0,15.9918,1.33356,-36061.4,-9326.37,141.008,78.2853,-149146,2254.98,583.195,29.7875
0.153224,0,0,15.9918,1.33372,-36037.5,-9326.73,140.915,78.2867,-149152,2253.49,583.218,29.7933
0.153234,0,0,15.9918,1.33388,-36013.7,-9327.09,140.822,78.2882,-149157,2252,583.24,29.7992
0.153244,0,0,15.9918,1.33404,-35989.8,-9327.45,140.729,78.2896,-149163,2250.51,583.263,29.805
0.153254,0,0,15.9918,1.3342,-35966,-9327.81,140.635,78.291,-149169,2249.02,583.285,29.8108
0.153264,0,0,15.9918,1.33436,-35942.1,-9328.17,140.542,78.2924,-149175,2247.53,583.308,29.8167
0.153274,0,0,15.9918,1.33452,-35918.3,-9328.53,140.449,78.2938,-149180,2246.04,583.33,29.8225
0.153284,0,0,15.9918,1.33468,-35894.4,-9328.88,140.356,78.2952,-149186,2244.54,583.353,29.8283
0.153294,0,0,15.9918,1.33484,-35870.6,-9329.24,140.262,78.2966,-149192,2243.05,583.375,29.8342
0.153304,0,0,15.9918,1.335,-35846.7,-9329.6,140.169,78.298,-149198,2241.56,583.398,29.84
0.153314,0,0,15.9918,1.33516,-35822.8,-9329.96,140.076,78.2994,-149203,2240.07,583.42,29.8458
0.153324,0,0,15.9918,1.33532,-35799,-9330.32,139.982,78.3008,-149209,2238.58,583.442,29.8517
0.153334,0,0,15.9918,1.33548,-35775.1,-9330.68,139.889,78.3022,-149215,2237.09,583.465,29.8575
0.153344,0,0,15.9918,1.33564,-35751.3,-9331.03,139.796,78.3036,-149220,2235.59,583.487,29.8633
0.153354,0,0,15.9918,1.3358,-35727.4,-9331.39,139.703,78.305,-149226,2234.1,583.509,29.8692
0.153364,0,0,15.9918,1.33596,-35703.5,-9331.75,139.609,78.3064,-149232,2232.61,583.532,29.875
0.153374,0,0,15.9918,1.33612,-35679.7,-9332.1,139.516,78.3078,-149238,2231.12,583.554,29.8808
0.153384,0,0,15.9918,1.33628,-35655.8,-9332.46,139.423,78.3092,-149243,2229.63,583.576,29.8867
0.153394,0,0,15.9918,1.33644,-35631.9,-9332.82,139.329,78.3106,-149249,2228.13,583.599,29.8925
0.153404,0,0,15.9918,1.3366,-35608.1,-9333.17,139.236,78.312,-149255,2226.64,583.621,29.8984
0.153414,0,0,15.9918,1.33676,-35584.2,-9333.53,139.143,78.3134,-149260,2225.15,583.643,29.9042
0.153424,0,0,15.9918,1.33692,-35560.3,-9333.89,139.049,78.3147,-149266,2223.66,583.665,29.91
0.153434,0,0,15.9918,1.33708,-35536.5,-9334.24,138.956,78.3161,-149272,2222.16,583.688,29.9159
0.153444,0,0,15.9918,1.33724,-35512.6,-9334.6,138.863,78.3175,-149277,2220.67,583.71,29.9217
0.153454,0,0,15.9918,1.3374,-35488.8,-9334.95,138.769,78.3189,-149283,2219.18,583.732,29.9275
0.153464,0,0,15.9918,1.33756,-35464.9,-9335.31,138.676,78.3203,-149289,2217.69,583.754,29.9334
0.153474,0,0,15.9918,1.33772,-35441,-9335.66,138.583,78.3217,-149294,2216.19,583.776,29.9392
0.153484,0,0,15.9918,1.33788,-35417.1,-9336.01,138.489,78.3231,-149300,2214.7,583.798,29.9451
0.153494,0,0,15.9918,1.33804,-35393.3,-9336.37,138.396,78.3245,-149306,2213.21,583.821,29.9509
0.153504,0,0,15.9918,1.3382,-35369.4,-9336.72,138.303,78.3258,-149311,2211.71,583.843,29.9567
0.153514,0,0,15.9918,1.33836,-35345.5,-9337.08,138.209,78.3272,-149317,2210.22,583.865,29.9626
0.153524,0,0,15.9918,1.33852,-35321.6,-9337.43,138.116,78.3286,-149323,2208.73,583.887,29.9684
0.153534,0,0,15.9918,1.33868,-35297.8,-9337.78,138.023,78.33,-149328,2207.24,583.909,29.9742
0.153544,0,0,15.9918,1.33884,-35273.9,-9338.13,137.929,78.3314,-149334,2205.74,583.931,29.9801
0.153554,0,0,15.9918,1.339,-35250,-9338.49,137.836,78.3327,-149340,2204.25,583.953,29.9859
0.153564,0,0,15.9918,1.33916,-35226.1,-9338.84,137.742,78.3341,-149345,2202.76,583.975,29.9918
0.153574,0,0,15.9918,1.33932,-35202.2,-9339.19,137.649,78.3355,-149351,2201.26,583.997,29.9976
0.153584,0,0,15.9918,1.33948,-35178.4,-9339.54,137.556,78.3369,-149357,2199.77,584.019,30.0034
0.153594,0,0,15.9918,1.33964,-35154.5,-9339.9,137.462,78.3382,-149362,2198.28,584.041,30.0093
0.153604,0,0,15.9918,1.3398,-35130.6,-9340.25,137.369,78.3396,-149368,2196.78,584.063,30.0151
0.153614,0,0,15.9918,1.33996,-35106.7,-9340.6,137.276,78.341,-149373,2195.29,584.085,30.021
0.153624,0,0,15.9918,1.34012,-35082.8,-9340.95,137.182,78.3424,-149379,2193.79,584.107,30.0268
0.153634,0,0,15.9918,1.34028,-35058.9,-9341.3,137.089,78.3437,-149385,2192.3,584.129,30.0326
0.153644,0,0,15.9918,1.34044,-35035.1,-9341.65,136.995,78.3451,-149390,2190.81,584.151,30.0385
0.153654,0,0,15.9918,1.3406,-35011.2,-9342,136.902,78.3465,-149396,2189.31,584.173,30.0443
0.153664,0,0,15.9918,1.34076,-34987.3,-9342.35,136.809,78.3478,-149401,2187.82,584.195,30.0502
0.153674,0,0,15.9918,1.34092,-34963.4,-9342.7,136.715,78.3492,-149407,2186.33,584.217,30.056
0.153684,0,0,15.9918,1.34108,-34939.5,-9343.05,136.622,78.3506,-149413,2184.83,584.238,30.0619
0.153694,0,0,15.9918,1.34124,-34915.6,-9343.4,136.528,78.3519,-149418,2183.34,584.26,30.0677
0.153704,0,0,15.9918,1.3414,-34891.7,-9343.75,136.435,78.3533,-149424,2181.84,584.282,30.0735
0.153714,0,0,15.9918,1.34156,-34867.8,-9344.1,136.341,78.3547,-149429,2180.35,584.304,30.0794
0.153724,0,0,15.9918,1.34172,-34843.9,-9344.45,136.248,78.356,-149435,2178.86,584.326,30.0852
0.153734,0,0,15.9918,1.34188,-34820,-9344.79,136.155,78.3574,-149440,2177.36,584.347,30.0911
0.153744,0,0,15.9918,1.34204,-34796.1,-9345.14,136.061,78.3588,-149446,2175.87,584.369,30.0969
0.153754,0,0,15.9918,1.3422,-34772.3,-9345.49,135.968,78.3601,-149452,2174.37,584.391,30.1028
0.153764,0,0,15.9918,1.34236,-34748.4,-9345.84,135.874,78.3615,-149457,2172.88,584.413,30.1086
0.153774,0,0,15.9918,1.34252,-34724.4,-9346.18,135.781,78.3628,-149463,2171.38,584.434,30.1144
0.153784,0,0,15.9918,1.34268,-34700.6,-9346.53,135.687,78.3642,-149468,2169.89,584.456,30.1203
0.153794,0,0,15.9918,1.34284,-34676.7,-9346.88,135.594,78.3656,-149474,2168.4,584.478,30.1261
0.153804,0,0,15.9918,1.343,-34652.7,-9347.22,135.5,78.3669,-149479,2166.9,584.499,30.132
0.153814,0,0,15.9918,1.34316,-34628.9,-9347.57,135.407,78.3683,-149485,2165.41,584.521,30.1378
0.153824,0,0,15.9918,1.34332,-34604.9,-9347.92,135.313,78.3696,-149490,2163.91,584.543,30.1437
0.153834,0,0,15.9918,1.34348,-34581,-9348.26,135.22,78.371,-149496,2162.42,584.564,30.1495
0.153844,0,0,15.9918,1.34364,-34557.1,-9348.61,135.127,78.3723,-149501,2160.92,584.586,30.1554
0.153854,0,0,15.9918,1.3438,-34533.2,-9348.95,135.033,78.3737,-149507,2159.43,584.608,30.1612
0.153864,0,0,15.9918,1.34396,-34509.3,-9349.3,134.94,78.375,-149513,2157.93,584.629,30.1671
0.153874,0,0,15.9918,1.34412,-34485.4,-9349.64,134.846,78.3764,-149518,2156.44,584.651,30.1729
0.153884,0,0,15.9918,1.34428,-34461.5,-9349.99,134.753,78.3777,-149524,2154.94,584.672,30.1787
0.153894,0,0,15.9918,1.34444,-34437.6,-9350.33,134.659,78.3791,-149529,2153.45,584.694,30.1846
0.153904,0,0,15.9918,1.3446,-34413.7,-9350.68,134.566,78.3804,-149535,2151.95,584.715,30.1904
0.153914,0,0,15.9918,1.34476,-34389.8,-9351.02,134.472,78.3818,-149540,2150.46,584.737,30.1963
0.153924,0,0,15.9918,1.34492,-34365.9,-9351.37,134.379,78.3831,-149546,2148.96,584.758,30.2021
0.153934,0,0,15.9918,1.34508,-34342,-9351.71,134.285,78.3844,-149551,2147.47,584.78,30.208
0.153944,0,0,15.9918,1.34524,-34318,-9352.05,134.192,78.3858,-149557,2145.97,584.801,30.2138
0.153954,0,0,15.9918,1.3454,-34294.1,-9352.39,134.098,78.3871,-149562,2144.48,584.823,30.2197
0.153964,0,0,15.9918,1.34556,-34270.2,-9352.74,134.005,78.3885,-149568,2142.98,584.844,30.2255
0.153974,0,0,15.9918,1.34572,-34246.3,-9353.08,133.911,78.3898,-149573,2141.49,584.866,30.2314
0.153984,0,0,15.9918,1.34588,-34222.4,-9353.42,133.818,78.3912,-149578,2139.99,584.887,30.2372
0.153994,0,0,15.9918,1.34604,-34198.5,-9353.76,133.724,78.3925,-149584,2138.49,584.908,30.2431
0.154004,0,0,15.9918,1.3462,-34174.5,-9354.11,133.631,78.3938,-149589,2137,584.93,30.2489
0.154014,0,0,15.9918,1.34636,-34150.6,-9354.45,133.537,78.3952,-149595,2135.5,584.951,30.2548
0.154024,0,0,15.9918,1.34651,-34126.7,-9354.79,133.443,78.3965,-149600,2134.01,584.973,30.2606
0.154034,0,0,15.9918,1.34667,-34102.8,-9355.13,133.35,78.3978,-149606,2132.51,584.994,30.2665
0.154044,0,0,15.9918,1.34683,-34078.9,-9355.47,133.256,78.3992,-149611,2131.02,585.015,30.2723
0.154054,0,0,15.9918,1.34699,-34054.9,-9355.81,133.163,78.4005,-149617,2129.52,585.036,30.2782
0.154064,0,0,15.9918,1.34715,-34031,-9356.15,133.069,78.4018,-149622,2128.02,585.058,30.284
0.154074,0,0,15.9918,1.34731,-34007.1,-9356.49,132.976,78.4032,-149628,2126.53,585.079,30.2899
0.154084,0,0,15.9918,1.34747,-33983.2,-9356.83,132.882,78.4045,-149633,2125.03,585.1,30.2957
0.154094,0,0,15.9918,1.34763,-33959.2,-9357.17,132.789,78.4058,-149638,2123.53,585.122,30.3016
0.154104,0,0,15.9918,1.34779,-33935.3,-9357.51,132.695,78.4071,-149644,2122.04,585.143,30.3074
0.154114,0,0,15.9918,1.34795,-33911.4,-9357.85,132.602,78.4085,-149649,2120.54,585.164,30.3133
0.154124,0,0,15.9918,1.34811,-33887.4,-9358.19,132.508,78.4098,-149655,2119.05,585.185,30.3191
0.154134,0,0,15.9918,1.34827,-33863.5,-9358.53,132.414,78.4111,-149660,2117.55,585.206,30.325
0.154144,0,0,15.9918,1.34843,-33839.6,-9358.87,132.321,78.4124,-149666,2116.05,585.227,30.3308
0.154154,0,0,15.9918,1.34859,-33815.7,-9359.21,132.227,78.4138,-149671,2114.56,585.249,30.3367
0.154164,0,0,15.9918,1.34875,-33791.7,-9359.54,132.134,78.4151,-149676,2113.06,585.27,30.3425
0.154174,0,0,15.9918,1.34891,-33767.8,-9359.88,132.04,78.4164,-149682,2111.56,585.291,30.3484
0.154184,0,0,15.9918,1.34907,-33743.9,-9360.22,131.946,78.4177,-149687,2110.07,585.312,30.3542
0.154194,0,0,15.9918,1.34923,-33719.9,-9360.56,131.853,78.419,-149693,2108.57,585.333,30.3601
0.154204,0,0,15.9918,1.34939,-33696,-9360.89,131.759,78.4204,-149698,2107.07,585.354,30.366
0.154214,0,0,15.9918,1.34955,-33672.1,-9361.23,131.666,78.4217,-149703,2105.58,585.375,30.3718
0.154224,0,0,15.9918,1.34971,-33648.1,-9361.57,131.572,78.423,-149709,2104.08,585.396,30.3777
0.154234,0,0,15.9918,1.34987,-33624.2,-9361.9,131.478,78.4243,-149714,2102.58,585.417,30.3835
0.154244,0,0,15.9918,1.35003,-33600.2,-9362.24,131.385,78.4256,-149719,2101.09,585.438,30.3894
0.154254,0,0,15.9918,1.35019,-33576.3,-9362.57,131.291,78.4269,-149725,2099.59,585.459,30.3952
0.154264,0,0,15.9918,1.35035,-33552.4,-9362.91,131.198,78.4282,-149730,2098.09,585.48,30.4011
0.154274,0,0,15.9918,1.35051,-33528.4,-9363.25,131.104,78.4296,-149736,2096.59,585.501,30.4069
0.154284,0,0,15.9918,1.35067,-33504.5,-9363.58,131.01,78.4309,-149741,2095.1,585.522,30.4128
0.154294,0,0,15.9918,1.35083,-33480.5,-9363.92,130.917,78.4322,-149746,2093.6,585.543,30.4186
0.154304,0,0,15.9918,1.35099,-33456.6,-9364.25,130.823,78.4335,-149752,2092.1,585.564,30.4245
0.154314,0,0,15.9918,1.35115,-33432.7,-9364.58,130.73,78.4348,-149757,2090.61,585.585,30.4304
0.154324,0,0,15.9918,1.35131,-33408.7,-9364.92,130.636,78.4361,-149762,2089.11,585.606,30.4362
0.154334,0,0,15.9918,1.35147,-33384.8,-9365.25,130.542,78.4374,-149768,2087.61,585.627,30.4421
0.154344,0,0,15.9918,1.35163,-33360.8,-9365.59,130.449,78.4387,-149773,2086.11,585.648,30.4479
0.154354,0,0,15.9918,1.35179,-33336.9,-9365.92,130.355,78.44,-149778,2084.62,585.669,30.4538
0.154364,0,0,15.9918,1.35195,-33312.9,-9366.25,130.261,78.4413,-149784,2083.12,585.689,30.4596
0.154374,0,0,15.9918,1.35211,-33289,-9366.58,130.168,78.4426,-149789,2081.62,585.71,30.4655
0.154384,0,0,15.9918,1.35227,-33265,-9366.92,130.074,78.4439,-149794,2080.12,585.731,30.4714
0.154394,0,0,15.9918,1.35243,-33241.1,-9367.25,129.98,78.4452,-149800,2078.63,585.752,30.4772
0.154404,0,0,15.9918,1.35259,-33217.1,-9367.58,129.887,78.4465,-149805,2077.13,585.773,30.4831
0.154414,0,0,15.9918,1.35275,-33193.1,-9367.92,129.793,78.4478,-149810,2075.63,585.793,30.4889
0.154424,0,0,15.9918,1.35291,-33169.2,-9368.25,129.699,78.4491,-149816,2074.13,585.814,30.4948
0.154434,0,0,15.9918,1.35307,-33145.2,-9368.58,129.606,78.4504,-149821,2072.63,585.835,30.5006
0.154444,0,0,15.9918,1.35323,-33121.3,-9368.91,129.512,78.4517,-149826,2071.14,585.855,30.5065
0.154454,0,0,15.9918,1.35339,-33097.3,-9369.24,129.418,78.453,-149831,2069.64,585.876,30.5124
0.154464,0,0,15.9918,1.35355,-33073.4,-9369.57,129.325,78.4543,-149837,2068.14,585.897,30.5182
0.154474,0,0,15.9918,1.35371,-33049.4,-9369.9,129.231,78.4556,-149842,2066.64,585.918,30.5241
0.154484,0,0,15.9918,1.35387,-33025.5,-9370.23,129.137,78.4569,-149847,2065.14,585.938,30.5299
0.154494,0,0,15.9918,1.35403,-33001.5,-9370.56,129.044,78.4582,-149853,2063.64,585.959,30.5358
0.154504,0,0,15.9918,1.35419,-32977.5,-9370.89,128.95,78.4595,-149858,2062.15,585.979,30.5417
0.154514,0,0,15.9918,1.35435,-32953.6,-9371.22,128.856,78.4608,-149863,2060.65,586,30.5475
0.154524,0,0,15.9918,1.35451,-32929.6,-9371.55,128.762,78.462,-149868,2059.15,586.021,30.5534
0.154534,0,0,15.9918,1.35467,-32905.6,-9371.88,128.669,78.4633,-149874,2057.65,586.041,30.5592
0.154544,0,0,15.9918,1.35483,-32881.7,-9372.21,128.575,78.4646,-149879,2056.15,586.062,30.5651
0.154554,0,0,15.9918,1.35499,-32857.7,-9372.54,128.481,78.4659,-149884,2054.65,586.082,30.571
0.154564,0,0,15.9918,1.35515,-32833.7,-9372.87,128.388,78.4672,-149889,2053.15,586.103,30.5768
0.154574,0,0,15.9918,1.35531,-32809.8,-9373.19,128.294,78.4685,-149895,2051.66,586.123,30.5827
0.154584,0,0,15.9918,1.35547,-32785.8,-9373.52,128.2,78.4697,-149900,2050.16,586.144,30.5885
0.154594,0,0,15.9918,1.35563,-32761.8,-9373.85,128.106,78.471,-149905,2048.66,586.164,30.5944
0.154604,0,0,15.9918,1.35579,-32737.9,-9374.18,128.013,78.4723,-149910,2047.16,586.185,30.6003
0.154614,0,0,15.9918,1.35595,-32713.9,-9374.5,127.919,78.4736,-149916,2045.66,586.205,30.6061
0.154624,0,0,15.9918,1.35611,-32689.9,-9374.83,127.825,78.4749,-149921,2044.16,586.226,30.612
0.154634,0,0,15.9918,1.35627,-32666,-9375.16,127.732,78.4762,-149926,2042.66,586.246,30.6178
0.154644,0,0,15.9918,1.35643,-32642,-9375.49,127.638,78.4774,-149931,2041.16,586.267,30.6237
0.154654,0,0,15.9918,1.35659,-32618,-9375.81,127.544,78.4787,-149937,2039.66,586.287,30.6296
0.154664,0,0,15.9918,1.35675,-32594,-9376.14,127.45,78.48,-149942,2038.17,586.307,30.6354
0.154674,0,0,15.9918,1.35691,-32570,-9376.46,127.357,78.4812,-149947,2036.67,586.328,30.6413
0.154684,0,0,15.9918,1.35707,-32546.1,-9376.79,127.263,78.4825,-149952,2035.17,586.348,30.6472
0.154694,0,0,15.9918,1.35723,-32522.1,-9377.11,127.169,78.4838,-149957,2033.67,586.369,30.653
0.154704,0,0,15.9918,1.35739,-32498.1,-9377.44,127.075,78.4851,-149963,2032.17,586.389,30.6589
0.154714,0,0,15.9918,1.35755,-32474.1,-9377.76,126.982,78.4863,-149968,2030.67,586.409,30.6648
0.154724,0,0,15.9918,1.35771,-32450.2,-9378.09,126.888,78.4876,-149973,2029.17,586.429,30.6706
0.154734,0,0,15.9918,1.35787,-32426.2,-9378.41,126.794,78.4889,-149978,2027.67,586.45,30.6765
0.154744,0,0,15.9918,1.35803,-32402.2,-9378.74,126.7,78.4901,-149983,2026.17,586.47,30.6824
0.154754,0,0,15.9918,1.35819,-32378.2,-9379.06,126.606,78.4914,-149988,2024.67,586.49,30.6882
0.154764,0,0,15.9918,1.35835,-32354.2,-9379.38,126.513,78.4927,-149994,2023.17,586.51,30.6941
0.154774,0,0,15.9918,1.35851,-32330.2,-9379.71,126.419,78.4939,-149999,2021.67,586.531,30.6999
0.154784,0,0,15.9918,1.35867,-32306.3,-9380.03,126.325,78.4952,-150004,2020.17,586.551,30.7058
0.154794,0,0,15.9918,1.35883,-32282.3,-9380.35,126.231,78.4965,-150009,2018.67,586.571,30.7117
0.154804,0,0,15.9918,1.35899,-32258.3,-9380.68,126.137,78.4977,-150014,2017.17,586.591,30.7175
0.154814,0,0,15.9918,1.35915,-32234.3,-9381,126.044,78.499,-150019,2015.67,586.611,30.7234
0.154824,0,0,15.9918,1.35931,-32210.3,-9381.32,125.95,78.5002,-150025,2014.17,586.632,30.7293
0.154834,0,0,15.9918,1.35947,-32186.3,-9381.64,125.856,78.5015,-150030,2012.67,586.652,30.7351
0.154844,0,0,15.9918,1.35963,-32162.3,-9381.96,125.762,78.5028,-150035,2011.17,586.672,30.741
0.154854,0,0,15.9918,1.35979,-32138.3,-9382.29,125.668,78.504,-150040,2009.67,586.692,30.7469
0.154864,0,0,15.9918,1.35995,-32114.3,-9382.61,125.575,78.5053,-150045,2008.17,586.712,30.7527
0.154874,0,0,15.9918,1.36011,-32090.4,-9382.93,125.481,78.5065,-150050,2006.67,586.732,30.7586
0.154884,0,0,15.9918,1.36027,-32066.4,-9383.25,125.387,78.5078,-150055,2005.17,586.752,30.7645
0.154894,0,0,15.9918,1.36043,-32042.4,-9383.57,125.293,78.509,-150061,2003.67,586.772,30.7703
0.154904,0,0,15.9918,1.36059,-32018.4,-9383.89,125.199,78.5103,-150066,2002.17,586.792,30.7762
0.154914,0,0,15.9918,1.36075,-31994.4,-9384.21,125.106,78.5115,-150071,2000.67,586.812,30.7821
0.154924,0,0,15.9918,1.36091,-31970.4,-9384.53,125.012,78.5128,-150076,1999.17,586.832,30.7879
0.154934,0,0,15.9918,1.36107,-31946.4,-9384.85,124.918,78.514,-150081,1997.67,586.852,30.7938
0.154944,0,0,15.9918,1.36123,-31922.4,-9385.17,124.824,78.5153,-150086,1996.17,586.872,30.7997
0.154954,0,0,15.9918,1.36139,-31898.4,-9385.49,124.73,78.5165,-150091,1994.67,586.892,30.8056
0.154964,0,0,15.9918,1.36155,-31874.4,-9385.81,124.636,78.5178,-150096,1993.17,586.912,30.8114
0.154974,0,0,15.9918,1.36171,-31850.4,-9386.12,124.543,78.519,-150101,1991.67,586.932,30.8173
0.154984,0,0,15.9918,1.36187,-31826.4,-9386.44,124.449,78.5203,-150107,1990.16,586.952,30.8232
0.154994,0,0,15.9918,1.36203,-31802.4,-9386.76,124.355,78.5215,-150112,1988.66,586.972,30.829
0.155004,0,0,15.9918,1.36218,-31778.4,-9387.08,124.261,78.5228,-150117,1987.16,586.992,30.8349
0.155014,0,0,15.9918,1.36234,-31754.4,-9387.4,124.167,78.524,-150122,1985.66,587.012,30.8408
0.155024,0,0,15.9918,1.3625,-31730.4,-9387.71,124.073,78.5253,-150127,1984.16,587.031,30.8466
0.155034,0,0,15.9918,1.36266,-31706.4,-9388.03,123.979,78.5265,-150132,1982.66,587.051,30.8525
0.155044,0,0,15.9918,1.36282,-31682.4,-9388.35,123.886,78.5277,-150137,1981.16,587.071,30.8584
0.155054,0,0,15.9918,1.36298,-31658.4,-9388.67,123.792,78.529,-150142,1979.66,587.091,30.8643
0.155064,0,0,15.9918,1.36314,-31634.4,-9388.98,123.698,78.5302,-150147,1978.16,587.111,30.8701
0.155074,0,0,15.9918,1.3633,-31610.4,-9389.3,123.604,78.5314,-150152,1976.65,587.13,30.876
0.155084,0,0,15.9918,1.36346,-31586.3,-9389.61,123.51,78.5327,-150157,1975.15,587.15,30.8819
0.155094,0,0,15.9918,1.36362,-31562.3,-9389.93,123.416,78.5339,-150162,1973.65,587.17,30.8877
0.155104,0,0,15.9918,1.36378,-31538.3,-9390.24,123.322,78.5351,-150167,1972.15,587.19,30.8936
0.155114,0,0,15.9918,1.36394,-31514.3,-9390.56,123.228,78.5364,-150172,1970.65,587.209,30.8995
0.155124,0,0,15.9918,1.3641,-31490.3,-9390.88,123.134,78.5376,-150177,1969.15,587.229,30.9054
0.155134,0,0,15.9918,1.36426,-31466.3,-9391.19,123.041,78.5388,-150182,1967.65,587.249,30.9112
0.155144,0,0,15.9918,1.36442,-31442.3,-9391.5,122.947,78.5401,-150187,1966.14,587.268,30.9171
0.155154,0,0,15.9918,1.36458,-31418.2,-9391.82,122.853,78.5413,-150192,1964.64,587.288,30.923
0.155164,0,0,15.9918,1.36474,-31394.2,-9392.13,122.759,78.5425,-150198,1963.14,587.308,30.9288
0.155174,0,0,15.9918,1.3649,-31370.2,-9392.45,122.665,78.5438,-150203,1961.64,587.327,30.9347
0.155184,0,0,15.9918,1.36506,-31346.2,-9392.76,122.571,78.545,-150208,1960.14,587.347,30.9406
0.155194,0,0,15.9918,1.36522,-31322.2,-9393.07,122.477,78.5462,-150213,1958.63,587.366,30.9465
0.155204,0,0,15.9918,1.36538,-31298.2,-9393.39,122.383,78.5474,-150218,1957.13,587.386,30.9523
0.155214,0,0,15.9918,1.36554,-31274.1,-9393.7,122.289,78.5487,-150223,1955.63,587.406,30.9582
0.155224,0,0,15.9918,1.3657,-31250.1,-9394.01,122.195,78.5499,-150228,1954.13,587.425,30.9641
0.155234,0,0,15.9918,1.36586,-31226.1,-9394.32,122.101,78.5511,-150233,1952.63,587.445,30.97
0.155244,0,0,15.9918,1.36602,-31202.1,-9394.64,122.007,78.5523,-150238,1951.12,587.464,30.9758
0.155254,0,0,15.9918,1.36618,-31178.1,-9394.95,121.914,78.5535,-150243,1949.62,587.484,30.9817
0.155264,0,0,15.9918,1.36634,-31154,-9395.26,121.82,78.5548,-150248,1948.12,587.503,30.9876
0.155274,0,0,15.9918,1.3665,-31130,-9395.57,121.726,78.556,-150252,1946.62,587.523,30.9935
0.155284,0,0,15.9918,1.36666,-31106,-9395.88,121.632,78.5572,-150257,1945.12,587.542,30.9993
0.155294,0,0,15.9918,1.36682,-31081.9,-9396.19,121.538,78.5584,-150262,1943.61,587.562,31.0052
0.155304,0,0,15.9918,1.36698,-31057.9,-9396.5,121.444,78.5596,-150267,1942.11,587.581,31.0111
0.155314,0,0,15.9918,1.36714,-31033.9,-9396.81,121.35,78.5608,-150272,1940.61,587.6,31.017
0.155324,0,0,15.9918,1.3673,-31009.9,-9397.12,121.256,78.562,-150277,1939.1,587.62,31.0228
0.155334,0,0,15.9918,1.36746,-30985.9,-9397.43,121.162,78.5633,-150282,1937.6,587.639,31.0287
0.155344,0,0,15.9918,1.36762,-30961.8,-9397.74,121.068,78.5645,-150287,1936.1,587.659,31.0346
0.155354,0,0,15.9918,1.36778,-30937.8,-9398.05,120.974,78.5657,-150292,1934.6,587.678,31.0405
0.155364,0,0,15.9918,1.36794,-30913.8,-9398.36,120.88,78.5669,-150297,1933.1,587.697,31.0463
0.155374,0,0,15.9918,1.3681,-30889.7,-9398.67,120.786,78.5681,-150302,1931.59,587.717,31.0522
0.155384,0,0,15.9918,1.36826,-30865.7,-9398.98,120.692,78.5693,-150307,1930.09,587.736,31.0581
0.155394,0,0,15.9918,1.36842,-30841.7,-9399.29,120.598,78.5705,-150312,1928.59,587.755,31.064
0.155404,0,0,15.9918,1.36858,-30817.6,-9399.6,120.504,78.5717,-150317,1927.08,587.774,31.0699
0.155414,0,0,15.9918,1.36874,-30793.6,-9399.9,120.41,78.5729,-150322,1925.58,587.794,31.0757
0.155424,0,0,15.9918,1.3689,-30769.5,-9400.21,120.316,78.5741,-150327,1924.08,587.813,31.0816
0.155434,0,0,15.9918,1.36906,-30745.5,-9400.52,120.222,78.5753,-150332,1922.57,587.832,31.0875
0.155444,0,0,15.9918,1.36922,-30721.5,-9400.83,120.128,78.5765,-150337,1921.07,587.851,31.0934
0.155454,0,0,15.9918,1.36938,-30697.4,-9401.13,120.034,78.5777,-150341,1919.57,587.871,31.0992
0.155464,0,0,15.9918,1.36954,-30673.4,-9401.44,119.94,78.5789,-150346,1918.06,587.89,31.1051
0.155474,0,0,15.9918,1.3697,-30649.3,-9401.75,119.846,78.5801,-150351,1916.56,587.909,31.111
0.155484,0,0,15.9918,1.36986,-30625.3,-9402.05,119.752,78.5813,-150356,1915.06,587.928,31.1169
0.155494,0,0,15.9918,1.37002,-30601.3,-9402.36,119.658,78.5825,-150361,1913.55,587.947,31.1228
0.155504,0,0,15.9918,1.37018,-30577.2,-9402.67,119.564,78.5837,-150366,1912.05,587.966,31.1286
0.155514,0,0,15.9918,1.37034,-30553.2,-9402.97,119.47,78.5849,-150371,1910.55,587.985,31.1345
0.155524,0,0,15.9918,1.3705,-30529.1,-9403.28,119.376,78.5861,-150376,1909.04,588.005,31.1404
0.155534,0,0,15.9918,1.37066,-30505.1,-9403.58,119.282,78.5873,-150381,1907.54,588.024,31.1463
0.155544,0,0,15.9918,1.37082,-30481,-9403.89,119.188,78.5885,-150385,1906.04,588.043,31.1522
0.155554,0,0,15.9918,1.37098,-30457,-9404.19,119.094,78.5897,-150390,1904.53,588.062,31.158
0.155564,0,0,15.9918,1.37114,-30432.9,-9404.5,119,78.5909,-150395,1903.03,588.081,31.1639
0.155574,0,0,15.9918,1.3713,-30408.9,-9404.8,118.906,78.5921,-150400,1901.53,588.1,31.1698
0.155584,0,0,15.9918,1.37146,-30384.8,-9405.1,118.812,78.5933,-150405,1900.02,588.119,31.1757
0.155594,0,0,15.9918,1.37162,-30360.8,-9405.41,118.718,78.5945,-150410,1898.52,588.138,31.1816
0.155604,0,0,15.9918,1.37178,-30336.8,-9405.71,118.624,78.5956,-150415,1897.01,588.157,31.1874
0.155614,0,0,15.9918,1.37194,-30312.7,-9406.01,118.53,78.5968,-150420,1895.51,588.176,31.1933
0.155624,0,0,15.9918,1.3721,-30288.6,-9406.32,118.436,78.598,-150424,1894.01,588.195,31.1992
0.155634,0,0,15.9918,1.37226,-30264.6,-9406.62,118.342,78.5992,-150429,1892.5,588.214,31.2051
0.155644,0,0,15.9918,1.37242,-30240.5,-9406.92,118.248,78.6004,-150434,1891,588.233,31.211
0.155654,0,0,15.9918,1.37258,-30216.5,-9407.22,118.154,78.6016,-150439,1889.49,588.251,31.2169
0.155664,0,0,15.9918,1.37274,-30192.4,-9407.53,118.06,78.6027,-150444,1887.99,588.27,31.2227
0.155674,0,0,15.9918,1.3729,-30168.4,-9407.83,117.965,78.6039,-150449,1886.48,588.289,31.2286
0.155684,0,0,15.9918,1.37306,-30144.3,-9408.13,117.871,78.6051,-150453,1884.98,588.308,31.2345
0.155694,0,0,15.9918,1.37322,-30120.3,-9408.43,117.777,78.6063,-150458,1883.48,588.327,31.2404
0.155704,0,0,15.9918,1.37338,-30096.2,-9408.73,117.683,78.6075,-150463,1881.97,588.346,31.2463
0.155714,0,0,15.9918,1.37354,-30072.2,-9409.03,117.589,78.6086,-150468,1880.47,588.365,31.2522
0.155724,0,0,15.9918,1.3737,-30048.1,-9409.33,117.495,78.6098,-150473,1878.96,588.383,31.258
0.155734,0,0,15.9918,1.37386,-30024,-9409.63,117.401,78.611,-150477,1877.46,588.402,31.2639
0.155744,0,0,15.9918,1.37402,-30000,-9409.93,117.307,78.6122,-150482,1875.95,588.421,31.2698
0.155754,0,0,15.9918,1.37418,-29975.9,-9410.24,117.213,78.6133,-150487,1874.45,588.44,31.2757
0.155764,0,0,15.9918,1.37434,-29951.8,-9410.53,117.119,78.6145,-150492,1872.94,588.458,31.2816
0.155774,0,0,15.9918,1.3745,-29927.8,-9410.83,117.025,78.6157,-150497,1871.44,588.477,31.2875
0.155784,0,0,15.9918,1.37466,-29903.7,-9411.13,116.931,78.6168,-150501,1869.93,588.496,31.2933
0.155794,0,0,15.9918,1.37482,-29879.7,-9411.43,116.836,78.618,-150506,1868.43,588.514,31.2992
0.155804,0,0,15.9918,1.37498,-29855.6,-9411.73,116.742,78.6192,-150511,1866.93,588.533,31.3051
0.155814,0,0,15.9918,1.37514,-29831.5,-9412.03,116.648,78.6203,-150516,1865.42,588.552,31.311
0.155824,0,0,15.9918,1.3753,-29807.4,-9412.33,116.554,78.6215,-150520,1863.92,588.57,31.3169
0.155834,0,0,15.9918,1.37546,-29783.4,-9412.62,116.46,78.6227,-150525,1862.41,588.589,31.3228
0.155844,0,0,15.9918,1.37562,-29759.3,-9412.92,116.366,78.6238,-150530,1860.9,588.608,31.3287
0.155854,0,0,15.9918,1.37578,-29735.2,-9413.22,116.272,78.625,-150535,1859.4,588.626,31.3345
0.155864,0,0,15.9918,1.37594,-29711.2,-9413.52,116.178,78.6262,-150539,1857.9,588.645,31.3404
0.155874,0,0,15.9918,1.3761,-29687.1,-9413.81,116.084,78.6273,-150544,1856.39,588.663,31.3463
0.155884,0,0,15.9918,1.37626,-29663,-9414.11,115.989,78.6285,-150549,1854.88,588.682,31.3522
0.155894,0,0,15.9918,1.37642,-29639,-9414.41,115.895,78.6296,-150554,1853.38,588.701,31.3581
0.155904,0,0,15.9918,1.37658,-29614.9,-9414.7,115.801,78.6308,-150558,1851.87,588.719,31.364
0.155914,0,0,15.9918,1.37674,-29590.8,-9415,115.707,78.632,-150563,1850.37,588.738,31.3699
0.155924,0,0,15.9918,1.3769,-29566.7,-9415.29,115.613,78.6331,-150568,1848.86,588.756,31.3758
0.155934,0,0,15.9918,1.37706,-29542.6,-9415.59,115.519,78.6343,-150573,1847.36,588.775,31.3816
0.155944,0,0,15.9918,1.37722,-29518.6,-9415.89,115.425,78.6354,-150577,1845.85,588.793,31.3875
0.155954,0,0,15.9918,1.37738,-29494.5,-9416.18,115.33,78.6366,-150582,1844.35,588.811,31.3934
0.155964,0,0,15.9918,1.37754,-29470.4,-9416.47,115.236,78.6377,-150587,1842.84,588.83,31.3993
0.155974,0,0,15.9918,1.37769,-29446.3,-9416.77,115.142,78.6389,-150592,1841.33,588.848,31.4052
0.155984,0,0,15.9918,1.37785,-29422.3,-9417.06,115.048,78.64,-150596,1839.83,588.867,31.4111
0.155994,0,0,15.9918,1.37801,-29398.2,-9417.36,114.954,78.6412,-150601,1838.32,588.885,31.417
0.156004,0,0,15.9918,1.37817,-29374.1,-9417.65,114.86,78.6423,-150606,1836.82,588.903,31.4229
0.156014,0,0,15.9918,1.37833,-29350,-9417.95,114.765,78.6435,-150610,1835.31,588.922,31.4287
0.156024,0,0,15.9918,1.37849,-29325.9,-9418.24,114.671,78.6446,-150615,1833.81,588.94,31.4346
0.156034,0,0,15.9918,1.37865,-29301.9,-9418.53,114.577,78.6458,-150620,1832.3,588.958,31.4405
0.156044,0,0,15.9918,1.37881,-29277.8,-9418.82,114.483,78.6469,-150624,1830.79,588.977,31.4464
0.156054,0,0,15.9918,1.37897,-29253.7,-9419.12,114.389,78.6481,-150629,1829.29,588.995,31.4523
0.156064,0,0,15.9918,1.37913,-29229.6,-9419.41,114.295,78.6492,-150634,1827.78,589.013,31.4582
0.156074,0,0,15.9918,1.37929,-29205.5,-9419.7,114.2,78.6503,-150638,1826.28,589.032,31.4641
0.156084,0,0,15.9918,1.37945,-29181.4,-9420,114.106,78.6515,-150643,1824.77,589.05,31.47
0.156094,0,0,15.9918,1.37961,-29157.4,-9420.29,114.012,78.6526,-150648,1823.26,589.068,31.4759
0.156104,0,0,15.9918,1.37977,-29133.2,-9420.58,113.918,78.6538,-150652,1821.76,589.086,31.4818
0.156114,0,0,15.9918,1.37993,-29109.2,-9420.87,113.824,78.6549,-150657,1820.25,589.105,31.4876
0.156124,0,0,15.9918,1.38009,-29085.1,-9421.16,113.73,78.656,-150662,1818.74,589.123,31.4935
0.156134,0,0,15.9918,1.38025,-29061,-9421.45,113.635,78.6572,-150666,1817.24,589.141,31.4994
0.156144,0,0,15.9918,1.38041,-29036.9,-9421.74,113.541,78.6583,-150671,1815.73,589.159,31.5053
0.156154,0,0,15.9918,1.38057,-29012.8,-9422.03,113.447,78.6594,-150676,1814.23,589.177,31.5112
0.156164,0,0,15.9918,1.38073,-28988.7,-9422.32,113.353,78.6606,-150680,1812.72,589.195,31.5171
0.156174,0,0,15.9918,1.38089,-28964.6,-9422.61,113.258,78.6617,-150685,1811.21,589.214,31.523
0.156184,0,0,15.9918,1.38105,-28940.5,-9422.9,113.164,78.6628,-150690,1809.71,589.232,31.5289
0.156194,0,0,15.9918,1.38121,-28916.4,-9423.19,113.07,78.664,-150694,1808.2,589.25,31.5348
0.156204,0,0,15.9918,1.38137,-28892.3,-9423.48,112.976,78.6651,-150699,1806.69,589.268,31.5407
0.156214,0,0,15.9918,1.38153,-28868.2,-9423.77,112.882,78.6662,-150703,1805.18,589.286,31.5466
0.156224,0,0,15.9918,1.38169,-28844.1,-9424.05,112.787,78.6674,-150708,1803.68,589.304,31.5525
0.156234,0,0,15.9918,1.38185,-28820,-9424.34,112.693,78.6685,-150713,1802.17,589.322,31.5584
0.156244,0,0,15.9918,1.38201,-28795.9,-9424.63,112.599,78.6696,-150717,1800.66,589.34,31.5642
0.156254,0,0,15.9918,1.38217,-28771.8,-9424.92,112.505,78.6708,-150722,1799.16,589.358,31.5701
0.156264,0,0,15.9918,1.38233,-28747.7,-9425.21,112.41,78.6719,-150726,1797.65,589.376,31.576
0.156274,0,0,15.9918,1.38249,-28723.6,-9425.5,112.316,78.673,-150731,1796.14,589.394,31.5819
0.156284,0,0,15.9918,1.38265,-28699.5,-9425.78,112.222,78.6741,-150736,1794.64,589.412,31.5878
0.156294,0,0,15.9918,1.38281,-28675.4,-9426.07,112.128,78.6752,-150740,1793.13,589.43,31.5937
0.156304,0,0,15.9918,1.38297,-28651.3,-9426.35,112.033,78.6764,-150745,1791.62,589.448,31.5996
0.156314,0,0,15.9918,1.38313,-28627.2,-9426.64,111.939,78.6775,-150749,1790.11,589.466,31.6055
0.156324,0,0,15.9918,1.38329,-28603.1,-9426.93,111.845,78.6786,-150754,1788.61,589.483,31.6114
0.156334,0,0,15.9918,1.38345,-28579,-9427.21,111.751,78.6797,-150759,1787.1,589.501,31.6173
0.156344,0,0,15.9918,1.38361,-28554.9,-9427.5,111.656,78.6808,-150763,1785.59,589.519,31.6232
0.156354,0,0,15.9918,1.38377,-28530.8,-9427.78,111.562,78.682,-150768,1784.08,589.537,31.6291
0.156364,0,0,15.9918,1.38393,-28506.7,-9428.07,111.468,78.6831,-150772,1782.58,589.555,31.635
0.156374,0,0,15.9918,1.38409,-28482.6,-9428.35,111.374,78.6842,-150777,1781.07,589.573,31.6409
0.156384,0,0,15.9918,1.38425,-28458.5,-9428.64,111.279,78.6853,-150781,1779.56,589.59,31.6468
0.156394,0,0,15.9918,1.38441,-28434.4,-9428.92,111.185,78.6864,-150786,1778.05,589.608,31.6527
0.156404,0,0,15.9918,1.38457,-28410.2,-9429.21,111.091,78.6875,-150790,1776.55,589.626,31.6586
0.156414,0,0,15.9918,1.38473,-28386.2,-9429.49,110.997,78.6886,-150795,1775.04,589.644,31.6645
0.156424,0,0,15.9918,1.38489,-28362,-9429.77,110.902,78.6897,-150799,1773.53,589.661,31.6704
0.156434,0,0,15.9918,1.38505,-28337.9,-9430.06,110.808,78.6908,-150804,1772.02,589.679,31.6763
0.156444,0,0,15.9918,1.38521,-28313.8,-9430.34,110.714,78.692,-150809,1770.52,589.697,31.6822
0.156454,0,0,15.9918,1.38537,-28289.7,-9430.62,110.619,78.6931,-150813,1769.01,589.715,31.688
0.156464,0,0,15.9918,1.38553,-28265.6,-9430.91,110.525,78.6942,-150818,1767.5,589.732,31.6939
0.156474,0,0,15.9918,1.38569,-28241.5,-9431.19,110.431,78.6953,-150822,1765.99,589.75,31.6998
0.156484,0,0,15.9918,1.38585,-28217.3,-9431.47,110.336,78.6964,-150827,1764.48,589.768,31.7057
0.156494,0,0,15.9918,1.38601,-28193.2,-9431.75,110.242,78.6975,-150831,1762.97,589.785,31.7116
0.156504,0,0,15.9918,1.38617,-28169.1,-9432.04,110.148,78.6986,-150836,1761.47,589.803,31.7175
0.156514,0,0,15.9918,1.38633,-28145,-9432.32,110.054,78.6997,-150840,1759.96,589.82,31.7234
0.156524,0,0,15.9918,1.38649,-28120.9,-9432.6,109.959,78.7008,-150845,1758.45,589.838,31.7293
0.156534,0,0,15.9918,1.38665,-28096.8,-9432.88,109.865,78.7019,-150849,1756.94,589.856,31.7352
0.156544,0,0,15.9918,1.38681,-28072.6,-9433.16,109.771,78.703,-150854,1755.43,589.873,31.7411
0.156554,0,0,15.9918,1.38697,-28048.5,-9433.44,109.676,78.7041,-150858,1753.93,589.891,31.747
0.156564,0,0,15.9918,1.38713,-28024.4,-9433.72,109.582,78.7052,-150863,1752.42,589.908,31.7529
0.156574,0,0,15.9918,1.38729,-28000.3,-9434,109.488,78.7063,-150867,1750.91,589.926,31.7588
0.156584,0,0,15.9918,1.38745,-27976.1,-9434.28,109.393,78.7074,-150872,1749.4,589.943,31.7647
0.156594,0,0,15.9918,1.38761,-27952,-9434.56,109.299,78.7085,-150876,1747.89,589.961,31.7706
0.156604,0,0,15.9918,1.38777,-27927.9,-9434.84,109.205,78.7095,-150880,1746.38,589.978,31.7765
0.156614,0,0,15.9918,1.38793,-27903.8,-9435.12,109.11,78.7106,-150885,1744.87,589.996,31.7824
0.156624,0,0,15.9918,1.38809,-27879.6,-9435.4,109.016,78.7117,-150889,1743.37,590.013,31.7883
0.156634,0,0,15.9918,1.38825,-27855.5,-9435.68,108.922,78.7128,-150894,1741.86,590.031,31.7942
0.156644,0,0,15.9918,1.38841,-27831.4,-9435.96,108.827,78.7139,-150898,1740.35,590.048,31.8001
0.156654,0,0,15.9918,1.38857,-27807.3,-9436.23,108.733,78.715,-150903,1738.84,590.065,31.806
0.156664,0,0,15.9918,1.38873,-27783.1,-9436.51,108.639,78.7161,-150907,1737.33,590.083,31.8119
0.156674,0,0,15.9918,1.38889,-27759,-9436.79,108.544,78.7172,-150912,1735.82,590.1,31.8178
0.156684,0,0,15.9918,1.38905,-27734.9,-9437.07,108.45,78.7183,-150916,1734.31,590.117,31.8237
0.156694,0,0,15.9918,1.38921,-27710.7,-9437.34,108.355,78.7193,-150921,1732.8,590.135,31.8296
0.156704,0,0,15.9918,1.38937,-27686.6,-9437.62,108.261,78.7204,-150925,1731.29,590.152,31.8355
0.156714,0,0,15.9918,1.38953,-27662.5,-9437.9,108.167,78.7215,-150929,1729.79,590.169,31.8414
0.156724,0,0,15.9918,1.38969,-27638.3,-9438.17,108.072,78.7226,-150934,1728.28,590.187,31.8473
0.156734,0,0,15.9918,1.38985,-27614.2,-9438.45,107.978,78.7237,-150938,1726.77,590.204,31.8532
0.156744,0,0,15.9918,1.39001,-27590.1,-9438.73,107.884,78.7247,-150943,1725.26,590.221,31.8591
0.156754,0,0,15.9918,1.39017,-27565.9,-9439,107.789,78.7258,-150947,1723.75,590.239,31.865
0.156764,0,0,15.9918,1.39033,-27541.8,-9439.28,107.695,78.7269,-150951,1722.24,590.256,31.8709
0.156774,0,0,15.9918,1.39049,-27517.7,-9439.55,107.601,78.728,-150956,1720.73,590.273,31.8768
0.156784,0,0,15.9918,1.39065,-27493.5,-9439.83,107.506,78.729,-150960,1719.22,590.29,31.8828
0.156794,0,0,15.9918,1.39081,-27469.4,-9440.1,107.412,78.7301,-150965,1717.71,590.307,31.8887
0.156804,0,0,15.9918,1.39097,-27445.2,-9440.38,107.317,78.7312,-150969,1716.2,590.324,31.8946
0.156814,0,0,15.9918,1.39113,-27421.1,-9440.65,107.223,78.7323,-150973,1714.69,590.342,31.9005
0.156824,0,0,15.9918,1.39129,-27397,-9440.93,107.129,78.7333,-150978,1713.18,590.359,31.9064
0.156834,0,0,15.9918,1.39145,-27372.8,-9441.2,107.034,78.7344,-150982,1711.67,590.376,31.9123
0.156844,0,0,15.9918,1.39161,-27348.7,-9441.47,106.94,78.7355,-150987,1710.16,590.393,31.9182
0.156854,0,0,15.9918,1.39177,-27324.5,-9441.75,106.845,78.7365,-150991,1708.65,590.41,31.9241
0.156864,0,0,15.9918,1.39193,-27300.4,-9442.02,106.751,78.7376,-150995,1707.14,590.427,31.93
0.156874,0,0,15.9918,1.39209,-27276.2,-9442.29,106.656,78.7387,-151000,1705.63,590.444,31.9359
0.156884,0,0,15.9918,1.39225,-27252.1,-9442.57,106.562,78.7398,-151004,1704.13,590.461,31.9418
0.156894,0,0,15.9918,1.39241,-27228,-9442.84,106.468,78.7408,-151008,1702.61,590.478,31.9477
0.156904,0,0,15.9918,1.39257,-27203.8,-9443.11,106.373,78.7419,-151013,1701.11,590.495,31.9536
0.156914,0,0,15.9918,1.39273,-27179.7,-9443.38,106.279,78.7429,-151017,1699.6,590.512,31.9595
0.156924,0,0,15.9918,1.39289,-27155.5,-9443.65,106.184,78.744,-151021,1698.08,590.529,31.9654
0.156934,0,0,15.9918,1.39305,-27131.4,-9443.92,106.09,78.7451,-151026,1696.58,590.546,31.9713
0.156944,0,0,15.9918,1.3932,-27107.2,-9444.2,105.996,78.7461,-151030,1695.07,590.563,31.9772
0.156954,0,0,15.9918,1.39336,-27083.1,-9444.47,105.901,78.7472,-151034,1693.55,590.58,31.9831
0.156964,0,0,15.9918,1.39352,-27058.9,-9444.74,105.807,78.7482,-151039,1692.04,590.597,31.989
0.156974,0,0,15.9918,1.39368,-27034.8,-9445.01,105.712,78.7493,-151043,1690.53,590.614,31.9949
0.156984,0,0,15.9918,1.39384,-27010.6,-9445.28,105.618,78.7504,-151047,1689.02,590.631,32.0008
0.156994,0,0,15.9918,1.394,-26986.5,-9445.55,105.523,78.7514,-151052,1687.51,590.648,32.0067
0.157004,0,0,15.9918,1.39416,-26962.3,-9445.82,105.429,78.7525,-151056,1686,590.665,32.0126
0.157014,0,0,15.9918,1.39432,-26938.1,-9446.09,105.334,78.7535,-151060,1684.49,590.682,32.0186
0.157024,0,0,15.9918,1.39448,-26914,-9446.36,105.24,78.7546,-151065,1682.98,590.698,32.0245
0.157034,0,0,15.9918,1.39464,-26889.8,-9446.62,105.146,78.7556,-151069,1681.47,590.715,32.0304
0.157044,0,0,15.9918,1.3948,-26865.7,-9446.89,105.051,78.7567,-151073,1679.96,590.732,32.0363
0.157054,0,0,15.9918,1.39496,-26841.5,-9447.16,104.957,78.7577,-151078,1678.45,590.749,32.0422
0.157064,0,0,15.9918,1.39512,-26817.4,-9447.43,104.862,78.7588,-151082,1676.94,590.766,32.0481
0.157074,0,0,15.9918,1.39528,-26793.2,-9447.7,104.768,78.7598,-151086,1675.43,590.782,32.054
0.157084,0,0,15.9918,1.39544,-26769.1,-9447.97,104.673,78.7609,-151090,1673.92,590.799,32.0599
0.157094,0,0,15.9918,1.3956,-26744.9,-9448.23,104.579,78.7619,-151095,1672.41,590.816,32.0658
0.157104,0,0,15.9918,1.39576,-26720.7,-9448.5,104.484,78.763,-151099,1670.9,590.833,32.0717
0.157114,0,0,15.9918,1.39592,-26696.6,-9448.77,104.39,78.764,-151103,1669.39,590.849,32.0776
0.157124,0,0,15.9918,1.39608,-26672.4,-9449.03,104.295,78.7651,-151107,1667.88,590.866,32.0835
0.157134,0,0,15.9918,1.39624,-26648.2,-9449.3,104.201,78.7661,-151112,1666.36,590.883,32.0895
0.157144,0,0,15.9918,1.3964,-26624.1,-9449.57,104.106,78.7671,-151116,1664.85,590.899,32.0954
0.157154,0,0,15.9918,1.39656,-26599.9,-9449.83,104.012,78.7682,-151120,1663.34,590.916,32.1013
0.157164,0,0,15.9918,1.39672,-26575.8,-9450.1,103.917,78.7692,-151125,1661.83,590.932,32.1072
0.157174,0,0,15.9918,1.39688,-26551.6,-9450.37,103.823,78.7703,-151129,1660.32,590.949,32.1131
0.157184,0,0,15.9918,1.39704,-26527.4,-9450.63,103.729,78.7713,-151133,1658.81,590.966,32.119
0.157194,0,0,15.9918,1.3972,-26503.3,-9450.9,103.634,78.7723,-151137,1657.3,590.982,32.1249
0.157204,0,0,15.9918,1.39736,-26479.1,-9451.16,103.54,78.7734,-151141,1655.79,590.999,32.1308
0.157214,0,0,15.9918,1.39752,-26454.9,-9451.43,103.445,78.7744,-151146,1654.28,591.015,32.1367
0.157224,0,0,15.9918,1.39768,-26430.8,-9451.69,103.35,78.7754,-151150,1652.76,591.032,32.1426
0.157234,0,0,15.9918,1.39784,-26406.6,-9451.95,103.256,78.7765,-151154,1651.25,591.048,32.1485
0.157244,0,0,15.9918,1.398,-26382.4,-9452.22,103.161,78.7775,-151158,1649.74,591.065,32.1545
0.157254,0,0,15.9918,1.39816,-26358.2,-9452.48,103.067,78.7785,-151163,1648.23,591.081,32.1604
0.157264,0,0,15.9918,1.39832,-26334.1,-9452.74,102.973,78.7796,-151167,1646.72,591.098,32.1663
0.157274,0,0,15.9918,1.39848,-26309.9,-9453.01,102.878,78.7806,-151171,1645.21,591.114,32.1722
0.157284,0,0,15.9918,1.39864,-26285.7,-9453.27,102.783,78.7816,-151175,1643.7,591.131,32.1781
0.157294,0,0,15.9918,1.3988,-26261.6,-9453.53,102.689,78.7827,-151179,1642.19,591.147,32.184
0.157304,0,0,15.9918,1.39896,-26237.4,-9453.8,102.594,78.7837,-151184,1640.67,591.164,32.1899
0.157314,0,0,15.9918,1.39912,-26213.2,-9454.06,102.5,78.7847,-151188,1639.16,591.18,32.1958
0.157324,0,0,15.9918,1.39928,-26189.1,-9454.32,102.405,78.7857,-151192,1637.65,591.196,32.2018
0.157334,0,0,15.9918,1.39944,-26164.9,-9454.58,102.311,78.7868,-151196,1636.14,591.213,32.2077
0.157344,0,0,15.9918,1.3996,-26140.7,-9454.84,102.216,78.7878,-151200,1634.63,591.229,32.2136
0.157354,0,0,15.9918,1.39976,-26116.5,-9455.1,102.122,78.7888,-151205,1633.12,591.245,32.2195
0.157364,0,0,15.9918,1.39992,-26092.3,-9455.37,102.027,78.7898,-151209,1631.6,591.262,32.2254
0.157374,0,0,15.9918,1.40008,-26068.2,-9455.63,101.933,78.7908,-151213,1630.09,591.278,32.2313
0.157384,0,0,15.9918,1.40024,-26044,-9455.89,101.838,78.7919,-151217,1628.58,591.294,32.2372
0.157394,0,0,15.9918,1.4004,-26019.8,-9456.15,101.744,78.7929,-151221,1627.07,591.311,32.2431
0.157404,0,0,15.9918,1.40056,-25995.6,-9456.41,101.649,78.7939,-151225,1625.56,591.327,32.2491
0.157414,0,0,15.9918,1.40072,-25971.4,-9456.67,101.554,78.7949,-151230,1624.04,591.343,32.255
0.157424,0,0,15.9918,1.40088,-25947.3,-9456.93,101.46,78.7959,-151234,1622.53,591.359,32.2609
0.157434,0,0,15.9918,1.40104,-25923.1,-9457.19,101.365,78.7969,-151238,1621.02,591.376,32.2668
0.157444,0,0,15.9918,1.4012,-25898.9,-9457.44,101.271,78.798,-151242,1619.51,591.392,32.2727
0.157454,0,0,15.9918,1.40136,-25874.7,-9457.7,101.176,78.799,-151246,1617.99,591.408,32.2786
0.157464,0,0,15.9918,1.40152,-25850.5,-9457.96,101.082,78.8,-151250,1616.48,591.424,32.2845
0.157474,0,0,15.9918,1.40168,-25826.3,-9458.22,100.987,78.801,-151254,1614.97,591.44,32.2904
0.157484,0,0,15.9918,1.40184,-25802.1,-9458.48,100.892,78.802,-151259,1613.46,591.456,32.2964
0.157494,0,0,15.9918,1.402,-25778,-9458.74,100.798,78.803,-151263,1611.94,591.473,32.3023
0.157504,0,0,15.9918,1.40216,-25753.8,-9458.99,100.703,78.804,-151267,1610.43,591.489,32.3082
0.157514,0,0,15.9918,1.40232,-25729.6,-9459.25,100.609,78.805,-151271,1608.92,591.505,32.3141
0.157524,0,0,15.9918,1.40248,-25705.4,-9459.51,100.514,78.806,-151275,1607.41,591.521,32.32
0.157534,0,0,15.9918,1.40264,-25681.2,-9459.77,100.42,78.807,-151279,1605.9,591.537,32.3259
0.157544,0,0,15.9918,1.4028,-25657,-9460.02,100.325,78.808,-151283,1604.38,591.553,32.3319
0.157554,0,0,15.9918,1.40296,-25632.9,-9460.28,100.23,78.809,-151287,1602.87,591.569,32.3378
0.157564,0,0,15.9918,1.40312,-25608.7,-9460.54,100.136,78.81,-151291,1601.36,591.585,32.3437
0.157574,0,0,15.9918,1.40328,-25584.4,-9460.79,100.041,78.811,-151296,1599.84,591.601,32.3496
0.157584,0,0,15.9918,1.40344,-25560.3,-9461.05,99.9467,78.812,-151300,1598.33,591.617,32.3555
0.157594,0,0,15.9918,1.4036,-25536.1,-9461.3,99.8521,78.813,-151304,1596.82,591.633,32.3614
0.157604,0,0,15.9918,1.40376,-25511.9,-9461.56,99.7574,78.814,-151308,1595.3,591.649,32.3674
0.157614,0,0,15.9918,1.40392,-25487.7,-9461.81,99.6629,78.815,-151312,1593.79,591.665,32.3733
0.157624,0,0,15.9918,1.40408,-25463.5,-9462.07,99.5682,78.816,-151316,1592.28,591.681,32.3792
0.157634,0,0,15.9918,1.40424,-25439.3,-9462.32,99.4736,78.817,-151320,1590.77,591.697,32.3851
0.157644,0,0,15.9918,1.4044,-25415.1,-9462.58,99.3791,78.818,-151324,1589.25,591.713,32.391
0.157654,0,0,15.9918,1.40456,-25390.9,-9462.83,99.2844,78.819,-151328,1587.74,591.729,32.3969
0.157664,0,0,15.9918,1.40472,-25366.7,-9463.08,99.1898,78.82,-151332,1586.23,591.744,32.4029
0.157674,0,0,15.9918,1.40488,-25342.5,-9463.34,99.0952,78.821,-151336,1584.72,591.76,32.4088
0.157684,0,0,15.9918,1.40504,-25318.3,-9463.59,99.0005,78.822,-151340,1583.2,591.776,32.4147
0.157694,0,0,15.9918,1.4052,-25294.1,-9463.84,98.9059,78.823,-151344,1581.69,591.792,32.4206
0.157704,0,0,15.9918,1.40536,-25269.9,-9464.1,98.8113,78.824,-151348,1580.18,591.808,32.4265
0.157714,0,0,15.9918,1.40552,-25245.7,-9464.35,98.7167,78.825,-151352,1578.66,591.823,32.4324
0.157724,0,0,15.9918,1.40568,-25221.5,-9464.6,98.622,78.8259,-151356,1577.15,591.839,32.4384
0.157734,0,0,15.9918,1.40584,-25197.3,-9464.85,98.5274,78.8269,-151360,1575.64,591.855,32.4443
0.157744,0,0,15.9918,1.406,-25173.1,-9465.11,98.4327,78.8279,-151364,1574.12,591.871,32.4502
0.157754,0,0,15.9918,1.40616,-25148.9,-9465.36,98.3381,78.8289,-151368,1572.61,591.886,32.4561
0.157764,0,0,15.9918,1.40632,-25124.7,-9465.61,98.2435,78.8299,-151373,1571.09,591.902,32.462
0.157774,0,0,15.9918,1.40648,-25100.5,-9465.86,98.1488,78.8309,-151377,1569.58,591.918,32.468
0.157784,0,0,15.9918,1.40664,-25076.3,-9466.11,98.0542,78.8318,-151381,1568.07,591.934,32.4739
0.157794,0,0,15.9918,1.4068,-25052.1,-9466.36,97.9596,78.8328,-151385,1566.55,591.949,32.4798
0.157804,0,0,15.9918,1.40696,-25027.9,-9466.61,97.8649,78.8338,-151389,1565.04,591.965,32.4857
0.157814,0,0,15.9918,1.40712,-25003.7,-9466.86,97.7702,78.8348,-151393,1563.53,591.981,32.4916
0.157824,0,0,15.9918,1.40728,-24979.5,-9467.11,97.6756,78.8357,-151397,1562.01,591.996,32.4976
0.157834,0,0,15.9918,1.40744,-24955.2,-9467.36,97.5809,78.8367,-151401,1560.5,592.012,32.5035
0.157844,0,0,15.9918,1.4076,-24931,-9467.61,97.4862,78.8377,-151405,1558.98,592.027,32.5094
0.157854,0,0,15.9918,1.40776,-24906.8,-9467.86,97.3916,78.8387,-151409,1557.47,592.043,32.5153
0.157864,0,0,15.9918,1.40792,-24882.6,-9468.11,97.2969,78.8397,-151412,1555.96,592.059,32.5212
0.157874,0,0,15.9918,1.40808,-24858.4,-9468.36,97.2022,78.8406,-151416,1554.44,592.074,32.5272
0.157884,0,0,15.9918,1.40824,-24834.2,-9468.6,97.1076,78.8416,-151420,1552.93,592.09,32.5331
0.157894,0,0,15.9918,1.4084,-24810,-9468.85,97.0129,78.8426,-151424,1551.41,592.105,32.539
0.157904,0,0,15.9918,1.40856,-24785.8,-9469.1,96.9182,78.8435,-151428,1549.9,592.121,32.5449
0.157914,0,0,15.9918,1.40872,-24761.6,-9469.35,96.8236,78.8445,-151432,1548.39,592.136,32.5508
0.157924,0,0,15.9918,1.40887,-24737.3,-9469.6,96.7288,78.8455,-151436,1546.87,592.152,32.5568
0.157934,0,0,15.9918,1.40903,-24713.2,-9469.84,96.6342,78.8464,-151440,1545.36,592.167,32.5627
0.157944,0,0,15.9918,1.40919,-24688.9,-9470.09,96.5395,78.8474,-151444,1543.84,592.182,32.5686
0.157954,0,0,15.9918,1.40935,-24664.7,-9470.34,96.4448,78.8484,-151448,1542.33,592.198,32.5745
0.157964,0,0,15.9918,1.40951,-24640.5,-9470.58,96.3502,78.8493,-151452,1540.82,592.213,32.5804
0.157974,0,0,15.9918,1.40967,-24616.3,-9470.83,96.2554,78.8503,-151456,1539.3,592.229,32.5864
0.157984,0,0,15.9918,1.40983,-24592,-9471.08,96.1607,78.8512,-151460,1537.79,592.244,32.5923
0.157994,0,0,15.9918,1.40999,-24567.8,-9471.32,96.0661,78.8522,-151464,1536.27,592.26,32.5982
0.158004,0,0,15.9918,1.41015,-24543.6,-9471.57,95.9713,78.8532,-151468,1534.76,592.275,32.6041
0.158014,0,0,15.9918,1.41031,-24519.4,-9471.81,95.8766,78.8541,-151472,1533.24,592.29,32.6101
0.158024,0,0,15.9918,1.41047,-24495.2,-9472.06,95.782,78.8551,-151476,1531.73,592.305,32.616
0.158034,0,0,15.9918,1.41063,-24471,-9472.3,95.6872,78.856,-151480,1530.21,592.321,32.6219
0.158044,0,0,15.9918,1.41079,-24446.7,-9472.55,95.5925,78.857,-151484,1528.7,592.336,32.6278
0.158054,0,0,15.9918,1.41095,-24422.5,-9472.79,95.4978,78.858,-151487,1527.19,592.351,32.6338
0.158064,0,0,15.9918,1.41111,-24398.3,-9473.04,95.403,78.8589,-151491,1525.67,592.367,32.6397
0.158074,0,0,15.9918,1.41127,-24374.1,-9473.28,95.3083,78.8599,-151495,1524.16,592.382,32.6456
0.158084,0,0,15.9918,1.41143,-24349.9,-9473.52,95.2136,78.8608,-151499,1522.64,592.397,32.6515
0.158094,0,0,15.9918,1.41159,-24325.6,-9473.77,95.1189,78.8618,-151503,1521.13,592.412,32.6575
0.158104,0,0,15.9918,1.41175,-24301.4,-9474.01,95.0242,78.8627,-151507,1519.61,592.428,32.6634
0.158114,0,0,15.9918,1.41191,-24277.2,-9474.25,94.9295,78.8637,-151511,1518.1,592.443,32.6693
0.158124,0,0,15.9918,1.41207,-24252.9,-9474.49,94.8347,78.8646,-151515,1516.58,592.458,32.6752
0.158134,0,0,15.9918,1.41223,-24228.7,-9474.74,94.74,78.8656,-151519,1515.07,592.473,32.6811
0.158144,0,0,15.9918,1.41239,-24204.5,-9474.98,94.6453,78.8665,-151522,1513.55,592.488,32.6871
0.158154,0,0,15.9918,1.41255,-24180.3,-9475.22,94.5505,78.8675,-151526,1512.04,592.503,32.693
0.158164,0,0,15.9918,1.41271,-24156,-9475.46,94.4558,78.8684,-151530,1510.52,592.518,32.6989
0.158174,0,0,15.9918,1.41287,-24131.8,-9475.7,94.361,78.8693,-151534,1509.01,592.534,32.7048
0.158184,0,0,15.9918,1.41303,-24107.6,-9475.95,94.2662,78.8703,-151538,1507.49,592.549,32.7108
0.158194,0,0,15.9918,1.41319,-24083.3,-9476.19,94.1715,78.8712,-151542,1505.98,592.564,32.7167
0.158204,0,0,15.9918,1.41335,-24059.1,-9476.43,94.0768,78.8722,-151546,1504.46,592.579,32.7226
0.158214,0,0,15.9918,1.41351,-24034.9,-9476.67,93.982,78.8731,-151549,1502.95,592.594,32.7285
0.158224,0,0,15.9918,1.41367,-24010.6,-9476.91,93.8873,78.874,-151553,1501.43,592.609,32.7345
0.158234,0,0,15.9918,1.41383,-23986.4,-9477.15,93.7925,78.875,-151557,1499.92,592.624,32.7404
0.158244,0,0,15.9918,1.41399,-23962.2,-9477.39,93.6977,78.8759,-151561,1498.4,592.639,32.7463
0.158254,0,0,15.9918,1.41415,-23937.9,-9477.63,93.603,78.8769,-151565,1496.88,592.654,32.7523
0.158264,0,0,15.9918,1.41431,-23913.7,-9477.87,93.5082,78.8778,-151569,1495.37,592.669,32.7582
0.158274,0,0,15.9918,1.41447,-23889.5,-9478.1,93.4134,78.8787,-151572,1493.85,592.684,32.7641
0.158284,0,0,15.9918,1.41463,-23865.2,-9478.34,93.3187,78.8797,-151576,1492.34,592.699,32.77
0.158294,0,0,15.9918,1.41479,-23841,-9478.58,93.2239,78.8806,-151580,1490.82,592.714,32.776
0.158304,0,0,15.9918,1.41495,-23816.8,-9478.82,93.1291,78.8815,-151584,1489.31,592.728,32.7819
0.158314,0,0,15.9918,1.41511,-23792.5,-9479.06,93.0343,78.8825,-151588,1487.79,592.743,32.7878
0.158324,0,0,15.9918,1.41527,-23768.3,-9479.3,92.9396,78.8834,-151591,1486.28,592.758,32.7937
0.158334,0,0,15.9918,1.41543,-23744,-9479.53,92.8447,78.8843,-151595,1484.76,592.773,32.7997
0.158344,0,0,15.9918,1.41559,-23719.8,-9479.77,92.7501,78.8853,-151599,1483.24,592.788,32.8056
0.158354,0,0,15.9918,1.41575,-23695.6,-9480.01,92.6552,78.8862,-151603,1481.73,592.803,32.8115
0.158364,0,0,15.9918,1.41591,-23671.3,-9480.24,92.5604,78.8871,-151607,1480.21,592.817,32.8175
0.158374,0,0,15.9918,1.41607,-23647.1,-9480.48,92.4657,78.888,-151610,1478.7,592.832,32.8234
0.158384,0,0,15.9918,1.41623,-23622.8,-9480.72,92.3708,78.889,-151614,1477.18,592.847,32.8293
0.158394,0,0,15.9918,1.41639,-23598.6,-9480.95,92.276,78.8899,-151618,1475.66,592.862,32.8352
0.158404,0,0,15.9918,1.41655,-23574.4,-9481.19,92.1813,78.8908,-151622,1474.15,592.877,32.8412
0.158414,0,0,15.9918,1.41671,-23550.1,-9481.42,92.0864,78.8917,-151625,1472.63,592.891,32.8471
0.158424,0,0,15.9918,1.41687,-23525.9,-9481.66,91.9917,78.8926,-151629,1471.12,592.906,32.853
0.158434,0,0,15.9918,1.41703,-23501.6,-9481.9,91.8969,78.8936,-151633,1469.6,592.921,32.859
0.158444,0,0,15.9918,1.41719,-23477.4,-9482.13,91.802,78.8945,-151637,1468.08,592.935,32.8649
0.158454,0,0,15.9918,1.41735,-23453.1,-9482.37,91.7072,78.8954,-151640,1466.57,592.95,32.8708
0.158464,0,0,15.9918,1.41751,-23428.9,-9482.6,91.6124,78.8963,-151644,1465.05,592.965,32.8767
0.158474,0,0,15.9918,1.41767,-23404.6,-9482.83,91.5176,78.8972,-151648,1463.53,592.979,32.8827
0.158484,0,0,15.9918,1.41783,-23380.4,-9483.07,91.4228,78.8981,-151652,1462.02,592.994,32.8886
0.158494,0,0,15.9918,1.41799,-23356.1,-9483.3,91.328,78.8991,-151655,1460.5,593.009,32.8945
0.158504,0,0,15.9918,1.41815,-23331.9,-9483.53,91.2331,78.9,-151659,1458.99,593.023,32.9005
0.158514,0,0,15.9918,1.41831,-23307.6,-9483.77,91.1383,78.9009,-151663,1457.47,593.038,32.9064
0.158524,0,0,15.9918,1.41847,-23283.4,-9484,91.0435,78.9018,-151667,1455.95,593.052,32.9123
0.158534,0,0,15.9918,1.41863,-23259.1,-9484.23,90.9486,78.9027,-151670,1454.44,593.067,32.9183
0.158544,0,0,15.9918,1.41879,-23234.9,-9484.47,90.8538,78.9036,-151674,1452.92,593.081,32.9242
0.158554,0,0,15.9918,1.41895,-23210.6,-9484.7,90.759,78.9045,-151678,1451.4,593.096,32.9301
0.158564,0,0,15.9918,1.41911,-23186.4,-9484.93,90.6641,78.9054,-151682,1449.89,593.11,32.9361
0.158574,0,0,15.9918,1.41927,-23162.1,-9485.16,90.5693,78.9063,-151685,1448.37,593.125,32.942
0.158584,0,0,15.9918,1.41943,-23137.9,-9485.39,90.4745,78.9072,-151689,1446.85,593.139,32.9479
0.158594,0,0,15.9918,1.41959,-23113.6,-9485.62,90.3796,78.9082,-151693,1445.34,593.154,32.9538
0.158604,0,0,15.9918,1.41975,-23089.3,-9485.86,90.2848,78.9091,-151696,1443.82,593.168,32.9598
0.158614,0,0,15.9918,1.41991,-23065.1,-9486.09,90.19,78.91,-151700,1442.3,593.183,32.9657
0.158624,0,0,15.9918,1.42007,-23040.8,-9486.32,90.0951,78.9109,-151704,1440.79,593.197,32.9716
0.158634,0,0,15.9918,1.42023,-23016.6,-9486.55,90.0002,78.9118,-151707,1439.27,593.212,32.9776
0.158644,0,0,15.9918,1.42039,-22992.3,-9486.78,89.9054,78.9127,-151711,1437.75,593.226,32.9835
0.158654,0,0,15.9918,1.42055,-22968.1,-9487.01,89.8105,78.9136,-151715,1436.24,593.24,32.9894
0.158664,0,0,15.9918,1.42071,-22943.8,-9487.24,89.7157,78.9145,-151718,1434.72,593.255,32.9954
0.158674,0,0,15.9918,1.42087,-22919.5,-9487.47,89.6208,78.9154,-151722,1433.2,593.269,33.0013
0.158684,0,0,15.9918,1.42103,-22895.3,-9487.69,89.5259,78.9163,-151726,1431.68,593.283,33.0072
0.158694,0,0,15.9918,1.42119,-22871,-9487.92,89.4311,78.9171,-151729,1430.17,593.298,33.0132
0.158704,0,0,15.9918,1.42135,-22846.8,-9488.15,89.3362,78.918,-151733,1428.65,593.312,33.0191
0.158714,0,0,15.9918,1.42151,-22822.5,-9488.38,89.2413,78.9189,-151737,1427.13,593.326,33.025
0.158724,0,0,15.9918,1.42167,-22798.3,-9488.61,89.1465,78.9198,-151740,1425.62,593.34,33.031
0.158734,0,0,15.9918,1.42183,-22774,-9488.84,89.0516,78.9207,-151744,1424.1,593.355,33.0369
0.158744,0,0,15.9918,1.42199,-22749.7,-9489.06,88.9567,78.9216,-151748,1422.58,593.369,33.0428
0.158754,0,0,15.9918,1.42215,-22725.5,-9489.29,88.8619,78.9225,-151751,1421.07,593.383,33.0488
0.158764,0,0,15.9918,1.42231,-22701.2,-9489.52,88.767,78.9234,-151755,1419.55,593.397,33.0547
0.158774,0,0,15.9918,1.42247,-22676.9,-9489.75,88.672,78.9243,-151759,1418.03,593.412,33.0606
0.158784,0,0,15.9918,1.42263,-22652.7,-9489.97,88.5772,78.9252,-151762,1416.51,593.426,33.0666
0.158794,0,0,15.9918,1.42279,-22628.4,-9490.2,88.4823,78.926,-151766,1415,593.44,33.0725
0.158804,0,0,15.9918,1.42295,-22604.1,-9490.42,88.3874,78.9269,-151769,1413.48,593.454,33.0784
0.158814,0,0,15.9918,1.42311,-22579.9,-9490.65,88.2926,78.9278,-151773,1411.96,593.468,33.0844
0.158824,0,0,15.9918,1.42327,-22555.6,-9490.88,88.1976,78.9287,-151777,1410.44,593.482,33.0903
0.158834,0,0,15.9918,1.42343,-22531.3,-9491.1,88.1028,78.9296,-151780,1408.93,593.496,33.0962
0.158844,0,0,15.9918,1.42359,-22507.1,-9491.33,88.0079,78.9305,-151784,1407.41,593.51,33.1022
0.158854,0,0,15.9918,1.42375,-22482.8,-9491.55,87.9129,78.9313,-151787,1405.89,593.524,33.1081
0.158864,0,0,15.9918,1.42391,-22458.5,-9491.78,87.818,78.9322,-151791,1404.37,593.539,33.114
0.158874,0,0,15.9918,1.42407,-22434.2,-9492,87.7232,78.9331,-151795,1402.86,593.553,33.12
0.158884,0,0,15.9918,1.42423,-22410,-9492.22,87.6282,78.934,-151798,1401.34,593.567,33.1259
0.158894,0,0,15.9918,1.42438,-22385.7,-9492.45,87.5333,78.9348,-151802,1399.82,593.581,33.1319
0.158904,0,0,15.9918,1.42454,-22361.4,-9492.67,87.4384,78.9357,-151805,1398.3,593.595,33.1378
0.158914,0,0,15.9918,1.4247,-22337.1,-9492.89,87.3435,78.9366,-151809,1396.78,593.609,33.1437
0.158924,0,0,15.9918,1.42486,-22312.9,-9493.12,87.2486,78.9375,-151812,1395.27,593.623,33.1497
0.158934,0,0,15.9918,1.42502,-22288.6,-9493.34,87.1537,78.9383,-151816,1393.75,593.636,33.1556
0.158944,0,0,15.9918,1.42518,-22264.3,-9493.56,87.0587,78.9392,-151820,1392.23,593.65,33.1615
0.158954,0,0,15.9918,1.42534,-22240,-9493.79,86.9638,78.9401,-151823,1390.71,593.664,33.1675
0.158964,0,0,15.9918,1.4255,-22215.8,-9494.01,86.8689,78.9409,-151827,1389.19,593.678,33.1734
0.158974,0,0,15.9918,1.42566,-22191.5,-9494.23,86.7739,78.9418,-151830,1387.67,593.692,33.1793
0.158984,0,0,15.9918,1.42582,-22167.2,-9494.45,86.679,78.9427,-151834,1386.16,593.706,33.1853
0.158994,0,0,15.9918,1.42598,-22142.9,-9494.67,86.5841,78.9436,-151837,1384.64,593.72,33.1912
0.159004,0,0,15.9918,1.42614,-22118.6,-9494.9,86.4891,78.9444,-151841,1383.12,593.734,33.1971
0.159014,0,0,15.9918,1.4263,-22094.4,-9495.12,86.3942,78.9453,-151844,1381.6,593.747,33.2031
0.159024,0,0,15.9918,1.42646,-22070.1,-9495.34,86.2993,78.9461,-151848,1380.08,593.761,33.209
0.159034,0,0,15.9918,1.42662,-22045.8,-9495.56,86.2043,78.947,-151852,1378.57,593.775,33.215
0.159044,0,0,15.9918,1.42678,-22021.5,-9495.78,86.1094,78.9479,-151855,1377.05,593.789,33.2209
0.159054,0,0,15.9918,1.42694,-21997.3,-9496,86.0144,78.9487,-151859,1375.53,593.803,33.2268
0.159064,0,0,15.9918,1.4271,-21973,-9496.22,85.9194,78.9496,-151862,1374.01,593.816,33.2328
0.159074,0,0,15.9918,1.42726,-21948.7,-9496.44,85.8245,78.9505,-151866,1372.49,593.83,33.2387
0.159084,0,0,15.9918,1.42742,-21924.4,-9496.66,85.7296,78.9513,-151869,1370.97,593.844,33.2447
0.159094,0,0,15.9918,1.42758,-21900.1,-9496.88,85.6346,78.9522,-151873,1369.45,593.857,33.2506
0.159104,0,0,15.9918,1.42774,-21875.8,-9497.09,85.5397,78.953,-151876,1367.94,593.871,33.2565
0.159114,0,0,15.9918,1.4279,-21851.6,-9497.31,85.4447,78.9539,-151880,1366.42,593.885,33.2625
0.159124,0,0,15.9918,1.42806,-21827.3,-9497.53,85.3497,78.9547,-151883,1364.9,593.898,33.2684
0.159134,0,0,15.9918,1.42822,-21803,-9497.75,85.2548,78.9556,-151887,1363.38,593.912,33.2744
0.159144,0,0,15.9918,1.42838,-21778.7,-9497.97,85.1598,78.9564,-151890,1361.86,593.926,33.2803
0.159154,0,0,15.9918,1.42854,-21754.4,-9498.19,85.0648,78.9573,-151894,1360.34,593.939,33.2862
0.159164,0,0,15.9918,1.4287,-21730.1,-9498.4,84.9699,78.9581,-151897,1358.83,593.953,33.2922
0.159174,0,0,15.9918,1.42886,-21705.8,-9498.62,84.8749,78.959,-151900,1357.31,593.967,33.2981
0.159184,0,0,15.9918,1.42902,-21681.5,-9498.84,84.7799,78.9598,-151904,1355.79,593.98,33.3041
0.159194,0,0,15.9918,1.42918,-21657.3,-9499.05,84.685,78.9607,-151907,1354.27,593.994,33.31
0.159204,0,0,15.9918,1.42934,-21633,-9499.27,84.59,78.9615,-151911,1352.75,594.007,33.3159
0.159214,0,0,15.9918,1.4295,-21608.7,-9499.49,84.495,78.9624,-151914,1351.23,594.021,33.3219
0.159224,0,0,15.9918,1.42966,-21584.4,-9499.7,84.4,78.9632,-151918,1349.71,594.034,33.3278
0.159234,0,0,15.9918,1.42982,-21560.1,-9499.92,84.305,78.9641,-151921,1348.19,594.048,33.3337
0.159244,0,0,15.9918,1.42998,-21535.8,-9500.13,84.21,78.9649,-151925,1346.67,594.061,33.3397
0.159254,0,0,15.9918,1.43014,-21511.5,-9500.35,84.1151,78.9657,-151928,1345.16,594.075,33.3456
0.159264,0,0,15.9918,1.4303,-21487.2,-9500.56,84.02,78.9666,-151932,1343.64,594.088,33.3516
0.159274,0,0,15.9918,1.43046,-21462.9,-9500.78,83.9251,78.9674,-151935,1342.12,594.102,33.3575
0.159284,0,0,15.9918,1.43062,-21438.6,-9500.99,83.8301,78.9683,-151938,1340.6,594.115,33.3634
0.159294,0,0,15.9918,1.43078,-21414.3,-9501.21,83.735,78.9691,-151942,1339.08,594.128,33.3694
0.159304,0,0,15.9918,1.43094,-21390,-9501.42,83.6401,78.9699,-151945,1337.56,594.142,33.3753
0.159314,0,0,15.9918,1.4311,-21365.7,-9501.63,83.5451,78.9708,-151949,1336.04,594.155,33.3813
0.159324,0,0,15.9918,1.43126,-21341.4,-9501.85,83.45,78.9716,-151952,1334.52,594.168,33.3872
0.159334,0,0,15.9918,1.43142,-21317.1,-9502.06,83.355,78.9724,-151956,1333,594.182,33.3932
0.159344,0,0,15.9918,1.43158,-21292.8,-9502.28,83.2601,78.9733,-151959,1331.48,594.195,33.3991
0.159354,0,0,15.9918,1.43174,-21268.5,-9502.49,83.165,78.9741,-151962,1329.96,594.208,33.405
0.159364,0,0,15.9918,1.4319,-21244.2,-9502.7,83.07,78.9749,-151966,1328.44,594.222,33.411
0.159374,0,0,15.9918,1.43206,-21220,-9502.91,82.975,78.9758,-151969,1326.92,594.235,33.4169
0.159384,0,0,15.9918,1.43222,-21195.6,-9503.12,82.8799,78.9766,-151972,1325.4,594.248,33.4229
0.159394,0,0,15.9918,1.43238,-21171.3,-9503.34,82.785,78.9774,-151976,1323.88,594.261,33.4288
0.159404,0,0,15.9918,1.43254,-21147.1,-9503.55,82.69,78.9783,-151979,1322.36,594.275,33.4348
0.159414,0,0,15.9918,1.4327,-21122.7,-9503.76,82.5949,78.9791,-151983,1320.84,594.288,33.4407
0.159424,0,0,15.9918,1.43286,-21098.4,-9503.97,82.4999,78.9799,-151986,1319.33,594.301,33.4466
0.159434,0,0,15.9918,1.43302,-21074.1,-9504.18,82.4049,78.9807,-151989,1317.81,594.314,33.4526
0.159444,0,0,15.9918,1.43318,-21049.8,-9504.39,82.3098,78.9816,-151993,1316.29,594.327,33.4585
0.159454,0,0,15.9918,1.43334,-21025.5,-9504.6,82.2148,78.9824,-151996,1314.77,594.341,33.4645
0.159464,0,0,15.9918,1.4335,-21001.2,-9504.81,82.1198,78.9832,-151999,1313.25,594.354,33.4704
0.159474,0,0,15.9918,1.43366,-20976.9,-9505.02,82.0247,78.984,-152003,1311.73,594.367,33.4764
0.159484,0,0,15.9918,1.43382,-20952.6,-9505.23,81.9297,78.9848,-152006,1310.21,594.38,33.4823
0.159494,0,0,15.9918,1.43398,-20928.3,-9505.44,81.8347,78.9857,-152010,1308.69,594.393,33.4882
0.159504,0,0,15.9918,1.43414,-20904,-9505.65,81.7396,78.9865,-152013,1307.17,594.406,33.4942
0.159514,0,0,15.9918,1.4343,-20879.7,-9505.86,81.6446,78.9873,-152016,1305.65,594.419,33.5001
0.159524,0,0,15.9918,1.43446,-20855.4,-9506.07,81.5495,78.9881,-152020,1304.13,594.432,33.5061
0.159534,0,0,15.9918,1.43462,-20831.1,-9506.28,81.4544,78.9889,-152023,1302.61,594.445,33.512
0.159544,0,0,15.9918,1.43478,-20806.8,-9506.48,81.3595,78.9897,-152026,1301.09,594.458,33.518
0.159554,0,0,15.9918,1.43494,-20782.5,-9506.69,81.2644,78.9906,-152030,1299.57,594.471,33.5239
0.159564,0,0,15.9918,1.4351,-20758.2,-9506.9,81.1693,78.9914,-152033,1298.05,594.484,33.5299
0.159574,0,0,15.9918,1.43526,-20733.9,-9507.11,81.0743,78.9922,-152036,1296.53,594.497,33.5358
0.159584,0,0,15.9918,1.43542,-20709.5,-9507.31,80.9792,78.993,-152039,1295.01,594.51,33.5417
0.159594,0,0,15.9918,1.43558,-20685.2,-9507.52,80.8841,78.9938,-152043,1293.49,594.523,33.5477
0.159604,0,0,15.9918,1.43574,-20660.9,-9507.73,80.7891,78.9946,-152046,1291.97,594.536,33.5536
0.159614,0,0,15.9918,1.4359,-20636.6,-9507.93,80.694,78.9954,-152049,1290.45,594.549,33.5596
0.159624,0,0,15.9918,1.43606,-20612.3,-9508.14,80.5989,78.9962,-152053,1288.93,594.562,33.5655
0.159634,0,0,15.9918,1.43622,-20588,-9508.35,80.5039,78.997,-152056,1287.41,594.575,33.5715
0.159644,0,0,15.9918,1.43638,-20563.7,-9508.55,80.4088,78.9978,-152059,1285.88,594.588,33.5774
0.159654,0,0,15.9918,1.43654,-20539.4,-9508.76,80.3137,78.9986,-152063,1284.36,594.6,33.5834
0.159664,0,0,15.9918,1.4367,-20515,-9508.96,80.2187,78.9994,-152066,1282.84,594.613,33.5893
0.159674,0,0,15.9918,1.43686,-20490.7,-9509.17,80.1235,79.0002,-152069,1281.32,594.626,33.5953
0.159684,0,0,15.9918,1.43702,-20466.4,-9509.37,80.0285,79.001,-152072,1279.8,594.639,33.6012
0.159694,0,0,15.9918,1.43718,-20442.1,-9509.58,79.9334,79.0018,-152076,1278.28,594.652,33.6072
0.159704,0,0,15.9918,1.43734,-20417.8,-9509.78,79.8383,79.0026,-152079,1276.76,594.664,33.6131
0.159714,0,0,15.9918,1.4375,-20393.5,-9509.99,79.7432,79.0034,-152082,1275.24,594.677,33.619
0.159724,0,0,15.9918,1.43766,-20369.1,-9510.19,79.6482,79.0042,-152085,1273.72,594.69,33.625
0.159734,0,0,15.9918,1.43782,-20344.8,-9510.39,79.553,79.005,-152089,1272.2,594.703,33.6309
0.159744,0,0,15.9918,1.43798,-20320.5,-9510.6,79.4579,79.0058,-152092,1270.68,594.715,33.6369
0.159754,0,0,15.9918,1.43814,-20296.2,-9510.8,79.3629,79.0066,-152095,1269.16,594.728,33.6428
0.159764,0,0,15.9918,1.4383,-20271.9,-9511,79.2677,79.0074,-152098,1267.64,594.741,33.6488
0.159774,0,0,15.9918,1.43846,-20247.5,-9511.21,79.1727,79.0082,-152102,1266.12,594.753,33.6547
0.159784,0,0,15.9918,1.43862,-20223.2,-9511.41,79.0776,79.009,-152105,1264.6,594.766,33.6607
0.159794,0,0,15.9918,1.43878,-20198.9,-9511.61,78.9824,79.0098,-152108,1263.07,594.779,33.6666
0.159804,0,0,15.9918,1.43894,-20174.6,-9511.81,78.8873,79.0106,-152111,1261.55,594.791,33.6726
0.159814,0,0,15.9918,1.4391,-20150.3,-9512.01,78.7923,79.0114,-152115,1260.03,594.804,33.6785
0.159824,0,0,15.9918,1.43926,-20125.9,-9512.21,78.6971,79.0121,-152118,1258.51,594.817,33.6845
0.159834,0,0,15.9918,1.43942,-20101.6,-9512.42,78.602,79.0129,-152121,1256.99,594.829,33.6904
0.159844,0,0,15.9918,1.43958,-20077.3,-9512.62,78.5069,79.0137,-152124,1255.47,594.842,33.6964
0.159854,0,0,15.9918,1.43974,-20053,-9512.82,78.4118,79.0145,-152127,1253.95,594.854,33.7023
0.159864,0,0,15.9918,1.43989,-20028.7,-9513.02,78.3167,79.0153,-152131,1252.43,594.867,33.7083
0.159874,0,0,15.9918,1.44005,-20004.3,-9513.22,78.2216,79.0161,-152134,1250.91,594.879,33.7142
0.159884,0,0,15.9918,1.44021,-19980,-9513.42,78.1264,79.0168,-152137,1249.39,594.892,33.7201
0.159894,0,0,15.9918,1.44037,-19955.7,-9513.62,78.0314,79.0176,-152140,1247.87,594.904,33.7261
0.159904,0,0,15.9918,1.44053,-19931.3,-9513.82,77.9362,79.0184,-152143,1246.34,594.917,33.732
0.159914,0,0,15.9918,1.44069,-19907,-9514.02,77.841,79.0192,-152147,1244.82,594.929,33.738
0.159924,0,0,15.9918,1.44085,-19882.7,-9514.21,77.746,79.02,-152150,1243.3,594.942,33.7439
0.159934,0,0,15.9918,1.44101,-19858.3,-9514.41,77.6508,79.0207,-152153,1241.78,594.954,33.7499
0.159944,0,0,15.9918,1.44117,-19834,-9514.61,77.5557,79.0215,-152156,1240.26,594.966,33.7558
0.159954,0,0,15.9918,1.44133,-19809.7,-9514.81,77.4606,79.0223,-152159,1238.74,594.979,33.7618
0.159964,0,0,15.9918,1.44149,-19785.4,-9515.01,77.3654,79.0231,-152163,1237.22,594.991,33.7677
0.159974,0,0,15.9918,1.44165,-19761,-9515.21,77.2703,79.0238,-152166,1235.69,595.004,33.7737
0.159984,0,0,15.9918,1.44181,-19736.7,-9515.4,77.1752,79.0246,-152169,1234.17,595.016,33.7797
0.159994,0,0,15.9918,1.44197,-19712.4,-9515.6,77.08,79.0254,-152172,1232.65,595.028,33.7856
0.160004,0,0,15.9918,1.44213,-19688,-9515.8,76.9849,79.0261,-152175,1231.13,595.041,33.7916
0.160014,0,0,15.9918,1.44229,-19663.7,-9515.99,76.8897,79.0269,-152178,1229.61,595.053,33.7975
0.160024,0,0,15.9918,1.44245,-19639.4,-9516.19,76.7945,79.0277,-152181,1228.09,595.065,33.8035
0.160034,0,0,15.9918,1.44261,-19615,-9516.39,76.6994,79.0285,-152185,1226.56,595.077,33.8094
0.160044,0,0,15.9918,1.44277,-19590.7,-9516.58,76.6043,79.0292,-152188,1225.04,595.09,33.8154
0.160054,0,0,15.9918,1.44293,-19566.4,-9516.78,76.5091,79.03,-152191,1223.52,595.102,33.8213
0.160064,0,0,15.9918,1.44309,-19542,-9516.97,76.4139,79.0307,-152194,1222,595.114,33.8273
0.160074,0,0,15.9918,1.44325,-19517.7,-9517.17,76.3188,79.0315,-152197,1220.48,595.126,33.8332
0.160084,0,0,15.9918,1.44341,-19493.4,-9517.36,76.2236,79.0323,-152200,1218.96,595.139,33.8392
0.160094,0,0,15.9918,1.44357,-19469,-9517.56,76.1285,79.033,-152203,1217.43,595.151,33.8451
0.160104,0,0,15.9918,1.44373,-19444.7,-9517.75,76.0333,79.0338,-152206,1215.91,595.163,33.8511
0.160114,0,0,15.9918,1.44389,-19420.3,-9517.95,75.9381,79.0346,-152210,1214.39,595.175,33.857
0.160124,0,0,15.9918,1.44405,-19396,-9518.14,75.843,79.0353,-152213,1212.87,595.187,33.863
0.160134,0,0,15.9918,1.44421,-19371.7,-9518.33,75.7478,79.0361,-152216,1211.35,595.199,33.8689
0.160144,0,0,15.9918,1.44437,-19347.3,-9518.53,75.6526,79.0368,-152219,1209.82,595.211,33.8749
0.160154,0,0,15.9918,1.44453,-19323,-9518.72,75.5574,79.0376,-152222,1208.3,595.224,33.8808
0.160164,0,0,15.9918,1.44469,-19298.7,-9518.92,75.4623,79.0383,-152225,1206.78,595.236,33.8868
0.160174,0,0,15.9918,1.44485,-19274.3,-9519.11,75.3671,79.0391,-152228,1205.26,595.248,33.8927
0.160184,0,0,15.9918,1.44501,-19250,-9519.3,75.2719,79.0398,-152231,1203.74,595.26,33.8987
0.160194,0,0,15.9918,1.44517,-19225.6,-9519.49,75.1767,79.0406,-152234,1202.21,595.272,33.9046
0.160204,0,0,15.9918,1.44533,-19201.3,-9519.68,75.0815,79.0414,-152237,1200.69,595.284,33.9106
0.160214,0,0,15.9918,1.44549,-19176.9,-9519.88,74.9864,79.0421,-152240,1199.17,595.296,33.9165
0.160224,0,0,15.9918,1.44565,-19152.6,-9520.07,74.8912,79.0428,-152243,1197.65,595.308,33.9225
0.160234,0,0,15.9918,1.44581,-19128.2,-9520.26,74.7959,79.0436,-152247,1196.13,595.32,33.9284
0.160244,0,0,15.9918,1.44597,-19103.9,-9520.45,74.7008,79.0443,-152250,1194.6,595.332,33.9344
0.160254,0,0,15.9918,1.44613,-19079.6,-9520.64,74.6056,79.0451,-152253,1193.08,595.344,33.9403
0.160264,0,0,15.9918,1.44629,-19055.2,-9520.83,74.5104,79.0458,-152256,1191.56,595.356,33.9463
0.160274,0,0,15.9918,1.44645,-19030.9,-9521.02,74.4153,79.0466,-152259,1190.04,595.367,33.9523
0.160284,0,0,15.9918,1.44661,-19006.5,-9521.21,74.32,79.0473,-152262,1188.51,595.379,33.9582
0.160294,0,0,15.9918,1.44677,-18982.2,-9521.4,74.2248,79.0481,-152265,1186.99,595.391,33.9642
0.160304,0,0,15.9918,1.44693,-18957.8,-9521.59,74.1296,79.0488,-152268,1185.47,595.403,33.9701
0.160314,0,0,15.9918,1.44709,-18933.5,-9521.78,74.0344,79.0495,-152271,1183.95,595.415,33.9761
0.160324,0,0,15.9918,1.44725,-18909.1,-9521.97,73.9391,79.0503,-152274,1182.42,595.427,33.982
0.160334,0,0,15.9918,1.44741,-18884.8,-9522.16,73.844,79.051,-152277,1180.9,595.439,33.988
0.160344,0,0,15.9918,1.44757,-18860.4,-9522.35,73.7488,79.0518,-152280,1179.38,595.45,33.9939
0.160354,0,0,15.9918,1.44773,-18836.1,-9522.54,73.6536,79.0525,-152283,1177.86,595.462,33.9999
0.160364,0,0,15.9918,1.44789,-18811.8,-9522.73,73.5584,79.0532,-152286,1176.33,595.474,34.0058
0.160374,0,0,15.9918,1.44805,-18787.4,-9522.91,73.4631,79.054,-152289,1174.81,595.486,34.0118
0.160384,0,0,15.9918,1.44821,-18763,-9523.1,73.3679,79.0547,-152292,1173.29,595.497,34.0178
0.160394,0,0,15.9918,1.44837,-18738.7,-9523.29,73.2727,79.0554,-152295,1171.77,595.509,34.0237
0.160404,0,0,15.9918,1.44853,-18714.3,-9523.48,73.1775,79.0562,-152298,1170.24,595.521,34.0297
0.160414,0,0,15.9918,1.44869,-18690,-9523.66,73.0823,79.0569,-152301,1168.72,595.533,34.0356
0.160424,0,0,15.9918,1.44885,-18665.6,-9523.85,72.9871,79.0576,-152304,1167.2,595.544,34.0416
0.160434,0,0,15.9918,1.44901,-18641.3,-9524.04,72.8918,79.0584,-152307,1165.67,595.556,34.0475
0.160444,0,0,15.9918,1.44917,-18616.9,-9524.22,72.7966,79.0591,-152310,1164.15,595.568,34.0535
0.160454,0,0,15.9918,1.44933,-18592.6,-9524.41,72.7014,79.0598,-152313,1162.63,595.579,34.0594
0.160464,0,0,15.9918,1.44949,-18568.2,-9524.59,72.6061,79.0605,-152316,1161.11,595.591,34.0654
0.160474,0,0,15.9918,1.44965,-18543.9,-9524.78,72.5109,79.0613,-152319,1159.58,595.602,34.0714
0.160484,0,0,15.9918,1.44981,-18519.5,-9524.97,72.4157,79.062,-152322,1158.06,595.614,34.0773
0.160494,0,0,15.9918,1.44997,-18495.1,-9525.15,72.3204,79.0627,-152325,1156.54,595.626,34.0833
0.160504,0,0,15.9918,1.45013,-18470.8,-9525.33,72.2252,79.0634,-152328,1155.01,595.637,34.0892
0.160514,0,0,15.9918,1.45029,-18446.4,-9525.52,72.1299,79.0642,-152331,1153.49,595.649,34.0952
0.160524,0,0,15.9918,1.45045,-18422.1,-9525.7,72.0346,79.0649,-152334,1151.97,595.66,34.1011
0.160534,0,0,15.9918,1.45061,-18397.7,-9525.89,71.9394,79.0656,-152337,1150.44,595.672,34.1071
0.160544,0,0,15.9918,1.45077,-18373.4,-9526.07,71.8442,79.0663,-152339,1148.92,595.683,34.113
0.160554,0,0,15.9918,1.45093,-18349,-9526.26,71.7489,79.067,-152342,1147.4,595.695,34.119
0.160563,0,0,15.9918,1.45109,-18324.6,-9526.44,71.6537,79.0677,-152345,1145.87,595.706,34.125
0.160573,0,0,15.9918,1.45125,-18300.3,-9526.62,71.5584,79.0685,-152348,1144.35,595.718,34.1309
0.160583,0,0,15.9918,1.45141,-18275.9,-9526.81,71.4631,79.0692,-152351,1142.83,595.729,34.1369
0.160593,0,0,15.9918,1.45157,-18251.6,-9526.99,71.3679,79.0699,-152354,1141.3,595.74,34.1428
0.160603,0,0,15.9918,1.45173,-18227.2,-9527.17,71.2727,79.0706,-152357,1139.78,595.752,34.1488
0.160613,0,0,15.9918,1.45189,-18202.8,-9527.35,71.1774,79.0713,-152360,1138.26,595.763,34.1548
0.160623,0,0,15.9918,1.45205,-18178.5,-9527.53,71.0822,79.072,-152363,1136.74,595.775,34.1607
0.160633,0,0,15.9918,1.45221,-18154.1,-9527.72,70.9869,79.0727,-152366,1135.21,595.786,34.1667
0.160643,0,0,15.9918,1.45237,-18129.7,-9527.9,70.8916,79.0734,-152369,1133.69,595.797,34.1726
0.160653,0,0,15.9918,1.45253,-18105.4,-9528.08,70.7964,79.0742,-152372,1132.16,595.809,34.1786
0.160663,0,0,15.9918,1.45269,-18081,-9528.26,70.7011,79.0749,-152374,1130.64,595.82,34.1845
0.160673,0,0,15.9918,1.45285,-18056.7,-9528.44,70.6058,79.0756,-152377,1129.12,595.831,34.1905
0.160683,0,0,15.9918,1.45301,-18032.3,-9528.62,70.5106,79.0763,-152380,1127.59,595.842,34.1965
0.160693,0,0,15.9918,1.45317,-18007.9,-9528.8,70.4153,79.077,-152383,1126.07,595.854,34.2024
0.160703,0,0,15.9918,1.45333,-17983.6,-9528.98,70.3199,79.0777,-152386,1124.55,595.865,34.2084
0.160713,0,0,15.9918,1.45349,-17959.2,-9529.16,70.2247,79.0784,-152389,1123.02,595.876,34.2143
0.160723,0,0,15.9918,1.45365,-17934.8,-9529.34,70.1294,79.0791,-152392,1121.5,595.887,34.2203
0.160733,0,0,15.9918,1.45381,-17910.5,-9529.52,70.0342,79.0798,-152395,1119.98,595.899,34.2263
0.160743,0,0,15.9918,1.45397,-17886.1,-9529.7,69.9389,79.0805,-152397,1118.45,595.91,34.2322
0.160753,0,0,15.9918,1.45413,-17861.7,-9529.88,69.8436,79.0812,-152400,1116.93,595.921,34.2382
0.160763,0,0,15.9918,1.45429,-17837.4,-9530.05,69.7483,79.0819,-152403,1115.4,595.932,34.2441
0.160773,0,0,15.9918,1.45445,-17813,-9530.23,69.653,79.0826,-152406,1113.88,595.943,34.2501
0.160783,0,0,15.9918,1.45461,-17788.6,-9530.41,69.5577,79.0833,-152409,1112.36,595.954,34.256
0.160793,0,0,15.9918,1.45477,-17764.3,-9530.59,69.4624,79.084,-152412,1110.83,595.966,34.262
0.160803,0,0,15.9918,1.45493,-17739.9,-9530.77,69.3671,79.0847,-152415,1109.31,595.977,34.268
0.160813,0,0,15.9918,1.45509,-17715.5,-9530.94,69.2718,79.0854,-152417,1107.78,595.988,34.2739
0.160823,0,0,15.9918,1.45525,-17691.1,-9531.12,69.1765,79.0861,-152420,1106.26,595.999,34.2799
0.160833,0,0,15.9918,1.4554,-17666.8,-9531.3,69.0813,79.0867,-152423,1104.74,596.01,34.2858
0.160843,0,0,15.9918,1.45556,-17642.4,-9531.47,68.9859,79.0874,-152426,1103.21,596.021,34.2918
0.160853,0,0,15.9918,1.45572,-17618,-9531.65,68.8906,79.0881,-152429,1101.69,596.032,34.2978
0.160863,0,0,15.9918,1.45588,-17593.7,-9531.83,68.7953,79.0888,-152431,1100.16,596.043,34.3037
0.160873,0,0,15.9918,1.45604,-17569.3,-9532,68.7,79.0895,-152434,1098.64,596.054,34.3097
0.160883,0,0,15.9918,1.4562,-17544.9,-9532.18,68.6047,79.0902,-152437,1097.12,596.065,34.3156
0.160893,0,0,15.9918,1.45636,-17520.5,-9532.35,68.5094,79.0909,-152440,1095.59,596.076,34.3216
0.160903,0,0,15.9918,1.45652,-17496.1,-9532.53,68.4141,79.0916,-152443,1094.07,596.087,34.3276
0.160913,0,0,15.9918,1.45668,-17471.8,-9532.7,68.3188,79.0922,-152446,1092.54,596.098,34.3335
0.160923,0,0,15.9918,1.45684,-17447.4,-9532.88,68.2235,79.0929,-152448,1091.02,596.109,34.3395
0.160933,0,0,15.9918,1.457,-17423,-9533.05,68.1281,79.0936,-152451,1089.49,596.12,34.3455
0.160943,0,0,15.9918,1.45716,-17398.6,-9533.23,68.0328,79.0943,-152454,1087.97,596.13,34.3514
0.160953,0,0,15.9918,1.45732,-17374.3,-9533.4,67.9375,79.095,-152457,1086.45,596.141,34.3574
0.160963,0,0,15.9918,1.45748,-17349.9,-9533.57,67.8421,79.0956,-152459,1084.92,596.152,34.3633
0.160973,0,0,15.9918,1.45764,-17325.5,-9533.75,67.7468,79.0963,-152462,1083.4,596.163,34.3693
0.160983,0,0,15.9918,1.4578,-17301.1,-9533.92,67.6515,79.097,-152465,1081.87,596.174,34.3753
0.160993,0,0,15.9918,1.45796,-17276.8,-9534.09,67.5562,79.0977,-152468,1080.35,596.185,34.3812
0.161003,0,0,15.9918,1.45812,-17252.4,-9534.26,67.4609,79.0983,-152470,1078.82,596.195,34.3872
0.161013,0,0,15.9918,1.45828,-17228,-9534.44,67.3655,79.099,-152473,1077.3,596.206,34.3932
0.161023,0,0,15.9918,1.45844,-17203.6,-9534.61,67.2702,79.0997,-152476,1075.77,596.217,34.3991
0.161033,0,0,15.9918,1.4586,-17179.3,-9534.78,67.1749,79.1004,-152479,1074.25,596.228,34.4051
0.161043,0,0,15.9918,1.45876,-17154.9,-9534.95,67.0795,79.101,-152481,1072.73,596.239,34.411
0.161053,0,0,15.9918,1.45892,-17130.5,-9535.12,66.9841,79.1017,-152484,1071.2,596.249,34.417
0.161063,0,0,15.9918,1.45908,-17106.1,-9535.29,66.8889,79.1024,-152487,1069.68,596.26,34.423
0.161073,0,0,15.9918,1.45924,-17081.7,-9535.47,66.7935,79.103,-152490,1068.15,596.271,34.4289
0.161083,0,0,15.9918,1.4594,-17057.3,-9535.64,66.6981,79.1037,-152492,1066.63,596.281,34.4349
0.161093,0,0,15.9918,1.45956,-17033,-9535.81,66.6029,79.1044,-152495,1065.1,596.292,34.4408
0.161103,0,0,15.9918,1.45972,-17008.6,-9535.98,66.5075,79.105,-152498,1063.58,596.303,34.4468
0.161113,0,0,15.9918,1.45988,-16984.2,-9536.15,66.4121,79.1057,-152501,1062.05,596.313,34.4528
0.161123,0,0,15.9918,1.46004,-16959.8,-9536.32,66.3168,79.1064,-152503,1060.53,596.324,34.4587
0.161133,0,0,15.9918,1.4602,-16935.4,-9536.49,66.2214,79.107,-152506,1059,596.334,34.4647
0.161143,0,0,15.9918,1.46036,-16911,-9536.66,66.1261,79.1077,-152509,1057.48,596.345,34.4707
0.161153,0,0,15.9918,1.46052,-16886.6,-9536.82,66.0308,79.1084,-152511,1055.95,596.356,34.4766
0.161163,0,0,15.9918,1.46068,-16862.2,-9536.99,65.9354,79.109,-152514,1054.43,596.366,34.4826
0.161173,0,0,15.9918,1.46084,-16837.9,-9537.16,65.84,79.1097,-152517,1052.9,596.377,34.4885
0.161183,0,0,15.9918,1.461,-16813.5,-9537.33,65.7447,79.1103,-152520,1051.38,596.387,34.4945
0.161193,0,0,15.9918,1.46116,-16789.1,-9537.5,65.6493,79.111,-152522,1049.85,596.398,34.5005
0.161203,0,0,15.9918,1.46132,-16764.7,-9537.67,65.5539,79.1116,-152525,1048.33,596.408,34.5064
0.161213,0,0,15.9918,1.46148,-16740.3,-9537.83,65.4586,79.1123,-152528,1046.8,596.419,34.5124
0.161223,0,0,15.9918,1.46164,-16715.9,-9538,65.3632,79.1129,-152530,1045.28,596.429,34.5184
0.161233,0,0,15.9918,1.4618,-16691.5,-9538.17,65.2678,79.1136,-152533,1043.75,596.44,34.5243
0.161243,0,0,15.9918,1.46196,-16667.2,-9538.33,65.1725,79.1143,-152536,1042.23,596.45,34.5303
0.161253,0,0,15.9918,1.46212,-16642.7,-9538.5,65.0771,79.1149,-152538,1040.7,596.46,34.5363
0.161263,0,0,15.9918,1.46228,-16618.4,-9538.67,64.9817,79.1155,-152541,1039.18,596.471,34.5422
0.161273,0,0,15.9918,1.46244,-16594,-9538.83,64.8864,79.1162,-152544,1037.65,596.481,34.5482
0.161283,0,0,15.9918,1.4626,-16569.6,-9539,64.7909,79.1168,-152546,1036.13,596.492,34.5542
0.161293,0,0,15.9918,1.46276,-16545.2,-9539.17,64.6956,79.1175,-152549,1034.6,596.502,34.5601
0.161303,0,0,15.9918,1.46292,-16520.8,-9539.33,64.6002,79.1181,-152551,1033.08,596.512,34.5661
0.161313,0,0,15.9918,1.46308,-16496.4,-9539.5,64.5048,79.1188,-152554,1031.55,596.523,34.5721
0.161323,0,0,15.9918,1.46324,-16472,-9539.66,64.4094,79.1194,-152557,1030.03,596.533,34.578
0.161333,0,0,15.9918,1.4634,-16447.6,-9539.83,64.3141,79.1201,-152559,1028.5,596.543,34.584
0.161343,0,0,15.9918,1.46356,-16423.2,-9539.99,64.2186,79.1207,-152562,1026.97,596.553,34.59
0.161353,0,0,15.9918,1.46372,-16398.8,-9540.15,64.1233,79.1214,-152565,1025.45,596.564,34.5959
0.161363,0,0,15.9918,1.46388,-16374.4,-9540.32,64.0279,79.122,-152567,1023.92,596.574,34.6019
0.161373,0,0,15.9918,1.46404,-16350,-9540.48,63.9325,79.1226,-152570,1022.4,596.584,34.6079
0.161383,0,0,15.9918,1.4642,-16325.7,-9540.64,63.8372,79.1233,-152572,1020.87,596.594,34.6138
0.161393,0,0,15.9918,1.46436,-16301.2,-9540.81,63.7417,79.1239,-152575,1019.35,596.605,34.6198
0.161403,0,0,15.9918,1.46452,-16276.8,-9540.97,63.6463,79.1245,-152578,1017.82,596.615,34.6258
0.161413,0,0,15.9918,1.46468,-16252.5,-9541.13,63.551,79.1252,-152580,1016.3,596.625,34.6317
0.161423,0,0,15.9918,1.46484,-16228.1,-9541.29,63.4555,79.1258,-152583,1014.77,596.635,34.6377
0.161433,0,0,15.9918,1.465,-16203.6,-9541.46,63.3601,79.1264,-152586,1013.24,596.645,34.6437
0.161443,0,0,15.9918,1.46516,-16179.3,-9541.62,63.2648,79.1271,-152588,1011.72,596.655,34.6496
0.161453,0,0,15.9918,1.46532,-16154.9,-9541.78,63.1693,79.1277,-152591,1010.19,596.665,34.6556
0.161463,0,0,15.9918,1.46548,-16130.4,-9541.94,63.0738,79.1283,-152593,1008.67,596.676,34.6615
0.161473,0,0,15.9918,1.46564,-16106.1,-9542.1,62.9785,79.129,-152596,1007.14,596.686,34.6675
0.161483,0,0,15.9918,1.4658,-16081.7,-9542.26,62.8831,79.1296,-152598,1005.62,596.696,34.6735
0.161493,0,0,15.9918,1.46596,-16057.3,-9542.42,62.7877,79.1302,-152601,1004.09,596.706,34.6794
0.161503,0,0,15.9918,1.46612,-16032.9,-9542.58,62.6923,79.1309,-152604,1002.57,596.716,34.6854
0.161513,0,0,15.9918,1.46628,-16008.5,-9542.75,62.5968,79.1315,-152606,1001.04,596.726,34.6914
0.161523,0,0,15.9918,1.46644,-15984.1,-9542.91,62.5014,79.1321,-152609,999.513,596.736,34.6973
0.161533,0,0,15.9918,1.4666,-15959.7,-9543.06,62.406,79.1327,-152611,997.988,596.746,34.7033
0.161543,0,0,15.9918,1.46676,-15935.3,-9543.22,62.3106,79.1334,-152614,996.461,596.756,34.7093
0.161553,0,0,15.9918,1.46692,-15910.9,-9543.38,62.2152,79.134,-152616,994.935,596.766,34.7152
0.161563,0,0,15.9918,1.46708,-15886.5,-9543.54,62.1198,79.1346,-152619,993.41,596.776,34.7212
0.161573,0,0,15.9918,1.46724,-15862,-9543.7,62.0243,79.1352,-152621,991.883,596.786,34.7272
0.161583,0,0,15.9918,1.4674,-15837.6,-9543.86,61.9289,79.1358,-152624,990.357,596.795,34.7331
0.161593,0,0,15.9918,1.46756,-15813.2,-9544.02,61.8335,79.1365,-152626,988.832,596.805,34.7391
0.161603,0,0,15.9918,1.46772,-15788.8,-9544.18,61.738,79.1371,-152629,987.305,596.815,34.7451
0.161613,0,0,15.9918,1.46788,-15764.4,-9544.33,61.6426,79.1377,-152632,985.779,596.825,34.751
0.161623,0,0,15.9918,1.46804,-15740,-9544.49,61.5472,79.1383,-152634,984.253,596.835,34.757
0.161633,0,0,15.9918,1.4682,-15715.6,-9544.65,61.4517,79.1389,-152637,982.727,596.845,34.763
0.161643,0,0,15.9918,1.46836,-15691.2,-9544.81,61.3563,79.1395,-152639,981.201,596.855,34.769
0.161653,0,0,15.9918,1.46852,-15666.8,-9544.96,61.2609,79.1402,-152642,979.675,596.864,34.7749
0.161663,0,0,15.9918,1.46868,-15642.4,-9545.12,61.1654,79.1408,-152644,978.148,596.874,34.7809
0.161673,0,0,15.9918,1.46884,-15618,-9545.28,61.07,79.1414,-152647,976.622,596.884,34.7869
0.161683,0,0,15.9918,1.469,-15593.6,-9545.43,60.9746,79.142,-152649,975.096,596.894,34.7928
0.161693,0,0,15.9918,1.46916,-15569.2,-9545.59,60.8791,79.1426,-152652,973.569,596.903,34.7988
0.161703,0,0,15.9918,1.46932,-15544.8,-9545.74,60.7837,79.1432,-152654,972.043,596.913,34.8048
0.161713,0,0,15.9918,1.46948,-15520.4,-9545.9,60.6882,79.1438,-152657,970.517,596.923,34.8107
0.161723,0,0,15.9918,1.46964,-15495.9,-9546.05,60.5928,79.1444,-152659,968.99,596.933,34.8167
0.161733,0,0,15.9918,1.4698,-15471.5,-9546.21,60.4973,79.145,-152661,967.464,596.942,34.8227
0.161743,0,0,15.9918,1.46996,-15447.1,-9546.36,60.4019,79.1456,-152664,965.938,596.952,34.8287
0.161753,0,0,15.9918,1.47012,-15422.7,-9546.52,60.3064,79.1462,-152666,964.41,596.962,34.8346
0.161763,0,0,15.9918,1.47028,-15398.3,-9546.67,60.211,79.1468,-152669,962.885,596.971,34.8406
0.161773,0,0,15.9918,1.47044,-15373.9,-9546.82,60.1155,79.1474,-152671,961.358,596.981,34.8466
0.161783,0,0,15.9918,1.4706,-15349.5,-9546.98,60.02,79.148,-152674,959.831,596.99,34.8525
0.161793,0,0,15.9918,1.47076,-15325.1,-9547.13,59.9247,79.1486,-152676,958.306,597,34.8585
0.161803,0,0,15.9918,1.47092,-15300.7,-9547.29,59.8292,79.1492,-152679,956.779,597.01,34.8645
0.161813,0,0,15.9918,1.47108,-15276.2,-9547.44,59.7336,79.1498,-152681,955.251,597.019,34.8704
0.161823,0,0,15.9918,1.47123,-15251.8,-9547.59,59.6383,79.1504,-152684,953.726,597.029,34.8764
0.161833,0,0,15.9918,1.47139,-15227.4,-9547.74,59.5428,79.151,-152686,952.199,597.038,34.8824
0.161843,0,0,15.9918,1.47155,-15203,-9547.89,59.4472,79.1516,-152688,950.671,597.048,34.8884
0.161853,0,0,15.9918,1.47171,-15178.6,-9548.05,59.3519,79.1522,-152691,949.146,597.057,34.8943
0.161863,0,0,15.9918,1.47187,-15154.2,-9548.2,59.2564,79.1528,-152693,947.618,597.067,34.9003
0.161873,0,0,15.9918,1.47203,-15129.8,-9548.35,59.1609,79.1534,-152696,946.092,597.076,34.9063
0.161883,0,0,15.9918,1.47219,-15105.3,-9548.5,59.0655,79.154,-152698,944.566,597.086,34.9122
0.161893,0,0,15.9918,1.47235,-15080.9,-9548.65,58.9699,79.1546,-152701,943.038,597.095,34.9182
0.161903,0,0,15.9918,1.47251,-15056.5,-9548.8,58.8745,79.1552,-152703,941.512,597.104,34.9242
0.161913,0,0,15.9918,1.47267,-15032.1,-9548.95,58.779,79.1557,-152705,939.985,597.114,34.9301
0.161923,0,0,15.9918,1.47283,-15007.7,-9549.1,58.6835,79.1563,-152708,938.457,597.123,34.9361
0.161933,0,0,15.9918,1.47299,-14983.3,-9549.25,58.5881,79.1569,-152710,936.931,597.133,34.9421
0.161943,0,0,15.9918,1.47315,-14958.8,-9549.4,58.4926,79.1575,-152713,935.404,597.142,34.9481
0.161953,0,0,15.9918,1.47331,-14934.4,-9549.55,58.3971,79.1581,-152715,933.877,597.151,34.954
0.161963,0,0,15.9918,1.47347,-14910,-9549.7,58.3016,79.1587,-152717,932.35,597.161,34.96
0.161973,0,0,15.9918,1.47363,-14885.6,-9549.85,58.2061,79.1593,-152720,930.823,597.17,34.966
0.161983,0,0,15.9918,1.47379,-14861.2,-9550,58.1106,79.1598,-152722,929.296,597.179,34.9719
0.161993,0,0,15.9918,1.47395,-14836.7,-9550.15,58.0151,79.1604,-152724,927.769,597.189,34.9779
0.162003,0,0,15.9918,1.47411,-14812.3,-9550.29,57.9197,79.161,-152727,926.242,597.198,34.9839
0.162013,0,0,15.9918,1.47427,-14787.9,-9550.44,57.8241,79.1616,-152729,924.714,597.207,34.9899
0.162023,0,0,15.9918,1.47443,-14763.5,-9550.59,57.7287,79.1622,-152732,923.188,597.216,34.9958
0.162033,0,0,15.9918,1.47459,-14739.1,-9550.74,57.6332,79.1627,-152734,921.661,597.226,35.0018
0.162043,0,0,15.9918,1.47475,-14714.6,-9550.89,57.5376,79.1633,-152736,920.133,597.235,35.0078
0.162053,0,0,15.9918,1.47491,-14690.2,-9551.03,57.4422,79.1639,-152739,918.606,597.244,35.0138
0.162063,0,0,15.9918,1.47507,-14665.8,-9551.18,57.3467,79.1645,-152741,917.079,597.253,35.0197
0.162073,0,0,15.9918,1.47523,-14641.4,-9551.33,57.2511,79.165,-152743,915.551,597.262,35.0257
0.162083,0,0,15.9918,1.47539,-14616.9,-9551.47,57.1557,79.1656,-152746,914.025,597.271,35.0317
0.162093,0,0,15.9918,1.47555,-14592.5,-9551.62,57.0602,79.1662,-152748,912.498,597.281,35.0376
0.162103,0,0,15.9918,1.47571,-14568.1,-9551.76,56.9646,79.1667,-152750,910.97,597.29,35.0436
0.162113,0,0,15.9918,1.47587,-14543.7,-9551.91,56.8691,79.1673,-152753,909.443,597.299,35.0496
0.162123,0,0,15.9918,1.47603,-14519.2,-9552.06,56.7737,79.1679,-152755,907.916,597.308,35.0556
0.162133,0,0,15.9918,1.47619,-14494.8,-9552.2,56.6781,79.1684,-152757,906.387,597.317,35.0615
0.162143,0,0,15.9918,1.47635,-14470.4,-9552.34,56.5826,79.169,-152760,904.86,597.326,35.0675
0.162153,0,0,15.9918,1.47651,-14446,-9552.49,56.4871,79.1696,-152762,903.333,597.335,35.0735
0.162163,0,0,15.9918,1.47667,-14421.5,-9552.63,56.3916,79.1701,-152764,901.805,597.344,35.0795
0.162173,0,0,15.9918,1.47683,-14397.1,-9552.78,56.2961,79.1707,-152767,900.279,597.353,35.0854
0.162183,0,0,15.9918,1.47699,-14372.7,-9552.92,56.2006,79.1713,-152769,898.751,597.362,35.0914
0.162193,0,0,15.9918,1.47715,-14348.2,-9553.07,56.105,79.1718,-152771,897.223,597.371,35.0974
0.162203,0,0,15.9918,1.47731,-14323.8,-9553.21,56.0096,79.1724,-152773,895.697,597.38,35.1034
0.162213,0,0,15.9918,1.47747,-14299.4,-9553.35,55.914,79.1729,-152776,894.168,597.389,35.1093
0.162223,0,0,15.9918,1.47763,-14275,-9553.5,55.8185,79.1735,-152778,892.64,597.398,35.1153
0.162233,0,0,15.9918,1.47779,-14250.6,-9553.64,55.723,79.1741,-152780,891.114,597.407,35.1213
0.162243,0,0,15.9918,1.47795,-14226.1,-9553.78,55.6274,79.1746,-152783,889.586,597.416,35.1273
0.162253,0,0,15.9918,1.47811,-14201.7,-9553.92,55.5319,79.1752,-152785,888.058,597.425,35.1332
0.162263,0,0,15.9918,1.47827,-14177.3,-9554.06,55.4364,79.1757,-152787,886.531,597.434,35.1392
0.162273,0,0,15.9918,1.47843,-14152.8,-9554.21,55.3409,79.1763,-152789,885.003,597.442,35.1452
0.162283,0,0,15.9918,1.47859,-14128.4,-9554.35,55.2454,79.1768,-152792,883.475,597.451,35.1511
0.162293,0,0,15.9918,1.47875,-14104,-9554.49,55.1498,79.1774,-152794,881.948,597.46,35.1571
0.162303,0,0,15.9918,1.47891,-14079.5,-9554.63,55.0543,79.1779,-152796,880.419,597.469,35.1631
0.162313,0,0,15.9918,1.47907,-14055.1,-9554.77,54.9588,79.1785,-152798,878.892,597.478,35.1691
0.162323,0,0,15.9918,1.47923,-14030.7,-9554.91,54.8632,79.179,-152801,877.364,597.486,35.175
0.162333,0,0,15.9918,1.47939,-14006.2,-9555.05,54.7677,79.1796,-152803,875.836,597.495,35.181
0.162343,0,0,15.9918,1.47955,-13981.8,-9555.19,54.6721,79.1801,-152805,874.308,597.504,35.187
0.162353,0,0,15.9918,1.47971,-13957.4,-9555.33,54.5766,79.1807,-152807,872.781,597.513,35.193
0.162363,0,0,15.9918,1.47987,-13932.9,-9555.47,54.481,79.1812,-152810,871.252,597.521,35.1989
0.162373,0,0,15.9918,1.48003,-13908.5,-9555.61,54.3855,79.1818,-152812,869.725,597.53,35.2049
0.162383,0,0,15.9918,1.48019,-13884.1,-9555.75,54.29,79.1823,-152814,868.197,597.539,35.2109
0.162393,0,0,15.9918,1.48035,-13859.6,-9555.89,54.1944,79.1828,-152816,866.668,597.547,35.2169
0.162403,0,0,15.9918,1.48051,-13835.2,-9556.02,54.0989,79.1834,-152818,865.141,597.556,35.2228
0.162413,0,0,15.9918,1.48067,-13810.8,-9556.16,54.0033,79.1839,-152821,863.613,597.565,35.2288
0.162423,0,0,15.9918,1.48083,-13786.3,-9556.3,53.9077,79.1845,-152823,862.084,597.573,35.2348
0.162433,0,0,15.9918,1.48099,-13761.9,-9556.44,53.8122,79.185,-152825,860.557,597.582,35.2408
0.162443,0,0,15.9918,1.48115,-13737.5,-9556.58,53.7167,79.1855,-152827,859.029,597.591,35.2467
0.162453,0,0,15.9918,1.48131,-13713,-9556.71,53.6211,79.1861,-152829,857.5,597.599,35.2527
0.162463,0,0,15.9918,1.48147,-13688.6,-9556.85,53.5256,79.1866,-152832,855.972,597.608,35.2587
0.162473,0,0,15.9918,1.48163,-13664.1,-9556.99,53.43,79.1871,-152834,854.445,597.616,35.2647
0.162483,0,0,15.9918,1.48179,-13639.7,-9557.12,53.3344,79.1877,-152836,852.916,597.625,35.2706
0.162493,0,0,15.9918,1.48195,-13615.3,-9557.26,53.2389,79.1882,-152838,851.388,597.633,35.2766
0.162503,0,0,15.9918,1.48211,-13590.8,-9557.4,53.1433,79.1888,-152840,849.86,597.642,35.2826
0.162513,0,0,15.9918,1.48227,-13566.4,-9557.53,53.0477,79.1893,-152843,848.331,597.65,35.2886
0.162523,0,0,15.9918,1.48243,-13541.9,-9557.67,52.9522,79.1898,-152845,846.803,597.659,35.2946
0.162533,0,0,15.9918,1.48259,-13517.5,-9557.8,52.8566,79.1903,-152847,845.275,597.667,35.3005
0.162543,0,0,15.9918,1.48275,-13493.1,-9557.94,52.761,79.1909,-152849,843.746,597.676,35.3065
0.162553,0,0,15.9918,1.48291,-13468.6,-9558.07,52.6656,79.1914,-152851,842.219,597.684,35.3125
0.162563,0,0,15.9918,1.48307,-13444.2,-9558.21,52.5699,79.1919,-152853,840.69,597.693,35.3185
0.162573,0,0,15.9918,1.48323,-13419.7,-9558.34,52.4743,79.1924,-152855,839.161,597.701,35.3244
0.162583,0,0,15.9918,1.48339,-13395.3,-9558.47,52.3788,79.193,-152858,837.634,597.709,35.3304
0.162593,0,0,15.9918,1.48355,-13370.9,-9558.61,52.2832,79.1935,-152860,836.105,597.718,35.3364
0.162603,0,0,15.9918,1.48371,-13346.4,-9558.74,52.1876,79.194,-152862,834.576,597.726,35.3424
0.162613,0,0,15.9918,1.48387,-13322,-9558.88,52.0921,79.1945,-152864,833.049,597.734,35.3484
0.162623,0,0,15.9918,1.48403,-13297.5,-9559.01,51.9965,79.1951,-152866,831.52,597.743,35.3543
0.162633,0,0,15.9918,1.48419,-13273.1,-9559.14,51.9009,79.1956,-152868,829.992,597.751,35.3603
0.162643,0,0,15.9918,1.48435,-13248.7,-9559.27,51.8054,79.1961,-152870,828.464,597.759,35.3663
0.162653,0,0,15.9918,1.48451,-13224.2,-9559.41,51.7097,79.1966,-152873,826.934,597.768,35.3723
0.162663,0,0,15.9918,1.48467,-13199.8,-9559.54,51.6142,79.1971,-152875,825.406,597.776,35.3782
0.162673,0,0,15.9918,1.48483,-13175.3,-9559.67,51.5186,79.1976,-152877,823.878,597.784,35.3842
0.162683,0,0,15.9918,1.48499,-13150.9,-9559.8,51.423,79.1982,-152879,822.349,597.792,35.3902
0.162693,0,0,15.9918,1.48515,-13126.4,-9559.93,51.3274,79.1987,-152881,820.82,597.801,35.3962
0.162703,0,0,15.9918,1.48531,-13102,-9560.06,51.2319,79.1992,-152883,819.292,597.809,35.4022
0.162713,0,0,15.9918,1.48547,-13077.5,-9560.2,51.1362,79.1997,-152885,817.763,597.817,35.4081
0.162723,0,0,15.9918,1.48563,-13053.1,-9560.33,51.0407,79.2002,-152887,816.234,597.825,35.4141
0.162733,0,0,15.9918,1.48579,-13028.7,-9560.46,50.9451,79.2007,-152889,814.706,597.833,35.4201
0.162743,0,0,15.9918,1.48595,-13004.2,-9560.59,50.8494,79.2012,-152891,813.176,597.841,35.4261
0.162753,0,0,15.9918,1.48611,-12979.8,-9560.72,50.7539,79.2017,-152893,811.648,597.849,35.432
0.162763,0,0,15.9918,1.48627,-12955.3,-9560.85,50.6583,79.2022,-152896,810.12,597.858,35.438
0.162773,0,0,15.9918,1.48643,-12930.8,-9560.98,50.5627,79.2027,-152898,808.59,597.866,35.444
0.162783,0,0,15.9918,1.48659,-12906.4,-9561.1,50.4671,79.2032,-152900,807.062,597.874,35.45
0.162793,0,0,15.9918,1.48674,-12882,-9561.23,50.3715,79.2038,-152902,805.533,597.882,35.456
0.162803,0,0,15.9918,1.4869,-12857.5,-9561.36,50.2759,79.2043,-152904,804.004,597.89,35.4619
0.162813,0,0,15.9918,1.48706,-12833.1,-9561.49,50.1803,79.2048,-152906,802.475,597.898,35.4679
0.162823,0,0,15.9918,1.48722,-12808.6,-9561.62,50.0847,79.2053,-152908,800.947,597.906,35.4739
0.162833,0,0,15.9918,1.48738,-12784.2,-9561.75,49.989,79.2058,-152910,799.417,597.914,35.4799
0.162843,0,0,15.9918,1.48754,-12759.7,-9561.87,49.8935,79.2063,-152912,797.888,597.922,35.4858
0.162853,0,0,15.9918,1.4877,-12735.3,-9562,49.7979,79.2068,-152914,796.36,597.93,35.4918
0.162863,0,0,15.9918,1.48786,-12710.8,-9562.13,49.7022,79.2073,-152916,794.83,597.938,35.4978
0.162873,0,0,15.9918,1.48802,-12686.4,-9562.26,49.6066,79.2077,-152918,793.302,597.946,35.5038
0.162883,0,0,15.9918,1.48818,-12661.9,-9562.38,49.511,79.2082,-152920,791.773,597.954,35.5098
0.162893,0,0,15.9918,1.48834,-12637.4,-9562.51,49.4154,79.2087,-152922,790.243,597.962,35.5157
0.162903,0,0,15.9918,1.4885,-12613,-9562.64,49.3198,79.2092,-152924,788.715,597.97,35.5217
0.162913,0,0,15.9918,1.48866,-12588.6,-9562.76,49.2242,79.2097,-152926,787.186,597.977,35.5277
0.162923,0,0,15.9918,1.48882,-12564.1,-9562.89,49.1285,79.2102,-152928,785.656,597.985,35.5337
0.162933,0,0,15.9918,1.48898,-12539.7,-9563.01,49.033,79.2107,-152930,784.128,597.993,35.5397
0.162943,0,0,15.9918,1.48914,-12515.2,-9563.14,48.9374,79.2112,-152932,782.599,598.001,35.5456
0.162953,0,0,15.9918,1.4893,-12490.7,-9563.26,48.8417,79.2117,-152934,781.069,598.009,35.5516
0.162963,0,0,15.9918,1.48946,-12466.3,-9563.39,48.7462,79.2122,-152936,779.541,598.017,35.5576
0.162973,0,0,15.9918,1.48962,-12441.8,-9563.51,48.6505,79.2127,-152938,778.011,598.024,35.5636
0.162983,0,0,15.9918,1.48978,-12417.4,-9563.64,48.5548,79.2132,-152940,776.481,598.032,35.5696
0.162993,0,0,15.9918,1.48994,-12392.9,-9563.76,48.4593,79.2136,-152942,774.953,598.04,35.5756
0.163003,0,0,15.9918,1.4901,-12368.5,-9563.88,48.3636,79.2141,-152944,773.423,598.048,35.5815
0.163013,0,0,15.9918,1.49026,-12344,-9564.01,48.268,79.2146,-152946,771.894,598.055,35.5875
0.163023,0,0,15.9918,1.49042,-12319.6,-9564.13,48.1724,79.2151,-152948,770.365,598.063,35.5935
0.163033,0,0,15.9918,1.49058,-12295.1,-9564.25,48.0767,79.2156,-152950,768.836,598.071,35.5995
0.163043,0,0,15.9918,1.49074,-12270.6,-9564.38,47.9811,79.216,-152952,767.307,598.078,35.6055
0.163053,0,0,15.9918,1.4909,-12246.2,-9564.5,47.8855,79.2165,-152954,765.778,598.086,35.6114
0.163063,0,0,15.9918,1.49106,-12221.7,-9564.62,47.7898,79.217,-152956,764.247,598.094,35.6174
0.163073,0,0,15.9918,1.49122,-12197.3,-9564.74,47.6942,79.2175,-152958,762.718,598.101,35.6234
0.163083,0,0,15.9918,1.49138,-12172.8,-9564.87,47.5986,79.218,-152960,761.189,598.109,35.6294
0.163093,0,0,15.9918,1.49154,-12148.4,-9564.99,47.5029,79.2184,-152962,759.659,598.117,35.6354
0.163103,0,0,15.9918,1.4917,-12123.9,-9565.11,47.4073,79.2189,-152964,758.13,598.124,35.6413
0.163113,0,0,15.9918,1.49186,-12099.4,-9565.23,47.3117,79.2194,-152966,756.601,598.132,35.6473
0.163123,0,0,15.9918,1.49202,-12075,-9565.35,47.216,79.2198,-152968,755.071,598.139,35.6533
0.163133,0,0,15.9918,1.49218,-12050.5,-9565.47,47.1204,79.2203,-152970,753.542,598.147,35.6593
0.163143,0,0,15.9918,1.49234,-12026.1,-9565.59,47.0248,79.2208,-152971,752.013,598.154,35.6653
0.163153,0,0,15.9918,1.4925,-12001.6,-9565.71,46.9291,79.2213,-152973,750.482,598.162,35.6713
0.163163,0,0,15.9918,1.49266,-11977.1,-9565.83,46.8334,79.2217,-152975,748.953,598.169,35.6772
0.163173,0,0,15.9918,1.49282,-11952.7,-9565.95,46.7378,79.2222,-152977,747.424,598.177,35.6832
0.163183,0,0,15.9918,1.49298,-11928.2,-9566.07,46.6421,79.2227,-152979,745.893,598.184,35.6892
0.163193,0,0,15.9918,1.49314,-11903.8,-9566.19,46.5465,79.2231,-152981,744.364,598.192,35.6952
0.163203,0,0,15.9918,1.4933,-11879.3,-9566.31,46.4509,79.2236,-152983,742.835,598.199,35.7012
0.163213,0,0,15.9918,1.49346,-11854.8,-9566.43,46.3552,79.2241,-152985,741.305,598.207,35.7071
0.163223,0,0,15.9918,1.49362,-11830.4,-9566.55,46.2595,79.2245,-152987,739.775,598.214,35.7131
0.163233,0,0,15.9918,1.49378,-11805.9,-9566.66,46.1639,79.225,-152989,738.246,598.221,35.7191
0.163243,0,0,15.9918,1.49394,-11781.4,-9566.78,46.0682,79.2254,-152990,736.715,598.229,35.7251
0.163253,0,0,15.9918,1.4941,-11757,-9566.9,45.9726,79.2259,-152992,735.186,598.236,35.7311
0.163263,0,0,15.9918,1.49426,-11732.5,-9567.02,45.8769,79.2264,-152994,733.657,598.244,35.737
0.163273,0,0,15.9918,1.49442,-11708,-9567.13,45.7812,79.2268,-152996,732.126,598.251,35.743
0.163283,0,0,15.9918,1.49458,-11683.6,-9567.25,45.6856,79.2273,-152998,730.597,598.258,35.749
0.163293,0,0,15.9918,1.49474,-11659.1,-9567.37,45.59,79.2277,-153000,729.067,598.265,35.755
0.163303,0,0,15.9918,1.4949,-11634.7,-9567.48,45.4942,79.2282,-153002,727.537,598.273,35.761
0.163313,0,0,15.9918,1.49506,-11610.2,-9567.6,45.3987,79.2287,-153004,726.008,598.28,35.767
0.163323,0,0,15.9918,1.49522,-11585.7,-9567.72,45.303,79.2291,-153005,724.478,598.287,35.7729
0.163333,0,0,15.9918,1.49538,-11561.3,-9567.83,45.2072,79.2296,-153007,722.947,598.294,35.7789
0.163343,0,0,15.9918,1.49554,-11536.8,-9567.95,45.1117,79.23,-153009,721.419,598.302,35.7849
0.163353,0,0,15.9918,1.4957,-11512.3,-9568.06,45.016,79.2305,-153011,719.888,598.309,35.7909
0.163363,0,0,15.9918,1.49586,-11487.9,-9568.18,44.9202,79.2309,-153013,718.357,598.316,35.7969
0.163373,0,0,15.9918,1.49602,-11463.4,-9568.29,44.8247,79.2314,-153015,716.829,598.323,35.8028
0.163383,0,0,15.9918,1.49618,-11438.9,-9568.41,44.7289,79.2318,-153016,715.298,598.33,35.8088
0.163393,0,0,15.9918,1.49634,-11414.5,-9568.52,44.6333,79.2323,-153018,713.769,598.338,35.8148
0.163403,0,0,15.9918,1.4965,-11390,-9568.64,44.5376,79.2327,-153020,712.239,598.345,35.8208
0.163413,0,0,15.9918,1.49666,-11365.5,-9568.75,44.4419,79.2331,-153022,710.708,598.352,35.8268
0.163423,0,0,15.9918,1.49682,-11341.1,-9568.86,44.3463,79.2336,-153024,709.179,598.359,35.8328
0.163433,0,0,15.9918,1.49698,-11316.6,-9568.98,44.2506,79.234,-153026,707.649,598.366,35.8387
0.163443,0,0,15.9918,1.49714,-11292.1,-9569.09,44.1549,79.2345,-153027,706.118,598.373,35.8447
0.163453,0,0,15.9918,1.4973,-11267.7,-9569.2,44.0592,79.2349,-153029,704.588,598.38,35.8507
0.163463,0,0,15.9918,1.49746,-11243.2,-9569.31,43.9636,79.2354,-153031,703.059,598.387,35.8567
0.163473,0,0,15.9918,1.49762,-11218.7,-9569.43,43.8678,79.2358,-153033,701.528,598.394,35.8627
0.163483,0,0,15.9918,1.49778,-11194.3,-9569.54,43.7722,79.2362,-153035,699.998,598.401,35.8687
0.163493,0,0,15.9918,1.49794,-11169.8,-9569.65,43.6765,79.2367,-153036,698.468,598.408,35.8747
0.163503,0,0,15.9918,1.4981,-11145.3,-9569.76,43.5808,79.2371,-153038,696.937,598.415,35.8806
0.163513,0,0,15.9918,1.49826,-11120.8,-9569.87,43.4851,79.2375,-153040,695.407,598.422,35.8866
0.163523,0,0,15.9918,1.49842,-11096.4,-9569.98,43.3895,79.238,-153042,693.878,598.429,35.8926
0.163533,0,0,15.9918,1.49858,-11071.9,-9570.1,43.2937,79.2384,-153043,692.347,598.436,35.8986
0.163543,0,0,15.9918,1.49874,-11047.4,-9570.21,43.1981,79.2388,-153045,690.817,598.443,35.9046
0.163553,0,0,15.9918,1.4989,-11023,-9570.32,43.1024,79.2393,-153047,689.287,598.45,35.9106
0.163563,0,0,15.9918,1.49906,-10998.5,-9570.43,43.0067,79.2397,-153049,687.756,598.457,35.9166
0.163573,0,0,15.9918,1.49922,-10974,-9570.54,42.911,79.2401,-153051,686.226,598.464,35.9225
0.163583,0,0,15.9918,1.49938,-10949.5,-9570.65,42.8153,79.2406,-153052,684.696,598.47,35.9285
0.163593,0,0,15.9918,1.49954,-10925.1,-9570.75,42.7196,79.241,-153054,683.165,598.477,35.9345
0.163603,0,0,15.9918,1.4997,-10900.6,-9570.86,42.6239,79.2414,-153056,681.635,598.484,35.9405
0.163613,0,0,15.9918,1.49986,-10876.1,-9570.97,42.5282,79.2418,-153058,680.105,598.491,35.9465
0.163623,0,0,15.9918,1.50002,-10851.6,-9571.08,42.4325,79.2423,-153059,678.574,598.498,35.9525
0.163633,0,0,15.9918,1.50018,-10827.2,-9571.19,42.3368,79.2427,-153061,677.044,598.504,35.9585
0.163643,0,0,15.9918,1.50034,-10802.7,-9571.3,42.2411,79.2431,-153063,675.513,598.511,35.9644
0.163653,0,0,15.9918,1.5005,-10778.2,-9571.41,42.1454,79.2435,-153064,673.982,598.518,35.9704
0.163663,0,0,15.9918,1.50066,-10753.8,-9571.51,42.0497,79.2439,-153066,672.452,598.525,35.9764
0.163673,0,0,15.9918,1.50082,-10729.3,-9571.62,41.954,79.2444,-153068,670.922,598.531,35.9824
0.163683,0,0,15.9918,1.50098,-10704.8,-9571.73,41.8583,79.2448,-153070,669.391,598.538,35.9884
0.163693,0,0,15.9918,1.50114,-10680.3,-9571.83,41.7626,79.2452,-153071,667.862,598.545,35.9944
0.163703,0,0,15.9918,1.5013,-10655.9,-9571.94,41.6669,79.2456,-153073,666.33,598.551,36.0004
0.163713,0,0,15.9918,1.50146,-10631.4,-9572.05,41.5711,79.246,-153075,664.799,598.558,36.0063
0.163723,0,0,15.9918,1.50162,-10606.9,-9572.15,41.4755,79.2465,-153076,663.27,598.565,36.0123
0.163733,0,0,15.9918,1.50178,-10582.4,-9572.26,41.3798,79.2469,-153078,661.739,598.571,36.0183
0.163743,0,0,15.9918,1.50194,-10557.9,-9572.37,41.284,79.2473,-153080,660.207,598.578,36.0243
0.163753,0,0,15.9918,1.50209,-10533.5,-9572.47,41.1884,79.2477,-153081,658.678,598.585,36.0303
0.163763,0,0,15.9918,1.50225,-10509,-9572.58,41.0926,79.2481,-153083,657.147,598.591,36.0363
0.163773,0,0,15.9918,1.50241,-10484.5,-9572.68,40.9969,79.2485,-153085,655.617,598.598,36.0422
0.163783,0,0,15.9918,1.50257,-10460,-9572.79,40.9012,79.2489,-153087,654.086,598.604,36.0482
0.163793,0,0,15.9918,1.50273,-10435.6,-9572.89,40.8055,79.2493,-153088,652.555,598.611,36.0542
0.163803,0,0,15.9918,1.50289,-10411.1,-9573,40.7098,79.2497,-153090,651.024,598.617,36.0602
0.163813,0,0,15.9918,1.50305,-10386.6,-9573.1,40.6141,79.2502,-153092,649.494,598.624,36.0662
0.163823,0,0,15.9918,1.50321,-10362.1,-9573.2,40.5183,79.2506,-153093,647.963,598.63,36.0722
0.163833,0,0,15.9918,1.50337,-10337.6,-9573.31,40.4226,79.251,-153095,646.432,598.637,36.0782
0.163843,0,0,15.9918,1.50353,-10313.2,-9573.41,40.3269,79.2514,-153096,644.902,598.643,36.0841
0.163853,0,0,15.9918,1.50369,-10288.7,-9573.51,40.2312,79.2518,-153098,643.37,598.65,36.0901
0.163863,0,0,15.9918,1.50385,-10264.2,-9573.62,40.1355,79.2522,-153100,641.84,598.656,36.0961
0.163873,0,0,15.9918,1.50401,-10239.7,-9573.72,40.0398,79.2526,-153101,640.31,598.663,36.1021
0.163883,0,0,15.9918,1.50417,-10215.2,-9573.82,39.944,79.253,-153103,638.778,598.669,36.1081
0.163893,0,0,15.9918,1.50433,-10190.8,-9573.92,39.8483,79.2534,-153105,637.247,598.675,36.1141
0.163903,0,0,15.9918,1.50449,-10166.3,-9574.02,39.7526,79.2538,-153106,635.717,598.682,36.1201
0.163913,0,0,15.9918,1.50465,-10141.8,-9574.12,39.6568,79.2542,-153108,634.185,598.688,36.126
0.163923,0,0,15.9918,1.50481,-10117.3,-9574.23,39.5611,79.2546,-153110,632.655,598.694,36.132
0.163933,0,0,15.9918,1.50497,-10092.8,-9574.33,39.4654,79.255,-153111,631.124,598.701,36.138
0.163943,0,0,15.9918,1.50513,-10068.3,-9574.43,39.3696,79.2554,-153113,629.592,598.707,36.144
0.163953,0,0,15.9918,1.50529,-10043.9,-9574.53,39.2739,79.2558,-153114,628.062,598.713,36.15
0.163963,0,0,15.9918,1.50545,-10019.4,-9574.63,39.1782,79.2561,-153116,626.531,598.72,36.156
0.163973,0,0,15.9918,1.50561,-9994.9,-9574.73,39.0824,79.2565,-153118,625,598.726,36.162
0.163983,0,0,15.9918,1.50577,-9970.42,-9574.83,38.9867,79.2569,-153119,623.469,598.732,36.1679
0.163993,0,0,15.9918,1.50593,-9945.94,-9574.93,38.891,79.2573,-153121,621.938,598.738,36.1739
0.164003,0,0,15.9918,1.50609,-9921.45,-9575.03,38.7952,79.2577,-153122,620.407,598.744,36.1799
0.164013,0,0,15.9918,1.50625,-9896.97,-9575.13,38.6995,79.2581,-153124,618.876,598.751,36.1859
0.164023,0,0,15.9918,1.50641,-9872.49,-9575.23,38.6038,79.2585,-153126,617.345,598.757,36.1919
0.164033,0,0,15.9918,1.50657,-9847.99,-9575.32,38.508,79.2589,-153127,615.813,598.763,36.1979
0.164043,0,0,15.9918,1.50673,-9823.51,-9575.42,38.4122,79.2592,-153129,614.283,598.769,36.2039
0.164053,0,0,15.9918,1.50689,-9799.03,-9575.52,38.3165,79.2596,-153130,612.752,598.775,36.2099
0.164063,0,0,15.9918,1.50705,-9774.54,-9575.62,38.2207,79.26,-153132,611.22,598.781,36.2159
0.164073,0,0,15.9918,1.50721,-9750.07,-9575.72,38.1251,79.2604,-153133,609.69,598.787,36.2218
0.164083,0,0,15.9918,1.50737,-9725.58,-9575.81,38.0293,79.2608,-153135,608.158,598.794,36.2278
0.164093,0,0,15.9918,1.50753,-9701.08,-9575.91,37.9335,79.2612,-153136,606.627,598.8,36.2338
0.164103,0,0,15.9918,1.50769,-9676.61,-9576.01,37.8378,79.2615,-153138,605.097,598.806,36.2398
0.164113,0,0,15.9918,1.50785,-9652.12,-9576.1,37.742,79.2619,-153140,603.565,598.812,36.2458
0.164123,0,0,15.9918,1.50801,-9627.62,-9576.2,37.6462,79.2623,-153141,602.033,598.818,36.2518
0.164133,0,0,15.9918,1.50817,-9603.15,-9576.3,37.5506,79.2627,-153143,600.503,598.824,36.2578
0.164143,0,0,15.9918,1.50833,-9578.65,-9576.39,37.4548,79.263,-153144,598.971,598.83,36.2638
0.164153,0,0,15.9918,1.50849,-9554.15,-9576.49,37.359,79.2634,-153146,597.439,598.836,36.2698
0.164163,0,0,15.9918,1.50865,-9529.69,-9576.58,37.2633,79.2638,-153147,595.909,598.842,36.2757
0.164173,0,0,15.9918,1.50881,-9505.19,-9576.68,37.1675,79.2642,-153149,594.377,598.848,36.2817
0.164183,0,0,15.9918,1.50897,-9480.71,-9576.77,37.0718,79.2645,-153150,592.846,598.854,36.2877
0.164193,0,0,15.9918,1.50913,-9456.22,-9576.87,36.9761,79.2649,-153152,591.315,598.86,36.2937
0.164203,0,0,15.9918,1.50929,-9431.72,-9576.96,36.8803,79.2653,-153153,589.783,598.865,36.2997
0.164213,0,0,15.9918,1.50945,-9407.24,-9577.06,36.7845,79.2656,-153155,588.252,598.871,36.3057
0.164223,0,0,15.9918,1.50961,-9382.76,-9577.15,36.6888,79.266,-153156,586.721,598.877,36.3117
0.164233,0,0,15.9918,1.50977,-9358.25,-9577.25,36.593,79.2664,-153158,585.189,598.883,36.3177
0.164243,0,0,15.9918,1.50993,-9333.77,-9577.34,36.4972,79.2667,-153159,583.658,598.889,36.3237
0.164253,0,0,15.9918,1.51009,-9309.29,-9577.43,36.4015,79.2671,-153161,582.127,598.895,36.3297
0.164263,0,0,15.9918,1.51025,-9284.79,-9577.52,36.3057,79.2675,-153162,580.595,598.901,36.3356
0.164273,0,0,15.9918,1.51041,-9260.3,-9577.62,36.2099,79.2678,-153164,579.064,598.906,36.3416
0.164283,0,0,15.9918,1.51057,-9235.81,-9577.71,36.1142,79.2682,-153165,577.533,598.912,36.3476
0.164293,0,0,15.9918,1.51073,-9211.31,-9577.8,36.0184,79.2686,-153167,576.001,598.918,36.3536
0.164303,0,0,15.9918,1.51089,-9186.83,-9577.89,35.9227,79.2689,-153168,574.469,598.924,36.3596
0.164313,0,0,15.9918,1.51105,-9162.34,-9577.99,35.8269,79.2693,-153170,572.938,598.929,36.3656
0.164323,0,0,15.9918,1.51121,-9137.84,-9578.08,35.7311,79.2696,-153171,571.406,598.935,36.3716
0.164333,0,0,15.9918,1.51137,-9113.35,-9578.17,35.6353,79.27,-153173,569.875,598.941,36.3776
0.164343,0,0,15.9918,1.51153,-9088.86,-9578.26,35.5396,79.2703,-153174,568.344,598.947,36.3836
0.164353,0,0,15.9918,1.51169,-9064.36,-9578.35,35.4438,79.2707,-153175,566.811,598.952,36.3895
0.164363,0,0,15.9918,1.51185,-9039.87,-9578.44,35.348,79.2711,-153177,565.28,598.958,36.3955
0.164373,0,0,15.9918,1.51201,-9015.39,-9578.53,35.2523,79.2714,-153178,563.749,598.964,36.4015
0.164383,0,0,15.9918,1.51217,-8990.88,-9578.62,35.1565,79.2718,-153180,562.217,598.969,36.4075
0.164393,0,0,15.9918,1.51233,-8966.39,-9578.71,35.0607,79.2721,-153181,560.685,598.975,36.4135
0.164403,0,0,15.9918,1.51249,-8941.91,-9578.8,34.965,79.2725,-153183,559.154,598.98,36.4195
0.164413,0,0,15.9918,1.51265,-8917.4,-9578.89,34.8691,79.2728,-153184,557.622,598.986,36.4255
0.164423,0,0,15.9918,1.51281,-8892.91,-9578.98,34.7734,79.2732,-153186,556.09,598.992,36.4315
0.164433,0,0,15.9918,1.51297,-8868.42,-9579.07,34.6776,79.2735,-153187,554.559,598.997,36.4375
0.164443,0,0,15.9918,1.51313,-8843.92,-9579.16,34.5818,79.2739,-153188,553.027,599.003,36.4434
0.164453,0,0,15.9918,1.51329,-8819.45,-9579.24,34.4861,79.2742,-153190,551.497,599.008,36.4494
0.164463,0,0,15.9918,1.51345,-8794.94,-9579.33,34.3903,79.2745,-153191,549.964,599.014,36.4554
0.164473,0,0,15.9918,1.51361,-8770.43,-9579.42,34.2945,79.2749,-153193,548.432,599.019,36.4614
0.164483,0,0,15.9918,1.51377,-8745.96,-9579.51,34.1988,79.2752,-153194,546.901,599.025,36.4674
0.164493,0,0,15.9918,1.51393,-8721.45,-9579.59,34.1029,79.2756,-153195,545.369,599.03,36.4734
0.164503,0,0,15.9918,1.51409,-8696.94,-9579.68,34.0071,79.2759,-153197,543.836,599.035,36.4794
0.164513,0,0,15.9918,1.51425,-8672.47,-9579.77,33.9114,79.2763,-153198,542.306,599.041,36.4854
0.164523,0,0,15.9918,1.51441,-8647.96,-9579.86,33.8156,79.2766,-153200,540.773,599.046,36.4914
0.164533,0,0,15.9918,1.51457,-8623.45,-9579.94,33.7197,79.2769,-153201,539.241,599.052,36.4973
0.164543,0,0,15.9918,1.51473,-8598.98,-9580.03,33.624,79.2773,-153202,537.711,599.057,36.5033
0.164553,0,0,15.9918,1.51489,-8574.47,-9580.11,33.5282,79.2776,-153204,536.178,599.062,36.5093
0.164563,0,0,15.9918,1.51505,-8549.98,-9580.2,33.4324,79.2779,-153205,534.646,599.068,36.5153
0.164573,0,0,15.9918,1.51521,-8525.49,-9580.29,33.3367,79.2783,-153206,533.115,599.073,36.5213
0.164583,0,0,15.9918,1.51537,-8500.98,-9580.37,33.2408,79.2786,-153208,531.582,599.078,36.5273
0.164593,0,0,15.9918,1.51553,-8476.49,-9580.46,33.1451,79.2789,-153209,530.051,599.084,36.5333
0.164603,0,0,15.9918,1.51569,-8452,-9580.54,33.0493,79.2793,-153210,528.519,599.089,36.5393
0.164613,0,0,15.9918,1.51585,-8427.49,-9580.62,32.9535,79.2796,-153212,526.987,599.094,36.5453
0.164623,0,0,15.9918,1.51601,-8402.99,-9580.71,32.8577,79.2799,-153213,525.455,599.1,36.5512
0.164633,0,0,15.9918,1.51617,-8378.5,-9580.79,32.7619,79.2803,-153215,523.923,599.105,36.5572
0.164643,0,0,15.9918,1.51633,-8353.99,-9580.88,32.6661,79.2806,-153216,522.391,599.11,36.5632
0.164653,0,0,15.9918,1.51649,-8329.5,-9580.96,32.5703,79.2809,-153217,520.859,599.115,36.5692
0.164663,0,0,15.9918,1.51665,-8305,-9581.04,32.4745,79.2812,-153219,519.327,599.121,36.5752
0.164673,0,0,15.9918,1.51681,-8280.49,-9581.12,32.3787,79.2816,-153220,517.795,599.126,36.5812
0.164683,0,0,15.9918,1.51697,-8256,-9581.21,32.2829,79.2819,-153221,516.263,599.131,36.5872
0.164693,0,0,15.9918,1.51713,-8231.5,-9581.29,32.1871,79.2822,-153222,514.731,599.136,36.5932
0.164703,0,0,15.9918,1.51729,-8206.99,-9581.37,32.0913,79.2825,-153224,513.199,599.141,36.5992
0.164713,0,0,15.9918,1.51745,-8182.5,-9581.45,31.9955,79.2829,-153225,511.667,599.146,36.6052
0.164723,0,0,15.9918,1.51761,-8158,-9581.54,31.8997,79.2832,-153226,510.135,599.151,36.6112
0.164733,0,0,15.9918,1.51777,-8133.49,-9581.62,31.8039,79.2835,-153228,508.602,599.156,36.6172
0.164743,0,0,15.9918,1.51792,-8108.99,-9581.7,31.7081,79.2838,-153229,507.071,599.162,36.6232
0.164753,0,0,15.9918,1.51808,-8084.5,-9581.78,31.6123,79.2841,-153230,505.539,599.167,36.6292
0.164763,0,0,15.9918,1.51824,-8059.99,-9581.86,31.5164,79.2844,-153232,504.006,599.172,36.6351
0.164773,0,0,15.9918,1.5184,-8035.49,-9581.94,31.4207,79.2848,-153233,502.474,599.177,36.6411
0.164783,0,0,15.9918,1.51856,-8010.99,-9582.02,31.3249,79.2851,-153234,500.942,599.182,36.6471
0.164793,0,0,15.9918,1.51872,-7986.48,-9582.1,31.229,79.2854,-153235,499.41,599.187,36.6531
0.164803,0,0,15.9918,1.51888,-7961.98,-9582.18,31.1332,79.2857,-153237,497.878,599.192,36.6591
0.164813,0,0,15.9918,1.51904,-7937.49,-9582.26,31.0374,79.286,-153238,496.346,599.197,36.6651
0.164823,0,0,15.9918,1.5192,-7912.97,-9582.34,30.9416,79.2863,-153239,494.813,599.202,36.6711
0.164833,0,0,15.9918,1.51936,-7888.49,-9582.42,30.8459,79.2866,-153241,493.282,599.207,36.6771
0.164843,0,0,15.9918,1.51952,-7863.98,-9582.5,30.75,79.2869,-153242,491.749,599.211,36.6831
0.164853,0,0,15.9918,1.51968,-7839.46,-9582.58,30.6541,79.2872,-153243,490.216,599.216,36.6891
0.164863,0,0,15.9918,1.51984,-7814.98,-9582.65,30.5584,79.2875,-153244,488.686,599.221,36.6951
0.164873,0,0,15.9918,1.52,-7790.47,-9582.73,30.4626,79.2878,-153246,487.152,599.226,36.7011
0.164883,0,0,15.9918,1.52016,-7765.95,-9582.81,30.3667,79.2881,-153247,485.62,599.231,36.7071
0.164893,0,0,15.9918,1.52032,-7741.47,-9582.89,30.271,79.2885,-153248,484.089,599.236,36.7131
0.164903,0,0,15.9918,1.52048,-7716.95,-9582.96,30.1751,79.2888,-153249,482.556,599.241,36.719
0.164913,0,0,15.9918,1.52064,-7692.44,-9583.04,30.0792,79.2891,-153250,481.023,599.246,36.725
0.164923,0,0,15.9918,1.5208,-7667.96,-9583.12,29.9835,79.2894,-153252,479.492,599.25,36.731
0.164933,0,0,15.9918,1.52096,-7643.44,-9583.19,29.8876,79.2896,-153253,477.959,599.255,36.737
0.164943,0,0,15.9918,1.52112,-7618.94,-9583.27,29.7919,79.2899,-153254,476.427,599.26,36.743
0.164953,0,0,15.9918,1.52128,-7594.44,-9583.35,29.6961,79.2902,-153255,474.895,599.265,36.749
0.164963,0,0,15.9918,1.52144,-7569.92,-9583.42,29.6002,79.2905,-153257,473.362,599.269,36.755
0.164973,0,0,15.9918,1.5216,-7545.42,-9583.5,29.5044,79.2908,-153258,471.83,599.274,36.761
0.164983,0,0,15.9918,1.52176,-7520.92,-9583.57,29.4086,79.2911,-153259,470.298,599.279,36.767
0.164993,0,0,15.9918,1.52192,-7496.41,-9583.65,29.3127,79.2914,-153260,468.764,599.284,36.773
0.165003,0,0,15.9918,1.52208,-7471.91,-9583.72,29.2169,79.2917,-153261,467.232,599.288,36.779
0.165013,0,0,15.9918,1.52224,-7447.41,-9583.8,29.1211,79.292,-153263,465.7,599.293,36.785
0.165023,0,0,15.9918,1.5224,-7422.89,-9583.87,29.0252,79.2923,-153264,464.167,599.298,36.791
0.165033,0,0,15.9918,1.52256,-7398.39,-9583.95,28.9294,79.2926,-153265,462.635,599.302,36.797
0.165043,0,0,15.9918,1.52272,-7373.88,-9584.02,28.8336,79.2929,-153266,461.103,599.307,36.8029
0.165053,0,0,15.9918,1.52288,-7349.37,-9584.09,28.7377,79.2932,-153267,459.57,599.311,36.8089
0.165063,0,0,15.9918,1.52304,-7324.86,-9584.17,28.6419,79.2935,-153269,458.037,599.316,36.8149
0.165073,0,0,15.9918,1.5232,-7300.36,-9584.24,28.5461,79.2937,-153270,456.505,599.321,36.8209
0.165083,0,0,15.9918,1.52336,-7275.84,-9584.31,28.4503,79.294,-153271,454.972,599.325,36.8269
0.165093,0,0,15.9918,1.52352,-7251.34,-9584.39,28.3545,79.2943,-153272,453.44,599.33,36.8329
0.165103,0,0,15.9918,1.52368,-7226.84,-9584.46,28.2586,79.2946,-153273,451.908,599.334,36.8389
0.165113,0,0,15.9918,1.52384,-7202.32,-9584.53,28.1628,79.2949,-153274,450.374,599.339,36.8449
0.165123,0,0,15.9918,1.524,-7177.82,-9584.6,28.0669,79.2952,-153275,448.842,599.343,36.8509
0.165133,0,0,15.9918,1.52416,-7153.31,-9584.67,27.9711,79.2954,-153277,447.31,599.348,36.8569
0.165143,0,0,15.9918,1.52432,-7128.79,-9584.75,27.8753,79.2957,-153278,445.777,599.352,36.8629
0.165153,0,0,15.9918,1.52448,-7104.29,-9584.82,27.7794,79.296,-153279,444.245,599.357,36.8689
0.165163,0,0,15.9918,1.52464,-7079.79,-9584.89,27.6836,79.2963,-153280,442.712,599.361,36.8749
0.165173,0,0,15.9918,1.5248,-7055.26,-9584.96,27.5877,79.2965,-153281,441.179,599.365,36.8809
0.165183,0,0,15.9918,1.52496,-7030.76,-9585.03,27.4919,79.2968,-153282,439.647,599.37,36.8868
0.165193,0,0,15.9918,1.52512,-7006.26,-9585.1,27.3961,79.2971,-153283,438.114,599.374,36.8928
0.165203,0,0,15.9918,1.52528,-6981.73,-9585.17,27.3002,79.2974,-153285,436.581,599.379,36.8988
0.165213,0,0,15.9918,1.52544,-6957.25,-9585.24,27.2045,79.2976,-153286,435.05,599.383,36.9048
0.165223,0,0,15.9918,1.5256,-6932.73,-9585.31,27.1086,79.2979,-153287,433.516,599.387,36.9108
0.165233,0,0,15.9918,1.52576,-6908.2,-9585.38,27.0127,79.2982,-153288,431.983,599.392,36.9168
0.165243,0,0,15.9918,1.52592,-6883.72,-9585.45,26.917,79.2984,-153289,430.452,599.396,36.9228
0.165253,0,0,15.9918,1.52608,-6859.19,-9585.51,26.8211,79.2987,-153290,428.918,599.4,36.9288
0.165263,0,0,15.9918,1.52624,-6834.67,-9585.58,26.7252,79.299,-153291,427.385,599.405,36.9348
0.165273,0,0,15.9918,1.5264,-6810.18,-9585.65,26.6294,79.2992,-153292,425.854,599.409,36.9408
0.165283,0,0,15.9918,1.52656,-6785.66,-9585.72,26.5335,79.2995,-153293,424.32,599.413,36.9468
0.165293,0,0,15.9918,1.52672,-6761.14,-9585.79,26.4376,79.2998,-153294,422.787,599.417,36.9528
0.165303,0,0,15.9918,1.52688,-6736.65,-9585.85,26.3419,79.3,-153295,421.255,599.421,36.9588
0.165313,0,0,15.9918,1.52704,-6712.12,-9585.92,26.246,79.3003,-153297,419.722,599.426,36.9648
0.165323,0,0,15.9918,1.5272,-6687.62,-9585.99,26.1502,79.3006,-153298,418.189,599.43,36.9707
0.165333,0,0,15.9918,1.52736,-6663.11,-9586.06,26.0543,79.3008,-153299,416.657,599.434,36.9767
0.165343,0,0,15.9918,1.52752,-6638.59,-9586.12,25.9584,79.3011,-153300,415.123,599.438,36.9827
0.165353,0,0,15.9918,1.52768,-6614.08,-9586.19,25.8626,79.3013,-153301,413.591,599.442,36.9887
0.165363,0,0,15.9918,1.52784,-6589.57,-9586.25,25.7668,79.3016,-153302,412.058,599.446,36.9947
0.165373,0,0,15.9918,1.528,-6565.05,-9586.32,25.6709,79.3019,-153303,410.525,599.451,37.0007
0.165383,0,0,15.9918,1.52816,-6540.54,-9586.39,25.5751,79.3021,-153304,408.992,599.455,37.0067
0.165393,0,0,15.9918,1.52832,-6516.04,-9586.45,25.4792,79.3024,-153305,407.46,599.459,37.0127
0.165403,0,0,15.9918,1.52848,-6491.51,-9586.52,25.3833,79.3026,-153306,405.926,599.463,37.0187
0.165413,0,0,15.9918,1.52864,-6467,-9586.58,25.2875,79.3029,-153307,404.394,599.467,37.0247
0.165423,0,0,15.9918,1.5288,-6442.49,-9586.65,25.1917,79.3031,-153308,402.861,599.471,37.0307
0.165433,0,0,15.9918,1.52896,-6417.97,-9586.71,25.0958,79.3034,-153309,401.328,599.475,37.0367
0.165443,0,0,15.9918,1.52912,-6393.46,-9586.77,24.9999,79.3036,-153310,399.795,599.479,37.0427
0.165453,0,0,15.9918,1.52928,-6368.95,-9586.84,24.9041,79.3039,-153311,398.263,599.483,37.0487
0.165463,0,0,15.9918,1.52944,-6344.42,-9586.9,24.8082,79.3041,-153312,396.729,599.487,37.0547
0.165473,0,0,15.9918,1.5296,-6319.92,-9586.96,24.7124,79.3044,-153313,395.196,599.491,37.0607
0.165483,0,0,15.9918,1.52976,-6295.41,-9587.03,24.6165,79.3046,-153314,393.664,599.495,37.0667
0.165493,0,0,15.9918,1.52992,-6270.88,-9587.09,24.5206,79.3049,-153315,392.13,599.499,37.0726
0.165503,0,0,15.9918,1.53008,-6246.37,-9587.15,24.4248,79.3051,-153316,390.597,599.503,37.0786
0.165513,0,0,15.9918,1.53024,-6221.86,-9587.21,24.3289,79.3054,-153317,389.065,599.507,37.0846
0.165523,0,0,15.9918,1.5304,-6197.34,-9587.28,24.233,79.3056,-153318,387.531,599.51,37.0906
0.165533,0,0,15.9918,1.53056,-6172.83,-9587.34,24.1372,79.3058,-153319,385.998,599.514,37.0966
0.165543,0,0,15.9918,1.53072,-6148.32,-9587.4,24.0414,79.3061,-153320,384.466,599.518,37.1026
0.165553,0,0,15.9918,1.53088,-6123.79,-9587.46,23.9455,79.3063,-153321,382.932,599.522,37.1086
0.165563,0,0,15.9918,1.53104,-6099.28,-9587.52,23.8496,79.3066,-153322,381.399,599.526,37.1146
0.165573,0,0,15.9918,1.5312,-6074.77,-9587.58,23.7538,79.3068,-153323,379.867,599.53,37.1206
0.165583,0,0,15.9918,1.53136,-6050.24,-9587.64,23.6579,79.307,-153324,378.333,599.533,37.1266
0.165593,0,0,15.9918,1.53152,-6025.75,-9587.71,23.5621,79.3073,-153325,376.801,599.537,37.1326
0.165603,0,0,15.9918,1.53168,-6001.22,-9587.77,23.4662,79.3075,-153326,375.267,599.541,37.1386
0.165613,0,0,15.9918,1.53184,-5976.69,-9587.83,23.3703,79.3077,-153327,373.734,599.545,37.1446
0.165623,0,0,15.9918,1.532,-5952.2,-9587.88,23.2745,79.308,-153328,372.202,599.548,37.1506
0.165633,0,0,15.9918,1.53216,-5927.67,-9587.94,23.1786,79.3082,-153329,370.668,599.552,37.1566
0.165643,0,0,15.9918,1.53232,-5903.14,-9588,23.0827,79.3084,-153330,369.134,599.556,37.1626
0.165653,0,0,15.9918,1.53248,-5878.65,-9588.06,22.9869,79.3087,-153331,367.603,599.56,37.1686
0.165663,0,0,15.9918,1.53264,-5854.12,-9588.12,22.891,79.3089,-153332,366.069,599.563,37.1746
0.165673,0,0,15.9918,1.5328,-5829.58,-9588.18,22.795,79.3091,-153333,364.535,599.567,37.1806
0.165683,0,0,15.9918,1.53296,-5805.09,-9588.24,22.6993,79.3094,-153334,363.003,599.57,37.1866
0.165693,0,0,15.9918,1.53312,-5780.56,-9588.3,22.6034,79.3096,-153335,361.469,599.574,37.1926
0.165703,0,0,15.9918,1.53328,-5756.05,-9588.35,22.5075,79.3098,-153335,359.937,599.578,37.1986
0.165713,0,0,15.9918,1.53343,-5731.54,-9588.41,22.4117,79.31,-153336,358.404,599.581,37.2046
0.165723,0,0,15.9918,1.53359,-5707.01,-9588.47,22.3157,79.3103,-153337,356.87,599.585,37.2106
0.165733,0,0,15.9918,1.53375,-5682.49,-9588.52,22.2199,79.3105,-153338,355.337,599.588,37.2166
0.165743,0,0,15.9918,1.53391,-5657.98,-9588.58,22.124,79.3107,-153339,353.804,599.592,37.2226
0.165753,0,0,15.9918,1.53407,-5633.45,-9588.64,22.0281,79.3109,-153340,352.27,599.595,37.2286
0.165763,0,0,15.9918,1.53423,-5608.94,-9588.69,21.9323,79.3111,-153341,350.737,599.599,37.2346
0.165773,0,0,15.9918,1.53439,-5584.42,-9588.75,21.8364,79.3114,-153342,349.205,599.602,37.2406
0.165783,0,0,15.9918,1.53455,-5559.89,-9588.81,21.7405,79.3116,-153343,347.671,599.606,37.2466
0.165793,0,0,15.9918,1.53471,-5535.38,-9588.86,21.6446,79.3118,-153344,346.138,599.609,37.2525
0.165803,0,0,15.9918,1.53487,-5510.87,-9588.92,21.5488,79.312,-153344,344.605,599.613,37.2585
0.165813,0,0,15.9918,1.53503,-5486.33,-9588.97,21.4529,79.3122,-153345,343.071,599.616,37.2645
0.165823,0,0,15.9918,1.53519,-5461.82,-9589.03,21.357,79.3124,-153346,341.538,599.62,37.2705
0.165833,0,0,15.9918,1.53535,-5437.31,-9589.08,21.2611,79.3127,-153347,340.005,599.623,37.2765
0.165843,0,0,15.9918,1.53551,-5412.77,-9589.13,21.1652,79.3129,-153348,338.471,599.627,37.2825
0.165853,0,0,15.9918,1.53567,-5388.26,-9589.19,21.0694,79.3131,-153349,336.938,599.63,37.2885
0.165863,0,0,15.9918,1.53583,-5363.75,-9589.24,20.9735,79.3133,-153350,335.405,599.633,37.2945
0.165873,0,0,15.9918,1.53599,-5339.21,-9589.3,20.8776,79.3135,-153351,333.871,599.637,37.3005
0.165883,0,0,15.9918,1.53615,-5314.7,-9589.35,20.7817,79.3137,-153351,332.338,599.64,37.3065
0.165893,0,0,15.9918,1.53631,-5290.18,-9589.4,20.6859,79.3139,-153352,330.805,599.643,37.3125
0.165903,0,0,15.9918,1.53647,-5265.65,-9589.46,20.5899,79.3141,-153353,329.271,599.647,37.3185
0.165913,0,0,15.9918,1.53663,-5241.13,-9589.51,20.4941,79.3143,-153354,327.738,599.65,37.3245
0.165923,0,0,15.9918,1.53679,-5216.62,-9589.56,20.3982,79.3145,-153355,326.205,599.653,37.3305
0.165933,0,0,15.9918,1.53695,-5192.1,-9589.61,20.3024,79.3147,-153356,324.672,599.656,37.3365
0.165943,0,0,15.9918,1.53711,-5167.57,-9589.66,20.2064,79.3149,-153356,323.138,599.66,37.3425
0.165953,0,0,15.9918,1.53727,-5143.06,-9589.71,20.1106,79.3151,-153357,321.605,599.663,37.3485
0.165963,0,0,15.9918,1.53743,-5118.54,-9589.77,20.0147,79.3153,-153358,320.072,599.666,37.3545
0.165973,0,0,15.9918,1.53759,-5094.01,-9589.82,19.9188,79.3155,-153359,318.538,599.669,37.3605
0.165983,0,0,15.9918,1.53775,-5069.49,-9589.87,19.8229,79.3157,-153360,317.005,599.672,37.3665
0.165993,0,0,15.9918,1.53791,-5044.97,-9589.92,19.727,79.3159,-153360,315.472,599.676,37.3725
0.166003,0,0,15.9918,1.53807,-5020.44,-9589.97,19.6311,79.3161,-153361,313.938,599.679,37.3785
0.166013,0,0,15.9918,1.53823,-4995.92,-9590.02,19.5352,79.3163,-153362,312.404,599.682,37.3845
0.166023,0,0,15.9918,1.53839,-4971.41,-9590.07,19.4394,79.3165,-153363,310.871,599.685,37.3905
0.166033,0,0,15.9918,1.53855,-4946.87,-9590.12,19.3434,79.3167,-153364,309.337,599.688,37.3965
0.166043,0,0,15.9918,1.53871,-4922.35,-9590.17,19.2476,79.3169,-153364,307.804,599.691,37.4025
0.166053,0,0,15.9918,1.53887,-4897.84,-9590.22,19.1517,79.3171,-153365,306.271,599.694,37.4085
0.166063,0,0,15.9918,1.53903,-4873.3,-9590.27,19.0558,79.3173,-153366,304.737,599.697,37.4145
0.166073,0,0,15.9918,1.53919,-4848.79,-9590.31,18.9599,79.3175,-153367,303.204,599.7,37.4205
0.166083,0,0,15.9918,1.53935,-4824.27,-9590.36,18.864,79.3177,-153368,301.671,599.703,37.4265
0.166093,0,0,15.9918,1.53951,-4799.73,-9590.41,18.7681,79.3179,-153368,300.136,599.706,37.4324
0.166103,0,0,15.9918,1.53967,-4775.21,-9590.46,18.6722,79.3181,-153369,298.603,599.709,37.4384
0.166113,0,0,15.9918,1.53983,-4750.7,-9590.51,18.5763,79.3182,-153370,297.07,599.712,37.4444
0.166123,0,0,15.9918,1.53999,-4726.18,-9590.55,18.4805,79.3184,-153371,295.537,599.715,37.4504
0.166133,0,0,15.9918,1.54015,-4701.64,-9590.6,18.3845,79.3186,-153371,294.003,599.718,37.4564
0.166143,0,0,15.9918,1.54031,-4677.13,-9590.65,18.2887,79.3188,-153372,292.469,599.721,37.4624
0.166153,0,0,15.9918,1.54047,-4652.61,-9590.69,18.1928,79.319,-153373,290.936,599.724,37.4684
0.166163,0,0,15.9918,1.54063,-4628.07,-9590.74,18.0968,79.3192,-153374,289.402,599.727,37.4744
0.166173,0,0,15.9918,1.54079,-4603.55,-9590.79,18.001,79.3193,-153374,287.869,599.73,37.4804
0.166183,0,0,15.9918,1.54095,-4579.03,-9590.83,17.9051,79.3195,-153375,286.336,599.733,37.4864
0.166193,0,0,15.9918,1.54111,-4554.5,-9590.88,17.8092,79.3197,-153376,284.801,599.736,37.4924
0.166203,0,0,15.9918,1.54127,-4529.98,-9590.92,17.7133,79.3199,-153377,283.268,599.738,37.4984
0.166213,0,0,15.9918,1.54143,-4505.46,-9590.97,17.6174,79.32,-153377,281.735,599.741,37.5044
0.166223,0,0,15.9918,1.54159,-4480.92,-9591.01,17.5215,79.3202,-153378,280.2,599.744,37.5104
0.166233,0,0,15.9918,1.54175,-4456.4,-9591.06,17.4256,79.3204,-153379,278.667,599.747,37.5164
0.166243,0,0,15.9918,1.54191,-4431.88,-9591.1,17.3297,79.3206,-153379,277.134,599.75,37.5224
0.166253,0,0,15.9918,1.54207,-4407.35,-9591.15,17.2338,79.3207,-153380,275.6,599.752,37.5284
0.166263,0,0,15.9918,1.54223,-4382.83,-9591.19,17.1379,79.3209,-153381,274.066,599.755,37.5344
0.166273,0,0,15.9918,1.54239,-4358.31,-9591.24,17.042,79.3211,-153382,272.533,599.758,37.5404
0.166283,0,0,15.9918,1.54255,-4333.77,-9591.28,16.9461,79.3213,-153382,270.999,599.761,37.5464
0.166293,0,0,15.9918,1.54271,-4309.25,-9591.32,16.8502,79.3214,-153383,269.466,599.763,37.5524
0.166303,0,0,15.9918,1.54287,-4284.73,-9591.37,16.7543,79.3216,-153384,267.932,599.766,37.5584
0.166313,0,0,15.9918,1.54303,-4260.21,-9591.41,16.6584,79.3218,-153384,266.399,599.769,37.5644
0.166323,0,0,15.9918,1.54319,-4235.67,-9591.45,16.5625,79.3219,-153385,264.865,599.771,37.5704
0.166333,0,0,15.9918,1.54335,-4211.15,-9591.49,16.4666,79.3221,-153386,263.331,599.774,37.5764
0.166343,0,0,15.9918,1.54351,-4186.63,-9591.53,16.3707,79.3223,-153386,261.798,599.777,37.5824
0.166353,0,0,15.9918,1.54367,-4162.09,-9591.58,16.2748,79.3224,-153387,260.264,599.779,37.5884
0.166363,0,0,15.9918,1.54383,-4137.57,-9591.62,16.1789,79.3226,-153388,258.73,599.782,37.5944
0.166373,0,0,15.9918,1.54399,-4113.05,-9591.66,16.083,79.3227,-153388,257.197,599.784,37.6004
0.166383,0,0,15.9918,1.54415,-4088.51,-9591.7,15.9871,79.3229,-153389,255.662,599.787,37.6064
0.166393,0,0,15.9918,1.54431,-4063.99,-9591.74,15.8912,79.3231,-153390,254.129,599.79,37.6124
0.166403,0,0,15.9918,1.54447,-4039.47,-9591.78,15.7953,79.3232,-153390,252.596,599.792,37.6183
0.166413,0,0,15.9918,1.54463,-4014.93,-9591.82,15.6993,79.3234,-153391,251.061,599.795,37.6243
0.166423,0,0,15.9918,1.54479,-3990.41,-9591.86,15.6034,79.3235,-153392,249.528,599.797,37.6303
0.166433,0,0,15.9918,1.54495,-3965.89,-9591.9,15.5076,79.3237,-153392,247.995,599.8,37.6363
0.166443,0,0,15.9918,1.54511,-3941.35,-9591.94,15.4116,79.3239,-153393,246.46,599.802,37.6423
0.166453,0,0,15.9918,1.54527,-3916.83,-9591.98,15.3157,79.324,-153393,244.927,599.805,37.6483
0.166463,0,0,15.9918,1.54543,-3892.31,-9592.02,15.2198,79.3242,-153394,243.393,599.807,37.6543
0.166473,0,0,15.9918,1.54559,-3867.77,-9592.06,15.1239,79.3243,-153395,241.859,599.809,37.6603
0.166483,0,0,15.9918,1.54575,-3843.25,-9592.1,15.028,79.3245,-153395,240.325,599.812,37.6663
0.166493,0,0,15.9918,1.54591,-3818.73,-9592.13,14.9321,79.3246,-153396,238.792,599.814,37.6723
0.166503,0,0,15.9918,1.54607,-3794.2,-9592.17,14.8362,79.3248,-153397,237.259,599.817,37.6783
0.166513,0,0,15.9918,1.54623,-3769.66,-9592.21,14.7403,79.3249,-153397,235.724,599.819,37.6843
0.166523,0,0,15.9918,1.54639,-3745.14,-9592.25,14.6444,79.3251,-153398,234.191,599.821,37.6903
0.166533,0,0,15.9918,1.54655,-3720.62,-9592.29,14.5485,79.3252,-153398,232.657,599.824,37.6963
0.166543,0,0,15.9918,1.54671,-3696.08,-9592.32,14.4525,79.3253,-153399,231.123,599.826,37.7023
0.166553,0,0,15.9918,1.54687,-3671.56,-9592.36,14.3566,79.3255,-153400,229.589,599.828,37.7083
0.166563,0,0,15.9918,1.54703,-3647.03,-9592.4,14.2608,79.3256,-153400,228.056,599.831,37.7143
0.166573,0,0,15.9918,1.54719,-3622.49,-9592.43,14.1648,79.3258,-153401,226.521,599.833,37.7203
0.166583,0,0,15.9918,1.54735,-3597.97,-9592.47,14.0689,79.3259,-153401,224.988,599.835,37.7263
0.166593,0,0,15.9918,1.54751,-3573.45,-9592.5,13.973,79.3261,-153402,223.454,599.837,37.7323
0.166603,0,0,15.9918,1.54767,-3548.91,-9592.54,13.8771,79.3262,-153402,221.92,599.839,37.7383
0.166613,0,0,15.9918,1.54783,-3524.38,-9592.58,13.7812,79.3263,-153403,220.386,599.842,37.7443
0.166623,0,0,15.9918,1.54799,-3499.86,-9592.61,13.6853,79.3265,-153404,218.853,599.844,37.7503
0.166633,0,0,15.9918,1.54815,-3475.32,-9592.64,13.5893,79.3266,-153404,217.318,599.846,37.7563
0.166643,0,0,15.9918,1.54831,-3450.8,-9592.68,13.4934,79.3268,-153405,215.785,599.848,37.7623
0.166653,0,0,15.9918,1.54847,-3426.27,-9592.71,13.3975,79.3269,-153405,214.251,599.85,37.7683
0.166663,0,0,15.9918,1.54863,-3401.73,-9592.75,13.3016,79.327,-153406,212.717,599.853,37.7743
0.166673,0,0,15.9918,1.54879,-3377.21,-9592.78,13.2057,79.3271,-153406,211.183,599.855,37.7803
0.166683,0,0,15.9918,1.54894,-3352.68,-9592.82,13.1098,79.3273,-153407,209.65,599.857,37.7863
0.166693,0,0,15.9918,1.5491,-3328.14,-9592.85,13.0138,79.3274,-153407,208.115,599.859,37.7923
0.166703,0,0,15.9918,1.54926,-3303.62,-9592.88,12.9179,79.3275,-153408,206.581,599.861,37.7982
0.166713,0,0,15.9918,1.54942,-3279.09,-9592.92,12.822,79.3277,-153408,205.048,599.863,37.8042
0.166723,0,0,15.9918,1.54958,-3254.57,-9592.95,12.7261,79.3278,-153409,203.514,599.865,37.8102
0.166733,0,0,15.9918,1.54974,-3230.03,-9592.98,12.6302,79.3279,-153409,201.98,599.867,37.8162
0.166743,0,0,15.9918,1.5499,-3205.5,-9593.01,12.5343,79.328,-153410,200.446,599.869,37.8223
0.166753,0,0,15.9918,1.55006,-3180.98,-9593.04,12.4384,79.3282,-153410,198.913,599.871,37.8283
0.166763,0,0,15.9918,1.55022,-3156.44,-9593.08,12.3424,79.3283,-153411,197.378,599.873,37.8343
0.166773,0,0,15.9918,1.55038,-3131.91,-9593.11,12.2465,79.3284,-153411,195.844,599.875,37.8403
0.166783,0,0,15.9918,1.55054,-3107.39,-9593.14,12.1506,79.3285,-153412,194.311,599.877,37.8463
0.166793,0,0,15.9918,1.5507,-3082.85,-9593.17,12.0547,79.3287,-153412,192.776,599.879,37.8523
0.166803,0,0,15.9918,1.55086,-3058.32,-9593.2,11.9588,79.3288,-153413,191.243,599.881,37.8583
0.166813,0,0,15.9918,1.55102,-3033.8,-9593.23,11.8629,79.3289,-153413,189.709,599.883,37.8643
0.166823,0,0,15.9918,1.55118,-3009.25,-9593.26,11.7669,79.329,-153414,188.174,599.885,37.8703
0.166833,0,0,15.9918,1.55134,-2984.73,-9593.29,11.671,79.3291,-153414,186.641,599.886,37.8763
0.166843,0,0,15.9918,1.5515,-2960.2,-9593.32,11.5751,79.3292,-153415,185.107,599.888,37.8823
0.166853,0,0,15.9918,1.55166,-2935.66,-9593.35,11.4791,79.3294,-153415,183.572,599.89,37.8883
0.166863,0,0,15.9918,1.55182,-2911.14,-9593.38,11.3832,79.3295,-153416,182.039,599.892,37.8943
0.166873,0,0,15.9918,1.55198,-2886.61,-9593.41,11.2873,79.3296,-153416,180.505,599.894,37.9003
0.166883,0,0,15.9918,1.55214,-2862.07,-9593.44,11.1914,79.3297,-153417,178.97,599.896,37.9063
0.166893,0,0,15.9918,1.5523,-2837.54,-9593.47,11.0955,79.3298,-153417,177.437,599.897,37.9123
0.166903,0,0,15.9918,1.55246,-2813.02,-9593.49,10.9996,79.3299,-153418,175.903,599.899,37.9183
0.166913,0,0,15.9918,1.55262,-2788.49,-9593.52,10.9037,79.33,-153418,174.37,599.901,37.9243
0.166923,0,0,15.9918,1.55278,-2763.95,-9593.55,10.8077,79.3301,-153419,172.835,599.903,37.9303
0.166933,0,0,15.9918,1.55294,-2739.42,-9593.58,10.7118,79.3302,-153419,171.301,599.904,37.9363
0.166943,0,0,15.9918,1.5531,-2714.9,-9593.6,10.6159,79.3304,-153419,169.768,599.906,37.9423
0.166953,0,0,15.9918,1.55326,-2690.35,-9593.63,10.5199,79.3305,-153420,168.233,599.908,37.9483
0.166963,0,0,15.9918,1.55342,-2665.83,-9593.66,10.424,79.3306,-153420,166.699,599.909,37.9543
0.166973,0,0,15.9918,1.55358,-2641.3,-9593.68,10.3281,79.3307,-153421,165.166,599.911,37.9603
0.166983,0,0,15.9918,1.55374,-2616.76,-9593.71,10.2321,79.3308,-153421,163.631,599.913,37.9663
0.166993,0,0,15.9918,1.5539,-2592.23,-9593.74,10.1362,79.3309,-153422,162.097,599.914,37.9723
0.167003,0,0,15.9918,1.55406,-2567.71,-9593.76,10.0403,79.331,-153422,160.563,599.916,37.9783
0.167013,0,0,15.9918,1.55422,-2543.16,-9593.79,9.94436,79.3311,-153422,159.029,599.918,37.9843
0.167023,0,0,15.9918,1.55438,-2518.64,-9593.81,9.84846,79.3312,-153423,157.495,599.919,37.9903
0.167033,0,0,15.9918,1.55454,-2494.11,-9593.84,9.75256,79.3313,-153423,155.961,599.921,37.9963
0.167043,0,0,15.9918,1.5547,-2469.57,-9593.86,9.65658,79.3314,-153424,154.427,599.922,38.0023
0.167053,0,0,15.9918,1.55486,-2445.04,-9593.89,9.56068,79.3315,-153424,152.893,599.924,38.0083
0.167063,0,0,15.9918,1.55502,-2420.51,-9593.91,9.46478,79.3316,-153424,151.359,599.925,38.0143
0.167073,0,0,15.9918,1.55518,-2395.97,-9593.94,9.3688,79.3316,-153425,149.824,599.927,38.0203
0.167083,0,0,15.9918,1.55534,-2371.44,-9593.96,9.27289,79.3317,-153425,148.291,599.928,38.0263
0.167093,0,0,15.9918,1.5555,-2346.92,-9593.98,9.17699,79.3318,-153426,146.757,599.93,38.0323
0.167103,0,0,15.9918,1.55566,-2322.39,-9594.01,9.08109,79.3319,-153426,145.223,599.931,38.0383
0.167113,0,0,15.9918,1.55582,-2297.84,-9594.03,8.98511,79.332,-153426,143.688,599.933,38.0443
0.167123,0,0,15.9918,1.55598,-2273.32,-9594.05,8.8892,79.3321,-153427,142.155,599.934,38.0503
0.167133,0,0,15.9918,1.55614,-2248.79,-9594.08,8.7933,79.3322,-153427,140.621,599.936,38.0563
0.167143,0,0,15.9918,1.5563,-2224.25,-9594.1,8.69732,79.3323,-153427,139.086,599.937,38.0623
0.167153,0,0,15.9918,1.55646,-2199.72,-9594.12,8.60142,79.3324,-153428,137.553,599.938,38.0683
0.167163,0,0,15.9918,1.55662,-2175.19,-9594.14,8.50551,79.3325,-153428,136.019,599.94,38.0743
0.167173,0,0,15.9918,1.55678,-2150.65,-9594.16,8.40953,79.3325,-153428,134.484,599.941,38.0803
0.167183,0,0,15.9918,1.55694,-2126.12,-9594.19,8.31363,79.3326,-153429,132.95,599.942,38.0863
0.167193,0,0,15.9918,1.5571,-2101.59,-9594.21,8.21772,79.3327,-153429,131.416,599.944,38.0923
0.167203,0,0,15.9918,1.55726,-2077.05,-9594.23,8.12174,79.3328,-153429,129.882,599.945,38.0983
0.167213,0,0,15.9918,1.55742,-2052.52,-9594.25,8.02583,79.3329,-153430,128.348,599.946,38.1043
0.167223,0,0,15.9918,1.55758,-2027.99,-9594.27,7.92993,79.3329,-153430,126.814,599.948,38.1103
0.167233,0,0,15.9918,1.55774,-2003.45,-9594.29,7.83395,79.333,-153430,125.279,599.949,38.1163
0.167243,0,0,15.9918,1.5579,-1978.92,-9594.31,7.73804,79.3331,-153431,123.746,599.95,38.1223
0.167253,0,0,15.9918,1.55806,-1954.39,-9594.33,7.64213,79.3332,-153431,122.212,599.951,38.1283
0.167263,0,0,15.9918,1.55822,-1929.85,-9594.35,7.54615,79.3333,-153431,120.677,599.953,38.1343
0.167273,0,0,15.9918,1.55838,-1905.32,-9594.37,7.45024,79.3333,-153432,119.143,599.954,38.1403
0.167283,0,0,15.9918,1.55854,-1880.79,-9594.39,7.35433,79.3334,-153432,117.609,599.955,38.1463
0.167293,0,0,15.9918,1.5587,-1856.26,-9594.4,7.25843,79.3335,-153432,116.076,599.956,38.1523
0.167303,0,0,15.9918,1.55886,-1831.72,-9594.42,7.16245,79.3335,-153433,114.541,599.957,38.1583
0.167313,0,0,15.9918,1.55902,-1807.19,-9594.44,7.06654,79.3336,-153433,113.007,599.958,38.1643
0.167323,0,0,15.9918,1.55918,-1782.66,-9594.46,6.97063,79.3337,-153433,111.473,599.96,38.1703
0.167333,0,0,15.9918,1.55934,-1758.12,-9594.48,6.87465,79.3338,-153433,109.938,599.961,38.1763
0.167343,0,0,15.9918,1.5595,-1733.59,-9594.49,6.77874,79.3338,-153434,108.405,599.962,38.1823
0.167353,0,0,15.9918,1.55966,-1709.06,-9594.51,6.68283,79.3339,-153434,106.871,599.963,38.1883
0.167363,0,0,15.9918,1.55982,-1684.51,-9594.53,6.58685,79.334,-153434,105.336,599.964,38.1943
0.167373,0,0,15.9918,1.55998,-1659.99,-9594.54,6.49094,79.334,-153434,103.802,599.965,38.2003
0.167383,0,0,15.9918,1.56014,-1635.46,-9594.56,6.39503,79.3341,-153435,102.268,599.966,38.2063
0.167393,0,0,15.9918,1.5603,-1610.91,-9594.58,6.29904,79.3342,-153435,100.733,599.967,38.2123
0.167403,0,0,15.9918,1.56046,-1586.38,-9594.59,6.20313,79.3342,-153435,99.1995,599.968,38.2183
0.167413,0,0,15.9918,1.56062,-1561.86,-9594.61,6.10722,79.3343,-153436,97.6657,599.969,38.2243
0.167423,0,0,15.9918,1.56078,-1537.31,-9594.62,6.01124,79.3343,-153436,96.1308,599.97,38.2303
0.167433,0,0,15.9918,1.56094,-1512.78,-9594.64,5.91533,79.3344,-153436,94.597,599.971,38.2363
0.167443,0,0,15.9918,1.5611,-1488.25,-9594.66,5.81942,79.3345,-153436,93.0632,599.972,38.2423
0.167453,0,0,15.9918,1.56126,-1463.71,-9594.67,5.72343,79.3345,-153436,91.5283,599.973,38.2483
0.167463,0,0,15.9918,1.56142,-1439.18,-9594.68,5.62752,79.3346,-153437,89.9945,599.974,38.2543
0.167473,0,0,15.9918,1.56158,-1414.65,-9594.7,5.53161,79.3346,-153437,88.4607,599.974,38.2603
0.167483,0,0,15.9918,1.56174,-1390.12,-9594.71,5.4357,79.3347,-153437,86.9269,599.975,38.2663
0.167493,0,0,15.9918,1.5619,-1365.57,-9594.73,5.33972,79.3347,-153437,85.3919,599.976,38.2723
0.167503,0,0,15.9918,1.56206,-1341.05,-9594.74,5.2438,79.3348,-153438,83.8581,599.977,38.2783
0.167513,0,0,15.9918,1.56222,-1316.52,-9594.75,5.14789,79.3348,-153438,82.3243,599.978,38.2843
0.167523,0,0,15.9918,1.56238,-1291.97,-9594.77,5.05191,79.3349,-153438,80.7893,599.979,38.2903
0.167533,0,0,15.9918,1.56254,-1267.44,-9594.78,4.956,79.3349,-153438,79.2555,599.98,38.2963
0.167543,0,0,15.9918,1.5627,-1242.91,-9594.79,4.86008,79.335,-153438,77.7217,599.98,38.3023
0.167553,0,0,15.9918,1.56286,-1218.37,-9594.8,4.7641,79.335,-153439,76.1867,599.981,38.3083
0.167563,0,0,15.9918,1.56302,-1193.84,-9594.82,4.66819,79.3351,-153439,74.6529,599.982,38.3143
0.167573,0,0,15.9918,1.56318,-1169.31,-9594.83,4.57227,79.3351,-153439,73.1191,599.983,38.3203
0.167583,0,0,15.9918,1.56334,-1144.76,-9594.84,4.47629,79.3352,-153439,71.5841,599.983,38.3263
0.167593,0,0,15.9918,1.5635,-1120.23,-9594.85,4.38038,79.3352,-153439,70.0503,599.984,38.3323
0.167603,0,0,15.9918,1.56366,-1095.7,-9594.86,4.28446,79.3353,-153440,68.5165,599.985,38.3383
0.167613,0,0,15.9918,1.56382,-1071.16,-9594.87,4.18848,79.3353,-153440,66.9815,599.985,38.3443
0.167623,0,0,15.9918,1.56398,-1046.63,-9594.88,4.09256,79.3354,-153440,65.4476,599.986,38.3503
0.167633,0,0,15.9918,1.56414,-1022.1,-9594.89,3.99665,79.3354,-153440,63.9138,599.987,38.3563
0.167643,0,0,15.9918,1.5643,-997.552,-9594.9,3.90067,79.3354,-153440,62.3788,599.987,38.3623
0.167653,0,0,15.9918,1.56446,-973.024,-9594.91,3.80475,79.3355,-153440,60.845,599.988,38.3683
0.167663,0,0,15.9918,1.56461,-948.495,-9594.92,3.70884,79.3355,-153441,59.3111,599.989,38.3743
0.167673,0,0,15.9918,1.56477,-923.966,-9594.93,3.61292,79.3355,-153441,57.7773,599.989,38.3803
0.167683,0,0,15.9918,1.56493,-899.418,-9594.94,3.51694,79.3356,-153441,56.2423,599.99,38.3863
0.167693,0,0,15.9918,1.56509,-874.889,-9594.95,3.42102,79.3356,-153441,54.7085,599.99,38.3923
0.167703,0,0,15.9918,1.56525,-850.36,-9594.96,3.32511,79.3356,-153441,53.1746,599.991,38.3983
0.167713,0,0,15.9918,1.56541,-825.813,-9594.97,3.22912,79.3357,-153441,51.6396,599.991,38.4043
0.167723,0,0,15.9918,1.56557,-801.284,-9594.98,3.13321,79.3357,-153441,50.1058,599.992,38.4103
0.167733,0,0,15.9918,1.56573,-776.755,-9594.98,3.03729,79.3357,-153441,48.5719,599.992,38.4163
0.167743,0,0,15.9918,1.56589,-752.207,-9594.99,2.94131,79.3358,-153442,47.0369,599.993,38.4223
0.167753,0,0,15.9918,1.56605,-727.678,-9595,2.84539,79.3358,-153442,45.5031,599.993,38.4283
0.167763,0,0,15.9918,1.56621,-703.149,-9595.01,2.74948,79.3358,-153442,43.9692,599.994,38.4343
0.167773,0,0,15.9918,1.56637,-678.602,-9595.01,2.65349,79.3359,-153442,42.4342,599.994,38.4403
0.167783,0,0,15.9918,1.56653,-654.073,-9595.02,2.55758,79.3359,-153442,40.9004,599.995,38.4463
0.167793,0,0,15.9918,1.56669,-629.543,-9595.03,2.46166,79.3359,-153442,39.3665,599.995,38.4523
0.167803,0,0,15.9918,1.56685,-604.996,-9595.03,2.36568,79.3359,-153442,37.8315,599.995,38.4583
0.167813,0,0,15.9918,1.56701,-580.467,-9595.04,2.26976,79.336,-153442,36.2977,599.996,38.4643
0.167823,0,0,15.9918,1.56717,-555.937,-9595.04,2.17385,79.336,-153442,34.7638,599.996,38.4703
0.167833,0,0,15.9918,1.56733,-531.39,-9595.05,2.07786,79.336,-153443,33.2288,599.996,38.4763
0.167843,0,0,15.9918,1.56749,-506.86,-9595.05,1.98194,79.336,-153443,31.6949,599.997,38.4823
0.167853,0,0,15.9918,1.56765,-482.331,-9595.06,1.88603,79.336,-153443,30.1611,599.997,38.4883
0.167863,0,0,15.9918,1.56781,-457.802,-9595.06,1.79011,79.3361,-153443,28.6272,599.997,38.4943
0.167873,0,0,15.9918,1.56797,-433.254,-9595.07,1.69413,79.3361,-153443,27.0922,599.998,38.5003
0.167883,0,0,15.9918,1.56813,-408.725,-9595.07,1.59821,79.3361,-153443,25.5583,599.998,38.5063
0.167893,0,0,15.9918,1.56829,-384.196,-9595.08,1.5023,79.3361,-153443,24.0245,599.998,38.5123
0.167903,0,0,15.9918,1.56845,-359.648,-9595.08,1.40631,79.3361,-153443,22.4895,599.998,38.5183
0.167913,0,0,15.9918,1.56861,-335.119,-9595.08,1.31039,79.3361,-153443,20.9556,599.999,38.5243
0.167923,0,0,15.9918,1.56877,-310.589,-9595.09,1.21448,79.3362,-153443,19.4217,599.999,38.5303
0.167933,0,0,15.9918,1.56893,-286.042,-9595.09,1.11849,79.3362,-153443,17.8867,599.999,38.5363
0.167943,0,0,15.9918,1.56909,-261.512,-9595.09,1.02257,79.3362,-153443,16.3528,599.999,38.5423
0.167953,0,0,15.9918,1.56925,-236.983,-9595.09,0.926659,79.3362,-153443,14.819,599.999,38.5483
0.167963,0,0,15.9918,1.56941,-212.435,-9595.1,0.830672,79.3362,-153443,13.284,599.999,38.5543
0.167973,0,0,15.9918,1.56957,-187.906,-9595.1,0.734756,79.3362,-153443,11.7501,600,38.5603
0.167983,0,0,15.9918,1.56973,-163.376,-9595.1,0.63884,79.3362,-153443,10.2162,600,38.5663
0.167993,0,0,15.9918,1.56989,-138.829,-9595.1,0.542853,79.3362,-153443,8.68122,600,38.5723
0.168003,0,0,15.9918,1.57005,-114.299,-9595.1,0.446937,79.3362,-153443,7.14735,600,38.5783
0.168013,0,0,15.9918,1.57021,-89.7699,-9595.1,0.351021,79.3362,-153443,5.61348,600,38.5843
0.168023,0,0,15.9918,1.57037,-65.2222,-9595.11,0.255034,79.3362,-153443,4.07846,600,38.5903
0.168033,0,0,15.9918,1.57053,-40.6927,-9595.11,0.159118,79.3362,-153443,2.54459,600,38.5963
0.168043,0,0,15.9918,1.57069,-16.1633,-9595.11,0.0632024,79.3362,-153443,1.01072,600,38.6023
0.168053,0,0,15.9918,1.57085,8.3661,-9595.11,-0.0327134,79.3362,-153443,-0.523148,600,38.6083
0.168063,0,0,15.9918,1.57101,32.9138,-9595.11,-0.128701,79.3362,-153443,-2.05816,600,38.6143
0.168073,0,0,15.9918,1.57117,57.4432,-9595.11,-0.224617,79.3362,-153443,-3.59203,600,38.6203
0.168083,0,0,15.9918,1.57133,81.9726,-9595.11,-0.320532,79.3362,-153443,-5.1259,600,38.6263
0.168093,0,0,15.9918,1.57149,106.52,-9595.1,-0.41652,79.3362,-153443,-6.66092,600,38.6323
0.168103,0,0,15.9918,1.57165,131.05,-9595.1,-0.512435,79.3362,-153443,-8.19479,600,38.6383
0.168113,0,0,15.9918,1.57181,155.579,-9595.1,-0.608351,79.3362,-153443,-9.72866,600,38.6443
0.168123,0,0,15.9918,1.57197,180.127,-9595.1,-0.704338,79.3362,-153443,-11.2637,600,38.6503
0.168132,0,0,15.9918,1.57213,204.656,-9595.1,-0.800254,79.3362,-153443,-12.7975,599.999,38.6563
0.168142,0,0,15.9918,1.57229,229.186,-9595.1,-0.89617,79.3362,-153443,-14.3314,599.999,38.6623
0.168152,0,0,15.9918,1.57245,253.733,-9595.09,-0.992157,79.3362,-153443,-15.8664,599.999,38.6683
0.168162,0,0,15.9918,1.57261,278.263,-9595.09,-1.08807,79.3362,-153443,-17.4003,599.999,38.6743
0.168172,0,0,15.9918,1.57277,302.792,-9595.09,-1.18399,79.3362,-153443,-18.9342,599.999,38.6803
0.168182,0,0,15.9918,1.57293,327.34,-9595.08,-1.27998,79.3362,-153443,-20.4692,599.999,38.6863
0.168192,0,0,15.9918,1.57309,351.869,-9595.08,-1.37589,79.3361,-153443,-22.003,599.998,38.6923
0.168202,0,0,15.9918,1.57325,376.398,-9595.08,-1.47181,79.3361,-153443,-23.5369,599.998,38.6983
0.168212,0,0,15.9918,1.57341,400.946,-9595.07,-1.56779,79.3361,-153443,-25.0719,599.998,38.7043
0.168222,0,0,15.9918,1.57357,425.475,-9595.07,-1.66371,79.3361,-153443,-26.6058,599.998,38.7103
0.168232,0,0,15.9918,1.57373,450.005,-9595.07,-1.75962,79.3361,-153443,-28.1396,599.997,38.7163
0.168242,0,0,15.9918,1.57389,474.534,-9595.06,-1.85554,79.3361,-153443,-29.6735,599.997,38.7223
0.168252,0,0,15.9918,1.57405,499.082,-9595.06,-1.95153,79.336,-153443,-31.2085,599.997,38.7283
0.168262,0,0,15.9918,1.57421,523.611,-9595.05,-2.04744,79.336,-153443,-32.7424,599.997,38.7343
0.168272,0,0,15.9918,1.57437,548.14,-9595.04,-2.14336,79.336,-153442,-34.2762,599.996,38.7403
0.168282,0,0,15.9918,1.57453,572.688,-9595.04,-2.23934,79.336,-153442,-35.8112,599.996,38.7463
0.168292,0,0,15.9918,1.57469,597.217,-9595.03,-2.33526,79.336,-153442,-37.3451,599.995,38.7523
0.168302,0,0,15.9918,1.57485,621.746,-9595.03,-2.43117,79.3359,-153442,-38.879,599.995,38.7583
0.168312,0,0,15.9918,1.57501,646.294,-9595.02,-2.52716,79.3359,-153442,-40.414,599.995,38.7643
0.168322,0,0,15.9918,1.57517,670.823,-9595.01,-2.62308,79.3359,-153442,-41.9478,599.994,38.7703
0.168332,0,0,15.9918,1.57533,695.352,-9595.01,-2.71899,79.3359,-153442,-43.4817,599.994,38.7763
0.168342,0,0,15.9918,1.57549,719.9,-9595,-2.81498,79.3358,-153442,-45.0167,599.993,38.7823
0.168352,0,0,15.9918,1.57565,744.429,-9594.99,-2.91089,79.3358,-153442,-46.5505,599.993,38.7883
0.168362,0,0,15.9918,1.57581,768.958,-9594.99,-3.00681,79.3358,-153442,-48.0844,599.992,38.7943
0.168372,0,0,15.9918,1.57597,793.505,-9594.98,-3.10279,79.3357,-153441,-49.6194,599.992,38.8003
0.168382,0,0,15.9918,1.57613,818.034,-9594.97,-3.19871,79.3357,-153441,-51.1532,599.992,38.8063
0.168392,0,0,15.9918,1.57629,842.563,-9594.96,-3.29462,79.3357,-153441,-52.6871,599.991,38.8123
0.168402,0,0,15.9918,1.57645,867.111,-9594.95,-3.39061,79.3356,-153441,-54.222,599.99,38.8183
0.168412,0,0,15.9918,1.57661,891.64,-9594.94,-3.48652,79.3356,-153441,-55.7559,599.99,38.8243
0.168422,0,0,15.9918,1.57677,916.169,-9594.94,-3.58243,79.3356,-153441,-57.2897,599.989,38.8303
0.168432,0,0,15.9918,1.57693,940.698,-9594.93,-3.67835,79.3355,-153441,-58.8236,599.989,38.8363
0.168442,0,0,15.9918,1.57709,965.245,-9594.92,-3.77433,79.3355,-153440,-60.3586,599.988,38.8423
0.168452,0,0,15.9918,1.57725,989.774,-9594.91,-3.87025,79.3354,-153440,-61.8924,599.988,38.8483
0.168462,0,0,15.9918,1.57741,1014.3,-9594.9,-3.96616,79.3354,-153440,-63.4262,599.987,38.8543
0.168472,0,0,15.9918,1.57757,1038.85,-9594.89,-4.06215,79.3354,-153440,-64.9612,599.986,38.8603
0.168482,0,0,15.9918,1.57773,1063.38,-9594.88,-4.15806,79.3353,-153440,-66.4951,599.986,38.8663
0.168492,0,0,15.9918,1.57789,1087.91,-9594.87,-4.25397,79.3353,-153440,-68.0289,599.985,38.8723
0.168502,0,0,15.9918,1.57805,1112.45,-9594.85,-4.34996,79.3352,-153439,-69.5639,599.984,38.8783
0.168512,0,0,15.9918,1.57821,1136.98,-9594.84,-4.44587,79.3352,-153439,-71.0977,599.984,38.8843
0.168522,0,0,15.9918,1.57837,1161.51,-9594.83,-4.54179,79.3352,-153439,-72.6315,599.983,38.8903
0.168532,0,0,15.9918,1.57853,1186.06,-9594.82,-4.63777,79.3351,-153439,-74.1665,599.982,38.8963
0.168542,0,0,15.9918,1.57869,1210.59,-9594.81,-4.73368,79.3351,-153439,-75.7003,599.981,38.9023
0.168552,0,0,15.9918,1.57885,1235.12,-9594.79,-4.8296,79.335,-153438,-77.2341,599.981,38.9083
0.168562,0,0,15.9918,1.57901,1259.66,-9594.78,-4.92558,79.335,-153438,-78.7691,599.98,38.9143
0.168572,0,0,15.9918,1.57917,1284.19,-9594.77,-5.02149,79.3349,-153438,-80.3029,599.979,38.9203
0.168582,0,0,15.9918,1.57933,1308.72,-9594.76,-5.1174,79.3349,-153438,-81.8367,599.978,38.9263
0.168592,0,0,15.9918,1.57949,1333.27,-9594.74,-5.21339,79.3348,-153438,-83.3717,599.977,38.9323
0.168602,0,0,15.9918,1.57965,1357.8,-9594.73,-5.3093,79.3348,-153437,-84.9055,599.977,38.9383
0.168612,0,0,15.9918,1.57981,1382.32,-9594.72,-5.40521,79.3347,-153437,-86.4393,599.976,38.9443
0.168622,0,0,15.9918,1.57996,1406.85,-9594.7,-5.50112,79.3346,-153437,-87.9731,599.975,38.9503
0.168632,0,0,15.9918,1.58012,1431.4,-9594.69,-5.59711,79.3346,-153437,-89.5081,599.974,38.9563
0.168642,0,0,15.9918,1.58028,1455.93,-9594.67,-5.69302,79.3345,-153437,-91.0419,599.973,38.9623
0.168652,0,0,15.9918,1.58044,1480.46,-9594.66,-5.78893,79.3345,-153436,-92.5757,599.972,38.9683
0.168662,0,0,15.9918,1.5806,1505,-9594.64,-5.88491,79.3344,-153436,-94.1106,599.971,38.9743
0.168672,0,0,15.9918,1.58076,1529.53,-9594.63,-5.98082,79.3344,-153436,-95.6444,599.97,38.9804
0.168682,0,0,15.9918,1.58092,1554.06,-9594.61,-6.07674,79.3343,-153436,-97.1782,599.969,38.9864
0.168692,0,0,15.9918,1.58108,1578.61,-9594.6,-6.17272,79.3342,-153435,-98.7131,599.968,38.9924
0.168702,0,0,15.9918,1.58124,1603.13,-9594.58,-6.26863,79.3342,-153435,-100.247,599.967,38.9984
0.168712,0,0,15.9918,1.5814,1627.66,-9594.57,-6.36454,79.3341,-153435,-101.781,599.966,39.0044
0.168722,0,0,15.9918,1.58156,1652.21,-9594.55,-6.46052,79.3341,-153435,-103.316,599.965,39.0104
0.168732,0,0,15.9918,1.58172,1676.74,-9594.53,-6.55643,79.334,-153434,-104.849,599.964,39.0164
0.168742,0,0,15.9918,1.58188,1701.26,-9594.52,-6.65234,79.3339,-153434,-106.383,599.963,39.0224
0.168752,0,0,15.9918,1.58204,1725.81,-9594.5,-6.74832,79.3338,-153434,-107.918,599.962,39.0284
0.168762,0,0,15.9918,1.5822,1750.34,-9594.48,-6.84423,79.3338,-153433,-109.452,599.961,39.0344
0.168772,0,0,15.9918,1.58236,1774.87,-9594.46,-6.94014,79.3337,-153433,-110.986,599.96,39.0404
0.168782,0,0,15.9918,1.58252,1799.41,-9594.45,-7.03612,79.3336,-153433,-112.521,599.959,39.0464
0.168792,0,0,15.9918,1.58268,1823.94,-9594.43,-7.13203,79.3336,-153433,-114.054,599.958,39.0524
0.168802,0,0,15.9918,1.58284,1848.47,-9594.41,-7.22794,79.3335,-153432,-115.588,599.956,39.0584
0.168812,0,0,15.9918,1.583,1872.99,-9594.39,-7.32385,79.3334,-153432,-117.122,599.955,39.0644
0.168822,0,0,15.9918,1.58316,1897.54,-9594.37,-7.41983,79.3334,-153432,-118.657,599.954,39.0704
0.168832,0,0,15.9918,1.58332,1922.07,-9594.35,-7.51574,79.3333,-153431,-120.19,599.953,39.0764
0.168842,0,0,15.9918,1.58348,1946.6,-9594.33,-7.61165,79.3332,-153431,-121.724,599.952,39.0824
0.168852,0,0,15.9918,1.58364,1971.14,-9594.31,-7.70762,79.3331,-153431,-123.259,599.951,39.0884
0.168862,0,0,15.9918,1.5838,1995.67,-9594.29,-7.80353,79.333,-153430,-124.793,599.949,39.0944
0.168872,0,0,15.9918,1.58396,2020.2,-9594.27,-7.89944,79.333,-153430,-126.327,599.948,39.1004
0.168882,0,0,15.9918,1.58412,2044.74,-9594.25,-7.99542,79.3329,-153430,-127.861,599.947,39.1064
0.168892,0,0,15.9918,1.58428,2069.27,-9594.23,-8.09133,79.3328,-153430,-129.395,599.945,39.1124
0.168902,0,0,15.9918,1.58444,2093.8,-9594.21,-8.18723,79.3327,-153429,-130.929,599.944,39.1184
0.168912,0,0,15.9918,1.5846,2118.34,-9594.19,-8.28321,79.3326,-153429,-132.464,599.943,39.1244
0.168922,0,0,15.9918,1.58476,2142.87,-9594.17,-8.37912,79.3326,-153428,-133.998,599.941,39.1304
0.168932,0,0,15.9918,1.58492,2167.39,-9594.15,-8.47502,79.3325,-153428,-135.531,599.94,39.1364
0.168942,0,0,15.9918,1.58508,2191.94,-9594.13,-8.571,79.3324,-153428,-137.066,599.939,39.1424
0.168952,0,0,15.9918,1.58524,2216.47,-9594.11,-8.66691,79.3323,-153427,-138.6,599.937,39.1484
0.168962,0,0,15.9918,1.5854,2240.99,-9594.08,-8.76281,79.3322,-153427,-140.134,599.936,39.1544
0.168972,0,0,15.9918,1.58556,2265.54,-9594.06,-8.85879,79.3321,-153427,-141.668,599.935,39.1604
0.168982,0,0,15.9918,1.58572,2290.07,-9594.04,-8.9547,79.332,-153426,-143.202,599.933,39.1664
0.168992,0,0,15.9918,1.58588,2314.59,-9594.01,-9.0506,79.3319,-153426,-144.736,599.932,39.1724
0.169002,0,0,15.9918,1.58604,2339.12,-9593.99,-9.14651,79.3319,-153426,-146.269,599.93,39.1784
0.169012,0,0,15.9918,1.5862,2363.66,-9593.97,-9.24248,79.3318,-153425,-147.804,599.929,39.1844
0.169022,0,0,15.9918,1.58636,2388.19,-9593.94,-9.33839,79.3317,-153425,-149.338,599.927,39.1904
0.169032,0,0,15.9918,1.58652,2412.72,-9593.92,-9.43429,79.3316,-153424,-150.872,599.926,39.1964
0.169042,0,0,15.9918,1.58668,2437.26,-9593.9,-9.53026,79.3315,-153424,-152.407,599.924,39.2024
0.169052,0,0,15.9918,1.58684,2461.79,-9593.87,-9.62617,79.3314,-153424,-153.94,599.923,39.2084
0.169062,0,0,15.9918,1.587,2486.31,-9593.85,-9.72207,79.3313,-153423,-155.474,599.921,39.2144
0.169072,0,0,15.9918,1.58716,2510.86,-9593.82,-9.81805,79.3312,-153423,-157.009,599.92,39.2204
0.169082,0,0,15.9918,1.58732,2535.38,-9593.8,-9.91395,79.3311,-153422,-158.542,599.918,39.2264
0.169092,0,0,15.9918,1.58748,2559.91,-9593.77,-10.0099,79.331,-153422,-160.076,599.917,39.2324
0.169102,0,0,15.9918,1.58764,2584.45,-9593.75,-10.1058,79.3309,-153422,-161.611,599.915,39.2384
0.169112,0,0,15.9918,1.5878,2608.98,-9593.72,-10.2017,79.3308,-153421,-163.144,599.913,39.2444
0.169122,0,0,15.9918,1.58796,2633.51,-9593.69,-10.2976,79.3307,-153421,-164.678,599.912,39.2504
0.169132,0,0,15.9918,1.58812,2658.05,-9593.67,-10.3936,79.3306,-153420,-166.213,599.91,39.2564
0.169142,0,0,15.9918,1.58828,2682.58,-9593.64,-10.4895,79.3305,-153420,-167.747,599.908,39.2624
0.169152,0,0,15.9918,1.58844,2707.1,-9593.61,-10.5854,79.3304,-153420,-169.28,599.907,39.2684
0.169162,0,0,15.9918,1.5886,2731.65,-9593.59,-10.6814,79.3303,-153419,-170.815,599.905,39.2744
0.169172,0,0,15.9918,1.58876,2756.17,-9593.56,-10.7773,79.3302,-153419,-172.349,599.903,39.2804
0.169182,0,0,15.9918,1.58892,2780.7,-9593.53,-10.8732,79.3301,-153418,-173.882,599.901,39.2864
0.169192,0,0,15.9918,1.58908,2805.22,-9593.5,-10.9691,79.3299,-153418,-175.416,599.9,39.2924
0.169202,0,0,15.9918,1.58924,2829.77,-9593.47,-11.065,79.3298,-153417,-176.951,599.898,39.2984
0.169212,0,0,15.9918,1.5894,2854.29,-9593.45,-11.1609,79.3297,-153417,-178.484,599.896,39.3044
0.169222,0,0,15.9918,1.58956,2878.82,-9593.42,-11.2568,79.3296,-153416,-180.018,599.894,39.3104
0.169232,0,0,15.9918,1.58972,2903.36,-9593.39,-11.3528,79.3295,-153416,-181.552,599.893,39.3164
0.169242,0,0,15.9918,1.58988,2927.88,-9593.36,-11.4487,79.3294,-153416,-183.086,599.891,39.3224
0.169252,0,0,15.9918,1.59004,2952.41,-9593.33,-11.5446,79.3293,-153415,-184.62,599.889,39.3284
0.169262,0,0,15.9918,1.5902,2976.95,-9593.3,-11.6406,79.3292,-153415,-186.154,599.887,39.3344
0.169272,0,0,15.9918,1.59036,3001.48,-9593.27,-11.7365,79.329,-153414,-187.688,599.885,39.3404
0.169282,0,0,15.9918,1.59052,3026,-9593.24,-11.8324,79.3289,-153414,-189.222,599.883,39.3464
0.169292,0,0,15.9918,1.59068,3050.54,-9593.21,-11.9283,79.3288,-153413,-190.756,599.881,39.3524
0.169302,0,0,15.9918,1.59084,3075.07,-9593.18,-12.0242,79.3287,-153413,-192.29,599.88,39.3584
0.169312,0,0,15.9918,1.591,3099.59,-9593.15,-12.1201,79.3286,-153412,-193.823,599.878,39.3644
0.169322,0,0,15.9918,1.59116,3124.14,-9593.12,-12.2161,79.3284,-153412,-195.358,599.876,39.3704
0.169332,0,0,15.9918,1.59132,3148.66,-9593.09,-12.312,79.3283,-153411,-196.892,599.874,39.3764
0.169342,0,0,15.9918,1.59148,3173.18,-9593.05,-12.4079,79.3282,-153411,-198.425,599.872,39.3824
0.169352,0,0,15.9918,1.59164,3197.73,-9593.02,-12.5039,79.3281,-153410,-199.96,599.87,39.3884
0.169362,0,0,15.9918,1.5918,3222.25,-9592.99,-12.5998,79.3279,-153410,-201.493,599.868,39.3944
0.169372,0,0,15.9918,1.59196,3246.78,-9592.96,-12.6957,79.3278,-153409,-203.027,599.866,39.4004
0.169382,0,0,15.9918,1.59212,3271.3,-9592.93,-12.7915,79.3277,-153409,-204.56,599.864,39.4064
0.169392,0,0,15.9918,1.59228,3295.84,-9592.89,-12.8875,79.3276,-153408,-206.095,599.862,39.4124
0.169402,0,0,15.9918,1.59244,3320.36,-9592.86,-12.9834,79.3274,-153408,-207.629,599.859,39.4184
0.169412,0,0,15.9918,1.5926,3344.89,-9592.83,-13.0793,79.3273,-153407,-209.162,599.857,39.4244
0.169422,0,0,15.9918,1.59276,3369.43,-9592.79,-13.1753,79.3272,-153406,-210.697,599.855,39.4304
0.169432,0,0,15.9918,1.59292,3393.95,-9592.76,-13.2712,79.327,-153406,-212.23,599.853,39.4364
0.169442,0,0,15.9918,1.59308,3418.48,-9592.72,-13.3671,79.3269,-153405,-213.764,599.851,39.4424
0.169452,0,0,15.9918,1.59324,3443.02,-9592.69,-13.463,79.3268,-153405,-215.298,599.849,39.4484
0.169462,0,0,15.9918,1.5934,3467.54,-9592.66,-13.5589,79.3266,-153404,-216.832,599.847,39.4544
0.169472,0,0,15.9918,1.59356,3492.07,-9592.62,-13.6548,79.3265,-153404,-218.365,599.845,39.4604
0.169482,0,0,15.9918,1.59372,3516.61,-9592.59,-13.7508,79.3264,-153403,-219.9,599.842,39.4664
0.169492,0,0,15.9918,1.59388,3541.13,-9592.55,-13.8466,79.3262,-153403,-221.433,599.84,39.4724
0.169502,0,0,15.9918,1.59404,3565.65,-9592.52,-13.9425,79.3261,-153402,-222.967,599.838,39.4784
0.169512,0,0,15.9918,1.5942,3590.19,-9592.48,-14.0385,79.326,-153401,-224.501,599.836,39.4843
0.169522,0,0,15.9918,1.59436,3614.72,-9592.44,-14.1344,79.3258,-153401,-226.035,599.833,39.4903
0.169532,0,0,15.9918,1.59452,3639.24,-9592.41,-14.2303,79.3257,-153400,-227.568,599.831,39.4963
0.169542,0,0,15.9918,1.59468,3663.78,-9592.37,-14.3262,79.3255,-153400,-229.103,599.829,39.5023
0.169552,0,0,15.9918,1.59484,3688.3,-9592.33,-14.4221,79.3254,-153399,-230.636,599.827,39.5083
0.169562,0,0,15.9918,1.595,3712.82,-9592.3,-14.518,79.3252,-153399,-232.17,599.824,39.5143
0.169572,0,0,15.9918,1.59516,3737.35,-9592.26,-14.6139,79.3251,-153398,-233.703,599.822,39.5203
0.169582,0,0,15.9918,1.59532,3761.89,-9592.22,-14.7099,79.3249,-153397,-235.238,599.82,39.5263
0.169592,0,0,15.9918,1.59548,3786.41,-9592.18,-14.8057,79.3248,-153397,-236.771,599.817,39.5323
0.169602,0,0,15.9918,1.59563,3810.93,-9592.15,-14.9016,79.3247,-153396,-238.305,599.815,39.5383
0.169612,0,0,15.9918,1.59579,3835.47,-9592.11,-14.9976,79.3245,-153396,-239.839,599.813,39.5443
0.169622,0,0,15.9918,1.59595,3859.99,-9592.07,-15.0935,79.3243,-153395,-241.373,599.81,39.5503
0.169632,0,0,15.9918,1.59611,3884.51,-9592.03,-15.1894,79.3242,-153394,-242.906,599.808,39.5563
0.169642,0,0,15.9918,1.59627,3909.05,-9591.99,-15.2853,79.324,-153394,-244.44,599.805,39.5623
0.169652,0,0,15.9918,1.59643,3933.57,-9591.95,-15.3812,79.3239,-153393,-245.974,599.803,39.5683
0.169662,0,0,15.9918,1.59659,3958.1,-9591.91,-15.4771,79.3237,-153392,-247.507,599.8,39.5743
0.169672,0,0,15.9918,1.59675,3982.64,-9591.87,-15.573,79.3236,-153392,-249.042,599.798,39.5803
0.169682,0,0,15.9918,1.59691,4007.16,-9591.83,-15.6689,79.3234,-153391,-250.575,599.795,39.5863
0.169692,0,0,15.9918,1.59707,4031.68,-9591.79,-15.7648,79.3233,-153390,-252.108,599.793,39.5923
0.169702,0,0,15.9918,1.59723,4056.22,-9591.75,-15.8608,79.3231,-153390,-253.643,599.79,39.5983
0.169712,0,0,15.9918,1.59739,4080.74,-9591.71,-15.9566,79.323,-153389,-255.176,599.788,39.6043
0.169722,0,0,15.9918,1.59755,4105.26,-9591.67,-16.0525,79.3228,-153389,-256.71,599.785,39.6103
0.169732,0,0,15.9918,1.59771,4129.8,-9591.63,-16.1485,79.3226,-153388,-258.244,599.783,39.6163
0.169742,0,0,15.9918,1.59787,4154.32,-9591.59,-16.2444,79.3225,-153387,-259.777,599.78,39.6223
0.169752,0,0,15.9918,1.59803,4178.84,-9591.55,-16.3402,79.3223,-153387,-261.311,599.777,39.6283
0.169762,0,0,15.9918,1.59819,4203.36,-9591.51,-16.4361,79.3222,-153386,-262.844,599.775,39.6343
0.169772,0,0,15.9918,1.59835,4227.9,-9591.46,-16.5321,79.322,-153385,-264.378,599.772,39.6403
0.169782,0,0,15.9918,1.59851,4252.42,-9591.42,-16.628,79.3218,-153385,-265.912,599.77,39.6463
0.169792,0,0,15.9918,1.59867,4276.94,-9591.38,-16.7238,79.3216,-153384,-267.445,599.767,39.6523
0.169802,0,0,15.9918,1.59883,4301.48,-9591.34,-16.8198,79.3215,-153383,-268.979,599.764,39.6583
0.169812,0,0,15.9918,1.59899,4325.99,-9591.29,-16.9157,79.3213,-153382,-270.513,599.761,39.6642
0.169822,0,0,15.9918,1.59915,4350.51,-9591.25,-17.0115,79.3211,-153382,-272.046,599.759,39.6702
0.169832,0,0,15.9918,1.59931,4375.05,-9591.21,-17.1075,79.321,-153381,-273.58,599.756,39.6762
0.169842,0,0,15.9918,1.59947,4399.57,-9591.16,-17.2034,79.3208,-153380,-275.113,599.753,39.6822
0.169852,0,0,15.9918,1.59963,4424.09,-9591.12,-17.2992,79.3206,-153380,-276.647,599.751,39.6882
0.169862,0,0,15.9918,1.59979,4448.63,-9591.07,-17.3952,79.3205,-153379,-278.181,599.748,39.6942
0.169872,0,0,15.9918,1.59995,4473.15,-9591.03,-17.4911,79.3203,-153378,-279.714,599.745,39.7002
0.169882,0,0,15.9918,1.60011,4497.67,-9590.98,-17.5869,79.3201,-153378,-281.247,599.742,39.7062
0.169892,0,0,15.9918,1.60027,4522.2,-9590.94,-17.6829,79.3199,-153377,-282.782,599.739,39.7122
0.169902,0,0,15.9918,1.60043,4546.72,-9590.89,-17.7788,79.3198,-153376,-284.315,599.737,39.7182
0.169912,0,0,15.9918,1.60059,4571.24,-9590.85,-17.8746,79.3196,-153375,-285.848,599.734,39.7242
0.169922,0,0,15.9918,1.60075,4595.78,-9590.8,-17.9706,79.3194,-153375,-287.383,599.731,39.7302
0.169932,0,0,15.9918,1.60091,4620.3,-9590.76,-18.0664,79.3192,-153374,-288.916,599.728,39.7362
0.169942,0,0,15.9918,1.60107,4644.81,-9590.71,-18.1623,79.319,-153373,-290.449,599.725,39.7422
0.169952,0,0,15.9918,1.60123,4669.33,-9590.66,-18.2582,79.3189,-153372,-291.982,599.722,39.7482
0.169962,0,0,15.9918,1.60139,4693.87,-9590.62,-18.3541,79.3187,-153372,-293.516,599.719,39.7542
0.169972,0,0,15.9918,1.60155,4718.39,-9590.57,-18.45,79.3185,-153371,-295.05,599.716,39.7602
0.169982,0,0,15.9918,1.60171,4742.9,-9590.52,-18.5459,79.3183,-153370,-296.583,599.713,39.7662
0.169992,0,0,15.9918,1.60187,4767.44,-9590.47,-18.6418,79.3181,-153369,-298.117,599.71,39.7722
0.170002,0,0,15.9918,1.60203,4791.96,-9590.43,-18.7377,79.3179,-153369,-299.65,599.707,39.7782
0.170012,0,0,15.9918,1.60219,4816.47,-9590.38,-18.8335,79.3177,-153368,-301.183,599.704,39.7842
0.170022,0,0,15.9918,1.60235,4841.01,-9590.33,-18.9295,79.3176,-153367,-302.717,599.701,39.7902
0.170032,0,0,15.9918,1.60251,4865.53,-9590.28,-19.0254,79.3174,-153366,-304.251,599.698,39.7962
0.170042,0,0,15.9918,1.60267,4890.04,-9590.23,-19.1212,79.3172,-153366,-305.784,599.695,39.8022
0.170052,0,0,15.9918,1.60283,4914.58,-9590.18,-19.2172,79.317,-153365,-307.318,599.692,39.8082
0.170062,0,0,15.9918,1.60299,4939.1,-9590.13,-19.313,79.3168,-153364,-308.851,599.689,39.8142
0.170072,0,0,15.9918,1.60315,4963.61,-9590.08,-19.4089,79.3166,-153363,-310.384,599.686,39.8202
0.170082,0,0,15.9918,1.60331,4988.15,-9590.04,-19.5048,79.3164,-153362,-311.918,599.683,39.8262
0.170092,0,0,15.9918,1.60347,5012.66,-9589.99,-19.6007,79.3162,-153362,-313.451,599.68,39.8322
0.170102,0,0,15.9918,1.60363,5037.18,-9589.94,-19.6966,79.316,-153361,-314.984,599.677,39.8382
0.170112,0,0,15.9918,1.60379,5061.71,-9589.88,-19.7925,79.3158,-153360,-316.518,599.673,39.8442
0.170122,0,0,15.9918,1.60395,5086.23,-9589.83,-19.8884,79.3156,-153359,-318.052,599.67,39.8501
0.170132,0,0,15.9918,1.60411,5110.75,-9589.78,-19.9842,79.3154,-153358,-319.585,599.667,39.8561
0.170142,0,0,15.9918,1.60427,5135.26,-9589.73,-20.0801,79.3152,-153357,-321.118,599.664,39.8621
0.170152,0,0,15.9918,1.60443,5159.8,-9589.68,-20.176,79.315,-153357,-322.652,599.661,39.8681
0.170162,0,0,15.9918,1.60459,5184.31,-9589.63,-20.2719,79.3148,-153356,-324.185,599.657,39.8741
0.170172,0,0,15.9918,1.60475,5208.83,-9589.58,-20.3677,79.3146,-153355,-325.718,599.654,39.8801
0.170182,0,0,15.9918,1.60491,5233.36,-9589.52,-20.4637,79.3144,-153354,-327.252,599.651,39.8861
0.170192,0,0,15.9918,1.60507,5257.88,-9589.47,-20.5595,79.3142,-153353,-328.785,599.648,39.8921
0.170202,0,0,15.9918,1.60523,5282.39,-9589.42,-20.6554,79.314,-153352,-330.318,599.644,39.8981
0.170212,0,0,15.9918,1.60539,5306.92,-9589.37,-20.7513,79.3138,-153352,-331.852,599.641,39.9041
0.170222,0,0,15.9918,1.60555,5331.44,-9589.31,-20.8472,79.3136,-153351,-333.385,599.638,39.9101
0.170232,0,0,15.9918,1.60571,5355.95,-9589.26,-20.943,79.3134,-153350,-334.918,599.634,39.9161
0.170242,0,0,15.9918,1.60587,5380.49,-9589.21,-21.039,79.3132,-153349,-336.452,599.631,39.9221
0.170252,0,0,15.9918,1.60603,5405,-9589.15,-21.1348,79.3129,-153348,-337.985,599.628,39.9281
0.170262,0,0,15.9918,1.60619,5429.51,-9589.1,-21.2307,79.3127,-153347,-339.518,599.624,39.9341
0.170272,0,0,15.9918,1.60635,5454.05,-9589.04,-21.3266,79.3125,-153346,-341.052,599.621,39.9401
0.170282,0,0,15.9918,1.60651,5478.56,-9588.99,-21.4225,79.3123,-153346,-342.585,599.617,39.9461
0.170292,0,0,15.9918,1.60667,5503.07,-9588.93,-21.5183,79.3121,-153345,-344.118,599.614,39.9521
0.170302,0,0,15.9918,1.60683,5527.61,-9588.88,-21.6142,79.3119,-153344,-345.652,599.611,39.9581
0.170312,0,0,15.9918,1.60699,5552.12,-9588.82,-21.7101,79.3117,-153343,-347.184,599.607,39.9641
0.170322,0,0,15.9918,1.60715,5576.63,-9588.77,-21.8059,79.3114,-153342,-348.717,599.604,39.9701
0.170332,0,0,15.9918,1.60731,5601.15,-9588.71,-21.9018,79.3112,-153341,-350.25,599.6,39.9761
0.170342,0,0,15.9918,1.60747,5625.68,-9588.66,-21.9977,79.311,-153340,-351.784,599.597,39.9821
0.170352,0,0,15.9918,1.60763,5650.19,-9588.6,-22.0936,79.3108,-153339,-353.317,599.593,39.9881
0.170362,0,0,15.9918,1.60779,5674.7,-9588.54,-22.1894,79.3106,-153338,-354.85,599.59,39.9941
0.170372,0,0,15.9918,1.60795,5699.23,-9588.49,-22.2853,79.3103,-153338,-356.384,599.586,40.0001
0.170382,0,0,15.9918,1.60811,5723.75,-9588.43,-22.3812,79.3101,-153337,-357.917,599.582,40.0061
0.170392,0,0,15.9918,1.60827,5748.26,-9588.37,-22.477,79.3099,-153336,-359.449,599.579,40.0121
0.170402,0,0,15.9918,1.60843,5772.79,-9588.31,-22.573,79.3097,-153335,-360.983,599.575,40.0181
0.170412,0,0,15.9918,1.60859,5797.3,-9588.26,-22.6688,79.3094,-153334,-362.516,599.572,40.0241
0.170422,0,0,15.9918,1.60875,5821.81,-9588.2,-22.7647,79.3092,-153333,-364.049,599.568,40.03
0.170432,0,0,15.9918,1.60891,5846.34,-9588.14,-22.8606,79.309,-153332,-365.583,599.564,40.036
0.170442,0,0,15.9918,1.60907,5870.85,-9588.08,-22.9564,79.3087,-153331,-367.115,599.561,40.042
0.170452,0,0,15.9918,1.60923,5895.36,-9588.02,-23.0523,79.3085,-153330,-368.648,599.557,40.048
0.170462,0,0,15.9918,1.60939,5919.9,-9587.96,-23.1482,79.3083,-153329,-370.182,599.553,40.054
0.170472,0,0,15.9918,1.60955,5944.41,-9587.9,-23.244,79.3081,-153328,-371.715,599.55,40.06
0.170482,0,0,15.9918,1.60971,5968.92,-9587.84,-23.3399,79.3078,-153327,-373.247,599.546,40.066
0.170492,0,0,15.9918,1.60987,5993.45,-9587.78,-23.4358,79.3076,-153326,-374.781,599.542,40.072
0.170502,0,0,15.9918,1.61003,6017.96,-9587.72,-23.5316,79.3074,-153325,-376.314,599.538,40.078
0.170512,0,0,15.9918,1.61019,6042.47,-9587.66,-23.6275,79.3071,-153324,-377.847,599.535,40.084
0.170522,0,0,15.9918,1.61035,6067,-9587.6,-23.7234,79.3069,-153323,-379.381,599.531,40.09
0.170532,0,0,15.9918,1.61051,6091.51,-9587.54,-23.8192,79.3066,-153322,-380.913,599.527,40.096
0.170542,0,0,15.9918,1.61067,6116.02,-9587.48,-23.9151,79.3064,-153322,-382.446,599.523,40.102
0.170552,0,0,15.9918,1.61083,6140.52,-9587.42,-24.0109,79.3062,-153321,-383.979,599.519,40.108
0.170562,0,0,15.9918,1.61099,6165.05,-9587.36,-24.1068,79.3059,-153320,-385.512,599.516,40.114
0.170572,0,0,15.9918,1.61115,6189.56,-9587.3,-24.2026,79.3057,-153319,-387.045,599.512,40.12
0.170582,0,0,15.9918,1.6113,6214.07,-9587.24,-24.2985,79.3054,-153318,-388.578,599.508,40.126
0.170592,0,0,15.9918,1.61146,6238.6,-9587.17,-24.3944,79.3052,-153317,-390.111,599.504,40.132
0.170602,0,0,15.9918,1.61162,6263.11,-9587.11,-24.4902,79.3049,-153316,-391.644,599.5,40.138
0.170612,0,0,15.9918,1.61178,6287.62,-9587.05,-24.5861,79.3047,-153315,-393.177,599.496,40.144
0.170622,0,0,15.9918,1.61194,6312.14,-9586.98,-24.682,79.3045,-153314,-394.71,599.492,40.15
0.170632,0,0,15.9918,1.6121,6336.65,-9586.92,-24.7778,79.3042,-153313,-396.243,599.488,40.156
0.170642,0,0,15.9918,1.61226,6361.16,-9586.86,-24.8736,79.304,-153312,-397.775,599.484,40.162
0.170652,0,0,15.9918,1.61242,6385.69,-9586.79,-24.9695,79.3037,-153311,-399.309,599.48,40.168
0.170662,0,0,15.9918,1.61258,6410.2,-9586.73,-25.0654,79.3035,-153309,-400.842,599.476,40.174
0.170672,0,0,15.9918,1.61274,6434.7,-9586.67,-25.1612,79.3032,-153308,-402.374,599.472,40.18
0.170682,0,0,15.9918,1.6129,6459.23,-9586.6,-25.2571,79.303,-153307,-403.908,599.468,40.186
0.170692,0,0,15.9918,1.61306,6483.74,-9586.54,-25.3529,79.3027,-153306,-405.44,599.464,40.1919
0.170702,0,0,15.9918,1.61322,6508.25,-9586.47,-25.4488,79.3025,-153305,-406.973,599.46,40.1979
0.170712,0,0,15.9918,1.61338,6532.77,-9586.41,-25.5447,79.3022,-153304,-408.506,599.456,40.2039
0.170722,0,0,15.9918,1.61354,6557.28,-9586.34,-25.6405,79.3019,-153303,-410.039,599.452,40.2099
0.170732,0,0,15.9918,1.6137,6581.78,-9586.28,-25.7363,79.3017,-153302,-411.571,599.448,40.2159
0.170742,0,0,15.9918,1.61386,6606.29,-9586.21,-25.8322,79.3014,-153301,-413.104,599.444,40.2219
0.170752,0,0,15.9918,1.61402,6630.82,-9586.14,-25.9281,79.3012,-153300,-414.637,599.44,40.2279
0.170762,0,0,15.9918,1.61418,6655.32,-9586.08,-26.0239,79.3009,-153299,-416.17,599.435,40.2339
0.170772,0,0,15.9918,1.61434,6679.83,-9586.01,-26.1197,79.3006,-153298,-417.702,599.431,40.2399
0.170782,0,0,15.9918,1.6145,6704.35,-9585.94,-26.2156,79.3004,-153297,-419.236,599.427,40.2459
0.170792,0,0,15.9918,1.61466,6728.86,-9585.88,-26.3114,79.3001,-153296,-420.768,599.423,40.2519
0.170802,0,0,15.9918,1.61482,6753.36,-9585.81,-26.4072,79.2999,-153295,-422.301,599.419,40.2579
0.170812,0,0,15.9918,1.61498,6777.89,-9585.74,-26.5031,79.2996,-153294,-423.834,599.414,40.2639
0.170822,0,0,15.9918,1.61514,6802.39,-9585.67,-26.599,79.2993,-153293,-425.366,599.41,40.2699
0.170832,0,0,15.9918,1.6153,6826.9,-9585.61,-26.6948,79.2991,-153292,-426.899,599.406,40.2758
0.170842,0,0,15.9918,1.61546,6851.42,-9585.54,-26.7907,79.2988,-153290,-428.432,599.402,40.2818
0.170852,0,0,15.9918,1.61562,6875.93,-9585.47,-26.8865,79.2985,-153289,-429.965,599.397,40.2878
0.170862,0,0,15.9918,1.61578,6900.43,-9585.4,-26.9823,79.2983,-153288,-431.497,599.393,40.2938
0.170872,0,0,15.9918,1.61594,6924.96,-9585.33,-27.0782,79.298,-153287,-433.03,599.389,40.2998
0.170882,0,0,15.9918,1.6161,6949.46,-9585.26,-27.174,79.2977,-153286,-434.563,599.384,40.3058
0.170892,0,0,15.9918,1.61626,6973.96,-9585.19,-27.2698,79.2974,-153285,-436.095,599.38,40.3118
0.170902,0,0,15.9918,1.61642,6998.49,-9585.12,-27.3657,79.2972,-153284,-437.628,599.376,40.3178
0.170912,0,0,15.9918,1.61658,7022.99,-9585.05,-27.4615,79.2969,-153283,-439.161,599.371,40.3238
0.170922,0,0,15.9918,1.61674,7047.49,-9584.98,-27.5574,79.2966,-153282,-440.693,599.367,40.3298
0.170932,0,0,15.9918,1.6169,7072,-9584.91,-27.6532,79.2963,-153280,-442.225,599.362,40.3358
0.170942,0,0,15.9918,1.61706,7096.52,-9584.84,-27.7491,79.2961,-153279,-443.759,599.358,40.3418
0.170952,0,0,15.9918,1.61722,7121.02,-9584.77,-27.8449,79.2958,-153278,-445.291,599.354,40.3478
0.170962,0,0,15.9918,1.61738,7145.52,-9584.7,-27.9407,79.2955,-153277,-446.823,599.349,40.3538
0.170972,0,0,15.9918,1.61754,7170.05,-9584.63,-28.0366,79.2952,-153276,-448.356,599.345,40.3597
0.170982,0,0,15.9918,1.6177,7194.55,-9584.55,-28.1324,79.2949,-153275,-449.889,599.34,40.3657
0.170992,0,0,15.9918,1.61786,7219.05,-9584.48,-28.2282,79.2947,-153274,-451.421,599.336,40.3717
0.171002,0,0,15.9918,1.61802,7243.57,-9584.41,-28.3241,79.2944,-153272,-452.954,599.331,40.3777
0.171012,0,0,15.9918,1.61818,7268.07,-9584.34,-28.4199,79.2941,-153271,-454.486,599.327,40.3837
0.171022,0,0,15.9918,1.61834,7292.57,-9584.26,-28.5157,79.2938,-153270,-456.018,599.322,40.3897
0.171032,0,0,15.9918,1.6185,7317.09,-9584.19,-28.6116,79.2935,-153269,-457.552,599.317,40.3957
0.171042,0,0,15.9918,1.61866,7341.6,-9584.12,-28.7074,79.2932,-153268,-459.084,599.313,40.4017
0.171052,0,0,15.9918,1.61882,7366.1,-9584.04,-28.8032,79.293,-153267,-460.616,599.308,40.4077
0.171062,0,0,15.9918,1.61898,7390.62,-9583.97,-28.899,79.2927,-153265,-462.149,599.304,40.4137
0.171072,0,0,15.9918,1.61914,7415.12,-9583.9,-28.9949,79.2924,-153264,-463.681,599.299,40.4197
0.171082,0,0,15.9918,1.6193,7439.62,-9583.82,-29.0907,79.2921,-153263,-465.213,599.294,40.4257
0.171092,0,0,15.9918,1.61946,7464.14,-9583.75,-29.1865,79.2918,-153262,-466.746,599.29,40.4317
0.171102,0,0,15.9918,1.61962,7488.64,-9583.67,-29.2823,79.2915,-153261,-468.279,599.285,40.4377
0.171112,0,0,15.9918,1.61978,7513.14,-9583.6,-29.3781,79.2912,-153259,-469.811,599.28,40.4436
0.171122,0,0,15.9918,1.61994,7537.64,-9583.52,-29.4739,79.2909,-153258,-471.343,599.276,40.4496
0.171132,0,0,15.9918,1.6201,7562.15,-9583.45,-29.5698,79.2906,-153257,-472.876,599.271,40.4556
0.171142,0,0,15.9918,1.62026,7586.65,-9583.37,-29.6656,79.2903,-153256,-474.408,599.266,40.4616
0.171152,0,0,15.9918,1.62042,7611.15,-9583.29,-29.7614,79.29,-153255,-475.94,599.261,40.4676
0.171162,0,0,15.9918,1.62058,7635.67,-9583.22,-29.8573,79.2897,-153253,-477.473,599.257,40.4736
0.171172,0,0,15.9918,1.62074,7660.17,-9583.14,-29.9531,79.2894,-153252,-479.005,599.252,40.4796
0.171182,0,0,15.9918,1.6209,7684.67,-9583.07,-30.0489,79.2891,-153251,-480.537,599.247,40.4856
0.171192,0,0,15.9918,1.62106,7709.19,-9582.99,-30.1447,79.2888,-153250,-482.07,599.242,40.4916
0.171202,0,0,15.9918,1.62122,7733.68,-9582.91,-30.2405,79.2885,-153248,-483.602,599.237,40.4976
0.171212,0,0,15.9918,1.62138,7758.18,-9582.83,-30.3363,79.2882,-153247,-485.134,599.233,40.5036
0.171222,0,0,15.9918,1.62154,7782.7,-9582.76,-30.4322,79.2879,-153246,-486.667,599.228,40.5096
0.171232,0,0,15.9918,1.6217,7807.2,-9582.68,-30.528,79.2876,-153245,-488.199,599.223,40.5156
0.171242,0,0,15.9918,1.62186,7831.69,-9582.6,-30.6238,79.2873,-153243,-489.73,599.218,40.5216
0.171252,0,0,15.9918,1.62202,7856.21,-9582.52,-30.7196,79.287,-153242,-491.263,599.213,40.5275
0.171262,0,0,15.9918,1.62218,7880.71,-9582.44,-30.8154,79.2867,-153241,-492.795,599.208,40.5335
0.171272,0,0,15.9918,1.62234,7905.2,-9582.36,-30.9112,79.2864,-153240,-494.327,599.203,40.5395
0.171282,0,0,15.9918,1.6225,7929.72,-9582.29,-31.0071,79.2861,-153238,-495.86,599.198,40.5455
0.171292,0,0,15.9918,1.62266,7954.21,-9582.21,-31.1029,79.2858,-153237,-497.392,599.193,40.5515
0.171302,0,0,15.9918,1.62282,7978.71,-9582.13,-31.1986,79.2855,-153236,-498.924,599.188,40.5575
0.171312,0,0,15.9918,1.62298,8003.21,-9582.05,-31.2944,79.2851,-153235,-500.456,599.183,40.5635
0.171322,0,0,15.9918,1.62314,8027.72,-9581.97,-31.3903,79.2848,-153233,-501.988,599.178,40.5695
0.171332,0,0,15.9918,1.6233,8052.22,-9581.89,-31.4861,79.2845,-153232,-503.52,599.173,40.5755
0.171342,0,0,15.9918,1.62346,8076.71,-9581.8,-31.5818,79.2842,-153231,-505.052,599.168,40.5815
0.171352,0,0,15.9918,1.62362,8101.23,-9581.72,-31.6777,79.2839,-153229,-506.585,599.163,40.5875
0.171362,0,0,15.9918,1.62378,8125.72,-9581.64,-31.7735,79.2836,-153228,-508.117,599.158,40.5935
0.171372,0,0,15.9918,1.62394,8150.22,-9581.56,-31.8693,79.2832,-153227,-509.648,599.153,40.5995
0.171382,0,0,15.9918,1.6241,8174.73,-9581.48,-31.9651,79.2829,-153226,-511.181,599.148,40.6055
0.171392,0,0,15.9918,1.62426,8199.22,-9581.4,-32.0609,79.2826,-153224,-512.713,599.143,40.6114
0.171402,0,0,15.9918,1.62442,8223.72,-9581.32,-32.1567,79.2823,-153223,-514.245,599.138,40.6174
0.171412,0,0,15.9918,1.62458,8248.23,-9581.23,-32.2525,79.282,-153222,-515.777,599.133,40.6234
0.171422,0,0,15.9918,1.62474,8272.72,-9581.15,-32.3483,79.2816,-153220,-517.309,599.127,40.6294
0.171432,0,0,15.9918,1.6249,8297.22,-9581.07,-32.4441,79.2813,-153219,-518.841,599.122,40.6354
0.171442,0,0,15.9918,1.62506,8321.73,-9580.99,-32.5399,79.281,-153218,-520.373,599.117,40.6414
0.171452,0,0,15.9918,1.62522,8346.22,-9580.9,-32.6357,79.2807,-153216,-521.905,599.112,40.6474
0.171462,0,0,15.9918,1.62538,8370.71,-9580.82,-32.7315,79.2803,-153215,-523.437,599.107,40.6534
0.171472,0,0,15.9918,1.62554,8395.23,-9580.74,-32.8273,79.28,-153214,-524.969,599.101,40.6594
0.171482,0,0,15.9918,1.6257,8419.72,-9580.65,-32.9231,79.2797,-153212,-526.501,599.096,40.6654
0.171492,0,0,15.9918,1.62586,8444.21,-9580.57,-33.0189,79.2794,-153211,-528.032,599.091,40.6714
0.171502,0,0,15.9918,1.62602,8468.7,-9580.48,-33.1146,79.279,-153210,-529.564,599.085,40.6774
0.171512,0,0,15.9918,1.62618,8493.21,-9580.4,-33.2105,79.2787,-153208,-531.097,599.08,40.6833
0.171522,0,0,15.9918,1.62634,8517.71,-9580.31,-33.3062,79.2784,-153207,-532.628,599.075,40.6893
0.171532,0,0,15.9918,1.6265,8542.2,-9580.23,-33.402,79.278,-153205,-534.16,599.07,40.6953
0.171542,0,0,15.9918,1.62666,8566.71,-9580.14,-33.4978,79.2777,-153204,-535.692,599.064,40.7013
0.171552,0,0,15.9918,1.62681,8591.2,-9580.06,-33.5936,79.2774,-153203,-537.224,599.059,40.7073
0.171562,0,0,15.9918,1.62697,8615.69,-9579.97,-33.6894,79.277,-153201,-538.755,599.053,40.7133
0.171572,0,0,15.9918,1.62713,8640.2,-9579.88,-33.7852,79.2767,-153200,-540.288,599.048,40.7193
0.171582,0,0,15.9918,1.62729,8664.69,-9579.8,-33.881,79.2764,-153199,-541.819,599.043,40.7253
0.171592,0,0,15.9918,1.62745,8689.18,-9579.71,-33.9767,79.276,-153197,-543.351,599.037,40.7313
0.171602,0,0,15.9918,1.62761,8713.69,-9579.62,-34.0726,79.2757,-153196,-544.883,599.032,40.7373
0.171612,0,0,15.9918,1.62777,8738.18,-9579.54,-34.1683,79.2753,-153194,-546.414,599.026,40.7432
0.171622,0,0,15.9918,1.62793,8762.67,-9579.45,-34.2641,79.275,-153193,-547.946,599.021,40.7492
0.171632,0,0,15.9918,1.62809,8787.17,-9579.36,-34.3599,79.2746,-153192,-549.478,599.015,40.7552
0.171642,0,0,15.9918,1.62825,8811.66,-9579.27,-34.4557,79.2743,-153190,-551.01,599.01,40.7612
0.171652,0,0,15.9918,1.62841,8836.15,-9579.18,-34.5514,79.274,-153189,-552.541,599.004,40.7672
0.171662,0,0,15.9918,1.62857,8860.66,-9579.1,-34.6473,79.2736,-153187,-554.073,598.999,40.7732
0.171672,0,0,15.9918,1.62873,8885.15,-9579.01,-34.743,79.2733,-153186,-555.605,598.993,40.7792
0.171682,0,0,15.9918,1.62889,8909.63,-9578.92,-34.8388,79.2729,-153185,-557.136,598.988,40.7852
0.171692,0,0,15.9918,1.62905,8934.12,-9578.83,-34.9345,79.2726,-153183,-558.667,598.982,40.7912
0.171702,0,0,15.9918,1.62921,8958.63,-9578.74,-35.0303,79.2722,-153182,-560.2,598.977,40.7971
0.171712,0,0,15.9918,1.62937,8983.12,-9578.65,-35.1261,79.2719,-153180,-561.731,598.971,40.8031
0.171722,0,0,15.9918,1.62953,9007.6,-9578.56,-35.2218,79.2715,-153179,-563.262,598.965,40.8091
0.171732,0,0,15.9918,1.62969,9032.11,-9578.47,-35.3177,79.2712,-153177,-564.795,598.96,40.8151
0.171742,0,0,15.9918,1.62985,9056.59,-9578.38,-35.4134,79.2708,-153176,-566.326,598.954,40.8211
0.171752,0,0,15.9918,1.63001,9081.08,-9578.29,-35.5092,79.2705,-153174,-567.857,598.948,40.8271
0.171762,0,0,15.9918,1.63017,9105.59,-9578.2,-35.605,79.2701,-153173,-569.389,598.943,40.8331
0.171772,0,0,15.9918,1.63033,9130.07,-9578.11,-35.7007,79.2697,-153172,-570.92,598.937,40.8391
0.171782,0,0,15.9918,1.63049,9154.56,-9578.01,-35.7965,79.2694,-153170,-572.452,598.931,40.8451
0.171792,0,0,15.9918,1.63065,9179.06,-9577.92,-35.8923,79.269,-153169,-573.984,598.926,40.851
0.171802,0,0,15.9918,1.63081,9203.55,-9577.83,-35.988,79.2687,-153167,-575.515,598.92,40.857
0.171812,0,0,15.9918,1.63097,9228.03,-9577.74,-36.0838,79.2683,-153166,-577.046,598.914,40.863
0.171822,0,0,15.9918,1.63113,9252.54,-9577.65,-36.1796,79.268,-153164,-578.578,598.908,40.869
0.171832,0,0,15.9918,1.63129,9277.02,-9577.55,-36.2753,79.2676,-153163,-580.109,598.902,40.875
0.171842,0,0,15.9918,1.63145,9301.5,-9577.46,-36.3711,79.2672,-153161,-581.641,598.897,40.881
0.171852,0,0,15.9918,1.63161,9326.01,-9577.37,-36.4669,79.2669,-153160,-583.173,598.891,40.887
0.171862,0,0,15.9918,1.63177,9350.49,-9577.27,-36.5626,79.2665,-153158,-584.704,598.885,40.893
0.171872,0,0,15.9918,1.63193,9374.97,-9577.18,-36.6584,79.2661,-153157,-586.235,598.879,40.899
0.171882,0,0,15.9918,1.63209,9399.46,-9577.09,-36.7541,79.2658,-153155,-587.766,598.873,40.9049
0.171892,0,0,15.9918,1.63225,9423.96,-9576.99,-36.8499,79.2654,-153154,-589.298,598.867,40.9109
0.171902,0,0,15.9918,1.63241,9448.44,-9576.9,-36.9456,79.265,-153152,-590.829,598.861,40.9169
0.171912,0,0,15.9918,1.63257,9472.92,-9576.8,-37.0414,79.2647,-153151,-592.36,598.856,40.9229
0.171922,0,0,15.9918,1.63273,9497.43,-9576.71,-37.1372,79.2643,-153149,-593.892,598.85,40.9289
0.171932,0,0,15.9918,1.63289,9521.91,-9576.61,-37.2329,79.2639,-153148,-595.423,598.844,40.9349
0.171942,0,0,15.9918,1.63305,9546.39,-9576.52,-37.3286,79.2635,-153146,-596.954,598.838,40.9409
0.171952,0,0,15.9918,1.63321,9570.89,-9576.42,-37.4244,79.2632,-153145,-598.486,598.832,40.9469
0.171962,0,0,15.9918,1.63337,9595.37,-9576.33,-37.5202,79.2628,-153143,-600.017,598.826,40.9529
0.171972,0,0,15.9918,1.63353,9619.85,-9576.23,-37.6159,79.2624,-153142,-601.547,598.82,40.9588
0.171982,0,0,15.9918,1.63369,9644.35,-9576.13,-37.7117,79.262,-153140,-603.079,598.814,40.9648
0.171992,0,0,15.9918,1.63385,9668.83,-9576.04,-37.8074,79.2617,-153139,-604.61,598.808,40.9708
0.172002,0,0,15.9918,1.63401,9693.31,-9575.94,-37.9031,79.2613,-153137,-606.141,598.802,40.9768
0.172012,0,0,15.9918,1.63417,9717.81,-9575.84,-37.9989,79.2609,-153135,-607.673,598.796,40.9828
0.172022,0,0,15.9918,1.63433,9742.29,-9575.75,-38.0947,79.2605,-153134,-609.204,598.789,40.9888
0.172032,0,0,15.9918,1.63449,9766.77,-9575.65,-38.1904,79.2601,-153132,-610.735,598.783,40.9948
0.172042,0,0,15.9918,1.63465,9791.27,-9575.55,-38.2862,79.2598,-153131,-612.266,598.777,41.0008
0.172052,0,0,15.9918,1.63481,9815.75,-9575.45,-38.3819,79.2594,-153129,-613.797,598.771,41.0068
0.172062,0,0,15.9918,1.63497,9840.23,-9575.36,-38.4776,79.259,-153128,-615.328,598.765,41.0127
0.172072,0,0,15.9918,1.63513,9864.71,-9575.26,-38.5733,79.2586,-153126,-616.859,598.759,41.0187
0.172082,0,0,15.9918,1.63529,9889.2,-9575.16,-38.6691,79.2582,-153124,-618.39,598.753,41.0247
0.172092,0,0,15.9918,1.63545,9913.68,-9575.06,-38.7648,79.2578,-153123,-619.921,598.746,41.0307
0.172102,0,0,15.9918,1.63561,9938.16,-9574.96,-38.8605,79.2575,-153121,-621.452,598.74,41.0367
0.172112,0,0,15.9918,1.63577,9962.66,-9574.86,-38.9563,79.2571,-153120,-622.984,598.734,41.0427
0.172122,0,0,15.9918,1.63593,9987.13,-9574.76,-39.052,79.2567,-153118,-624.514,598.728,41.0487
0.172132,0,0,15.9918,1.63609,10011.6,-9574.66,-39.1478,79.2563,-153116,-626.045,598.721,41.0547
0.172142,0,0,15.9918,1.63625,10036.1,-9574.56,-39.2435,79.2559,-153115,-627.577,598.715,41.0607
0.172152,0,0,15.9918,1.63641,10060.6,-9574.46,-39.3392,79.2555,-153113,-629.107,598.709,41.0666
0.172162,0,0,15.9918,1.63657,10085.1,-9574.36,-39.435,79.2551,-153112,-630.638,598.703,41.0726
0.172172,0,0,15.9918,1.63673,10109.6,-9574.26,-39.5307,79.2547,-153110,-632.169,598.696,41.0786
0.172182,0,0,15.9918,1.63689,10134,-9574.16,-39.6264,79.2543,-153108,-633.7,598.69,41.0846
0.172192,0,0,15.9918,1.63705,10158.5,-9574.06,-39.7221,79.2539,-153107,-635.23,598.684,41.0906
0.172202,0,0,15.9918,1.63721,10183,-9573.95,-39.8179,79.2535,-153105,-636.762,598.677,41.0966
0.172212,0,0,15.9918,1.63737,10207.5,-9573.85,-39.9136,79.2531,-153104,-638.293,598.671,41.1026
0.172222,0,0,15.9918,1.63753,10231.9,-9573.75,-40.0093,79.2527,-153102,-639.823,598.665,41.1085
0.172232,0,0,15.9918,1.63769,10256.4,-9573.65,-40.1051,79.2523,-153100,-641.355,598.658,41.1145
0.172242,0,0,15.9918,1.63785,10280.9,-9573.54,-40.2008,79.2519,-153099,-642.885,598.652,41.1205
0.172252,0,0,15.9918,1.63801,10305.4,-9573.44,-40.2965,79.2515,-153097,-644.415,598.645,41.1265
0.172262,0,0,15.9918,1.63817,10329.9,-9573.34,-40.3922,79.2511,-153095,-645.946,598.639,41.1325
0.172272,0,0,15.9918,1.63833,10354.4,-9573.24,-40.488,79.2507,-153094,-647.477,598.632,41.1385
0.172282,0,0,15.9918,1.63849,10378.8,-9573.13,-40.5837,79.2503,-153092,-649.008,598.626,41.1445
0.172292,0,0,15.9918,1.63865,10403.3,-9573.03,-40.6794,79.2499,-153090,-650.538,598.619,41.1504
0.172302,0,0,15.9918,1.63881,10427.8,-9572.92,-40.7751,79.2495,-153089,-652.069,598.613,41.1564
0.172312,0,0,15.9918,1.63897,10452.3,-9572.82,-40.8708,79.2491,-153087,-653.6,598.606,41.1624
0.172322,0,0,15.9918,1.63913,10476.7,-9572.71,-40.9665,79.2487,-153085,-655.13,598.6,41.1684
0.172332,0,0,15.9918,1.63929,10501.2,-9572.61,-41.0623,79.2483,-153084,-656.662,598.593,41.1744
0.172342,0,0,15.9918,1.63945,10525.7,-9572.5,-41.158,79.2478,-153082,-658.192,598.587,41.1804
0.172352,0,0,15.9918,1.63961,10550.2,-9572.4,-41.2537,79.2474,-153080,-659.722,598.58,41.1864
0.172362,0,0,15.9918,1.63977,10574.7,-9572.29,-41.3494,79.247,-153079,-661.253,598.573,41.1923
0.172372,0,0,15.9918,1.63993,10599.1,-9572.19,-41.4451,79.2466,-153077,-662.784,598.567,41.1983
0.172382,0,0,15.9918,1.64009,10623.6,-9572.08,-41.5408,79.2462,-153075,-664.314,598.56,41.2043
0.172392,0,0,15.9918,1.64025,10648.1,-9571.98,-41.6365,79.2458,-153074,-665.845,598.554,41.2103
0.172402,0,0,15.9918,1.64041,10672.6,-9571.87,-41.7322,79.2454,-153072,-667.375,598.547,41.2163
0.172412,0,0,15.9918,1.64057,10697,-9571.76,-41.8279,79.2449,-153070,-668.906,598.54,41.2223
0.172422,0,0,15.9918,1.64073,10721.5,-9571.66,-41.9237,79.2445,-153068,-670.437,598.534,41.2282
0.172432,0,0,15.9918,1.64089,10746,-9571.55,-42.0193,79.2441,-153067,-671.967,598.527,41.2342
0.172442,0,0,15.9918,1.64105,10770.5,-9571.44,-42.115,79.2437,-153065,-673.497,598.52,41.2402
0.172452,0,0,15.9918,1.64121,10794.9,-9571.33,-42.2107,79.2433,-153063,-675.027,598.513,41.2462
0.172462,0,0,15.9918,1.64137,10819.4,-9571.22,-42.3065,79.2428,-153062,-676.558,598.507,41.2522
0.172472,0,0,15.9918,1.64153,10843.9,-9571.12,-42.4021,79.2424,-153060,-678.088,598.5,41.2582
0.172482,0,0,15.9918,1.64169,10868.4,-9571.01,-42.4978,79.242,-153058,-679.618,598.493,41.2642
0.172492,0,0,15.9918,1.64185,10892.8,-9570.9,-42.5936,79.2416,-153056,-681.149,598.486,41.2701
0.172502,0,0,15.9918,1.64201,10917.3,-9570.79,-42.6892,79.2411,-153055,-682.68,598.479,41.2761
0.172512,0,0,15.9918,1.64217,10941.8,-9570.68,-42.7849,79.2407,-153053,-684.209,598.473,41.2821
0.172522,0,0,15.9918,1.64233,10966.3,-9570.57,-42.8806,79.2403,-153051,-685.741,598.466,41.2881
0.172532,0,0,15.9918,1.64248,10990.7,-9570.46,-42.9763,79.2398,-153049,-687.27,598.459,41.2941
0.172542,0,0,15.9918,1.64264,11015.2,-9570.35,-43.072,79.2394,-153048,-688.8,598.452,41.3001
0.172552,0,0,15.9918,1.6428,11039.7,-9570.24,-43.1677,79.239,-153046,-690.331,598.445,41.3061
0.172562,0,0,15.9918,1.64296,11064.1,-9570.13,-43.2634,79.2385,-153044,-691.861,598.438,41.312
0.172572,0,0,15.9918,1.64312,11088.6,-9570.02,-43.3591,79.2381,-153042,-693.391,598.431,41.318
0.172582,0,0,15.9918,1.64328,11113.1,-9569.91,-43.4548,79.2377,-153040,-694.922,598.424,41.324
0.172592,0,0,15.9918,1.64344,11137.6,-9569.8,-43.5504,79.2372,-153039,-696.452,598.417,41.33
0.172602,0,0,15.9918,1.6436,11162,-9569.69,-43.6461,79.2368,-153037,-697.982,598.41,41.336
0.172612,0,0,15.9918,1.64376,11186.5,-9569.57,-43.7418,79.2364,-153035,-699.513,598.403,41.342
0.172622,0,0,15.9918,1.64392,11211,-9569.46,-43.8375,79.2359,-153033,-701.043,598.396,41.348
0.172632,0,0,15.9918,1.64408,11235.4,-9569.35,-43.9332,79.2355,-153032,-702.572,598.389,41.3539
0.172642,0,0,15.9918,1.64424,11259.9,-9569.24,-44.0288,79.2351,-153030,-704.102,598.382,41.3599
0.172652,0,0,15.9918,1.6444,11284.4,-9569.12,-44.1245,79.2346,-153028,-705.633,598.375,41.3659
0.172662,0,0,15.9918,1.64456,11308.8,-9569.01,-44.2202,79.2342,-153026,-707.163,598.368,41.3719
0.172672,0,0,15.9918,1.64472,11333.3,-9568.9,-44.3159,79.2337,-153024,-708.692,598.361,41.3779
0.172682,0,0,15.9918,1.64488,11357.8,-9568.79,-44.4116,79.2333,-153023,-710.223,598.354,41.3839
0.172692,0,0,15.9918,1.64504,11382.2,-9568.67,-44.5072,79.2328,-153021,-711.753,598.347,41.3899
0.172702,0,0,15.9918,1.6452,11406.7,-9568.56,-44.6029,79.2324,-153019,-713.282,598.34,41.3958
0.172712,0,0,15.9918,1.64536,11431.2,-9568.44,-44.6986,79.2319,-153017,-714.813,598.333,41.4018
0.172722,0,0,15.9918,1.64552,11455.6,-9568.33,-44.7943,79.2315,-153015,-716.343,598.326,41.4078
0.172732,0,0,15.9918,1.64568,11480.1,-9568.21,-44.8899,79.231,-153013,-717.872,598.318,41.4138
0.172742,0,0,15.9918,1.64584,11504.6,-9568.1,-44.9856,79.2306,-153012,-719.403,598.311,41.4198
0.172752,0,0,15.9918,1.646,11529,-9567.98,-45.0813,79.2301,-153010,-720.933,598.304,41.4257
0.172762,0,0,15.9918,1.64616,11553.5,-9567.87,-45.1769,79.2297,-153008,-722.462,598.297,41.4317
0.172772,0,0,15.9918,1.64632,11578,-9567.75,-45.2726,79.2292,-153006,-723.993,598.29,41.4377
0.172782,0,0,15.9918,1.64648,11602.4,-9567.64,-45.3683,79.2288,-153004,-725.522,598.282,41.4437
0.172792,0,0,15.9918,1.64664,11626.9,-9567.52,-45.4639,79.2283,-153002,-727.052,598.275,41.4497
0.172802,0,0,15.9918,1.6468,11651.4,-9567.41,-45.5596,79.2279,-153000,-728.582,598.268,41.4557
0.172812,0,0,15.9918,1.64696,11675.8,-9567.29,-45.6553,79.2274,-152999,-730.112,598.26,41.4616
0.172822,0,0,15.9918,1.64712,11700.3,-9567.17,-45.7509,79.227,-152997,-731.641,598.253,41.4676
0.172832,0,0,15.9918,1.64728,11724.8,-9567.05,-45.8465,79.2265,-152995,-733.171,598.246,41.4736
0.172842,0,0,15.9918,1.64744,11749.2,-9566.94,-45.9422,79.2261,-152993,-734.701,598.239,41.4796
0.172852,0,0,15.9918,1.6476,11773.7,-9566.82,-46.0379,79.2256,-152991,-736.23,598.231,41.4856
0.172862,0,0,15.9918,1.64776,11798.1,-9566.7,-46.1335,79.2251,-152989,-737.76,598.224,41.4915
0.172872,0,0,15.9918,1.64792,11822.6,-9566.58,-46.2292,79.2247,-152987,-739.29,598.216,41.4975
0.172882,0,0,15.9918,1.64808,11847.1,-9566.46,-46.3248,79.2242,-152985,-740.82,598.209,41.5035
0.172892,0,0,15.9918,1.64824,11871.5,-9566.35,-46.4205,79.2237,-152984,-742.349,598.202,41.5095
0.172902,0,0,15.9918,1.6484,11896,-9566.23,-46.5162,79.2233,-152982,-743.879,598.194,41.5155
0.172912,0,0,15.9918,1.64856,11920.5,-9566.11,-46.6118,79.2228,-152980,-745.408,598.187,41.5215
0.172922,0,0,15.9918,1.64872,11944.9,-9565.99,-46.7074,79.2223,-152978,-746.938,598.179,41.5274
0.172932,0,0,15.9918,1.64888,11969.4,-9565.87,-46.8031,79.2219,-152976,-748.468,598.172,41.5334
0.172942,0,0,15.9918,1.64904,11993.8,-9565.75,-46.8987,79.2214,-152974,-749.997,598.164,41.5394
0.172952,0,0,15.9918,1.6492,12018.3,-9565.63,-46.9944,79.2209,-152972,-751.526,598.157,41.5454
0.172962,0,0,15.9918,1.64936,12042.8,-9565.51,-47.09,79.2205,-152970,-753.057,598.149,41.5514
0.172972,0,0,15.9918,1.64952,12067.2,-9565.39,-47.1857,79.22,-152968,-754.586,598.142,41.5573
0.172982,0,0,15.9918,1.64968,12091.7,-9565.27,-47.2813,79.2195,-152966,-756.115,598.134,41.5633
0.172992,0,0,15.9918,1.64984,12116.1,-9565.15,-47.377,79.219,-152964,-757.645,598.127,41.5693
0.173002,0,0,15.9918,1.65,12140.6,-9565.03,-47.4726,79.2186,-152962,-759.174,598.119,41.5753
0.173012,0,0,15.9918,1.65016,12165,-9564.9,-47.5682,79.2181,-152960,-760.703,598.111,41.5813
0.173022,0,0,15.9918,1.65032,12189.5,-9564.78,-47.6638,79.2176,-152959,-762.232,598.104,41.5872
0.173032,0,0,15.9918,1.65048,12214,-9564.66,-47.7595,79.2171,-152957,-763.763,598.096,41.5932
0.173042,0,0,15.9918,1.65064,12238.4,-9564.54,-47.8551,79.2167,-152955,-765.291,598.089,41.5992
0.173052,0,0,15.9918,1.6508,12262.9,-9564.42,-47.9507,79.2162,-152953,-766.82,598.081,41.6052
0.173062,0,0,15.9918,1.65096,12287.3,-9564.29,-48.0464,79.2157,-152951,-768.351,598.073,41.6112
0.173072,0,0,15.9918,1.65112,12311.8,-9564.17,-48.142,79.2152,-152949,-769.88,598.065,41.6172
0.173082,0,0,15.9918,1.65128,12336.2,-9564.05,-48.2376,79.2147,-152947,-771.408,598.058,41.6231
0.173092,0,0,15.9918,1.65144,12360.7,-9563.92,-48.3333,79.2143,-152945,-772.938,598.05,41.6291
0.173102,0,0,15.9918,1.6516,12385.2,-9563.8,-48.4289,79.2138,-152943,-774.467,598.042,41.6351
0.173112,0,0,15.9918,1.65176,12409.6,-9563.68,-48.5245,79.2133,-152941,-775.996,598.035,41.6411
0.173122,0,0,15.9918,1.65192,12434.1,-9563.55,-48.6202,79.2128,-152939,-777.526,598.027,41.6471
0.173132,0,0,15.9918,1.65208,12458.5,-9563.43,-48.7158,79.2123,-152937,-779.055,598.019,41.653
0.173142,0,0,15.9918,1.65224,12483,-9563.3,-48.8114,79.2118,-152935,-780.584,598.011,41.659
0.173152,0,0,15.9918,1.6524,12507.4,-9563.18,-48.907,79.2113,-152933,-782.114,598.003,41.665
0.173162,0,0,15.9918,1.65256,12531.9,-9563.05,-49.0026,79.2109,-152931,-783.642,597.996,41.671
0.173172,0,0,15.9918,1.65272,12556.3,-9562.93,-49.0982,79.2104,-152929,-785.171,597.988,41.677
0.173182,0,0,15.9918,1.65288,12580.8,-9562.8,-49.1939,79.2099,-152927,-786.701,597.98,41.6829
0.173192,0,0,15.9918,1.65304,12605.2,-9562.68,-49.2895,79.2094,-152925,-788.23,597.972,41.6889
0.173202,0,0,15.9918,1.6532,12629.7,-9562.55,-49.3851,79.2089,-152923,-789.758,597.964,41.6949
0.173212,0,0,15.9918,1.65336,12654.1,-9562.42,-49.4807,79.2084,-152921,-791.287,597.956,41.7009
0.173222,0,0,15.9918,1.65352,12678.6,-9562.3,-49.5763,79.2079,-152919,-792.817,597.948,41.7069
0.173232,0,0,15.9918,1.65368,12703,-9562.17,-49.6719,79.2074,-152917,-794.345,597.94,41.7128
0.173242,0,0,15.9918,1.65384,12727.5,-9562.04,-49.7675,79.2069,-152915,-795.874,597.932,41.7188
0.173252,0,0,15.9918,1.654,12752,-9561.92,-49.8632,79.2064,-152913,-797.404,597.924,41.7248
0.173262,0,0,15.9918,1.65416,12776.4,-9561.79,-49.9587,79.2059,-152911,-798.932,597.917,41.7308
0.173272,0,0,15.9918,1.65432,12800.8,-9561.66,-50.0543,79.2054,-152909,-800.461,597.909,41.7368
0.173282,0,0,15.9918,1.65448,12825.3,-9561.53,-50.15,79.2049,-152907,-801.99,597.9,41.7427
0.173292,0,0,15.9918,1.65464,12849.8,-9561.4,-50.2455,79.2044,-152904,-803.519,597.892,41.7487
0.173302,0,0,15.9918,1.6548,12874.2,-9561.27,-50.3411,79.2039,-152902,-805.047,597.884,41.7547
0.173312,0,0,15.9918,1.65496,12898.7,-9561.15,-50.4368,79.2034,-152900,-806.577,597.876,41.7607
0.173322,0,0,15.9918,1.65512,12923.1,-9561.02,-50.5324,79.2029,-152898,-808.106,597.868,41.7666
0.173332,0,0,15.9918,1.65528,12947.5,-9560.89,-50.6279,79.2024,-152896,-809.634,597.86,41.7726
0.173342,0,0,15.9918,1.65544,12972,-9560.76,-50.7236,79.2019,-152894,-811.163,597.852,41.7786
0.173352,0,0,15.9918,1.6556,12996.4,-9560.63,-50.8191,79.2014,-152892,-812.692,597.844,41.7846
0.173362,0,0,15.9918,1.65576,13020.9,-9560.5,-50.9147,79.2009,-152890,-814.22,597.836,41.7906
0.173372,0,0,15.9918,1.65592,13045.3,-9560.37,-51.0104,79.2003,-152888,-815.75,597.828,41.7965
0.173382,0,0,15.9918,1.65608,13069.8,-9560.24,-51.1059,79.1998,-152886,-817.278,597.82,41.8025
0.173392,0,0,15.9918,1.65624,13094.2,-9560.11,-51.2015,79.1993,-152884,-818.806,597.811,41.8085
0.173402,0,0,15.9918,1.6564,13118.7,-9559.97,-51.2971,79.1988,-152882,-820.334,597.803,41.8145
0.173412,0,0,15.9918,1.65656,13143.1,-9559.84,-51.3927,79.1983,-152880,-821.864,597.795,41.8204
0.173422,0,0,15.9918,1.65672,13167.6,-9559.71,-51.4883,79.1978,-152877,-823.392,597.787,41.8264
0.173432,0,0,15.9918,1.65688,13192,-9559.58,-51.5838,79.1973,-152875,-824.92,597.779,41.8324
0.173442,0,0,15.9918,1.65704,13216.5,-9559.45,-51.6794,79.1968,-152873,-826.45,597.77,41.8384
0.173452,0,0,15.9918,1.6572,13240.9,-9559.32,-51.775,79.1962,-152871,-827.978,597.762,41.8444
0.173462,0,0,15.9918,1.65736,13265.3,-9559.18,-51.8706,79.1957,-152869,-829.506,597.754,41.8503
0.173472,0,0,15.9918,1.65752,13289.8,-9559.05,-51.9662,79.1952,-152867,-831.035,597.745,41.8563
0.173482,0,0,15.9918,1.65768,13314.2,-9558.92,-52.0617,79.1947,-152865,-832.563,597.737,41.8623
0.173492,0,0,15.9918,1.65784,13338.7,-9558.78,-52.1573,79.1942,-152863,-834.091,597.729,41.8683
0.173502,0,0,15.9918,1.65799,13363.1,-9558.65,-52.2529,79.1936,-152860,-835.621,597.72,41.8742
0.173512,0,0,15.9918,1.65815,13387.5,-9558.52,-52.3485,79.1931,-152858,-837.149,597.712,41.8802
0.173522,0,0,15.9918,1.65831,13412,-9558.38,-52.444,79.1926,-152856,-838.677,597.704,41.8862
0.173532,0,0,15.9918,1.65847,13436.4,-9558.25,-52.5396,79.1921,-152854,-840.206,597.695,41.8922
0.173542,0,0,15.9918,1.65863,13460.9,-9558.11,-52.6352,79.1915,-152852,-841.734,597.687,41.8982
0.173552,0,0,15.9918,1.65879,13485.3,-9557.98,-52.7307,79.191,-152850,-843.262,597.678,41.9041
0.173562,0,0,15.9918,1.65895,13509.8,-9557.84,-52.8263,79.1905,-152848,-844.791,597.67,41.9101
0.173572,0,0,15.9918,1.65911,13534.2,-9557.71,-52.9219,79.19,-152845,-846.319,597.661,41.9161
0.173582,0,0,15.9918,1.65927,13558.6,-9557.57,-53.0174,79.1894,-152843,-847.846,597.653,41.9221
0.173592,0,0,15.9918,1.65943,13583.1,-9557.44,-53.113,79.1889,-152841,-849.374,597.645,41.928
0.173602,0,0,15.9918,1.65959,13607.5,-9557.3,-53.2086,79.1884,-152839,-850.903,597.636,41.934
0.173612,0,0,15.9918,1.65975,13631.9,-9557.17,-53.3041,79.1878,-152837,-852.431,597.628,41.94
0.173622,0,0,15.9918,1.65991,13656.4,-9557.03,-53.3997,79.1873,-152835,-853.959,597.619,41.946
0.173632,0,0,15.9918,1.66007,13680.8,-9556.89,-53.4953,79.1868,-152832,-855.488,597.61,41.952
0.173642,0,0,15.9918,1.66023,13705.3,-9556.76,-53.5908,79.1862,-152830,-857.016,597.602,41.9579
0.173652,0,0,15.9918,1.66039,13729.7,-9556.62,-53.6863,79.1857,-152828,-858.543,597.593,41.9639
0.173662,0,0,15.9918,1.66055,13754.1,-9556.48,-53.7819,79.1852,-152826,-860.072,597.585,41.9699
0.173672,0,0,15.9918,1.66071,13778.6,-9556.34,-53.8775,79.1846,-152824,-861.6,597.576,41.9759
0.173682,0,0,15.9918,1.66087,13803,-9556.21,-53.973,79.1841,-152821,-863.128,597.568,41.9818
0.173692,0,0,15.9918,1.66103,13827.4,-9556.07,-54.0686,79.1835,-152819,-864.656,597.559,41.9878
0.173702,0,0,15.9918,1.66119,13851.9,-9555.93,-54.1641,79.183,-152817,-866.184,597.55,41.9938
0.173712,0,0,15.9918,1.66135,13876.3,-9555.79,-54.2596,79.1824,-152815,-867.712,597.542,41.9998
0.173722,0,0,15.9918,1.66151,13900.8,-9555.65,-54.3552,79.1819,-152813,-869.24,597.533,42.0057
0.173732,0,0,15.9918,1.66167,13925.2,-9555.51,-54.4507,79.1814,-152810,-870.768,597.524,42.0117
0.173742,0,0,15.9918,1.66183,13949.6,-9555.37,-54.5463,79.1808,-152808,-872.295,597.515,42.0177
0.173752,0,0,15.9918,1.66199,13974.1,-9555.23,-54.6418,79.1803,-152806,-873.824,597.507,42.0237
0.173762,0,0,15.9918,1.66215,13998.5,-9555.09,-54.7374,79.1797,-152804,-875.351,597.498,42.0296
0.173772,0,0,15.9918,1.66231,14022.9,-9554.95,-54.8329,79.1792,-152801,-876.879,597.489,42.0356
0.173782,0,0,15.9918,1.66247,14047.3,-9554.81,-54.9284,79.1786,-152799,-878.406,597.48,42.0416
0.173792,0,0,15.9918,1.66263,14071.8,-9554.67,-55.024,79.1781,-152797,-879.935,597.472,42.0476
0.173802,0,0,15.9918,1.66279,14096.2,-9554.53,-55.1195,79.1775,-152795,-881.462,597.463,42.0535
0.173812,0,0,15.9918,1.66295,14120.6,-9554.39,-55.215,79.177,-152792,-882.99,597.454,42.0595
0.173822,0,0,15.9918,1.66311,14145.1,-9554.25,-55.3106,79.1764,-152790,-884.518,597.445,42.0655
0.173832,0,0,15.9918,1.66327,14169.5,-9554.11,-55.4061,79.1759,-152788,-886.045,597.436,42.0714
0.173842,0,0,15.9918,1.66343,14193.9,-9553.97,-55.5016,79.1753,-152786,-887.573,597.427,42.0774
0.173852,0,0,15.9918,1.66359,14218.4,-9553.83,-55.5972,79.1748,-152783,-889.101,597.419,42.0834
0.173862,0,0,15.9918,1.66375,14242.8,-9553.68,-55.6927,79.1742,-152781,-890.628,597.41,42.0894
0.173872,0,0,15.9918,1.66391,14267.2,-9553.54,-55.7882,79.1736,-152779,-892.156,597.401,42.0953
0.173882,0,0,15.9918,1.66407,14291.7,-9553.4,-55.8837,79.1731,-152776,-893.684,597.392,42.1013
0.173892,0,0,15.9918,1.66423,14316.1,-9553.25,-55.9792,79.1725,-152774,-895.211,597.383,42.1073
0.173902,0,0,15.9918,1.66439,14340.5,-9553.11,-56.0747,79.172,-152772,-896.738,597.374,42.1133
0.173912,0,0,15.9918,1.66455,14364.9,-9552.97,-56.1703,79.1714,-152770,-898.267,597.365,42.1192
0.173922,0,0,15.9918,1.66471,14389.4,-9552.82,-56.2658,79.1708,-152767,-899.794,597.356,42.1252
0.173932,0,0,15.9918,1.66487,14413.8,-9552.68,-56.3613,79.1703,-152765,-901.321,597.347,42.1312
0.173942,0,0,15.9918,1.66503,14438.2,-9552.54,-56.4568,79.1697,-152763,-902.849,597.338,42.1372
0.173952,0,0,15.9918,1.66519,14462.6,-9552.39,-56.5523,79.1692,-152760,-904.376,597.329,42.1431
0.173962,0,0,15.9918,1.66535,14487.1,-9552.25,-56.6478,79.1686,-152758,-905.903,597.32,42.1491
0.173972,0,0,15.9918,1.66551,14511.5,-9552.1,-56.7433,79.168,-152756,-907.43,597.311,42.1551
0.173982,0,0,15.9918,1.66567,14535.9,-9551.96,-56.8389,79.1675,-152753,-908.958,597.302,42.1611
0.173992,0,0,15.9918,1.66583,14560.3,-9551.81,-56.9344,79.1669,-152751,-910.485,597.293,42.167
0.174002,0,0,15.9918,1.66599,14584.8,-9551.67,-57.0298,79.1663,-152749,-912.012,597.284,42.173
0.174012,0,0,15.9918,1.66615,14609.2,-9551.52,-57.1254,79.1657,-152746,-913.54,597.274,42.179
0.174022,0,0,15.9918,1.66631,14633.6,-9551.37,-57.2209,79.1652,-152744,-915.067,597.265,42.1849
0.174032,0,0,15.9918,1.66647,14658,-9551.23,-57.3163,79.1646,-152742,-916.594,597.256,42.1909
0.174042,0,0,15.9918,1.66663,14682.5,-9551.08,-57.4119,79.164,-152739,-918.122,597.247,42.1969
0.174052,0,0,15.9918,1.66679,14706.9,-9550.93,-57.5074,79.1635,-152737,-919.649,597.238,42.2029
0.174062,0,0,15.9918,1.66695,14731.3,-9550.79,-57.6028,79.1629,-152735,-921.176,597.229,42.2088
0.174072,0,0,15.9918,1.66711,14755.7,-9550.64,-57.6984,79.1623,-152732,-922.704,597.219,42.2148
0.174082,0,0,15.9918,1.66727,14780.1,-9550.49,-57.7939,79.1617,-152730,-924.23,597.21,42.2208
0.174092,0,0,15.9918,1.66743,14804.6,-9550.34,-57.8893,79.1611,-152728,-925.757,597.201,42.2268
0.174102,0,0,15.9918,1.66759,14829,-9550.19,-57.9849,79.1606,-152725,-927.285,597.192,42.2327
0.174112,0,0,15.9918,1.66775,14853.4,-9550.05,-58.0803,79.16,-152723,-928.812,597.182,42.2387
0.174122,0,0,15.9918,1.66791,14877.8,-9549.9,-58.1758,79.1594,-152720,-930.338,597.173,42.2447
0.174132,0,0,15.9918,1.66807,14902.3,-9549.75,-58.2713,79.1588,-152718,-931.866,597.164,42.2506
0.174142,0,0,15.9918,1.66823,14926.7,-9549.6,-58.3668,79.1582,-152716,-933.393,597.154,42.2566
0.174152,0,0,15.9918,1.66839,14951.1,-9549.45,-58.4622,79.1577,-152713,-934.919,597.145,42.2626
0.174162,0,0,15.9918,1.66855,14975.5,-9549.3,-58.5578,79.1571,-152711,-936.447,597.136,42.2686
0.174172,0,0,15.9918,1.66871,14999.9,-9549.15,-58.6532,79.1565,-152709,-937.973,597.126,42.2745
0.174182,0,0,15.9918,1.66887,15024.3,-9549,-58.7487,79.1559,-152706,-939.5,597.117,42.2805
0.174192,0,0,15.9918,1.66903,15048.7,-9548.85,-58.8441,79.1553,-152704,-941.026,597.107,42.2865
0.174202,0,0,15.9918,1.66919,15073.2,-9548.7,-58.9397,79.1547,-152701,-942.554,597.098,42.2924
0.174212,0,0,15.9918,1.66935,15097.6,-9548.55,-59.0351,79.1541,-152699,-944.08,597.089,42.2984
0.174222,0,0,15.9918,1.66951,15122,-9548.4,-59.1306,79.1535,-152696,-945.607,597.079,42.3044
0.174232,0,0,15.9918,1.66967,15146.4,-9548.25,-59.2261,79.1529,-152694,-947.134,597.07,42.3103
0.174242,0,0,15.9918,1.66983,15170.8,-9548.09,-59.3215,79.1524,-152692,-948.661,597.06,42.3163
0.174252,0,0,15.9918,1.66999,15195.2,-9547.94,-59.417,79.1518,-152689,-950.187,597.051,42.3223
0.174262,0,0,15.9918,1.67015,15219.7,-9547.79,-59.5125,79.1512,-152687,-951.715,597.041,42.3283
0.174272,0,0,15.9918,1.67031,15244.1,-9547.64,-59.6079,79.1506,-152684,-953.241,597.032,42.3342
0.174282,0,0,15.9918,1.67047,15268.5,-9547.49,-59.7034,79.15,-152682,-954.767,597.022,42.3402
0.174292,0,0,15.9918,1.67063,15292.9,-9547.33,-59.7989,79.1494,-152679,-956.294,597.013,42.3462
0.174302,0,0,15.9918,1.67079,15317.3,-9547.18,-59.8943,79.1488,-152677,-957.821,597.003,42.3521
0.174312,0,0,15.9918,1.67095,15341.7,-9547.03,-59.9898,79.1482,-152675,-959.347,596.993,42.3581
0.174322,0,0,15.9918,1.67111,15366.2,-9546.87,-60.0853,79.1476,-152672,-960.874,596.984,42.3641
0.174332,0,0,15.9918,1.67127,15390.6,-9546.72,-60.1807,79.147,-152670,-962.4,596.974,42.37
0.174342,0,0,15.9918,1.67143,15415,-9546.57,-60.2761,79.1464,-152667,-963.927,596.965,42.376
0.174352,0,0,15.9918,1.67159,15439.4,-9546.41,-60.3716,79.1458,-152665,-965.454,596.955,42.382
0.174362,0,0,15.9918,1.67175,15463.8,-9546.26,-60.4671,79.1452,-152662,-966.98,596.945,42.388
0.174372,0,0,15.9918,1.67191,15488.2,-9546.1,-60.5625,79.1446,-152660,-968.506,596.936,42.3939
0.174382,0,0,15.9918,1.67207,15512.6,-9545.95,-60.6579,79.144,-152657,-970.032,596.926,42.3999
0.174392,0,0,15.9918,1.67223,15537,-9545.79,-60.7534,79.1433,-152655,-971.559,596.916,42.4059
0.174402,0,0,15.9918,1.67239,15561.4,-9545.64,-60.8488,79.1427,-152652,-973.085,596.907,42.4118
0.174412,0,0,15.9918,1.67255,15585.8,-9545.48,-60.9443,79.1421,-152650,-974.611,596.897,42.4178
0.174422,0,0,15.9918,1.67271,15610.2,-9545.33,-61.0397,79.1415,-152647,-976.138,596.887,42.4238
0.174432,0,0,15.9918,1.67287,15634.6,-9545.17,-61.1352,79.1409,-152645,-977.664,596.877,42.4297
0.174442,0,0,15.9918,1.67303,15659,-9545.01,-61.2306,79.1403,-152642,-979.19,596.867,42.4357
0.174452,0,0,15.9918,1.67319,15683.5,-9544.86,-61.3261,79.1397,-152640,-980.717,596.858,42.4417
0.174462,0,0,15.9918,1.67335,15707.9,-9544.7,-61.4215,79.1391,-152637,-982.243,596.848,42.4477
0.174472,0,0,15.9918,1.6735,15732.3,-9544.54,-61.5169,79.1385,-152635,-983.768,596.838,42.4536
0.174482,0,0,15.9918,1.67366,15756.7,-9544.38,-61.6124,79.1378,-152632,-985.295,596.828,42.4596
0.174492,0,0,15.9918,1.67382,15781.1,-9544.23,-61.7078,79.1372,-152630,-986.821,596.818,42.4656
0.174502,0,0,15.9918,1.67398,15805.5,-9544.07,-61.8032,79.1366,-152627,-988.347,596.808,42.4715
0.174512,0,0,15.9918,1.67414,15829.9,-9543.91,-61.8987,79.136,-152625,-989.874,596.799,42.4775
0.174522,0,0,15.9918,1.6743,15854.3,-9543.75,-61.9941,79.1354,-152622,-991.399,596.789,42.4835
0.174532,0,0,15.9918,1.67446,15878.7,-9543.59,-62.0895,79.1348,-152620,-992.925,596.779,42.4894
0.174542,0,0,15.9918,1.67462,15903.1,-9543.43,-62.1849,79.1341,-152617,-994.452,596.769,42.4954
0.174552,0,0,15.9918,1.67478,15927.5,-9543.28,-62.2803,79.1335,-152615,-995.977,596.759,42.5014
0.174562,0,0,15.9918,1.67494,15951.9,-9543.12,-62.3757,79.1329,-152612,-997.503,596.749,42.5073
0.174572,0,0,15.9918,1.6751,15976.3,-9542.96,-62.4711,79.1323,-152609,-999.028,596.739,42.5133
0.174582,0,0,15.9918,1.67526,16000.7,-9542.8,-62.5666,79.1316,-152607,-1000.56,596.729,42.5193
0.174592,0,0,15.9918,1.67542,16025.1,-9542.64,-62.662,79.131,-152604,-1002.08,596.719,42.5252
0.174602,0,0,15.9918,1.67558,16049.5,-9542.48,-62.7574,79.1304,-152602,-1003.61,596.709,42.5312
0.174612,0,0,15.9918,1.67574,16073.9,-9542.32,-62.8528,79.1298,-152599,-1005.13,596.699,42.5372
0.174622,0,0,15.9918,1.6759,16098.3,-9542.15,-62.9482,79.1291,-152597,-1006.66,596.689,42.5431
0.174632,0,0,15.9918,1.67606,16122.7,-9541.99,-63.0436,79.1285,-152594,-1008.18,596.679,42.5491
0.174642,0,0,15.9918,1.67622,16147.1,-9541.83,-63.1391,79.1279,-152591,-1009.71,596.669,42.5551
0.174652,0,0,15.9918,1.67638,16171.5,-9541.67,-63.2344,79.1272,-152589,-1011.24,596.659,42.561
0.174662,0,0,15.9918,1.67654,16195.9,-9541.51,-63.3298,79.1266,-152586,-1012.76,596.648,42.567
0.174672,0,0,15.9918,1.6767,16220.3,-9541.35,-63.4253,79.126,-152584,-1014.29,596.638,42.573
0.174682,0,0,15.9918,1.67686,16244.7,-9541.18,-63.5206,79.1253,-152581,-1015.81,596.628,42.5789
0.174692,0,0,15.9918,1.67702,16269.1,-9541.02,-63.616,79.1247,-152579,-1017.34,596.618,42.5849
0.174702,0,0,15.9918,1.67718,16293.5,-9540.86,-63.7115,79.1241,-152576,-1018.86,596.608,42.5909
0.174712,0,0,15.9918,1.67734,16317.9,-9540.7,-63.8068,79.1234,-152573,-1020.39,596.598,42.5968
0.174722,0,0,15.9918,1.6775,16342.3,-9540.53,-63.9022,79.1228,-152571,-1021.91,596.587,42.6028
0.174732,0,0,15.9918,1.67766,16366.7,-9540.37,-63.9977,79.1221,-152568,-1023.44,596.577,42.6088
0.174742,0,0,15.9918,1.67782,16391.1,-9540.21,-64.093,79.1215,-152565,-1024.97,596.567,42.6147
0.174752,0,0,15.9918,1.67798,16415.5,-9540.04,-64.1884,79.1209,-152563,-1026.49,596.557,42.6207
0.174762,0,0,15.9918,1.67814,16439.9,-9539.88,-64.2838,79.1202,-152560,-1028.02,596.546,42.6267
0.174772,0,0,15.9918,1.6783,16464.3,-9539.71,-64.3792,79.1196,-152558,-1029.54,596.536,42.6326
0.174782,0,0,15.9918,1.67846,16488.7,-9539.55,-64.4745,79.1189,-152555,-1031.07,596.526,42.6386
0.174792,0,0,15.9918,1.67862,16513,-9539.38,-64.5699,79.1183,-152552,-1032.59,596.516,42.6446
0.174802,0,0,15.9918,1.67878,16537.5,-9539.22,-64.6653,79.1176,-152550,-1034.12,596.505,42.6505
0.174812,0,0,15.9918,1.67894,16561.8,-9539.05,-64.7607,79.117,-152547,-1035.64,596.495,42.6565
0.174822,0,0,15.9918,1.6791,16586.2,-9538.89,-64.856,79.1163,-152544,-1037.17,596.484,42.6625
0.174832,0,0,15.9918,1.67926,16610.6,-9538.72,-64.9515,79.1157,-152542,-1038.69,596.474,42.6684
0.174842,0,0,15.9918,1.67942,16635,-9538.55,-65.0468,79.115,-152539,-1040.22,596.464,42.6744
0.174852,0,0,15.9918,1.67958,16659.4,-9538.39,-65.1422,79.1144,-152536,-1041.74,596.453,42.6804
0.174862,0,0,15.9918,1.67974,16683.8,-9538.22,-65.2376,79.1137,-152534,-1043.27,596.443,42.6863
0.174872,0,0,15.9918,1.6799,16708.2,-9538.05,-65.3329,79.1131,-152531,-1044.79,596.432,42.6923
0.174882,0,0,15.9918,1.68006,16732.6,-9537.89,-65.4283,79.1124,-152528,-1046.32,596.422,42.6982
0.174892,0,0,15.9918,1.68022,16757,-9537.72,-65.5237,79.1118,-152526,-1047.84,596.411,42.7042
0.174902,0,0,15.9918,1.68038,16781.4,-9537.55,-65.619,79.1111,-152523,-1049.37,596.401,42.7102
0.174912,0,0,15.9918,1.68054,16805.7,-9537.38,-65.7144,79.1105,-152520,-1050.89,596.391,42.7161
0.174922,0,0,15.9918,1.6807,16830.1,-9537.22,-65.8098,79.1098,-152518,-1052.42,596.38,42.7221
0.174932,0,0,15.9918,1.68086,16854.5,-9537.05,-65.9051,79.1092,-152515,-1053.94,596.369,42.7281
0.174942,0,0,15.9918,1.68102,16878.9,-9536.88,-66.0005,79.1085,-152512,-1055.47,596.359,42.734
0.174952,0,0,15.9918,1.68118,16903.3,-9536.71,-66.0958,79.1078,-152510,-1056.99,596.348,42.74
0.174962,0,0,15.9918,1.68134,16927.7,-9536.54,-66.1912,79.1072,-152507,-1058.52,596.338,42.7459
0.174972,0,0,15.9918,1.6815,16952.1,-9536.37,-66.2865,79.1065,-152504,-1060.04,596.327,42.7519
0.174982,0,0,15.9918,1.68166,16976.4,-9536.2,-66.3819,79.1058,-152501,-1061.57,596.317,42.7579
0.174992,0,0,15.9918,1.68182,17000.8,-9536.03,-66.4772,79.1052,-152499,-1063.09,596.306,42.7638
0.175002,0,0,15.9918,1.68198,17025.2,-9535.86,-66.5726,79.1045,-152496,-1064.62,596.295,42.7698
0.175012,0,0,15.9918,1.68214,17049.6,-9535.69,-66.6679,79.1039,-152493,-1066.14,596.285,42.7758
0.175022,0,0,15.9918,1.6823,17074,-9535.52,-66.7633,79.1032,-152491,-1067.67,596.274,42.7817
0.175032,0,0,15.9918,1.68246,17098.4,-9535.35,-66.8586,79.1025,-152488,-1069.19,596.263,42.7877
0.175042,0,0,15.9918,1.68262,17122.7,-9535.18,-66.9539,79.1018,-152485,-1070.72,596.253,42.7936
0.175052,0,0,15.9918,1.68278,17147.1,-9535.01,-67.0493,79.1012,-152482,-1072.24,596.242,42.7996
0.175062,0,0,15.9918,1.68294,17171.5,-9534.84,-67.1446,79.1005,-152480,-1073.77,596.231,42.8056
0.175072,0,0,15.9918,1.6831,17195.9,-9534.66,-67.2399,79.0998,-152477,-1075.29,596.22,42.8115
0.175082,0,0,15.9918,1.68326,17220.3,-9534.49,-67.3353,79.0992,-152474,-1076.82,596.21,42.8175
0.175092,0,0,15.9918,1.68342,17244.6,-9534.32,-67.4306,79.0985,-152471,-1078.34,596.199,42.8235
0.175102,0,0,15.9918,1.68358,17269,-9534.15,-67.5259,79.0978,-152469,-1079.86,596.188,42.8294
0.175112,0,0,15.9918,1.68374,17293.4,-9533.97,-67.6213,79.0971,-152466,-1081.39,596.177,42.8354
0.175122,0,0,15.9918,1.6839,17317.8,-9533.8,-67.7166,79.0965,-152463,-1082.91,596.167,42.8413
0.175132,0,0,15.9918,1.68406,17342.2,-9533.63,-67.8119,79.0958,-152460,-1084.44,596.156,42.8473
0.175142,0,0,15.9918,1.68422,17366.5,-9533.46,-67.9072,79.0951,-152458,-1085.96,596.145,42.8533
0.175152,0,0,15.9918,1.68438,17390.9,-9533.28,-68.0026,79.0944,-152455,-1087.49,596.134,42.8592
0.175162,0,0,15.9918,1.68454,17415.3,-9533.11,-68.0979,79.0937,-152452,-1089.01,596.123,42.8652
0.175172,0,0,15.9918,1.6847,17439.7,-9532.93,-68.1932,79.0931,-152449,-1090.53,596.112,42.8712
0.175182,0,0,15.9918,1.68486,17464,-9532.76,-68.2885,79.0924,-152446,-1092.06,596.101,42.8771
0.175192,0,0,15.9918,1.68502,17488.4,-9532.58,-68.3838,79.0917,-152444,-1093.58,596.09,42.8831
0.175202,0,0,15.9918,1.68518,17512.8,-9532.41,-68.4791,79.091,-152441,-1095.11,596.079,42.889
0.175212,0,0,15.9918,1.68534,17537.2,-9532.23,-68.5745,79.0903,-152438,-1096.63,596.068,42.895
0.175222,0,0,15.9918,1.6855,17561.5,-9532.06,-68.6698,79.0896,-152435,-1098.16,596.057,42.901
0.175232,0,0,15.9918,1.68566,17585.9,-9531.88,-68.7651,79.089,-152432,-1099.68,596.046,42.9069
0.175242,0,0,15.9918,1.68582,17610.3,-9531.71,-68.8604,79.0883,-152430,-1101.2,596.035,42.9129
0.175252,0,0,15.9918,1.68598,17634.7,-9531.53,-68.9557,79.0876,-152427,-1102.73,596.024,42.9188
0.175262,0,0,15.9918,1.68614,17659,-9531.35,-69.051,79.0869,-152424,-1104.25,596.013,42.9248
0.175272,0,0,15.9918,1.6863,17683.4,-9531.18,-69.1463,79.0862,-152421,-1105.78,596.002,42.9308
0.175282,0,0,15.9918,1.68646,17707.8,-9531,-69.2416,79.0855,-152418,-1107.3,595.991,42.9367
0.175292,0,0,15.9918,1.68662,17732.1,-9530.82,-69.3369,79.0848,-152415,-1108.82,595.98,42.9427
0.175302,0,0,15.9918,1.68678,17756.5,-9530.65,-69.4322,79.0841,-152413,-1110.35,595.969,42.9486
0.175312,0,0,15.9918,1.68694,17780.9,-9530.47,-69.5275,79.0834,-152410,-1111.87,595.958,42.9546
0.175322,0,0,15.9918,1.6871,17805.3,-9530.29,-69.6227,79.0827,-152407,-1113.4,595.947,42.9606
0.175332,0,0,15.9918,1.68726,17829.6,-9530.11,-69.718,79.082,-152404,-1114.92,595.936,42.9665
0.175342,0,0,15.9918,1.68742,17854,-9529.93,-69.8134,79.0813,-152401,-1116.44,595.925,42.9725
0.175352,0,0,15.9918,1.68758,17878.4,-9529.75,-69.9086,79.0806,-152398,-1117.97,595.913,42.9784
0.175362,0,0,15.9918,1.68774,17902.7,-9529.58,-70.0039,79.0799,-152395,-1119.49,595.902,42.9844
0.175372,0,0,15.9918,1.6879,17927.1,-9529.4,-70.0992,79.0792,-152393,-1121.02,595.891,42.9904
0.175382,0,0,15.9918,1.68806,17951.5,-9529.22,-70.1945,79.0785,-152390,-1122.54,595.88,42.9963
0.175392,0,0,15.9918,1.68822,17975.8,-9529.04,-70.2897,79.0778,-152387,-1124.06,595.869,43.0023
0.175402,0,0,15.9918,1.68838,18000.2,-9528.86,-70.385,79.0771,-152384,-1125.59,595.857,43.0082
0.175412,0,0,15.9918,1.68854,18024.6,-9528.68,-70.4803,79.0764,-152381,-1127.11,595.846,43.0142
0.175422,0,0,15.9918,1.6887,18048.9,-9528.5,-70.5756,79.0757,-152378,-1128.63,595.835,43.0201
0.175432,0,0,15.9918,1.68886,18073.3,-9528.32,-70.6709,79.075,-152375,-1130.16,595.823,43.0261
0.175442,0,0,15.9918,1.68902,18097.7,-9528.14,-70.7661,79.0743,-152372,-1131.68,595.812,43.0321
0.175452,0,0,15.9918,1.68917,18122,-9527.96,-70.8614,79.0736,-152370,-1133.2,595.801,43.038
0.175462,0,0,15.9918,1.68933,18146.4,-9527.77,-70.9567,79.0729,-152367,-1134.73,595.789,43.044
0.175472,0,0,15.9918,1.68949,18170.8,-9527.59,-71.0519,79.0722,-152364,-1136.25,595.778,43.0499
0.175482,0,0,15.9918,1.68965,18195.1,-9527.41,-71.1472,79.0715,-152361,-1137.77,595.767,43.0559
0.175492,0,0,15.9918,1.68981,18219.5,-9527.23,-71.2425,79.0708,-152358,-1139.3,595.755,43.0619
0.175502,0,0,15.9918,1.68997,18243.8,-9527.05,-71.3377,79.07,-152355,-1140.82,595.744,43.0678
0.175512,0,0,15.9918,1.69013,18268.2,-9526.86,-71.4329,79.0693,-152352,-1142.34,595.733,43.0738
0.175522,0,0,15.9918,1.69029,18292.5,-9526.68,-71.5282,79.0686,-152349,-1143.87,595.721,43.0797
0.175532,0,0,15.9918,1.69045,18316.9,-9526.5,-71.6235,79.0679,-152346,-1145.39,595.71,43.0857
0.175542,0,0,15.9918,1.69061,18341.3,-9526.31,-71.7187,79.0672,-152343,-1146.91,595.698,43.0916
0.175552,0,0,15.9918,1.69077,18365.6,-9526.13,-71.8139,79.0665,-152340,-1148.44,595.687,43.0976
0.175562,0,0,15.9918,1.69093,18390,-9525.95,-71.9092,79.0657,-152337,-1149.96,595.675,43.1036
0.175572,0,0,15.9918,1.69109,18414.4,-9525.76,-72.0044,79.065,-152335,-1151.48,595.664,43.1095
0.175582,0,0,15.9918,1.69125,18438.7,-9525.58,-72.0997,79.0643,-152332,-1153.01,595.652,43.1155
0.175592,0,0,15.9918,1.69141,18463.1,-9525.39,-72.195,79.0636,-152329,-1154.53,595.641,43.1214
0.175602,0,0,15.9918,1.69157,18487.4,-9525.21,-72.2902,79.0629,-152326,-1156.05,595.629,43.1274
0.175612,0,0,15.9918,1.69173,18511.8,-9525.02,-72.3854,79.0621,-152323,-1157.58,595.618,43.1333
0.175622,0,0,15.9918,1.69189,18536.1,-9524.84,-72.4807,79.0614,-152320,-1159.1,595.606,43.1393
0.175632,0,0,15.9918,1.69205,18560.5,-9524.65,-72.5759,79.0607,-152317,-1160.62,595.594,43.1453
0.175642,0,0,15.9918,1.69221,18584.8,-9524.47,-72.6711,79.06,-152314,-1162.15,595.583,43.1512
0.175652,0,0,15.9918,1.69237,18609.2,-9524.28,-72.7664,79.0592,-152311,-1163.67,595.571,43.1572
0.175662,0,0,15.9918,1.69253,18633.6,-9524.1,-72.8616,79.0585,-152308,-1165.19,595.56,43.1631
0.175672,0,0,15.9918,1.69269,18657.9,-9523.91,-72.9568,79.0578,-152305,-1166.71,595.548,43.1691
0.175682,0,0,15.9918,1.69285,18682.3,-9523.72,-73.0521,79.057,-152302,-1168.24,595.536,43.175
0.175692,0,0,15.9918,1.69301,18706.6,-9523.54,-73.1473,79.0563,-152299,-1169.76,595.525,43.181
0.175701,0,0,15.9918,1.69317,18731,-9523.35,-73.2425,79.0556,-152296,-1171.28,595.513,43.1869
0.175711,0,0,15.9918,1.69333,18755.3,-9523.16,-73.3377,79.0548,-152293,-1172.8,595.501,43.1929
0.175721,0,0,15.9918,1.69349,18779.7,-9522.97,-73.4329,79.0541,-152290,-1174.33,595.489,43.1988
0.175731,0,0,15.9918,1.69365,18804,-9522.79,-73.5281,79.0534,-152287,-1175.85,595.478,43.2048
0.175741,0,0,15.9918,1.69381,18828.4,-9522.6,-73.6233,79.0527,-152284,-1177.37,595.466,43.2108
0.175751,0,0,15.9918,1.69397,18852.7,-9522.41,-73.7186,79.0519,-152281,-1178.9,595.454,43.2167
0.175761,0,0,15.9918,1.69413,18877.1,-9522.22,-73.8138,79.0512,-152278,-1180.42,595.442,43.2227
0.175771,0,0,15.9918,1.69429,18901.4,-9522.03,-73.909,79.0504,-152275,-1181.94,595.43,43.2286
0.175781,0,0,15.9918,1.69445,18925.8,-9521.84,-74.0042,79.0497,-152272,-1183.46,595.419,43.2346
0.175791,0,0,15.9918,1.69461,18950.1,-9521.65,-74.0994,79.049,-152269,-1184.99,595.407,43.2405
0.175801,0,0,15.9918,1.69477,18974.5,-9521.46,-74.1946,79.0482,-152266,-1186.51,595.395,43.2465
0.175811,0,0,15.9918,1.69493,18998.8,-9521.27,-74.2898,79.0475,-152263,-1188.03,595.383,43.2524
0.175821,0,0,15.9918,1.69509,19023.2,-9521.08,-74.385,79.0467,-152260,-1189.55,595.371,43.2584
0.175831,0,0,15.9918,1.69525,19047.5,-9520.89,-74.4802,79.046,-152257,-1191.08,595.359,43.2643
0.175841,0,0,15.9918,1.69541,19071.8,-9520.7,-74.5754,79.0452,-152254,-1192.6,595.347,43.2703
0.175851,0,0,15.9918,1.69557,19096.2,-9520.51,-74.6706,79.0445,-152251,-1194.12,595.335,43.2763
0.175861,0,0,15.9918,1.69573,19120.5,-9520.32,-74.7658,79.0437,-152247,-1195.64,595.323,43.2822
0.175871,0,0,15.9918,1.69589,19144.9,-9520.13,-74.861,79.043,-152244,-1197.17,595.312,43.2882
0.175881,0,0,15.9918,1.69605,19169.2,-9519.94,-74.9562,79.0422,-152241,-1198.69,595.3,43.2941
0.175891,0,0,15.9918,1.69621,19193.6,-9519.75,-75.0513,79.0415,-152238,-1200.21,595.288,43.3001
0.175901,0,0,15.9918,1.69637,19217.9,-9519.55,-75.1465,79.0407,-152235,-1201.73,595.276,43.306
0.175911,0,0,15.9918,1.69653,19242.2,-9519.36,-75.2417,79.04,-152232,-1203.25,595.264,43.312
0.175921,0,0,15.9918,1.69669,19266.6,-9519.17,-75.3369,79.0392,-152229,-1204.78,595.251,43.3179
0.175931,0,0,15.9918,1.69685,19290.9,-9518.98,-75.432,79.0385,-152226,-1206.3,595.239,43.3239
0.175941,0,0,15.9918,1.69701,19315.3,-9518.78,-75.5273,79.0377,-152223,-1207.82,595.227,43.3298
0.175951,0,0,15.9918,1.69717,19339.6,-9518.59,-75.6224,79.037,-152220,-1209.34,595.215,43.3358
0.175961,0,0,15.9918,1.69733,19363.9,-9518.4,-75.7176,79.0362,-152217,-1210.86,595.203,43.3417
0.175971,0,0,15.9918,1.69749,19388.3,-9518.2,-75.8128,79.0355,-152214,-1212.39,595.191,43.3477
0.175981,0,0,15.9918,1.69765,19412.6,-9518.01,-75.9079,79.0347,-152211,-1213.91,595.179,43.3536
0.175991,0,0,15.9918,1.69781,19437,-9517.81,-76.0031,79.0339,-152207,-1215.43,595.167,43.3596
0.176001,0,0,15.9918,1.69797,19461.3,-9517.62,-76.0983,79.0332,-152204,-1216.95,595.155,43.3655
0.176011,0,0,15.9918,1.69813,19485.6,-9517.43,-76.1934,79.0324,-152201,-1218.47,595.142,43.3715
0.176021,0,0,15.9918,1.69829,19510,-9517.23,-76.2886,79.0317,-152198,-1219.99,595.13,43.3774
0.176031,0,0,15.9918,1.69845,19534.3,-9517.04,-76.3838,79.0309,-152195,-1221.52,595.118,43.3834
0.176041,0,0,15.9918,1.69861,19558.6,-9516.84,-76.4789,79.0301,-152192,-1223.04,595.106,43.3893
0.176051,0,0,15.9918,1.69877,19583,-9516.64,-76.574,79.0294,-152189,-1224.56,595.094,43.3953
0.176061,0,0,15.9918,1.69893,19607.3,-9516.45,-76.6692,79.0286,-152186,-1226.08,595.081,43.4012
0.176071,0,0,15.9918,1.69909,19631.6,-9516.25,-76.7644,79.0278,-152182,-1227.6,595.069,43.4072
0.176081,0,0,15.9918,1.69925,19656,-9516.06,-76.8595,79.0271,-152179,-1229.13,595.057,43.4131
0.176091,0,0,15.9918,1.69941,19680.3,-9515.86,-76.9546,79.0263,-152176,-1230.65,595.045,43.4191
0.176101,0,0,15.9918,1.69957,19704.6,-9515.66,-77.0498,79.0255,-152173,-1232.17,595.032,43.425
0.176111,0,0,15.9918,1.69973,19729,-9515.47,-77.1449,79.0247,-152170,-1233.69,595.02,43.431
0.176121,0,0,15.9918,1.69989,19753.3,-9515.27,-77.24,79.024,-152167,-1235.21,595.008,43.4369
0.176131,0,0,15.9918,1.70005,19777.6,-9515.07,-77.3352,79.0232,-152164,-1236.73,594.995,43.4429
0.176141,0,0,15.9918,1.70021,19802,-9514.87,-77.4304,79.0224,-152160,-1238.25,594.983,43.4488
0.176151,0,0,15.9918,1.70037,19826.3,-9514.67,-77.5255,79.0217,-152157,-1239.78,594.97,43.4548
0.176161,0,0,15.9918,1.70053,19850.6,-9514.48,-77.6206,79.0209,-152154,-1241.3,594.958,43.4608
0.176171,0,0,15.9918,1.70069,19875,-9514.28,-77.7158,79.0201,-152151,-1242.82,594.946,43.4667
0.176181,0,0,15.9918,1.70085,19899.3,-9514.08,-77.8109,79.0193,-152148,-1244.34,594.933,43.4727
0.176191,0,0,15.9918,1.70101,19923.6,-9513.88,-77.906,79.0185,-152144,-1245.86,594.921,43.4786
0.176201,0,0,15.9918,1.70117,19947.9,-9513.68,-78.0011,79.0178,-152141,-1247.38,594.908,43.4846
0.176211,0,0,15.9918,1.70133,19972.3,-9513.48,-78.0962,79.017,-152138,-1248.9,594.896,43.4905
0.176221,0,0,15.9918,1.70149,19996.6,-9513.28,-78.1914,79.0162,-152135,-1250.42,594.883,43.4964
0.176231,0,0,15.9918,1.70165,20020.9,-9513.08,-78.2865,79.0154,-152132,-1251.95,594.871,43.5024
0.176241,0,0,15.9918,1.70181,20045.2,-9512.88,-78.3816,79.0146,-152128,-1253.47,594.858,43.5083
0.176251,0,0,15.9918,1.70197,20069.6,-9512.68,-78.4768,79.0139,-152125,-1254.99,594.846,43.5143
0.176261,0,0,15.9918,1.70213,20093.9,-9512.48,-78.5719,79.0131,-152122,-1256.51,594.833,43.5202
0.176271,0,0,15.9918,1.70229,20118.2,-9512.28,-78.6669,79.0123,-152119,-1258.03,594.821,43.5262
0.176281,0,0,15.9918,1.70245,20142.5,-9512.08,-78.762,79.0115,-152116,-1259.55,594.808,43.5321
0.176291,0,0,15.9918,1.70261,20166.9,-9511.88,-78.8572,79.0107,-152112,-1261.07,594.795,43.5381
0.176301,0,0,15.9918,1.70277,20191.2,-9511.67,-78.9523,79.0099,-152109,-1262.59,594.783,43.544
0.176311,0,0,15.9918,1.70293,20215.5,-9511.47,-79.0474,79.0091,-152106,-1264.11,594.77,43.55
0.176321,0,0,15.9918,1.70309,20239.8,-9511.27,-79.1425,79.0083,-152103,-1265.63,594.758,43.5559
0.176331,0,0,15.9918,1.70325,20264.1,-9511.07,-79.2376,79.0075,-152099,-1267.16,594.745,43.5619
0.176341,0,0,15.9918,1.70341,20288.5,-9510.86,-79.3326,79.0068,-152096,-1268.68,594.732,43.5678
0.176351,0,0,15.9918,1.70357,20312.8,-9510.66,-79.4278,79.006,-152093,-1270.2,594.719,43.5738
0.176361,0,0,15.9918,1.70373,20337.1,-9510.46,-79.5229,79.0052,-152090,-1271.72,594.707,43.5797
0.176371,0,0,15.9918,1.70389,20361.4,-9510.25,-79.6179,79.0044,-152086,-1273.24,594.694,43.5857
0.176381,0,0,15.9918,1.70405,20385.7,-9510.05,-79.7131,79.0036,-152083,-1274.76,594.681,43.5916
0.176391,0,0,15.9918,1.70421,20410.1,-9509.85,-79.8081,79.0028,-152080,-1276.28,594.669,43.5975
0.176401,0,0,15.9918,1.70437,20434.4,-9509.64,-79.9032,79.002,-152077,-1277.8,594.656,43.6035
0.176411,0,0,15.9918,1.70453,20458.7,-9509.44,-79.9983,79.0012,-152073,-1279.32,594.643,43.6094
0.176421,0,0,15.9918,1.70468,20483,-9509.23,-80.0934,79.0004,-152070,-1280.84,594.63,43.6154
0.176431,0,0,15.9918,1.70484,20507.3,-9509.03,-80.1884,78.9996,-152067,-1282.36,594.617,43.6213
0.176441,0,0,15.9918,1.705,20531.6,-9508.82,-80.2836,78.9988,-152064,-1283.88,594.605,43.6273
0.176451,0,0,15.9918,1.70516,20556,-9508.62,-80.3786,78.998,-152060,-1285.4,594.592,43.6332
0.176461,0,0,15.9918,1.70532,20580.3,-9508.41,-80.4737,78.9972,-152057,-1286.92,594.579,43.6392
0.176471,0,0,15.9918,1.70548,20604.6,-9508.21,-80.5687,78.9964,-152054,-1288.44,594.566,43.6451
0.176481,0,0,15.9918,1.70564,20628.9,-9508,-80.6638,78.9956,-152050,-1289.96,594.553,43.6511
0.176491,0,0,15.9918,1.7058,20653.2,-9507.79,-80.7589,78.9947,-152047,-1291.48,594.54,43.657
0.176501,0,0,15.9918,1.70596,20677.5,-9507.59,-80.8539,78.9939,-152044,-1293,594.527,43.663
0.176511,0,0,15.9918,1.70612,20701.8,-9507.38,-80.949,78.9931,-152041,-1294.52,594.514,43.6689
0.176521,0,0,15.9918,1.70628,20726.1,-9507.17,-81.0441,78.9923,-152037,-1296.04,594.501,43.6749
0.176531,0,0,15.9918,1.70644,20750.4,-9506.97,-81.1391,78.9915,-152034,-1297.56,594.488,43.6808
0.176541,0,0,15.9918,1.7066,20774.8,-9506.76,-81.2342,78.9907,-152031,-1299.08,594.475,43.6867
0.176551,0,0,15.9918,1.70676,20799.1,-9506.55,-81.3292,78.9899,-152027,-1300.6,594.462,43.6927
0.176561,0,0,15.9918,1.70692,20823.4,-9506.34,-81.4243,78.9891,-152024,-1302.12,594.449,43.6986
0.176571,0,0,15.9918,1.70708,20847.7,-9506.13,-81.5194,78.9883,-152021,-1303.65,594.436,43.7046
0.176581,0,0,15.9918,1.70724,20872,-9505.93,-81.6144,78.9874,-152017,-1305.16,594.423,43.7105
0.176591,0,0,15.9918,1.7074,20896.3,-9505.72,-81.7094,78.9866,-152014,-1306.68,594.41,43.7165
0.176601,0,0,15.9918,1.70756,20920.6,-9505.51,-81.8045,78.9858,-152011,-1308.2,594.397,43.7224
0.176611,0,0,15.9918,1.70772,20944.9,-9505.3,-81.8995,78.985,-152007,-1309.72,594.384,43.7283
0.176621,0,0,15.9918,1.70788,20969.2,-9505.09,-81.9945,78.9842,-152004,-1311.24,594.371,43.7343
0.176631,0,0,15.9918,1.70804,20993.5,-9504.88,-82.0896,78.9833,-152001,-1312.76,594.358,43.7402
0.176641,0,0,15.9918,1.7082,21017.8,-9504.67,-82.1847,78.9825,-151997,-1314.28,594.345,43.7462
0.176651,0,0,15.9918,1.70836,21042.1,-9504.46,-82.2797,78.9817,-151994,-1315.8,594.332,43.7521
0.176661,0,0,15.9918,1.70852,21066.4,-9504.25,-82.3747,78.9809,-151990,-1317.32,594.318,43.7581
0.176671,0,0,15.9918,1.70868,21090.7,-9504.04,-82.4697,78.98,-151987,-1318.84,594.305,43.764
0.176681,0,0,15.9918,1.70884,21115,-9503.83,-82.5648,78.9792,-151984,-1320.36,594.292,43.77
0.176691,0,0,15.9918,1.709,21139.3,-9503.62,-82.6598,78.9784,-151980,-1321.88,594.279,43.7759
0.176701,0,0,15.9918,1.70916,21163.6,-9503.4,-82.7548,78.9776,-151977,-1323.4,594.266,43.7818
0.176711,0,0,15.9918,1.70932,21187.9,-9503.19,-82.8498,78.9767,-151974,-1324.92,594.252,43.7878
0.176721,0,0,15.9918,1.70948,21212.2,-9502.98,-82.9448,78.9759,-151970,-1326.44,594.239,43.7937
0.176731,0,0,15.9918,1.70964,21236.5,-9502.77,-83.0399,78.9751,-151967,-1327.96,594.226,43.7997
0.176741,0,0,15.9918,1.7098,21260.8,-9502.55,-83.1349,78.9743,-151963,-1329.48,594.213,43.8056
0.176751,0,0,15.9918,1.70996,21285.1,-9502.34,-83.2299,78.9734,-151960,-1331,594.199,43.8116
0.176761,0,0,15.9918,1.71012,21309.4,-9502.13,-83.3249,78.9726,-151957,-1332.52,594.186,43.8175
0.176771,0,0,15.9918,1.71028,21333.7,-9501.92,-83.4199,78.9718,-151953,-1334.04,594.173,43.8234
0.176781,0,0,15.9918,1.71044,21358,-9501.7,-83.5149,78.9709,-151950,-1335.56,594.159,43.8294
0.176791,0,0,15.9918,1.7106,21382.3,-9501.49,-83.6099,78.9701,-151946,-1337.08,594.146,43.8353
0.176801,0,0,15.9918,1.71076,21406.6,-9501.28,-83.7049,78.9692,-151943,-1338.6,594.133,43.8413
0.176811,0,0,15.9918,1.71092,21430.9,-9501.06,-83.7999,78.9684,-151939,-1340.11,594.119,43.8472
0.176821,0,0,15.9918,1.71108,21455.2,-9500.85,-83.895,78.9676,-151936,-1341.64,594.106,43.8531
0.176831,0,0,15.9918,1.71124,21479.5,-9500.63,-83.9899,78.9667,-151933,-1343.15,594.092,43.8591
0.176841,0,0,15.9918,1.7114,21503.8,-9500.42,-84.0849,78.9659,-151929,-1344.67,594.079,43.865
0.176851,0,0,15.9918,1.71156,21528.1,-9500.2,-84.1798,78.965,-151926,-1346.19,594.065,43.871
0.176861,0,0,15.9918,1.71172,21552.4,-9499.99,-84.2749,78.9642,-151922,-1347.71,594.052,43.8769
0.176871,0,0,15.9918,1.71188,21576.7,-9499.77,-84.3699,78.9634,-151919,-1349.23,594.039,43.8828
0.176881,0,0,15.9918,1.71204,21601,-9499.56,-84.4648,78.9625,-151915,-1350.75,594.025,43.8888
0.176891,0,0,15.9918,1.7122,21625.3,-9499.34,-84.5599,78.9617,-151912,-1352.27,594.011,43.8947
0.176901,0,0,15.9918,1.71236,21649.5,-9499.12,-84.6548,78.9608,-151908,-1353.79,593.998,43.9007
0.176911,0,0,15.9918,1.71252,21673.8,-9498.91,-84.7498,78.96,-151905,-1355.3,593.984,43.9066
0.176921,0,0,15.9918,1.71268,21698.1,-9498.69,-84.8448,78.9591,-151902,-1356.82,593.971,43.9125
0.176931,0,0,15.9918,1.71284,21722.4,-9498.47,-84.9397,78.9583,-151898,-1358.34,593.957,43.9185
0.176941,0,0,15.9918,1.713,21746.7,-9498.25,-85.0347,78.9574,-151895,-1359.86,593.944,43.9244
0.176951,0,0,15.9918,1.71316,21771,-9498.04,-85.1297,78.9566,-151891,-1361.38,593.93,43.9304
0.176961,0,0,15.9918,1.71332,21795.3,-9497.82,-85.2246,78.9557,-151888,-1362.9,593.916,43.9363
0.176971,0,0,15.9918,1.71348,21819.6,-9497.6,-85.3196,78.9549,-151884,-1364.42,593.903,43.9422
0.176981,0,0,15.9918,1.71364,21843.8,-9497.38,-85.4146,78.954,-151881,-1365.94,593.889,43.9482
0.176991,0,0,15.9918,1.7138,21868.1,-9497.16,-85.5095,78.9532,-151877,-1367.46,593.875,43.9541
0.177001,0,0,15.9918,1.71396,21892.4,-9496.95,-85.6045,78.9523,-151874,-1368.97,593.862,43.9601
0.177011,0,0,15.9918,1.71412,21916.7,-9496.73,-85.6995,78.9515,-151870,-1370.49,593.848,43.966
0.177021,0,0,15.9918,1.71428,21941,-9496.51,-85.7944,78.9506,-151867,-1372.01,593.834,43.9719
0.177031,0,0,15.9918,1.71444,21965.3,-9496.29,-85.8893,78.9497,-151863,-1373.53,593.821,43.9779
0.177041,0,0,15.9918,1.7146,21989.5,-9496.07,-85.9843,78.9489,-151860,-1375.05,593.807,43.9838
0.177051,0,0,15.9918,1.71476,22013.8,-9495.85,-86.0793,78.948,-151856,-1376.57,593.793,43.9898
0.177061,0,0,15.9918,1.71492,22038.1,-9495.63,-86.1742,78.9472,-151853,-1378.08,593.779,43.9957
0.177071,0,0,15.9918,1.71508,22062.4,-9495.41,-86.2691,78.9463,-151849,-1379.6,593.766,44.0016
0.177081,0,0,15.9918,1.71524,22086.7,-9495.19,-86.3641,78.9454,-151846,-1381.12,593.752,44.0076
0.177091,0,0,15.9918,1.7154,22110.9,-9494.97,-86.459,78.9446,-151842,-1382.64,593.738,44.0135
0.177101,0,0,15.9918,1.71556,22135.2,-9494.74,-86.5539,78.9437,-151838,-1384.16,593.724,44.0194
0.177111,0,0,15.9918,1.71572,22159.5,-9494.52,-86.6489,78.9428,-151835,-1385.68,593.71,44.0254
0.177121,0,0,15.9918,1.71588,22183.8,-9494.3,-86.7438,78.942,-151831,-1387.19,593.696,44.0313
0.177131,0,0,15.9918,1.71604,22208.1,-9494.08,-86.8387,78.9411,-151828,-1388.71,593.683,44.0373
0.177141,0,0,15.9918,1.7162,22232.3,-9493.86,-86.9337,78.9402,-151824,-1390.23,593.669,44.0432
0.177151,0,0,15.9918,1.71636,22256.6,-9493.63,-87.0286,78.9394,-151821,-1391.75,593.655,44.0491
0.177161,0,0,15.9918,1.71652,22280.9,-9493.41,-87.1235,78.9385,-151817,-1393.27,593.641,44.0551
0.177171,0,0,15.9918,1.71668,22305.2,-9493.19,-87.2185,78.9376,-151814,-1394.78,593.627,44.061
0.177181,0,0,15.9918,1.71684,22329.4,-9492.97,-87.3134,78.9367,-151810,-1396.3,593.613,44.0669
0.177191,0,0,15.9918,1.717,22353.7,-9492.74,-87.4083,78.9359,-151806,-1397.82,593.599,44.0729
0.177201,0,0,15.9918,1.71716,22378,-9492.52,-87.5032,78.935,-151803,-1399.34,593.585,44.0788
0.177211,0,0,15.9918,1.71732,22402.3,-9492.3,-87.5981,78.9341,-151799,-1400.86,593.571,44.0847
0.177221,0,0,15.9918,1.71748,22426.5,-9492.07,-87.693,78.9332,-151796,-1402.37,593.557,44.0907
0.177231,0,0,15.9918,1.71764,22450.8,-9491.85,-87.7879,78.9324,-151792,-1403.89,593.543,44.0966
0.177241,0,0,15.9918,1.7178,22475.1,-9491.62,-87.8828,78.9315,-151789,-1405.41,593.529,44.1025
0.177251,0,0,15.9918,1.71796,22499.3,-9491.4,-87.9777,78.9306,-151785,-1406.93,593.515,44.1085
0.177261,0,0,15.9918,1.71812,22523.6,-9491.17,-88.0726,78.9297,-151781,-1408.44,593.501,44.1144
0.177271,0,0,15.9918,1.71828,22547.9,-9490.95,-88.1675,78.9288,-151778,-1409.96,593.487,44.1204
0.177281,0,0,15.9918,1.71844,22572.1,-9490.72,-88.2624,78.928,-151774,-1411.48,593.473,44.1263
0.177291,0,0,15.9918,1.7186,22596.4,-9490.5,-88.3573,78.9271,-151771,-1413,593.458,44.1322
0.177301,0,0,15.9918,1.71876,22620.7,-9490.27,-88.4522,78.9262,-151767,-1414.51,593.444,44.1382
0.177311,0,0,15.9918,1.71892,22645,-9490.04,-88.5471,78.9253,-151763,-1416.03,593.43,44.1441
0.177321,0,0,15.9918,1.71908,22669.2,-9489.82,-88.6419,78.9244,-151760,-1417.55,593.416,44.15
0.177331,0,0,15.9918,1.71924,22693.5,-9489.59,-88.7369,78.9235,-151756,-1419.07,593.402,44.156
0.177341,0,0,15.9918,1.7194,22717.7,-9489.36,-88.8317,78.9226,-151752,-1420.58,593.388,44.1619
0.177351,0,0,15.9918,1.71956,22742,-9489.13,-88.9266,78.9218,-151749,-1422.1,593.373,44.1678
0.177361,0,0,15.9918,1.71972,22766.3,-9488.91,-89.0215,78.9209,-151745,-1423.62,593.359,44.1738
0.177371,0,0,15.9918,1.71988,22790.5,-9488.68,-89.1164,78.92,-151742,-1425.14,593.345,44.1797
0.177381,0,0,15.9918,1.72004,22814.8,-9488.45,-89.2112,78.9191,-151738,-1426.65,593.331,44.1856
0.177391,0,0,15.9918,1.7202,22839.1,-9488.22,-89.3062,78.9182,-151734,-1428.17,593.316,44.1916
0.177401,0,0,15.9918,1.72035,22863.3,-9488,-89.401,78.9173,-151731,-1429.69,593.302,44.1975
0.177411,0,0,15.9918,1.72051,22887.6,-9487.77,-89.4958,78.9164,-151727,-1431.2,593.288,44.2034
0.177421,0,0,15.9918,1.72067,22911.8,-9487.54,-89.5907,78.9155,-151723,-1432.72,593.274,44.2094
0.177431,0,0,15.9918,1.72083,22936.1,-9487.31,-89.6856,78.9146,-151720,-1434.24,593.259,44.2153
0.177441,0,0,15.9918,1.72099,22960.4,-9487.08,-89.7804,78.9137,-151716,-1435.75,593.245,44.2212
0.177451,0,0,15.9918,1.72115,22984.6,-9486.85,-89.8753,78.9128,-151712,-1437.27,593.23,44.2272
0.177461,0,0,15.9918,1.72131,23008.9,-9486.62,-89.9702,78.9119,-151709,-1438.79,593.216,44.2331
0.177471,0,0,15.9918,1.72147,23033.1,-9486.39,-90.065,78.911,-151705,-1440.31,593.202,44.239
0.177481,0,0,15.9918,1.72163,23057.4,-9486.16,-90.1598,78.9101,-151701,-1441.82,593.187,44.245
0.177491,0,0,15.9918,1.72179,23081.7,-9485.93,-90.2547,78.9092,-151698,-1443.34,593.173,44.2509
0.177501,0,0,15.9918,1.72195,23105.9,-9485.7,-90.3495,78.9083,-151694,-1444.86,593.158,44.2568
0.177511,0,0,15.9918,1.72211,23130.2,-9485.47,-90.4444,78.9074,-151690,-1446.37,593.144,44.2627
0.177521,0,0,15.9918,1.72227,23154.4,-9485.23,-90.5393,78.9065,-151686,-1447.89,593.13,44.2687
0.177531,0,0,15.9918,1.72243,23178.7,-9485,-90.6341,78.9056,-151683,-1449.41,593.115,44.2746
0.177541,0,0,15.9918,1.72259,23202.9,-9484.77,-90.7289,78.9047,-151679,-1450.92,593.101,44.2805
0.177551,0,0,15.9918,1.72275,23227.2,-9484.54,-90.8238,78.9038,-151675,-1452.44,593.086,44.2865
0.177561,0,0,15.9918,1.72291,23251.4,-9484.31,-90.9186,78.9029,-151672,-1453.96,593.071,44.2924
0.177571,0,0,15.9918,1.72307,23275.7,-9484.08,-91.0134,78.902,-151668,-1455.47,593.057,44.2983
0.177581,0,0,15.9918,1.72323,23299.9,-9483.84,-91.1083,78.9011,-151664,-1456.99,593.042,44.3043
0.177591,0,0,15.9918,1.72339,23324.2,-9483.61,-91.2031,78.9002,-151660,-1458.51,593.028,44.3102
0.177601,0,0,15.9918,1.72355,23348.4,-9483.38,-91.2979,78.8992,-151657,-1460.02,593.013,44.3161
0.177611,0,0,15.9918,1.72371,23372.7,-9483.14,-91.3927,78.8983,-151653,-1461.54,592.999,44.3221
0.177621,0,0,15.9918,1.72387,23396.9,-9482.91,-91.4875,78.8974,-151649,-1463.05,592.984,44.328
0.177631,0,0,15.9918,1.72403,23421.2,-9482.67,-91.5823,78.8965,-151645,-1464.57,592.969,44.3339
0.177641,0,0,15.9918,1.72419,23445.4,-9482.44,-91.6771,78.8956,-151642,-1466.09,592.955,44.3399
0.177651,0,0,15.9918,1.72435,23469.7,-9482.21,-91.772,78.8947,-151638,-1467.6,592.94,44.3458
0.177661,0,0,15.9918,1.72451,23493.9,-9481.97,-91.8668,78.8937,-151634,-1469.12,592.925,44.3517
0.177671,0,0,15.9918,1.72467,23518.2,-9481.73,-91.9615,78.8928,-151630,-1470.63,592.911,44.3576
0.177681,0,0,15.9918,1.72483,23542.4,-9481.5,-92.0564,78.8919,-151627,-1472.15,592.896,44.3636
0.177691,0,0,15.9918,1.72499,23566.7,-9481.26,-92.1512,78.891,-151623,-1473.67,592.881,44.3695
0.177701,0,0,15.9918,1.72515,23590.9,-9481.03,-92.2459,78.8901,-151619,-1475.18,592.867,44.3754
0.177711,0,0,15.9918,1.72531,23615.2,-9480.79,-92.3408,78.8891,-151615,-1476.7,592.852,44.3813
0.177721,0,0,15.9918,1.72547,23639.4,-9480.56,-92.4356,78.8882,-151612,-1478.22,592.837,44.3873
0.177731,0,0,15.9918,1.72563,23663.6,-9480.32,-92.5303,78.8873,-151608,-1479.73,592.822,44.3932
0.177741,0,0,15.9918,1.72579,23687.9,-9480.08,-92.6252,78.8864,-151604,-1481.25,592.807,44.3991
0.177751,0,0,15.9918,1.72595,23712.1,-9479.85,-92.7199,78.8854,-151600,-1482.76,592.793,44.4051
0.177761,0,0,15.9918,1.72611,23736.3,-9479.61,-92.8147,78.8845,-151596,-1484.28,592.778,44.411
0.177771,0,0,15.9918,1.72627,23760.6,-9479.37,-92.9095,78.8836,-151593,-1485.79,592.763,44.4169
0.177781,0,0,15.9918,1.72643,23784.8,-9479.13,-93.0043,78.8827,-151589,-1487.31,592.748,44.4228
0.177791,0,0,15.9918,1.72659,23809.1,-9478.9,-93.099,78.8817,-151585,-1488.83,592.733,44.4288
0.177801,0,0,15.9918,1.72675,23833.3,-9478.66,-93.1938,78.8808,-151581,-1490.34,592.718,44.4347
0.177811,0,0,15.9918,1.72691,23857.5,-9478.42,-93.2886,78.8799,-151577,-1491.86,592.703,44.4406
0.177821,0,0,15.9918,1.72707,23881.8,-9478.18,-93.3834,78.8789,-151574,-1493.37,592.688,44.4466
0.177831,0,0,15.9918,1.72723,23906,-9477.94,-93.4781,78.878,-151570,-1494.89,592.673,44.4525
0.177841,0,0,15.9918,1.72739,23930.3,-9477.7,-93.5729,78.8771,-151566,-1496.4,592.659,44.4584
0.177851,0,0,15.9918,1.72755,23954.5,-9477.46,-93.6677,78.8761,-151562,-1497.92,592.644,44.4643
0.177861,0,0,15.9918,1.72771,23978.7,-9477.22,-93.7624,78.8752,-151558,-1499.43,592.629,44.4703
0.177871,0,0,15.9918,1.72787,24003,-9476.98,-93.8572,78.8742,-151554,-1500.95,592.614,44.4762
0.177881,0,0,15.9918,1.72803,24027.2,-9476.74,-93.9519,78.8733,-151551,-1502.46,592.599,44.4821
0.177891,0,0,15.9918,1.72819,24051.4,-9476.5,-94.0467,78.8724,-151547,-1503.98,592.583,44.488
0.177901,0,0,15.9918,1.72835,24075.7,-9476.26,-94.1415,78.8714,-151543,-1505.5,592.568,44.494
0.177911,0,0,15.9918,1.72851,24099.9,-9476.02,-94.2362,78.8705,-151539,-1507.01,592.553,44.4999
0.177921,0,0,15.9918,1.72867,24124.1,-9475.78,-94.3309,78.8695,-151535,-1508.53,592.538,44.5058
0.177931,0,0,15.9918,1.72883,24148.3,-9475.54,-94.4257,78.8686,-151531,-1510.04,592.523,44.5117
0.177941,0,0,15.9918,1.72899,24172.6,-9475.3,-94.5204,78.8677,-151527,-1511.56,592.508,44.5177
0.177951,0,0,15.9918,1.72915,24196.8,-9475.06,-94.6152,78.8667,-151524,-1513.07,592.493,44.5236
0.177961,0,0,15.9918,1.72931,24221,-9474.81,-94.7099,78.8658,-151520,-1514.59,592.478,44.5295
0.177971,0,0,15.9918,1.72947,24245.3,-9474.57,-94.8047,78.8648,-151516,-1516.1,592.463,44.5354
0.177981,0,0,15.9918,1.72963,24269.5,-9474.33,-94.8994,78.8639,-151512,-1517.62,592.448,44.5414
0.177991,0,0,15.9918,1.72979,24293.7,-9474.09,-94.9941,78.8629,-151508,-1519.13,592.432,44.5473
0.178001,0,0,15.9918,1.72995,24317.9,-9473.84,-95.0888,78.862,-151504,-1520.65,592.417,44.5532
0.178011,0,0,15.9918,1.73011,24342.2,-9473.6,-95.1835,78.861,-151500,-1522.16,592.402,44.5591
0.178021,0,0,15.9918,1.73027,24366.4,-9473.36,-95.2783,78.8601,-151496,-1523.67,592.387,44.5651
0.178031,0,0,15.9918,1.73043,24390.6,-9473.11,-95.373,78.8591,-151493,-1525.19,592.372,44.571
0.178041,0,0,15.9918,1.73059,24414.8,-9472.87,-95.4677,78.8582,-151489,-1526.7,592.356,44.5769
0.178051,0,0,15.9918,1.73075,24439,-9472.62,-95.5624,78.8572,-151485,-1528.22,592.341,44.5828
0.178061,0,0,15.9918,1.73091,24463.3,-9472.38,-95.6572,78.8562,-151481,-1529.73,592.326,44.5888
0.178071,0,0,15.9918,1.73107,24487.5,-9472.13,-95.7518,78.8553,-151477,-1531.25,592.31,44.5947
0.178081,0,0,15.9918,1.73123,24511.7,-9471.89,-95.8465,78.8543,-151473,-1532.76,592.295,44.6006
0.178091,0,0,15.9918,1.73139,24535.9,-9471.65,-95.9413,78.8534,-151469,-1534.28,592.28,44.6065
0.178101,0,0,15.9918,1.73155,24560.2,-9471.4,-96.036,78.8524,-151465,-1535.79,592.264,44.6125
0.178111,0,0,15.9918,1.73171,24584.4,-9471.15,-96.1306,78.8514,-151461,-1537.31,592.249,44.6184
0.178121,0,0,15.9918,1.73187,24608.6,-9470.91,-96.2254,78.8505,-151457,-1538.82,592.234,44.6243
0.178131,0,0,15.9918,1.73203,24632.8,-9470.66,-96.3201,78.8495,-151453,-1540.34,592.218,44.6302
0.178141,0,0,15.9918,1.73219,24657,-9470.42,-96.4147,78.8486,-151449,-1541.85,592.203,44.6361
0.178151,0,0,15.9918,1.73235,24681.2,-9470.17,-96.5095,78.8476,-151445,-1543.36,592.187,44.6421
0.178161,0,0,15.9918,1.73251,24705.5,-9469.92,-96.6041,78.8466,-151442,-1544.88,592.172,44.648
0.178171,0,0,15.9918,1.73267,24729.7,-9469.67,-96.6988,78.8457,-151438,-1546.39,592.156,44.6539
0.178181,0,0,15.9918,1.73283,24753.9,-9469.43,-96.7935,78.8447,-151434,-1547.91,592.141,44.6598
0.178191,0,0,15.9918,1.73299,24778.1,-9469.18,-96.8882,78.8437,-151430,-1549.42,592.126,44.6657
0.178201,0,0,15.9918,1.73315,24802.3,-9468.93,-96.9828,78.8428,-151426,-1550.93,592.11,44.6717
0.178211,0,0,15.9918,1.73331,24826.5,-9468.68,-97.0775,78.8418,-151422,-1552.45,592.095,44.6776
0.178221,0,0,15.9918,1.73347,24850.7,-9468.43,-97.1722,78.8408,-151418,-1553.96,592.079,44.6835
0.178231,0,0,15.9918,1.73363,24874.9,-9468.19,-97.2669,78.8399,-151414,-1555.48,592.063,44.6894
0.178241,0,0,15.9918,1.73379,24899.1,-9467.94,-97.3615,78.8389,-151410,-1556.99,592.048,44.6953
0.178251,0,0,15.9918,1.73395,24923.4,-9467.69,-97.4562,78.8379,-151406,-1558.5,592.032,44.7013
0.178261,0,0,15.9918,1.73411,24947.6,-9467.44,-97.5509,78.8369,-151402,-1560.02,592.017,44.7072
0.178271,0,0,15.9918,1.73427,24971.8,-9467.19,-97.6455,78.8359,-151398,-1561.53,592.001,44.7131
0.178281,0,0,15.9918,1.73443,24996,-9466.94,-97.7402,78.835,-151394,-1563.05,591.986,44.719
0.178291,0,0,15.9918,1.73459,25020.2,-9466.69,-97.8349,78.834,-151390,-1564.56,591.97,44.7249
0.178301,0,0,15.9918,1.73475,25044.4,-9466.44,-97.9295,78.833,-151386,-1566.07,591.954,44.7309
0.178311,0,0,15.9918,1.73491,25068.6,-9466.19,-98.0242,78.832,-151382,-1567.59,591.939,44.7368
0.178321,0,0,15.9918,1.73507,25092.8,-9465.94,-98.1188,78.8311,-151378,-1569.1,591.923,44.7427
0.178331,0,0,15.9918,1.73523,25117,-9465.69,-98.2134,78.8301,-151374,-1570.61,591.907,44.7486
0.178341,0,0,15.9918,1.73539,25141.2,-9465.44,-98.3081,78.8291,-151370,-1572.13,591.891,44.7546
0.178351,0,0,15.9918,1.73555,25165.4,-9465.18,-98.4027,78.8281,-151366,-1573.64,591.876,44.7605
0.178361,0,0,15.9918,1.73571,25189.6,-9464.93,-98.4974,78.8271,-151362,-1575.15,591.86,44.7664
0.178371,0,0,15.9918,1.73586,25213.8,-9464.68,-98.592,78.8261,-151358,-1576.67,591.844,44.7723
0.178381,0,0,15.9918,1.73602,25238,-9464.43,-98.6867,78.8251,-151354,-1578.18,591.828,44.7782
0.178391,0,0,15.9918,1.73618,25262.2,-9464.18,-98.7813,78.8242,-151350,-1579.69,591.813,44.7841
0.178401,0,0,15.9918,1.73634,25286.4,-9463.92,-98.8759,78.8232,-151346,-1581.21,591.797,44.7901
0.178411,0,0,15.9918,1.7365,25310.6,-9463.67,-98.9705,78.8222,-151342,-1582.72,591.781,44.796
0.178421,0,0,15.9918,1.73666,25334.8,-9463.42,-99.0651,78.8212,-151337,-1584.23,591.765,44.8019
0.178431,0,0,15.9918,1.73682,25359,-9463.16,-99.1597,78.8202,-151333,-1585.75,591.749,44.8078
0.178441,0,0,15.9918,1.73698,25383.2,-9462.91,-99.2544,78.8192,-151329,-1587.26,591.734,44.8137
0.178451,0,0,15.9918,1.73714,25407.4,-9462.66,-99.349,78.8182,-151325,-1588.77,591.718,44.8196
0.178461,0,0,15.9918,1.7373,25431.6,-9462.4,-99.4436,78.8172,-151321,-1590.29,591.702,44.8256
0.178471,0,0,15.9918,1.73746,25455.8,-9462.15,-99.5382,78.8162,-151317,-1591.8,591.686,44.8315
0.178481,0,0,15.9918,1.73762,25480,-9461.89,-99.6328,78.8152,-151313,-1593.31,591.67,44.8374
0.178491,0,0,15.9918,1.73778,25504.2,-9461.64,-99.7274,78.8142,-151309,-1594.83,591.654,44.8433
0.178501,0,0,15.9918,1.73794,25528.4,-9461.38,-99.8221,78.8132,-151305,-1596.34,591.638,44.8492
0.178511,0,0,15.9918,1.7381,25552.6,-9461.13,-99.9166,78.8122,-151301,-1597.85,591.622,44.8551
0.178521,0,0,15.9918,1.73826,25576.8,-9460.87,-100.011,78.8112,-151297,-1599.36,591.606,44.8611
0.178531,0,0,15.9918,1.73842,25601,-9460.62,-100.106,78.8102,-151293,-1600.88,591.59,44.867
0.178541,0,0,15.9918,1.73858,25625.2,-9460.36,-100.2,78.8092,-151289,-1602.39,591.574,44.8729
0.178551,0,0,15.9918,1.73874,25649.3,-9460.1,-100.295,78.8082,-151285,-1603.9,591.558,44.8788
0.178561,0,0,15.9918,1.7389,25673.6,-9459.85,-100.39,78.8072,-151280,-1605.42,591.542,44.8847
0.178571,0,0,15.9918,1.73906,25697.7,-9459.59,-100.484,78.8062,-151276,-1606.93,591.526,44.8906
0.178581,0,0,15.9918,1.73922,25721.9,-9459.33,-100.579,78.8052,-151272,-1608.44,591.51,44.8966
0.178591,0,0,15.9918,1.73938,25746.1,-9459.08,-100.673,78.8042,-151268,-1609.95,591.494,44.9025
0.178601,0,0,15.9918,1.73954,25770.3,-9458.82,-100.768,78.8032,-151264,-1611.47,591.478,44.9084
0.178611,0,0,15.9918,1.7397,25794.5,-9458.56,-100.862,78.8022,-151260,-1612.98,591.462,44.9143
0.178621,0,0,15.9918,1.73986,25818.7,-9458.3,-100.957,78.8012,-151256,-1614.49,591.445,44.9202
0.178631,0,0,15.9918,1.74002,25842.9,-9458.04,-101.052,78.8002,-151252,-1616,591.429,44.9261
0.178641,0,0,15.9918,1.74018,25867,-9457.79,-101.146,78.7992,-151247,-1617.51,591.413,44.932
0.178651,0,0,15.9918,1.74034,25891.2,-9457.53,-101.241,78.7981,-151243,-1619.03,591.397,44.938
0.178661,0,0,15.9918,1.7405,25915.4,-9457.27,-101.335,78.7971,-151239,-1620.54,591.381,44.9439
0.178671,0,0,15.9918,1.74066,25939.6,-9457.01,-101.43,78.7961,-151235,-1622.05,591.365,44.9498
0.178681,0,0,15.9918,1.74082,25963.8,-9456.75,-101.524,78.7951,-151231,-1623.56,591.348,44.9557
0.178691,0,0,15.9918,1.74098,25988,-9456.49,-101.619,78.7941,-151227,-1625.08,591.332,44.9616
0.178701,0,0,15.9918,1.74114,26012.1,-9456.23,-101.714,78.7931,-151223,-1626.59,591.316,44.9675
0.178711,0,0,15.9918,1.7413,26036.3,-9455.97,-101.808,78.7921,-151218,-1628.1,591.299,44.9734
0.178721,0,0,15.9918,1.74146,26060.5,-9455.71,-101.903,78.791,-151214,-1629.61,591.283,44.9794
0.178731,0,0,15.9918,1.74162,26084.7,-9455.45,-101.997,78.79,-151210,-1631.12,591.267,44.9853
0.178741,0,0,15.9918,1.74178,26108.8,-9455.19,-102.092,78.789,-151206,-1632.63,591.251,44.9912
0.178751,0,0,15.9918,1.74194,26133,-9454.93,-102.186,78.788,-151202,-1634.15,591.234,44.9971
0.178761,0,0,15.9918,1.7421,26157.2,-9454.66,-102.281,78.7869,-151198,-1635.66,591.218,45.003
0.178771,0,0,15.9918,1.74226,26181.4,-9454.4,-102.375,78.7859,-151193,-1637.17,591.202,45.0089
0.178781,0,0,15.9918,1.74242,26205.5,-9454.14,-102.47,78.7849,-151189,-1638.68,591.185,45.0148
0.178791,0,0,15.9918,1.74258,26229.7,-9453.88,-102.564,78.7839,-151185,-1640.19,591.169,45.0207
0.178801,0,0,15.9918,1.74274,26253.9,-9453.62,-102.659,78.7829,-151181,-1641.71,591.152,45.0267
0.178811,0,0,15.9918,1.7429,26278.1,-9453.35,-102.753,78.7818,-151177,-1643.22,591.136,45.0326
0.178821,0,0,15.9918,1.74306,26302.2,-9453.09,-102.848,78.7808,-151172,-1644.73,591.12,45.0385
0.178831,0,0,15.9918,1.74322,26326.4,-9452.83,-102.942,78.7798,-151168,-1646.24,591.103,45.0444
0.178841,0,0,15.9918,1.74338,26350.6,-9452.57,-103.037,78.7787,-151164,-1647.75,591.087,45.0503
0.178851,0,0,15.9918,1.74354,26374.8,-9452.3,-103.132,78.7777,-151160,-1649.26,591.07,45.0562
0.178861,0,0,15.9918,1.7437,26398.9,-9452.04,-103.226,78.7767,-151156,-1650.77,591.054,45.0621
0.178871,0,0,15.9918,1.74386,26423.1,-9451.77,-103.32,78.7757,-151151,-1652.29,591.037,45.068
0.178881,0,0,15.9918,1.74402,26447.3,-9451.51,-103.415,78.7746,-151147,-1653.8,591.021,45.0739
0.178891,0,0,15.9918,1.74418,26471.4,-9451.24,-103.51,78.7736,-151143,-1655.31,591.004,45.0798
0.178901,0,0,15.9918,1.74434,26495.6,-9450.98,-103.604,78.7725,-151139,-1656.82,590.987,45.0858
0.178911,0,0,15.9918,1.7445,26519.8,-9450.71,-103.699,78.7715,-151134,-1658.33,590.971,45.0917
0.178921,0,0,15.9918,1.74466,26543.9,-9450.45,-103.793,78.7705,-151130,-1659.84,590.954,45.0976
0.178931,0,0,15.9918,1.74482,26568.1,-9450.18,-103.887,78.7694,-151126,-1661.35,590.938,45.1035
0.178941,0,0,15.9918,1.74498,26592.3,-9449.92,-103.982,78.7684,-151122,-1662.86,590.921,45.1094
0.178951,0,0,15.9918,1.74514,26616.4,-9449.65,-104.076,78.7674,-151117,-1664.37,590.904,45.1153
0.178961,0,0,15.9918,1.7453,26640.6,-9449.39,-104.171,78.7663,-151113,-1665.89,590.888,45.1212
0.178971,0,0,15.9918,1.74546,26664.7,-9449.12,-104.265,78.7653,-151109,-1667.4,590.871,45.1271
0.178981,0,0,15.9918,1.74562,26688.9,-9448.85,-104.36,78.7642,-151105,-1668.91,590.854,45.133
0.178991,0,0,15.9918,1.74578,26713.1,-9448.59,-104.454,78.7632,-151100,-1670.42,590.838,45.1389
0.179001,0,0,15.9918,1.74594,26737.2,-9448.32,-104.549,78.7621,-151096,-1671.93,590.821,45.1448
0.179011,0,0,15.9918,1.7461,26761.4,-9448.05,-104.643,78.7611,-151092,-1673.44,590.804,45.1508
0.179021,0,0,15.9918,1.74626,26785.5,-9447.78,-104.738,78.76,-151087,-1674.95,590.788,45.1567
0.179031,0,0,15.9918,1.74642,26809.7,-9447.51,-104.832,78.759,-151083,-1676.46,590.771,45.1626
0.179041,0,0,15.9918,1.74658,26833.9,-9447.25,-104.927,78.758,-151079,-1677.97,590.754,45.1685
0.179051,0,0,15.9918,1.74674,26858,-9446.98,-105.021,78.7569,-151075,-1679.48,590.737,45.1744
0.179061,0,0,15.9918,1.7469,26882.2,-9446.71,-105.116,78.7559,-151070,-1680.99,590.72,45.1803
0.179071,0,0,15.9918,1.74706,26906.3,-9446.44,-105.21,78.7548,-151066,-1682.5,590.704,45.1862
0.179081,0,0,15.9918,1.74722,26930.5,-9446.17,-105.305,78.7537,-151062,-1684.01,590.687,45.1921
0.179091,0,0,15.9918,1.74738,26954.6,-9445.9,-105.399,78.7527,-151057,-1685.52,590.67,45.198
0.179101,0,0,15.9918,1.74754,26978.8,-9445.63,-105.493,78.7516,-151053,-1687.04,590.653,45.2039
0.179111,0,0,15.9918,1.7477,27002.9,-9445.36,-105.588,78.7506,-151049,-1688.54,590.636,45.2098
0.179121,0,0,15.9918,1.74786,27027.1,-9445.09,-105.682,78.7495,-151044,-1690.05,590.619,45.2157
0.179131,0,0,15.9918,1.74802,27051.3,-9444.82,-105.777,78.7485,-151040,-1691.57,590.602,45.2216
0.179141,0,0,15.9918,1.74818,27075.4,-9444.55,-105.871,78.7474,-151036,-1693.08,590.586,45.2275
0.179151,0,0,15.9918,1.74834,27099.5,-9444.28,-105.966,78.7464,-151031,-1694.59,590.569,45.2335
0.179161,0,0,15.9918,1.7485,27123.7,-9444.01,-106.06,78.7453,-151027,-1696.1,590.552,45.2394
0.179171,0,0,15.9918,1.74866,27147.9,-9443.74,-106.154,78.7442,-151023,-1697.61,590.535,45.2453
0.179181,0,0,15.9918,1.74882,27172,-9443.47,-106.249,78.7432,-151018,-1699.12,590.518,45.2512
0.179191,0,0,15.9918,1.74898,27196.1,-9443.2,-106.343,78.7421,-151014,-1700.63,590.501,45.2571
0.179201,0,0,15.9918,1.74914,27220.3,-9442.92,-106.438,78.7411,-151010,-1702.14,590.484,45.263
0.179211,0,0,15.9918,1.7493,27244.4,-9442.65,-106.532,78.74,-151005,-1703.65,590.467,45.2689
0.179221,0,0,15.9918,1.74946,27268.6,-9442.38,-106.627,78.7389,-151001,-1705.16,590.45,45.2748
0.179231,0,0,15.9918,1.74962,27292.7,-9442.11,-106.721,78.7378,-150997,-1706.67,590.433,45.2807
0.179241,0,0,15.9918,1.74978,27316.9,-9441.83,-106.815,78.7368,-150992,-1708.18,590.416,45.2866
0.179251,0,0,15.9918,1.74994,27341,-9441.56,-106.91,78.7357,-150988,-1709.68,590.398,45.2925
0.179261,0,0,15.9918,1.7501,27365.2,-9441.29,-107.004,78.7346,-150984,-1711.19,590.381,45.2984
0.179271,0,0,15.9918,1.75026,27389.3,-9441.01,-107.099,78.7336,-150979,-1712.7,590.364,45.3043
0.179281,0,0,15.9918,1.75042,27413.4,-9440.74,-107.193,78.7325,-150975,-1714.21,590.347,45.3102
0.179291,0,0,15.9918,1.75058,27437.6,-9440.46,-107.287,78.7314,-150970,-1715.72,590.33,45.3161
0.179301,0,0,15.9918,1.75074,27461.7,-9440.19,-107.382,78.7304,-150966,-1717.23,590.313,45.322
0.179311,0,0,15.9918,1.7509,27485.8,-9439.92,-107.476,78.7293,-150962,-1718.74,590.296,45.3279
0.179321,0,0,15.9918,1.75106,27510,-9439.64,-107.571,78.7282,-150957,-1720.25,590.278,45.3338
0.179331,0,0,15.9918,1.75122,27534.1,-9439.36,-107.665,78.7271,-150953,-1721.76,590.261,45.3397
0.179341,0,0,15.9918,1.75137,27558.3,-9439.09,-107.759,78.7261,-150948,-1723.27,590.244,45.3456
0.179351,0,0,15.9918,1.75153,27582.4,-9438.81,-107.854,78.725,-150944,-1724.78,590.227,45.3515
0.179361,0,0,15.9918,1.75169,27606.5,-9438.54,-107.948,78.7239,-150940,-1726.29,590.209,45.3574
0.179371,0,0,15.9918,1.75185,27630.7,-9438.26,-108.042,78.7228,-150935,-1727.8,590.192,45.3633
0.179381,0,0,15.9918,1.75201,27654.8,-9437.99,-108.137,78.7217,-150931,-1729.31,590.175,45.3692
0.179391,0,0,15.9918,1.75217,27678.9,-9437.71,-108.231,78.7206,-150926,-1730.82,590.158,45.3751
0.179401,0,0,15.9918,1.75233,27703.1,-9437.43,-108.326,78.7196,-150922,-1732.32,590.14,45.381
0.179411,0,0,15.9918,1.75249,27727.2,-9437.16,-108.42,78.7185,-150918,-1733.83,590.123,45.3869
0.179421,0,0,15.9918,1.75265,27751.3,-9436.88,-108.514,78.7174,-150913,-1735.34,590.106,45.3928
0.179431,0,0,15.9918,1.75281,27775.5,-9436.6,-108.609,78.7163,-150909,-1736.85,590.088,45.3987
0.179441,0,0,15.9918,1.75297,27799.6,-9436.32,-108.703,78.7152,-150904,-1738.36,590.071,45.4046
0.179451,0,0,15.9918,1.75313,27823.7,-9436.04,-108.797,78.7141,-150900,-1739.87,590.054,45.4105
0.179461,0,0,15.9918,1.75329,27847.8,-9435.76,-108.892,78.7131,-150895,-1741.38,590.036,45.4164
0.179471,0,0,15.9918,1.75345,27872,-9435.49,-108.986,78.712,-150891,-1742.89,590.019,45.4223
0.179481,0,0,15.9918,1.75361,27896.1,-9435.21,-109.08,78.7109,-150886,-1744.4,590.001,45.4282
0.179491,0,0,15.9918,1.75377,27920.2,-9434.93,-109.175,78.7098,-150882,-1745.9,589.984,45.4342
0.179501,0,0,15.9918,1.75393,27944.3,-9434.65,-109.269,78.7087,-150877,-1747.41,589.966,45.4401
0.179511,0,0,15.9918,1.75409,27968.5,-9434.37,-109.363,78.7076,-150873,-1748.92,589.949,45.446
0.179521,0,0,15.9918,1.75425,27992.6,-9434.09,-109.458,78.7065,-150869,-1750.43,589.931,45.4519
0.179531,0,0,15.9918,1.75441,28016.7,-9433.81,-109.552,78.7054,-150864,-1751.94,589.914,45.4577
0.179541,0,0,15.9918,1.75457,28040.8,-9433.53,-109.646,78.7043,-150860,-1753.45,589.896,45.4636
0.179551,0,0,15.9918,1.75473,28065,-9433.25,-109.741,78.7032,-150855,-1754.96,589.879,45.4695
0.179561,0,0,15.9918,1.75489,28089.1,-9432.97,-109.835,78.7021,-150851,-1756.46,589.861,45.4754
0.179571,0,0,15.9918,1.75505,28113.2,-9432.69,-109.929,78.701,-150846,-1757.97,589.844,45.4813
0.179581,0,0,15.9918,1.75521,28137.3,-9432.41,-110.024,78.6999,-150842,-1759.48,589.826,45.4872
0.179591,0,0,15.9918,1.75537,28161.4,-9432.12,-110.118,78.6988,-150837,-1760.99,589.808,45.4931
0.179601,0,0,15.9918,1.75553,28185.6,-9431.84,-110.212,78.6977,-150833,-1762.5,589.791,45.499
0.179611,0,0,15.9918,1.75569,28209.7,-9431.56,-110.307,78.6966,-150828,-1764,589.773,45.5049
0.179621,0,0,15.9918,1.75585,28233.8,-9431.28,-110.401,78.6955,-150824,-1765.51,589.756,45.5108
0.179631,0,0,15.9918,1.75601,28257.9,-9431,-110.495,78.6944,-150819,-1767.02,589.738,45.5167
0.179641,0,0,15.9918,1.75617,28282,-9430.71,-110.589,78.6933,-150814,-1768.53,589.72,45.5226
0.179651,0,0,15.9918,1.75633,28306.2,-9430.43,-110.684,78.6922,-150810,-1770.04,589.703,45.5285
0.179661,0,0,15.9918,1.75649,28330.3,-9430.15,-110.778,78.6911,-150805,-1771.54,589.685,45.5344
0.179671,0,0,15.9918,1.75665,28354.4,-9429.86,-110.872,78.69,-150801,-1773.05,589.667,45.5403
0.179681,0,0,15.9918,1.75681,28378.5,-9429.58,-110.967,78.6889,-150796,-1774.56,589.649,45.5462
0.179691,0,0,15.9918,1.75697,28402.6,-9429.3,-111.061,78.6878,-150792,-1776.07,589.632,45.5521
0.179701,0,0,15.9918,1.75713,28426.7,-9429.01,-111.155,78.6866,-150787,-1777.58,589.614,45.558
0.179711,0,0,15.9918,1.75729,28450.8,-9428.73,-111.249,78.6855,-150783,-1779.08,589.596,45.5639
0.179721,0,0,15.9918,1.75745,28474.9,-9428.44,-111.344,78.6844,-150778,-1780.59,589.578,45.5698
0.179731,0,0,15.9918,1.75761,28499,-9428.16,-111.438,78.6833,-150774,-1782.1,589.561,45.5757
0.179741,0,0,15.9918,1.75777,28523.2,-9427.87,-111.532,78.6822,-150769,-1783.61,589.543,45.5816
0.179751,0,0,15.9918,1.75793,28547.3,-9427.59,-111.626,78.6811,-150765,-1785.11,589.525,45.5875
0.179761,0,0,15.9918,1.75809,28571.4,-9427.3,-111.721,78.68,-150760,-1786.62,589.507,45.5934
0.179771,0,0,15.9918,1.75825,28595.5,-9427.02,-111.815,78.6788,-150755,-1788.13,589.489,45.5993
0.179781,0,0,15.9918,1.75841,28619.6,-9426.73,-111.909,78.6777,-150751,-1789.64,589.471,45.6052
0.179791,0,0,15.9918,1.75857,28643.7,-9426.45,-112.003,78.6766,-150746,-1791.14,589.453,45.6111
0.179801,0,0,15.9918,1.75873,28667.8,-9426.16,-112.098,78.6755,-150742,-1792.65,589.435,45.617
0.179811,0,0,15.9918,1.75889,28691.9,-9425.87,-112.192,78.6744,-150737,-1794.16,589.417,45.6228
0.179821,0,0,15.9918,1.75905,28716,-9425.59,-112.286,78.6732,-150732,-1795.66,589.4,45.6287
0.179831,0,0,15.9918,1.75921,28740.1,-9425.3,-112.381,78.6721,-150728,-1797.17,589.382,45.6346
0.179841,0,0,15.9918,1.75937,28764.2,-9425.01,-112.475,78.671,-150723,-1798.68,589.364,45.6405
0.179851,0,0,15.9918,1.75953,28788.3,-9424.72,-112.569,78.6699,-150719,-1800.19,589.346,45.6464
0.179861,0,0,15.9918,1.75969,28812.4,-9424.43,-112.663,78.6687,-150714,-1801.69,589.328,45.6523
0.179871,0,0,15.9918,1.75985,28836.5,-9424.15,-112.757,78.6676,-150709,-1803.2,589.31,45.6582
0.179881,0,0,15.9918,1.76001,28860.6,-9423.86,-112.852,78.6665,-150705,-1804.71,589.292,45.6641
0.179891,0,0,15.9918,1.76017,28884.7,-9423.57,-112.946,78.6654,-150700,-1806.21,589.273,45.67
0.179901,0,0,15.9918,1.76033,28908.8,-9423.28,-113.04,78.6642,-150696,-1807.72,589.255,45.6759
0.179911,0,0,15.9918,1.76049,28932.9,-9422.99,-113.134,78.6631,-150691,-1809.23,589.237,45.6818
0.179921,0,0,15.9918,1.76065,28957,-9422.7,-113.229,78.662,-150686,-1810.73,589.219,45.6877
0.179931,0,0,15.9918,1.76081,28981.1,-9422.41,-113.323,78.6608,-150682,-1812.24,589.201,45.6936
0.179941,0,0,15.9918,1.76097,29005.1,-9422.12,-113.417,78.6597,-150677,-1813.75,589.183,45.6995
0.179951,0,0,15.9918,1.76113,29029.2,-9421.83,-113.511,78.6586,-150672,-1815.25,589.165,45.7054
0.179961,0,0,15.9918,1.76129,29053.3,-9421.54,-113.605,78.6574,-150668,-1816.76,589.147,45.7112
0.179971,0,0,15.9918,1.76145,29077.4,-9421.25,-113.7,78.6563,-150663,-1818.27,589.128,45.7171
0.179981,0,0,15.9918,1.76161,29101.5,-9420.96,-113.794,78.6552,-150659,-1819.77,589.11,45.723
0.179991,0,0,15.9918,1.76177,29125.6,-9420.67,-113.888,78.654,-150654,-1821.28,589.092,45.7289
0.180001,0,0,15.9918,1.76193,29149.7,-9420.38,-113.982,78.6529,-150649,-1822.79,589.074,45.7348
0.180011,0,0,15.9918,1.76209,29173.8,-9420.09,-114.076,78.6517,-150645,-1824.29,589.056,45.7407
0.180021,0,0,15.9918,1.76225,29197.9,-9419.79,-114.171,78.6506,-150640,-1825.8,589.037,45.7466
0.180031,0,0,15.9918,1.76241,29222,-9419.5,-114.265,78.6495,-150635,-1827.3,589.019,45.7525
0.180041,0,0,15.9918,1.76257,29246,-9419.21,-114.359,78.6483,-150631,-1828.81,589.001,45.7584
0.180051,0,0,15.9918,1.76273,29270.1,-9418.92,-114.453,78.6472,-150626,-1830.32,588.983,45.7643
0.180061,0,0,15.9918,1.76289,29294.2,-9418.62,-114.547,78.646,-150621,-1831.82,588.964,45.7701
0.180071,0,0,15.9918,1.76305,29318.3,-9418.33,-114.641,78.6449,-150616,-1833.33,588.946,45.776
0.180081,0,0,15.9918,1.76321,29342.4,-9418.04,-114.736,78.6437,-150612,-1834.83,588.928,45.7819
0.180091,0,0,15.9918,1.76337,29366.5,-9417.75,-114.83,78.6426,-150607,-1836.34,588.909,45.7878
0.180101,0,0,15.9918,1.76353,29390.5,-9417.45,-114.924,78.6414,-150602,-1837.85,588.891,45.7937
0.180111,0,0,15.9918,1.76369,29414.6,-9417.16,-115.018,78.6403,-150598,-1839.35,588.872,45.7996
0.180121,0,0,15.9918,1.76385,29438.7,-9416.86,-115.112,78.6391,-150593,-1840.86,588.854,45.8055
0.180131,0,0,15.9918,1.76401,29462.8,-9416.57,-115.206,78.638,-150588,-1842.36,588.836,45.8114
0.180141,0,0,15.9918,1.76417,29486.8,-9416.27,-115.301,78.6368,-150584,-1843.87,588.817,45.8173
0.180151,0,0,15.9918,1.76433,29510.9,-9415.98,-115.395,78.6357,-150579,-1845.37,588.799,45.8232
0.180161,0,0,15.9918,1.76449,29535,-9415.68,-115.489,78.6345,-150574,-1846.88,588.78,45.829
0.180171,0,0,15.9918,1.76465,29559.1,-9415.39,-115.583,78.6334,-150569,-1848.38,588.762,45.8349
0.180181,0,0,15.9918,1.76481,29583.2,-9415.09,-115.677,78.6322,-150565,-1849.89,588.743,45.8408
0.180191,0,0,15.9918,1.76497,29607.2,-9414.8,-115.771,78.6311,-150560,-1851.4,588.725,45.8467
0.180201,0,0,15.9918,1.76513,29631.3,-9414.5,-115.865,78.6299,-150555,-1852.9,588.706,45.8526
0.180211,0,0,15.9918,1.76529,29655.4,-9414.21,-115.96,78.6287,-150550,-1854.41,588.688,45.8585
0.180221,0,0,15.9918,1.76545,29679.5,-9413.91,-116.054,78.6276,-150546,-1855.91,588.669,45.8644
0.180231,0,0,15.9918,1.76561,29703.5,-9413.61,-116.148,78.6264,-150541,-1857.42,588.651,45.8702
0.180241,0,0,15.9918,1.76577,29727.6,-9413.31,-116.242,78.6253,-150536,-1858.92,588.632,45.8761
0.180251,0,0,15.9918,1.76593,29751.7,-9413.02,-116.336,78.6241,-150532,-1860.43,588.614,45.882
0.180261,0,0,15.9918,1.76609,29775.7,-9412.72,-116.43,78.6229,-150527,-1861.93,588.595,45.8879
0.180271,0,0,15.9918,1.76625,29799.8,-9412.42,-116.524,78.6218,-150522,-1863.44,588.576,45.8938
0.180281,0,0,15.9918,1.76641,29823.9,-9412.12,-116.618,78.6206,-150517,-1864.94,588.558,45.8997
0.180291,0,0,15.9918,1.76657,29847.9,-9411.82,-116.712,78.6194,-150512,-1866.45,588.539,45.9056
0.180301,0,0,15.9918,1.76673,29872,-9411.53,-116.807,78.6183,-150508,-1867.95,588.52,45.9114
0.180311,0,0,15.9918,1.76689,29896.1,-9411.23,-116.901,78.6171,-150503,-1869.46,588.502,45.9173
0.180321,0,0,15.9918,1.76704,29920.1,-9410.93,-116.995,78.6159,-150498,-1870.96,588.483,45.9232
0.180331,0,0,15.9918,1.7672,29944.2,-9410.63,-117.089,78.6148,-150493,-1872.47,588.464,45.9291
0.180341,0,0,15.9918,1.76736,29968.3,-9410.33,-117.183,78.6136,-150489,-1873.97,588.446,45.935
0.180351,0,0,15.9918,1.76752,29992.3,-9410.03,-117.277,78.6124,-150484,-1875.48,588.427,45.9409
0.180361,0,0,15.9918,1.76768,30016.4,-9409.73,-117.371,78.6112,-150479,-1876.98,588.408,45.9468
0.180371,0,0,15.9918,1.76784,30040.5,-9409.43,-117.465,78.6101,-150474,-1878.49,588.389,45.9526
0.180381,0,0,15.9918,1.768,30064.5,-9409.13,-117.559,78.6089,-150469,-1879.99,588.37,45.9585
0.180391,0,0,15.9918,1.76816,30088.6,-9408.83,-117.653,78.6077,-150465,-1881.49,588.352,45.9644
0.180401,0,0,15.9918,1.76832,30112.6,-9408.53,-117.747,78.6065,-150460,-1883,588.333,45.9703
0.180411,0,0,15.9918,1.76848,30136.7,-9408.23,-117.842,78.6054,-150455,-1884.5,588.314,45.9762
0.180421,0,0,15.9918,1.76864,30160.7,-9407.92,-117.936,78.6042,-150450,-1886.01,588.295,45.9821
0.180431,0,0,15.9918,1.7688,30184.8,-9407.62,-118.03,78.603,-150445,-1887.51,588.276,45.9879
0.180441,0,0,15.9918,1.76896,30208.9,-9407.32,-118.124,78.6018,-150440,-1889.02,588.257,45.9938
0.180451,0,0,15.9918,1.76912,30232.9,-9407.02,-118.218,78.6006,-150436,-1890.52,588.239,45.9997
0.180461,0,0,15.9918,1.76928,30257,-9406.72,-118.312,78.5994,-150431,-1892.03,588.22,46.0056
0.180471,0,0,15.9918,1.76944,30281,-9406.41,-118.406,78.5983,-150426,-1893.53,588.201,46.0115
0.180481,0,0,15.9918,1.7696,30305.1,-9406.11,-118.5,78.5971,-150421,-1895.03,588.182,46.0173
0.180491,0,0,15.9918,1.76976,30329.1,-9405.81,-118.594,78.5959,-150416,-1896.54,588.163,46.0232
0.180501,0,0,15.9918,1.76992,30353.2,-9405.5,-118.688,78.5947,-150411,-1898.04,588.144,46.0291
0.180511,0,0,15.9918,1.77008,30377.2,-9405.2,-118.782,78.5935,-150406,-1899.54,588.125,46.035
0.180521,0,0,15.9918,1.77024,30401.3,-9404.9,-118.876,78.5923,-150402,-1901.05,588.106,46.0409
0.180531,0,0,15.9918,1.7704,30425.3,-9404.59,-118.97,78.5911,-150397,-1902.55,588.087,46.0468
0.180541,0,0,15.9918,1.77056,30449.4,-9404.29,-119.064,78.5899,-150392,-1904.06,588.068,46.0526
0.180551,0,0,15.9918,1.77072,30473.4,-9403.98,-119.158,78.5888,-150387,-1905.56,588.049,46.0585
0.180561,0,0,15.9918,1.77088,30497.5,-9403.68,-119.252,78.5876,-150382,-1907.06,588.03,46.0644
0.180571,0,0,15.9918,1.77104,30521.5,-9403.37,-119.346,78.5864,-150377,-1908.57,588.011,46.0703
0.180581,0,0,15.9918,1.7712,30545.5,-9403.07,-119.44,78.5852,-150372,-1910.07,587.992,46.0762
0.180591,0,0,15.9918,1.77136,30569.6,-9402.76,-119.534,78.584,-150368,-1911.57,587.972,46.082
0.180601,0,0,15.9918,1.77152,30593.6,-9402.46,-119.628,78.5828,-150363,-1913.08,587.953,46.0879
0.180611,0,0,15.9918,1.77168,30617.7,-9402.15,-119.722,78.5816,-150358,-1914.58,587.934,46.0938
0.180621,0,0,15.9918,1.77184,30641.7,-9401.84,-119.816,78.5804,-150353,-1916.08,587.915,46.0997
0.180631,0,0,15.9918,1.772,30665.8,-9401.54,-119.91,78.5792,-150348,-1917.59,587.896,46.1056
0.180641,0,0,15.9918,1.77216,30689.8,-9401.23,-120.004,78.578,-150343,-1919.09,587.877,46.1114
0.180651,0,0,15.9918,1.77232,30713.8,-9400.92,-120.098,78.5768,-150338,-1920.59,587.857,46.1173
0.180661,0,0,15.9918,1.77248,30737.9,-9400.62,-120.192,78.5756,-150333,-1922.1,587.838,46.1232
0.180671,0,0,15.9918,1.77264,30761.9,-9400.31,-120.286,78.5744,-150328,-1923.6,587.819,46.1291
0.180681,0,0,15.9918,1.7728,30785.9,-9400,-120.38,78.5732,-150323,-1925.1,587.8,46.1349
0.180691,0,0,15.9918,1.77296,30810,-9399.69,-120.474,78.572,-150318,-1926.61,587.781,46.1408
0.180701,0,0,15.9918,1.77312,30834,-9399.39,-120.568,78.5708,-150314,-1928.11,587.761,46.1467
0.180711,0,0,15.9918,1.77328,30858,-9399.08,-120.662,78.5696,-150309,-1929.61,587.742,46.1526
0.180721,0,0,15.9918,1.77344,30882.1,-9398.77,-120.756,78.5684,-150304,-1931.12,587.723,46.1585
0.180731,0,0,15.9918,1.7736,30906.1,-9398.46,-120.85,78.5672,-150299,-1932.62,587.703,46.1643
0.180741,0,0,15.9918,1.77376,30930.1,-9398.15,-120.944,78.566,-150294,-1934.12,587.684,46.1702
0.180751,0,0,15.9918,1.77392,30954.2,-9397.84,-121.038,78.5647,-150289,-1935.62,587.665,46.1761
0.180761,0,0,15.9918,1.77408,30978.2,-9397.53,-121.132,78.5635,-150284,-1937.13,587.645,46.182
0.180771,0,0,15.9918,1.77424,31002.2,-9397.22,-121.226,78.5623,-150279,-1938.63,587.626,46.1879
0.180781,0,0,15.9918,1.7744,31026.3,-9396.91,-121.32,78.5611,-150274,-1940.13,587.607,46.1937
0.180791,0,0,15.9918,1.77456,31050.3,-9396.6,-121.414,78.5599,-150269,-1941.63,587.587,46.1996
0.180801,0,0,15.9918,1.77472,31074.3,-9396.29,-121.508,78.5587,-150264,-1943.14,587.568,46.2055
0.180811,0,0,15.9918,1.77488,31098.4,-9395.98,-121.602,78.5575,-150259,-1944.64,587.548,46.2113
0.180821,0,0,15.9918,1.77504,31122.4,-9395.67,-121.696,78.5563,-150254,-1946.14,587.529,46.2172
0.180831,0,0,15.9918,1.7752,31146.4,-9395.36,-121.79,78.555,-150249,-1947.64,587.509,46.2231
0.180841,0,0,15.9918,1.77536,31170.4,-9395.05,-121.884,78.5538,-150244,-1949.15,587.49,46.229
0.180851,0,0,15.9918,1.77552,31194.5,-9394.73,-121.978,78.5526,-150239,-1950.65,587.47,46.2348
0.180861,0,0,15.9918,1.77568,31218.5,-9394.42,-122.072,78.5514,-150234,-1952.15,587.451,46.2407
0.180871,0,0,15.9918,1.77584,31242.5,-9394.11,-122.165,78.5501,-150229,-1953.65,587.431,46.2466
0.180881,0,0,15.9918,1.776,31266.5,-9393.8,-122.259,78.5489,-150224,-1955.15,587.412,46.2525
0.180891,0,0,15.9918,1.77616,31290.5,-9393.49,-122.353,78.5477,-150219,-1956.66,587.392,46.2583
0.180901,0,0,15.9918,1.77632,31314.5,-9393.17,-122.447,78.5465,-150214,-1958.16,587.373,46.2642
0.180911,0,0,15.9918,1.77648,31338.6,-9392.86,-122.541,78.5453,-150209,-1959.66,587.353,46.2701
0.180921,0,0,15.9918,1.77664,31362.6,-9392.55,-122.635,78.544,-150204,-1961.16,587.333,46.276
0.180931,0,0,15.9918,1.7768,31386.6,-9392.23,-122.729,78.5428,-150199,-1962.66,587.314,46.2818
0.180941,0,0,15.9918,1.77696,31410.6,-9391.92,-122.823,78.5416,-150194,-1964.17,587.294,46.2877
0.180951,0,0,15.9918,1.77712,31434.6,-9391.6,-122.917,78.5403,-150189,-1965.67,587.275,46.2936
0.180961,0,0,15.9918,1.77728,31458.7,-9391.29,-123.011,78.5391,-150184,-1967.17,587.255,46.2995
0.180971,0,0,15.9918,1.77744,31482.7,-9390.97,-123.105,78.5379,-150179,-1968.67,587.235,46.3053
0.180981,0,0,15.9918,1.7776,31506.7,-9390.66,-123.199,78.5367,-150174,-1970.17,587.216,46.3112
0.180991,0,0,15.9918,1.77776,31530.7,-9390.34,-123.292,78.5354,-150169,-1971.67,587.196,46.3171
0.181001,0,0,15.9918,1.77792,31554.7,-9390.03,-123.386,78.5342,-150164,-1973.18,587.176,46.3229
0.181011,0,0,15.9918,1.77808,31578.7,-9389.71,-123.48,78.533,-150159,-1974.68,587.156,46.3288
0.181021,0,0,15.9918,1.77824,31602.7,-9389.4,-123.574,78.5317,-150154,-1976.18,587.137,46.3347
0.181031,0,0,15.9918,1.7784,31626.7,-9389.08,-123.668,78.5305,-150149,-1977.68,587.117,46.3406
0.181041,0,0,15.9918,1.77856,31650.7,-9388.77,-123.762,78.5292,-150144,-1979.18,587.097,46.3464
0.181051,0,0,15.9918,1.77872,31674.7,-9388.45,-123.856,78.528,-150139,-1980.68,587.077,46.3523
0.181061,0,0,15.9918,1.77888,31698.7,-9388.13,-123.95,78.5268,-150134,-1982.18,587.057,46.3582
0.181071,0,0,15.9918,1.77904,31722.8,-9387.81,-124.043,78.5255,-150128,-1983.68,587.038,46.364
0.181081,0,0,15.9918,1.7792,31746.8,-9387.5,-124.137,78.5243,-150123,-1985.18,587.018,46.3699
0.181091,0,0,15.9918,1.77936,31770.8,-9387.18,-124.231,78.523,-150118,-1986.69,586.998,46.3758
0.181101,0,0,15.9918,1.77952,31794.8,-9386.86,-124.325,78.5218,-150113,-1988.19,586.978,46.3817
0.181111,0,0,15.9918,1.77968,31818.8,-9386.54,-124.419,78.5206,-150108,-1989.69,586.958,46.3875
0.181121,0,0,15.9918,1.77984,31842.8,-9386.23,-124.513,78.5193,-150103,-1991.19,586.938,46.3934
0.181131,0,0,15.9918,1.78,31866.8,-9385.91,-124.607,78.5181,-150098,-1992.69,586.918,46.3993
0.181141,0,0,15.9918,1.78016,31890.8,-9385.59,-124.7,78.5168,-150093,-1994.19,586.898,46.4051
0.181151,0,0,15.9918,1.78032,31914.8,-9385.27,-124.794,78.5156,-150088,-1995.69,586.879,46.411
0.181161,0,0,15.9918,1.78048,31938.8,-9384.95,-124.888,78.5143,-150083,-1997.19,586.859,46.4169
0.181171,0,0,15.9918,1.78064,31962.8,-9384.63,-124.982,78.5131,-150078,-1998.69,586.839,46.4227
0.181181,0,0,15.9918,1.7808,31986.8,-9384.31,-125.076,78.5118,-150072,-2000.19,586.819,46.4286
0.181191,0,0,15.9918,1.78096,32010.8,-9383.99,-125.17,78.5106,-150067,-2001.69,586.799,46.4345
0.181201,0,0,15.9918,1.78112,32034.8,-9383.67,-125.263,78.5093,-150062,-2003.19,586.779,46.4403
0.181211,0,0,15.9918,1.78128,32058.8,-9383.35,-125.357,78.5081,-150057,-2004.69,586.758,46.4462
0.181221,0,0,15.9918,1.78144,32082.8,-9383.03,-125.451,78.5068,-150052,-2006.19,586.738,46.4521
0.181231,0,0,15.9918,1.7816,32106.7,-9382.71,-125.545,78.5056,-150047,-2007.69,586.718,46.4579
0.181241,0,0,15.9918,1.78176,32130.7,-9382.39,-125.639,78.5043,-150042,-2009.19,586.698,46.4638
0.181251,0,0,15.9918,1.78192,32154.7,-9382.07,-125.732,78.503,-150037,-2010.69,586.678,46.4697
0.181261,0,0,15.9918,1.78208,32178.7,-9381.74,-125.826,78.5018,-150031,-2012.2,586.658,46.4755
0.181271,0,0,15.9918,1.78224,32202.7,-9381.42,-125.92,78.5005,-150026,-2013.7,586.638,46.4814
0.181281,0,0,15.9918,1.7824,32226.7,-9381.1,-126.014,78.4993,-150021,-2015.19,586.618,46.4873
0.181291,0,0,15.9918,1.78255,32250.7,-9380.78,-126.108,78.498,-150016,-2016.7,586.598,46.4931
0.181301,0,0,15.9918,1.78271,32274.7,-9380.46,-126.202,78.4967,-150011,-2018.2,586.578,46.499
0.181311,0,0,15.9918,1.78287,32298.6,-9380.13,-126.295,78.4955,-150006,-2019.69,586.557,46.5049
0.181321,0,0,15.9918,1.78303,32322.6,-9379.81,-126.389,78.4942,-150000,-2021.2,586.537,46.5107
0.181331,0,0,15.9918,1.78319,32346.6,-9379.49,-126.483,78.493,-149995,-2022.69,586.517,46.5166
0.181341,0,0,15.9918,1.78335,32370.6,-9379.16,-126.577,78.4917,-149990,-2024.19,586.497,46.5225
0.181351,0,0,15.9918,1.78351,32394.6,-9378.84,-126.67,78.4904,-149985,-2025.69,586.476,46.5283
0.181361,0,0,15.9918,1.78367,32418.6,-9378.52,-126.764,78.4892,-149980,-2027.19,586.456,46.5342
0.181371,0,0,15.9918,1.78383,32442.5,-9378.19,-126.858,78.4879,-149975,-2028.69,586.436,46.5401
0.181381,0,0,15.9918,1.78399,32466.5,-9377.87,-126.952,78.4866,-149969,-2030.19,586.416,46.5459
0.181391,0,0,15.9918,1.78415,32490.5,-9377.54,-127.046,78.4854,-149964,-2031.69,586.395,46.5518
0.181401,0,0,15.9918,1.78431,32514.5,-9377.22,-127.139,78.4841,-149959,-2033.19,586.375,46.5577
0.181411,0,0,15.9918,1.78447,32538.5,-9376.89,-127.233,78.4828,-149954,-2034.69,586.355,46.5635
0.181421,0,0,15.9918,1.78463,32562.4,-9376.57,-127.327,78.4815,-149949,-2036.19,586.334,46.5694
0.181431,0,0,15.9918,1.78479,32586.4,-9376.24,-127.421,78.4803,-149943,-2037.69,586.314,46.5752
0.181441,0,0,15.9918,1.78495,32610.4,-9375.92,-127.514,78.479,-149938,-2039.19,586.294,46.5811
0.181451,0,0,15.9918,1.78511,32634.4,-9375.59,-127.608,78.4777,-149933,-2040.69,586.273,46.587
0.181461,0,0,15.9918,1.78527,32658.3,-9375.26,-127.702,78.4764,-149928,-2042.19,586.253,46.5928
0.181471,0,0,15.9918,1.78543,32682.3,-9374.94,-127.796,78.4752,-149923,-2043.69,586.232,46.5987
0.181481,0,0,15.9918,1.78559,32706.3,-9374.61,-127.889,78.4739,-149917,-2045.19,586.212,46.6046
0.181491,0,0,15.9918,1.78575,32730.3,-9374.28,-127.983,78.4726,-149912,-2046.68,586.191,46.6104
0.181501,0,0,15.9918,1.78591,32754.2,-9373.95,-128.077,78.4713,-149907,-2048.18,586.171,46.6163
0.181511,0,0,15.9918,1.78607,32778.2,-9373.63,-128.17,78.47,-149902,-2049.68,586.15,46.6222
0.181521,0,0,15.9918,1.78623,32802.2,-9373.3,-128.264,78.4688,-149896,-2051.18,586.13,46.628
0.181531,0,0,15.9918,1.78639,32826.1,-9372.97,-128.358,78.4675,-149891,-2052.68,586.109,46.6339
0.181541,0,0,15.9918,1.78655,32850.1,-9372.64,-128.452,78.4662,-149886,-2054.18,586.089,46.6397
0.181551,0,0,15.9918,1.78671,32874.1,-9372.31,-128.545,78.4649,-149881,-2055.68,586.068,46.6456
0.181561,0,0,15.9918,1.78687,32898,-9371.99,-128.639,78.4636,-149875,-2057.18,586.048,46.6515
0.181571,0,0,15.9918,1.78703,32922,-9371.66,-128.733,78.4623,-149870,-2058.67,586.027,46.6573
0.181581,0,0,15.9918,1.78719,32946,-9371.33,-128.826,78.461,-149865,-2060.17,586.007,46.6632
0.181591,0,0,15.9918,1.78735,32969.9,-9371,-128.92,78.4598,-149860,-2061.67,585.986,46.669
0.181601,0,0,15.9918,1.78751,32993.9,-9370.67,-129.014,78.4585,-149854,-2063.17,585.965,46.6749
0.181611,0,0,15.9918,1.78767,33017.8,-9370.34,-129.108,78.4572,-149849,-2064.67,585.945,46.6807
0.181621,0,0,15.9918,1.78783,33041.8,-9370.01,-129.201,78.4559,-149844,-2066.17,585.924,46.6866
0.181631,0,0,15.9918,1.78799,33065.8,-9369.68,-129.295,78.4546,-149838,-2067.66,585.903,46.6925
0.181641,0,0,15.9918,1.78815,33089.7,-9369.35,-129.389,78.4533,-149833,-2069.16,585.883,46.6983
0.181651,0,0,15.9918,1.78831,33113.7,-9369.01,-129.482,78.452,-149828,-2070.66,585.862,46.7042
0.181661,0,0,15.9918,1.78847,33137.6,-9368.68,-129.576,78.4507,-149823,-2072.16,585.841,46.71
0.181671,0,0,15.9918,1.78863,33161.6,-9368.35,-129.67,78.4494,-149817,-2073.66,585.821,46.7159
0.181681,0,0,15.9918,1.78879,33185.5,-9368.02,-129.763,78.4481,-149812,-2075.15,585.8,46.7218
0.181691,0,0,15.9918,1.78895,33209.5,-9367.69,-129.857,78.4468,-149807,-2076.65,585.779,46.7276
0.181701,0,0,15.9918,1.78911,33233.5,-9367.36,-129.951,78.4455,-149801,-2078.15,585.758,46.7335
0.181711,0,0,15.9918,1.78927,33257.4,-9367.02,-130.044,78.4442,-149796,-2079.65,585.738,46.7393
0.181721,0,0,15.9918,1.78943,33281.4,-9366.69,-130.138,78.4429,-149791,-2081.15,585.717,46.7452
0.181731,0,0,15.9918,1.78959,33305.3,-9366.36,-130.232,78.4416,-149785,-2082.64,585.696,46.7511
0.181741,0,0,15.9918,1.78975,33329.3,-9366.03,-130.325,78.4403,-149780,-2084.14,585.675,46.7569
0.181751,0,0,15.9918,1.78991,33353.2,-9365.69,-130.419,78.439,-149775,-2085.64,585.654,46.7628
0.181761,0,0,15.9918,1.79007,33377.2,-9365.36,-130.513,78.4377,-149769,-2087.14,585.633,46.7686
0.181771,0,0,15.9918,1.79023,33401.1,-9365.02,-130.606,78.4364,-149764,-2088.63,585.613,46.7745
0.181781,0,0,15.9918,1.79039,33425,-9364.69,-130.7,78.4351,-149759,-2090.13,585.592,46.7803
0.181791,0,0,15.9918,1.79055,33449,-9364.36,-130.793,78.4338,-149753,-2091.63,585.571,46.7862
0.181801,0,0,15.9918,1.79071,33472.9,-9364.02,-130.887,78.4325,-149748,-2093.13,585.55,46.792
0.181811,0,0,15.9918,1.79087,33496.9,-9363.69,-130.981,78.4312,-149743,-2094.62,585.529,46.7979
0.181821,0,0,15.9918,1.79103,33520.8,-9363.35,-131.074,78.4299,-149737,-2096.12,585.508,46.8038
0.181831,0,0,15.9918,1.79119,33544.8,-9363.02,-131.168,78.4285,-149732,-2097.62,585.487,46.8096
0.181841,0,0,15.9918,1.79135,33568.7,-9362.68,-131.262,78.4272,-149727,-2099.11,585.466,46.8155
0.181851,0,0,15.9918,1.79151,33592.6,-9362.34,-131.355,78.4259,-149721,-2100.61,585.445,46.8213
0.181861,0,0,15.9918,1.79167,33616.6,-9362.01,-131.449,78.4246,-149716,-2102.11,585.424,46.8272
0.181871,0,0,15.9918,1.79183,33640.5,-9361.67,-131.542,78.4233,-149710,-2103.61,585.403,46.833
0.181881,0,0,15.9918,1.79199,33664.5,-9361.34,-131.636,78.422,-149705,-2105.1,585.382,46.8389
0.181891,0,0,15.9918,1.79215,33688.4,-9361,-131.73,78.4207,-149700,-2106.6,585.361,46.8447
0.181901,0,0,15.9918,1.79231,33712.3,-9360.66,-131.823,78.4193,-149694,-2108.1,585.34,46.8506
0.181911,0,0,15.9918,1.79247,33736.3,-9360.33,-131.917,78.418,-149689,-2109.59,585.319,46.8564
0.181921,0,0,15.9918,1.79263,33760.2,-9359.99,-132.01,78.4167,-149683,-2111.09,585.298,46.8623
0.181931,0,0,15.9918,1.79279,33784.1,-9359.65,-132.104,78.4154,-149678,-2112.59,585.276,46.8681
0.181941,0,0,15.9918,1.79295,33808.1,-9359.31,-132.197,78.4141,-149673,-2114.08,585.255,46.874
0.181951,0,0,15.9918,1.79311,33832,-9358.97,-132.291,78.4127,-149667,-2115.58,585.234,46.8799
0.181961,0,0,15.9918,1.79327,33855.9,-9358.64,-132.385,78.4114,-149662,-2117.08,585.213,46.8857
0.181971,0,0,15.9918,1.79343,33879.9,-9358.3,-132.478,78.4101,-149656,-2118.57,585.192,46.8916
0.181981,0,0,15.9918,1.79359,33903.8,-9357.96,-132.572,78.4088,-149651,-2120.07,585.171,46.8974
0.181991,0,0,15.9918,1.79375,33927.7,-9357.62,-132.665,78.4074,-149646,-2121.56,585.149,46.9033
0.182001,0,0,15.9918,1.79391,33951.6,-9357.28,-132.759,78.4061,-149640,-2123.06,585.128,46.9091
0.182011,0,0,15.9918,1.79407,33975.6,-9356.94,-132.853,78.4048,-149635,-2124.56,585.107,46.915
0.182021,0,0,15.9918,1.79423,33999.5,-9356.6,-132.946,78.4035,-149629,-2126.05,585.086,46.9208
0.182031,0,0,15.9918,1.79439,34023.4,-9356.26,-133.04,78.4021,-149624,-2127.55,585.065,46.9267
0.182041,0,0,15.9918,1.79455,34047.3,-9355.92,-133.133,78.4008,-149618,-2129.04,585.043,46.9325
0.182051,0,0,15.9918,1.79471,34071.3,-9355.58,-133.227,78.3995,-149613,-2130.54,585.022,46.9384
0.182061,0,0,15.9918,1.79487,34095.2,-9355.24,-133.32,78.3981,-149608,-2132.04,585.001,46.9442
0.182071,0,0,15.9918,1.79503,34119.1,-9354.9,-133.414,78.3968,-149602,-2133.53,584.979,46.9501
0.182081,0,0,15.9918,1.79519,34143,-9354.56,-133.507,78.3955,-149597,-2135.03,584.958,46.9559
0.182091,0,0,15.9918,1.79535,34167,-9354.21,-133.601,78.3941,-149591,-2136.52,584.937,46.9618
0.182101,0,0,15.9918,1.79551,34190.9,-9353.87,-133.694,78.3928,-149586,-2138.02,584.915,46.9676
0.182111,0,0,15.9918,1.79567,34214.8,-9353.53,-133.788,78.3915,-149580,-2139.52,584.894,46.9735
0.182121,0,0,15.9918,1.79583,34238.7,-9353.19,-133.881,78.3901,-149575,-2141.01,584.872,46.9793
0.182131,0,0,15.9918,1.79599,34262.6,-9352.85,-133.975,78.3888,-149569,-2142.51,584.851,46.9852
0.182141,0,0,15.9918,1.79615,34286.6,-9352.5,-134.068,78.3874,-149564,-2144,584.83,46.991
0.182151,0,0,15.9918,1.79631,34310.5,-9352.16,-134.162,78.3861,-149558,-2145.5,584.808,46.9969
0.182161,0,0,15.9918,1.79647,34334.4,-9351.82,-134.255,78.3848,-149553,-2146.99,584.787,47.0027
0.182171,0,0,15.9918,1.79663,34358.3,-9351.47,-134.349,78.3834,-149547,-2148.49,584.765,47.0086
0.182181,0,0,15.9918,1.79679,34382.2,-9351.13,-134.442,78.3821,-149542,-2149.98,584.744,47.0144
0.182191,0,0,15.9918,1.79695,34406.1,-9350.79,-134.536,78.3807,-149536,-2151.48,584.722,47.0202
0.182201,0,0,15.9918,1.79711,34430,-9350.44,-134.63,78.3794,-149531,-2152.97,584.701,47.0261
0.182211,0,0,15.9918,1.79727,34453.9,-9350.1,-134.723,78.378,-149525,-2154.47,584.679,47.0319
0.182221,0,0,15.9918,1.79743,34477.8,-9349.75,-134.816,78.3767,-149520,-2155.96,584.658,47.0378
0.182231,0,0,15.9918,1.79759,34501.7,-9349.41,-134.91,78.3753,-149514,-2157.46,584.636,47.0436
0.182241,0,0,15.9918,1.79775,34525.7,-9349.06,-135.003,78.374,-149509,-2158.95,584.614,47.0495
0.182251,0,0,15.9918,1.79791,34549.6,-9348.72,-135.097,78.3726,-149503,-2160.45,584.593,47.0553
0.182261,0,0,15.9918,1.79806,34573.5,-9348.37,-135.19,78.3713,-149498,-2161.94,584.571,47.0612
0.182271,0,0,15.9918,1.79822,34597.4,-9348.03,-135.284,78.3699,-149492,-2163.44,584.55,47.067
0.182281,0,0,15.9918,1.79838,34621.3,-9347.68,-135.377,78.3686,-149487,-2164.93,584.528,47.0729
0.182291,0,0,15.9918,1.79854,34645.2,-9347.33,-135.471,78.3672,-149481,-2166.43,584.506,47.0787
0.182301,0,0,15.9918,1.7987,34669.1,-9346.99,-135.564,78.3659,-149476,-2167.92,584.485,47.0846
0.182311,0,0,15.9918,1.79886,34693,-9346.64,-135.658,78.3645,-149470,-2169.42,584.463,47.0904
0.182321,0,0,15.9918,1.79902,34716.9,-9346.29,-135.751,78.3631,-149464,-2170.91,584.441,47.0962
0.182331,0,0,15.9918,1.79918,34740.8,-9345.95,-135.845,78.3618,-149459,-2172.41,584.42,47.1021
0.182341,0,0,15.9918,1.79934,34764.7,-9345.6,-135.938,78.3604,-149453,-2173.9,584.398,47.1079
0.182351,0,0,15.9918,1.7995,34788.6,-9345.25,-136.031,78.3591,-149448,-2175.39,584.376,47.1138
0.182361,0,0,15.9918,1.79966,34812.5,-9344.9,-136.125,78.3577,-149442,-2176.89,584.354,47.1196
0.182371,0,0,15.9918,1.79982,34836.4,-9344.56,-136.218,78.3564,-149437,-2178.38,584.333,47.1255
0.182381,0,0,15.9918,1.79998,34860.2,-9344.21,-136.312,78.355,-149431,-2179.88,584.311,47.1313
0.182391,0,0,15.9918,1.80014,34884.1,-9343.86,-136.405,78.3536,-149426,-2181.37,584.289,47.1372
0.182401,0,0,15.9918,1.8003,34908,-9343.51,-136.499,78.3523,-149420,-2182.86,584.267,47.143
0.182411,0,0,15.9918,1.80046,34931.9,-9343.16,-136.592,78.3509,-149414,-2184.36,584.245,47.1488
0.182421,0,0,15.9918,1.80062,34955.8,-9342.81,-136.685,78.3495,-149409,-2185.85,584.224,47.1547
0.182431,0,0,15.9918,1.80078,34979.7,-9342.46,-136.779,78.3482,-149403,-2187.35,584.202,47.1605
0.182441,0,0,15.9918,1.80094,35003.6,-9342.11,-136.872,78.3468,-149398,-2188.84,584.18,47.1664
0.182451,0,0,15.9918,1.8011,35027.5,-9341.76,-136.966,78.3454,-149392,-2190.33,584.158,47.1722
0.182461,0,0,15.9918,1.80126,35051.4,-9341.41,-137.059,78.3441,-149386,-2191.83,584.136,47.178
0.182471,0,0,15.9918,1.80142,35075.3,-9341.06,-137.152,78.3427,-149381,-2193.32,584.114,47.1839
0.182481,0,0,15.9918,1.80158,35099.1,-9340.71,-137.246,78.3413,-149375,-2194.81,584.092,47.1897
0.182491,0,0,15.9918,1.80174,35123,-9340.36,-137.339,78.3399,-149370,-2196.31,584.07,47.1956
0.182501,0,0,15.9918,1.8019,35146.9,-9340.01,-137.433,78.3386,-149364,-2197.8,584.048,47.2014
0.182511,0,0,15.9918,1.80206,35170.8,-9339.66,-137.526,78.3372,-149358,-2199.29,584.026,47.2072
0.182521,0,0,15.9918,1.80222,35194.7,-9339.3,-137.619,78.3358,-149353,-2200.79,584.004,47.2131
0.182531,0,0,15.9918,1.80238,35218.6,-9338.95,-137.713,78.3344,-149347,-2202.28,583.982,47.2189
0.182541,0,0,15.9918,1.80254,35242.4,-9338.6,-137.806,78.3331,-149341,-2203.77,583.96,47.2248
0.182551,0,0,15.9918,1.8027,35266.3,-9338.25,-137.9,78.3317,-149336,-2205.27,583.938,47.2306
0.182561,0,0,15.9918,1.80286,35290.2,-9337.89,-137.993,78.3303,-149330,-2206.76,583.916,47.2365
0.182571,0,0,15.9918,1.80302,35314.1,-9337.54,-138.086,78.3289,-149325,-2208.25,583.894,47.2423
0.182581,0,0,15.9918,1.80318,35337.9,-9337.19,-138.18,78.3275,-149319,-2209.75,583.872,47.2481
0.182591,0,0,15.9918,1.80334,35361.8,-9336.83,-138.273,78.3262,-149313,-2211.24,583.85,47.254
0.182601,0,0,15.9918,1.8035,35385.7,-9336.48,-138.366,78.3248,-149308,-2212.73,583.828,47.2598
0.182611,0,0,15.9918,1.80366,35409.6,-9336.13,-138.46,78.3234,-149302,-2214.23,583.806,47.2656
0.182621,0,0,15.9918,1.80382,35433.4,-9335.77,-138.553,78.322,-149296,-2215.72,583.783,47.2715
0.182631,0,0,15.9918,1.80398,35457.3,-9335.42,-138.646,78.3206,-149291,-2217.21,583.761,47.2773
0.182641,0,0,15.9918,1.80414,35481.2,-9335.06,-138.74,78.3192,-149285,-2218.7,583.739,47.2832
0.182651,0,0,15.9918,1.8043,35505.1,-9334.71,-138.833,78.3178,-149279,-2220.2,583.717,47.289
0.182661,0,0,15.9918,1.80446,35528.9,-9334.35,-138.926,78.3165,-149274,-2221.69,583.695,47.2948
0.182671,0,0,15.9918,1.80462,35552.8,-9334,-139.02,78.3151,-149268,-2223.18,583.672,47.3007
0.182681,0,0,15.9918,1.80478,35576.7,-9333.64,-139.113,78.3137,-149262,-2224.68,583.65,47.3065
0.182691,0,0,15.9918,1.80494,35600.5,-9333.29,-139.206,78.3123,-149256,-2226.17,583.628,47.3123
0.182701,0,0,15.9918,1.8051,35624.4,-9332.93,-139.3,78.3109,-149251,-2227.66,583.606,47.3182
0.182711,0,0,15.9918,1.80526,35648.3,-9332.57,-139.393,78.3095,-149245,-2229.15,583.583,47.324
0.182721,0,0,15.9918,1.80542,35672.1,-9332.22,-139.486,78.3081,-149239,-2230.64,583.561,47.3298
0.182731,0,0,15.9918,1.80558,35696,-9331.86,-139.58,78.3067,-149234,-2232.14,583.539,47.3357
0.182741,0,0,15.9918,1.80574,35719.8,-9331.5,-139.673,78.3053,-149228,-2233.63,583.516,47.3415
0.182751,0,0,15.9918,1.8059,35743.7,-9331.15,-139.766,78.3039,-149222,-2235.12,583.494,47.3474
0.182761,0,0,15.9918,1.80606,35767.6,-9330.79,-139.86,78.3025,-149217,-2236.61,583.472,47.3532
0.182771,0,0,15.9918,1.80622,35791.4,-9330.43,-139.953,78.3011,-149211,-2238.1,583.449,47.359
0.182781,0,0,15.9918,1.80638,35815.3,-9330.07,-140.046,78.2997,-149205,-2239.6,583.427,47.3649
0.182791,0,0,15.9918,1.80654,35839.1,-9329.72,-140.139,78.2983,-149199,-2241.09,583.405,47.3707
0.182801,0,0,15.9918,1.8067,35863,-9329.36,-140.233,78.2969,-149194,-2242.58,583.382,47.3765
0.182811,0,0,15.9918,1.80686,35886.8,-9329,-140.326,78.2955,-149188,-2244.07,583.36,47.3824
0.182821,0,0,15.9918,1.80702,35910.7,-9328.64,-140.419,78.2941,-149182,-2245.56,583.337,47.3882
0.182831,0,0,15.9918,1.80718,35934.5,-9328.28,-140.513,78.2927,-149176,-2247.05,583.315,47.394
0.182841,0,0,15.9918,1.80734,35958.4,-9327.92,-140.606,78.2913,-149171,-2248.55,583.292,47.3999
0.182851,0,0,15.9918,1.8075,35982.2,-9327.56,-140.699,78.2899,-149165,-2250.04,583.27,47.4057
0.182861,0,0,15.9918,1.80766,36006.1,-9327.2,-140.792,78.2885,-149159,-2251.53,583.247,47.4115
0.182871,0,0,15.9918,1.80782,36030,-9326.84,-140.886,78.2871,-149153,-2253.02,583.225,47.4174
0.182881,0,0,15.9918,1.80798,36053.8,-9326.48,-140.979,78.2857,-149148,-2254.51,583.202,47.4232
0.182891,0,0,15.9918,1.80814,36077.6,-9326.12,-141.072,78.2842,-149142,-2256,583.18,47.429
0.182901,0,0,15.9918,1.8083,36101.5,-9325.76,-141.165,78.2828,-149136,-2257.49,583.157,47.4349
0.182911,0,0,15.9918,1.80846,36125.3,-9325.4,-141.259,78.2814,-149130,-2258.99,583.135,47.4407
0.182921,0,0,15.9918,1.80862,36149.2,-9325.04,-141.352,78.28,-149125,-2260.48,583.112,47.4465
0.182931,0,0,15.9918,1.80878,36173,-9324.67,-141.445,78.2786,-149119,-2261.97,583.089,47.4524
0.182941,0,0,15.9918,1.80894,36196.9,-9324.31,-141.538,78.2772,-149113,-2263.46,583.067,47.4582
0.182951,0,0,15.9918,1.8091,36220.7,-9323.95,-141.632,78.2758,-149107,-2264.95,583.044,47.464
0.182961,0,0,15.9918,1.80926,36244.6,-9323.59,-141.725,78.2744,-149101,-2266.44,583.021,47.4698
0.182971,0,0,15.9918,1.80942,36268.4,-9323.23,-141.818,78.2729,-149096,-2267.93,582.999,47.4757
0.182981,0,0,15.9918,1.80958,36292.2,-9322.86,-141.911,78.2715,-149090,-2269.42,582.976,47.4815
0.182991,0,0,15.9918,1.80974,36316.1,-9322.5,-142.004,78.2701,-149084,-2270.91,582.953,47.4873
0.183001,0,0,15.9918,1.8099,36339.9,-9322.14,-142.098,78.2687,-149078,-2272.4,582.931,47.4932
0.183011,0,0,15.9918,1.81006,36363.8,-9321.77,-142.191,78.2673,-149072,-2273.89,582.908,47.499
0.183021,0,0,15.9918,1.81022,36387.6,-9321.41,-142.284,78.2658,-149067,-2275.38,582.885,47.5048
0.183031,0,0,15.9918,1.81038,36411.4,-9321.05,-142.377,78.2644,-149061,-2276.88,582.862,47.5106
0.183041,0,0,15.9918,1.81054,36435.3,-9320.68,-142.47,78.263,-149055,-2278.36,582.84,47.5165
0.183051,0,0,15.9918,1.8107,36459.1,-9320.32,-142.564,78.2616,-149049,-2279.85,582.817,47.5223
0.183061,0,0,15.9918,1.81086,36482.9,-9319.95,-142.657,78.2601,-149043,-2281.35,582.794,47.5281
0.183071,0,0,15.9918,1.81102,36506.8,-9319.59,-142.75,78.2587,-149037,-2282.84,582.771,47.534
0.183081,0,0,15.9918,1.81118,36530.6,-9319.22,-142.843,78.2573,-149032,-2284.33,582.749,47.5398
0.183091,0,0,15.9918,1.81134,36554.4,-9318.86,-142.936,78.2559,-149026,-2285.82,582.726,47.5456
0.183101,0,0,15.9918,1.8115,36578.2,-9318.49,-143.03,78.2544,-149020,-2287.31,582.703,47.5514
0.183111,0,0,15.9918,1.81166,36602.1,-9318.13,-143.123,78.253,-149014,-2288.8,582.68,47.5573
0.183121,0,0,15.9918,1.81182,36625.9,-9317.76,-143.216,78.2516,-149008,-2290.29,582.657,47.5631
0.183131,0,0,15.9918,1.81198,36649.7,-9317.39,-143.309,78.2501,-149002,-2291.78,582.634,47.5689
0.183141,0,0,15.9918,1.81214,36673.5,-9317.03,-143.402,78.2487,-148996,-2293.27,582.611,47.5747
0.183151,0,0,15.9918,1.8123,36697.4,-9316.66,-143.495,78.2473,-148991,-2294.76,582.588,47.5806
0.183161,0,0,15.9918,1.81246,36721.2,-9316.29,-143.589,78.2458,-148985,-2296.25,582.565,47.5864
0.183171,0,0,15.9918,1.81262,36745,-9315.93,-143.682,78.2444,-148979,-2297.73,582.542,47.5922
0.183181,0,0,15.9918,1.81278,36768.8,-9315.56,-143.775,78.243,-148973,-2299.22,582.519,47.598
0.183191,0,0,15.9918,1.81294,36792.7,-9315.19,-143.868,78.2415,-148967,-2300.71,582.496,47.6039
0.183201,0,0,15.9918,1.8131,36816.5,-9314.82,-143.961,78.2401,-148961,-2302.2,582.473,47.6097
0.183211,0,0,15.9918,1.81326,36840.3,-9314.46,-144.054,78.2386,-148955,-2303.69,582.45,47.6155
0.183221,0,0,15.9918,1.81342,36864.1,-9314.09,-144.147,78.2372,-148949,-2305.18,582.427,47.6213
0.183231,0,0,15.9918,1.81358,36887.9,-9313.72,-144.24,78.2357,-148944,-2306.67,582.404,47.6272
0.183241,0,0,15.9918,1.81373,36911.7,-9313.35,-144.334,78.2343,-148938,-2308.16,582.381,47.633
0.183251,0,0,15.9918,1.81389,36935.6,-9312.98,-144.427,78.2329,-148932,-2309.65,582.358,47.6388
0.183261,0,0,15.9918,1.81405,36959.4,-9312.61,-144.52,78.2314,-148926,-2311.14,582.335,47.6446
0.18327,0,0,15.9918,1.81421,36983.2,-9312.24,-144.613,78.23,-148920,-2312.63,582.312,47.6505
0.18328,0,0,15.9918,1.81437,37007,-9311.87,-144.706,78.2285,-148914,-2314.12,582.289,47.6563
0.18329,0,0,15.9918,1.81453,37030.8,-9311.5,-144.799,78.2271,-148908,-2315.61,582.266,47.6621
0.1833,0,0,15.9918,1.81469,37054.6,-9311.13,-144.892,78.2256,-148902,-2317.09,582.242,47.6679
0.18331,0,0,15.9918,1.81485,37078.4,-9310.76,-144.985,78.2242,-148896,-2318.58,582.219,47.6738
0.18332,0,0,15.9918,1.81501,37102.2,-9310.39,-145.078,78.2227,-148890,-2320.07,582.196,47.6796
0.18333,0,0,15.9918,1.81517,37126,-9310.02,-145.172,78.2213,-148884,-2321.56,582.173,47.6854
0.18334,0,0,15.9918,1.81533,37149.8,-9309.65,-145.265,78.2198,-148878,-2323.05,582.15,47.6912
0.18335,0,0,15.9918,1.81549,37173.6,-9309.27,-145.358,78.2184,-148872,-2324.54,582.126,47.697
0.18336,0,0,15.9918,1.81565,37197.4,-9308.9,-145.451,78.2169,-148867,-2326.03,582.103,47.7029
0.18337,0,0,15.9918,1.81581,37221.2,-9308.53,-145.544,78.2155,-148861,-2327.51,582.08,47.7087
0.18338,0,0,15.9918,1.81597,37245.1,-9308.16,-145.637,78.214,-148855,-2329,582.057,47.7145
0.18339,0,0,15.9918,1.81613,37268.9,-9307.79,-145.73,78.2125,-148849,-2330.49,582.033,47.7203
0.1834,0,0,15.9918,1.81629,37292.6,-9307.41,-145.823,78.2111,-148843,-2331.98,582.01,47.7261
0.18341,0,0,15.9918,1.81645,37316.5,-9307.04,-145.916,78.2096,-148837,-2333.47,581.987,47.732
0.18342,0,0,15.9918,1.81661,37340.2,-9306.67,-146.009,78.2082,-148831,-2334.96,581.963,47.7378
0.18343,0,0,15.9918,1.81677,37364,-9306.29,-146.102,78.2067,-148825,-2336.44,581.94,47.7436
0.18344,0,0,15.9918,1.81693,37387.8,-9305.92,-146.195,78.2053,-148819,-2337.93,581.917,47.7494
0.18345,0,0,15.9918,1.81709,37411.6,-9305.55,-146.288,78.2038,-148813,-2339.42,581.893,47.7552
0.18346,0,0,15.9918,1.81725,37435.4,-9305.17,-146.381,78.2023,-148807,-2340.91,581.87,47.7611
0.18347,0,0,15.9918,1.81741,37459.2,-9304.8,-146.474,78.2009,-148801,-2342.4,581.846,47.7669
0.18348,0,0,15.9918,1.81757,37483,-9304.42,-146.567,78.1994,-148795,-2343.88,581.823,47.7727
0.18349,0,0,15.9918,1.81773,37506.8,-9304.05,-146.66,78.1979,-148789,-2345.37,581.8,47.7785
0.1835,0,0,15.9918,1.81789,37530.6,-9303.67,-146.754,78.1965,-148783,-2346.86,581.776,47.7843
0.18351,0,0,15.9918,1.81805,37554.4,-9303.3,-146.847,78.195,-148777,-2348.35,581.753,47.7901
0.18352,0,0,15.9918,1.81821,37578.2,-9302.92,-146.94,78.1935,-148771,-2349.83,581.729,47.796
0.18353,0,0,15.9918,1.81837,37602,-9302.55,-147.033,78.1921,-148765,-2351.32,581.706,47.8018
0.18354,0,0,15.9918,1.81853,37625.8,-9302.17,-147.126,78.1906,-148759,-2352.81,581.682,47.8076
0.18355,0,0,15.9918,1.81869,37649.5,-9301.79,-147.219,78.1891,-148753,-2354.3,581.659,47.8134
0.18356,0,0,15.9918,1.81885,37673.3,-9301.42,-147.312,78.1876,-148747,-2355.78,581.635,47.8192
0.18357,0,0,15.9918,1.81901,37697.1,-9301.04,-147.405,78.1862,-148741,-2357.27,581.611,47.8251
0.18358,0,0,15.9918,1.81917,37720.9,-9300.66,-147.498,78.1847,-148735,-2358.76,581.588,47.8309
0.18359,0,0,15.9918,1.81933,37744.7,-9300.29,-147.591,78.1832,-148729,-2360.24,581.564,47.8367
0.1836,0,0,15.9918,1.81949,37768.5,-9299.91,-147.684,78.1817,-148723,-2361.73,581.541,47.8425
0.18361,0,0,15.9918,1.81965,37792.2,-9299.53,-147.777,78.1803,-148717,-2363.22,581.517,47.8483
0.18362,0,0,15.9918,1.81981,37816,-9299.15,-147.869,78.1788,-148711,-2364.71,581.493,47.8541
0.18363,0,0,15.9918,1.81997,37839.8,-9298.77,-147.963,78.1773,-148705,-2366.19,581.47,47.8599
0.18364,0,0,15.9918,1.82013,37863.6,-9298.4,-148.055,78.1758,-148698,-2367.68,581.446,47.8658
0.18365,0,0,15.9918,1.82029,37887.3,-9298.02,-148.148,78.1743,-148692,-2369.17,581.422,47.8716
0.18366,0,0,15.9918,1.82045,37911.1,-9297.64,-148.241,78.1729,-148686,-2370.65,581.399,47.8774
0.18367,0,0,15.9918,1.82061,37934.9,-9297.26,-148.334,78.1714,-148680,-2372.14,581.375,47.8832
0.18368,0,0,15.9918,1.82077,37958.7,-9296.88,-148.427,78.1699,-148674,-2373.63,581.351,47.889
0.18369,0,0,15.9918,1.82093,37982.4,-9296.5,-148.52,78.1684,-148668,-2375.11,581.328,47.8948
0.1837,0,0,15.9918,1.82109,38006.2,-9296.12,-148.613,78.1669,-148662,-2376.6,581.304,47.9006
0.18371,0,0,15.9918,1.82125,38030,-9295.74,-148.706,78.1654,-148656,-2378.09,581.28,47.9065
0.18372,0,0,15.9918,1.82141,38053.8,-9295.36,-148.799,78.1639,-148650,-2379.57,581.256,47.9123
0.18373,0,0,15.9918,1.82157,38077.5,-9294.98,-148.892,78.1625,-148644,-2381.06,581.232,47.9181
0.18374,0,0,15.9918,1.82173,38101.3,-9294.6,-148.985,78.161,-148638,-2382.54,581.209,47.9239
0.18375,0,0,15.9918,1.82189,38125,-9294.22,-149.078,78.1595,-148632,-2384.03,581.185,47.9297
0.18376,0,0,15.9918,1.82205,38148.8,-9293.83,-149.171,78.158,-148626,-2385.52,581.161,47.9355
0.18377,-18416.8,-0.0987952,15.9918,1.82221,38230,-9293.45,-149.264,78.1565,-148605,-2387,581.137,47.9413
