0.0260703,33419.8,0.477825,3.41589e-06,0.785398,-202.724,-0.00144924,424.264,11.0648,202.724,0.00144924,424.264,11.0648
0.0260803,33419.8,0.812042,9.86558e-06,0.785398,-344.52,-0.00418561,424.264,11.069,344.52,0.00418561,424.264,11.069
0.0260903,33419.8,1.14626,1.96576e-05,0.785398,-486.316,-0.00834002,424.264,11.0733,486.316,0.00834002,424.264,11.0733
0.0261003,33419.8,1.48047,3.2792e-05,0.785398,-628.112,-0.0139125,424.264,11.0775,628.112,0.0139125,424.264,11.0775
0.0261103,33419.8,1.81469,4.92687e-05,0.785398,-769.908,-0.0209029,424.264,11.0818,769.908,0.0209029,424.264,11.0818
0.0261203,33419.8,2.14891,6.90877e-05,0.785398,-911.704,-0.0293115,424.264,11.086,911.704,0.0293115,424.264,11.086
0.0261303,33419.8,2.48312,9.22491e-05,0.785398,-1053.5,-0.039138,424.264,11.0903,1053.5,0.039138,424.264,11.0903
0.0261403,33419.8,2.81734,0.000118753,0.785398,-1195.3,-0.0503826,424.264,11.0945,1195.3,0.0503826,424.264,11.0945
0.0261503,33419.8,3.15156,0.000148599,0.785398,-1337.09,-0.0630452,424.264,11.0987,1337.09,0.0630452,424.264,11.0987
0.0261603,33419.8,3.48577,0.000181787,0.785398,-1478.89,-0.0771259,424.264,11.103,1478.89,0.0771259,424.264,11.103
0.0261703,33419.8,3.81999,0.000218318,0.785398,-1620.68,-0.0926246,424.264,11.1072,1620.68,0.0926246,424.264,11.1072
0.0261803,33419.8,4.1542,0.000258191,0.785398,-1762.48,-0.109541,424.264,11.1115,1762.48,0.109541,424.264,11.1115
0.0261903,33419.8,4.48842,0.000301407,0.785398,-1904.28,-0.127876,424.264,11.1157,1904.28,0.127876,424.264,11.1157
0.0262003,33419.8,4.82264,0.000347965,0.785398,-2046.07,-0.147629,424.264,11.12,2046.07,0.147629,424.264,11.12
0.0262103,33419.8,5.15685,0.000397865,0.785398,-2187.87,-0.1688,424.264,11.1242,2187.87,0.1688,424.264,11.1242
0.0262203,33419.8,5.49107,0.000451107,0.785398,-2329.66,-0.191389,424.264,11.1284,2329.66,0.191389,424.264,11.1284
0.0262303,33419.8,5.82529,0.000507692,0.785398,-2471.46,-0.215395,424.264,11.1327,2471.46,0.215395,424.264,11.1327
0.0262403,33419.8,6.1595,0.000567619,0.785398,-2613.26,-0.24082,424.264,11.1369,2613.25,0.24082,424.264,11.1369
0.0262503,33419.8,6.49372,0.000630889,0.785398,-2755.05,-0.267663,424.264,11.1412,2755.05,0.267663,424.264,11.1412
0.0262603,33419.8,6.82793,0.000697501,0.785398,-2896.85,-0.295924,424.264,11.1454,2896.85,0.295924,424.264,11.1454
0.0262703,33419.8,7.16215,0.000767455,0.785398,-3038.64,-0.325604,424.264,11.1497,3038.64,0.325604,424.264,11.1497
0.0262803,33419.8,7.49637,0.000840751,0.785398,-3180.44,-0.356701,424.264,11.1539,3180.44,0.356701,424.264,11.1539
0.0262903,33419.8,7.83058,0.00091739,0.785398,-3322.24,-0.389216,424.264,11.1581,3322.23,0.389216,424.264,11.1581
0.0263003,33419.8,8.1648,0.000997372,0.785398,-3464.03,-0.423149,424.264,11.1624,3464.03,0.423149,424.264,11.1624
0.0263103,33419.8,8.49902,0.0010807,0.785398,-3605.83,-0.4585,424.264,11.1666,3605.83,0.4585,424.264,11.1666
0.0263203,33419.8,8.83323,0.00116736,0.785398,-3747.62,-0.495269,424.264,11.1709,3747.62,0.495269,424.264,11.1709
0.0263303,33419.8,9.16745,0.00125737,0.785398,-3889.42,-0.533457,424.264,11.1751,3889.42,0.533457,424.264,11.1751
0.0263403,33419.8,9.50166,0.00135072,0.785398,-4031.22,-0.573062,424.264,11.1794,4031.21,0.573062,424.264,11.1794
0.0263503,33419.8,9.83588,0.00144741,0.785398,-4173.01,-0.614085,424.264,11.1836,4173.01,0.614085,424.264,11.1836
0.0263603,33419.8,10.1701,0.00154745,0.785398,-4314.81,-0.656527,424.264,11.1878,4314.81,0.656527,424.264,11.1878
0.0263703,33419.8,10.5043,0.00165083,0.785398,-4456.6,-0.700386,424.264,11.1921,4456.6,0.700386,424.264,11.1921
0.0263803,33419.8,10.8385,0.00175755,0.785398,-4598.4,-0.745664,424.264,11.1963,4598.4,0.745663,424.264,11.1963
0.0263903,33419.8,11.1727,0.00186761,0.785398,-4740.2,-0.792359,424.264,11.2006,4740.19,0.792359,424.264,11.2006
0.0264003,33419.8,11.507,0.00198101,0.785398,-4881.99,-0.840473,424.264,11.2048,4881.99,0.840472,424.264,11.2048
0.0264103,33419.8,11.8412,0.00209776,0.785398,-5023.79,-0.890004,424.264,11.2091,5023.78,0.890004,424.264,11.2091
0.0264203,33419.8,12.1754,0.00221785,0.785398,-5165.59,-0.940954,424.264,11.2133,5165.58,0.940953,424.264,11.2133
0.0264303,33419.8,12.5096,0.00234128,0.785398,-5307.38,-0.993322,424.264,11.2175,5307.37,0.993321,424.264,11.2175
0.0264403,33419.8,12.8438,0.00246806,0.785398,-5449.18,-1.04711,424.264,11.2218,5449.17,1.04711,424.264,11.2218
0.0264503,33419.8,13.178,0.00259817,0.785399,-5590.98,-1.10231,424.264,11.226,5590.97,1.10231,424.264,11.226
0.0264603,33419.8,13.5123,0.00273163,0.785399,-5732.77,-1.15893,424.264,11.2303,5732.76,1.15893,424.264,11.2303
0.0264703,33419.8,13.8465,0.00286843,0.785399,-5874.57,-1.21697,424.264,11.2345,5874.56,1.21697,424.264,11.2345
0.0264803,33419.8,14.1807,0.00300857,0.785399,-6016.36,-1.27643,424.264,11.2388,6016.35,1.27643,424.264,11.2388
0.0264903,33419.8,14.5149,0.00315206,0.785399,-6158.16,-1.33731,424.264,11.243,6158.15,1.33731,424.264,11.243
0.0265003,33419.8,14.8491,0.00329889,0.785399,-6299.96,-1.3996,424.264,11.2472,6299.94,1.3996,424.264,11.2472
0.0265103,33419.8,15.1833,0.00344906,0.785399,-6441.75,-1.46331,424.264,11.2515,6441.74,1.46331,424.264,11.2515
0.0265203,33419.8,15.5176,0.00360257,0.785399,-6583.55,-1.52844,424.264,11.2557,6583.53,1.52844,424.264,11.2557
0.0265303,33419.8,15.8518,0.00375943,0.785399,-6725.35,-1.59499,424.264,11.26,6725.33,1.59499,424.264,11.26
0.0265403,33419.8,16.186,0.00391962,0.785399,-6867.14,-1.66296,424.264,11.2642,6867.12,1.66295,424.264,11.2642
0.0265503,33419.8,16.5202,0.00408316,0.785399,-7008.94,-1.73234,424.264,11.2685,7008.92,1.73234,424.264,11.2685
0.0265603,33419.8,16.8544,0.00425005,0.785399,-7150.74,-1.80314,424.264,11.2727,7150.71,1.80314,424.264,11.2727
0.0265703,33419.8,17.1886,0.00442027,0.785399,-7292.54,-1.87536,424.264,11.2769,7292.51,1.87536,424.264,11.2769
0.0265803,33419.8,17.5229,0.00459384,0.785399,-7434.33,-1.949,424.264,11.2812,7434.3,1.949,424.264,11.2812
0.0265903,33419.8,17.8571,0.00477075,0.785399,-7576.13,-2.02406,424.264,11.2854,7576.1,2.02406,424.264,11.2854
0.0266003,33419.8,18.1913,0.004951,0.785399,-7717.93,-2.10053,424.264,11.2897,7717.89,2.10053,424.264,11.2897
0.0266103,33419.8,18.5255,0.00513459,0.785399,-7859.72,-2.17843,424.264,11.2939,7859.69,2.17842,424.264,11.2939
0.0266203,33419.8,18.8597,0.00532153,0.785399,-8001.52,-2.25774,424.264,11.2982,8001.48,2.25773,424.264,11.2982
0.0266303,33419.8,19.1939,0.00551181,0.785399,-8143.32,-2.33846,424.264,11.3024,8143.28,2.33846,424.265,11.3024
0.0266403,33419.8,19.5282,0.00570543,0.785399,-8285.12,-2.42061,424.264,11.3066,8285.07,2.42061,424.265,11.3066
0.0266503,33419.8,19.8624,0.00590239,0.785399,-8426.92,-2.50418,424.264,11.3109,8426.87,2.50417,424.265,11.3109
0.0266603,33419.8,20.1966,0.0061027,0.785399,-8568.71,-2.58916,424.264,11.3151,8568.66,2.58915,424.265,11.3151
0.0266703,33419.8,20.5308,0.00630635,0.785399,-8710.51,-2.67556,424.263,11.3194,8710.45,2.67555,424.265,11.3194
0.0266803,33419.8,20.865,0.00651334,0.7854,-8852.31,-2.76338,424.263,11.3236,8852.25,2.76337,424.265,11.3236
0.0266903,33419.8,21.1992,0.00672367,0.7854,-8994.11,-2.85262,424.263,11.3279,8994.04,2.85261,424.265,11.3279
0.0267003,33419.8,21.5335,0.00693734,0.7854,-9135.9,-2.94327,424.263,11.3321,9135.83,2.94326,424.265,11.3321
0.0267103,33419.8,21.8677,0.00715436,0.7854,-9277.7,-3.03534,424.263,11.3363,9277.63,3.03533,424.265,11.3363
0.0267203,33419.8,22.2019,0.00737472,0.7854,-9419.5,-3.12883,424.263,11.3406,9419.42,3.12882,424.265,11.3406
0.0267303,33419.8,22.5361,0.00759842,0.7854,-9561.3,-3.22374,424.263,11.3448,9561.21,3.22373,424.265,11.3448
0.0267403,33419.8,22.8703,0.00782547,0.7854,-9703.1,-3.32007,424.263,11.3491,9703.01,3.32006,424.265,11.3491
0.0267503,33419.8,23.2045,0.00805585,0.7854,-9844.9,-3.41782,424.263,11.3533,9844.8,3.4178,424.265,11.3533
0.0267603,33419.8,23.5387,0.00828958,0.7854,-9986.69,-3.51698,424.263,11.3576,9986.6,3.51696,424.265,11.3576
0.0267703,33419.8,23.873,0.00852665,0.7854,-10128.5,-3.61756,424.263,11.3618,10128.4,3.61755,424.265,11.3618
0.0267803,33419.8,24.2072,0.00876707,0.7854,-10270.3,-3.71956,424.263,11.366,10270.2,3.71954,424.265,11.366
0.0267903,33419.8,24.5414,0.00901082,0.7854,-10412.1,-3.82298,424.263,11.3703,10412,3.82296,424.265,11.3703
0.0268003,33419.8,24.8756,0.00925792,0.785401,-10553.9,-3.92781,424.263,11.3745,10553.8,3.92779,424.265,11.3745
0.0268103,33419.8,25.2098,0.00950836,0.785401,-10695.7,-4.03407,424.263,11.3788,10695.6,4.03405,424.265,11.3788
0.0268203,33419.8,25.544,0.00976215,0.785401,-10837.5,-4.14174,424.263,11.383,10837.4,4.14172,424.265,11.383
0.0268303,33419.8,25.8783,0.0100193,0.785401,-10979.3,-4.25083,424.263,11.3873,10979.1,4.25081,424.265,11.3873
0.0268403,33419.8,26.2125,0.0102797,0.785401,-11121.1,-4.36134,424.263,11.3915,11120.9,4.36131,424.265,11.3915
0.0268503,33419.8,26.5467,0.0105435,0.785401,-11262.9,-4.47326,424.263,11.3957,11262.7,4.47324,424.265,11.3957
0.0268603,33419.8,26.8809,0.0108107,0.785401,-11404.7,-4.58661,424.263,11.4,11404.5,4.58658,424.265,11.4
0.0268703,33419.8,27.2151,0.0110812,0.785401,-11546.5,-4.70137,424.263,11.4042,11546.3,4.70134,424.265,11.4042
0.0268803,33419.8,27.5493,0.011355,0.785401,-11688.3,-4.81755,424.263,11.4085,11688.1,4.81752,424.265,11.4085
0.0268903,33419.8,27.8836,0.0116322,0.785401,-11830.1,-4.93515,424.263,11.4127,11829.9,4.93511,424.265,11.4127
0.0269003,33419.8,28.2178,0.0119127,0.785402,-11971.9,-5.05416,424.263,11.417,11971.7,5.05413,424.266,11.417
0.0269103,33419.8,28.552,0.0121966,0.785402,-12113.7,-5.1746,424.263,11.4212,12113.5,5.17456,424.266,11.4212
0.0269203,33419.8,28.8862,0.0124838,0.785402,-12255.5,-5.29645,424.263,11.4254,12255.3,5.29641,424.266,11.4254
0.0269303,33419.8,29.2204,0.0127744,0.785402,-12397.3,-5.41972,424.262,11.4297,12397.1,5.41968,424.266,11.4297
0.0269403,33419.8,29.5546,0.0130682,0.785402,-12539.1,-5.54441,424.262,11.4339,12538.9,5.54437,424.266,11.4339
0.0269504,33419.8,29.8889,0.0133655,0.785402,-12680.9,-5.67052,424.262,11.4382,12680.6,5.67047,424.266,11.4382
0.0269604,33419.8,30.2231,0.0136661,0.785402,-12822.7,-5.79804,424.262,11.4424,12822.4,5.79799,424.266,11.4424
0.0269704,33419.8,30.5573,0.01397,0.785402,-12964.5,-5.92698,424.262,11.4467,12964.2,5.92693,424.266,11.4467
0.0269804,33419.8,30.8915,0.0142772,0.785403,-13106.3,-6.05734,424.262,11.4509,13106,6.05729,424.266,11.4509
0.0269904,33419.8,31.2257,0.0145878,0.785403,-13248.1,-6.18912,424.262,11.4551,13247.8,6.18907,424.266,11.4551
0.0270004,33419.8,31.5599,0.0149018,0.785403,-13389.9,-6.32232,424.262,11.4594,13389.6,6.32226,424.266,11.4594
0.0270104,33419.8,31.8942,0.0152191,0.785403,-13531.7,-6.45694,424.262,11.4636,13531.4,6.45687,424.266,11.4636
0.0270204,33419.8,32.2284,0.0155397,0.785403,-13673.5,-6.59297,424.262,11.4679,13673.2,6.5929,424.266,11.4679
0.0270304,33419.8,32.5626,0.0158637,0.785403,-13815.3,-6.73042,424.262,11.4721,13815,6.73035,424.266,11.4721
0.0270404,33419.8,32.8968,0.016191,0.785403,-13957.1,-6.86929,424.262,11.4764,13956.7,6.86922,424.266,11.4764
0.0270504,33419.8,33.231,0.0165216,0.785404,-14098.9,-7.00958,424.262,11.4806,14098.5,7.0095,424.266,11.4806
0.0270604,33419.8,33.5652,0.0168556,0.785404,-14240.7,-7.15128,424.262,11.4848,14240.3,7.1512,424.266,11.4848
0.0270704,33419.8,33.8995,0.017193,0.785404,-14382.5,-7.29441,424.262,11.4891,14382.1,7.29432,424.267,11.4891
0.0270804,33419.8,34.2337,0.0175337,0.785404,-14524.3,-7.43895,424.262,11.4933,14523.9,7.43886,424.267,11.4933
0.0270904,33419.8,34.5679,0.0178777,0.785404,-14666.1,-7.58491,424.261,11.4976,14665.7,7.58482,424.267,11.4976
0.0271004,33419.8,34.9021,0.0182251,0.785405,-14807.9,-7.73229,424.261,11.5018,14807.5,7.73219,424.267,11.5018
0.0271104,33419.8,35.2363,0.0185758,0.785405,-14949.7,-7.88109,424.261,11.5061,14949.3,7.88098,424.267,11.5061
0.0271204,33419.8,35.5705,0.0189298,0.785405,-15091.6,-8.0313,424.261,11.5103,15091,8.03119,424.267,11.5103
0.0271304,33419.8,35.9048,0.0192872,0.785405,-15233.4,-8.18293,424.261,11.5145,15232.8,8.18282,424.267,11.5145
0.0271404,33419.8,36.239,0.019648,0.785405,-15375.2,-8.33599,424.261,11.5188,15374.6,8.33587,424.267,11.5188
0.0271504,33419.8,36.5732,0.020012,0.785405,-15517,-8.49045,424.261,11.523,15516.4,8.49033,424.267,11.523
0.0271604,33419.8,36.9074,0.0203795,0.785406,-15658.8,-8.64634,424.261,11.5273,15658.2,8.64621,424.267,11.5273
0.0271704,33419.8,37.2416,0.0207502,0.785406,-15800.6,-8.80365,424.261,11.5315,15800,8.80351,424.267,11.5315
0.0271804,33419.8,37.5758,0.0211243,0.785406,-15942.4,-8.96237,424.261,11.5358,15941.8,8.96223,424.267,11.5358
0.0271904,33419.8,37.91,0.0215018,0.785406,-16084.2,-9.12251,424.261,11.54,16083.5,9.12236,424.268,11.54
0.0272004,33419.8,38.2443,0.0218826,0.785407,-16226,-9.28407,424.261,11.5442,16225.3,9.28392,424.268,11.5442
0.0272104,33419.8,38.5785,0.0222667,0.785407,-16367.8,-9.44705,424.26,11.5485,16367.1,9.44689,424.268,11.5485
0.0272204,33419.8,38.9127,0.0226542,0.785407,-16509.6,-9.61144,424.26,11.5527,16508.9,9.61127,424.268,11.5527
0.0272304,33419.8,39.2469,0.023045,0.785407,-16651.4,-9.77726,424.26,11.557,16650.7,9.77708,424.268,11.557
0.0272404,33419.8,39.5811,0.0234392,0.785407,-16793.2,-9.94449,424.26,11.5612,16792.5,9.94431,424.268,11.5612
0.0272504,33419.8,39.9153,0.0238367,0.785408,-16935,-10.1131,424.26,11.5655,16934.2,10.113,424.268,11.5655
0.0272604,33419.8,40.2496,0.0242375,0.785408,-17076.9,-10.2832,424.26,11.5697,17076,10.283,424.268,11.5697
0.0272704,33419.8,40.5838,0.0246417,0.785408,-17218.7,-10.4547,424.26,11.5739,17217.8,10.4545,424.268,11.5739
0.0272804,33419.8,40.918,0.0250492,0.785408,-17360.5,-10.6276,424.26,11.5782,17359.6,10.6274,424.268,11.5782
0.0272904,33419.8,41.2522,0.0254601,0.785409,-17502.3,-10.8019,424.26,11.5824,17501.4,10.8017,424.269,11.5824
0.0273004,33419.8,41.5864,0.0258743,0.785409,-17644.1,-10.9777,424.26,11.5867,17643.2,10.9774,424.269,11.5867
0.0273104,33419.8,41.9206,0.0262919,0.785409,-17785.9,-11.1548,424.259,11.5909,17784.9,11.1546,424.269,11.5909
0.0273204,33419.8,42.2549,0.0267128,0.785409,-17927.7,-11.3334,424.259,11.5952,17926.7,11.3331,424.269,11.5952
0.0273304,33419.8,42.5891,0.027137,0.78541,-18069.5,-11.5134,424.259,11.5994,18068.5,11.5131,424.269,11.5994
0.0273404,33419.8,42.9233,0.0275646,0.78541,-18211.3,-11.6948,424.259,11.6036,18210.3,11.6945,424.269,11.6036
0.0273504,33419.8,43.2575,0.0279955,0.78541,-18353.2,-11.8776,424.259,11.6079,18352.1,11.8774,424.269,11.6079
0.0273604,33419.8,43.5917,0.0284298,0.785411,-18495,-12.0619,424.259,11.6121,18493.8,12.0616,424.269,11.6121
0.0273704,33419.8,43.9259,0.0288674,0.785411,-18636.8,-12.2476,424.259,11.6164,18635.6,12.2473,424.269,11.6164
0.0273804,33419.8,44.2602,0.0293084,0.785411,-18778.6,-12.4347,424.259,11.6206,18777.4,12.4343,424.27,11.6206
0.0273904,33419.8,44.5944,0.0297527,0.785411,-18920.4,-12.6232,424.258,11.6249,18919.2,12.6228,424.27,11.6249
0.0274004,33419.8,44.9286,0.0302003,0.785412,-19062.2,-12.8131,424.258,11.6291,19060.9,12.8127,424.27,11.6291
0.0274104,33419.8,45.2628,0.0306513,0.785412,-19204,-13.0044,424.258,11.6333,19202.7,13.0041,424.27,11.6333
0.0274204,33419.8,45.597,0.0311056,0.785412,-19345.9,-13.1972,424.258,11.6376,19344.5,13.1968,424.27,11.6376
0.0274304,33419.8,45.9312,0.0315633,0.785413,-19487.7,-13.3914,424.258,11.6418,19486.3,13.391,424.27,11.6418
0.0274404,33419.8,46.2655,0.0320243,0.785413,-19629.5,-13.587,424.258,11.6461,19628,13.5866,424.27,11.6461
0.0274504,33419.8,46.5997,0.0324886,0.785413,-19771.3,-13.784,424.258,11.6503,19769.8,13.7836,424.27,11.6503
0.0274604,33419.8,46.9339,0.0329563,0.785414,-19913.1,-13.9824,424.258,11.6546,19911.6,13.982,424.271,11.6546
0.0274704,33419.8,47.2681,0.0334274,0.785414,-20054.9,-14.1823,424.257,11.6588,20053.4,14.1818,424.271,11.6588
0.0274804,33419.8,47.6023,0.0339018,0.785414,-20196.8,-14.3835,424.257,11.663,20195.1,14.3831,424.271,11.663
0.0274904,33419.8,47.9365,0.0343795,0.785415,-20338.6,-14.5862,424.257,11.6673,20336.9,14.5857,424.271,11.6673
0.0275004,33419.8,48.2708,0.0348605,0.785415,-20480.4,-14.7903,424.257,11.6715,20478.7,14.7898,424.271,11.6715
0.0275104,33419.8,48.605,0.0353449,0.785415,-20622.2,-14.9958,424.257,11.6758,20620.5,14.9953,424.271,11.6758
0.0275204,33419.8,48.9392,0.0358327,0.785416,-20764,-15.2028,424.257,11.68,20762.2,15.2023,424.272,11.68
0.0275304,33419.8,49.2734,0.0363238,0.785416,-20905.9,-15.4111,424.256,11.6843,20904,15.4106,424.272,11.6843
0.0275404,33419.8,49.6076,0.0368182,0.785416,-21047.7,-15.6209,424.256,11.6885,21045.8,15.6204,424.272,11.6885
0.0275504,33419.8,49.9418,0.037316,0.785417,-21189.5,-15.8321,424.256,11.6927,21187.5,15.8315,424.272,11.6927
0.0275604,33419.8,50.2761,0.0378171,0.785417,-21331.3,-16.0447,424.256,11.697,21329.3,16.0441,424.272,11.697
0.0275704,33419.8,50.6103,0.0383216,0.785418,-21473.2,-16.2588,424.256,11.7012,21471.1,16.2581,424.272,11.7012
0.0275804,33419.8,50.9445,0.0388294,0.785418,-21615,-16.4742,424.256,11.7055,21612.8,16.4736,424.272,11.7055
0.0275904,33419.8,51.2787,0.0393405,0.785418,-21756.8,-16.6911,424.256,11.7097,21754.6,16.6904,424.273,11.7097
0.0276004,33419.8,51.6129,0.039855,0.785419,-21898.6,-16.9094,424.255,11.714,21896.4,16.9087,424.273,11.714
0.0276104,33419.8,51.9471,0.0403728,0.785419,-22040.5,-17.1291,424.255,11.7182,22038.1,17.1284,424.273,11.7182
0.0276204,33419.8,52.2813,0.040894,0.78542,-22182.3,-17.3502,424.255,11.7224,22179.9,17.3495,424.273,11.7224
0.0276304,33419.8,52.6156,0.0414185,0.78542,-22324.1,-17.5728,424.255,11.7267,22321.7,17.572,424.273,11.7267
0.0276404,33419.8,52.9498,0.0419464,0.78542,-22465.9,-17.7967,424.255,11.7309,22463.4,17.7959,424.273,11.7309
0.0276504,33419.8,53.284,0.0424776,0.785421,-22607.8,-18.0221,424.254,11.7352,22605.2,18.0213,424.274,11.7352
0.0276604,33419.8,53.6182,0.0430121,0.785421,-22749.6,-18.2489,424.254,11.7394,22747,18.2481,424.274,11.7394
0.0276704,33419.8,53.9524,0.04355,0.785422,-22891.4,-18.4771,424.254,11.7437,22888.7,18.4763,424.274,11.7437
0.0276804,33419.8,54.2866,0.0440912,0.785422,-23033.2,-18.7068,424.254,11.7479,23030.5,18.7059,424.274,11.7479
0.0276904,33419.8,54.6209,0.0446358,0.785423,-23175.1,-18.9378,424.254,11.7521,23172.3,18.9369,424.274,11.7521
0.0277004,33419.8,54.9551,0.0451837,0.785423,-23316.9,-19.1703,424.254,11.7564,23314,19.1693,424.275,11.7564
0.0277104,33419.8,55.2893,0.0457349,0.785423,-23458.7,-19.4042,424.253,11.7606,23455.8,19.4032,424.275,11.7606
0.0277204,33419.8,55.6235,0.0462895,0.785424,-23600.6,-19.6395,424.253,11.7649,23597.5,19.6385,424.275,11.7649
0.0277304,33419.8,55.9577,0.0468475,0.785424,-23742.4,-19.8762,424.253,11.7691,23739.3,19.8752,424.275,11.7691
0.0277404,33419.8,56.2919,0.0474087,0.785425,-23884.2,-20.1144,424.253,11.7734,23881.1,20.1133,424.275,11.7734
0.0277504,33419.8,56.6262,0.0479734,0.785425,-24026.1,-20.3539,424.253,11.7776,24022.8,20.3528,424.276,11.7776
0.0277604,33419.8,56.9604,0.0485413,0.785426,-24167.9,-20.5949,424.252,11.7818,24164.6,20.5938,424.276,11.7818
0.0277704,33419.8,57.2946,0.0491126,0.785426,-24309.7,-20.8373,424.252,11.7861,24306.3,20.8361,424.276,11.7861
0.0277804,33419.8,57.6288,0.0496873,0.785427,-24451.6,-21.0811,424.252,11.7903,24448.1,21.0799,424.276,11.7903
0.0277904,33419.8,57.963,0.0502653,0.785427,-24593.4,-21.3264,424.252,11.7946,24589.8,21.3251,424.276,11.7946
0.0278004,33419.8,58.2972,0.0508466,0.785428,-24735.3,-21.573,424.251,11.7988,24731.6,21.5717,424.277,11.7988
0.0278104,33419.8,58.6315,0.0514313,0.785428,-24877.1,-21.8211,424.251,11.8031,24873.3,21.8198,424.277,11.8031
0.0278204,33419.8,58.9657,0.0520193,0.785429,-25018.9,-22.0706,424.251,11.8073,25015.1,22.0692,424.277,11.8073
0.0278304,33419.8,59.2999,0.0526107,0.785429,-25160.8,-22.3215,424.251,11.8115,25156.9,22.3201,424.277,11.8115
0.0278404,33419.8,59.6341,0.0532054,0.78543,-25302.6,-22.5738,424.251,11.8158,25298.6,22.5724,424.277,11.8158
0.0278504,33419.8,59.9683,0.0538034,0.78543,-25444.5,-22.8276,424.25,11.82,25440.4,22.8261,424.278,11.82
0.0278604,33419.8,60.3025,0.0544048,0.785431,-25586.3,-23.0828,424.25,11.8243,25582.1,23.0812,424.278,11.8243
0.0278704,33419.8,60.6368,0.0550095,0.785431,-25728.1,-23.3393,424.25,11.8285,25723.9,23.3378,424.278,11.8285
0.0278804,33419.8,60.971,0.0556176,0.785432,-25870,-23.5973,424.25,11.8328,25865.6,23.5957,424.278,11.8328
0.0278904,33419.8,61.3052,0.056229,0.785433,-26011.8,-23.8568,424.249,11.837,26007.4,23.8551,424.279,11.837
0.0279004,33419.8,61.6394,0.0568438,0.785433,-26153.7,-24.1176,424.249,11.8412,26149.1,24.1159,424.279,11.8412
0.0279104,33419.8,61.9736,0.0574619,0.785434,-26295.5,-24.3799,424.249,11.8455,26290.8,24.3781,424.279,11.8455
0.0279204,33419.8,62.3078,0.0580833,0.785434,-26437.4,-24.6435,424.249,11.8497,26432.6,24.6418,424.279,11.8497
0.0279304,33419.8,62.6421,0.0587081,0.785435,-26579.2,-24.9086,424.249,11.854,26574.3,24.9068,424.28,11.854
0.0279404,33419.8,62.9763,0.0593362,0.785435,-26721.1,-25.1752,424.248,11.8582,26716.1,25.1733,424.28,11.8582
0.0279504,33419.8,63.3105,0.0599677,0.785436,-26862.9,-25.4431,424.248,11.8625,26857.8,25.4412,424.28,11.8625
0.0279604,33419.8,63.6447,0.0606025,0.785437,-27004.8,-25.7124,424.248,11.8667,26999.6,25.7105,424.28,11.8667
0.0279704,33419.8,63.9789,0.0612406,0.785437,-27146.6,-25.9832,424.247,11.8709,27141.3,25.9812,424.281,11.8709
0.0279804,33419.8,64.3131,0.0618821,0.785438,-27288.5,-26.2554,424.247,11.8752,27283,26.2533,424.281,11.8752
0.0279904,33419.8,64.6473,0.062527,0.785438,-27430.3,-26.529,424.247,11.8794,27424.8,26.5269,424.281,11.8794
0.0280004,33419.8,64.9816,0.0631751,0.785439,-27572.2,-26.804,424.247,11.8837,27566.5,26.8018,424.281,11.8837
0.0280104,33419.8,65.3158,0.0638267,0.78544,-27714,-27.0805,424.246,11.8879,27708.3,27.0782,424.282,11.8879
0.0280204,33419.8,65.65,0.0644815,0.78544,-27855.9,-27.3584,424.246,11.8922,27850,27.356,424.282,11.8922
0.0280304,33419.8,65.9842,0.0651397,0.785441,-27997.7,-27.6376,424.246,11.8964,27991.7,27.6353,424.282,11.8964
0.0280404,33419.8,66.3184,0.0658013,0.785442,-28139.6,-27.9183,424.246,11.9006,28133.5,27.9159,424.283,11.9006
0.0280504,33419.8,66.6526,0.0664662,0.785442,-28281.4,-28.2005,424.245,11.9049,28275.2,28.198,424.283,11.9049
0.0280604,33419.8,66.9869,0.0671344,0.785443,-28423.3,-28.484,424.245,11.9091,28416.9,28.4814,424.283,11.9091
0.0280704,33419.8,67.3211,0.067806,0.785444,-28565.2,-28.769,424.245,11.9134,28558.7,28.7663,424.283,11.9134
0.0280804,33419.8,67.6553,0.0684809,0.785444,-28707,-29.0553,424.244,11.9176,28700.4,29.0527,424.284,11.9176
0.0280904,33419.8,67.9895,0.0691592,0.785445,-28848.9,-29.3431,424.244,11.9219,28842.1,29.3404,424.284,11.9219
0.0281004,33419.8,68.3237,0.0698408,0.785446,-28990.8,-29.6323,424.244,11.9261,28983.9,29.6295,424.284,11.9261
0.0281104,33419.8,68.6579,0.0705257,0.785446,-29132.6,-29.923,424.244,11.9303,29125.6,29.9201,424.285,11.9303
0.0281204,33419.8,68.9922,0.071214,0.785447,-29274.5,-30.215,424.243,11.9346,29267.3,30.2121,424.285,11.9346
0.0281304,33419.8,69.3264,0.0719056,0.785448,-29416.3,-30.5085,424.243,11.9388,29409,30.5055,424.285,11.9388
0.0281404,33419.8,69.6606,0.0726006,0.785449,-29558.2,-30.8034,424.243,11.9431,29550.8,30.8003,424.285,11.9431
0.0281504,33419.8,69.9948,0.0732989,0.785449,-29700.1,-31.0997,424.242,11.9473,29692.5,31.0965,424.286,11.9473
0.0281604,33419.8,70.329,0.0740006,0.78545,-29842,-31.3974,424.242,11.9516,29834.2,31.3942,424.286,11.9516
0.0281704,33419.8,70.6632,0.0747056,0.785451,-29983.8,-31.6966,424.242,11.9558,29975.9,31.6932,424.286,11.9558
0.0281804,33419.8,70.9975,0.0754139,0.785452,-30125.7,-31.9971,424.241,11.96,30117.6,31.9937,424.287,11.96
0.0281904,33419.8,71.3317,0.0761256,0.785452,-30267.6,-32.2991,424.241,11.9643,30259.4,32.2956,424.287,11.9643
0.0282004,33419.8,71.6659,0.0768406,0.785453,-30409.4,-32.6025,424.241,11.9685,30401.1,32.5989,424.287,11.9685
0.0282104,33419.8,72.0001,0.077559,0.785454,-30551.3,-32.9073,424.24,11.9728,30542.8,32.9037,424.288,11.9728
0.0282204,33419.8,72.3343,0.0782807,0.785455,-30693.2,-33.2136,424.24,11.977,30684.5,33.2098,424.288,11.977
0.0282304,33419.8,72.6685,0.0790058,0.785455,-30835.1,-33.5212,424.24,11.9813,30826.2,33.5174,424.288,11.9813
0.0282404,33419.8,73.0028,0.0797342,0.785456,-30976.9,-33.8303,424.239,11.9855,30967.9,33.8264,424.289,11.9855
0.0282504,33419.8,73.337,0.0804659,0.785457,-31118.8,-34.1408,424.239,11.9897,31109.7,34.1368,424.289,11.9897
0.0282604,33419.8,73.6712,0.081201,0.785458,-31260.7,-34.4527,424.239,11.994,31251.4,34.4486,424.289,11.994
0.0282704,33419.8,74.0054,0.0819394,0.785459,-31402.6,-34.766,424.238,11.9982,31393.1,34.7618,424.29,11.9982
0.0282804,33419.8,74.3396,0.0826812,0.78546,-31544.5,-35.0808,424.238,12.0025,31534.8,35.0765,424.29,12.0025
0.0282904,33419.8,74.6738,0.0834263,0.78546,-31686.3,-35.397,424.238,12.0067,31676.5,35.3926,424.29,12.0067
0.0283004,33419.8,75.0081,0.0841747,0.785461,-31828.2,-35.7146,424.237,12.011,31818.2,35.7101,424.291,12.011
0.0283104,33419.8,75.3423,0.0849265,0.785462,-31970.1,-36.0336,424.237,12.0152,31959.9,36.029,424.291,12.0152
0.0283204,33419.8,75.6765,0.0856817,0.785463,-32112,-36.354,424.237,12.0194,32101.6,36.3493,424.292,12.0195
0.0283304,33419.8,76.0107,0.0864401,0.785464,-32253.9,-36.6758,424.236,12.0237,32243.3,36.671,424.292,12.0237
0.0283404,33419.8,76.3449,0.087202,0.785465,-32395.8,-36.9991,424.236,12.0279,32385,36.9942,424.292,12.0279
0.0283504,33419.8,76.6791,0.0879671,0.785465,-32537.7,-37.3238,424.236,12.0322,32526.7,37.3188,424.293,12.0322
0.0283604,33419.8,77.0134,0.0887356,0.785466,-32679.6,-37.6499,424.235,12.0364,32668.4,37.6448,424.293,12.0364
0.0283704,33419.8,77.3476,0.0895075,0.785467,-32821.5,-37.9774,424.235,12.0406,32810.1,37.9722,424.293,12.0407
0.0283804,33419.8,77.6818,0.0902827,0.785468,-32963.4,-38.3064,424.234,12.0449,32951.8,38.301,424.294,12.0449
0.0283904,33419.8,78.016,0.0910612,0.785469,-33105.2,-38.6367,424.234,12.0491,33093.5,38.6312,424.294,12.0492
0.0284004,33419.8,78.3502,0.0918431,0.78547,-33247.1,-38.9685,424.234,12.0534,33235.2,38.9629,424.295,12.0534
0.0284104,33419.8,78.6844,0.0926283,0.785471,-33389,-39.3017,424.233,12.0576,33376.9,39.296,424.295,12.0576
0.0284204,33419.8,79.0186,0.0934168,0.785472,-33530.9,-39.6363,424.233,12.0619,33518.6,39.6305,424.295,12.0619
0.0284304,33419.8,79.3529,0.0942087,0.785473,-33672.8,-39.9724,424.232,12.0661,33660.3,39.9664,424.296,12.0661
0.0284404,33419.8,79.6871,0.095004,0.785474,-33814.7,-40.3098,424.232,12.0703,33802,40.3037,424.296,12.0704
0.0284504,33419.8,80.0213,0.0958026,0.785475,-33956.7,-40.6487,424.232,12.0746,33943.7,40.6425,424.297,12.0746
0.0284604,33419.8,80.3555,0.0966045,0.785476,-34098.6,-40.989,424.231,12.0788,34085.4,40.9826,424.297,12.0789
0.0284704,33419.8,80.6897,0.0974098,0.785477,-34240.5,-41.3307,424.231,12.0831,34227,41.3242,424.297,12.0831
0.0284804,33419.8,81.0239,0.0982184,0.785478,-34382.4,-41.6738,424.23,12.0873,34368.7,41.6672,424.298,12.0873
0.0284904,33419.8,81.3582,0.0990303,0.785479,-34524.3,-42.0184,424.23,12.0915,34510.4,42.0116,424.298,12.0916
0.0285004,33419.8,81.6924,0.0998456,0.78548,-34666.2,-42.3644,424.23,12.0958,34652.1,42.3575,424.299,12.0958
0.0285104,33419.8,82.0266,0.100664,0.785481,-34808.1,-42.7118,424.229,12.1,34793.8,42.7047,424.299,12.1001
0.0285204,33419.8,82.3608,0.101486,0.785482,-34950,-43.0606,424.229,12.1043,34935.4,43.0534,424.299,12.1043
0.0285304,33419.8,82.695,0.102312,0.785483,-35091.9,-43.4108,424.228,12.1085,35077.1,43.4035,424.3,12.1086
0.0285404,33419.8,83.0292,0.10314,0.785484,-35233.8,-43.7624,424.228,12.1128,35218.8,43.755,424.3,12.1128
0.0285504,33419.8,83.3635,0.103972,0.785485,-35375.8,-44.1155,424.227,12.117,35360.5,44.1079,424.301,12.117
0.0285604,33419.8,83.6977,0.104808,0.785486,-35517.7,-44.47,424.227,12.1212,35502.1,44.4622,424.301,12.1213
0.0285704,33419.8,84.0319,0.105646,0.785487,-35659.6,-44.8259,424.226,12.1255,35643.8,44.818,424.302,12.1255
0.0285804,33419.8,84.3661,0.106488,0.785488,-35801.5,-45.1832,424.226,12.1297,35785.5,45.1751,424.302,12.1298
0.0285904,33419.8,84.7003,0.107334,0.785489,-35943.4,-45.542,424.226,12.134,35927.2,45.5337,424.303,12.134
0.0286004,33419.8,85.0345,0.108182,0.78549,-36085.4,-45.9021,424.225,12.1382,36068.8,45.8937,424.303,12.1383
0.0286104,33419.8,85.3688,0.109034,0.785491,-36227.3,-46.2637,424.225,12.1425,36210.5,46.2551,424.303,12.1425
0.0286204,33419.8,85.703,0.10989,0.785492,-36369.2,-46.6267,424.224,12.1467,36352.2,46.618,424.304,12.1467
0.0286304,33419.8,86.0372,0.110749,0.785493,-36511.2,-46.9911,424.224,12.1509,36493.8,46.9822,424.304,12.151
0.0286404,33419.8,86.3714,0.111611,0.785494,-36653.1,-47.357,424.223,12.1552,36635.5,47.3479,424.305,12.1552
0.0286504,33419.8,86.7056,0.112476,0.785495,-36795,-47.7242,424.223,12.1594,36777.1,47.7149,424.305,12.1595
0.0286604,33419.8,87.0398,0.113345,0.785497,-36937,-48.0929,424.222,12.1637,36918.8,48.0835,424.306,12.1637
0.0286704,33419.8,87.3741,0.114217,0.785498,-37078.9,-48.463,424.222,12.1679,37060.4,48.4534,424.306,12.168
0.0286804,33419.8,87.7083,0.115093,0.785499,-37220.8,-48.8345,424.221,12.1721,37202.1,48.8247,424.307,12.1722
0.0286904,33419.8,88.0425,0.115971,0.7855,-37362.8,-49.2075,424.221,12.1764,37343.8,49.1974,424.307,12.1764
0.0287004,33419.8,88.3767,0.116853,0.785501,-37504.7,-49.5818,424.22,12.1806,37485.4,49.5716,424.308,12.1807
0.0287104,33419.8,88.7109,0.117739,0.785502,-37646.7,-49.9576,424.22,12.1849,37627.1,49.9472,424.308,12.1849
0.0287204,33419.8,89.0451,0.118628,0.785504,-37788.6,-50.3348,424.219,12.1891,37768.7,50.3242,424.309,12.1892
0.0287304,33419.8,89.3794,0.11952,0.785505,-37930.6,-50.7134,424.219,12.1934,37910.3,50.7026,424.309,12.1934
0.0287404,33419.8,89.7136,0.120415,0.785506,-38072.5,-51.0935,424.218,12.1976,38052,51.0824,424.31,12.1977
0.0287504,33419.8,90.0478,0.121314,0.785507,-38214.4,-51.4749,424.218,12.2018,38193.6,51.4637,424.31,12.2019
0.0287604,33419.8,90.382,0.122217,0.785508,-38356.4,-51.8578,424.217,12.2061,38335.3,51.8464,424.311,12.2061
0.0287704,33419.8,90.7162,0.123122,0.78551,-38498.3,-52.2421,424.217,12.2103,38476.9,52.2304,424.311,12.2104
0.0287804,33419.8,91.0504,0.124031,0.785511,-38640.3,-52.6278,424.216,12.2146,38618.5,52.6159,424.312,12.2146
0.0287904,33419.8,91.3847,0.124943,0.785512,-38782.3,-53.0149,424.216,12.2188,38760.2,53.0029,424.312,12.2189
0.0288005,33419.8,91.7189,0.125859,0.785513,-38924.2,-53.4035,424.215,12.223,38901.8,53.3912,424.313,12.2231
0.0288105,33419.8,92.0531,0.126778,0.785515,-39066.2,-53.7935,424.215,12.2273,39043.4,53.7809,424.313,12.2274
0.0288205,33419.8,92.3873,0.1277,0.785516,-39208.1,-54.1848,424.214,12.2315,39185.1,54.1721,424.314,12.2316
0.0288305,33419.8,92.7215,0.128625,0.785517,-39350.1,-54.5777,424.214,12.2358,39326.7,54.5647,424.315,12.2358
0.0288405,33419.8,93.0557,0.129554,0.785518,-39492.1,-54.9719,424.213,12.24,39468.3,54.9587,424.315,12.2401
0.0288505,33419.8,93.3899,0.130487,0.78552,-39634,-55.3675,424.212,12.2443,39610,55.3541,424.316,12.2443
0.0288605,33419.8,93.7242,0.131422,0.785521,-39776,-55.7646,424.212,12.2485,39751.6,55.7509,424.316,12.2486
0.0288705,33419.8,94.0584,0.132361,0.785522,-39918,-56.1631,424.211,12.2527,39893.2,56.1492,424.317,12.2528
0.0288805,33419.8,94.3926,0.133304,0.785524,-40060,-56.563,424.211,12.257,40034.8,56.5488,424.317,12.2571
0.0288905,33419.8,94.7268,0.134249,0.785525,-40201.9,-56.9643,424.21,12.2612,40176.4,56.9499,424.318,12.2613
0.0289005,33419.8,95.061,0.135198,0.785526,-40343.9,-57.3671,424.21,12.2655,40318,57.3524,424.318,12.2655
0.0289105,33419.8,95.3952,0.136151,0.785528,-40485.9,-57.7713,424.209,12.2697,40459.7,57.7563,424.319,12.2698
0.0289205,33419.8,95.7295,0.137106,0.785529,-40627.9,-58.1769,424.209,12.274,40601.3,58.1616,424.32,12.274
0.0289305,33419.8,96.0637,0.138065,0.78553,-40769.8,-58.5839,424.208,12.2782,40742.9,58.5684,424.32,12.2783
0.0289405,33419.8,96.3979,0.139028,0.785532,-40911.8,-58.9923,424.207,12.2824,40884.5,58.9765,424.321,12.2825
0.0289505,33419.8,96.7321,0.139993,0.785533,-41053.8,-59.4022,424.207,12.2867,41026.1,59.3861,424.321,12.2868
0.0289605,33419.8,97.0663,0.140962,0.785535,-41195.8,-59.8134,424.206,12.2909,41167.7,59.7971,424.322,12.291
0.0289705,33419.8,97.4005,0.141935,0.785536,-41337.8,-60.2261,424.206,12.2952,41309.3,60.2095,424.323,12.2952
0.0289805,33419.8,97.7348,0.14291,0.785537,-41479.8,-60.6402,424.205,12.2994,41450.9,60.6233,424.323,12.2995
0.0289905,33419.8,98.069,0.14389,0.785539,-41621.8,-61.0558,424.204,12.3036,41592.5,61.0386,424.324,12.3037
0.0290005,33419.8,98.4032,0.144872,0.78554,-41763.8,-61.4727,424.204,12.3079,41734.1,61.4552,424.324,12.308
0.0290105,33419.8,98.7374,0.145858,0.785542,-41905.8,-61.8911,424.203,12.3121,41875.7,61.8733,424.325,12.3122
0.0290205,33419.8,99.0716,0.146847,0.785543,-42047.8,-62.3109,424.203,12.3164,42017.3,62.2928,424.326,12.3165
0.0290305,33419.8,99.4058,0.147839,0.785545,-42189.8,-62.7321,424.202,12.3206,42158.9,62.7137,424.326,12.3207
0.0290405,33419.8,99.7401,0.148835,0.785546,-42331.8,-63.1547,424.201,12.3249,42300.5,63.136,424.327,12.3249
0.0290505,33419.8,100.074,0.149834,0.785548,-42473.8,-63.5788,424.201,12.3291,42442,63.5597,424.328,12.3292
0.0290605,33419.8,100.408,0.150837,0.785549,-42615.8,-64.0042,424.2,12.3333,42583.6,63.9849,424.328,12.3334
0.0290705,33419.8,100.743,0.151842,0.785551,-42757.8,-64.4311,424.199,12.3376,42725.2,64.4115,424.329,12.3377
0.0290805,33419.8,101.077,0.152852,0.785552,-42899.8,-64.8594,424.199,12.3418,42866.8,64.8394,424.329,12.3419
0.0290905,33419.8,101.411,0.153864,0.785554,-43041.8,-65.2892,424.198,12.3461,43008.4,65.2688,424.33,12.3462
0.0291005,33419.8,101.745,0.15488,0.785555,-43183.9,-65.7203,424.197,12.3503,43149.9,65.6997,424.331,12.3504
0.0291105,33419.8,102.08,0.155899,0.785557,-43325.9,-66.1529,424.197,12.3545,43291.5,66.1319,424.331,12.3546
0.0291205,33419.8,102.414,0.156922,0.785558,-43467.9,-66.5869,424.196,12.3588,43433.1,66.5655,424.332,12.3589
0.0291305,33419.8,102.748,0.157947,0.78556,-43609.9,-67.0223,424.195,12.363,43574.6,67.0006,424.333,12.3631
0.0291405,33419.8,103.082,0.158977,0.785562,-43752,-67.4591,424.195,12.3673,43716.2,67.4371,424.333,12.3674
0.0291505,33419.8,103.416,0.160009,0.785563,-43894,-67.8974,424.194,12.3715,43857.8,67.875,424.334,12.3716
0.0291605,33419.8,103.751,0.161045,0.785565,-44036,-68.3371,424.193,12.3758,43999.3,68.3143,424.335,12.3759
0.0291705,33419.8,104.085,0.162084,0.785566,-44178,-68.7781,424.193,12.38,44140.9,68.755,424.335,12.3801
0.0291805,33419.8,104.419,0.163127,0.785568,-44320.1,-69.2207,424.192,12.3842,44282.4,69.1971,424.336,12.3843
0.0291905,33419.8,104.753,0.164173,0.78557,-44462.1,-69.6646,424.191,12.3885,44424,69.6407,424.337,12.3886
0.0292005,33419.8,105.088,0.165222,0.785571,-44604.2,-70.1099,424.191,12.3927,44565.6,70.0857,424.338,12.3928
0.0292105,33419.8,105.422,0.166275,0.785573,-44746.2,-70.5567,424.19,12.397,44707.1,70.5321,424.338,12.3971
0.0292205,33419.8,105.756,0.167331,0.785575,-44888.2,-71.0049,424.189,12.4012,44848.6,70.9799,424.339,12.4013
0.0292305,33419.8,106.09,0.16839,0.785576,-45030.3,-71.4545,424.188,12.4055,44990.2,71.4291,424.34,12.4056
0.0292405,33419.8,106.424,0.169453,0.785578,-45172.3,-71.9056,424.188,12.4097,45131.7,71.8797,424.34,12.4098
0.0292505,33419.8,106.759,0.170519,0.78558,-45314.4,-72.358,424.187,12.4139,45273.3,72.3318,424.341,12.414
0.0292605,33419.8,107.093,0.171588,0.785581,-45456.5,-72.8119,424.186,12.4182,45414.8,72.7852,424.342,12.4183
0.0292705,33419.8,107.427,0.172661,0.785583,-45598.5,-73.2672,424.186,12.4224,45556.3,73.2401,424.343,12.4225
0.0292805,33419.8,107.761,0.173737,0.785585,-45740.6,-73.7239,424.185,12.4267,45697.9,73.6964,424.343,12.4268
0.0292905,33419.8,108.095,0.174816,0.785587,-45882.6,-74.1821,424.184,12.4309,45839.4,74.1541,424.344,12.431
0.0293005,33419.8,108.43,0.175899,0.785588,-46024.7,-74.6416,424.183,12.4351,45980.9,74.6132,424.345,12.4353
0.0293105,33419.8,108.764,0.176985,0.78559,-46166.8,-75.1026,424.183,12.4394,46122.5,75.0738,424.346,12.4395
0.0293205,33419.8,109.098,0.178074,0.785592,-46308.8,-75.565,424.182,12.4436,46264,75.5357,424.346,12.4438
0.0293305,33419.8,109.432,0.179167,0.785594,-46450.9,-76.0288,424.181,12.4479,46405.5,75.9991,424.347,12.448
0.0293405,33419.8,109.767,0.180263,0.785596,-46593,-76.4941,424.18,12.4521,46547,76.4639,424.348,12.4522
0.0293505,33419.8,110.101,0.181362,0.785597,-46735.1,-76.9608,424.18,12.4564,46688.5,76.9301,424.349,12.4565
0.0293605,33419.8,110.435,0.182465,0.785599,-46877.1,-77.4288,424.179,12.4606,46830,77.3977,424.349,12.4607
0.0293705,33419.8,110.769,0.183571,0.785601,-47019.2,-77.8984,424.178,12.4648,46971.6,77.8668,424.35,12.465
0.0293805,33419.8,111.103,0.18468,0.785603,-47161.3,-78.3693,424.177,12.4691,47113.1,78.3372,424.351,12.4692
0.0293905,33419.8,111.438,0.185793,0.785605,-47303.4,-78.8416,424.176,12.4733,47254.6,78.8091,424.352,12.4735
0.0294005,33419.8,111.772,0.186909,0.785607,-47445.5,-79.3154,424.176,12.4776,47396.1,79.2823,424.352,12.4777
0.0294105,33419.8,112.106,0.188029,0.785608,-47587.6,-79.7906,424.175,12.4818,47537.6,79.757,424.353,12.4819
0.0294205,33419.8,112.44,0.189151,0.78561,-47729.7,-80.2672,424.174,12.486,47679.1,80.2331,424.354,12.4862
0.0294305,33419.8,112.774,0.190278,0.785612,-47871.8,-80.7452,424.173,12.4903,47820.6,80.7107,424.355,12.4904
0.0294405,33419.8,113.109,0.191407,0.785614,-48013.9,-81.2247,424.172,12.4945,47962.1,81.1896,424.356,12.4947
0.0294505,33419.8,113.443,0.19254,0.785616,-48156,-81.7056,424.172,12.4988,48103.5,81.67,424.357,12.4989
0.0294605,33419.8,113.777,0.193676,0.785618,-48298.1,-82.1879,424.171,12.503,48245,82.1517,424.357,12.5032
0.0294705,33419.8,114.111,0.194816,0.78562,-48440.2,-82.6716,424.17,12.5073,48386.5,82.6349,424.358,12.5074
0.0294805,33419.8,114.446,0.195958,0.785622,-48582.3,-83.1567,424.169,12.5115,48528,83.1195,424.359,12.5117
0.0294905,33419.8,114.78,0.197105,0.785624,-48724.4,-83.6433,424.168,12.5157,48669.5,83.6055,424.36,12.5159
0.0295005,33419.8,115.114,0.198254,0.785626,-48866.5,-84.1313,424.167,12.52,48810.9,84.093,424.361,12.5201
0.0295105,33419.8,115.448,0.199407,0.785628,-49008.6,-84.6207,424.167,12.5242,48952.4,84.5818,424.361,12.5244
0.0295205,33419.8,115.782,0.200563,0.78563,-49150.8,-85.1115,424.166,12.5285,49093.9,85.0721,424.362,12.5286
0.0295305,33419.8,116.117,0.201723,0.785632,-49292.9,-85.6037,424.165,12.5327,49235.3,85.5637,424.363,12.5329
0.0295405,33419.8,116.451,0.202886,0.785634,-49435,-86.0974,424.164,12.537,49376.8,86.0568,424.364,12.5371
0.0295505,33419.8,116.785,0.204052,0.785636,-49577.2,-86.5925,424.163,12.5412,49518.3,86.5513,424.365,12.5414
0.0295605,33419.8,117.119,0.205222,0.785638,-49719.3,-87.089,424.162,12.5454,49659.7,87.0472,424.366,12.5456
0.0295705,33419.8,117.454,0.206394,0.78564,-49861.4,-87.5869,424.161,12.5497,49801.2,87.5446,424.367,12.5498
0.0295805,33419.8,117.788,0.207571,0.785642,-50003.6,-88.0863,424.161,12.5539,49942.6,88.0433,424.368,12.5541
0.0295905,33419.8,118.122,0.20875,0.785644,-50145.7,-88.5871,424.16,12.5582,50084.1,88.5435,424.368,12.5583
0.0296005,33419.8,118.456,0.209933,0.785646,-50287.9,-89.0892,424.159,12.5624,50225.5,89.0451,424.369,12.5626
0.0296105,33419.8,118.79,0.21112,0.785648,-50430,-89.5929,424.158,12.5666,50367,89.548,424.37,12.5668
0.0296205,33419.8,119.125,0.212309,0.78565,-50572.2,-90.0979,424.157,12.5709,50508.4,90.0524,424.371,12.5711
0.0296305,33419.8,119.459,0.213502,0.785653,-50714.3,-90.6043,424.156,12.5751,50649.8,90.5583,424.372,12.5753
0.0296405,33419.8,119.793,0.214699,0.785655,-50856.5,-91.1122,424.155,12.5794,50791.3,91.0655,424.373,12.5796
0.0296505,33419.8,120.127,0.215898,0.785657,-50998.6,-91.6215,424.154,12.5836,50932.7,91.5742,424.374,12.5838
0.0296605,33419.8,120.461,0.217101,0.785659,-51140.8,-92.1323,424.153,12.5879,51074.1,92.0842,424.375,12.588
0.0296705,33419.8,120.796,0.218308,0.785661,-51283,-92.6444,424.152,12.5921,51215.6,92.5957,424.376,12.5923
0.0296805,33419.8,121.13,0.219517,0.785663,-51425.1,-93.158,424.152,12.5963,51357,93.1086,424.377,12.5965
0.0296905,33419.8,121.464,0.22073,0.785666,-51567.3,-93.673,424.151,12.6006,51498.4,93.6229,424.378,12.6008
0.0297005,33419.8,121.798,0.221947,0.785668,-51709.5,-94.1894,424.15,12.6048,51639.8,94.1386,424.378,12.605
0.0297105,33419.8,122.133,0.223166,0.78567,-51851.7,-94.7072,424.149,12.6091,51781.2,94.6557,424.379,12.6093
0.0297205,33419.8,122.467,0.224389,0.785672,-51993.8,-95.2265,424.148,12.6133,51922.6,95.1743,424.38,12.6135
0.0297305,33419.8,122.801,0.225616,0.785675,-52136,-95.7471,424.147,12.6175,52064,95.6942,424.381,12.6177
0.0297405,33419.8,123.135,0.226846,0.785677,-52278.2,-96.2692,424.146,12.6218,52205.4,96.2156,424.382,12.622
0.0297505,33419.8,123.469,0.228079,0.785679,-52420.4,-96.7928,424.145,12.626,52346.8,96.7384,424.383,12.6262
0.0297605,33419.8,123.804,0.229315,0.785681,-52562.6,-97.3177,424.144,12.6303,52488.2,97.2626,424.384,12.6305
0.0297705,33419.8,124.138,0.230555,0.785684,-52704.8,-97.8441,424.143,12.6345,52629.6,97.7882,424.385,12.6347
0.0297805,33419.8,124.472,0.231798,0.785686,-52847,-98.3719,424.142,12.6388,52771,98.3153,424.386,12.639
0.0297905,33419.8,124.806,0.233044,0.785688,-52989.2,-98.9011,424.141,12.643,52912.4,98.8437,424.387,12.6432
0.0298005,33419.8,125.14,0.234294,0.785691,-53131.4,-99.4317,424.14,12.6472,53053.8,99.3736,424.388,12.6475
0.0298105,33419.8,125.475,0.235547,0.785693,-53273.6,-99.9638,424.139,12.6515,53195.2,99.9048,424.389,12.6517
0.0298205,33419.8,125.809,0.236804,0.785695,-53415.9,-100.497,424.138,12.6557,53336.6,100.438,424.39,12.6559
0.0298305,33419.8,126.143,0.238064,0.785698,-53558.1,-101.032,424.137,12.66,53477.9,100.972,424.391,12.6602
0.0298405,33419.8,126.477,0.239327,0.7857,-53700.3,-101.568,424.136,12.6642,53619.3,101.507,424.392,12.6644
0.0298505,33419.8,126.812,0.240593,0.785702,-53842.5,-102.106,424.135,12.6684,53760.7,102.044,424.393,12.6687
0.0298605,33419.8,127.146,0.241863,0.785705,-53984.7,-102.645,424.134,12.6727,53902,102.582,424.394,12.6729
0.0298705,33419.8,127.48,0.243136,0.785707,-54127,-103.186,424.133,12.6769,54043.4,103.122,424.395,12.6772
0.0298805,33419.8,127.814,0.244413,0.78571,-54269.2,-103.728,424.132,12.6812,54184.7,103.663,424.396,12.6814
0.0298905,33419.8,128.148,0.245693,0.785712,-54411.5,-104.271,424.131,12.6854,54326.1,104.206,424.397,12.6857
0.0299005,33419.8,128.483,0.246976,0.785715,-54553.7,-104.816,424.13,12.6896,54467.4,104.75,424.398,12.6899
0.0299105,33419.8,128.817,0.248263,0.785717,-54695.9,-105.363,424.129,12.6939,54608.8,105.295,424.399,12.6941
0.0299205,33419.8,129.151,0.249553,0.78572,-54838.2,-105.91,424.128,12.6981,54750.1,105.842,424.4,12.6984
0.0299305,33419.8,129.485,0.250846,0.785722,-54980.4,-106.459,424.127,12.7024,54891.5,106.39,424.401,12.7026
0.0299405,33419.8,129.82,0.252142,0.785725,-55122.7,-107.01,424.126,12.7066,55032.8,106.94,424.403,12.7069
0.0299505,33419.8,130.154,0.253442,0.785727,-55265,-107.562,424.124,12.7109,55174.1,107.491,424.404,12.7111
0.0299605,33419.8,130.488,0.254746,0.78573,-55407.2,-108.115,424.123,12.7151,55315.5,108.044,424.405,12.7154
0.0299705,33419.8,130.822,0.256052,0.785732,-55549.5,-108.67,424.122,12.7193,55456.8,108.597,424.406,12.7196
0.0299805,33419.8,131.156,0.257362,0.785735,-55691.8,-109.226,424.121,12.7236,55598.1,109.153,424.407,12.7238
0.0299905,33419.8,131.491,0.258676,0.785737,-55834,-109.784,424.12,12.7278,55739.4,109.709,424.408,12.7281
0.0300005,33419.8,131.825,0.259992,0.78574,-55976.3,-110.343,424.119,12.7321,55880.7,110.268,424.409,12.7323
0.0300105,33419.8,132.159,0.261312,0.785743,-56118.6,-110.904,424.118,12.7363,56022,110.827,424.41,12.7366
0.0300205,33419.8,132.493,0.262636,0.785745,-56260.9,-111.465,424.117,12.7405,56163.3,111.388,424.411,12.7408
0.0300305,33419.8,132.827,0.263962,0.785748,-56403.2,-112.029,424.116,12.7448,56304.6,111.951,424.412,12.7451
0.0300405,33419.8,133.162,0.265292,0.785751,-56545.5,-112.594,424.115,12.749,56445.9,112.514,424.414,12.7493
0.0300505,33419.8,133.496,0.266626,0.785753,-56687.8,-113.16,424.113,12.7533,56587.2,113.079,424.415,12.7536
0.0300605,33419.8,133.83,0.267962,0.785756,-56830.1,-113.727,424.112,12.7575,56728.5,113.646,424.416,12.7578
0.0300705,33419.8,134.164,0.269302,0.785759,-56972.4,-114.296,424.111,12.7617,56869.8,114.214,424.417,12.762
0.0300805,33419.8,134.499,0.270646,0.785761,-57114.7,-114.867,424.11,12.766,57011.1,114.784,424.418,12.7663
0.0300905,33419.8,134.833,0.271992,0.785764,-57257,-115.439,424.109,12.7702,57152.4,115.354,424.419,12.7705
0.0301005,33419.8,135.167,0.273342,0.785767,-57399.3,-116.012,424.108,12.7745,57293.6,115.927,424.42,12.7748
0.0301105,33419.8,135.501,0.274696,0.785769,-57541.6,-116.587,424.107,12.7787,57434.9,116.5,424.422,12.779
0.0301205,33419.8,135.835,0.276053,0.785772,-57684,-117.163,424.105,12.7829,57576.2,117.075,424.423,12.7833
0.0301305,33419.8,136.17,0.277413,0.785775,-57826.3,-117.741,424.104,12.7872,57717.4,117.652,424.424,12.7875
0.0301405,33419.8,136.504,0.278776,0.785778,-57968.6,-118.32,424.103,12.7914,57858.7,118.23,424.425,12.7917
0.0301505,33419.8,136.838,0.280143,0.785781,-58111,-118.9,424.102,12.7957,58000,118.809,424.426,12.796
0.0301605,33419.8,137.172,0.281513,0.785783,-58253.3,-119.482,424.101,12.7999,58141.2,119.39,424.427,12.8002
0.0301705,33419.8,137.507,0.282887,0.785786,-58395.6,-120.065,424.099,12.8042,58282.5,119.972,424.429,12.8045
0.0301805,33419.8,137.841,0.284263,0.785789,-58538,-120.65,424.098,12.8084,58423.7,120.556,424.43,12.8087
0.0301905,33419.8,138.175,0.285644,0.785792,-58680.3,-121.236,424.097,12.8126,58564.9,121.141,424.431,12.813
0.0302005,33419.8,138.509,0.287027,0.785795,-58822.7,-121.824,424.096,12.8169,58706.2,121.727,424.432,12.8172
0.0302105,33419.8,138.843,0.288414,0.785798,-58965.1,-122.413,424.095,12.8211,58847.4,122.315,424.434,12.8215
0.0302205,33419.8,139.178,0.289804,0.7858,-59107.4,-123.003,424.093,12.8254,58988.6,122.904,424.435,12.8257
0.0302305,33419.8,139.512,0.291198,0.785803,-59249.8,-123.595,424.092,12.8296,59129.9,123.495,424.436,12.8299
0.0302405,33419.8,139.846,0.292594,0.785806,-59392.2,-124.188,424.091,12.8338,59271.1,124.087,424.437,12.8342
0.0302505,33419.8,140.18,0.293995,0.785809,-59534.5,-124.783,424.09,12.8381,59412.3,124.68,424.438,12.8384
0.0302605,33419.8,140.514,0.295398,0.785812,-59676.9,-125.379,424.088,12.8423,59553.5,125.275,424.44,12.8427
0.0302705,33419.8,140.849,0.296805,0.785815,-59819.3,-125.976,424.087,12.8466,59694.7,125.871,424.441,12.8469
0.0302805,33419.8,141.183,0.298215,0.785818,-59961.7,-126.575,424.086,12.8508,59835.9,126.469,424.442,12.8512
0.0302905,33419.8,141.517,0.299629,0.785821,-60104.1,-127.176,424.085,12.855,59977.1,127.068,424.443,12.8554
0.0303005,33419.8,141.851,0.301046,0.785824,-60246.5,-127.777,424.083,12.8593,60118.3,127.669,424.445,12.8597
0.0303105,33419.8,142.186,0.302466,0.785827,-60388.9,-128.381,424.082,12.8635,60259.5,128.27,424.446,12.8639
0.0303205,33419.8,142.52,0.30389,0.78583,-60531.3,-128.985,424.081,12.8678,60400.7,128.874,424.447,12.8681
0.0303305,33419.8,142.854,0.305317,0.785833,-60673.7,-129.591,424.079,12.872,60541.9,129.479,424.449,12.8724
0.0303405,33419.8,143.188,0.306747,0.785836,-60816.1,-130.199,424.078,12.8762,60683,130.085,424.45,12.8766
0.0303505,33419.8,143.522,0.308181,0.785839,-60958.5,-130.808,424.077,12.8805,60824.2,130.692,424.451,12.8809
0.0303605,33419.8,143.857,0.309618,0.785842,-61100.9,-131.418,424.076,12.8847,60965.4,131.301,424.452,12.8851
0.0303705,33419.8,144.191,0.311058,0.785846,-61243.4,-132.03,424.074,12.889,61106.5,131.912,424.454,12.8894
0.0303805,33419.8,144.525,0.312502,0.785849,-61385.8,-132.643,424.073,12.8932,61247.7,132.523,424.455,12.8936
0.0303905,33419.8,144.859,0.313949,0.785852,-61528.2,-133.257,424.072,12.8975,61388.9,133.137,424.456,12.8979
0.0304005,33419.8,145.193,0.315399,0.785855,-61670.7,-133.874,424.07,12.9017,61530,133.751,424.458,12.9021
0.0304105,33419.8,145.528,0.316853,0.785858,-61813.1,-134.491,424.069,12.9059,61671.2,134.367,424.459,12.9064
0.0304205,33419.8,145.862,0.31831,0.785861,-61955.6,-135.11,424.068,12.9102,61812.3,134.985,424.461,12.9106
0.0304305,33419.8,146.196,0.31977,0.785864,-62098,-135.73,424.066,12.9144,61953.4,135.604,424.462,12.9148
0.0304405,33419.8,146.53,0.321234,0.785868,-62240.5,-136.352,424.065,12.9187,62094.6,136.224,424.463,12.9191
0.0304505,33419.8,146.865,0.322701,0.785871,-62383,-136.975,424.063,12.9229,62235.7,136.846,424.465,12.9233
0.0304605,33419.8,147.199,0.324171,0.785874,-62525.4,-137.6,424.062,12.9271,62376.8,137.469,424.466,12.9276
0.0304705,33419.8,147.533,0.325645,0.785877,-62667.9,-138.226,424.061,12.9314,62517.9,138.093,424.467,12.9318
0.0304805,33419.8,147.867,0.327122,0.785881,-62810.4,-138.853,424.059,12.9356,62659,138.719,424.469,12.9361
0.0304905,33419.8,148.201,0.328602,0.785884,-62952.9,-139.482,424.058,12.9399,62800.1,139.346,424.47,12.9403
0.0305005,33419.8,148.536,0.330086,0.785887,-63095.3,-140.112,424.057,12.9441,62941.2,139.975,424.472,12.9446
0.0305105,33419.8,148.87,0.331573,0.785891,-63237.8,-140.744,424.055,12.9483,63082.4,140.605,424.473,12.9488
0.0305205,33419.8,149.204,0.333064,0.785894,-63380.3,-141.377,424.054,12.9526,63223.5,141.237,424.474,12.953
0.0305305,33419.8,149.538,0.334557,0.785897,-63522.8,-142.012,424.052,12.9568,63364.5,141.87,424.476,12.9573
0.0305405,33419.8,149.872,0.336055,0.785901,-63665.3,-142.647,424.051,12.9611,63505.6,142.504,424.477,12.9615
0.0305505,33419.8,150.207,0.337555,0.785904,-63807.9,-143.285,424.049,12.9653,63646.7,143.14,424.479,12.9658
0.0305605,33419.8,150.541,0.339059,0.785907,-63950.4,-143.924,424.048,12.9695,63787.8,143.777,424.48,12.97
0.0305705,33419.8,150.875,0.340566,0.785911,-64092.9,-144.564,424.047,12.9738,63928.9,144.416,424.481,12.9743
0.0305805,33419.8,151.209,0.342077,0.785914,-64235.4,-145.206,424.045,12.978,64069.9,145.056,424.483,12.9785
0.0305905,33419.8,151.544,0.34359,0.785918,-64377.9,-145.849,424.044,12.9823,64211,145.697,424.484,12.9828
0.0306005,33419.8,151.878,0.345108,0.785921,-64520.5,-146.493,424.042,12.9865,64352,146.34,424.486,12.987
0.0306105,33419.8,152.212,0.346628,0.785924,-64663,-147.139,424.041,12.9907,64493.1,146.984,424.487,12.9912
0.0306205,33419.8,152.546,0.348152,0.785928,-64805.6,-147.787,424.039,12.995,64634.1,147.63,424.489,12.9955
0.0306305,33419.8,152.88,0.349679,0.785931,-64948.1,-148.435,424.038,12.9992,64775.2,148.277,424.49,12.9997
0.0306405,33419.8,153.215,0.35121,0.785935,-65090.7,-149.086,424.036,13.0035,64916.2,148.926,424.492,13.004
0.0306506,33419.8,153.549,0.352744,0.785938,-65233.2,-149.737,424.035,13.0077,65057.2,149.576,424.493,13.0082
0.0306606,33419.8,153.883,0.354281,0.785942,-65375.8,-150.39,424.033,13.0119,65198.3,150.227,424.495,13.0125
0.0306706,33419.8,154.217,0.355822,0.785945,-65518.4,-151.045,424.032,13.0162,65339.3,150.88,424.496,13.0167
0.0306806,33419.8,154.552,0.357365,0.785949,-65660.9,-151.701,424.03,13.0204,65480.3,151.534,424.498,13.021
0.0306906,33419.8,154.886,0.358913,0.785953,-65803.5,-152.358,424.029,13.0247,65621.3,152.189,424.499,13.0252
0.0307006,33419.8,155.22,0.360463,0.785956,-65946.1,-153.017,424.027,13.0289,65762.3,152.846,424.501,13.0295
0.0307106,33419.8,155.554,0.362017,0.78596,-66088.7,-153.677,424.026,13.0331,65903.3,153.505,424.502,13.0337
0.0307206,33419.8,155.888,0.363575,0.785963,-66231.3,-154.339,424.024,13.0374,66044.3,154.164,424.504,13.0379
0.0307306,33419.8,156.223,0.365135,0.785967,-66373.9,-155.002,424.023,13.0416,66185.3,154.826,424.505,13.0422
0.0307406,33419.8,156.557,0.366699,0.785971,-66516.5,-155.666,424.021,13.0459,66326.3,155.488,424.507,13.0464
0.0307506,33419.8,156.891,0.368266,0.785974,-66659.1,-156.332,424.02,13.0501,66467.3,156.152,424.509,13.0507
0.0307606,33419.8,157.225,0.369837,0.785978,-66801.7,-157,424.018,13.0543,66608.3,156.818,424.51,13.0549
0.0307706,33419.8,157.559,0.371411,0.785982,-66944.3,-157.668,424.016,13.0586,66749.2,157.484,424.512,13.0592
0.0307806,33419.8,157.894,0.372989,0.785986,-67087,-158.339,424.015,13.0628,66890.2,158.153,424.513,13.0634
0.0307906,33419.8,158.228,0.374569,0.785989,-67229.6,-159.01,424.013,13.0671,67031.2,158.822,424.515,13.0677
0.0308006,33419.8,158.562,0.376153,0.785993,-67372.2,-159.683,424.012,13.0713,67172.1,159.493,424.516,13.0719
0.0308106,33419.8,158.896,0.377741,0.785997,-67514.9,-160.358,424.01,13.0756,67313.1,160.166,424.518,13.0761
0.0308206,33419.8,159.231,0.379331,0.786001,-67657.5,-161.034,424.008,13.0798,67454,160.84,424.52,13.0804
0.0308306,33419.8,159.565,0.380925,0.786004,-67800.2,-161.711,424.007,13.084,67594.9,161.515,424.521,13.0846
0.0308406,33419.8,159.899,0.382523,0.786008,-67942.8,-162.39,424.005,13.0883,67735.9,162.192,424.523,13.0889
0.0308506,33419.8,160.233,0.384124,0.786012,-68085.5,-163.07,424.004,13.0925,67876.8,162.87,424.524,13.0931
0.0308606,33419.8,160.567,0.385728,0.786016,-68228.1,-163.751,424.002,13.0968,68017.7,163.549,424.526,13.0974
0.0308706,33419.8,160.902,0.387335,0.78602,-68370.8,-164.435,424,13.101,68158.6,164.23,424.528,13.1016
0.0308806,33419.8,161.236,0.388946,0.786024,-68513.5,-165.119,423.999,13.1052,68299.6,164.913,424.529,13.1059
0.0308906,33419.8,161.57,0.39056,0.786028,-68656.2,-165.805,423.997,13.1095,68440.5,165.596,424.531,13.1101
0.0309006,33419.8,161.904,0.392177,0.786031,-68798.9,-166.492,423.995,13.1137,68581.4,166.281,424.533,13.1143
0.0309106,33419.8,162.238,0.393798,0.786035,-68941.6,-167.181,423.994,13.118,68722.2,166.968,424.534,13.1186
0.0309206,33419.8,162.573,0.395422,0.786039,-69084.3,-167.871,423.992,13.1222,68863.1,167.656,424.536,13.1228
0.0309306,33419.8,162.907,0.39705,0.786043,-69227,-168.563,423.99,13.1264,69004,168.345,424.538,13.1271
0.0309406,33419.8,163.241,0.398681,0.786047,-69369.7,-169.256,423.989,13.1307,69144.9,169.036,424.539,13.1313
0.0309506,33419.8,163.575,0.400315,0.786051,-69512.4,-169.95,423.987,13.1349,69285.8,169.728,424.541,13.1356
0.0309606,33419.8,163.91,0.401952,0.786055,-69655.1,-170.646,423.985,13.1392,69426.6,170.422,424.543,13.1398
0.0309706,33419.8,164.244,0.403593,0.786059,-69797.9,-171.343,423.983,13.1434,69567.5,171.117,424.544,13.1441
0.0309806,33419.8,164.578,0.405237,0.786063,-69940.6,-172.042,423.982,13.1476,69708.4,171.813,424.546,13.1483
0.0309906,33419.8,164.912,0.406885,0.786067,-70083.3,-172.742,423.98,13.1519,69849.2,172.511,424.548,13.1526
0.0310006,33419.8,165.246,0.408536,0.786072,-70226.1,-173.444,423.978,13.1561,69990,173.21,424.55,13.1568
0.0310106,33419.8,165.581,0.41019,0.786076,-70368.8,-174.147,423.977,13.1604,70130.9,173.911,424.551,13.1611
0.0310206,33419.8,165.915,0.411848,0.78608,-70511.6,-174.851,423.975,13.1646,70271.7,174.613,424.553,13.1653
0.0310306,33419.8,166.249,0.413509,0.786084,-70654.4,-175.557,423.973,13.1688,70412.5,175.316,424.555,13.1695
0.0310406,33419.8,166.583,0.415173,0.786088,-70797.1,-176.264,423.971,13.1731,70553.4,176.021,424.557,13.1738
0.0310506,33419.8,166.918,0.41684,0.786092,-70939.9,-176.973,423.97,13.1773,70694.2,176.728,424.558,13.178
0.0310606,33419.8,167.252,0.418511,0.786096,-71082.7,-177.683,423.968,13.1816,70835,177.435,424.56,13.1823
0.0310706,33419.8,167.586,0.420186,0.786101,-71225.5,-178.395,423.966,13.1858,70975.8,178.144,424.562,13.1865
0.0310806,33419.8,167.92,0.421863,0.786105,-71368.3,-179.108,423.964,13.19,71116.6,178.855,424.564,13.1908
0.0310906,33419.8,168.254,0.423544,0.786109,-71511.1,-179.822,423.962,13.1943,71257.4,179.567,424.566,13.195
0.0311006,33419.8,168.589,0.425229,0.786113,-71653.9,-180.538,423.961,13.1985,71398.1,180.28,424.567,13.1993
0.0311106,33419.8,168.923,0.426916,0.786117,-71796.7,-181.255,423.959,13.2028,71538.9,180.995,424.569,13.2035
0.0311206,33419.8,169.257,0.428607,0.786122,-71939.5,-181.974,423.957,13.207,71679.7,181.711,424.571,13.2078
0.0311306,33419.8,169.591,0.430302,0.786126,-72082.3,-182.694,423.955,13.2112,71820.5,182.429,424.573,13.212
0.0311406,33419.8,169.925,0.431999,0.78613,-72225.2,-183.416,423.953,13.2155,71961.2,183.147,424.575,13.2162
0.0311506,33419.8,170.26,0.4337,0.786135,-72368,-184.139,423.951,13.2197,72102,183.868,424.576,13.2205
0.0311606,33419.8,170.594,0.435405,0.786139,-72510.8,-184.863,423.95,13.2239,72242.7,184.59,424.578,13.2247
0.0311706,33419.8,170.928,0.437112,0.786143,-72653.7,-185.589,423.948,13.2282,72383.5,185.313,424.58,13.229
0.0311806,33419.8,171.262,0.438823,0.786148,-72796.5,-186.316,423.946,13.2324,72524.2,186.037,424.582,13.2332
0.0311906,33419.8,171.597,0.440538,0.786152,-72939.4,-187.045,423.944,13.2367,72664.9,186.763,424.584,13.2375
0.0312006,33419.8,171.931,0.442255,0.786157,-73082.3,-187.775,423.942,13.2409,72805.7,187.491,424.586,13.2417
0.0312106,33419.8,172.265,0.443976,0.786161,-73225.1,-188.507,423.94,13.2451,72946.4,188.22,424.588,13.246
0.0312206,33419.8,172.599,0.445701,0.786165,-73368,-189.24,423.938,13.2494,73087.1,188.95,424.59,13.2502
0.0312306,33419.8,172.933,0.447429,0.78617,-73510.9,-189.974,423.937,13.2536,73227.8,189.681,424.591,13.2545
0.0312406,33419.8,173.268,0.449159,0.786174,-73653.8,-190.71,423.935,13.2579,73368.5,190.414,424.593,13.2587
0.0312506,33419.8,173.602,0.450894,0.786179,-73796.6,-191.447,423.933,13.2621,73509.1,191.149,424.595,13.263
0.0312606,33419.8,173.936,0.452631,0.786183,-73939.5,-192.186,423.931,13.2663,73649.8,191.884,424.597,13.2672
0.0312706,33419.8,174.27,0.454372,0.786188,-74082.4,-192.926,423.929,13.2706,73790.4,192.621,424.599,13.2714
0.0312806,33419.8,174.604,0.456116,0.786193,-74225.3,-193.667,423.927,13.2748,73931.1,193.36,424.601,13.2757
0.0312906,33419.8,174.938,0.457863,0.786197,-74368.2,-194.41,423.925,13.2791,74071.7,194.1,424.603,13.2799
0.0313006,33419.8,175.273,0.459614,0.786202,-74511.1,-195.154,423.923,13.2833,74212.4,194.841,424.605,13.2842
0.0313106,33419.8,175.607,0.461368,0.786206,-74654,-195.9,423.921,13.2875,74353,195.584,424.607,13.2884
0.0313206,33419.8,175.941,0.463126,0.786211,-74796.9,-196.647,423.919,13.2918,74493.6,196.328,424.609,13.2927
0.0313306,33419.8,176.275,0.464887,0.786216,-74939.9,-197.396,423.917,13.296,74634.2,197.073,424.611,13.2969
0.0313406,33419.8,176.609,0.466651,0.78622,-75082.8,-198.146,423.915,13.3003,74774.8,197.82,424.613,13.3012
0.0313506,33419.8,176.943,0.468419,0.786225,-75225.7,-198.897,423.913,13.3045,74915.4,198.569,424.615,13.3054
0.0313606,33419.8,177.277,0.470189,0.78623,-75368.7,-199.65,423.911,13.3087,75056,199.319,424.617,13.3097
0.0313706,33419.8,177.612,0.471964,0.786234,-75511.6,-200.405,423.909,13.313,75196.6,200.07,424.619,13.3139
0.0313806,33419.8,177.946,0.473741,0.786239,-75654.6,-201.16,423.907,13.3172,75337.2,200.822,424.621,13.3181
0.0313906,33419.8,178.28,0.475522,0.786244,-75797.5,-201.917,423.905,13.3214,75477.8,201.576,424.623,13.3224
0.0314006,33419.8,178.614,0.477306,0.786249,-75940.5,-202.676,423.903,13.3257,75618.3,202.332,424.625,13.3266
0.0314106,33419.8,178.948,0.479094,0.786253,-76083.5,-203.436,423.901,13.3299,75758.9,203.088,424.627,13.3309
0.0314206,33419.8,179.282,0.480885,0.786258,-76226.5,-204.198,423.899,13.3342,75899.4,203.847,424.629,13.3351
0.0314306,33419.8,179.617,0.482679,0.786263,-76369.5,-204.96,423.897,13.3384,76040,204.606,424.631,13.3394
0.0314406,33419.8,179.951,0.484477,0.786268,-76512.5,-205.725,423.895,13.3426,76180.5,205.367,424.633,13.3436
0.0314506,33419.8,180.285,0.486278,0.786273,-76655.5,-206.49,423.893,13.3469,76321,206.13,424.635,13.3479
0.0314606,33419.8,180.619,0.488082,0.786277,-76798.5,-207.258,423.891,13.3511,76461.6,206.893,424.637,13.3521
0.0314706,33419.8,180.953,0.489889,0.786282,-76941.5,-208.026,423.889,13.3554,76602.1,207.659,424.639,13.3564
0.0314806,33419.8,181.287,0.4917,0.786287,-77084.5,-208.796,423.887,13.3596,76742.6,208.425,424.641,13.3606
0.0314905,33419.8,181.621,0.493515,0.786292,-77227.5,-209.568,423.885,13.3638,76883.1,209.193,424.643,13.3649
0.0315005,33419.8,181.956,0.495332,0.786297,-77370.6,-210.341,423.883,13.3681,77023.6,209.963,424.645,13.3691
0.0315105,33419.8,182.29,0.497153,0.786302,-77513.6,-211.115,423.88,13.3723,77164.1,210.734,424.647,13.3734
0.0315205,33419.8,182.624,0.498978,0.786307,-77656.7,-211.891,423.878,13.3766,77304.6,211.506,424.65,13.3776
0.0315305,33419.8,182.958,0.500805,0.786312,-77799.8,-212.668,423.876,13.3808,77445,212.279,424.652,13.3818
0.0315405,33419.8,183.292,0.502636,0.786317,-77942.8,-213.446,423.874,13.385,77585.5,213.054,424.654,13.3861
0.0315505,33419.8,183.626,0.504471,0.786322,-78085.9,-214.226,423.872,13.3893,77726,213.831,424.656,13.3903
0.0315605,33419.8,183.961,0.506308,0.786327,-78229,-215.008,423.87,13.3935,77866.4,214.609,424.658,13.3946
0.0315705,33419.8,184.295,0.508149,0.786332,-78372.1,-215.791,423.868,13.3978,78006.9,215.388,424.66,13.3988
0.0315805,33419.8,184.629,0.509994,0.786337,-78515.1,-216.575,423.865,13.402,78147.3,216.169,424.662,13.4031
0.0315905,33419.8,184.963,0.511842,0.786342,-78658.2,-217.361,423.863,13.4062,78287.8,216.951,424.664,13.4073
0.0316005,33419.8,185.297,0.513693,0.786348,-78801.4,-218.148,423.861,13.4105,78428.2,217.734,424.667,13.4116
0.0316105,33419.8,185.631,0.515547,0.786353,-78944.5,-218.937,423.859,13.4147,78568.6,218.519,424.669,13.4158
0.0316205,33419.8,185.965,0.517405,0.786358,-79087.6,-219.727,423.857,13.4189,78709,219.305,424.671,13.4201
0.0316305,33419.8,186.3,0.519266,0.786363,-79230.7,-220.518,423.854,13.4232,78849.4,220.093,424.673,13.4243
0.0316405,33419.8,186.634,0.52113,0.786368,-79373.9,-221.311,423.852,13.4274,78989.8,220.882,424.675,13.4286
0.0316505,33419.8,186.968,0.522998,0.786373,-79517,-222.106,423.85,13.4317,79130.2,221.673,424.678,13.4328
0.0316605,33419.8,187.302,0.524869,0.786379,-79660.2,-222.901,423.848,13.4359,79270.6,222.465,424.68,13.4371
0.0316705,33419.8,187.636,0.526744,0.786384,-79803.3,-223.699,423.846,13.4401,79411,223.258,424.682,13.4413
0.0316805,33419.8,187.97,0.528621,0.786389,-79946.5,-224.497,423.843,13.4444,79551.3,224.053,424.684,13.4455
0.0316905,33419.8,188.305,0.530502,0.786395,-80089.7,-225.297,423.841,13.4486,79691.7,224.849,424.687,13.4498
0.0317005,33419.8,188.639,0.532387,0.7864,-80232.9,-226.099,423.839,13.4528,79832,225.646,424.689,13.454
0.0317105,33419.8,188.973,0.534275,0.786405,-80376.1,-226.902,423.837,13.4571,79972.4,226.445,424.691,13.4583
0.0317205,33419.8,189.307,0.536166,0.786411,-80519.3,-227.706,423.834,13.4613,80112.7,227.245,424.693,13.4625
0.0317305,33419.8,189.641,0.53806,0.786416,-80662.5,-228.512,423.832,13.4656,80253,228.047,424.696,13.4668
0.0317405,33419.8,189.975,0.539958,0.786421,-80805.7,-229.319,423.83,13.4698,80393.4,228.85,424.698,13.471
0.0317505,33419.8,190.309,0.541859,0.786427,-80948.9,-230.128,423.827,13.474,80533.7,229.655,424.7,13.4753
0.0317605,33419.8,190.644,0.543764,0.786432,-81092.1,-230.938,423.825,13.4783,80674,230.461,424.703,13.4795
0.0317705,33419.8,190.978,0.545672,0.786438,-81235.4,-231.749,423.823,13.4825,80814.3,231.268,424.705,13.4838
0.0317805,33419.8,191.312,0.547583,0.786443,-81378.6,-232.562,423.821,13.4868,80954.6,232.077,424.707,13.488
0.0317905,33419.8,191.646,0.549497,0.786449,-81521.9,-233.377,423.818,13.491,81094.8,232.887,424.709,13.4923
0.0318005,33419.8,191.98,0.551415,0.786454,-81665.1,-234.193,423.816,13.4952,81235.1,233.699,424.712,13.4965
0.0318105,33419.8,192.314,0.553337,0.78646,-81808.4,-235.01,423.814,13.4995,81375.4,234.512,424.714,13.5008
0.0318205,33419.8,192.649,0.555261,0.786465,-81951.7,-235.829,423.811,13.5037,81515.6,235.326,424.716,13.505
0.0318305,33419.8,192.983,0.557189,0.786471,-82095,-236.649,423.809,13.5079,81655.9,236.142,424.719,13.5092
0.0318405,33419.8,193.317,0.55912,0.786476,-82238.2,-237.47,423.806,13.5122,81796.1,236.959,424.721,13.5135
0.0318505,33419.8,193.651,0.561055,0.786482,-82381.5,-238.293,423.804,13.5164,81936.4,237.777,424.724,13.5177
0.0318605,33419.8,193.985,0.562993,0.786487,-82524.9,-239.118,423.802,13.5207,82076.6,238.597,424.726,13.522
0.0318705,33419.8,194.319,0.564934,0.786493,-82668.2,-239.943,423.799,13.5249,82216.8,239.419,424.728,13.5262
0.0318805,33419.8,194.653,0.566879,0.786499,-82811.5,-240.771,423.797,13.5291,82357,240.241,424.731,13.5305
0.0318905,33419.8,194.988,0.568827,0.786504,-82954.8,-241.6,423.794,13.5334,82497.2,241.066,424.733,13.5347
0.0319005,33419.8,195.322,0.570778,0.78651,-83098.2,-242.43,423.792,13.5376,82637.4,241.891,424.736,13.539
0.0319105,33419.8,195.656,0.572733,0.786516,-83241.5,-243.261,423.79,13.5419,82777.6,242.718,424.738,13.5432
0.0319205,33419.8,195.99,0.57469,0.786522,-83384.9,-244.094,423.787,13.5461,82917.8,243.546,424.74,13.5475
0.0319305,33419.8,196.324,0.576652,0.786527,-83528.2,-244.929,423.785,13.5503,83058,244.376,424.743,13.5517
0.0319405,33419.8,196.658,0.578616,0.786533,-83671.6,-245.765,423.782,13.5546,83198.1,245.207,424.745,13.556
0.0319505,33419.8,196.993,0.580584,0.786539,-83815,-246.602,423.78,13.5588,83338.3,246.04,424.748,13.5602
0.0319605,33419.8,197.327,0.582556,0.786545,-83958.4,-247.441,423.777,13.563,83478.4,246.874,424.75,13.5645
0.0319705,33419.8,197.661,0.58453,0.786551,-84101.8,-248.281,423.775,13.5673,83618.6,247.709,424.753,13.5687
0.0319805,33419.8,197.995,0.586508,0.786556,-84245.2,-249.123,423.772,13.5715,83758.7,248.546,424.755,13.573
0.0319905,33419.8,198.329,0.58849,0.786562,-84388.6,-249.966,423.77,13.5758,83898.8,249.384,424.758,13.5772
0.0320005,33419.8,198.663,0.590475,0.786568,-84532,-250.81,423.767,13.58,84038.9,250.224,424.76,13.5815
0.0320105,33419.8,198.997,0.592463,0.786574,-84675.4,-251.656,423.765,13.5842,84179,251.065,424.763,13.5857
0.0320205,33419.8,199.332,0.594454,0.78658,-84818.9,-252.503,423.762,13.5885,84319.1,251.907,424.765,13.59
0.0320305,33419.8,199.666,0.596449,0.786586,-84962.3,-253.352,423.76,13.5927,84459.2,252.751,424.768,13.5942
0.0320405,33419.8,200,0.598447,0.786592,-85105.8,-254.202,423.757,13.5969,84599.3,253.596,424.77,13.5984
0.0320505,33419.8,200.334,0.600448,0.786598,-85249.2,-255.054,423.755,13.6012,84739.4,254.443,424.773,13.6027
0.0320605,33419.8,200.668,0.602453,0.786604,-85392.7,-255.907,423.752,13.6054,84879.4,255.291,424.775,13.6069
0.0320705,33419.8,201.002,0.604461,0.78661,-85536.2,-256.762,423.75,13.6097,85019.5,256.14,424.778,13.6112
0.0320805,33419.8,201.337,0.606472,0.786616,-85679.7,-257.618,423.747,13.6139,85159.5,256.991,424.78,13.6154
0.0320905,33419.8,201.671,0.608487,0.786622,-85823.2,-258.475,423.744,13.6181,85299.6,257.843,424.783,13.6197
0.0321005,33419.8,202.005,0.610505,0.786628,-85966.7,-259.334,423.742,13.6224,85439.6,258.697,424.786,13.6239
0.0321105,33419.8,202.339,0.612527,0.786634,-86110.2,-260.194,423.739,13.6266,85579.6,259.552,424.788,13.6282
0.0321205,33419.8,202.673,0.614551,0.78664,-86253.7,-261.056,423.737,13.6308,85719.6,260.408,424.791,13.6324
0.0321305,33419.8,203.007,0.61658,0.786647,-86397.2,-261.919,423.734,13.6351,85859.6,261.266,424.793,13.6367
0.0321405,33419.8,203.341,0.618611,0.786653,-86540.8,-262.784,423.731,13.6393,85999.6,262.125,424.796,13.6409
0.0321505,33419.8,203.676,0.620646,0.786659,-86684.3,-263.65,423.729,13.6436,86139.6,262.986,424.799,13.6452
0.0321605,33419.8,204.01,0.622684,0.786665,-86827.9,-264.517,423.726,13.6478,86279.6,263.848,424.801,13.6494
0.0321705,33419.8,204.344,0.624726,0.786671,-86971.5,-265.386,423.724,13.652,86419.5,264.711,424.804,13.6537
0.0321805,33419.8,204.678,0.62677,0.786678,-87115,-266.256,423.721,13.6563,86559.5,265.576,424.807,13.6579
0.0321905,33419.8,205.012,0.628819,0.786684,-87258.6,-267.128,423.718,13.6605,86699.4,266.442,424.809,13.6622
0.0322005,33419.8,205.346,0.63087,0.78669,-87402.2,-268.001,423.715,13.6647,86839.4,267.309,424.812,13.6664
0.0322105,33419.8,205.681,0.632925,0.786697,-87545.8,-268.876,423.713,13.669,86979.3,268.178,424.815,13.6707
0.0322205,33419.8,206.015,0.634983,0.786703,-87689.4,-269.752,423.71,13.6732,87119.2,269.049,424.817,13.6749
0.0322305,33419.8,206.349,0.637045,0.786709,-87833,-270.629,423.707,13.6774,87259.1,269.921,424.82,13.6792
0.0322405,33419.8,206.683,0.63911,0.786716,-87976.7,-271.508,423.705,13.6817,87399,270.794,424.823,13.6834
0.0322504,33419.8,207.017,0.641178,0.786722,-88120.3,-272.389,423.702,13.6859,87538.9,271.668,424.825,13.6877
0.0322604,33419.8,207.351,0.643249,0.786729,-88264,-273.27,423.699,13.6902,87678.8,272.544,424.828,13.6919
0.0322704,33419.8,207.685,0.645324,0.786735,-88407.6,-274.154,423.697,13.6944,87818.7,273.422,424.831,13.6961
0.0322804,33419.8,208.02,0.647403,0.786741,-88551.3,-275.038,423.694,13.6986,87958.5,274.3,424.834,13.7004
0.0322904,33419.8,208.354,0.649484,0.786748,-88695,-275.924,423.691,13.7029,88098.4,275.181,424.836,13.7046
0.0323004,33419.8,208.688,0.651569,0.786754,-88838.6,-276.812,423.688,13.7071,88238.3,276.062,424.839,13.7089
0.0323104,33419.8,209.022,0.653657,0.786761,-88982.3,-277.701,423.685,13.7113,88378.1,276.945,424.842,13.7131
0.0323204,33419.8,209.356,0.655749,0.786767,-89126.1,-278.591,423.683,13.7156,88517.9,277.83,424.845,13.7174
0.0323304,33419.8,209.69,0.657844,0.786774,-89269.8,-279.483,423.68,13.7198,88657.8,278.715,424.847,13.7216
0.0323404,33419.8,210.025,0.659942,0.786781,-89413.5,-280.377,423.677,13.7241,88797.6,279.602,424.85,13.7259
0.0323504,33419.8,210.359,0.662044,0.786787,-89557.2,-281.271,423.674,13.7283,88937.4,280.491,424.853,13.7301
0.0323604,33419.8,210.693,0.664149,0.786794,-89701,-282.168,423.672,13.7325,89077.1,281.381,424.856,13.7344
0.0323704,33419.8,211.027,0.666257,0.786801,-89844.7,-283.065,423.669,13.7368,89216.9,282.272,424.859,13.7386
0.0323804,33419.8,211.361,0.668369,0.786807,-89988.5,-283.964,423.666,13.741,89356.7,283.165,424.861,13.7429
0.0323904,33419.8,211.695,0.670484,0.786814,-90132.2,-284.865,423.663,13.7452,89496.5,284.059,424.864,13.7471
0.0324004,33419.8,212.029,0.672602,0.786821,-90276,-285.767,423.66,13.7495,89636.2,284.955,424.867,13.7514
0.0324104,33419.8,212.364,0.674724,0.786827,-90419.8,-286.67,423.657,13.7537,89776,285.852,424.87,13.7556
0.0324204,33419.8,212.698,0.676849,0.786834,-90563.6,-287.575,423.654,13.758,89915.7,286.75,424.873,13.7599
0.0324304,33419.8,213.032,0.678977,0.786841,-90707.4,-288.481,423.652,13.7622,90055.4,287.65,424.876,13.7641
0.0324404,33419.8,213.366,0.681109,0.786848,-90851.2,-289.389,423.649,13.7664,90195.1,288.551,424.879,13.7684
0.0324504,33419.8,213.7,0.683244,0.786855,-90995,-290.298,423.646,13.7707,90334.8,289.453,424.882,13.7726
0.0324604,33419.8,214.034,0.685382,0.786861,-91138.9,-291.208,423.643,13.7749,90474.5,290.357,424.884,13.7769
0.0324704,33419.8,214.369,0.687524,0.786868,-91282.7,-292.12,423.64,13.7791,90614.2,291.263,424.887,13.7811
0.0324804,33419.8,214.703,0.689669,0.786875,-91426.6,-293.034,423.637,13.7834,90753.9,292.169,424.89,13.7854
0.0324904,33419.8,215.037,0.691818,0.786882,-91570.4,-293.949,423.634,13.7876,90893.6,293.078,424.893,13.7896
0.0325004,33419.8,215.371,0.693969,0.786889,-91714.3,-294.865,423.631,13.7918,91033.2,293.987,424.896,13.7939
0.0325104,33419.8,215.705,0.696124,0.786896,-91858.2,-295.783,423.628,13.7961,91172.9,294.898,424.899,13.7981
0.0325204,33419.8,216.039,0.698283,0.786903,-92002.1,-296.702,423.625,13.8003,91312.5,295.81,424.902,13.8024
0.0325304,33419.8,216.373,0.700445,0.78691,-92146,-297.622,423.622,13.8045,91452.1,296.724,424.905,13.8066
0.0325404,33419.8,216.708,0.70261,0.786917,-92289.9,-298.544,423.619,13.8088,91591.8,297.639,424.908,13.8109
0.0325504,33419.8,217.042,0.704778,0.786924,-92433.8,-299.468,423.616,13.813,91731.4,298.556,424.911,13.8151
0.0325604,33419.8,217.376,0.70695,0.786931,-92577.8,-300.393,423.613,13.8173,91871,299.473,424.914,13.8194
0.0325704,33419.8,217.71,0.709125,0.786938,-92721.7,-301.319,423.61,13.8215,92010.6,300.393,424.917,13.8236
0.0325804,33419.8,218.044,0.711304,0.786945,-92865.7,-302.247,423.607,13.8257,92150.1,301.313,424.92,13.8279
0.0325904,33419.8,218.378,0.713486,0.786952,-93009.6,-303.176,423.604,13.83,92289.7,302.235,424.923,13.8321
0.0326004,33419.8,218.713,0.715671,0.786959,-93153.6,-304.107,423.601,13.8342,92429.2,303.159,424.926,13.8364
0.0326104,33419.8,219.047,0.717859,0.786967,-93297.6,-305.039,423.598,13.8384,92568.8,304.084,424.929,13.8406
0.0326204,33419.8,219.381,0.720051,0.786974,-93441.6,-305.973,423.595,13.8427,92708.3,305.01,424.932,13.8449
0.0326304,33419.8,219.715,0.722246,0.786981,-93585.6,-306.908,423.592,13.8469,92847.8,305.938,424.935,13.8491
0.0326404,33419.8,220.049,0.724445,0.786988,-93729.6,-307.844,423.589,13.8511,92987.4,306.867,424.938,13.8534
0.0326504,33419.8,220.383,0.726647,0.786995,-93873.6,-308.782,423.586,13.8554,93126.9,307.797,424.941,13.8576
0.0326604,33419.8,220.717,0.728852,0.787003,-94017.6,-309.721,423.583,13.8596,93266.4,308.729,424.944,13.8619
0.0326704,33419.8,221.052,0.73106,0.78701,-94161.7,-310.662,423.58,13.8639,93405.9,309.662,424.947,13.8661
0.0326804,33419.8,221.386,0.733272,0.787017,-94305.7,-311.604,423.577,13.8681,93545.3,310.597,424.95,13.8704
0.0326904,33419.8,221.72,0.735488,0.787025,-94449.8,-312.548,423.573,13.8723,93684.8,311.533,424.954,13.8746
0.0327004,33419.8,222.054,0.737706,0.787032,-94593.9,-313.493,423.57,13.8766,93824.2,312.47,424.957,13.8789
0.0327104,33419.8,222.388,0.739928,0.787039,-94738,-314.44,423.567,13.8808,93963.7,313.409,424.96,13.8831
0.0327204,33419.8,222.722,0.742153,0.787047,-94882.1,-315.388,423.564,13.885,94103.1,314.349,424.963,13.8874
0.0327304,33419.8,223.057,0.744382,0.787054,-95026.2,-316.337,423.561,13.8893,94242.5,315.291,424.966,13.8916
0.0327404,33419.8,223.391,0.746614,0.787062,-95170.3,-317.288,423.558,13.8935,94382,316.234,424.969,13.8959
0.0327504,33419.8,223.725,0.748849,0.787069,-95314.4,-318.24,423.555,13.8977,94521.4,317.178,424.972,13.9001
0.0327604,33419.8,224.059,0.751088,0.787077,-95458.6,-319.194,423.551,13.902,94660.7,318.124,424.976,13.9044
0.0327704,33419.8,224.393,0.75333,0.787084,-95602.7,-320.149,423.548,13.9062,94800.1,319.071,424.979,13.9086
0.0327804,33419.8,224.727,0.755575,0.787092,-95746.9,-321.106,423.545,13.9104,94939.5,320.02,424.982,13.9129
0.0327904,33419.8,225.061,0.757824,0.787099,-95891,-322.064,423.542,13.9147,95078.8,320.97,424.985,13.9171
0.0328004,33419.8,225.396,0.760076,0.787107,-96035.2,-323.023,423.538,13.9189,95218.2,321.921,424.988,13.9214
0.0328104,33419.8,225.73,0.762331,0.787115,-96179.4,-323.984,423.535,13.9232,95357.5,322.874,424.992,13.9256
0.0328204,33419.8,226.064,0.76459,0.787122,-96323.6,-324.947,423.532,13.9274,95496.8,323.828,424.995,13.9298
0.0328304,33419.8,226.398,0.766852,0.78713,-96467.8,-325.911,423.529,13.9316,95636.2,324.784,424.998,13.9341
0.0328404,33419.8,226.732,0.769117,0.787138,-96612,-326.876,423.525,13.9359,95775.5,325.741,425.001,13.9383
0.0328504,33419.8,227.066,0.771386,0.787145,-96756.3,-327.842,423.522,13.9401,95914.8,326.699,425.005,13.9426
0.0328604,33419.8,227.401,0.773658,0.787153,-96900.5,-328.811,423.519,13.9443,96054,327.659,425.008,13.9468
0.0328704,33419.8,227.735,0.775933,0.787161,-97044.8,-329.78,423.516,13.9486,96193.3,328.62,425.011,13.9511
0.0328804,33419.8,228.069,0.778212,0.787168,-97189,-330.751,423.512,13.9528,96332.6,329.582,425.014,13.9553
0.0328904,33419.8,228.403,0.780494,0.787176,-97333.3,-331.724,423.509,13.957,96471.8,330.546,425.018,13.9596
0.0329004,33419.8,228.737,0.782779,0.787184,-97477.6,-332.698,423.506,13.9613,96611.1,331.512,425.021,13.9639
0.0329104,33419.8,229.071,0.785068,0.787192,-97621.9,-333.673,423.502,13.9655,96750.3,332.478,425.024,13.9681
0.0329204,33419.8,229.405,0.78736,0.7872,-97766.2,-334.65,423.499,13.9697,96889.5,333.446,425.028,13.9724
0.0329304,33419.8,229.74,0.789656,0.787208,-97910.5,-335.628,423.496,13.974,97028.7,334.416,425.031,13.9766
0.0329404,33419.8,230.074,0.791954,0.787216,-98054.9,-336.608,423.492,13.9782,97167.9,335.387,425.034,13.9809
0.0329504,33419.8,230.408,0.794256,0.787223,-98199.2,-337.589,423.489,13.9824,97307.1,336.359,425.038,13.9851
0.0329604,33419.8,230.742,0.796562,0.787231,-98343.6,-338.572,423.486,13.9867,97446.2,337.332,425.041,13.9894
0.0329704,33419.8,231.076,0.798871,0.787239,-98488,-339.556,423.482,13.9909,97585.4,338.307,425.045,13.9936
0.0329804,33419.8,231.41,0.801183,0.787247,-98632.3,-340.541,423.479,13.9952,97724.5,339.284,425.048,13.9979
0.0329904,33419.8,231.745,0.803498,0.787255,-98776.7,-341.528,423.475,13.9994,97863.7,340.262,425.051,14.0021
0.0330003,33419.8,232.079,0.805817,0.787263,-98921.1,-342.516,423.472,14.0036,98002.8,341.241,425.055,14.0064
0.0330103,33419.8,232.413,0.808139,0.787272,-99065.5,-343.506,423.469,14.0079,98141.9,342.221,425.058,14.0106
0.0330203,33419.8,232.747,0.810465,0.78728,-99210,-344.497,423.465,14.0121,98281,343.203,425.062,14.0149
0.0330303,33419.8,233.081,0.812793,0.787288,-99354.4,-345.49,423.462,14.0163,98420.1,344.187,425.065,14.0191
0.0330403,33419.8,233.415,0.815126,0.787296,-99498.8,-346.484,423.458,14.0206,98559.2,345.172,425.068,14.0234
0.0330503,33419.8,233.749,0.817461,0.787304,-99643.3,-347.48,423.455,14.0248,98698.2,346.158,425.072,14.0276
0.0330603,33419.8,234.084,0.8198,0.787312,-99787.8,-348.477,423.451,14.029,98837.3,347.145,425.075,14.0319
0.0330703,33419.8,234.418,0.822142,0.78732,-99932.2,-349.475,423.448,14.0333,98976.4,348.134,425.079,14.0361
0.0330803,33419.8,234.752,0.824488,0.787329,-100077,-350.475,423.444,14.0375,99115.4,349.125,425.082,14.0404
0.0330903,33419.8,235.086,0.826837,0.787337,-100221,-351.477,423.441,14.0417,99254.4,350.116,425.086,14.0446
0.0331003,33419.8,235.42,0.829189,0.787345,-100366,-352.479,423.437,14.046,99393.4,351.109,425.089,14.0489
0.0331103,33419.8,235.754,0.831544,0.787354,-100510,-353.484,423.434,14.0502,99532.4,352.104,425.093,14.0531
0.0331203,33419.8,236.089,0.833903,0.787362,-100655,-354.489,423.43,14.0544,99671.4,353.1,425.096,14.0574
0.0331303,33419.8,236.423,0.836266,0.78737,-100799,-355.496,423.427,14.0587,99810.4,354.097,425.1,14.0616
0.0331403,33419.8,236.757,0.838631,0.787379,-100944,-356.505,423.423,14.0629,99949.3,355.096,425.103,14.0659
0.0331503,33419.8,237.091,0.841,0.787387,-101089,-357.515,423.419,14.0671,100088,356.096,425.107,14.0701
0.0331603,33419.8,237.425,0.843372,0.787395,-101233,-358.526,423.416,14.0714,100227,357.097,425.111,14.0744
0.0331703,33419.8,237.759,0.845748,0.787404,-101378,-359.539,423.412,14.0756,100366,358.1,425.114,14.0786
0.0331803,33419.8,238.093,0.848127,0.787412,-101522,-360.554,423.409,14.0798,100505,359.104,425.118,14.0829
0.0331903,33419.8,238.428,0.850509,0.787421,-101667,-361.57,423.405,14.0841,100644,360.11,425.121,14.0871
0.0332003,33419.8,238.762,0.852895,0.787429,-101812,-362.587,423.401,14.0883,100783,361.117,425.125,14.0914
0.0332103,33419.8,239.096,0.855284,0.787438,-101956,-363.606,423.398,14.0925,100922,362.125,425.129,14.0956
0.0332203,33419.8,239.43,0.857676,0.787446,-102101,-364.626,423.394,14.0968,101061,363.135,425.132,14.0999
0.0332303,33419.8,239.764,0.860072,0.787455,-102246,-365.647,423.391,14.101,101199,364.146,425.136,14.1041
0.0332403,33419.8,240.098,0.862471,0.787464,-102390,-366.67,423.387,14.1052,101338,365.159,425.139,14.1084
0.0332503,33419.8,240.433,0.864873,0.787472,-102535,-367.695,423.383,14.1095,101477,366.173,425.143,14.1126
0.0332603,33419.8,240.767,0.867279,0.787481,-102680,-368.721,423.38,14.1137,101616,367.188,425.147,14.1169
0.0332703,33419.8,241.101,0.869688,0.78749,-102824,-369.748,423.376,14.1179,101755,368.205,425.15,14.1211
0.0332803,33419.8,241.435,0.8721,0.787498,-102969,-370.777,423.372,14.1222,101894,369.223,425.154,14.1254
0.0332903,33419.8,241.769,0.874516,0.787507,-103114,-371.807,423.368,14.1264,102032,370.242,425.158,14.1296
0.0333003,33419.8,242.103,0.876935,0.787516,-103259,-372.839,423.365,14.1306,102171,371.263,425.162,14.1339
0.0333103,33419.8,242.437,0.879357,0.787525,-103403,-373.872,423.361,14.1349,102310,372.286,425.165,14.1381
0.0333203,33419.8,242.772,0.881783,0.787533,-103548,-374.907,423.357,14.1391,102449,373.309,425.169,14.1424
0.0333303,33419.8,243.106,0.884212,0.787542,-103693,-375.943,423.353,14.1433,102587,374.334,425.173,14.1466
0.0333403,33419.8,243.44,0.886645,0.787551,-103838,-376.98,423.35,14.1476,102726,375.361,425.176,14.1509
0.0333503,33419.8,243.774,0.88908,0.78756,-103983,-378.019,423.346,14.1518,102865,376.389,425.18,14.1551
0.0333603,33419.8,244.108,0.891519,0.787569,-104127,-379.06,423.342,14.156,103003,377.418,425.184,14.1594
0.0333703,33419.8,244.442,0.893962,0.787578,-104272,-380.102,423.338,14.1603,103142,378.448,425.188,14.1636
0.0333803,33419.8,244.777,0.896408,0.787587,-104417,-381.145,423.335,14.1645,103281,379.48,425.192,14.1679
0.0333903,33419.8,245.111,0.898857,0.787596,-104562,-382.19,423.331,14.1687,103419,380.514,425.195,14.1722
0.0334003,33419.8,245.445,0.901309,0.787605,-104707,-383.236,423.327,14.173,103558,381.548,425.199,14.1764
0.0334103,33419.8,245.779,0.903765,0.787614,-104852,-384.284,423.323,14.1772,103697,382.585,425.203,14.1807
0.0334203,33419.8,246.113,0.906224,0.787623,-104997,-385.333,423.319,14.1814,103835,383.622,425.207,14.1849
0.0334303,33419.8,246.447,0.908687,0.787632,-105142,-386.383,423.315,14.1857,103974,384.661,425.211,14.1892
0.0334403,33419.8,246.781,0.911152,0.787641,-105286,-387.435,423.311,14.1899,104112,385.701,425.215,14.1934
0.0334503,33419.8,247.116,0.913622,0.78765,-105431,-388.489,423.308,14.1941,104251,386.743,425.218,14.1977
0.0334603,33419.8,247.45,0.916094,0.787659,-105576,-389.544,423.304,14.1984,104390,387.786,425.222,14.2019
0.0334703,33419.8,247.784,0.91857,0.787668,-105721,-390.6,423.3,14.2026,104528,388.83,425.226,14.2062
0.0334803,33419.8,248.118,0.921049,0.787678,-105866,-391.658,423.296,14.2068,104667,389.876,425.23,14.2104
0.0334903,33419.8,248.452,0.923532,0.787687,-106011,-392.717,423.292,14.2111,104805,390.923,425.234,14.2147
0.0335003,33419.8,248.786,0.926017,0.787696,-106156,-393.778,423.288,14.2153,104944,391.972,425.238,14.2189
0.0335103,33419.8,249.121,0.928507,0.787705,-106301,-394.84,423.284,14.2195,105082,393.022,425.242,14.2232
0.0335203,33419.8,249.455,0.930999,0.787715,-106446,-395.903,423.28,14.2238,105221,394.073,425.246,14.2274
0.0335303,33419.8,249.789,0.933495,0.787724,-106591,-396.968,423.276,14.228,105359,395.126,425.25,14.2317
0.0335403,33419.8,250.123,0.935994,0.787733,-106737,-398.035,423.272,14.2322,105498,396.18,425.254,14.2359
0.0335503,33419.8,250.457,0.938497,0.787743,-106882,-399.103,423.268,14.2365,105636,397.236,425.258,14.2402
0.0335603,33419.8,250.791,0.941003,0.787752,-107027,-400.172,423.264,14.2407,105774,398.293,425.262,14.2444
0.0335703,33419.8,251.125,0.943512,0.787761,-107172,-401.243,423.26,14.2449,105913,399.351,425.266,14.2487
0.0335803,33419.8,251.46,0.946025,0.787771,-107317,-402.315,423.256,14.2492,106051,400.411,425.27,14.2529
0.0335903,33419.8,251.794,0.948541,0.78778,-107462,-403.389,423.252,14.2534,106190,401.472,425.274,14.2572
0.0336003,33419.8,252.128,0.95106,0.78779,-107607,-404.464,423.248,14.2576,106328,402.534,425.278,14.2615
0.0336103,33419.8,252.462,0.953582,0.787799,-107752,-405.541,423.244,14.2619,106466,403.598,425.282,14.2657
0.0336203,33419.8,252.796,0.956108,0.787809,-107898,-406.619,423.24,14.2661,106605,404.663,425.286,14.27
0.0336303,33419.8,253.13,0.958638,0.787818,-108043,-407.699,423.236,14.2703,106743,405.73,425.29,14.2742
0.0336403,33419.8,253.465,0.96117,0.787828,-108188,-408.78,423.232,14.2746,106881,406.798,425.294,14.2785
0.0336503,33419.8,253.799,0.963706,0.787838,-108333,-409.862,423.228,14.2788,107020,407.867,425.298,14.2827
0.0336603,33419.8,254.133,0.966246,0.787847,-108478,-410.946,423.224,14.283,107158,408.938,425.302,14.287
0.0336703,33419.8,254.467,0.968788,0.787857,-108624,-412.031,423.22,14.2873,107296,410.01,425.306,14.2912
0.0336803,33419.8,254.801,0.971334,0.787867,-108769,-413.118,423.215,14.2915,107435,411.084,425.31,14.2955
0.0336903,33419.8,255.135,0.973884,0.787876,-108914,-414.207,423.211,14.2957,107573,412.159,425.314,14.2997
0.0337003,33419.8,255.469,0.976436,0.787886,-109059,-415.296,423.207,14.3,107711,413.235,425.318,14.304
0.0337103,33419.8,255.804,0.978992,0.787896,-109205,-416.387,423.203,14.3042,107849,414.313,425.322,14.3082
0.0337203,33419.8,256.138,0.981552,0.787906,-109350,-417.48,423.199,14.3084,107987,415.392,425.327,14.3125
0.0337303,33419.8,256.472,0.984114,0.787916,-109495,-418.574,423.195,14.3127,108126,416.472,425.331,14.3167
0.0337403,33419.8,256.806,0.986681,0.787925,-109641,-419.67,423.19,14.3169,108264,417.554,425.335,14.321
0.0337503,33419.8,257.14,0.98925,0.787935,-109786,-420.767,423.186,14.3211,108402,418.637,425.339,14.3253
0.0337602,33419.8,257.474,0.991823,0.787945,-109931,-421.865,423.182,14.3254,108540,419.722,425.343,14.3295
0.0337702,33419.8,257.809,0.994399,0.787955,-110077,-422.965,423.178,14.3296,108678,420.807,425.348,14.3338
0.0337802,33419.8,258.143,0.996978,0.787965,-110222,-424.066,423.174,14.3338,108816,421.895,425.352,14.338
0.0337902,33419.8,258.477,0.999561,0.787975,-110367,-425.169,423.169,14.338,108954,422.984,425.356,14.3423
0.0338002,33419.8,258.811,1.00215,0.787985,-110513,-426.273,423.165,14.3423,109093,424.074,425.36,14.3465
0.0338102,33419.8,259.145,1.00474,0.787995,-110658,-427.379,423.161,14.3465,109231,425.165,425.364,14.3508
0.0338202,33419.8,259.479,1.00733,0.788005,-110804,-428.486,423.157,14.3507,109369,426.258,425.369,14.355
0.0338302,33419.8,259.813,1.00993,0.788015,-110949,-429.595,423.152,14.355,109507,427.352,425.373,14.3593
0.0338402,33419.8,260.148,1.01252,0.788025,-111095,-430.705,423.148,14.3592,109645,428.448,425.377,14.3635
0.0338502,33419.8,260.482,1.01513,0.788036,-111240,-431.817,423.144,14.3634,109783,429.545,425.382,14.3678
0.0338602,33419.8,260.816,1.01773,0.788046,-111386,-432.93,423.139,14.3677,109921,430.643,425.386,14.372
0.0338702,33419.8,261.15,1.02034,0.788056,-111531,-434.044,423.135,14.3719,110059,431.743,425.39,14.3763
0.0338802,33419.8,261.484,1.02296,0.788066,-111677,-435.16,423.131,14.3761,110197,432.844,425.395,14.3805
0.0338902,33419.8,261.818,1.02557,0.788076,-111822,-436.277,423.126,14.3804,110335,433.947,425.399,14.3848
0.0339002,33419.8,262.153,1.02819,0.788087,-111968,-437.396,423.122,14.3846,110473,435.05,425.403,14.3891
0.0339102,33419.8,262.487,1.03081,0.788097,-112113,-438.516,423.118,14.3888,110611,436.156,425.408,14.3933
0.0339202,33419.8,262.821,1.03344,0.788107,-112259,-439.638,423.113,14.3931,110749,437.262,425.412,14.3976
0.0339302,33419.8,263.155,1.03607,0.788118,-112405,-440.761,423.109,14.3973,110887,438.37,425.416,14.4018
0.0339402,33419.8,263.489,1.0387,0.788128,-112550,-441.886,423.104,14.4015,111024,439.48,425.421,14.4061
0.0339502,33419.8,263.823,1.04134,0.788138,-112696,-443.012,423.1,14.4057,111162,440.591,425.425,14.4103
0.0339602,33419.8,264.157,1.04398,0.788149,-112842,-444.139,423.095,14.41,111300,441.703,425.429,14.4146
0.0339702,33419.8,264.492,1.04662,0.788159,-112987,-445.268,423.091,14.4142,111438,442.816,425.434,14.4188
0.0339802,33419.8,264.826,1.04927,0.78817,-113133,-446.399,423.087,14.4184,111576,443.931,425.438,14.4231
0.0339902,33419.8,265.16,1.05192,0.78818,-113279,-447.531,423.082,14.4227,111714,445.048,425.443,14.4273
0.0340002,33419.8,265.494,1.05457,0.788191,-113424,-448.664,423.078,14.4269,111851,446.165,425.447,14.4316
0.0340102,33419.8,265.828,1.05723,0.788201,-113570,-449.799,423.073,14.4311,111989,447.284,425.452,14.4359
0.0340202,33419.8,266.162,1.05989,0.788212,-113716,-450.935,423.069,14.4354,112127,448.405,425.456,14.4401
0.0340302,33419.8,266.497,1.06255,0.788222,-113861,-452.073,423.064,14.4396,112265,449.526,425.461,14.4444
0.0340402,33419.8,266.831,1.06522,0.788233,-114007,-453.212,423.06,14.4438,112403,450.65,425.465,14.4486
0.0340502,33419.8,267.165,1.06789,0.788244,-114153,-454.353,423.055,14.4481,112540,451.774,425.47,14.4529
0.0340602,33419.8,267.499,1.07056,0.788254,-114299,-455.495,423.05,14.4523,112678,452.9,425.474,14.4571
0.0340702,33419.8,267.833,1.07323,0.788265,-114445,-456.638,423.046,14.4565,112816,454.028,425.479,14.4614
0.0340802,33419.8,268.167,1.07591,0.788276,-114590,-457.784,423.041,14.4607,112953,455.156,425.483,14.4656
0.0340902,33419.8,268.501,1.0786,0.788287,-114736,-458.93,423.037,14.465,113091,456.286,425.488,14.4699
0.0341002,33419.8,268.836,1.08128,0.788298,-114882,-460.078,423.032,14.4692,113229,457.418,425.492,14.4741
0.0341102,33419.8,269.17,1.08397,0.788308,-115028,-461.227,423.028,14.4734,113366,458.551,425.497,14.4784
0.0341202,33419.8,269.504,1.08667,0.788319,-115174,-462.378,423.023,14.4777,113504,459.685,425.502,14.4827
0.0341302,33419.8,269.838,1.08936,0.78833,-115320,-463.53,423.018,14.4819,113642,460.82,425.506,14.4869
0.0341402,33419.8,270.172,1.09206,0.788341,-115466,-464.684,423.014,14.4861,113779,461.957,425.511,14.4912
0.0341502,33419.8,270.506,1.09477,0.788352,-115612,-465.84,423.009,14.4904,113917,463.096,425.515,14.4954
0.0341602,33419.8,270.841,1.09747,0.788363,-115758,-466.996,423.004,14.4946,114054,464.235,425.52,14.4997
0.0341702,33419.8,271.175,1.10018,0.788374,-115904,-468.154,423,14.4988,114192,465.376,425.525,14.5039
0.0341802,33419.8,271.509,1.10289,0.788385,-116050,-469.314,422.995,14.503,114329,466.519,425.529,14.5082
0.0341902,33419.8,271.843,1.10561,0.788396,-116196,-470.475,422.99,14.5073,114467,467.663,425.534,14.5124
0.0342002,33419.8,272.177,1.10833,0.788407,-116342,-471.638,422.986,14.5115,114604,468.808,425.539,14.5167
0.0342102,33419.8,272.511,1.11105,0.788418,-116488,-472.802,422.981,14.5157,114742,469.954,425.543,14.521
0.0342202,33419.8,272.845,1.11378,0.788429,-116634,-473.967,422.976,14.52,114879,471.102,425.548,14.5252
0.0342302,33419.8,273.18,1.11651,0.78844,-116780,-475.134,422.971,14.5242,115017,472.252,425.553,14.5295
0.0342402,33419.8,273.514,1.11924,0.788452,-116926,-476.302,422.967,14.5284,115154,473.402,425.558,14.5337
0.0342502,33419.8,273.848,1.12198,0.788463,-117072,-477.472,422.962,14.5327,115292,474.554,425.562,14.538
0.0342602,33419.8,274.182,1.12472,0.788474,-117218,-478.643,422.957,14.5369,115429,475.708,425.567,14.5422
0.0342702,33419.8,274.516,1.12746,0.788485,-117364,-479.816,422.952,14.5411,115566,476.863,425.572,14.5465
0.0342802,33419.8,274.85,1.13021,0.788497,-117510,-480.99,422.947,14.5453,115704,478.019,425.577,14.5507
0.0342902,33419.8,275.185,1.13296,0.788508,-117656,-482.166,422.943,14.5496,115841,479.177,425.581,14.555
0.0343002,33419.8,275.519,1.13571,0.788519,-117802,-483.343,422.938,14.5538,115978,480.336,425.586,14.5593
0.0343102,33419.8,275.853,1.13847,0.788531,-117949,-484.522,422.933,14.558,116116,481.496,425.591,14.5635
0.0343202,33419.8,276.187,1.14123,0.788542,-118095,-485.702,422.928,14.5623,116253,482.658,425.596,14.5678
0.0343302,33419.8,276.521,1.14399,0.788553,-118241,-486.883,422.923,14.5665,116390,483.821,425.601,14.572
0.0343402,33419.8,276.855,1.14676,0.788565,-118387,-488.066,422.918,14.5707,116528,484.985,425.605,14.5763
0.0343502,33419.8,277.189,1.14953,0.788576,-118534,-489.251,422.914,14.575,116665,486.151,425.61,14.5805
0.0343602,33419.8,277.524,1.1523,0.788588,-118680,-490.437,422.909,14.5792,116802,487.318,425.615,14.5848
0.0343702,33419.8,277.858,1.15508,0.788599,-118826,-491.624,422.904,14.5834,116939,488.487,425.62,14.589
0.0343802,33419.8,278.192,1.15786,0.788611,-118972,-492.813,422.899,14.5876,117076,489.656,425.625,14.5933
0.0343902,33419.8,278.526,1.16064,0.788622,-119119,-494.003,422.894,14.5919,117214,490.828,425.63,14.5976
0.0344002,33419.8,278.86,1.16343,0.788634,-119265,-495.195,422.889,14.5961,117351,492,425.635,14.6018
0.0344102,33419.8,279.194,1.16622,0.788646,-119411,-496.388,422.884,14.6003,117488,493.174,425.64,14.6061
0.0344202,33419.8,279.529,1.16901,0.788657,-119558,-497.583,422.879,14.6046,117625,494.35,425.645,14.6103
0.0344302,33419.8,279.863,1.17181,0.788669,-119704,-498.779,422.874,14.6088,117762,495.527,425.65,14.6146
0.0344402,33419.8,280.197,1.17461,0.788681,-119850,-499.977,422.869,14.613,117899,496.705,425.655,14.6188
0.0344502,33419.8,280.531,1.17741,0.788693,-119997,-501.176,422.864,14.6172,118036,497.884,425.659,14.6231
0.0344602,33419.8,280.865,1.18022,0.788704,-120143,-502.376,422.859,14.6215,118173,499.065,425.664,14.6274
0.0344702,33419.8,281.199,1.18303,0.788716,-120290,-503.578,422.854,14.6257,118311,500.247,425.669,14.6316
0.0344802,33419.8,281.533,1.18584,0.788728,-120436,-504.782,422.849,14.6299,118448,501.431,425.674,14.6359
0.0344902,33419.8,281.868,1.18866,0.78874,-120583,-505.987,422.844,14.6342,118585,502.616,425.68,14.6401
0.0345002,33419.8,282.202,1.19148,0.788752,-120729,-507.193,422.839,14.6384,118722,503.803,425.685,14.6444
0.0345102,33419.8,282.536,1.1943,0.788764,-120876,-508.401,422.834,14.6426,118859,504.99,425.69,14.6486
0.0345201,33419.8,282.87,1.19713,0.788776,-121022,-509.61,422.829,14.6468,118996,506.179,425.695,14.6529
0.0345301,33419.8,283.204,1.19996,0.788788,-121169,-510.821,422.824,14.6511,119132,507.37,425.7,14.6572
0.0345401,33419.8,283.538,1.20279,0.7888,-121315,-512.033,422.818,14.6553,119269,508.562,425.705,14.6614
0.0345501,33419.8,283.873,1.20563,0.788812,-121462,-513.247,422.813,14.6595,119406,509.755,425.71,14.6657
0.0345601,33419.8,284.207,1.20847,0.788824,-121609,-514.462,422.808,14.6638,119543,510.949,425.715,14.6699
0.0345701,33419.8,284.541,1.21131,0.788836,-121755,-515.679,422.803,14.668,119680,512.145,425.72,14.6742
0.0345801,33419.8,284.875,1.21416,0.788848,-121902,-516.897,422.798,14.6722,119817,513.343,425.725,14.6784
0.0345901,33419.8,285.209,1.21701,0.78886,-122048,-518.117,422.793,14.6764,119954,514.542,425.73,14.6827
0.0346001,33419.8,285.543,1.21986,0.788872,-122195,-519.338,422.788,14.6807,120091,515.742,425.736,14.687
0.0346101,33419.8,285.877,1.22272,0.788885,-122342,-520.56,422.782,14.6849,120227,516.943,425.741,14.6912
0.0346201,33419.8,286.212,1.22558,0.788897,-122488,-521.784,422.777,14.6891,120364,518.146,425.746,14.6955
0.0346301,33419.8,286.546,1.22844,0.788909,-122635,-523.01,422.772,14.6933,120501,519.35,425.751,14.6997
0.0346401,33419.8,286.88,1.23131,0.788921,-122782,-524.237,422.767,14.6976,120638,520.555,425.756,14.704
0.0346501,33419.8,287.214,1.23418,0.788934,-122929,-525.465,422.761,14.7018,120775,521.762,425.761,14.7082
0.0346601,33419.8,287.548,1.23705,0.788946,-123075,-526.695,422.756,14.706,120911,522.971,425.767,14.7125
0.0346701,33419.8,287.882,1.23993,0.788958,-123222,-527.926,422.751,14.7103,121048,524.18,425.772,14.7168
0.0346801,33419.8,288.217,1.24281,0.788971,-123369,-529.159,422.746,14.7145,121185,525.391,425.777,14.721
0.0346901,33419.8,288.551,1.24569,0.788983,-123516,-530.393,422.74,14.7187,121321,526.604,425.782,14.7253
0.0347001,33419.8,288.885,1.24858,0.788996,-123663,-531.629,422.735,14.7229,121458,527.817,425.788,14.7295
0.0347101,33419.8,289.219,1.25147,0.789008,-123810,-532.866,422.73,14.7272,121595,529.032,425.793,14.7338
0.0347201,33419.8,289.553,1.25436,0.789021,-123956,-534.105,422.724,14.7314,121731,530.249,425.798,14.738
0.0347301,33419.8,289.887,1.25726,0.789033,-124103,-535.345,422.719,14.7356,121868,531.467,425.804,14.7423
0.0347401,33419.8,290.221,1.26016,0.789046,-124250,-536.587,422.714,14.7399,122004,532.686,425.809,14.7466
0.0347501,33419.8,290.556,1.26306,0.789059,-124397,-537.83,422.708,14.7441,122141,533.907,425.814,14.7508
0.0347601,33419.8,290.89,1.26597,0.789071,-124544,-539.074,422.703,14.7483,122278,535.129,425.82,14.7551
0.0347701,33419.8,291.224,1.26888,0.789084,-124691,-540.32,422.697,14.7525,122414,536.352,425.825,14.7593
0.0347801,33419.8,291.558,1.27179,0.789097,-124838,-541.568,422.692,14.7568,122551,537.577,425.83,14.7636
0.0347901,33419.8,291.892,1.27471,0.789109,-124985,-542.817,422.687,14.761,122687,538.802,425.836,14.7678
0.0348001,33419.8,292.226,1.27763,0.789122,-125132,-544.067,422.681,14.7652,122824,540.03,425.841,14.7721
0.0348101,33419.8,292.561,1.28055,0.789135,-125279,-545.319,422.676,14.7694,122960,541.259,425.846,14.7764
0.0348201,33419.8,292.895,1.28348,0.789148,-125426,-546.572,422.67,14.7737,123096,542.489,425.852,14.7806
0.0348301,33419.8,293.229,1.28641,0.789161,-125573,-547.827,422.665,14.7779,123233,543.72,425.857,14.7849
0.0348401,33419.8,293.563,1.28934,0.789173,-125720,-549.083,422.659,14.7821,123369,544.953,425.863,14.7891
0.0348501,33419.8,293.897,1.29228,0.789186,-125867,-550.341,422.654,14.7863,123506,546.187,425.868,14.7934
0.0348601,33419.8,294.231,1.29522,0.789199,-126014,-551.6,422.648,14.7906,123642,547.423,425.874,14.7977
0.0348701,33419.8,294.565,1.29816,0.789212,-126162,-552.861,422.643,14.7948,123778,548.66,425.879,14.8019
0.0348801,33419.8,294.9,1.30111,0.789225,-126309,-554.123,422.637,14.799,123915,549.898,425.885,14.8062
0.0348901,33419.8,295.234,1.30406,0.789238,-126456,-555.387,422.632,14.8033,124051,551.138,425.89,14.8104
0.0349001,33419.8,295.568,1.30702,0.789251,-126603,-556.652,422.626,14.8075,124187,552.379,425.896,14.8147
0.0349101,33419.8,295.902,1.30997,0.789264,-126750,-557.919,422.621,14.8117,124323,553.621,425.901,14.819
0.0349201,33419.8,296.236,1.31293,0.789277,-126898,-559.187,422.615,14.8159,124460,554.865,425.907,14.8232
0.0349301,33419.8,296.57,1.3159,0.789291,-127045,-560.456,422.609,14.8202,124596,556.11,425.912,14.8275
0.0349401,33419.8,296.905,1.31886,0.789304,-127192,-561.727,422.604,14.8244,124732,557.357,425.918,14.8317
0.0349501,33419.8,297.239,1.32183,0.789317,-127339,-563,422.598,14.8286,124868,558.604,425.923,14.836
0.0349601,33419.8,297.573,1.32481,0.78933,-127487,-564.274,422.593,14.8328,125005,559.854,425.929,14.8403
0.0349701,33419.8,297.907,1.32778,0.789344,-127634,-565.549,422.587,14.8371,125141,561.104,425.935,14.8445
0.0349801,33419.8,298.241,1.33076,0.789357,-127781,-566.826,422.581,14.8413,125277,562.356,425.94,14.8488
0.0349901,33419.8,298.575,1.33375,0.78937,-127929,-568.105,422.576,14.8455,125413,563.609,425.946,14.853
0.0350001,33419.8,298.909,1.33674,0.789383,-128076,-569.384,422.57,14.8497,125549,564.864,425.952,14.8573
0.0350101,33419.8,299.244,1.33973,0.789397,-128223,-570.666,422.564,14.854,125685,566.12,425.957,14.8615
0.0350201,33419.8,299.578,1.34272,0.78941,-128371,-571.948,422.558,14.8582,125821,567.377,425.963,14.8658
0.0350301,33419.8,299.912,1.34572,0.789424,-128518,-573.233,422.553,14.8624,125957,568.636,425.969,14.8701
0.0350401,33419.8,300.246,1.34872,0.789437,-128666,-574.518,422.547,14.8666,126093,569.896,425.974,14.8743
0.0350501,33419.8,300.58,1.35172,0.789451,-128813,-575.806,422.541,14.8709,126229,571.158,425.98,14.8786
0.0350601,33419.8,300.914,1.35473,0.789464,-128961,-577.094,422.535,14.8751,126365,572.42,425.986,14.8828
0.0350701,33419.8,301.249,1.35774,0.789478,-129108,-578.385,422.53,14.8793,126501,573.685,425.991,14.8871
0.0350801,33419.8,301.583,1.36075,0.789491,-129256,-579.676,422.524,14.8835,126637,574.95,425.997,14.8914
0.0350901,33419.8,301.917,1.36377,0.789505,-129403,-580.969,422.518,14.8878,126773,576.217,426.003,14.8956
0.0351001,33419.8,302.251,1.36679,0.789519,-129551,-582.264,422.512,14.892,126909,577.485,426.009,14.8999
0.0351101,33419.8,302.585,1.36981,0.789532,-129698,-583.56,422.507,14.8962,127045,578.755,426.014,14.9041
0.0351201,33419.8,302.919,1.37284,0.789546,-129846,-584.858,422.501,14.9004,127181,580.026,426.02,14.9084
0.0351301,33419.8,303.253,1.37587,0.78956,-129994,-586.157,422.495,14.9047,127317,581.298,426.026,14.9127
0.0351401,33419.8,303.588,1.3789,0.789574,-130141,-587.457,422.489,14.9089,127452,582.572,426.032,14.9169
0.0351501,33419.8,303.922,1.38194,0.789587,-130289,-588.759,422.483,14.9131,127588,583.847,426.038,14.9212
0.0351601,33419.8,304.256,1.38498,0.789601,-130437,-590.063,422.477,14.9173,127724,585.123,426.043,14.9254
0.0351701,33419.8,304.59,1.38803,0.789615,-130584,-591.368,422.471,14.9216,127860,586.401,426.049,14.9297
0.0351801,33419.8,304.924,1.39107,0.789629,-130732,-592.674,422.465,14.9258,127995,587.68,426.055,14.934
0.0351901,33419.8,305.258,1.39412,0.789643,-130880,-593.982,422.459,14.93,128131,588.961,426.061,14.9382
0.0352001,33419.8,305.593,1.39718,0.789657,-131028,-595.291,422.453,14.9342,128267,590.242,426.067,14.9425
0.0352101,33419.8,305.927,1.40023,0.789671,-131175,-596.602,422.447,14.9385,128403,591.526,426.073,14.9467
0.0352201,33419.8,306.261,1.40329,0.789685,-131323,-597.914,422.441,14.9427,128538,592.81,426.079,14.951
0.0352301,33419.8,306.595,1.40636,0.789699,-131471,-599.228,422.436,14.9469,128674,594.096,426.085,14.9553
0.0352401,33419.8,306.929,1.40943,0.789713,-131619,-600.543,422.43,14.9511,128810,595.383,426.091,14.9595
0.0352501,33419.8,307.263,1.4125,0.789727,-131767,-601.86,422.424,14.9554,128945,596.672,426.097,14.9638
0.0352601,33419.8,307.598,1.41557,0.789741,-131915,-603.178,422.417,14.9596,129081,597.962,426.103,14.9681
0.0352701,33419.8,307.932,1.41865,0.789755,-132062,-604.498,422.411,14.9638,129216,599.253,426.109,14.9723
0.03528,33419.8,308.266,1.42173,0.78977,-132210,-605.819,422.405,14.968,129352,600.546,426.115,14.9766
0.03529,33419.8,308.6,1.42481,0.789784,-132358,-607.142,422.399,14.9723,129487,601.84,426.121,14.9808
0.0353,33419.8,308.934,1.4279,0.789798,-132506,-608.466,422.393,14.9765,129623,603.135,426.127,14.9851
0.03531,33419.8,309.268,1.43099,0.789812,-132654,-609.792,422.387,14.9807,129758,604.432,426.133,14.9894
0.03532,33419.8,309.602,1.43408,0.789827,-132802,-611.119,422.381,14.9849,129894,605.73,426.139,14.9936
0.03533,33419.8,309.937,1.43718,0.789841,-132950,-612.447,422.375,14.9892,130029,607.029,426.145,14.9979
0.03534,33419.8,310.271,1.44028,0.789855,-133098,-613.777,422.369,14.9934,130165,608.33,426.151,15.0021
0.03535,33419.8,310.605,1.44339,0.78987,-133246,-615.109,422.363,14.9976,130300,609.632,426.157,15.0064
0.03536,33419.8,310.939,1.44649,0.789884,-133394,-616.442,422.357,15.0018,130435,610.936,426.163,15.0107
0.03537,33419.8,311.273,1.4496,0.789899,-133543,-617.777,422.35,15.006,130571,612.241,426.169,15.0149
0.03538,33419.8,311.607,1.45272,0.789913,-133691,-619.113,422.344,15.0103,130706,613.547,426.175,15.0192
0.03539,33419.8,311.941,1.45584,0.789928,-133839,-620.45,422.338,15.0145,130841,614.855,426.181,15.0235
0.0354,33419.8,312.276,1.45896,0.789942,-133987,-621.789,422.332,15.0187,130977,616.163,426.188,15.0277
0.03541,33419.8,312.61,1.46208,0.789957,-134135,-623.129,422.326,15.0229,131112,617.474,426.194,15.032
0.03542,33419.8,312.944,1.46521,0.789972,-134283,-624.471,422.319,15.0272,131247,618.785,426.2,15.0362
0.03543,33419.8,313.278,1.46834,0.789986,-134432,-625.815,422.313,15.0314,131383,620.098,426.206,15.0405
0.03544,33419.8,313.612,1.47147,0.790001,-134580,-627.16,422.307,15.0356,131518,621.413,426.212,15.0448
0.03545,33419.8,313.946,1.47461,0.790016,-134728,-628.506,422.301,15.0398,131653,622.728,426.219,15.049
0.03546,33419.8,314.281,1.47775,0.79003,-134876,-629.854,422.294,15.0441,131788,624.045,426.225,15.0533
0.03547,33419.8,314.615,1.48089,0.790045,-135025,-631.203,422.288,15.0483,131923,625.364,426.231,15.0575
0.03548,33419.8,314.949,1.48404,0.79006,-135173,-632.554,422.282,15.0525,132058,626.683,426.237,15.0618
0.03549,33419.8,315.283,1.48719,0.790075,-135321,-633.906,422.275,15.0567,132193,628.005,426.244,15.0661
0.0355,33419.8,315.617,1.49035,0.79009,-135470,-635.26,422.269,15.0609,132329,629.327,426.25,15.0703
0.03551,33419.8,315.951,1.4935,0.790105,-135618,-636.615,422.263,15.0652,132464,630.651,426.256,15.0746
0.03552,33419.8,316.285,1.49666,0.79012,-135766,-637.972,422.256,15.0694,132599,631.976,426.262,15.0789
0.03553,33419.8,316.62,1.49983,0.790135,-135915,-639.33,422.25,15.0736,132734,633.302,426.269,15.0831
0.03554,33419.8,316.954,1.503,0.79015,-136063,-640.69,422.243,15.0778,132869,634.63,426.275,15.0874
0.03555,33419.8,317.288,1.50617,0.790165,-136212,-642.051,422.237,15.0821,133004,635.959,426.282,15.0917
0.03556,33419.8,317.622,1.50934,0.79018,-136360,-643.414,422.231,15.0863,133139,637.29,426.288,15.0959
0.03557,33419.8,317.956,1.51252,0.790195,-136509,-644.778,422.224,15.0905,133274,638.622,426.294,15.1002
0.03558,33419.8,318.29,1.5157,0.79021,-136657,-646.144,422.218,15.0947,133408,639.955,426.301,15.1044
0.03559,33419.8,318.625,1.51888,0.790225,-136806,-647.511,422.211,15.0989,133543,641.29,426.307,15.1087
0.0356,33419.8,318.959,1.52207,0.79024,-136955,-648.879,422.205,15.1032,133678,642.626,426.313,15.113
0.03561,33419.8,319.293,1.52526,0.790256,-137103,-650.249,422.198,15.1074,133813,643.963,426.32,15.1172
0.03562,33419.8,319.627,1.52846,0.790271,-137252,-651.621,422.192,15.1116,133948,645.302,426.326,15.1215
0.03563,33419.8,319.961,1.53165,0.790286,-137400,-652.994,422.185,15.1158,134083,646.641,426.333,15.1258
0.03564,33419.8,320.295,1.53485,0.790302,-137549,-654.369,422.179,15.1201,134218,647.983,426.339,15.13
0.03565,33419.8,320.629,1.53806,0.790317,-137698,-655.745,422.172,15.1243,134352,649.326,426.346,15.1343
0.03566,33419.8,320.964,1.54127,0.790332,-137846,-657.122,422.166,15.1285,134487,650.669,426.352,15.1385
0.03567,33419.8,321.298,1.54448,0.790348,-137995,-658.501,422.159,15.1327,134622,652.015,426.359,15.1428
0.03568,33419.8,321.632,1.54769,0.790363,-138144,-659.882,422.152,15.1369,134756,653.362,426.365,15.1471
0.03569,33419.8,321.966,1.55091,0.790379,-138293,-661.264,422.146,15.1412,134891,654.71,426.372,15.1513
0.0357,33419.8,322.3,1.55413,0.790394,-138441,-662.647,422.139,15.1454,135026,656.059,426.378,15.1556
0.03571,33419.8,322.634,1.55735,0.79041,-138590,-664.032,422.133,15.1496,135160,657.41,426.385,15.1599
0.03572,33419.8,322.969,1.56058,0.790425,-138739,-665.419,422.126,15.1538,135295,658.762,426.392,15.1641
0.03573,33419.8,323.303,1.56381,0.790441,-138888,-666.807,422.119,15.1581,135430,660.115,426.398,15.1684
0.03574,33419.8,323.637,1.56705,0.790457,-139037,-668.196,422.113,15.1623,135564,661.47,426.405,15.1727
0.03575,33419.8,323.971,1.57028,0.790472,-139186,-669.587,422.106,15.1665,135699,662.826,426.411,15.1769
0.03576,33419.8,324.305,1.57353,0.790488,-139335,-670.98,422.099,15.1707,135833,664.184,426.418,15.1812
0.03577,33419.8,324.639,1.57677,0.790504,-139484,-672.373,422.092,15.1749,135968,665.543,426.425,15.1854
0.03578,33419.8,324.974,1.58002,0.79052,-139633,-673.769,422.086,15.1792,136102,666.903,426.431,15.1897
0.03579,33419.8,325.308,1.58327,0.790535,-139782,-675.166,422.079,15.1834,136237,668.264,426.438,15.194
0.0358,33419.8,325.642,1.58652,0.790551,-139931,-676.564,422.072,15.1876,136371,669.627,426.445,15.1982
0.03581,33419.8,325.976,1.58978,0.790567,-140080,-677.964,422.065,15.1918,136505,670.991,426.451,15.2025
0.03582,33419.8,326.31,1.59304,0.790583,-140229,-679.365,422.059,15.196,136640,672.357,426.458,15.2068
0.03583,33419.8,326.644,1.59631,0.790599,-140378,-680.768,422.052,15.2003,136774,673.724,426.465,15.211
0.03584,33419.8,326.978,1.59957,0.790615,-140527,-682.172,422.045,15.2045,136908,675.092,426.472,15.2153
0.03585,33419.8,327.313,1.60284,0.790631,-140676,-683.578,422.038,15.2087,137043,676.461,426.478,15.2196
0.03586,33419.8,327.647,1.60612,0.790647,-140825,-684.986,422.031,15.2129,137177,677.832,426.485,15.2238
0.03587,33419.8,327.981,1.6094,0.790663,-140974,-686.395,422.024,15.2171,137311,679.205,426.492,15.2281
0.03588,33419.8,328.315,1.61268,0.790679,-141123,-687.805,422.018,15.2214,137446,680.578,426.499,15.2324
0.03589,33419.8,328.649,1.61596,0.790695,-141273,-689.217,422.011,15.2256,137580,681.953,426.505,15.2366
0.0359,33419.8,328.983,1.61925,0.790711,-141422,-690.63,422.004,15.2298,137714,683.33,426.512,15.2409
0.03591,33419.8,329.318,1.62254,0.790728,-141571,-692.045,421.997,15.234,137848,684.707,426.519,15.2452
0.03592,33419.8,329.652,1.62584,0.790744,-141720,-693.461,421.99,15.2382,137982,686.086,426.526,15.2494
0.03593,33419.8,329.986,1.62913,0.79076,-141870,-694.879,421.983,15.2425,138116,687.466,426.533,15.2537
0.03594,33419.8,330.32,1.63243,0.790776,-142019,-696.298,421.976,15.2467,138250,688.848,426.54,15.2579
0.03595,33419.8,330.654,1.63574,0.790793,-142168,-697.719,421.969,15.2509,138385,690.231,426.547,15.2622
0.03596,33419.8,330.988,1.63905,0.790809,-142318,-699.141,421.962,15.2551,138519,691.615,426.554,15.2665
0.03597,33419.8,331.322,1.64236,0.790826,-142467,-700.565,421.955,15.2593,138653,693.001,426.56,15.2707
0.03598,33419.8,331.657,1.64567,0.790842,-142617,-701.99,421.948,15.2636,138787,694.388,426.567,15.275
0.03599,33419.8,331.991,1.64899,0.790859,-142766,-703.417,421.941,15.2678,138921,695.776,426.574,15.2793
0.036,33419.8,332.325,1.65231,0.790875,-142916,-704.845,421.934,15.272,139055,697.166,426.581,15.2835
0.03601,33419.8,332.659,1.65564,0.790892,-143065,-706.275,421.927,15.2762,139189,698.557,426.588,15.2878
0.03602,33419.8,332.993,1.65896,0.790908,-143215,-707.706,421.92,15.2804,139322,699.95,426.595,15.2921
0.0360299,33419.8,333.327,1.66229,0.790925,-143364,-709.138,421.913,15.2847,139456,701.343,426.602,15.2963
0.0360399,33419.8,333.661,1.66563,0.790941,-143514,-710.573,421.906,15.2889,139590,702.738,426.609,15.3006
0.0360499,33419.8,333.996,1.66897,0.790958,-143663,-712.008,421.899,15.2931,139724,704.135,426.616,15.3049
0.0360599,33419.8,334.33,1.67231,0.790975,-143813,-713.446,421.892,15.2973,139858,705.532,426.623,15.3091
0.0360699,33419.8,334.664,1.67565,0.790991,-143962,-714.884,421.884,15.3015,139992,706.932,426.63,15.3134
0.0360799,33419.8,334.998,1.679,0.791008,-144112,-716.324,421.877,15.3058,140125,708.332,426.638,15.3177
0.0360899,33419.8,335.332,1.68235,0.791025,-144262,-717.766,421.87,15.31,140259,709.734,426.645,15.3219
0.0360999,33419.8,335.666,1.68571,0.791042,-144411,-719.209,421.863,15.3142,140393,711.137,426.652,15.3262
0.0361099,33419.8,336.001,1.68906,0.791059,-144561,-720.654,421.856,15.3184,140527,712.541,426.659,15.3305
0.0361199,33419.8,336.335,1.69242,0.791076,-144711,-722.1,421.849,15.3226,140660,713.947,426.666,15.3347
0.0361299,33419.8,336.669,1.69579,0.791093,-144861,-723.548,421.841,15.3268,140794,715.354,426.673,15.339
0.0361399,33419.8,337.003,1.69916,0.79111,-145010,-724.997,421.834,15.3311,140927,716.762,426.68,15.3433
0.0361499,33419.8,337.337,1.70253,0.791127,-145160,-726.448,421.827,15.3353,141061,718.172,426.687,15.3475
0.0361599,33419.8,337.671,1.7059,0.791144,-145310,-727.9,421.819,15.3395,141195,719.583,426.695,15.3518
0.0361699,33419.8,338.005,1.70928,0.791161,-145460,-729.353,421.812,15.3437,141328,720.996,426.702,15.3561
0.0361799,33419.8,338.34,1.71266,0.791178,-145610,-730.809,421.805,15.3479,141462,722.409,426.709,15.3603
0.0361899,33419.8,338.674,1.71605,0.791195,-145760,-732.265,421.798,15.3522,141595,723.824,426.716,15.3646
0.0361999,33419.8,339.008,1.71943,0.791212,-145910,-733.723,421.79,15.3564,141729,725.241,426.724,15.3689
0.0362099,33419.8,339.342,1.72283,0.791229,-146060,-735.183,421.783,15.3606,141862,726.659,426.731,15.3731
0.0362199,33419.8,339.676,1.72622,0.791247,-146210,-736.644,421.776,15.3648,141996,728.078,426.738,15.3774
0.0362299,33419.8,340.01,1.72962,0.791264,-146360,-738.107,421.768,15.369,142129,729.498,426.745,15.3817
0.0362399,33419.8,340.345,1.73302,0.791281,-146510,-739.571,421.761,15.3732,142262,730.92,426.753,15.3859
0.0362499,33419.8,340.679,1.73642,0.791299,-146660,-741.037,421.753,15.3775,142396,732.343,426.76,15.3902
0.0362599,33419.8,341.013,1.73983,0.791316,-146810,-742.504,421.746,15.3817,142529,733.768,426.767,15.3945
0.0362699,33419.8,341.347,1.74324,0.791333,-146960,-743.972,421.739,15.3859,142662,735.193,426.775,15.3987
0.0362799,33419.8,341.681,1.74666,0.791351,-147110,-745.443,421.731,15.3901,142796,736.62,426.782,15.403
0.0362899,33419.8,342.015,1.75008,0.791368,-147260,-746.914,421.724,15.3943,142929,738.049,426.789,15.4073
0.0362999,33419.8,342.35,1.7535,0.791386,-147410,-748.388,421.716,15.3985,143062,739.479,426.797,15.4115
0.0363099,33419.8,342.684,1.75692,0.791403,-147561,-749.862,421.709,15.4028,143195,740.91,426.804,15.4158
0.0363199,33419.8,343.018,1.76035,0.791421,-147711,-751.338,421.701,15.407,143328,742.342,426.812,15.4201
0.0363299,33419.8,343.352,1.76378,0.791439,-147861,-752.816,421.694,15.4112,143462,743.776,426.819,15.4244
0.0363399,33419.8,343.686,1.76722,0.791456,-148011,-754.295,421.686,15.4154,143595,745.211,426.826,15.4286
0.0363499,33419.8,344.02,1.77066,0.791474,-148162,-755.776,421.679,15.4196,143728,746.647,426.834,15.4329
0.0363599,33419.8,344.354,1.7741,0.791492,-148312,-757.258,421.671,15.4239,143861,748.085,426.841,15.4372
0.0363699,33419.8,344.689,1.77754,0.791509,-148462,-758.742,421.663,15.4281,143994,749.524,426.849,15.4414
0.0363799,33419.8,345.023,1.78099,0.791527,-148613,-760.227,421.656,15.4323,144127,750.965,426.856,15.4457
0.0363899,33419.8,345.357,1.78444,0.791545,-148763,-761.713,421.648,15.4365,144260,752.406,426.864,15.45
0.0363999,33419.8,345.691,1.7879,0.791563,-148913,-763.202,421.641,15.4407,144393,753.849,426.871,15.4542
0.0364099,33419.8,346.025,1.79135,0.791581,-149064,-764.691,421.633,15.4449,144526,755.294,426.879,15.4585
0.0364199,33419.8,346.359,1.79482,0.791599,-149214,-766.182,421.625,15.4491,144659,756.74,426.887,15.4628
0.0364299,33419.8,346.694,1.79828,0.791617,-149365,-767.675,421.618,15.4534,144792,758.187,426.894,15.467
0.0364399,33419.8,347.028,1.80175,0.791635,-149515,-769.169,421.61,15.4576,144924,759.635,426.902,15.4713
0.0364499,33419.8,347.362,1.80522,0.791653,-149666,-770.665,421.602,15.4618,145057,761.085,426.909,15.4756
0.0364599,33419.8,347.696,1.80869,0.791671,-149816,-772.162,421.595,15.466,145190,762.536,426.917,15.4798
0.0364699,33419.8,348.03,1.81217,0.791689,-149967,-773.661,421.587,15.4702,145323,763.988,426.925,15.4841
0.0364799,33419.8,348.364,1.81565,0.791707,-150118,-775.161,421.579,15.4744,145456,765.442,426.932,15.4884
0.0364899,33419.8,348.698,1.81914,0.791725,-150268,-776.663,421.571,15.4787,145588,766.897,426.94,15.4927
0.0364999,33419.8,349.033,1.82263,0.791743,-150419,-778.166,421.564,15.4829,145721,768.353,426.948,15.4969
0.0365099,33419.8,349.367,1.82612,0.791762,-150570,-779.671,421.556,15.4871,145854,769.811,426.955,15.5012
0.0365199,33419.8,349.701,1.82961,0.79178,-150720,-781.177,421.548,15.4913,145986,771.27,426.963,15.5055
0.0365299,33419.8,350.035,1.83311,0.791798,-150871,-782.685,421.54,15.4955,146119,772.73,426.971,15.5097
0.0365399,33419.8,350.369,1.83661,0.791816,-151022,-784.194,421.532,15.4997,146252,774.192,426.978,15.514
0.0365499,33419.8,350.703,1.84012,0.791835,-151173,-785.705,421.524,15.504,146384,775.655,426.986,15.5183
0.0365599,33419.8,351.038,1.84363,0.791853,-151324,-787.217,421.517,15.5082,146517,777.119,426.994,15.5225
0.0365699,33419.8,351.372,1.84714,0.791872,-151474,-788.731,421.509,15.5124,146649,778.585,427.002,15.5268
0.0365799,33419.8,351.706,1.85065,0.79189,-151625,-790.246,421.501,15.5166,146782,780.052,427.009,15.5311
0.0365899,33419.8,352.04,1.85417,0.791909,-151776,-791.763,421.493,15.5208,146914,781.52,427.017,15.5354
0.0365999,33419.8,352.374,1.85769,0.791927,-151927,-793.282,421.485,15.525,147047,782.99,427.025,15.5396
0.0366099,33419.8,352.708,1.86122,0.791946,-152078,-794.801,421.477,15.5292,147179,784.461,427.033,15.5439
0.0366199,33419.8,353.042,1.86475,0.791964,-152229,-796.323,421.469,15.5335,147312,785.933,427.041,15.5482
0.0366299,33419.8,353.377,1.86828,0.791983,-152380,-797.846,421.461,15.5377,147444,787.407,427.049,15.5524
0.0366399,33419.8,353.711,1.87181,0.792002,-152531,-799.37,421.453,15.5419,147576,788.882,427.056,15.5567
0.0366499,33419.8,354.045,1.87535,0.792021,-152682,-800.896,421.445,15.5461,147709,790.358,427.064,15.561
0.0366599,33419.8,354.379,1.87889,0.792039,-152833,-802.423,421.437,15.5503,147841,791.835,427.072,15.5652
0.0366699,33419.8,354.713,1.88244,0.792058,-152984,-803.952,421.429,15.5545,147973,793.314,427.08,15.5695
0.0366799,33419.8,355.047,1.88599,0.792077,-153136,-805.482,421.421,15.5587,148105,794.794,427.088,15.5738
0.0366899,33419.8,355.382,1.88954,0.792096,-153287,-807.014,421.413,15.563,148238,796.276,427.096,15.5781
0.0366999,33419.8,355.716,1.89309,0.792115,-153438,-808.548,421.405,15.5672,148370,797.759,427.104,15.5823
0.0367099,33419.8,356.05,1.89665,0.792134,-153589,-810.083,421.397,15.5714,148502,799.243,427.112,15.5866
0.0367199,33419.8,356.384,1.90021,0.792153,-153740,-811.619,421.389,15.5756,148634,800.728,427.12,15.5909
0.0367299,33419.8,356.718,1.90378,0.792172,-153892,-813.157,421.381,15.5798,148766,802.215,427.128,15.5951
0.0367399,33419.8,357.052,1.90735,0.792191,-154043,-814.697,421.372,15.584,148898,803.703,427.136,15.5994
0.0367499,33419.8,357.386,1.91092,0.79221,-154194,-816.237,421.364,15.5882,149030,805.193,427.144,15.6037
0.0367599,33419.8,357.721,1.91449,0.792229,-154346,-817.78,421.356,15.5925,149162,806.683,427.152,15.608
0.0367699,33419.8,358.055,1.91807,0.792248,-154497,-819.324,421.348,15.5967,149294,808.176,427.16,15.6122
0.0367799,33419.8,358.389,1.92165,0.792267,-154648,-820.87,421.34,15.6009,149426,809.669,427.168,15.6165
0.0367898,33419.8,358.723,1.92524,0.792287,-154800,-822.417,421.332,15.6051,149558,811.164,427.176,15.6208
0.0367998,33419.8,359.057,1.92883,0.792306,-154951,-823.965,421.323,15.6093,149690,812.66,427.185,15.625
0.0368098,33419.8,359.391,1.93242,0.792325,-155103,-825.515,421.315,15.6135,149822,814.157,427.193,15.6293
0.0368198,33419.8,359.726,1.93601,0.792345,-155254,-827.067,421.307,15.6177,149954,815.656,427.201,15.6336
0.0368298,33419.8,360.06,1.93961,0.792364,-155406,-828.62,421.298,15.6219,150085,817.156,427.209,15.6379
0.0368398,33419.8,360.394,1.94321,0.792383,-155557,-830.175,421.29,15.6262,150217,818.657,427.217,15.6421
0.0368498,33419.8,360.728,1.94682,0.792403,-155709,-831.731,421.282,15.6304,150349,820.16,427.225,15.6464
0.0368598,33419.8,361.062,1.95043,0.792422,-155860,-833.288,421.274,15.6346,150481,821.664,427.234,15.6507
0.0368698,33419.8,361.396,1.95404,0.792442,-156012,-834.847,421.265,15.6388,150612,823.169,427.242,15.6549
0.0368798,33419.8,361.73,1.95765,0.792461,-156164,-836.408,421.257,15.643,150744,824.675,427.25,15.6592
0.0368898,33419.8,362.065,1.96127,0.792481,-156316,-837.97,421.249,15.6472,150876,826.183,427.258,15.6635
0.0368998,33419.8,362.399,1.96489,0.7925,-156467,-839.534,421.24,15.6514,151007,827.693,427.267,15.6678
0.0369098,33419.8,362.733,1.96852,0.79252,-156619,-841.099,421.232,15.6557,151139,829.203,427.275,15.672
0.0369198,33419.8,363.067,1.97215,0.79254,-156771,-842.666,421.223,15.6599,151270,830.715,427.283,15.6763
0.0369298,33419.8,363.401,1.97578,0.79256,-156923,-844.234,421.215,15.6641,151402,832.228,427.292,15.6806
0.0369398,33419.8,363.735,1.97942,0.792579,-157074,-845.804,421.206,15.6683,151533,833.743,427.3,15.6849
0.0369498,33419.8,364.07,1.98305,0.792599,-157226,-847.375,421.198,15.6725,151665,835.258,427.308,15.6891
0.0369598,33419.8,364.404,1.9867,0.792619,-157378,-848.948,421.189,15.6767,151796,836.775,427.317,15.6934
0.0369698,33419.8,364.738,1.99034,0.792639,-157530,-850.522,421.181,15.6809,151928,838.294,427.325,15.6977
0.0369798,33419.8,365.072,1.99399,0.792659,-157682,-852.098,421.172,15.6851,152059,839.814,427.333,15.7019
0.0369898,33419.8,365.406,1.99764,0.792679,-157834,-853.676,421.164,15.6893,152191,841.335,427.342,15.7062
0.0369998,33419.8,365.74,2.0013,0.792699,-157986,-855.255,421.155,15.6936,152322,842.857,427.35,15.7105
0.0370098,33419.8,366.074,2.00496,0.792719,-158138,-856.835,421.147,15.6978,152453,844.381,427.359,15.7148
0.0370198,33419.8,366.409,2.00862,0.792739,-158290,-858.417,421.138,15.702,152584,845.906,427.367,15.719
0.0370298,33419.8,366.743,2.01228,0.792759,-158442,-860,421.13,15.7062,152716,847.432,427.375,15.7233
0.0370398,33419.8,367.077,2.01595,0.792779,-158594,-861.585,421.121,15.7104,152847,848.96,427.384,15.7276
0.0370498,33419.8,367.411,2.01962,0.792799,-158746,-863.172,421.112,15.7146,152978,850.489,427.392,15.7319
0.0370598,33419.8,367.745,2.0233,0.792819,-158899,-864.76,421.104,15.7188,153109,852.019,427.401,15.7361
0.0370698,33419.8,368.079,2.02698,0.79284,-159051,-866.349,421.095,15.723,153240,853.55,427.41,15.7404
0.0370798,33419.8,368.414,2.03066,0.79286,-159203,-867.94,421.086,15.7272,153371,855.083,427.418,15.7447
0.0370898,33419.8,368.748,2.03434,0.79288,-159355,-869.533,421.078,15.7315,153503,856.617,427.427,15.749
0.0370998,33419.8,369.082,2.03803,0.792901,-159507,-871.127,421.069,15.7357,153634,858.153,427.435,15.7532
0.0371098,33419.8,369.416,2.04173,0.792921,-159660,-872.723,421.06,15.7399,153765,859.69,427.444,15.7575
0.0371198,33419.8,369.75,2.04542,0.792942,-159812,-874.32,421.052,15.7441,153896,861.228,427.452,15.7618
0.0371298,33419.8,370.084,2.04912,0.792962,-159964,-875.919,421.043,15.7483,154026,862.767,427.461,15.7661
0.0371398,33419.8,370.418,2.05282,0.792983,-160117,-877.519,421.034,15.7525,154157,864.308,427.47,15.7703
0.0371498,33419.8,370.753,2.05653,0.793003,-160269,-879.12,421.025,15.7567,154288,865.85,427.478,15.7746
0.0371598,33419.8,371.087,2.06024,0.793024,-160422,-880.724,421.017,15.7609,154419,867.393,427.487,15.7789
0.0371698,33419.8,371.421,2.06395,0.793044,-160574,-882.328,421.008,15.7651,154550,868.938,427.496,15.7832
0.0371798,33419.8,371.755,2.06766,0.793065,-160727,-883.935,420.999,15.7694,154681,870.484,427.504,15.7874
0.0371898,33419.8,372.089,2.07138,0.793086,-160879,-885.543,420.99,15.7736,154812,872.031,427.513,15.7917
0.0371998,33419.8,372.423,2.0751,0.793106,-161032,-887.152,420.981,15.7778,154942,873.58,427.522,15.796
0.0372098,33419.8,372.758,2.07883,0.793127,-161184,-888.763,420.972,15.782,155073,875.13,427.53,15.8003
0.0372198,33419.8,373.092,2.08256,0.793148,-161337,-890.375,420.963,15.7862,155204,876.681,427.539,15.8045
0.0372298,33419.8,373.426,2.08629,0.793169,-161490,-891.989,420.954,15.7904,155334,878.233,427.548,15.8088
0.0372398,33419.8,373.76,2.09003,0.79319,-161642,-893.605,420.946,15.7946,155465,879.787,427.557,15.8131
0.0372498,33419.8,374.094,2.09376,0.793211,-161795,-895.221,420.937,15.7988,155596,881.342,427.566,15.8174
0.0372598,33419.8,374.428,2.09751,0.793232,-161948,-896.84,420.928,15.803,155726,882.898,427.574,15.8216
0.0372698,33419.8,374.762,2.10125,0.793253,-162101,-898.46,420.919,15.8072,155857,884.456,427.583,15.8259
0.0372798,33419.8,375.097,2.105,0.793274,-162253,-900.082,420.91,15.8114,155987,886.015,427.592,15.8302
0.0372898,33419.8,375.431,2.10875,0.793295,-162406,-901.705,420.901,15.8157,156118,887.576,427.601,15.8345
0.0372998,33419.8,375.765,2.11251,0.793316,-162559,-903.329,420.892,15.8199,156248,889.137,427.61,15.8387
0.0373098,33419.8,376.099,2.11627,0.793337,-162712,-904.955,420.883,15.8241,156378,890.7,427.619,15.843
0.0373198,33419.8,376.433,2.12003,0.793358,-162865,-906.583,420.874,15.8283,156509,892.264,427.628,15.8473
0.0373298,33419.8,376.767,2.12379,0.793379,-163018,-908.212,420.865,15.8325,156639,893.83,427.637,15.8516
0.0373398,33419.8,377.102,2.12756,0.793401,-163171,-909.843,420.855,15.8367,156769,895.397,427.646,15.8558
0.0373498,33419.8,377.436,2.13134,0.793422,-163324,-911.475,420.846,15.8409,156900,896.965,427.655,15.8601
0.0373598,33419.8,377.77,2.13511,0.793443,-163477,-913.109,420.837,15.8451,157030,898.534,427.663,15.8644
0.0373698,33419.8,378.104,2.13889,0.793464,-163630,-914.744,420.828,15.8493,157160,900.105,427.672,15.8687
0.0373798,33419.8,378.438,2.14267,0.793486,-163783,-916.381,420.819,15.8535,157290,901.677,427.681,15.8729
0.0373898,33419.8,378.772,2.14646,0.793507,-163936,-918.02,420.81,15.8577,157421,903.25,427.691,15.8772
0.0373998,33419.8,379.106,2.15025,0.793529,-164089,-919.66,420.801,15.862,157551,904.825,427.7,15.8815
0.0374098,33419.8,379.441,2.15404,0.79355,-164242,-921.301,420.791,15.8662,157681,906.401,427.709,15.8858
0.0374198,33419.8,379.775,2.15783,0.793572,-164396,-922.944,420.782,15.8704,157811,907.978,427.718,15.8901
0.0374298,33419.8,380.109,2.16163,0.793593,-164549,-924.588,420.773,15.8746,157941,909.557,427.727,15.8943
0.0374398,33419.8,380.443,2.16544,0.793615,-164702,-926.234,420.764,15.8788,158071,911.137,427.736,15.8986
0.0374498,33419.8,380.777,2.16924,0.793637,-164855,-927.882,420.754,15.883,158201,912.718,427.745,15.9029
0.0374598,33419.8,381.111,2.17305,0.793658,-165009,-929.531,420.745,15.8872,158331,914.3,427.754,15.9072
0.0374698,33419.8,381.446,2.17686,0.79368,-165162,-931.182,420.736,15.8914,158461,915.884,427.763,15.9114
0.0374798,33419.8,381.78,2.18068,0.793702,-165316,-932.834,420.726,15.8956,158591,917.469,427.772,15.9157
0.0374898,33419.8,382.114,2.1845,0.793724,-165469,-934.488,420.717,15.8998,158720,919.055,427.782,15.92
0.0374998,33419.8,382.448,2.18832,0.793746,-165622,-936.143,420.708,15.904,158850,920.643,427.791,15.9243
0.0375098,33419.8,382.782,2.19215,0.793768,-165776,-937.8,420.698,15.9082,158980,922.232,427.8,15.9286
0.0375198,33419.8,383.116,2.19597,0.79379,-165929,-939.458,420.689,15.9124,159110,923.822,427.809,15.9328
0.0375298,33419.8,383.45,2.19981,0.793812,-166083,-941.118,420.68,15.9166,159240,925.414,427.818,15.9371
0.0375398,33419.8,383.785,2.20364,0.793834,-166236,-942.779,420.67,15.9209,159369,927.007,427.828,15.9414
0.0375497,33419.8,384.119,2.20748,0.793856,-166390,-944.442,420.661,15.9251,159499,928.601,427.837,15.9457
0.0375597,33419.8,384.453,2.21132,0.793878,-166544,-946.107,420.651,15.9293,159628,930.196,427.846,15.9499
0.0375697,33419.8,384.787,2.21517,0.7939,-166697,-947.773,420.642,15.9335,159758,931.793,427.856,15.9542
0.0375797,33419.8,385.121,2.21902,0.793922,-166851,-949.44,420.632,15.9377,159888,933.391,427.865,15.9585
0.0375897,33419.8,385.455,2.22287,0.793944,-167005,-951.109,420.623,15.9419,160017,934.99,427.874,15.9628
0.0375997,33419.8,385.79,2.22673,0.793966,-167159,-952.78,420.613,15.9461,160147,936.591,427.884,15.9671
0.0376097,33419.8,386.124,2.23059,0.793989,-167312,-954.452,420.604,15.9503,160276,938.193,427.893,15.9713
0.0376197,33419.8,386.458,2.23445,0.794011,-167466,-956.126,420.594,15.9545,160406,939.796,427.902,15.9756
0.0376297,33419.8,386.792,2.23831,0.794033,-167620,-957.801,420.585,15.9587,160535,941.4,427.912,15.9799
0.0376397,33419.8,387.126,2.24218,0.794056,-167774,-959.478,420.575,15.9629,160664,943.006,427.921,15.9842
0.0376497,33419.8,387.46,2.24605,0.794078,-167928,-961.156,420.566,15.9671,160794,944.613,427.931,15.9885
0.0376597,33419.8,387.794,2.24993,0.794101,-168082,-962.836,420.556,15.9713,160923,946.222,427.94,15.9927
0.0376697,33419.8,388.129,2.25381,0.794123,-168236,-964.517,420.546,15.9755,161052,947.831,427.95,15.997
0.0376797,33419.8,388.463,2.25769,0.794146,-168390,-966.2,420.537,15.9797,161181,949.442,427.959,16.0013
0.0376897,33419.8,388.797,2.26158,0.794168,-168544,-967.884,420.527,15.9839,161311,951.054,427.969,16.0056
0.0376997,33419.8,389.131,2.26547,0.794191,-168698,-969.57,420.517,15.9881,161440,952.668,427.978,16.0099
0.0377097,33419.8,389.465,2.26936,0.794214,-168852,-971.258,420.508,15.9924,161569,954.283,427.988,16.0141
0.0377197,33419.8,389.799,2.27326,0.794236,-169006,-972.947,420.498,15.9966,161698,955.899,427.997,16.0184
0.0377297,33419.8,390.134,2.27715,0.794259,-169160,-974.638,420.488,16.0008,161827,957.516,428.007,16.0227
0.0377397,33419.8,390.468,2.28106,0.794282,-169314,-976.33,420.478,16.005,161956,959.135,428.016,16.027
0.0377497,33419.8,390.802,2.28496,0.794305,-169469,-978.023,420.469,16.0092,162085,960.755,428.026,16.0313
0.0377597,33419.8,391.136,2.28887,0.794328,-169623,-979.719,420.459,16.0134,162214,962.376,428.036,16.0355
0.0377697,33419.8,391.47,2.29278,0.794351,-169777,-981.415,420.449,16.0176,162343,963.999,428.045,16.0398
0.0377797,33419.8,391.804,2.2967,0.794373,-169931,-983.114,420.439,16.0218,162472,965.623,428.055,16.0441
0.0377897,33419.8,392.138,2.30062,0.794396,-170086,-984.814,420.429,16.026,162601,967.248,428.065,16.0484
0.0377997,33419.8,392.473,2.30454,0.794419,-170240,-986.515,420.419,16.0302,162730,968.874,428.074,16.0527
0.0378097,33419.8,392.807,2.30847,0.794443,-170395,-988.218,420.41,16.0344,162858,970.502,428.084,16.0569
0.0378197,33419.8,393.141,2.3124,0.794466,-170549,-989.922,420.4,16.0386,162987,972.131,428.094,16.0612
0.0378297,33419.8,393.475,2.31633,0.794489,-170704,-991.628,420.39,16.0428,163116,973.761,428.103,16.0655
0.0378397,33419.8,393.809,2.32027,0.794512,-170858,-993.336,420.38,16.047,163245,975.393,428.113,16.0698
0.0378497,33419.8,394.143,2.3242,0.794535,-171013,-995.045,420.37,16.0512,163373,977.026,428.123,16.0741
0.0378597,33419.8,394.478,2.32815,0.794558,-171167,-996.756,420.36,16.0554,163502,978.66,428.133,16.0783
0.0378697,33419.8,394.812,2.33209,0.794582,-171322,-998.468,420.35,16.0596,163631,980.295,428.142,16.0826
0.0378797,33419.8,395.146,2.33604,0.794605,-171476,-1000.18,420.34,16.0638,163759,981.932,428.152,16.0869
0.0378897,33419.8,395.48,2.34,0.794628,-171631,-1001.9,420.33,16.068,163888,983.57,428.162,16.0912
0.0378997,33419.8,395.814,2.34395,0.794652,-171786,-1003.61,420.32,16.0722,164016,985.21,428.172,16.0955
0.0379097,33419.8,396.148,2.34791,0.794675,-171940,-1005.33,420.31,16.0764,164145,986.85,428.182,16.0998
0.0379197,33419.8,396.482,2.35187,0.794699,-172095,-1007.05,420.3,16.0806,164273,988.492,428.192,16.104
0.0379297,33419.8,396.817,2.35584,0.794722,-172250,-1008.77,420.29,16.0848,164401,990.135,428.202,16.1083
0.0379397,33419.8,397.151,2.35981,0.794746,-172405,-1010.5,420.28,16.089,164530,991.779,428.211,16.1126
0.0379497,33419.8,397.485,2.36378,0.79477,-172560,-1012.22,420.27,16.0932,164658,993.425,428.221,16.1169
0.0379597,33419.8,397.819,2.36776,0.794793,-172715,-1013.95,420.259,16.0974,164786,995.072,428.231,16.1212
0.0379697,33419.8,398.153,2.37174,0.794817,-172870,-1015.68,420.249,16.1017,164915,996.721,428.241,16.1254
0.0379797,33419.8,398.487,2.37572,0.794841,-173025,-1017.4,420.239,16.1059,165043,998.37,428.251,16.1297
0.0379897,33419.8,398.822,2.37971,0.794864,-173180,-1019.14,420.229,16.1101,165171,1000.02,428.261,16.134
0.0379997,33419.8,399.156,2.38369,0.794888,-173335,-1020.87,420.219,16.1143,165299,1001.67,428.271,16.1383
0.0380097,33419.8,399.49,2.38769,0.794912,-173490,-1022.6,420.209,16.1185,165427,1003.33,428.281,16.1426
0.0380197,33419.8,399.824,2.39168,0.794936,-173645,-1024.34,420.198,16.1227,165555,1004.98,428.291,16.1469
0.0380297,33419.8,400.158,2.39568,0.79496,-173800,-1026.07,420.188,16.1269,165684,1006.64,428.301,16.1511
0.0380397,33419.8,400.492,2.39969,0.794984,-173955,-1027.81,420.178,16.1311,165812,1008.29,428.311,16.1554
0.0380497,33419.8,400.826,2.40369,0.795008,-174110,-1029.55,420.167,16.1353,165940,1009.95,428.322,16.1597
0.0380597,33419.8,401.161,2.4077,0.795032,-174265,-1031.29,420.157,16.1395,166067,1011.61,428.332,16.164
0.0380697,33419.8,401.495,2.41171,0.795056,-174421,-1033.04,420.147,16.1437,166195,1013.27,428.342,16.1683
0.0380797,33419.8,401.829,2.41573,0.79508,-174576,-1034.78,420.137,16.1479,166323,1014.94,428.352,16.1726
0.0380897,33419.8,402.163,2.41975,0.795104,-174731,-1036.53,420.126,16.1521,166451,1016.6,428.362,16.1768
0.0380997,33419.8,402.497,2.42377,0.795129,-174887,-1038.28,420.116,16.1563,166579,1018.26,428.372,16.1811
0.0381097,33419.8,402.831,2.4278,0.795153,-175042,-1040.03,420.105,16.1605,166707,1019.93,428.382,16.1854
0.0381197,33419.8,403.166,2.43183,0.795177,-175197,-1041.78,420.095,16.1647,166834,1021.6,428.393,16.1897
0.0381297,33419.8,403.5,2.43586,0.795201,-175353,-1043.53,420.085,16.1689,166962,1023.27,428.403,16.194
0.0381397,33419.8,403.834,2.4399,0.795226,-175508,-1045.28,420.074,16.1731,167090,1024.94,428.413,16.1983
0.0381497,33419.8,404.168,2.44394,0.79525,-175664,-1047.04,420.064,16.1773,167217,1026.61,428.423,16.2025
0.0381597,33419.8,404.502,2.44798,0.795275,-175820,-1048.8,420.053,16.1815,167345,1028.28,428.434,16.2068
0.0381697,33419.8,404.836,2.45202,0.795299,-175975,-1050.55,420.043,16.1857,167473,1029.96,428.444,16.2111
0.0381797,33419.8,405.17,2.45607,0.795324,-176131,-1052.32,420.032,16.1899,167600,1031.63,428.454,16.2154
0.0381897,33419.8,405.505,2.46013,0.795348,-176286,-1054.08,420.022,16.1941,167728,1033.31,428.464,16.2197
0.0381997,33419.8,405.839,2.46418,0.795373,-176442,-1055.84,420.011,16.1983,167855,1034.98,428.475,16.224
0.0382097,33419.8,406.173,2.46824,0.795398,-176598,-1057.61,420.001,16.2025,167982,1036.66,428.485,16.2282
0.0382197,33419.8,406.507,2.47231,0.795422,-176754,-1059.37,419.99,16.2067,168110,1038.34,428.496,16.2325
0.0382297,33419.8,406.841,2.47637,0.795447,-176909,-1061.14,419.979,16.2109,168237,1040.03,428.506,16.2368
0.0382397,33419.8,407.175,2.48044,0.795472,-177065,-1062.91,419.969,16.2151,168364,1041.71,428.516,16.2411
0.0382497,33419.8,407.51,2.48451,0.795497,-177221,-1064.68,419.958,16.2193,168492,1043.39,428.527,16.2454
0.0382597,33419.8,407.844,2.48859,0.795521,-177377,-1066.45,419.947,16.2235,168619,1045.08,428.537,16.2497
0.0382697,33419.8,408.178,2.49267,0.795546,-177533,-1068.23,419.937,16.2277,168746,1046.76,428.548,16.254
0.0382797,33419.8,408.512,2.49675,0.795571,-177689,-1070,419.926,16.2319,168873,1048.45,428.558,16.2582
0.0382897,33419.8,408.846,2.50084,0.795596,-177845,-1071.78,419.915,16.2361,169000,1050.14,428.569,16.2625
0.0382996,33419.8,409.18,2.50493,0.795621,-178001,-1073.56,419.905,16.2403,169128,1051.83,428.579,16.2668
0.0383096,33419.8,409.514,2.50902,0.795646,-178157,-1075.34,419.894,16.2445,169255,1053.52,428.59,16.2711
0.0383196,33419.8,409.849,2.51312,0.795672,-178313,-1077.12,419.883,16.2487,169382,1055.22,428.6,16.2754
0.0383296,33419.8,410.183,2.51722,0.795697,-178469,-1078.91,419.872,16.2529,169509,1056.91,428.611,16.2797
0.0383396,33419.8,410.517,2.52132,0.795722,-178625,-1080.69,419.862,16.2571,169636,1058.61,428.621,16.284
0.0383496,33419.8,410.851,2.52543,0.795747,-178782,-1082.48,419.851,16.2613,169762,1060.3,428.632,16.2882
0.0383596,33419.8,411.185,2.52954,0.795772,-178938,-1084.27,419.84,16.2655,169889,1062,428.643,16.2925
0.0383696,33419.8,411.519,2.53365,0.795798,-179094,-1086.06,419.829,16.2697,170016,1063.7,428.653,16.2968
0.0383796,33419.8,411.854,2.53777,0.795823,-179250,-1087.85,419.818,16.2739,170143,1065.4,428.664,16.3011
0.0383896,33419.8,412.188,2.54189,0.795848,-179407,-1089.64,419.807,16.2781,170270,1067.1,428.674,16.3054
0.0383996,33419.8,412.522,2.54601,0.795874,-179563,-1091.44,419.796,16.2823,170396,1068.81,428.685,16.3097
0.0384096,33419.8,412.856,2.55013,0.795899,-179720,-1093.23,419.785,16.2865,170523,1070.51,428.696,16.314
0.0384196,33419.8,413.19,2.55426,0.795925,-179876,-1095.03,419.775,16.2907,170650,1072.22,428.707,16.3183
0.0384296,33419.8,413.524,2.5584,0.79595,-180033,-1096.83,419.764,16.2949,170776,1073.92,428.717,16.3225
0.0384396,33419.8,413.858,2.56253,0.795976,-180189,-1098.63,419.753,16.2991,170903,1075.63,428.728,16.3268
0.0384496,33419.8,414.193,2.56667,0.796002,-180346,-1100.43,419.742,16.3032,171029,1077.34,428.739,16.3311
0.0384596,33419.8,414.527,2.57082,0.796027,-180502,-1102.24,419.731,16.3074,171156,1079.05,428.75,16.3354
0.0384696,33419.8,414.861,2.57496,0.796053,-180659,-1104.04,419.72,16.3116,171282,1080.76,428.76,16.3397
0.0384796,33419.8,415.195,2.57911,0.796079,-180816,-1105.85,419.709,16.3158,171409,1082.48,428.771,16.344
0.0384896,33419.8,415.529,2.58327,0.796105,-180972,-1107.66,419.697,16.32,171535,1084.19,428.782,16.3483
0.0384996,33419.8,415.863,2.58742,0.79613,-181129,-1109.47,419.686,16.3242,171662,1085.91,428.793,16.3526
0.0385096,33419.8,416.198,2.59158,0.796156,-181286,-1111.28,419.675,16.3284,171788,1087.62,428.804,16.3568
0.0385196,33419.8,416.532,2.59575,0.796182,-181443,-1113.09,419.664,16.3326,171914,1089.34,428.815,16.3611
0.0385296,33419.8,416.866,2.59991,0.796208,-181599,-1114.91,419.653,16.3368,172040,1091.06,428.826,16.3654
0.0385396,33419.8,417.2,2.60408,0.796234,-181756,-1116.72,419.642,16.341,172167,1092.78,428.836,16.3697
0.0385496,33419.8,417.534,2.60825,0.79626,-181913,-1118.54,419.631,16.3452,172293,1094.5,428.847,16.374
0.0385596,33419.8,417.868,2.61243,0.796286,-182070,-1120.36,419.62,16.3494,172419,1096.23,428.858,16.3783
0.0385696,33419.8,418.202,2.61661,0.796313,-182227,-1122.18,419.608,16.3536,172545,1097.95,428.869,16.3826
0.0385796,33419.8,418.537,2.62079,0.796339,-182384,-1124.01,419.597,16.3578,172671,1099.68,428.88,16.3869
0.0385896,33419.8,418.871,2.62498,0.796365,-182541,-1125.83,419.586,16.362,172797,1101.4,428.891,16.3912
0.0385996,33419.8,419.205,2.62917,0.796391,-182698,-1127.66,419.575,16.3662,172923,1103.13,428.902,16.3954
0.0386096,33419.8,419.539,2.63336,0.796418,-182855,-1129.48,419.563,16.3704,173049,1104.86,428.913,16.3997
0.0386196,33419.8,419.873,2.63756,0.796444,-183013,-1131.31,419.552,16.3746,173175,1106.59,428.924,16.404
0.0386296,33419.8,420.207,2.64176,0.79647,-183170,-1133.14,419.541,16.3788,173301,1108.33,428.936,16.4083
0.0386396,33419.8,420.542,2.64596,0.796497,-183327,-1134.98,419.529,16.383,173426,1110.06,428.947,16.4126
0.0386496,33419.8,420.876,2.65017,0.796523,-183484,-1136.81,419.518,16.3872,173552,1111.79,428.958,16.4169
0.0386596,33419.8,421.21,2.65438,0.79655,-183642,-1138.65,419.507,16.3914,173678,1113.53,428.969,16.4212
0.0386696,33419.8,421.544,2.65859,0.796576,-183799,-1140.48,419.495,16.3956,173804,1115.27,428.98,16.4255
0.0386796,33419.8,421.878,2.66281,0.796603,-183956,-1142.32,419.484,16.3998,173929,1117.01,428.991,16.4298
0.0386896,33419.8,422.212,2.66703,0.79663,-184114,-1144.16,419.472,16.404,174055,1118.74,429.002,16.434
0.0386996,33419.8,422.546,2.67125,0.796656,-184271,-1146,419.461,16.4081,174180,1120.49,429.013,16.4383
0.0387096,33419.8,422.881,2.67548,0.796683,-184429,-1147.85,419.449,16.4123,174306,1122.23,429.025,16.4426
0.0387196,33419.8,423.215,2.67971,0.79671,-184586,-1149.69,419.438,16.4165,174431,1123.97,429.036,16.4469
0.0387296,33419.8,423.549,2.68394,0.796737,-184744,-1151.54,419.426,16.4207,174557,1125.72,429.047,16.4512
0.0387396,33419.8,423.883,2.68818,0.796763,-184901,-1153.39,419.415,16.4249,174682,1127.46,429.058,16.4555
0.0387496,33419.8,424.217,2.69242,0.79679,-185059,-1155.24,419.403,16.4291,174808,1129.21,429.07,16.4598
0.0387596,33419.8,424.551,2.69666,0.796817,-185217,-1157.09,419.392,16.4333,174933,1130.96,429.081,16.4641
0.0387696,33419.8,424.886,2.70091,0.796844,-185374,-1158.94,419.38,16.4375,175058,1132.71,429.092,16.4684
0.0387796,33419.8,425.22,2.70516,0.796871,-185532,-1160.79,419.369,16.4417,175184,1134.46,429.104,16.4727
0.0387896,33419.8,425.554,2.70941,0.796898,-185690,-1162.65,419.357,16.4459,175309,1136.21,429.115,16.477
0.0387996,33419.8,425.888,2.71367,0.796925,-185848,-1164.51,419.345,16.4501,175434,1137.96,429.126,16.4812
0.0388096,33419.8,426.222,2.71793,0.796953,-186006,-1166.37,419.334,16.4543,175559,1139.72,429.138,16.4855
0.0388196,33419.8,426.556,2.72219,0.79698,-186164,-1168.23,419.322,16.4585,175684,1141.48,429.149,16.4898
0.0388296,33419.8,426.89,2.72646,0.797007,-186322,-1170.09,419.31,16.4627,175809,1143.23,429.161,16.4941
0.0388396,33419.8,427.225,2.73073,0.797034,-186480,-1171.95,419.299,16.4669,175934,1144.99,429.172,16.4984
0.0388496,33419.8,427.559,2.735,0.797062,-186638,-1173.82,419.287,16.4711,176059,1146.75,429.184,16.5027
0.0388596,33419.8,427.893,2.73928,0.797089,-186796,-1175.68,419.275,16.4752,176184,1148.51,429.195,16.507
0.0388696,33419.8,428.227,2.74356,0.797116,-186954,-1177.55,419.263,16.4794,176309,1150.27,429.206,16.5113
0.0388796,33419.8,428.561,2.74784,0.797144,-187112,-1179.42,419.252,16.4836,176434,1152.04,429.218,16.5156
0.0388896,33419.8,428.895,2.75213,0.797171,-187270,-1181.29,419.24,16.4878,176559,1153.8,429.23,16.5199
0.0388996,33419.8,429.23,2.75642,0.797199,-187428,-1183.17,419.228,16.492,176684,1155.57,429.241,16.5242
0.0389096,33419.8,429.564,2.76071,0.797226,-187586,-1185.04,419.216,16.4962,176808,1157.34,429.253,16.5285
0.0389196,33419.8,429.898,2.76501,0.797254,-187745,-1186.92,419.204,16.5004,176933,1159.1,429.264,16.5327
0.0389296,33419.8,430.232,2.76931,0.797282,-187903,-1188.8,419.192,16.5046,177058,1160.87,429.276,16.537
0.0389396,33419.8,430.566,2.77361,0.79731,-188061,-1190.68,419.181,16.5088,177182,1162.64,429.287,16.5413
0.0389496,33419.8,430.9,2.77792,0.797337,-188220,-1192.56,419.169,16.513,177307,1164.42,429.299,16.5456
0.0389596,33419.8,431.234,2.78223,0.797365,-188378,-1194.44,419.157,16.5172,177432,1166.19,429.311,16.5499
0.0389696,33419.8,431.569,2.78654,0.797393,-188537,-1196.33,419.145,16.5214,177556,1167.96,429.322,16.5542
0.0389796,33419.8,431.903,2.79086,0.797421,-188695,-1198.21,419.133,16.5256,177681,1169.74,429.334,16.5585
0.0389896,33419.8,432.237,2.79518,0.797449,-188854,-1200.1,419.121,16.5297,177805,1171.52,429.346,16.5628
0.0389996,33419.8,432.571,2.7995,0.797477,-189012,-1201.99,419.109,16.5339,177929,1173.3,429.358,16.5671
0.0390096,33419.8,432.905,2.80383,0.797505,-189171,-1203.88,419.097,16.5381,178054,1175.08,429.369,16.5714
0.0390196,33419.8,433.239,2.80816,0.797533,-189330,-1205.77,419.085,16.5423,178178,1176.86,429.381,16.5757
0.0390296,33419.8,433.574,2.81249,0.797561,-189488,-1207.66,419.073,16.5465,178302,1178.64,429.393,16.58
0.0390396,33419.8,433.908,2.81683,0.797589,-189647,-1209.56,419.061,16.5507,178426,1180.42,429.405,16.5843
0.0390496,33419.8,434.242,2.82117,0.797617,-189806,-1211.46,419.048,16.5549,178551,1182.21,429.416,16.5886
0.0390595,33419.8,434.576,2.82551,0.797645,-189965,-1213.36,419.036,16.5591,178675,1183.99,429.428,16.5929
0.0390695,33419.8,434.91,2.82986,0.797674,-190123,-1215.26,419.024,16.5633,178799,1185.78,429.44,16.5971
0.0390795,33419.8,435.244,2.83421,0.797702,-190282,-1217.16,419.012,16.5675,178923,1187.57,429.452,16.6014
0.0390895,33419.8,435.578,2.83856,0.79773,-190441,-1219.06,419,16.5716,179047,1189.36,429.464,16.6057
0.0390995,33419.8,435.913,2.84292,0.797759,-190600,-1220.97,418.988,16.5758,179171,1191.15,429.476,16.61
0.0391095,33419.8,436.247,2.84728,0.797787,-190759,-1222.87,418.975,16.58,179295,1192.94,429.488,16.6143
0.0391195,33419.8,436.581,2.85165,0.797816,-190918,-1224.78,418.963,16.5842,179419,1194.73,429.5,16.6186
0.0391295,33419.8,436.915,2.85601,0.797844,-191077,-1226.69,418.951,16.5884,179543,1196.53,429.512,16.6229
0.0391395,33419.8,437.249,2.86038,0.797873,-191236,-1228.6,418.939,16.5926,179666,1198.32,429.523,16.6272
0.0391495,33419.8,437.583,2.86476,0.797901,-191396,-1230.51,418.926,16.5968,179790,1200.12,429.535,16.6315
0.0391595,33419.8,437.918,2.86913,0.79793,-191555,-1232.43,418.914,16.601,179914,1201.92,429.547,16.6358
0.0391695,33419.8,438.252,2.87351,0.797959,-191714,-1234.34,418.902,16.6052,180037,1203.72,429.559,16.6401
0.0391795,33419.8,438.586,2.8779,0.797988,-191873,-1236.26,418.889,16.6094,180161,1205.52,429.572,16.6444
0.0391895,33419.8,438.92,2.88228,0.798016,-192033,-1238.18,418.877,16.6135,180285,1207.32,429.584,16.6487
0.0391995,33419.8,439.254,2.88667,0.798045,-192192,-1240.1,418.865,16.6177,180408,1209.13,429.596,16.653
0.0392095,33419.8,439.588,2.89107,0.798074,-192351,-1242.03,418.852,16.6219,180532,1210.93,429.608,16.6573
0.0392195,33419.8,439.922,2.89546,0.798103,-192511,-1243.95,418.84,16.6261,180655,1212.74,429.62,16.6616
0.0392295,33419.8,440.257,2.89987,0.798132,-192670,-1245.87,418.827,16.6303,180779,1214.54,429.632,16.6659
0.0392395,33419.8,440.591,2.90427,0.798161,-192830,-1247.8,418.815,16.6345,180902,1216.35,429.644,16.6702
0.0392495,33419.8,440.925,2.90868,0.79819,-192989,-1249.73,418.802,16.6387,181025,1218.16,429.656,16.6745
0.0392595,33419.8,441.259,2.91309,0.798219,-193149,-1251.66,418.79,16.6429,181149,1219.97,429.669,16.6788
0.0392695,33419.8,441.593,2.9175,0.798248,-193309,-1253.59,418.777,16.6471,181272,1221.78,429.681,16.6831
0.0392795,33419.8,441.927,2.92192,0.798277,-193468,-1255.53,418.765,16.6512,181395,1223.6,429.693,16.6874
0.0392895,33419.8,442.262,2.92634,0.798307,-193628,-1257.46,418.752,16.6554,181518,1225.41,429.705,16.6917
0.0392995,33419.8,442.596,2.93076,0.798336,-193788,-1259.4,418.74,16.6596,181641,1227.23,429.717,16.696
0.0393095,33419.8,442.93,2.93519,0.798365,-193948,-1261.34,418.727,16.6638,181764,1229.04,429.73,16.7003
0.0393195,33419.8,443.264,2.93962,0.798395,-194107,-1263.28,418.714,16.668,181888,1230.86,429.742,16.7045
0.0393295,33419.8,443.598,2.94405,0.798424,-194267,-1265.22,418.702,16.6722,182010,1232.68,429.754,16.7088
0.0393395,33419.8,443.932,2.94849,0.798454,-194427,-1267.16,418.689,16.6764,182133,1234.5,429.767,16.7131
0.0393495,33419.8,444.266,2.95293,0.798483,-194587,-1269.11,418.676,16.6805,182256,1236.32,429.779,16.7174
0.0393595,33419.8,444.601,2.95737,0.798513,-194747,-1271.05,418.664,16.6847,182379,1238.14,429.791,16.7217
0.0393695,33419.8,444.935,2.96182,0.798542,-194907,-1273,418.651,16.6889,182502,1239.97,429.804,16.726
0.0393795,33419.8,445.269,2.96627,0.798572,-195067,-1274.95,418.638,16.6931,182625,1241.79,429.816,16.7303
0.0393895,33419.8,445.603,2.97072,0.798602,-195227,-1276.9,418.626,16.6973,182748,1243.62,429.829,16.7346
0.0393995,33419.8,445.937,2.97518,0.798631,-195388,-1278.86,418.613,16.7015,182870,1245.45,429.841,16.7389
0.0394095,33419.8,446.271,2.97964,0.798661,-195548,-1280.81,418.6,16.7057,182993,1247.28,429.854,16.7432
0.0394195,33419.8,446.606,2.98411,0.798691,-195708,-1282.77,418.587,16.7099,183115,1249.11,429.866,16.7475
0.0394295,33419.8,446.94,2.98857,0.798721,-195868,-1284.72,418.574,16.714,183238,1250.94,429.879,16.7518
0.0394395,33419.8,447.274,2.99304,0.798751,-196029,-1286.68,418.561,16.7182,183360,1252.77,429.891,16.7561
0.0394495,33419.8,447.608,2.99752,0.798781,-196189,-1288.64,418.549,16.7224,183483,1254.61,429.904,16.7604
0.0394595,33419.8,447.942,3.00199,0.798811,-196349,-1290.61,418.536,16.7266,183605,1256.44,429.916,16.7647
0.0394695,33419.8,448.276,3.00647,0.798841,-196510,-1292.57,418.523,16.7308,183728,1258.28,429.929,16.769
0.0394795,33419.8,448.611,3.01096,0.798871,-196670,-1294.54,418.51,16.735,183850,1260.12,429.941,16.7733
0.0394895,33419.8,448.945,3.01545,0.798901,-196831,-1296.5,418.497,16.7392,183972,1261.95,429.954,16.7776
0.0394995,33419.8,449.279,3.01994,0.798931,-196991,-1298.47,418.484,16.7433,184095,1263.79,429.967,16.7819
0.0395095,33419.8,449.613,3.02443,0.798961,-197152,-1300.44,418.471,16.7475,184217,1265.64,429.979,16.7862
0.0395195,33419.8,449.947,3.02893,0.798992,-197313,-1302.41,418.458,16.7517,184339,1267.48,429.992,16.7905
0.0395295,33419.8,450.281,3.03343,0.799022,-197473,-1304.39,418.445,16.7559,184461,1269.32,430.005,16.7948
0.0395395,33419.8,450.615,3.03793,0.799052,-197634,-1306.36,418.432,16.7601,184583,1271.17,430.017,16.7991
0.0395495,33419.8,450.95,3.04244,0.799083,-197795,-1308.34,418.419,16.7643,184705,1273.01,430.03,16.8034
0.0395595,33419.8,451.284,3.04695,0.799113,-197956,-1310.32,418.406,16.7684,184827,1274.86,430.043,16.8077
0.0395695,33419.8,451.618,3.05146,0.799143,-198117,-1312.3,418.393,16.7726,184949,1276.71,430.055,16.812
0.0395795,33419.8,451.952,3.05598,0.799174,-198277,-1314.28,418.379,16.7768,185071,1278.56,430.068,16.8163
0.0395895,33419.8,452.286,3.0605,0.799205,-198438,-1316.26,418.366,16.781,185193,1280.41,430.081,16.8206
0.0395995,33419.8,452.62,3.06503,0.799235,-198599,-1318.25,418.353,16.7852,185315,1282.26,430.094,16.8249
0.0396095,33419.8,452.954,3.06955,0.799266,-198760,-1320.23,418.34,16.7894,185436,1284.12,430.107,16.8292
0.0396195,33419.8,453.289,3.07408,0.799297,-198921,-1322.22,418.327,16.7935,185558,1285.97,430.12,16.8335
0.0396295,33419.8,453.623,3.07862,0.799327,-199083,-1324.21,418.313,16.7977,185680,1287.83,430.132,16.8378
0.0396395,33419.8,453.957,3.08315,0.799358,-199244,-1326.2,418.3,16.8019,185801,1289.68,430.145,16.8421
0.0396495,33419.8,454.291,3.0877,0.799389,-199405,-1328.2,418.287,16.8061,185923,1291.54,430.158,16.8464
0.0396595,33419.8,454.625,3.09224,0.79942,-199566,-1330.19,418.274,16.8103,186045,1293.4,430.171,16.8507
0.0396695,33419.8,454.959,3.09679,0.799451,-199727,-1332.19,418.26,16.8145,186166,1295.26,430.184,16.855
0.0396795,33419.8,455.294,3.10134,0.799482,-199889,-1334.19,418.247,16.8186,186287,1297.12,430.197,16.8593
0.0396895,33419.8,455.628,3.10589,0.799513,-200050,-1336.19,418.234,16.8228,186409,1298.99,430.21,16.8636
0.0396995,33419.8,455.962,3.11045,0.799544,-200212,-1338.19,418.22,16.827,186530,1300.85,430.223,16.8679
0.0397095,33419.8,456.296,3.11501,0.799575,-200373,-1340.19,418.207,16.8312,186651,1302.72,430.236,16.8722
0.0397195,33419.8,456.63,3.11957,0.799606,-200534,-1342.19,418.193,16.8354,186773,1304.59,430.249,16.8765
0.0397295,33419.8,456.964,3.12414,0.799637,-200696,-1344.2,418.18,16.8396,186894,1306.45,430.262,16.8808
0.0397395,33419.8,457.298,3.12871,0.799669,-200858,-1346.21,418.167,16.8437,187015,1308.32,430.275,16.8852
0.0397495,33419.8,457.633,3.13329,0.7997,-201019,-1348.22,418.153,16.8479,187136,1310.19,430.288,16.8895
0.0397595,33419.8,457.967,3.13786,0.799731,-201181,-1350.23,418.14,16.8521,187257,1312.06,430.301,16.8938
0.0397695,33419.8,458.301,3.14244,0.799763,-201343,-1352.24,418.126,16.8563,187378,1313.94,430.314,16.8981
0.0397795,33419.8,458.635,3.14703,0.799794,-201504,-1354.25,418.113,16.8605,187499,1315.81,430.328,16.9024
0.0397895,33419.8,458.969,3.15161,0.799826,-201666,-1356.27,418.099,16.8646,187620,1317.69,430.341,16.9067
0.0397995,33419.8,459.303,3.15621,0.799857,-201828,-1358.29,418.085,16.8688,187741,1319.56,430.354,16.911
0.0398095,33419.8,459.638,3.1608,0.799889,-201990,-1360.3,418.072,16.873,187862,1321.44,430.367,16.9153
0.0398194,33419.8,459.972,3.1654,0.79992,-202152,-1362.32,418.058,16.8772,187983,1323.32,430.38,16.9196
0.0398294,33419.8,460.306,3.17,0.799952,-202314,-1364.35,418.045,16.8814,188103,1325.2,430.394,16.9239
0.0398394,33419.8,460.64,3.1746,0.799984,-202476,-1366.37,418.031,16.8855,188224,1327.08,430.407,16.9282
0.0398494,33419.8,460.974,3.17921,0.800016,-202638,-1368.4,418.017,16.8897,188345,1328.96,430.42,16.9325
0.0398594,33419.8,461.308,3.18382,0.800047,-202800,-1370.42,418.004,16.8939,188465,1330.85,430.433,16.9368
0.0398694,33419.8,461.642,3.18843,0.800079,-202962,-1372.45,417.99,16.8981,188586,1332.73,430.447,16.9411
0.0398794,33419.8,461.977,3.19305,0.800111,-203124,-1374.48,417.976,16.9023,188706,1334.62,430.46,16.9454
0.0398894,33419.8,462.311,3.19767,0.800143,-203286,-1376.51,417.962,16.9064,188827,1336.51,430.473,16.9497
0.0398994,33419.8,462.645,3.2023,0.800175,-203448,-1378.55,417.949,16.9106,188947,1338.4,430.487,16.954
0.0399094,33419.8,462.979,3.20692,0.800207,-203611,-1380.58,417.935,16.9148,189068,1340.29,430.5,16.9583
0.0399194,33419.8,463.313,3.21156,0.800239,-203773,-1382.62,417.921,16.919,189188,1342.18,430.514,16.9626
0.0399294,33419.8,463.647,3.21619,0.800271,-203936,-1384.66,417.907,16.9232,189308,1344.07,430.527,16.9669
0.0399394,33419.8,463.982,3.22083,0.800304,-204098,-1386.7,417.893,16.9273,189428,1345.96,430.541,16.9712
0.0399494,33419.8,464.316,3.22547,0.800336,-204260,-1388.74,417.879,16.9315,189549,1347.86,430.554,16.9755
0.0399594,33419.8,464.65,3.23011,0.800368,-204423,-1390.78,417.866,16.9357,189669,1349.75,430.568,16.9798
0.0399694,33419.8,464.984,3.23476,0.8004,-204586,-1392.83,417.852,16.9399,189789,1351.65,430.581,16.9841
0.0399794,33419.8,465.318,3.23941,0.800433,-204748,-1394.87,417.838,16.9441,189909,1353.55,430.595,16.9885
0.0399894,33419.8,465.652,3.24406,0.800465,-204911,-1396.92,417.824,16.9482,190029,1355.45,430.608,16.9928
0.0399994,33419.8,465.987,3.24872,0.800498,-205074,-1398.97,417.81,16.9524,190149,1357.35,430.622,16.9971
0.0400094,33419.8,466.321,3.25338,0.80053,-205236,-1401.02,417.796,16.9566,190269,1359.25,430.635,17.0014
0.0400194,33419.8,466.655,3.25805,0.800563,-205399,-1403.07,417.782,16.9608,190389,1361.15,430.649,17.0057
0.0400294,33419.8,466.989,3.26272,0.800595,-205562,-1405.13,417.768,16.9649,190508,1363.06,430.662,17.01
0.0400394,33419.8,467.323,3.26739,0.800628,-205725,-1407.19,417.754,16.9691,190628,1364.96,430.676,17.0143
0.0400494,33419.8,467.657,3.27206,0.800661,-205888,-1409.24,417.74,16.9733,190748,1366.87,430.69,17.0186
0.0400594,33419.8,467.991,3.27674,0.800693,-206051,-1411.3,417.726,16.9775,190868,1368.78,430.703,17.0229
0.0400694,33419.8,468.326,3.28142,0.800726,-206214,-1413.36,417.711,16.9817,190987,1370.69,430.717,17.0272
0.0400794,33419.8,468.66,3.2861,0.800759,-206377,-1415.43,417.697,16.9858,191107,1372.6,430.731,17.0315
0.0400894,33419.8,468.994,3.29079,0.800792,-206540,-1417.49,417.683,16.99,191226,1374.51,430.745,17.0358
0.0400994,33419.8,469.328,3.29548,0.800825,-206703,-1419.56,417.669,16.9942,191346,1376.42,430.758,17.0401
0.0401094,33419.8,469.662,3.30018,0.800858,-206866,-1421.62,417.655,16.9984,191465,1378.33,430.772,17.0444
0.0401194,33419.8,469.996,3.30487,0.800891,-207029,-1423.69,417.64,17.0025,191584,1380.25,430.786,17.0487
0.0401294,33419.8,470.331,3.30958,0.800924,-207193,-1425.76,417.626,17.0067,191704,1382.17,430.8,17.0531
0.0401394,33419.8,470.665,3.31428,0.800957,-207356,-1427.84,417.612,17.0109,191823,1384.08,430.813,17.0574
0.0401494,33419.8,470.999,3.31899,0.80099,-207519,-1429.91,417.598,17.0151,191942,1386,430.827,17.0617
0.0401594,33419.8,471.333,3.3237,0.801023,-207683,-1431.99,417.583,17.0192,192061,1387.92,430.841,17.066
0.0401694,33419.8,471.667,3.32841,0.801057,-207846,-1434.06,417.569,17.0234,192180,1389.84,430.855,17.0703
0.0401794,33419.8,472.001,3.33313,0.80109,-208010,-1436.14,417.555,17.0276,192300,1391.76,430.869,17.0746
0.0401894,33419.8,472.335,3.33785,0.801123,-208173,-1438.22,417.54,17.0318,192418,1393.69,430.883,17.0789
0.0401994,33419.8,472.67,3.34258,0.801157,-208337,-1440.31,417.526,17.0359,192537,1395.61,430.897,17.0832
0.0402094,33419.8,473.004,3.3473,0.80119,-208500,-1442.39,417.512,17.0401,192656,1397.54,430.911,17.0875
0.0402194,33419.8,473.338,3.35203,0.801224,-208664,-1444.47,417.497,17.0443,192775,1399.46,430.925,17.0918
0.0402294,33419.8,473.672,3.35677,0.801257,-208828,-1446.56,417.483,17.0485,192894,1401.39,430.939,17.0961
0.0402394,33419.8,474.006,3.36151,0.801291,-208992,-1448.65,417.468,17.0526,193013,1403.32,430.953,17.1005
0.0402494,33419.8,474.34,3.36625,0.801324,-209155,-1450.74,417.454,17.0568,193132,1405.25,430.967,17.1048
0.0402594,33419.8,474.674,3.37099,0.801358,-209319,-1452.83,417.439,17.061,193250,1407.18,430.981,17.1091
0.0402694,33419.8,475.009,3.37574,0.801392,-209483,-1454.93,417.425,17.0652,193369,1409.12,430.995,17.1134
0.0402794,33419.8,475.343,3.38049,0.801426,-209647,-1457.02,417.41,17.0693,193487,1411.05,431.009,17.1177
0.0402894,33419.8,475.677,3.38525,0.801459,-209811,-1459.12,417.395,17.0735,193606,1412.99,431.023,17.122
0.0402994,33419.8,476.011,3.39,0.801493,-209975,-1461.22,417.381,17.0777,193724,1414.92,431.037,17.1263
0.0403094,33419.8,476.345,3.39476,0.801527,-210139,-1463.32,417.366,17.0819,193843,1416.86,431.052,17.1306
0.0403194,33419.8,476.679,3.39953,0.801561,-210303,-1465.42,417.352,17.086,193961,1418.8,431.066,17.1349
0.0403294,33419.8,477.014,3.4043,0.801595,-210468,-1467.52,417.337,17.0902,194080,1420.74,431.08,17.1392
0.0403394,33419.8,477.348,3.40907,0.801629,-210632,-1469.63,417.322,17.0944,194198,1422.68,431.094,17.1436
0.0403494,33419.8,477.682,3.41384,0.801663,-210796,-1471.74,417.308,17.0986,194316,1424.62,431.108,17.1479
0.0403594,33419.8,478.016,3.41862,0.801697,-210960,-1473.84,417.293,17.1027,194434,1426.57,431.123,17.1522
0.0403694,33419.8,478.35,3.4234,0.801732,-211125,-1475.95,417.278,17.1069,194552,1428.51,431.137,17.1565
0.0403794,33419.8,478.684,3.42819,0.801766,-211289,-1478.07,417.263,17.1111,194670,1430.46,431.151,17.1608
0.0403894,33419.8,479.018,3.43297,0.8018,-211454,-1480.18,417.249,17.1153,194788,1432.4,431.165,17.1651
0.0403994,33419.8,479.353,3.43777,0.801835,-211618,-1482.3,417.234,17.1194,194906,1434.35,431.18,17.1694
0.0404094,33419.8,479.687,3.44256,0.801869,-211783,-1484.41,417.219,17.1236,195024,1436.3,431.194,17.1737
0.0404194,33419.8,480.021,3.44736,0.801903,-211947,-1486.53,417.204,17.1278,195142,1438.25,431.209,17.1781
0.0404294,33419.8,480.355,3.45216,0.801938,-212112,-1488.65,417.189,17.1319,195260,1440.2,431.223,17.1824
0.0404394,33419.8,480.689,3.45696,0.801972,-212277,-1490.77,417.174,17.1361,195378,1442.16,431.237,17.1867
0.0404494,33419.8,481.023,3.46177,0.802007,-212441,-1492.9,417.159,17.1403,195495,1444.11,431.252,17.191
0.0404594,33419.8,481.358,3.46658,0.802042,-212606,-1495.02,417.144,17.1445,195613,1446.07,431.266,17.1953
0.0404694,33419.8,481.692,3.4714,0.802076,-212771,-1497.15,417.129,17.1486,195731,1448.02,431.281,17.1996
0.0404794,33419.8,482.026,3.47622,0.802111,-212936,-1499.27,417.114,17.1528,195848,1449.98,431.295,17.2039
0.0404894,33419.8,482.36,3.48104,0.802146,-213101,-1501.4,417.099,17.157,195966,1451.94,431.31,17.2082
0.0404994,33419.8,482.694,3.48586,0.802181,-213266,-1503.54,417.084,17.1611,196083,1453.9,431.324,17.2126
0.0405094,33419.8,483.028,3.49069,0.802216,-213431,-1505.67,417.069,17.1653,196200,1455.86,431.339,17.2169
0.0405194,33419.8,483.363,3.49552,0.802251,-213596,-1507.8,417.054,17.1695,196318,1457.82,431.353,17.2212
0.0405294,33419.8,483.697,3.50036,0.802285,-213761,-1509.94,417.039,17.1737,196435,1459.79,431.368,17.2255
0.0405394,33419.8,484.031,3.50519,0.80232,-213926,-1512.08,417.024,17.1778,196552,1461.75,431.383,17.2298
0.0405494,33419.8,484.365,3.51003,0.802356,-214091,-1514.22,417.009,17.182,196670,1463.72,431.397,17.2341
0.0405594,0,484.434,3.51488,0.802391,-214142,-1516.36,416.994,17.1862,196676,1465.68,431.412,17.2384
0.0405694,0,484.434,3.51972,0.802426,-214163,-1518.5,416.979,17.1903,196654,1467.65,431.426,17.2427
0.0405793,0,484.434,3.52457,0.802461,-214184,-1520.64,416.963,17.1945,196632,1469.62,431.441,17.2471
0.0405893,0,484.434,3.52941,0.802496,-214206,-1522.78,416.948,17.1987,196609,1471.58,431.456,17.2514
0.0405993,0,484.434,3.53425,0.802532,-214227,-1524.93,416.933,17.2028,196587,1473.55,431.471,17.2557
0.0406093,0,484.434,3.5391,0.802567,-214248,-1527.07,416.918,17.207,196565,1475.51,431.485,17.26
0.0406193,0,484.434,3.54394,0.802602,-214269,-1529.21,416.902,17.2112,196542,1477.48,431.5,17.2643
0.0406293,0,484.434,3.54878,0.802638,-214291,-1531.35,416.887,17.2153,196520,1479.44,431.515,17.2686
0.0406393,0,484.434,3.55363,0.802673,-214312,-1533.5,416.872,17.2195,196497,1481.41,431.53,17.2729
0.0406493,0,484.434,3.55847,0.802709,-214333,-1535.64,416.857,17.2237,196475,1483.37,431.544,17.2773
0.0406593,0,484.434,3.56332,0.802745,-214355,-1537.78,416.841,17.2279,196452,1485.34,431.559,17.2816
0.0406693,0,484.434,3.56816,0.80278,-214376,-1539.93,416.826,17.232,196430,1487.3,431.574,17.2859
0.0406793,0,484.434,3.573,0.802816,-214397,-1542.07,416.81,17.2362,196407,1489.26,431.589,17.2902
0.0406893,0,484.434,3.57785,0.802852,-214419,-1544.21,416.795,17.2404,196385,1491.23,431.604,17.2945
0.0406993,0,484.434,3.58269,0.802887,-214440,-1546.36,416.779,17.2445,196362,1493.19,431.619,17.2988
0.0407093,0,484.434,3.58753,0.802923,-214462,-1548.5,416.764,17.2487,196339,1495.15,431.634,17.3032
0.0407193,0,484.434,3.59238,0.802959,-214483,-1550.65,416.749,17.2529,196317,1497.12,431.649,17.3075
0.0407293,0,484.434,3.59722,0.802995,-214505,-1552.79,416.733,17.257,196294,1499.08,431.664,17.3118
0.0407393,0,484.434,3.60206,0.803031,-214527,-1554.93,416.717,17.2612,196271,1501.04,431.679,17.3161
0.0407493,0,484.434,3.60691,0.803067,-214548,-1557.08,416.702,17.2654,196248,1503.01,431.694,17.3204
0.0407593,0,484.434,3.61175,0.803103,-214570,-1559.23,416.686,17.2695,196225,1504.97,431.709,17.3247
0.0407693,0,484.434,3.6166,0.803139,-214592,-1561.37,416.671,17.2737,196202,1506.93,431.724,17.3291
0.0407793,0,484.434,3.62144,0.803176,-214613,-1563.52,416.655,17.2779,196180,1508.89,431.739,17.3334
0.0407893,0,484.434,3.62628,0.803212,-214635,-1565.66,416.639,17.282,196157,1510.85,431.754,17.3377
0.0407993,0,484.434,3.63113,0.803248,-214657,-1567.81,416.624,17.2862,196134,1512.81,431.769,17.342
0.0408093,0,484.434,3.63597,0.803284,-214679,-1569.96,416.608,17.2904,196111,1514.77,431.784,17.3463
0.0408193,0,484.434,3.64081,0.803321,-214700,-1572.1,416.592,17.2945,196088,1516.74,431.799,17.3507
0.0408293,0,484.434,3.64566,0.803357,-214722,-1574.25,416.577,17.2987,196065,1518.7,431.815,17.355
0.0408393,0,484.434,3.6505,0.803394,-214744,-1576.4,416.561,17.3029,196042,1520.66,431.83,17.3593
0.0408493,0,484.434,3.65535,0.80343,-214766,-1578.54,416.545,17.307,196018,1522.62,431.845,17.3636
0.0408593,0,484.434,3.66019,0.803467,-214788,-1580.69,416.529,17.3112,195995,1524.58,431.86,17.3679
0.0408693,0,484.434,3.66503,0.803503,-214810,-1582.84,416.514,17.3154,195972,1526.54,431.876,17.3722
0.0408793,0,484.434,3.66988,0.80354,-214832,-1584.99,416.498,17.3195,195949,1528.5,431.891,17.3766
0.0408893,0,484.434,3.67472,0.803577,-214854,-1587.13,416.482,17.3237,195926,1530.45,431.906,17.3809
0.0408993,0,484.434,3.67956,0.803614,-214876,-1589.28,416.466,17.3279,195902,1532.41,431.921,17.3852
0.0409093,0,484.434,3.68441,0.80365,-214898,-1591.43,416.45,17.332,195879,1534.37,431.937,17.3895
0.0409193,0,484.434,3.68925,0.803687,-214920,-1593.58,416.434,17.3362,195856,1536.33,431.952,17.3938
0.0409293,0,484.434,3.69409,0.803724,-214942,-1595.73,416.418,17.3403,195832,1538.29,431.967,17.3982
0.0409393,0,484.434,3.69894,0.803761,-214964,-1597.88,416.402,17.3445,195809,1540.25,431.983,17.4025
0.0409493,0,484.434,3.70378,0.803798,-214986,-1600.03,416.386,17.3487,195785,1542.2,431.998,17.4068
0.0409593,0,484.434,3.70863,0.803835,-215009,-1602.18,416.37,17.3528,195762,1544.16,432.014,17.4111
0.0409693,0,484.434,3.71347,0.803872,-215031,-1604.33,416.354,17.357,195738,1546.12,432.029,17.4154
0.0409793,0,484.434,3.71831,0.803909,-215053,-1606.48,416.338,17.3612,195715,1548.08,432.045,17.4198
0.0409893,0,484.434,3.72316,0.803947,-215075,-1608.63,416.322,17.3653,195691,1550.03,432.06,17.4241
0.0409993,0,484.434,3.728,0.803984,-215098,-1610.78,416.306,17.3695,195668,1551.99,432.076,17.4284
0.0410093,0,484.434,3.73284,0.804021,-215120,-1612.93,416.29,17.3737,195644,1553.95,432.091,17.4327
0.0410193,0,484.434,3.73769,0.804059,-215142,-1615.08,416.274,17.3778,195620,1555.9,432.107,17.437
0.0410293,0,484.434,3.74253,0.804096,-215165,-1617.23,416.258,17.382,195597,1557.86,432.122,17.4414
0.0410393,0,484.434,3.74738,0.804133,-215187,-1619.38,416.241,17.3861,195573,1559.81,432.138,17.4457
0.0410493,0,484.434,3.75222,0.804171,-215210,-1621.53,416.225,17.3903,195549,1561.77,432.153,17.45
0.0410593,0,484.434,3.75706,0.804208,-215232,-1623.69,416.209,17.3945,195525,1563.72,432.169,17.4543
0.0410693,0,484.434,3.76191,0.804246,-215255,-1625.84,416.193,17.3986,195502,1565.68,432.185,17.4586
0.0410793,0,484.434,3.76675,0.804284,-215277,-1627.99,416.176,17.4028,195478,1567.63,432.2,17.463
0.0410893,0,484.434,3.77159,0.804321,-215300,-1630.14,416.16,17.4069,195454,1569.59,432.216,17.4673
0.0410993,0,484.434,3.77644,0.804359,-215322,-1632.3,416.144,17.4111,195430,1571.54,432.232,17.4716
0.0411093,0,484.434,3.78128,0.804397,-215345,-1634.45,416.128,17.4153,195406,1573.5,432.247,17.4759
0.0411193,0,484.434,3.78613,0.804435,-215368,-1636.6,416.111,17.4194,195382,1575.45,432.263,17.4803
0.0411293,0,484.434,3.79097,0.804473,-215390,-1638.76,416.095,17.4236,195358,1577.4,432.279,17.4846
0.0411393,0,484.434,3.79581,0.804511,-215413,-1640.91,416.078,17.4278,195334,1579.36,432.295,17.4889
0.0411493,0,484.434,3.80066,0.804549,-215436,-1643.06,416.062,17.4319,195310,1581.31,432.311,17.4932
0.0411593,0,484.434,3.8055,0.804587,-215459,-1645.22,416.046,17.4361,195286,1583.26,432.326,17.4976
0.0411693,0,484.434,3.81034,0.804625,-215481,-1647.37,416.029,17.4402,195261,1585.21,432.342,17.5019
0.0411793,0,484.434,3.81519,0.804663,-215504,-1649.53,416.013,17.4444,195237,1587.17,432.358,17.5062
0.0411893,0,484.434,3.82003,0.804701,-215527,-1651.68,415.996,17.4486,195213,1589.12,432.374,17.5105
0.0411993,0,484.434,3.82487,0.804739,-215550,-1653.84,415.98,17.4527,195189,1591.07,432.39,17.5148
0.0412093,0,484.434,3.82972,0.804777,-215573,-1655.99,415.963,17.4569,195165,1593.02,432.406,17.5192
0.0412193,0,484.434,3.83456,0.804816,-215596,-1658.15,415.946,17.461,195140,1594.97,432.422,17.5235
0.0412293,0,484.434,3.83941,0.804854,-215619,-1660.3,415.93,17.4652,195116,1596.92,432.438,17.5278
0.0412393,0,484.434,3.84425,0.804892,-215642,-1662.46,415.913,17.4694,195091,1598.87,432.454,17.5321
0.0412493,0,484.434,3.84909,0.804931,-215665,-1664.62,415.897,17.4735,195067,1600.82,432.47,17.5365
0.0412593,0,484.434,3.85394,0.804969,-215688,-1666.77,415.88,17.4777,195043,1602.78,432.486,17.5408
0.0412693,0,484.434,3.85878,0.805008,-215711,-1668.93,415.863,17.4818,195018,1604.73,432.502,17.5451
0.0412793,0,484.434,3.86362,0.805047,-215734,-1671.09,415.847,17.486,194994,1606.68,432.518,17.5494
0.0412893,0,484.434,3.86847,0.805085,-215757,-1673.24,415.83,17.4901,194969,1608.62,432.534,17.5538
0.0412993,0,484.434,3.87331,0.805124,-215780,-1675.4,415.813,17.4943,194945,1610.57,432.55,17.5581
0.0413093,0,484.434,3.87816,0.805163,-215803,-1677.56,415.796,17.4985,194920,1612.52,432.566,17.5624
0.0413193,0,484.434,3.883,0.805202,-215826,-1679.72,415.78,17.5026,194895,1614.47,432.582,17.5667
0.0413292,0,484.434,3.88784,0.80524,-215850,-1681.87,415.763,17.5068,194871,1616.42,432.598,17.5711
0.0413392,0,484.434,3.89269,0.805279,-215873,-1684.03,415.746,17.5109,194846,1618.37,432.615,17.5754
0.0413492,0,484.434,3.89753,0.805318,-215896,-1686.19,415.729,17.5151,194821,1620.32,432.631,17.5797
0.0413592,0,484.434,3.90237,0.805357,-215919,-1688.35,415.712,17.5193,194796,1622.26,432.647,17.584
0.0413692,0,484.434,3.90722,0.805396,-215943,-1690.51,415.695,17.5234,194772,1624.21,432.663,17.5884
0.0413792,0,484.434,3.91206,0.805435,-215966,-1692.67,415.678,17.5276,194747,1626.16,432.679,17.5927
0.0413892,0,484.434,3.9169,0.805474,-215989,-1694.83,415.661,17.5317,194722,1628.11,432.696,17.597
0.0413992,0,484.434,3.92175,0.805514,-216013,-1696.99,415.645,17.5359,194697,1630.05,432.712,17.6014
0.0414092,0,484.434,3.92659,0.805553,-216036,-1699.15,415.628,17.54,194672,1632,432.728,17.6057
0.0414192,0,484.434,3.93144,0.805592,-216060,-1701.31,415.611,17.5442,194647,1633.95,432.745,17.61
0.0414292,0,484.434,3.93628,0.805632,-216083,-1703.47,415.594,17.5483,194622,1635.89,432.761,17.6143
0.0414392,0,484.434,3.94112,0.805671,-216107,-1705.63,415.577,17.5525,194597,1637.84,432.777,17.6187
0.0414492,0,484.434,3.94597,0.80571,-216130,-1707.79,415.559,17.5567,194572,1639.78,432.794,17.623
0.0414592,0,484.434,3.95081,0.80575,-216154,-1709.95,415.542,17.5608,194547,1641.73,432.81,17.6273
0.0414692,0,484.434,3.95565,0.805789,-216178,-1712.11,415.525,17.565,194522,1643.67,432.827,17.6317
0.0414792,0,484.434,3.9605,0.805829,-216201,-1714.27,415.508,17.5691,194497,1645.62,432.843,17.636
0.0414892,0,484.434,3.96534,0.805869,-216225,-1716.44,415.491,17.5733,194472,1647.56,432.859,17.6403
0.0414992,0,484.434,3.97019,0.805908,-216249,-1718.6,415.474,17.5774,194446,1649.51,432.876,17.6446
0.0415092,0,484.434,3.97503,0.805948,-216272,-1720.76,415.457,17.5816,194421,1651.45,432.892,17.649
0.0415192,0,484.434,3.97987,0.805988,-216296,-1722.92,415.439,17.5857,194396,1653.4,432.909,17.6533
0.0415292,0,484.434,3.98472,0.806028,-216320,-1725.09,415.422,17.5899,194370,1655.34,432.925,17.6576
0.0415392,0,484.434,3.98956,0.806067,-216344,-1727.25,415.405,17.5941,194345,1657.28,432.942,17.662
0.0415492,0,484.434,3.9944,0.806107,-216367,-1729.41,415.388,17.5982,194320,1659.23,432.959,17.6663
0.0415592,0,484.434,3.99925,0.806147,-216391,-1731.58,415.37,17.6024,194294,1661.17,432.975,17.6706
0.0415692,0,484.434,4.00409,0.806187,-216415,-1733.74,415.353,17.6065,194269,1663.11,432.992,17.6749
0.0415792,0,484.434,4.00894,0.806227,-216439,-1735.9,415.336,17.6107,194243,1665.05,433.008,17.6793
0.0415892,0,484.434,4.01378,0.806267,-216463,-1738.07,415.318,17.6148,194218,1667,433.025,17.6836
0.0415992,0,484.434,4.01862,0.806308,-216487,-1740.23,415.301,17.619,194192,1668.94,433.042,17.6879
0.0416092,0,484.434,4.02347,0.806348,-216511,-1742.4,415.283,17.6231,194167,1670.88,433.059,17.6923
0.0416192,0,484.434,4.02831,0.806388,-216535,-1744.56,415.266,17.6273,194141,1672.82,433.075,17.6966
0.0416292,0,484.434,4.03315,0.806428,-216559,-1746.73,415.249,17.6314,194116,1674.76,433.092,17.7009
0.0416392,0,484.434,4.038,0.806469,-216583,-1748.89,415.231,17.6356,194090,1676.7,433.109,17.7053
0.0416492,0,484.434,4.04284,0.806509,-216607,-1751.06,415.214,17.6397,194064,1678.64,433.125,17.7096
0.0416592,0,484.434,4.04768,0.80655,-216631,-1753.22,415.196,17.6439,194038,1680.58,433.142,17.7139
0.0416692,0,484.434,4.05253,0.80659,-216655,-1755.39,415.179,17.648,194013,1682.52,433.159,17.7183
0.0416792,0,484.434,4.05737,0.806631,-216680,-1757.56,415.161,17.6522,193987,1684.46,433.176,17.7226
0.0416892,0,484.434,4.06222,0.806671,-216704,-1759.72,415.143,17.6563,193961,1686.4,433.193,17.7269
0.0416992,0,484.434,4.06706,0.806712,-216728,-1761.89,415.126,17.6605,193935,1688.34,433.21,17.7312
0.0417092,0,484.434,4.0719,0.806753,-216752,-1764.06,415.108,17.6646,193909,1690.28,433.227,17.7356
0.0417192,0,484.434,4.07675,0.806793,-216776,-1766.22,415.09,17.6688,193883,1692.22,433.243,17.7399
0.0417292,0,484.434,4.08159,0.806834,-216801,-1768.39,415.073,17.673,193857,1694.16,433.26,17.7442
0.0417392,0,484.434,4.08643,0.806875,-216825,-1770.56,415.055,17.6771,193831,1696.1,433.277,17.7486
0.0417492,0,484.434,4.09128,0.806916,-216849,-1772.73,415.037,17.6813,193805,1698.03,433.294,17.7529
0.0417592,0,484.434,4.09612,0.806957,-216874,-1774.9,415.02,17.6854,193779,1699.97,433.311,17.7572
0.0417692,0,484.434,4.10097,0.806998,-216898,-1777.06,415.002,17.6896,193753,1701.91,433.328,17.7616
0.0417792,0,484.434,4.10581,0.807039,-216923,-1779.23,414.984,17.6937,193727,1703.85,433.345,17.7659
0.0417892,0,484.434,4.11065,0.80708,-216947,-1781.4,414.966,17.6979,193701,1705.78,433.362,17.7702
0.0417992,0,484.434,4.1155,0.807121,-216972,-1783.57,414.948,17.702,193675,1707.72,433.379,17.7746
0.0418092,0,484.434,4.12034,0.807162,-216996,-1785.74,414.931,17.7062,193649,1709.66,433.396,17.7789
0.0418192,0,484.434,4.12518,0.807203,-217021,-1787.91,414.913,17.7103,193622,1711.59,433.414,17.7832
0.0418292,0,484.434,4.13003,0.807245,-217045,-1790.08,414.895,17.7144,193596,1713.53,433.431,17.7876
0.0418392,0,484.434,4.13487,0.807286,-217070,-1792.25,414.877,17.7186,193570,1715.46,433.448,17.7919
0.0418492,0,484.434,4.13972,0.807327,-217095,-1794.42,414.859,17.7227,193543,1717.4,433.465,17.7962
0.0418592,0,484.434,4.14456,0.807369,-217119,-1796.59,414.841,17.7269,193517,1719.33,433.482,17.8006
0.0418692,0,484.434,4.1494,0.80741,-217144,-1798.76,414.823,17.731,193491,1721.27,433.499,17.8049
0.0418792,0,484.434,4.15425,0.807452,-217169,-1800.93,414.805,17.7352,193464,1723.2,433.517,17.8092
0.0418892,0,484.434,4.15909,0.807493,-217193,-1803.11,414.787,17.7393,193438,1725.14,433.534,17.8136
0.0418992,0,484.434,4.16393,0.807535,-217218,-1805.28,414.769,17.7435,193411,1727.07,433.551,17.8179
0.0419092,0,484.434,4.16878,0.807576,-217243,-1807.45,414.751,17.7476,193385,1729,433.568,17.8223
0.0419192,0,484.434,4.17362,0.807618,-217268,-1809.62,414.733,17.7518,193358,1730.94,433.586,17.8266
0.0419292,0,484.434,4.17846,0.80766,-217293,-1811.8,414.715,17.7559,193331,1732.87,433.603,17.8309
0.0419392,0,484.434,4.18331,0.807702,-217318,-1813.97,414.697,17.7601,193305,1734.8,433.62,17.8353
0.0419492,0,484.434,4.18815,0.807744,-217342,-1816.14,414.679,17.7642,193278,1736.74,433.638,17.8396
0.0419592,0,484.434,4.193,0.807786,-217367,-1818.31,414.66,17.7684,193251,1738.67,433.655,17.8439
0.0419692,0,484.434,4.19784,0.807827,-217392,-1820.49,414.642,17.7725,193225,1740.6,433.672,17.8483
0.0419792,0,484.434,4.20268,0.807869,-217417,-1822.66,414.624,17.7767,193198,1742.53,433.69,17.8526
0.0419892,0,484.434,4.20753,0.807911,-217442,-1824.84,414.606,17.7808,193171,1744.46,433.707,17.8569
0.0419992,0,484.434,4.21237,0.807954,-217467,-1827.01,414.588,17.785,193144,1746.4,433.725,17.8613
0.0420092,0,484.434,4.21721,0.807996,-217492,-1829.18,414.569,17.7891,193117,1748.33,433.742,17.8656
0.0420192,0,484.434,4.22206,0.808038,-217518,-1831.36,414.551,17.7932,193090,1750.26,433.76,17.87
0.0420292,0,484.434,4.2269,0.80808,-217543,-1833.53,414.533,17.7974,193063,1752.19,433.777,17.8743
0.0420392,0,484.434,4.23175,0.808122,-217568,-1835.71,414.514,17.8015,193036,1754.12,433.795,17.8786
0.0420492,0,484.434,4.23659,0.808165,-217593,-1837.88,414.496,17.8057,193009,1756.05,433.812,17.883
0.0420592,0,484.434,4.24143,0.808207,-217618,-1840.06,414.478,17.8098,192982,1757.98,433.83,17.8873
0.0420692,0,484.434,4.24628,0.80825,-217643,-1842.24,414.459,17.814,192955,1759.91,433.847,17.8916
0.0420792,0,484.434,4.25112,0.808292,-217669,-1844.41,414.441,17.8181,192928,1761.84,433.865,17.896
0.0420891,0,484.434,4.25596,0.808335,-217694,-1846.59,414.422,17.8223,192901,1763.77,433.883,17.9003
0.0420991,0,484.434,4.26081,0.808377,-217719,-1848.77,414.404,17.8264,192874,1765.69,433.9,17.9047
0.0421091,0,484.434,4.26565,0.80842,-217745,-1850.94,414.385,17.8305,192847,1767.62,433.918,17.909
0.0421191,0,484.434,4.27049,0.808463,-217770,-1853.12,414.367,17.8347,192819,1769.55,433.936,17.9133
0.0421291,0,484.434,4.27534,0.808505,-217795,-1855.3,414.348,17.8388,192792,1771.48,433.953,17.9177
0.0421391,0,484.434,4.28018,0.808548,-217821,-1857.48,414.33,17.843,192765,1773.41,433.971,17.922
0.0421491,0,484.434,4.28503,0.808591,-217846,-1859.65,414.311,17.8471,192738,1775.33,433.989,17.9264
0.0421591,0,484.434,4.28987,0.808634,-217872,-1861.83,414.292,17.8513,192710,1777.26,434.007,17.9307
0.0421691,0,484.434,4.29471,0.808677,-217897,-1864.01,414.274,17.8554,192683,1779.19,434.024,17.935
0.0421791,0,484.434,4.29956,0.80872,-217923,-1866.19,414.255,17.8596,192655,1781.11,434.042,17.9394
0.0421891,0,484.434,4.3044,0.808763,-217948,-1868.37,414.237,17.8637,192628,1783.04,434.06,17.9437
0.0421991,0,484.434,4.30924,0.808806,-217974,-1870.55,414.218,17.8678,192600,1784.97,434.078,17.9481
0.0422091,0,484.434,4.31409,0.808849,-217999,-1872.73,414.199,17.872,192573,1786.89,434.096,17.9524
0.0422191,0,484.434,4.31893,0.808892,-218025,-1874.91,414.18,17.8761,192545,1788.82,434.114,17.9567
0.0422291,0,484.434,4.32378,0.808935,-218051,-1877.09,414.162,17.8803,192518,1790.74,434.132,17.9611
0.0422391,0,484.434,4.32862,0.808978,-218076,-1879.27,414.143,17.8844,192490,1792.67,434.149,17.9654
0.0422491,0,484.434,4.33346,0.809022,-218102,-1881.45,414.124,17.8885,192462,1794.59,434.167,17.9698
0.0422591,0,484.434,4.33831,0.809065,-218128,-1883.63,414.105,17.8927,192435,1796.52,434.185,17.9741
0.0422691,0,484.434,4.34315,0.809108,-218154,-1885.81,414.086,17.8968,192407,1798.44,434.203,17.9785
0.0422791,0,484.434,4.34799,0.809152,-218179,-1887.99,414.067,17.901,192379,1800.36,434.221,17.9828
0.0422891,0,484.434,4.35284,0.809195,-218205,-1890.17,414.049,17.9051,192351,1802.29,434.239,17.9871
0.0422991,0,484.434,4.35768,0.809239,-218231,-1892.35,414.03,17.9092,192324,1804.21,434.257,17.9915
0.0423091,0,484.434,4.36252,0.809282,-218257,-1894.54,414.011,17.9134,192296,1806.13,434.275,17.9958
0.0423191,0,484.434,4.36737,0.809326,-218283,-1896.72,413.992,17.9175,192268,1808.05,434.293,18.0002
0.0423291,0,484.434,4.37221,0.80937,-218309,-1898.9,413.973,17.9217,192240,1809.98,434.312,18.0045
0.0423391,0,484.434,4.37706,0.809414,-218335,-1901.08,413.954,17.9258,192212,1811.9,434.33,18.0089
0.0423491,0,484.434,4.3819,0.809457,-218361,-1903.27,413.935,17.9299,192184,1813.82,434.348,18.0132
0.0423591,0,484.434,4.38674,0.809501,-218387,-1905.45,413.916,17.9341,192156,1815.74,434.366,18.0175
0.0423691,0,484.434,4.39159,0.809545,-218413,-1907.64,413.897,17.9382,192128,1817.66,434.384,18.0219
0.0423791,0,484.434,4.39643,0.809589,-218439,-1909.82,413.878,17.9424,192100,1819.58,434.402,18.0262
0.0423891,0,484.434,4.40127,0.809633,-218465,-1912,413.859,17.9465,192072,1821.51,434.42,18.0306
0.0423991,0,484.434,4.40612,0.809677,-218491,-1914.19,413.839,17.9506,192044,1823.43,434.439,18.0349
0.0424091,0,484.434,4.41096,0.809721,-218517,-1916.37,413.82,17.9548,192015,1825.35,434.457,18.0393
0.0424191,0,484.434,4.41581,0.809765,-218543,-1918.56,413.801,17.9589,191987,1827.27,434.475,18.0436
0.0424291,0,484.434,4.42065,0.809809,-218569,-1920.74,413.782,17.9631,191959,1829.18,434.493,18.0479
0.0424391,0,484.434,4.42549,0.809854,-218596,-1922.93,413.763,17.9672,191931,1831.1,434.512,18.0523
0.0424491,0,484.434,4.43034,0.809898,-218622,-1925.11,413.743,17.9713,191902,1833.02,434.53,18.0566
0.0424591,0,484.434,4.43518,0.809942,-218648,-1927.3,413.724,17.9755,191874,1834.94,434.548,18.061
0.0424691,0,484.434,4.44002,0.809987,-218674,-1929.49,413.705,17.9796,191846,1836.86,434.567,18.0653
0.0424791,0,484.434,4.44487,0.810031,-218701,-1931.67,413.686,17.9837,191817,1838.78,434.585,18.0697
0.0424891,0,484.434,4.44971,0.810076,-218727,-1933.86,413.666,17.9879,191789,1840.7,434.604,18.074
0.0424991,0,484.434,4.45456,0.81012,-218754,-1936.05,413.647,17.992,191760,1842.61,434.622,18.0784
0.0425091,0,484.434,4.4594,0.810165,-218780,-1938.23,413.628,17.9962,191732,1844.53,434.64,18.0827
0.0425191,0,484.434,4.46424,0.810209,-218806,-1940.42,413.608,18.0003,191703,1846.45,434.659,18.0871
0.0425291,0,484.434,4.46909,0.810254,-218833,-1942.61,413.589,18.0044,191675,1848.36,434.677,18.0914
0.0425391,0,484.434,4.47393,0.810299,-218859,-1944.8,413.569,18.0086,191646,1850.28,434.696,18.0958
0.0425491,0,484.434,4.47877,0.810343,-218886,-1946.99,413.55,18.0127,191617,1852.2,434.714,18.1001
0.0425591,0,484.434,4.48362,0.810388,-218912,-1949.18,413.53,18.0168,191589,1854.11,434.733,18.1044
0.0425691,0,484.434,4.48846,0.810433,-218939,-1951.36,413.511,18.021,191560,1856.03,434.751,18.1088
0.0425791,0,484.434,4.49331,0.810478,-218966,-1953.55,413.491,18.0251,191531,1857.94,434.77,18.1131
0.0425891,0,484.434,4.49815,0.810523,-218992,-1955.74,413.472,18.0292,191502,1859.86,434.789,18.1175
0.0425991,0,484.434,4.50299,0.810568,-219019,-1957.93,413.452,18.0334,191474,1861.77,434.807,18.1218
0.0426091,0,484.434,4.50784,0.810613,-219045,-1960.12,413.433,18.0375,191445,1863.69,434.826,18.1262
0.0426191,0,484.434,4.51268,0.810658,-219072,-1962.31,413.413,18.0416,191416,1865.6,434.844,18.1305
0.0426291,0,484.434,4.51752,0.810703,-219099,-1964.5,413.393,18.0458,191387,1867.51,434.863,18.1349
0.0426391,0,484.434,4.52237,0.810748,-219126,-1966.69,413.374,18.0499,191358,1869.43,434.882,18.1392
0.0426491,0,484.434,4.52721,0.810794,-219152,-1968.89,413.354,18.054,191329,1871.34,434.9,18.1436
0.0426591,0,484.434,4.53205,0.810839,-219179,-1971.08,413.334,18.0582,191300,1873.25,434.919,18.1479
0.0426691,0,484.434,4.5369,0.810884,-219206,-1973.27,413.315,18.0623,191271,1875.17,434.938,18.1523
0.0426791,0,484.434,4.54174,0.81093,-219233,-1975.46,413.295,18.0664,191242,1877.08,434.957,18.1566
0.0426891,0,484.434,4.54659,0.810975,-219260,-1977.65,413.275,18.0706,191213,1878.99,434.975,18.161
0.0426991,0,484.434,4.55143,0.81102,-219287,-1979.85,413.255,18.0747,191184,1880.9,434.994,18.1653
0.0427091,0,484.434,4.55627,0.811066,-219314,-1982.04,413.236,18.0788,191155,1882.81,435.013,18.1697
0.0427191,0,484.434,4.56112,0.811112,-219341,-1984.23,413.216,18.083,191125,1884.73,435.032,18.174
0.0427291,0,484.434,4.56596,0.811157,-219368,-1986.42,413.196,18.0871,191096,1886.64,435.051,18.1784
0.0427391,0,484.434,4.5708,0.811203,-219395,-1988.62,413.176,18.0912,191067,1888.55,435.07,18.1827
0.0427491,0,484.434,4.57565,0.811249,-219422,-1990.81,413.156,18.0954,191037,1890.46,435.089,18.1871
0.0427591,0,484.434,4.58049,0.811294,-219449,-1993.01,413.136,18.0995,191008,1892.37,435.107,18.1914
0.0427691,0,484.434,4.58534,0.81134,-219476,-1995.2,413.116,18.1036,190979,1894.28,435.126,18.1958
0.0427791,0,484.434,4.59018,0.811386,-219503,-1997.39,413.096,18.1078,190949,1896.19,435.145,18.2001
0.0427891,0,484.434,4.59502,0.811432,-219530,-1999.59,413.076,18.1119,190920,1898.1,435.164,18.2045
0.0427991,0,484.434,4.59987,0.811478,-219557,-2001.79,413.056,18.116,190890,1900,435.183,18.2088
0.0428091,0,484.434,4.60471,0.811524,-219584,-2003.98,413.036,18.1202,190861,1901.91,435.202,18.2132
0.0428191,0,484.434,4.60955,0.81157,-219612,-2006.18,413.016,18.1243,190831,1903.82,435.221,18.2175
0.0428291,0,484.434,4.6144,0.811616,-219639,-2008.37,412.996,18.1284,190802,1905.73,435.24,18.2219
0.0428391,0,484.434,4.61924,0.811662,-219666,-2010.57,412.976,18.1325,190772,1907.64,435.259,18.2262
0.042849,0,484.434,4.62408,0.811709,-219693,-2012.76,412.956,18.1367,190743,1909.54,435.279,18.2306
0.042859,0,484.434,4.62893,0.811755,-219721,-2014.96,412.936,18.1408,190713,1911.45,435.298,18.235
0.042869,0,484.434,4.63377,0.811801,-219748,-2017.16,412.916,18.1449,190683,1913.36,435.317,18.2393
0.042879,0,484.434,4.63862,0.811848,-219776,-2019.36,412.895,18.1491,190653,1915.26,435.336,18.2437
0.042889,0,484.434,4.64346,0.811894,-219803,-2021.55,412.875,18.1532,190624,1917.17,435.355,18.248
0.042899,0,484.434,4.6483,0.81194,-219830,-2023.75,412.855,18.1573,190594,1919.08,435.374,18.2524
0.042909,0,484.434,4.65315,0.811987,-219858,-2025.95,412.835,18.1614,190564,1920.98,435.393,18.2567
0.042919,0,484.434,4.65799,0.812033,-219885,-2028.15,412.815,18.1656,190534,1922.89,435.413,18.2611
0.042929,0,484.434,4.66283,0.81208,-219913,-2030.35,412.794,18.1697,190504,1924.79,435.432,18.2654
0.042939,0,484.434,4.66768,0.812127,-219940,-2032.55,412.774,18.1738,190474,1926.7,435.451,18.2698
0.042949,0,484.434,4.67252,0.812173,-219968,-2034.74,412.754,18.178,190444,1928.6,435.47,18.2741
0.042959,0,484.434,4.67737,0.81222,-219996,-2036.94,412.733,18.1821,190414,1930.5,435.49,18.2785
0.042969,0,484.434,4.68221,0.812267,-220023,-2039.14,412.713,18.1862,190384,1932.41,435.509,18.2828
0.042979,0,484.434,4.68705,0.812314,-220051,-2041.34,412.692,18.1903,190354,1934.31,435.528,18.2872
0.042989,0,484.434,4.6919,0.812361,-220078,-2043.54,412.672,18.1945,190324,1936.21,435.548,18.2916
0.042999,0,484.434,4.69674,0.812408,-220106,-2045.75,412.652,18.1986,190294,1938.12,435.567,18.2959
0.043009,0,484.434,4.70158,0.812455,-220134,-2047.95,412.631,18.2027,190264,1940.02,435.586,18.3003
0.043019,0,484.434,4.70643,0.812502,-220162,-2050.15,412.611,18.2068,190234,1941.92,435.606,18.3046
0.043029,0,484.434,4.71127,0.812549,-220189,-2052.35,412.59,18.211,190203,1943.82,435.625,18.309
0.043039,0,484.434,4.71611,0.812596,-220217,-2054.55,412.57,18.2151,190173,1945.73,435.645,18.3133
0.043049,0,484.434,4.72096,0.812643,-220245,-2056.75,412.549,18.2192,190143,1947.63,435.664,18.3177
0.043059,0,484.434,4.7258,0.81269,-220273,-2058.95,412.528,18.2233,190112,1949.53,435.684,18.322
0.043069,0,484.434,4.73065,0.812737,-220301,-2061.16,412.508,18.2275,190082,1951.43,435.703,18.3264
0.043079,0,484.434,4.73549,0.812785,-220329,-2063.36,412.487,18.2316,190052,1953.33,435.723,18.3308
0.043089,0,484.434,4.74033,0.812832,-220357,-2065.56,412.467,18.2357,190021,1955.23,435.742,18.3351
0.043099,0,484.434,4.74518,0.81288,-220385,-2067.77,412.446,18.2398,189991,1957.13,435.762,18.3395
0.043109,0,484.434,4.75002,0.812927,-220413,-2069.97,412.425,18.244,189960,1959.03,435.781,18.3438
0.043119,0,484.434,4.75486,0.812975,-220441,-2072.17,412.405,18.2481,189930,1960.93,435.801,18.3482
0.043129,0,484.434,4.75971,0.813022,-220469,-2074.38,412.384,18.2522,189899,1962.83,435.821,18.3526
0.043139,0,484.434,4.76455,0.81307,-220497,-2076.58,412.363,18.2563,189869,1964.73,435.84,18.3569
0.043149,0,484.434,4.7694,0.813117,-220525,-2078.79,412.342,18.2605,189838,1966.62,435.86,18.3613
0.043159,0,484.434,4.77424,0.813165,-220553,-2080.99,412.322,18.2646,189807,1968.52,435.88,18.3656
0.043169,0,484.434,4.77908,0.813213,-220581,-2083.2,412.301,18.2687,189777,1970.42,435.899,18.37
0.043179,0,484.434,4.78393,0.813261,-220609,-2085.4,412.28,18.2728,189746,1972.32,435.919,18.3743
0.043189,0,484.434,4.78877,0.813309,-220637,-2087.61,412.259,18.277,189715,1974.21,435.939,18.3787
0.043199,0,484.434,4.79361,0.813356,-220666,-2089.82,412.238,18.2811,189684,1976.11,435.958,18.3831
0.043209,0,484.434,4.79846,0.813404,-220694,-2092.02,412.217,18.2852,189653,1978.01,435.978,18.3874
0.043219,0,484.434,4.8033,0.813452,-220722,-2094.23,412.196,18.2893,189623,1979.9,435.998,18.3918
0.043229,0,484.434,4.80815,0.8135,-220750,-2096.44,412.175,18.2934,189592,1981.8,436.018,18.3961
0.043239,0,484.434,4.81299,0.813549,-220779,-2098.64,412.154,18.2976,189561,1983.69,436.038,18.4005
0.043249,0,484.434,4.81783,0.813597,-220807,-2100.85,412.133,18.3017,189530,1985.59,436.057,18.4049
0.043259,0,484.434,4.82268,0.813645,-220836,-2103.06,412.112,18.3058,189499,1987.48,436.077,18.4092
0.043269,0,484.434,4.82752,0.813693,-220864,-2105.27,412.091,18.3099,189468,1989.38,436.097,18.4136
0.043279,0,484.434,4.83236,0.813741,-220892,-2107.48,412.07,18.3141,189437,1991.27,436.117,18.4179
0.043289,0,484.434,4.83721,0.81379,-220921,-2109.69,412.049,18.3182,189406,1993.17,436.137,18.4223
0.043299,0,484.434,4.84205,0.813838,-220949,-2111.89,412.028,18.3223,189374,1995.06,436.157,18.4267
0.043309,0,484.434,4.84689,0.813887,-220978,-2114.1,412.007,18.3264,189343,1996.95,436.177,18.431
0.043319,0,484.434,4.85174,0.813935,-221006,-2116.31,411.986,18.3305,189312,1998.85,436.197,18.4354
0.043329,0,484.434,4.85658,0.813984,-221035,-2118.52,411.965,18.3347,189281,2000.74,436.217,18.4398
0.043339,0,484.434,4.86143,0.814032,-221064,-2120.73,411.943,18.3388,189249,2002.63,436.237,18.4441
0.043349,0,484.434,4.86627,0.814081,-221092,-2122.94,411.922,18.3429,189218,2004.52,436.257,18.4485
0.043359,0,484.434,4.87111,0.81413,-221121,-2125.15,411.901,18.347,189187,2006.42,436.277,18.4528
0.043369,0,484.434,4.87596,0.814178,-221149,-2127.37,411.88,18.3511,189155,2008.31,436.297,18.4572
0.043379,0,484.434,4.8808,0.814227,-221178,-2129.58,411.858,18.3552,189124,2010.2,436.317,18.4616
0.043389,0,484.434,4.88564,0.814276,-221207,-2131.79,411.837,18.3594,189093,2012.09,436.337,18.4659
0.043399,0,484.434,4.89049,0.814325,-221236,-2134,411.816,18.3635,189061,2013.98,436.357,18.4703
0.043409,0,484.434,4.89533,0.814374,-221264,-2136.21,411.794,18.3676,189030,2015.87,436.378,18.4747
0.043419,0,484.434,4.90018,0.814423,-221293,-2138.43,411.773,18.3717,188998,2017.76,436.398,18.479
0.043429,0,484.434,4.90502,0.814472,-221322,-2140.64,411.752,18.3758,188967,2019.65,436.418,18.4834
0.043439,0,484.434,4.90986,0.814521,-221351,-2142.85,411.73,18.38,188935,2021.54,436.438,18.4878
0.043449,0,484.434,4.91471,0.81457,-221380,-2145.06,411.709,18.3841,188903,2023.43,436.458,18.4921
0.043459,0,484.434,4.91955,0.814619,-221409,-2147.28,411.687,18.3882,188872,2025.32,436.479,18.4965
0.043469,0,484.434,4.92439,0.814668,-221437,-2149.49,411.666,18.3923,188840,2027.21,436.499,18.5008
0.043479,0,484.434,4.92924,0.814717,-221466,-2151.71,411.644,18.3964,188808,2029.09,436.519,18.5052
0.043489,0,484.434,4.93408,0.814767,-221495,-2153.92,411.623,18.4005,188776,2030.98,436.539,18.5096
0.043499,0,484.434,4.93893,0.814816,-221524,-2156.14,411.601,18.4047,188745,2032.87,436.56,18.5139
0.043509,0,484.434,4.94377,0.814866,-221553,-2158.35,411.58,18.4088,188713,2034.76,436.58,18.5183
0.043519,0,484.434,4.94861,0.814915,-221582,-2160.57,411.558,18.4129,188681,2036.64,436.6,18.5227
0.043529,0,484.434,4.95346,0.814965,-221612,-2162.78,411.537,18.417,188649,2038.53,436.621,18.527
0.043539,0,484.434,4.9583,0.815014,-221641,-2165,411.515,18.4211,188617,2040.41,436.641,18.5314
0.043549,0,484.434,4.96314,0.815064,-221670,-2167.21,411.493,18.4252,188585,2042.3,436.662,18.5358
0.043559,0,484.434,4.96799,0.815113,-221699,-2169.43,411.472,18.4293,188553,2044.19,436.682,18.5401
0.043569,0,484.434,4.97283,0.815163,-221728,-2171.65,411.45,18.4335,188521,2046.07,436.702,18.5445
0.043579,0,484.434,4.97767,0.815213,-221757,-2173.86,411.428,18.4376,188489,2047.96,436.723,18.5489
0.043589,0,484.434,4.98252,0.815263,-221787,-2176.08,411.406,18.4417,188457,2049.84,436.743,18.5532
0.0435989,0,484.434,4.98736,0.815312,-221816,-2178.3,411.385,18.4458,188425,2051.72,436.764,18.5576
0.0436089,0,484.434,4.99221,0.815362,-221845,-2180.52,411.363,18.4499,188392,2053.61,436.784,18.562
0.0436189,0,484.434,4.99705,0.815412,-221874,-2182.74,411.341,18.454,188360,2055.49,436.805,18.5663
0.0436289,0,484.434,5.00189,0.815462,-221904,-2184.95,411.319,18.4581,188328,2057.37,436.826,18.5707
0.0436389,0,484.434,5.00674,0.815512,-221933,-2187.17,411.297,18.4623,188296,2059.26,436.846,18.5751
0.0436489,0,484.434,5.01158,0.815562,-221962,-2189.39,411.275,18.4664,188263,2061.14,436.867,18.5794
0.0436589,0,484.434,5.01642,0.815612,-221992,-2191.61,411.254,18.4705,188231,2063.02,436.887,18.5838
0.0436689,0,484.434,5.02127,0.815663,-222021,-2193.83,411.232,18.4746,188199,2064.9,436.908,18.5882
0.0436789,0,484.434,5.02611,0.815713,-222051,-2196.05,411.21,18.4787,188166,2066.79,436.929,18.5926
0.0436889,0,484.434,5.03096,0.815763,-222080,-2198.27,411.188,18.4828,188134,2068.67,436.949,18.5969
0.0436989,0,484.434,5.0358,0.815813,-222110,-2200.49,411.166,18.4869,188101,2070.55,436.97,18.6013
0.0437089,0,484.434,5.04064,0.815864,-222139,-2202.71,411.144,18.491,188069,2072.43,436.991,18.6057
0.0437189,0,484.434,5.04549,0.815914,-222169,-2204.94,411.122,18.4952,188036,2074.31,437.011,18.61
0.0437289,0,484.434,5.05033,0.815965,-222199,-2207.16,411.1,18.4993,188004,2076.19,437.032,18.6144
0.0437389,0,484.434,5.05517,0.816015,-222228,-2209.38,411.078,18.5034,187971,2078.07,437.053,18.6188
0.0437489,0,484.434,5.06002,0.816066,-222258,-2211.6,411.055,18.5075,187938,2079.95,437.074,18.6231
0.0437589,0,484.434,5.06486,0.816116,-222287,-2213.82,411.033,18.5116,187906,2081.83,437.095,18.6275
0.0437689,0,484.434,5.06971,0.816167,-222317,-2216.05,411.011,18.5157,187873,2083.71,437.115,18.6319
0.0437789,0,484.434,5.07455,0.816218,-222347,-2218.27,410.989,18.5198,187840,2085.58,437.136,18.6363
0.0437889,0,484.434,5.07939,0.816269,-222377,-2220.49,410.967,18.5239,187807,2087.46,437.157,18.6406
0.0437989,0,484.434,5.08424,0.816319,-222406,-2222.72,410.945,18.528,187775,2089.34,437.178,18.645
0.0438089,0,484.434,5.08908,0.81637,-222436,-2224.94,410.922,18.5321,187742,2091.22,437.199,18.6494
0.0438189,0,484.434,5.09392,0.816421,-222466,-2227.16,410.9,18.5363,187709,2093.09,437.22,18.6537
0.0438289,0,484.434,5.09877,0.816472,-222496,-2229.39,410.878,18.5404,187676,2094.97,437.241,18.6581
0.0438389,0,484.434,5.10361,0.816523,-222526,-2231.61,410.856,18.5445,187643,2096.85,437.262,18.6625
0.0438489,0,484.434,5.10845,0.816574,-222556,-2233.84,410.833,18.5486,187610,2098.72,437.283,18.6669
0.0438589,0,484.434,5.1133,0.816625,-222586,-2236.06,410.811,18.5527,187577,2100.6,437.304,18.6712
0.0438689,0,484.434,5.11814,0.816676,-222616,-2238.29,410.788,18.5568,187544,2102.47,437.325,18.6756
0.0438789,0,484.434,5.12299,0.816728,-222646,-2240.52,410.766,18.5609,187511,2104.35,437.346,18.68
0.0438889,0,484.434,5.12783,0.816779,-222676,-2242.74,410.744,18.565,187478,2106.22,437.367,18.6844
0.0438989,0,484.434,5.13267,0.81683,-222706,-2244.97,410.721,18.5691,187444,2108.1,437.388,18.6887
0.0439089,0,484.434,5.13752,0.816882,-222736,-2247.2,410.699,18.5732,187411,2109.97,437.409,18.6931
0.0439189,0,484.434,5.14236,0.816933,-222766,-2249.42,410.676,18.5773,187378,2111.85,437.43,18.6975
0.0439289,0,484.434,5.1472,0.816984,-222796,-2251.65,410.654,18.5814,187345,2113.72,437.451,18.7018
0.0439389,0,484.434,5.15205,0.817036,-222826,-2253.88,410.631,18.5855,187312,2115.59,437.472,18.7062
0.0439489,0,484.434,5.15689,0.817087,-222856,-2256.11,410.609,18.5897,187278,2117.46,437.493,18.7106
0.0439589,0,484.434,5.16174,0.817139,-222886,-2258.33,410.586,18.5938,187245,2119.34,437.515,18.715
0.0439689,0,484.434,5.16658,0.817191,-222916,-2260.56,410.564,18.5979,187211,2121.21,437.536,18.7194
0.0439789,0,484.434,5.17142,0.817242,-222947,-2262.79,410.541,18.602,187178,2123.08,437.557,18.7237
0.0439889,0,484.434,5.17627,0.817294,-222977,-2265.02,410.518,18.6061,187145,2124.95,437.578,18.7281
0.0439989,0,484.434,5.18111,0.817346,-223007,-2267.25,410.496,18.6102,187111,2126.82,437.6,18.7325
0.0440089,0,484.434,5.18595,0.817398,-223038,-2269.48,410.473,18.6143,187078,2128.69,437.621,18.7369
0.0440189,0,484.434,5.1908,0.81745,-223068,-2271.71,410.45,18.6184,187044,2130.56,437.642,18.7412
0.0440289,0,484.434,5.19564,0.817501,-223098,-2273.94,410.428,18.6225,187010,2132.43,437.663,18.7456
0.0440389,0,484.434,5.20048,0.817553,-223129,-2276.17,410.405,18.6266,186977,2134.3,437.685,18.75
0.0440489,0,484.434,5.20533,0.817605,-223159,-2278.4,410.382,18.6307,186943,2136.17,437.706,18.7544
0.0440589,0,484.434,5.21017,0.817658,-223190,-2280.64,410.359,18.6348,186909,2138.04,437.727,18.7587
0.0440689,0,484.434,5.21502,0.81771,-223220,-2282.87,410.336,18.6389,186876,2139.91,437.749,18.7631
0.0440789,0,484.434,5.21986,0.817762,-223250,-2285.1,410.314,18.643,186842,2141.78,437.77,18.7675
0.0440889,0,484.434,5.2247,0.817814,-223281,-2287.33,410.291,18.6471,186808,2143.65,437.792,18.7719
0.0440989,0,484.434,5.22955,0.817866,-223311,-2289.56,410.268,18.6512,186774,2145.51,437.813,18.7762
0.0441089,0,484.434,5.23439,0.817919,-223342,-2291.8,410.245,18.6553,186740,2147.38,437.835,18.7806
0.0441189,0,484.434,5.23923,0.817971,-223373,-2294.03,410.222,18.6594,186706,2149.25,437.856,18.785
0.0441289,0,484.434,5.24408,0.818023,-223403,-2296.26,410.199,18.6635,186672,2151.12,437.878,18.7894
0.0441389,0,484.434,5.24892,0.818076,-223434,-2298.5,410.176,18.6676,186638,2152.98,437.899,18.7938
0.0441489,0,484.434,5.25377,0.818128,-223465,-2300.73,410.153,18.6717,186604,2154.85,437.921,18.7981
0.0441589,0,484.434,5.25861,0.818181,-223495,-2302.97,410.13,18.6758,186570,2156.71,437.942,18.8025
0.0441689,0,484.434,5.26345,0.818233,-223526,-2305.2,410.107,18.6799,186536,2158.58,437.964,18.8069
0.0441789,0,484.434,5.2683,0.818286,-223557,-2307.44,410.084,18.684,186502,2160.44,437.985,18.8113
0.0441889,0,484.434,5.27314,0.818339,-223587,-2309.67,410.061,18.6881,186468,2162.31,438.007,18.8157
0.0441989,0,484.434,5.27798,0.818392,-223618,-2311.91,410.038,18.6922,186434,2164.17,438.029,18.82
0.0442089,0,484.434,5.28283,0.818444,-223649,-2314.14,410.015,18.6963,186400,2166.04,438.05,18.8244
0.0442189,0,484.434,5.28767,0.818497,-223680,-2316.38,409.991,18.7004,186365,2167.9,438.072,18.8288
0.0442289,0,484.434,5.29251,0.81855,-223711,-2318.62,409.968,18.7045,186331,2169.76,438.094,18.8332
0.0442389,0,484.434,5.29736,0.818603,-223742,-2320.85,409.945,18.7086,186297,2171.63,438.115,18.8376
0.0442489,0,484.434,5.3022,0.818656,-223773,-2323.09,409.922,18.7127,186262,2173.49,438.137,18.8419
0.0442589,0,484.434,5.30705,0.818709,-223804,-2325.33,409.899,18.7168,186228,2175.35,438.159,18.8463
0.0442689,0,484.434,5.31189,0.818762,-223834,-2327.57,409.875,18.7209,186194,2177.21,438.18,18.8507
0.0442789,0,484.434,5.31673,0.818815,-223865,-2329.8,409.852,18.725,186159,2179.07,438.202,18.8551
0.0442889,0,484.434,5.32158,0.818869,-223897,-2332.04,409.829,18.7291,186125,2180.94,438.224,18.8595
0.0442989,0,484.434,5.32642,0.818922,-223928,-2334.28,409.805,18.7332,186090,2182.8,438.246,18.8639
0.0443089,0,484.434,5.33126,0.818975,-223959,-2336.52,409.782,18.7373,186056,2184.66,438.268,18.8682
0.0443189,0,484.434,5.33611,0.819028,-223990,-2338.76,409.759,18.7414,186021,2186.52,438.29,18.8726
0.0443289,0,484.434,5.34095,0.819082,-224021,-2341,409.735,18.7455,185986,2188.38,438.311,18.877
0.0443389,0,484.434,5.3458,0.819135,-224052,-2343.24,409.712,18.7496,185952,2190.24,438.333,18.8814
0.0443489,0,484.434,5.35064,0.819189,-224083,-2345.48,409.689,18.7537,185917,2192.1,438.355,18.8858
0.0443588,0,484.434,5.35548,0.819242,-224114,-2347.72,409.665,18.7578,185882,2193.95,438.377,18.8902
0.0443688,0,484.434,5.36033,0.819296,-224146,-2349.96,409.642,18.7619,185848,2195.81,438.399,18.8945
0.0443788,0,484.434,5.36517,0.819349,-224177,-2352.2,409.618,18.766,185813,2197.67,438.421,18.8989
0.0443888,0,484.434,5.37001,0.819403,-224208,-2354.45,409.595,18.7701,185778,2199.53,438.443,18.9033
0.0443988,0,484.434,5.37486,0.819457,-224239,-2356.69,409.571,18.7742,185743,2201.39,438.465,18.9077
0.0444088,0,484.434,5.3797,0.819511,-224271,-2358.93,409.547,18.7783,185708,2203.24,438.487,18.9121
0.0444188,0,484.434,5.38455,0.819564,-224302,-2361.17,409.524,18.7824,185673,2205.1,438.509,18.9165
0.0444288,0,484.434,5.38939,0.819618,-224333,-2363.42,409.5,18.7865,185638,2206.96,438.531,18.9208
0.0444388,0,484.434,5.39423,0.819672,-224365,-2365.66,409.477,18.7906,185603,2208.81,438.553,18.9252
0.0444488,0,484.434,5.39908,0.819726,-224396,-2367.9,409.453,18.7947,185568,2210.67,438.575,18.9296
0.0444588,0,484.434,5.40392,0.81978,-224428,-2370.15,409.429,18.7988,185533,2212.52,438.597,18.934
0.0444688,0,484.434,5.40876,0.819834,-224459,-2372.39,409.405,18.8029,185498,2214.38,438.62,18.9384
0.0444788,0,484.434,5.41361,0.819888,-224491,-2374.63,409.382,18.807,185463,2216.23,438.642,18.9428
0.0444888,0,484.434,5.41845,0.819942,-224522,-2376.88,409.358,18.811,185428,2218.09,438.664,18.9472
0.0444988,0,484.434,5.4233,0.819997,-224554,-2379.12,409.334,18.8151,185393,2219.94,438.686,18.9515
0.0445088,0,484.434,5.42814,0.820051,-224585,-2381.37,409.31,18.8192,185357,2221.79,438.708,18.9559
0.0445188,0,484.434,5.43298,0.820105,-224617,-2383.62,409.287,18.8233,185322,2223.65,438.731,18.9603
0.0445288,0,484.434,5.43783,0.820159,-224648,-2385.86,409.263,18.8274,185287,2225.5,438.753,18.9647
0.0445388,0,484.434,5.44267,0.820214,-224680,-2388.11,409.239,18.8315,185251,2227.35,438.775,18.9691
0.0445488,0,484.434,5.44751,0.820268,-224712,-2390.35,409.215,18.8356,185216,2229.2,438.797,18.9735
0.0445588,0,484.434,5.45236,0.820323,-224744,-2392.6,409.191,18.8397,185181,2231.06,438.82,18.9779
0.0445688,0,484.434,5.4572,0.820377,-224775,-2394.85,409.167,18.8438,185145,2232.91,438.842,18.9823
0.0445788,0,484.434,5.46204,0.820432,-224807,-2397.1,409.143,18.8479,185110,2234.76,438.864,18.9866
0.0445888,0,484.434,5.46689,0.820487,-224839,-2399.34,409.119,18.852,185074,2236.61,438.887,18.991
0.0445988,0,484.434,5.47173,0.820541,-224871,-2401.59,409.095,18.8561,185039,2238.46,438.909,18.9954
0.0446088,0,484.434,5.47658,0.820596,-224902,-2403.84,409.071,18.8602,185003,2240.31,438.931,18.9998
0.0446188,0,484.434,5.48142,0.820651,-224934,-2406.09,409.047,18.8642,184967,2242.16,438.954,19.0042
0.0446288,0,484.434,5.48626,0.820706,-224966,-2408.34,409.023,18.8683,184932,2244.01,438.976,19.0086
0.0446388,0,484.434,5.49111,0.82076,-224998,-2410.59,408.999,18.8724,184896,2245.86,438.999,19.013
0.0446488,0,484.434,5.49595,0.820815,-225030,-2412.84,408.975,18.8765,184860,2247.71,439.021,19.0174
0.0446588,0,484.434,5.50079,0.82087,-225062,-2415.09,408.951,18.8806,184825,2249.55,439.044,19.0218
0.0446688,0,484.434,5.50564,0.820925,-225094,-2417.34,408.927,18.8847,184789,2251.4,439.066,19.0262
0.0446788,0,484.434,5.51048,0.82098,-225126,-2419.59,408.902,18.8888,184753,2253.25,439.089,19.0305
0.0446888,0,484.434,5.51533,0.821036,-225158,-2421.84,408.878,18.8929,184717,2255.1,439.111,19.0349
0.0446988,0,484.434,5.52017,0.821091,-225190,-2424.09,408.854,18.897,184681,2256.94,439.134,19.0393
0.0447088,0,484.434,5.52501,0.821146,-225222,-2426.34,408.83,18.9011,184645,2258.79,439.156,19.0437
0.0447188,0,484.434,5.52986,0.821201,-225254,-2428.6,408.805,18.9051,184609,2260.64,439.179,19.0481
0.0447288,0,484.434,5.5347,0.821257,-225286,-2430.85,408.781,18.9092,184573,2262.48,439.202,19.0525
0.0447388,0,484.434,5.53954,0.821312,-225318,-2433.1,408.757,18.9133,184537,2264.33,439.224,19.0569
0.0447488,0,484.434,5.54439,0.821367,-225350,-2435.35,408.732,18.9174,184501,2266.17,439.247,19.0613
0.0447588,0,484.434,5.54923,0.821423,-225383,-2437.61,408.708,18.9215,184465,2268.02,439.269,19.0657
0.0447688,0,484.434,5.55407,0.821478,-225415,-2439.86,408.684,18.9256,184429,2269.86,439.292,19.0701
0.0447788,0,484.434,5.55892,0.821534,-225447,-2442.11,408.659,18.9297,184393,2271.7,439.315,19.0745
0.0447888,0,484.434,5.56376,0.821589,-225479,-2444.37,408.635,18.9337,184357,2273.55,439.338,19.0789
0.0447988,0,484.434,5.56861,0.821645,-225512,-2446.62,408.61,18.9378,184320,2275.39,439.36,19.0833
0.0448088,0,484.434,5.57345,0.821701,-225544,-2448.88,408.586,18.9419,184284,2277.23,439.383,19.0876
0.0448188,0,484.434,5.57829,0.821757,-225576,-2451.13,408.561,18.946,184248,2279.08,439.406,19.092
0.0448288,0,484.434,5.58314,0.821812,-225609,-2453.39,408.537,18.9501,184211,2280.92,439.429,19.0964
0.0448388,0,484.434,5.58798,0.821868,-225641,-2455.65,408.512,18.9542,184175,2282.76,439.451,19.1008
0.0448488,0,484.434,5.59282,0.821924,-225674,-2457.9,408.488,18.9583,184139,2284.6,439.474,19.1052
0.0448588,0,484.434,5.59767,0.82198,-225706,-2460.16,408.463,18.9623,184102,2286.44,439.497,19.1096
0.0448688,0,484.434,5.60251,0.822036,-225738,-2462.42,408.439,18.9664,184066,2288.28,439.52,19.114
0.0448788,0,484.434,5.60736,0.822092,-225771,-2464.67,408.414,18.9705,184029,2290.12,439.543,19.1184
0.0448888,0,484.434,5.6122,0.822148,-225803,-2466.93,408.389,18.9746,183993,2291.96,439.566,19.1228
0.0448988,0,484.434,5.61704,0.822204,-225836,-2469.19,408.365,18.9787,183956,2293.8,439.589,19.1272
0.0449088,0,484.434,5.62189,0.82226,-225869,-2471.45,408.34,18.9828,183919,2295.64,439.612,19.1316
0.0449188,0,484.434,5.62673,0.822317,-225901,-2473.71,408.315,18.9868,183883,2297.48,439.635,19.136
0.0449288,0,484.434,5.63157,0.822373,-225934,-2475.96,408.291,18.9909,183846,2299.32,439.658,19.1404
0.0449388,0,484.434,5.63642,0.822429,-225966,-2478.22,408.266,18.995,183809,2301.16,439.681,19.1448
0.0449488,0,484.434,5.64126,0.822486,-225999,-2480.48,408.241,18.9991,183773,2302.99,439.704,19.1492
0.0449588,0,484.434,5.6461,0.822542,-226032,-2482.74,408.216,19.0032,183736,2304.83,439.727,19.1536
0.0449688,0,484.434,5.65095,0.822599,-226064,-2485,408.191,19.0073,183699,2306.67,439.75,19.158
0.0449788,0,484.434,5.65579,0.822655,-226097,-2487.26,408.166,19.0113,183662,2308.5,439.773,19.1624
0.0449888,0,484.434,5.66064,0.822712,-226130,-2489.52,408.142,19.0154,183625,2310.34,439.796,19.1668
0.0449988,0,484.434,5.66548,0.822768,-226163,-2491.79,408.117,19.0195,183588,2312.18,439.819,19.1712
0.0450088,0,484.434,5.67032,0.822825,-226196,-2494.05,408.092,19.0236,183551,2314.01,439.842,19.1756
0.0450188,0,484.434,5.67517,0.822882,-226228,-2496.31,408.067,19.0277,183514,2315.85,439.865,19.18
0.0450288,0,484.434,5.68001,0.822939,-226261,-2498.57,408.042,19.0317,183477,2317.68,439.888,19.1844
0.0450388,0,484.434,5.68485,0.822995,-226294,-2500.83,408.017,19.0358,183440,2319.52,439.912,19.1888
0.0450488,0,484.434,5.6897,0.823052,-226327,-2503.1,407.992,19.0399,183403,2321.35,439.935,19.1932
0.0450588,0,484.434,5.69454,0.823109,-226360,-2505.36,407.967,19.044,183366,2323.18,439.958,19.1976
0.0450688,0,484.434,5.69939,0.823166,-226393,-2507.62,407.942,19.0481,183329,2325.02,439.981,19.202
0.0450788,0,484.434,5.70423,0.823223,-226426,-2509.89,407.917,19.0521,183292,2326.85,440.005,19.2064
0.0450888,0,484.434,5.70907,0.82328,-226459,-2512.15,407.892,19.0562,183254,2328.68,440.028,19.2108
0.0450988,0,484.434,5.71392,0.823337,-226492,-2514.42,407.866,19.0603,183217,2330.51,440.051,19.2152
0.0451088,0,484.434,5.71876,0.823394,-226525,-2516.68,407.841,19.0644,183180,2332.35,440.074,19.2196
0.0451187,0,484.434,5.7236,0.823452,-226558,-2518.95,407.816,19.0685,183142,2334.18,440.098,19.224
0.0451287,0,484.434,5.72845,0.823509,-226591,-2521.21,407.791,19.0725,183105,2336.01,440.121,19.2284
0.0451387,0,484.434,5.73329,0.823566,-226624,-2523.48,407.766,19.0766,183068,2337.84,440.144,19.2328
0.0451487,0,484.434,5.73814,0.823624,-226657,-2525.74,407.74,19.0807,183030,2339.67,440.168,19.2372
0.0451587,0,484.434,5.74298,0.823681,-226691,-2528.01,407.715,19.0848,182993,2341.5,440.191,19.2416
0.0451687,0,484.434,5.74782,0.823738,-226724,-2530.28,407.69,19.0889,182955,2343.33,440.215,19.246
0.0451787,0,484.434,5.75267,0.823796,-226757,-2532.54,407.665,19.0929,182918,2345.16,440.238,19.2504
0.0451887,0,484.434,5.75751,0.823853,-226790,-2534.81,407.639,19.097,182880,2346.99,440.262,19.2548
0.0451987,0,484.434,5.76235,0.823911,-226824,-2537.08,407.614,19.1011,182842,2348.82,440.285,19.2592
0.0452087,0,484.434,5.7672,0.823969,-226857,-2539.35,407.589,19.1052,182805,2350.64,440.309,19.2636
0.0452187,0,484.434,5.77204,0.824026,-226890,-2541.61,407.563,19.1092,182767,2352.47,440.332,19.268
0.0452287,0,484.434,5.77689,0.824084,-226924,-2543.88,407.538,19.1133,182729,2354.3,440.356,19.2724
0.0452387,0,484.434,5.78173,0.824142,-226957,-2546.15,407.512,19.1174,182692,2356.13,440.379,19.2768
0.0452487,0,484.434,5.78657,0.8242,-226990,-2548.42,407.487,19.1215,182654,2357.95,440.403,19.2812
0.0452587,0,484.434,5.79142,0.824258,-227024,-2550.69,407.461,19.1255,182616,2359.78,440.426,19.2856
0.0452687,0,484.434,5.79626,0.824316,-227057,-2552.96,407.436,19.1296,182578,2361.6,440.45,19.29
0.0452787,0,484.434,5.8011,0.824373,-227091,-2555.23,407.41,19.1337,182540,2363.43,440.474,19.2944
0.0452887,0,484.434,5.80595,0.824432,-227124,-2557.5,407.385,19.1378,182502,2365.25,440.497,19.2988
0.0452987,0,484.434,5.81079,0.82449,-227158,-2559.77,407.359,19.1418,182464,2367.08,440.521,19.3032
0.0453087,0,484.434,5.81563,0.824548,-227191,-2562.05,407.333,19.1459,182426,2368.9,440.544,19.3076
0.0453187,0,484.434,5.82048,0.824606,-227225,-2564.32,407.308,19.15,182388,2370.73,440.568,19.312
0.0453287,0,484.434,5.82532,0.824664,-227258,-2566.59,407.282,19.154,182350,2372.55,440.592,19.3164
0.0453387,0,484.434,5.83017,0.824722,-227292,-2568.86,407.257,19.1581,182312,2374.37,440.616,19.3208
0.0453487,0,484.434,5.83501,0.824781,-227326,-2571.13,407.231,19.1622,182274,2376.2,440.639,19.3253
0.0453587,0,484.434,5.83985,0.824839,-227359,-2573.41,407.205,19.1663,182236,2378.02,440.663,19.3297
0.0453687,0,484.434,5.8447,0.824897,-227393,-2575.68,407.179,19.1703,182197,2379.84,440.687,19.3341
0.0453787,0,484.434,5.84954,0.824956,-227427,-2577.96,407.154,19.1744,182159,2381.66,440.711,19.3385
0.0453887,0,484.434,5.85438,0.825014,-227461,-2580.23,407.128,19.1785,182121,2383.48,440.735,19.3429
0.0453987,0,484.434,5.85923,0.825073,-227494,-2582.5,407.102,19.1826,182082,2385.3,440.758,19.3473
0.0454087,0,484.434,5.86407,0.825132,-227528,-2584.78,407.076,19.1866,182044,2387.12,440.782,19.3517
0.0454187,0,484.434,5.86891,0.82519,-227562,-2587.05,407.05,19.1907,182006,2388.94,440.806,19.3561
0.0454287,0,484.434,5.87376,0.825249,-227596,-2589.33,407.024,19.1948,181967,2390.76,440.83,19.3605
0.0454387,0,484.434,5.8786,0.825308,-227630,-2591.6,406.999,19.1988,181929,2392.58,440.854,19.3649
0.0454487,0,484.434,5.88345,0.825367,-227663,-2593.88,406.973,19.2029,181890,2394.4,440.878,19.3693
0.0454587,0,484.434,5.88829,0.825425,-227697,-2596.16,406.947,19.207,181852,2396.22,440.902,19.3737
0.0454687,0,484.434,5.89313,0.825484,-227731,-2598.43,406.921,19.211,181813,2398.04,440.926,19.3781
0.0454787,0,484.434,5.89798,0.825543,-227765,-2600.71,406.895,19.2151,181775,2399.86,440.95,19.3826
0.0454887,0,484.434,5.90282,0.825602,-227799,-2602.99,406.869,19.2192,181736,2401.67,440.974,19.387
0.0454987,0,484.434,5.90766,0.825661,-227833,-2605.27,406.843,19.2232,181697,2403.49,440.998,19.3914
0.0455087,0,484.434,5.91251,0.82572,-227867,-2607.55,406.817,19.2273,181659,2405.31,441.022,19.3958
0.0455187,0,484.434,5.91735,0.82578,-227901,-2609.82,406.79,19.2314,181620,2407.12,441.046,19.4002
0.0455287,0,484.434,5.9222,0.825839,-227935,-2612.1,406.764,19.2355,181581,2408.94,441.07,19.4046
0.0455387,0,484.434,5.92704,0.825898,-227969,-2614.38,406.738,19.2395,181542,2410.75,441.094,19.409
0.0455487,0,484.434,5.93188,0.825957,-228004,-2616.66,406.712,19.2436,181503,2412.57,441.118,19.4134
0.0455587,0,484.434,5.93673,0.826017,-228038,-2618.94,406.686,19.2477,181464,2414.38,441.142,19.4178
0.0455687,0,484.434,5.94157,0.826076,-228072,-2621.22,406.66,19.2517,181426,2416.2,441.166,19.4223
0.0455787,0,484.434,5.94641,0.826135,-228106,-2623.5,406.634,19.2558,181387,2418.01,441.191,19.4267
0.0455887,0,484.434,5.95126,0.826195,-228140,-2625.78,406.607,19.2599,181348,2419.82,441.215,19.4311
0.0455987,0,484.434,5.9561,0.826254,-228175,-2628.06,406.581,19.2639,181309,2421.64,441.239,19.4355
0.0456087,0,484.434,5.96095,0.826314,-228209,-2630.35,406.555,19.268,181269,2423.45,441.263,19.4399
0.0456187,0,484.434,5.96579,0.826374,-228243,-2632.63,406.528,19.2721,181230,2425.26,441.287,19.4443
0.0456287,0,484.434,5.97063,0.826433,-228277,-2634.91,406.502,19.2761,181191,2427.07,441.312,19.4487
0.0456387,0,484.434,5.97548,0.826493,-228312,-2637.19,406.476,19.2802,181152,2428.89,441.336,19.4531
0.0456487,0,484.434,5.98032,0.826553,-228346,-2639.48,406.449,19.2842,181113,2430.7,441.36,19.4576
0.0456587,0,484.434,5.98516,0.826613,-228381,-2641.76,406.423,19.2883,181074,2432.51,441.385,19.462
0.0456687,0,484.434,5.99001,0.826672,-228415,-2644.04,406.397,19.2924,181034,2434.32,441.409,19.4664
0.0456787,0,484.434,5.99485,0.826732,-228449,-2646.33,406.37,19.2964,180995,2436.13,441.433,19.4708
0.0456887,0,484.434,5.99969,0.826792,-228484,-2648.61,406.344,19.3005,180956,2437.94,441.458,19.4752
0.0456987,0,484.434,6.00454,0.826852,-228518,-2650.9,406.317,19.3046,180916,2439.75,441.482,19.4796
0.0457087,0,484.434,6.00938,0.826912,-228553,-2653.18,406.291,19.3086,180877,2441.56,441.506,19.484
0.0457187,0,484.434,6.01423,0.826973,-228587,-2655.47,406.264,19.3127,180837,2443.36,441.531,19.4885
0.0457287,0,484.434,6.01907,0.827033,-228622,-2657.75,406.237,19.3168,180798,2445.17,441.555,19.4929
0.0457387,0,484.434,6.02391,0.827093,-228657,-2660.04,406.211,19.3208,180758,2446.98,441.58,19.4973
0.0457487,0,484.434,6.02876,0.827153,-228691,-2662.32,406.184,19.3249,180719,2448.79,441.604,19.5017
0.0457587,0,484.434,6.0336,0.827213,-228726,-2664.61,406.158,19.3289,180679,2450.59,441.629,19.5061
0.0457687,0,484.434,6.03844,0.827274,-228760,-2666.9,406.131,19.333,180640,2452.4,441.653,19.5105
0.0457787,0,484.434,6.04329,0.827334,-228795,-2669.19,406.104,19.3371,180600,2454.21,441.678,19.5149
0.0457887,0,484.434,6.04813,0.827395,-228830,-2671.47,406.078,19.3411,180560,2456.01,441.702,19.5194
0.0457987,0,484.434,6.05298,0.827455,-228864,-2673.76,406.051,19.3452,180521,2457.82,441.727,19.5238
0.0458087,0,484.434,6.05782,0.827516,-228899,-2676.05,406.024,19.3492,180481,2459.62,441.751,19.5282
0.0458187,0,484.434,6.06266,0.827576,-228934,-2678.34,405.997,19.3533,180441,2461.43,441.776,19.5326
0.0458287,0,484.434,6.06751,0.827637,-228969,-2680.63,405.971,19.3574,180401,2463.23,441.801,19.537
0.0458387,0,484.434,6.07235,0.827698,-229004,-2682.92,405.944,19.3614,180361,2465.03,441.825,19.5415
0.0458487,0,484.434,6.07719,0.827758,-229038,-2685.21,405.917,19.3655,180321,2466.84,441.85,19.5459
0.0458587,0,484.434,6.08204,0.827819,-229073,-2687.5,405.89,19.3695,180281,2468.64,441.875,19.5503
0.0458687,0,484.434,6.08688,0.82788,-229108,-2689.79,405.863,19.3736,180241,2470.44,441.899,19.5547
0.0458786,0,484.434,6.09173,0.827941,-229143,-2692.08,405.836,19.3777,180201,2472.24,441.924,19.5591
0.0458886,0,484.434,6.09657,0.828002,-229178,-2694.37,405.809,19.3817,180161,2474.04,441.949,19.5635
0.0458986,0,484.434,6.10141,0.828063,-229213,-2696.66,405.782,19.3858,180121,2475.85,441.974,19.568
0.0459086,0,484.434,6.10626,0.828124,-229248,-2698.95,405.755,19.3898,180081,2477.65,441.998,19.5724
0.0459186,0,484.434,6.1111,0.828185,-229283,-2701.25,405.728,19.3939,180041,2479.45,442.023,19.5768
0.0459286,0,484.434,6.11594,0.828246,-229318,-2703.54,405.701,19.3979,180001,2481.25,442.048,19.5812
0.0459386,0,484.434,6.12079,0.828307,-229353,-2705.83,405.674,19.402,179960,2483.05,442.073,19.5856
0.0459486,0,484.434,6.12563,0.828368,-229388,-2708.13,405.647,19.4061,179920,2484.85,442.098,19.5901
0.0459586,0,484.434,6.13047,0.82843,-229423,-2710.42,405.62,19.4101,179880,2486.64,442.122,19.5945
0.0459686,0,484.434,6.13532,0.828491,-229458,-2712.71,405.593,19.4142,179840,2488.44,442.147,19.5989
0.0459786,0,484.434,6.14016,0.828552,-229494,-2715.01,405.566,19.4182,179799,2490.24,442.172,19.6033
0.0459886,0,484.434,6.14501,0.828614,-229529,-2717.3,405.539,19.4223,179759,2492.04,442.197,19.6078
0.0459986,0,484.434,6.14985,0.828675,-229564,-2719.6,405.512,19.4263,179718,2493.84,442.222,19.6122
0.0460086,0,484.434,6.15469,0.828737,-229599,-2721.89,405.484,19.4304,179678,2495.63,442.247,19.6166
0.0460186,0,484.434,6.15954,0.828798,-229634,-2724.19,405.457,19.4345,179637,2497.43,442.272,19.621
0.0460286,0,484.434,6.16438,0.82886,-229670,-2726.49,405.43,19.4385,179597,2499.22,442.297,19.6254
0.0460386,0,484.434,6.16922,0.828922,-229705,-2728.78,405.403,19.4426,179556,2501.02,442.322,19.6299
0.0460486,0,484.434,6.17407,0.828983,-229740,-2731.08,405.375,19.4466,179516,2502.81,442.347,19.6343
0.0460586,0,484.434,6.17891,0.829045,-229776,-2733.38,405.348,19.4507,179475,2504.61,442.372,19.6387
0.0460686,0,484.434,6.18375,0.829107,-229811,-2735.67,405.321,19.4547,179434,2506.4,442.397,19.6431
0.0460786,0,484.434,6.1886,0.829169,-229846,-2737.97,405.293,19.4588,179394,2508.2,442.422,19.6476
0.0460886,0,484.434,6.19344,0.829231,-229882,-2740.27,405.266,19.4628,179353,2509.99,442.447,19.652
0.0460986,0,484.434,6.19829,0.829293,-229917,-2742.57,405.239,19.4669,179312,2511.78,442.472,19.6564
0.0461086,0,484.434,6.20313,0.829355,-229953,-2744.87,405.211,19.4709,179271,2513.58,442.497,19.6608
0.0461186,0,484.434,6.20797,0.829417,-229988,-2747.17,405.184,19.475,179230,2515.37,442.523,19.6653
0.0461286,0,484.434,6.21282,0.829479,-230024,-2749.47,405.156,19.479,179189,2517.16,442.548,19.6697
0.0461386,0,484.434,6.21766,0.829541,-230059,-2751.77,405.129,19.4831,179148,2518.95,442.573,19.6741
0.0461486,0,484.434,6.2225,0.829603,-230095,-2754.07,405.101,19.4871,179107,2520.74,442.598,19.6785
0.0461586,0,484.434,6.22735,0.829665,-230130,-2756.37,405.074,19.4912,179066,2522.53,442.623,19.683
0.0461686,0,484.434,6.23219,0.829728,-230166,-2758.67,405.046,19.4952,179025,2524.32,442.648,19.6874
0.0461786,0,484.434,6.23704,0.82979,-230202,-2760.97,405.018,19.4993,178984,2526.11,442.674,19.6918
0.0461886,0,484.434,6.24188,0.829852,-230237,-2763.27,404.991,19.5033,178943,2527.9,442.699,19.6962
0.0461986,0,484.434,6.24672,0.829915,-230273,-2765.58,404.963,19.5074,178902,2529.69,442.724,19.7007
0.0462086,0,484.434,6.25157,0.829977,-230309,-2767.88,404.936,19.5114,178861,2531.48,442.75,19.7051
0.0462186,0,484.434,6.25641,0.83004,-230344,-2770.18,404.908,19.5155,178820,2533.27,442.775,19.7095
0.0462286,0,484.434,6.26125,0.830102,-230380,-2772.49,404.88,19.5195,178778,2535.06,442.8,19.714
0.0462386,0,484.434,6.2661,0.830165,-230416,-2774.79,404.852,19.5236,178737,2536.84,442.826,19.7184
0.0462486,0,484.434,6.27094,0.830228,-230452,-2777.09,404.825,19.5276,178696,2538.63,442.851,19.7228
0.0462586,0,484.434,6.27579,0.83029,-230487,-2779.4,404.797,19.5317,178654,2540.42,442.876,19.7272
0.0462686,0,484.434,6.28063,0.830353,-230523,-2781.7,404.769,19.5357,178613,2542.2,442.902,19.7317
0.0462786,0,484.434,6.28547,0.830416,-230559,-2784.01,404.741,19.5398,178572,2543.99,442.927,19.7361
0.0462886,0,484.434,6.29032,0.830479,-230595,-2786.31,404.713,19.5438,178530,2545.78,442.953,19.7405
0.0462986,0,484.434,6.29516,0.830542,-230631,-2788.62,404.686,19.5479,178488,2547.56,442.978,19.745
0.0463086,0,484.434,6.3,0.830605,-230667,-2790.92,404.658,19.5519,178447,2549.34,443.004,19.7494
0.0463186,0,484.434,6.30485,0.830668,-230703,-2793.23,404.63,19.556,178405,2551.13,443.029,19.7538
0.0463286,0,484.434,6.30969,0.830731,-230739,-2795.54,404.602,19.56,178364,2552.91,443.055,19.7582
0.0463386,0,484.434,6.31454,0.830794,-230775,-2797.85,404.574,19.5641,178322,2554.7,443.08,19.7627
0.0463486,0,484.434,6.31938,0.830857,-230811,-2800.15,404.546,19.5681,178280,2556.48,443.106,19.7671
0.0463586,0,484.434,6.32422,0.83092,-230847,-2802.46,404.518,19.5721,178239,2558.26,443.131,19.7715
0.0463686,0,484.434,6.32907,0.830984,-230883,-2804.77,404.49,19.5762,178197,2560.04,443.157,19.776
0.0463786,0,484.434,6.33391,0.831047,-230919,-2807.08,404.462,19.5802,178155,2561.82,443.182,19.7804
0.0463886,0,484.434,6.33875,0.83111,-230955,-2809.39,404.434,19.5843,178113,2563.61,443.208,19.7848
0.0463986,0,484.434,6.3436,0.831174,-230991,-2811.7,404.406,19.5883,178071,2565.39,443.234,19.7893
0.0464086,0,484.434,6.34844,0.831237,-231027,-2814.01,404.377,19.5924,178030,2567.17,443.259,19.7937
0.0464186,0,484.434,6.35328,0.831301,-231063,-2816.32,404.349,19.5964,177988,2568.95,443.285,19.7981
0.0464286,0,484.434,6.35813,0.831364,-231100,-2818.63,404.321,19.6005,177946,2570.73,443.311,19.8026
0.0464386,0,484.434,6.36297,0.831428,-231136,-2820.94,404.293,19.6045,177904,2572.5,443.336,19.807
0.0464486,0,484.434,6.36782,0.831491,-231172,-2823.25,404.265,19.6085,177862,2574.28,443.362,19.8114
0.0464586,0,484.434,6.37266,0.831555,-231208,-2825.56,404.236,19.6126,177819,2576.06,443.388,19.8159
0.0464686,0,484.434,6.3775,0.831619,-231245,-2827.87,404.208,19.6166,177777,2577.84,443.414,19.8203
0.0464786,0,484.434,6.38235,0.831683,-231281,-2830.19,404.18,19.6207,177735,2579.62,443.44,19.8247
0.0464886,0,484.434,6.38719,0.831746,-231317,-2832.5,404.152,19.6247,177693,2581.39,443.465,19.8292
0.0464986,0,484.434,6.39203,0.83181,-231354,-2834.81,404.123,19.6288,177651,2583.17,443.491,19.8336
0.0465086,0,484.434,6.39688,0.831874,-231390,-2837.12,404.095,19.6328,177608,2584.95,443.517,19.838
0.0465186,0,484.434,6.40172,0.831938,-231427,-2839.44,404.067,19.6368,177566,2586.72,443.543,19.8425
0.0465286,0,484.434,6.40657,0.832002,-231463,-2841.75,404.038,19.6409,177524,2588.5,443.569,19.8469
0.0465386,0,484.434,6.41141,0.832066,-231499,-2844.07,404.01,19.6449,177481,2590.27,443.595,19.8513
0.0465486,0,484.434,6.41625,0.83213,-231536,-2846.38,403.981,19.649,177439,2592.05,443.62,19.8558
0.0465586,0,484.434,6.4211,0.832195,-231572,-2848.7,403.953,19.653,177397,2593.82,443.646,19.8602
0.0465686,0,484.434,6.42594,0.832259,-231609,-2851.01,403.924,19.657,177354,2595.59,443.672,19.8647
0.0465786,0,484.434,6.43078,0.832323,-231646,-2853.33,403.896,19.6611,177312,2597.37,443.698,19.8691
0.0465886,0,484.434,6.43563,0.832388,-231682,-2855.64,403.867,19.6651,177269,2599.14,443.724,19.8735
0.0465986,0,484.434,6.44047,0.832452,-231719,-2857.96,403.839,19.6692,177226,2600.91,443.75,19.878
0.0466086,0,484.434,6.44531,0.832516,-231755,-2860.28,403.81,19.6732,177184,2602.68,443.776,19.8824
0.0466186,0,484.434,6.45016,0.832581,-231792,-2862.6,403.781,19.6772,177141,2604.45,443.802,19.8868
0.0466285,0,484.434,6.455,0.832645,-231829,-2864.91,403.753,19.6813,177098,2606.23,443.828,19.8913
0.0466385,0,484.434,6.45985,0.83271,-231865,-2867.23,403.724,19.6853,177056,2608,443.854,19.8957
0.0466485,0,484.434,6.46469,0.832774,-231902,-2869.55,403.695,19.6893,177013,2609.77,443.881,19.9002
0.0466585,0,484.434,6.46953,0.832839,-231939,-2871.87,403.667,19.6934,176970,2611.54,443.907,19.9046
0.0466685,0,484.434,6.47438,0.832904,-231976,-2874.19,403.638,19.6974,176927,2613.3,443.933,19.909
0.0466785,0,484.434,6.47922,0.832969,-232012,-2876.51,403.609,19.7015,176884,2615.07,443.959,19.9135
0.0466885,0,484.434,6.48406,0.833033,-232049,-2878.83,403.581,19.7055,176842,2616.84,443.985,19.9179
0.0466985,0,484.434,6.48891,0.833098,-232086,-2881.15,403.552,19.7095,176799,2618.61,444.011,19.9224
0.0467085,0,484.434,6.49375,0.833163,-232123,-2883.47,403.523,19.7136,176756,2620.38,444.037,19.9268
0.0467185,0,484.434,6.4986,0.833228,-232160,-2885.79,403.494,19.7176,176713,2622.14,444.064,19.9312
0.0467285,0,484.434,6.50344,0.833293,-232197,-2888.11,403.465,19.7216,176669,2623.91,444.09,19.9357
0.0467385,0,484.434,6.50828,0.833358,-232233,-2890.43,403.436,19.7257,176626,2625.68,444.116,19.9401
0.0467485,0,484.434,6.51313,0.833423,-232270,-2892.76,403.407,19.7297,176583,2627.44,444.142,19.9446
0.0467585,0,484.434,6.51797,0.833488,-232307,-2895.08,403.378,19.7337,176540,2629.21,444.169,19.949
0.0467685,0,484.434,6.52281,0.833554,-232344,-2897.4,403.35,19.7378,176497,2630.97,444.195,19.9534
0.0467785,0,484.434,6.52766,0.833619,-232381,-2899.72,403.321,19.7418,176454,2632.74,444.221,19.9579
0.0467885,0,484.434,6.5325,0.833684,-232418,-2902.05,403.292,19.7458,176410,2634.5,444.248,19.9623
0.0467985,0,484.434,6.53734,0.833749,-232455,-2904.37,403.263,19.7499,176367,2636.27,444.274,19.9668
0.0468085,0,484.434,6.54219,0.833815,-232493,-2906.7,403.233,19.7539,176324,2638.03,444.3,19.9712
0.0468185,0,484.434,6.54703,0.83388,-232530,-2909.02,403.204,19.7579,176280,2639.79,444.327,19.9757
0.0468285,0,484.434,6.55188,0.833946,-232567,-2911.35,403.175,19.762,176237,2641.55,444.353,19.9801
0.0468385,0,484.434,6.55672,0.834011,-232604,-2913.67,403.146,19.766,176193,2643.32,444.38,19.9845
0.0468485,0,484.434,6.56156,0.834077,-232641,-2916,403.117,19.77,176150,2645.08,444.406,19.989
0.0468585,0,484.434,6.56641,0.834143,-232678,-2918.32,403.088,19.7741,176106,2646.84,444.432,19.9934
0.0468685,0,484.434,6.57125,0.834208,-232715,-2920.65,403.059,19.7781,176063,2648.6,444.459,19.9979
0.0468785,0,484.434,6.57609,0.834274,-232753,-2922.98,403.029,19.7821,176019,2650.36,444.485,20.0023
0.0468885,0,484.434,6.58094,0.83434,-232790,-2925.31,403,19.7861,175976,2652.12,444.512,20.0068
0.0468985,0,484.434,6.58578,0.834406,-232827,-2927.63,402.971,19.7902,175932,2653.88,444.538,20.0112
0.0469085,0,484.434,6.59063,0.834471,-232865,-2929.96,402.942,19.7942,175888,2655.64,444.565,20.0157
0.0469185,0,484.434,6.59547,0.834537,-232902,-2932.29,402.912,19.7982,175844,2657.4,444.592,20.0201
0.0469285,0,484.434,6.60031,0.834603,-232939,-2934.62,402.883,19.8023,175801,2659.15,444.618,20.0245
0.0469385,0,484.434,6.60516,0.834669,-232977,-2936.95,402.854,19.8063,175757,2660.91,444.645,20.029
0.0469485,0,484.434,6.61,0.834735,-233014,-2939.28,402.824,19.8103,175713,2662.67,444.671,20.0334
0.0469585,0,484.434,6.61484,0.834801,-233051,-2941.61,402.795,19.8143,175669,2664.43,444.698,20.0379
0.0469685,0,484.434,6.61969,0.834868,-233089,-2943.94,402.765,19.8184,175625,2666.18,444.725,20.0423
0.0469785,0,484.434,6.62453,0.834934,-233126,-2946.27,402.736,19.8224,175581,2667.94,444.751,20.0468
0.0469885,0,484.434,6.62938,0.835,-233164,-2948.6,402.707,19.8264,175537,2669.69,444.778,20.0512
0.0469985,0,484.434,6.63422,0.835066,-233201,-2950.93,402.677,19.8305,175493,2671.45,444.805,20.0557
0.0470085,0,484.434,6.63906,0.835133,-233239,-2953.26,402.648,19.8345,175449,2673.2,444.831,20.0601
0.0470185,0,484.434,6.64391,0.835199,-233276,-2955.6,402.618,19.8385,175405,2674.96,444.858,20.0646
0.0470285,0,484.434,6.64875,0.835266,-233314,-2957.93,402.588,19.8425,175361,2676.71,444.885,20.069
0.0470385,0,484.434,6.65359,0.835332,-233352,-2960.26,402.559,19.8466,175317,2678.46,444.912,20.0735
0.0470485,0,484.434,6.65844,0.835399,-233389,-2962.59,402.529,19.8506,175272,2680.22,444.938,20.0779
0.0470585,0,484.434,6.66328,0.835465,-233427,-2964.93,402.5,19.8546,175228,2681.97,444.965,20.0824
0.0470685,0,484.434,6.66813,0.835532,-233465,-2967.26,402.47,19.8586,175184,2683.72,444.992,20.0868
0.0470785,0,484.434,6.67297,0.835599,-233502,-2969.6,402.44,19.8627,175140,2685.47,445.019,20.0913
0.0470885,0,484.434,6.67781,0.835665,-233540,-2971.93,402.411,19.8667,175095,2687.22,445.046,20.0957
0.0470985,0,484.434,6.68266,0.835732,-233578,-2974.27,402.381,19.8707,175051,2688.97,445.073,20.1002
0.0471085,0,484.434,6.6875,0.835799,-233615,-2976.6,402.351,19.8747,175006,2690.72,445.1,20.1046
0.0471185,0,484.434,6.69234,0.835866,-233653,-2978.94,402.321,19.8788,174962,2692.47,445.126,20.1091
0.0471285,0,484.434,6.69719,0.835933,-233691,-2981.28,402.292,19.8828,174917,2694.22,445.153,20.1135
0.0471385,0,484.434,6.70203,0.836,-233729,-2983.61,402.262,19.8868,174873,2695.97,445.18,20.118
0.0471485,0,484.434,6.70687,0.836067,-233767,-2985.95,402.232,19.8908,174828,2697.72,445.207,20.1224
0.0471585,0,484.434,6.71172,0.836134,-233805,-2988.29,402.202,19.8948,174784,2699.47,445.234,20.1269
0.0471685,0,484.434,6.71656,0.836201,-233842,-2990.63,402.172,19.8989,174739,2701.21,445.261,20.1313
0.0471785,0,484.434,6.72141,0.836268,-233880,-2992.96,402.142,19.9029,174694,2702.96,445.288,20.1358
0.0471885,0,484.434,6.72625,0.836336,-233918,-2995.3,402.112,19.9069,174650,2704.71,445.315,20.1402
0.0471985,0,484.434,6.73109,0.836403,-233956,-2997.64,402.082,19.9109,174605,2706.45,445.342,20.1447
0.0472085,0,484.434,6.73594,0.83647,-233994,-2999.98,402.052,19.915,174560,2708.2,445.369,20.1491
0.0472185,0,484.434,6.74078,0.836538,-234032,-3002.32,402.022,19.919,174515,2709.94,445.397,20.1536
0.0472285,0,484.434,6.74562,0.836605,-234070,-3004.66,401.992,19.923,174470,2711.69,445.424,20.1581
0.0472385,0,484.434,6.75047,0.836672,-234108,-3007,401.962,19.927,174425,2713.43,445.451,20.1625
0.0472485,0,484.434,6.75531,0.83674,-234146,-3009.34,401.932,19.931,174380,2715.18,445.478,20.167
0.0472585,0,484.434,6.76016,0.836807,-234184,-3011.68,401.902,19.9351,174335,2716.92,445.505,20.1714
0.0472685,0,484.434,6.765,0.836875,-234223,-3014.03,401.872,19.9391,174290,2718.66,445.532,20.1759
0.0472785,0,484.434,6.76984,0.836943,-234261,-3016.37,401.842,19.9431,174245,2720.41,445.559,20.1803
0.0472885,0,484.434,6.77469,0.837011,-234299,-3018.71,401.812,19.9471,174200,2722.15,445.587,20.1848
0.0472985,0,484.434,6.77953,0.837078,-234337,-3021.05,401.781,19.9511,174155,2723.89,445.614,20.1892
0.0473085,0,484.434,6.78437,0.837146,-234375,-3023.4,401.751,19.9551,174110,2725.63,445.641,20.1937
0.0473185,0,484.434,6.78922,0.837214,-234413,-3025.74,401.721,19.9592,174065,2727.37,445.668,20.1982
0.0473285,0,484.434,6.79406,0.837282,-234452,-3028.08,401.691,19.9632,174020,2729.11,445.696,20.2026
0.0473385,0,484.434,6.7989,0.83735,-234490,-3030.43,401.66,19.9672,173974,2730.85,445.723,20.2071
0.0473485,0,484.434,6.80375,0.837418,-234528,-3032.77,401.63,19.9712,173929,2732.59,445.75,20.2115
0.0473585,0,484.434,6.80859,0.837486,-234567,-3035.12,401.6,19.9752,173884,2734.33,445.778,20.216
0.0473685,0,484.434,6.81344,0.837554,-234605,-3037.46,401.569,19.9792,173838,2736.07,445.805,20.2204
0.0473785,0,484.434,6.81828,0.837622,-234643,-3039.81,401.539,19.9833,173793,2737.8,445.832,20.2249
0.0473884,0,484.434,6.82312,0.83769,-234682,-3042.16,401.509,19.9873,173747,2739.54,445.86,20.2294
0.0473984,0,484.434,6.82797,0.837759,-234720,-3044.5,401.478,19.9913,173702,2741.28,445.887,20.2338
0.0474084,0,484.434,6.83281,0.837827,-234759,-3046.85,401.448,19.9953,173656,2743.02,445.915,20.2383
0.0474184,0,484.434,6.83765,0.837895,-234797,-3049.2,401.417,19.9993,173611,2744.75,445.942,20.2427
0.0474284,0,484.434,6.8425,0.837964,-234835,-3051.54,401.387,20.0033,173565,2746.49,445.969,20.2472
0.0474384,0,484.434,6.84734,0.838032,-234874,-3053.89,401.356,20.0073,173519,2748.22,445.997,20.2517
0.0474484,0,484.434,6.85219,0.8381,-234912,-3056.24,401.326,20.0114,173474,2749.96,446.024,20.2561
0.0474584,0,484.434,6.85703,0.838169,-234951,-3058.59,401.295,20.0154,173428,2751.69,446.052,20.2606
0.0474684,0,484.434,6.86187,0.838238,-234990,-3060.94,401.264,20.0194,173382,2753.43,446.079,20.265
0.0474784,0,484.434,6.86672,0.838306,-235028,-3063.29,401.234,20.0234,173336,2755.16,446.107,20.2695
0.0474884,0,484.434,6.87156,0.838375,-235067,-3065.64,401.203,20.0274,173291,2756.89,446.135,20.274
0.0474984,0,484.434,6.8764,0.838444,-235105,-3067.99,401.173,20.0314,173245,2758.62,446.162,20.2784
0.0475084,0,484.434,6.88125,0.838512,-235144,-3070.34,401.142,20.0354,173199,2760.36,446.19,20.2829
0.0475184,0,484.434,6.88609,0.838581,-235183,-3072.69,401.111,20.0394,173153,2762.09,446.217,20.2873
0.0475284,0,484.434,6.89093,0.83865,-235221,-3075.04,401.08,20.0435,173107,2763.82,446.245,20.2918
0.0475384,0,484.434,6.89578,0.838719,-235260,-3077.4,401.05,20.0475,173061,2765.55,446.273,20.2963
0.0475484,0,484.434,6.90062,0.838788,-235299,-3079.75,401.019,20.0515,173015,2767.28,446.3,20.3007
0.0475584,0,484.434,6.90547,0.838857,-235338,-3082.1,400.988,20.0555,172969,2769.01,446.328,20.3052
0.0475684,0,484.434,6.91031,0.838926,-235376,-3084.46,400.957,20.0595,172923,2770.74,446.356,20.3097
0.0475784,0,484.434,6.91515,0.838995,-235415,-3086.81,400.926,20.0635,172876,2772.47,446.383,20.3141
0.0475884,0,484.434,6.92,0.839064,-235454,-3089.16,400.896,20.0675,172830,2774.2,446.411,20.3186
0.0475984,0,484.434,6.92484,0.839134,-235493,-3091.52,400.865,20.0715,172784,2775.92,446.439,20.3231
0.0476084,0,484.434,6.92968,0.839203,-235532,-3093.87,400.834,20.0755,172738,2777.65,446.466,20.3275
0.0476184,0,484.434,6.93453,0.839272,-235571,-3096.23,400.803,20.0795,172691,2779.38,446.494,20.332
0.0476284,0,484.434,6.93937,0.839342,-235609,-3098.58,400.772,20.0835,172645,2781.1,446.522,20.3364
0.0476384,0,484.434,6.94422,0.839411,-235648,-3100.94,400.741,20.0876,172599,2782.83,446.55,20.3409
0.0476484,0,484.434,6.94906,0.83948,-235687,-3103.3,400.71,20.0916,172552,2784.56,446.578,20.3454
0.0476584,0,484.434,6.9539,0.83955,-235726,-3105.65,400.679,20.0956,172506,2786.28,446.606,20.3498
0.0476684,0,484.434,6.95875,0.83962,-235765,-3108.01,400.648,20.0996,172459,2788.01,446.633,20.3543
0.0476784,0,484.434,6.96359,0.839689,-235804,-3110.37,400.617,20.1036,172413,2789.73,446.661,20.3588
0.0476884,0,484.434,6.96843,0.839759,-235843,-3112.72,400.585,20.1076,172366,2791.45,446.689,20.3632
0.0476984,0,484.434,6.97328,0.839828,-235882,-3115.08,400.554,20.1116,172320,2793.18,446.717,20.3677
0.0477084,0,484.434,6.97812,0.839898,-235922,-3117.44,400.523,20.1156,172273,2794.9,446.745,20.3722
0.0477184,0,484.434,6.98297,0.839968,-235961,-3119.8,400.492,20.1196,172226,2796.62,446.773,20.3766
0.0477284,0,484.434,6.98781,0.840038,-236000,-3122.16,400.461,20.1236,172180,2798.34,446.801,20.3811
0.0477384,0,484.434,6.99265,0.840108,-236039,-3124.52,400.43,20.1276,172133,2800.06,446.829,20.3856
0.0477484,0,484.434,6.9975,0.840178,-236078,-3126.88,400.398,20.1316,172086,2801.79,446.857,20.39
0.0477584,0,484.434,7.00234,0.840248,-236117,-3129.24,400.367,20.1356,172039,2803.51,446.885,20.3945
0.0477684,0,484.434,7.00718,0.840318,-236156,-3131.6,400.336,20.1396,171992,2805.23,446.913,20.399
0.0477784,0,484.434,7.01203,0.840388,-236196,-3133.96,400.304,20.1436,171945,2806.95,446.941,20.4035
0.0477884,0,484.434,7.01687,0.840458,-236235,-3136.33,400.273,20.1476,171899,2808.66,446.969,20.4079
0.0477984,0,484.434,7.02172,0.840528,-236274,-3138.69,400.242,20.1516,171852,2810.38,446.997,20.4124
0.0478084,0,484.434,7.02656,0.840598,-236314,-3141.05,400.21,20.1556,171805,2812.1,447.025,20.4169
0.0478184,0,484.434,7.0314,0.840669,-236353,-3143.41,400.179,20.1596,171758,2813.82,447.054,20.4213
0.0478284,0,484.434,7.03625,0.840739,-236392,-3145.78,400.147,20.1636,171710,2815.54,447.082,20.4258
0.0478384,0,484.434,7.04109,0.840809,-236432,-3148.14,400.116,20.1676,171663,2817.25,447.11,20.4303
0.0478484,0,484.434,7.04593,0.84088,-236471,-3150.5,400.084,20.1716,171616,2818.97,447.138,20.4347
0.0478584,0,484.434,7.05078,0.84095,-236510,-3152.87,400.053,20.1756,171569,2820.68,447.166,20.4392
0.0478684,0,484.434,7.05562,0.841021,-236550,-3155.23,400.021,20.1796,171522,2822.4,447.194,20.4437
0.0478784,0,484.434,7.06046,0.841091,-236589,-3157.6,399.99,20.1836,171474,2824.11,447.223,20.4482
0.0478884,0,484.434,7.06531,0.841162,-236629,-3159.97,399.958,20.1876,171427,2825.83,447.251,20.4526
0.0478984,0,484.434,7.07015,0.841233,-236668,-3162.33,399.927,20.1916,171380,2827.54,447.279,20.4571
0.0479084,0,484.434,7.075,0.841303,-236708,-3164.7,399.895,20.1956,171332,2829.26,447.307,20.4616
0.0479184,0,484.434,7.07984,0.841374,-236747,-3167.07,399.863,20.1996,171285,2830.97,447.336,20.4661
0.0479284,0,484.434,7.08468,0.841445,-236787,-3169.43,399.832,20.2036,171238,2832.68,447.364,20.4705
0.0479384,0,484.434,7.08953,0.841516,-236826,-3171.8,399.8,20.2076,171190,2834.39,447.392,20.475
0.0479484,0,484.434,7.09437,0.841587,-236866,-3174.17,399.768,20.2116,171142,2836.1,447.421,20.4795
0.0479584,0,484.434,7.09921,0.841658,-236906,-3176.54,399.737,20.2156,171095,2837.82,447.449,20.484
0.0479684,0,484.434,7.10406,0.841729,-236945,-3178.91,399.705,20.2196,171047,2839.53,447.477,20.4884
0.0479784,0,484.434,7.1089,0.8418,-236985,-3181.27,399.673,20.2236,171000,2841.24,447.506,20.4929
0.0479884,0,484.434,7.11374,0.841871,-237025,-3183.64,399.641,20.2276,170952,2842.95,447.534,20.4974
0.0479984,0,484.434,7.11859,0.841942,-237064,-3186.01,399.609,20.2316,170904,2844.65,447.563,20.5019
0.0480084,0,484.434,7.12343,0.842013,-237104,-3188.39,399.577,20.2356,170857,2846.36,447.591,20.5063
0.0480184,0,484.434,7.12828,0.842084,-237144,-3190.76,399.546,20.2396,170809,2848.07,447.62,20.5108
0.0480284,0,484.434,7.13312,0.842156,-237184,-3193.13,399.514,20.2436,170761,2849.78,447.648,20.5153
0.0480384,0,484.434,7.13796,0.842227,-237223,-3195.5,399.482,20.2476,170713,2851.49,447.677,20.5198
0.0480484,0,484.434,7.14281,0.842298,-237263,-3197.87,399.45,20.2516,170665,2853.19,447.705,20.5242
0.0480584,0,484.434,7.14765,0.84237,-237303,-3200.24,399.418,20.2556,170617,2854.9,447.734,20.5287
0.0480684,0,484.434,7.15249,0.842441,-237343,-3202.62,399.386,20.2596,170569,2856.6,447.762,20.5332
0.0480784,0,484.434,7.15734,0.842513,-237383,-3204.99,399.354,20.2636,170521,2858.31,447.791,20.5377
0.0480884,0,484.434,7.16218,0.842584,-237423,-3207.36,399.322,20.2676,170473,2860.01,447.819,20.5421
0.0480984,0,484.434,7.16703,0.842656,-237463,-3209.74,399.29,20.2716,170425,2861.72,447.848,20.5466
0.0481084,0,484.434,7.17187,0.842728,-237503,-3212.11,399.257,20.2756,170377,2863.42,447.877,20.5511
0.0481184,0,484.434,7.17671,0.8428,-237543,-3214.49,399.225,20.2796,170329,2865.13,447.905,20.5556
0.0481284,0,484.434,7.18156,0.842871,-237583,-3216.86,399.193,20.2835,170281,2866.83,447.934,20.5601
0.0481384,0,484.434,7.1864,0.842943,-237623,-3219.24,399.161,20.2875,170232,2868.53,447.963,20.5645
0.0481483,0,484.434,7.19124,0.843015,-237663,-3221.61,399.129,20.2915,170184,2870.23,447.991,20.569
0.0481583,0,484.434,7.19609,0.843087,-237703,-3223.99,399.097,20.2955,170136,2871.93,448.02,20.5735
0.0481683,0,484.434,7.20093,0.843159,-237743,-3226.37,399.064,20.2995,170087,2873.63,448.049,20.578
0.0481783,0,484.434,7.20578,0.843231,-237783,-3228.75,399.032,20.3035,170039,2875.34,448.077,20.5825
0.0481883,0,484.434,7.21062,0.843303,-237823,-3231.12,399,20.3075,169990,2877.03,448.106,20.5869
0.0481983,0,484.434,7.21546,0.843375,-237863,-3233.5,398.967,20.3115,169942,2878.73,448.135,20.5914
0.0482083,0,484.434,7.22031,0.843447,-237903,-3235.88,398.935,20.3155,169894,2880.43,448.164,20.5959
0.0482183,0,484.434,7.22515,0.84352,-237943,-3238.26,398.903,20.3195,169845,2882.13,448.193,20.6004
0.0482283,0,484.434,7.22999,0.843592,-237984,-3240.64,398.87,20.3234,169796,2883.83,448.221,20.6049
0.0482383,0,484.434,7.23484,0.843664,-238024,-3243.02,398.838,20.3274,169748,2885.53,448.25,20.6093
0.0482483,0,484.434,7.23968,0.843737,-238064,-3245.4,398.805,20.3314,169699,2887.22,448.279,20.6138
0.0482583,0,484.434,7.24452,0.843809,-238104,-3247.78,398.773,20.3354,169650,2888.92,448.308,20.6183
0.0482683,0,484.434,7.24937,0.843881,-238145,-3250.16,398.741,20.3394,169602,2890.62,448.337,20.6228
0.0482783,0,484.434,7.25421,0.843954,-238185,-3252.54,398.708,20.3434,169553,2892.31,448.366,20.6273
0.0482883,0,484.434,7.25906,0.844026,-238225,-3254.92,398.676,20.3474,169504,2894.01,448.395,20.6318
0.0482983,0,484.434,7.2639,0.844099,-238266,-3257.3,398.643,20.3514,169455,2895.7,448.424,20.6362
0.0483083,0,484.434,7.26874,0.844172,-238306,-3259.69,398.61,20.3553,169406,2897.4,448.453,20.6407
0.0483183,0,484.434,7.27359,0.844244,-238346,-3262.07,398.578,20.3593,169358,2899.09,448.482,20.6452
0.0483283,0,484.434,7.27843,0.844317,-238387,-3264.45,398.545,20.3633,169309,2900.78,448.511,20.6497
0.0483383,0,484.434,7.28327,0.84439,-238427,-3266.84,398.512,20.3673,169260,2902.48,448.54,20.6542
0.0483483,0,484.434,7.28812,0.844463,-238468,-3269.22,398.48,20.3713,169211,2904.17,448.569,20.6587
0.0483583,0,484.434,7.29296,0.844536,-238508,-3271.61,398.447,20.3753,169161,2905.86,448.598,20.6632
0.0483683,0,484.434,7.29781,0.844609,-238549,-3273.99,398.414,20.3793,169112,2907.55,448.627,20.6676
0.0483783,0,484.434,7.30265,0.844682,-238589,-3276.38,398.382,20.3832,169063,2909.24,448.656,20.6721
0.0483883,0,484.434,7.30749,0.844755,-238630,-3278.76,398.349,20.3872,169014,2910.93,448.685,20.6766
0.0483983,0,484.434,7.31234,0.844828,-238670,-3281.15,398.316,20.3912,168965,2912.62,448.714,20.6811
0.0484083,0,484.434,7.31718,0.844901,-238711,-3283.53,398.283,20.3952,168916,2914.31,448.743,20.6856
0.0484183,0,484.434,7.32202,0.844974,-238751,-3285.92,398.25,20.3992,168866,2916,448.772,20.6901
0.0484283,0,484.434,7.32687,0.845047,-238792,-3288.31,398.218,20.4032,168817,2917.69,448.802,20.6946
0.0484383,0,484.434,7.33171,0.845121,-238833,-3290.7,398.185,20.4071,168768,2919.38,448.831,20.6991
0.0484483,0,484.434,7.33656,0.845194,-238873,-3293.09,398.152,20.4111,168718,2921.06,448.86,20.7035
0.0484583,0,484.434,7.3414,0.845267,-238914,-3295.47,398.119,20.4151,168669,2922.75,448.889,20.708
0.0484683,0,484.434,7.34624,0.845341,-238955,-3297.86,398.086,20.4191,168619,2924.44,448.918,20.7125
0.0484783,0,484.434,7.35109,0.845414,-238996,-3300.25,398.053,20.4231,168570,2926.12,448.948,20.717
0.0484883,0,484.434,7.35593,0.845488,-239036,-3302.64,398.02,20.427,168520,2927.81,448.977,20.7215
0.0484983,0,484.434,7.36077,0.845561,-239077,-3305.03,397.987,20.431,168471,2929.49,449.006,20.726
0.0485083,0,484.434,7.36562,0.845635,-239118,-3307.42,397.954,20.435,168421,2931.17,449.035,20.7305
0.0485183,0,484.434,7.37046,0.845709,-239159,-3309.81,397.921,20.439,168371,2932.86,449.065,20.735
0.0485283,0,484.434,7.3753,0.845782,-239199,-3312.21,397.888,20.443,168322,2934.54,449.094,20.7395
0.0485383,0,484.434,7.38015,0.845856,-239240,-3314.6,397.854,20.4469,168272,2936.22,449.123,20.744
0.0485483,0,484.434,7.38499,0.84593,-239281,-3316.99,397.821,20.4509,168222,2937.91,449.153,20.7484
0.0485583,0,484.434,7.38984,0.846004,-239322,-3319.38,397.788,20.4549,168172,2939.59,449.182,20.7529
0.0485683,0,484.434,7.39468,0.846078,-239363,-3321.78,397.755,20.4589,168122,2941.27,449.212,20.7574
0.0485783,0,484.434,7.39952,0.846152,-239404,-3324.17,397.722,20.4629,168073,2942.95,449.241,20.7619
0.0485883,0,484.434,7.40437,0.846226,-239445,-3326.56,397.688,20.4668,168023,2944.63,449.27,20.7664
0.0485983,0,484.434,7.40921,0.8463,-239486,-3328.96,397.655,20.4708,167973,2946.31,449.3,20.7709
0.0486083,0,484.434,7.41405,0.846374,-239527,-3331.35,397.622,20.4748,167923,2947.99,449.329,20.7754
0.0486183,0,484.434,7.4189,0.846448,-239568,-3333.75,397.589,20.4788,167873,2949.67,449.359,20.7799
0.0486283,0,484.434,7.42374,0.846522,-239609,-3336.14,397.555,20.4827,167822,2951.35,449.388,20.7844
0.0486383,0,484.434,7.42859,0.846596,-239650,-3338.54,397.522,20.4867,167772,2953.02,449.418,20.7889
0.0486483,0,484.434,7.43343,0.846671,-239691,-3340.94,397.488,20.4907,167722,2954.7,449.447,20.7934
0.0486583,0,484.434,7.43827,0.846745,-239732,-3343.33,397.455,20.4947,167672,2956.38,449.477,20.7979
0.0486683,0,484.434,7.44312,0.84682,-239773,-3345.73,397.422,20.4986,167622,2958.05,449.507,20.8024
0.0486783,0,484.434,7.44796,0.846894,-239814,-3348.13,397.388,20.5026,167571,2959.73,449.536,20.8069
0.0486883,0,484.434,7.4528,0.846968,-239856,-3350.52,397.355,20.5066,167521,2961.41,449.566,20.8114
0.0486983,0,484.434,7.45765,0.847043,-239897,-3352.92,397.321,20.5106,167471,2963.08,449.595,20.8159
0.0487083,0,484.434,7.46249,0.847118,-239938,-3355.32,397.288,20.5145,167420,2964.75,449.625,20.8203
0.0487183,0,484.434,7.46733,0.847192,-239979,-3357.72,397.254,20.5185,167370,2966.43,449.655,20.8248
0.0487283,0,484.434,7.47218,0.847267,-240020,-3360.12,397.22,20.5225,167320,2968.1,449.684,20.8293
0.0487383,0,484.434,7.47702,0.847342,-240062,-3362.52,397.187,20.5264,167269,2969.77,449.714,20.8338
0.0487483,0,484.434,7.48187,0.847416,-240103,-3364.92,397.153,20.5304,167218,2971.45,449.744,20.8383
0.0487583,0,484.434,7.48671,0.847491,-240144,-3367.32,397.12,20.5344,167168,2973.12,449.773,20.8428
0.0487683,0,484.434,7.49155,0.847566,-240186,-3369.72,397.086,20.5384,167117,2974.79,449.803,20.8473
0.0487783,0,484.434,7.4964,0.847641,-240227,-3372.13,397.052,20.5423,167067,2976.46,449.833,20.8518
0.0487883,0,484.434,7.50124,0.847716,-240268,-3374.53,397.018,20.5463,167016,2978.13,449.863,20.8563
0.0487983,0,484.434,7.50608,0.847791,-240310,-3376.93,396.985,20.5503,166965,2979.8,449.892,20.8608
0.0488083,0,484.434,7.51093,0.847866,-240351,-3379.33,396.951,20.5542,166914,2981.47,449.922,20.8653
0.0488183,0,484.434,7.51577,0.847941,-240393,-3381.74,396.917,20.5582,166864,2983.14,449.952,20.8698
0.0488283,0,484.434,7.52062,0.848016,-240434,-3384.14,396.883,20.5622,166813,2984.81,449.982,20.8743
0.0488383,0,484.434,7.52546,0.848092,-240475,-3386.54,396.849,20.5661,166762,2986.47,450.012,20.8788
0.0488483,0,484.434,7.5303,0.848167,-240517,-3388.95,396.816,20.5701,166711,2988.14,450.042,20.8833
0.0488583,0,484.434,7.53515,0.848242,-240558,-3391.35,396.782,20.5741,166660,2989.81,450.072,20.8878
0.0488683,0,484.434,7.53999,0.848318,-240600,-3393.76,396.748,20.578,166609,2991.47,450.101,20.8923
0.0488783,0,484.434,7.54483,0.848393,-240642,-3396.17,396.714,20.582,166558,2993.14,450.131,20.8968
0.0488883,0,484.434,7.54968,0.848468,-240683,-3398.57,396.68,20.586,166507,2994.8,450.161,20.9013
0.0488982,0,484.434,7.55452,0.848544,-240725,-3400.98,396.646,20.59,166456,2996.47,450.191,20.9058
0.0489082,0,484.434,7.55937,0.84862,-240766,-3403.39,396.612,20.5939,166405,2998.13,450.221,20.9103
0.0489182,0,484.434,7.56421,0.848695,-240808,-3405.79,396.578,20.5979,166353,2999.8,450.251,20.9148
0.0489282,0,484.434,7.56905,0.848771,-240850,-3408.2,396.544,20.6018,166302,3001.46,450.281,20.9193
0.0489382,0,484.434,7.5739,0.848846,-240891,-3410.61,396.51,20.6058,166251,3003.12,450.311,20.9238
0.0489482,0,484.434,7.57874,0.848922,-240933,-3413.02,396.475,20.6098,166200,3004.78,450.341,20.9283
0.0489582,0,484.434,7.58358,0.848998,-240975,-3415.43,396.441,20.6137,166148,3006.45,450.371,20.9328
0.0489682,0,484.434,7.58843,0.849074,-241016,-3417.84,396.407,20.6177,166097,3008.11,450.401,20.9373
0.0489782,0,484.434,7.59327,0.84915,-241058,-3420.25,396.373,20.6217,166046,3009.77,450.431,20.9419
0.0489882,0,484.434,7.59811,0.849226,-241100,-3422.66,396.339,20.6256,165994,3011.43,450.462,20.9464
0.0489982,0,484.434,7.60296,0.849302,-241142,-3425.07,396.305,20.6296,165943,3013.09,450.492,20.9509
0.0490082,0,484.434,7.6078,0.849378,-241184,-3427.48,396.27,20.6336,165891,3014.75,450.522,20.9554
0.0490182,0,484.434,7.61265,0.849454,-241225,-3429.89,396.236,20.6375,165840,3016.4,450.552,20.9599
0.0490282,0,484.434,7.61749,0.84953,-241267,-3432.3,396.202,20.6415,165788,3018.06,450.582,20.9644
0.0490382,0,484.434,7.62233,0.849606,-241309,-3434.72,396.167,20.6454,165736,3019.72,450.612,20.9689
0.0490482,0,484.434,7.62718,0.849682,-241351,-3437.13,396.133,20.6494,165685,3021.38,450.642,20.9734
0.0490582,0,484.434,7.63202,0.849759,-241393,-3439.54,396.099,20.6534,165633,3023.03,450.673,20.9779
0.0490682,0,484.434,7.63686,0.849835,-241435,-3441.96,396.064,20.6573,165581,3024.69,450.703,20.9824
0.0490782,0,484.434,7.64171,0.849911,-241477,-3444.37,396.03,20.6613,165529,3026.34,450.733,20.9869
0.0490882,0,484.434,7.64655,0.849988,-241519,-3446.79,395.995,20.6653,165477,3028,450.763,20.9914
0.0490982,0,484.434,7.6514,0.850064,-241561,-3449.2,395.961,20.6692,165426,3029.65,450.794,20.9959
0.0491082,0,484.434,7.65624,0.850141,-241603,-3451.62,395.926,20.6732,165374,3031.31,450.824,21.0004
0.0491182,0,484.434,7.66108,0.850217,-241645,-3454.03,395.892,20.6771,165322,3032.96,450.854,21.0049
0.0491282,0,484.434,7.66593,0.850294,-241687,-3456.45,395.857,20.6811,165270,3034.61,450.885,21.0095
0.0491382,0,484.434,7.67077,0.850371,-241729,-3458.87,395.823,20.685,165218,3036.27,450.915,21.014
0.0491482,0,484.434,7.67561,0.850448,-241771,-3461.28,395.788,20.689,165166,3037.92,450.945,21.0185
0.0491582,0,484.434,7.68046,0.850524,-241813,-3463.7,395.754,20.693,165114,3039.57,450.976,21.023
0.0491682,0,484.434,7.6853,0.850601,-241855,-3466.12,395.719,20.6969,165061,3041.22,451.006,21.0275
0.0491782,0,484.434,7.69015,0.850678,-241897,-3468.54,395.684,20.7009,165009,3042.87,451.037,21.032
0.0491882,0,484.434,7.69499,0.850755,-241940,-3470.96,395.65,20.7048,164957,3044.52,451.067,21.0365
0.0491982,0,484.434,7.69983,0.850832,-241982,-3473.38,395.615,20.7088,164905,3046.17,451.097,21.041
0.0492082,0,484.434,7.70468,0.850909,-242024,-3475.79,395.58,20.7127,164852,3047.82,451.128,21.0455
0.0492182,0,484.434,7.70952,0.850986,-242066,-3478.21,395.545,20.7167,164800,3049.46,451.158,21.05
0.0492282,0,484.434,7.71436,0.851063,-242109,-3480.64,395.51,20.7207,164748,3051.11,451.189,21.0546
0.0492382,0,484.434,7.71921,0.85114,-242151,-3483.06,395.476,20.7246,164695,3052.76,451.219,21.0591
0.0492482,0,484.434,7.72405,0.851217,-242193,-3485.48,395.441,20.7286,164643,3054.41,451.25,21.0636
0.0492582,0,484.434,7.72889,0.851295,-242235,-3487.9,395.406,20.7325,164590,3056.05,451.281,21.0681
0.0492682,0,484.434,7.73374,0.851372,-242278,-3490.32,395.371,20.7365,164538,3057.7,451.311,21.0726
0.0492782,0,484.434,7.73858,0.851449,-242320,-3492.74,395.336,20.7404,164485,3059.34,451.342,21.0771
0.0492882,0,484.434,7.74343,0.851527,-242362,-3495.17,395.301,20.7444,164433,3060.99,451.372,21.0816
0.0492982,0,484.434,7.74827,0.851604,-242405,-3497.59,395.266,20.7483,164380,3062.63,451.403,21.0861
0.0493082,0,484.434,7.75311,0.851682,-242447,-3500.02,395.231,20.7523,164327,3064.27,451.434,21.0907
0.0493182,0,484.434,7.75796,0.851759,-242490,-3502.44,395.196,20.7562,164275,3065.92,451.464,21.0952
0.0493282,0,484.434,7.7628,0.851837,-242532,-3504.86,395.161,20.7602,164222,3067.56,451.495,21.0997
0.0493382,0,484.434,7.76764,0.851914,-242575,-3507.29,395.126,20.7641,164169,3069.2,451.526,21.1042
0.0493482,0,484.434,7.77249,0.851992,-242617,-3509.72,395.091,20.7681,164116,3070.84,451.556,21.1087
0.0493582,0,484.434,7.77733,0.85207,-242660,-3512.14,395.056,20.772,164063,3072.48,451.587,21.1132
0.0493682,0,484.434,7.78218,0.852148,-242702,-3514.57,395.021,20.776,164010,3074.12,451.618,21.1178
0.0493782,0,484.434,7.78702,0.852225,-242745,-3516.99,394.986,20.7799,163958,3075.76,451.648,21.1223
0.0493882,0,484.434,7.79186,0.852303,-242787,-3519.42,394.951,20.7839,163904,3077.4,451.679,21.1268
0.0493982,0,484.434,7.79671,0.852381,-242830,-3521.85,394.915,20.7878,163851,3079.04,451.71,21.1313
0.0494082,0,484.434,7.80155,0.852459,-242872,-3524.28,394.88,20.7918,163798,3080.68,451.741,21.1358
0.0494182,0,484.434,7.80639,0.852537,-242915,-3526.71,394.845,20.7957,163745,3082.31,451.772,21.1403
0.0494282,0,484.434,7.81124,0.852615,-242958,-3529.14,394.81,20.7997,163692,3083.95,451.802,21.1449
0.0494382,0,484.434,7.81608,0.852693,-243000,-3531.56,394.774,20.8036,163639,3085.59,451.833,21.1494
0.0494482,0,484.434,7.82092,0.852772,-243043,-3533.99,394.739,20.8076,163586,3087.22,451.864,21.1539
0.0494582,0,484.434,7.82577,0.85285,-243086,-3536.43,394.704,20.8115,163532,3088.86,451.895,21.1584
0.0494682,0,484.434,7.83061,0.852928,-243129,-3538.86,394.668,20.8155,163479,3090.49,451.926,21.1629
0.0494782,0,484.434,7.83546,0.853006,-243171,-3541.29,394.633,20.8194,163426,3092.13,451.957,21.1674
0.0494882,0,484.434,7.8403,0.853085,-243214,-3543.72,394.597,20.8234,163372,3093.76,451.988,21.172
0.0494982,0,484.434,7.84514,0.853163,-243257,-3546.15,394.562,20.8273,163319,3095.4,452.019,21.1765
0.0495082,0,484.434,7.84999,0.853242,-243300,-3548.58,394.527,20.8313,163266,3097.03,452.05,21.181
0.0495182,0,484.434,7.85483,0.85332,-243342,-3551.02,394.491,20.8352,163212,3098.66,452.081,21.1855
0.0495282,0,484.434,7.85967,0.853399,-243385,-3553.45,394.456,20.8392,163159,3100.29,452.112,21.1901
0.0495382,0,484.434,7.86452,0.853477,-243428,-3555.88,394.42,20.8431,163105,3101.92,452.143,21.1946
0.0495482,0,484.434,7.86936,0.853556,-243471,-3558.32,394.384,20.847,163051,3103.55,452.174,21.1991
0.0495582,0,484.434,7.87421,0.853635,-243514,-3560.75,394.349,20.851,162998,3105.18,452.205,21.2036
0.0495682,0,484.434,7.87905,0.853714,-243557,-3563.19,394.313,20.8549,162944,3106.81,452.236,21.2081
0.0495782,0,484.434,7.88389,0.853792,-243600,-3565.62,394.278,20.8589,162890,3108.44,452.267,21.2127
0.0495882,0,484.434,7.88874,0.853871,-243643,-3568.06,394.242,20.8628,162837,3110.07,452.298,21.2172
0.0495982,0,484.434,7.89358,0.85395,-243686,-3570.49,394.206,20.8668,162783,3111.7,452.329,21.2217
0.0496082,0,484.434,7.89842,0.854029,-243729,-3572.93,394.171,20.8707,162729,3113.33,452.36,21.2262
0.0496182,0,484.434,7.90327,0.854108,-243772,-3575.37,394.135,20.8746,162675,3114.95,452.391,21.2308
0.0496282,0,484.434,7.90811,0.854187,-243815,-3577.81,394.099,20.8786,162621,3116.58,452.422,21.2353
0.0496382,0,484.434,7.91296,0.854266,-243858,-3580.24,394.063,20.8825,162567,3118.2,452.453,21.2398
0.0496482,0,484.434,7.9178,0.854345,-243901,-3582.68,394.027,20.8865,162513,3119.83,452.485,21.2443
0.0496581,0,484.434,7.92264,0.854425,-243944,-3585.12,393.992,20.8904,162459,3121.45,452.516,21.2488
0.0496681,0,484.434,7.92749,0.854504,-243987,-3587.56,393.956,20.8943,162405,3123.08,452.547,21.2534
0.0496781,0,484.434,7.93233,0.854583,-244030,-3590,393.92,20.8983,162351,3124.7,452.578,21.2579
0.0496881,0,484.434,7.93717,0.854662,-244074,-3592.44,393.884,20.9022,162297,3126.33,452.61,21.2624
0.0496981,0,484.434,7.94202,0.854742,-244117,-3594.88,393.848,20.9062,162243,3127.95,452.641,21.267
0.0497081,0,484.434,7.94686,0.854821,-244160,-3597.32,393.812,20.9101,162188,3129.57,452.672,21.2715
0.0497181,0,484.434,7.9517,0.854901,-244203,-3599.76,393.776,20.914,162134,3131.19,452.703,21.276
0.0497281,0,484.434,7.95655,0.85498,-244246,-3602.21,393.74,20.918,162080,3132.81,452.735,21.2805
0.0497381,0,484.434,7.96139,0.85506,-244290,-3604.65,393.704,20.9219,162025,3134.43,452.766,21.2851
0.0497481,0,484.434,7.96624,0.855139,-244333,-3607.09,393.668,20.9258,161971,3136.05,452.797,21.2896
0.0497581,0,484.434,7.97108,0.855219,-244376,-3609.53,393.632,20.9298,161917,3137.67,452.829,21.2941
0.0497681,0,484.434,7.97592,0.855299,-244419,-3611.98,393.596,20.9337,161862,3139.29,452.86,21.2986
0.0497781,0,484.434,7.98077,0.855379,-244463,-3614.42,393.56,20.9377,161808,3140.91,452.892,21.3032
0.0497881,0,484.434,7.98561,0.855458,-244506,-3616.87,393.524,20.9416,161753,3142.53,452.923,21.3077
0.0497981,0,484.434,7.99045,0.855538,-244550,-3619.31,393.487,20.9455,161699,3144.14,452.954,21.3122
0.0498081,0,484.434,7.9953,0.855618,-244593,-3621.76,393.451,20.9495,161644,3145.76,452.986,21.3168
0.0498181,0,484.434,8.00014,0.855698,-244636,-3624.2,393.415,20.9534,161589,3147.37,453.017,21.3213
0.0498281,0,484.434,8.00499,0.855778,-244680,-3626.65,393.379,20.9573,161535,3148.99,453.049,21.3258
0.0498381,0,484.434,8.00983,0.855858,-244723,-3629.1,393.342,20.9613,161480,3150.6,453.08,21.3304
0.0498481,0,484.434,8.01467,0.855938,-244767,-3631.54,393.306,20.9652,161425,3152.22,453.112,21.3349
0.0498581,0,484.434,8.01952,0.856019,-244810,-3633.99,393.27,20.9691,161370,3153.83,453.143,21.3394
0.0498681,0,484.434,8.02436,0.856099,-244854,-3636.44,393.233,20.9731,161315,3155.45,453.175,21.344
0.0498781,0,484.434,8.0292,0.856179,-244897,-3638.89,393.197,20.977,161261,3157.06,453.206,21.3485
0.0498881,0,484.434,8.03405,0.856259,-244941,-3641.34,393.161,20.9809,161206,3158.67,453.238,21.353
0.0498981,0,484.434,8.03889,0.85634,-244984,-3643.78,393.124,20.9849,161151,3160.28,453.27,21.3575
0.0499081,0,484.434,8.04374,0.85642,-245028,-3646.23,393.088,20.9888,161096,3161.89,453.301,21.3621
0.0499181,0,484.434,8.04858,0.856501,-245071,-3648.69,393.051,20.9927,161041,3163.5,453.333,21.3666
0.0499281,0,484.434,8.05342,0.856581,-245115,-3651.14,393.015,20.9966,160985,3165.11,453.365,21.3711
0.0499381,0,484.434,8.05827,0.856662,-245159,-3653.59,392.978,21.0006,160930,3166.72,453.396,21.3757
0.0499481,0,484.434,8.06311,0.856742,-245202,-3656.04,392.942,21.0045,160875,3168.33,453.428,21.3802
0.0499581,0,484.434,8.06795,0.856823,-245246,-3658.49,392.905,21.0084,160820,3169.94,453.459,21.3847
0.0499681,0,484.434,8.0728,0.856903,-245290,-3660.94,392.869,21.0124,160765,3171.55,453.491,21.3893
0.0499781,0,484.434,8.07764,0.856984,-245333,-3663.4,392.832,21.0163,160709,3173.16,453.523,21.3938
0.0499881,0,484.434,8.08248,0.857065,-245377,-3665.85,392.795,21.0202,160654,3174.76,453.555,21.3984
0.0499981,0,484.434,8.08733,0.857146,-245421,-3668.3,392.759,21.0241,160599,3176.37,453.586,21.4029
0.0500081,0,484.434,8.09217,0.857227,-245465,-3670.76,392.722,21.0281,160543,3177.97,453.618,21.4074
0.0500181,0,484.434,8.09702,0.857308,-245508,-3673.21,392.685,21.032,160488,3179.58,453.65,21.412
0.0500281,0,484.434,8.10186,0.857389,-245552,-3675.67,392.649,21.0359,160432,3181.18,453.682,21.4165
0.0500381,0,484.434,8.1067,0.85747,-245596,-3678.12,392.612,21.0399,160377,3182.79,453.714,21.421
0.0500481,0,484.434,8.11155,0.857551,-245640,-3680.58,392.575,21.0438,160321,3184.39,453.745,21.4256
0.0500581,0,484.434,8.11639,0.857632,-245684,-3683.03,392.538,21.0477,160266,3185.99,453.777,21.4301
0.0500681,0,484.434,8.12123,0.857713,-245728,-3685.49,392.501,21.0516,160210,3187.59,453.809,21.4347
0.0500781,0,484.434,8.12608,0.857794,-245772,-3687.95,392.464,21.0556,160154,3189.2,453.841,21.4392
0.0500881,0,484.434,8.13092,0.857876,-245815,-3690.4,392.428,21.0595,160099,3190.8,453.873,21.4437
0.0500981,0,484.434,8.13577,0.857957,-245859,-3692.86,392.391,21.0634,160043,3192.4,453.905,21.4483
0.0501081,0,484.434,8.14061,0.858038,-245903,-3695.32,392.354,21.0673,159987,3194,453.937,21.4528
0.0501181,0,484.434,8.14545,0.85812,-245947,-3697.78,392.317,21.0713,159931,3195.6,453.969,21.4573
0.0501281,0,484.434,8.1503,0.858201,-245991,-3700.24,392.28,21.0752,159876,3197.2,454.001,21.4619
0.0501381,0,484.434,8.15514,0.858283,-246035,-3702.7,392.243,21.0791,159820,3198.79,454.033,21.4664
0.0501481,0,484.434,8.15998,0.858364,-246079,-3705.16,392.206,21.083,159764,3200.39,454.065,21.471
0.0501581,0,484.434,8.16483,0.858446,-246123,-3707.62,392.169,21.0869,159708,3201.99,454.097,21.4755
0.0501681,0,484.434,8.16967,0.858528,-246167,-3710.08,392.132,21.0909,159652,3203.59,454.129,21.48
0.0501781,0,484.434,8.17451,0.858609,-246212,-3712.54,392.094,21.0948,159596,3205.18,454.161,21.4846
0.0501881,0,484.434,8.17936,0.858691,-246256,-3715.01,392.057,21.0987,159539,3206.78,454.193,21.4891
0.0501981,0,484.434,8.1842,0.858773,-246300,-3717.47,392.02,21.1026,159483,3208.37,454.225,21.4937
0.0502081,0,484.434,8.18905,0.858855,-246344,-3719.93,391.983,21.1065,159427,3209.97,454.257,21.4982
0.0502181,0,484.434,8.19389,0.858937,-246388,-3722.39,391.946,21.1105,159371,3211.56,454.289,21.5028
0.0502281,0,484.434,8.19873,0.859019,-246432,-3724.86,391.909,21.1144,159315,3213.15,454.321,21.5073
0.0502381,0,484.434,8.20358,0.859101,-246476,-3727.32,391.871,21.1183,159258,3214.75,454.353,21.5118
0.0502481,0,484.434,8.20842,0.859183,-246521,-3729.79,391.834,21.1222,159202,3216.34,454.385,21.5164
0.0502581,0,484.434,8.21326,0.859265,-246565,-3732.25,391.797,21.1261,159146,3217.93,454.418,21.5209
0.0502681,0,484.434,8.21811,0.859347,-246609,-3734.72,391.759,21.1301,159089,3219.52,454.45,21.5255
0.0502781,0,484.434,8.22295,0.859429,-246653,-3737.18,391.722,21.134,159033,3221.11,454.482,21.53
0.0502881,0,484.434,8.2278,0.859511,-246698,-3739.65,391.685,21.1379,158976,3222.7,454.514,21.5346
0.0502981,0,484.434,8.23264,0.859594,-246742,-3742.12,391.647,21.1418,158920,3224.29,454.546,21.5391
0.0503081,0,484.434,8.23748,0.859676,-246786,-3744.58,391.61,21.1457,158863,3225.88,454.579,21.5437
0.0503181,0,484.434,8.24233,0.859758,-246831,-3747.05,391.572,21.1496,158806,3227.47,454.611,21.5482
0.0503281,0,484.434,8.24717,0.859841,-246875,-3749.52,391.535,21.1536,158750,3229.05,454.643,21.5528
0.0503381,0,484.434,8.25201,0.859923,-246919,-3751.99,391.497,21.1575,158693,3230.64,454.675,21.5573
0.0503481,0,484.434,8.25686,0.860006,-246964,-3754.46,391.46,21.1614,158636,3232.23,454.708,21.5618
0.0503581,0,484.434,8.2617,0.860088,-247008,-3756.93,391.422,21.1653,158580,3233.81,454.74,21.5664
0.0503681,0,484.434,8.26654,0.860171,-247053,-3759.4,391.385,21.1692,158523,3235.4,454.772,21.5709
0.0503781,0,484.434,8.27139,0.860254,-247097,-3761.87,391.347,21.1731,158466,3236.98,454.805,21.5755
0.0503881,0,484.434,8.27623,0.860336,-247142,-3764.34,391.31,21.177,158409,3238.57,454.837,21.58
0.0503981,0,484.434,8.28108,0.860419,-247186,-3766.81,391.272,21.181,158352,3240.15,454.87,21.5846
0.0504081,0,484.434,8.28592,0.860502,-247231,-3769.28,391.234,21.1849,158295,3241.73,454.902,21.5891
0.050418,0,484.434,8.29076,0.860585,-247275,-3771.75,391.197,21.1888,158238,3243.32,454.934,21.5937
0.050428,0,484.434,8.29561,0.860668,-247320,-3774.23,391.159,21.1927,158181,3244.9,454.967,21.5982
0.050438,0,484.434,8.30045,0.860751,-247364,-3776.7,391.121,21.1966,158124,3246.48,454.999,21.6028
0.050448,0,484.434,8.30529,0.860834,-247409,-3779.17,391.083,21.2005,158067,3248.06,455.032,21.6073
0.050458,0,484.434,8.31014,0.860917,-247453,-3781.65,391.045,21.2044,158010,3249.64,455.064,21.6119
0.050468,0,484.434,8.31498,0.861,-247498,-3784.12,391.008,21.2083,157952,3251.22,455.097,21.6164
0.050478,0,484.434,8.31983,0.861083,-247543,-3786.6,390.97,21.2122,157895,3252.8,455.129,21.621
0.050488,0,484.434,8.32467,0.861166,-247587,-3789.07,390.932,21.2162,157838,3254.38,455.162,21.6255
0.050498,0,484.434,8.32951,0.86125,-247632,-3791.55,390.894,21.2201,157780,3255.96,455.194,21.6301
0.050508,0,484.434,8.33436,0.861333,-247677,-3794.02,390.856,21.224,157723,3257.53,455.227,21.6346
0.050518,0,484.434,8.3392,0.861416,-247721,-3796.5,390.818,21.2279,157666,3259.11,455.259,21.6392
0.050528,0,484.434,8.34404,0.8615,-247766,-3798.98,390.78,21.2318,157608,3260.69,455.292,21.6437
0.050538,0,484.434,8.34889,0.861583,-247811,-3801.45,390.742,21.2357,157551,3262.26,455.325,21.6483
0.050548,0,484.434,8.35373,0.861667,-247856,-3803.93,390.704,21.2396,157493,3263.84,455.357,21.6529
0.050558,0,484.434,8.35858,0.86175,-247900,-3806.41,390.666,21.2435,157436,3265.41,455.39,21.6574
0.050568,0,484.434,8.36342,0.861834,-247945,-3808.89,390.628,21.2474,157378,3266.99,455.423,21.662
0.050578,0,484.434,8.36826,0.861917,-247990,-3811.37,390.59,21.2513,157320,3268.56,455.455,21.6665
0.050588,0,484.434,8.37311,0.862001,-248035,-3813.85,390.552,21.2552,157263,3270.13,455.488,21.6711
0.050598,0,484.434,8.37795,0.862085,-248080,-3816.33,390.514,21.2591,157205,3271.7,455.521,21.6756
0.050608,0,484.434,8.38279,0.862169,-248125,-3818.81,390.475,21.263,157147,3273.28,455.553,21.6802
0.050618,0,484.434,8.38764,0.862252,-248170,-3821.29,390.437,21.2669,157089,3274.85,455.586,21.6847
0.050628,0,484.434,8.39248,0.862336,-248214,-3823.77,390.399,21.2709,157032,3276.42,455.619,21.6893
0.050638,0,484.434,8.39732,0.86242,-248259,-3826.25,390.361,21.2748,156974,3277.99,455.652,21.6938
0.050648,0,484.434,8.40217,0.862504,-248304,-3828.74,390.323,21.2787,156916,3279.56,455.684,21.6984
0.050658,0,484.434,8.40701,0.862588,-248349,-3831.22,390.284,21.2826,156858,3281.12,455.717,21.703
0.050668,0,484.434,8.41186,0.862672,-248394,-3833.7,390.246,21.2865,156800,3282.69,455.75,21.7075
0.050678,0,484.434,8.4167,0.862756,-248439,-3836.19,390.208,21.2904,156742,3284.26,455.783,21.7121
0.050688,0,484.434,8.42154,0.862841,-248484,-3838.67,390.169,21.2943,156684,3285.83,455.816,21.7166
0.050698,0,484.434,8.42639,0.862925,-248529,-3841.16,390.131,21.2982,156625,3287.39,455.849,21.7212
0.050708,0,484.434,8.43123,0.863009,-248574,-3843.64,390.092,21.3021,156567,3288.96,455.881,21.7257
0.050718,0,484.434,8.43607,0.863093,-248619,-3846.13,390.054,21.306,156509,3290.52,455.914,21.7303
0.050728,0,484.434,8.44092,0.863178,-248664,-3848.61,390.016,21.3099,156451,3292.09,455.947,21.7349
0.050738,0,484.434,8.44576,0.863262,-248710,-3851.1,389.977,21.3138,156393,3293.65,455.98,21.7394
0.050748,0,484.434,8.45061,0.863347,-248755,-3853.59,389.939,21.3177,156334,3295.22,456.013,21.744
0.050758,0,484.434,8.45545,0.863431,-248800,-3856.07,389.9,21.3216,156276,3296.78,456.046,21.7485
0.050768,0,484.434,8.46029,0.863516,-248845,-3858.56,389.861,21.3255,156217,3298.34,456.079,21.7531
0.050778,0,484.434,8.46514,0.8636,-248890,-3861.05,389.823,21.3294,156159,3299.9,456.112,21.7577
0.050788,0,484.434,8.46998,0.863685,-248935,-3863.54,389.784,21.3333,156100,3301.46,456.145,21.7622
0.050798,0,484.434,8.47482,0.86377,-248981,-3866.03,389.746,21.3372,156042,3303.02,456.178,21.7668
0.050808,0,484.434,8.47967,0.863855,-249026,-3868.52,389.707,21.3411,155983,3304.58,456.211,21.7714
0.050818,0,484.434,8.48451,0.863939,-249071,-3871.01,389.668,21.345,155925,3306.14,456.244,21.7759
0.050828,0,484.434,8.48936,0.864024,-249116,-3873.5,389.629,21.3489,155866,3307.7,456.277,21.7805
0.050838,0,484.434,8.4942,0.864109,-249162,-3875.99,389.591,21.3528,155807,3309.26,456.31,21.785
0.050848,0,484.434,8.49904,0.864194,-249207,-3878.48,389.552,21.3566,155749,3310.82,456.343,21.7896
0.050858,0,484.434,8.50389,0.864279,-249252,-3880.97,389.513,21.3605,155690,3312.38,456.376,21.7942
0.050868,0,484.434,8.50873,0.864364,-249298,-3883.47,389.474,21.3644,155631,3313.93,456.41,21.7987
0.050878,0,484.434,8.51357,0.864449,-249343,-3885.96,389.435,21.3683,155572,3315.49,456.443,21.8033
0.050888,0,484.434,8.51842,0.864534,-249388,-3888.45,389.397,21.3722,155513,3317.04,456.476,21.8079
0.050898,0,484.434,8.52326,0.86462,-249434,-3890.95,389.358,21.3761,155454,3318.6,456.509,21.8124
0.050908,0,484.434,8.5281,0.864705,-249479,-3893.44,389.319,21.38,155395,3320.15,456.542,21.817
0.050918,0,484.434,8.53295,0.86479,-249524,-3895.94,389.28,21.3839,155336,3321.71,456.576,21.8216
0.050928,0,484.434,8.53779,0.864876,-249570,-3898.43,389.241,21.3878,155277,3323.26,456.609,21.8261
0.050938,0,484.434,8.54264,0.864961,-249615,-3900.93,389.202,21.3917,155218,3324.81,456.642,21.8307
0.050948,0,484.434,8.54748,0.865046,-249661,-3903.42,389.163,21.3956,155159,3326.36,456.675,21.8353
0.050958,0,484.434,8.55232,0.865132,-249706,-3905.92,389.124,21.3995,155100,3327.91,456.708,21.8398
0.050968,0,484.434,8.55717,0.865217,-249752,-3908.42,389.085,21.4034,155041,3329.46,456.742,21.8444
0.050978,0,484.434,8.56201,0.865303,-249797,-3910.91,389.046,21.4073,154982,3331.01,456.775,21.849
0.050988,0,484.434,8.56685,0.865389,-249843,-3913.41,389.007,21.4111,154922,3332.56,456.808,21.8535
0.050998,0,484.434,8.5717,0.865474,-249888,-3915.91,388.967,21.415,154863,3334.11,456.842,21.8581
0.051008,0,484.434,8.57654,0.86556,-249934,-3918.41,388.928,21.4189,154804,3335.66,456.875,21.8627
0.051018,0,484.434,8.58138,0.865646,-249980,-3920.91,388.889,21.4228,154744,3337.21,456.908,21.8672
0.051028,0,484.434,8.58623,0.865732,-250025,-3923.41,388.85,21.4267,154685,3338.75,456.942,21.8718
0.051038,0,484.434,8.59107,0.865817,-250071,-3925.91,388.811,21.4306,154625,3340.3,456.975,21.8764
0.051048,0,484.434,8.59592,0.865903,-250117,-3928.41,388.771,21.4345,154566,3341.85,457.009,21.8809
0.051058,0,484.434,8.60076,0.865989,-250162,-3930.91,388.732,21.4384,154506,3343.39,457.042,21.8855
0.051068,0,484.434,8.6056,0.866075,-250208,-3933.41,388.693,21.4423,154446,3344.94,457.075,21.8901
0.051078,0,484.434,8.61045,0.866161,-250254,-3935.91,388.653,21.4461,154387,3346.48,457.109,21.8947
0.051088,0,484.434,8.61529,0.866248,-250299,-3938.41,388.614,21.45,154327,3348.02,457.142,21.8992
0.051098,0,484.434,8.62013,0.866334,-250345,-3940.92,388.575,21.4539,154267,3349.57,457.176,21.9038
0.051108,0,484.434,8.62498,0.86642,-250391,-3943.42,388.535,21.4578,154208,3351.11,457.209,21.9084
0.051118,0,484.434,8.62982,0.866506,-250437,-3945.92,388.496,21.4617,154148,3352.65,457.243,21.9129
0.051128,0,484.434,8.63467,0.866593,-250482,-3948.43,388.456,21.4656,154088,3354.19,457.276,21.9175
0.051138,0,484.434,8.63951,0.866679,-250528,-3950.93,388.417,21.4695,154028,3355.73,457.31,21.9221
0.051148,0,484.434,8.64435,0.866765,-250574,-3953.44,388.377,21.4733,153968,3357.27,457.344,21.9267
0.051158,0,484.434,8.6492,0.866852,-250620,-3955.94,388.338,21.4772,153908,3358.81,457.377,21.9312
0.051168,0,484.434,8.65404,0.866938,-250666,-3958.45,388.298,21.4811,153848,3360.35,457.411,21.9358
0.0511779,0,484.434,8.65888,0.867025,-250712,-3960.96,388.259,21.485,153788,3361.89,457.444,21.9404
0.0511879,0,484.434,8.66373,0.867111,-250758,-3963.46,388.219,21.4889,153728,3363.42,457.478,21.945
0.0511979,0,484.434,8.66857,0.867198,-250803,-3965.97,388.179,21.4928,153668,3364.96,457.512,21.9495
0.0512079,0,484.434,8.67342,0.867285,-250849,-3968.48,388.14,21.4966,153608,3366.5,457.545,21.9541
0.0512179,0,484.434,8.67826,0.867372,-250895,-3970.99,388.1,21.5005,153547,3368.03,457.579,21.9587
0.0512279,0,484.434,8.6831,0.867458,-250941,-3973.5,388.06,21.5044,153487,3369.57,457.613,21.9633
0.0512379,0,484.434,8.68795,0.867545,-250987,-3976.01,388.021,21.5083,153427,3371.1,457.646,21.9678
0.0512479,0,484.434,8.69279,0.867632,-251033,-3978.52,387.981,21.5122,153367,3372.64,457.68,21.9724
0.0512579,0,484.434,8.69763,0.867719,-251079,-3981.03,387.941,21.516,153306,3374.17,457.714,21.977
0.0512679,0,484.434,8.70248,0.867806,-251125,-3983.54,387.901,21.5199,153246,3375.7,457.747,21.9816
0.0512779,0,484.434,8.70732,0.867893,-251171,-3986.05,387.861,21.5238,153185,3377.23,457.781,21.9861
0.0512879,0,484.434,8.71216,0.86798,-251217,-3988.56,387.821,21.5277,153125,3378.76,457.815,21.9907
0.0512979,0,484.434,8.71701,0.868067,-251263,-3991.07,387.782,21.5315,153064,3380.3,457.849,21.9953
0.0513079,0,484.434,8.72185,0.868154,-251309,-3993.58,387.742,21.5354,153004,3381.83,457.883,21.9999
0.0513179,0,484.434,8.7267,0.868242,-251356,-3996.1,387.702,21.5393,152943,3383.35,457.916,22.0045
0.0513279,0,484.434,8.73154,0.868329,-251402,-3998.61,387.662,21.5432,152882,3384.88,457.95,22.009
0.0513379,0,484.434,8.73638,0.868416,-251448,-4001.12,387.622,21.5471,152822,3386.41,457.984,22.0136
0.0513479,0,484.434,8.74123,0.868504,-251494,-4003.64,387.582,21.5509,152761,3387.94,458.018,22.0182
0.0513579,0,484.434,8.74607,0.868591,-251540,-4006.15,387.542,21.5548,152700,3389.47,458.052,22.0228
0.0513679,0,484.434,8.75091,0.868679,-251586,-4008.67,387.502,21.5587,152639,3390.99,458.086,22.0274
0.0513779,0,484.434,8.75576,0.868766,-251633,-4011.18,387.462,21.5626,152578,3392.52,458.12,22.0319
0.0513879,0,484.434,8.7606,0.868854,-251679,-4013.7,387.421,21.5664,152518,3394.04,458.154,22.0365
0.0513979,0,484.434,8.76545,0.868941,-251725,-4016.22,387.381,21.5703,152457,3395.57,458.187,22.0411
0.0514079,0,484.434,8.77029,0.869029,-251771,-4018.73,387.341,21.5742,152396,3397.09,458.221,22.0457
0.0514179,0,484.434,8.77513,0.869117,-251818,-4021.25,387.301,21.5781,152335,3398.62,458.255,22.0503
0.0514279,0,484.434,8.77998,0.869204,-251864,-4023.77,387.261,21.5819,152274,3400.14,458.289,22.0548
0.0514379,0,484.434,8.78482,0.869292,-251910,-4026.29,387.22,21.5858,152212,3401.66,458.323,22.0594
0.0514479,0,484.434,8.78966,0.86938,-251957,-4028.81,387.18,21.5897,152151,3403.18,458.357,22.064
0.0514579,0,484.434,8.79451,0.869468,-252003,-4031.33,387.14,21.5935,152090,3404.7,458.391,22.0686
0.0514679,0,484.434,8.79935,0.869556,-252049,-4033.85,387.1,21.5974,152029,3406.22,458.426,22.0732
0.0514779,0,484.434,8.8042,0.869644,-252096,-4036.37,387.059,21.6013,151968,3407.74,458.46,22.0778
0.0514879,0,484.434,8.80904,0.869732,-252142,-4038.89,387.019,21.6052,151906,3409.26,458.494,22.0823
0.0514979,0,484.434,8.81388,0.86982,-252189,-4041.41,386.978,21.609,151845,3410.78,458.528,22.0869
0.0515079,0,484.434,8.81873,0.869908,-252235,-4043.93,386.938,21.6129,151783,3412.3,458.562,22.0915
0.0515179,0,484.434,8.82357,0.869996,-252281,-4046.45,386.898,21.6168,151722,3413.82,458.596,22.0961
0.0515279,0,484.434,8.82841,0.870085,-252328,-4048.98,386.857,21.6206,151661,3415.33,458.63,22.1007
0.0515379,0,484.434,8.83326,0.870173,-252374,-4051.5,386.817,21.6245,151599,3416.85,458.664,22.1053
0.0515479,0,484.434,8.8381,0.870261,-252421,-4054.02,386.776,21.6284,151537,3418.37,458.698,22.1099
0.0515579,0,484.434,8.84295,0.87035,-252467,-4056.55,386.735,21.6322,151476,3419.88,458.733,22.1145
0.0515679,0,484.434,8.84779,0.870438,-252514,-4059.07,386.695,21.6361,151414,3421.4,458.767,22.119
0.0515779,0,484.434,8.85263,0.870527,-252560,-4061.6,386.654,21.64,151353,3422.91,458.801,22.1236
0.0515879,0,484.434,8.85748,0.870615,-252607,-4064.12,386.614,21.6438,151291,3424.42,458.835,22.1282
0.0515979,0,484.434,8.86232,0.870704,-252654,-4066.65,386.573,21.6477,151229,3425.93,458.87,22.1328
0.0516079,0,484.434,8.86716,0.870792,-252700,-4069.18,386.532,21.6516,151167,3427.45,458.904,22.1374
0.0516179,0,484.434,8.87201,0.870881,-252747,-4071.7,386.492,21.6554,151105,3428.96,458.938,22.142
0.0516279,0,484.434,8.87685,0.87097,-252793,-4074.23,386.451,21.6593,151044,3430.47,458.972,22.1466
0.0516379,0,484.434,8.88169,0.871059,-252840,-4076.76,386.41,21.6632,150982,3431.98,459.007,22.1512
0.0516479,0,484.434,8.88654,0.871147,-252887,-4079.29,386.369,21.667,150920,3433.49,459.041,22.1558
0.0516579,0,484.434,8.89138,0.871236,-252933,-4081.81,386.329,21.6709,150858,3435,459.075,22.1603
0.0516679,0,484.434,8.89622,0.871325,-252980,-4084.34,386.288,21.6748,150796,3436.5,459.11,22.1649
0.0516779,0,484.434,8.90107,0.871414,-253027,-4086.87,386.247,21.6786,150734,3438.01,459.144,22.1695
0.0516879,0,484.434,8.90591,0.871503,-253074,-4089.4,386.206,21.6825,150671,3439.52,459.178,22.1741
0.0516979,0,484.434,8.91076,0.871592,-253120,-4091.93,386.165,21.6863,150609,3441.02,459.213,22.1787
0.0517079,0,484.434,8.9156,0.871681,-253167,-4094.46,386.124,21.6902,150547,3442.53,459.247,22.1833
0.0517179,0,484.434,8.92044,0.871771,-253214,-4097,386.083,21.6941,150485,3444.03,459.282,22.1879
0.0517279,0,484.434,8.92529,0.87186,-253261,-4099.53,386.042,21.6979,150422,3445.54,459.316,22.1925
0.0517379,0,484.434,8.93013,0.871949,-253307,-4102.06,386.001,21.7018,150360,3447.04,459.351,22.1971
0.0517479,0,484.434,8.93497,0.872038,-253354,-4104.59,385.96,21.7056,150298,3448.55,459.385,22.2017
0.0517579,0,484.434,8.93982,0.872128,-253401,-4107.13,385.919,21.7095,150235,3450.05,459.42,22.2063
0.0517679,0,484.434,8.94466,0.872217,-253448,-4109.66,385.878,21.7134,150173,3451.55,459.454,22.2109
0.0517779,0,484.434,8.94951,0.872307,-253495,-4112.2,385.837,21.7172,150110,3453.05,459.489,22.2155
0.0517879,0,484.434,8.95435,0.872396,-253542,-4114.73,385.796,21.7211,150048,3454.55,459.523,22.2201
0.0517979,0,484.434,8.95919,0.872486,-253589,-4117.27,385.755,21.7249,149985,3456.05,459.558,22.2246
0.0518079,0,484.434,8.96404,0.872575,-253636,-4119.8,385.714,21.7288,149923,3457.55,459.592,22.2292
0.0518179,0,484.434,8.96888,0.872665,-253683,-4122.34,385.672,21.7327,149860,3459.05,459.627,22.2338
0.0518279,0,484.434,8.97372,0.872755,-253729,-4124.87,385.631,21.7365,149797,3460.55,459.661,22.2384
0.0518379,0,484.434,8.97857,0.872844,-253776,-4127.41,385.59,21.7404,149734,3462.05,459.696,22.243
0.0518479,0,484.434,8.98341,0.872934,-253823,-4129.95,385.549,21.7442,149672,3463.54,459.731,22.2476
0.0518579,0,484.434,8.98826,0.873024,-253870,-4132.49,385.507,21.7481,149609,3465.04,459.765,22.2522
0.0518679,0,484.434,8.9931,0.873114,-253917,-4135.03,385.466,21.7519,149546,3466.53,459.8,22.2568
0.0518779,0,484.434,8.99794,0.873204,-253965,-4137.57,385.425,21.7558,149483,3468.03,459.835,22.2614
0.0518879,0,484.434,9.00279,0.873294,-254012,-4140.1,385.383,21.7596,149420,3469.52,459.869,22.266
0.0518979,0,484.434,9.00763,0.873384,-254059,-4142.65,385.342,21.7635,149357,3471.02,459.904,22.2706
0.0519079,0,484.434,9.01247,0.873474,-254106,-4145.19,385.3,21.7673,149294,3472.51,459.939,22.2752
0.0519179,0,484.434,9.01732,0.873564,-254153,-4147.73,385.259,21.7712,149231,3474,459.973,22.2798
0.0519278,0,484.434,9.02216,0.873654,-254200,-4150.27,385.217,21.775,149168,3475.49,460.008,22.2844
0.0519378,0,484.434,9.02701,0.873745,-254247,-4152.81,385.176,21.7789,149105,3476.99,460.043,22.289
0.0519478,0,484.434,9.03185,0.873835,-254294,-4155.35,385.134,21.7828,149042,3478.48,460.078,22.2936
0.0519578,0,484.434,9.03669,0.873925,-254341,-4157.9,385.093,21.7866,148978,3479.97,460.112,22.2982
0.0519678,0,484.434,9.04154,0.874016,-254389,-4160.44,385.051,21.7905,148915,3481.46,460.147,22.3028
0.0519778,0,484.434,9.04638,0.874106,-254436,-4162.98,385.01,21.7943,148852,3482.94,460.182,22.3074
0.0519878,0,484.434,9.05122,0.874196,-254483,-4165.53,384.968,21.7982,148788,3484.43,460.217,22.312
0.0519978,0,484.434,9.05607,0.874287,-254530,-4168.07,384.926,21.802,148725,3485.92,460.252,22.3166
0.0520078,0,484.434,9.06091,0.874378,-254577,-4170.62,384.885,21.8059,148662,3487.41,460.287,22.3212
0.0520178,0,484.434,9.06575,0.874468,-254625,-4173.16,384.843,21.8097,148598,3488.89,460.322,22.3258
0.0520278,0,484.434,9.0706,0.874559,-254672,-4175.71,384.801,21.8136,148534,3490.38,460.356,22.3304
0.0520378,0,484.434,9.07544,0.87465,-254719,-4178.25,384.759,21.8174,148471,3491.86,460.391,22.335
0.0520478,0,484.434,9.08029,0.87474,-254767,-4180.8,384.718,21.8212,148407,3493.35,460.426,22.3396
0.0520578,0,484.434,9.08513,0.874831,-254814,-4183.35,384.676,21.8251,148344,3494.83,460.461,22.3442
0.0520678,0,484.434,9.08997,0.874922,-254861,-4185.9,384.634,21.8289,148280,3496.31,460.496,22.3489
0.0520778,0,484.434,9.09482,0.875013,-254909,-4188.45,384.592,21.8328,148216,3497.8,460.531,22.3535
0.0520878,0,484.434,9.09966,0.875104,-254956,-4190.99,384.55,21.8366,148152,3499.28,460.566,22.3581
0.0520978,0,484.434,9.1045,0.875195,-255003,-4193.54,384.508,21.8405,148089,3500.76,460.601,22.3627
0.0521078,0,484.434,9.10935,0.875286,-255051,-4196.09,384.466,21.8443,148025,3502.24,460.636,22.3673
0.0521178,0,484.434,9.11419,0.875377,-255098,-4198.64,384.424,21.8482,147961,3503.72,460.671,22.3719
0.0521278,0,484.434,9.11904,0.875468,-255146,-4201.2,384.382,21.852,147897,3505.2,460.706,22.3765
0.0521378,0,484.434,9.12388,0.875559,-255193,-4203.75,384.34,21.8559,147833,3506.68,460.741,22.3811
0.0521478,0,484.434,9.12872,0.875651,-255240,-4206.3,384.298,21.8597,147769,3508.15,460.776,22.3857
0.0521578,0,484.434,9.13357,0.875742,-255288,-4208.85,384.256,21.8635,147705,3509.63,460.811,22.3903
0.0521678,0,484.434,9.13841,0.875833,-255335,-4211.4,384.214,21.8674,147641,3511.11,460.846,22.3949
0.0521778,0,484.434,9.14325,0.875925,-255383,-4213.96,384.172,21.8712,147577,3512.58,460.882,22.3995
0.0521878,0,484.434,9.1481,0.876016,-255430,-4216.51,384.13,21.8751,147512,3514.06,460.917,22.4041
0.0521978,0,484.434,9.15294,0.876108,-255478,-4219.07,384.088,21.8789,147448,3515.53,460.952,22.4087
0.0522078,0,484.434,9.15779,0.876199,-255526,-4221.62,384.046,21.8827,147384,3517.01,460.987,22.4134
0.0522178,0,484.434,9.16263,0.876291,-255573,-4224.17,384.003,21.8866,147320,3518.48,461.022,22.418
0.0522278,0,484.434,9.16747,0.876382,-255621,-4226.73,383.961,21.8904,147255,3519.95,461.057,22.4226
0.0522378,0,484.434,9.17232,0.876474,-255668,-4229.29,383.919,21.8943,147191,3521.42,461.093,22.4272
0.0522478,0,484.434,9.17716,0.876566,-255716,-4231.84,383.876,21.8981,147126,3522.9,461.128,22.4318
0.0522578,0,484.434,9.182,0.876658,-255764,-4234.4,383.834,21.9019,147062,3524.37,461.163,22.4364
0.0522678,0,484.434,9.18685,0.876749,-255811,-4236.96,383.792,21.9058,146997,3525.84,461.198,22.441
0.0522778,0,484.434,9.19169,0.876841,-255859,-4239.52,383.749,21.9096,146933,3527.31,461.234,22.4456
0.0522878,0,484.434,9.19654,0.876933,-255907,-4242.07,383.707,21.9135,146868,3528.78,461.269,22.4502
0.0522978,0,484.434,9.20138,0.877025,-255954,-4244.63,383.665,21.9173,146804,3530.24,461.304,22.4549
0.0523078,0,484.434,9.20622,0.877117,-256002,-4247.19,383.622,21.9211,146739,3531.71,461.339,22.4595
0.0523178,0,484.434,9.21107,0.877209,-256050,-4249.75,383.58,21.925,146674,3533.18,461.375,22.4641
0.0523278,0,484.434,9.21591,0.877301,-256098,-4252.31,383.537,21.9288,146609,3534.64,461.41,22.4687
0.0523378,0,484.434,9.22075,0.877394,-256145,-4254.87,383.495,21.9326,146545,3536.11,461.445,22.4733
0.0523478,0,484.434,9.2256,0.877486,-256193,-4257.44,383.452,21.9365,146480,3537.57,461.481,22.4779
0.0523578,0,484.434,9.23044,0.877578,-256241,-4260,383.41,21.9403,146415,3539.04,461.516,22.4825
0.0523678,0,484.434,9.23528,0.87767,-256289,-4262.56,383.367,21.9441,146350,3540.5,461.552,22.4872
0.0523778,0,484.434,9.24013,0.877763,-256336,-4265.12,383.324,21.948,146285,3541.97,461.587,22.4918
0.0523878,0,484.434,9.24497,0.877855,-256384,-4267.69,383.282,21.9518,146220,3543.43,461.622,22.4964
0.0523978,0,484.434,9.24981,0.877948,-256432,-4270.25,383.239,21.9556,146155,3544.89,461.658,22.501
0.0524078,0,484.434,9.25466,0.87804,-256480,-4272.81,383.196,21.9595,146090,3546.35,461.693,22.5056
0.0524178,0,484.434,9.2595,0.878133,-256528,-4275.38,383.154,21.9633,146025,3547.81,461.729,22.5102
0.0524278,0,484.434,9.26435,0.878225,-256576,-4277.94,383.111,21.9671,145959,3549.27,461.764,22.5149
0.0524378,0,484.434,9.26919,0.878318,-256624,-4280.51,383.068,21.971,145894,3550.73,461.8,22.5195
0.0524478,0,484.434,9.27403,0.878411,-256672,-4283.08,383.025,21.9748,145829,3552.19,461.835,22.5241
0.0524578,0,484.434,9.27888,0.878504,-256720,-4285.64,382.982,21.9786,145764,3553.65,461.871,22.5287
0.0524678,0,484.434,9.28372,0.878596,-256768,-4288.21,382.939,21.9825,145698,3555.1,461.906,22.5333
0.0524778,0,484.434,9.28856,0.878689,-256816,-4290.78,382.897,21.9863,145633,3556.56,461.942,22.538
0.0524878,0,484.434,9.29341,0.878782,-256863,-4293.34,382.854,21.9901,145567,3558.02,461.977,22.5426
0.0524978,0,484.434,9.29825,0.878875,-256911,-4295.91,382.811,21.9939,145502,3559.47,462.013,22.5472
0.0525078,0,484.434,9.3031,0.878968,-256960,-4298.48,382.768,21.9978,145436,3560.93,462.049,22.5518
0.0525178,0,484.434,9.30794,0.879061,-257008,-4301.05,382.725,22.0016,145371,3562.38,462.084,22.5564
0.0525278,0,484.434,9.31278,0.879154,-257056,-4303.62,382.682,22.0054,145305,3563.83,462.12,22.5611
0.0525378,0,484.434,9.31763,0.879247,-257104,-4306.19,382.639,22.0092,145240,3565.28,462.155,22.5657
0.0525478,0,484.434,9.32247,0.87934,-257152,-4308.76,382.596,22.0131,145174,3566.74,462.191,22.5703
0.0525578,0,484.434,9.32731,0.879434,-257200,-4311.33,382.553,22.0169,145108,3568.19,462.227,22.5749
0.0525678,0,484.434,9.33216,0.879527,-257248,-4313.91,382.509,22.0207,145042,3569.64,462.262,22.5795
0.0525778,0,484.434,9.337,0.87962,-257296,-4316.48,382.466,22.0246,144977,3571.09,462.298,22.5842
0.0525878,0,484.434,9.34185,0.879714,-257344,-4319.05,382.423,22.0284,144911,3572.54,462.334,22.5888
0.0525978,0,484.434,9.34669,0.879807,-257392,-4321.62,382.38,22.0322,144845,3573.99,462.37,22.5934
0.0526078,0,484.434,9.35153,0.879901,-257440,-4324.2,382.337,22.036,144779,3575.43,462.405,22.598
0.0526178,0,484.434,9.35638,0.879994,-257489,-4326.77,382.293,22.0398,144713,3576.88,462.441,22.6027
0.0526278,0,484.434,9.36122,0.880088,-257537,-4329.35,382.25,22.0437,144647,3578.33,462.477,22.6073
0.0526378,0,484.434,9.36606,0.880181,-257585,-4331.92,382.207,22.0475,144581,3579.77,462.513,22.6119
0.0526478,0,484.434,9.37091,0.880275,-257633,-4334.5,382.164,22.0513,144515,3581.22,462.548,22.6165
0.0526578,0,484.434,9.37575,0.880369,-257682,-4337.08,382.12,22.0551,144449,3582.66,462.584,22.6212
0.0526678,0,484.434,9.3806,0.880462,-257730,-4339.65,382.077,22.059,144382,3584.11,462.62,22.6258
0.0526778,0,484.434,9.38544,0.880556,-257778,-4342.23,382.033,22.0628,144316,3585.55,462.656,22.6304
0.0526877,0,484.434,9.39028,0.88065,-257826,-4344.81,381.99,22.0666,144250,3586.99,462.692,22.635
0.0526977,0,484.434,9.39513,0.880744,-257875,-4347.38,381.947,22.0704,144184,3588.44,462.728,22.6397
0.0527077,0,484.434,9.39997,0.880838,-257923,-4349.96,381.903,22.0742,144117,3589.88,462.764,22.6443
0.0527177,0,484.434,9.40481,0.880932,-257971,-4352.54,381.86,22.0781,144051,3591.32,462.799,22.6489
0.0527277,0,484.434,9.40966,0.881026,-258020,-4355.12,381.816,22.0819,143984,3592.76,462.835,22.6535
0.0527377,0,484.434,9.4145,0.88112,-258068,-4357.7,381.772,22.0857,143918,3594.2,462.871,22.6582
0.0527477,0,484.434,9.41934,0.881214,-258116,-4360.28,381.729,22.0895,143851,3595.64,462.907,22.6628
0.0527577,0,484.434,9.42419,0.881309,-258165,-4362.86,381.685,22.0933,143785,3597.07,462.943,22.6674
0.0527677,0,484.434,9.42903,0.881403,-258213,-4365.45,381.642,22.0971,143718,3598.51,462.979,22.6721
0.0527777,0,484.434,9.43388,0.881497,-258262,-4368.03,381.598,22.101,143651,3599.95,463.015,22.6767
0.0527877,0,484.434,9.43872,0.881591,-258310,-4370.61,381.554,22.1048,143585,3601.38,463.051,22.6813
0.0527977,0,484.434,9.44356,0.881686,-258358,-4373.19,381.511,22.1086,143518,3602.82,463.087,22.686
0.0528077,0,484.434,9.44841,0.88178,-258407,-4375.78,381.467,22.1124,143451,3604.25,463.123,22.6906
0.0528177,0,484.434,9.45325,0.881875,-258455,-4378.36,381.423,22.1162,143384,3605.69,463.159,22.6952
0.0528277,0,484.434,9.45809,0.881969,-258504,-4380.94,381.379,22.12,143318,3607.12,463.195,22.6999
0.0528377,0,484.434,9.46294,0.882064,-258552,-4383.53,381.335,22.1238,143251,3608.55,463.231,22.7045
0.0528477,0,484.434,9.46778,0.882159,-258601,-4386.12,381.292,22.1277,143184,3609.99,463.267,22.7091
0.0528577,0,484.434,9.47263,0.882253,-258649,-4388.7,381.248,22.1315,143117,3611.42,463.304,22.7137
0.0528677,0,484.434,9.47747,0.882348,-258698,-4391.29,381.204,22.1353,143050,3612.85,463.34,22.7184
0.0528777,0,484.434,9.48231,0.882443,-258747,-4393.87,381.16,22.1391,142983,3614.28,463.376,22.723
0.0528877,0,484.434,9.48716,0.882538,-258795,-4396.46,381.116,22.1429,142915,3615.71,463.412,22.7276
0.0528977,0,484.434,9.492,0.882632,-258844,-4399.05,381.072,22.1467,142848,3617.14,463.448,22.7323
0.0529077,0,484.434,9.49684,0.882727,-258892,-4401.64,381.028,22.1505,142781,3618.56,463.484,22.7369
0.0529177,0,484.434,9.50169,0.882822,-258941,-4404.23,380.984,22.1543,142714,3619.99,463.52,22.7416
0.0529277,0,484.434,9.50653,0.882917,-258990,-4406.82,380.94,22.1581,142647,3621.42,463.557,22.7462
0.0529377,0,484.434,9.51138,0.883013,-259038,-4409.41,380.896,22.162,142579,3622.84,463.593,22.7508
0.0529477,0,484.434,9.51622,0.883108,-259087,-4412,380.852,22.1658,142512,3624.27,463.629,22.7555
0.0529577,0,484.434,9.52106,0.883203,-259136,-4414.59,380.808,22.1696,142444,3625.69,463.665,22.7601
0.0529677,0,484.434,9.52591,0.883298,-259184,-4417.18,380.763,22.1734,142377,3627.12,463.702,22.7647
0.0529777,0,484.434,9.53075,0.883393,-259233,-4419.77,380.719,22.1772,142310,3628.54,463.738,22.7694
0.0529877,0,484.434,9.53559,0.883489,-259282,-4422.36,380.675,22.181,142242,3629.96,463.774,22.774
0.0529977,0,484.434,9.54044,0.883584,-259330,-4424.96,380.631,22.1848,142174,3631.38,463.81,22.7786
0.0530077,0,484.434,9.54528,0.883679,-259379,-4427.55,380.587,22.1886,142107,3632.81,463.847,22.7833
0.0530177,0,484.434,9.55013,0.883775,-259428,-4430.14,380.542,22.1924,142039,3634.23,463.883,22.7879
0.0530277,0,484.434,9.55497,0.88387,-259477,-4432.74,380.498,22.1962,141971,3635.65,463.919,22.7926
0.0530377,0,484.434,9.55981,0.883966,-259526,-4435.33,380.454,22.2,141904,3637.07,463.956,22.7972
0.0530477,0,484.434,9.56466,0.884062,-259574,-4437.93,380.409,22.2038,141836,3638.48,463.992,22.8018
0.0530577,0,484.434,9.5695,0.884157,-259623,-4440.52,380.365,22.2076,141768,3639.9,464.029,22.8065
0.0530677,0,484.434,9.57434,0.884253,-259672,-4443.12,380.32,22.2114,141700,3641.32,464.065,22.8111
0.0530777,0,484.434,9.57919,0.884349,-259721,-4445.71,380.276,22.2152,141632,3642.74,464.101,22.8158
0.0530877,0,484.434,9.58403,0.884444,-259770,-4448.31,380.232,22.219,141564,3644.15,464.138,22.8204
0.0530977,0,484.434,9.58887,0.88454,-259819,-4450.91,380.187,22.2228,141496,3645.57,464.174,22.825
0.0531077,0,484.434,9.59372,0.884636,-259867,-4453.51,380.143,22.2266,141428,3646.98,464.211,22.8297
0.0531177,0,484.434,9.59856,0.884732,-259916,-4456.11,380.098,22.2304,141360,3648.39,464.247,22.8343
0.0531277,0,484.434,9.6034,0.884828,-259965,-4458.7,380.053,22.2342,141292,3649.81,464.284,22.839
0.0531377,0,484.434,9.60825,0.884924,-260014,-4461.3,380.009,22.238,141224,3651.22,464.32,22.8436
0.0531477,0,484.434,9.61309,0.88502,-260063,-4463.9,379.964,22.2418,141156,3652.63,464.357,22.8483
0.0531577,0,484.434,9.61794,0.885116,-260112,-4466.5,379.92,22.2456,141087,3654.04,464.393,22.8529
0.0531677,0,484.434,9.62278,0.885213,-260161,-4469.11,379.875,22.2494,141019,3655.45,464.43,22.8575
0.0531777,0,484.434,9.62762,0.885309,-260210,-4471.71,379.83,22.2532,140951,3656.86,464.466,22.8622
0.0531877,0,484.434,9.63247,0.885405,-260259,-4474.31,379.786,22.257,140882,3658.27,464.503,22.8668
0.0531977,0,484.434,9.63731,0.885502,-260308,-4476.91,379.741,22.2608,140814,3659.68,464.539,22.8715
0.0532077,0,484.434,9.64215,0.885598,-260357,-4479.51,379.696,22.2646,140745,3661.09,464.576,22.8761
0.0532177,0,484.434,9.647,0.885694,-260406,-4482.12,379.651,22.2684,140677,3662.49,464.613,22.8808
0.0532277,0,484.434,9.65184,0.885791,-260455,-4484.72,379.606,22.2722,140608,3663.9,464.649,22.8854
0.0532377,0,484.434,9.65669,0.885887,-260504,-4487.33,379.561,22.276,140540,3665.31,464.686,22.8901
0.0532477,0,484.434,9.66153,0.885984,-260553,-4489.93,379.517,22.2798,140471,3666.71,464.723,22.8947
0.0532577,0,484.434,9.66637,0.886081,-260602,-4492.54,379.472,22.2836,140402,3668.12,464.759,22.8994
0.0532677,0,484.434,9.67122,0.886177,-260652,-4495.14,379.427,22.2874,140334,3669.52,464.796,22.904
0.0532777,0,484.434,9.67606,0.886274,-260701,-4497.75,379.382,22.2912,140265,3670.92,464.833,22.9087
0.0532877,0,484.434,9.6809,0.886371,-260750,-4500.36,379.337,22.295,140196,3672.32,464.869,22.9133
0.0532977,0,484.434,9.68575,0.886468,-260799,-4502.96,379.292,22.2988,140127,3673.72,464.906,22.918
0.0533077,0,484.434,9.69059,0.886564,-260848,-4505.57,379.247,22.3026,140058,3675.13,464.943,22.9226
0.0533177,0,484.434,9.69544,0.886661,-260897,-4508.18,379.202,22.3064,139989,3676.53,464.98,22.9273
0.0533277,0,484.434,9.70028,0.886758,-260947,-4510.79,379.157,22.3102,139920,3677.93,465.016,22.9319
0.0533377,0,484.434,9.70512,0.886855,-260996,-4513.4,379.112,22.314,139851,3679.32,465.053,22.9366
0.0533477,0,484.434,9.70997,0.886952,-261045,-4516.01,379.066,22.3178,139782,3680.72,465.09,22.9412
0.0533577,0,484.434,9.71481,0.887049,-261094,-4518.62,379.021,22.3215,139713,3682.12,465.127,22.9459
0.0533677,0,484.434,9.71965,0.887147,-261143,-4521.23,378.976,22.3253,139644,3683.52,465.164,22.9505
0.0533777,0,484.434,9.7245,0.887244,-261193,-4523.84,378.931,22.3291,139575,3684.91,465.2,22.9552
0.0533877,0,484.434,9.72934,0.887341,-261242,-4526.45,378.886,22.3329,139506,3686.31,465.237,22.9598
0.0533977,0,484.434,9.73419,0.887438,-261291,-4529.06,378.84,22.3367,139436,3687.7,465.274,22.9645
0.0534077,0,484.434,9.73903,0.887536,-261341,-4531.68,378.795,22.3405,139367,3689.1,465.311,22.9691
0.0534177,0,484.434,9.74387,0.887633,-261390,-4534.29,378.75,22.3443,139298,3690.49,465.348,22.9738
0.0534277,0,484.434,9.74872,0.887731,-261439,-4536.9,378.704,22.3481,139228,3691.88,465.385,22.9784
0.0534377,0,484.434,9.75356,0.887828,-261489,-4539.52,378.659,22.3518,139159,3693.27,465.422,22.9831
0.0534476,0,484.434,9.7584,0.887926,-261538,-4542.13,378.614,22.3556,139089,3694.66,465.459,22.9877
0.0534576,0,484.434,9.76325,0.888023,-261587,-4544.75,378.568,22.3594,139020,3696.05,465.496,22.9924
0.0534676,0,484.434,9.76809,0.888121,-261637,-4547.36,378.523,22.3632,138950,3697.44,465.533,22.997
0.0534776,0,484.434,9.77293,0.888219,-261686,-4549.98,378.477,22.367,138880,3698.83,465.57,23.0017
0.0534876,0,484.434,9.77778,0.888316,-261735,-4552.6,378.432,22.3708,138811,3700.22,465.607,23.0064
0.0534976,0,484.434,9.78262,0.888414,-261785,-4555.22,378.386,22.3746,138741,3701.61,465.644,23.011
0.0535076,0,484.434,9.78747,0.888512,-261834,-4557.83,378.341,22.3783,138671,3703,465.681,23.0157
0.0535176,0,484.434,9.79231,0.88861,-261884,-4560.45,378.295,22.3821,138601,3704.38,465.718,23.0203
0.0535276,0,484.434,9.79715,0.888708,-261933,-4563.07,378.249,22.3859,138532,3705.77,465.755,23.025
0.0535376,0,484.434,9.802,0.888806,-261983,-4565.69,378.204,22.3897,138462,3707.15,465.792,23.0296
0.0535476,0,484.434,9.80684,0.888904,-262032,-4568.31,378.158,22.3935,138392,3708.54,465.829,23.0343
0.0535576,0,484.434,9.81168,0.889002,-262082,-4570.93,378.112,22.3973,138322,3709.92,465.866,23.039
0.0535676,0,484.434,9.81653,0.8891,-262131,-4573.55,378.067,22.401,138252,3711.3,465.903,23.0436
0.0535776,0,484.434,9.82137,0.889198,-262181,-4576.17,378.021,22.4048,138182,3712.68,465.94,23.0483
0.0535876,0,484.434,9.82622,0.889296,-262230,-4578.79,377.975,22.4086,138112,3714.07,465.977,23.0529
0.0535976,0,484.434,9.83106,0.889395,-262280,-4581.41,377.929,22.4124,138042,3715.45,466.014,23.0576
0.0536076,0,484.434,9.8359,0.889493,-262329,-4584.04,377.884,22.4162,137971,3716.83,466.052,23.0623
0.0536176,0,484.434,9.84075,0.889591,-262379,-4586.66,377.838,22.4199,137901,3718.2,466.089,23.0669
0.0536276,0,484.434,9.84559,0.88969,-262429,-4589.28,377.792,22.4237,137831,3719.58,466.126,23.0716
0.0536376,0,484.434,9.85043,0.889788,-262478,-4591.91,377.746,22.4275,137761,3720.96,466.163,23.0762
0.0536476,0,484.434,9.85528,0.889887,-262528,-4594.53,377.7,22.4313,137690,3722.34,466.2,23.0809
0.0536576,0,484.434,9.86012,0.889985,-262577,-4597.16,377.654,22.435,137620,3723.71,466.238,23.0856
0.0536676,0,484.434,9.86497,0.890084,-262627,-4599.78,377.608,22.4388,137549,3725.09,466.275,23.0902
0.0536776,0,484.434,9.86981,0.890183,-262677,-4602.41,377.562,22.4426,137479,3726.47,466.312,23.0949
0.0536876,0,484.434,9.87465,0.890281,-262726,-4605.04,377.516,22.4464,137408,3727.84,466.349,23.0996
0.0536976,0,484.434,9.8795,0.89038,-262776,-4607.66,377.47,22.4501,137338,3729.21,466.387,23.1042
0.0537076,0,484.434,9.88434,0.890479,-262826,-4610.29,377.424,22.4539,137267,3730.59,466.424,23.1089
0.0537176,0,484.434,9.88918,0.890578,-262876,-4612.92,377.378,22.4577,137196,3731.96,466.461,23.1135
0.0537276,0,484.434,9.89403,0.890677,-262925,-4615.55,377.332,22.4615,137126,3733.33,466.498,23.1182
0.0537376,0,484.434,9.89887,0.890776,-262975,-4618.18,377.285,22.4652,137055,3734.7,466.536,23.1229
0.0537476,0,484.434,9.90372,0.890875,-263025,-4620.81,377.239,22.469,136984,3736.07,466.573,23.1275
0.0537576,0,484.434,9.90856,0.890974,-263074,-4623.44,377.193,22.4728,136913,3737.44,466.611,23.1322
0.0537676,0,484.434,9.9134,0.891073,-263124,-4626.07,377.147,22.4766,136843,3738.81,466.648,23.1369
0.0537776,0,484.434,9.91825,0.891172,-263174,-4628.7,377.101,22.4803,136772,3740.18,466.685,23.1415
0.0537876,0,484.434,9.92309,0.891271,-263224,-4631.33,377.054,22.4841,136701,3741.54,466.723,23.1462
0.0537976,0,484.434,9.92793,0.89137,-263274,-4633.96,377.008,22.4879,136630,3742.91,466.76,23.1509
0.0538076,0,484.434,9.93278,0.89147,-263324,-4636.6,376.962,22.4916,136559,3744.28,466.798,23.1555
0.0538176,0,484.434,9.93762,0.891569,-263373,-4639.23,376.915,22.4954,136488,3745.64,466.835,23.1602
0.0538276,0,484.434,9.94246,0.891668,-263423,-4641.86,376.869,22.4992,136416,3747,466.872,23.1649
0.0538376,0,484.434,9.94731,0.891768,-263473,-4644.5,376.822,22.5029,136345,3748.37,466.91,23.1695
0.0538476,0,484.434,9.95215,0.891867,-263523,-4647.13,376.776,22.5067,136274,3749.73,466.947,23.1742
0.0538576,0,484.434,9.957,0.891967,-263573,-4649.77,376.729,22.5105,136203,3751.09,466.985,23.1789
0.0538676,0,484.434,9.96184,0.892066,-263623,-4652.4,376.683,22.5142,136131,3752.46,467.022,23.1836
0.0538776,0,484.434,9.96668,0.892166,-263673,-4655.04,376.636,22.518,136060,3753.82,467.06,23.1882
0.0538876,0,484.434,9.97153,0.892266,-263723,-4657.67,376.59,22.5218,135989,3755.18,467.097,23.1929
0.0538976,0,484.434,9.97637,0.892365,-263773,-4660.31,376.543,22.5255,135917,3756.53,467.135,23.1976
0.0539076,0,484.434,9.98121,0.892465,-263822,-4662.95,376.497,22.5293,135846,3757.89,467.173,23.2022
0.0539176,0,484.434,9.98606,0.892565,-263872,-4665.59,376.45,22.5331,135774,3759.25,467.21,23.2069
0.0539276,0,484.434,9.9909,0.892665,-263922,-4668.23,376.403,22.5368,135703,3760.61,467.248,23.2116
0.0539376,0,484.434,9.99574,0.892765,-263972,-4670.87,376.357,22.5406,135631,3761.97,467.285,23.2163
0.0539476,0,484.434,10.0006,0.892865,-264022,-4673.5,376.31,22.5444,135559,3763.32,467.323,23.2209
0.0539576,0,484.434,10.0054,0.892965,-264072,-4676.15,376.263,22.5481,135488,3764.68,467.361,23.2256
0.0539676,0,484.434,10.0103,0.893065,-264122,-4678.79,376.216,22.5519,135416,3766.03,467.398,23.2303
0.0539776,0,484.434,10.0151,0.893165,-264173,-4681.43,376.17,22.5557,135344,3767.38,467.436,23.2349
0.0539876,0,484.434,10.02,0.893265,-264223,-4684.07,376.123,22.5594,135272,3768.74,467.474,23.2396
0.0539976,0,484.434,10.0248,0.893365,-264273,-4686.71,376.076,22.5632,135200,3770.09,467.511,23.2443
0.0540076,0,484.434,10.0297,0.893466,-264323,-4689.35,376.029,22.5669,135129,3771.44,467.549,23.249
0.0540176,0,484.434,10.0345,0.893566,-264373,-4692,375.982,22.5707,135057,3772.79,467.587,23.2536
0.0540276,0,484.434,10.0393,0.893666,-264423,-4694.64,375.935,22.5745,134985,3774.14,467.624,23.2583
0.0540376,0,484.434,10.0442,0.893767,-264473,-4697.28,375.888,22.5782,134913,3775.49,467.662,23.263
0.0540476,0,484.434,10.049,0.893867,-264523,-4699.93,375.841,22.582,134841,3776.84,467.7,23.2677
0.0540576,0,484.434,10.0539,0.893968,-264573,-4702.57,375.794,22.5857,134768,3778.19,467.738,23.2724
0.0540676,0,484.434,10.0587,0.894068,-264624,-4705.22,375.747,22.5895,134696,3779.53,467.776,23.277
0.0540776,0,484.434,10.0636,0.894169,-264674,-4707.87,375.7,22.5933,134624,3780.88,467.813,23.2817
0.0540876,0,484.434,10.0684,0.894269,-264724,-4710.51,375.653,22.597,134552,3782.23,467.851,23.2864
0.0540976,0,484.434,10.0732,0.89437,-264774,-4713.16,375.606,22.6008,134479,3783.57,467.889,23.2911
0.0541076,0,484.434,10.0781,0.894471,-264824,-4715.81,375.559,22.6045,134407,3784.92,467.927,23.2957
0.0541176,0,484.434,10.0829,0.894572,-264874,-4718.46,375.512,22.6083,134335,3786.26,467.965,23.3004
0.0541276,0,484.434,10.0878,0.894673,-264925,-4721.1,375.465,22.612,134262,3787.6,468.003,23.3051
0.0541376,0,484.434,10.0926,0.894773,-264975,-4723.75,375.417,22.6158,134190,3788.94,468.04,23.3098
0.0541476,0,484.434,10.0975,0.894874,-265025,-4726.4,375.37,22.6195,134117,3790.29,468.078,23.3145
0.0541576,0,484.434,10.1023,0.894975,-265075,-4729.05,375.323,22.6233,134045,3791.63,468.116,23.3191
0.0541676,0,484.434,10.1071,0.895076,-265126,-4731.7,375.276,22.627,133972,3792.97,468.154,23.3238
0.0541776,0,484.434,10.112,0.895177,-265176,-4734.35,375.228,22.6308,133899,3794.31,468.192,23.3285
0.0541876,0,484.434,10.1168,0.895279,-265226,-4737.01,375.181,22.6345,133827,3795.64,468.23,23.3332
0.0541975,0,484.434,10.1217,0.89538,-265277,-4739.66,375.134,22.6383,133754,3796.98,468.268,23.3379
0.0542075,0,484.434,10.1265,0.895481,-265327,-4742.31,375.086,22.6421,133681,3798.32,468.306,23.3426
0.0542175,0,484.434,10.1314,0.895582,-265377,-4744.96,375.039,22.6458,133608,3799.66,468.344,23.3472
0.0542275,0,484.434,10.1362,0.895684,-265428,-4747.62,374.991,22.6496,133536,3800.99,468.382,23.3519
0.0542375,0,484.434,10.1411,0.895785,-265478,-4750.27,374.944,22.6533,133463,3802.32,468.42,23.3566
0.0542475,0,484.434,10.1459,0.895886,-265528,-4752.93,374.896,22.6571,133390,3803.66,468.458,23.3613
0.0542575,0,484.434,10.1507,0.895988,-265579,-4755.58,374.849,22.6608,133317,3804.99,468.496,23.366
0.0542675,0,484.434,10.1556,0.896089,-265629,-4758.24,374.801,22.6645,133244,3806.32,468.534,23.3707
0.0542775,0,484.434,10.1604,0.896191,-265680,-4760.89,374.754,22.6683,133171,3807.66,468.572,23.3753
0.0542875,0,484.434,10.1653,0.896293,-265730,-4763.55,374.706,22.672,133097,3808.99,468.61,23.38
0.0542975,0,484.434,10.1701,0.896394,-265780,-4766.21,374.658,22.6758,133024,3810.32,468.648,23.3847
0.0543075,0,484.434,10.175,0.896496,-265831,-4768.87,374.611,22.6795,132951,3811.65,468.686,23.3894
0.0543175,0,484.434,10.1798,0.896598,-265881,-4771.52,374.563,22.6833,132878,3812.98,468.724,23.3941
0.0543275,0,484.434,10.1846,0.896699,-265932,-4774.18,374.515,22.687,132804,3814.31,468.763,23.3988
0.0543375,0,484.434,10.1895,0.896801,-265982,-4776.84,374.467,22.6908,132731,3815.63,468.801,23.4035
0.0543475,0,484.434,10.1943,0.896903,-266033,-4779.5,374.42,22.6945,132658,3816.96,468.839,23.4082
0.0543575,0,484.434,10.1992,0.897005,-266083,-4782.16,374.372,22.6983,132584,3818.29,468.877,23.4128
0.0543675,0,484.434,10.204,0.897107,-266134,-4784.82,374.324,22.702,132511,3819.61,468.915,23.4175
0.0543775,0,484.434,10.2089,0.897209,-266184,-4787.48,374.276,22.7057,132437,3820.94,468.953,23.4222
0.0543875,0,484.434,10.2137,0.897311,-266235,-4790.15,374.228,22.7095,132364,3822.26,468.992,23.4269
0.0543975,0,484.434,10.2186,0.897413,-266285,-4792.81,374.18,22.7132,132290,3823.58,469.03,23.4316
0.0544075,0,484.434,10.2234,0.897516,-266336,-4795.47,374.132,22.717,132216,3824.91,469.068,23.4363
0.0544175,0,484.434,10.2282,0.897618,-266386,-4798.13,374.084,22.7207,132143,3826.23,469.106,23.441
0.0544275,0,484.434,10.2331,0.89772,-266437,-4800.8,374.037,22.7245,132069,3827.55,469.145,23.4457
0.0544375,0,484.434,10.2379,0.897823,-266488,-4803.46,373.988,22.7282,131995,3828.87,469.183,23.4504
0.0544475,0,484.434,10.2428,0.897925,-266538,-4806.13,373.94,22.7319,131921,3830.19,469.221,23.4551
0.0544575,0,484.434,10.2476,0.898027,-266589,-4808.79,373.892,22.7357,131847,3831.51,469.26,23.4598
0.0544675,0,484.434,10.2525,0.89813,-266640,-4811.46,373.844,22.7394,131773,3832.82,469.298,23.4644
0.0544775,0,484.434,10.2573,0.898232,-266690,-4814.12,373.796,22.7431,131700,3834.14,469.336,23.4691
0.0544875,0,484.434,10.2621,0.898335,-266741,-4816.79,373.748,22.7469,131626,3835.46,469.374,23.4738
0.0544975,0,484.434,10.267,0.898438,-266792,-4819.46,373.7,22.7506,131551,3836.77,469.413,23.4785
0.0545075,0,484.434,10.2718,0.89854,-266842,-4822.13,373.652,22.7544,131477,3838.09,469.451,23.4832
0.0545175,0,484.434,10.2767,0.898643,-266893,-4824.79,373.603,22.7581,131403,3839.4,469.49,23.4879
0.0545275,0,484.434,10.2815,0.898746,-266944,-4827.46,373.555,22.7618,131329,3840.72,469.528,23.4926
0.0545375,0,484.434,10.2864,0.898849,-266994,-4830.13,373.507,22.7656,131255,3842.03,469.566,23.4973
0.0545475,0,484.434,10.2912,0.898952,-267045,-4832.8,373.459,22.7693,131181,3843.34,469.605,23.502
0.0545575,0,484.434,10.2961,0.899054,-267096,-4835.47,373.41,22.773,131106,3844.65,469.643,23.5067
0.0545675,0,484.434,10.3009,0.899157,-267147,-4838.14,373.362,22.7768,131032,3845.96,469.682,23.5114
0.0545775,0,484.434,10.3057,0.89926,-267197,-4840.81,373.314,22.7805,130957,3847.27,469.72,23.5161
0.0545875,0,484.434,10.3106,0.899364,-267248,-4843.49,373.265,22.7842,130883,3848.58,469.759,23.5208
0.0545975,0,484.434,10.3154,0.899467,-267299,-4846.16,373.217,22.788,130808,3849.89,469.797,23.5255
0.0546075,0,484.434,10.3203,0.89957,-267350,-4848.83,373.168,22.7917,130734,3851.2,469.836,23.5302
0.0546175,0,484.434,10.3251,0.899673,-267400,-4851.51,373.12,22.7954,130659,3852.5,469.874,23.5349
0.0546275,0,484.434,10.33,0.899776,-267451,-4854.18,373.071,22.7992,130585,3853.81,469.913,23.5396
0.0546375,0,484.434,10.3348,0.89988,-267502,-4856.85,373.023,22.8029,130510,3855.12,469.951,23.5443
0.0546475,0,484.434,10.3396,0.899983,-267553,-4859.53,372.974,22.8066,130435,3856.42,469.99,23.549
0.0546575,0,484.434,10.3445,0.900086,-267604,-4862.2,372.925,22.8104,130361,3857.72,470.028,23.5537
0.0546675,0,484.434,10.3493,0.90019,-267655,-4864.88,372.877,22.8141,130286,3859.03,470.067,23.5584
0.0546775,0,484.434,10.3542,0.900293,-267706,-4867.56,372.828,22.8178,130211,3860.33,470.106,23.5631
0.0546875,0,484.434,10.359,0.900397,-267756,-4870.23,372.779,22.8215,130136,3861.63,470.144,23.5678
0.0546975,0,484.434,10.3639,0.9005,-267807,-4872.91,372.731,22.8253,130061,3862.93,470.183,23.5725
0.0547075,0,484.434,10.3687,0.900604,-267858,-4875.59,372.682,22.829,129986,3864.23,470.221,23.5772
0.0547175,0,484.434,10.3736,0.900708,-267909,-4878.27,372.633,22.8327,129911,3865.53,470.26,23.5819
0.0547275,0,484.434,10.3784,0.900812,-267960,-4880.95,372.584,22.8364,129836,3866.83,470.299,23.5866
0.0547375,0,484.434,10.3832,0.900915,-268011,-4883.63,372.536,22.8402,129761,3868.13,470.337,23.5913
0.0547475,0,484.434,10.3881,0.901019,-268062,-4886.31,372.487,22.8439,129686,3869.42,470.376,23.596
0.0547575,0,484.434,10.3929,0.901123,-268113,-4888.99,372.438,22.8476,129611,3870.72,470.415,23.6007
0.0547675,0,484.434,10.3978,0.901227,-268164,-4891.67,372.389,22.8513,129535,3872.02,470.453,23.6054
0.0547775,0,484.434,10.4026,0.901331,-268215,-4894.35,372.34,22.8551,129460,3873.31,470.492,23.6101
0.0547875,0,484.434,10.4075,0.901435,-268266,-4897.03,372.291,22.8588,129385,3874.6,470.531,23.6148
0.0547975,0,484.434,10.4123,0.901539,-268317,-4899.71,372.242,22.8625,129309,3875.9,470.57,23.6195
0.0548075,0,484.434,10.4171,0.901643,-268368,-4902.4,372.193,22.8662,129234,3877.19,470.608,23.6242
0.0548175,0,484.434,10.422,0.901747,-268419,-4905.08,372.144,22.87,129158,3878.48,470.647,23.6289
0.0548275,0,484.434,10.4268,0.901852,-268470,-4907.76,372.095,22.8737,129083,3879.77,470.686,23.6336
0.0548375,0,484.434,10.4317,0.901956,-268521,-4910.45,372.046,22.8774,129007,3881.06,470.725,23.6384
0.0548475,0,484.434,10.4365,0.90206,-268572,-4913.13,371.997,22.8811,128932,3882.35,470.764,23.6431
0.0548575,0,484.434,10.4414,0.902165,-268623,-4915.82,371.948,22.8848,128856,3883.64,470.802,23.6478
0.0548675,0,484.434,10.4462,0.902269,-268674,-4918.51,371.899,22.8886,128780,3884.93,470.841,23.6525
0.0548775,0,484.434,10.4511,0.902374,-268725,-4921.19,371.849,22.8923,128705,3886.22,470.88,23.6572
0.0548875,0,484.434,10.4559,0.902478,-268776,-4923.88,371.8,22.896,128629,3887.5,470.919,23.6619
0.0548975,0,484.434,10.4607,0.902583,-268827,-4926.57,371.751,22.8997,128553,3888.79,470.958,23.6666
0.0549075,0,484.434,10.4656,0.902687,-268879,-4929.26,371.702,22.9034,128477,3890.07,470.997,23.6713
0.0549175,0,484.434,10.4704,0.902792,-268930,-4931.94,371.652,22.9072,128401,3891.36,471.036,23.676
0.0549275,0,484.434,10.4753,0.902897,-268981,-4934.63,371.603,22.9109,128325,3892.64,471.075,23.6807
0.0549375,0,484.434,10.4801,0.903001,-269032,-4937.32,371.554,22.9146,128249,3893.92,471.113,23.6854
0.0549475,0,484.434,10.485,0.903106,-269083,-4940.01,371.504,22.9183,128173,3895.21,471.152,23.6902
0.0549574,0,484.434,10.4898,0.903211,-269134,-4942.7,371.455,22.922,128097,3896.49,471.191,23.6949
0.0549674,0,484.434,10.4946,0.903316,-269186,-4945.4,371.405,22.9257,128021,3897.77,471.23,23.6996
0.0549774,0,484.434,10.4995,0.903421,-269237,-4948.09,371.356,22.9294,127945,3899.05,471.269,23.7043
0.0549874,0,484.434,10.5043,0.903526,-269288,-4950.78,371.306,22.9332,127869,3900.33,471.308,23.709
0.0549974,0,484.434,10.5092,0.903631,-269339,-4953.47,371.257,22.9369,127792,3901.61,471.347,23.7137
0.0550074,0,484.434,10.514,0.903736,-269390,-4956.17,371.207,22.9406,127716,3902.88,471.386,23.7184
0.0550174,0,484.434,10.5189,0.903841,-269442,-4958.86,371.158,22.9443,127640,3904.16,471.425,23.7231
0.0550274,0,484.434,10.5237,0.903946,-269493,-4961.55,371.108,22.948,127563,3905.44,471.464,23.7279
0.0550374,0,484.434,10.5286,0.904052,-269544,-4964.25,371.059,22.9517,127487,3906.71,471.503,23.7326
0.0550474,0,484.434,10.5334,0.904157,-269595,-4966.94,371.009,22.9554,127410,3907.98,471.543,23.7373
0.0550574,0,484.434,10.5382,0.904262,-269647,-4969.64,370.959,22.9591,127334,3909.26,471.582,23.742
0.0550674,0,484.434,10.5431,0.904368,-269698,-4972.34,370.91,22.9628,127257,3910.53,471.621,23.7467
0.0550774,0,484.434,10.5479,0.904473,-269749,-4975.03,370.86,22.9666,127181,3911.8,471.66,23.7514
0.0550874,0,484.434,10.5528,0.904579,-269801,-4977.73,370.81,22.9703,127104,3913.07,471.699,23.7562
0.0550974,0,484.434,10.5576,0.904684,-269852,-4980.43,370.76,22.974,127027,3914.34,471.738,23.7609
0.0551074,0,484.434,10.5625,0.90479,-269903,-4983.13,370.711,22.9777,126951,3915.61,471.777,23.7656
0.0551174,0,484.434,10.5673,0.904895,-269955,-4985.83,370.661,22.9814,126874,3916.88,471.816,23.7703
0.0551274,0,484.434,10.5721,0.905001,-270006,-4988.52,370.611,22.9851,126797,3918.15,471.855,23.775
0.0551374,0,484.434,10.577,0.905107,-270057,-4991.22,370.561,22.9888,126720,3919.42,471.895,23.7797
0.0551474,0,484.434,10.5818,0.905213,-270109,-4993.93,370.511,22.9925,126643,3920.69,471.934,23.7845
0.0551574,0,484.434,10.5867,0.905318,-270160,-4996.63,370.461,22.9962,126566,3921.95,471.973,23.7892
0.0551674,0,484.434,10.5915,0.905424,-270212,-4999.33,370.411,22.9999,126489,3923.22,472.012,23.7939
0.0551774,0,484.434,10.5964,0.90553,-270263,-5002.03,370.361,23.0036,126412,3924.48,472.052,23.7986
0.0551874,0,484.434,10.6012,0.905636,-270314,-5004.73,370.311,23.0073,126335,3925.74,472.091,23.8033
0.0551974,0,484.434,10.6061,0.905742,-270366,-5007.44,370.261,23.011,126258,3927.01,472.13,23.8081
0.0552074,0,484.434,10.6109,0.905848,-270417,-5010.14,370.211,23.0147,126181,3928.27,472.169,23.8128
0.0552174,0,484.434,10.6157,0.905954,-270469,-5012.84,370.161,23.0184,126103,3929.53,472.209,23.8175
0.0552274,0,484.434,10.6206,0.906061,-270520,-5015.55,370.111,23.0221,126026,3930.79,472.248,23.8222
0.0552374,0,484.434,10.6254,0.906167,-270572,-5018.25,370.061,23.0258,125949,3932.05,472.287,23.827
0.0552474,0,484.434,10.6303,0.906273,-270623,-5020.96,370.01,23.0295,125871,3933.31,472.327,23.8317
0.0552574,0,484.434,10.6351,0.906379,-270674,-5023.66,369.96,23.0332,125794,3934.57,472.366,23.8364
0.0552674,0,484.434,10.64,0.906486,-270726,-5026.37,369.91,23.0369,125716,3935.82,472.405,23.8411
0.0552774,0,484.434,10.6448,0.906592,-270778,-5029.08,369.86,23.0406,125639,3937.08,472.445,23.8458
0.0552874,0,484.434,10.6496,0.906699,-270829,-5031.79,369.809,23.0443,125561,3938.34,472.484,23.8506
0.0552974,0,484.434,10.6545,0.906805,-270881,-5034.49,369.759,23.048,125484,3939.59,472.523,23.8553
0.0553074,0,484.434,10.6593,0.906912,-270932,-5037.2,369.709,23.0517,125406,3940.85,472.563,23.86
0.0553174,0,484.434,10.6642,0.907018,-270984,-5039.91,369.658,23.0554,125328,3942.1,472.602,23.8647
0.0553274,0,484.434,10.669,0.907125,-271035,-5042.62,369.608,23.0591,125251,3943.35,472.642,23.8695
0.0553374,0,484.434,10.6739,0.907232,-271087,-5045.33,369.557,23.0628,125173,3944.6,472.681,23.8742
0.0553474,0,484.434,10.6787,0.907338,-271138,-5048.04,369.507,23.0665,125095,3945.86,472.72,23.8789
0.0553574,0,484.434,10.6835,0.907445,-271190,-5050.75,369.456,23.0702,125017,3947.11,472.76,23.8837
0.0553674,0,484.434,10.6884,0.907552,-271242,-5053.47,369.406,23.0739,124939,3948.36,472.799,23.8884
0.0553774,0,484.434,10.6932,0.907659,-271293,-5056.18,369.355,23.0776,124861,3949.6,472.839,23.8931
0.0553874,0,484.434,10.6981,0.907766,-271345,-5058.89,369.305,23.0813,124783,3950.85,472.878,23.8978
0.0553974,0,484.434,10.7029,0.907873,-271396,-5061.6,369.254,23.085,124705,3952.1,472.918,23.9026
0.0554074,0,484.434,10.7078,0.90798,-271448,-5064.32,369.204,23.0887,124627,3953.35,472.957,23.9073
0.0554174,0,484.434,10.7126,0.908087,-271500,-5067.03,369.153,23.0924,124549,3954.59,472.997,23.912
0.0554274,0,484.434,10.7175,0.908194,-271551,-5069.75,369.102,23.096,124471,3955.84,473.036,23.9168
0.0554374,0,484.434,10.7223,0.908301,-271603,-5072.46,369.052,23.0997,124393,3957.08,473.076,23.9215
0.0554474,0,484.434,10.7271,0.908409,-271655,-5075.18,369.001,23.1034,124314,3958.32,473.116,23.9262
0.0554574,0,484.434,10.732,0.908516,-271706,-5077.9,368.95,23.1071,124236,3959.57,473.155,23.931
0.0554674,0,484.434,10.7368,0.908623,-271758,-5080.61,368.899,23.1108,124158,3960.81,473.195,23.9357
0.0554774,0,484.434,10.7417,0.908731,-271810,-5083.33,368.849,23.1145,124079,3962.05,473.234,23.9404
0.0554874,0,484.434,10.7465,0.908838,-271861,-5086.05,368.798,23.1182,124001,3963.29,473.274,23.9451
0.0554974,0,484.434,10.7514,0.908945,-271913,-5088.77,368.747,23.1219,123922,3964.53,473.314,23.9499
0.0555074,0,484.434,10.7562,0.909053,-271965,-5091.48,368.696,23.1256,123844,3965.77,473.353,23.9546
0.0555174,0,484.434,10.761,0.90916,-272017,-5094.2,368.645,23.1292,123765,3967.01,473.393,23.9593
0.0555274,0,484.434,10.7659,0.909268,-272068,-5096.92,368.594,23.1329,123686,3968.24,473.433,23.9641
0.0555374,0,484.434,10.7707,0.909376,-272120,-5099.65,368.543,23.1366,123608,3969.48,473.472,23.9688
0.0555474,0,484.434,10.7756,0.909484,-272172,-5102.37,368.492,23.1403,123529,3970.72,473.512,23.9736
0.0555574,0,484.434,10.7804,0.909591,-272224,-5105.09,368.441,23.144,123450,3971.95,473.552,23.9783
0.0555674,0,484.434,10.7853,0.909699,-272276,-5107.81,368.39,23.1477,123371,3973.18,473.591,23.983
0.0555774,0,484.434,10.7901,0.909807,-272327,-5110.53,368.339,23.1514,123293,3974.42,473.631,23.9878
0.0555874,0,484.434,10.795,0.909915,-272379,-5113.26,368.288,23.155,123214,3975.65,473.671,23.9925
0.0555974,0,484.434,10.7998,0.910023,-272431,-5115.98,368.237,23.1587,123135,3976.88,473.711,23.9972
0.0556074,0,484.434,10.8046,0.910131,-272483,-5118.7,368.185,23.1624,123056,3978.11,473.75,24.002
0.0556174,0,484.434,10.8095,0.910239,-272535,-5121.43,368.134,23.1661,122977,3979.34,473.79,24.0067
0.0556274,0,484.434,10.8143,0.910347,-272586,-5124.15,368.083,23.1698,122898,3980.57,473.83,24.0114
0.0556374,0,484.434,10.8192,0.910455,-272638,-5126.88,368.032,23.1734,122818,3981.8,473.87,24.0162
0.0556474,0,484.434,10.824,0.910563,-272690,-5129.61,367.981,23.1771,122739,3983.03,473.91,24.0209
0.0556574,0,484.434,10.8289,0.910672,-272742,-5132.33,367.929,23.1808,122660,3984.25,473.949,24.0257
0.0556674,0,484.434,10.8337,0.91078,-272794,-5135.06,367.878,23.1845,122581,3985.48,473.989,24.0304
0.0556774,0,484.434,10.8385,0.910888,-272846,-5137.79,367.827,23.1882,122501,3986.71,474.029,24.0351
0.0556874,0,484.434,10.8434,0.910997,-272898,-5140.52,367.775,23.1918,122422,3987.93,474.069,24.0399
0.0556974,0,484.434,10.8482,0.911105,-272950,-5143.25,367.724,23.1955,122343,3989.15,474.109,24.0446
0.0557074,0,484.434,10.8531,0.911214,-273002,-5145.97,367.672,23.1992,122263,3990.38,474.149,24.0494
0.0557173,0,484.434,10.8579,0.911322,-273053,-5148.7,367.621,23.2029,122184,3991.6,474.189,24.0541
0.0557273,0,484.434,10.8628,0.911431,-273105,-5151.43,367.569,23.2065,122104,3992.82,474.229,24.0588
0.0557373,0,484.434,10.8676,0.911539,-273157,-5154.17,367.518,23.2102,122025,3994.04,474.269,24.0636
0.0557473,0,484.434,10.8725,0.911648,-273209,-5156.9,367.466,23.2139,121945,3995.26,474.309,24.0683
0.0557573,0,484.434,10.8773,0.911757,-273261,-5159.63,367.415,23.2176,121865,3996.48,474.348,24.0731
0.0557673,0,484.434,10.8821,0.911866,-273313,-5162.36,367.363,23.2212,121786,3997.7,474.388,24.0778
0.0557773,0,484.434,10.887,0.911974,-273365,-5165.09,367.311,23.2249,121706,3998.91,474.428,24.0826
0.0557873,0,484.434,10.8918,0.912083,-273417,-5167.83,367.26,23.2286,121626,4000.13,474.468,24.0873
0.0557973,0,484.434,10.8967,0.912192,-273469,-5170.56,367.208,23.2323,121546,4001.35,474.508,24.0921
0.0558073,0,484.434,10.9015,0.912301,-273521,-5173.3,367.156,23.2359,121466,4002.56,474.548,24.0968
0.0558173,0,484.434,10.9064,0.91241,-273573,-5176.03,367.105,23.2396,121386,4003.78,474.588,24.1015
0.0558273,0,484.434,10.9112,0.912519,-273625,-5178.77,367.053,23.2433,121306,4004.99,474.628,24.1063
0.0558373,0,484.434,10.916,0.912628,-273677,-5181.5,367.001,23.2469,121226,4006.2,474.669,24.111
0.0558473,0,484.434,10.9209,0.912738,-273729,-5184.24,366.949,23.2506,121146,4007.41,474.709,24.1158
0.0558573,0,484.434,10.9257,0.912847,-273781,-5186.98,366.897,23.2543,121066,4008.62,474.749,24.1205
0.0558673,0,484.434,10.9306,0.912956,-273833,-5189.72,366.846,23.258,120986,4009.83,474.789,24.1253
0.0558773,0,484.434,10.9354,0.913065,-273886,-5192.45,366.794,23.2616,120906,4011.04,474.829,24.13
0.0558873,0,484.434,10.9403,0.913175,-273938,-5195.19,366.742,23.2653,120825,4012.25,474.869,24.1348
0.0558973,0,484.434,10.9451,0.913284,-273990,-5197.93,366.69,23.269,120745,4013.46,474.909,24.1395
0.0559073,0,484.434,10.95,0.913394,-274042,-5200.67,366.638,23.2726,120665,4014.67,474.949,24.1443
0.0559173,0,484.434,10.9548,0.913503,-274094,-5203.41,366.586,23.2763,120584,4015.87,474.989,24.149
0.0559273,0,484.434,10.9596,0.913613,-274146,-5206.15,366.534,23.28,120504,4017.08,475.03,24.1538
0.0559373,0,484.434,10.9645,0.913722,-274198,-5208.89,366.482,23.2836,120423,4018.28,475.07,24.1585
0.0559473,0,484.434,10.9693,0.913832,-274250,-5211.64,366.43,23.2873,120343,4019.49,475.11,24.1633
0.0559573,0,484.434,10.9742,0.913942,-274302,-5214.38,366.377,23.291,120262,4020.69,475.15,24.168
0.0559673,0,484.434,10.979,0.914051,-274355,-5217.12,366.325,23.2946,120181,4021.89,475.19,24.1728
0.0559773,0,484.434,10.9839,0.914161,-274407,-5219.86,366.273,23.2983,120101,4023.09,475.23,24.1775
0.0559873,0,484.434,10.9887,0.914271,-274459,-5222.61,366.221,23.3019,120020,4024.29,475.271,24.1823
0.0559973,0,484.434,10.9935,0.914381,-274511,-5225.35,366.169,23.3056,119939,4025.49,475.311,24.187
0.0560073,0,484.434,10.9984,0.914491,-274563,-5228.1,366.116,23.3093,119858,4026.69,475.351,24.1918
0.0560173,0,484.434,11.0032,0.914601,-274615,-5230.84,366.064,23.3129,119778,4027.89,475.391,24.1965
0.0560273,0,484.434,11.0081,0.914711,-274668,-5233.59,366.012,23.3166,119697,4029.09,475.432,24.2013
0.0560373,0,484.434,11.0129,0.914821,-274720,-5236.34,365.959,23.3202,119616,4030.28,475.472,24.2061
0.0560473,0,484.434,11.0178,0.914931,-274772,-5239.08,365.907,23.3239,119535,4031.48,475.512,24.2108
0.0560573,0,484.434,11.0226,0.915041,-274824,-5241.83,365.855,23.3276,119454,4032.67,475.553,24.2156
0.0560673,0,484.434,11.0275,0.915152,-274877,-5244.58,365.802,23.3312,119373,4033.87,475.593,24.2203
0.0560773,0,484.434,11.0323,0.915262,-274929,-5247.33,365.75,23.3349,119291,4035.06,475.633,24.2251
0.0560873,0,484.434,11.0371,0.915372,-274981,-5250.08,365.697,23.3385,119210,4036.25,475.674,24.2298
0.0560973,0,484.434,11.042,0.915483,-275033,-5252.83,365.645,23.3422,119129,4037.44,475.714,24.2346
0.0561073,0,484.434,11.0468,0.915593,-275086,-5255.58,365.592,23.3458,119048,4038.63,475.754,24.2393
0.0561173,0,484.434,11.0517,0.915703,-275138,-5258.33,365.54,23.3495,118966,4039.82,475.795,24.2441
0.0561273,0,484.434,11.0565,0.915814,-275190,-5261.08,365.487,23.3532,118885,4041.01,475.835,24.2489
0.0561373,0,484.434,11.0614,0.915925,-275242,-5263.83,365.435,23.3568,118804,4042.2,475.876,24.2536
0.0561473,0,484.434,11.0662,0.916035,-275295,-5266.58,365.382,23.3605,118722,4043.39,475.916,24.2584
0.0561573,0,484.434,11.071,0.916146,-275347,-5269.34,365.329,23.3641,118641,4044.58,475.956,24.2631
0.0561673,0,484.434,11.0759,0.916257,-275399,-5272.09,365.276,23.3678,118559,4045.76,475.997,24.2679
0.0561773,0,484.434,11.0807,0.916367,-275452,-5274.84,365.224,23.3714,118478,4046.95,476.037,24.2727
0.0561873,0,484.434,11.0856,0.916478,-275504,-5277.6,365.171,23.3751,118396,4048.13,476.078,24.2774
0.0561973,0,484.434,11.0904,0.916589,-275556,-5280.35,365.118,23.3787,118314,4049.31,476.118,24.2822
0.0562073,0,484.434,11.0953,0.9167,-275609,-5283.11,365.065,23.3824,118232,4050.5,476.159,24.2869
0.0562173,0,484.434,11.1001,0.916811,-275661,-5285.86,365.013,23.386,118151,4051.68,476.199,24.2917
0.0562273,0,484.434,11.105,0.916922,-275713,-5288.62,364.96,23.3897,118069,4052.86,476.24,24.2965
0.0562373,0,484.434,11.1098,0.917033,-275766,-5291.38,364.907,23.3933,117987,4054.04,476.28,24.3012
0.0562473,0,484.434,11.1146,0.917144,-275818,-5294.14,364.854,23.397,117905,4055.22,476.321,24.306
0.0562573,0,484.434,11.1195,0.917255,-275871,-5296.89,364.801,23.4006,117823,4056.4,476.362,24.3108
0.0562673,0,484.434,11.1243,0.917366,-275923,-5299.65,364.748,23.4043,117741,4057.58,476.402,24.3155
0.0562773,0,484.434,11.1292,0.917478,-275975,-5302.41,364.695,23.4079,117659,4058.75,476.443,24.3203
0.0562873,0,484.434,11.134,0.917589,-276028,-5305.17,364.642,23.4116,117577,4059.93,476.483,24.325
0.0562973,0,484.434,11.1389,0.9177,-276080,-5307.93,364.589,23.4152,117495,4061.1,476.524,24.3298
0.0563073,0,484.434,11.1437,0.917812,-276133,-5310.69,364.536,23.4189,117413,4062.28,476.564,24.3346
0.0563173,0,484.434,11.1485,0.917923,-276185,-5313.45,364.483,23.4225,117330,4063.45,476.605,24.3393
0.0563273,0,484.434,11.1534,0.918035,-276238,-5316.21,364.43,23.4262,117248,4064.62,476.646,24.3441
0.0563373,0,484.434,11.1582,0.918146,-276290,-5318.98,364.376,23.4298,117166,4065.8,476.686,24.3489
0.0563473,0,484.434,11.1631,0.918258,-276342,-5321.74,364.323,23.4334,117083,4066.97,476.727,24.3536
0.0563573,0,484.434,11.1679,0.918369,-276395,-5324.5,364.27,23.4371,117001,4068.14,476.768,24.3584
0.0563673,0,484.434,11.1728,0.918481,-276447,-5327.27,364.217,23.4407,116919,4069.31,476.808,24.3632
0.0563773,0,484.434,11.1776,0.918593,-276500,-5330.03,364.163,23.4444,116836,4070.48,476.849,24.3679
0.0563873,0,484.434,11.1825,0.918705,-276552,-5332.8,364.11,23.448,116753,4071.64,476.89,24.3727
0.0563973,0,484.434,11.1873,0.918817,-276605,-5335.56,364.057,23.4516,116671,4072.81,476.93,24.3775
0.0564073,0,484.434,11.1921,0.918928,-276657,-5338.33,364.003,23.4553,116588,4073.98,476.971,24.3823
0.0564173,0,484.434,11.197,0.91904,-276710,-5341.09,363.95,23.4589,116506,4075.14,477.012,24.387
0.0564273,0,484.434,11.2018,0.919152,-276762,-5343.86,363.897,23.4626,116423,4076.31,477.053,24.3918
0.0564373,0,484.434,11.2067,0.919264,-276815,-5346.63,363.843,23.4662,116340,4077.47,477.093,24.3966
0.0564473,0,484.434,11.2115,0.919376,-276868,-5349.4,363.79,23.4698,116257,4078.63,477.134,24.4013
0.0564573,0,484.434,11.2164,0.919489,-276920,-5352.16,363.736,23.4735,116174,4079.79,477.175,24.4061
0.0564672,0,484.434,11.2212,0.919601,-276973,-5354.93,363.683,23.4771,116091,4080.96,477.216,24.4109
0.0564772,0,484.434,11.226,0.919713,-277025,-5357.7,363.629,23.4808,116008,4082.12,477.257,24.4157
0.0564872,0,484.434,11.2309,0.919825,-277078,-5360.47,363.576,23.4844,115925,4083.28,477.297,24.4204
0.0564972,0,484.434,11.2357,0.919937,-277130,-5363.24,363.522,23.488,115842,4084.43,477.338,24.4252
0.0565072,0,484.434,11.2406,0.92005,-277183,-5366.02,363.468,23.4917,115759,4085.59,477.379,24.43
0.0565172,0,484.434,11.2454,0.920162,-277236,-5368.79,363.415,23.4953,115676,4086.75,477.42,24.4347
0.0565272,0,484.434,11.2503,0.920275,-277288,-5371.56,363.361,23.4989,115593,4087.91,477.461,24.4395
0.0565372,0,484.434,11.2551,0.920387,-277341,-5374.33,363.307,23.5026,115510,4089.06,477.502,24.4443
0.0565472,0,484.434,11.2599,0.9205,-277393,-5377.11,363.253,23.5062,115426,4090.22,477.543,24.4491
0.0565572,0,484.434,11.2648,0.920612,-277446,-5379.88,363.2,23.5098,115343,4091.37,477.584,24.4538
0.0565672,0,484.434,11.2696,0.920725,-277499,-5382.65,363.146,23.5135,115260,4092.52,477.624,24.4586
0.0565772,0,484.434,11.2745,0.920838,-277551,-5385.43,363.092,23.5171,115176,4093.67,477.665,24.4634
0.0565872,0,484.434,11.2793,0.920951,-277604,-5388.2,363.038,23.5207,115093,4094.83,477.706,24.4682
0.0565972,0,484.434,11.2842,0.921063,-277657,-5390.98,362.984,23.5244,115009,4095.98,477.747,24.473
0.0566072,0,484.434,11.289,0.921176,-277709,-5393.76,362.93,23.528,114926,4097.13,477.788,24.4777
0.0566172,0,484.434,11.2939,0.921289,-277762,-5396.53,362.876,23.5316,114842,4098.27,477.829,24.4825
0.0566272,0,484.434,11.2987,0.921402,-277815,-5399.31,362.822,23.5352,114758,4099.42,477.87,24.4873
0.0566372,0,484.434,11.3035,0.921515,-277867,-5402.09,362.768,23.5389,114674,4100.57,477.911,24.4921
0.0566472,0,484.434,11.3084,0.921628,-277920,-5404.87,362.714,23.5425,114591,4101.71,477.952,24.4968
0.0566572,0,484.434,11.3132,0.921741,-277973,-5407.65,362.66,23.5461,114507,4102.86,477.993,24.5016
0.0566672,0,484.434,11.3181,0.921854,-278025,-5410.43,362.606,23.5497,114423,4104,478.034,24.5064
0.0566772,0,484.434,11.3229,0.921968,-278078,-5413.21,362.552,23.5534,114339,4105.15,478.075,24.5112
0.0566872,0,484.434,11.3278,0.922081,-278131,-5415.99,362.498,23.557,114255,4106.29,478.116,24.516
0.0566972,0,484.434,11.3326,0.922194,-278183,-5418.77,362.444,23.5606,114171,4107.43,478.157,24.5207
0.0567072,0,484.434,11.3374,0.922307,-278236,-5421.55,362.39,23.5642,114087,4108.57,478.198,24.5255
0.0567172,0,484.434,11.3423,0.922421,-278289,-5424.33,362.335,23.5679,114003,4109.72,478.239,24.5303
0.0567272,0,484.434,11.3471,0.922534,-278342,-5427.11,362.281,23.5715,113919,4110.85,478.281,24.5351
0.0567372,0,484.434,11.352,0.922648,-278394,-5429.9,362.227,23.5751,113835,4111.99,478.322,24.5399
0.0567472,0,484.434,11.3568,0.922761,-278447,-5432.68,362.173,23.5787,113751,4113.13,478.363,24.5447
0.0567572,0,484.434,11.3617,0.922875,-278500,-5435.47,362.118,23.5824,113666,4114.27,478.404,24.5494
0.0567672,0,484.434,11.3665,0.922988,-278553,-5438.25,362.064,23.586,113582,4115.4,478.445,24.5542
0.0567772,0,484.434,11.3714,0.923102,-278605,-5441.04,362.01,23.5896,113498,4116.54,478.486,24.559
0.0567872,0,484.434,11.3762,0.923216,-278658,-5443.82,361.955,23.5932,113413,4117.67,478.527,24.5638
0.0567972,0,484.434,11.381,0.92333,-278711,-5446.61,361.901,23.5968,113329,4118.81,478.569,24.5686
0.0568072,0,484.434,11.3859,0.923443,-278764,-5449.4,361.846,23.6005,113244,4119.94,478.61,24.5734
0.0568172,0,484.434,11.3907,0.923557,-278817,-5452.18,361.792,23.6041,113160,4121.07,478.651,24.5782
0.0568272,0,484.434,11.3956,0.923671,-278869,-5454.97,361.737,23.6077,113075,4122.2,478.692,24.5829
0.0568372,0,484.434,11.4004,0.923785,-278922,-5457.76,361.683,23.6113,112990,4123.33,478.733,24.5877
0.0568472,0,484.434,11.4053,0.923899,-278975,-5460.55,361.628,23.6149,112906,4124.46,478.775,24.5925
0.0568572,0,484.434,11.4101,0.924013,-279028,-5463.34,361.573,23.6185,112821,4125.59,478.816,24.5973
0.0568672,0,484.434,11.4149,0.924127,-279081,-5466.13,361.519,23.6222,112736,4126.72,478.857,24.6021
0.0568772,0,484.434,11.4198,0.924241,-279134,-5468.92,361.464,23.6258,112651,4127.85,478.898,24.6069
0.0568872,0,484.434,11.4246,0.924356,-279186,-5471.71,361.409,23.6294,112567,4128.97,478.94,24.6117
0.0568972,0,484.434,11.4295,0.92447,-279239,-5474.5,361.355,23.633,112482,4130.1,478.981,24.6165
0.0569072,0,484.434,11.4343,0.924584,-279292,-5477.29,361.3,23.6366,112397,4131.22,479.022,24.6213
0.0569172,0,484.434,11.4392,0.924699,-279345,-5480.09,361.245,23.6402,112312,4132.34,479.064,24.626
0.0569272,0,484.434,11.444,0.924813,-279398,-5482.88,361.19,23.6438,112227,4133.47,479.105,24.6308
0.0569372,0,484.434,11.4489,0.924927,-279451,-5485.68,361.136,23.6475,112142,4134.59,479.146,24.6356
0.0569472,0,484.434,11.4537,0.925042,-279504,-5488.47,361.081,23.6511,112056,4135.71,479.188,24.6404
0.0569572,0,484.434,11.4585,0.925156,-279557,-5491.27,361.026,23.6547,111971,4136.83,479.229,24.6452
0.0569672,0,484.434,11.4634,0.925271,-279610,-5494.06,360.971,23.6583,111886,4137.95,479.27,24.65
0.0569772,0,484.434,11.4682,0.925386,-279662,-5496.86,360.916,23.6619,111801,4139.07,479.312,24.6548
0.0569872,0,484.434,11.4731,0.9255,-279715,-5499.65,360.861,23.6655,111715,4140.18,479.353,24.6596
0.0569972,0,484.434,11.4779,0.925615,-279768,-5502.45,360.806,23.6691,111630,4141.3,479.395,24.6644
0.0570072,0,484.434,11.4828,0.92573,-279821,-5505.25,360.751,23.6727,111544,4142.42,479.436,24.6692
0.0570172,0,484.434,11.4876,0.925845,-279874,-5508.05,360.696,23.6763,111459,4143.53,479.477,24.674
0.0570272,0,484.434,11.4924,0.92596,-279927,-5510.84,360.641,23.6799,111373,4144.64,479.519,24.6788
0.0570372,0,484.434,11.4973,0.926075,-279980,-5513.64,360.586,23.6835,111288,4145.76,479.56,24.6836
0.0570472,0,484.434,11.5021,0.92619,-280033,-5516.44,360.53,23.6871,111202,4146.87,479.602,24.6884
0.0570572,0,484.434,11.507,0.926305,-280086,-5519.24,360.475,23.6908,111117,4147.98,479.643,24.6932
0.0570672,0,484.434,11.5118,0.92642,-280139,-5522.04,360.42,23.6944,111031,4149.09,479.685,24.6979
0.0570772,0,484.434,11.5167,0.926535,-280192,-5524.85,360.365,23.698,110945,4150.2,479.726,24.7027
0.0570872,0,484.434,11.5215,0.92665,-280245,-5527.65,360.31,23.7016,110859,4151.31,479.768,24.7075
0.0570972,0,484.434,11.5264,0.926765,-280298,-5530.45,360.254,23.7052,110773,4152.42,479.809,24.7123
0.0571072,0,484.434,11.5312,0.92688,-280351,-5533.25,360.199,23.7088,110688,4153.53,479.851,24.7171
0.0571172,0,484.434,11.536,0.926996,-280404,-5536.06,360.144,23.7124,110602,4154.63,479.892,24.7219
0.0571272,0,484.434,11.5409,0.927111,-280457,-5538.86,360.088,23.716,110516,4155.74,479.934,24.7267
0.0571372,0,484.434,11.5457,0.927227,-280510,-5541.67,360.033,23.7196,110430,4156.84,479.975,24.7315
0.0571472,0,484.434,11.5506,0.927342,-280563,-5544.47,359.978,23.7232,110343,4157.95,480.017,24.7363
0.0571572,0,484.434,11.5554,0.927458,-280616,-5547.27,359.922,23.7268,110257,4159.05,480.058,24.7411
0.0571672,0,484.434,11.5603,0.927573,-280669,-5550.08,359.867,23.7304,110171,4160.15,480.1,24.7459
0.0571772,0,484.434,11.5651,0.927689,-280722,-5552.89,359.811,23.734,110085,4161.25,480.142,24.7507
0.0571872,0,484.434,11.5699,0.927804,-280775,-5555.69,359.755,23.7376,109999,4162.35,480.183,24.7555
0.0571972,0,484.434,11.5748,0.92792,-280828,-5558.5,359.7,23.7412,109912,4163.45,480.225,24.7603
0.0572072,0,484.434,11.5796,0.928036,-280881,-5561.31,359.644,23.7448,109826,4164.55,480.267,24.7651
0.0572172,0,484.434,11.5845,0.928152,-280934,-5564.12,359.589,23.7484,109740,4165.65,480.308,24.7699
0.0572271,0,484.434,11.5893,0.928268,-280987,-5566.93,359.533,23.752,109653,4166.74,480.35,24.7747
0.0572371,0,484.434,11.5942,0.928383,-281040,-5569.74,359.477,23.7555,109567,4167.84,480.392,24.7796
0.0572471,0,484.434,11.599,0.928499,-281094,-5572.55,359.422,23.7591,109480,4168.94,480.433,24.7844
0.0572571,0,484.434,11.6039,0.928615,-281147,-5575.36,359.366,23.7627,109393,4170.03,480.475,24.7892
0.0572671,0,484.434,11.6087,0.928731,-281200,-5578.17,359.31,23.7663,109307,4171.12,480.517,24.794
0.0572771,0,484.434,11.6135,0.928848,-281253,-5580.98,359.254,23.7699,109220,4172.22,480.558,24.7988
0.0572871,0,484.434,11.6184,0.928964,-281306,-5583.79,359.199,23.7735,109133,4173.31,480.6,24.8036
0.0572971,0,484.434,11.6232,0.92908,-281359,-5586.61,359.143,23.7771,109046,4174.4,480.642,24.8084
0.0573071,0,484.434,11.6281,0.929196,-281412,-5589.42,359.087,23.7807,108960,4175.49,480.683,24.8132
0.0573171,0,484.434,11.6329,0.929312,-281465,-5592.23,359.031,23.7843,108873,4176.58,480.725,24.818
0.0573271,0,484.434,11.6378,0.929429,-281518,-5595.05,358.975,23.7879,108786,4177.67,480.767,24.8228
0.0573371,0,484.434,11.6426,0.929545,-281572,-5597.86,358.919,23.7915,108699,4178.75,480.809,24.8276
0.0573471,0,484.434,11.6474,0.929662,-281625,-5600.68,358.863,23.7951,108612,4179.84,480.851,24.8324
0.0573571,0,484.434,11.6523,0.929778,-281678,-5603.5,358.807,23.7986,108525,4180.92,480.892,24.8372
0.0573671,0,484.434,11.6571,0.929895,-281731,-5606.31,358.751,23.8022,108438,4182.01,480.934,24.842
0.0573771,0,484.434,11.662,0.930011,-281784,-5609.13,358.695,23.8058,108350,4183.09,480.976,24.8468
0.0573871,0,484.434,11.6668,0.930128,-281837,-5611.95,358.639,23.8094,108263,4184.18,481.018,24.8517
0.0573971,0,484.434,11.6717,0.930244,-281890,-5614.77,358.583,23.813,108176,4185.26,481.06,24.8565
0.0574071,0,484.434,11.6765,0.930361,-281944,-5617.59,358.527,23.8166,108089,4186.34,481.102,24.8613
0.0574171,0,484.434,11.6814,0.930478,-281997,-5620.4,358.47,23.8202,108001,4187.42,481.143,24.8661
0.0574271,0,484.434,11.6862,0.930595,-282050,-5623.22,358.414,23.8237,107914,4188.5,481.185,24.8709
0.0574371,0,484.434,11.691,0.930712,-282103,-5626.04,358.358,23.8273,107826,4189.58,481.227,24.8757
0.0574471,0,484.434,11.6959,0.930829,-282156,-5628.87,358.302,23.8309,107739,4190.66,481.269,24.8805
0.0574571,0,484.434,11.7007,0.930946,-282210,-5631.69,358.245,23.8345,107651,4191.73,481.311,24.8853
0.0574671,0,484.434,11.7056,0.931063,-282263,-5634.51,358.189,23.8381,107564,4192.81,481.353,24.8902
0.0574771,0,484.434,11.7104,0.93118,-282316,-5637.33,358.133,23.8417,107476,4193.88,481.395,24.895
0.0574871,0,484.434,11.7153,0.931297,-282369,-5640.16,358.076,23.8452,107388,4194.96,481.437,24.8998
0.0574971,0,484.434,11.7201,0.931414,-282422,-5642.98,358.02,23.8488,107301,4196.03,481.479,24.9046
0.0575071,0,484.434,11.7249,0.931531,-282476,-5645.8,357.964,23.8524,107213,4197.1,481.521,24.9094
0.0575171,0,484.434,11.7298,0.931648,-282529,-5648.63,357.907,23.856,107125,4198.17,481.563,24.9142
0.0575271,0,484.434,11.7346,0.931766,-282582,-5651.45,357.851,23.8596,107037,4199.25,481.605,24.919
0.0575371,0,484.434,11.7395,0.931883,-282635,-5654.28,357.794,23.8631,106949,4200.31,481.647,24.9239
0.0575471,0,484.434,11.7443,0.932,-282689,-5657.1,357.738,23.8667,106861,4201.38,481.689,24.9287
0.0575571,0,484.434,11.7492,0.932118,-282742,-5659.93,357.681,23.8703,106773,4202.45,481.731,24.9335
0.0575671,0,484.434,11.754,0.932235,-282795,-5662.76,357.624,23.8739,106685,4203.52,481.773,24.9383
0.0575771,0,484.434,11.7589,0.932353,-282848,-5665.59,357.568,23.8774,106597,4204.58,481.815,24.9431
0.0575871,0,484.434,11.7637,0.932471,-282902,-5668.42,357.511,23.881,106509,4205.65,481.857,24.9479
0.0575971,0,484.434,11.7685,0.932588,-282955,-5671.24,357.454,23.8846,106421,4206.71,481.899,24.9528
0.0576071,0,484.434,11.7734,0.932706,-283008,-5674.07,357.398,23.8882,106332,4207.78,481.941,24.9576
0.0576171,0,484.434,11.7782,0.932824,-283061,-5676.9,357.341,23.8917,106244,4208.84,481.983,24.9624
0.0576271,0,484.434,11.7831,0.932941,-283115,-5679.73,357.284,23.8953,106156,4209.9,482.025,24.9672
0.0576371,0,484.434,11.7879,0.933059,-283168,-5682.56,357.227,23.8989,106067,4210.96,482.067,24.972
0.0576471,0,484.434,11.7928,0.933177,-283221,-5685.4,357.17,23.9025,105979,4212.02,482.109,24.9769
0.0576571,0,484.434,11.7976,0.933295,-283275,-5688.23,357.114,23.906,105890,4213.08,482.151,24.9817
0.0576671,0,484.434,11.8024,0.933413,-283328,-5691.06,357.057,23.9096,105802,4214.14,482.193,24.9865
0.0576771,0,484.434,11.8073,0.933531,-283381,-5693.89,357,23.9132,105713,4215.2,482.236,24.9913
0.0576871,0,484.434,11.8121,0.933649,-283435,-5696.73,356.943,23.9167,105625,4216.26,482.278,24.9962
0.0576971,0,484.434,11.817,0.933767,-283488,-5699.56,356.886,23.9203,105536,4217.31,482.32,25.001
0.0577071,0,484.434,11.8218,0.933885,-283541,-5702.4,356.829,23.9239,105447,4218.37,482.362,25.0058
0.0577171,0,484.434,11.8267,0.934004,-283594,-5705.23,356.772,23.9275,105358,4219.42,482.404,25.0106
0.0577271,0,484.434,11.8315,0.934122,-283648,-5708.07,356.715,23.931,105270,4220.47,482.446,25.0154
0.0577371,0,484.434,11.8363,0.93424,-283701,-5710.9,356.658,23.9346,105181,4221.52,482.489,25.0203
0.0577471,0,484.434,11.8412,0.934359,-283755,-5713.74,356.601,23.9382,105092,4222.58,482.531,25.0251
0.0577571,0,484.434,11.846,0.934477,-283808,-5716.58,356.543,23.9417,105003,4223.63,482.573,25.0299
0.0577671,0,484.434,11.8509,0.934596,-283861,-5719.42,356.486,23.9453,104914,4224.68,482.615,25.0347
0.0577771,0,484.434,11.8557,0.934714,-283915,-5722.25,356.429,23.9488,104825,4225.73,482.658,25.0396
0.0577871,0,484.434,11.8606,0.934833,-283968,-5725.1,356.372,23.9524,104736,4226.77,482.7,25.0444
0.0577971,0,484.434,11.8654,0.934951,-284021,-5727.93,356.315,23.956,104646,4227.82,482.742,25.0492
0.0578071,0,484.434,11.8703,0.93507,-284075,-5730.77,356.257,23.9595,104557,4228.87,482.784,25.0541
0.0578171,0,484.434,11.8751,0.935189,-284128,-5733.61,356.2,23.9631,104468,4229.91,482.827,25.0589
0.0578271,0,484.434,11.8799,0.935307,-284181,-5736.46,356.143,23.9667,104379,4230.95,482.869,25.0637
0.0578371,0,484.434,11.8848,0.935426,-284235,-5739.3,356.085,23.9702,104289,4232,482.911,25.0685
0.0578471,0,484.434,11.8896,0.935545,-284288,-5742.14,356.028,23.9738,104200,4233.04,482.954,25.0734
0.0578571,0,484.434,11.8945,0.935664,-284342,-5744.98,355.97,23.9773,104111,4234.08,482.996,25.0782
0.0578671,0,484.434,11.8993,0.935783,-284395,-5747.83,355.913,23.9809,104021,4235.12,483.038,25.083
0.0578771,0,484.434,11.9042,0.935902,-284448,-5750.67,355.855,23.9845,103931,4236.16,483.081,25.0879
0.0578871,0,484.434,11.909,0.936021,-284502,-5753.51,355.798,23.988,103842,4237.2,483.123,25.0927
0.0578971,0,484.434,11.9138,0.93614,-284555,-5756.36,355.74,23.9916,103752,4238.24,483.165,25.0975
0.0579071,0,484.434,11.9187,0.936259,-284609,-5759.2,355.683,23.9951,103663,4239.27,483.208,25.1024
0.0579171,0,484.434,11.9235,0.936378,-284662,-5762.05,355.625,23.9987,103573,4240.31,483.25,25.1072
0.0579271,0,484.434,11.9284,0.936498,-284716,-5764.9,355.568,24.0022,103483,4241.35,483.293,25.112
0.0579371,0,484.434,11.9332,0.936617,-284769,-5767.74,355.51,24.0058,103393,4242.38,483.335,25.1169
0.0579471,0,484.434,11.9381,0.936736,-284822,-5770.59,355.452,24.0094,103303,4243.41,483.377,25.1217
0.0579571,0,484.434,11.9429,0.936856,-284876,-5773.44,355.395,24.0129,103213,4244.45,483.42,25.1265
0.0579671,0,484.434,11.9478,0.936975,-284929,-5776.29,355.337,24.0165,103123,4245.48,483.462,25.1314
0.0579771,0,484.434,11.9526,0.937095,-284983,-5779.14,355.279,24.02,103033,4246.51,483.505,25.1362
0.057987,0,484.434,11.9574,0.937214,-285036,-5781.99,355.221,24.0236,102943,4247.54,483.547,25.141
0.057997,0,484.434,11.9623,0.937334,-285090,-5784.84,355.163,24.0271,102853,4248.57,483.59,25.1459
0.058007,0,484.434,11.9671,0.937453,-285143,-5787.69,355.106,24.0307,102763,4249.59,483.632,25.1507
0.058017,0,484.434,11.972,0.937573,-285197,-5790.54,355.048,24.0342,102673,4250.62,483.675,25.1555
0.058027,0,484.434,11.9768,0.937693,-285250,-5793.39,354.99,24.0378,102583,4251.65,483.717,25.1604
0.058037,0,484.434,11.9817,0.937813,-285304,-5796.24,354.932,24.0413,102492,4252.67,483.76,25.1652
0.058047,0,484.434,11.9865,0.937932,-285357,-5799.1,354.874,24.0449,102402,4253.7,483.802,25.17
0.058057,0,484.434,11.9913,0.938052,-285410,-5801.95,354.816,24.0484,102312,4254.72,483.845,25.1749
0.058067,0,484.434,11.9962,0.938172,-285464,-5804.8,354.758,24.052,102221,4255.74,483.887,25.1797
0.058077,0,484.434,12.001,0.938292,-285518,-5807.66,354.7,24.0555,102131,4256.77,483.93,25.1846
0.058087,0,484.434,12.0059,0.938412,-285571,-5810.51,354.642,24.0591,102040,4257.79,483.972,25.1894
0.058097,0,484.434,12.0107,0.938532,-285624,-5813.37,354.584,24.0626,101949,4258.81,484.015,25.1942
0.058107,0,484.434,12.0156,0.938652,-285678,-5816.22,354.525,24.0662,101859,4259.82,484.057,25.1991
0.058117,0,484.434,12.0204,0.938772,-285731,-5819.08,354.467,24.0697,101768,4260.84,484.1,25.2039
0.058127,0,484.434,12.0253,0.938893,-285785,-5821.94,354.409,24.0732,101677,4261.86,484.143,25.2088
0.058137,0,484.434,12.0301,0.939013,-285839,-5824.8,354.351,24.0768,101587,4262.88,484.185,25.2136
0.058147,0,484.434,12.0349,0.939133,-285892,-5827.65,354.293,24.0803,101496,4263.89,484.228,25.2185
0.058157,0,484.434,12.0398,0.939254,-285946,-5830.51,354.234,24.0839,101405,4264.91,484.271,25.2233
0.058167,0,484.434,12.0446,0.939374,-285999,-5833.37,354.176,24.0874,101314,4265.92,484.313,25.2281
0.058177,0,484.434,12.0495,0.939494,-286053,-5836.23,354.118,24.091,101223,4266.93,484.356,25.233
0.058187,0,484.434,12.0543,0.939615,-286106,-5839.09,354.059,24.0945,101132,4267.94,484.399,25.2378
0.058197,0,484.434,12.0592,0.939736,-286160,-5841.95,354.001,24.098,101041,4268.95,484.441,25.2427
0.058207,0,484.434,12.064,0.939856,-286213,-5844.82,353.943,24.1016,100950,4269.96,484.484,25.2475
0.058217,0,484.434,12.0688,0.939977,-286267,-5847.68,353.884,24.1051,100859,4270.97,484.527,25.2524
0.058227,0,484.434,12.0737,0.940098,-286320,-5850.54,353.826,24.1087,100767,4271.98,484.569,25.2572
0.058237,0,484.434,12.0785,0.940218,-286374,-5853.4,353.767,24.1122,100676,4272.99,484.612,25.2621
0.058247,0,484.434,12.0834,0.940339,-286427,-5856.27,353.709,24.1157,100585,4273.99,484.655,25.2669
0.058257,0,484.434,12.0882,0.94046,-286481,-5859.13,353.65,24.1193,100493,4275,484.698,25.2717
0.058267,0,484.434,12.0931,0.940581,-286535,-5862,353.591,24.1228,100402,4276,484.74,25.2766
0.058277,0,484.434,12.0979,0.940702,-286588,-5864.86,353.533,24.1263,100311,4277.01,484.783,25.2814
0.058287,0,484.434,12.1028,0.940823,-286642,-5867.73,353.474,24.1299,100219,4278.01,484.826,25.2863
0.058297,0,484.434,12.1076,0.940944,-286695,-5870.59,353.415,24.1334,100128,4279.01,484.869,25.2911
0.058307,0,484.434,12.1124,0.941065,-286749,-5873.46,353.357,24.1369,100036,4280.01,484.911,25.296
0.058317,0,484.434,12.1173,0.941186,-286802,-5876.33,353.298,24.1405,99944.3,4281.01,484.954,25.3008
0.058327,0,484.434,12.1221,0.941307,-286856,-5879.2,353.239,24.144,99852.6,4282.01,484.997,25.3057
0.058337,0,484.434,12.127,0.941428,-286910,-5882.06,353.18,24.1475,99760.8,4283.01,485.04,25.3105
0.058347,0,484.434,12.1318,0.94155,-286963,-5884.93,353.122,24.1511,99669.1,4284.01,485.083,25.3154
0.058357,0,484.434,12.1367,0.941671,-287017,-5887.8,353.063,24.1546,99577.2,4285,485.125,25.3202
0.058367,0,484.434,12.1415,0.941792,-287070,-5890.67,353.004,24.1581,99485.3,4286,485.168,25.3251
0.058377,0,484.434,12.1463,0.941914,-287124,-5893.54,352.945,24.1617,99393.4,4286.99,485.211,25.3299
0.058387,0,484.434,12.1512,0.942035,-287178,-5896.41,352.886,24.1652,99301.4,4287.98,485.254,25.3348
0.058397,0,484.434,12.156,0.942157,-287231,-5899.29,352.827,24.1687,99209.3,4288.98,485.297,25.3396
0.058407,0,484.434,12.1609,0.942278,-287285,-5902.16,352.768,24.1723,99117.2,4289.97,485.34,25.3445
0.058417,0,484.434,12.1657,0.9424,-287338,-5905.03,352.709,24.1758,99025.1,4290.96,485.383,25.3493
0.058427,0,484.434,12.1706,0.942522,-287392,-5907.9,352.65,24.1793,98933,4291.95,485.426,25.3542
0.058437,0,484.434,12.1754,0.942643,-287446,-5910.78,352.591,24.1828,98840.7,4292.94,485.469,25.3591
0.058447,0,484.434,12.1803,0.942765,-287499,-5913.65,352.532,24.1864,98748.4,4293.92,485.512,25.3639
0.058457,0,484.434,12.1851,0.942887,-287553,-5916.53,352.473,24.1899,98656.1,4294.91,485.554,25.3688
0.058467,0,484.434,12.1899,0.943009,-287606,-5919.4,352.413,24.1934,98563.7,4295.9,485.597,25.3736
0.058477,0,484.434,12.1948,0.943131,-287660,-5922.28,352.354,24.1969,98471.3,4296.88,485.64,25.3785
0.058487,0,484.434,12.1996,0.943253,-287714,-5925.16,352.295,24.2005,98378.8,4297.87,485.683,25.3833
0.058497,0,484.434,12.2045,0.943375,-287767,-5928.03,352.236,24.204,98286.3,4298.85,485.726,25.3882
0.058507,0,484.434,12.2093,0.943497,-287821,-5930.91,352.176,24.2075,98193.8,4299.83,485.769,25.3931
0.058517,0,484.434,12.2142,0.943619,-287875,-5933.79,352.117,24.211,98101.2,4300.81,485.812,25.3979
0.058527,0,484.434,12.219,0.943741,-287928,-5936.67,352.058,24.2145,98008.5,4301.79,485.855,25.4028
0.058537,0,484.434,12.2238,0.943863,-287982,-5939.54,351.998,24.2181,97915.8,4302.77,485.898,25.4076
0.058547,0,484.434,12.2287,0.943985,-288036,-5942.43,351.939,24.2216,97823,4303.75,485.941,25.4125
0.058557,0,484.434,12.2335,0.944108,-288089,-5945.31,351.88,24.2251,97730.2,4304.73,485.984,25.4173
0.058567,0,484.434,12.2384,0.94423,-288143,-5948.19,351.82,24.2286,97637.4,4305.71,486.027,25.4222
0.058577,0,484.434,12.2432,0.944352,-288197,-5951.07,351.761,24.2321,97544.4,4306.68,486.07,25.4271
0.058587,0,484.434,12.2481,0.944475,-288250,-5953.95,351.701,24.2357,97451.5,4307.66,486.114,25.4319
0.058597,0,484.434,12.2529,0.944597,-288304,-5956.83,351.642,24.2392,97358.5,4308.63,486.157,25.4368
0.058607,0,484.434,12.2578,0.94472,-288358,-5959.72,351.582,24.2427,97265.4,4309.6,486.2,25.4417
0.058617,0,484.434,12.2626,0.944842,-288411,-5962.6,351.522,24.2462,97172.3,4310.58,486.243,25.4465
0.058627,0,484.434,12.2674,0.944965,-288465,-5965.48,351.463,24.2497,97079.2,4311.55,486.286,25.4514
0.058637,0,484.434,12.2723,0.945088,-288519,-5968.37,351.403,24.2532,96986,4312.52,486.329,25.4562
0.058647,0,484.434,12.2771,0.945211,-288572,-5971.25,351.343,24.2567,96892.7,4313.49,486.372,25.4611
0.058657,0,484.434,12.282,0.945333,-288626,-5974.14,351.284,24.2603,96799.5,4314.46,486.415,25.466
0.058667,0,484.434,12.2868,0.945456,-288680,-5977.02,351.224,24.2638,96706.1,4315.42,486.458,25.4708
0.058677,0,484.434,12.2917,0.945579,-288733,-5979.91,351.164,24.2673,96612.7,4316.39,486.502,25.4757
0.058687,0,484.434,12.2965,0.945702,-288787,-5982.8,351.104,24.2708,96519.3,4317.35,486.545,25.4806
0.058697,0,484.434,12.3013,0.945825,-288841,-5985.69,351.044,24.2743,96425.8,4318.32,486.588,25.4854
0.058707,0,484.434,12.3062,0.945948,-288894,-5988.57,350.985,24.2778,96332.2,4319.28,486.631,25.4903
0.058717,0,484.434,12.311,0.946071,-288948,-5991.46,350.925,24.2813,96238.7,4320.25,486.674,25.4952
0.058727,0,484.434,12.3159,0.946194,-289002,-5994.35,350.865,24.2848,96145,4321.21,486.717,25.5
0.058737,0,484.434,12.3207,0.946317,-289055,-5997.24,350.805,24.2883,96051.4,4322.17,486.761,25.5049
0.0587469,0,484.434,12.3256,0.94644,-289109,-6000.13,350.745,24.2918,95957.6,4323.13,486.804,25.5098
0.0587569,0,484.434,12.3304,0.946564,-289163,-6003.02,350.685,24.2954,95863.9,4324.09,486.847,25.5146
0.0587669,0,484.434,12.3353,0.946687,-289217,-6005.92,350.625,24.2989,95770,4325.05,486.89,25.5195
0.0587769,0,484.434,12.3401,0.94681,-289270,-6008.81,350.565,24.3024,95676.2,4326,486.934,25.5244
0.0587869,0,484.434,12.3449,0.946934,-289324,-6011.7,350.505,24.3059,95582.2,4326.96,486.977,25.5292
0.0587969,0,484.434,12.3498,0.947057,-289378,-6014.59,350.445,24.3094,95488.2,4327.91,487.02,25.5341
0.0588069,0,484.434,12.3546,0.947181,-289431,-6017.49,350.384,24.3129,95394.2,4328.87,487.063,25.539
0.0588169,0,484.434,12.3595,0.947304,-289485,-6020.38,350.324,24.3164,95300.1,4329.82,487.107,25.5438
0.0588269,0,484.434,12.3643,0.947428,-289539,-6023.28,350.264,24.3199,95206,4330.77,487.15,25.5487
0.0588369,0,484.434,12.3692,0.947552,-289593,-6026.17,350.204,24.3234,95111.8,4331.72,487.193,25.5536
0.0588469,0,484.434,12.374,0.947675,-289646,-6029.07,350.143,24.3269,95017.6,4332.68,487.237,25.5585
0.0588569,0,484.434,12.3788,0.947799,-289700,-6031.96,350.083,24.3304,94923.4,4333.63,487.28,25.5633
0.0588669,0,484.434,12.3837,0.947923,-289754,-6034.86,350.023,24.3339,94829.1,4334.57,487.323,25.5682
0.0588769,0,484.434,12.3885,0.948047,-289808,-6037.76,349.962,24.3374,94734.7,4335.52,487.367,25.5731
0.0588869,0,484.434,12.3934,0.948171,-289861,-6040.65,349.902,24.3409,94640.3,4336.47,487.41,25.578
0.0588969,0,484.434,12.3982,0.948295,-289915,-6043.55,349.842,24.3444,94545.8,4337.41,487.453,25.5828
0.0589069,0,484.434,12.4031,0.948418,-289969,-6046.45,349.781,24.3479,94451.3,4338.36,487.497,25.5877
0.0589169,0,484.434,12.4079,0.948543,-290023,-6049.35,349.721,24.3514,94356.7,4339.3,487.54,25.5926
0.0589269,0,484.434,12.4128,0.948667,-290076,-6052.25,349.66,24.3549,94262.1,4340.25,487.583,25.5975
0.0589369,0,484.434,12.4176,0.948791,-290130,-6055.15,349.6,24.3584,94167.5,4341.19,487.627,25.6023
0.0589469,0,484.434,12.4224,0.948915,-290184,-6058.05,349.539,24.3619,94072.8,4342.13,487.67,25.6072
0.0589569,0,484.434,12.4273,0.949039,-290238,-6060.96,349.479,24.3654,93978,4343.07,487.714,25.6121
0.0589669,0,484.434,12.4321,0.949163,-290291,-6063.86,349.418,24.3689,93883.2,4344.01,487.757,25.617
0.0589769,0,484.434,12.437,0.949288,-290345,-6066.76,349.357,24.3724,93788.4,4344.95,487.801,25.6218
0.0589869,0,484.434,12.4418,0.949412,-290399,-6069.66,349.297,24.3759,93693.5,4345.88,487.844,25.6267
0.0589969,0,484.434,12.4467,0.949537,-290452,-6072.57,349.236,24.3793,93598.5,4346.82,487.887,25.6316
0.0590069,0,484.434,12.4515,0.949661,-290506,-6075.47,349.175,24.3828,93503.5,4347.76,487.931,25.6365
0.0590169,0,484.434,12.4563,0.949786,-290560,-6078.38,349.115,24.3863,93408.5,4348.69,487.974,25.6414
0.0590269,0,484.434,12.4612,0.94991,-290614,-6081.28,349.054,24.3898,93313.4,4349.62,488.018,25.6462
0.0590369,0,484.434,12.466,0.950035,-290668,-6084.19,348.993,24.3933,93218.2,4350.56,488.061,25.6511
0.0590469,0,484.434,12.4709,0.950159,-290721,-6087.1,348.932,24.3968,93123,4351.49,488.105,25.656
0.0590569,0,484.434,12.4757,0.950284,-290775,-6090,348.871,24.4003,93027.8,4352.42,488.148,25.6609
0.0590669,0,484.434,12.4806,0.950409,-290829,-6092.91,348.81,24.4038,92932.5,4353.35,488.192,25.6658
0.0590769,0,484.434,12.4854,0.950534,-290883,-6095.82,348.749,24.4073,92837.1,4354.28,488.236,25.6706
0.0590869,0,484.434,12.4902,0.950659,-290936,-6098.73,348.688,24.4108,92741.8,4355.2,488.279,25.6755
0.0590969,0,484.434,12.4951,0.950783,-290990,-6101.64,348.627,24.4142,92646.3,4356.13,488.323,25.6804
0.0591069,0,484.434,12.4999,0.950908,-291044,-6104.55,348.566,24.4177,92550.8,4357.06,488.366,25.6853
0.0591169,0,484.434,12.5048,0.951033,-291098,-6107.46,348.505,24.4212,92455.3,4357.98,488.41,25.6902
0.0591269,0,484.434,12.5096,0.951159,-291152,-6110.37,348.444,24.4247,92359.7,4358.91,488.453,25.6951
0.0591369,0,484.434,12.5145,0.951284,-291205,-6113.28,348.383,24.4282,92264.1,4359.83,488.497,25.6999
0.0591469,0,484.434,12.5193,0.951409,-291259,-6116.19,348.322,24.4317,92168.4,4360.75,488.541,25.7048
0.0591569,0,484.434,12.5242,0.951534,-291313,-6119.1,348.261,24.4351,92072.7,4361.67,488.584,25.7097
0.0591669,0,484.434,12.529,0.951659,-291367,-6122.02,348.2,24.4386,91976.9,4362.59,488.628,25.7146
0.0591769,0,484.434,12.5338,0.951784,-291420,-6124.93,348.138,24.4421,91881.1,4363.51,488.671,25.7195
0.0591869,0,484.434,12.5387,0.95191,-291474,-6127.84,348.077,24.4456,91785.2,4364.43,488.715,25.7244
0.0591969,0,484.434,12.5435,0.952035,-291528,-6130.76,348.016,24.4491,91689.2,4365.35,488.759,25.7293
0.0592069,0,484.434,12.5484,0.952161,-291582,-6133.67,347.954,24.4526,91593.3,4366.26,488.802,25.7341
0.0592169,0,484.434,12.5532,0.952286,-291636,-6136.59,347.893,24.456,91497.2,4367.18,488.846,25.739
0.0592269,0,484.434,12.5581,0.952412,-291689,-6139.5,347.832,24.4595,91401.2,4368.09,488.89,25.7439
0.0592369,0,484.434,12.5629,0.952537,-291743,-6142.42,347.77,24.463,91305,4369.01,488.933,25.7488
0.0592469,0,484.434,12.5677,0.952663,-291797,-6145.34,347.709,24.4665,91208.9,4369.92,488.977,25.7537
0.0592569,0,484.434,12.5726,0.952789,-291851,-6148.26,347.648,24.4699,91112.6,4370.83,489.021,25.7586
0.0592669,0,484.434,12.5774,0.952914,-291905,-6151.17,347.586,24.4734,91016.4,4371.74,489.064,25.7635
0.0592769,0,484.434,12.5823,0.95304,-291958,-6154.1,347.524,24.4769,90920,4372.65,489.108,25.7684
0.0592869,0,484.434,12.5871,0.953166,-292012,-6157.01,347.463,24.4804,90823.7,4373.56,489.152,25.7733
0.0592969,0,484.434,12.592,0.953292,-292066,-6159.93,347.401,24.4838,90727.2,4374.47,489.196,25.7782
0.0593069,0,484.434,12.5968,0.953418,-292120,-6162.85,347.34,24.4873,90630.8,4375.37,489.239,25.7831
0.0593169,0,484.434,12.6017,0.953544,-292174,-6165.78,347.278,24.4908,90534.2,4376.28,489.283,25.7879
0.0593269,0,484.434,12.6065,0.95367,-292227,-6168.7,347.216,24.4943,90437.7,4377.18,489.327,25.7928
0.0593369,0,484.434,12.6113,0.953796,-292281,-6171.62,347.155,24.4977,90341,4378.09,489.371,25.7977
0.0593469,0,484.434,12.6162,0.953922,-292335,-6174.54,347.093,24.5012,90244.4,4378.99,489.414,25.8026
0.0593569,0,484.434,12.621,0.954048,-292389,-6177.47,347.031,24.5047,90147.7,4379.89,489.458,25.8075
0.0593669,0,484.434,12.6259,0.954174,-292443,-6180.39,346.97,24.5081,90050.9,4380.79,489.502,25.8124
0.0593769,0,484.434,12.6307,0.954301,-292496,-6183.31,346.908,24.5116,89954.1,4381.69,489.546,25.8173
0.0593869,0,484.434,12.6356,0.954427,-292550,-6186.24,346.846,24.5151,89857.2,4382.59,489.59,25.8222
0.0593969,0,484.434,12.6404,0.954553,-292604,-6189.16,346.784,24.5186,89760.3,4383.49,489.633,25.8271
0.0594069,0,484.434,12.6452,0.95468,-292658,-6192.09,346.722,24.522,89663.4,4384.39,489.677,25.832
0.0594169,0,484.434,12.6501,0.954806,-292712,-6195.02,346.66,24.5255,89566.4,4385.28,489.721,25.8369
0.0594269,0,484.434,12.6549,0.954933,-292765,-6197.94,346.598,24.529,89469.3,4386.18,489.765,25.8418
0.0594369,0,484.434,12.6598,0.955059,-292819,-6200.87,346.536,24.5324,89372.2,4387.07,489.809,25.8467
0.0594469,0,484.434,12.6646,0.955186,-292873,-6203.8,346.474,24.5359,89275,4387.96,489.853,25.8516
0.0594569,0,484.434,12.6695,0.955313,-292927,-6206.73,346.412,24.5393,89177.8,4388.86,489.897,25.8565
0.0594669,0,484.434,12.6743,0.955439,-292981,-6209.66,346.35,24.5428,89080.6,4389.75,489.94,25.8614
0.0594769,0,484.434,12.6792,0.955566,-293034,-6212.59,346.288,24.5463,88983.2,4390.64,489.984,25.8663
0.0594869,0,484.434,12.684,0.955693,-293088,-6215.52,346.226,24.5497,88885.9,4391.53,490.028,25.8712
0.0594968,0,484.434,12.6888,0.95582,-293142,-6218.45,346.164,24.5532,88788.5,4392.42,490.072,25.8761
0.0595068,0,484.434,12.6937,0.955947,-293196,-6221.38,346.102,24.5567,88691,4393.3,490.116,25.881
0.0595168,0,484.434,12.6985,0.956073,-293250,-6224.31,346.039,24.5601,88593.5,4394.19,490.16,25.8859
0.0595268,0,484.434,12.7034,0.9562,-293304,-6227.24,345.977,24.5636,88495.9,4395.07,490.204,25.8908
0.0595368,0,484.434,12.7082,0.956327,-293357,-6230.18,345.915,24.567,88398.4,4395.96,490.248,25.8957
0.0595468,0,484.434,12.7131,0.956455,-293411,-6233.11,345.852,24.5705,88300.7,4396.84,490.292,25.9006
0.0595568,0,484.434,12.7179,0.956582,-293465,-6236.04,345.79,24.574,88203,4397.73,490.336,25.9055
0.0595668,0,484.434,12.7227,0.956709,-293519,-6238.98,345.728,24.5774,88105.2,4398.61,490.38,25.9104
0.0595768,0,484.434,12.7276,0.956836,-293573,-6241.91,345.665,24.5809,88007.4,4399.49,490.424,25.9153
0.0595868,0,484.434,12.7324,0.956963,-293626,-6244.85,345.603,24.5843,87909.6,4400.37,490.468,25.9202
0.0595968,0,484.434,12.7373,0.957091,-293680,-6247.78,345.54,24.5878,87811.7,4401.25,490.512,25.9251
0.0596068,0,484.434,12.7421,0.957218,-293734,-6250.72,345.478,24.5912,87713.7,4402.12,490.556,25.93
0.0596168,0,484.434,12.747,0.957346,-293788,-6253.66,345.415,24.5947,87615.7,4403,490.6,25.9349
0.0596268,0,484.434,12.7518,0.957473,-293842,-6256.6,345.353,24.5981,87517.7,4403.87,490.644,25.9398
0.0596368,0,484.434,12.7567,0.957601,-293896,-6259.53,345.29,24.6016,87419.6,4404.75,490.688,25.9447
0.0596468,0,484.434,12.7615,0.957728,-293949,-6262.47,345.228,24.6051,87321.4,4405.62,490.732,25.9496
0.0596568,0,484.434,12.7663,0.957856,-294003,-6265.41,345.165,24.6085,87223.2,4406.5,490.776,25.9546
0.0596668,0,484.434,12.7712,0.957983,-294057,-6268.35,345.102,24.612,87125,4407.37,490.82,25.9595
0.0596768,0,484.434,12.776,0.958111,-294111,-6271.29,345.04,24.6154,87026.7,4408.24,490.864,25.9644
0.0596868,0,484.434,12.7809,0.958239,-294165,-6274.23,344.977,24.6189,86928.3,4409.11,490.908,25.9693
0.0596968,0,484.434,12.7857,0.958367,-294218,-6277.18,344.914,24.6223,86829.9,4409.98,490.952,25.9742
0.0597068,0,484.434,12.7906,0.958495,-294272,-6280.12,344.852,24.6258,86731.5,4410.84,490.996,25.9791
0.0597168,0,484.434,12.7954,0.958623,-294326,-6283.06,344.789,24.6292,86633,4411.71,491.04,25.984
0.0597268,0,484.434,12.8002,0.95875,-294380,-6286,344.726,24.6327,86534.4,4412.58,491.085,25.9889
0.0597368,0,484.434,12.8051,0.958879,-294434,-6288.95,344.663,24.6361,86435.8,4413.44,491.129,25.9938
0.0597468,0,484.434,12.8099,0.959007,-294488,-6291.89,344.6,24.6395,86337.2,4414.3,491.173,25.9987
0.0597568,0,484.434,12.8148,0.959135,-294541,-6294.84,344.537,24.643,86238.5,4415.17,491.217,26.0037
0.0597668,0,484.434,12.8196,0.959263,-294595,-6297.78,344.474,24.6464,86139.7,4416.03,491.261,26.0086
0.0597768,0,484.434,12.8245,0.959391,-294649,-6300.73,344.411,24.6499,86041,4416.89,491.305,26.0135
0.0597868,0,484.434,12.8293,0.959519,-294703,-6303.67,344.348,24.6533,85942.1,4417.75,491.349,26.0184
0.0597968,0,484.434,12.8342,0.959648,-294757,-6306.62,344.285,24.6568,85843.2,4418.61,491.394,26.0233
0.0598068,0,484.434,12.839,0.959776,-294811,-6309.57,344.222,24.6602,85744.3,4419.47,491.438,26.0282
0.0598168,0,484.434,12.8438,0.959904,-294864,-6312.52,344.159,24.6637,85645.3,4420.32,491.482,26.0331
0.0598268,0,484.434,12.8487,0.960033,-294918,-6315.46,344.096,24.6671,85546.2,4421.18,491.526,26.0381
0.0598368,0,484.434,12.8535,0.960161,-294972,-6318.41,344.033,24.6705,85447.2,4422.03,491.57,26.043
0.0598468,0,484.434,12.8584,0.96029,-295026,-6321.36,343.97,24.674,85348,4422.89,491.615,26.0479
0.0598568,0,484.434,12.8632,0.960418,-295080,-6324.31,343.906,24.6774,85248.8,4423.74,491.659,26.0528
0.0598668,0,484.434,12.8681,0.960547,-295133,-6327.26,343.843,24.6809,85149.6,4424.59,491.703,26.0577
0.0598768,0,484.434,12.8729,0.960676,-295187,-6330.21,343.78,24.6843,85050.3,4425.44,491.747,26.0626
0.0598868,0,484.434,12.8777,0.960804,-295241,-6333.17,343.716,24.6877,84950.9,4426.29,491.792,26.0676
0.0598968,0,484.434,12.8826,0.960933,-295295,-6336.12,343.653,24.6912,84851.6,4427.14,491.836,26.0725
0.0599068,0,484.434,12.8874,0.961062,-295349,-6339.07,343.59,24.6946,84752.1,4427.99,491.88,26.0774
0.0599168,0,484.434,12.8923,0.961191,-295403,-6342.02,343.526,24.698,84652.6,4428.84,491.924,26.0823
0.0599268,0,484.434,12.8971,0.96132,-295456,-6344.98,343.463,24.7015,84553.1,4429.68,491.969,26.0872
0.0599368,0,484.434,12.902,0.961449,-295510,-6347.93,343.4,24.7049,84453.5,4430.53,492.013,26.0921
0.0599468,0,484.434,12.9068,0.961578,-295564,-6350.89,343.336,24.7083,84353.8,4431.37,492.057,26.0971
0.0599568,0,484.434,12.9116,0.961707,-295618,-6353.84,343.272,24.7118,84254.1,4432.21,492.102,26.102
0.0599668,0,484.434,12.9165,0.961836,-295672,-6356.8,343.209,24.7152,84154.4,4433.06,492.146,26.1069
0.0599768,0,484.434,12.9213,0.961965,-295725,-6359.76,343.145,24.7186,84054.6,4433.9,492.19,26.1118
0.0599868,0,484.434,12.9262,0.962094,-295779,-6362.71,343.082,24.7221,83954.8,4434.74,492.235,26.1168
0.0599968,0,484.434,12.931,0.962224,-295833,-6365.67,343.018,24.7255,83854.9,4435.58,492.279,26.1217
0.0600068,0,484.434,12.9359,0.962353,-295887,-6368.63,342.954,24.7289,83754.9,4436.41,492.323,26.1266
0.0600168,0,484.434,12.9407,0.962482,-295941,-6371.59,342.891,24.7324,83655,4437.25,492.368,26.1315
0.0600268,0,484.434,12.9456,0.962612,-295994,-6374.55,342.827,24.7358,83554.9,4438.09,492.412,26.1364
0.0600368,0,484.434,12.9504,0.962741,-296048,-6377.51,342.763,24.7392,83454.8,4438.92,492.456,26.1414
0.0600468,0,484.434,12.9552,0.962871,-296102,-6380.47,342.7,24.7426,83354.7,4439.76,492.501,26.1463
0.0600568,0,484.434,12.9601,0.963,-296156,-6383.43,342.636,24.7461,83254.5,4440.59,492.545,26.1512
0.0600668,0,484.434,12.9649,0.96313,-296210,-6386.39,342.572,24.7495,83154.2,4441.42,492.59,26.1561
0.0600768,0,484.434,12.9698,0.96326,-296264,-6389.35,342.508,24.7529,83054,4442.25,492.634,26.1611
0.0600868,0,484.434,12.9746,0.963389,-296317,-6392.31,342.444,24.7563,82953.6,4443.08,492.678,26.166
0.0600968,0,484.434,12.9795,0.963519,-296371,-6395.28,342.38,24.7598,82853.2,4443.91,492.723,26.1709
0.0601068,0,484.434,12.9843,0.963649,-296425,-6398.24,342.316,24.7632,82752.8,4444.74,492.767,26.1759
0.0601168,0,484.434,12.9891,0.963779,-296479,-6401.21,342.252,24.7666,82652.3,4445.57,492.812,26.1808
0.0601268,0,484.434,12.994,0.963909,-296533,-6404.17,342.188,24.77,82551.7,4446.39,492.856,26.1857
0.0601368,0,484.434,12.9988,0.964039,-296586,-6407.13,342.124,24.7735,82451.2,4447.22,492.901,26.1906
0.0601468,0,484.434,13.0037,0.964169,-296640,-6410.1,342.06,24.7769,82350.5,4448.04,492.945,26.1956
0.0601568,0,484.434,13.0085,0.964299,-296694,-6413.07,341.996,24.7803,82249.9,4448.86,492.99,26.2005
0.0601668,0,484.434,13.0134,0.964429,-296748,-6416.03,341.932,24.7837,82149.1,4449.69,493.034,26.2054
0.0601768,0,484.434,13.0182,0.964559,-296802,-6419,341.868,24.7871,82048.3,4450.51,493.079,26.2104
0.0601868,0,484.434,13.0231,0.964689,-296855,-6421.97,341.803,24.7906,81947.4,4451.33,493.123,26.2153
0.0601968,0,484.434,13.0279,0.964819,-296909,-6424.94,341.739,24.794,81846.6,4452.14,493.168,26.2202
0.0602068,0,484.434,13.0327,0.96495,-296963,-6427.91,341.675,24.7974,81745.6,4452.96,493.212,26.2252
0.0602168,0,484.434,13.0376,0.96508,-297017,-6430.88,341.611,24.8008,81644.6,4453.78,493.257,26.2301
0.0602268,0,484.434,13.0424,0.96521,-297070,-6433.85,341.546,24.8042,81543.6,4454.6,493.301,26.235
0.0602368,0,484.434,13.0473,0.965341,-297124,-6436.82,341.482,24.8076,81442.5,4455.41,493.346,26.24
0.0602468,0,484.434,13.0521,0.965471,-297178,-6439.79,341.418,24.8111,81341.3,4456.22,493.39,26.2449
0.0602567,0,484.434,13.057,0.965602,-297232,-6442.76,341.353,24.8145,81240.1,4457.04,493.435,26.2498
0.0602667,0,484.434,13.0618,0.965732,-297286,-6445.73,341.289,24.8179,81138.9,4457.85,493.479,26.2548
0.0602767,0,484.434,13.0666,0.965863,-297339,-6448.7,341.224,24.8213,81037.6,4458.66,493.524,26.2597
0.0602867,0,484.434,13.0715,0.965994,-297393,-6451.68,341.16,24.8247,80936.3,4459.47,493.569,26.2646
0.0602967,0,484.434,13.0763,0.966124,-297447,-6454.65,341.095,24.8281,80834.9,4460.28,493.613,26.2696
0.0603067,0,484.434,13.0812,0.966255,-297501,-6457.63,341.031,24.8315,80733.4,4461.09,493.658,26.2745
0.0603167,0,484.434,13.086,0.966386,-297554,-6460.6,340.966,24.8349,80631.9,4461.89,493.702,26.2794
0.0603267,0,484.434,13.0909,0.966517,-297608,-6463.58,340.902,24.8384,80530.4,4462.7,493.747,26.2844
0.0603367,0,484.434,13.0957,0.966648,-297662,-6466.55,340.837,24.8418,80428.8,4463.5,493.792,26.2893
0.0603467,0,484.434,13.1006,0.966779,-297716,-6469.53,340.772,24.8452,80327.1,4464.31,493.836,26.2942
0.0603567,0,484.434,13.1054,0.96691,-297770,-6472.51,340.708,24.8486,80225.5,4465.11,493.881,26.2992
0.0603667,0,484.434,13.1102,0.967041,-297823,-6475.48,340.643,24.852,80123.7,4465.91,493.926,26.3041
0.0603767,0,484.434,13.1151,0.967172,-297877,-6478.46,340.578,24.8554,80021.9,4466.71,493.97,26.3091
0.0603867,0,484.434,13.1199,0.967303,-297931,-6481.44,340.513,24.8588,79920.1,4467.51,494.015,26.314
0.0603967,0,484.434,13.1248,0.967434,-297985,-6484.42,340.448,24.8622,79818.2,4468.31,494.06,26.3189
0.0604067,0,484.434,13.1296,0.967565,-298038,-6487.4,340.384,24.8656,79716.2,4469.11,494.104,26.3239
0.0604167,0,484.434,13.1345,0.967697,-298092,-6490.38,340.319,24.869,79614.2,4469.9,494.149,26.3288
0.0604267,0,484.434,13.1393,0.967828,-298146,-6493.36,340.254,24.8724,79512.2,4470.7,494.194,26.3338
0.0604367,0,484.434,13.1441,0.96796,-298200,-6496.34,340.189,24.8758,79410.1,4471.49,494.238,26.3387
0.0604467,0,484.434,13.149,0.968091,-298253,-6499.32,340.124,24.8792,79307.9,4472.29,494.283,26.3437
0.0604567,0,484.434,13.1538,0.968222,-298307,-6502.31,340.059,24.8826,79205.7,4473.08,494.328,26.3486
0.0604667,0,484.434,13.1587,0.968354,-298361,-6505.29,339.994,24.886,79103.5,4473.87,494.372,26.3535
0.0604767,0,484.434,13.1635,0.968486,-298415,-6508.27,339.929,24.8894,79001.2,4474.66,494.417,26.3585
0.0604867,0,484.434,13.1684,0.968617,-298468,-6511.26,339.864,24.8928,78898.8,4475.45,494.462,26.3634
0.0604967,0,484.434,13.1732,0.968749,-298522,-6514.24,339.799,24.8962,78796.4,4476.24,494.507,26.3684
0.0605067,0,484.434,13.1781,0.968881,-298576,-6517.23,339.733,24.8996,78694,4477.03,494.551,26.3733
0.0605167,0,484.434,13.1829,0.969012,-298630,-6520.21,339.668,24.903,78591.5,4477.81,494.596,26.3783
0.0605267,0,484.434,13.1877,0.969144,-298683,-6523.2,339.603,24.9064,78488.9,4478.6,494.641,26.3832
0.0605367,0,484.434,13.1926,0.969276,-298737,-6526.18,339.538,24.9098,78386.3,4479.38,494.686,26.3882
0.0605467,0,484.434,13.1974,0.969408,-298791,-6529.17,339.473,24.9132,78283.7,4480.16,494.731,26.3931
0.0605567,0,484.434,13.2023,0.96954,-298845,-6532.16,339.407,24.9166,78181,4480.95,494.775,26.3981
0.0605667,0,484.434,13.2071,0.969672,-298898,-6535.15,339.342,24.92,78078.2,4481.73,494.82,26.403
0.0605767,0,484.434,13.212,0.969804,-298952,-6538.14,339.277,24.9234,77975.4,4482.51,494.865,26.4079
0.0605867,0,484.434,13.2168,0.969936,-299006,-6541.13,339.211,24.9268,77872.6,4483.29,494.91,26.4129
0.0605967,0,484.434,13.2216,0.970069,-299059,-6544.12,339.146,24.9302,77769.7,4484.07,494.955,26.4178
0.0606067,0,484.434,13.2265,0.970201,-299113,-6547.11,339.08,24.9335,77666.7,4484.84,495,26.4228
0.0606167,0,484.434,13.2313,0.970333,-299167,-6550.1,339.015,24.9369,77563.7,4485.62,495.044,26.4277
0.0606267,0,484.434,13.2362,0.970465,-299221,-6553.09,338.949,24.9403,77460.7,4486.39,495.089,26.4327
0.0606367,0,484.434,13.241,0.970598,-299274,-6556.08,338.884,24.9437,77357.5,4487.17,495.134,26.4376
0.0606467,0,484.434,13.2459,0.97073,-299328,-6559.07,338.818,24.9471,77254.4,4487.94,495.179,26.4426
0.0606567,0,484.434,13.2507,0.970863,-299382,-6562.07,338.753,24.9505,77151.2,4488.71,495.224,26.4476
0.0606667,0,484.434,13.2556,0.970995,-299435,-6565.06,338.687,24.9539,77047.9,4489.48,495.269,26.4525
0.0606767,0,484.434,13.2604,0.971128,-299489,-6568.06,338.621,24.9573,76944.6,4490.25,495.314,26.4575
0.0606867,0,484.434,13.2652,0.97126,-299543,-6571.05,338.556,24.9607,76841.2,4491.02,495.359,26.4624
0.0606967,0,484.434,13.2701,0.971393,-299597,-6574.04,338.49,24.964,76737.8,4491.79,495.403,26.4674
0.0607067,0,484.434,13.2749,0.971526,-299650,-6577.04,338.424,24.9674,76634.4,4492.56,495.448,26.4723
0.0607167,0,484.434,13.2798,0.971658,-299704,-6580.04,338.358,24.9708,76530.8,4493.32,495.493,26.4773
0.0607267,0,484.434,13.2846,0.971791,-299758,-6583.03,338.293,24.9742,76427.3,4494.09,495.538,26.4822
0.0607367,0,484.434,13.2895,0.971924,-299811,-6586.03,338.227,24.9776,76323.7,4494.85,495.583,26.4872
0.0607467,0,484.434,13.2943,0.972057,-299865,-6589.03,338.161,24.981,76220,4495.61,495.628,26.4921
0.0607567,0,484.434,13.2991,0.97219,-299919,-6592.03,338.095,24.9843,76116.3,4496.38,495.673,26.4971
0.0607667,0,484.434,13.304,0.972323,-299972,-6595.03,338.029,24.9877,76012.5,4497.14,495.718,26.5021
0.0607767,0,484.434,13.3088,0.972456,-300026,-6598.03,337.963,24.9911,75908.7,4497.9,495.763,26.507
0.0607867,0,484.434,13.3137,0.972589,-300080,-6601.03,337.897,24.9945,75804.9,4498.65,495.808,26.512
0.0607967,0,484.434,13.3185,0.972722,-300133,-6604.03,337.831,24.9979,75700.9,4499.41,495.853,26.5169
0.0608067,0,484.434,13.3234,0.972855,-300187,-6607.03,337.765,25.0012,75597,4500.17,495.898,26.5219
0.0608167,0,484.434,13.3282,0.972989,-300241,-6610.03,337.699,25.0046,75492.9,4500.92,495.943,26.5268
0.0608267,0,484.434,13.3331,0.973122,-300294,-6613.03,337.633,25.008,75388.9,4501.68,495.988,26.5318
0.0608367,0,484.434,13.3379,0.973255,-300348,-6616.04,337.567,25.0114,75284.7,4502.43,496.033,26.5368
0.0608467,0,484.434,13.3427,0.973389,-300402,-6619.04,337.501,25.0147,75180.6,4503.18,496.078,26.5417
0.0608567,0,484.434,13.3476,0.973522,-300455,-6622.04,337.434,25.0181,75076.3,4503.93,496.123,26.5467
0.0608667,0,484.434,13.3524,0.973656,-300509,-6625.05,337.368,25.0215,74972,4504.68,496.168,26.5516
0.0608767,0,484.434,13.3573,0.973789,-300563,-6628.05,337.302,25.0249,74867.7,4505.43,496.213,26.5566
0.0608867,0,484.434,13.3621,0.973923,-300616,-6631.06,337.236,25.0282,74763.4,4506.18,496.258,26.5616
0.0608967,0,484.434,13.367,0.974056,-300670,-6634.06,337.169,25.0316,74658.9,4506.93,496.303,26.5665
0.0609067,0,484.434,13.3718,0.97419,-300724,-6637.07,337.103,25.035,74554.5,4507.67,496.348,26.5715
0.0609167,0,484.434,13.3766,0.974324,-300777,-6640.08,337.037,25.0383,74449.9,4508.42,496.393,26.5765
0.0609267,0,484.434,13.3815,0.974457,-300831,-6643.08,336.97,25.0417,74345.4,4509.16,496.438,26.5814
0.0609367,0,484.434,13.3863,0.974591,-300884,-6646.09,336.904,25.0451,74240.7,4509.91,496.483,26.5864
0.0609467,0,484.434,13.3912,0.974725,-300938,-6649.1,336.837,25.0485,74136.1,4510.65,496.529,26.5914
0.0609567,0,484.434,13.396,0.974859,-300992,-6652.11,336.771,25.0518,74031.3,4511.39,496.574,26.5963
0.0609667,0,484.434,13.4009,0.974993,-301045,-6655.12,336.704,25.0552,73926.5,4512.13,496.619,26.6013
0.0609767,0,484.434,13.4057,0.975127,-301099,-6658.13,336.638,25.0586,73821.7,4512.87,496.664,26.6063
0.0609867,0,484.434,13.4106,0.975261,-301152,-6661.14,336.571,25.0619,73716.8,4513.6,496.709,26.6112
0.0609967,0,484.434,13.4154,0.975395,-301206,-6664.15,336.505,25.0653,73611.9,4514.34,496.754,26.6162
0.0610067,0,484.434,13.4202,0.975529,-301260,-6667.17,336.438,25.0687,73506.9,4515.08,496.799,26.6212
0.0610166,0,484.434,13.4251,0.975664,-301313,-6670.18,336.371,25.072,73401.8,4515.81,496.844,26.6261
0.0610266,0,484.434,13.4299,0.975798,-301367,-6673.19,336.304,25.0754,73296.8,4516.54,496.89,26.6311
0.0610366,0,484.434,13.4348,0.975932,-301421,-6676.2,336.238,25.0787,73191.6,4517.28,496.935,26.6361
0.0610466,0,484.434,13.4396,0.976066,-301474,-6679.22,336.171,25.0821,73086.5,4518.01,496.98,26.641
0.0610566,0,484.434,13.4445,0.976201,-301528,-6682.23,336.104,25.0855,72981.2,4518.74,497.025,26.646
0.0610666,0,484.434,13.4493,0.976335,-301581,-6685.25,336.037,25.0888,72875.9,4519.47,497.07,26.651
0.0610766,0,484.434,13.4541,0.97647,-301635,-6688.26,335.97,25.0922,72770.6,4520.2,497.116,26.6559
0.0610866,0,484.434,13.459,0.976604,-301688,-6691.28,335.904,25.0955,72665.2,4520.92,497.161,26.6609
0.0610966,0,484.434,13.4638,0.976739,-301742,-6694.3,335.837,25.0989,72559.7,4521.65,497.206,26.6659
0.0611066,0,484.434,13.4687,0.976874,-301796,-6697.31,335.77,25.1023,72454.2,4522.37,497.251,26.6709
0.0611166,0,484.434,13.4735,0.977008,-301849,-6700.33,335.703,25.1056,72348.7,4523.1,497.296,26.6758
0.0611266,0,484.434,13.4784,0.977143,-301903,-6703.35,335.636,25.109,72243.1,4523.82,497.342,26.6808
0.0611366,0,484.434,13.4832,0.977278,-301956,-6706.37,335.569,25.1123,72137.4,4524.54,497.387,26.6858
0.0611466,0,484.434,13.4881,0.977413,-302010,-6709.39,335.502,25.1157,72031.7,4525.26,497.432,26.6908
0.0611566,0,484.434,13.4929,0.977548,-302063,-6712.41,335.435,25.119,71926,4525.98,497.477,26.6957
0.0611666,0,484.434,13.4977,0.977683,-302117,-6715.43,335.367,25.1224,71820.2,4526.7,497.523,26.7007
0.0611766,0,484.434,13.5026,0.977818,-302170,-6718.45,335.3,25.1258,71714.3,4527.42,497.568,26.7057
0.0611866,0,484.434,13.5074,0.977953,-302224,-6721.47,335.233,25.1291,71608.4,4528.14,497.613,26.7107
0.0611966,0,484.434,13.5123,0.978088,-302278,-6724.49,335.166,25.1325,71502.5,4528.85,497.658,26.7156
0.0612066,0,484.434,13.5171,0.978223,-302331,-6727.52,335.099,25.1358,71396.4,4529.57,497.704,26.7206
0.0612166,0,484.434,13.522,0.978358,-302385,-6730.54,335.031,25.1392,71290.4,4530.28,497.749,26.7256
0.0612266,0,484.434,13.5268,0.978493,-302438,-6733.56,334.964,25.1425,71184.3,4530.99,497.794,26.7306
0.0612366,0,484.434,13.5316,0.978628,-302492,-6736.59,334.897,25.1459,71078.1,4531.7,497.84,26.7355
0.0612466,0,484.434,13.5365,0.978764,-302545,-6739.61,334.829,25.1492,70971.9,4532.41,497.885,26.7405
0.0612566,0,484.434,13.5413,0.978899,-302599,-6742.64,334.762,25.1526,70865.7,4533.12,497.93,26.7455
0.0612666,0,484.434,13.5462,0.979035,-302652,-6745.66,334.694,25.1559,70759.3,4533.83,497.976,26.7505
0.0612766,0,484.434,13.551,0.97917,-302706,-6748.69,334.627,25.1593,70653,4534.54,498.021,26.7555
0.0612866,0,484.434,13.5559,0.979306,-302759,-6751.72,334.56,25.1626,70546.5,4535.24,498.066,26.7604
0.0612966,0,484.434,13.5607,0.979441,-302813,-6754.74,334.492,25.1659,70440.1,4535.95,498.112,26.7654
0.0613066,0,484.434,13.5655,0.979577,-302866,-6757.77,334.424,25.1693,70333.6,4536.65,498.157,26.7704
0.0613166,0,484.434,13.5704,0.979712,-302920,-6760.8,334.357,25.1726,70227,4537.35,498.202,26.7754
0.0613266,0,484.434,13.5752,0.979848,-302973,-6763.83,334.289,25.176,70120.4,4538.06,498.248,26.7804
0.0613366,0,484.434,13.5801,0.979984,-303027,-6766.86,334.222,25.1793,70013.7,4538.76,498.293,26.7853
0.0613466,0,484.434,13.5849,0.98012,-303080,-6769.89,334.154,25.1827,69907,4539.46,498.338,26.7903
0.0613566,0,484.434,13.5898,0.980255,-303134,-6772.92,334.086,25.186,69800.2,4540.15,498.384,26.7953
0.0613666,0,484.434,13.5946,0.980391,-303187,-6775.95,334.018,25.1893,69693.4,4540.85,498.429,26.8003
0.0613766,0,484.434,13.5995,0.980527,-303240,-6778.98,333.951,25.1927,69586.5,4541.55,498.475,26.8053
0.0613866,0,484.434,13.6043,0.980663,-303294,-6782.02,333.883,25.196,69479.6,4542.24,498.52,26.8103
0.0613966,0,484.434,13.6091,0.980799,-303347,-6785.05,333.815,25.1994,69372.6,4542.94,498.565,26.8153
0.0614066,0,484.434,13.614,0.980936,-303401,-6788.08,333.747,25.2027,69265.5,4543.63,498.611,26.8202
0.0614166,0,484.434,13.6188,0.981072,-303454,-6791.12,333.679,25.206,69158.5,4544.32,498.656,26.8252
0.0614266,0,484.434,13.6237,0.981208,-303508,-6794.15,333.611,25.2094,69051.3,4545.01,498.702,26.8302
0.0614366,0,484.434,13.6285,0.981344,-303561,-6797.18,333.543,25.2127,68944.1,4545.7,498.747,26.8352
0.0614466,0,484.434,13.6334,0.98148,-303615,-6800.22,333.475,25.216,68836.9,4546.39,498.793,26.8402
0.0614566,0,484.434,13.6382,0.981617,-303668,-6803.26,333.407,25.2194,68729.6,4547.08,498.838,26.8452
0.0614666,0,484.434,13.643,0.981753,-303721,-6806.29,333.339,25.2227,68622.2,4547.77,498.884,26.8502
0.0614766,0,484.434,13.6479,0.98189,-303775,-6809.33,333.271,25.226,68514.9,4548.45,498.929,26.8552
0.0614866,0,484.434,13.6527,0.982026,-303828,-6812.37,333.203,25.2294,68407.4,4549.14,498.975,26.8601
0.0614966,0,484.434,13.6576,0.982163,-303882,-6815.41,333.135,25.2327,68299.9,4549.82,499.02,26.8651
0.0615066,0,484.434,13.6624,0.982299,-303935,-6818.44,333.067,25.236,68192.4,4550.5,499.066,26.8701
0.0615166,0,484.434,13.6673,0.982436,-303988,-6821.48,332.999,25.2394,68084.8,4551.18,499.111,26.8751
0.0615266,0,484.434,13.6721,0.982572,-304042,-6824.52,332.931,25.2427,67977.1,4551.86,499.157,26.8801
0.0615366,0,484.434,13.677,0.982709,-304095,-6827.56,332.862,25.246,67869.4,4552.54,499.202,26.8851
0.0615466,0,484.434,13.6818,0.982846,-304149,-6830.6,332.794,25.2494,67761.7,4553.22,499.248,26.8901
0.0615566,0,484.434,13.6866,0.982983,-304202,-6833.65,332.726,25.2527,67653.9,4553.9,499.293,26.8951
0.0615666,0,484.434,13.6915,0.98312,-304255,-6836.69,332.657,25.256,67546,4554.57,499.339,26.9001
0.0615766,0,484.434,13.6963,0.983257,-304309,-6839.73,332.589,25.2593,67438.1,4555.25,499.384,26.9051
0.0615866,0,484.434,13.7012,0.983394,-304362,-6842.77,332.521,25.2627,67330.1,4555.92,499.43,26.9101
0.0615966,0,484.434,13.706,0.983531,-304415,-6845.82,332.452,25.266,67222.1,4556.59,499.475,26.9151
0.0616066,0,484.434,13.7109,0.983668,-304469,-6848.86,332.384,25.2693,67114.1,4557.27,499.521,26.9201
0.0616166,0,484.434,13.7157,0.983805,-304522,-6851.9,332.315,25.2726,67006,4557.94,499.566,26.925
0.0616266,0,484.434,13.7205,0.983942,-304575,-6854.95,332.247,25.276,66897.8,4558.61,499.612,26.93
0.0616366,0,484.434,13.7254,0.984079,-304629,-6858,332.178,25.2793,66789.6,4559.27,499.658,26.935
0.0616466,0,484.434,13.7302,0.984216,-304682,-6861.04,332.11,25.2826,66681.3,4559.94,499.703,26.94
0.0616566,0,484.434,13.7351,0.984354,-304735,-6864.09,332.041,25.2859,66573,4560.61,499.749,26.945
0.0616666,0,484.434,13.7399,0.984491,-304789,-6867.14,331.972,25.2892,66464.6,4561.27,499.794,26.95
0.0616766,0,484.434,13.7448,0.984628,-304842,-6870.18,331.904,25.2926,66356.2,4561.94,499.84,26.955
0.0616866,0,484.434,13.7496,0.984766,-304895,-6873.23,331.835,25.2959,66247.7,4562.6,499.886,26.96
0.0616966,0,484.434,13.7545,0.984903,-304949,-6876.28,331.766,25.2992,66139.2,4563.26,499.931,26.965
0.0617066,0,484.434,13.7593,0.985041,-305002,-6879.33,331.697,25.3025,66030.7,4563.92,499.977,26.97
0.0617166,0,484.434,13.7641,0.985179,-305055,-6882.38,331.629,25.3058,65922,4564.58,500.022,26.975
0.0617266,0,484.434,13.769,0.985316,-305109,-6885.43,331.56,25.3091,65813.4,4565.24,500.068,26.98
0.0617366,0,484.434,13.7738,0.985454,-305162,-6888.48,331.491,25.3125,65704.6,4565.9,500.114,26.985
0.0617466,0,484.434,13.7787,0.985592,-305215,-6891.53,331.422,25.3158,65595.8,4566.55,500.159,26.99
0.0617566,0,484.434,13.7835,0.985729,-305268,-6894.58,331.353,25.3191,65487,4567.21,500.205,26.995
0.0617665,0,484.434,13.7884,0.985867,-305322,-6897.64,331.284,25.3224,65378.1,4567.86,500.251,27
0.0617765,0,484.434,13.7932,0.986005,-305375,-6900.69,331.215,25.3257,65269.2,4568.52,500.296,27.005
0.0617865,0,484.434,13.798,0.986143,-305428,-6903.74,331.146,25.329,65160.2,4569.17,500.342,27.01
0.0617965,0,484.434,13.8029,0.986281,-305481,-6906.8,331.077,25.3323,65051.1,4569.82,500.388,27.015
0.0618065,0,484.434,13.8077,0.986419,-305535,-6909.85,331.008,25.3356,64942,4570.47,500.434,27.02
0.0618165,0,484.434,13.8126,0.986557,-305588,-6912.91,330.939,25.339,64832.9,4571.12,500.479,27.0251
0.0618265,0,484.434,13.8174,0.986695,-305641,-6915.96,330.87,25.3423,64723.7,4571.77,500.525,27.0301
0.0618365,0,484.434,13.8223,0.986834,-305694,-6919.02,330.801,25.3456,64614.4,4572.41,500.571,27.0351
0.0618465,0,484.434,13.8271,0.986972,-305748,-6922.08,330.731,25.3489,64505.1,4573.06,500.616,27.0401
0.0618565,0,484.434,13.832,0.98711,-305801,-6925.13,330.662,25.3522,64395.8,4573.7,500.662,27.0451
0.0618665,0,484.434,13.8368,0.987248,-305854,-6928.19,330.593,25.3555,64286.4,4574.35,500.708,27.0501
0.0618765,0,484.434,13.8416,0.987387,-305907,-6931.25,330.524,25.3588,64176.9,4574.99,500.754,27.0551
0.0618865,0,484.434,13.8465,0.987525,-305960,-6934.31,330.454,25.3621,64067.4,4575.63,500.799,27.0601
0.0618965,0,484.434,13.8513,0.987664,-306014,-6937.37,330.385,25.3654,63957.8,4576.27,500.845,27.0651
0.0619065,0,484.434,13.8562,0.987802,-306067,-6940.43,330.316,25.3687,63848.2,4576.91,500.891,27.0701
0.0619165,0,484.434,13.861,0.987941,-306120,-6943.49,330.246,25.372,63738.6,4577.55,500.937,27.0751
0.0619265,0,484.434,13.8659,0.988079,-306173,-6946.55,330.177,25.3753,63628.9,4578.18,500.982,27.0801
0.0619365,0,484.434,13.8707,0.988218,-306226,-6949.61,330.107,25.3786,63519.1,4578.82,501.028,27.0851
0.0619465,0,484.434,13.8755,0.988357,-306280,-6952.67,330.038,25.3819,63409.3,4579.45,501.074,27.0902
0.0619565,0,484.434,13.8804,0.988495,-306333,-6955.74,329.968,25.3852,63299.4,4580.09,501.12,27.0952
0.0619665,0,484.434,13.8852,0.988634,-306386,-6958.8,329.899,25.3885,63189.5,4580.72,501.165,27.1002
0.0619765,0,484.434,13.8901,0.988773,-306439,-6961.86,329.829,25.3918,63079.5,4581.35,501.211,27.1052
0.0619865,0,484.434,13.8949,0.988912,-306492,-6964.93,329.759,25.3951,62969.5,4581.98,501.257,27.1102
0.0619965,0,484.434,13.8998,0.989051,-306545,-6967.99,329.69,25.3984,62859.4,4582.61,501.303,27.1152
0.0620065,0,484.434,13.9046,0.98919,-306598,-6971.06,329.62,25.4017,62749.3,4583.24,501.349,27.1202
0.0620165,0,484.434,13.9095,0.989329,-306652,-6974.12,329.55,25.405,62639.1,4583.87,501.395,27.1252
0.0620265,0,484.434,13.9143,0.989468,-306705,-6977.19,329.481,25.4083,62528.9,4584.49,501.44,27.1303
0.0620365,0,484.434,13.9191,0.989607,-306758,-6980.26,329.411,25.4116,62418.5,4585.12,501.486,27.1353
0.0620465,0,484.434,13.924,0.989747,-306811,-6983.32,329.341,25.4149,62308.2,4585.74,501.532,27.1403
0.0620565,0,484.434,13.9288,0.989886,-306864,-6986.39,329.271,25.4182,62197.8,4586.36,501.578,27.1453
0.0620665,0,484.434,13.9337,0.990025,-306917,-6989.46,329.201,25.4215,62087.4,4586.98,501.624,27.1503
0.0620765,0,484.434,13.9385,0.990164,-306970,-6992.53,329.131,25.4248,61976.9,4587.6,501.67,27.1553
0.0620865,0,484.434,13.9434,0.990304,-307023,-6995.6,329.062,25.4281,61866.3,4588.22,501.716,27.1603
0.0620965,0,484.434,13.9482,0.990443,-307076,-6998.67,328.992,25.4313,61755.8,4588.84,501.761,27.1654
0.0621065,0,484.434,13.953,0.990583,-307129,-7001.74,328.922,25.4346,61645.1,4589.46,501.807,27.1704
0.0621165,0,484.434,13.9579,0.990722,-307182,-7004.81,328.852,25.4379,61534.4,4590.07,501.853,27.1754
0.0621265,0,484.434,13.9627,0.990862,-307235,-7007.88,328.781,25.4412,61423.6,4590.69,501.899,27.1804
0.0621365,0,484.434,13.9676,0.991001,-307288,-7010.96,328.711,25.4445,61312.8,4591.3,501.945,27.1854
0.0621465,0,484.434,13.9724,0.991141,-307341,-7014.03,328.641,25.4478,61202,4591.91,501.991,27.1905
0.0621565,0,484.434,13.9773,0.991281,-307394,-7017.1,328.571,25.4511,61091,4592.53,502.037,27.1955
0.0621665,0,484.434,13.9821,0.991421,-307448,-7020.17,328.501,25.4544,60980.1,4593.14,502.083,27.2005
0.0621765,0,484.434,13.987,0.99156,-307501,-7023.25,328.431,25.4576,60869.1,4593.75,502.129,27.2055
0.0621865,0,484.434,13.9918,0.9917,-307554,-7026.32,328.361,25.4609,60758,4594.35,502.175,27.2105
0.0621965,0,484.434,13.9966,0.99184,-307607,-7029.4,328.29,25.4642,60646.9,4594.96,502.221,27.2156
0.0622065,0,484.434,14.0015,0.99198,-307660,-7032.48,328.22,25.4675,60535.7,4595.57,502.267,27.2206
0.0622165,0,484.434,14.0063,0.99212,-307713,-7035.55,328.15,25.4708,60424.5,4596.17,502.312,27.2256
0.0622265,0,484.434,14.0112,0.99226,-307766,-7038.63,328.079,25.4741,60313.2,4596.77,502.358,27.2306
0.0622365,0,484.434,14.016,0.9924,-307818,-7041.71,328.009,25.4773,60201.9,4597.38,502.404,27.2357
0.0622465,0,484.434,14.0209,0.992541,-307872,-7044.78,327.938,25.4806,60090.5,4597.98,502.45,27.2407
0.0622565,0,484.434,14.0257,0.992681,-307924,-7047.86,327.868,25.4839,59979.1,4598.58,502.496,27.2457
0.0622665,0,484.434,14.0305,0.992821,-307977,-7050.94,327.797,25.4872,59867.6,4599.18,502.542,27.2507
0.0622765,0,484.434,14.0354,0.992961,-308030,-7054.02,327.727,25.4905,59756.1,4599.78,502.588,27.2558
0.0622865,0,484.434,14.0402,0.993102,-308083,-7057.1,327.656,25.4937,59644.5,4600.37,502.634,27.2608
0.0622965,0,484.434,14.0451,0.993242,-308136,-7060.18,327.586,25.497,59532.8,4600.97,502.68,27.2658
0.0623065,0,484.434,14.0499,0.993383,-308189,-7063.26,327.515,25.5003,59421.1,4601.56,502.726,27.2708
0.0623165,0,484.434,14.0548,0.993523,-308242,-7066.35,327.445,25.5036,59309.4,4602.16,502.772,27.2759
0.0623265,0,484.434,14.0596,0.993664,-308295,-7069.43,327.374,25.5068,59197.6,4602.75,502.818,27.2809
0.0623365,0,484.434,14.0644,0.993804,-308348,-7072.51,327.303,25.5101,59085.8,4603.34,502.864,27.2859
0.0623465,0,484.434,14.0693,0.993945,-308401,-7075.59,327.233,25.5134,58973.8,4603.93,502.91,27.2909
0.0623565,0,484.434,14.0741,0.994086,-308454,-7078.68,327.162,25.5166,58861.9,4604.52,502.956,27.296
0.0623665,0,484.434,14.079,0.994226,-308507,-7081.76,327.091,25.5199,58749.9,4605.11,503.003,27.301
0.0623765,0,484.434,14.0838,0.994367,-308559,-7084.85,327.02,25.5232,58637.8,4605.69,503.049,27.306
0.0623865,0,484.434,14.0887,0.994508,-308612,-7087.93,326.949,25.5265,58525.7,4606.28,503.095,27.3111
0.0623965,0,484.434,14.0935,0.994649,-308665,-7091.02,326.878,25.5297,58413.6,4606.86,503.141,27.3161
0.0624065,0,484.434,14.0984,0.99479,-308718,-7094.11,326.807,25.533,58301.3,4607.45,503.187,27.3211
0.0624165,0,484.434,14.1032,0.994931,-308771,-7097.19,326.737,25.5363,58189.1,4608.03,503.233,27.3262
0.0624265,0,484.434,14.108,0.995072,-308824,-7100.28,326.666,25.5395,58076.7,4608.61,503.279,27.3312
0.0624365,0,484.434,14.1129,0.995213,-308877,-7103.37,326.595,25.5428,57964.4,4609.19,503.325,27.3362
0.0624465,0,484.434,14.1177,0.995354,-308929,-7106.46,326.523,25.5461,57851.9,4609.77,503.371,27.3413
0.0624565,0,484.434,14.1226,0.995495,-308982,-7109.55,326.452,25.5493,57739.5,4610.35,503.417,27.3463
0.0624665,0,484.434,14.1274,0.995637,-309035,-7112.64,326.381,25.5526,57626.9,4610.93,503.463,27.3513
0.0624765,0,484.434,14.1323,0.995778,-309088,-7115.73,326.31,25.5559,57514.4,4611.5,503.509,27.3564
0.0624865,0,484.434,14.1371,0.995919,-309141,-7118.82,326.239,25.5591,57401.7,4612.08,503.555,27.3614
0.0624965,0,484.434,14.1419,0.99606,-309193,-7121.91,326.168,25.5624,57289,4612.65,503.602,27.3664
0.0625065,0,484.434,14.1468,0.996202,-309246,-7125,326.097,25.5656,57176.3,4613.22,503.648,27.3715
0.0625165,0,484.434,14.1516,0.996343,-309299,-7128.09,326.025,25.5689,57063.5,4613.79,503.694,27.3765
0.0625264,0,484.434,14.1565,0.996485,-309352,-7131.19,325.954,25.5722,56950.7,4614.36,503.74,27.3815
0.0625364,0,484.434,14.1613,0.996626,-309404,-7134.28,325.883,25.5754,56837.8,4614.93,503.786,27.3866
0.0625464,0,484.434,14.1662,0.996768,-309457,-7137.37,325.811,25.5787,56724.8,4615.5,503.832,27.3916
0.0625564,0,484.434,14.171,0.99691,-309510,-7140.47,325.74,25.5819,56611.8,4616.07,503.878,27.3967
0.0625664,0,484.434,14.1759,0.997051,-309563,-7143.56,325.669,25.5852,56498.8,4616.63,503.925,27.4017
0.0625764,0,484.434,14.1807,0.997193,-309615,-7146.66,325.597,25.5885,56385.7,4617.2,503.971,27.4067
0.0625864,0,484.434,14.1855,0.997335,-309668,-7149.75,325.526,25.5917,56272.5,4617.76,504.017,27.4118
0.0625964,0,484.434,14.1904,0.997477,-309721,-7152.85,325.454,25.595,56159.3,4618.32,504.063,27.4168
0.0626064,0,484.434,14.1952,0.997619,-309774,-7155.95,325.383,25.5982,56046,4618.88,504.109,27.4219
0.0626164,0,484.434,14.2001,0.997761,-309826,-7159.04,325.311,25.6015,55932.7,4619.44,504.155,27.4269
0.0626264,0,484.434,14.2049,0.997903,-309879,-7162.14,325.24,25.6047,55819.3,4620,504.202,27.4319
0.0626364,0,484.434,14.2098,0.998045,-309932,-7165.24,325.168,25.608,55705.9,4620.56,504.248,27.437
0.0626464,0,484.434,14.2146,0.998187,-309984,-7168.34,325.096,25.6112,55592.4,4621.11,504.294,27.442
0.0626564,0,484.434,14.2194,0.998329,-310037,-7171.44,325.025,25.6145,55478.9,4621.67,504.34,27.4471
0.0626664,0,484.434,14.2243,0.998471,-310090,-7174.54,324.953,25.6177,55365.3,4622.22,504.386,27.4521
0.0626764,0,484.434,14.2291,0.998614,-310142,-7177.64,324.881,25.621,55251.7,4622.78,504.433,27.4572
0.0626864,0,484.434,14.234,0.998756,-310195,-7180.74,324.809,25.6242,55138,4623.33,504.479,27.4622
0.0626964,0,484.434,14.2388,0.998898,-310248,-7183.84,324.737,25.6275,55024.3,4623.88,504.525,27.4673
0.0627064,0,484.434,14.2437,0.999041,-310300,-7186.95,324.666,25.6307,54910.5,4624.43,504.571,27.4723
0.0627164,0,484.434,14.2485,0.999183,-310353,-7190.05,324.594,25.634,54796.7,4624.98,504.618,27.4773
0.0627264,0,484.434,14.2534,0.999326,-310405,-7193.15,324.522,25.6372,54682.8,4625.53,504.664,27.4824
0.0627364,0,484.434,14.2582,0.999468,-310458,-7196.26,324.45,25.6405,54568.8,4626.07,504.71,27.4874
0.0627464,0,484.434,14.263,0.999611,-310511,-7199.36,324.378,25.6437,54454.8,4626.62,504.756,27.4925
0.0627564,0,484.434,14.2679,0.999753,-310563,-7202.47,324.306,25.6469,54340.8,4627.16,504.803,27.4975
0.0627664,0,484.434,14.2727,0.999896,-310616,-7205.57,324.234,25.6502,54226.6,4627.7,504.849,27.5026
0.0627764,0,484.434,14.2776,1.00004,-310668,-7208.68,324.162,25.6534,54112.5,4628.24,504.895,27.5076
0.0627864,0,484.434,14.2824,1.00018,-310721,-7211.78,324.09,25.6567,53998.3,4628.79,504.941,27.5127
0.0627964,0,484.434,14.2873,1.00032,-310773,-7214.89,324.018,25.6599,53884,4629.32,504.988,27.5177
0.0628064,0,484.434,14.2921,1.00047,-310826,-7218,323.945,25.6632,53769.7,4629.86,505.034,27.5228
0.0628164,0,484.434,14.2969,1.00061,-310878,-7221.11,323.873,25.6664,53655.4,4630.4,505.08,27.5278
0.0628264,0,484.434,14.3018,1.00075,-310931,-7224.22,323.801,25.6696,53540.9,4630.94,505.127,27.5329
0.0628364,0,484.434,14.3066,1.0009,-310984,-7227.32,323.729,25.6729,53426.5,4631.47,505.173,27.5379
0.0628464,0,484.434,14.3115,1.00104,-311036,-7230.43,323.657,25.6761,53311.9,4632,505.219,27.543
0.0628564,0,484.434,14.3163,1.00118,-311089,-7233.54,323.584,25.6793,53197.3,4632.54,505.266,27.548
0.0628664,0,484.434,14.3212,1.00133,-311141,-7236.66,323.512,25.6826,53082.7,4633.07,505.312,27.5531
0.0628764,0,484.434,14.326,1.00147,-311194,-7239.77,323.44,25.6858,52968.1,4633.6,505.358,27.5581
0.0628864,0,484.434,14.3309,1.00161,-311246,-7242.88,323.367,25.689,52853.3,4634.13,505.405,27.5632
0.0628964,0,484.434,14.3357,1.00176,-311298,-7245.99,323.295,25.6923,52738.5,4634.66,505.451,27.5682
0.0629064,0,484.434,14.3405,1.0019,-311351,-7249.1,323.222,25.6955,52623.6,4635.18,505.497,27.5733
0.0629164,0,484.434,14.3454,1.00204,-311403,-7252.22,323.15,25.6987,52508.8,4635.71,505.544,27.5784
0.0629264,0,484.434,14.3502,1.00219,-311456,-7255.33,323.077,25.702,52393.8,4636.23,505.59,27.5834
0.0629364,0,484.434,14.3551,1.00233,-311508,-7258.44,323.005,25.7052,52278.8,4636.75,505.636,27.5885
0.0629464,0,484.434,14.3599,1.00247,-311561,-7261.56,322.932,25.7084,52163.7,4637.28,505.683,27.5935
0.0629564,0,484.434,14.3648,1.00262,-311613,-7264.67,322.859,25.7117,52048.7,4637.8,505.729,27.5986
0.0629664,0,484.434,14.3696,1.00276,-311665,-7267.79,322.787,25.7149,51933.5,4638.32,505.775,27.6036
0.0629764,0,484.434,14.3744,1.0029,-311718,-7270.91,322.714,25.7181,51818.3,4638.84,505.822,27.6087
0.0629864,0,484.434,14.3793,1.00305,-311770,-7274.02,322.641,25.7213,51703.1,4639.35,505.868,27.6138
0.0629964,0,484.434,14.3841,1.00319,-311823,-7277.14,322.569,25.7246,51587.7,4639.87,505.915,27.6188
0.0630064,0,484.434,14.389,1.00333,-311875,-7280.26,322.496,25.7278,51472.4,4640.39,505.961,27.6239
0.0630164,0,484.434,14.3938,1.00348,-311927,-7283.38,322.423,25.731,51356.9,4640.9,506.007,27.6289
0.0630264,0,484.434,14.3987,1.00362,-311980,-7286.5,322.35,25.7342,51241.5,4641.41,506.054,27.634
0.0630364,0,484.434,14.4035,1.00377,-312032,-7289.62,322.277,25.7375,51125.9,4641.92,506.1,27.6391
0.0630464,0,484.434,14.4084,1.00391,-312084,-7292.74,322.204,25.7407,51010.4,4642.44,506.147,27.6441
0.0630564,0,484.434,14.4132,1.00405,-312137,-7295.86,322.131,25.7439,50894.7,4642.94,506.193,27.6492
0.0630664,0,484.434,14.418,1.0042,-312189,-7298.98,322.059,25.7471,50779,4643.45,506.239,27.6542
0.0630764,0,484.434,14.4229,1.00434,-312241,-7302.1,321.986,25.7504,50663.3,4643.96,506.286,27.6593
0.0630864,0,484.434,14.4277,1.00449,-312293,-7305.22,321.913,25.7536,50547.5,4644.47,506.332,27.6644
0.0630964,0,484.434,14.4326,1.00463,-312346,-7308.35,321.839,25.7568,50431.6,4644.97,506.379,27.6694
0.0631064,0,484.434,14.4374,1.00478,-312398,-7311.47,321.766,25.76,50315.8,4645.47,506.425,27.6745
0.0631164,0,484.434,14.4423,1.00492,-312450,-7314.59,321.693,25.7632,50199.8,4645.98,506.472,27.6796
0.0631264,0,484.434,14.4471,1.00506,-312503,-7317.72,321.62,25.7664,50083.8,4646.48,506.518,27.6846
0.0631364,0,484.434,14.4519,1.00521,-312555,-7320.84,321.547,25.7697,49967.7,4646.98,506.564,27.6897
0.0631464,0,484.434,14.4568,1.00535,-312607,-7323.97,321.474,25.7729,49851.6,4647.48,506.611,27.6948
0.0631564,0,484.434,14.4616,1.0055,-312659,-7327.09,321.4,25.7761,49735.5,4647.98,506.657,27.6998
0.0631664,0,484.434,14.4665,1.00564,-312711,-7330.22,321.327,25.7793,49619.2,4648.47,506.704,27.7049
0.0631764,0,484.434,14.4713,1.00579,-312764,-7333.35,321.254,25.7825,49503,4648.97,506.75,27.71
0.0631864,0,484.434,14.4762,1.00593,-312816,-7336.47,321.181,25.7857,49386.6,4649.46,506.797,27.715
0.0631964,0,484.434,14.481,1.00608,-312868,-7339.6,321.107,25.7889,49270.3,4649.96,506.843,27.7201
0.0632064,0,484.434,14.4859,1.00622,-312920,-7342.73,321.034,25.7921,49153.9,4650.45,506.89,27.7252
0.0632164,0,484.434,14.4907,1.00637,-312972,-7345.86,320.96,25.7954,49037.4,4650.94,506.936,27.7302
0.0632264,0,484.434,14.4955,1.00651,-313025,-7348.99,320.887,25.7986,48920.8,4651.43,506.983,27.7353
0.0632364,0,484.434,14.5004,1.00666,-313077,-7352.12,320.813,25.8018,48804.2,4651.92,507.029,27.7404
0.0632464,0,484.434,14.5052,1.0068,-313129,-7355.25,320.74,25.805,48687.6,4652.4,507.076,27.7454
0.0632564,0,484.434,14.5101,1.00695,-313181,-7358.38,320.666,25.8082,48570.9,4652.89,507.122,27.7505
0.0632664,0,484.434,14.5149,1.00709,-313233,-7361.51,320.593,25.8114,48454.1,4653.37,507.169,27.7556
0.0632764,0,484.434,14.5198,1.00724,-313285,-7364.65,320.519,25.8146,48337.3,4653.86,507.215,27.7607
0.0632863,0,484.434,14.5246,1.00738,-313337,-7367.78,320.445,25.8178,48220.5,4654.34,507.262,27.7657
0.0632963,0,484.434,14.5294,1.00753,-313389,-7370.91,320.372,25.821,48103.6,4654.82,507.309,27.7708
0.0633063,0,484.434,14.5343,1.00767,-313441,-7374.04,320.298,25.8242,47986.7,4655.3,507.355,27.7759
0.0633163,0,484.434,14.5391,1.00782,-313494,-7377.18,320.224,25.8274,47869.6,4655.78,507.402,27.7809
0.0633263,0,484.434,14.544,1.00796,-313546,-7380.31,320.15,25.8306,47752.5,4656.26,507.448,27.786
0.0633363,0,484.434,14.5488,1.00811,-313598,-7383.45,320.077,25.8338,47635.4,4656.74,507.495,27.7911
0.0633463,0,484.434,14.5537,1.00825,-313650,-7386.59,320.003,25.837,47518.3,4657.21,507.541,27.7962
0.0633563,0,484.434,14.5585,1.0084,-313702,-7389.72,319.929,25.8402,47401,4657.69,507.588,27.8012
0.0633663,0,484.434,14.5634,1.00855,-313754,-7392.86,319.855,25.8434,47283.8,4658.16,507.634,27.8063
0.0633763,0,484.434,14.5682,1.00869,-313806,-7396,319.781,25.8466,47166.4,4658.63,507.681,27.8114
0.0633863,0,484.434,14.573,1.00884,-313858,-7399.13,319.707,25.8498,47049.1,4659.1,507.728,27.8165
0.0633963,0,484.434,14.5779,1.00898,-313910,-7402.27,319.633,25.853,46931.6,4659.57,507.774,27.8216
0.0634063,0,484.434,14.5827,1.00913,-313962,-7405.41,319.559,25.8562,46814.1,4660.04,507.821,27.8266
0.0634163,0,484.434,14.5876,1.00927,-314014,-7408.55,319.485,25.8594,46696.6,4660.51,507.867,27.8317
0.0634263,0,484.434,14.5924,1.00942,-314066,-7411.69,319.411,25.8626,46579,4660.98,507.914,27.8368
0.0634363,0,484.434,14.5973,1.00957,-314118,-7414.83,319.337,25.8658,46461.3,4661.44,507.961,27.8419
0.0634463,0,484.434,14.6021,1.00971,-314169,-7417.97,319.263,25.869,46343.6,4661.91,508.007,27.8469
0.0634563,0,484.434,14.6069,1.00986,-314221,-7421.11,319.189,25.8722,46225.9,4662.37,508.054,27.852
0.0634663,0,484.434,14.6118,1.01,-314273,-7424.26,319.114,25.8754,46108,4662.83,508.1,27.8571
0.0634763,0,484.434,14.6166,1.01015,-314325,-7427.4,319.04,25.8786,45990.2,4663.29,508.147,27.8622
0.0634863,0,484.434,14.6215,1.0103,-314377,-7430.54,318.966,25.8817,45872.3,4663.75,508.194,27.8673
0.0634963,0,484.434,14.6263,1.01044,-314429,-7433.69,318.891,25.8849,45754.3,4664.21,508.24,27.8724
0.0635063,0,484.434,14.6312,1.01059,-314481,-7436.83,318.817,25.8881,45636.3,4664.66,508.287,27.8774
0.0635163,0,484.434,14.636,1.01074,-314533,-7439.97,318.743,25.8913,45518.2,4665.12,508.334,27.8825
0.0635263,0,484.434,14.6409,1.01088,-314584,-7443.12,318.668,25.8945,45400.1,4665.58,508.38,27.8876
0.0635363,0,484.434,14.6457,1.01103,-314636,-7446.27,318.594,25.8977,45281.9,4666.03,508.427,27.8927
0.0635463,0,484.434,14.6505,1.01117,-314688,-7449.41,318.519,25.9009,45163.7,4666.48,508.474,27.8978
0.0635563,0,484.434,14.6554,1.01132,-314740,-7452.56,318.445,25.9041,45045.3,4666.93,508.52,27.9029
0.0635663,0,484.434,14.6602,1.01147,-314792,-7455.71,318.37,25.9072,44927,4667.38,508.567,27.9079
0.0635763,0,484.434,14.6651,1.01161,-314844,-7458.85,318.296,25.9104,44808.6,4667.83,508.614,27.913
0.0635863,0,484.434,14.6699,1.01176,-314895,-7462,318.221,25.9136,44690.2,4668.28,508.66,27.9181
0.0635963,0,484.434,14.6748,1.01191,-314947,-7465.15,318.147,25.9168,44571.7,4668.72,508.707,27.9232
0.0636063,0,484.434,14.6796,1.01205,-314999,-7468.3,318.072,25.92,44453.1,4669.17,508.754,27.9283
0.0636163,0,484.434,14.6844,1.0122,-315051,-7471.45,317.997,25.9231,44334.5,4669.61,508.8,27.9334
0.0636263,0,484.434,14.6893,1.01235,-315102,-7474.6,317.923,25.9263,44215.9,4670.06,508.847,27.9385
0.0636363,0,484.434,14.6941,1.01249,-315154,-7477.75,317.848,25.9295,44097.1,4670.5,508.894,27.9436
0.0636463,0,484.434,14.699,1.01264,-315206,-7480.9,317.773,25.9327,43978.4,4670.94,508.94,27.9486
0.0636563,0,484.434,14.7038,1.01279,-315258,-7484.05,317.698,25.9359,43859.6,4671.38,508.987,27.9537
0.0636663,0,484.434,14.7087,1.01294,-315309,-7487.21,317.623,25.939,43740.6,4671.81,509.034,27.9588
0.0636763,0,484.434,14.7135,1.01308,-315361,-7490.36,317.548,25.9422,43621.7,4672.25,509.081,27.9639
0.0636863,0,484.434,14.7183,1.01323,-315413,-7493.51,317.474,25.9454,43502.7,4672.69,509.127,27.969
0.0636963,0,484.434,14.7232,1.01338,-315464,-7496.67,317.399,25.9486,43383.7,4673.12,509.174,27.9741
0.0637063,0,484.434,14.728,1.01352,-315516,-7499.82,317.324,25.9517,43264.6,4673.55,509.221,27.9792
0.0637163,0,484.434,14.7329,1.01367,-315568,-7502.98,317.249,25.9549,43145.5,4673.99,509.267,27.9843
0.0637263,0,484.434,14.7377,1.01382,-315619,-7506.13,317.174,25.9581,43026.3,4674.42,509.314,27.9894
0.0637363,0,484.434,14.7426,1.01397,-315671,-7509.29,317.099,25.9613,42907,4674.85,509.361,27.9945
0.0637463,0,484.434,14.7474,1.01411,-315722,-7512.44,317.023,25.9644,42787.8,4675.28,509.408,27.9996
0.0637563,0,484.434,14.7523,1.01426,-315774,-7515.6,316.948,25.9676,42668.4,4675.7,509.454,28.0047
0.0637663,0,484.434,14.7571,1.01441,-315826,-7518.76,316.873,25.9708,42549,4676.13,509.501,28.0097
0.0637763,0,484.434,14.7619,1.01456,-315877,-7521.92,316.798,25.9739,42429.5,4676.55,509.548,28.0148
0.0637863,0,484.434,14.7668,1.0147,-315929,-7525.08,316.723,25.9771,42310,4676.98,509.595,28.0199
0.0637963,0,484.434,14.7716,1.01485,-315980,-7528.23,316.647,25.9803,42190.4,4677.4,509.641,28.025
0.0638063,0,484.434,14.7765,1.015,-316032,-7531.39,316.572,25.9834,42070.8,4677.82,509.688,28.0301
0.0638163,0,484.434,14.7813,1.01515,-316083,-7534.55,316.497,25.9866,41951.1,4678.24,509.735,28.0352
0.0638263,0,484.434,14.7862,1.0153,-316135,-7537.72,316.422,25.9898,41831.4,4678.66,509.782,28.0403
0.0638363,0,484.434,14.791,1.01544,-316186,-7540.88,316.346,25.9929,41711.6,4679.08,509.829,28.0454
0.0638463,0,484.434,14.7958,1.01559,-316238,-7544.04,316.271,25.9961,41591.7,4679.49,509.875,28.0505
0.0638563,0,484.434,14.8007,1.01574,-316289,-7547.2,316.195,25.9993,41471.9,4679.91,509.922,28.0556
0.0638663,0,484.434,14.8055,1.01589,-316341,-7550.36,316.12,26.0024,41351.9,4680.32,509.969,28.0607
0.0638763,0,484.434,14.8104,1.01603,-316392,-7553.53,316.044,26.0056,41231.9,4680.74,510.016,28.0658
0.0638863,0,484.434,14.8152,1.01618,-316444,-7556.69,315.969,26.0087,41111.8,4681.15,510.063,28.0709
0.0638963,0,484.434,14.8201,1.01633,-316495,-7559.85,315.893,26.0119,40991.8,4681.56,510.109,28.076
0.0639063,0,484.434,14.8249,1.01648,-316547,-7563.02,315.818,26.0151,40871.6,4681.97,510.156,28.0811
0.0639163,0,484.434,14.8298,1.01663,-316598,-7566.18,315.742,26.0182,40751.4,4682.38,510.203,28.0862
0.0639263,0,484.434,14.8346,1.01678,-316649,-7569.35,315.666,26.0214,40631.1,4682.78,510.25,28.0913
0.0639363,0,484.434,14.8394,1.01692,-316701,-7572.52,315.591,26.0245,40510.8,4683.19,510.297,28.0964
0.0639463,0,484.434,14.8443,1.01707,-316752,-7575.68,315.515,26.0277,40390.4,4683.59,510.343,28.1015
0.0639563,0,484.434,14.8491,1.01722,-316804,-7578.85,315.439,26.0308,40270,4684,510.39,28.1066
0.0639663,0,484.434,14.854,1.01737,-316855,-7582.02,315.363,26.034,40149.5,4684.4,510.437,28.1117
0.0639763,0,484.434,14.8588,1.01752,-316906,-7585.19,315.287,26.0371,40029,4684.8,510.484,28.1168
0.0639863,0,484.434,14.8637,1.01767,-316958,-7588.36,315.212,26.0403,39908.4,4685.2,510.531,28.122
0.0639963,0,484.434,14.8685,1.01782,-317009,-7591.52,315.136,26.0434,39787.7,4685.6,510.578,28.1271
0.0640063,0,484.434,14.8733,1.01796,-317060,-7594.69,315.06,26.0466,39667,4685.99,510.624,28.1322
0.0640163,0,484.434,14.8782,1.01811,-317111,-7597.87,314.984,26.0497,39546.3,4686.39,510.671,28.1373
0.0640263,0,484.434,14.883,1.01826,-317163,-7601.04,314.908,26.0529,39425.5,4686.78,510.718,28.1424
0.0640363,0,484.434,14.8879,1.01841,-317214,-7604.21,314.832,26.056,39304.6,4687.18,510.765,28.1475
0.0640462,0,484.434,14.8927,1.01856,-317265,-7607.38,314.756,26.0592,39183.7,4687.57,510.812,28.1526
0.0640562,0,484.434,14.8976,1.01871,-317316,-7610.55,314.68,26.0623,39062.7,4687.96,510.859,28.1577
0.0640662,0,484.434,14.9024,1.01886,-317368,-7613.73,314.604,26.0655,38941.7,4688.35,510.906,28.1628
0.0640762,0,484.434,14.9073,1.01901,-317419,-7616.9,314.527,26.0686,38820.6,4688.74,510.953,28.1679
0.0640862,0,484.434,14.9121,1.01916,-317470,-7620.07,314.451,26.0718,38699.5,4689.13,510.999,28.173
0.0640962,0,484.434,14.9169,1.0193,-317521,-7623.25,314.375,26.0749,38578.4,4689.51,511.046,28.1781
0.0641062,0,484.434,14.9218,1.01945,-317572,-7626.42,314.299,26.0781,38457.1,4689.9,511.093,28.1832
0.0641162,0,484.434,14.9266,1.0196,-317624,-7629.6,314.223,26.0812,38335.8,4690.28,511.14,28.1884
0.0641262,0,484.434,14.9315,1.01975,-317675,-7632.77,314.146,26.0843,38214.4,4690.67,511.187,28.1935
0.0641362,0,484.434,14.9363,1.0199,-317726,-7635.95,314.07,26.0875,38093.1,4691.05,511.234,28.1986
0.0641462,0,484.434,14.9412,1.02005,-317777,-7639.13,313.994,26.0906,37971.6,4691.43,511.281,28.2037
0.0641562,0,484.434,14.946,1.0202,-317828,-7642.3,313.917,26.0938,37850.2,4691.81,511.328,28.2088
0.0641662,0,484.434,14.9508,1.02035,-317879,-7645.48,313.841,26.0969,37728.6,4692.19,511.375,28.2139
0.0641762,0,484.434,14.9557,1.0205,-317930,-7648.66,313.764,26.1,37607,4692.56,511.422,28.219
0.0641862,0,484.434,14.9605,1.02065,-317981,-7651.84,313.688,26.1032,37485.3,4692.94,511.468,28.2241
0.0641962,0,484.434,14.9654,1.0208,-318032,-7655.02,313.611,26.1063,37363.6,4693.31,511.515,28.2293
0.0642062,0,484.434,14.9702,1.02095,-318084,-7658.2,313.535,26.1095,37241.8,4693.68,511.562,28.2344
0.0642162,0,484.434,14.9751,1.0211,-318135,-7661.38,313.458,26.1126,37119.9,4694.06,511.609,28.2395
0.0642262,0,484.434,14.9799,1.02125,-318186,-7664.56,313.381,26.1157,36998.1,4694.43,511.656,28.2446
0.0642362,0,484.434,14.9848,1.0214,-318237,-7667.74,313.305,26.1189,36876.2,4694.8,511.703,28.2497
0.0642462,0,484.434,14.9896,1.02155,-318288,-7670.93,313.228,26.122,36754.2,4695.16,511.75,28.2548
0.0642562,0,484.434,14.9944,1.0217,-318339,-7674.11,313.151,26.1251,36632.1,4695.53,511.797,28.26
0.0642662,0,484.434,14.9993,1.02185,-318390,-7677.29,313.075,26.1283,36510,4695.9,511.844,28.2651
0.0642762,0,484.434,15.0041,1.022,-318440,-7680.48,312.998,26.1314,36387.9,4696.26,511.891,28.2702
0.0642862,0,484.434,15.009,1.02215,-318491,-7683.66,312.921,26.1345,36265.7,4696.62,511.938,28.2753
0.0642962,0,484.434,15.0138,1.0223,-318542,-7686.85,312.844,26.1376,36143.4,4696.99,511.985,28.2804
0.0643062,0,484.434,15.0187,1.02245,-318593,-7690.03,312.767,26.1408,36021.1,4697.35,512.032,28.2856
0.0643162,0,484.434,15.0235,1.0226,-318644,-7693.22,312.69,26.1439,35898.7,4697.71,512.079,28.2907
0.0643262,0,484.434,15.0283,1.02275,-318695,-7696.4,312.614,26.147,35776.3,4698.06,512.126,28.2958
0.0643362,0,484.434,15.0332,1.0229,-318746,-7699.59,312.537,26.1502,35653.8,4698.42,512.173,28.3009
0.0643462,0,484.434,15.038,1.02305,-318797,-7702.78,312.46,26.1533,35531.3,4698.78,512.22,28.306
0.0643562,0,484.434,15.0429,1.0232,-318848,-7705.97,312.383,26.1564,35408.7,4699.13,512.267,28.3112
0.0643662,0,484.434,15.0477,1.02335,-318899,-7709.15,312.305,26.1595,35286.1,4699.48,512.314,28.3163
0.0643762,0,484.434,15.0526,1.0235,-318949,-7712.34,312.228,26.1626,35163.4,4699.84,512.361,28.3214
0.0643862,0,484.434,15.0574,1.02365,-319000,-7715.53,312.151,26.1658,35040.7,4700.19,512.408,28.3265
0.0643962,0,484.434,15.0623,1.0238,-319051,-7718.72,312.074,26.1689,34917.9,4700.54,512.455,28.3317
0.0644062,0,484.434,15.0671,1.02395,-319102,-7721.91,311.997,26.172,34795,4700.89,512.502,28.3368
0.0644162,0,484.434,15.0719,1.0241,-319153,-7725.1,311.92,26.1751,34672.1,4701.23,512.549,28.3419
0.0644262,0,484.434,15.0768,1.02425,-319203,-7728.29,311.842,26.1782,34549.1,4701.58,512.596,28.347
0.0644362,0,484.434,15.0816,1.0244,-319254,-7731.49,311.765,26.1814,34426.1,4701.93,512.643,28.3522
0.0644462,0,484.434,15.0865,1.02455,-319305,-7734.68,311.688,26.1845,34303.1,4702.27,512.69,28.3573
0.0644562,0,484.434,15.0913,1.02471,-319356,-7737.87,311.61,26.1876,34180,4702.61,512.737,28.3624
0.0644662,0,484.434,15.0962,1.02486,-319406,-7741.06,311.533,26.1907,34056.8,4702.95,512.784,28.3675
0.0644762,0,484.434,15.101,1.02501,-319457,-7744.26,311.456,26.1938,33933.5,4703.29,512.831,28.3727
0.0644862,0,484.434,15.1058,1.02516,-319508,-7747.45,311.378,26.1969,33810.3,4703.63,512.878,28.3778
0.0644962,0,484.434,15.1107,1.02531,-319558,-7750.65,311.301,26.2001,33686.9,4703.97,512.925,28.3829
0.0645062,0,484.434,15.1155,1.02546,-319609,-7753.84,311.223,26.2032,33563.6,4704.3,512.972,28.3881
0.0645162,0,484.434,15.1204,1.02561,-319660,-7757.04,311.146,26.2063,33440.1,4704.64,513.019,28.3932
0.0645262,0,484.434,15.1252,1.02576,-319710,-7760.24,311.068,26.2094,33316.6,4704.97,513.066,28.3983
0.0645362,0,484.434,15.1301,1.02591,-319761,-7763.43,310.991,26.2125,33193.1,4705.31,513.113,28.4035
0.0645462,0,484.434,15.1349,1.02607,-319811,-7766.63,310.913,26.2156,33069.4,4705.64,513.16,28.4086
0.0645562,0,484.434,15.1398,1.02622,-319862,-7769.83,310.835,26.2187,32945.8,4705.97,513.207,28.4137
0.0645662,0,484.434,15.1446,1.02637,-319912,-7773.02,310.757,26.2218,32822.1,4706.3,513.254,28.4188
0.0645762,0,484.434,15.1494,1.02652,-319963,-7776.23,310.68,26.2249,32698.3,4706.62,513.301,28.424
0.0645862,0,484.434,15.1543,1.02667,-320014,-7779.42,310.602,26.228,32574.5,4706.95,513.348,28.4291
0.0645962,0,484.434,15.1591,1.02682,-320064,-7782.62,310.524,26.2311,32450.6,4707.27,513.395,28.4342
0.0646062,0,484.434,15.164,1.02697,-320115,-7785.82,310.446,26.2343,32326.7,4707.6,513.442,28.4394
0.0646162,0,484.434,15.1688,1.02713,-320165,-7789.03,310.368,26.2374,32202.7,4707.92,513.489,28.4445
0.0646262,0,484.434,15.1737,1.02728,-320216,-7792.23,310.291,26.2405,32078.6,4708.24,513.536,28.4497
0.0646362,0,484.434,15.1785,1.02743,-320266,-7795.43,310.213,26.2436,31954.5,4708.56,513.584,28.4548
0.0646462,0,484.434,15.1833,1.02758,-320317,-7798.63,310.135,26.2467,31830.4,4708.88,513.631,28.4599
0.0646562,0,484.434,15.1882,1.02773,-320367,-7801.83,310.057,26.2498,31706.2,4709.2,513.678,28.4651
0.0646662,0,484.434,15.193,1.02788,-320417,-7805.04,309.979,26.2529,31581.9,4709.52,513.725,28.4702
0.0646762,0,484.434,15.1979,1.02804,-320468,-7808.24,309.901,26.256,31457.6,4709.83,513.772,28.4753
0.0646862,0,484.434,15.2027,1.02819,-320518,-7811.45,309.823,26.2591,31333.2,4710.14,513.819,28.4805
0.0646962,0,484.434,15.2076,1.02834,-320569,-7814.65,309.744,26.2622,31208.8,4710.46,513.866,28.4856
0.0647062,0,484.434,15.2124,1.02849,-320619,-7817.86,309.666,26.2653,31084.3,4710.77,513.913,28.4908
0.0647162,0,484.434,15.2173,1.02864,-320669,-7821.06,309.588,26.2684,30959.8,4711.08,513.96,28.4959
0.0647262,0,484.434,15.2221,1.0288,-320720,-7824.27,309.51,26.2715,30835.2,4711.39,514.008,28.501
0.0647362,0,484.434,15.2269,1.02895,-320770,-7827.48,309.432,26.2745,30710.6,4711.7,514.055,28.5062
0.0647462,0,484.434,15.2318,1.0291,-320820,-7830.68,309.353,26.2776,30585.9,4712,514.102,28.5113
0.0647562,0,484.434,15.2366,1.02925,-320871,-7833.89,309.275,26.2807,30461.1,4712.31,514.149,28.5165
0.0647662,0,484.434,15.2415,1.02941,-320921,-7837.1,309.197,26.2838,30336.4,4712.61,514.196,28.5216
0.0647762,0,484.434,15.2463,1.02956,-320971,-7840.31,309.118,26.2869,30211.5,4712.91,514.243,28.5267
0.0647862,0,484.434,15.2512,1.02971,-321021,-7843.52,309.04,26.29,30086.6,4713.21,514.29,28.5319
0.0647961,0,484.434,15.256,1.02986,-321072,-7846.73,308.961,26.2931,29961.6,4713.52,514.337,28.537
0.0648061,0,484.434,15.2608,1.03002,-321122,-7849.94,308.883,26.2962,29836.6,4713.81,514.384,28.5422
0.0648161,0,484.434,15.2657,1.03017,-321172,-7853.15,308.804,26.2993,29711.5,4714.11,514.432,28.5473
0.0648261,0,484.434,15.2705,1.03032,-321222,-7856.36,308.726,26.3024,29586.4,4714.41,514.479,28.5525
0.0648361,0,484.434,15.2754,1.03047,-321273,-7859.58,308.647,26.3055,29461.2,4714.7,514.526,28.5576
0.0648461,0,484.434,15.2802,1.03063,-321323,-7862.79,308.569,26.3085,29336,4715,514.573,28.5627
0.0648561,0,484.434,15.2851,1.03078,-321373,-7866,308.49,26.3116,29210.7,4715.29,514.62,28.5679
0.0648661,0,484.434,15.2899,1.03093,-321423,-7869.21,308.411,26.3147,29085.3,4715.58,514.667,28.573
0.0648761,0,484.434,15.2948,1.03109,-321473,-7872.43,308.333,26.3178,28960,4715.87,514.714,28.5782
0.0648861,0,484.434,15.2996,1.03124,-321523,-7875.64,308.254,26.3209,28834.5,4716.16,514.762,28.5833
0.0648961,0,484.434,15.3044,1.03139,-321573,-7878.86,308.175,26.324,28709,4716.45,514.809,28.5885
0.0649061,0,484.434,15.3093,1.03154,-321623,-7882.07,308.096,26.327,28583.4,4716.73,514.856,28.5936
0.0649161,0,484.434,15.3141,1.0317,-321673,-7885.29,308.018,26.3301,28457.8,4717.02,514.903,28.5988
0.0649261,0,484.434,15.319,1.03185,-321724,-7888.51,307.939,26.3332,28332.1,4717.3,514.95,28.6039
0.0649361,0,484.434,15.3238,1.032,-321773,-7891.72,307.86,26.3363,28206.4,4717.59,514.997,28.6091
0.0649461,0,484.434,15.3287,1.03216,-321824,-7894.94,307.781,26.3394,28080.6,4717.87,515.045,28.6142
0.0649561,0,484.434,15.3335,1.03231,-321874,-7898.16,307.702,26.3424,27954.9,4718.15,515.092,28.6194
0.0649661,0,484.434,15.3383,1.03246,-321923,-7901.38,307.623,26.3455,27828.9,4718.43,515.139,28.6245
0.0649761,0,484.434,15.3432,1.03262,-321973,-7904.59,307.544,26.3486,27703,4718.7,515.186,28.6297
0.0649861,0,484.434,15.348,1.03277,-322023,-7907.82,307.465,26.3517,27577,4718.98,515.233,28.6348
0.0649961,0,484.434,15.3529,1.03292,-322073,-7911.04,307.386,26.3547,27450.9,4719.26,515.28,28.64
0.0650061,0,484.434,15.3577,1.03308,-322123,-7914.26,307.307,26.3578,27324.8,4719.53,515.328,28.6451
0.0650161,0,484.434,15.3626,1.03323,-322173,-7917.48,307.228,26.3609,27198.7,4719.8,515.375,28.6503
0.0650261,0,484.434,15.3674,1.03338,-322223,-7920.7,307.148,26.364,27072.4,4720.07,515.422,28.6554
0.0650361,0,484.434,15.3722,1.03354,-322273,-7923.92,307.069,26.367,26946.2,4720.34,515.469,28.6606
0.0650461,0,484.434,15.3771,1.03369,-322323,-7927.14,306.99,26.3701,26819.8,4720.61,515.516,28.6658
0.0650561,0,484.434,15.3819,1.03385,-322373,-7930.37,306.911,26.3732,26693.5,4720.88,515.564,28.6709
0.0650661,0,484.434,15.3868,1.034,-322422,-7933.59,306.831,26.3762,26567.1,4721.15,515.611,28.6761
0.0650761,0,484.434,15.3916,1.03415,-322472,-7936.81,306.752,26.3793,26440.6,4721.41,515.658,28.6812
0.0650861,0,484.434,15.3965,1.03431,-322522,-7940.04,306.673,26.3824,26314,4721.68,515.705,28.6864
0.0650961,0,484.434,15.4013,1.03446,-322572,-7943.26,306.593,26.3854,26187.5,4721.94,515.752,28.6915
0.0651061,0,484.434,15.4062,1.03462,-322622,-7946.49,306.514,26.3885,26060.8,4722.2,515.8,28.6967
0.0651161,0,484.434,15.411,1.03477,-322671,-7949.71,306.434,26.3916,25934.1,4722.46,515.847,28.7018
0.0651261,0,484.434,15.4158,1.03492,-322721,-7952.94,306.355,26.3946,25807.3,4722.72,515.894,28.707
0.0651361,0,484.434,15.4207,1.03508,-322771,-7956.17,306.275,26.3977,25680.5,4722.97,515.941,28.7122
0.0651461,0,484.434,15.4255,1.03523,-322821,-7959.4,306.196,26.4008,25553.6,4723.23,515.989,28.7173
0.0651561,0,484.434,15.4304,1.03539,-322870,-7962.62,306.116,26.4038,25426.7,4723.49,516.036,28.7225
0.0651661,0,484.434,15.4352,1.03554,-322920,-7965.85,306.036,26.4069,25299.7,4723.74,516.083,28.7276
0.0651761,0,484.434,15.4401,1.0357,-322970,-7969.08,305.957,26.4099,25172.7,4723.99,516.13,28.7328
0.0651861,0,484.434,15.4449,1.03585,-323019,-7972.31,305.877,26.413,25045.6,4724.24,516.177,28.738
0.0651961,0,484.434,15.4497,1.036,-323069,-7975.54,305.797,26.4161,24918.5,4724.49,516.225,28.7431
0.0652061,0,484.434,15.4546,1.03616,-323118,-7978.77,305.718,26.4191,24791.2,4724.74,516.272,28.7483
0.0652161,0,484.434,15.4594,1.03631,-323168,-7982,305.638,26.4222,24664,4724.99,516.319,28.7535
0.0652261,0,484.434,15.4643,1.03647,-323218,-7985.23,305.558,26.4252,24536.7,4725.23,516.366,28.7586
0.0652361,0,484.434,15.4691,1.03662,-323267,-7988.47,305.478,26.4283,24409.4,4725.48,516.414,28.7638
0.0652461,0,484.434,15.474,1.03678,-323317,-7991.7,305.398,26.4313,24281.9,4725.72,516.461,28.7689
0.0652561,0,484.434,15.4788,1.03693,-323366,-7994.93,305.318,26.4344,24154.5,4725.96,516.508,28.7741
0.0652661,0,484.434,15.4837,1.03709,-323416,-7998.17,305.238,26.4374,24027,4726.21,516.555,28.7793
0.0652761,0,484.434,15.4885,1.03724,-323465,-8001.4,305.158,26.4405,23899.4,4726.44,516.603,28.7844
0.0652861,0,484.434,15.4933,1.0374,-323515,-8004.63,305.078,26.4435,23771.8,4726.68,516.65,28.7896
0.0652961,0,484.434,15.4982,1.03755,-323564,-8007.87,304.998,26.4466,23644.1,4726.92,516.697,28.7948
0.0653061,0,484.434,15.503,1.03771,-323614,-8011.1,304.918,26.4496,23516.3,4727.16,516.744,28.7999
0.0653161,0,484.434,15.5079,1.03786,-323663,-8014.34,304.838,26.4527,23388.5,4727.39,516.792,28.8051
0.0653261,0,484.434,15.5127,1.03802,-323712,-8017.58,304.758,26.4557,23260.6,4727.62,516.839,28.8103
0.0653361,0,484.434,15.5176,1.03817,-323762,-8020.81,304.678,26.4588,23132.8,4727.86,516.886,28.8154
0.0653461,0,484.434,15.5224,1.03833,-323811,-8024.05,304.598,26.4618,23004.8,4728.09,516.934,28.8206
0.0653561,0,484.434,15.5272,1.03848,-323861,-8027.29,304.517,26.4649,22876.8,4728.32,516.981,28.8258
0.0653661,0,484.434,15.5321,1.03864,-323910,-8030.53,304.437,26.4679,22748.7,4728.54,517.028,28.831
0.0653761,0,484.434,15.5369,1.03879,-323959,-8033.77,304.357,26.471,22620.6,4728.77,517.075,28.8361
0.0653861,0,484.434,15.5418,1.03895,-324009,-8037.01,304.276,26.474,22492.4,4729,517.123,28.8413
0.0653961,0,484.434,15.5466,1.0391,-324058,-8040.25,304.196,26.4771,22364.2,4729.22,517.17,28.8465
0.0654061,0,484.434,15.5515,1.03926,-324107,-8043.49,304.116,26.4801,22235.9,4729.44,517.217,28.8516
0.0654161,0,484.434,15.5563,1.03941,-324156,-8046.73,304.035,26.4831,22107.5,4729.67,517.265,28.8568
0.0654261,0,484.434,15.5612,1.03957,-324206,-8049.97,303.955,26.4862,21979.1,4729.89,517.312,28.862
0.0654361,0,484.434,15.566,1.03973,-324255,-8053.21,303.874,26.4892,21850.7,4730.1,517.359,28.8672
0.0654461,0,484.434,15.5708,1.03988,-324304,-8056.45,303.794,26.4923,21722.1,4730.32,517.406,28.8723
0.0654561,0,484.434,15.5757,1.04004,-324353,-8059.7,303.713,26.4953,21593.6,4730.54,517.454,28.8775
0.0654661,0,484.434,15.5805,1.04019,-324403,-8062.94,303.633,26.4983,21465,4730.75,517.501,28.8827
0.0654761,0,484.434,15.5854,1.04035,-324452,-8066.18,303.552,26.5014,21336.3,4730.97,517.548,28.8879
0.0654861,0,484.434,15.5902,1.0405,-324501,-8069.43,303.471,26.5044,21207.6,4731.18,517.596,28.893
0.0654961,0,484.434,15.5951,1.04066,-324550,-8072.67,303.391,26.5074,21078.8,4731.39,517.643,28.8982
0.0655061,0,484.434,15.5999,1.04082,-324599,-8075.92,303.31,26.5105,20949.9,4731.6,517.69,28.9034
0.0655161,0,484.434,15.6047,1.04097,-324648,-8079.16,303.229,26.5135,20821,4731.81,517.738,28.9086
0.0655261,0,484.434,15.6096,1.04113,-324697,-8082.41,303.148,26.5165,20692.1,4732.02,517.785,28.9137
0.0655361,0,484.434,15.6144,1.04128,-324746,-8085.66,303.067,26.5196,20563.1,4732.23,517.832,28.9189
0.0655461,0,484.434,15.6193,1.04144,-324795,-8088.9,302.987,26.5226,20434.1,4732.43,517.88,28.9241
0.065556,0,484.434,15.6241,1.0416,-324844,-8092.15,302.906,26.5256,20305,4732.63,517.927,28.9293
0.065566,0,484.434,15.629,1.04175,-324893,-8095.4,302.825,26.5286,20175.8,4732.84,517.974,28.9345
0.065576,0,484.434,15.6338,1.04191,-324942,-8098.65,302.744,26.5317,20046.5,4733.04,518.021,28.9396
0.065586,0,484.434,15.6387,1.04207,-324991,-8101.9,302.663,26.5347,19917.3,4733.24,518.069,28.9448
0.065596,0,484.434,15.6435,1.04222,-325040,-8105.15,302.582,26.5377,19788,4733.44,518.116,28.95
0.065606,0,484.434,15.6483,1.04238,-325089,-8108.4,302.501,26.5408,19658.6,4733.63,518.163,28.9552
0.065616,0,484.434,15.6532,1.04253,-325138,-8111.65,302.42,26.5438,19529.1,4733.83,518.211,28.9604
0.065626,0,484.434,15.658,1.04269,-325187,-8114.9,302.339,26.5468,19399.7,4734.02,518.258,28.9655
0.065636,0,484.434,15.6629,1.04285,-325236,-8118.15,302.257,26.5498,19270.1,4734.22,518.305,28.9707
0.065646,0,484.434,15.6677,1.043,-325285,-8121.4,302.176,26.5528,19140.5,4734.41,518.353,28.9759
0.065656,0,484.434,15.6726,1.04316,-325334,-8124.66,302.095,26.5559,19010.8,4734.6,518.4,28.9811
0.065666,0,484.434,15.6774,1.04332,-325383,-8127.91,302.014,26.5589,18881.1,4734.79,518.447,28.9863
0.065676,0,484.434,15.6822,1.04347,-325431,-8131.16,301.932,26.5619,18751.3,4734.98,518.495,28.9915
0.065686,0,484.434,15.6871,1.04363,-325480,-8134.42,301.851,26.5649,18621.5,4735.16,518.542,28.9967
0.065696,0,484.434,15.6919,1.04379,-325529,-8137.67,301.77,26.5679,18491.6,4735.35,518.589,29.0018
0.065706,0,484.434,15.6968,1.04395,-325578,-8140.93,301.688,26.571,18361.7,4735.53,518.637,29.007
0.065716,0,484.434,15.7016,1.0441,-325627,-8144.18,301.607,26.574,18231.7,4735.72,518.684,29.0122
0.065726,0,484.434,15.7065,1.04426,-325675,-8147.44,301.525,26.577,18101.7,4735.9,518.732,29.0174
0.065736,0,484.434,15.7113,1.04442,-325724,-8150.69,301.444,26.58,17971.5,4736.08,518.779,29.0226
0.065746,0,484.434,15.7162,1.04457,-325773,-8153.95,301.362,26.583,17841.4,4736.26,518.826,29.0278
0.065756,0,484.434,15.721,1.04473,-325821,-8157.21,301.281,26.586,17711.2,4736.44,518.874,29.033
0.065766,0,484.434,15.7258,1.04489,-325870,-8160.47,301.199,26.5891,17580.9,4736.61,518.921,29.0382
0.065776,0,484.434,15.7307,1.04505,-325919,-8163.73,301.118,26.5921,17450.6,4736.79,518.968,29.0433
0.065786,0,484.434,15.7355,1.0452,-325967,-8166.98,301.036,26.5951,17320.2,4736.96,519.016,29.0485
0.065796,0,484.434,15.7404,1.04536,-326016,-8170.24,300.954,26.5981,17189.8,4737.13,519.063,29.0537
0.065806,0,484.434,15.7452,1.04552,-326064,-8173.5,300.873,26.6011,17059.3,4737.3,519.11,29.0589
0.065816,0,484.434,15.7501,1.04567,-326113,-8176.76,300.791,26.6041,16928.8,4737.47,519.158,29.0641
0.065826,0,484.434,15.7549,1.04583,-326162,-8180.02,300.709,26.6071,16798.2,4737.64,519.205,29.0693
0.065836,0,484.434,15.7597,1.04599,-326210,-8183.29,300.627,26.6101,16667.5,4737.81,519.253,29.0745
0.065846,0,484.434,15.7646,1.04615,-326259,-8186.55,300.546,26.6131,16536.8,4737.98,519.3,29.0797
0.065856,0,484.434,15.7694,1.0463,-326307,-8189.81,300.464,26.6161,16406.1,4738.14,519.347,29.0849
0.065866,0,484.434,15.7743,1.04646,-326356,-8193.07,300.382,26.6191,16275.2,4738.3,519.395,29.0901
0.065876,0,484.434,15.7791,1.04662,-326404,-8196.34,300.3,26.6221,16144.4,4738.47,519.442,29.0953
0.065886,0,484.434,15.784,1.04678,-326452,-8199.6,300.218,26.6251,16013.5,4738.63,519.489,29.1005
0.065896,0,484.434,15.7888,1.04694,-326501,-8202.87,300.136,26.6281,15882.5,4738.79,519.537,29.1057
0.065906,0,484.434,15.7936,1.04709,-326549,-8206.13,300.054,26.6311,15751.4,4738.95,519.584,29.1108
0.065916,0,484.434,15.7985,1.04725,-326598,-8209.4,299.972,26.6341,15620.3,4739.1,519.632,29.116
0.065926,0,484.434,15.8033,1.04741,-326646,-8212.66,299.89,26.6371,15489.2,4739.26,519.679,29.1212
0.065936,0,484.434,15.8082,1.04757,-326694,-8215.93,299.807,26.6401,15358,4739.41,519.726,29.1264
0.065946,0,484.434,15.813,1.04773,-326743,-8219.19,299.725,26.6431,15226.7,4739.56,519.774,29.1316
0.065956,0,484.434,15.8179,1.04788,-326791,-8222.46,299.643,26.6461,15095.4,4739.72,519.821,29.1368
0.065966,0,484.434,15.8227,1.04804,-326839,-8225.73,299.561,26.6491,14964.1,4739.87,519.868,29.142
0.065976,0,484.434,15.8276,1.0482,-326888,-8229,299.479,26.6521,14832.6,4740.02,519.916,29.1472
0.065986,0,484.434,15.8324,1.04836,-326936,-8232.27,299.396,26.6551,14701.2,4740.16,519.963,29.1524
0.065996,0,484.434,15.8372,1.04852,-326984,-8235.54,299.314,26.6581,14569.6,4740.31,520.011,29.1576
0.066006,0,484.434,15.8421,1.04868,-327032,-8238.81,299.232,26.6611,14438,4740.45,520.058,29.1628
0.066016,0,484.434,15.8469,1.04883,-327081,-8242.08,299.149,26.6641,14306.4,4740.6,520.105,29.168
0.066026,0,484.434,15.8518,1.04899,-327129,-8245.35,299.067,26.6671,14174.7,4740.74,520.153,29.1732
0.066036,0,484.434,15.8566,1.04915,-327177,-8248.62,298.984,26.6701,14042.9,4740.88,520.2,29.1784
0.066046,0,484.434,15.8615,1.04931,-327225,-8251.89,298.902,26.6731,13911.2,4741.02,520.248,29.1836
0.066056,0,484.434,15.8663,1.04947,-327273,-8255.16,298.819,26.6761,13779.3,4741.16,520.295,29.1888
0.066066,0,484.434,15.8711,1.04963,-327321,-8258.43,298.737,26.679,13647.3,4741.3,520.343,29.194
0.066076,0,484.434,15.876,1.04979,-327369,-8261.71,298.654,26.682,13515.4,4741.43,520.39,29.1992
0.066086,0,484.434,15.8808,1.04994,-327417,-8264.98,298.572,26.685,13383.4,4741.57,520.437,29.2044
0.066096,0,484.434,15.8857,1.0501,-327465,-8268.25,298.489,26.688,13251.3,4741.7,520.485,29.2097
0.066106,0,484.434,15.8905,1.05026,-327513,-8271.53,298.406,26.691,13119.1,4741.83,520.532,29.2149
0.066116,0,484.434,15.8954,1.05042,-327562,-8274.8,298.324,26.694,12986.9,4741.96,520.58,29.2201
0.066126,0,484.434,15.9002,1.05058,-327610,-8278.08,298.241,26.697,12854.7,4742.09,520.627,29.2253
0.066136,0,484.434,15.9051,1.05074,-327658,-8281.36,298.158,26.6999,12722.4,4742.22,520.674,29.2305
0.066146,0,484.434,15.9099,1.0509,-327705,-8284.63,298.075,26.7029,12590.1,4742.35,520.722,29.2357
0.066156,0,484.434,15.9147,1.05106,-327753,-8287.91,297.992,26.7059,12457.6,4742.47,520.769,29.2409
0.066166,0,484.434,15.9196,1.05122,-327801,-8291.18,297.909,26.7089,12325.1,4742.6,520.817,29.2461
0.066176,0,484.434,15.9244,1.05138,-327849,-8294.46,297.827,26.7119,12192.6,4742.72,520.864,29.2513
0.066186,0,484.434,15.9293,1.05153,-327897,-8297.74,297.744,26.7148,12060,4742.84,520.911,29.2565
0.066196,0,484.434,15.9341,1.05169,-327945,-8301.02,297.661,26.7178,11927.4,4742.96,520.959,29.2617
0.066206,0,484.434,15.939,1.05185,-327993,-8304.3,297.578,26.7208,11794.7,4743.08,521.006,29.2669
0.066216,0,484.434,15.9438,1.05201,-328041,-8307.58,297.495,26.7238,11662,4743.19,521.054,29.2721
0.066226,0,484.434,15.9486,1.05217,-328088,-8310.86,297.411,26.7267,11529.2,4743.31,521.101,29.2774
0.066236,0,484.434,15.9535,1.05233,-328136,-8314.14,297.328,26.7297,11396.3,4743.42,521.149,29.2826
0.066246,0,484.434,15.9583,1.05249,-328184,-8317.42,297.245,26.7327,11263.4,4743.54,521.196,29.2878
0.066256,0,484.434,15.9632,1.05265,-328232,-8320.7,297.162,26.7357,11130.4,4743.65,521.243,29.293
0.066266,0,484.434,15.968,1.05281,-328279,-8323.98,297.079,26.7386,10997.4,4743.76,521.291,29.2982
0.066276,0,484.434,15.9729,1.05297,-328327,-8327.27,296.996,26.7416,10864.4,4743.87,521.338,29.3034
0.066286,0,484.434,15.9777,1.05313,-328375,-8330.55,296.912,26.7446,10731.2,4743.98,521.386,29.3086
0.066296,0,484.434,15.9826,1.05329,-328422,-8333.83,296.829,26.7475,10598,4744.09,521.433,29.3138
0.066306,0,484.434,15.9874,1.05345,-328470,-8337.12,296.746,26.7505,10464.7,4744.19,521.481,29.3191
0.0663159,0,484.434,15.9922,1.05361,-328518,-8340.4,296.662,26.7535,10331.5,4744.29,521.528,29.3243
0.0663259,-33419.8,484.269,15.9971,1.05377,-328479,-8343.69,296.579,26.7564,10149.3,4744.4,521.575,29.3295
0.0663359,-33419.8,483.935,16.0019,1.05393,-328352,-8346.97,296.495,26.7594,9916.83,4744.5,521.623,29.3347
0.0663459,-33419.8,483.601,16.0068,1.05409,-328226,-8350.25,296.412,26.7624,9684.5,4744.6,521.67,29.3399
0.0663559,-33419.8,483.266,16.0116,1.05425,-328099,-8353.53,296.328,26.7653,9452.19,4744.69,521.718,29.3451
0.0663659,-33419.8,482.932,16.0164,1.05441,-327972,-8356.81,296.245,26.7683,9219.94,4744.78,521.765,29.3504
0.0663759,-33419.8,482.598,16.0213,1.05457,-327845,-8360.09,296.161,26.7713,8987.73,4744.88,521.813,29.3556
0.0663859,-33419.8,482.264,16.0261,1.05473,-327717,-8363.37,296.078,26.7742,8755.62,4744.96,521.86,29.3608
0.0663959,-33419.8,481.93,16.0309,1.05489,-327590,-8366.65,295.994,26.7772,8523.53,4745.05,521.908,29.366
0.0664059,-33419.8,481.596,16.0357,1.05505,-327463,-8369.92,295.91,26.7801,8291.5,4745.13,521.955,29.3712
0.0664159,-33419.8,481.261,16.0405,1.05521,-327335,-8373.19,295.827,26.7831,8059.55,4745.22,522.002,29.3764
0.0664259,-33419.8,480.927,16.0453,1.05537,-327208,-8376.47,295.743,26.7861,7827.62,4745.3,522.05,29.3817
0.0664359,-33419.8,480.593,16.0501,1.05553,-327080,-8379.74,295.659,26.789,7595.8,4745.37,522.097,29.3869
0.0664459,-33419.8,480.259,16.0549,1.05569,-326953,-8383.01,295.575,26.792,7363.98,4745.45,522.145,29.3921
0.0664559,-33419.8,479.925,16.0597,1.05585,-326825,-8386.28,295.492,26.7949,7132.28,4745.52,522.192,29.3973
0.0664659,-33419.8,479.591,16.0645,1.05601,-326697,-8389.54,295.408,26.7979,6900.61,4745.59,522.24,29.4026
0.0664759,-33419.8,479.257,16.0693,1.05617,-326569,-8392.81,295.324,26.8008,6668.95,4745.66,522.287,29.4078
0.0664859,-33419.8,478.922,16.0741,1.05633,-326441,-8396.07,295.24,26.8038,6437.41,4745.72,522.335,29.413
0.0664959,-33419.8,478.588,16.0789,1.0565,-326313,-8399.34,295.156,26.8067,6205.91,4745.79,522.382,29.4182
0.0665059,-33419.8,478.254,16.0837,1.05666,-326185,-8402.6,295.072,26.8097,5974.45,4745.85,522.43,29.4234
0.0665159,-33419.8,477.92,16.0885,1.05682,-326057,-8405.86,294.988,26.8126,5743.09,4745.91,522.477,29.4287
0.0665259,-33419.8,477.586,16.0933,1.05698,-325928,-8409.12,294.904,26.8156,5511.75,4745.96,522.524,29.4339
0.0665359,-33419.8,477.252,16.098,1.05714,-325800,-8412.38,294.82,26.8185,5280.48,4746.02,522.572,29.4391
0.0665459,-33419.8,476.917,16.1028,1.0573,-325671,-8415.63,294.736,26.8215,5049.28,4746.07,522.619,29.4443
0.0665559,-33419.8,476.583,16.1076,1.05746,-325543,-8418.89,294.651,26.8244,4818.08,4746.12,522.667,29.4496
0.0665659,-33419.8,476.249,16.1123,1.05762,-325414,-8422.14,294.567,26.8274,4587,4746.17,522.714,29.4548
0.0665759,-33419.8,475.915,16.1171,1.05778,-325285,-8425.4,294.483,26.8303,4355.97,4746.21,522.762,29.46
0.0665859,-33419.8,475.581,16.1218,1.05794,-325156,-8428.65,294.399,26.8333,4124.98,4746.25,522.809,29.4653
0.0665959,-33419.8,475.247,16.1266,1.05811,-325027,-8431.9,294.314,26.8362,3894.08,4746.29,522.857,29.4705
0.0666059,-33419.8,474.913,16.1314,1.05827,-324898,-8435.15,294.23,26.8391,3663.17,4746.33,522.904,29.4757
0.0666159,-33419.8,474.578,16.1361,1.05843,-324769,-8438.4,294.146,26.8421,3432.39,4746.36,522.952,29.4809
0.0666259,-33419.8,474.244,16.1408,1.05859,-324640,-8441.64,294.061,26.845,3201.67,4746.4,522.999,29.4862
0.0666359,-33419.8,473.91,16.1456,1.05875,-324511,-8444.89,293.977,26.848,2971,4746.43,523.046,29.4914
0.0666459,-33419.8,473.576,16.1503,1.05891,-324381,-8448.13,293.893,26.8509,2740.39,4746.46,523.094,29.4966
0.0666559,-33419.8,473.242,16.1551,1.05907,-324252,-8451.38,293.808,26.8539,2509.77,4746.48,523.141,29.5019
0.0666659,-33419.8,472.908,16.1598,1.05924,-324122,-8454.62,293.723,26.8568,2279.3,4746.51,523.189,29.5071
0.0666759,-33419.8,472.573,16.1645,1.0594,-323993,-8457.86,293.639,26.8597,2048.86,4746.53,523.236,29.5123
0.0666859,-33419.8,472.239,16.1692,1.05956,-323863,-8461.1,293.554,26.8627,1818.47,4746.55,523.284,29.5176
0.0666959,-33419.8,471.905,16.174,1.05972,-323733,-8464.33,293.47,26.8656,1588.12,4746.57,523.331,29.5228
0.0667059,-33419.8,471.571,16.1787,1.05988,-323604,-8467.57,293.385,26.8685,1357.86,4746.58,523.379,29.528
0.0667159,-33419.8,471.237,16.1834,1.06004,-323474,-8470.81,293.3,26.8715,1127.69,4746.59,523.426,29.5333
0.0667259,-33419.8,470.903,16.1881,1.06021,-323344,-8474.04,293.216,26.8744,897.547,4746.6,523.474,29.5385
0.0667359,-33419.8,470.569,16.1928,1.06037,-323213,-8477.27,293.131,26.8773,667.438,4746.61,523.521,29.5437
0.0667459,-33419.8,470.234,16.1975,1.06053,-323083,-8480.5,293.046,26.8803,437.406,4746.62,523.568,29.549
0.0667559,-33419.8,469.9,16.2022,1.06069,-322953,-8483.73,292.961,26.8832,207.484,4746.62,523.616,29.5542
0.0667659,-33419.8,469.566,16.2069,1.06085,-322823,-8486.96,292.877,26.8861,-22.4375,4746.62,523.663,29.5594
0.0667759,-33419.8,469.232,16.2116,1.06102,-322692,-8490.19,292.792,26.889,-252.281,4746.62,523.711,29.5647
0.0667859,-33419.8,468.898,16.2163,1.06118,-322562,-8493.41,292.707,26.892,-482.062,4746.62,523.758,29.5699
0.0667959,-33419.8,468.564,16.221,1.06134,-322431,-8496.64,292.622,26.8949,-711.766,4746.61,523.806,29.5751
0.0668059,-33419.8,468.229,16.2257,1.0615,-322300,-8499.86,292.537,26.8978,-941.453,4746.6,523.853,29.5804
0.0668159,-33419.8,467.895,16.2303,1.06166,-322169,-8503.08,292.452,26.9008,-1171.03,4746.59,523.901,29.5856
0.0668259,-33419.8,467.561,16.235,1.06183,-322039,-8506.3,292.367,26.9037,-1400.56,4746.58,523.948,29.5909
0.0668359,-33419.8,467.227,16.2397,1.06199,-321908,-8509.52,292.282,26.9066,-1630.06,4746.56,523.996,29.5961
0.0668459,-33419.8,466.893,16.2444,1.06215,-321776,-8512.74,292.197,26.9095,-1859.45,4746.55,524.043,29.6013
0.0668559,-33419.8,466.559,16.249,1.06231,-321645,-8515.96,292.111,26.9124,-2088.83,4746.52,524.091,29.6066
0.0668659,-33419.8,466.225,16.2537,1.06248,-321514,-8519.17,292.026,26.9154,-2318.11,4746.5,524.138,29.6118
0.0668759,-33419.8,465.89,16.2583,1.06264,-321383,-8522.39,291.941,26.9183,-2547.33,4746.48,524.185,29.6171
0.0668859,-33419.8,465.556,16.263,1.0628,-321251,-8525.6,291.856,26.9212,-2776.5,4746.45,524.233,29.6223
0.0668959,-33419.8,465.222,16.2677,1.06296,-321120,-8528.81,291.771,26.9241,-3005.58,4746.42,524.28,29.6276
0.0669059,-33419.8,464.888,16.2723,1.06313,-320988,-8532.02,291.685,26.927,-3234.64,4746.39,524.328,29.6328
0.0669159,-33419.8,464.554,16.277,1.06329,-320857,-8535.23,291.6,26.93,-3463.67,4746.36,524.375,29.638
0.0669259,-33419.8,464.22,16.2816,1.06345,-320725,-8538.44,291.515,26.9329,-3692.53,4746.32,524.423,29.6433
0.0669359,-33419.8,463.885,16.2862,1.06361,-320593,-8541.64,291.429,26.9358,-3921.36,4746.29,524.47,29.6485
0.0669459,-33419.8,463.551,16.2909,1.06378,-320461,-8544.85,291.344,26.9387,-4150.2,4746.25,524.518,29.6538
0.0669559,-33419.8,463.217,16.2955,1.06394,-320329,-8548.05,291.258,26.9416,-4378.89,4746.2,524.565,29.659
0.0669659,-33419.8,462.883,16.3001,1.0641,-320197,-8551.25,291.173,26.9445,-4607.59,4746.16,524.613,29.6643
0.0669759,-33419.8,462.549,16.3048,1.06427,-320065,-8554.46,291.087,26.9474,-4836.2,4746.11,524.66,29.6695
0.0669859,-33419.8,462.215,16.3094,1.06443,-319933,-8557.66,291.002,26.9503,-5064.75,4746.06,524.707,29.6748
0.0669959,-33419.8,461.881,16.314,1.06459,-319800,-8560.85,290.916,26.9533,-5293.25,4746.01,524.755,29.68
0.0670059,-33419.8,461.546,16.3186,1.06476,-319668,-8564.05,290.831,26.9562,-5521.64,4745.95,524.802,29.6853
0.0670159,-33419.8,461.212,16.3232,1.06492,-319536,-8567.25,290.745,26.9591,-5750.02,4745.9,524.85,29.6905
0.0670259,-33419.8,460.878,16.3278,1.06508,-319403,-8570.44,290.659,26.962,-5978.3,4745.84,524.897,29.6957
0.0670359,-33419.8,460.544,16.3324,1.06525,-319270,-8573.63,290.574,26.9649,-6206.55,4745.78,524.945,29.701
0.0670459,-33419.8,460.21,16.3371,1.06541,-319138,-8576.82,290.488,26.9678,-6434.67,4745.71,524.992,29.7062
0.0670559,-33419.8,459.876,16.3417,1.06557,-319005,-8580.01,290.402,26.9707,-6662.77,4745.65,525.04,29.7115
0.0670658,-33419.8,459.541,16.3462,1.06574,-318872,-8583.2,290.316,26.9736,-6890.81,4745.58,525.087,29.7167
0.0670758,-33419.8,459.207,16.3508,1.0659,-318739,-8586.39,290.23,26.9765,-7118.78,4745.51,525.135,29.722
0.0670858,-33419.8,458.873,16.3554,1.06606,-318606,-8589.58,290.145,26.9794,-7346.69,4745.44,525.182,29.7273
0.0670958,-33419.8,458.539,16.36,1.06623,-318472,-8592.76,290.059,26.9823,-7574.53,4745.37,525.229,29.7325
0.0671058,-33419.8,458.205,16.3646,1.06639,-318339,-8595.95,289.973,26.9852,-7802.31,4745.29,525.277,29.7378
0.0671158,-33419.8,457.871,16.3692,1.06655,-318206,-8599.13,289.887,26.9881,-8030.02,4745.21,525.324,29.743
0.0671258,-33419.8,457.537,16.3738,1.06672,-318072,-8602.31,289.801,26.991,-8257.67,4745.13,525.372,29.7483
0.0671358,-33419.8,457.202,16.3783,1.06688,-317939,-8605.49,289.715,26.9939,-8485.27,4745.04,525.419,29.7535
0.0671458,-33419.8,456.868,16.3829,1.06704,-317805,-8608.67,289.629,26.9968,-8712.81,4744.96,525.467,29.7588
0.0671558,-33419.8,456.534,16.3875,1.06721,-317672,-8611.84,289.543,26.9997,-8940.23,4744.87,525.514,29.764
0.0671658,-33419.8,456.2,16.392,1.06737,-317538,-8615.02,289.456,27.0026,-9167.61,4744.78,525.562,29.7693
0.0671758,-33419.8,455.866,16.3966,1.06754,-317404,-8618.2,289.37,27.0055,-9394.98,4744.69,525.609,29.7745
0.0671858,-33419.8,455.532,16.4011,1.0677,-317270,-8621.37,289.284,27.0084,-9622.23,4744.59,525.656,29.7798
0.0671958,-33419.8,455.197,16.4057,1.06786,-317136,-8624.54,289.198,27.0113,-9849.44,4744.49,525.704,29.7851
0.0672058,-33419.8,454.863,16.4102,1.06803,-317002,-8627.71,289.112,27.0142,-10076.5,4744.39,525.751,29.7903
0.0672158,-33419.8,454.529,16.4148,1.06819,-316867,-8630.88,289.025,27.017,-10303.6,4744.29,525.799,29.7956
0.0672258,-33419.8,454.195,16.4193,1.06836,-316733,-8634.05,288.939,27.0199,-10530.6,4744.19,525.846,29.8008
0.0672358,-33419.8,453.861,16.4239,1.06852,-316599,-8637.21,288.853,27.0228,-10757.6,4744.08,525.894,29.8061
0.0672458,-33419.8,453.527,16.4284,1.06869,-316464,-8640.38,288.766,27.0257,-10984.4,4743.97,525.941,29.8113
0.0672558,-33419.8,453.193,16.4329,1.06885,-316330,-8643.54,288.68,27.0286,-11211.2,4743.86,525.988,29.8166
0.0672658,-33419.8,452.858,16.4375,1.06901,-316195,-8646.7,288.594,27.0315,-11438,4743.75,526.036,29.8219
0.0672758,-33419.8,452.524,16.442,1.06918,-316060,-8649.86,288.507,27.0344,-11664.6,4743.63,526.083,29.8271
0.0672858,-33419.8,452.19,16.4465,1.06934,-315925,-8653.02,288.421,27.0373,-11891.3,4743.52,526.131,29.8324
0.0672958,-33419.8,451.856,16.451,1.06951,-315791,-8656.18,288.334,27.0401,-12117.7,4743.4,526.178,29.8376
0.0673058,-33419.8,451.522,16.4556,1.06967,-315656,-8659.34,288.247,27.043,-12344.3,4743.27,526.226,29.8429
0.0673158,-33419.8,451.188,16.4601,1.06984,-315520,-8662.49,288.161,27.0459,-12570.7,4743.15,526.273,29.8482
0.0673258,-33419.8,450.853,16.4646,1.07,-315385,-8665.65,288.074,27.0488,-12797.1,4743.02,526.32,29.8534
0.0673358,-33419.8,450.519,16.4691,1.07017,-315250,-8668.8,287.988,27.0517,-13023.3,4742.89,526.368,29.8587
0.0673458,-33419.8,450.185,16.4736,1.07033,-315115,-8671.95,287.901,27.0546,-13249.5,4742.76,526.415,29.864
0.0673558,-33419.8,449.851,16.4781,1.07049,-314979,-8675.1,287.814,27.0574,-13475.6,4742.63,526.463,29.8692
0.0673658,-33419.8,449.517,16.4826,1.07066,-314844,-8678.25,287.727,27.0603,-13701.7,4742.49,526.51,29.8745
0.0673758,-33419.8,449.183,16.4871,1.07082,-314708,-8681.4,287.641,27.0632,-13927.7,4742.35,526.558,29.8798
0.0673858,-33419.8,448.849,16.4916,1.07099,-314572,-8684.54,287.554,27.0661,-14153.7,4742.21,526.605,29.885
0.0673958,-33419.8,448.514,16.4961,1.07115,-314437,-8687.69,287.467,27.0689,-14379.6,4742.07,526.652,29.8903
0.0674058,-33419.8,448.18,16.5005,1.07132,-314301,-8690.83,287.38,27.0718,-14605.3,4741.93,526.7,29.8956
0.0674158,-33419.8,447.846,16.505,1.07148,-314165,-8693.97,287.293,27.0747,-14831.1,4741.78,526.747,29.9008
0.0674258,-33419.8,447.512,16.5095,1.07165,-314029,-8697.12,287.206,27.0776,-15056.8,4741.63,526.795,29.9061
0.0674358,-33419.8,447.178,16.514,1.07181,-313893,-8700.25,287.119,27.0804,-15282.4,4741.48,526.842,29.9114
0.0674458,-33419.8,446.844,16.5184,1.07198,-313756,-8703.39,287.032,27.0833,-15507.9,4741.32,526.889,29.9166
0.0674558,-33419.8,446.509,16.5229,1.07214,-313620,-8706.53,286.945,27.0862,-15733.4,4741.17,526.937,29.9219
0.0674658,-33419.8,446.175,16.5274,1.07231,-313484,-8709.66,286.858,27.089,-15958.8,4741.01,526.984,29.9272
0.0674758,-33419.8,445.841,16.5318,1.07247,-313347,-8712.8,286.771,27.0919,-16184.1,4740.85,527.032,29.9324
0.0674858,-33419.8,445.507,16.5363,1.07264,-313211,-8715.93,286.684,27.0948,-16409.4,4740.69,527.079,29.9377
0.0674958,-33419.8,445.173,16.5407,1.07281,-313074,-8719.06,286.597,27.0976,-16634.6,4740.52,527.126,29.943
0.0675058,-33419.8,444.839,16.5452,1.07297,-312937,-8722.19,286.51,27.1005,-16859.7,4740.35,527.174,29.9483
0.0675158,-33419.8,444.505,16.5496,1.07314,-312800,-8725.32,286.422,27.1034,-17084.8,4740.18,527.221,29.9535
0.0675258,-33419.8,444.17,16.5541,1.0733,-312664,-8728.44,286.335,27.1062,-17309.8,4740.01,527.269,29.9588
0.0675358,-33419.8,443.836,16.5585,1.07347,-312527,-8731.57,286.248,27.1091,-17534.7,4739.84,527.316,29.9641
0.0675458,-33419.8,443.502,16.563,1.07363,-312390,-8734.69,286.16,27.112,-17759.6,4739.66,527.363,29.9693
0.0675558,-33419.8,443.168,16.5674,1.0738,-312252,-8737.82,286.073,27.1148,-17984.4,4739.48,527.411,29.9746
0.0675658,-33419.8,442.834,16.5718,1.07396,-312115,-8740.94,285.986,27.1177,-18209.1,4739.3,527.458,29.9799
0.0675758,-33419.8,442.5,16.5762,1.07413,-311978,-8744.06,285.898,27.1205,-18433.7,4739.12,527.506,29.9852
0.0675858,-33419.8,442.165,16.5807,1.0743,-311840,-8747.18,285.811,27.1234,-18658.3,4738.93,527.553,29.9904
0.0675958,-33419.8,441.831,16.5851,1.07446,-311703,-8750.29,285.723,27.1263,-18882.8,4738.75,527.6,29.9957
0.0676058,-33419.8,441.497,16.5895,1.07463,-311565,-8753.41,285.636,27.1291,-19107.3,4738.55,527.648,30.001
0.0676158,-33419.8,441.163,16.5939,1.07479,-311428,-8756.52,285.548,27.132,-19331.6,4738.36,527.695,30.0063
0.0676258,-33419.8,440.829,16.5983,1.07496,-311290,-8759.64,285.461,27.1348,-19556,4738.17,527.743,30.0115
0.0676358,-33419.8,440.495,16.6027,1.07513,-311152,-8762.75,285.373,27.1377,-19780.2,4737.97,527.79,30.0168
0.0676458,-33419.8,440.161,16.6071,1.07529,-311014,-8765.86,285.286,27.1405,-20004.3,4737.77,527.837,30.0221
0.0676558,-33419.8,439.826,16.6115,1.07546,-310876,-8768.97,285.198,27.1434,-20228.4,4737.57,527.885,30.0274
0.0676658,-33419.8,439.492,16.6159,1.07562,-310738,-8772.08,285.11,27.1462,-20452.5,4737.37,527.932,30.0327
0.0676758,-33419.8,439.158,16.6203,1.07579,-310600,-8775.18,285.022,27.1491,-20676.4,4737.16,527.979,30.0379
0.0676858,-33419.8,438.824,16.6247,1.07596,-310461,-8778.29,284.935,27.1519,-20900.3,4736.96,528.027,30.0432
0.0676958,-33419.8,438.49,16.6291,1.07612,-310323,-8781.39,284.847,27.1548,-21124.1,4736.74,528.074,30.0485
0.0677058,-33419.8,438.156,16.6335,1.07629,-310184,-8784.49,284.759,27.1576,-21347.9,4736.53,528.121,30.0538
0.0677158,-33419.8,437.821,16.6379,1.07645,-310046,-8787.59,284.671,27.1605,-21571.5,4736.32,528.169,30.0591
0.0677258,-33419.8,437.487,16.6422,1.07662,-309907,-8790.69,284.583,27.1633,-21795.1,4736.1,528.216,30.0643
0.0677358,-33419.8,437.153,16.6466,1.07679,-309768,-8793.79,284.495,27.1662,-22018.7,4735.88,528.264,30.0696
0.0677458,-33419.8,436.819,16.651,1.07695,-309630,-8796.89,284.408,27.169,-22242.1,4735.66,528.311,30.0749
0.0677558,-33419.8,436.485,16.6553,1.07712,-309491,-8799.98,284.32,27.1719,-22465.5,4735.44,528.358,30.0802
0.0677658,-33419.8,436.151,16.6597,1.07729,-309352,-8803.08,284.232,27.1747,-22688.8,4735.21,528.406,30.0855
0.0677758,-33419.8,435.817,16.6641,1.07745,-309213,-8806.17,284.143,27.1775,-22912.1,4734.98,528.453,30.0908
0.0677858,-33419.8,435.482,16.6684,1.07762,-309073,-8809.26,284.055,27.1804,-23135.3,4734.75,528.5,30.096
0.0677958,-33419.8,435.148,16.6728,1.07779,-308934,-8812.35,283.967,27.1832,-23358.4,4734.52,528.548,30.1013
0.0678058,-33419.8,434.814,16.6771,1.07795,-308795,-8815.44,283.879,27.1861,-23581.4,4734.29,528.595,30.1066
0.0678158,-33419.8,434.48,16.6815,1.07812,-308655,-8818.53,283.791,27.1889,-23804.4,4734.05,528.642,30.1119
0.0678257,-33419.8,434.146,16.6858,1.07829,-308516,-8821.61,283.703,27.1917,-24027.3,4733.81,528.69,30.1172
0.0678357,-33419.8,433.812,16.6901,1.07845,-308376,-8824.7,283.615,27.1946,-24250.1,4733.57,528.737,30.1225
0.0678457,-33419.8,433.477,16.6945,1.07862,-308236,-8827.78,283.526,27.1974,-24472.8,4733.33,528.784,30.1278
0.0678557,-33419.8,433.143,16.6988,1.07879,-308097,-8830.86,283.438,27.2002,-24695.6,4733.08,528.832,30.1331
0.0678657,-33419.8,432.809,16.7031,1.07896,-307957,-8833.94,283.35,27.2031,-24918.2,4732.83,528.879,30.1383
0.0678757,-33419.8,432.475,16.7075,1.07912,-307817,-8837.02,283.261,27.2059,-25140.7,4732.58,528.926,30.1436
0.0678857,-33419.8,432.141,16.7118,1.07929,-307677,-8840.09,283.173,27.2087,-25363.1,4732.33,528.974,30.1489
0.0678957,-33419.8,431.807,16.7161,1.07946,-307537,-8843.17,283.085,27.2116,-25585.5,4732.07,529.021,30.1542
0.0679057,-33419.8,431.473,16.7204,1.07962,-307396,-8846.24,282.996,27.2144,-25807.8,4731.82,529.068,30.1595
0.0679157,-33419.8,431.138,16.7247,1.07979,-307256,-8849.32,282.908,27.2172,-26030.1,4731.56,529.115,30.1648
0.0679257,-33419.8,430.804,16.729,1.07996,-307116,-8852.39,282.819,27.2201,-26252.3,4731.3,529.163,30.1701
0.0679357,-33419.8,430.47,16.7334,1.08013,-306975,-8855.46,282.731,27.2229,-26474.4,4731.03,529.21,30.1754
0.0679457,-33419.8,430.136,16.7377,1.08029,-306835,-8858.53,282.642,27.2257,-26696.4,4730.77,529.257,30.1807
0.0679557,-33419.8,429.802,16.742,1.08046,-306694,-8861.59,282.554,27.2285,-26918.4,4730.5,529.305,30.186
0.0679657,-33419.8,429.468,16.7463,1.08063,-306553,-8864.66,282.465,27.2314,-27140.3,4730.23,529.352,30.1913
0.0679757,-33419.8,429.133,16.7505,1.08079,-306412,-8867.72,282.376,27.2342,-27362.1,4729.96,529.399,30.1965
0.0679857,-33419.8,428.799,16.7548,1.08096,-306271,-8870.79,282.288,27.237,-27583.8,4729.68,529.447,30.2018
0.0679957,-33419.8,428.465,16.7591,1.08113,-306130,-8873.85,282.199,27.2398,-27805.5,4729.4,529.494,30.2071
0.0680057,-33419.8,428.131,16.7634,1.0813,-305989,-8876.91,282.11,27.2427,-28027.1,4729.13,529.541,30.2124
0.0680157,-33419.8,427.797,16.7677,1.08147,-305848,-8879.97,282.021,27.2455,-28248.6,4728.84,529.588,30.2177
0.0680257,-33419.8,427.463,16.772,1.08163,-305707,-8883.03,281.933,27.2483,-28470,4728.56,529.636,30.223
0.0680357,-33419.8,427.129,16.7762,1.0818,-305565,-8886.08,281.844,27.2511,-28691.4,4728.28,529.683,30.2283
0.0680457,-33419.8,426.794,16.7805,1.08197,-305424,-8889.14,281.755,27.2539,-28912.7,4727.99,529.73,30.2336
0.0680557,-33419.8,426.46,16.7848,1.08214,-305282,-8892.19,281.666,27.2568,-29134,4727.7,529.778,30.2389
0.0680657,-33419.8,426.126,16.789,1.0823,-305141,-8895.24,281.577,27.2596,-29355.1,4727.4,529.825,30.2442
0.0680757,-33419.8,425.792,16.7933,1.08247,-304999,-8898.29,281.488,27.2624,-29576.2,4727.11,529.872,30.2495
0.0680857,-33419.8,425.458,16.7975,1.08264,-304857,-8901.34,281.399,27.2652,-29797.2,4726.81,529.919,30.2548
0.0680957,-33419.8,425.124,16.8018,1.08281,-304715,-8904.39,281.31,27.268,-30018.1,4726.51,529.967,30.2601
0.0681057,-33419.8,424.789,16.806,1.08298,-304573,-8907.43,281.221,27.2708,-30238.9,4726.21,530.014,30.2654
0.0681157,-33419.8,424.455,16.8103,1.08314,-304431,-8910.48,281.132,27.2736,-30459.7,4725.91,530.061,30.2707
0.0681257,-33419.8,424.121,16.8145,1.08331,-304289,-8913.52,281.043,27.2764,-30680.4,4725.6,530.108,30.276
0.0681357,-33419.8,423.787,16.8188,1.08348,-304147,-8916.56,280.954,27.2793,-30901,4725.3,530.156,30.2813
0.0681457,-33419.8,423.453,16.823,1.08365,-304004,-8919.6,280.865,27.2821,-31121.6,4724.99,530.203,30.2866
0.0681557,-33419.8,423.119,16.8272,1.08382,-303862,-8922.64,280.775,27.2849,-31342.1,4724.67,530.25,30.2919
0.0681657,-33419.8,422.785,16.8315,1.08398,-303719,-8925.68,280.686,27.2877,-31562.5,4724.36,530.297,30.2972
0.0681757,-33419.8,422.45,16.8357,1.08415,-303577,-8928.72,280.597,27.2905,-31782.9,4724.04,530.345,30.3025
0.0681857,-33419.8,422.116,16.8399,1.08432,-303434,-8931.75,280.508,27.2933,-32003.1,4723.72,530.392,30.3078
0.0681957,-33419.8,421.782,16.8441,1.08449,-303291,-8934.78,280.418,27.2961,-32223.2,4723.4,530.439,30.3131
0.0682057,-33419.8,421.448,16.8483,1.08466,-303148,-8937.82,280.329,27.2989,-32443.4,4723.08,530.486,30.3184
0.0682157,-33419.8,421.114,16.8526,1.08483,-303005,-8940.85,280.24,27.3017,-32663.4,4722.75,530.534,30.3237
0.0682257,-33419.8,420.78,16.8568,1.085,-302862,-8943.87,280.15,27.3045,-32883.3,4722.43,530.581,30.329
0.0682357,-33419.8,420.445,16.861,1.08516,-302719,-8946.9,280.061,27.3073,-33103.2,4722.1,530.628,30.3343
0.0682457,-33419.8,420.111,16.8652,1.08533,-302576,-8949.93,279.971,27.3101,-33323,4721.76,530.675,30.3397
0.0682557,-33419.8,419.777,16.8694,1.0855,-302433,-8952.95,279.882,27.3129,-33542.8,4721.43,530.722,30.345
0.0682657,-33419.8,419.443,16.8736,1.08567,-302289,-8955.98,279.792,27.3157,-33762.4,4721.09,530.77,30.3503
0.0682757,-33419.8,419.109,16.8778,1.08584,-302146,-8959,279.703,27.3185,-33982,4720.75,530.817,30.3556
0.0682857,-33419.8,418.775,16.882,1.08601,-302002,-8962.02,279.613,27.3213,-34201.5,4720.41,530.864,30.3609
0.0682957,-33419.8,418.441,16.8861,1.08618,-301858,-8965.04,279.523,27.3241,-34420.9,4720.07,530.911,30.3662
0.0683057,-33419.8,418.106,16.8903,1.08634,-301715,-8968.06,279.434,27.3269,-34640.3,4719.72,530.958,30.3715
0.0683157,-33419.8,417.772,16.8945,1.08651,-301571,-8971.07,279.344,27.3297,-34859.5,4719.38,531.006,30.3768
0.0683257,-33419.8,417.438,16.8987,1.08668,-301427,-8974.09,279.254,27.3325,-35078.7,4719.03,531.053,30.3821
0.0683357,-33419.8,417.104,16.9028,1.08685,-301283,-8977.1,279.165,27.3353,-35297.9,4718.68,531.1,30.3874
0.0683457,-33419.8,416.77,16.907,1.08702,-301139,-8980.11,279.075,27.3381,-35516.9,4718.32,531.147,30.3927
0.0683557,-33419.8,416.436,16.9112,1.08719,-300995,-8983.12,278.985,27.3409,-35735.9,4717.97,531.194,30.3981
0.0683657,-33419.8,416.101,16.9153,1.08736,-300850,-8986.13,278.895,27.3436,-35954.8,4717.61,531.241,30.4034
0.0683757,-33419.8,415.767,16.9195,1.08753,-300706,-8989.14,278.805,27.3464,-36173.6,4717.25,531.289,30.4087
0.0683857,-33419.8,415.433,16.9237,1.0877,-300561,-8992.14,278.715,27.3492,-36392.3,4716.88,531.336,30.414
0.0683957,-33419.8,415.099,16.9278,1.08787,-300417,-8995.15,278.626,27.352,-36611,4716.52,531.383,30.4193
0.0684057,-33419.8,414.765,16.932,1.08804,-300272,-8998.15,278.536,27.3548,-36829.5,4716.15,531.43,30.4246
0.0684157,-33419.8,414.431,16.9361,1.08821,-300127,-9001.15,278.446,27.3576,-37048.1,4715.78,531.477,30.4299
0.0684257,-33419.8,414.097,16.9402,1.08837,-299983,-9004.15,278.356,27.3604,-37266.5,4715.41,531.524,30.4353
0.0684357,-33419.8,413.762,16.9444,1.08854,-299838,-9007.15,278.266,27.3631,-37484.8,4715.04,531.572,30.4406
0.0684457,-33419.8,413.428,16.9485,1.08871,-299693,-9010.15,278.175,27.3659,-37703.1,4714.66,531.619,30.4459
0.0684557,-33419.8,413.094,16.9527,1.08888,-299548,-9013.14,278.085,27.3687,-37921.3,4714.28,531.666,30.4512
0.0684657,-33419.8,412.76,16.9568,1.08905,-299402,-9016.14,277.995,27.3715,-38139.4,4713.9,531.713,30.4565
0.0684757,-33419.8,412.426,16.9609,1.08922,-299257,-9019.13,277.905,27.3743,-38357.4,4713.52,531.76,30.4618
0.0684857,-33419.8,412.092,16.965,1.08939,-299112,-9022.12,277.815,27.377,-38575.4,4713.14,531.807,30.4672
0.0684957,-33419.8,411.757,16.9691,1.08956,-298966,-9025.11,277.725,27.3798,-38793.3,4712.75,531.854,30.4725
0.0685057,-33419.8,411.423,16.9733,1.08973,-298821,-9028.1,277.634,27.3826,-39011.1,4712.36,531.901,30.4778
0.0685157,-33419.8,411.089,16.9774,1.0899,-298675,-9031.09,277.544,27.3854,-39228.8,4711.97,531.949,30.4831
0.0685257,-33419.8,410.755,16.9815,1.09007,-298529,-9034.07,277.454,27.3881,-39446.5,4711.58,531.996,30.4884
0.0685357,-33419.8,410.421,16.9856,1.09024,-298384,-9037.06,277.363,27.3909,-39664,4711.18,532.043,30.4937
0.0685457,-33419.8,410.087,16.9897,1.09041,-298238,-9040.04,277.273,27.3937,-39881.5,4710.78,532.09,30.4991
0.0685557,-33419.8,409.753,16.9938,1.09058,-298092,-9043.02,277.183,27.3965,-40098.9,4710.38,532.137,30.5044
0.0685657,-33419.8,409.418,16.9979,1.09075,-297946,-9046,277.092,27.3992,-40316.2,4709.98,532.184,30.5097
0.0685757,-33419.8,409.084,17.002,1.09092,-297799,-9048.98,277.002,27.402,-40533.5,4709.58,532.231,30.515
0.0685856,-33419.8,408.75,17.0061,1.09109,-297653,-9051.96,276.911,27.4048,-40750.6,4709.17,532.278,30.5204
0.0685956,-33419.8,408.416,17.0101,1.09126,-297507,-9054.93,276.821,27.4075,-40967.7,4708.76,532.325,30.5257
0.0686056,-33419.8,408.082,17.0142,1.09143,-297360,-9057.91,276.73,27.4103,-41184.8,4708.35,532.372,30.531
0.0686156,-33419.8,407.748,17.0183,1.0916,-297214,-9060.88,276.64,27.4131,-41401.7,4707.94,532.419,30.5363
0.0686256,-33419.8,407.413,17.0224,1.09177,-297067,-9063.85,276.549,27.4158,-41618.6,4707.52,532.467,30.5417
0.0686356,-33419.8,407.079,17.0265,1.09194,-296921,-9066.82,276.458,27.4186,-41835.4,4707.1,532.514,30.547
0.0686456,-33419.8,406.745,17.0305,1.09211,-296774,-9069.79,276.368,27.4214,-42052,4706.69,532.561,30.5523
0.0686556,-33419.8,406.411,17.0346,1.09228,-296627,-9072.75,276.277,27.4241,-42268.6,4706.27,532.608,30.5576
0.0686656,-33419.8,406.077,17.0387,1.09245,-296480,-9075.72,276.186,27.4269,-42485.2,4705.84,532.655,30.563
0.0686756,-33419.8,405.743,17.0427,1.09262,-296333,-9078.68,276.095,27.4297,-42701.6,4705.41,532.702,30.5683
0.0686856,-33419.8,405.409,17.0468,1.09279,-296186,-9081.64,276.005,27.4324,-42918,4704.99,532.749,30.5736
0.0686956,-33419.8,405.074,17.0508,1.09296,-296038,-9084.61,275.914,27.4352,-43134.3,4704.56,532.796,30.5789
0.0687056,-33419.8,404.74,17.0549,1.09313,-295891,-9087.56,275.823,27.4379,-43350.5,4704.12,532.843,30.5843
0.0687156,-33419.8,404.406,17.0589,1.0933,-295744,-9090.52,275.732,27.4407,-43566.7,4703.69,532.89,30.5896
0.0687256,-33419.8,404.072,17.063,1.09347,-295596,-9093.48,275.641,27.4435,-43782.7,4703.25,532.937,30.5949
0.0687356,-33419.8,403.738,17.067,1.09365,-295449,-9096.43,275.55,27.4462,-43998.7,4702.81,532.984,30.6003
0.0687456,-33419.8,403.404,17.071,1.09382,-295301,-9099.39,275.459,27.449,-44214.6,4702.37,533.031,30.6056
0.0687556,-33419.8,403.069,17.0751,1.09399,-295153,-9102.34,275.368,27.4517,-44430.4,4701.93,533.078,30.6109
0.0687656,-33419.8,402.735,17.0791,1.09416,-295005,-9105.29,275.277,27.4545,-44646.2,4701.48,533.125,30.6162
0.0687756,-33419.8,402.401,17.0831,1.09433,-294857,-9108.24,275.186,27.4572,-44861.8,4701.04,533.172,30.6216
0.0687856,-33419.8,402.067,17.0871,1.0945,-294709,-9111.19,275.095,27.46,-45077.4,4700.59,533.219,30.6269
0.0687956,-33419.8,401.733,17.0912,1.09467,-294561,-9114.13,275.004,27.4627,-45292.9,4700.14,533.266,30.6322
0.0688056,-33419.8,401.399,17.0952,1.09484,-294413,-9117.08,274.913,27.4655,-45508.3,4699.68,533.313,30.6376
0.0688156,-33419.8,401.065,17.0992,1.09501,-294265,-9120.02,274.822,27.4682,-45723.6,4699.23,533.36,30.6429
0.0688256,-33419.8,400.73,17.1032,1.09518,-294116,-9122.96,274.731,27.471,-45938.9,4698.77,533.407,30.6482
0.0688356,-33419.8,400.396,17.1072,1.09535,-293968,-9125.9,274.639,27.4737,-46154,4698.31,533.454,30.6536
0.0688456,-33419.8,400.062,17.1112,1.09552,-293819,-9128.84,274.548,27.4765,-46369.1,4697.85,533.501,30.6589
0.0688556,-33419.8,399.728,17.1152,1.0957,-293671,-9131.78,274.457,27.4792,-46584.1,4697.38,533.548,30.6642
0.0688656,-33419.8,399.394,17.1192,1.09587,-293522,-9134.71,274.365,27.482,-46799,4696.91,533.595,30.6696
0.0688756,-33419.8,399.06,17.1232,1.09604,-293373,-9137.65,274.274,27.4847,-47013.9,4696.44,533.642,30.6749
0.0688856,-33419.8,398.725,17.1272,1.09621,-293224,-9140.58,274.183,27.4874,-47228.6,4695.97,533.689,30.6803
0.0688956,-33419.8,398.391,17.1312,1.09638,-293075,-9143.51,274.091,27.4902,-47443.3,4695.5,533.736,30.6856
0.0689056,-33419.8,398.057,17.1351,1.09655,-292926,-9146.44,274,27.4929,-47657.9,4695.02,533.783,30.6909
0.0689156,-33419.8,397.723,17.1391,1.09672,-292777,-9149.37,273.908,27.4957,-47872.4,4694.55,533.83,30.6963
0.0689256,-33419.8,397.389,17.1431,1.09689,-292627,-9152.29,273.817,27.4984,-48086.8,4694.07,533.877,30.7016
0.0689356,-33419.8,397.055,17.1471,1.09707,-292478,-9155.22,273.725,27.5011,-48301.2,4693.58,533.924,30.7069
0.0689456,-33419.8,396.72,17.151,1.09724,-292329,-9158.14,273.634,27.5039,-48515.4,4693.1,533.971,30.7123
0.0689556,-33419.8,396.386,17.155,1.09741,-292179,-9161.07,273.542,27.5066,-48729.6,4692.62,534.017,30.7176
0.0689656,-33419.8,396.052,17.159,1.09758,-292029,-9163.99,273.451,27.5093,-48943.7,4692.13,534.064,30.723
0.0689756,-33419.8,395.718,17.1629,1.09775,-291880,-9166.91,273.359,27.5121,-49157.7,4691.64,534.111,30.7283
0.0689856,-33419.8,395.384,17.1669,1.09792,-291730,-9169.82,273.267,27.5148,-49371.7,4691.14,534.158,30.7336
0.0689956,-33419.8,395.05,17.1708,1.0981,-291580,-9172.74,273.176,27.5175,-49585.5,4690.65,534.205,30.739
0.0690056,-33419.8,394.716,17.1748,1.09827,-291430,-9175.65,273.084,27.5203,-49799.2,4690.15,534.252,30.7443
0.0690156,-33419.8,394.381,17.1787,1.09844,-291280,-9178.57,272.992,27.523,-50012.9,4689.65,534.299,30.7497
0.0690256,-33419.8,394.047,17.1827,1.09861,-291130,-9181.48,272.9,27.5257,-50226.6,4689.15,534.346,30.755
0.0690356,-33419.8,393.713,17.1866,1.09878,-290979,-9184.39,272.808,27.5285,-50440.1,4688.65,534.393,30.7604
0.0690456,-33419.8,393.379,17.1905,1.09895,-290829,-9187.3,272.717,27.5312,-50653.5,4688.14,534.44,30.7657
0.0690556,-33419.8,393.045,17.1945,1.09913,-290678,-9190.21,272.625,27.5339,-50866.8,4687.64,534.486,30.771
0.0690656,-33419.8,392.711,17.1984,1.0993,-290528,-9193.11,272.533,27.5366,-51080.1,4687.13,534.533,30.7764
0.0690756,-33419.8,392.376,17.2023,1.09947,-290377,-9196.01,272.441,27.5394,-51293.3,4686.61,534.58,30.7817
0.0690856,-33419.8,392.042,17.2062,1.09964,-290227,-9198.92,272.349,27.5421,-51506.4,4686.1,534.627,30.7871
0.0690956,-33419.8,391.708,17.2102,1.09981,-290076,-9201.82,272.257,27.5448,-51719.4,4685.58,534.674,30.7924
0.0691056,-33419.8,391.374,17.2141,1.09999,-289925,-9204.72,272.165,27.5475,-51932.3,4685.07,534.721,30.7978
0.0691156,-33419.8,391.04,17.218,1.10016,-289774,-9207.62,272.073,27.5503,-52145.2,4684.55,534.768,30.8031
0.0691256,-33419.8,390.706,17.2219,1.10033,-289623,-9210.51,271.981,27.553,-52357.9,4684.02,534.814,30.8085
0.0691356,-33419.8,390.372,17.2258,1.1005,-289472,-9213.41,271.889,27.5557,-52570.6,4683.5,534.861,30.8138
0.0691456,-33419.8,390.037,17.2297,1.10068,-289320,-9216.3,271.797,27.5584,-52783.2,4682.97,534.908,30.8192
0.0691556,-33419.8,389.703,17.2336,1.10085,-289169,-9219.19,271.704,27.5611,-52995.7,4682.44,534.955,30.8245
0.0691656,-33419.8,389.369,17.2375,1.10102,-289018,-9222.08,271.612,27.5639,-53208.1,4681.91,535.002,30.8299
0.0691756,-33419.8,389.035,17.2414,1.10119,-288866,-9224.97,271.52,27.5666,-53420.5,4681.38,535.048,30.8352
0.0691856,-33419.8,388.701,17.2453,1.10136,-288714,-9227.86,271.428,27.5693,-53632.7,4680.84,535.095,30.8406
0.0691956,-33419.8,388.367,17.2492,1.10154,-288563,-9230.75,271.335,27.572,-53844.9,4680.31,535.142,30.8459
0.0692056,-33419.8,388.033,17.253,1.10171,-288411,-9233.63,271.243,27.5747,-54057,4679.77,535.189,30.8513
0.0692156,-33419.8,387.698,17.2569,1.10188,-288259,-9236.51,271.151,27.5774,-54269,4679.23,535.236,30.8566
0.0692256,-33419.8,387.364,17.2608,1.10205,-288107,-9239.4,271.058,27.5801,-54480.9,4678.68,535.282,30.862
0.0692356,-33419.8,387.03,17.2647,1.10223,-287955,-9242.28,270.966,27.5828,-54692.7,4678.14,535.329,30.8673
0.0692456,-33419.8,386.696,17.2685,1.1024,-287803,-9245.15,270.874,27.5856,-54904.4,4677.59,535.376,30.8727
0.0692556,-33419.8,386.362,17.2724,1.10257,-287650,-9248.03,270.781,27.5883,-55116,4677.04,535.423,30.878
0.0692656,-33419.8,386.028,17.2763,1.10275,-287498,-9250.91,270.689,27.591,-55327.7,4676.49,535.47,30.8834
0.0692756,-33419.8,385.693,17.2801,1.10292,-287346,-9253.78,270.596,27.5937,-55539.1,4675.93,535.516,30.8887
0.0692856,-33419.8,385.359,17.284,1.10309,-287193,-9256.65,270.504,27.5964,-55750.6,4675.38,535.563,30.8941
0.0692956,-33419.8,385.025,17.2878,1.10326,-287041,-9259.52,270.411,27.5991,-55961.9,4674.82,535.61,30.8995
0.0693056,-33419.8,384.691,17.2917,1.10344,-286888,-9262.39,270.318,27.6018,-56173.1,4674.26,535.656,30.9048
0.0693156,-33419.8,384.357,17.2955,1.10361,-286735,-9265.26,270.226,27.6045,-56384.2,4673.69,535.703,30.9102
0.0693256,-33419.8,384.023,17.2993,1.10378,-286582,-9268.13,270.133,27.6072,-56595.3,4673.13,535.75,30.9155
0.0693356,-33419.8,383.689,17.3032,1.10396,-286429,-9270.99,270.041,27.6099,-56806.2,4672.56,535.797,30.9209
0.0693455,-33419.8,383.354,17.307,1.10413,-286276,-9273.85,269.948,27.6126,-57017.1,4671.99,535.843,30.9262
0.0693555,-33419.8,383.02,17.3109,1.1043,-286123,-9276.72,269.855,27.6153,-57227.9,4671.42,535.89,30.9316
0.0693655,-33419.8,382.686,17.3147,1.10447,-285970,-9279.58,269.762,27.618,-57438.6,4670.85,535.937,30.937
0.0693755,-33419.8,382.352,17.3185,1.10465,-285816,-9282.43,269.67,27.6207,-57649.2,4670.27,535.984,30.9423
0.0693855,-33419.8,382.018,17.3223,1.10482,-285663,-9285.29,269.577,27.6234,-57859.8,4669.7,536.03,30.9477
0.0693955,-33419.8,381.684,17.3261,1.10499,-285510,-9288.15,269.484,27.6261,-58070.2,4669.12,536.077,30.953
0.0694055,-33419.8,381.349,17.33,1.10517,-285356,-9291,269.391,27.6288,-58280.6,4668.53,536.124,30.9584
0.0694155,-33419.8,381.015,17.3338,1.10534,-285202,-9293.85,269.298,27.6315,-58490.8,4667.95,536.17,30.9638
0.0694255,-33419.8,380.681,17.3376,1.10551,-285048,-9296.7,269.205,27.6342,-58701,4667.37,536.217,30.9691
0.0694355,-33419.8,380.347,17.3414,1.10569,-284895,-9299.55,269.112,27.6369,-58911.2,4666.78,536.264,30.9745
0.0694455,-33419.8,380.013,17.3452,1.10586,-284741,-9302.4,269.019,27.6395,-59121.2,4666.19,536.31,30.9799
0.0694555,-33419.8,379.679,17.349,1.10603,-284587,-9305.25,268.926,27.6422,-59331.1,4665.59,536.357,30.9852
0.0694655,-33419.8,379.344,17.3528,1.10621,-284432,-9308.09,268.833,27.6449,-59540.9,4665,536.404,30.9906
0.0694755,-33419.8,379.01,17.3566,1.10638,-284278,-9310.93,268.74,27.6476,-59750.6,4664.4,536.45,30.9959
0.0694855,-33419.8,378.676,17.3604,1.10655,-284124,-9313.78,268.647,27.6503,-59960.3,4663.81,536.497,31.0013
0.0694955,-33419.8,378.342,17.3641,1.10673,-283970,-9316.62,268.554,27.653,-60169.9,4663.21,536.543,31.0067
0.0695055,-33419.8,378.008,17.3679,1.1069,-283815,-9319.46,268.461,27.6557,-60379.4,4662.6,536.59,31.012
0.0695155,-33419.8,377.674,17.3717,1.10708,-283660,-9322.29,268.367,27.6584,-60588.8,4662,536.637,31.0174
0.0695255,-33419.8,377.34,17.3755,1.10725,-283506,-9325.13,268.274,27.661,-60798.1,4661.39,536.683,31.0228
0.0695355,-33419.8,377.005,17.3792,1.10742,-283351,-9327.96,268.181,27.6637,-61007.3,4660.78,536.73,31.0281
0.0695455,-33419.8,376.671,17.383,1.1076,-283196,-9330.79,268.088,27.6664,-61216.4,4660.17,536.776,31.0335
0.0695555,-33419.8,376.337,17.3868,1.10777,-283041,-9333.62,267.994,27.6691,-61425.5,4659.56,536.823,31.0389
0.0695655,-33419.8,376.003,17.3905,1.10794,-282886,-9336.45,267.901,27.6718,-61634.4,4658.94,536.87,31.0442
0.0695755,-33419.8,375.669,17.3943,1.10812,-282731,-9339.28,267.808,27.6744,-61843.3,4658.33,536.916,31.0496
0.0695855,-33419.8,375.335,17.3981,1.10829,-282576,-9342.11,267.714,27.6771,-62052.1,4657.71,536.963,31.055
0.0695955,-33419.8,375,17.4018,1.10847,-282420,-9344.93,267.621,27.6798,-62260.8,4657.08,537.009,31.0604
0.0696055,-33419.8,374.666,17.4056,1.10864,-282265,-9347.76,267.527,27.6825,-62469.4,4656.46,537.056,31.0657
0.0696155,-33419.8,374.332,17.4093,1.10881,-282110,-9350.58,267.434,27.6851,-62677.9,4655.83,537.103,31.0711
0.0696255,-33419.8,373.998,17.413,1.10899,-281954,-9353.4,267.34,27.6878,-62886.3,4655.21,537.149,31.0765
0.0696355,-33419.8,373.664,17.4168,1.10916,-281798,-9356.21,267.247,27.6905,-63094.6,4654.58,537.196,31.0818
0.0696455,-33419.8,373.33,17.4205,1.10934,-281643,-9359.03,267.153,27.6932,-63302.9,4653.95,537.242,31.0872
0.0696555,-33419.8,372.996,17.4242,1.10951,-281487,-9361.85,267.06,27.6958,-63511,4653.31,537.289,31.0926
0.0696655,-33419.8,372.661,17.428,1.10969,-281331,-9364.66,266.966,27.6985,-63719.1,4652.68,537.335,31.098
0.0696755,-33419.8,372.327,17.4317,1.10986,-281175,-9367.47,266.872,27.7012,-63927.1,4652.04,537.382,31.1033
0.0696855,-33419.8,371.993,17.4354,1.11003,-281019,-9370.28,266.779,27.7038,-64134.9,4651.4,537.428,31.1087
0.0696955,-33419.8,371.659,17.4391,1.11021,-280862,-9373.09,266.685,27.7065,-64342.8,4650.75,537.475,31.1141
0.0697055,-33419.8,371.325,17.4428,1.11038,-280706,-9375.9,266.591,27.7092,-64550.5,4650.11,537.521,31.1195
0.0697155,-33419.8,370.991,17.4466,1.11056,-280550,-9378.71,266.497,27.7118,-64758.1,4649.46,537.568,31.1248
0.0697255,-33419.8,370.656,17.4503,1.11073,-280393,-9381.51,266.404,27.7145,-64965.6,4648.81,537.614,31.1302
0.0697355,-33419.8,370.322,17.454,1.11091,-280237,-9384.31,266.31,27.7172,-65173,4648.17,537.661,31.1356
0.0697455,-33419.8,369.988,17.4577,1.11108,-280080,-9387.11,266.216,27.7198,-65380.3,4647.51,537.707,31.141
0.0697555,-33419.8,369.654,17.4614,1.11126,-279923,-9389.92,266.122,27.7225,-65587.6,4646.86,537.754,31.1463
0.0697655,-33419.8,369.32,17.4651,1.11143,-279766,-9392.71,266.028,27.7251,-65794.8,4646.2,537.8,31.1517
0.0697755,-33419.8,368.986,17.4688,1.1116,-279610,-9395.51,265.934,27.7278,-66001.8,4645.54,537.847,31.1571
0.0697855,-33419.8,368.652,17.4724,1.11178,-279452,-9398.3,265.84,27.7305,-66208.9,4644.88,537.893,31.1625
0.0697955,-33419.8,368.317,17.4761,1.11195,-279295,-9401.1,265.746,27.7331,-66415.7,4644.22,537.939,31.1678
0.0698055,-33419.8,367.983,17.4798,1.11213,-279138,-9403.89,265.652,27.7358,-66622.5,4643.55,537.986,31.1732
0.0698155,-33419.8,367.649,17.4835,1.1123,-278981,-9406.68,265.558,27.7384,-66829.2,4642.88,538.032,31.1786
0.0698255,-33419.8,367.315,17.4872,1.11248,-278824,-9409.47,265.464,27.7411,-67035.9,4642.22,538.079,31.184
0.0698355,-33419.8,366.981,17.4908,1.11265,-278666,-9412.25,265.37,27.7438,-67242.4,4641.54,538.125,31.1894
0.0698455,-33419.8,366.647,17.4945,1.11283,-278509,-9415.04,265.276,27.7464,-67448.8,4640.87,538.172,31.1947
0.0698555,-33419.8,366.312,17.4982,1.113,-278351,-9417.82,265.182,27.7491,-67655.2,4640.2,538.218,31.2001
0.0698655,-33419.8,365.978,17.5018,1.11318,-278193,-9420.61,265.088,27.7517,-67861.4,4639.52,538.264,31.2055
0.0698755,-33419.8,365.644,17.5055,1.11335,-278035,-9423.39,264.993,27.7544,-68067.6,4638.84,538.311,31.2109
0.0698855,-33419.8,365.31,17.5091,1.11353,-277877,-9426.17,264.899,27.757,-68273.6,4638.16,538.357,31.2163
0.0698955,-33419.8,364.976,17.5128,1.1137,-277719,-9428.94,264.805,27.7597,-68479.6,4637.47,538.403,31.2217
0.0699055,-33419.8,364.642,17.5164,1.11388,-277561,-9431.72,264.711,27.7623,-68685.5,4636.79,538.45,31.227
0.0699155,-33419.8,364.308,17.5201,1.11405,-277403,-9434.5,264.616,27.765,-68891.3,4636.1,538.496,31.2324
0.0699255,-33419.8,363.973,17.5237,1.11423,-277245,-9437.27,264.522,27.7676,-69097,4635.41,538.543,31.2378
0.0699355,-33419.8,363.639,17.5274,1.1144,-277086,-9440.04,264.428,27.7702,-69302.6,4634.72,538.589,31.2432
0.0699455,-33419.8,363.305,17.531,1.11458,-276928,-9442.81,264.333,27.7729,-69508.2,4634.02,538.635,31.2486
0.0699555,-33419.8,362.971,17.5346,1.11475,-276769,-9445.58,264.239,27.7755,-69713.6,4633.33,538.682,31.254
0.0699655,-33419.8,362.637,17.5382,1.11493,-276611,-9448.34,264.144,27.7782,-69918.9,4632.63,538.728,31.2594
0.0699755,-33419.8,362.303,17.5419,1.11511,-276452,-9451.11,264.05,27.7808,-70124.2,4631.93,538.774,31.2647
0.0699855,-33419.8,361.968,17.5455,1.11528,-276293,-9453.87,263.955,27.7835,-70329.3,4631.23,538.82,31.2701
0.0699955,-33419.8,361.634,17.5491,1.11546,-276134,-9456.63,263.861,27.7861,-70534.4,4630.52,538.867,31.2755
0.0700055,-33419.8,361.3,17.5527,1.11563,-275975,-9459.39,263.766,27.7887,-70739.4,4629.82,538.913,31.2809
0.0700155,-33419.8,360.966,17.5563,1.11581,-275816,-9462.15,263.672,27.7914,-70944.2,4629.11,538.959,31.2863
0.0700255,-33419.8,360.632,17.5599,1.11598,-275657,-9464.91,263.577,27.794,-71149,4628.4,539.006,31.2917
0.0700355,-33419.8,360.298,17.5635,1.11616,-275498,-9467.67,263.482,27.7966,-71353.7,4627.69,539.052,31.2971
0.0700455,-33419.8,359.964,17.5671,1.11633,-275338,-9470.42,263.388,27.7993,-71558.2,4626.97,539.098,31.3025
0.0700555,-33419.8,359.629,17.5707,1.11651,-275179,-9473.17,263.293,27.8019,-71762.8,4626.26,539.144,31.3079
0.0700655,-33419.8,359.295,17.5743,1.11669,-275019,-9475.92,263.198,27.8045,-71967.2,4625.54,539.191,31.3133
0.0700755,-33419.8,358.961,17.5779,1.11686,-274860,-9478.67,263.104,27.8072,-72171.5,4624.82,539.237,31.3187
0.0700855,-33419.8,358.627,17.5815,1.11704,-274700,-9481.42,263.009,27.8098,-72375.7,4624.09,539.283,31.324
0.0700954,-33419.8,358.293,17.5851,1.11721,-274540,-9484.16,262.914,27.8124,-72579.8,4623.37,539.329,31.3294
0.0701054,-33419.8,357.959,17.5887,1.11739,-274380,-9486.91,262.819,27.8151,-72783.9,4622.64,539.376,31.3348
0.0701154,-33419.8,357.624,17.5923,1.11756,-274220,-9489.65,262.724,27.8177,-72987.8,4621.91,539.422,31.3402
0.0701254,-33419.8,357.29,17.5958,1.11774,-274060,-9492.39,262.629,27.8203,-73191.6,4621.18,539.468,31.3456
0.0701354,-33419.8,356.956,17.5994,1.11792,-273900,-9495.13,262.534,27.8229,-73395.4,4620.45,539.514,31.351
0.0701454,-33419.8,356.622,17.603,1.11809,-273740,-9497.87,262.439,27.8256,-73599.1,4619.71,539.56,31.3564
0.0701554,-33419.8,356.288,17.6065,1.11827,-273580,-9500.61,262.344,27.8282,-73802.6,4618.98,539.607,31.3618
0.0701654,-33419.8,355.954,17.6101,1.11844,-273419,-9503.34,262.249,27.8308,-74006.1,4618.24,539.653,31.3672
0.0701754,-33419.8,355.62,17.6137,1.11862,-273259,-9506.07,262.154,27.8334,-74209.4,4617.5,539.699,31.3726
0.0701854,-33419.8,355.285,17.6172,1.1188,-273098,-9508.81,262.059,27.8361,-74412.8,4616.76,539.745,31.378
0.0701954,-33419.8,354.951,17.6208,1.11897,-272937,-9511.53,261.964,27.8387,-74615.9,4616.01,539.791,31.3834
0.0702054,-33419.8,354.617,17.6243,1.11915,-272776,-9514.26,261.869,27.8413,-74819,4615.26,539.838,31.3888
0.0702154,-33419.8,354.283,17.6279,1.11932,-272616,-9516.99,261.774,27.8439,-75022,4614.51,539.884,31.3942
0.0702254,-33419.8,353.949,17.6314,1.1195,-272455,-9519.71,261.679,27.8465,-75224.9,4613.76,539.93,31.3996
0.0702354,-33419.8,353.615,17.6349,1.11968,-272293,-9522.44,261.584,27.8492,-75427.7,4613.01,539.976,31.405
0.0702454,-33419.8,353.28,17.6385,1.11985,-272132,-9525.16,261.488,27.8518,-75630.4,4612.25,540.022,31.4104
0.0702554,-33419.8,352.946,17.642,1.12003,-271971,-9527.88,261.393,27.8544,-75833,4611.5,540.068,31.4158
0.0702654,-33419.8,352.612,17.6455,1.12021,-271810,-9530.6,261.298,27.857,-76035.5,4610.74,540.114,31.4212
0.0702754,-33419.8,352.278,17.649,1.12038,-271648,-9533.31,261.203,27.8596,-76238,4609.98,540.16,31.4266
0.0702854,-33419.8,351.944,17.6526,1.12056,-271487,-9536.03,261.107,27.8622,-76440.3,4609.21,540.206,31.432
0.0702954,-33419.8,351.61,17.6561,1.12074,-271325,-9538.74,261.012,27.8648,-76642.5,4608.45,540.253,31.4374
0.0703054,-33419.8,351.276,17.6596,1.12091,-271163,-9541.46,260.917,27.8674,-76844.7,4607.68,540.299,31.4428
0.0703154,-33419.8,350.941,17.6631,1.12109,-271002,-9544.17,260.821,27.87,-77046.7,4606.91,540.345,31.4482
0.0703254,-33419.8,350.607,17.6666,1.12127,-270840,-9546.88,260.726,27.8727,-77248.7,4606.14,540.391,31.4536
0.0703354,-33419.8,350.273,17.6701,1.12144,-270678,-9549.58,260.63,27.8753,-77450.5,4605.37,540.437,31.459
0.0703454,-33419.8,349.939,17.6736,1.12162,-270516,-9552.29,260.535,27.8779,-77652.3,4604.59,540.483,31.4644
0.0703554,-33419.8,349.605,17.6771,1.1218,-270354,-9554.99,260.439,27.8805,-77854,4603.81,540.529,31.4698
0.0703654,-33419.8,349.271,17.6806,1.12197,-270191,-9557.69,260.344,27.8831,-78055.5,4603.03,540.575,31.4752
0.0703754,-33419.8,348.936,17.6841,1.12215,-270029,-9560.39,260.248,27.8857,-78257,4602.25,540.621,31.4806
0.0703854,-33419.8,348.602,17.6876,1.12233,-269867,-9563.09,260.152,27.8883,-78458.4,4601.47,540.667,31.486
0.0703954,-33419.8,348.268,17.6911,1.1225,-269704,-9565.79,260.057,27.8909,-78659.6,4600.68,540.713,31.4914
0.0704054,-33419.8,347.934,17.6946,1.12268,-269542,-9568.49,259.961,27.8935,-78860.8,4599.9,540.759,31.4969
0.0704154,-33419.8,347.6,17.698,1.12286,-269379,-9571.18,259.865,27.8961,-79061.9,4599.11,540.805,31.5023
0.0704254,-33419.8,347.266,17.7015,1.12303,-269216,-9573.88,259.77,27.8987,-79262.9,4598.31,540.851,31.5077
0.0704354,-33419.8,346.932,17.705,1.12321,-269053,-9576.57,259.674,27.9013,-79463.8,4597.52,540.897,31.5131
0.0704454,-33419.8,346.597,17.7084,1.12339,-268890,-9579.25,259.578,27.9039,-79664.5,4596.73,540.943,31.5185
0.0704554,-33419.8,346.263,17.7119,1.12357,-268727,-9581.94,259.482,27.9065,-79865.2,4595.93,540.989,31.5239
0.0704654,-33419.8,345.929,17.7154,1.12374,-268564,-9584.63,259.387,27.9091,-80065.8,4595.13,541.035,31.5293
0.0704754,-33419.8,345.595,17.7188,1.12392,-268401,-9587.31,259.291,27.9117,-80266.3,4594.33,541.081,31.5347
0.0704854,-33419.8,345.261,17.7223,1.1241,-268238,-9590,259.195,27.9143,-80466.7,4593.52,541.127,31.5401
0.0704954,-33419.8,344.927,17.7257,1.12427,-268074,-9592.68,259.099,27.9168,-80667.1,4592.72,541.173,31.5455
0.0705054,-33419.8,344.592,17.7292,1.12445,-267911,-9595.36,259.003,27.9194,-80867.3,4591.91,541.218,31.5509
0.0705154,-33419.8,344.258,17.7326,1.12463,-267747,-9598.04,258.907,27.922,-81067.4,4591.1,541.264,31.5564
0.0705254,-33419.8,343.924,17.7361,1.12481,-267583,-9600.71,258.811,27.9246,-81267.4,4590.29,541.31,31.5618
0.0705354,-33419.8,343.59,17.7395,1.12498,-267420,-9603.38,258.715,27.9272,-81467.3,4589.48,541.356,31.5672
0.0705454,-33419.8,343.256,17.7429,1.12516,-267256,-9606.06,258.619,27.9298,-81667.1,4588.66,541.402,31.5726
0.0705554,-33419.8,342.922,17.7464,1.12534,-267092,-9608.73,258.523,27.9324,-81866.9,4587.84,541.448,31.578
0.0705654,-33419.8,342.588,17.7498,1.12552,-266928,-9611.4,258.427,27.935,-82066.4,4587.02,541.494,31.5834
0.0705754,-33419.8,342.253,17.7532,1.12569,-266764,-9614.07,258.331,27.9375,-82266,4586.2,541.54,31.5888
0.0705854,-33419.8,341.919,17.7566,1.12587,-266599,-9616.73,258.235,27.9401,-82465.4,4585.38,541.586,31.5943
0.0705954,-33419.8,341.585,17.76,1.12605,-266435,-9619.4,258.138,27.9427,-82664.8,4584.55,541.631,31.5997
0.0706054,-33419.8,341.251,17.7635,1.12623,-266271,-9622.06,258.042,27.9453,-82864,4583.72,541.677,31.6051
0.0706154,-33419.8,340.917,17.7669,1.1264,-266106,-9624.72,257.946,27.9479,-83063.1,4582.9,541.723,31.6105
0.0706254,-33419.8,340.583,17.7703,1.12658,-265942,-9627.38,257.85,27.9504,-83262.1,4582.06,541.769,31.6159
0.0706354,-33419.8,340.248,17.7737,1.12676,-265777,-9630.04,257.754,27.953,-83461.1,4581.23,541.815,31.6213
0.0706454,-33419.8,339.914,17.7771,1.12694,-265612,-9632.7,257.657,27.9556,-83659.9,4580.4,541.86,31.6268
0.0706554,-33419.8,339.58,17.7805,1.12711,-265447,-9635.35,257.561,27.9582,-83858.6,4579.56,541.906,31.6322
0.0706654,-33419.8,339.246,17.7839,1.12729,-265282,-9638.01,257.465,27.9608,-84057.3,4578.72,541.952,31.6376
0.0706754,-33419.8,338.912,17.7873,1.12747,-265117,-9640.66,257.368,27.9633,-84255.8,4577.88,541.998,31.643
0.0706854,-33419.8,338.578,17.7907,1.12765,-264952,-9643.31,257.272,27.9659,-84454.3,4577.03,542.044,31.6484
0.0706954,-33419.8,338.244,17.794,1.12783,-264787,-9645.96,257.175,27.9685,-84652.6,4576.19,542.089,31.6539
0.0707054,-33419.8,337.909,17.7974,1.128,-264622,-9648.6,257.079,27.971,-84850.8,4575.34,542.135,31.6593
0.0707154,-33419.8,337.575,17.8008,1.12818,-264456,-9651.25,256.982,27.9736,-85049,4574.49,542.181,31.6647
0.0707254,-33419.8,337.241,17.8042,1.12836,-264291,-9653.89,256.886,27.9762,-85247,4573.64,542.227,31.6701
0.0707354,-33419.8,336.907,17.8075,1.12854,-264125,-9656.53,256.789,27.9788,-85444.9,4572.79,542.272,31.6756
0.0707454,-33419.8,336.573,17.8109,1.12872,-263960,-9659.17,256.693,27.9813,-85642.8,4571.93,542.318,31.681
0.0707554,-33419.8,336.239,17.8143,1.12889,-263794,-9661.81,256.596,27.9839,-85840.6,4571.07,542.364,31.6864
0.0707654,-33419.8,335.904,17.8176,1.12907,-263628,-9664.45,256.5,27.9865,-86038.2,4570.22,542.409,31.6918
0.0707754,-33419.8,335.57,17.821,1.12925,-263462,-9667.08,256.403,27.989,-86235.8,4569.35,542.455,31.6972
0.0707854,-33419.8,335.236,17.8243,1.12943,-263296,-9669.72,256.306,27.9916,-86433.2,4568.49,542.501,31.7027
0.0707954,-33419.8,334.902,17.8277,1.12961,-263130,-9672.35,256.21,27.9941,-86630.5,4567.63,542.546,31.7081
0.0708054,-33419.8,334.568,17.831,1.12978,-262964,-9674.98,256.113,27.9967,-86827.8,4566.76,542.592,31.7135
0.0708154,-33419.8,334.234,17.8344,1.12996,-262798,-9677.61,256.016,27.9993,-87024.9,4565.89,542.638,31.7189
0.0708254,-33419.8,333.9,17.8377,1.13014,-262631,-9680.23,255.919,28.0018,-87221.9,4565.02,542.683,31.7244
0.0708354,-33419.8,333.565,17.8411,1.13032,-262465,-9682.86,255.823,28.0044,-87418.9,4564.14,542.729,31.7298
0.0708454,-33419.8,333.231,17.8444,1.1305,-262298,-9685.48,255.726,28.0069,-87615.8,4563.27,542.775,31.7352
0.0708553,-33419.8,332.897,17.8477,1.13068,-262132,-9688.11,255.629,28.0095,-87812.5,4562.39,542.82,31.7407
0.0708653,-33419.8,332.563,17.851,1.13085,-261965,-9690.72,255.532,28.0121,-88009.1,4561.51,542.866,31.7461
0.0708753,-33419.8,332.229,17.8544,1.13103,-261798,-9693.34,255.435,28.0146,-88205.6,4560.63,542.911,31.7515
0.0708853,-33419.8,331.895,17.8577,1.13121,-261631,-9695.96,255.338,28.0172,-88402.1,4559.75,542.957,31.7569
0.0708953,-33419.8,331.56,17.861,1.13139,-261464,-9698.58,255.241,28.0197,-88598.4,4558.86,543.003,31.7624
0.0709053,-33419.8,331.226,17.8643,1.13157,-261297,-9701.19,255.144,28.0223,-88794.7,4557.98,543.048,31.7678
0.0709153,-33419.8,330.892,17.8676,1.13175,-261130,-9703.8,255.047,28.0248,-88990.9,4557.09,543.094,31.7732
0.0709253,-33419.8,330.558,17.8709,1.13193,-260963,-9706.41,254.95,28.0274,-89186.8,4556.2,543.139,31.7787
0.0709353,-33419.8,330.224,17.8742,1.1321,-260795,-9709.02,254.853,28.0299,-89382.8,4555.31,543.185,31.7841
0.0709453,-33419.8,329.89,17.8775,1.13228,-260628,-9711.63,254.756,28.0325,-89578.7,4554.41,543.231,31.7895
0.0709553,-33419.8,329.556,17.8808,1.13246,-260460,-9714.23,254.659,28.035,-89774.4,4553.51,543.276,31.795
0.0709653,-33419.8,329.221,17.8841,1.13264,-260293,-9716.83,254.562,28.0376,-89970,4552.61,543.322,31.8004
0.0709753,-33419.8,328.887,17.8874,1.13282,-260125,-9719.44,254.465,28.0401,-90165.5,4551.71,543.367,31.8058
0.0709853,-33419.8,328.553,17.8907,1.133,-259957,-9722.04,254.367,28.0427,-90360.9,4550.81,543.413,31.8113
0.0709953,-33419.8,328.219,17.894,1.13318,-259789,-9724.64,254.27,28.0452,-90556.3,4549.91,543.458,31.8167
0.0710053,-33419.8,327.885,17.8973,1.13336,-259621,-9727.23,254.173,28.0477,-90751.5,4549,543.504,31.8221
0.0710153,-33419.8,327.551,17.9005,1.13354,-259453,-9729.83,254.076,28.0503,-90946.6,4548.09,543.549,31.8276
0.0710253,-33419.8,327.216,17.9038,1.13371,-259285,-9732.42,253.978,28.0528,-91141.6,4547.18,543.595,31.833
0.0710353,-33419.8,326.882,17.9071,1.13389,-259117,-9735.01,253.881,28.0554,-91336.6,4546.27,543.64,31.8384
0.0710453,-33419.8,326.548,17.9104,1.13407,-258948,-9737.6,253.784,28.0579,-91531.4,4545.36,543.685,31.8439
0.0710553,-33419.8,326.214,17.9136,1.13425,-258780,-9740.19,253.686,28.0604,-91726.1,4544.44,543.731,31.8493
0.0710653,-33419.8,325.88,17.9169,1.13443,-258612,-9742.78,253.589,28.063,-91920.7,4543.52,543.776,31.8547
0.0710753,-33419.8,325.546,17.9201,1.13461,-258443,-9745.36,253.491,28.0655,-92115.2,4542.6,543.822,31.8602
0.0710853,-33419.8,325.212,17.9234,1.13479,-258274,-9747.95,253.394,28.068,-92309.6,4541.68,543.867,31.8656
0.0710953,-33419.8,324.877,17.9266,1.13497,-258105,-9750.53,253.296,28.0706,-92503.9,4540.75,543.913,31.8711
0.0711053,-33419.8,324.543,17.9299,1.13515,-257937,-9753.11,253.199,28.0731,-92698.1,4539.83,543.958,31.8765
0.0711153,-33419.8,324.209,17.9331,1.13533,-257768,-9755.68,253.101,28.0756,-92892.2,4538.9,544.003,31.8819
0.0711253,-33419.8,323.875,17.9364,1.13551,-257598,-9758.26,253.004,28.0782,-93086.2,4537.97,544.049,31.8874
0.0711353,-33419.8,323.541,17.9396,1.13569,-257429,-9760.84,252.906,28.0807,-93280.1,4537.04,544.094,31.8928
0.0711453,-33419.8,323.207,17.9428,1.13587,-257260,-9763.41,252.809,28.0832,-93473.9,4536.11,544.139,31.8983
0.0711553,-33419.8,322.872,17.9461,1.13604,-257091,-9765.98,252.711,28.0858,-93667.6,4535.17,544.185,31.9037
0.0711653,-33419.8,322.538,17.9493,1.13622,-256921,-9768.55,252.613,28.0883,-93861.1,4534.23,544.23,31.9091
0.0711753,-33419.8,322.204,17.9525,1.1364,-256752,-9771.12,252.516,28.0908,-94054.6,4533.29,544.275,31.9146
0.0711853,-33419.8,321.87,17.9557,1.13658,-256582,-9773.68,252.418,28.0933,-94248,4532.35,544.321,31.92
0.0711953,-33419.8,321.536,17.959,1.13676,-256413,-9776.25,252.32,28.0959,-94441.3,4531.41,544.366,31.9255
0.0712053,-33419.8,321.202,17.9622,1.13694,-256243,-9778.81,252.223,28.0984,-94634.4,4530.47,544.411,31.9309
0.0712153,-33419.8,320.868,17.9654,1.13712,-256073,-9781.37,252.125,28.1009,-94827.5,4529.52,544.457,31.9364
0.0712253,-33419.8,320.533,17.9686,1.1373,-255903,-9783.93,252.027,28.1034,-95020.4,4528.57,544.502,31.9418
0.0712353,-33419.8,320.199,17.9718,1.13748,-255733,-9786.49,251.929,28.1059,-95213.3,4527.62,544.547,31.9473
0.0712453,-33419.8,319.865,17.975,1.13766,-255563,-9789.05,251.831,28.1085,-95406,4526.66,544.593,31.9527
0.0712553,-33419.8,319.531,17.9782,1.13784,-255393,-9791.6,251.733,28.111,-95598.7,4525.71,544.638,31.9581
0.0712653,-33419.8,319.197,17.9814,1.13802,-255222,-9794.15,251.635,28.1135,-95791.2,4524.75,544.683,31.9636
0.0712753,-33419.8,318.863,17.9846,1.1382,-255052,-9796.7,251.537,28.116,-95983.6,4523.79,544.728,31.969
0.0712853,-33419.8,318.528,17.9878,1.13838,-254882,-9799.25,251.44,28.1185,-96176,4522.83,544.773,31.9745
0.0712953,-33419.8,318.194,17.9909,1.13856,-254711,-9801.8,251.342,28.121,-96368.2,4521.87,544.819,31.9799
0.0713053,-33419.8,317.86,17.9941,1.13874,-254540,-9804.35,251.244,28.1236,-96560.3,4520.91,544.864,31.9854
0.0713153,-33419.8,317.526,17.9973,1.13892,-254370,-9806.89,251.145,28.1261,-96752.3,4519.94,544.909,31.9908
0.0713253,-33419.8,317.192,18.0005,1.1391,-254199,-9809.43,251.047,28.1286,-96944.3,4518.97,544.954,31.9963
0.0713353,-33419.8,316.858,18.0036,1.13928,-254028,-9811.98,250.949,28.1311,-97136.1,4518,545,32.0017
0.0713453,-33419.8,316.524,18.0068,1.13946,-253857,-9814.51,250.851,28.1336,-97327.8,4517.03,545.045,32.0072
0.0713553,-33419.8,316.189,18.01,1.13964,-253686,-9817.05,250.753,28.1361,-97519.4,4516.06,545.09,32.0126
0.0713653,-33419.8,315.855,18.0131,1.13982,-253514,-9819.59,250.655,28.1386,-97710.9,4515.08,545.135,32.0181
0.0713753,-33419.8,315.521,18.0163,1.14,-253343,-9822.12,250.557,28.1411,-97902.2,4514.1,545.18,32.0235
0.0713853,-33419.8,315.187,18.0194,1.14018,-253172,-9824.65,250.458,28.1436,-98093.5,4513.12,545.225,32.029
0.0713953,-33419.8,314.853,18.0226,1.14036,-253000,-9827.18,250.36,28.1461,-98284.7,4512.14,545.27,32.0344
0.0714053,-33419.8,314.519,18.0257,1.14054,-252829,-9829.71,250.262,28.1486,-98475.8,4511.16,545.315,32.0399
0.0714153,-33419.8,314.184,18.0289,1.14072,-252657,-9832.24,250.164,28.1511,-98666.7,4510.17,545.361,32.0453
0.0714253,-33419.8,313.85,18.032,1.1409,-252485,-9834.76,250.065,28.1536,-98857.6,4509.18,545.406,32.0508
0.0714353,-33419.8,313.516,18.0352,1.14108,-252314,-9837.29,249.967,28.1561,-99048.4,4508.19,545.451,32.0563
0.0714453,-33419.8,313.182,18.0383,1.14126,-252142,-9839.81,249.869,28.1586,-99239,4507.2,545.496,32.0617
0.0714553,-33419.8,312.848,18.0414,1.14144,-251970,-9842.33,249.77,28.1611,-99429.5,4506.21,545.541,32.0672
0.0714653,-33419.8,312.514,18.0445,1.14162,-251798,-9844.85,249.672,28.1636,-99620,4505.21,545.586,32.0726
0.0714753,-33419.8,312.18,18.0477,1.1418,-251625,-9847.37,249.573,28.1661,-99810.3,4504.22,545.631,32.0781
0.0714853,-33419.8,311.845,18.0508,1.14198,-251453,-9849.88,249.475,28.1686,-100001,4503.22,545.676,32.0835
0.0714953,-33419.8,311.511,18.0539,1.14216,-251281,-9852.39,249.376,28.1711,-100191,4502.22,545.721,32.089
0.0715053,-33419.8,311.177,18.057,1.14234,-251108,-9854.91,249.278,28.1736,-100381,4501.21,545.766,32.0945
0.0715153,-33419.8,310.843,18.0601,1.14253,-250936,-9857.42,249.179,28.1761,-100571,4500.21,545.811,32.0999
0.0715253,-33419.8,310.509,18.0632,1.14271,-250763,-9859.92,249.081,28.1786,-100760,4499.2,545.856,32.1054
0.0715353,-33419.8,310.175,18.0663,1.14289,-250591,-9862.43,248.982,28.1811,-100950,4498.19,545.901,32.1108
0.0715453,-33419.8,309.84,18.0694,1.14307,-250418,-9864.94,248.883,28.1836,-101140,4497.18,545.946,32.1163
0.0715553,-33419.8,309.506,18.0725,1.14325,-250245,-9867.44,248.785,28.1861,-101329,4496.17,545.991,32.1217
0.0715653,-33419.8,309.172,18.0756,1.14343,-250072,-9869.94,248.686,28.1885,-101518,4495.16,546.036,32.1272
0.0715753,-33419.8,308.838,18.0787,1.14361,-249899,-9872.44,248.587,28.191,-101708,4494.14,546.081,32.1327
0.0715853,-33419.8,308.504,18.0818,1.14379,-249726,-9874.94,248.489,28.1935,-101897,4493.12,546.126,32.1381
0.0715953,-33419.8,308.17,18.0849,1.14397,-249552,-9877.43,248.39,28.196,-102086,4492.1,546.171,32.1436
0.0716053,-33419.8,307.836,18.088,1.14415,-249379,-9879.93,248.291,28.1985,-102275,4491.08,546.216,32.1491
0.0716152,-33419.8,307.501,18.091,1.14433,-249206,-9882.42,248.192,28.201,-102464,4490.06,546.26,32.1545
0.0716252,-33419.8,307.167,18.0941,1.14451,-249032,-9884.91,248.094,28.2034,-102652,4489.03,546.305,32.16
0.0716352,-33419.8,306.833,18.0972,1.14469,-248859,-9887.4,247.995,28.2059,-102841,4488.01,546.35,32.1654
0.0716452,-33419.8,306.499,18.1002,1.14488,-248685,-9889.89,247.896,28.2084,-103030,4486.98,546.395,32.1709
0.0716552,-33419.8,306.165,18.1033,1.14506,-248511,-9892.37,247.797,28.2109,-103218,4485.95,546.44,32.1764
0.0716652,-33419.8,305.831,18.1064,1.14524,-248337,-9894.86,247.698,28.2134,-103406,4484.91,546.485,32.1818
0.0716752,-33419.8,305.496,18.1094,1.14542,-248163,-9897.34,247.599,28.2158,-103594,4483.88,546.53,32.1873
0.0716852,-33419.8,305.162,18.1125,1.1456,-247989,-9899.82,247.5,28.2183,-103783,4482.84,546.575,32.1928
0.0716952,-33419.8,304.828,18.1155,1.14578,-247815,-9902.3,247.401,28.2208,-103971,4481.8,546.619,32.1982
0.0717052,-33419.8,304.494,18.1186,1.14596,-247641,-9904.78,247.302,28.2233,-104158,4480.76,546.664,32.2037
0.0717152,-33419.8,304.16,18.1216,1.14614,-247467,-9907.25,247.203,28.2257,-104346,4479.72,546.709,32.2092
0.0717252,-33419.8,303.826,18.1247,1.14632,-247292,-9909.72,247.104,28.2282,-104534,4478.68,546.754,32.2146
0.0717352,-33419.8,303.492,18.1277,1.14651,-247118,-9912.2,247.005,28.2307,-104721,4477.63,546.798,32.2201
0.0717452,-33419.8,303.157,18.1307,1.14669,-246943,-9914.67,246.906,28.2331,-104909,4476.58,546.843,32.2256
0.0717552,-33419.8,302.823,18.1338,1.14687,-246769,-9917.13,246.807,28.2356,-105096,4475.53,546.888,32.231
0.0717652,-33419.8,302.489,18.1368,1.14705,-246594,-9919.6,246.707,28.2381,-105283,4474.48,546.933,32.2365
0.0717752,-33419.8,302.155,18.1398,1.14723,-246419,-9922.07,246.608,28.2405,-105470,4473.43,546.977,32.242
0.0717852,-33419.8,301.821,18.1428,1.14741,-246244,-9924.53,246.509,28.243,-105657,4472.37,547.022,32.2474
0.0717952,-33419.8,301.487,18.1458,1.14759,-246069,-9926.99,246.41,28.2455,-105844,4471.31,547.067,32.2529
0.0718052,-33419.8,301.152,18.1489,1.14777,-245894,-9929.45,246.31,28.2479,-106031,4470.25,547.112,32.2584
0.0718152,-33419.8,300.818,18.1519,1.14796,-245719,-9931.91,246.211,28.2504,-106218,4469.19,547.156,32.2639
0.0718252,-33419.8,300.484,18.1549,1.14814,-245544,-9934.36,246.112,28.2529,-106404,4468.13,547.201,32.2693
0.0718352,-33419.8,300.15,18.1579,1.14832,-245368,-9936.82,246.013,28.2553,-106591,4467.07,547.246,32.2748
0.0718452,-33419.8,299.816,18.1609,1.1485,-245193,-9939.27,245.913,28.2578,-106777,4466,547.29,32.2803
0.0718552,-33419.8,299.482,18.1639,1.14868,-245017,-9941.72,245.814,28.2602,-106963,4464.93,547.335,32.2857
0.0718652,-33419.8,299.148,18.1669,1.14886,-244842,-9944.17,245.714,28.2627,-107149,4463.86,547.38,32.2912
0.0718752,-33419.8,298.813,18.1698,1.14905,-244666,-9946.62,245.615,28.2652,-107335,4462.79,547.424,32.2967
0.0718852,-33419.8,298.479,18.1728,1.14923,-244490,-9949.06,245.516,28.2676,-107521,4461.71,547.469,32.3022
0.0718952,-33419.8,298.145,18.1758,1.14941,-244314,-9951.51,245.416,28.2701,-107707,4460.64,547.513,32.3076
0.0719052,-33419.8,297.811,18.1788,1.14959,-244138,-9953.95,245.316,28.2725,-107893,4459.56,547.558,32.3131
0.0719152,-33419.8,297.477,18.1818,1.14977,-243962,-9956.39,245.217,28.275,-108078,4458.48,547.603,32.3186
0.0719252,-33419.8,297.143,18.1847,1.14995,-243786,-9958.83,245.117,28.2774,-108264,4457.4,547.647,32.3241
0.0719352,-33419.8,296.808,18.1877,1.15014,-243610,-9961.26,245.018,28.2799,-108449,4456.31,547.692,32.3295
0.0719452,-33419.8,296.474,18.1907,1.15032,-243433,-9963.7,244.918,28.2823,-108635,4455.23,547.736,32.335
0.0719552,-33419.8,296.14,18.1936,1.1505,-243257,-9966.13,244.819,28.2848,-108820,4454.14,547.781,32.3405
0.0719652,-33419.8,295.806,18.1966,1.15068,-243080,-9968.56,244.719,28.2872,-109005,4453.05,547.825,32.346
0.0719752,-33419.8,295.472,18.1996,1.15086,-242904,-9970.99,244.619,28.2897,-109190,4451.96,547.87,32.3515
0.0719852,-33419.8,295.138,18.2025,1.15105,-242727,-9973.42,244.52,28.2921,-109374,4450.87,547.914,32.3569
0.0719952,-33419.8,294.804,18.2055,1.15123,-242550,-9975.85,244.42,28.2946,-109559,4449.78,547.959,32.3624
0.0720052,-33419.8,294.469,18.2084,1.15141,-242374,-9978.27,244.32,28.297,-109744,4448.68,548.003,32.3679
0.0720152,-33419.8,294.135,18.2114,1.15159,-242197,-9980.69,244.22,28.2994,-109928,4447.58,548.048,32.3734
0.0720252,-33419.8,293.801,18.2143,1.15177,-242020,-9983.11,244.12,28.3019,-110112,4446.48,548.092,32.3789
0.0720352,-33419.8,293.467,18.2172,1.15196,-241842,-9985.53,244.021,28.3043,-110297,4445.38,548.137,32.3843
0.0720452,-33419.8,293.133,18.2202,1.15214,-241665,-9987.95,243.921,28.3068,-110481,4444.27,548.181,32.3898
0.0720552,-33419.8,292.799,18.2231,1.15232,-241488,-9990.36,243.821,28.3092,-110665,4443.17,548.226,32.3953
0.0720652,-33419.8,292.464,18.226,1.1525,-241311,-9992.78,243.721,28.3116,-110849,4442.06,548.27,32.4008
0.0720752,-33419.8,292.13,18.2289,1.15269,-241133,-9995.19,243.621,28.3141,-111033,4440.95,548.315,32.4063
0.0720852,-33419.8,291.796,18.2319,1.15287,-240956,-9997.6,243.521,28.3165,-111216,4439.84,548.359,32.4117
0.0720952,-33419.8,291.462,18.2348,1.15305,-240778,-10000,243.421,28.319,-111400,4438.73,548.403,32.4172
0.0721052,-33419.8,291.128,18.2377,1.15323,-240600,-10002.4,243.321,28.3214,-111583,4437.61,548.448,32.4227
0.0721152,-33419.8,290.794,18.2406,1.15341,-240422,-10004.8,243.221,28.3238,-111767,4436.5,548.492,32.4282
0.0721252,-33419.8,290.46,18.2435,1.1536,-240244,-10007.2,243.121,28.3263,-111950,4435.38,548.536,32.4337
0.0721352,-33419.8,290.125,18.2464,1.15378,-240066,-10009.6,243.021,28.3287,-112133,4434.26,548.581,32.4392
0.0721452,-33419.8,289.791,18.2493,1.15396,-239888,-10012,242.921,28.3311,-112316,4433.14,548.625,32.4447
0.0721552,-33419.8,289.457,18.2522,1.15414,-239710,-10014.4,242.821,28.3335,-112499,4432.01,548.669,32.4501
0.0721652,-33419.8,289.123,18.2551,1.15433,-239532,-10016.8,242.721,28.336,-112682,4430.89,548.714,32.4556
0.0721752,-33419.8,288.789,18.258,1.15451,-239354,-10019.2,242.62,28.3384,-112865,4429.76,548.758,32.4611
0.0721852,-33419.8,288.455,18.2609,1.15469,-239175,-10021.6,242.52,28.3408,-113047,4428.63,548.802,32.4666
0.0721952,-33419.8,288.12,18.2637,1.15487,-238997,-10024,242.42,28.3432,-113230,4427.5,548.847,32.4721
0.0722052,-33419.8,287.786,18.2666,1.15506,-238818,-10026.4,242.32,28.3457,-113412,4426.37,548.891,32.4776
0.0722152,-33419.8,287.452,18.2695,1.15524,-238639,-10028.8,242.22,28.3481,-113594,4425.23,548.935,32.4831
0.0722252,-33419.8,287.118,18.2724,1.15542,-238461,-10031.2,242.119,28.3505,-113776,4424.09,548.979,32.4886
0.0722352,-33419.8,286.784,18.2752,1.15561,-238282,-10033.5,242.019,28.3529,-113958,4422.96,549.023,32.4941
0.0722452,-33419.8,286.45,18.2781,1.15579,-238103,-10035.9,241.919,28.3554,-114140,4421.81,549.068,32.4995
0.0722552,-33419.8,286.116,18.281,1.15597,-237924,-10038.3,241.818,28.3578,-114322,4420.67,549.112,32.505
0.0722652,-33419.8,285.781,18.2838,1.15615,-237744,-10040.7,241.718,28.3602,-114504,4419.53,549.156,32.5105
0.0722752,-33419.8,285.447,18.2867,1.15634,-237565,-10043.1,241.617,28.3626,-114685,4418.38,549.2,32.516
0.0722852,-33419.8,285.113,18.2895,1.15652,-237386,-10045.4,241.517,28.365,-114867,4417.23,549.245,32.5215
0.0722952,-33419.8,284.779,18.2924,1.1567,-237207,-10047.8,241.417,28.3674,-115048,4416.09,549.289,32.527
0.0723052,-33419.8,284.445,18.2952,1.15688,-237027,-10050.2,241.316,28.3699,-115229,4414.94,549.333,32.5325
0.0723152,-33419.8,284.111,18.2981,1.15707,-236848,-10052.5,241.216,28.3723,-115410,4413.78,549.377,32.538
0.0723252,-33419.8,283.776,18.3009,1.15725,-236668,-10054.9,241.115,28.3747,-115591,4412.63,549.421,32.5435
0.0723352,-33419.8,283.442,18.3038,1.15743,-236488,-10057.3,241.015,28.3771,-115772,4411.47,549.465,32.549
0.0723452,-33419.8,283.108,18.3066,1.15762,-236308,-10059.6,240.914,28.3795,-115953,4410.31,549.509,32.5545
0.0723552,-33419.8,282.774,18.3094,1.1578,-236128,-10062,240.813,28.3819,-116134,4409.15,549.553,32.56
0.0723651,-33419.8,282.44,18.3122,1.15798,-235948,-10064.4,240.713,28.3843,-116314,4407.99,549.597,32.5655
0.0723751,-33419.8,282.106,18.3151,1.15817,-235768,-10066.7,240.612,28.3867,-116495,4406.82,549.642,32.571
0.0723851,-33419.8,281.772,18.3179,1.15835,-235588,-10069.1,240.511,28.3891,-116675,4405.66,549.686,32.5765
0.0723951,-33419.8,281.437,18.3207,1.15853,-235408,-10071.4,240.411,28.3915,-116855,4404.49,549.73,32.582
0.0724051,-33419.8,281.103,18.3235,1.15872,-235227,-10073.8,240.31,28.3939,-117035,4403.32,549.774,32.5875
0.0724151,-33419.8,280.769,18.3263,1.1589,-235047,-10076.1,240.209,28.3963,-117215,4402.15,549.818,32.5929
0.0724251,-33419.8,280.435,18.3291,1.15908,-234866,-10078.5,240.108,28.3987,-117395,4400.98,549.862,32.5984
0.0724351,-33419.8,280.101,18.3319,1.15927,-234686,-10080.8,240.008,28.4011,-117575,4399.8,549.906,32.6039
0.0724451,-33419.8,279.767,18.3347,1.15945,-234505,-10083.2,239.907,28.4035,-117754,4398.63,549.95,32.6094
0.0724551,-33419.8,279.432,18.3375,1.15963,-234324,-10085.5,239.806,28.4059,-117934,4397.45,549.994,32.6149
0.0724651,-33419.8,279.098,18.3403,1.15982,-234144,-10087.9,239.705,28.4083,-118113,4396.27,550.038,32.6204
0.0724751,-33419.8,278.764,18.3431,1.16,-233963,-10090.2,239.604,28.4107,-118293,4395.09,550.082,32.6259
0.0724851,-33419.8,278.43,18.3459,1.16018,-233782,-10092.5,239.503,28.4131,-118472,4393.9,550.125,32.6314
0.0724951,-33419.8,278.096,18.3487,1.16037,-233600,-10094.9,239.403,28.4155,-118651,4392.72,550.169,32.6369
0.0725051,-33419.8,277.762,18.3514,1.16055,-233419,-10097.2,239.302,28.4179,-118830,4391.53,550.213,32.6424
0.0725151,-33419.8,277.428,18.3542,1.16073,-233238,-10099.5,239.201,28.4203,-119008,4390.34,550.257,32.6479
0.0725251,-33419.8,277.093,18.357,1.16092,-233056,-10101.9,239.1,28.4227,-119187,4389.15,550.301,32.6535
0.0725351,-33419.8,276.759,18.3598,1.1611,-232875,-10104.2,238.999,28.4251,-119366,4387.96,550.345,32.659
0.0725451,-33419.8,276.425,18.3625,1.16128,-232693,-10106.5,238.898,28.4275,-119544,4386.76,550.389,32.6645
0.0725551,-33419.8,276.091,18.3653,1.16147,-232512,-10108.9,238.797,28.4299,-119723,4385.57,550.433,32.67
0.0725651,-33419.8,275.757,18.3681,1.16165,-232330,-10111.2,238.695,28.4323,-119901,4384.37,550.477,32.6755
0.0725751,-33419.8,275.423,18.3708,1.16183,-232148,-10113.5,238.594,28.4346,-120079,4383.17,550.52,32.681
0.0725851,-33419.8,275.088,18.3736,1.16202,-231966,-10115.8,238.493,28.437,-120257,4381.97,550.564,32.6865
0.0725951,-33419.8,274.754,18.3763,1.1622,-231784,-10118.1,238.392,28.4394,-120435,4380.77,550.608,32.692
0.0726051,-33419.8,274.42,18.3791,1.16239,-231602,-10120.5,238.291,28.4418,-120613,4379.56,550.652,32.6975
0.0726151,-33419.8,274.086,18.3818,1.16257,-231420,-10122.8,238.19,28.4442,-120790,4378.35,550.696,32.703
0.0726251,-33419.8,273.752,18.3845,1.16275,-231238,-10125.1,238.088,28.4466,-120968,4377.14,550.739,32.7085
0.0726351,-33419.8,273.418,18.3873,1.16294,-231055,-10127.4,237.987,28.4489,-121145,4375.93,550.783,32.714
0.0726451,-33419.8,273.084,18.39,1.16312,-230873,-10129.7,237.886,28.4513,-121323,4374.72,550.827,32.7195
0.0726551,-33419.8,272.749,18.3927,1.1633,-230690,-10132,237.785,28.4537,-121500,4373.51,550.871,32.725
0.0726651,-33419.8,272.415,18.3955,1.16349,-230508,-10134.3,237.683,28.4561,-121677,4372.29,550.914,32.7305
0.0726751,-33419.8,272.081,18.3982,1.16367,-230325,-10136.6,237.582,28.4584,-121854,4371.08,550.958,32.736
0.0726851,-33419.8,271.747,18.4009,1.16386,-230142,-10138.9,237.481,28.4608,-122031,4369.86,551.002,32.7416
0.0726951,-33419.8,271.413,18.4036,1.16404,-229959,-10141.2,237.379,28.4632,-122207,4368.63,551.045,32.7471
0.0727051,-33419.8,271.079,18.4063,1.16422,-229776,-10143.5,237.278,28.4656,-122384,4367.41,551.089,32.7526
0.0727151,-33419.8,270.744,18.409,1.16441,-229593,-10145.8,237.176,28.4679,-122561,4366.19,551.133,32.7581
0.0727251,-33419.8,270.41,18.4117,1.16459,-229410,-10148.1,237.075,28.4703,-122737,4364.96,551.176,32.7636
0.0727351,-33419.8,270.076,18.4144,1.16478,-229227,-10150.4,236.973,28.4727,-122913,4363.73,551.22,32.7691
0.0727451,-33419.8,269.742,18.4171,1.16496,-229044,-10152.7,236.872,28.4751,-123089,4362.5,551.264,32.7746
0.0727551,-33419.8,269.408,18.4198,1.16515,-228860,-10155,236.77,28.4774,-123265,4361.27,551.307,32.7801
0.0727651,-33419.8,269.074,18.4225,1.16533,-228677,-10157.3,236.669,28.4798,-123441,4360.04,551.351,32.7857
0.0727751,-33419.8,268.74,18.4252,1.16551,-228493,-10159.6,236.567,28.4822,-123617,4358.8,551.395,32.7912
0.0727851,-33419.8,268.405,18.4279,1.1657,-228310,-10161.8,236.466,28.4845,-123793,4357.57,551.438,32.7967
0.0727951,-33419.8,268.071,18.4306,1.16588,-228126,-10164.1,236.364,28.4869,-123968,4356.33,551.482,32.8022
0.0728051,-33419.8,267.737,18.4333,1.16607,-227942,-10166.4,236.262,28.4892,-124144,4355.09,551.525,32.8077
0.0728151,-33419.8,267.403,18.4359,1.16625,-227758,-10168.7,236.161,28.4916,-124319,4353.85,551.569,32.8132
0.0728251,-33419.8,267.069,18.4386,1.16643,-227574,-10171,236.059,28.494,-124494,4352.6,551.612,32.8187
0.0728351,-33419.8,266.735,18.4413,1.16662,-227390,-10173.2,235.957,28.4963,-124670,4351.35,551.656,32.8243
0.0728451,-33419.8,266.4,18.4439,1.1668,-227206,-10175.5,235.856,28.4987,-124844,4350.11,551.699,32.8298
0.0728551,-33419.8,266.066,18.4466,1.16699,-227022,-10177.8,235.754,28.501,-125019,4348.86,551.743,32.8353
0.0728651,-33419.8,265.732,18.4493,1.16717,-226837,-10180,235.652,28.5034,-125194,4347.61,551.786,32.8408
0.0728751,-33419.8,265.398,18.4519,1.16736,-226653,-10182.3,235.55,28.5058,-125369,4346.36,551.83,32.8463
0.0728851,-33419.8,265.064,18.4546,1.16754,-226469,-10184.6,235.448,28.5081,-125543,4345.1,551.873,32.8518
0.0728951,-33419.8,264.73,18.4572,1.16773,-226284,-10186.8,235.347,28.5105,-125718,4343.85,551.917,32.8574
0.0729051,-33419.8,264.396,18.4599,1.16791,-226099,-10189.1,235.245,28.5128,-125892,4342.59,551.96,32.8629
0.0729151,-33419.8,264.061,18.4625,1.1681,-225915,-10191.4,235.143,28.5152,-126066,4341.33,552.003,32.8684
0.0729251,-33419.8,263.727,18.4651,1.16828,-225730,-10193.6,235.041,28.5175,-126240,4340.07,552.047,32.8739
0.0729351,-33419.8,263.393,18.4678,1.16846,-225545,-10195.9,234.939,28.5199,-126414,4338.8,552.09,32.8794
0.0729451,-33419.8,263.059,18.4704,1.16865,-225360,-10198.1,234.837,28.5222,-126588,4337.54,552.134,32.885
0.0729551,-33419.8,262.725,18.473,1.16883,-225175,-10200.4,234.735,28.5246,-126761,4336.27,552.177,32.8905
0.0729651,-33419.8,262.391,18.4757,1.16902,-224990,-10202.6,234.633,28.5269,-126935,4335,552.22,32.896
0.0729751,-33419.8,262.056,18.4783,1.1692,-224804,-10204.9,234.531,28.5293,-127108,4333.73,552.264,32.9015
0.0729851,-33419.8,261.722,18.4809,1.16939,-224619,-10207.1,234.429,28.5316,-127282,4332.46,552.307,32.9071
0.0729951,-33419.8,261.388,18.4835,1.16957,-224433,-10209.4,234.327,28.534,-127455,4331.19,552.35,32.9126
0.0730051,-33419.8,261.054,18.4861,1.16976,-224248,-10211.6,234.225,28.5363,-127628,4329.91,552.394,32.9181
0.0730151,-33419.8,260.72,18.4887,1.16994,-224062,-10213.9,234.123,28.5386,-127801,4328.64,552.437,32.9236
0.0730251,-33419.8,260.386,18.4913,1.17013,-223877,-10216.1,234.021,28.541,-127974,4327.36,552.48,32.9292
0.0730351,-33419.8,260.052,18.4939,1.17031,-223691,-10218.3,233.918,28.5433,-128147,4326.08,552.523,32.9347
0.0730451,-33419.8,259.717,18.4965,1.1705,-223505,-10220.6,233.816,28.5457,-128319,4324.79,552.567,32.9402
0.0730551,-33419.8,259.383,18.4991,1.17068,-223319,-10222.8,233.714,28.548,-128492,4323.51,552.61,32.9457
0.0730651,-33419.8,259.049,18.5017,1.17087,-223133,-10225,233.612,28.5503,-128664,4322.22,552.653,32.9513
0.0730751,-33419.8,258.715,18.5043,1.17105,-222947,-10227.3,233.51,28.5527,-128836,4320.94,552.696,32.9568
0.0730851,-33419.8,258.381,18.5069,1.17124,-222761,-10229.5,233.407,28.555,-129008,4319.65,552.74,32.9623
0.0730951,-33419.8,258.047,18.5095,1.17142,-222574,-10231.7,233.305,28.5573,-129180,4318.36,552.783,32.9678
0.0731051,-33419.8,257.712,18.5121,1.17161,-222388,-10234,233.203,28.5597,-129352,4317.06,552.826,32.9734
0.0731151,-33419.8,257.378,18.5146,1.17179,-222201,-10236.2,233.1,28.562,-129524,4315.77,552.869,32.9789
0.073125,-33419.8,257.044,18.5172,1.17198,-222015,-10238.4,232.998,28.5643,-129696,4314.48,552.912,32.9844
0.073135,-33419.8,256.71,18.5198,1.17216,-221828,-10240.6,232.896,28.5667,-129867,4313.18,552.955,32.9899
0.073145,-33419.8,256.376,18.5223,1.17235,-221642,-10242.8,232.793,28.569,-130039,4311.88,552.998,32.9955
0.073155,-33419.8,256.042,18.5249,1.17253,-221455,-10245,232.691,28.5713,-130210,4310.58,553.042,33.001
0.073165,-33419.8,255.708,18.5275,1.17272,-221268,-10247.3,232.588,28.5736,-130381,4309.28,553.085,33.0065
0.073175,-33419.8,255.373,18.53,1.1729,-221081,-10249.5,232.486,28.576,-130552,4307.97,553.128,33.0121
0.073185,-33419.8,255.039,18.5326,1.17309,-220894,-10251.7,232.383,28.5783,-130723,4306.66,553.171,33.0176
0.073195,-33419.8,254.705,18.5351,1.17327,-220707,-10253.9,232.281,28.5806,-130894,4305.35,553.214,33.0231
0.073205,-33419.8,254.371,18.5377,1.17346,-220519,-10256.1,232.178,28.5829,-131065,4304.05,553.257,33.0287
0.073215,-33419.8,254.037,18.5402,1.17365,-220332,-10258.3,232.076,28.5853,-131235,4302.73,553.3,33.0342
0.073225,-33419.8,253.703,18.5427,1.17383,-220145,-10260.5,231.973,28.5876,-131406,4301.42,553.343,33.0397
0.073235,-33419.8,253.368,18.5453,1.17402,-219957,-10262.7,231.871,28.5899,-131576,4300.11,553.386,33.0453
0.073245,-33419.8,253.034,18.5478,1.1742,-219770,-10264.9,231.768,28.5922,-131746,4298.79,553.429,33.0508
0.073255,-33419.8,252.7,18.5503,1.17439,-219582,-10267.1,231.665,28.5945,-131916,4297.47,553.472,33.0563
0.073265,-33419.8,252.366,18.5529,1.17457,-219394,-10269.3,231.563,28.5968,-132086,4296.15,553.515,33.0619
0.073275,-33419.8,252.032,18.5554,1.17476,-219206,-10271.5,231.46,28.5992,-132256,4294.83,553.558,33.0674
0.073285,-33419.8,251.698,18.5579,1.17494,-219019,-10273.7,231.357,28.6015,-132426,4293.51,553.601,33.0729
0.073295,-33419.8,251.364,18.5604,1.17513,-218831,-10275.9,231.255,28.6038,-132595,4292.18,553.644,33.0785
0.073305,-33419.8,251.029,18.5629,1.17531,-218642,-10278,231.152,28.6061,-132765,4290.86,553.687,33.084
0.073315,-33419.8,250.695,18.5654,1.1755,-218454,-10280.2,231.049,28.6084,-132934,4289.53,553.729,33.0896
0.073325,-33419.8,250.361,18.5679,1.17569,-218266,-10282.4,230.946,28.6107,-133103,4288.2,553.772,33.0951
0.073335,-33419.8,250.027,18.5704,1.17587,-218078,-10284.6,230.843,28.613,-133273,4286.86,553.815,33.1006
0.073345,-33419.8,249.693,18.5729,1.17606,-217889,-10286.8,230.741,28.6153,-133442,4285.53,553.858,33.1062
0.073355,-33419.8,249.359,18.5754,1.17624,-217701,-10289,230.638,28.6176,-133610,4284.2,553.901,33.1117
0.073365,-33419.8,249.024,18.5779,1.17643,-217512,-10291.1,230.535,28.62,-133779,4282.86,553.944,33.1172
0.073375,-33419.8,248.69,18.5804,1.17661,-217324,-10293.3,230.432,28.6223,-133948,4281.52,553.987,33.1228
0.073385,-33419.8,248.356,18.5829,1.1768,-217135,-10295.5,230.329,28.6246,-134116,4280.18,554.029,33.1283
0.073395,-33419.8,248.022,18.5854,1.17699,-216946,-10297.6,230.226,28.6269,-134285,4278.84,554.072,33.1339
0.073405,-33419.8,247.688,18.5879,1.17717,-216757,-10299.8,230.123,28.6292,-134453,4277.5,554.115,33.1394
0.073415,-33419.8,247.354,18.5903,1.17736,-216568,-10302,230.02,28.6315,-134621,4276.15,554.158,33.1449
0.073425,-33419.8,247.02,18.5928,1.17754,-216379,-10304.1,229.917,28.6338,-134789,4274.81,554.2,33.1505
0.073435,-33419.8,246.685,18.5953,1.17773,-216190,-10306.3,229.814,28.6361,-134957,4273.46,554.243,33.156
0.073445,-33419.8,246.351,18.5977,1.17792,-216001,-10308.5,229.711,28.6384,-135125,4272.11,554.286,33.1616
0.073455,-33419.8,246.017,18.6002,1.1781,-215811,-10310.6,229.608,28.6407,-135292,4270.75,554.329,33.1671
0.073465,-33419.8,245.683,18.6027,1.17829,-215622,-10312.8,229.505,28.643,-135460,4269.4,554.371,33.1727
0.073475,-33419.8,245.349,18.6051,1.17847,-215432,-10314.9,229.402,28.6452,-135627,4268.04,554.414,33.1782
0.073485,-33419.8,245.015,18.6076,1.17866,-215243,-10317.1,229.298,28.6475,-135795,4266.69,554.457,33.1837
0.073495,-33419.8,244.68,18.61,1.17885,-215053,-10319.2,229.195,28.6498,-135962,4265.33,554.499,33.1893
0.073505,-33419.8,244.346,18.6125,1.17903,-214863,-10321.4,229.092,28.6521,-136129,4263.97,554.542,33.1948
0.073515,-33419.8,244.012,18.6149,1.17922,-214673,-10323.5,228.989,28.6544,-136296,4262.61,554.585,33.2004
0.073525,-33419.8,243.678,18.6173,1.1794,-214483,-10325.7,228.886,28.6567,-136462,4261.24,554.627,33.2059
0.073535,-33419.8,243.344,18.6198,1.17959,-214293,-10327.8,228.782,28.659,-136629,4259.88,554.67,33.2115
0.073545,-33419.8,243.01,18.6222,1.17978,-214103,-10330,228.679,28.6613,-136796,4258.51,554.712,33.217
0.073555,-33419.8,242.675,18.6246,1.17996,-213913,-10332.1,228.576,28.6636,-136962,4257.14,554.755,33.2226
0.073565,-33419.8,242.341,18.6271,1.18015,-213723,-10334.2,228.473,28.6659,-137128,4255.77,554.798,33.2281
0.073575,-33419.8,242.007,18.6295,1.18033,-213533,-10336.4,228.369,28.6681,-137295,4254.4,554.84,33.2337
0.073585,-33419.8,241.673,18.6319,1.18052,-213342,-10338.5,228.266,28.6704,-137461,4253.03,554.883,33.2392
0.073595,-33419.8,241.339,18.6343,1.18071,-213152,-10340.7,228.162,28.6727,-137627,4251.65,554.925,33.2448
0.073605,-33419.8,241.005,18.6367,1.18089,-212961,-10342.8,228.059,28.675,-137792,4250.28,554.968,33.2503
0.073615,-33419.8,240.671,18.6391,1.18108,-212770,-10344.9,227.956,28.6773,-137958,4248.9,555.01,33.2559
0.073625,-33419.8,240.336,18.6415,1.18127,-212580,-10347,227.852,28.6795,-138124,4247.52,555.053,33.2614
0.073635,-33419.8,240.002,18.6439,1.18145,-212389,-10349.2,227.749,28.6818,-138289,4246.14,555.095,33.267
0.073645,-33419.8,239.668,18.6463,1.18164,-212198,-10351.3,227.645,28.6841,-138454,4244.75,555.138,33.2725
0.073655,-33419.8,239.334,18.6487,1.18183,-212007,-10353.4,227.542,28.6864,-138620,4243.37,555.18,33.2781
0.073665,-33419.8,239,18.6511,1.18201,-211816,-10355.5,227.438,28.6886,-138785,4241.98,555.222,33.2836
0.073675,-33419.8,238.666,18.6535,1.1822,-211625,-10357.6,227.335,28.6909,-138949,4240.59,555.265,33.2892
0.073685,-33419.8,238.331,18.6559,1.18239,-211433,-10359.8,227.231,28.6932,-139114,4239.2,555.307,33.2947
0.073695,-33419.8,237.997,18.6583,1.18257,-211242,-10361.9,227.127,28.6955,-139279,4237.81,555.35,33.3003
0.073705,-33419.8,237.663,18.6607,1.18276,-211051,-10364,227.024,28.6977,-139444,4236.41,555.392,33.3058
0.073715,-33419.8,237.329,18.663,1.18294,-210859,-10366.1,226.92,28.7,-139608,4235.02,555.434,33.3114
0.073725,-33419.8,236.995,18.6654,1.18313,-210667,-10368.2,226.817,28.7023,-139772,4233.62,555.477,33.3169
0.073735,-33419.8,236.661,18.6678,1.18332,-210476,-10370.3,226.713,28.7045,-139936,4232.23,555.519,33.3225
0.073745,-33419.8,236.327,18.6701,1.1835,-210284,-10372.4,226.609,28.7068,-140100,4230.82,555.561,33.3281
0.073755,-33419.8,235.992,18.6725,1.18369,-210092,-10374.5,226.505,28.7091,-140264,4229.42,555.604,33.3336
0.073765,-33419.8,235.658,18.6749,1.18388,-209900,-10376.6,226.402,28.7113,-140428,4228.02,555.646,33.3392
0.073775,-33419.8,235.324,18.6772,1.18406,-209708,-10378.7,226.298,28.7136,-140592,4226.62,555.688,33.3447
0.073785,-33419.8,234.99,18.6796,1.18425,-209516,-10380.8,226.194,28.7159,-140756,4225.21,555.73,33.3503
0.073795,-33419.8,234.656,18.6819,1.18444,-209324,-10382.9,226.09,28.7181,-140919,4223.8,555.773,33.3558
0.073805,-33419.8,234.322,18.6843,1.18463,-209132,-10385,225.987,28.7204,-141082,4222.39,555.815,33.3614
0.073815,-33419.8,233.987,18.6866,1.18481,-208939,-10387.1,225.883,28.7226,-141245,4220.98,555.857,33.367
0.073825,-33419.8,233.653,18.6889,1.185,-208747,-10389.2,225.779,28.7249,-141408,4219.57,555.899,33.3725
0.073835,-33419.8,233.319,18.6913,1.18519,-208554,-10391.3,225.675,28.7272,-141571,4218.15,555.941,33.3781
0.073845,-33419.8,232.985,18.6936,1.18537,-208362,-10393.3,225.571,28.7294,-141734,4216.74,555.984,33.3836
0.073855,-33419.8,232.651,18.6959,1.18556,-208169,-10395.4,225.467,28.7317,-141897,4215.32,556.026,33.3892
0.073865,-33419.8,232.317,18.6983,1.18575,-207976,-10397.5,225.363,28.7339,-142059,4213.9,556.068,33.3948
0.073875,-33419.8,231.983,18.7006,1.18593,-207784,-10399.6,225.259,28.7362,-142222,4212.48,556.11,33.4003
0.0738849,-33419.8,231.648,18.7029,1.18612,-207591,-10401.7,225.155,28.7384,-142384,4211.05,556.152,33.4059
0.0738949,-33419.8,231.314,18.7052,1.18631,-207398,-10403.7,225.051,28.7407,-142546,4209.63,556.194,33.4114
0.0739049,-33419.8,230.98,18.7075,1.18649,-207205,-10405.8,224.947,28.7429,-142708,4208.2,556.236,33.417
0.0739149,-33419.8,230.646,18.7098,1.18668,-207011,-10407.9,224.843,28.7452,-142870,4206.77,556.278,33.4226
0.0739249,-33419.8,230.312,18.7121,1.18687,-206818,-10409.9,224.739,28.7474,-143032,4205.35,556.32,33.4281
0.0739349,-33419.8,229.978,18.7144,1.18706,-206625,-10412,224.635,28.7497,-143194,4203.92,556.362,33.4337
0.0739449,-33419.8,229.643,18.7167,1.18724,-206431,-10414.1,224.531,28.7519,-143355,4202.48,556.404,33.4393
0.0739549,-33419.8,229.309,18.719,1.18743,-206238,-10416.1,224.427,28.7542,-143517,4201.05,556.446,33.4448
0.0739649,-33419.8,228.975,18.7213,1.18762,-206044,-10418.2,224.323,28.7564,-143678,4199.61,556.488,33.4504
0.0739749,-33419.8,228.641,18.7236,1.1878,-205851,-10420.3,224.218,28.7587,-143839,4198.18,556.53,33.4559
0.0739849,-33419.8,228.307,18.7259,1.18799,-205657,-10422.3,224.114,28.7609,-144000,4196.74,556.572,33.4615
0.0739949,-33419.8,227.973,18.7282,1.18818,-205463,-10424.4,224.01,28.7631,-144161,4195.29,556.614,33.4671
0.0740049,-33419.8,227.639,18.7304,1.18837,-205269,-10426.4,223.906,28.7654,-144322,4193.85,556.656,33.4726
0.0740149,-33419.8,227.304,18.7327,1.18855,-205075,-10428.5,223.801,28.7676,-144483,4192.41,556.698,33.4782
0.0740249,-33419.8,226.97,18.735,1.18874,-204881,-10430.5,223.697,28.7699,-144643,4190.96,556.74,33.4838
0.0740349,-33419.8,226.636,18.7373,1.18893,-204687,-10432.6,223.593,28.7721,-144804,4189.52,556.782,33.4893
0.0740449,-33419.8,226.302,18.7395,1.18912,-204493,-10434.6,223.489,28.7743,-144964,4188.07,556.824,33.4949
0.0740549,-33419.8,225.968,18.7418,1.1893,-204298,-10436.7,223.384,28.7766,-145124,4186.62,556.866,33.5005
0.0740649,-33419.8,225.634,18.744,1.18949,-204104,-10438.7,223.28,28.7788,-145284,4185.17,556.908,33.5061
0.0740749,-33419.8,225.299,18.7463,1.18968,-203910,-10440.7,223.175,28.781,-145444,4183.71,556.95,33.5116
0.0740849,-33419.8,224.965,18.7485,1.18987,-203715,-10442.8,223.071,28.7833,-145604,4182.26,556.991,33.5172
0.0740949,-33419.8,224.631,18.7508,1.19005,-203520,-10444.8,222.967,28.7855,-145763,4180.8,557.033,33.5228
0.0741049,-33419.8,224.297,18.753,1.19024,-203326,-10446.8,222.862,28.7877,-145923,4179.34,557.075,33.5283
0.0741149,-33419.8,223.963,18.7553,1.19043,-203131,-10448.9,222.758,28.7899,-146082,4177.88,557.117,33.5339
0.0741249,-33419.8,223.629,18.7575,1.19062,-202936,-10450.9,222.653,28.7922,-146242,4176.42,557.158,33.5395
0.0741349,-33419.8,223.295,18.7598,1.1908,-202741,-10452.9,222.549,28.7944,-146401,4174.96,557.2,33.545
0.0741449,-33419.8,222.96,18.762,1.19099,-202546,-10455,222.444,28.7966,-146560,4173.49,557.242,33.5506
0.0741549,-33419.8,222.626,18.7642,1.19118,-202351,-10457,222.34,28.7988,-146719,4172.03,557.284,33.5562
0.0741649,-33419.8,222.292,18.7664,1.19137,-202156,-10459,222.235,28.8011,-146877,4170.56,557.325,33.5618
0.0741749,-33419.8,221.958,18.7687,1.19155,-201960,-10461,222.13,28.8033,-147036,4169.09,557.367,33.5673
0.0741849,-33419.8,221.624,18.7709,1.19174,-201765,-10463.1,222.026,28.8055,-147194,4167.62,557.409,33.5729
0.0741949,-33419.8,221.29,18.7731,1.19193,-201569,-10465.1,221.921,28.8077,-147353,4166.15,557.45,33.5785
0.0742049,-33419.8,220.955,18.7753,1.19212,-201374,-10467.1,221.817,28.8099,-147511,4164.67,557.492,33.5841
0.0742149,-33419.8,220.621,18.7775,1.1923,-201178,-10469.1,221.712,28.8122,-147669,4163.2,557.534,33.5896
0.0742249,-33419.8,220.287,18.7797,1.19249,-200983,-10471.1,221.607,28.8144,-147827,4161.72,557.575,33.5952
0.0742349,-33419.8,219.953,18.7819,1.19268,-200787,-10473.1,221.503,28.8166,-147985,4160.24,557.617,33.6008
0.0742449,-33419.8,219.619,18.7841,1.19287,-200591,-10475.1,221.398,28.8188,-148143,4158.76,557.659,33.6064
0.0742549,-33419.8,219.285,18.7863,1.19306,-200395,-10477.1,221.293,28.821,-148300,4157.28,557.7,33.6119
0.0742649,-33419.8,218.951,18.7885,1.19324,-200199,-10479.1,221.188,28.8232,-148458,4155.79,557.742,33.6175
0.0742749,-33419.8,218.616,18.7907,1.19343,-200003,-10481.1,221.083,28.8254,-148615,4154.31,557.783,33.6231
0.0742849,-33419.8,218.282,18.7929,1.19362,-199807,-10483.1,220.979,28.8277,-148772,4152.82,557.825,33.6287
0.0742949,-33419.8,217.948,18.795,1.19381,-199610,-10485.1,220.874,28.8299,-148929,4151.33,557.866,33.6343
0.0743049,-33419.8,217.614,18.7972,1.19399,-199414,-10487.1,220.769,28.8321,-149086,4149.84,557.908,33.6398
0.0743149,-33419.8,217.28,18.7994,1.19418,-199218,-10489.1,220.664,28.8343,-149243,4148.35,557.949,33.6454
0.0743249,-33419.8,216.946,18.8016,1.19437,-199021,-10491.1,220.559,28.8365,-149400,4146.86,557.991,33.651
0.0743349,-33419.8,216.611,18.8037,1.19456,-198825,-10493.1,220.454,28.8387,-149556,4145.37,558.032,33.6566
0.0743449,-33419.8,216.277,18.8059,1.19475,-198628,-10495.1,220.349,28.8409,-149713,4143.87,558.074,33.6622
0.0743549,-33419.8,215.943,18.8081,1.19493,-198431,-10497.1,220.244,28.8431,-149869,4142.37,558.115,33.6677
0.0743649,-33419.8,215.609,18.8102,1.19512,-198234,-10499,220.139,28.8453,-150025,4140.87,558.156,33.6733
0.0743749,-33419.8,215.275,18.8124,1.19531,-198037,-10501,220.034,28.8475,-150181,4139.37,558.198,33.6789
0.0743849,-33419.8,214.941,18.8145,1.1955,-197840,-10503,219.929,28.8497,-150337,4137.87,558.239,33.6845
0.0743949,-33419.8,214.607,18.8167,1.19569,-197643,-10505,219.824,28.8519,-150493,4136.37,558.281,33.6901
0.0744049,-33419.8,214.272,18.8188,1.19588,-197446,-10507,219.719,28.8541,-150649,4134.86,558.322,33.6956
0.0744149,-33419.8,213.938,18.821,1.19606,-197249,-10508.9,219.614,28.8563,-150804,4133.35,558.363,33.7012
0.0744249,-33419.8,213.604,18.8231,1.19625,-197052,-10510.9,219.509,28.8585,-150960,4131.85,558.405,33.7068
0.0744349,-33419.8,213.27,18.8252,1.19644,-196854,-10512.9,219.404,28.8607,-151115,4130.33,558.446,33.7124
0.0744449,-33419.8,212.936,18.8274,1.19663,-196657,-10514.8,219.299,28.8629,-151270,4128.82,558.487,33.718
0.0744549,-33419.8,212.602,18.8295,1.19682,-196459,-10516.8,219.194,28.8651,-151425,4127.31,558.528,33.7236
0.0744649,-33419.8,212.267,18.8316,1.197,-196262,-10518.8,219.089,28.8673,-151580,4125.79,558.57,33.7291
0.0744749,-33419.8,211.933,18.8337,1.19719,-196064,-10520.7,218.984,28.8695,-151735,4124.28,558.611,33.7347
0.0744849,-33419.8,211.599,18.8358,1.19738,-195866,-10522.7,218.878,28.8716,-151889,4122.76,558.652,33.7403
0.0744949,-33419.8,211.265,18.838,1.19757,-195668,-10524.6,218.773,28.8738,-152044,4121.24,558.693,33.7459
0.0745049,-33419.8,210.931,18.8401,1.19776,-195470,-10526.6,218.668,28.876,-152198,4119.72,558.735,33.7515
0.0745149,-33419.8,210.597,18.8422,1.19795,-195272,-10528.6,218.563,28.8782,-152352,4118.2,558.776,33.7571
0.0745249,-33419.8,210.263,18.8443,1.19813,-195074,-10530.5,218.457,28.8804,-152506,4116.67,558.817,33.7627
0.0745349,-33419.8,209.928,18.8464,1.19832,-194876,-10532.5,218.352,28.8826,-152660,4115.15,558.858,33.7683
0.0745449,-33419.8,209.594,18.8485,1.19851,-194678,-10534.4,218.247,28.8848,-152814,4113.62,558.899,33.7738
0.0745549,-33419.8,209.26,18.8506,1.1987,-194479,-10536.3,218.141,28.8869,-152968,4112.09,558.94,33.7794
0.0745649,-33419.8,208.926,18.8527,1.19889,-194281,-10538.3,218.036,28.8891,-153122,4110.56,558.982,33.785
0.0745749,-33419.8,208.592,18.8548,1.19908,-194082,-10540.2,217.931,28.8913,-153275,4109.03,559.023,33.7906
0.0745849,-33419.8,208.258,18.8568,1.19927,-193884,-10542.2,217.825,28.8935,-153428,4107.5,559.064,33.7962
0.0745949,-33419.8,207.923,18.8589,1.19945,-193685,-10544.1,217.72,28.8957,-153582,4105.96,559.105,33.8018
0.0746049,-33419.8,207.589,18.861,1.19964,-193486,-10546,217.614,28.8978,-153735,4104.42,559.146,33.8074
0.0746149,-33419.8,207.255,18.8631,1.19983,-193287,-10548,217.509,28.9,-153888,4102.89,559.187,33.813
0.0746249,-33419.8,206.921,18.8651,1.20002,-193088,-10549.9,217.403,28.9022,-154040,4101.35,559.228,33.8186
0.0746349,-33419.8,206.587,18.8672,1.20021,-192890,-10551.8,217.298,28.9044,-154193,4099.81,559.269,33.8242
0.0746448,-33419.8,206.253,18.8693,1.2004,-192690,-10553.8,217.192,28.9065,-154345,4098.26,559.31,33.8298
0.0746548,-33419.8,205.919,18.8713,1.20059,-192491,-10555.7,217.087,28.9087,-154498,4096.72,559.351,33.8354
0.0746648,-33419.8,205.584,18.8734,1.20077,-192292,-10557.6,216.981,28.9109,-154650,4095.17,559.392,33.8409
0.0746748,-33419.8,205.25,18.8754,1.20096,-192093,-10559.5,216.876,28.913,-154802,4093.63,559.433,33.8465
0.0746848,-33419.8,204.916,18.8775,1.20115,-191893,-10561.5,216.77,28.9152,-154954,4092.08,559.474,33.8521
0.0746948,-33419.8,204.582,18.8795,1.20134,-191694,-10563.4,216.665,28.9174,-155106,4090.53,559.514,33.8577
0.0747048,-33419.8,204.248,18.8816,1.20153,-191494,-10565.3,216.559,28.9195,-155258,4088.98,559.555,33.8633
0.0747148,-33419.8,203.914,18.8836,1.20172,-191295,-10567.2,216.453,28.9217,-155409,4087.42,559.596,33.8689
0.0747248,-33419.8,203.579,18.8857,1.20191,-191095,-10569.1,216.348,28.9239,-155561,4085.87,559.637,33.8745
0.0747348,-33419.8,203.245,18.8877,1.2021,-190895,-10571,216.242,28.926,-155712,4084.31,559.678,33.8801
0.0747448,-33419.8,202.911,18.8897,1.20229,-190695,-10572.9,216.136,28.9282,-155863,4082.76,559.719,33.8857
0.0747548,-33419.8,202.577,18.8918,1.20247,-190495,-10574.8,216.031,28.9304,-156015,4081.2,559.76,33.8913
0.0747648,-33419.8,202.243,18.8938,1.20266,-190295,-10576.7,215.925,28.9325,-156166,4079.64,559.8,33.8969
0.0747748,-33419.8,201.909,18.8958,1.20285,-190095,-10578.6,215.819,28.9347,-156316,4078.07,559.841,33.9025
0.0747848,-33419.8,201.575,18.8978,1.20304,-189895,-10580.5,215.713,28.9368,-156467,4076.51,559.882,33.9081
0.0747948,-33419.8,201.24,18.8998,1.20323,-189695,-10582.4,215.607,28.939,-156618,4074.94,559.923,33.9137
0.0748048,-33419.8,200.906,18.9018,1.20342,-189494,-10584.3,215.502,28.9411,-156768,4073.38,559.963,33.9193
0.0748148,-33419.8,200.572,18.9039,1.20361,-189294,-10586.2,215.396,28.9433,-156918,4071.81,560.004,33.9249
0.0748248,-33419.8,200.238,18.9059,1.2038,-189094,-10588.1,215.29,28.9455,-157068,4070.24,560.045,33.9305
0.0748348,-33419.8,199.904,18.9079,1.20399,-188893,-10590,215.184,28.9476,-157218,4068.67,560.086,33.9361
0.0748448,-33419.8,199.57,18.9099,1.20417,-188692,-10591.9,215.078,28.9498,-157368,4067.1,560.126,33.9417
0.0748548,-33419.8,199.235,18.9118,1.20436,-188492,-10593.8,214.972,28.9519,-157518,4065.52,560.167,33.9473
0.0748648,-33419.8,198.901,18.9138,1.20455,-188291,-10595.7,214.866,28.9541,-157668,4063.95,560.208,33.9529
0.0748748,-33419.8,198.567,18.9158,1.20474,-188090,-10597.6,214.76,28.9562,-157817,4062.37,560.248,33.9585
0.0748848,-33419.8,198.233,18.9178,1.20493,-187889,-10599.4,214.654,28.9584,-157966,4060.79,560.289,33.9641
0.0748948,-33419.8,197.899,18.9198,1.20512,-187688,-10601.3,214.548,28.9605,-158116,4059.21,560.329,33.9697
0.0749048,-33419.8,197.565,18.9218,1.20531,-187487,-10603.2,214.442,28.9626,-158265,4057.63,560.37,33.9753
0.0749148,-33419.8,197.231,18.9237,1.2055,-187286,-10605.1,214.336,28.9648,-158414,4056.04,560.411,33.9809
0.0749248,-33419.8,196.896,18.9257,1.20569,-187084,-10606.9,214.23,28.9669,-158563,4054.46,560.451,33.9865
0.0749348,-33419.8,196.562,18.9277,1.20588,-186883,-10608.8,214.124,28.9691,-158711,4052.87,560.492,33.9921
0.0749448,-33419.8,196.228,18.9296,1.20607,-186682,-10610.7,214.018,28.9712,-158860,4051.29,560.532,33.9977
0.0749548,-33419.8,195.894,18.9316,1.20626,-186480,-10612.5,213.912,28.9734,-159008,4049.7,560.573,34.0033
0.0749648,-33419.8,195.56,18.9336,1.20645,-186278,-10614.4,213.806,28.9755,-159156,4048.11,560.613,34.0089
0.0749748,-33419.8,195.226,18.9355,1.20663,-186077,-10616.3,213.7,28.9776,-159305,4046.51,560.654,34.0145
0.0749848,-33419.8,194.891,18.9375,1.20682,-185875,-10618.1,213.594,28.9798,-159453,4044.92,560.694,34.0202
0.0749948,-33419.8,194.557,18.9394,1.20701,-185673,-10620,213.487,28.9819,-159601,4043.33,560.734,34.0258
0.0750048,-33419.8,194.223,18.9414,1.2072,-185471,-10621.8,213.381,28.984,-159748,4041.73,560.775,34.0314
0.0750148,-33419.8,193.889,18.9433,1.20739,-185269,-10623.7,213.275,28.9862,-159896,4040.13,560.815,34.037
0.0750248,-33419.8,193.555,18.9452,1.20758,-185067,-10625.5,213.169,28.9883,-160043,4038.53,560.856,34.0426
0.0750348,-33419.8,193.221,18.9472,1.20777,-184865,-10627.4,213.063,28.9904,-160191,4036.93,560.896,34.0482
0.0750448,-33419.8,192.887,18.9491,1.20796,-184663,-10629.2,212.956,28.9926,-160338,4035.33,560.936,34.0538
0.0750548,-33419.8,192.552,18.951,1.20815,-184461,-10631.1,212.85,28.9947,-160485,4033.72,560.977,34.0594
0.0750648,-33419.8,192.218,18.9529,1.20834,-184258,-10632.9,212.744,28.9968,-160632,4032.12,561.017,34.065
0.0750748,-33419.8,191.884,18.9549,1.20853,-184056,-10634.8,212.637,28.9989,-160779,4030.51,561.057,34.0706
0.0750848,-33419.8,191.55,18.9568,1.20872,-183853,-10636.6,212.531,29.0011,-160925,4028.9,561.098,34.0762
0.0750948,-33419.8,191.216,18.9587,1.20891,-183651,-10638.4,212.425,29.0032,-161072,4027.29,561.138,34.0819
0.0751048,-33419.8,190.882,18.9606,1.2091,-183448,-10640.3,212.318,29.0053,-161218,4025.68,561.178,34.0875
0.0751148,-33419.8,190.547,18.9625,1.20929,-183245,-10642.1,212.212,29.0074,-161365,4024.07,561.218,34.0931
0.0751248,-33419.8,190.213,18.9644,1.20948,-183042,-10643.9,212.106,29.0096,-161511,4022.46,561.259,34.0987
0.0751348,-33419.8,189.879,18.9663,1.20967,-182839,-10645.8,211.999,29.0117,-161657,4020.84,561.299,34.1043
0.0751448,-33419.8,189.545,18.9682,1.20986,-182636,-10647.6,211.893,29.0138,-161803,4019.22,561.339,34.1099
0.0751548,-33419.8,189.211,18.9701,1.21005,-182433,-10649.4,211.786,29.0159,-161948,4017.6,561.379,34.1155
0.0751648,-33419.8,188.877,18.972,1.21024,-182230,-10651.2,211.68,29.018,-162094,4015.99,561.419,34.1211
0.0751748,-33419.8,188.543,18.9739,1.21042,-182027,-10653.1,211.573,29.0202,-162239,4014.36,561.46,34.1268
0.0751848,-33419.8,188.208,18.9758,1.21061,-181824,-10654.9,211.467,29.0223,-162385,4012.74,561.5,34.1324
0.0751948,-33419.8,187.874,18.9776,1.2108,-181620,-10656.7,211.36,29.0244,-162530,4011.12,561.54,34.138
0.0752048,-33419.8,187.54,18.9795,1.21099,-181417,-10658.5,211.253,29.0265,-162675,4009.49,561.58,34.1436
0.0752148,-33419.8,187.206,18.9814,1.21118,-181213,-10660.3,211.147,29.0286,-162820,4007.86,561.62,34.1492
0.0752248,-33419.8,186.872,18.9833,1.21137,-181010,-10662.1,211.04,29.0307,-162965,4006.23,561.66,34.1548
0.0752348,-33419.8,186.538,18.9851,1.21156,-180806,-10664,210.934,29.0328,-163109,4004.6,561.7,34.1605
0.0752448,-33419.8,186.203,18.987,1.21175,-180602,-10665.8,210.827,29.0349,-163254,4002.97,561.74,34.1661
0.0752548,-33419.8,185.869,18.9889,1.21194,-180399,-10667.6,210.72,29.037,-163398,4001.34,561.78,34.1717
0.0752648,-33419.8,185.535,18.9907,1.21213,-180195,-10669.4,210.614,29.0392,-163543,3999.7,561.82,34.1773
0.0752748,-33419.8,185.201,18.9926,1.21232,-179991,-10671.2,210.507,29.0413,-163687,3998.07,561.86,34.1829
0.0752848,-33419.8,184.867,18.9944,1.21251,-179787,-10673,210.4,29.0434,-163831,3996.43,561.9,34.1885
0.0752948,-33419.8,184.533,18.9963,1.2127,-179582,-10674.8,210.294,29.0455,-163975,3994.79,561.94,34.1942
0.0753048,-33419.8,184.199,18.9981,1.21289,-179378,-10676.6,210.187,29.0476,-164118,3993.15,561.98,34.1998
0.0753148,-33419.8,183.864,18.9999,1.21308,-179174,-10678.3,210.08,29.0497,-164262,3991.51,562.02,34.2054
0.0753248,-33419.8,183.53,19.0018,1.21327,-178970,-10680.1,209.973,29.0518,-164405,3989.87,562.06,34.211
0.0753348,-33419.8,183.196,19.0036,1.21346,-178765,-10681.9,209.867,29.0539,-164549,3988.22,562.1,34.2166
0.0753448,-33419.8,182.862,19.0054,1.21365,-178561,-10683.7,209.76,29.056,-164692,3986.58,562.14,34.2223
0.0753548,-33419.8,182.528,19.0073,1.21384,-178356,-10685.5,209.653,29.0581,-164835,3984.93,562.179,34.2279
0.0753648,-33419.8,182.194,19.0091,1.21403,-178151,-10687.3,209.546,29.0602,-164978,3983.28,562.219,34.2335
0.0753748,-33419.8,181.859,19.0109,1.21422,-177947,-10689.1,209.439,29.0623,-165120,3981.63,562.259,34.2391
0.0753848,-33419.8,181.525,19.0127,1.21441,-177742,-10690.8,209.332,29.0644,-165263,3979.98,562.299,34.2448
0.0753947,-33419.8,181.191,19.0145,1.2146,-177537,-10692.6,209.225,29.0664,-165405,3978.33,562.339,34.2504
0.0754047,-33419.8,180.857,19.0164,1.21479,-177332,-10694.4,209.118,29.0685,-165548,3976.67,562.378,34.256
0.0754147,-33419.8,180.523,19.0182,1.21498,-177127,-10696.2,209.012,29.0706,-165690,3975.02,562.418,34.2616
0.0754247,-33419.8,180.189,19.02,1.21517,-176922,-10697.9,208.905,29.0727,-165832,3973.36,562.458,34.2673
0.0754347,-33419.8,179.855,19.0218,1.21536,-176716,-10699.7,208.798,29.0748,-165974,3971.7,562.498,34.2729
0.0754447,-33419.8,179.52,19.0236,1.21555,-176511,-10701.5,208.691,29.0769,-166116,3970.04,562.537,34.2785
0.0754547,-33419.8,179.186,19.0254,1.21574,-176306,-10703.2,208.584,29.079,-166257,3968.38,562.577,34.2841
0.0754647,-33419.8,178.852,19.0271,1.21593,-176100,-10705,208.477,29.0811,-166399,3966.71,562.617,34.2898
0.0754747,-33419.8,178.518,19.0289,1.21612,-175895,-10706.7,208.37,29.0831,-166540,3965.05,562.656,34.2954
0.0754847,-33419.8,178.184,19.0307,1.21631,-175689,-10708.5,208.262,29.0852,-166682,3963.38,562.696,34.301
0.0754947,-33419.8,177.85,19.0325,1.21651,-175484,-10710.3,208.155,29.0873,-166823,3961.72,562.736,34.3066
0.0755047,-33419.8,177.515,19.0343,1.2167,-175278,-10712,208.048,29.0894,-166964,3960.05,562.775,34.3123
0.0755147,-33419.8,177.181,19.036,1.21689,-175072,-10713.8,207.941,29.0915,-167105,3958.38,562.815,34.3179
0.0755247,-33419.8,176.847,19.0378,1.21708,-174866,-10715.5,207.834,29.0936,-167245,3956.71,562.854,34.3235
0.0755347,-33419.8,176.513,19.0396,1.21727,-174660,-10717.3,207.727,29.0956,-167386,3955.03,562.894,34.3291
0.0755447,-33419.8,176.179,19.0413,1.21746,-174454,-10719,207.62,29.0977,-167526,3953.36,562.933,34.3348
0.0755547,-33419.8,175.845,19.0431,1.21765,-174248,-10720.8,207.513,29.0998,-167666,3951.68,562.973,34.3404
0.0755647,-33419.8,175.511,19.0449,1.21784,-174042,-10722.5,207.405,29.1019,-167807,3950.01,563.012,34.346
0.0755747,-33419.8,175.176,19.0466,1.21803,-173836,-10724.2,207.298,29.1039,-167947,3948.33,563.052,34.3517
0.0755847,-33419.8,174.842,19.0484,1.21822,-173629,-10726,207.191,29.106,-168086,3946.65,563.091,34.3573
0.0755947,-33419.8,174.508,19.0501,1.21841,-173423,-10727.7,207.084,29.1081,-168226,3944.97,563.131,34.3629
0.0756047,-33419.8,174.174,19.0519,1.2186,-173216,-10729.4,206.976,29.1101,-168366,3943.28,563.17,34.3686
0.0756147,-33419.8,173.84,19.0536,1.21879,-173010,-10731.2,206.869,29.1122,-168505,3941.6,563.21,34.3742
0.0756247,-33419.8,173.506,19.0553,1.21898,-172803,-10732.9,206.762,29.1143,-168645,3939.91,563.249,34.3798
0.0756347,-33419.8,173.171,19.0571,1.21917,-172597,-10734.6,206.654,29.1164,-168784,3938.23,563.289,34.3855
0.0756447,-33419.8,172.837,19.0588,1.21936,-172390,-10736.3,206.547,29.1184,-168923,3936.54,563.328,34.3911
0.0756547,-33419.8,172.503,19.0605,1.21955,-172183,-10738.1,206.44,29.1205,-169062,3934.85,563.367,34.3967
0.0756647,-33419.8,172.169,19.0622,1.21974,-171976,-10739.8,206.332,29.1225,-169201,3933.16,563.407,34.4024
0.0756747,-33419.8,171.835,19.064,1.21993,-171769,-10741.5,206.225,29.1246,-169339,3931.47,563.446,34.408
0.0756847,-33419.8,171.501,19.0657,1.22012,-171562,-10743.2,206.118,29.1267,-169478,3929.77,563.485,34.4136
0.0756947,-33419.8,171.167,19.0674,1.22031,-171355,-10744.9,206.01,29.1287,-169616,3928.08,563.524,34.4193
0.0757047,-33419.8,170.832,19.0691,1.22051,-171147,-10746.7,205.903,29.1308,-169754,3926.38,563.564,34.4249
0.0757147,-33419.8,170.498,19.0708,1.2207,-170940,-10748.4,205.795,29.1328,-169892,3924.68,563.603,34.4305
0.0757247,-33419.8,170.164,19.0725,1.22089,-170733,-10750.1,205.688,29.1349,-170030,3922.98,563.642,34.4362
0.0757347,-33419.8,169.83,19.0742,1.22108,-170525,-10751.8,205.58,29.137,-170168,3921.28,563.681,34.4418
0.0757447,-33419.8,169.496,19.0759,1.22127,-170318,-10753.5,205.473,29.139,-170306,3919.58,563.721,34.4474
0.0757547,-33419.8,169.162,19.0776,1.22146,-170110,-10755.2,205.365,29.1411,-170443,3917.88,563.76,34.4531
0.0757647,-33419.8,168.827,19.0793,1.22165,-169902,-10756.9,205.258,29.1431,-170581,3916.17,563.799,34.4587
0.0757747,-33419.8,168.493,19.081,1.22184,-169695,-10758.6,205.15,29.1452,-170718,3914.46,563.838,34.4644
0.0757847,-33419.8,168.159,19.0827,1.22203,-169487,-10760.3,205.043,29.1472,-170855,3912.76,563.877,34.47
0.0757947,-33419.8,167.825,19.0843,1.22222,-169279,-10762,204.935,29.1493,-170992,3911.05,563.916,34.4756
0.0758047,-33419.8,167.491,19.086,1.22241,-169071,-10763.7,204.827,29.1513,-171129,3909.34,563.955,34.4813
0.0758147,-33419.8,167.157,19.0877,1.2226,-168863,-10765.4,204.72,29.1534,-171265,3907.63,563.995,34.4869
0.0758247,-33419.8,166.823,19.0894,1.22279,-168655,-10767,204.612,29.1554,-171402,3905.91,564.034,34.4926
0.0758347,-33419.8,166.488,19.091,1.22299,-168447,-10768.7,204.504,29.1575,-171538,3904.2,564.073,34.4982
0.0758447,-33419.8,166.154,19.0927,1.22318,-168238,-10770.4,204.397,29.1595,-171675,3902.48,564.112,34.5038
0.0758547,-33419.8,165.82,19.0943,1.22337,-168030,-10772.1,204.289,29.1616,-171811,3900.77,564.151,34.5095
0.0758647,-33419.8,165.486,19.096,1.22356,-167822,-10773.8,204.181,29.1636,-171947,3899.05,564.19,34.5151
0.0758747,-33419.8,165.152,19.0977,1.22375,-167613,-10775.4,204.074,29.1656,-172083,3897.33,564.229,34.5208
0.0758847,-33419.8,164.818,19.0993,1.22394,-167405,-10777.1,203.966,29.1677,-172218,3895.61,564.268,34.5264
0.0758947,-33419.8,164.483,19.101,1.22413,-167196,-10778.8,203.858,29.1697,-172354,3893.88,564.307,34.532
0.0759047,-33419.8,164.149,19.1026,1.22432,-166987,-10780.5,203.75,29.1718,-172489,3892.16,564.346,34.5377
0.0759147,-33419.8,163.815,19.1042,1.22451,-166778,-10782.1,203.642,29.1738,-172625,3890.43,564.384,34.5433
0.0759247,-33419.8,163.481,19.1059,1.2247,-166570,-10783.8,203.535,29.1758,-172760,3888.71,564.423,34.549
0.0759347,-33419.8,163.147,19.1075,1.2249,-166361,-10785.5,203.427,29.1779,-172895,3886.98,564.462,34.5546
0.0759447,-33419.8,162.813,19.1091,1.22509,-166152,-10787.1,203.319,29.1799,-173030,3885.25,564.501,34.5603
0.0759547,-33419.8,162.479,19.1108,1.22528,-165943,-10788.8,203.211,29.1819,-173164,3883.52,564.54,34.5659
0.0759647,-33419.8,162.144,19.1124,1.22547,-165733,-10790.4,203.103,29.184,-173299,3881.79,564.579,34.5716
0.0759747,-33419.8,161.81,19.114,1.22566,-165524,-10792.1,202.995,29.186,-173434,3880.05,564.617,34.5772
0.0759847,-33419.8,161.476,19.1156,1.22585,-165315,-10793.8,202.887,29.188,-173568,3878.32,564.656,34.5829
0.0759947,-33419.8,161.142,19.1172,1.22604,-165106,-10795.4,202.779,29.19,-173702,3876.58,564.695,34.5885
0.0760047,-33419.8,160.808,19.1188,1.22623,-164896,-10797.1,202.672,29.1921,-173836,3874.85,564.734,34.5941
0.0760147,-33419.8,160.474,19.1204,1.22642,-164687,-10798.7,202.564,29.1941,-173970,3873.11,564.773,34.5998
0.0760247,-33419.8,160.139,19.1221,1.22662,-164477,-10800.3,202.456,29.1961,-174104,3871.37,564.811,34.6054
0.0760347,-33419.8,159.805,19.1237,1.22681,-164267,-10802,202.348,29.1982,-174237,3869.62,564.85,34.6111
0.0760447,-33419.8,159.471,19.1252,1.227,-164058,-10803.6,202.24,29.2002,-174371,3867.88,564.889,34.6167
0.0760547,-33419.8,159.137,19.1268,1.22719,-163848,-10805.3,202.132,29.2022,-174504,3866.14,564.927,34.6224
0.0760647,-33419.8,158.803,19.1284,1.22738,-163638,-10806.9,202.024,29.2042,-174637,3864.39,564.966,34.628
0.0760747,-33419.8,158.469,19.13,1.22757,-163428,-10808.5,201.915,29.2062,-174770,3862.65,565.005,34.6337
0.0760847,-33419.8,158.135,19.1316,1.22776,-163218,-10810.2,201.807,29.2083,-174903,3860.9,565.043,34.6393
0.0760947,-33419.8,157.8,19.1332,1.22795,-163008,-10811.8,201.699,29.2103,-175036,3859.15,565.082,34.645
0.0761047,-33419.8,157.466,19.1348,1.22815,-162798,-10813.4,201.591,29.2123,-175169,3857.4,565.12,34.6506
0.0761147,-33419.8,157.132,19.1363,1.22834,-162587,-10815.1,201.483,29.2143,-175301,3855.65,565.159,34.6563
0.0761247,-33419.8,156.798,19.1379,1.22853,-162377,-10816.7,201.375,29.2163,-175434,3853.89,565.197,34.6619
0.0761347,-33419.8,156.464,19.1395,1.22872,-162167,-10818.3,201.267,29.2183,-175566,3852.14,565.236,34.6676
0.0761447,-33419.8,156.13,19.141,1.22891,-161956,-10819.9,201.159,29.2203,-175698,3850.38,565.274,34.6732
0.0761546,-33419.8,155.795,19.1426,1.2291,-161746,-10821.6,201.05,29.2224,-175830,3848.62,565.313,34.6789
0.0761646,-33419.8,155.461,19.1441,1.22929,-161535,-10823.2,200.942,29.2244,-175962,3846.86,565.351,34.6846
0.0761746,-33419.8,155.127,19.1457,1.22948,-161324,-10824.8,200.834,29.2264,-176093,3845.1,565.39,34.6902
0.0761846,-33419.8,154.793,19.1472,1.22968,-161114,-10826.4,200.726,29.2284,-176225,3843.34,565.428,34.6959
0.0761946,-33419.8,154.459,19.1488,1.22987,-160903,-10828,200.617,29.2304,-176356,3841.58,565.467,34.7015
0.0762046,-33419.8,154.125,19.1503,1.23006,-160692,-10829.6,200.509,29.2324,-176487,3839.82,565.505,34.7072
0.0762146,-33419.8,153.791,19.1519,1.23025,-160481,-10831.2,200.401,29.2344,-176618,3838.05,565.544,34.7128
0.0762246,-33419.8,153.456,19.1534,1.23044,-160270,-10832.8,200.293,29.2364,-176749,3836.28,565.582,34.7185
0.0762346,-33419.8,153.122,19.1549,1.23063,-160059,-10834.4,200.184,29.2384,-176880,3834.52,565.62,34.7241
0.0762446,-33419.8,152.788,19.1565,1.23083,-159848,-10836,200.076,29.2404,-177011,3832.75,565.659,34.7298
0.0762546,-33419.8,152.454,19.158,1.23102,-159637,-10837.6,199.967,29.2424,-177141,3830.98,565.697,34.7354
0.0762646,-33419.8,152.12,19.1595,1.23121,-159425,-10839.2,199.859,29.2444,-177272,3829.2,565.735,34.7411
0.0762746,-33419.8,151.786,19.161,1.2314,-159214,-10840.8,199.751,29.2464,-177402,3827.43,565.773,34.7468
0.0762846,-33419.8,151.451,19.1626,1.23159,-159002,-10842.4,199.642,29.2484,-177532,3825.66,565.812,34.7524
0.0762946,-33419.8,151.117,19.1641,1.23178,-158791,-10844,199.534,29.2504,-177662,3823.88,565.85,34.7581
0.0763046,-33419.8,150.783,19.1656,1.23197,-158579,-10845.6,199.425,29.2524,-177792,3822.1,565.888,34.7637
0.0763146,-33419.8,150.449,19.1671,1.23217,-158368,-10847.2,199.317,29.2544,-177921,3820.33,565.926,34.7694
0.0763246,-33419.8,150.115,19.1686,1.23236,-158156,-10848.7,199.209,29.2564,-178051,3818.55,565.965,34.7751
0.0763346,-33419.8,149.781,19.1701,1.23255,-157944,-10850.3,199.1,29.2584,-178180,3816.77,566.003,34.7807
0.0763446,-33419.8,149.447,19.1716,1.23274,-157732,-10851.9,198.992,29.2604,-178309,3814.98,566.041,34.7864
0.0763546,-33419.8,149.112,19.1731,1.23293,-157520,-10853.5,198.883,29.2624,-178438,3813.2,566.079,34.792
0.0763646,-33419.8,148.778,19.1746,1.23312,-157308,-10855,198.775,29.2643,-178567,3811.41,566.117,34.7977
0.0763746,-33419.8,148.444,19.176,1.23332,-157096,-10856.6,198.666,29.2663,-178696,3809.63,566.155,34.8034
0.0763846,-33419.8,148.11,19.1775,1.23351,-156884,-10858.2,198.557,29.2683,-178825,3807.84,566.193,34.809
0.0763946,-33419.8,147.776,19.179,1.2337,-156672,-10859.8,198.449,29.2703,-178953,3806.05,566.231,34.8147
0.0764046,-33419.8,147.442,19.1805,1.23389,-156459,-10861.3,198.34,29.2723,-179082,3804.26,566.269,34.8203
0.0764146,-33419.8,147.107,19.182,1.23408,-156247,-10862.9,198.232,29.2743,-179210,3802.47,566.307,34.826
0.0764246,-33419.8,146.773,19.1834,1.23428,-156034,-10864.4,198.123,29.2762,-179338,3800.68,566.346,34.8317
0.0764346,-33419.8,146.439,19.1849,1.23447,-155822,-10866,198.014,29.2782,-179466,3798.89,566.384,34.8373
0.0764446,-33419.8,146.105,19.1864,1.23466,-155609,-10867.6,197.906,29.2802,-179594,3797.09,566.422,34.843
0.0764546,-33419.8,145.771,19.1878,1.23485,-155397,-10869.1,197.797,29.2822,-179722,3795.29,566.459,34.8487
0.0764646,-33419.8,145.437,19.1893,1.23504,-155184,-10870.7,197.688,29.2842,-179849,3793.5,566.497,34.8543
0.0764746,-33419.8,145.103,19.1907,1.23523,-154971,-10872.2,197.58,29.2861,-179976,3791.7,566.535,34.86
0.0764846,-33419.8,144.768,19.1922,1.23543,-154758,-10873.8,197.471,29.2881,-180104,3789.9,566.573,34.8657
0.0764946,-33419.8,144.434,19.1936,1.23562,-154545,-10875.3,197.362,29.2901,-180231,3788.1,566.611,34.8713
0.0765046,-33419.8,144.1,19.1951,1.23581,-154332,-10876.9,197.254,29.2921,-180358,3786.29,566.649,34.877
0.0765146,-33419.8,143.766,19.1965,1.236,-154119,-10878.4,197.145,29.294,-180485,3784.49,566.687,34.8826
0.0765246,-33419.8,143.432,19.1979,1.23619,-153906,-10879.9,197.036,29.296,-180611,3782.68,566.725,34.8883
0.0765346,-33419.8,143.098,19.1994,1.23639,-153693,-10881.5,196.927,29.298,-180738,3780.88,566.762,34.894
0.0765446,-33419.8,142.763,19.2008,1.23658,-153480,-10883,196.818,29.2999,-180864,3779.07,566.8,34.8997
0.0765546,-33419.8,142.429,19.2022,1.23677,-153266,-10884.5,196.71,29.3019,-180990,3777.26,566.838,34.9053
0.0765646,-33419.8,142.095,19.2036,1.23696,-153053,-10886.1,196.601,29.3039,-181116,3775.45,566.876,34.911
0.0765746,-33419.8,141.761,19.2051,1.23715,-152839,-10887.6,196.492,29.3058,-181242,3773.64,566.914,34.9167
0.0765846,-33419.8,141.427,19.2065,1.23735,-152626,-10889.1,196.383,29.3078,-181368,3771.83,566.951,34.9223
0.0765946,-33419.8,141.093,19.2079,1.23754,-152412,-10890.7,196.274,29.3098,-181494,3770.01,566.989,34.928
0.0766046,-33419.8,140.759,19.2093,1.23773,-152198,-10892.2,196.165,29.3117,-181619,3768.2,567.027,34.9337
0.0766146,-33419.8,140.424,19.2107,1.23792,-151984,-10893.7,196.056,29.3137,-181745,3766.38,567.064,34.9393
0.0766246,-33419.8,140.09,19.2121,1.23811,-151771,-10895.2,195.947,29.3157,-181870,3764.56,567.102,34.945
0.0766346,-33419.8,139.756,19.2135,1.23831,-151557,-10896.7,195.838,29.3176,-181995,3762.74,567.14,34.9507
0.0766446,-33419.8,139.422,19.2149,1.2385,-151343,-10898.3,195.73,29.3196,-182120,3760.92,567.177,34.9564
0.0766546,-33419.8,139.088,19.2163,1.23869,-151129,-10899.8,195.621,29.3215,-182245,3759.1,567.215,34.962
0.0766646,-33419.8,138.754,19.2177,1.23888,-150914,-10901.3,195.512,29.3235,-182369,3757.28,567.252,34.9677
0.0766746,-33419.8,138.419,19.2191,1.23908,-150700,-10902.8,195.402,29.3254,-182494,3755.45,567.29,34.9734
0.0766846,-33419.8,138.085,19.2205,1.23927,-150486,-10904.3,195.293,29.3274,-182618,3753.63,567.327,34.979
0.0766946,-33419.8,137.751,19.2218,1.23946,-150272,-10905.8,195.184,29.3293,-182742,3751.8,567.365,34.9847
0.0767046,-33419.8,137.417,19.2232,1.23965,-150057,-10907.3,195.075,29.3313,-182867,3749.98,567.402,34.9904
0.0767146,-33419.8,137.083,19.2246,1.23984,-149843,-10908.8,194.966,29.3332,-182990,3748.15,567.44,34.9961
0.0767246,-33419.8,136.749,19.2259,1.24004,-149628,-10910.3,194.857,29.3352,-183114,3746.31,567.477,35.0017
0.0767346,-33419.8,136.415,19.2273,1.24023,-149414,-10911.8,194.748,29.3371,-183238,3744.48,567.515,35.0074
0.0767446,-33419.8,136.08,19.2287,1.24042,-149199,-10913.3,194.639,29.3391,-183361,3742.65,567.552,35.0131
0.0767546,-33419.8,135.746,19.23,1.24061,-148984,-10914.8,194.53,29.341,-183485,3740.82,567.59,35.0188
0.0767646,-33419.8,135.412,19.2314,1.24081,-148769,-10916.3,194.421,29.343,-183608,3738.98,567.627,35.0244
0.0767746,-33419.8,135.078,19.2327,1.241,-148554,-10917.7,194.312,29.3449,-183731,3737.15,567.664,35.0301
0.0767846,-33419.8,134.744,19.2341,1.24119,-148340,-10919.2,194.202,29.3469,-183854,3735.31,567.702,35.0358
0.0767946,-33419.8,134.41,19.2354,1.24138,-148124,-10920.7,194.093,29.3488,-183977,3733.47,567.739,35.0415
0.0768046,-33419.8,134.075,19.2368,1.24157,-147909,-10922.2,193.984,29.3507,-184099,3731.63,567.777,35.0471
0.0768146,-33419.8,133.741,19.2381,1.24177,-147694,-10923.7,193.875,29.3527,-184222,3729.79,567.814,35.0528
0.0768246,-33419.8,133.407,19.2395,1.24196,-147479,-10925.1,193.766,29.3546,-184344,3727.94,567.851,35.0585
0.0768346,-33419.8,133.073,19.2408,1.24215,-147264,-10926.6,193.656,29.3566,-184466,3726.1,567.888,35.0642
0.0768446,-33419.8,132.739,19.2421,1.24234,-147048,-10928.1,193.547,29.3585,-184588,3724.26,567.926,35.0699
0.0768546,-33419.8,132.405,19.2434,1.24254,-146833,-10929.6,193.438,29.3604,-184710,3722.41,567.963,35.0755
0.0768646,-33419.8,132.071,19.2448,1.24273,-146617,-10931,193.329,29.3624,-184832,3720.56,568,35.0812
0.0768746,-33419.8,131.736,19.2461,1.24292,-146402,-10932.5,193.219,29.3643,-184954,3718.71,568.037,35.0869
0.0768846,-33419.8,131.402,19.2474,1.24311,-146186,-10934,193.11,29.3662,-185075,3716.86,568.074,35.0926
0.0768946,-33419.8,131.068,19.2487,1.24331,-145970,-10935.4,193.001,29.3682,-185196,3715.01,568.112,35.0983
0.0769046,-33419.8,130.734,19.25,1.2435,-145755,-10936.9,192.891,29.3701,-185318,3713.16,568.149,35.1039
0.0769145,-33419.8,130.4,19.2513,1.24369,-145539,-10938.3,192.782,29.372,-185439,3711.31,568.186,35.1096
0.0769245,-33419.8,130.066,19.2526,1.24388,-145323,-10939.8,192.672,29.3739,-185560,3709.45,568.223,35.1153
0.0769345,-33419.8,129.731,19.2539,1.24408,-145107,-10941.2,192.563,29.3759,-185680,3707.6,568.26,35.121
0.0769445,-33419.8,129.397,19.2552,1.24427,-144891,-10942.7,192.454,29.3778,-185801,3705.74,568.297,35.1267
0.0769545,-33419.8,129.063,19.2565,1.24446,-144675,-10944.1,192.344,29.3797,-185921,3703.88,568.334,35.1324
0.0769645,-33419.8,128.729,19.2578,1.24465,-144459,-10945.6,192.235,29.3816,-186042,3702.02,568.371,35.138
0.0769745,-33419.8,128.395,19.2591,1.24485,-144242,-10947,192.125,29.3836,-186162,3700.16,568.408,35.1437
0.0769845,-33419.8,128.061,19.2604,1.24504,-144026,-10948.5,192.016,29.3855,-186282,3698.3,568.445,35.1494
0.0769945,-33419.8,127.727,19.2616,1.24523,-143810,-10949.9,191.906,29.3874,-186402,3696.43,568.482,35.1551
0.0770045,-33419.8,127.392,19.2629,1.24542,-143593,-10951.3,191.797,29.3893,-186521,3694.57,568.519,35.1608
0.0770145,-33419.8,127.058,19.2642,1.24562,-143377,-10952.8,191.687,29.3912,-186641,3692.71,568.556,35.1665
0.0770245,-33419.8,126.724,19.2655,1.24581,-143160,-10954.2,191.578,29.3932,-186760,3690.84,568.593,35.1721
0.0770345,-33419.8,126.39,19.2667,1.246,-142943,-10955.6,191.468,29.3951,-186880,3688.97,568.63,35.1778
0.0770445,-33419.8,126.056,19.268,1.24619,-142727,-10957.1,191.359,29.397,-186999,3687.1,568.667,35.1835
0.0770545,-33419.8,125.722,19.2693,1.24639,-142510,-10958.5,191.249,29.3989,-187118,3685.23,568.703,35.1892
0.0770645,-33419.8,125.387,19.2705,1.24658,-142293,-10959.9,191.14,29.4008,-187237,3683.36,568.74,35.1949
0.0770745,-33419.8,125.053,19.2718,1.24677,-142076,-10961.3,191.03,29.4027,-187355,3681.49,568.777,35.2006
0.0770845,-33419.8,124.719,19.273,1.24697,-141859,-10962.8,190.921,29.4046,-187474,3679.61,568.814,35.2063
0.0770945,-33419.8,124.385,19.2743,1.24716,-141642,-10964.2,190.811,29.4065,-187592,3677.74,568.851,35.212
0.0771045,-33419.8,124.051,19.2755,1.24735,-141425,-10965.6,190.701,29.4084,-187710,3675.86,568.888,35.2176
0.0771145,-33419.8,123.717,19.2767,1.24754,-141208,-10967,190.592,29.4104,-187829,3673.98,568.924,35.2233
0.0771245,-33419.8,123.383,19.278,1.24774,-140991,-10968.4,190.482,29.4123,-187947,3672.11,568.961,35.229
0.0771345,-33419.8,123.048,19.2792,1.24793,-140773,-10969.8,190.372,29.4142,-188064,3670.23,568.998,35.2347
0.0771445,-33419.8,122.714,19.2804,1.24812,-140556,-10971.2,190.263,29.4161,-188182,3668.34,569.034,35.2404
0.0771545,-33419.8,122.38,19.2817,1.24831,-140338,-10972.6,190.153,29.418,-188300,3666.46,569.071,35.2461
0.0771645,-33419.8,122.046,19.2829,1.24851,-140121,-10974,190.043,29.4199,-188417,3664.58,569.108,35.2518
0.0771745,-33419.8,121.712,19.2841,1.2487,-139903,-10975.4,189.933,29.4218,-188534,3662.69,569.144,35.2575
0.0771845,-33419.8,121.378,19.2853,1.24889,-139686,-10976.8,189.824,29.4237,-188651,3660.81,569.181,35.2632
0.0771945,-33419.8,121.043,19.2865,1.24909,-139468,-10978.2,189.714,29.4256,-188768,3658.92,569.218,35.2689
0.0772045,-33419.8,120.709,19.2877,1.24928,-139250,-10979.6,189.604,29.4275,-188885,3657.03,569.254,35.2746
0.0772145,-33419.8,120.375,19.2889,1.24947,-139032,-10981,189.494,29.4294,-189002,3655.14,569.291,35.2802
0.0772245,-33419.8,120.041,19.2901,1.24966,-138814,-10982.4,189.385,29.4313,-189118,3653.25,569.327,35.2859
0.0772345,-33419.8,119.707,19.2913,1.24986,-138596,-10983.8,189.275,29.4331,-189234,3651.36,569.364,35.2916
0.0772445,-33419.8,119.373,19.2925,1.25005,-138378,-10985.2,189.165,29.435,-189351,3649.47,569.4,35.2973
0.0772545,-33419.8,119.039,19.2937,1.25024,-138160,-10986.6,189.055,29.4369,-189467,3647.58,569.437,35.303
0.0772645,-33419.8,118.704,19.2949,1.25044,-137942,-10987.9,188.945,29.4388,-189583,3645.68,569.473,35.3087
0.0772745,-33419.8,118.37,19.2961,1.25063,-137724,-10989.3,188.835,29.4407,-189698,3643.78,569.51,35.3144
0.0772845,-33419.8,118.036,19.2973,1.25082,-137506,-10990.7,188.725,29.4426,-189814,3641.89,569.546,35.3201
0.0772945,-33419.8,117.702,19.2985,1.25101,-137287,-10992.1,188.616,29.4445,-189929,3639.99,569.582,35.3258
0.0773045,-33419.8,117.368,19.2996,1.25121,-137069,-10993.4,188.506,29.4464,-190045,3638.09,569.619,35.3315
0.0773145,-33419.8,117.034,19.3008,1.2514,-136850,-10994.8,188.396,29.4483,-190160,3636.19,569.655,35.3372
0.0773245,-33419.8,116.699,19.302,1.25159,-136632,-10996.2,188.286,29.4501,-190275,3634.29,569.692,35.3429
0.0773345,-33419.8,116.365,19.3031,1.25179,-136413,-10997.5,188.176,29.452,-190390,3632.38,569.728,35.3486
0.0773445,-33419.8,116.031,19.3043,1.25198,-136194,-10998.9,188.066,29.4539,-190505,3630.48,569.764,35.3543
0.0773545,-33419.8,115.697,19.3055,1.25217,-135975,-11000.3,187.956,29.4558,-190619,3628.57,569.8,35.36
0.0773645,-33419.8,115.363,19.3066,1.25237,-135757,-11001.6,187.846,29.4577,-190734,3626.67,569.837,35.3657
0.0773745,-33419.8,115.029,19.3078,1.25256,-135538,-11003,187.736,29.4595,-190848,3624.76,569.873,35.3714
0.0773845,-33419.8,114.695,19.3089,1.25275,-135319,-11004.3,187.626,29.4614,-190962,3622.85,569.909,35.3771
0.0773945,-33419.8,114.36,19.3101,1.25294,-135100,-11005.7,187.516,29.4633,-191076,3620.94,569.945,35.3828
0.0774045,-33419.8,114.026,19.3112,1.25314,-134881,-11007,187.406,29.4652,-191190,3619.03,569.982,35.3885
0.0774145,-33419.8,113.692,19.3123,1.25333,-134662,-11008.4,187.296,29.467,-191304,3617.12,570.018,35.3942
0.0774245,-33419.8,113.358,19.3135,1.25352,-134442,-11009.7,187.186,29.4689,-191417,3615.2,570.054,35.3999
0.0774345,-33419.8,113.024,19.3146,1.25372,-134223,-11011.1,187.076,29.4708,-191530,3613.29,570.09,35.4056
0.0774445,-33419.8,112.69,19.3157,1.25391,-134004,-11012.4,186.965,29.4727,-191644,3611.37,570.126,35.4113
0.0774545,-33419.8,112.355,19.3169,1.2541,-133784,-11013.7,186.855,29.4745,-191757,3609.46,570.162,35.417
0.0774645,-33419.8,112.021,19.318,1.2543,-133565,-11015.1,186.745,29.4764,-191870,3607.54,570.198,35.4227
0.0774745,-33419.8,111.687,19.3191,1.25449,-133345,-11016.4,186.635,29.4783,-191983,3605.62,570.234,35.4284
0.0774845,-33419.8,111.353,19.3202,1.25468,-133126,-11017.7,186.525,29.4801,-192095,3603.7,570.271,35.4341
0.0774945,-33419.8,111.019,19.3213,1.25488,-132906,-11019.1,186.415,29.482,-192208,3601.78,570.307,35.4398
0.0775045,-33419.8,110.685,19.3224,1.25507,-132686,-11020.4,186.305,29.4838,-192320,3599.86,570.343,35.4455
0.0775145,-33419.8,110.351,19.3235,1.25526,-132466,-11021.7,186.194,29.4857,-192432,3597.93,570.379,35.4512
0.0775245,-33419.8,110.016,19.3246,1.25546,-132247,-11023.1,186.084,29.4876,-192544,3596.01,570.414,35.4569
0.0775345,-33419.8,109.682,19.3257,1.25565,-132027,-11024.4,185.974,29.4894,-192656,3594.08,570.45,35.4626
0.0775445,-33419.8,109.348,19.3268,1.25584,-131807,-11025.7,185.864,29.4913,-192768,3592.16,570.486,35.4683
0.0775545,-33419.8,109.014,19.3279,1.25604,-131587,-11027,185.753,29.4931,-192880,3590.23,570.522,35.474
0.0775645,-33419.8,108.68,19.329,1.25623,-131366,-11028.3,185.643,29.495,-192991,3588.3,570.558,35.4797
0.0775745,-33419.8,108.346,19.3301,1.25642,-131146,-11029.6,185.533,29.4969,-193102,3586.37,570.594,35.4854
0.0775845,-33419.8,108.011,19.3312,1.25662,-130926,-11031,185.423,29.4987,-193214,3584.44,570.63,35.4911
0.0775945,-33419.8,107.677,19.3323,1.25681,-130706,-11032.3,185.312,29.5006,-193325,3582.51,570.666,35.4968
0.0776045,-33419.8,107.343,19.3333,1.257,-130485,-11033.6,185.202,29.5024,-193435,3580.57,570.702,35.5026
0.0776145,-33419.8,107.009,19.3344,1.2572,-130265,-11034.9,185.092,29.5043,-193546,3578.64,570.737,35.5083
0.0776245,-33419.8,106.675,19.3355,1.25739,-130044,-11036.2,184.981,29.5061,-193657,3576.7,570.773,35.514
0.0776345,-33419.8,106.341,19.3365,1.25758,-129824,-11037.5,184.871,29.508,-193767,3574.76,570.809,35.5197
0.0776445,-33419.8,106.007,19.3376,1.25778,-129603,-11038.8,184.761,29.5098,-193877,3572.83,570.845,35.5254
0.0776545,-33419.8,105.672,19.3387,1.25797,-129382,-11040.1,184.65,29.5117,-193988,3570.89,570.88,35.5311
0.0776644,-33419.8,105.338,19.3397,1.25816,-129162,-11041.4,184.54,29.5135,-194098,3568.95,570.916,35.5368
0.0776744,-33419.8,105.004,19.3408,1.25836,-128941,-11042.6,184.429,29.5154,-194207,3567.01,570.952,35.5425
0.0776844,-33419.8,104.67,19.3418,1.25855,-128720,-11043.9,184.319,29.5172,-194317,3565.06,570.987,35.5482
0.0776944,-33419.8,104.336,19.3429,1.25874,-128499,-11045.2,184.209,29.519,-194427,3563.12,571.023,35.5539
0.0777044,-33419.8,104.002,19.3439,1.25894,-128278,-11046.5,184.098,29.5209,-194536,3561.18,571.059,35.5596
0.0777144,-33419.8,103.667,19.3449,1.25913,-128057,-11047.8,183.988,29.5227,-194645,3559.23,571.094,35.5653
0.0777244,-33419.8,103.333,19.346,1.25932,-127836,-11049.1,183.877,29.5246,-194754,3557.28,571.13,35.5711
0.0777344,-33419.8,102.999,19.347,1.25952,-127615,-11050.3,183.767,29.5264,-194863,3555.34,571.165,35.5768
0.0777444,-33419.8,102.665,19.348,1.25971,-127393,-11051.6,183.656,29.5282,-194972,3553.39,571.201,35.5825
0.0777544,-33419.8,102.331,19.3491,1.2599,-127172,-11052.9,183.546,29.5301,-195081,3551.44,571.236,35.5882
0.0777644,-33419.8,101.997,19.3501,1.2601,-126951,-11054.2,183.435,29.5319,-195189,3549.49,571.272,35.5939
0.0777744,-33419.8,101.662,19.3511,1.26029,-126729,-11055.4,183.325,29.5337,-195297,3547.53,571.307,35.5996
0.0777844,-33419.8,101.328,19.3521,1.26048,-126508,-11056.7,183.214,29.5356,-195406,3545.58,571.343,35.6053
0.0777944,-33419.8,100.994,19.3531,1.26068,-126286,-11058,183.104,29.5374,-195514,3543.63,571.378,35.611
0.0778044,-33419.8,100.66,19.3541,1.26087,-126064,-11059.2,182.993,29.5392,-195621,3541.67,571.414,35.6168
0.0778144,-33419.8,100.326,19.3551,1.26106,-125843,-11060.5,182.882,29.5411,-195729,3539.71,571.449,35.6225
0.0778244,-33419.8,99.9917,19.3561,1.26126,-125621,-11061.7,182.772,29.5429,-195837,3537.76,571.484,35.6282
0.0778344,-33419.8,99.6576,19.3571,1.26145,-125399,-11063,182.661,29.5447,-195944,3535.8,571.52,35.6339
0.0778444,-33419.8,99.3234,19.3581,1.26164,-125177,-11064.2,182.551,29.5466,-196051,3533.84,571.555,35.6396
0.0778544,-33419.8,98.9893,19.3591,1.26184,-124955,-11065.5,182.44,29.5484,-196159,3531.88,571.59,35.6453
0.0778644,-33419.8,98.6551,19.3601,1.26203,-124733,-11066.7,182.329,29.5502,-196266,3529.92,571.626,35.6511
0.0778744,-33419.8,98.321,19.3611,1.26223,-124511,-11068,182.219,29.552,-196372,3527.95,571.661,35.6568
0.0778844,-33419.8,97.9868,19.3621,1.26242,-124289,-11069.2,182.108,29.5538,-196479,3525.99,571.696,35.6625
0.0778944,-33419.8,97.6527,19.3631,1.26261,-124067,-11070.5,181.997,29.5557,-196586,3524.02,571.732,35.6682
0.0779044,-33419.8,97.3185,19.364,1.26281,-123845,-11071.7,181.887,29.5575,-196692,3522.06,571.767,35.6739
0.0779144,-33419.8,96.9843,19.365,1.263,-123622,-11072.9,181.776,29.5593,-196798,3520.09,571.802,35.6796
0.0779244,-33419.8,96.6502,19.366,1.26319,-123400,-11074.2,181.665,29.5611,-196904,3518.12,571.837,35.6854
0.0779344,-33419.8,96.316,19.3669,1.26339,-123178,-11075.4,181.554,29.5629,-197010,3516.15,571.872,35.6911
0.0779444,-33419.8,95.9819,19.3679,1.26358,-122955,-11076.6,181.444,29.5648,-197116,3514.18,571.908,35.6968
0.0779544,-33419.8,95.6477,19.3689,1.26377,-122733,-11077.9,181.333,29.5666,-197222,3512.21,571.943,35.7025
0.0779644,-33419.8,95.3136,19.3698,1.26397,-122510,-11079.1,181.222,29.5684,-197327,3510.24,571.978,35.7082
0.0779744,-33419.8,94.9794,19.3708,1.26416,-122287,-11080.3,181.111,29.5702,-197432,3508.26,572.013,35.714
0.0779844,-33419.8,94.6453,19.3717,1.26436,-122064,-11081.5,181.001,29.572,-197538,3506.29,572.048,35.7197
0.0779944,-33419.8,94.3111,19.3727,1.26455,-121842,-11082.8,180.89,29.5738,-197643,3504.31,572.083,35.7254
0.0780044,-33419.8,93.977,19.3736,1.26474,-121619,-11084,180.779,29.5756,-197748,3502.34,572.118,35.7311
0.0780144,-33419.8,93.6428,19.3745,1.26494,-121396,-11085.2,180.668,29.5774,-197852,3500.36,572.153,35.7368
0.0780244,-33419.8,93.3087,19.3755,1.26513,-121173,-11086.4,180.557,29.5792,-197957,3498.38,572.188,35.7426
0.0780344,-33419.8,92.9745,19.3764,1.26532,-120950,-11087.6,180.446,29.581,-198061,3496.4,572.223,35.7483
0.0780444,-33419.8,92.6403,19.3773,1.26552,-120727,-11088.8,180.336,29.5828,-198165,3494.42,572.258,35.754
0.0780544,-33419.8,92.3062,19.3783,1.26571,-120504,-11090,180.225,29.5846,-198270,3492.44,572.293,35.7597
0.0780644,-33419.8,91.972,19.3792,1.2659,-120280,-11091.2,180.114,29.5864,-198374,3490.46,572.328,35.7654
0.0780744,-33419.8,91.6379,19.3801,1.2661,-120057,-11092.4,180.003,29.5882,-198477,3488.47,572.363,35.7712
0.0780844,-33419.8,91.3037,19.381,1.26629,-119834,-11093.6,179.892,29.59,-198581,3486.49,572.398,35.7769
0.0780944,-33419.8,90.9696,19.3819,1.26649,-119610,-11094.8,179.781,29.5918,-198685,3484.5,572.432,35.7826
0.0781044,-33419.8,90.6354,19.3828,1.26668,-119387,-11096,179.67,29.5936,-198788,3482.51,572.467,35.7883
0.0781144,-33419.8,90.3013,19.3837,1.26687,-119163,-11097.2,179.559,29.5954,-198891,3480.53,572.502,35.7941
0.0781244,-33419.8,89.9671,19.3846,1.26707,-118940,-11098.4,179.448,29.5972,-198994,3478.54,572.537,35.7998
0.0781344,-33419.8,89.633,19.3855,1.26726,-118716,-11099.6,179.337,29.599,-199097,3476.55,572.572,35.8055
0.0781444,-33419.8,89.2988,19.3864,1.26746,-118492,-11100.8,179.226,29.6008,-199200,3474.55,572.606,35.8112
0.0781544,-33419.8,88.9646,19.3873,1.26765,-118268,-11102,179.115,29.6026,-199302,3472.56,572.641,35.817
0.0781644,-33419.8,88.6305,19.3882,1.26784,-118045,-11103.2,179.004,29.6044,-199405,3470.57,572.676,35.8227
0.0781744,-33419.8,88.2963,19.3891,1.26804,-117821,-11104.3,178.893,29.6062,-199507,3468.58,572.71,35.8284
0.0781844,-33419.8,87.9622,19.39,1.26823,-117597,-11105.5,178.782,29.608,-199609,3466.58,572.745,35.8342
0.0781944,-33419.8,87.628,19.3908,1.26842,-117373,-11106.7,178.671,29.6098,-199711,3464.58,572.78,35.8399
0.0782044,-33419.8,87.2939,19.3917,1.26862,-117149,-11107.9,178.56,29.6116,-199813,3462.58,572.814,35.8456
0.0782144,-33419.8,86.9597,19.3926,1.26881,-116925,-11109,178.449,29.6133,-199915,3460.59,572.849,35.8513
0.0782244,-33419.8,86.6256,19.3935,1.26901,-116700,-11110.2,178.338,29.6151,-200016,3458.59,572.884,35.8571
0.0782344,-33419.8,86.2914,19.3943,1.2692,-116476,-11111.4,178.227,29.6169,-200118,3456.59,572.918,35.8628
0.0782444,-33419.8,85.9573,19.3952,1.26939,-116252,-11112.5,178.116,29.6187,-200219,3454.59,572.953,35.8685
0.0782544,-33419.8,85.6231,19.396,1.26959,-116027,-11113.7,178.005,29.6205,-200320,3452.58,572.987,35.8743
0.0782644,-33419.8,85.289,19.3969,1.26978,-115803,-11114.8,177.893,29.6222,-200421,3450.58,573.022,35.88
0.0782744,-33419.8,84.9548,19.3977,1.26998,-115578,-11116,177.782,29.624,-200522,3448.58,573.056,35.8857
0.0782844,-33419.8,84.6206,19.3986,1.27017,-115354,-11117.2,177.671,29.6258,-200622,3446.57,573.091,35.8914
0.0782944,-33419.8,84.2865,19.3994,1.27036,-115129,-11118.3,177.56,29.6276,-200723,3444.56,573.125,35.8972
0.0783044,-33419.8,83.9523,19.4003,1.27056,-114905,-11119.5,177.449,29.6294,-200823,3442.56,573.16,35.9029
0.0783144,-33419.8,83.6182,19.4011,1.27075,-114680,-11120.6,177.338,29.6311,-200924,3440.55,573.194,35.9086
0.0783244,-33419.8,83.284,19.402,1.27095,-114455,-11121.7,177.226,29.6329,-201024,3438.54,573.228,35.9144
0.0783344,-33419.8,82.9499,19.4028,1.27114,-114230,-11122.9,177.115,29.6347,-201123,3436.53,573.263,35.9201
0.0783444,-33419.8,82.6157,19.4036,1.27133,-114005,-11124,177.004,29.6364,-201223,3434.52,573.297,35.9258
0.0783544,-33419.8,82.2816,19.4044,1.27153,-113780,-11125.2,176.893,29.6382,-201323,3432.5,573.331,35.9316
0.0783644,-33419.8,81.9474,19.4053,1.27172,-113555,-11126.3,176.782,29.64,-201422,3430.49,573.366,35.9373
0.0783744,-33419.8,81.6133,19.4061,1.27192,-113330,-11127.4,176.67,29.6417,-201521,3428.48,573.4,35.943
0.0783844,-33419.8,81.2791,19.4069,1.27211,-113105,-11128.6,176.559,29.6435,-201620,3426.46,573.434,35.9488
0.0783944,-33419.8,80.945,19.4077,1.2723,-112880,-11129.7,176.448,29.6453,-201719,3424.44,573.469,35.9545
0.0784044,-33419.8,80.6108,19.4085,1.2725,-112655,-11130.8,176.336,29.647,-201818,3422.43,573.503,35.9602
0.0784144,-33419.8,80.2766,19.4093,1.27269,-112429,-11132,176.225,29.6488,-201917,3420.41,573.537,35.966
0.0784243,-33419.8,79.9425,19.4101,1.27289,-112204,-11133.1,176.114,29.6506,-202015,3418.39,573.571,35.9717
0.0784343,-33419.8,79.6083,19.4109,1.27308,-111979,-11134.2,176.003,29.6523,-202114,3416.37,573.605,35.9774
0.0784443,-33419.8,79.2742,19.4117,1.27327,-111753,-11135.3,175.891,29.6541,-202212,3414.35,573.64,35.9832
0.0784543,-33419.8,78.94,19.4125,1.27347,-111528,-11136.4,175.78,29.6558,-202310,3412.32,573.674,35.9889
0.0784643,-33419.8,78.6059,19.4133,1.27366,-111302,-11137.6,175.668,29.6576,-202408,3410.3,573.708,35.9947
0.0784743,-33419.8,78.2717,19.4141,1.27386,-111076,-11138.7,175.557,29.6594,-202506,3408.28,573.742,36.0004
0.0784843,-33419.8,77.9376,19.4148,1.27405,-110851,-11139.8,175.446,29.6611,-202603,3406.25,573.776,36.0061
0.0784943,-33419.8,77.6034,19.4156,1.27424,-110625,-11140.9,175.334,29.6629,-202701,3404.23,573.81,36.0119
0.0785043,-33419.8,77.2693,19.4164,1.27444,-110399,-11142,175.223,29.6646,-202798,3402.2,573.844,36.0176
0.0785143,-33419.8,76.9351,19.4172,1.27463,-110173,-11143.1,175.112,29.6664,-202895,3400.17,573.878,36.0233
0.0785243,-33419.8,76.601,19.4179,1.27483,-109947,-11144.2,175,29.6681,-202992,3398.14,573.912,36.0291
0.0785343,-33419.8,76.2668,19.4187,1.27502,-109721,-11145.3,174.889,29.6699,-203089,3396.11,573.946,36.0348
0.0785443,-33419.8,75.9326,19.4195,1.27522,-109495,-11146.4,174.777,29.6716,-203185,3394.08,573.98,36.0406
0.0785543,-33419.8,75.5985,19.4202,1.27541,-109269,-11147.5,174.666,29.6734,-203282,3392.05,574.014,36.0463
0.0785643,-33419.8,75.2643,19.421,1.2756,-109043,-11148.6,174.554,29.6751,-203378,3390.02,574.048,36.052
0.0785743,-33419.8,74.9302,19.4217,1.2758,-108816,-11149.7,174.443,29.6769,-203475,3387.98,574.082,36.0578
0.0785843,-33419.8,74.596,19.4225,1.27599,-108590,-11150.7,174.331,29.6786,-203571,3385.95,574.115,36.0635
0.0785943,-33419.8,74.2619,19.4232,1.27619,-108364,-11151.8,174.22,29.6803,-203666,3383.91,574.149,36.0693
0.0786043,-33419.8,73.9277,19.424,1.27638,-108137,-11152.9,174.108,29.6821,-203762,3381.87,574.183,36.075
0.0786143,-33419.8,73.5936,19.4247,1.27658,-107911,-11154,173.997,29.6838,-203858,3379.83,574.217,36.0808
0.0786243,-33419.8,73.2594,19.4254,1.27677,-107684,-11155.1,173.885,29.6856,-203953,3377.8,574.251,36.0865
0.0786343,-33419.8,72.9253,19.4262,1.27696,-107458,-11156.1,173.774,29.6873,-204049,3375.76,574.284,36.0922
0.0786443,-33419.8,72.5911,19.4269,1.27716,-107231,-11157.2,173.662,29.689,-204144,3373.72,574.318,36.098
0.0786543,-33419.8,72.257,19.4276,1.27735,-107004,-11158.3,173.551,29.6908,-204239,3371.67,574.352,36.1037
0.0786643,-33419.8,71.9228,19.4283,1.27755,-106778,-11159.4,173.439,29.6925,-204333,3369.63,574.386,36.1095
0.0786743,-33419.8,71.5886,19.4291,1.27774,-106551,-11160.4,173.327,29.6942,-204428,3367.59,574.419,36.1152
0.0786843,-33419.8,71.2545,19.4298,1.27793,-106324,-11161.5,173.216,29.696,-204523,3365.54,574.453,36.121
0.0786943,-33419.8,70.9203,19.4305,1.27813,-106097,-11162.5,173.104,29.6977,-204617,3363.5,574.487,36.1267
0.0787043,-33419.8,70.5862,19.4312,1.27832,-105870,-11163.6,172.993,29.6994,-204711,3361.45,574.52,36.1324
0.0787143,-33419.8,70.252,19.4319,1.27852,-105643,-11164.7,172.881,29.7012,-204805,3359.4,574.554,36.1382
0.0787243,-33419.8,69.9179,19.4326,1.27871,-105416,-11165.7,172.769,29.7029,-204899,3357.36,574.587,36.1439
0.0787343,-33419.8,69.5837,19.4333,1.27891,-105189,-11166.8,172.658,29.7046,-204993,3355.31,574.621,36.1497
0.0787443,-33419.8,69.2496,19.434,1.2791,-104962,-11167.8,172.546,29.7064,-205087,3353.26,574.655,36.1554
0.0787543,-33419.8,68.9154,19.4347,1.27929,-104734,-11168.9,172.434,29.7081,-205180,3351.21,574.688,36.1612
0.0787643,-33419.8,68.5813,19.4354,1.27949,-104507,-11169.9,172.323,29.7098,-205273,3349.15,574.722,36.1669
0.0787743,-33419.8,68.2471,19.436,1.27968,-104280,-11171,172.211,29.7115,-205366,3347.1,574.755,36.1727
0.0787843,-33419.8,67.9129,19.4367,1.27988,-104052,-11172,172.099,29.7132,-205459,3345.05,574.789,36.1784
0.0787943,-33419.8,67.5788,19.4374,1.28007,-103825,-11173,171.988,29.715,-205552,3342.99,574.822,36.1842
0.0788043,-33419.8,67.2446,19.4381,1.28027,-103597,-11174.1,171.876,29.7167,-205645,3340.94,574.855,36.1899
0.0788143,-33419.8,66.9105,19.4387,1.28046,-103370,-11175.1,171.764,29.7184,-205737,3338.88,574.889,36.1957
0.0788243,-33419.8,66.5763,19.4394,1.28066,-103142,-11176.1,171.652,29.7201,-205830,3336.82,574.922,36.2014
0.0788343,-33419.8,66.2422,19.4401,1.28085,-102914,-11177.2,171.541,29.7218,-205922,3334.76,574.955,36.2072
0.0788443,-33419.8,65.908,19.4407,1.28104,-102687,-11178.2,171.429,29.7236,-206014,3332.7,574.989,36.2129
0.0788543,-33419.8,65.5739,19.4414,1.28124,-102459,-11179.2,171.317,29.7253,-206106,3330.65,575.022,36.2187
0.0788643,-33419.8,65.2397,19.442,1.28143,-102231,-11180.3,171.205,29.727,-206198,3328.58,575.055,36.2244
0.0788743,-33419.8,64.9056,19.4427,1.28163,-102003,-11181.3,171.094,29.7287,-206289,3326.52,575.089,36.2302
0.0788843,-33419.8,64.5714,19.4433,1.28182,-101775,-11182.3,170.982,29.7304,-206381,3324.46,575.122,36.2359
0.0788943,-33419.8,64.2373,19.444,1.28202,-101547,-11183.3,170.87,29.7321,-206472,3322.39,575.155,36.2417
0.0789043,-33419.8,63.9031,19.4446,1.28221,-101319,-11184.3,170.758,29.7338,-206563,3320.33,575.188,36.2474
0.0789143,-33419.8,63.5689,19.4453,1.2824,-101091,-11185.3,170.646,29.7355,-206654,3318.26,575.222,36.2532
0.0789243,-33419.8,63.2348,19.4459,1.2826,-100863,-11186.3,170.534,29.7372,-206745,3316.2,575.255,36.2589
0.0789343,-33419.8,62.9006,19.4465,1.28279,-100634,-11187.4,170.423,29.7389,-206836,3314.13,575.288,36.2647
0.0789443,-33419.8,62.5665,19.4472,1.28299,-100406,-11188.4,170.311,29.7406,-206926,3312.06,575.321,36.2704
0.0789543,-33419.8,62.2323,19.4478,1.28318,-100178,-11189.4,170.199,29.7423,-207016,3309.99,575.354,36.2762
0.0789643,-33419.8,61.8982,19.4484,1.28338,-99949.2,-11190.4,170.087,29.744,-207107,3307.92,575.387,36.2819
0.0789743,-33419.8,61.564,19.449,1.28357,-99720.7,-11191.4,169.975,29.7457,-207197,3305.85,575.42,36.2877
0.0789843,-33419.8,61.2299,19.4496,1.28377,-99492.2,-11192.4,169.863,29.7474,-207287,3303.78,575.453,36.2934
0.0789943,-33419.8,60.8957,19.4502,1.28396,-99263.6,-11193.3,169.751,29.7491,-207376,3301.7,575.486,36.2992
0.0790043,-33419.8,60.5616,19.4509,1.28415,-99035,-11194.3,169.639,29.7508,-207466,3299.63,575.519,36.305
0.0790143,-33419.8,60.2274,19.4515,1.28435,-98806.3,-11195.3,169.527,29.7525,-207555,3297.55,575.552,36.3107
0.0790243,-33419.8,59.8932,19.4521,1.28454,-98577.5,-11196.3,169.415,29.7542,-207645,3295.48,575.585,36.3165
0.0790343,-33419.8,59.5591,19.4527,1.28474,-98348.7,-11197.3,169.304,29.7559,-207734,3293.4,575.618,36.3222
0.0790443,-33419.8,59.2249,19.4532,1.28493,-98119.9,-11198.3,169.192,29.7576,-207823,3291.33,575.651,36.328
0.0790543,-33419.8,58.8908,19.4538,1.28513,-97891,-11199.3,169.08,29.7593,-207911,3289.25,575.684,36.3337
0.0790643,-33419.8,58.5566,19.4544,1.28532,-97662,-11200.2,168.968,29.761,-208000,3287.17,575.717,36.3395
0.0790743,-33419.8,58.2225,19.455,1.28552,-97433,-11201.2,168.856,29.7627,-208089,3285.09,575.75,36.3452
0.0790843,-33419.8,57.8883,19.4556,1.28571,-97203.9,-11202.2,168.744,29.7644,-208177,3283.01,575.783,36.351
0.0790943,-33419.8,57.5542,19.4562,1.28591,-96974.8,-11203.2,168.632,29.7661,-208265,3280.93,575.815,36.3568
0.0791043,-33419.8,57.22,19.4567,1.2861,-96745.6,-11204.1,168.52,29.7677,-208353,3278.84,575.848,36.3625
0.0791143,-33419.8,56.8859,19.4573,1.28629,-96516.4,-11205.1,168.408,29.7694,-208441,3276.76,575.881,36.3683
0.0791243,-33419.8,56.5517,19.4579,1.28649,-96287.1,-11206.1,168.296,29.7711,-208529,3274.67,575.914,36.374
0.0791343,-33419.8,56.2176,19.4584,1.28668,-96057.8,-11207,168.183,29.7728,-208616,3272.59,575.946,36.3798
0.0791443,-33419.8,55.8834,19.459,1.28688,-95828.4,-11208,168.071,29.7745,-208704,3270.5,575.979,36.3856
0.0791543,-33419.8,55.5492,19.4596,1.28707,-95598.9,-11208.9,167.959,29.7762,-208791,3268.41,576.012,36.3913
0.0791643,-33419.8,55.2151,19.4601,1.28727,-95369.4,-11209.9,167.847,29.7778,-208878,3266.33,576.045,36.3971
0.0791743,-33419.8,54.8809,19.4607,1.28746,-95139.9,-11210.8,167.735,29.7795,-208965,3264.24,576.077,36.4028
0.0791842,-33419.8,54.5468,19.4612,1.28766,-94910.3,-11211.8,167.623,29.7812,-209052,3262.15,576.11,36.4086
0.0791942,-33419.8,54.2126,19.4618,1.28785,-94680.6,-11212.7,167.511,29.7829,-209138,3260.06,576.142,36.4144
0.0792042,-33419.8,53.8785,19.4623,1.28805,-94450.9,-11213.7,167.399,29.7845,-209225,3257.97,576.175,36.4201
0.0792142,-33419.8,53.5443,19.4628,1.28824,-94221.2,-11214.6,167.287,29.7862,-209311,3255.87,576.208,36.4259
0.0792242,-33419.8,53.2102,19.4634,1.28843,-93991.3,-11215.6,167.175,29.7879,-209397,3253.78,576.24,36.4316
0.0792342,-33419.8,52.876,19.4639,1.28863,-93761.5,-11216.5,167.062,29.7896,-209483,3251.69,576.273,36.4374
0.0792442,-33419.8,52.5419,19.4644,1.28882,-93531.6,-11217.4,166.95,29.7912,-209569,3249.59,576.305,36.4432
0.0792542,-33419.8,52.2077,19.4649,1.28902,-93301.6,-11218.4,166.838,29.7929,-209655,3247.5,576.338,36.4489
0.0792642,-33419.8,51.8736,19.4655,1.28921,-93071.6,-11219.3,166.726,29.7946,-209740,3245.4,576.37,36.4547
0.0792742,-33419.8,51.5394,19.466,1.28941,-92841.5,-11220.2,166.614,29.7962,-209826,3243.3,576.403,36.4605
0.0792842,-33419.8,51.2052,19.4665,1.2896,-92611.3,-11221.2,166.502,29.7979,-209911,3241.2,576.435,36.4662
0.0792942,-33419.8,50.8711,19.467,1.2898,-92381.2,-11222.1,166.389,29.7996,-209996,3239.1,576.467,36.472
0.0793042,-33419.8,50.5369,19.4675,1.28999,-92150.9,-11223,166.277,29.8012,-210081,3237,576.5,36.4778
0.0793142,-33419.8,50.2028,19.468,1.29019,-91920.6,-11223.9,166.165,29.8029,-210166,3234.9,576.532,36.4835
0.0793242,-33419.8,49.8686,19.4685,1.29038,-91690.3,-11224.9,166.053,29.8045,-210250,3232.8,576.564,36.4893
0.0793342,-33419.8,49.5345,19.469,1.29058,-91459.9,-11225.8,165.94,29.8062,-210335,3230.7,576.597,36.495
0.0793442,-33419.8,49.2003,19.4695,1.29077,-91229.5,-11226.7,165.828,29.8079,-210419,3228.59,576.629,36.5008
0.0793542,-33419.8,48.8662,19.47,1.29097,-90999,-11227.6,165.716,29.8095,-210503,3226.49,576.661,36.5066
0.0793642,-33419.8,48.532,19.4705,1.29116,-90768.5,-11228.5,165.604,29.8112,-210587,3224.39,576.693,36.5124
0.0793742,-33419.8,48.1979,19.471,1.29135,-90537.8,-11229.4,165.491,29.8128,-210671,3222.28,576.726,36.5181
0.0793842,-33419.8,47.8637,19.4715,1.29155,-90307.2,-11230.3,165.379,29.8145,-210755,3220.17,576.758,36.5239
0.0793942,-33419.8,47.5295,19.4719,1.29174,-90076.5,-11231.2,165.267,29.8161,-210838,3218.06,576.79,36.5297
0.0794042,-33419.8,47.1954,19.4724,1.29194,-89845.7,-11232.1,165.154,29.8178,-210922,3215.95,576.822,36.5354
0.0794142,-33419.8,46.8612,19.4729,1.29213,-89614.9,-11233,165.042,29.8194,-211005,3213.85,576.854,36.5412
0.0794242,-33419.8,46.5271,19.4733,1.29233,-89384.1,-11233.9,164.93,29.8211,-211088,3211.74,576.887,36.547
0.0794342,-33419.8,46.1929,19.4738,1.29252,-89153.2,-11234.8,164.818,29.8227,-211171,3209.62,576.919,36.5527
0.0794442,-33419.8,45.8588,19.4743,1.29272,-88922.2,-11235.7,164.705,29.8244,-211254,3207.51,576.951,36.5585
0.0794542,-33419.8,45.5246,19.4747,1.29291,-88691.2,-11236.6,164.593,29.826,-211336,3205.4,576.983,36.5643
0.0794642,-33419.8,45.1905,19.4752,1.29311,-88460.1,-11237.5,164.481,29.8277,-211419,3203.29,577.015,36.57
0.0794742,-33419.8,44.8563,19.4756,1.2933,-88229,-11238.3,164.368,29.8293,-211501,3201.17,577.047,36.5758
0.0794842,-33419.8,44.5222,19.4761,1.2935,-87997.9,-11239.2,164.256,29.831,-211583,3199.06,577.079,36.5816
0.0794942,-33419.8,44.188,19.4765,1.29369,-87766.7,-11240.1,164.143,29.8326,-211665,3196.94,577.111,36.5873
0.0795042,-33419.8,43.8539,19.477,1.29389,-87535.4,-11241,164.031,29.8343,-211747,3194.82,577.143,36.5931
0.0795142,-33419.8,43.5197,19.4774,1.29408,-87304.1,-11241.9,163.919,29.8359,-211828,3192.71,577.175,36.5989
0.0795242,-33419.8,43.1855,19.4778,1.29428,-87072.7,-11242.7,163.806,29.8375,-211910,3190.59,577.207,36.6047
0.0795342,-33419.8,42.8514,19.4783,1.29447,-86841.3,-11243.6,163.694,29.8392,-211991,3188.47,577.239,36.6104
0.0795442,-33419.8,42.5172,19.4787,1.29466,-86609.8,-11244.5,163.581,29.8408,-212072,3186.35,577.27,36.6162
0.0795542,-33419.8,42.1831,19.4791,1.29486,-86378.3,-11245.3,163.469,29.8424,-212153,3184.23,577.302,36.622
0.0795642,-33419.8,41.8489,19.4795,1.29505,-86146.8,-11246.2,163.357,29.8441,-212234,3182.11,577.334,36.6278
0.0795742,-33419.8,41.5148,19.4799,1.29525,-85915.1,-11247.1,163.244,29.8457,-212315,3179.98,577.366,36.6335
0.0795842,-33419.8,41.1806,19.4804,1.29544,-85683.5,-11247.9,163.132,29.8473,-212395,3177.86,577.398,36.6393
0.0795942,-33419.8,40.8465,19.4808,1.29564,-85451.7,-11248.8,163.019,29.849,-212476,3175.74,577.429,36.6451
0.0796042,-33419.8,40.5123,19.4812,1.29583,-85220,-11249.6,162.907,29.8506,-212556,3173.61,577.461,36.6508
0.0796142,-33419.8,40.1782,19.4816,1.29603,-84988.2,-11250.5,162.794,29.8522,-212636,3171.49,577.493,36.6566
0.0796242,-33419.8,39.844,19.482,1.29622,-84756.3,-11251.3,162.682,29.8539,-212716,3169.36,577.525,36.6624
0.0796342,-33419.8,39.5099,19.4824,1.29642,-84524.4,-11252.2,162.569,29.8555,-212796,3167.23,577.556,36.6682
0.0796442,-33419.8,39.1757,19.4828,1.29661,-84292.4,-11253,162.457,29.8571,-212875,3165.1,577.588,36.674
0.0796542,-33419.8,38.8415,19.4832,1.29681,-84060.4,-11253.9,162.344,29.8587,-212955,3162.98,577.62,36.6797
0.0796642,-33419.8,38.5074,19.4835,1.297,-83828.3,-11254.7,162.232,29.8604,-213034,3160.85,577.651,36.6855
0.0796742,-33419.8,38.1732,19.4839,1.2972,-83596.2,-11255.5,162.119,29.862,-213113,3158.72,577.683,36.6913
0.0796842,-33419.8,37.8391,19.4843,1.29739,-83364,-11256.4,162.007,29.8636,-213192,3156.58,577.714,36.6971
0.0796942,-33419.8,37.5049,19.4847,1.29759,-83131.8,-11257.2,161.894,29.8652,-213271,3154.45,577.746,36.7028
0.0797042,-33419.8,37.1708,19.4851,1.29778,-82899.5,-11258,161.781,29.8668,-213350,3152.32,577.777,36.7086
0.0797142,-33419.8,36.8366,19.4854,1.29798,-82667.2,-11258.9,161.669,29.8685,-213428,3150.19,577.809,36.7144
0.0797242,-33419.8,36.5025,19.4858,1.29817,-82434.9,-11259.7,161.556,29.8701,-213507,3148.05,577.84,36.7202
0.0797342,-33419.8,36.1683,19.4862,1.29837,-82202.5,-11260.5,161.444,29.8717,-213585,3145.92,577.872,36.7259
0.0797442,-33419.8,35.8342,19.4865,1.29856,-81970,-11261.3,161.331,29.8733,-213663,3143.78,577.903,36.7317
0.0797542,-33419.8,35.5,19.4869,1.29876,-81737.5,-11262.1,161.218,29.8749,-213741,3141.64,577.935,36.7375
0.0797642,-33419.8,35.1659,19.4872,1.29895,-81504.9,-11263,161.106,29.8765,-213818,3139.51,577.966,36.7433
0.0797742,-33419.8,34.8317,19.4876,1.29915,-81272.3,-11263.8,160.993,29.8781,-213896,3137.37,577.998,36.7491
0.0797842,-33419.8,34.4975,19.4879,1.29934,-81039.7,-11264.6,160.881,29.8797,-213973,3135.23,578.029,36.7548
0.0797942,-33419.8,34.1634,19.4883,1.29954,-80807,-11265.4,160.768,29.8814,-214051,3133.09,578.06,36.7606
0.0798042,-33419.8,33.8292,19.4886,1.29973,-80574.2,-11266.2,160.655,29.883,-214128,3130.95,578.092,36.7664
0.0798142,-33419.8,33.4951,19.4889,1.29992,-80341.4,-11267,160.543,29.8846,-214205,3128.81,578.123,36.7722
0.0798242,-33419.8,33.1609,19.4893,1.30012,-80108.6,-11267.8,160.43,29.8862,-214281,3126.67,578.154,36.778
0.0798342,-33419.8,32.8268,19.4896,1.30031,-79875.7,-11268.6,160.317,29.8878,-214358,3124.52,578.185,36.7837
0.0798442,-33419.8,32.4926,19.4899,1.30051,-79642.7,-11269.4,160.205,29.8894,-214434,3122.38,578.217,36.7895
0.0798542,-33419.8,32.1585,19.4903,1.3007,-79409.7,-11270.2,160.092,29.891,-214511,3120.23,578.248,36.7953
0.0798642,-33419.8,31.8243,19.4906,1.3009,-79176.7,-11271,159.979,29.8926,-214587,3118.09,578.279,36.8011
0.0798742,-33419.8,31.4902,19.4909,1.30109,-78943.6,-11271.8,159.867,29.8942,-214663,3115.94,578.31,36.8069
0.0798842,-33419.8,31.156,19.4912,1.30129,-78710.4,-11272.6,159.754,29.8958,-214739,3113.8,578.341,36.8127
0.0798942,-33419.8,30.8218,19.4915,1.30148,-78477.3,-11273.4,159.641,29.8974,-214814,3111.65,578.372,36.8184
0.0799042,-33419.8,30.4877,19.4918,1.30168,-78244,-11274.1,159.528,29.899,-214890,3109.5,578.404,36.8242
0.0799142,-33419.8,30.1535,19.4921,1.30187,-78010.7,-11274.9,159.416,29.9006,-214965,3107.35,578.435,36.83
0.0799242,-33419.8,29.8194,19.4924,1.30207,-77777.4,-11275.7,159.303,29.9022,-215040,3105.2,578.466,36.8358
0.0799341,-33419.8,29.4852,19.4927,1.30226,-77544,-11276.5,159.19,29.9037,-215115,3103.05,578.497,36.8416
0.0799441,-33419.8,29.1511,19.493,1.30246,-77310.6,-11277.2,159.078,29.9053,-215190,3100.9,578.528,36.8474
0.0799541,-33419.8,28.8169,19.4933,1.30265,-77077.1,-11278,158.965,29.9069,-215265,3098.75,578.559,36.8531
0.0799641,-33419.8,28.4828,19.4936,1.30285,-76843.6,-11278.8,158.852,29.9085,-215340,3096.59,578.59,36.8589
0.0799741,-33419.8,28.1486,19.4939,1.30304,-76610,-11279.6,158.739,29.9101,-215414,3094.44,578.621,36.8647
0.0799841,-33419.8,27.8145,19.4942,1.30324,-76376.4,-11280.3,158.626,29.9117,-215488,3092.29,578.652,36.8705
0.0799941,-33419.8,27.4803,19.4944,1.30343,-76142.7,-11281.1,158.514,29.9133,-215562,3090.13,578.682,36.8763
0.0800041,-33419.8,27.1462,19.4947,1.30363,-75909,-11281.8,158.401,29.9149,-215636,3087.98,578.713,36.8821
0.0800141,-33419.8,26.812,19.495,1.30382,-75675.3,-11282.6,158.288,29.9164,-215710,3085.82,578.744,36.8879
0.0800241,-33419.8,26.4778,19.4952,1.30402,-75441.5,-11283.4,158.175,29.918,-215784,3083.66,578.775,36.8937
0.0800341,-33419.8,26.1437,19.4955,1.30421,-75207.6,-11284.1,158.062,29.9196,-215857,3081.51,578.806,36.8994
0.0800441,-33419.8,25.8095,19.4958,1.30441,-74973.7,-11284.9,157.95,29.9212,-215930,3079.35,578.837,36.9052
0.0800541,-33419.8,25.4754,19.496,1.3046,-74739.8,-11285.6,157.837,29.9228,-216003,3077.19,578.867,36.911
0.0800641,-33419.8,25.1412,19.4963,1.3048,-74505.8,-11286.4,157.724,29.9243,-216076,3075.03,578.898,36.9168
0.0800741,-33419.8,24.8071,19.4965,1.30499,-74271.7,-11287.1,157.611,29.9259,-216149,3072.87,578.929,36.9226
0.0800841,-33419.8,24.4729,19.4968,1.30519,-74037.6,-11287.8,157.498,29.9275,-216222,3070.7,578.96,36.9284
0.0800941,-33419.8,24.1388,19.497,1.30538,-73803.5,-11288.6,157.385,29.9291,-216294,3068.54,578.99,36.9342
0.0801041,-33419.8,23.8046,19.4972,1.30558,-73569.3,-11289.3,157.272,29.9306,-216367,3066.38,579.021,36.94
0.0801141,-33419.8,23.4705,19.4975,1.30577,-73335.1,-11290.1,157.16,29.9322,-216439,3064.22,579.052,36.9458
0.0801241,-33419.8,23.1363,19.4977,1.30597,-73100.8,-11290.8,157.047,29.9338,-216511,3062.05,579.082,36.9516
0.0801341,-33419.8,22.8022,19.4979,1.30616,-72866.5,-11291.5,156.934,29.9354,-216583,3059.89,579.113,36.9573
0.0801441,-33419.8,22.468,19.4982,1.30636,-72632.2,-11292.2,156.821,29.9369,-216655,3057.72,579.144,36.9631
0.0801541,-33419.8,22.1338,19.4984,1.30655,-72397.8,-11293,156.708,29.9385,-216726,3055.55,579.174,36.9689
0.0801641,-33419.8,21.7997,19.4986,1.30675,-72163.3,-11293.7,156.595,29.9401,-216798,3053.39,579.205,36.9747
0.0801741,-33419.8,21.4655,19.4988,1.30694,-71928.8,-11294.4,156.482,29.9416,-216869,3051.22,579.235,36.9805
0.0801841,-33419.8,21.1314,19.499,1.30714,-71694.2,-11295.1,156.369,29.9432,-216940,3049.05,579.266,36.9863
0.0801941,-33419.8,20.7972,19.4993,1.30733,-71459.6,-11295.8,156.256,29.9448,-217011,3046.88,579.296,36.9921
0.0802041,-33419.8,20.4631,19.4995,1.30753,-71225,-11296.6,156.143,29.9463,-217082,3044.71,579.327,36.9979
0.0802141,-33419.8,20.1289,19.4997,1.30772,-70990.3,-11297.3,156.03,29.9479,-217152,3042.54,579.357,37.0037
0.0802241,-33419.8,19.7948,19.4999,1.30792,-70755.6,-11298,155.917,29.9494,-217223,3040.37,579.387,37.0095
0.0802341,-33419.8,19.4606,19.5001,1.30811,-70520.8,-11298.7,155.804,29.951,-217293,3038.2,579.418,37.0153
0.0802441,-33419.8,19.1265,19.5003,1.30831,-70286,-11299.4,155.691,29.9526,-217363,3036.02,579.448,37.0211
0.0802541,-33419.8,18.7923,19.5004,1.3085,-70051.1,-11300.1,155.578,29.9541,-217433,3033.85,579.479,37.0269
0.0802641,-33419.8,18.4582,19.5006,1.3087,-69816.2,-11300.8,155.465,29.9557,-217503,3031.67,579.509,37.0327
0.0802741,-33419.8,18.124,19.5008,1.30889,-69581.2,-11301.5,155.352,29.9572,-217572,3029.5,579.539,37.0384
0.0802841,-33419.8,17.7898,19.501,1.30909,-69346.3,-11302.2,155.239,29.9588,-217642,3027.32,579.569,37.0442
0.0802941,-33419.8,17.4557,19.5012,1.30928,-69111.2,-11302.9,155.126,29.9603,-217711,3025.15,579.6,37.05
0.0803041,-33419.8,17.1215,19.5013,1.30948,-68876.1,-11303.6,155.013,29.9619,-217780,3022.97,579.63,37.0558
0.0803141,-33419.8,16.7874,19.5015,1.30967,-68641,-11304.2,154.9,29.9634,-217850,3020.79,579.66,37.0616
0.0803241,-33419.8,16.4532,19.5017,1.30987,-68405.8,-11304.9,154.787,29.965,-217918,3018.61,579.69,37.0674
0.0803341,-33419.8,16.1191,19.5018,1.31006,-68170.6,-11305.6,154.674,29.9665,-217987,3016.43,579.721,37.0732
0.0803441,-33419.8,15.7849,19.502,1.31026,-67935.3,-11306.3,154.561,29.9681,-218056,3014.25,579.751,37.079
0.0803541,-33419.8,15.4508,19.5022,1.31045,-67700,-11307,154.448,29.9696,-218124,3012.07,579.781,37.0848
0.0803641,-33419.8,15.1166,19.5023,1.31065,-67464.6,-11307.6,154.335,29.9712,-218192,3009.89,579.811,37.0906
0.0803741,-33419.8,14.7825,19.5025,1.31084,-67229.2,-11308.3,154.222,29.9727,-218260,3007.71,579.841,37.0964
0.0803841,-33419.8,14.4483,19.5026,1.31104,-66993.8,-11309,154.109,29.9742,-218328,3005.53,579.871,37.1022
0.0803941,-33419.8,14.1141,19.5027,1.31123,-66758.2,-11309.7,153.996,29.9758,-218396,3003.34,579.901,37.108
0.0804041,-33419.8,13.78,19.5029,1.31143,-66522.7,-11310.3,153.883,29.9773,-218464,3001.16,579.931,37.1138
0.0804141,-33419.8,13.4458,19.503,1.31162,-66287.1,-11311,153.77,29.9789,-218531,2998.98,579.961,37.1196
0.0804241,-33419.8,13.1117,19.5032,1.31182,-66051.5,-11311.7,153.657,29.9804,-218598,2996.79,579.991,37.1254
0.0804341,-33419.8,12.7775,19.5033,1.31201,-65815.8,-11312.3,153.544,29.9819,-218665,2994.6,580.021,37.1312
0.0804441,-33419.8,12.4434,19.5034,1.31221,-65580.1,-11313,153.43,29.9835,-218732,2992.42,580.051,37.137
0.0804541,-33419.8,12.1092,19.5035,1.3124,-65344.4,-11313.6,153.317,29.985,-218799,2990.23,580.081,37.1428
0.0804641,-33419.8,11.7751,19.5037,1.3126,-65108.6,-11314.3,153.204,29.9865,-218866,2988.04,580.111,37.1486
0.0804741,-33419.8,11.4409,19.5038,1.31279,-64872.7,-11314.9,153.091,29.9881,-218932,2985.85,580.141,37.1544
0.0804841,-33419.8,11.1068,19.5039,1.31299,-64636.8,-11315.6,152.978,29.9896,-218998,2983.66,580.17,37.1602
0.0804941,-33419.8,10.7726,19.504,1.31318,-64400.9,-11316.2,152.865,29.9911,-219065,2981.47,580.2,37.166
0.0805041,-33419.8,10.4385,19.5041,1.31338,-64164.9,-11316.9,152.752,29.9927,-219131,2979.28,580.23,37.1718
0.0805141,-33419.8,10.1043,19.5042,1.31357,-63928.9,-11317.5,152.638,29.9942,-219196,2977.09,580.26,37.1776
0.0805241,-33419.8,9.77015,19.5043,1.31377,-63692.8,-11318.1,152.525,29.9957,-219262,2974.9,580.29,37.1834
0.0805341,-33419.8,9.43599,19.5044,1.31396,-63456.7,-11318.8,152.412,29.9972,-219328,2972.71,580.319,37.1892
0.0805441,-33419.8,9.10184,19.5045,1.31416,-63220.6,-11319.4,152.299,29.9988,-219393,2970.51,580.349,37.195
0.0805541,-33419.8,8.76768,19.5046,1.31435,-62984.4,-11320,152.186,30.0003,-219458,2968.32,580.379,37.2008
0.0805641,-33419.8,8.43353,19.5047,1.31455,-62748.1,-11320.7,152.073,30.0018,-219523,2966.12,580.408,37.2066
0.0805741,-33419.8,8.09938,19.5047,1.31474,-62511.9,-11321.3,151.959,30.0033,-219588,2963.93,580.438,37.2124
0.0805841,-33419.8,7.76522,19.5048,1.31494,-62275.5,-11321.9,151.846,30.0048,-219653,2961.73,580.468,37.2183
0.0805941,-33419.8,7.43107,19.5049,1.31513,-62039.2,-11322.5,151.733,30.0064,-219718,2959.54,580.497,37.2241
0.0806041,-33419.8,7.09691,19.505,1.31533,-61802.8,-11323.2,151.62,30.0079,-219782,2957.34,580.527,37.2299
0.0806141,-33419.8,6.76276,19.505,1.31552,-61566.3,-11323.8,151.507,30.0094,-219846,2955.14,580.556,37.2357
0.0806241,-33419.8,6.42861,19.5051,1.31572,-61329.8,-11324.4,151.393,30.0109,-219910,2952.94,580.586,37.2415
0.0806341,-33419.8,6.09445,19.5052,1.31591,-61093.3,-11325,151.28,30.0124,-219974,2950.74,580.615,37.2473
0.0806441,-33419.8,5.7603,19.5052,1.31611,-60856.7,-11325.6,151.167,30.0139,-220038,2948.55,580.645,37.2531
0.0806541,-33419.8,5.42614,19.5053,1.3163,-60620.1,-11326.2,151.054,30.0154,-220102,2946.34,580.674,37.2589
0.0806641,-33419.8,5.09199,19.5053,1.3165,-60383.5,-11326.8,150.94,30.0169,-220165,2944.14,580.704,37.2647
0.0806741,-33419.8,4.75784,19.5054,1.31669,-60146.7,-11327.4,150.827,30.0185,-220228,2941.94,580.733,37.2705
0.0806841,-33419.8,4.42368,19.5054,1.31689,-59910,-11328,150.714,30.02,-220291,2939.74,580.763,37.2763
0.080694,-33419.8,4.08953,19.5055,1.31708,-59673.2,-11328.6,150.601,30.0215,-220354,2937.54,580.792,37.2821
0.080704,-33419.8,3.75537,19.5055,1.31728,-59436.4,-11329.2,150.487,30.023,-220417,2935.33,580.821,37.2879
0.080714,-33419.8,3.42122,19.5056,1.31747,-59199.5,-11329.8,150.374,30.0245,-220480,2933.13,580.851,37.2937
0.080724,-33419.8,3.08707,19.5056,1.31767,-58962.6,-11330.4,150.261,30.026,-220542,2930.92,580.88,37.2995
0.080734,-33419.8,2.75291,19.5056,1.31786,-58725.6,-11331,150.147,30.0275,-220605,2928.72,580.909,37.3054
0.080744,-33419.8,2.41876,19.5056,1.31806,-58488.6,-11331.6,150.034,30.029,-220667,2926.51,580.939,37.3112
0.080754,-33419.8,2.0846,19.5057,1.31825,-58251.6,-11332.2,149.921,30.0305,-220729,2924.3,580.968,37.317
0.080764,-33419.8,1.75045,19.5057,1.31845,-58014.5,-11332.7,149.808,30.032,-220791,2922.1,580.997,37.3228
0.080774,-33419.8,1.4163,19.5057,1.31864,-57777.4,-11333.3,149.694,30.0335,-220852,2919.89,581.026,37.3286
0.080784,-33419.8,1.08214,19.5057,1.31884,-57540.2,-11333.9,149.581,30.035,-220914,2917.68,581.056,37.3344
0.080794,-33419.8,0.747987,19.5057,1.31903,-57303,-11334.5,149.468,30.0365,-220975,2915.47,581.085,37.3402
0.080804,-33419.8,0.413833,19.5057,1.31923,-57065.8,-11335,149.354,30.038,-221036,2913.26,581.114,37.346
0.080814,-33419.8,0.079679,19.5057,1.31942,-56828.5,-11335.6,149.241,30.0395,-221098,2911.05,581.143,37.3518
0.080824,0,0,19.5057,1.31962,-56739.1,-11336.2,149.128,30.041,-221120,2908.84,581.172,37.3576
